"Time (s)","Linear Acceleration x (m/s^2)","Linear Acceleration y (m/s^2)","Linear Acceleration z (m/s^2)","Absolute acceleration (m/s^2)"
2.383335959E-5,-2.690924092E-1,7.464043871E-3,-8.541934222E-1,8.956075252E-1
9.990833350E-3,-5.265978662E-1,-1.449702369E-1,-1.052273115E0,1.185580192E0
1.995783334E-2,-5.858707258E-1,-1.399465285E-1,-8.901432735E-1,1.074795137E0
2.992583334E-2,-3.857906276E-1,-1.268184330E-1,-5.222668701E-1,6.615738862E-1
3.989283333E-2,2.151125588E-1,-8.172865279E-2,-8.951853275E-2,2.469140607E-1
4.985983332E-2,2.503796015E-1,-1.765529125E-1,-1.609346706E-1,3.460647973E-1
5.982783332E-2,-5.742751125E-1,-4.255424115E-1,-7.354814959E-1,1.025578510E0
6.979483337E-2,-1.225119441E0,1.069091480E-1,-3.839872366E-1,1.288329697E0
7.976183336E-2,-1.048639363E0,1.908005853E-2,-3.678512603E-1,1.111450904E0
8.972883335E-2,-8.614564680E-1,-4.466633219E-1,1.317781144E-1,9.792756716E-1
9.969683335E-2,-4.115779449E-1,-1.274299933E0,7.555304289E-1,1.537550960E0
1.096638333E-1,-3.137763561E-1,-2.071040661E0,1.274930994E0,2.452165178E0
1.196308333E-1,-3.389339284E-1,-2.060918984E0,2.274694358E0,3.088122033E0
1.295978333E-1,-1.334093780E-1,-1.522155949E0,3.003367356E0,3.369713975E0
1.395658333E-1,-1.402052952E-1,-1.078355497E0,3.546086617E0,3.709075141E0
1.495328334E-1,9.301699497E-2,-1.047956847E0,3.368284484E0,3.528768351E0
1.594998334E-1,4.967032453E-1,-1.068980949E0,2.568112317E0,2.825709691E0
1.694678334E-1,8.109762859E-1,-1.033988287E0,1.117827419E0,1.725210843E0
1.794348333E-1,5.857771339E-1,-8.000199924E-1,-1.405623865E-1,1.001461244E0
1.894018333E-1,1.753068343E-1,-2.181018747E-1,1.896877688E-1,3.380567460E-1
1.993688333E-1,1.923842123E-1,4.561338378E-1,1.408667926E0,1.493122596E0
2.093368333E-1,9.448356436E-1,1.260042667E0,2.006084965E0,2.550450706E0
2.193038333E-1,1.647756042E0,1.885282660E0,6.884763139E-1,2.596803865E0
2.292708334E-1,8.199319544E-1,1.767997454E0,-3.471491933E-3,1.948875434E0
2.392388334E-1,-2.958696967E-1,1.320712792E0,7.343173152E-1,1.539819170E0
2.492058334E-1,-5.482516772E-1,8.943344115E-1,7.711068267E-1,1.301929214E0
2.591728334E-1,-4.698308674E-1,4.387271154E-1,2.146004158E-1,6.776989481E-1
2.691398333E-1,-8.737785248E-1,1.002012496E-1,-8.868752646E-1,1.249030398E0
2.791078333E-1,-1.343269742E0,-2.315716669E-2,-2.201362672E0,2.578935337E0
2.890748333E-1,-1.395483916E0,2.747397597E-1,-2.973693906E0,3.296318058E0
2.990418333E-1,-1.205821436E0,1.035680763E0,-3.605395510E0,3.940243237E0
3.090088334E-1,-1.026562981E0,1.702648972E0,-2.194133760E0,2.960923510E0
3.189768334E-1,-6.180357841E-1,1.409948173E0,-3.356475447E0,3.692675115E0
3.289438334E-1,1.755499323E-1,7.076895337E-1,-4.422017648E0,4.481727606E0
3.389108334E-1,1.587567435E0,6.077582793E-1,-3.017829275E0,3.463673486E0
3.488788333E-1,2.391772572E0,-4.592695534E-3,-1.326669497E0,2.735077528E0
3.588458333E-1,1.232327304E0,-4.383536245E-1,-6.825437289E-1,1.475347561E0
3.688128333E-1,2.116484490E-1,-6.253258002E-1,2.098032432E0,2.199447091E0
3.787798333E-1,-3.469605109E-1,-7.570675157E-1,4.518799008E0,4.594896875E0
3.887478333E-1,-2.809880213E-1,-2.059615640E0,3.247986792E0,3.856214343E0
3.987148334E-1,-6.058510637E-1,-3.171867154E0,7.494078094E-1,3.315027725E0
4.086818334E-1,-8.458435252E-1,-2.540086320E0,-1.051662081E0,2.876366269E0
4.186488334E-1,-1.579325456E-1,-1.159235500E0,-2.418249350E0,2.686391548E0
4.286168333E-1,5.208006077E-1,-3.317267235E-1,-3.217653776E0,3.276365626E0
4.385835833E-1,9.097869945E-1,-3.515968779E-1,-4.167871343E0,4.280477108E0
4.485505833E-1,7.859831665E-1,-6.663334930E-1,-4.827891598E0,4.936629127E0
4.585185833E-1,1.789936499E-1,-9.475528447E-1,-5.020007715E0,5.111787611E0
4.684855834E-1,-3.116162485E-1,-1.491617989E0,-4.594775389E0,4.840866636E0
4.784525834E-1,-6.183512414E-1,-2.339613362E0,-3.927380041E0,4.613075214E0
4.884195834E-1,-8.867963272E-1,-3.419706360E0,-2.890579829E0,4.564674256E0
4.983875834E-1,-1.082891183E0,-4.329481367E0,-2.560144901E0,5.145036845E0
5.083545833E-1,-1.609185615E0,-4.577026166E0,-2.684495298E0,5.544831996E0
5.183215833E-1,-1.322726719E0,-3.663615652E0,-2.519065872E0,4.638682840E0
5.282895833E-1,-9.578604627E-1,-2.996689836E0,-1.540340205E0,3.502898027E0
5.382565833E-1,-5.650342825E-1,-2.905186466E0,5.824762344E-2,2.960196772E0
5.482235834E-1,2.529183894E-1,-2.624449363E0,1.072651831E0,2.846451145E0
5.581905834E-1,1.045638279E0,-2.230461341E0,2.277208076E0,3.354697278E0
5.681585834E-1,9.598508549E-1,-2.158574941E0,3.646240066E0,4.344631867E0
5.781255834E-1,9.773299366E-1,-1.955298243E0,5.097387428E0,5.546325236E0
5.880925833E-1,1.596890967E0,-1.403628941E0,6.284027220E0,6.633945513E0
5.980595833E-1,2.444160116E0,-8.078368427E-1,6.618027195E0,7.101042387E0
6.080275833E-1,3.103265281E0,4.140837327E-2,6.332284291E0,7.051935507E0
6.179945833E-1,3.374177307E0,9.104066531E-1,5.616859914E0,6.615363034E0
6.279615834E-1,3.034447061E0,1.343391218E0,5.114588767E0,6.096850596E0
6.379295834E-1,2.290514585E0,1.365812659E0,4.667618247E0,5.375738218E0
6.478965834E-1,1.350884571E0,1.470305034E0,3.555415850E0,4.077703751E0
6.578635834E-1,6.934961486E-1,1.780505087E0,2.751295643E0,3.349740735E0
6.678305833E-1,5.513222694E-1,2.087625265E0,2.753097171E0,3.498811158E0
6.777985833E-1,-1.848410118E0,9.591414414E-1,2.227618425E0,3.049402583E0
6.877655833E-1,-2.374802783E0,9.410782228E-1,2.214054054E0,3.380436634E0
6.977325833E-1,-1.201019264E0,1.124611651E0,1.649465037E0,2.329792598E0
7.076995833E-1,-1.541049473E0,9.251759890E-1,9.623581409E-2,1.800012617E0
7.176675834E-1,-1.518872738E0,1.942533625E0,-2.880046654E0,3.791448273E0
7.276345834E-1,-5.555866438E-1,3.156633403E0,-5.418536392E0,6.295518056E0
7.376015834E-1,9.332471931E-1,4.327198030E0,-6.602280643E0,7.948943502E0
7.475695834E-1,3.365545063E0,4.927687781E0,-6.883898921E0,9.110272488E0
7.575365833E-1,8.282670434E0,3.655282785E0,-5.749068968E0,1.072452870E1
7.675035833E-1,5.919003673E0,2.046351962E0,-6.808226595E0,9.250627557E0
7.774705833E-1,2.321094353E0,1.461648231E0,-5.923694894E0,6.527944221E0
7.874385833E-1,6.030748057E-1,5.582576519E-1,-3.257469222E0,3.359532194E0
7.974055834E-1,-3.477350843E-1,-3.766698848E-1,-1.306224123E0,1.403218212E0
8.073725834E-1,-2.592801601E-1,-4.062215665E-1,4.054880333E-1,6.298116446E-1
8.173405834E-1,-4.172643256E-1,-2.313931806E-1,9.598268813E-1,1.071876842E0
8.273075834E-1,-1.248020938E0,-6.796040413E-1,1.178929653E0,1.846427102E0
8.372745833E-1,-1.747681303E0,-1.603166345E0,1.705674321E0,2.921276631E0
8.472415833E-1,-2.353575051E0,-1.790184421E0,1.966943704E0,3.551470585E0
8.572095833E-1,-2.739678980E0,-2.092739532E0,2.333477002E0,4.162993464E0
8.671765833E-1,-2.706136428E0,-2.496417852E0,2.905506016E0,4.690121711E0
8.771435834E-1,-3.275430114E0,-2.651482503E0,2.940051951E0,5.138356485E0
8.871105834E-1,-6.729021966E0,-3.575490803E0,4.141950637E0,8.672924891E0
8.970785834E-1,-9.303828760E0,-4.974529826E0,4.828811949E0,1.160278421E1
9.070455834E-1,-6.439319327E0,-4.712504983E0,1.897123271E0,8.201927415E0
9.170125833E-1,-4.974764299E0,-2.841036955E0,2.170271273E0,6.126160968E0
9.269805833E-1,-3.999895456E0,-1.511765009E0,2.287119691E0,4.849279697E0
9.369475833E-1,-4.003082773E0,-1.021790995E0,9.938208389E-1,4.249283279E0
9.469145833E-1,-1.945851628E0,2.627066284E-2,-3.076945210E-1,1.970204208E0
9.568815834E-1,4.305554561E0,3.154498293E0,-2.317099535E0,5.818729227E0
9.668495834E-1,1.798932616E1,9.697569737E0,-7.743809166E0,2.185464012E1
9.768165834E-1,1.792939688E1,1.054670941E1,-8.293353882E0,2.239366139E1
9.867835834E-1,8.114292258E0,4.175892554E0,-6.295710542E0,1.108673932E1
9.967505833E-1,3.063678462E0,-7.498785102E-1,-5.371240019E0,6.228857266E0
1.006718583E0,4.540579301E-1,-2.036936629E0,-4.051992393E0,4.557841791E0
1.016685583E0,6.748271585E-3,-1.095465620E0,-3.422649556E0,3.593691757E0
1.026652583E0,6.955795115E-1,1.342707825E-1,-2.377174999E0,2.480487951E0
1.036620583E0,1.105130190E0,-3.992572403E-1,-6.782255602E-1,1.356727309E0
1.046587583E0,8.321956122E-1,-7.738249049E-1,-1.055152284E0,1.550709793E0
1.056554583E0,-8.368651986E-1,-1.061206491E0,-1.289216326E0,1.867774428E0
1.066521583E0,-1.293719852E-1,-1.959879098E0,1.092879689E0,2.247720891E0
1.076489583E0,7.088129300E-1,-2.380033118E0,8.583710239E0,8.935717927E0
1.086456583E0,-6.221231048E0,-2.137418107E0,3.488713737E0,7.446032195E0
1.096423583E0,-6.485101857E0,-2.683659731E0,-2.484400654E0,7.445187859E0
1.106390583E0,-1.961805171E0,-2.756700225E0,-3.303073119E0,4.728463565E0
1.116358583E0,-6.644729090E-1,-2.343476325E0,-3.024560882E0,3.883474483E0
1.126325583E0,-1.218310066E0,-2.248021114E0,-2.219196388E0,3.385662558E0
1.136292583E0,-4.072289833E0,-2.873665588E0,-5.020011224E0,7.074037820E0
1.146260583E0,-1.126895047E1,-5.317284837E0,-8.114643091E0,1.486977455E1
1.156227583E0,-7.791472160E0,-5.341591712E0,-3.816313934E0,1.018841953E1
1.166194583E0,-1.785539101E0,-1.963549980E0,1.417629368E0,3.008878766E0
1.176161583E0,4.890418506E0,1.905281307E0,6.039243477E0,8.001171901E0
1.186129583E0,1.254656943E1,5.571754493E0,4.862599793E0,1.456385009E1
1.196096583E0,1.300141498E1,5.076666065E0,3.852596492E0,1.447935874E1
1.206063583E0,9.334295093E0,2.903261855E0,2.976384502E0,1.021845678E1
1.216030583E0,6.013303474E0,9.709898007E-1,2.430905794E0,6.558349094E0
1.225998583E0,4.485139511E0,3.330036092E-1,2.488294315E-1,4.504362765E0
1.235965583E0,3.545605391E0,1.226656966E0,-1.617138705E0,4.085479469E0
1.245932583E0,2.153566655E0,1.799985816E0,-1.554292831E0,3.208367884E0
1.255900583E0,1.728698610E0,2.676786329E0,-5.670531068E-1,3.236531038E0
1.265867583E0,1.859811019E0,3.815676588E0,1.644353986E-2,4.244826880E0
1.275834583E0,2.196581404E0,4.986104974E0,3.897549301E-1,5.462428177E0
1.285801583E0,2.766333220E0,5.821576781E0,5.147455966E-1,6.465935256E0
1.295769583E0,2.876057684E0,4.805393851E0,-2.074673975E-1,5.604155653E0
1.305736583E0,1.956121385E0,1.498318021E0,-6.539303792E-1,2.549312202E0
1.315703583E0,-1.564634509E-1,-1.470810379E0,-4.412203316E-1,1.543515262E0
1.325670583E0,-2.138565331E0,-3.250322755E0,3.176418408E-1,3.903710546E0
1.335638583E0,-2.931422630E0,-3.076448781E0,7.676575541E-1,4.318225777E0
1.345605583E0,-2.402947771E0,-2.522082451E0,8.932943380E-1,3.596252585E0
1.355572583E0,-8.480211014E-1,-2.061533527E0,1.397206213E0,2.630826006E0
1.365540583E0,6.489330563E-1,-1.893060626E0,2.438858446E0,3.154809529E0
1.375507583E0,1.360903775E0,-1.855367720E0,2.269197975E0,3.231672618E0
1.385474583E0,1.490614899E0,-1.630718279E0,1.033193577E0,2.438988284E0
1.395441583E0,1.321964389E0,-1.576599959E0,5.647381210E-1,2.133585344E0
1.405409583E0,5.601541963E-1,-1.104658320E0,6.421400535E-1,1.395129591E0
1.415376583E0,-4.412640761E-1,-2.328127384E-1,8.066807751E-1,9.484986183E-1
1.425343583E0,-1.129532522E0,8.618895274E-1,7.552017423E-1,1.609045352E0
1.435311583E0,-1.399568196E0,1.825196087E0,6.530240607E-1,2.390935448E0
1.445279208E0,-1.466537234E0,2.492929403E0,5.147190649E-2,2.892763009E0
1.455246208E0,-1.233486368E0,3.323431077E0,-3.838848738E-1,3.565676702E0
1.465213208E0,-9.411716321E-1,4.358604010E0,-2.865486503E-1,4.468259514E0
1.475181208E0,-9.230192435E-1,5.316204856E0,-5.087562937E-1,5.419670798E0
1.485148208E0,-8.935218678E-1,6.209656484E0,-6.505144358E-1,6.307248529E0
1.495115208E0,-5.469348112E-1,6.824397070E0,-8.431527096E-1,6.898002577E0
1.505082208E0,-1.202757642E-2,7.406342377E0,-1.078543558E0,7.484471142E0
1.515050208E0,1.817776555E-1,7.440885973E0,-1.515930419E0,7.595911546E0
1.525017208E0,7.583758302E-2,6.287358379E0,-1.905740898E0,6.570272071E0
1.534984208E0,-1.148106275E-1,4.572588714E0,-2.386787236E0,5.159312196E0
1.544952208E0,-5.652900982E-1,2.339548166E0,-2.692507153E0,3.611458609E0
1.554919208E0,-1.298646131E0,-8.209227651E-1,-2.660835124E0,3.072529824E0
1.564886208E0,-2.121831184E0,-4.976502092E0,-2.044497079E0,5.783399429E0
1.574853208E0,-2.334423958E0,-1.052483966E1,-6.801520716E-1,1.080205498E1
1.584821208E0,-2.001758464E0,-1.759741770E1,1.973524745E0,1.782052038E1
1.594788208E0,-1.128498880E0,-2.285485044E1,4.224002860E0,2.326929089E1
1.604755208E0,3.381079361E-1,-2.131489264E1,4.747563134E0,2.183983335E1
1.614722208E0,2.924994201E0,-9.500629667E0,3.385783153E0,1.050148002E1
1.624690208E0,3.243520689E0,5.031589295E0,-1.603534573E0,6.197470486E0
1.634657208E0,-1.788682564E0,4.398288478E0,-8.215614273E-1,4.818639852E0
1.644624208E0,-2.988469528E0,3.002358127E-1,1.210192669E0,3.238156568E0
1.654592208E0,-8.251681361E-1,1.468596624E0,1.655228491E0,2.361664636E0
1.664559208E0,1.065430081E0,2.997724793E0,1.589141506E0,3.556243231E0
1.674526208E0,1.663435351E0,2.240999193E0,1.142970300E0,3.015870630E0
1.684493208E0,1.468940440E0,5.714834690E-1,1.158933784E0,1.956401514E0
1.694461208E0,9.723207732E-1,-1.733857316E-1,1.220362439E0,1.569953751E0
1.704428208E0,-6.487924308E-3,-6.992240810E-1,8.133585146E-1,1.072617584E0
1.714395208E0,-1.122191488E0,-1.304874585E0,8.232470334E-2,1.723017347E0
1.724362208E0,-1.628263618E0,-1.425671044E0,-7.207210770E-1,2.281056598E0
1.734330208E0,-1.628432602E0,-1.212146516E0,-1.089286575E0,2.303830974E0
1.744297208E0,-1.111075054E0,-6.277518100E-1,-1.044071372E0,1.648831447E0
1.754264208E0,-5.141537122E-1,-3.211741072E-1,-8.062469848E-1,1.008732396E0
1.764232208E0,-1.767701000E-1,-5.392600483E-1,-5.178357039E-1,7.682466298E-1
1.774199208E0,2.058502038E-1,-1.859800494E-1,-2.777263713E-1,3.925491338E-1
1.784166208E0,2.955057076E-1,7.750010723E-1,-7.057004571E-3,8.294577063E-1
1.794133208E0,1.140886791E-1,1.960887743E0,4.781721398E-2,1.964785854E0
1.804101208E0,2.039502972E-1,2.916450250E0,2.706174727E-1,2.936070775E0
1.814068208E0,2.018900308E-1,4.110199671E0,1.027229052E0,4.241426699E0
1.824035208E0,2.076776049E-1,5.248504624E0,1.717892663E0,5.526399006E0
1.834003208E0,3.123636688E-1,5.239300522E0,7.846951711E-1,5.306937679E0
1.843970208E0,-7.276583599E-1,5.126810033E0,1.133332554E0,5.300765084E0
1.853937208E0,-1.380492240E0,4.216899662E0,2.922994453E0,5.313369755E0
1.863904208E0,-2.144286977E0,3.294438243E0,2.837670128E0,4.848057522E0
1.873872208E0,-2.091357396E0,3.019099874E0,2.770220157E0,4.600310808E0
1.883839208E0,-1.677695979E0,3.687339560E0,2.136447323E0,4.579906548E0
1.893806208E0,-1.362797104E0,4.344150862E0,1.211361235E0,4.711290556E0
1.903773208E0,-9.497971523E-1,4.701489998E0,2.053048632E0,5.217387423E0
1.913741208E0,-1.143785110E0,4.363122153E0,4.171234662E0,6.143637189E0
1.923708208E0,-2.024765796E0,2.248423403E0,5.246132993E0,6.056153541E0
1.933675208E0,-2.834588061E0,-5.445020771E-1,5.876377471E0,6.546998104E0
1.943643208E0,-2.995263408E0,-2.686222565E0,6.553369269E0,7.689866275E0
1.953610208E0,-2.033120006E0,-3.893853276E0,6.367935934E0,7.736037639E0
1.963577208E0,-7.724962713E-1,-4.817393507E0,5.216433231E0,7.142493006E0
1.973544208E0,6.519429106E-1,-5.446833408E0,3.715375789E0,6.625484208E0
1.983512208E0,1.763877652E0,-5.412694439E0,2.708206634E0,6.304197700E0
1.993479208E0,2.711834832E0,-5.037127778E0,1.925227329E0,6.035992435E0
2.003446208E0,3.762142990E0,-4.456097560E0,1.415310070E0,6.001135554E0
2.013413208E0,6.150454010E0,-3.795174496E0,7.609683394E-1,7.267083789E0
2.023381208E0,1.122804101E1,-3.467513487E0,-1.375254012E0,1.183147828E1
2.033348208E0,1.403541906E1,-2.889830216E0,-4.471898783E0,1.501139519E1
2.043315208E0,1.448677966E1,-1.307077816E0,-6.624733366E0,1.598318897E1
2.053283208E0,1.143900621E1,1.289064884E0,-6.872676360E0,1.340694715E1
2.063250208E0,7.685955060E0,2.366812563E0,-5.826612403E0,9.931018024E0
2.073217208E0,5.965863844E0,2.024820614E0,-4.816859364E0,7.930546265E0
2.083184208E0,4.934333727E0,1.694644133E0,-4.690582310E0,7.015770127E0
2.093152208E0,3.720794697E0,2.041316779E0,-5.182959090E0,6.698832159E0
2.103119208E0,2.378061729E0,2.983162302E0,-5.764419664E0,6.912522620E0
2.113086208E0,1.825045082E0,4.027275628E0,-5.156341980E0,6.792466500E0
2.123054208E0,2.416164817E0,4.294495722E0,-3.321509682E0,5.942471918E0
2.133021208E0,3.230173542E0,3.974831951E0,-1.699120762E0,5.396324815E0
2.142988208E0,3.615903834E0,3.318979592E0,-1.009956815E0,5.011027722E0
2.152955208E0,2.678024184E0,2.150983647E0,-1.013524202E0,3.581309186E0
2.162923208E0,9.526196033E-1,7.505983025E-1,-1.039547235E0,1.597354179E0
2.172890208E0,-6.612217840E-1,-5.207904482E-1,-1.341841267E0,1.583974408E0
2.182857208E0,-1.927176059E0,-2.188962482E0,-1.982139448E0,3.526250289E0
2.192824208E0,-2.578615086E0,-4.490542923E0,-2.448153180E0,5.727799359E0
2.202792208E0,-2.749372202E0,-7.661506682E0,-2.888361980E0,8.637150402E0
2.212759208E0,-2.918629507E0,-1.121936491E1,-3.555429883E0,1.212574241E1
2.222726208E0,-2.781818402E0,-1.329168948E1,-4.045776803E0,1.416953890E1
2.232694208E0,-2.539261863E0,-1.323921189E1,-4.623656541E0,1.425141333E1
2.242661208E0,-2.519623697E0,-1.202436396E1,-5.327254339E0,1.339079799E1
2.252628208E0,-2.374420083E0,-1.098969681E1,-5.188173053E0,1.238258641E1
2.262595208E0,-2.468485411E0,-1.111754267E1,-3.897993690E0,1.203692361E1
2.272563208E0,-3.192852519E0,-1.240964986E1,-2.219027696E0,1.300453001E1
2.282530208E0,-4.038343238E0,-1.377645172E1,-4.785571790E-1,1.436411693E1
2.292497208E0,-5.100978203E0,-1.455942898E1,1.342361670E0,1.548544109E1
2.302465208E0,-6.196270453E0,-1.445662440E1,2.898718276E0,1.599344629E1
2.312432208E0,-6.904741321E0,-1.357513793E1,3.978643166E0,1.574132854E1
2.322399208E0,-7.257521383E0,-1.172547417E1,4.128513735E0,1.439454712E1
2.332366208E0,-6.338450180E0,-9.305784069E0,3.491432108E0,1.178828512E1
2.342334208E0,-4.228426571E0,-6.797188806E0,3.010550368E0,8.552472183E0
2.352301208E0,-2.989200430E0,-4.500110722E0,3.107116842E0,6.232213955E0
2.362268208E0,-2.595186095E0,-2.940352498E0,3.113744076E0,5.007600808E0
2.372235208E0,-1.797042036E0,-1.701724527E0,2.791273642E0,3.730473829E0
2.382203208E0,-1.722231005E0,-4.377769428E-1,2.737443590E0,3.263636881E0
2.392170208E0,-1.489579503E0,1.040809064E0,2.657065424E0,3.219025827E0
2.402137208E0,-1.172562803E-1,2.673746361E0,2.527860085E0,3.681405336E0
2.412105208E0,1.081056911E0,4.192138458E0,2.620519157E0,5.060615531E0
2.422072208E0,1.744938374E0,5.549436840E0,2.594665693E0,6.369721283E0
2.432039208E0,2.085777106E0,6.760413913E0,2.654176900E0,7.556342860E0
2.442005375E0,2.531683287E0,7.747889353E0,2.944123952E0,8.666433842E0
2.451973375E0,3.005748050E0,8.792231305E0,2.970303106E0,9.755027073E0
2.461940375E0,3.329939613E0,9.840469841E0,2.783212085E0,1.075498089E1
2.471907375E0,3.932716503E0,1.096611850E1,2.807361671E0,1.198345916E1
2.481875375E0,4.348589483E0,1.201994229E1,3.150988501E0,1.316502836E1
2.491842375E0,4.786156219E0,1.295632359E1,3.229503744E0,1.418461515E1
2.501809375E0,5.391045123E0,1.357430412E1,3.101945565E0,1.493141541E1
2.511776375E0,6.047628384E0,1.401175771E1,2.829339015E0,1.552122168E1
2.521744375E0,6.102053683E0,1.407947081E1,1.643184543E0,1.543264763E1
2.531711375E0,5.378268372E0,1.383760424E1,1.156042482E0,1.489098707E1
2.541678375E0,4.361587844E0,1.314739657E1,1.285468261E0,1.391150293E1
2.551645375E0,2.743864417E0,1.265023823E1,1.534383062E0,1.303501632E1
2.561613375E0,1.748515262E0,1.268165415E1,1.459511805E0,1.288455790E1
2.571580375E0,1.177093554E0,1.310673737E1,1.976390465E0,1.330707454E1
2.581547375E0,8.636637188E-1,1.372432262E1,2.501207306E0,1.397708784E1
2.591515375E0,1.131068000E0,1.380632748E1,2.401590632E0,1.405921872E1
2.601482375E0,1.804190842E0,1.354339574E1,2.153664011E0,1.383173675E1
2.611449375E0,2.636476501E0,1.309256138E1,1.890099011E0,1.348846344E1
2.621416375E0,3.492613830E0,1.197321134E1,1.201387639E0,1.252994308E1
2.631384375E0,4.148510628E0,1.053563478E1,3.998079749E-1,1.133003032E1
2.641351375E0,4.500995405E0,9.579531995E0,-5.206881219E-1,1.059705190E1
2.651318375E0,5.560276408E0,8.821467968E0,-8.916899351E-1,1.046566203E1
2.661285375E0,7.401082222E0,7.632223826E0,-1.087698032E0,1.068690533E1
2.671253375E0,8.975955498E0,4.336044282E0,-7.606408954E-1,9.997381242E0
2.681220375E0,1.035617789E1,-2.016053299E0,2.050817335E-1,1.055258025E1
2.691187375E0,1.526248883E1,-1.243971273E1,2.523220319E0,1.985086041E1
2.701155375E0,1.652713750E1,-2.260211740E1,5.605695825E0,2.855566162E1
2.711122375E0,9.456359228E0,-3.035011552E1,9.345711197E0,3.313449199E1
2.721089375E0,2.894589849E0,-3.901162179E1,1.328539904E1,4.131328010E1
2.731056375E0,1.279965374E-1,-4.398421560E1,1.412239405E1,4.619599137E1
2.741024375E0,-1.621264062E0,-4.428894442E1,1.058657339E1,4.556549825E1
2.750991375E0,-1.485206517E0,-3.837619551E1,5.884695135E0,3.885315762E1
2.760958375E0,-2.656422962E-1,-2.728809942E1,-3.285825294E-1,2.729137047E1
2.770925375E0,-6.627202061E-1,-1.769753957E1,-4.638844684E0,1.830740247E1
2.780893375E0,-2.013817616E-1,-1.251154929E1,-4.081248469E1,4.268768355E1
2.790860375E0,3.707606009E0,-8.522013343E0,-7.214243684E1,7.273858843E1
2.800827375E0,7.379822769E-1,-5.475548499E0,-1.380507735E1,1.486964727E1
2.810795375E0,-4.517273761E-2,-4.267616072E0,-1.496326605E0,4.522563523E0
2.820762375E0,5.929048166E-1,-3.327436420E0,3.049367986E0,4.552143931E0
2.830729375E0,-6.059970248E-2,-2.502838680E0,3.162749591E0,4.033715254E0
2.840696375E0,4.026218013E-1,-1.900481327E0,1.834765640E0,2.672133706E0
2.850664375E0,1.440323728E0,-1.457922531E0,1.266174058E0,2.408997155E0
2.860631375E0,1.608285728E0,-1.169177667E0,1.315679509E0,2.384234043E0
2.870598375E0,1.688401792E0,-3.336877334E-1,9.688210684E-1,1.975009463E0
2.880566375E0,2.711800918E0,1.040952905E0,7.794376472E-1,3.007485696E0
2.890533375E0,3.032585308E0,2.574158338E0,3.690265507E-1,3.994877394E0
2.900500375E0,2.798902504E0,4.182109314E0,-3.592277867E-1,5.045090499E0
2.910467375E0,2.606067179E0,5.706777812E0,-1.220621032E0,6.391307756E0
2.920435375E0,2.573516314E0,7.175491379E0,-1.997517771E0,7.880402274E0
2.930402375E0,2.364355271E0,8.401389962E0,-2.571080949E0,9.098570568E0
2.940369375E0,2.057045496E0,9.427013222E0,-2.881576578E0,1.006993039E1
2.950336375E0,2.060640365E0,1.035268944E1,-3.000047307E0,1.097381890E1
2.960304375E0,2.188281720E0,1.086733096E1,-3.080644158E0,1.150555637E1
2.970271375E0,2.317261503E0,1.120214136E1,-3.081676776E0,1.184712638E1
2.980238375E0,2.837427469E0,1.172246987E1,-2.149056405E0,1.225094845E1
2.990206375E0,3.664178446E0,1.276859172E1,-1.243535685E0,1.334202080E1
3.000173375E0,4.882404312E0,1.369491113E1,-1.718143655E0,1.464037159E1
3.010140375E0,6.398218079E0,1.373572703E1,-1.927977274E0,1.527496279E1
3.020107375E0,8.226550028E0,1.380239699E1,-1.378853850E-1,1.606864339E1
3.030075375E0,8.124599145E0,1.380851434E1,1.676352289E0,1.610882791E1
3.040042375E0,7.565786008E0,1.343481061E1,2.491010347E0,1.561859105E1
3.050009375E0,7.190034574E0,1.308545350E1,3.159897904E0,1.526141033E1
3.059976375E0,7.130863091E0,1.258985988E1,2.764333180E0,1.473076095E1
3.069944375E0,7.067295671E0,1.217277331E1,2.423936936E0,1.428280604E1
3.079911375E0,6.615374313E0,1.147082091E1,1.983251004E0,1.338940605E1
3.089878375E0,6.359738138E0,1.071388598E1,1.694687988E0,1.257400451E1
3.099846375E0,6.283748308E0,9.781169719E0,1.659123468E0,1.174348605E1
3.109813375E0,5.791865909E0,7.743859452E0,1.952923835E0,9.865443803E0
3.119780375E0,4.472304872E0,3.690660778E0,3.115429244E0,6.582430191E0
3.129747375E0,2.770607827E0,-2.118378403E0,5.283565698E0,6.330865761E0
3.139715375E0,3.685316569E-1,-1.025373584E1,8.041965709E0,1.303641541E1
3.149682375E0,-3.141526829E0,-2.064605069E1,1.119209116E1,2.369370179E1
3.159649375E0,-6.557295089E0,-3.021460980E1,1.443266018E1,3.412070404E1
3.169617375E0,-8.430702639E0,-3.863438750E1,1.437230171E1,4.207440672E1
3.179584375E0,-4.974655541E0,-4.187363271E1,1.056256121E1,4.347086396E1
3.189551375E0,1.751398232E-1,-4.037665662E1,6.364910000E0,4.087563031E1
3.199518375E0,2.055739667E0,-3.564249823E1,3.042651290E0,3.583115226E1
3.209486375E0,2.272771794E0,-2.551137383E1,-5.025225770E-1,2.561734208E1
3.219453375E0,8.056641635E-1,-1.446870709E1,-2.790225236E0,1.475730112E1
3.229420375E0,-9.847244717E-1,-8.467396256E0,-4.116861988E0,9.466521762E0
3.239387375E0,-6.238002616E-1,-5.329133050E0,-5.499845434E0,7.683559438E0
3.249355375E0,2.070857789E0,-3.203885922E0,-9.989139977E0,1.069281322E1
3.259322375E0,1.125408451E1,-6.472230381E-1,-4.325283184E1,4.469765964E1
3.269289375E0,8.583783329E0,2.389505607E-1,-2.633747781E1,2.770200662E1
3.279257375E0,1.288470368E0,6.688477957E-1,-5.705817699E0,5.887602982E0
3.289224375E0,1.001505834E0,1.062008729E0,-2.266414262E0,2.695831984E0
3.299191375E0,1.382304877E0,1.202306237E0,-8.177063580E-1,2.006227990E0
3.309158375E0,1.716611538E0,1.893988579E0,-4.615957220E-1,2.597502362E0
3.319126375E0,2.045604103E0,3.224256452E0,-6.059194762E-1,3.866195058E0
3.329093375E0,2.132134855E0,4.671279774E0,-8.218016016E-1,5.200212653E0
3.339060375E0,2.091185050E0,6.053500743E0,-9.626890934E-1,6.476472531E0
3.349028375E0,1.731130321E0,7.241193033E0,-1.090051391E0,7.524619643E0
3.358995375E0,1.415051769E0,8.267367101E0,-1.194655155E0,8.472244758E0
3.368962375E0,1.355881163E0,9.165925688E0,-1.339260745E0,9.361956354E0
3.378929375E0,1.372062601E0,9.851772509E0,-1.481528910E0,1.005658517E1
3.388897375E0,1.386273090E0,1.021391162E1,-1.634568524E0,1.043635751E1
3.398864375E0,1.390721651E0,1.034626686E1,-1.605002371E0,1.056197790E1
3.408831375E0,1.321018894E0,1.033842925E1,-1.447503232E0,1.052252232E1
3.418798375E0,1.311212090E0,1.048612290E1,-1.183777433E0,1.063387886E1
3.428766375E0,1.426541548E0,1.067812324E1,-1.018918258E0,1.082106886E1
3.438733375E0,1.552387955E0,1.082562511E1,-1.286894982E0,1.101181938E1
3.448701083E0,1.681906267E0,1.109862576E1,-1.222793711E0,1.129174596E1
3.458669083E0,1.775206486E0,1.134516776E1,-9.782771856E-1,1.152480871E1
3.468636083E0,1.906625289E0,1.170797112E1,-7.718868452E-1,1.188728804E1
3.478603083E0,2.056812485E0,1.211489757E1,-6.185109434E-1,1.230381146E1
3.488570083E0,2.079091400E0,1.254388439E1,-3.101544446E-1,1.271879917E1
3.498538083E0,2.248627178E0,1.277118437E1,1.401974472E-1,1.296838964E1
3.508505083E0,2.849690250E0,1.243200727E1,8.568270081E-1,1.278318004E1
3.518472083E0,4.496204782E0,1.216981695E1,2.365407477E0,1.318770089E1
3.528439083E0,7.780513308E0,1.219154170E1,5.367679065E0,1.542666700E1
3.538407083E0,1.132557842E1,1.174099619E1,8.595147393E0,1.843898795E1
3.548374083E0,1.322908685E1,1.057979764E1,9.787536752E0,1.956365846E1
3.558341083E0,1.429820111E1,8.461597572E0,8.642671223E0,1.872786572E1
3.568309083E0,1.455141713E1,3.857670706E0,8.985201116E0,1.753166286E1
3.578276083E0,1.311076610E1,-4.650023975E0,1.121685763E1,1.786988544E1
3.588243083E0,7.973421723E0,-1.539365475E1,1.339722003E1,2.190948573E1
3.598210083E0,8.192714383E-1,-2.252573406E1,1.339629500E1,2.622099579E1
3.608178083E0,-3.302101896E0,-2.042008387E1,1.160422280E1,2.371796132E1
3.618145083E0,-1.483901418E0,-1.319238037E1,6.765167699E0,1.489994487E1
3.628112083E0,-3.148530624E0,-1.864592872E1,4.452367036E0,1.942697802E1
3.638080083E0,-7.355195612E0,-3.466090509E1,7.072440051E0,3.613165721E1
3.648047083E0,-7.967762203E0,-4.443235557E1,7.038033280E0,4.568646811E1
3.658014083E0,-6.638395386E0,-4.985041366E1,2.891891359E0,5.037355527E1
3.667981083E0,-3.090213419E0,-4.170264609E1,-1.037987636E0,4.182986407E1
3.677949083E0,-3.856007758E-1,-2.565690634E1,-2.893078929E0,2.582238248E1
3.687916083E0,-1.430538851E-1,-9.883714678E0,-8.474286615E0,1.302005430E1
3.697883083E0,-1.686504809E0,-3.163103347E0,-4.778187458E1,4.791614613E1
3.707850083E0,-7.974011707E-1,9.306083447E-1,-5.132087613E1,5.133550630E1
3.717818083E0,-2.556601489E-1,1.112918682E0,-1.339080563E1,1.343940570E1
3.727785083E0,1.114514971E0,-3.988391644E-1,-7.067239537E0,7.165688451E0
3.737752083E0,1.419861251E0,-9.309609318E-1,-4.001450230E0,4.346757202E0
3.747720083E0,1.702511854E0,-2.042730635E-1,-3.416445660E0,3.822613641E0
3.757687083E0,3.200910567E0,1.489963519E0,-2.504504551E0,4.328783061E0
3.767654083E0,4.339454963E0,3.165122976E0,-1.493605896E0,5.574919856E0
3.777621083E0,4.878485508E0,4.700759096E0,-5.629105738E-1,6.798060403E0
3.787589083E0,5.082115670E0,5.885604962E0,-5.822379604E-2,7.776351038E0
3.797556083E0,5.188082421E0,6.893433976E0,-4.008456364E-2,8.627701777E0
3.807523083E0,5.313583549E0,8.065437602E0,2.845582581E-1,9.662630452E0
3.817490083E0,5.443682928E0,9.122755110E0,4.475049555E-1,1.063290202E1
3.827458083E0,5.453873456E0,1.010407753E1,4.514120650E-1,1.149090471E1
3.837425083E0,5.725729807E0,1.091510388E1,3.030530743E-1,1.232944912E1
3.847392083E0,6.203988193E0,1.142379644E1,2.693702616E-2,1.299974308E1
3.857360083E0,6.734079223E0,1.186890637E1,6.767953312E-1,1.366297235E1
3.867327083E0,7.639112431E0,1.238274565E1,1.347212520E0,1.461175589E1
3.877294083E0,8.388587483E0,1.282526995E1,2.147032099E0,1.547467919E1
3.887261083E0,1.029378810E1,1.278255721E1,4.189918855E0,1.693845513E1
3.897229083E0,1.389845505E1,1.268409360E1,7.803185302E0,2.037014934E1
3.907196083E0,1.427665061E1,1.246020606E1,8.463156440E0,2.075342152E1
3.917163083E0,1.181341396E1,1.189565738E1,6.180150265E0,1.786778305E1
3.927131083E0,1.017624152E1,1.196875343E1,4.362164964E0,1.630446053E1
3.937098083E0,8.900284342E0,1.215677065E1,2.724265720E0,1.531090323E1
3.947065083E0,7.730285726E0,1.177966383E1,1.832722623E0,1.420833099E1
3.957032083E0,7.248603795E0,1.084507879E1,1.786027928E0,1.316616447E1
3.967000083E0,6.846723493E0,9.578930317E0,1.999443113E0,1.194283473E1
3.976967083E0,6.144582236E0,8.156088156E0,2.633740881E0,1.054581699E1
3.986934083E0,4.629601698E0,5.342625500E0,3.700837272E0,7.979539813E0
3.996901083E0,2.529201144E0,5.571572059E-1,5.604096612E0,6.173587402E0
4.006869083E0,2.950071228E-1,-7.231047530E0,8.499000456E0,1.116279922E1
4.016836083E0,-3.272420260E0,-1.956110217E1,1.228617070E1,2.333014022E1
4.026803083E0,-7.629051127E0,-3.123131664E1,1.567724120E1,3.576833029E1
4.036771083E0,-1.048420852E1,-3.888115638E1,1.442266728E1,4.277471544E1
4.046738083E0,-9.097480520E0,-3.992020894E1,8.660940263E0,4.184972066E1
4.056705083E0,-6.522329324E0,-3.732702025E1,3.015541259E0,3.801237574E1
4.066672083E0,-5.372214165E0,-3.205341879E1,-5.777816512E-2,3.250054891E1
4.076640083E0,-3.751485270E0,-2.522835689E1,-1.915933910E0,2.557761592E1
4.086607083E0,-3.707325928E0,-1.717238126E1,-3.556741413E0,1.792443452E1
4.096574083E0,-4.972120188E0,-1.074453709E1,-4.444151406E0,1.264585063E1
4.106541083E0,-4.369407325E0,-6.150755727E0,-5.170175908E0,9.146268928E0
4.116509083E0,-2.627007228E0,-3.039216051E0,-9.824568923E0,1.061414884E1
4.126476083E0,2.268557705E0,-2.342410963E0,-4.066276322E1,4.079330283E1
4.136443083E0,6.757717177E0,-1.134314228E0,-3.220287128E1,3.292382616E1
4.146411083E0,4.481081543E0,3.564152759E-1,-7.570039272E0,8.804125069E0
4.156378083E0,1.794271917E0,-1.952695209E-1,-4.513092125E0,4.860611322E0
4.166345083E0,1.216146888E0,-5.556720132E-1,-3.251119730E0,3.515332721E0
4.176312083E0,1.540689869E0,8.009457529E-2,-2.244900455E0,2.723916017E0
4.186280083E0,1.874166518E0,1.110364618E0,-1.487715849E0,2.637936347E0
4.196247083E0,2.273245710E0,2.518647212E0,-1.237025249E0,3.611296347E0
4.206214083E0,2.680614793E0,3.904040880E0,-8.931250611E-1,4.819222265E0
4.216182083E0,2.941264663E0,5.273392712E0,-6.831939393E-1,6.076714777E0
4.226149083E0,3.300173777E0,6.712507090E0,-7.454141611E-1,7.516950223E0
4.236116083E0,3.521749044E0,8.099090082E0,-9.252979034E-1,8.879986075E0
4.246083083E0,3.414860772E0,9.491816159E0,-1.121469650E0,1.014955872E1
4.256051083E0,3.242279325E0,1.128170208E1,-1.025374607E0,1.178306285E1
4.266018083E0,3.130431445E0,1.240147194E1,-5.712413943E-1,1.280321929E1
4.275985083E0,2.668378032E0,1.279293134E1,-7.191683489E-1,1.308803028E1
4.285952083E0,2.463255953E0,1.298220103E1,-9.385506177E-1,1.324711481E1
4.295920083E0,3.176897806E0,1.294869298E1,-1.259245984E0,1.339205100E1
4.305887083E0,4.894623823E0,1.313865030E1,-1.657595006E0,1.411839564E1
4.315854083E0,7.559344130E0,1.355847688E1,-2.084265747E0,1.566269908E1
4.325822083E0,9.368180877E0,1.315713218E1,-2.355937327E0,1.632248084E1
4.335789083E0,9.763174328E0,1.176797291E1,-1.570725700E0,1.537113979E1
4.345756083E0,1.195301389E1,1.094009371E1,6.652077578E-2,1.620384573E1
4.355723083E0,1.529331185E1,1.045280547E1,3.404523187E0,1.883447126E1
4.365691083E0,1.701643601E1,9.439353771E0,7.071505081E0,2.070426715E1
4.375658083E0,1.551338701E1,8.785687686E0,7.174364621E0,1.921783006E1
4.385625083E0,1.325832293E1,8.195251052E0,6.185189980E0,1.676907397E1
4.395592083E0,1.185187343E1,7.515991704E0,4.913900047E0,1.486954770E1
4.405560083E0,1.072470567E1,6.643107657E0,4.217313645E0,1.330172641E1
4.415527083E0,8.940914304E0,4.926680306E0,4.412797174E0,1.112137160E1
4.425494083E0,5.647965932E0,5.869897002E-1,6.636968665E0,8.734610989E0
4.435462083E0,1.907797656E0,-7.164517910E0,1.072240187E1,1.303610028E1
4.445428458E0,-4.137331336E0,-1.878917498E1,1.575944837E1,2.486987776E1
4.455395458E0,-1.375296463E1,-3.269160028E1,2.010101067E1,4.076684185E1
4.465362458E0,-1.940312209E1,-4.255982451E1,1.886491045E1,5.043515298E1
4.475330458E0,-2.078654057E1,-4.760818889E1,1.188935292E1,5.329143112E1
4.485297458E0,-1.757861305E1,-4.451327635E1,3.567762246E0,4.799133605E1
4.495264458E0,-1.329578253E1,-3.501536096E1,-2.517571324E0,3.753919954E1
4.505231458E0,-9.994089060E0,-2.387318982E1,-5.167763931E0,2.639160458E1
4.515199458E0,-7.035624812E0,-1.188303208E1,-7.215807931E0,1.558121792E1
4.525166458E0,-4.069487262E0,-2.680287057E0,-9.966006052E0,1.109350900E1
4.535133458E0,-8.472221378E0,-3.053026589E0,-3.573130808E1,3.684868904E1
4.545101458E0,-7.133518311E0,-6.150323617E-1,-6.130066524E1,6.171739549E1
4.555068458E0,1.910690566E0,6.439702320E-1,-1.478723299E1,1.492406432E1
4.565035458E0,1.481750812E0,-9.575669324E-1,-7.903328226E0,8.097846438E0
4.575002458E0,1.446217867E0,-1.552783665E0,-5.351855330E0,5.757172805E0
4.584970458E0,3.117675744E0,-6.793593353E-1,-2.550367772E0,4.084826425E0
4.594937458E0,4.472867667E0,4.561348611E-1,-1.475336124E0,4.731936269E0
4.604904458E0,5.154874914E0,1.600560679E0,-9.939898235E-1,5.488401009E0
4.614872458E0,5.337676417E0,2.732400951E0,-4.391830520E-1,6.012460914E0
4.624839458E0,5.725166720E0,3.925061036E0,1.929791665E-1,6.944125508E0
4.634806458E0,5.906522791E0,5.215583045E0,7.492452568E-1,7.915218661E0
4.644773458E0,6.054995291E0,6.647846240E0,9.323437252E-1,9.040248472E0
4.654741458E0,6.665190836E0,7.855223182E0,8.303296195E-1,1.033531554E1
4.664708458E0,7.357711669E0,8.758092921E0,7.430939859E-1,1.146264809E1
4.674675458E0,8.177242212E0,9.494536284E0,2.473506707E-1,1.253294426E1
4.684642458E0,9.266001953E0,1.011301090E1,-6.718246132E-1,1.373255730E1
4.694610458E0,1.109800361E1,1.071023147E1,-5.998366177E-1,1.543484844E1
4.704577458E0,1.224150733E1,1.095113442E1,7.708051103E-1,1.644311367E1
4.714544458E0,1.368185547E1,1.110985241E1,2.950728967E0,1.786977311E1
4.724512458E0,1.487630948E1,1.097211774E1,5.405447985E0,1.925904513E1
4.734479458E0,1.568171782E1,1.091014427E1,7.839153280E0,2.064945147E1
4.744446458E0,1.342748872E1,1.104454135E1,7.973141057E0,1.912721426E1
4.754413458E0,9.515998489E0,1.136737314E1,5.311021884E0,1.574732844E1
4.764381458E0,7.694493749E0,1.157677129E1,3.241836691E0,1.427362507E1
4.774348458E0,7.328363909E0,1.137200882E1,1.978128258E0,1.367261839E1
4.784315458E0,7.988836738E0,1.092939564E1,1.074217715E0,1.358039562E1
4.794282458E0,9.571743504E0,1.078924256E1,7.633832395E-1,1.444329542E1
4.804250458E0,1.063184253E1,1.041578557E1,8.632004732E-1,1.490871490E1
4.814217458E0,1.025211148E1,9.465975559E0,1.095859430E0,1.399683504E1
4.824184458E0,8.413070945E0,8.253725547E0,1.227715897E0,1.184951621E1
4.834152458E0,6.033778669E0,5.662522575E0,1.873294113E0,8.484095578E0
4.844119458E0,3.836821581E0,3.446196878E-1,5.028275093E0,6.334312354E0
4.854086458E0,2.120049537E0,-6.849142486E0,9.712825708E0,1.207246230E1
4.864053458E0,-9.612160335E-1,-1.560556135E1,1.343462116E1,2.061423117E1
4.874021458E0,-7.870563937E0,-2.708547235E1,1.776751086E1,3.333546207E1
4.883988458E0,-1.346335788E1,-3.793603583E1,1.988092381E1,4.489605719E1
4.893955458E0,-1.564706138E1,-4.489645141E1,1.594573598E1,5.014766570E1
4.903922458E0,-1.248696525E1,-4.339248206E1,7.275816151E0,4.573586449E1
4.913890458E0,-7.410904375E0,-3.488063176E1,6.035782510E-1,3.566432787E1
4.923857458E0,-3.444374886E0,-2.515704191E1,-1.473201891E0,2.543444122E1
4.933824458E0,-1.905252070E0,-1.694049939E1,-3.289609612E0,1.736179820E1
4.943792458E0,-2.542522855E0,-1.040861455E1,-5.054708601E0,1.184709915E1
4.953759458E0,-4.412333782E0,-8.284958450E0,-8.283468579E0,1.251898868E1
4.963726458E0,-6.033193363E0,-8.545978156E0,-1.438416454E1,1.778587513E1
4.973693458E0,-3.799177499E0,-9.188725736E0,-5.961652679E1,6.044002562E1
4.983661458E0,-9.856028697E-1,-5.319140158E0,-3.540874760E1,3.581960457E1
4.993628458E0,1.509348501E0,-2.112946925E0,-1.052605471E1,1.084160990E1
5.003595458E0,3.386975108E0,-2.677641776E0,-6.977491209E0,8.205287895E0
5.013562458E0,3.240847342E0,-3.483125553E0,-4.099021841E0,6.279907258E0
5.023530458E0,3.877222041E0,-2.958225097E0,-2.363382148E0,5.419365429E0
5.033497458E0,4.338403634E0,-2.136579031E0,-9.587925088E-1,4.930111472E0
5.043464458E0,4.905357850E0,-9.654858166E-1,3.102876880E-1,5.009089433E0
5.053432458E0,5.732591515E0,4.157914120E-1,9.848291369E-1,5.831412899E0
5.063399458E0,6.429603009E0,1.961425686E0,1.165580460E0,6.822430900E0
5.073366458E0,6.955236121E0,3.722941502E0,1.356337684E0,8.004702046E0
5.083333458E0,7.186215758E0,5.339125941E0,1.608000677E0,9.095802818E0
5.093301458E0,7.176324023E0,7.085832514E0,1.708827724E0,1.022881914E1
5.103268458E0,7.174937063E0,8.543405966E0,1.789659049E0,1.129922063E1
5.113235458E0,7.676632844E0,9.466908774E0,1.831832092E0,1.232512322E1
5.123202458E0,1.132871837E1,1.063119115E1,3.041122828E0,1.583068265E1
5.133170458E0,1.435390403E1,1.180323045E1,5.264318419E0,1.931486107E1
5.143137458E0,1.663848837E1,1.284341152E1,7.454243352E0,2.230153041E1
5.153104458E0,1.660196900E1,1.342641166E1,9.721065019E0,2.346045630E1
5.163072458E0,1.302477227E1,1.291751913E1,9.800371975E0,2.079793942E1
5.173039458E0,9.790880774E0,1.272601112E1,7.342515925E0,1.765574257E1
5.183006458E0,7.263378539E0,1.253752496E1,4.485114952E0,1.516780986E1
5.192973458E0,5.122873687E0,1.214694265E1,2.586332241E0,1.343432786E1
5.202941458E0,3.094002707E0,1.209212617E1,1.197861183E0,1.253902865E1
5.212908458E0,1.901757774E0,1.199960217E1,2.879204071E-1,1.215277882E1
5.222875458E0,1.359173730E0,1.189748405E1,-2.718639346E-1,1.197795434E1
5.232842458E0,1.391893726E0,1.169974175E1,-6.461910045E-1,1.179995288E1
5.242810458E0,2.011060069E0,1.128753760E1,-4.741466608E-1,1.147508966E1
5.252777458E0,2.759374157E0,1.060478396E1,-2.442436796E-2,1.095792795E1
5.262744458E0,3.893108341E0,9.739625836E0,8.976540220E-1,1.052722123E1
5.272712458E0,5.011819859E0,8.074094989E0,2.548240555E0,9.838845365E0
5.282679458E0,4.559464054E0,3.892890825E0,5.318145547E0,8.014111522E0
5.292646458E0,2.570892961E0,-2.918978586E0,9.777125784E0,1.052245766E1
5.302613458E0,-2.632003966E0,-1.496309502E1,1.388456323E1,2.058161203E1
5.312581458E0,-7.909460785E0,-2.884251153E1,1.886323815E1,3.535918261E1
5.322548458E0,-1.358772582E1,-4.034286907E1,2.085844495E1,4.740514849E1
5.332515458E0,-1.484525491E1,-4.627853205E1,1.607389292E1,5.119037171E1
5.342482458E0,-9.122272714E0,-4.370555134E1,9.681080005E0,4.568494705E1
5.352450458E0,-2.107619380E0,-3.543105122E1,4.496098947E0,3.577731622E1
5.362417458E0,6.722871280E-1,-2.768649595E1,1.004852927E0,2.771288071E1
5.372384458E0,1.377680899E0,-2.071966012E1,-9.190196018E-1,2.078573831E1
5.382351458E0,1.010939732E-1,-1.350725059E1,-3.114611219E0,1.386206484E1
5.392319458E0,-2.136216796E0,-9.471789445E0,-4.500903896E0,1.070216583E1
5.402286458E0,-3.232455126E0,-7.166102505E0,-8.421638285E0,1.152066763E1
5.412253458E0,-2.787715611E0,-4.714891816E0,-5.277160307E1,5.305510017E1
5.422221458E0,-6.365468994E-1,-3.301803980E0,-3.785394092E1,3.800299915E1
5.432188458E0,2.303254498E0,-1.048612173E0,-1.181089147E1,1.207897868E1
5.442155458E0,4.244331874E0,-9.698706436E-1,-8.233811100E0,9.314002757E0
5.452122833E0,4.586602151E0,-1.517676398E0,-4.902016751E0,6.882588841E0
5.462090833E0,4.875988747E0,-7.873691028E-1,-2.494441493E0,5.533304142E0
5.472057833E0,5.498106472E0,5.497657406E-1,-8.161789191E-1,5.585478062E0
5.482024833E0,5.659822916E0,1.828709094E0,1.731794710E-1,5.950442296E0
5.491991833E0,5.354558498E0,3.046584712E0,5.439816749E-1,6.184568794E0
5.501959833E0,5.315271056E0,4.596195678E0,6.607562725E-1,7.057883532E0
5.511926833E0,5.294120507E0,6.214384543E0,9.001753414E-1,8.213196871E0
5.521893833E0,5.167346440E0,7.659890512E0,1.115681564E0,9.306993996E0
5.531861833E0,5.296622531E0,9.115079470E0,1.274036370E0,1.061894781E1
5.541828833E0,5.265034118E0,1.031250971E1,1.155491674E0,1.163630534E1
5.551795833E0,5.464847510E0,1.102988121E1,7.606689620E-1,1.233294187E1
5.561762833E0,8.331046203E0,1.189919612E1,4.706640226E-1,1.453336588E1
5.571730833E0,1.128870821E1,1.292167650E1,8.020877141E-1,1.717696136E1
5.581697833E0,1.145671509E1,1.348522764E1,5.700521437E-1,1.770402905E1
5.591664833E0,9.641853958E0,1.334789057E1,9.377208978E-1,1.649275147E1
5.601631833E0,8.201633288E0,1.279947788E1,2.215353890E0,1.536233106E1
5.611599833E0,7.737940900E0,1.283722283E1,3.926947348E0,1.549486801E1
5.621566833E0,6.324982873E0,1.343674019E1,4.751034041E0,1.559242507E1
5.631533833E0,4.684926006E0,1.408260725E1,3.403849003E0,1.522677073E1
5.641501833E0,4.151953468E0,1.443881379E1,2.590243444E0,1.524557058E1
5.651468833E0,4.474922963E0,1.442463897E1,2.695176407E0,1.534141847E1
5.661435833E0,4.981754061E0,1.406392891E1,2.739335164E0,1.516957241E1
5.671402833E0,5.384020863E0,1.323685195E1,2.675509881E0,1.453823522E1
5.681370833E0,5.625214416E0,1.231189260E1,2.780562127E0,1.381872868E1
5.691337833E0,6.401517663E0,1.134545778E1,3.325639570E0,1.344465393E1
5.701304833E0,8.721857725E0,1.041271930E1,4.870410211E0,1.442970620E1
5.711271833E0,1.353345196E1,8.558631531E0,8.463771567E0,1.811187248E1
5.721239833E0,1.545559781E1,1.718363948E0,1.308403614E1,2.032290038E1
5.731206833E0,8.520487804E0,-1.059898235E1,1.691287715E1,2.170213245E1
5.741173833E0,-2.294783929E0,-2.271987565E1,1.999954043E1,3.035523678E1
5.751141833E0,-1.072482145E1,-3.139791083E1,1.959826824E1,3.853495449E1
5.761108833E0,-1.357611676E1,-3.771620625E1,1.599248447E1,4.315764960E1
5.771075833E0,-1.021119969E1,-3.873685411E1,1.140223658E1,4.165121204E1
5.781042833E0,-4.215354243E0,-3.552020489E1,5.959971605E0,3.626258992E1
5.791010833E0,-8.807479674E-1,-3.232000037E1,9.553482065E-1,3.234610998E1
5.800977833E0,4.841101335E-1,-2.875034772E1,-9.901487875E-1,2.877146592E1
5.810944833E0,1.951291877E-1,-2.562698497E1,-2.120900453E0,2.571533886E1
5.820911833E0,6.179971924E-1,-2.091737553E1,-4.529061456E0,2.141099991E1
5.830879833E0,-2.882570897E0,-1.669737684E1,-7.335615626E0,1.846409665E1
5.840846833E0,-5.213468692E0,-1.561429007E1,-1.946519730E1,2.549274831E1
5.850813833E0,3.327158677E0,-1.658843035E1,-5.496096901E1,5.750612247E1
5.860781833E0,5.388639579E0,-1.024962876E1,-3.419701974E1,3.610441089E1
5.870748833E0,6.315161889E0,-3.931740310E0,-1.936899540E1,2.074844174E1
5.880715833E0,5.113123455E0,-3.529144310E0,-1.170875815E1,1.325495788E1
5.890682833E0,4.933131539E0,-3.894428058E0,-4.882132709E0,7.958490841E0
5.900650833E0,5.273416686E0,-3.645823159E0,-1.824821573E0,6.665652543E0
5.910617833E0,5.406120415E0,-3.070114492E0,-2.135650201E-1,6.220719488E0
5.920584833E0,6.224987884E0,-2.200041786E0,1.021168120E0,6.680826472E0
5.930551833E0,7.043076503E0,-9.671353161E-1,1.867202484E0,7.350287237E0
5.940519833E0,7.044732435E0,5.113390088E-1,2.515247056E0,7.497745689E0
5.950486833E0,6.795005456E0,2.450390325E0,3.099996103E0,7.860438138E0
5.960453833E0,6.376079936E0,4.786007407E0,3.406358628E0,8.669690961E0
5.970420833E0,5.872385577E0,7.202119015E0,3.319215235E0,9.867756606E0
5.980388833E0,5.375202677E0,8.871037738E0,3.223372353E0,1.086177903E1
5.990355833E0,5.634079964E0,9.907849646E0,2.794822317E0,1.173538979E1
6.000322833E0,6.033165296E0,1.051518473E1,2.233929909E0,1.232715037E1
6.010290833E0,6.303568615E0,1.100026039E1,2.047901913E0,1.284268695E1
6.020257833E0,8.469051602E0,1.162619898E1,3.846624731E0,1.488925315E1
6.030224833E0,1.003165625E1,1.215844529E1,8.213754566E0,1.777435465E1
6.040191833E0,9.999293082E0,1.249592553E1,8.869195865E0,1.829744934E1
6.050159833E0,8.567657293E0,1.264396884E1,8.109676466E0,1.729281793E1
6.060126833E0,6.928275195E0,1.303478621E1,6.228165261E0,1.602175681E1
6.070093833E0,5.672561660E0,1.327156102E1,4.640635686E0,1.516073175E1
6.080060833E0,4.896744024E0,1.344358611E1,4.032871413E0,1.486513240E1
6.090028833E0,4.674371197E0,1.365462849E1,4.065029930E0,1.499410196E1
6.099995833E0,5.108645657E0,1.375411536E1,4.352764395E0,1.530426436E1
6.109962833E0,5.357685589E0,1.352310356E1,4.833145906E0,1.532770120E1
6.119929833E0,5.324589763E0,1.278579540E1,4.863531547E0,1.467929696E1
6.129897833E0,4.987895392E0,1.176725721E1,4.399638015E0,1.351681387E1
6.139864833E0,4.675788562E0,1.088904635E1,4.109499759E0,1.254281935E1
6.149831833E0,5.618145717E0,1.024744424E1,4.690748663E0,1.259272797E1
6.159799833E0,7.741162131E0,9.355626320E0,6.518410521E0,1.378198138E1
6.169766833E0,1.100444816E1,6.954294720E0,9.336893011E0,1.601991465E1
6.179733833E0,1.078341523E1,-4.402111387E-1,1.219771987E1,1.628681061E1
6.189700833E0,2.575493842E0,-1.268215467E1,1.602857349E1,2.060061610E1
6.199668833E0,-6.919747031E0,-2.393339743E1,1.828675414E1,3.090462406E1
6.209635833E0,-1.257716440E1,-3.327900689E1,1.787147202E1,3.981289836E1
6.219602833E0,-1.133670099E1,-3.645011566E1,1.484670970E1,4.095798469E1
6.229569833E0,-7.132686253E0,-3.532149545E1,9.969762304E0,3.738822561E1
6.239537833E0,-1.947415465E0,-3.251894603E1,4.130074942E0,3.283796274E1
6.249504833E0,1.242311570E0,-3.030146668E1,-2.947750980E-1,3.032835494E1
6.259471833E0,1.287559810E0,-2.959411497E1,-2.009391127E0,2.969018531E1
6.269439833E0,3.744551057E-1,-2.799952313E1,-4.279920075E0,2.832721709E1
6.279406833E0,1.053454837E-1,-2.186180611E1,-6.898366102E0,2.292459637E1
6.289373833E0,2.101185250E-1,-1.531442848E1,-8.923171513E0,1.772565540E1
6.299340833E0,8.835154545E-1,-1.166940054E1,-2.509979767E1,2.769395876E1
6.309308833E0,3.625219618E0,-7.935436456E0,-4.288327845E1,4.376172917E1
6.319275833E0,4.716215918E0,-4.001263120E0,-2.827313540E1,2.894171703E1
6.329242833E0,4.770107951E0,-2.943132849E0,-1.774376415E1,1.860798557E1
6.339209833E0,4.562392631E0,-3.219336020E0,-8.974947438E0,1.057020494E1
6.349177833E0,4.649833941E0,-3.243563958E0,-3.531234105E0,6.679167398E0
6.359144833E0,4.460266332E0,-2.729931672E0,-1.414211378E0,5.417240673E0
6.369111833E0,4.570859400E0,-1.744265360E0,-4.800637141E-2,4.892598687E0
6.379079833E0,4.745188872E0,-1.637600452E-1,5.708757971E-1,4.782210154E0
6.389046833E0,5.009970385E0,1.728075004E0,7.682994322E-1,5.355028524E0
6.399013833E0,5.171432474E0,3.498794337E0,9.648788756E-1,6.317932169E0
6.408980833E0,4.954296121E0,4.871677303E0,9.397854035E-1,7.011525255E0
6.418948833E0,5.151977034E0,6.272641522E0,7.597731686E-1,8.152677737E0
6.428915833E0,5.629463003E0,7.661198534E0,6.832711226E-1,9.531614559E0
6.438882833E0,6.378527580E0,9.026388903E0,8.378381022E-1,1.108437113E1
6.448849333E0,7.662068015E0,1.004446750E1,1.140371359E0,1.268459934E1
6.458817333E0,1.056154964E1,1.097122078E1,9.744718176E-1,1.525986932E1
6.468784333E0,1.321348881E1,1.237498873E1,7.998219180E-1,1.812115747E1
6.478751333E0,1.394566663E1,1.365442267E1,2.027982203E0,1.962237468E1
6.488719333E0,1.352664230E1,1.418387869E1,5.323752442E0,2.030996816E1
6.498686333E0,1.213769469E1,1.375733600E1,7.622882899E0,1.986696429E1
6.508653333E0,9.325533625E0,1.321104351E1,7.177577081E0,1.769222600E1
6.518620333E0,6.356974159E0,1.339118804E1,4.427776571E0,1.547062516E1
6.528588333E0,4.079923373E0,1.405371850E1,2.410598268E0,1.483117536E1
6.538555333E0,2.394403966E0,1.420883812E1,1.618447897E0,1.449978016E1
6.548522333E0,1.231585292E0,1.379248713E1,1.074739287E0,1.388900889E1
6.558489333E0,8.981740587E-1,1.319658451E1,8.702235639E-1,1.325571004E1
6.568457333E0,1.171132757E0,1.251513129E1,9.980752730E-1,1.260937022E1
6.578424333E0,1.635283493E0,1.167838655E1,1.540577602E0,1.189252890E1
6.588391333E0,1.692468969E0,1.067252278E1,2.488280282E0,1.108867587E1
6.598359333E0,2.091298047E0,9.815309272E0,3.660293849E0,1.068230194E1
6.608326333E0,3.264972369E0,8.303019914E0,5.763839035E0,1.062177126E1
6.618293333E0,3.767957169E0,4.511451981E0,9.348200941E0,1.104262473E1
6.628260333E0,1.393495424E0,-4.260395930E0,1.509130341E1,1.574294260E1
6.638228333E0,-6.658318604E0,-2.238749418E1,2.308084532E1,3.283684704E1
6.648195333E0,-1.174832509E1,-4.211812584E1,2.804268026E1,5.194565991E1
6.658162333E0,-1.331989761E1,-5.555611266E1,2.201853254E1,6.122676785E1
6.668129333E0,-7.809018484E0,-5.686379800E1,1.367576384E1,5.900422704E1
6.678097333E0,-2.442624637E-1,-4.785446893E1,6.764582977E0,4.833083326E1
6.688064333E0,2.190488021E0,-3.648232680E1,1.761993533E0,3.659047728E1
6.698031333E0,2.001000081E0,-2.664006420E1,-2.047458694E0,2.679345273E1
6.707998333E0,1.671493545E0,-1.765144013E1,-4.798989395E0,1.836838394E1
6.717966333E0,-1.292424694E-2,-1.201795307E1,-5.913771000E0,1.339417972E1
6.727933333E0,1.216086954E0,-8.946177968E0,-1.003493303E1,1.349862395E1
6.737900333E0,9.096529178E0,-7.871328169E0,-4.134697165E1,4.306131344E1
6.747868333E0,1.382426908E1,-8.922776826E0,-4.088839090E1,4.407478727E1
6.757835333E0,1.252495929E1,-3.273894635E0,-2.020192192E1,2.399397092E1
6.767802333E0,8.471545440E0,-1.278435230E-1,-1.549563370E1,1.766063673E1
6.777769333E0,5.730421028E0,2.838986921E-1,-8.657227281E0,1.038585133E1
6.787737333E0,5.114885221E0,3.076588529E-1,-3.762319283E0,6.357023768E0
6.797704333E0,4.832430207E0,8.053586465E-1,-1.413538218E0,5.098928764E0
6.807671333E0,4.870831211E0,1.809372352E0,-3.630186827E-1,5.208704979E0
6.817638333E0,4.935535330E0,3.233357059E0,-3.357120395E-2,5.900443533E0
6.827606333E0,4.672165919E0,4.773118975E0,-1.123257436E-1,6.680150911E0
6.837573333E0,4.606490285E0,6.137227609E0,-7.302894607E-2,7.674024283E0
6.847540333E0,4.784499410E0,7.543953089E0,4.107201219E-2,8.933328032E0
6.857508333E0,4.872736233E0,8.960435818E0,3.721029170E-1,1.020644057E1
6.867475333E0,4.908943362E0,1.000214886E1,4.940885532E-1,1.115279473E1
6.877442333E0,5.491792064E0,1.096077882E1,4.893955779E-1,1.226939120E1
6.887409333E0,7.330979369E0,1.179532735E1,7.840239108E-2,1.388809392E1
6.897377333E0,9.487948226E0,1.324671737E1,8.291110598E-2,1.629427988E1
6.907344333E0,1.135723407E1,1.433586771E1,5.732685874E-1,1.829842905E1
6.917311333E0,1.124362618E1,1.422720188E1,1.234252499E0,1.817569207E1
6.927279333E0,1.005126898E1,1.399945283E1,2.938066236E0,1.748270348E1
6.937246333E0,8.651623895E0,1.451000597E1,4.761118734E0,1.755161306E1
6.947213333E0,6.496903292E0,1.515611278E1,4.342886109E0,1.705221882E1
6.957180333E0,4.244592075E0,1.494165445E1,4.008325971E0,1.604170430E1
6.967148333E0,2.792194870E0,1.409021448E1,4.018973751E0,1.491585218E1
6.977115333E0,2.633717785E0,1.330597306E1,4.098104120E0,1.416968051E1
6.987082333E0,3.483522579E0,1.261623082E1,4.628375244E0,1.388258143E1
6.997049333E0,4.398474711E0,1.190086842E1,5.286223258E0,1.374486833E1
7.007017333E0,5.049937273E0,1.096786798E1,6.074444300E0,1.351646655E1
7.016984333E0,5.928812962E0,9.704509798E0,7.743115686E0,1.375805851E1
7.026951333E0,7.384484900E0,7.636677650E0,1.038449712E1,1.485554588E1
7.036918333E0,7.675997837E0,2.994735112E0,1.278290804E1,1.520829113E1
7.046886333E0,2.679244206E0,-5.794891258E0,1.439986665E1,1.575167527E1
7.056853333E0,-3.970465250E0,-1.812444011E1,1.758439712E1,2.556307778E1
7.066820333E0,-8.834283310E0,-3.170847751E1,2.009956758E1,3.856766423E1
7.076788333E0,-7.987135198E0,-4.074194388E1,1.826330447E1,4.535690256E1
7.086755333E0,-1.688312768E0,-4.299633554E1,1.349334474E1,4.509551665E1
7.096722333E0,3.048678015E0,-4.046994544E1,8.424496989E0,4.144976563E1
7.106689333E0,2.498171432E0,-3.461013722E1,3.479447362E0,3.487418835E1
7.116657333E0,8.398355842E-3,-2.891143149E1,-4.963525951E-1,2.891569310E1
7.126624333E0,-2.345633363E0,-2.389231489E1,-2.882412438E0,2.417959901E1
7.136591333E0,-3.353637208E0,-1.905428422E1,-4.274493859E0,1.981373078E1
7.146558333E0,-3.222782369E0,-1.530778838E1,-5.231538928E0,1.649496017E1
7.156526333E0,-1.703142623E0,-1.256115823E1,-5.930726171E0,1.399488849E1
7.166493333E0,-2.289708254E-1,-1.229391358E1,-1.969725341E1,2.322013202E1
7.176460333E0,4.789535033E0,-1.360142585E1,-4.882790404E1,5.091269629E1
7.186428333E0,9.208455411E0,-5.922002125E0,-2.636410837E1,2.854701333E1
7.196395333E0,9.306479303E0,-2.143901500E0,-1.820564039E1,2.055850707E1
7.206362333E0,7.556005955E0,-2.493396011E0,-1.178651910E1,1.422083972E1
7.216329333E0,5.839337699E0,-3.141182721E0,-5.884409207E0,8.865165839E0
7.226297333E0,6.109790719E0,-2.411103467E0,-2.744740915E0,7.118747449E0
7.236264333E0,6.891847626E0,-9.472489357E-1,-1.008355263E0,7.029340266E0
7.246231333E0,7.056188300E0,6.377675056E-1,9.533534288E-2,7.085593097E0
7.256198333E0,7.075889323E0,2.322864305E0,6.804765920E-1,7.478432770E0
7.266166333E0,7.231141085E0,4.079678375E0,1.128109602E0,8.378890637E0
7.276133333E0,7.702104485E0,5.790949650E0,2.281241924E0,9.902604509E0
7.286100333E0,7.649598827E0,7.467548107E0,3.227690522E0,1.116685377E1
7.296068333E0,7.018145730E0,8.643635429E0,2.691501431E0,1.145473626E1
7.306035333E0,7.500865542E0,9.402168403E0,2.174377772E0,1.222258865E1
7.316002333E0,9.238192011E0,1.036749459E1,2.988835271E0,1.420430470E1
7.325969333E0,1.164997142E1,1.160397371E1,4.116491860E0,1.695050280E1
7.335937333E0,1.403121491E1,1.320205985E1,3.664226686E0,1.961111759E1
7.345904333E0,1.556551611E1,1.464695478E1,6.177680401E0,2.224819793E1
7.355871333E0,1.412544747E1,1.573690385E1,9.969617293E0,2.337887246E1
7.365838333E0,8.680414415E0,1.595480151E1,9.707913462E0,2.059487483E1
7.375806333E0,4.024757524E0,1.595196444E1,6.648571880E0,1.774450198E1
7.385773333E0,1.906657156E0,1.536435786E1,4.748983423E0,1.619418653E1
7.395740333E0,7.429287290E-1,1.389197399E1,3.199120442E0,1.427491703E1
7.405708333E0,2.644446950E-1,1.271406175E1,2.279034162E0,1.291941539E1
7.415675333E0,-1.861826737E-1,1.171675130E1,2.048997827E0,1.189602106E1
7.425642333E0,-3.800795059E-1,1.097434904E1,1.996640689E0,1.116097537E1
7.435609333E0,-1.917846169E-1,1.048663512E1,2.243017652E0,1.072555013E1
7.445577583E0,-2.483102719E-1,9.962118824E0,3.059266738E0,1.042423054E1
7.455544583E0,-3.571948560E-1,9.148392227E0,4.347203693E0,1.013503076E1
7.465511583E0,-4.056912240E-1,7.891236768E0,5.865830848E0,9.840943788E0
7.475478583E0,-4.770508631E-1,5.718176374E0,7.776851782E0,9.664602537E0
7.485446583E0,-1.646476964E0,1.231751645E0,9.727088821E0,9.942049861E0
7.495413583E0,-4.797795102E0,-7.068583812E0,1.212229780E1,1.483016584E1
7.505380583E0,-9.567511874E0,-2.198202954E1,1.594157511E1,2.879028869E1
7.515348583E0,-1.312328265E1,-3.983907297E1,1.829210551E1,4.575995418E1
7.525315583E0,-1.302614403E1,-5.340778014E1,1.679007392E1,5.748023999E1
7.535282583E0,-7.926953900E0,-5.650815163E1,1.205245983E1,5.832040455E1
7.545249583E0,-8.576593593E-1,-4.846549361E1,5.657005727E0,4.880206312E1
7.555217583E0,1.380715896E0,-3.414064089E1,-1.285565910E-1,3.416879078E1
7.565184583E0,-3.373609543E-2,-2.251785201E1,-2.255803759E0,2.263058656E1
7.575151583E0,-1.484657902E0,-1.574183539E1,-3.408094959E0,1.617481690E1
7.585118583E0,-2.518279714E0,-1.149697083E1,-4.702552730E0,1.267422870E1
7.595086583E0,-2.897599119E0,-9.054113476E0,-1.121114373E1,1.469907464E1
7.605053583E0,-2.281869769E0,-8.042946287E0,-2.951949514E1,3.068055586E1
7.615020583E0,7.454838014E0,-7.383582675E0,-3.082277169E1,3.255971679E1
7.624988583E0,1.175577327E1,-3.790932925E0,-2.231795208E1,2.550804506E1
7.634955583E0,9.898657823E0,-1.989772403E-1,-1.405313144E1,1.719050674E1
7.644922583E0,7.779738552E0,4.450988263E-1,-9.527915114E0,1.230868032E1
7.654889583E0,7.135480637E0,6.398561311E-1,-5.306205533E0,8.915173411E0
7.664857583E0,6.990745677E0,1.091168209E0,-2.841698275E0,7.624724406E0
7.674824583E0,6.396449296E0,1.776558947E0,-1.500564082E0,6.806057439E0
7.684791583E0,6.040020572E0,2.929661449E0,-6.491315693E-1,6.744341073E0
7.694758583E0,5.861801532E0,4.264635161E0,-1.590846115E-1,7.250733630E0
7.704726583E0,5.492941627E0,5.478017194E0,2.158698463E-1,7.760649450E0
7.714693583E0,4.822408079E0,6.663491051E0,3.643015619E-1,8.233495509E0
7.724660583E0,5.028776200E0,8.504422579E0,2.136490738E-1,9.882279059E0
7.734628583E0,5.725069072E0,1.023505516E1,2.943424040E-1,1.173112984E1
7.744595583E0,7.235317751E0,1.154572842E1,2.473220193E-1,1.362772307E1
7.754562583E0,8.549181846E0,1.289967343E1,1.471247751E0,1.554524541E1
7.764529583E0,9.963271894E0,1.474083885E1,2.999145082E0,1.804311470E1
7.774497583E0,1.122516301E1,1.632105238E1,2.916414582E0,2.002215047E1
7.784464583E0,1.160093667E1,1.670932621E1,2.873124136E0,2.054356727E1
7.794431583E0,1.170838276E1,1.707360775E1,4.983578392E0,2.129390434E1
7.804398583E0,9.259160711E0,1.700841831E1,7.442095177E0,2.074615943E1
7.814366583E0,4.822784932E0,1.594923145E1,5.206125759E0,1.745683201E1
7.824333583E0,2.641788696E0,1.454903029E1,3.369542220E0,1.516598644E1
7.834300583E0,2.277532597E0,1.379897052E1,2.725807046E0,1.424881631E1
7.844268583E0,2.837225155E0,1.335424884E1,2.551441905E0,1.388868836E1
7.854235583E0,3.418181406E0,1.264794378E1,2.593407372E0,1.335590535E1
7.864202583E0,4.202602635E0,1.199659670E1,3.267316518E0,1.312461651E1
7.874169583E0,5.520293148E0,1.127815633E1,4.497097067E0,1.333770327E1
7.884137583E0,6.804008998E0,9.900342990E0,5.967589942E0,1.341355507E1
7.894104583E0,6.042550077E0,6.267714658E0,7.528483111E0,1.150976613E1
7.904071583E0,1.390423297E0,-9.410105413E-1,9.682902582E0,9.827379111E0
7.914038583E0,-4.195507624E0,-1.066492374E1,1.275995889E1,1.715107674E1
7.924006583E0,-7.734188157E0,-2.180628797E1,1.650847202E1,2.842290467E1
7.933973583E0,-8.959535932E0,-3.301804799E1,1.990779762E1,3.958263739E1
7.943940583E0,-8.304851847E0,-4.119981829E1,1.999492581E1,4.654237477E1
7.953908583E0,-3.896307353E0,-4.477444107E1,1.365244514E1,4.697149181E1
7.963875583E0,1.020090698E0,-4.322383900E1,7.090933040E0,4.381349306E1
7.973842583E0,1.771917135E0,-3.607602015E1,2.981595249E0,3.624236238E1
7.983809583E0,2.152758277E0,-2.620151835E1,-3.332551856E-1,2.629191874E1
7.993777583E0,7.757843068E-1,-1.794867866E1,-3.438622980E0,1.829155638E1
8.003744583E0,-1.559534714E0,-1.253531705E1,-5.062691220E0,1.360871649E1
8.013711583E0,-1.735697581E0,-8.732421305E0,-5.600407019E0,1.051819313E1
8.023678583E0,-1.056657357E0,-6.482593401E0,-4.752216933E0,8.107040628E0
8.033646583E0,-9.331129995E-1,-6.117883850E0,-1.483428905E1,1.607343567E1
8.043613583E0,3.468252283E0,-6.266759807E0,-3.417150483E1,3.491407732E1
8.053580583E0,5.558049788E0,-3.657807612E0,-2.186259665E1,2.285267176E1
8.063547583E0,7.002590382E0,4.885699511E-2,-9.330760451E0,1.166626545E1
8.073515583E0,8.146154321E0,1.002691650E0,-7.201548327E0,1.091913545E1
8.083482583E0,7.392645274E0,7.594100565E-1,-5.460229964E0,9.221822978E0
8.093449583E0,6.444865412E0,8.794276661E-1,-3.405278648E0,7.342043711E0
8.103417583E0,5.080553879E0,1.839454522E0,-1.704987858E0,5.665916012E0
8.113384583E0,4.763759921E0,3.136675687E0,-1.103580824E0,5.809477910E0
8.123351583E0,4.157190235E0,4.071854215E0,-6.696707913E-1,5.857532447E0
8.133318583E0,3.775673739E0,5.533726541E0,-4.158972466E-1,6.711990177E0
8.143286583E0,3.238285092E0,7.102989414E0,-3.590131938E-1,7.814591443E0
8.153253583E0,3.153781716E0,8.255524151E0,-3.505657214E-1,8.844371908E0
8.163220583E0,3.033353632E0,9.062962652E0,-4.502706885E-1,9.567720208E0
8.173188583E0,3.000228863E0,9.837894727E0,-5.910242790E-1,1.030217723E1
8.183155583E0,3.188515054E0,1.044634312E1,-8.588127226E-1,1.095583279E1
8.193122583E0,3.884559127E0,1.095940823E1,-8.655311733E-1,1.165965577E1
8.203089583E0,6.235648527E0,1.192988231E1,-1.171848748E0,1.351216614E1
8.213057583E0,8.468031263E0,1.306748384E1,-1.178520421E0,1.561587646E1
8.223024583E0,9.877859277E0,1.365974597E1,-8.117141314E-1,1.687660048E1
8.232991583E0,1.041220591E1,1.391269886E1,-1.002546054E-1,1.737778100E1
8.242958583E0,1.079342332E1,1.393006042E1,5.971270180E-1,1.763238869E1
8.252926583E0,1.168766725E1,1.474539383E1,1.605740143E0,1.888403045E1
8.262893583E0,1.188386823E1,1.563962021E1,2.433533387E0,1.979257763E1
8.272860583E0,1.050620224E1,1.547635192E1,2.683282000E0,1.889703036E1
8.282828583E0,8.557496586E0,1.449241872E1,2.606393453E0,1.703097869E1
8.292795583E0,6.976087877E0,1.303846177E1,2.421303935E0,1.498432515E1
8.302762583E0,5.862181016E0,1.147954262E1,2.475468448E0,1.312528130E1
8.312729583E0,5.533568666E0,9.947615390E0,2.989436949E0,1.176911923E1
8.322697583E0,5.045896847E0,7.492998113E0,4.141210964E0,9.937591457E0
8.332664583E0,2.734066238E0,2.755629015E0,6.226302338E0,7.337264494E0
8.342631583E0,-8.892289882E-1,-5.293331718E0,9.690178857E0,1.107743902E1
8.352598583E0,-5.571035870E0,-1.803440351E1,1.425699461E1,2.365455656E1
8.362566583E0,-8.603083819E0,-3.112153868E1,1.640170186E1,3.621572924E1
8.372533583E0,-8.947194214E0,-3.878169524E1,1.438796289E1,4.232121981E1
8.382500583E0,-7.490677353E0,-4.271661877E1,1.015114059E1,4.454060419E1
8.392468583E0,-4.743321564E0,-4.127814291E1,5.733942221E0,4.194356059E1
8.402435583E0,-1.876088790E0,-3.401932754E1,2.129970070E0,3.413753254E1
8.412402583E0,2.050741321E-1,-2.485415614E1,-1.179898829E0,2.488299207E1
8.422369583E0,5.122514668E-1,-1.775341206E1,-3.829098579E0,1.816887551E1
8.432337583E0,-1.015776257E0,-1.267113150E1,-5.458872825E0,1.383432931E1
8.442304583E0,-2.979028029E0,-9.648653101E0,-5.853832362E0,1.167212354E1
8.452271750E0,-4.061840858E0,-8.173827438E0,-7.499465718E0,1.181321261E1
8.462239750E0,-4.236824634E0,-8.448213295E0,-2.798092431E1,2.953396546E1
8.472206750E0,-1.739405446E0,-6.199282939E0,-3.386782618E1,3.447442952E1
8.482173750E0,-4.310698941E-1,-1.937730430E0,-1.401628229E1,1.415615731E1
8.492140750E0,1.825442255E0,-7.736965585E-1,-6.429019457E0,6.727788416E0
8.502108750E0,3.204748387E0,-1.231257555E0,-3.748911033E0,5.083378928E0
8.512075750E0,4.303434068E0,-1.505045827E0,-2.179403016E0,5.053167841E0
8.522042750E0,5.336474814E0,-4.741477937E-1,-1.436999293E0,5.546868174E0
8.532009750E0,5.069355292E0,9.299996495E-1,-1.099128608E0,5.269852571E0
8.541977750E0,4.728642713E0,2.434704584E0,-9.492404974E-1,5.402675804E0
8.551944750E0,4.627560727E0,3.977470799E0,-8.720158817E-1,6.164008755E0
8.561911750E0,4.967406748E0,5.724773203E0,-8.880448540E-1,7.631302751E0
8.571879750E0,4.764334702E0,7.136780473E0,-8.320238502E-1,8.621182307E0
8.581846750E0,4.390313460E0,8.571193689E0,-8.699469906E-1,9.669385777E0
8.591813750E0,3.710499212E0,1.000254413E1,-8.672192645E-1,1.070377330E1
8.601780750E0,3.389980285E0,1.102404686E1,-8.900621434E-1,1.156779089E1
8.611748750E0,3.469995630E0,1.157593865E1,-1.027031854E0,1.212839724E1
8.621715750E0,3.352720073E0,1.170021186E1,-1.281575770E0,1.223838739E1
8.631682750E0,3.699836229E0,1.209357160E1,-1.357432283E0,1.271950803E1
8.641649750E0,5.158198471E0,1.272018496E1,-7.669144461E-1,1.374766433E1
8.651617750E0,6.795956798E0,1.315343089E1,-2.055537499E-2,1.480534348E1
8.661584750E0,7.725982175E0,1.396843686E1,1.633706791E0,1.604609070E1
8.671551750E0,9.366353037E0,1.472942859E1,3.319976542E0,1.776814228E1
8.681518750E0,1.147655352E1,1.549842633E1,5.438571877E0,2.003722943E1
8.691486750E0,1.039172779E1,1.514773606E1,5.530235168E0,1.918398851E1
8.701453750E0,8.687700630E0,1.471757745E1,4.076107480E0,1.756980024E1
8.711420750E0,7.929857043E0,1.451429549E1,3.271324784E0,1.685968482E1
8.721388750E0,7.412639828E0,1.388778388E1,2.672070549E0,1.596739588E1
8.731355750E0,7.171807634E0,1.313729024E1,2.041655332E0,1.510601126E1
8.741322750E0,7.237806911E0,1.225862914E1,2.108158055E0,1.439111419E1
8.751289750E0,8.099002374E0,1.158737814E1,2.720365042E0,1.439658146E1
8.761257750E0,9.040771884E0,1.077543495E1,3.337010066E0,1.445618175E1
8.771224750E0,8.553505862E0,9.303216557E0,3.899980574E0,1.322581375E1
8.781191750E0,5.402821416E0,6.019509709E0,4.037361490E0,9.040202663E0
8.791159750E0,6.062773257E-2,-3.994086832E0,7.250464963E0,8.278021957E0
8.801126750E0,-6.894488813E0,-2.352499515E1,1.446742538E1,2.846516766E1
8.811093750E0,-1.283050671E1,-4.550636278E1,2.008871047E1,5.137126867E1
8.821060750E0,-1.411434594E1,-5.819239766E1,2.164509894E1,6.367165943E1
8.831028750E0,-1.043954632E1,-6.281843402E1,1.537964482E1,6.551086364E1
8.840995750E0,-2.042243709E0,-5.253523991E1,7.097393044E0,5.305181599E1
8.850962750E0,1.500492454E0,-3.701164015E1,2.603379799E0,3.713341582E1
8.860929750E0,8.214586625E-1,-2.214929733E1,-2.357920410E-1,2.216577913E1
8.870897750E0,-3.694238690E-1,-1.195093579E1,-2.950528992E0,1.231531411E1
8.880864750E0,-8.323314138E-1,-7.320249143E0,-4.634081542E0,8.703650662E0
8.890831750E0,-8.539664041E-1,-3.900092255E0,-7.648112465E0,8.627491090E0
8.900799750E0,-5.558871907E-1,-1.621499559E0,-2.866006905E1,2.871128401E1
8.910766750E0,2.335518265E-1,-1.401156592E0,-7.342169536E1,7.343543515E1
8.920733750E0,-2.188933246E0,-2.100378335E-1,-1.794277998E1,1.807702681E1
8.930700750E0,1.437819219E0,-1.072695100E-1,-1.495790854E0,2.077551716E0
8.940668750E0,2.989329653E0,-1.154777729E0,-1.659531603E0,3.608829245E0
8.950635750E0,3.184340727E0,-1.367459089E0,-1.553190047E-1,3.469019201E0
8.960602750E0,4.102152148E0,-8.492449236E-1,5.108279622E-1,4.220167579E0
8.970569750E0,4.979075451E0,-1.139973164E-1,1.122291183E0,5.105264463E0
8.980537750E0,5.727413805E0,7.663518709E-1,1.650438598E0,6.009535061E0
8.990504750E0,5.453706225E0,2.401529236E0,1.879690967E0,6.248479207E0
9.000471750E0,5.958347248E0,4.080483536E0,2.141818721E0,7.532571623E0
9.010439750E0,6.316865183E0,5.199251772E0,2.274509001E0,8.491666263E0
9.020406750E0,6.521397863E0,6.361283557E0,2.612103260E0,9.477216997E0
9.030373750E0,6.927220357E0,8.309039623E0,3.537632128E0,1.138162389E1
9.040340750E0,6.681613326E0,9.887592552E0,3.476797112E0,1.242966457E1
9.050308750E0,7.359958754E0,1.114594143E1,2.722149028E0,1.363125447E1
9.060275750E0,8.207536637E0,1.176592872E1,1.764693777E0,1.445388807E1
9.070242750E0,8.504405038E0,1.191346566E1,1.003657610E0,1.467184030E1
9.080209750E0,8.893339019E0,1.245934535E1,5.068717726E-1,1.531612498E1
9.090177750E0,8.753187107E0,1.306639626E1,-1.749200410E-1,1.572830546E1
9.100144750E0,8.108263779E0,1.346234280E1,-4.118054016E-1,1.572094778E1
9.110111750E0,7.320109980E0,1.358479403E1,2.989360132E-1,1.543437727E1
9.120079750E0,8.156309180E0,1.412717239E1,2.152107482E0,1.645399483E1
9.130046750E0,7.474753046E0,1.431492181E1,3.054719358E0,1.643533480E1
9.140013750E0,6.755432085E0,1.422657974E1,2.760915483E0,1.598918660E1
9.149980750E0,6.755861855E0,1.404018921E1,2.682663365E0,1.581028985E1
9.159948750E0,6.264837243E0,1.366048740E1,1.913677908E0,1.514989323E1
9.169915750E0,5.874828544E0,1.320728609E1,1.323667536E0,1.451544391E1
9.179882750E0,6.060049624E0,1.283902377E1,1.101801370E0,1.424003859E1
9.189849750E0,6.599295055E0,1.228023577E1,1.472301419E0,1.401865034E1
9.199817750E0,6.963743820E0,1.119944111E1,1.905954321E0,1.332493419E1
9.209784750E0,6.903688822E0,9.660939270E0,2.120293951E0,1.206193655E1
9.219751750E0,5.367531715E0,7.207412499E0,2.002056819E0,9.206813952E0
9.229719750E0,3.019236115E0,3.544172823E-1,4.433444277E0,5.375576851E0
9.239686750E0,-2.055698152E0,-1.642719806E1,1.396245516E1,2.165707471E1
9.249653750E0,-9.924798385E0,-4.088266063E1,2.184911999E1,4.740545968E1
9.259620750E0,-1.505513721E1,-6.064522978E1,2.236892109E1,6.636919227E1
9.269588750E0,-1.278360854E1,-6.692269760E1,1.536858773E1,6.984455304E1
9.279555750E0,-3.656045262E0,-5.498647691E1,7.251747258E0,5.558297534E1
9.289522750E0,1.036995071E0,-3.747558864E1,1.962605655E0,3.754126961E1
9.299489750E0,1.024683174E0,-2.228603096E1,-1.359202674E0,2.235094144E1
9.309457750E0,9.352907950E-1,-1.152172093E1,-3.223146066E0,1.200056218E1
9.319424750E0,8.045102155E-1,-5.291665261E0,-1.005841077E1,1.139388367E1
9.329391750E0,4.918217046E0,-2.023145387E0,-7.342736950E1,7.361970231E1
9.339359750E0,3.167959460E0,-1.800609130E0,-4.940020612E1,4.953441758E1
9.349326750E0,-7.847363940E-1,4.010371327E-2,-8.017170591E0,8.055584634E0
9.359293750E0,6.631575778E-1,-1.090564191E0,-4.584303610E0,4.758670804E0
9.369260750E0,1.680666511E0,-2.303490726E0,-2.263904637E0,3.640875396E0
9.379228750E0,2.587311065E0,-1.695617110E0,-9.881168801E-1,3.247409876E0
9.389195750E0,3.414995843E0,-7.597152811E-1,1.949948479E-1,3.503910231E0
9.399162750E0,3.965969326E0,2.325595540E-1,8.669520468E-1,4.066276244E0
9.409130750E0,4.553600466E0,1.374614326E0,1.411200355E0,4.961484474E0
9.419097750E0,5.008842457E0,2.867904326E0,1.573229039E0,5.982342985E0
9.429064750E0,5.447436841E0,4.524357371E0,1.403711826E0,7.219057046E0
9.439031750E0,5.594124770E0,6.159814233E0,1.335475404E0,8.427398050E0
9.448999333E0,5.358907657E0,7.608495240E0,1.415281126E0,9.413294416E0
9.458966333E0,4.806352209E0,8.967282323E0,1.886570216E0,1.034757561E1
9.468933333E0,3.914802388E0,1.057681789E1,2.627993068E0,1.158020302E1
9.478900333E0,4.456936051E0,1.216709683E1,1.575876074E0,1.305319538E1
9.488868333E0,4.949435331E0,1.275409881E1,1.045365214E0,1.372066817E1
9.498835333E0,5.766946830E0,1.279787808E1,3.732640278E-1,1.404217523E1
9.508802333E0,6.511066418E0,1.289353034E1,-2.519494693E-1,1.444647324E1
9.518770333E0,6.536830419E0,1.295361984E1,-6.393328053E-1,1.452360717E1
9.528737333E0,6.619196638E0,1.298622625E1,2.596373884E-1,1.457817712E1
9.538704333E0,7.255266112E0,1.351429765E1,2.264071137E0,1.550487490E1
9.548671333E0,7.630996495E0,1.430922896E1,4.119137140E0,1.673180898E1
9.558639333E0,6.548717809E0,1.456932481E1,3.858278816E0,1.643281004E1
9.568606333E0,5.839568079E0,1.431313022E1,3.088227997E0,1.576399075E1
9.578573333E0,6.275814221E0,1.394943926E1,3.162299355E0,1.561962986E1
9.588540333E0,6.900144240E0,1.342616140E1,2.550238549E0,1.530939310E1
9.598508333E0,7.492723294E0,1.293587003E1,2.302848701E0,1.512549993E1
9.608475333E0,8.143286262E0,1.245147148E1,2.497150508E0,1.508602048E1
9.618442333E0,8.778095076E0,1.186241012E1,2.620946589E0,1.498803149E1
9.628409333E0,7.483201688E0,1.067406294E1,2.589323092E0,1.329054255E1
9.638377333E0,4.361961189E0,9.242518365E0,2.221120414E0,1.045869146E1
9.648344333E0,1.877275921E0,6.990615869E0,2.750772902E0,7.743360167E0
9.658311333E0,-3.792891450E-2,1.186650317E0,6.327713522E0,6.438131406E0
9.668279333E0,-1.721237855E0,-1.018214487E1,1.303578959E1,1.663041022E1
9.678246333E0,-5.152271149E0,-2.852317637E1,2.034698666E1,3.541351938E1
9.688213333E0,-1.098361220E1,-4.683082262E1,2.358168975E1,5.357109085E1
9.698180333E0,-1.444879615E1,-5.965086164E1,2.004247770E1,6.456542355E1
9.708148333E0,-1.054005177E1,-5.825616506E1,1.228876803E1,6.046393370E1
9.718115333E0,-3.234343192E0,-4.385027226E1,5.204117240E0,4.427629377E1
9.728082333E0,-3.512554005E-2,-2.921653921E1,1.505513604E0,2.925532376E1
9.738049333E0,1.597164032E-1,-1.814405518E1,-9.160512628E-1,1.816786717E1
9.748017333E0,9.388194434E-1,-1.052455197E1,-3.636803244E0,1.117469973E1
9.757984333E0,1.178031521E0,-7.222823421E0,-6.739379724E0,9.948677072E0
9.767951333E0,3.477625077E0,-7.155303867E0,-5.444471601E1,5.502289842E1
9.777919333E0,8.083668051E0,-5.943708744E0,-5.871663563E1,5.956774851E1
9.787886333E0,2.657870001E0,-2.539270341E0,-1.558732973E1,1.601489978E1
9.797853333E0,2.123195924E0,-1.895529905E0,-9.115769441E0,9.549777330E0
9.807820333E0,3.021054891E0,-2.218811933E0,-4.539470669E0,5.886993546E0
9.817788333E0,4.298625903E0,-1.856385720E0,-1.670576994E0,4.971436421E0
9.827755333E0,5.793719476E0,-9.468735445E-1,-2.097190140E-1,5.874328638E0
9.837722333E0,6.886891526E0,1.966728526E-1,5.325262485E-1,6.910248860E0
9.847689333E0,7.648794250E0,1.208007857E0,9.936435952E-1,7.807090627E0
9.857657333E0,7.300568000E0,2.125600884E0,1.333892562E0,7.719827823E0
9.867624333E0,7.147548121E0,3.091563833E0,1.660196432E0,7.962503580E0
9.877591333E0,7.457694964E0,4.646658903E0,2.726699331E0,9.200192518E0
9.887559333E0,7.320200611E0,6.792177742E0,3.548239562E0,1.059759498E1
9.897526333E0,7.538834437E0,8.582157218E0,2.994047479E0,1.180896979E1
9.907493333E0,8.042250468E0,1.022089671E1,2.390219552E0,1.322337595E1
9.917460333E0,9.709164181E0,1.126795878E1,9.799834031E-1,1.490621118E1
9.927428333E0,1.047831687E1,1.201958444E1,3.787276296E-1,1.595020279E1
9.937395333E0,8.905487194E0,1.250710306E1,1.489717790E-1,1.535439747E1
9.947362333E0,6.387404823E0,1.270529444E1,5.535734475E-2,1.422063682E1
9.957329333E0,4.608465475E0,1.339502966E1,4.054576278E-2,1.416567745E1
9.967297333E0,4.107083690E0,1.423932784E1,4.359771333E-1,1.482621562E1
9.977264333E0,4.731335941E0,1.504624828E1,1.706878847E0,1.586469547E1
9.987231333E0,5.450677952E0,1.569782106E1,2.644230201E0,1.682627200E1
9.997199333E0,5.780805316E0,1.550345025E1,3.087741508E0,1.683178028E1
1.000716633E1,5.915297123E0,1.474126803E1,3.011036564E0,1.616669615E1
1.001713333E1,6.430956055E0,1.391589378E1,3.407694132E0,1.570419291E1
1.002710033E1,6.938316033E0,1.320533078E1,3.796042807E0,1.539256091E1
1.003706833E1,7.169269942E0,1.239804314E1,4.001335040E0,1.487012398E1
1.004703533E1,7.179876207E0,1.127375571E1,4.352718787E0,1.405682578E1
1.005700233E1,7.782787875E0,9.871150181E0,5.274777918E0,1.363211924E1
1.006696933E1,8.421007370E0,7.405645389E0,7.295946361E0,1.337863155E1
1.007693733E1,6.572108425E0,1.853868493E0,9.886288623E0,1.201532939E1
1.008690433E1,1.757784561E0,-7.578590825E0,1.299868550E1,1.514894948E1
1.009687133E1,-4.032810602E0,-1.943120042E1,1.693723197E1,2.609032269E1
1.010683933E1,-9.036297594E0,-3.160596880E1,1.833118713E1,3.763807062E1
1.011680633E1,-1.068463704E1,-3.867320600E1,1.628365476E1,4.330052821E1
1.012677333E1,-8.744052002E0,-4.117926415E1,1.241388207E1,4.388957405E1
1.013674033E1,-4.160479878E0,-4.001105596E1,6.931793464E0,4.081965154E1
1.014670833E1,-5.103688096E-1,-3.575089625E1,2.727313288E0,3.585840623E1
1.015667533E1,1.556557897E0,-2.981466493E1,5.387682974E-2,2.985531812E1
1.016664233E1,1.542774255E0,-2.322150594E1,-2.781650002E0,2.343834609E1
1.017660933E1,8.732582688E-1,-1.573226116E1,-5.831438695E0,1.680096123E1
1.018657733E1,-1.074144625E0,-1.070450705E1,-8.166710792E0,1.350686577E1
1.019654433E1,8.682708862E-1,-9.465158703E0,-4.966578665E1,5.056711864E1
1.020651133E1,3.483983340E0,-7.620592545E0,-5.360702050E1,5.425794152E1
1.021647833E1,1.322490492E0,-2.710762160E0,-1.181362212E1,1.219257480E1
1.022644633E1,2.802421066E0,-1.860578758E0,-6.368917097E0,7.202667709E0
1.023641333E1,3.997277073E0,-2.886745809E0,-3.337263835E0,5.953894126E0
1.024638033E1,4.203348155E0,-3.197927610E0,-1.936195536E0,5.625275981E0
1.025634833E1,4.394707643E0,-2.531036292E0,-4.055079138E-1,5.087635664E0
1.026631533E1,4.558195208E0,-1.293346800E0,5.497082917E-1,4.769912861E0
1.027628233E1,4.697647208E0,3.398401737E-1,8.425409447E-1,4.784689737E0
1.028624933E1,4.495651635E0,2.141482506E0,8.903251219E-1,5.058607493E0
1.029621733E1,4.082694368E0,3.822626004E0,8.069138597E-1,5.650838243E0
1.030618433E1,3.752177580E0,5.353836951E0,6.408975202E-1,6.569106204E0
1.031615133E1,3.667202041E0,7.250661430E0,4.411203077E-1,8.137262999E0
1.032611933E1,3.707989587E0,9.337460191E0,1.431712680E-1,1.004777824E1
1.033608633E1,3.403222474E0,1.131898977E1,-2.048612934E-1,1.182131215E1
1.034605333E1,2.981048826E0,1.231224109E1,-2.894845372E-1,1.267129568E1
1.035602033E1,3.134301425E0,1.319318962E1,2.310369390E-1,1.356235510E1
1.036598833E1,4.563277315E0,1.416236678E1,2.043660343E-1,1.488078957E1
1.037595533E1,7.666849868E0,1.519582356E1,2.352311468E-1,1.702201440E1
1.038592233E1,1.041076282E1,1.569402504E1,2.573780608E0,1.900817590E1
1.039588933E1,1.396610382E1,1.630222318E1,6.416465485E0,2.240503439E1
1.040585733E1,1.639839468E1,1.611489125E1,9.403415029E0,2.483991309E1
1.041582433E1,1.461852211E1,1.509481291E1,9.000144260E0,2.285950923E1
1.042579133E1,1.116347021E1,1.462825889E1,5.962415156E0,1.934320087E1
1.043575833E1,8.569634821E0,1.353829346E1,4.160079929E0,1.655386045E1
1.044572633E1,6.759666638E0,1.221508844E1,3.452683779E0,1.438132483E1
1.045569421E1,4.999935978E0,1.160357259E1,2.880463561E0,1.295914067E1
1.046566121E1,3.765226811E0,1.058248385E1,2.477273483E0,1.150229461E1
1.047562921E1,3.287459299E0,9.269941222E0,2.432672676E0,1.013198378E1
1.048559621E1,3.899588810E0,7.695102444E0,3.384358479E0,9.266891433E0
1.049556321E1,5.061677898E0,5.073432555E0,5.113994690E0,8.804160535E0
1.050553021E1,5.745157766E0,1.208385587E0,6.910327751E0,9.067505892E0
1.051549821E1,4.462734150E0,-4.716360637E0,8.843536529E0,1.097124387E1
1.052546521E1,1.195561327E0,-1.355689111E1,1.144356587E1,1.778127845E1
1.053543221E1,-4.312760962E0,-2.464287051E1,1.451626834E1,2.892391780E1
1.054539921E1,-7.462290875E0,-3.465175537E1,1.607810876E1,3.892217255E1
1.055536721E1,-7.578928210E0,-4.026004443E1,1.318070465E1,4.303536110E1
1.056533421E1,-7.640996404E0,-4.167060802E1,7.464789975E0,4.301799029E1
1.057530121E1,-6.656855630E0,-3.849664114E1,2.834957605E0,3.917067896E1
1.058526921E1,-4.955925740E0,-3.147192021E1,-3.096214709E-1,3.186124334E1
1.059523621E1,-3.034781522E0,-2.404104233E1,-2.232894952E0,2.433449065E1
1.060520321E1,-1.503473218E0,-1.694535492E1,-3.204353700E0,1.731107645E1
1.061517021E1,-1.435438233E0,-1.188846999E1,-4.415733353E0,1.276302874E1
1.062513821E1,-2.047199662E0,-9.208587558E0,-1.377760596E1,1.669765065E1
1.063510521E1,-1.957296968E-2,-8.113299401E0,-5.984841333E1,6.039584910E1
1.064507221E1,-5.750026157E-1,-5.358295453E0,-3.102782184E1,3.149234330E1
1.065503921E1,6.663902110E-1,-2.414988357E0,-1.376857084E1,1.399463425E1
1.066500721E1,1.829306679E0,-2.736595159E0,-8.149427592E0,8.789111791E0
1.067497421E1,2.183832720E0,-3.127263424E0,-4.021377541E0,5.542596792E0
1.068494121E1,2.277011610E0,-2.400848621E0,-2.078485190E0,3.907551235E0
1.069490821E1,2.748617619E0,-1.405375358E0,-8.463873893E-1,3.200992084E0
1.070487621E1,3.822683306E0,-1.493525058E-1,2.038924098E-3,3.825600344E0
1.071484321E1,4.512447470E0,1.227154564E0,5.133076201E-1,4.704420815E0
1.072481021E1,5.084572086E0,2.775001425E0,8.548552539E-1,5.855278278E0
1.073477821E1,5.572067903E0,4.396581091E0,9.784730673E-1,7.164863959E0
1.074474521E1,5.978194453E0,6.071293235E0,9.934916407E-1,8.578253674E0
1.075471221E1,6.153747747E0,7.595224984E0,8.405085987E-1,9.811345912E0
1.076467921E1,5.855096530E0,8.737532356E0,6.305988193E-1,1.053680606E1
1.077464721E1,5.434630269E0,9.589091023E0,8.862998986E-1,1.105763991E1
1.078461421E1,5.578878155E0,1.034317017E1,1.315490790E0,1.182520895E1
1.079458121E1,8.538943956E0,1.161269659E1,1.422895371E0,1.448422995E1
1.080454821E1,1.079847882E1,1.290695906E1,2.964021442E0,1.708748548E1
1.081451621E1,1.193212062E1,1.363159982E1,5.288465080E0,1.887230455E1
1.082448321E1,1.383602900E1,1.468117737E1,9.507171532E0,2.230154654E1
1.083445021E1,1.117812801E1,1.506867001E1,1.088646538E1,2.169171478E1
1.084441821E1,6.838814549E0,1.509717402E1,8.141278328E0,1.846549378E1
1.085438521E1,4.905440295E0,1.549063550E1,5.963303933E0,1.730849867E1
1.086435221E1,3.980078073E0,1.526654329E1,4.723736315E0,1.646882055E1
1.087431921E1,3.815611976E0,1.440691255E1,4.103895203E0,1.545833043E1
1.088428721E1,4.314697852E0,1.344919008E1,3.786096693E0,1.462299078E1
1.089425421E1,4.546914759E0,1.278787233E1,3.586243540E0,1.403799328E1
1.090422121E1,4.696586815E0,1.233825419E1,3.640724387E0,1.369471862E1
1.091418821E1,5.106137202E0,1.192009758E1,3.917806395E0,1.354660734E1
1.092415621E1,5.914800110E0,1.118656437E1,4.349238524E0,1.338058140E1
1.093412321E1,6.835593318E0,9.681983984E0,5.287572795E0,1.297784943E1
1.094409021E1,6.499642128E0,6.597508730E0,6.918333174E0,1.156009529E1
1.095405721E1,3.498566880E0,7.701929069E-1,8.841179516E0,9.539372231E0
1.096402521E1,-9.121435685E-1,-7.780361280E0,1.175911788E1,1.412950392E1
1.097399221E1,-6.226444425E0,-1.988368136E1,1.520401785E1,2.579324627E1
1.098395921E1,-1.043439960E1,-3.487449920E1,1.901264503E1,4.106809054E1
1.099392721E1,-1.127323414E1,-4.775349453E1,1.883641931E1,5.255751840E1
1.100389421E1,-6.532305259E0,-5.456630067E1,1.391324850E1,5.668977566E1
1.101386121E1,-6.146533160E-1,-5.142647216E1,7.802252086E0,5.201860221E1
1.102382821E1,1.359440948E0,-4.112599836E1,2.330983749E0,4.121443080E1
1.103379621E1,7.462223925E-1,-2.958371161E1,-1.448870749E0,2.962856842E1
1.104376321E1,1.356340608E-1,-1.896807522E1,-3.522858261E0,1.929292109E1
1.105373021E1,1.418057969E-1,-1.214413832E1,-5.070202553E0,1.316081906E1
1.106369721E1,1.442284738E0,-9.633714634E0,-1.618664829E1,1.889169727E1
1.107366521E1,9.268742543E0,-8.860301666E0,-6.438936569E1,6.565367429E1
1.108363221E1,7.621309413E0,-4.116372576E0,-3.174448934E1,3.290503736E1
1.109359921E1,7.463894182E0,-9.987576431E-1,-1.854028239E1,2.001122946E1
1.110356721E1,5.993773774E0,-1.564566389E0,-1.085782572E1,1.250062284E1
1.111353421E1,3.834609872E0,-2.790652667E0,-3.884257411E0,6.130206425E0
1.112350121E1,3.544065527E0,-2.750991588E0,-1.232385045E0,4.652647427E0
1.113346821E1,4.066458989E0,-1.628311565E0,1.815946376E-1,4.384114948E0
1.114343621E1,4.156438867E0,-2.880905610E-1,1.050827537E0,4.296884772E0
1.115340321E1,4.320119975E0,1.197903868E0,1.301006067E0,4.668086017E0
1.116337021E1,4.542592205E0,2.876852905E0,1.428305799E0,5.563405795E0
1.117333721E1,4.969445672E0,4.300381529E0,1.640738652E0,6.773528985E0
1.118330521E1,5.283493778E0,5.658476887E0,1.864616845E0,7.963068702E0
1.119327221E1,5.339897189E0,6.806762452E0,1.800540717E0,8.836767732E0
1.120323921E1,5.304019843E0,7.789916800E0,1.729587679E0,9.581591924E0
1.121320621E1,5.529069818E0,8.832336187E0,2.209165782E0,1.065181623E1
1.122317421E1,7.394421659E0,9.795067381E0,2.742961607E0,1.257555784E1
1.123314121E1,1.106576908E1,1.108007839E1,3.230149276E0,1.598916029E1
1.124310821E1,1.351677103E1,1.251612181E1,4.283309999E0,1.891304176E1
1.125307521E1,1.515848909E1,1.385636445E1,6.937758794E0,2.167743352E1
1.126304321E1,1.432837976E1,1.481126388E1,1.147003973E1,2.358469452E1
1.127301021E1,9.096819200E0,1.519685618E1,1.072461796E1,2.070540962E1
1.128297721E1,4.312892232E0,1.546301676E1,6.862748373E0,1.745861512E1
1.129294521E1,2.250024371E0,1.553353301E1,4.668892940E0,1.637534179E1
1.130291221E1,1.677498197E0,1.481426350E1,3.476424644E0,1.530888408E1
1.131287921E1,2.095840018E0,1.365773219E1,3.246384655E0,1.419384400E1
1.132284621E1,2.765159392E0,1.271524640E1,3.347051489E0,1.343600949E1
1.133281421E1,2.918525426E0,1.209315060E1,3.414508477E0,1.290042442E1
1.134278121E1,2.806317943E0,1.155265387E1,3.615670238E0,1.242627470E1
1.135274821E1,3.241884346E0,1.127682784E1,4.051046898E0,1.241320431E1
1.136271521E1,4.230930641E0,1.092830338E1,5.190589707E0,1.281681748E1
1.137268321E1,5.251317719E0,9.838913312E0,6.966268648E0,1.314950386E1
1.138265021E1,4.555556359E0,6.959151417E0,8.885817161E0,1.217130350E1
1.139261721E1,6.660411322E-1,1.616268640E0,9.997637150E0,1.014931937E1
1.140258421E1,-4.595686970E0,-6.491453102E0,1.181485471E1,1.424254521E1
1.141255221E1,-1.073826069E1,-1.969589920E1,1.489505682E1,2.692770702E1
1.142251921E1,-1.445738571E1,-3.640127503E1,1.893256274E1,4.350299711E1
1.143248621E1,-1.373011371E1,-5.144924356E1,1.814377101E1,5.625599623E1
1.144245421E1,-7.079070793E0,-5.827392188E1,1.400908670E1,6.035078893E1
1.145242021E1,-1.450693619E0,-5.561049644E1,7.806771399E0,5.617452720E1
1.146238721E1,1.154253380E0,-4.477480594E1,1.116279515E0,4.480358945E1
1.147235421E1,1.631166760E0,-2.973893413E1,-2.925353220E0,2.992695440E1
1.148232221E1,1.088630225E0,-1.712486912E1,-4.538608789E0,1.774951346E1
1.149228921E1,1.523029523E0,-1.035835656E1,-5.966483649E0,1.205048118E1
1.150225621E1,2.979552231E0,-7.043150763E0,-1.736988617E1,1.897884743E1
1.151222321E1,9.692521251E0,-5.086077159E0,-5.814789801E1,5.916917434E1
1.152219121E1,8.520392495E0,-2.809526895E0,-2.562348132E1,2.714872602E1
1.153215821E1,7.427072511E0,-3.172769380E-1,-1.557292219E1,1.725624456E1
1.154212521E1,5.419453236E0,-2.540825701E-1,-8.023058152E0,9.685271986E0
1.155209221E1,4.422646516E0,-9.782362550E-1,-3.288016246E0,5.597124191E0
1.156206021E1,4.529266693E0,-4.188038975E-1,-1.493138557E0,4.787391381E0
1.157202721E1,4.494780692E0,6.844323796E-1,-4.027684933E-1,4.564397399E0
1.158199421E1,4.371542144E0,1.994350188E0,1.982024843E-1,4.809064110E0
1.159196221E1,4.213332860E0,3.393775420E0,4.621900915E-1,5.429871552E0
1.160192921E1,4.115155478E0,4.826532120E0,5.491364340E-1,6.366432890E0
1.161189621E1,4.258981488E0,6.198656702E0,5.391295823E-1,7.540088125E0
1.162186321E1,4.412147548E0,7.449842738E0,5.191175598E-1,8.673908338E0
1.163183121E1,4.445969598E0,8.588675110E0,4.195085601E-1,9.680287869E0
1.164179821E1,4.050464516E0,9.477560062E0,2.749454355E-1,1.031048023E1
1.165176521E1,3.473860348E0,1.023271042E1,-1.888065934E-2,1.080631412E1
1.166173221E1,4.861703122E0,1.128894444E1,-5.337753965E-1,1.230289966E1
1.167170021E1,6.563338187E0,1.273665306E1,1.130442202E-1,1.432873052E1
1.168166721E1,8.134501405E0,1.363345455E1,1.391319237E0,1.593665477E1
1.169163421E1,1.038368553E1,1.436667786E1,4.477143443E0,1.828297490E1
1.170160121E1,1.334184689E1,1.533938440E1,8.436811810E0,2.201093787E1
1.171156921E1,1.270477287E1,1.554644600E1,8.948887568E0,2.198148825E1
1.172153621E1,1.084922564E1,1.551974410E1,6.871691104E0,2.014418756E1
1.173150321E1,9.642410613E0,1.540885517E1,5.661622689E0,1.903845770E1
1.174147121E1,8.674727998E0,1.519873080E1,5.289138680E0,1.828188479E1
1.175143821E1,7.398069736E0,1.462327707E1,4.876205971E0,1.709821782E1
1.176140521E1,5.867713652E0,1.374451891E1,4.291958030E0,1.554872237E1
1.177137221E1,4.713503395E0,1.281098052E1,3.529937192E0,1.409960258E1
1.178134021E1,4.325911642E0,1.207053357E1,3.165632268E0,1.320729041E1
1.179130721E1,4.551094934E0,1.133385340E1,3.403374209E0,1.267878756E1
1.180127421E1,5.095458432E0,1.036739636E1,4.025530819E0,1.223321308E1
1.181124121E1,6.007861471E0,9.077178403E0,5.321257435E0,1.211632568E1
1.182120921E1,4.972635913E0,6.334855896E0,6.815671270E0,1.055039724E1
1.183117621E1,1.532278064E0,1.223411762E0,8.366475652E0,8.593167475E0
1.184114321E1,-2.185523735E0,-6.681372421E0,1.115127643E1,1.318211733E1
1.185111021E1,-8.782629592E0,-2.227386407E1,1.481091071E1,2.815355536E1
1.186107821E1,-1.254384463E1,-4.118033069E1,1.821869840E1,4.674493176E1
1.187104521E1,-1.121938947E1,-5.722070736E1,1.785254809E1,6.098194425E1
1.188101221E1,-4.051326395E0,-6.322961022E1,1.133213782E1,6.436469686E1
1.189098021E1,3.883109602E-1,-5.796080582E1,5.141162608E0,5.818966704E1
1.190094721E1,9.424580196E-1,-4.341465002E1,-8.168165579E-2,4.342495521E1
1.191091421E1,-1.429559442E-1,-2.563260064E1,-3.716048804E0,2.590095887E1
1.192088121E1,-4.772371700E-1,-1.427707863E1,-5.497443398E0,1.530635860E1
1.193084921E1,-3.111031553E-1,-9.260310273E0,-7.850127919E0,1.214391370E1
1.194081621E1,2.201710582E-2,-5.166488069E0,-3.874985832E1,3.909276920E1
1.195078321E1,1.418891782E0,-1.525832094E0,-6.516787333E1,6.520117432E1
1.196075021E1,1.155479395E0,-1.380287880E-1,-1.631852873E1,1.635996835E1
1.197071821E1,3.027811056E0,-7.326783407E-1,-7.954362139E0,8.542618708E0
1.198068521E1,4.318870133E0,-2.268722597E0,-3.643225241E0,6.088746308E0
1.199065221E1,5.031959424E0,-1.921958735E0,-1.959396703E0,5.731821391E0
1.200062021E1,5.762540953E0,-5.966902310E-1,-1.230679412E0,5.922625202E0
1.201058721E1,5.890322496E0,7.769844478E-1,-5.317399442E-1,5.965094409E0
1.202055421E1,5.696521211E0,2.081070244E0,-1.019004504E-1,6.065607221E0
1.203052121E1,5.393899734E0,3.400050067E0,1.468393725E-1,6.377778344E0
1.204048921E1,5.234036273E0,4.793560840E0,1.951995005E-1,7.100103104E0
1.205045621E1,5.265579663E0,6.272616963E0,7.857839227E-2,8.190129872E0
1.206042321E1,5.028477407E0,7.493745387E0,-4.462777711E-2,9.024621687E0
1.207039021E1,4.722334152E0,8.552322385E0,-1.383118663E-1,9.770454862E0
1.208035821E1,4.500903019E0,9.653923196E0,-5.874120153E-2,1.065175157E1
1.209032521E1,4.083735173E0,1.051598580E1,2.234477647E-1,1.128329647E1
1.210029221E1,3.392012192E0,1.104644053E1,9.023961139E-1,1.159068220E1
1.211025921E1,4.112321041E0,1.180865549E1,6.142616987E-2,1.250437132E1
1.212022721E1,4.518977932E0,1.234515624E1,4.974612272E-1,1.315566463E1
1.213019421E1,5.598101462E0,1.268874097E1,2.478179217E0,1.408844419E1
1.214016121E1,8.923691915E0,1.372613292E1,6.256341823E0,1.752657455E1
1.215012821E1,1.037050357E1,1.410520324E1,9.054287138E0,1.971000300E1
1.216009621E1,1.115574604E1,1.369556602E1,1.010733325E1,2.035134845E1
1.217006321E1,1.134589281E1,1.387931828E1,1.075535444E1,2.090555928E1
1.218003021E1,1.121156824E1,1.424608488E1,9.051382241E0,2.026271742E1
1.218999721E1,9.956982629E0,1.425733375E1,7.042731518E0,1.876201311E1
1.219996521E1,7.870285025E0,1.394636713E1,5.099516984E0,1.680617791E1
1.220993221E1,5.905042861E0,1.366477809E1,3.407604085E0,1.527113149E1
1.221989921E1,4.903753374E0,1.334417642E1,2.794689585E0,1.448875880E1
1.222986721E1,4.717916873E0,1.278656021E1,3.332746861E0,1.403075420E1
1.223983421E1,5.404810054E0,1.220557151E1,4.209347398E0,1.399666221E1
1.224980121E1,6.375115730E0,1.128685932E1,5.433723950E0,1.405562698E1
1.225976821E1,6.027043262E0,9.386087390E0,6.364192547E0,1.284238427E1
1.226973621E1,3.140790665E0,6.074865299E0,6.931114018E0,9.736985978E0
1.227970321E1,-2.118223306E0,-1.547646886E-1,9.119404070E0,9.363458372E0
1.228967021E1,-9.322134054E0,-1.018568594E1,1.315596040E1,1.907169829E1
1.229963721E1,-1.704661817E1,-2.739011696E1,1.892981571E1,3.740512827E1
1.230960521E1,-2.038172380E1,-4.903335649E1,2.271660823E1,5.775577030E1
1.231957221E1,-1.857138958E1,-6.701837208E1,1.842494256E1,7.194329166E1
1.232953921E1,-8.699116734E0,-7.312478311E1,1.061192107E1,7.440108470E1
1.233950621E1,-7.323067501E-1,-6.434906668E1,2.399828866E0,6.439796452E1
1.234947421E1,2.600821349E0,-4.153462986E1,-3.781799574E0,4.178745933E1
1.235944121E1,4.474274799E-1,-1.978520489E1,-5.748904662E0,2.060835823E1
1.236940821E1,-7.034486943E-1,-1.117737957E1,-8.133353596E0,1.384124614E1
1.237937621E1,1.144445114E1,-6.813627668E0,-6.017390210E1,6.163034543E1
1.238934321E1,1.393434525E1,-3.204670034E0,-5.102884279E1,5.299413820E1
1.239931021E1,9.172102686E0,-5.003006351E-1,-1.486684050E1,1.747571786E1
1.240927721E1,7.359535416E0,-1.125485517E0,-1.108664130E1,1.335451589E1
1.241924521E1,5.865119242E0,-9.476424533E-1,-5.598866277E0,8.163636049E0
1.242921221E1,4.946648548E0,-8.967640758E-2,-2.160523379E0,5.398632696E0
1.243917921E1,4.328819170E0,6.285429382E-1,-7.132686545E-1,4.431985312E0
1.244914621E1,4.230737390E0,1.728155696E0,-7.680332378E-2,4.570728577E0
1.245911500E1,4.076509768E0,2.955202087E0,3.223657697E-1,5.045301869E0
1.246908200E1,3.998276362E0,4.280065379E0,7.375443935E-1,5.903316461E0
1.247904900E1,4.161570384E0,5.813647372E0,8.466068061E-1,7.199576856E0
1.248901600E1,4.411506986E0,7.399909270E0,7.253943910E-1,8.645591253E0
1.249898400E1,4.607679609E0,8.796179345E0,6.466389743E-1,9.950960979E0
1.250895100E1,4.899063030E0,1.002162243E1,6.978124901E-1,1.117679189E1
1.251891800E1,4.914139783E0,1.105220120E1,1.110699078E0,1.214633993E1
1.252888600E1,4.522841772E0,1.176185204E1,1.603046331E0,1.270303187E1
1.253885300E1,5.005219522E0,1.225078218E1,4.151534808E-1,1.324032624E1
1.254882000E1,6.191220213E0,1.291212449E1,6.398046756E-1,1.433399863E1
1.255878700E1,7.696561909E0,1.377200433E1,2.155510561E0,1.592329722E1
1.256875500E1,1.169349926E1,1.528109000E1,6.869955651E0,2.043149351E1
1.257872200E1,1.498980276E1,1.663741716E1,1.075527141E1,2.484298089E1
1.258868900E1,1.157519488E1,1.626492262E1,8.917807277E0,2.186458623E1
1.259865600E1,8.701209453E0,1.603884003E1,8.184919606E0,1.999870857E1
1.260862400E1,7.049000902E0,1.553317516E1,6.742257138E0,1.834191854E1
1.261859100E1,5.794225261E0,1.458874809E1,5.054155455E0,1.649087943E1
1.262855800E1,4.779415841E0,1.381211389E1,4.344209919E0,1.524760524E1
1.263852500E1,3.805743046E0,1.305451238E1,3.745424631E0,1.410433193E1
1.264849300E1,2.963242300E0,1.223876732E1,3.541272604E0,1.308085785E1
1.265846000E1,2.353614666E0,1.164280039E1,3.215499662E0,1.230584174E1
1.266842700E1,2.335387580E0,1.119469785E1,3.225945128E0,1.188200392E1
1.267839400E1,3.108836801E0,1.073530784E1,3.822848783E0,1.181210708E1
1.268836200E1,3.870551245E0,9.776032940E0,5.183948439E0,1.172285411E1
1.269832900E1,3.598766229E0,7.309982602E0,6.910525972E0,1.068374154E1
1.270829600E1,1.940346182E0,2.841627524E0,8.964079803E0,9.601797593E0
1.271826400E1,-6.806685269E-2,-2.640441790E0,1.153350774E1,1.183209055E1
1.272823100E1,-5.276129209E0,-1.364705284E1,1.282815263E1,1.945870218E1
1.273819800E1,-8.525925130E0,-2.767105930E1,1.671819995E1,3.343466960E1
1.274816500E1,-8.898840664E0,-4.282475484E1,1.925663648E1,4.779086775E1
1.275813300E1,-4.675079294E0,-5.640000621E1,1.827470537E1,5.947084935E1
1.276810000E1,6.608347714E-2,-6.213923548E1,1.249313991E1,6.338270662E1
1.277806700E1,1.858766852E0,-5.670482858E1,4.669946609E0,5.692715520E1
1.278803400E1,2.789099647E0,-4.068398160E1,-1.827768277E0,4.082041367E1
1.279800200E1,1.357204096E0,-2.286142972E1,-5.494743739E0,2.355162799E1
1.280796900E1,8.480830818E-2,-1.278804073E1,-7.500488396E0,1.482560300E1
1.281793600E1,-7.670713708E-1,-8.170811445E0,-9.264956471E0,1.237699384E1
1.282790300E1,-1.459950346E-1,-5.754318014E0,-3.637183079E1,3.682449682E1
1.283787100E1,3.156671118E0,-3.665597273E0,-5.066941678E1,5.089981309E1
1.284783800E1,3.968904628E0,-8.384568107E-1,-1.649965208E1,1.699098974E1
1.285780500E1,5.211079520E0,-6.045424569E-1,-1.116083078E1,1.233227331E1
1.286777200E1,4.886468712E0,-1.792816545E0,-6.000419719E0,7.943349699E0
1.287774000E1,3.815946437E0,-1.634387407E0,-4.054702870E0,5.802868667E0
1.288770700E1,3.464315645E0,-5.172172147E-1,-2.526403543E0,4.318762716E0
1.289767400E1,3.477864228E0,6.559500074E-1,-1.096113053E0,3.705033580E0
1.290764200E1,3.445142625E0,2.034298950E0,-2.755143696E-1,4.010397498E0
1.291760900E1,3.626533780E0,3.526769755E0,1.846141398E-1,5.062008943E0
1.292757600E1,3.726779906E0,5.081571295E0,4.756481892E-1,6.319612052E0
1.293754300E1,3.824814032E0,6.673774549E0,4.931817962E-1,7.707898377E0
1.294751100E1,3.819172930E0,8.181253987E0,4.011548080E-1,9.037694609E0
1.295747800E1,3.989140672E0,9.451578544E0,3.692681868E-1,1.026557058E1
1.296744500E1,3.949235472E0,1.046719546E1,2.625809133E-1,1.119051341E1
1.297741200E1,3.773023781E0,1.112510897E1,2.858243264E-2,1.174753484E1
1.298738000E1,4.087962125E0,1.170017795E1,8.561427377E-2,1.239406827E1
1.299734700E1,3.613762291E0,1.199968637E1,7.357206470E-1,1.255360648E1
1.300731400E1,4.467240891E0,1.248361597E1,2.323847588E-1,1.326087899E1
1.301728100E1,7.365564480E0,1.332903214E1,5.437980723E-1,1.523844986E1
1.302724900E1,1.065873037E1,1.446102970E1,3.885526841E0,1.838007703E1
1.303721600E1,1.386777120E1,1.519867232E1,7.940553939E0,2.205373246E1
1.304718300E1,1.467790643E1,1.521300385E1,8.823889300E0,2.290714835E1
1.305715000E1,1.154044605E1,1.490368848E1,7.941425174E0,2.045404750E1
1.306711800E1,7.648736948E0,1.450584977E1,5.689614480E0,1.735783879E1
1.307708500E1,5.285012299E0,1.412713965E1,4.147354048E0,1.564314467E1
1.308705200E1,3.798464724E0,1.359340814E1,3.162070144E0,1.446401628E1
1.309702000E1,3.155608971E0,1.298455746E1,2.892246870E0,1.367193082E1
1.310698700E1,3.452329730E0,1.239687369E1,2.838629072E0,1.317796923E1
1.311695400E1,4.509458665E0,1.195366176E1,2.882337009E0,1.309706508E1
1.312692100E1,6.080337124E0,1.152929658E1,3.654298114E0,1.353695216E1
1.313688900E1,8.498926781E0,1.099454064E1,5.021663647E0,1.477595297E1
1.314685600E1,9.433365052E0,9.127210688E0,6.469562881E0,1.463385100E1
1.315682300E1,5.537393330E0,4.267130168E0,7.666293797E0,1.037512339E1
1.316679000E1,4.895973068E-1,-3.127151157E0,1.000919710E1,1.049775244E1
1.317675800E1,-4.124166915E0,-1.231320939E1,1.256101790E1,1.806662805E1
1.318672500E1,-8.330154503E0,-2.701232368E1,1.480061493E1,3.190791919E1
1.319669200E1,-9.865854943E0,-4.457714198E1,1.755325017E1,4.891393741E1
1.320665900E1,-8.249234886E0,-5.996888937E1,1.831462899E1,6.324352301E1
1.321662700E1,-2.476191748E0,-6.592348796E1,1.179926019E1,6.701686603E1
1.322659400E1,1.065588102E0,-5.668652913E1,3.530617223E0,5.680636690E1
1.323656100E1,1.215018230E0,-3.733692777E1,-2.761908925E-1,3.735771307E1
1.324652800E1,-1.452000179E0,-1.963905491E1,-2.466256744E0,1.984649099E1
1.325649600E1,-2.145288751E0,-1.127868492E1,-4.389862348E0,1.229153728E1
1.326646300E1,-1.402623074E0,-7.303521429E0,-1.628396116E1,1.790184816E1
1.327643000E1,8.526992247E0,-3.080237777E0,-8.252893021E1,8.302542853E1
1.328639800E1,6.117992023E0,-1.914612293E-2,-2.865677824E1,2.930257893E1
1.329636500E1,3.720476900E0,1.538700061E0,-9.257834562E0,1.009539732E1
1.330633200E1,3.505303457E0,-3.167220372E-1,-6.357005734E0,7.266291150E0
1.331629900E1,3.450381438E0,-6.941750103E-1,-3.242064148E0,4.785184526E0
1.332626700E1,3.434714408E0,-3.359932905E-1,-2.025655596E0,4.001679042E0
1.333623400E1,3.714180619E0,3.871096498E-1,-7.822397791E-1,3.815349344E0
1.334620100E1,3.838733036E0,1.304817283E0,-9.977864206E-2,4.055659656E0
1.335616800E1,3.814734017E0,2.320028406E0,5.014877661E-1,4.492907455E0
1.336613600E1,3.875204751E0,3.542022218E0,8.910338044E-1,5.325136101E0
1.337610300E1,3.813465756E0,5.000668049E0,1.134492568E0,6.390326705E0
1.338607000E1,3.440540282E0,6.648550830E0,1.096540119E0,7.565906806E0
1.339603700E1,3.641410266E0,8.273488551E0,9.579798190E-1,9.090005878E0
1.340600500E1,4.055362728E0,9.677671078E0,1.001937359E0,1.054073825E1
1.341597200E1,4.674480247E0,1.053232409E1,8.320617110E-1,1.155304908E1
1.342593900E1,5.251168031E0,1.108925618E1,1.447150206E0,1.235478094E1
1.343590600E1,6.064870069E0,1.166514845E1,2.698486515E0,1.342163056E1
1.344587400E1,7.785679908E0,1.193750825E1,2.091922091E0,1.440475799E1
1.345584058E1,9.510572273E0,1.210688688E1,3.992789919E0,1.590503273E1
1.346580758E1,1.360263622E1,1.304039603E1,8.654896581E0,2.073622134E1
1.347577558E1,1.381173850E1,1.369428197E1,1.037191976E1,2.204255427E1
1.348574258E1,1.019106538E1,1.337791720E1,7.697468812E0,1.849533747E1
1.349570958E1,7.181915715E0,1.336239401E1,5.146832653E0,1.601946857E1
1.350567658E1,5.444453006E0,1.346171481E1,3.631996833E0,1.496834110E1
1.351564458E1,4.806139371E0,1.349420194E1,2.472766449E0,1.453640381E1
1.352561158E1,4.735528395E0,1.353649369E1,1.791766970E0,1.445241569E1
1.353557858E1,4.673399682E0,1.341464824E1,1.590849624E0,1.429420352E1
1.354554558E1,4.467822981E0,1.316393951E1,1.677978984E0,1.400236977E1
1.355551358E1,4.273794824E0,1.283146332E1,1.756035805E0,1.363801433E1
1.356548058E1,4.422864325E0,1.239338408E1,1.899156933E0,1.329528092E1
1.357544758E1,5.269620089E0,1.182880500E1,2.071251014E0,1.311409945E1
1.358541458E1,5.925459584E0,1.075550647E1,2.475166147E0,1.252670899E1
1.359538258E1,5.403682126E0,8.870593350E0,3.113001480E0,1.084333828E1
1.360534958E1,2.453326504E0,5.487256964E0,4.634282101E0,7.589820190E0
1.361531658E1,-9.274983568E-1,-5.802484453E-2,8.405683572E0,8.456898746E0
1.362528358E1,-5.275308260E0,-1.109315042E1,1.338630327E1,1.816810334E1
1.363525158E1,-8.547435282E0,-3.029359633E1,1.975735811E1,3.716333984E1
1.364521858E1,-8.785179563E0,-5.279455223E1,2.392715027E1,5.862552895E1
1.365518558E1,-7.026325400E0,-6.711088439E1,2.127326046E1,7.075161950E1
1.366515358E1,-1.952123643E0,-6.484977077E1,1.269329244E1,6.610917658E1
1.367512058E1,-5.945112661E-2,-4.901889281E1,3.708550627E0,4.915901479E1
1.368508758E1,3.810074955E-2,-3.124876473E1,-1.351426023E0,3.127799708E1
1.369505458E1,-5.065152021E-1,-1.767589669E1,-4.412097555E0,1.822527054E1
1.370502258E1,-1.070082857E0,-1.104772107E1,-6.547907969E0,1.288690486E1
1.371498958E1,-1.572992812E0,-8.460553259E0,-1.624088121E1,1.837992085E1
1.372495658E1,6.518969514E0,-7.753310891E0,-7.994620102E1,8.058539477E1
1.373492358E1,6.214849981E0,-4.366356248E0,-3.473267148E1,3.555345124E1
1.374489158E1,4.354188777E0,-9.564395893E-1,-1.087606085E1,1.175425183E1
1.375485858E1,5.244519162E0,-1.473747436E0,-7.264602361E0,9.080273135E0
1.376482558E1,6.561696289E0,-1.128584542E0,-4.084173129E0,7.810891844E0
1.377479258E1,6.264123883E0,-1.168299415E0,-2.010662897E0,6.681836336E0
1.378476058E1,6.593018653E0,-6.237148923E-1,-5.817700370E-1,6.647959958E0
1.379472758E1,6.967632219E0,5.444383425E-1,4.590087676E-1,7.003927533E0
1.380469458E1,7.055824603E0,2.022267720E0,1.040759216E0,7.413326332E0
1.381466158E1,6.392267368E0,3.758667989E0,1.095159518E0,7.495868297E0
1.382462958E1,5.580803643E0,5.575408418E0,1.321323388E0,7.998527604E0
1.383459658E1,5.173132260E0,7.240768526E0,1.733970167E0,9.066238402E0
1.384456358E1,4.990823092E0,8.965386071E0,1.804254869E0,1.041833951E1
1.385453058E1,5.319898542E0,1.036993873E1,1.645376079E0,1.177048054E1
1.386449858E1,5.844263978E0,1.120363006E1,1.533269168E0,1.272900869E1
1.387446558E1,6.178357508E0,1.118773265E1,1.885035322E0,1.291862305E1
1.388443258E1,6.711373315E0,1.119888680E1,3.051636706E0,1.340783666E1
1.389440058E1,8.427925211E0,1.159529761E1,2.319462395E0,1.452104527E1
1.390436758E1,9.571497336E0,1.208277530E1,2.069912002E0,1.555286327E1
1.391433458E1,1.080541830E1,1.266413355E1,3.825460149E0,1.708131987E1
1.392430158E1,1.296438106E1,1.378728778E1,7.207835838E0,2.025135497E1
1.393426958E1,1.086415709E1,1.427255990E1,7.026623608E0,1.926419774E1
1.394423658E1,7.425019553E0,1.433140394E1,4.430561600E0,1.673767996E1
1.395420358E1,5.158245249E0,1.428851929E1,3.293506197E0,1.554401688E1
1.396417058E1,4.296889865E0,1.387761440E1,2.903063049E0,1.481483105E1
1.397413858E1,4.621173813E0,1.331256170E1,2.605956666E0,1.433075562E1
1.398410558E1,5.196978375E0,1.285426161E1,2.882851564E0,1.416161922E1
1.399407258E1,5.360803324E0,1.222593853E1,3.387392600E0,1.377266183E1
1.400403958E1,5.539033474E0,1.156507452E1,3.737917975E0,1.335679121E1
1.401400758E1,5.870397524E0,1.078056646E1,4.276535414E0,1.299888209E1
1.402397458E1,5.982509698E0,9.393891084E0,5.270048690E0,1.232108052E1
1.403394158E1,4.639469166E0,6.966721222E0,6.242303828E0,1.044156290E1
1.404390858E1,8.311158507E-1,3.123721765E0,7.224520283E0,7.914675264E0
1.405387658E1,-3.687385753E0,-1.697247899E0,8.774632355E0,9.668073080E0
1.406384358E1,-7.159005155E0,-8.473289080E0,1.045651260E1,1.524423296E1
1.407381058E1,-8.861651788E0,-1.996260942E1,1.280659979E1,2.531883973E1
1.408377758E1,-7.568924208E0,-3.431166961E1,1.602938859E1,3.862020952E1
1.409374558E1,-6.818414783E0,-4.996040212E1,1.624462226E1,5.297565774E1
1.410371258E1,-3.552672336E0,-5.742796075E1,1.216184603E1,5.880903550E1
1.411367958E1,1.707565311E-1,-5.373651528E1,5.473700194E0,5.401484635E1
1.412364758E1,2.022617091E0,-4.207460385E1,-1.020432687E0,4.213554974E1
1.413361458E1,5.434372991E-1,-2.610321028E1,-5.117482554E0,2.660566742E1
1.414358158E1,-1.116450984E0,-1.463835704E1,-6.708126356E0,1.614084628E1
1.415354858E1,-2.116633886E0,-9.782553754E0,-7.740080981E0,1.265256300E1
1.416351658E1,-2.996866422E0,-7.433008604E0,-1.777890358E1,1.950180088E1
1.417348358E1,-1.507700171E0,-5.199536532E0,-5.534691799E1,5.561105709E1
1.418345058E1,-2.166422051E0,-1.480034362E0,-2.688215764E1,2.700989237E1
1.419341758E1,1.039221545E0,-7.010799873E-1,-8.638813230E0,8.729294851E0
1.420338558E1,2.846629525E0,-1.628944234E0,-6.774941905E0,7.527057644E0
1.421335258E1,3.285652509E0,-1.787698478E0,-4.609457747E0,5.936200719E0
1.422331958E1,3.746254351E0,-7.364918947E-1,-2.800134512E0,4.734722300E0
1.423328658E1,4.016546864E0,7.108442527E-1,-1.507464820E0,4.348608795E0
1.424325458E1,4.691564642E0,2.051355278E0,-4.910602802E-1,5.143926270E0
1.425322158E1,5.390117755E0,3.633158675E0,1.416166395E-1,6.501789495E0
1.426318858E1,5.360078269E0,5.010956225E0,3.760613358E-1,7.347213313E0
1.427315558E1,5.010452195E0,6.261315465E0,2.053885661E-1,8.021900462E0
1.428312358E1,4.794281510E0,7.413427448E0,2.081719869E-1,8.831046218E0
1.429309058E1,4.528015974E0,8.580449247E0,3.842084076E-1,9.709513584E0
1.430305758E1,3.948814765E0,9.754338600E0,6.411420800E-1,1.054283277E1
1.431302558E1,2.922143683E0,1.080338230E1,1.645612307E0,1.131194204E1
1.432299258E1,2.717576505E0,1.141126702E1,2.073217433E0,1.191219827E1
1.433295958E1,3.816764462E0,1.160766681E1,1.140202959E0,1.227215069E1
1.434292658E1,6.041666563E0,1.194550841E1,4.796173157E-1,1.339503411E1
1.435289458E1,1.078216041E1,1.295867768E1,4.035626621E0,1.733402990E1
1.436286158E1,1.593074840E1,1.451589646E1,1.084253759E1,2.412593244E1
1.437282858E1,1.412943410E1,1.477772425E1,1.057871707E1,2.302023668E1
1.438279558E1,9.994740440E0,1.480832741E1,9.056438913E0,2.002998959E1
1.439276358E1,6.244550328E0,1.474677377E1,6.015891452E0,1.710709488E1
1.440273058E1,4.231114243E0,1.408678451E1,3.370586532E0,1.508975411E1
1.441269758E1,3.537540911E0,1.355073282E1,2.418919441E0,1.421223864E1
1.442266458E1,3.399027682E0,1.319707919E1,2.192638042E0,1.380304133E1
1.443263258E1,3.155452558E0,1.277985696E1,2.093648189E0,1.332910303E1
1.444259958E1,2.727607696E0,1.225320994E1,1.810019639E0,1.268294795E1
1.445256663E1,2.220196993E0,1.170474813E1,1.569504948E0,1.201639502E1
1.446253363E1,1.776743427E0,1.112982650E1,1.384738780E0,1.135549896E1
1.447250163E1,2.266600496E0,1.054983767E1,1.768113813E0,1.093447663E1
1.448246863E1,3.399151058E0,9.784204423E0,2.880729024E0,1.075097595E1
1.449243562E1,3.141467480E0,7.777914805E0,4.350175248E0,9.449275175E0
1.450240262E1,1.336154850E0,3.984962837E0,6.366706849E0,7.628905210E0
1.451237062E1,-1.073816962E0,-1.497999932E0,9.276122314E0,9.457459059E0
1.452233763E1,-4.916167012E0,-1.307124009E1,1.221395408E1,1.855280814E1
1.453230463E1,-7.955750853E0,-3.265341562E1,1.687285880E1,3.760628787E1
1.454227163E1,-6.933274564E0,-5.284319170E1,2.101326987E1,5.728901043E1
1.455223963E1,-3.179722011E0,-6.492378249E1,1.935564972E1,6.782218915E1
1.456220663E1,2.724034170E0,-5.953616266E1,1.226498390E1,6.084738989E1
1.457217362E1,4.829553961E0,-4.351592380E1,2.744794124E0,4.386905641E1
1.458214162E1,9.743306074E-1,-2.820146725E1,-2.365909753E0,2.831730220E1
1.459210862E1,-9.658081444E-1,-1.733885149E1,-5.053957819E0,1.808621148E1
1.460207563E1,-8.414138938E-1,-1.093786475E1,-6.897256300E0,1.295827948E1
1.461204263E1,1.277382731E-2,-7.259003068E0,-7.623160642E0,1.052643657E1
1.462201063E1,1.151416311E0,-5.278356999E0,-1.848508585E1,1.925838028E1
1.463197763E1,3.662143323E0,-4.726689743E0,-4.835153840E1,4.871985381E1
1.464194463E1,4.483688524E0,-3.071060572E0,-2.547779911E1,2.605097164E1
1.465191162E1,6.087723327E0,-1.667935807E-1,-1.255634948E1,1.395528960E1
1.466187962E1,5.292372190E0,-5.047252232E-1,-7.667680757E0,9.330449032E0
1.467184662E1,4.577115336E0,-8.191744477E-1,-4.328724738E0,6.352864663E0
1.468181363E1,3.770500123E0,-5.367697191E-1,-2.251742575E0,4.424379903E0
1.469178063E1,3.936220154E0,7.158494693E-1,-9.568852933E-1,4.113623589E0
1.470174863E1,3.754390166E0,2.064289320E0,-5.357892872E-1,4.317847389E0
1.471171563E1,3.651583544E0,3.497308559E0,-2.320773049E-1,5.061530343E0
1.472168263E1,3.648002124E0,5.041997924E0,9.244447947E-4,6.223316111E0
1.473164962E1,3.386103873E0,6.488216084E0,2.006197232E-1,7.321399843E0
1.474161762E1,3.327852157E0,7.954369156E0,2.657619448E-1,8.626541489E0
1.475158462E1,3.116206924E0,9.183571415E0,1.780173111E-1,9.699506157E0
1.476155163E1,3.044844580E0,1.001188097E1,-3.236550808E-2,1.046469716E1
1.477151963E1,3.275150617E0,1.071019990E1,-1.742085079E-1,1.120113128E1
1.478148663E1,3.110824562E0,1.113119475E1,4.913795382E-1,1.156815369E1
1.479145363E1,4.339486538E0,1.146456556E1,-4.537147351E-1,1.226675442E1
1.480142063E1,7.113417338E0,1.259933354E1,2.238851913E-1,1.447045391E1
1.481138863E1,1.029566038E1,1.391693108E1,4.362664901E0,1.785257511E1
1.482135562E1,1.437364657E1,1.533121467E1,1.035678015E1,2.342884449E1
1.483132262E1,1.392678714E1,1.581175756E1,1.088838795E1,2.371758988E1
1.484128963E1,9.982063676E0,1.539846467E1,8.254471067E0,2.012189360E1
1.485125763E1,6.037524396E0,1.455904423E1,5.901970149E0,1.683005411E1
1.486122463E1,4.056736824E0,1.394462700E1,4.802433990E0,1.529617952E1
1.487119163E1,3.199724167E0,1.329914117E1,3.451602044E0,1.410740753E1
1.488115863E1,3.337737460E0,1.295921212E1,2.472713825E0,1.360867311E1
1.489112663E1,3.776393824E0,1.272392951E1,1.757366631E0,1.338834830E1
1.490109362E1,4.112830918E0,1.238037519E1,1.706792893E0,1.315683130E1
1.491106062E1,4.817286210E0,1.199377600E1,2.243228152E0,1.311826901E1
1.492102763E1,6.273305181E0,1.172463802E1,3.273325117E0,1.369438396E1
1.493099563E1,7.826543759E0,1.108346744E1,4.592702551E0,1.432448793E1
1.494096263E1,7.256985778E0,9.346349713E0,5.183943762E0,1.291864422E1
1.495092963E1,3.769572754E0,6.156008865E0,5.513646033E0,9.083304271E0
1.496089663E1,-4.294880761E-1,6.534713727E-1,7.692696315E0,7.732338678E0
1.497086463E1,-3.989248553E0,-7.802359675E0,1.147506833E1,1.443842491E1
1.498083162E1,-7.225871574E0,-2.279620053E1,1.639177212E1,2.899258822E1
1.499079862E1,-8.179834868E0,-4.212465601E1,2.072977113E1,4.765626668E1
1.500076563E1,-6.707405979E0,-6.030759752E1,2.234151402E1,6.466172641E1
1.501073363E1,3.026299551E-3,-6.926828711E1,1.590214031E1,7.107020244E1
1.502070063E1,4.074056861E0,-5.985042945E1,7.041766727E0,6.040081393E1
1.503066763E1,3.736804081E0,-3.948015684E1,1.292200161E0,3.967765455E1
1.504063563E1,8.575947475E-1,-2.123392741E1,-2.492855728E0,2.139695006E1
1.505060263E1,-1.936821480E-1,-1.201255726E1,-4.384935191E0,1.278931981E1
1.506056962E1,-4.037155961E-1,-7.951180669E0,-6.720316046E0,1.041858474E1
1.507053662E1,4.830008290E0,-5.416316205E0,-5.619438068E1,5.666104378E1
1.508050462E1,8.197943695E0,-2.767584817E0,-5.821146894E1,5.885100613E1
1.509047163E1,4.817395846E0,8.804608691E-1,-1.626424435E1,1.698552790E1
1.510043863E1,4.625505138E0,4.959713566E-1,-1.186738493E1,1.274661172E1
1.511040563E1,4.079823678E0,-8.529807097E-1,-5.927379225E0,7.246127366E0
1.512037363E1,4.610311441E0,-6.699289459E-1,-2.712593508E0,5.390912716E0
1.513034063E1,5.615125045E0,-2.595625806E-1,-1.215753517E0,5.751091950E0
1.514030762E1,6.031855520E0,4.589578968E-1,-3.457645726E-1,6.059164671E0
1.515027462E1,5.434444912E0,2.155059156E0,-3.598215714E-2,5.846260872E0
1.516024262E1,5.168577864E0,3.894261412E0,1.641136555E-1,6.473515457E0
1.517020963E1,5.106673391E0,5.404238781E0,3.447341470E-1,7.443302463E0
1.518017663E1,4.970344974E0,6.955201623E0,4.290691231E-1,8.559395953E0
1.519014363E1,4.693688935E0,8.038884811E0,5.142357194E-1,9.323026504E0
1.520011163E1,4.261244946E0,8.916872892E0,6.111229134E-1,9.901631274E0
1.521007863E1,3.884159762E0,9.861951342E0,7.452316549E-1,1.062544830E1
1.522004562E1,3.085301173E0,1.042653977E1,8.413995682E-1,1.090595105E1
1.523001262E1,4.251240360E0,1.133853117E1,-5.025776140E-1,1.211973258E1
1.523998062E1,6.019774003E0,1.277137850E1,-1.719923766E-1,1.412003432E1
1.524994763E1,8.607036536E0,1.379237018E1,1.943982857E0,1.637344260E1
1.525991463E1,1.289047459E1,1.537190661E1,6.332360889E0,2.103707780E1
1.526988163E1,1.273124087E1,1.619318781E1,8.075370267E0,2.212499561E1
1.527984963E1,1.031657002E1,1.591632332E1,6.655980302E0,2.010131933E1
1.528981663E1,8.409713473E0,1.554493742E1,6.418825421E0,1.880344861E1
1.529978362E1,6.884619298E0,1.500335661E1,5.145635144E0,1.729092980E1
1.530975162E1,5.678864958E0,1.443328583E1,3.304095504E0,1.585831940E1
1.531971862E1,4.934365886E0,1.392618137E1,2.278105624E0,1.494912237E1
1.532968563E1,4.349056384E0,1.322049612E1,2.105464243E0,1.407582284E1
1.533965263E1,3.866408493E0,1.247410606E1,1.861128981E0,1.319152143E1
1.534962063E1,3.516835336E0,1.150743033E1,1.778206108E0,1.216351514E1
1.535958763E1,4.130109148E0,1.099615915E1,2.069660718E0,1.192714606E1
1.536955463E1,5.316585510E0,1.046012852E1,3.060755439E0,1.212635947E1
1.537952163E1,6.016684334E0,9.229190807E0,4.060066813E0,1.174149036E1
1.538948962E1,5.326180206E0,6.772719378E0,5.229407033E0,1.007891965E1
1.539945662E1,1.610923407E0,-2.164580762E-2,8.828915566E0,8.974702939E0
1.540942363E1,-3.021667679E0,-1.113444697E1,1.380971068E1,1.799484632E1
1.541939063E1,-8.355979316E0,-2.724197424E1,1.807634325E1,3.374465493E1
1.542935863E1,-1.067597732E1,-4.129818249E1,2.142082782E1,4.773225568E1
1.543932563E1,-8.070101926E0,-4.936045441E1,1.964196682E1,5.373441974E1
1.544929263E1,-2.386184388E0,-4.876054411E1,1.330619993E1,5.059979738E1
1.545925950E1,1.069424606E0,-4.033649795E1,6.394637829E0,4.085423024E1
1.546922750E1,1.397282081E0,-3.030143160E1,1.059856954E0,3.035214080E1
1.547919450E1,1.513940027E0,-2.137508154E1,-2.077923272E0,2.152914049E1
1.548916150E1,1.907021146E-1,-1.532494996E1,-3.563133297E0,1.573487774E1
1.549912850E1,-1.718573133E0,-1.200813209E1,-4.490874752E0,1.293509512E1
1.550909650E1,-1.161832833E0,-9.886934155E0,-5.265502480E0,1.126174227E1
1.551906350E1,1.568047822E-2,-9.297417873E0,-1.366967922E1,1.653185879E1
1.552903050E1,2.465236405E0,-1.018297751E1,-4.970594065E1,5.079813931E1
1.553899750E1,4.668952874E0,-5.459320137E0,-2.858464932E1,2.947347068E1
1.554896550E1,4.647072009E0,-2.002631600E0,-1.278540363E1,1.375035845E1
1.555893250E1,3.823191429E0,-2.444620877E0,-8.332060695E0,9.487686724E0
1.556889950E1,4.374316063E0,-2.811475187E0,-4.870107910E0,7.124393644E0
1.557886650E1,6.008004143E0,-1.782055914E0,-2.339082727E0,6.689031699E0
1.558883450E1,7.242941351E0,-4.549730194E-1,-8.595012322E-1,7.307936934E0
1.559880150E1,7.545906644E0,5.570086867E-1,-7.003487930E-2,7.566760908E0
1.560876850E1,7.372245508E0,1.659784203E0,3.883463359E-1,7.566749653E0
1.561873650E1,6.499248025E0,2.806917867E0,4.492503494E-1,7.093718255E0
1.562870350E1,5.634308590E0,3.894797017E0,7.760379298E-1,6.893265697E0
1.563867050E1,5.078686278E0,5.594222419E0,1.530123950E0,7.709063373E0
1.564863750E1,4.934139599E0,7.184900134E0,1.505107954E0,8.844991434E0
1.565860550E1,4.021114417E0,8.257375379E0,8.080321397E-1,9.219898332E0
1.566857250E1,3.262645177E0,9.549409479E0,1.765835007E-1,1.009293103E1
1.567853950E1,3.036122289E0,1.034875777E1,-1.991304374E-1,1.078677333E1
1.568850650E1,2.652126866E0,1.075543396E1,-3.372212058E-1,1.108272777E1
1.569847450E1,2.893982908E0,1.101866859E1,-7.041527722E-1,1.141411520E1
1.570844150E1,3.962957425E0,1.154589215E1,-1.320203646E0,1.227825699E1
1.571840850E1,5.541011587E0,1.227235256E1,-1.033595427E0,1.350487935E1
1.572837550E1,6.962312422E0,1.258008918E1,-2.828532100E-2,1.437822096E1
1.573834350E1,8.034366667E0,1.314277727E1,1.721357723E0,1.549989401E1
1.574831050E1,1.014581378E1,1.442819407E1,4.255835686E0,1.814448839E1
1.575827750E1,9.806177675E0,1.482260748E1,4.931811238E0,1.844433721E1
1.576824450E1,7.915145448E0,1.441783398E1,4.403719956E0,1.702692613E1
1.577821250E1,6.610486625E0,1.369249974E1,3.651386200E0,1.563699791E1
1.578817950E1,6.922965338E0,1.337495617E1,3.754880748E0,1.552147000E1
1.579814650E1,8.224070808E0,1.316415001E1,3.928621405E0,1.601137884E1
1.580811350E1,9.406440963E0,1.254104264E1,3.721318899E0,1.611232747E1
1.581808150E1,1.027305153E1,1.176559894E1,4.212044134E0,1.617733668E1
1.582804850E1,9.824315153E0,1.049291035E1,4.912879708E0,1.519061298E1
1.583801550E1,7.988701667E0,8.711928568E0,5.166016198E0,1.289979756E1
1.584798250E1,4.930954036E0,5.278348228E0,5.908554114E0,9.332002970E0
1.585795050E1,1.089322974E0,-1.276593357E0,8.581025198E0,8.743586711E0
1.586791750E1,-3.217332472E0,-1.159296691E1,1.331279091E1,1.794375969E1
1.587788450E1,-9.229824060E0,-2.638065599E1,1.744104210E1,3.294417418E1
1.588785250E1,-1.285401018E1,-3.983524655E1,1.855743228E1,4.578701495E1
1.589781950E1,-1.187773918E1,-4.887053258E1,1.588139088E1,5.274114351E1
1.590778650E1,-5.800408106E0,-4.829699089E1,9.967552056E0,4.965476973E1
1.591775350E1,-6.024127547E-1,-4.085830815E1,4.281334809E0,4.108642201E1
1.592772150E1,9.341172588E-1,-3.209296702E1,1.940398514E-2,3.210656449E1
1.593768850E1,4.098374847E-1,-2.208947798E1,-2.837439748E0,2.227474059E1
1.594765550E1,-7.589251761E-1,-1.326940457E1,-5.463362902E0,1.437015655E1
1.595762250E1,-1.337914716E0,-8.711094171E0,-7.650557771E0,1.167065601E1
1.596759050E1,2.950535716E-1,-7.308333102E0,-3.417864779E1,3.495252143E1
1.597755750E1,3.932892212E0,-8.603707132E0,-6.985815422E1,7.049576674E1
1.598752450E1,-2.113485892E0,-4.993875924E0,-1.700514036E1,1.784882120E1
1.599749150E1,-5.345391525E-1,-2.378040386E0,-5.022202760E0,5.582412449E0
1.600745950E1,1.178748682E0,-3.036854945E0,-1.763564680E0,3.704334865E0
1.601742650E1,2.072538571E0,-2.568371349E0,-6.720513390E-1,3.368026205E0
1.602739350E1,2.464042404E0,-1.435366897E0,1.208897218E-2,2.851653773E0
1.603736050E1,2.715973198E0,-1.588951617E-1,2.258767712E-1,2.729977729E0
1.604732850E1,2.965503126E0,8.987749332E-1,4.372828531E-1,3.129412320E0
1.605729550E1,3.334579378E0,1.957843682E0,5.754570906E-1,3.909440162E0
1.606726250E1,3.626457181E0,3.520218535E0,5.482804017E-1,5.083674028E0
1.607722950E1,3.817530155E0,5.247431660E0,4.734497823E-1,6.506399174E0
1.608719750E1,3.943140042E0,6.757770386E0,6.153334203E-1,7.848213122E0
1.609716450E1,4.076070058E0,8.148486775E0,6.742529619E-1,9.136016687E0
1.610713150E1,4.161175404E0,9.325296228E0,4.706938434E-1,1.022243039E1
1.611709950E1,3.819890091E0,1.037966382E1,3.983837394E-1,1.106741573E1
1.612706650E1,3.341645154E0,1.113291617E1,4.508770448E-1,1.163235595E1
1.613703350E1,3.223178226E0,1.164705015E1,8.116753936E-2,1.208508350E1
1.614700050E1,3.488134863E0,1.210718743E1,-5.825113177E-2,1.259978037E1
1.615696850E1,4.439554617E0,1.272383362E1,-1.943690862E-1,1.347751337E1
1.616693550E1,6.634157909E0,1.349410839E1,-1.005194843E-2,1.503672549E1
1.617690250E1,9.164824657E0,1.453048526E1,1.365437121E0,1.723349737E1
1.618686950E1,1.262614887E1,1.563169373E1,5.201843843E0,2.075641258E1
1.619683750E1,1.343778216E1,1.593171553E1,6.333658386E0,2.178322239E1
1.620680450E1,9.051644781E0,1.514267705E1,3.954233379E0,1.807951612E1
1.621677150E1,5.397822046E0,1.449280581E1,2.760907881E0,1.570988591E1
1.622673850E1,4.097332873E0,1.424051716E1,1.985537850E0,1.495067979E1
1.623670650E1,3.800301334E0,1.355642217E1,1.097887244E0,1.412176436E1
1.624667350E1,4.381951942E0,1.290572881E1,6.969729030E-1,1.364716491E1
1.625664050E1,5.561421293E0,1.256710368E1,4.037467325E-1,1.374861859E1
1.626660750E1,6.968644956E0,1.220337296E1,6.709703350E-1,1.406892054E1
1.627657550E1,8.455029979E0,1.154974546E1,1.264897757E0,1.436955527E1
1.628654250E1,8.631430535E0,1.016576331E1,1.722721878E0,1.344663926E1
1.629650950E1,6.537499925E0,7.528005978E0,2.175494006E0,1.020502589E1
1.630647650E1,2.709641249E0,2.111628377E0,4.095129057E0,5.345204589E0
1.631644450E1,-7.718666723E-1,-7.213111196E0,9.538530734E0,1.198366888E1
1.632641150E1,-4.430813030E0,-2.272312904E1,1.575363507E1,2.800267336E1
1.633637850E1,-6.949374288E0,-4.312153612E1,2.029735549E1,4.816371373E1
1.634634550E1,-5.478758036E0,-5.876138320E1,2.113097900E1,6.268520733E1
1.635631350E1,1.478307314E-1,-6.195942191E1,1.498872454E1,6.374679349E1
1.636628050E1,4.120613854E0,-5.164312788E1,6.230307680E0,5.218054090E1
1.637624750E1,3.165200159E0,-3.645234695E1,6.288018237E-1,3.659491061E1
1.638621550E1,7.203278518E-1,-2.158738458E1,-2.962240380E0,2.180158053E1
1.639618250E1,-9.240675031E-1,-1.210866210E1,-5.149548100E0,1.319058164E1
1.640614950E1,-1.340799147E0,-8.315306668E0,-7.053444201E0,1.098604307E1
1.641611650E1,-1.686608305E0,-6.743283910E0,-1.551309816E1,1.699919821E1
1.642608450E1,3.009441151E0,-3.727735049E0,-7.077221436E1,7.093418830E1
1.643605150E1,-7.228325066E-1,-1.878367158E0,-3.044083624E1,3.050729848E1
1.644601850E1,-4.789433876E-1,-3.364938122E-1,-7.827330210E0,7.849185503E0
1.645598571E1,2.330325060E0,-1.020502853E0,-3.940855535E0,4.690648495E0
1.646595371E1,3.557166798E0,-6.561353642E-1,-2.723907285E0,4.528092330E0
1.647592071E1,4.152010186E0,-2.127135193E-1,-1.602997214E0,4.455786765E0
1.648588771E1,4.826732387E0,7.463222337E-1,-4.711569428E-1,4.906763830E0
1.649585471E1,5.227020199E0,1.687770731E0,2.256955075E-1,5.497385621E0
1.650582271E1,5.649933520E0,2.650602497E0,7.669577886E-1,6.287739389E0
1.651578971E1,5.968783944E0,3.852852600E0,1.200477812E0,7.204998397E0
1.652575671E1,5.618141624E0,5.015476708E0,1.559896949E0,7.691020765E0
1.653572371E1,5.004272273E0,6.388692380E0,1.559717293E0,8.263827766E0
1.654569171E1,4.736544056E0,7.902890854E0,1.328845246E0,9.308939957E0
1.655565871E1,4.168203173E0,9.061056460E0,1.180168605E0,1.004337890E1
1.656562571E1,4.015964482E0,1.016246782E1,9.991289413E-1,1.097278367E1
1.657559371E1,4.224049930E0,1.103081092E1,7.803185302E-1,1.183766381E1
1.658556071E1,5.205931631E0,1.171968543E1,7.036047419E-1,1.284320094E1
1.659552771E1,6.524372342E0,1.235112976E1,1.309883310E0,1.402974109E1
1.660549471E1,7.549745341E0,1.269352165E1,9.207633877E-1,1.479770090E1
1.661546271E1,8.344646827E0,1.300765981E1,3.886749494E-1,1.545908835E1
1.662542971E1,9.235592923E0,1.362044333E1,4.013874175E-1,1.646128078E1
1.663539671E1,8.717641883E0,1.399149477E1,3.016362208E-1,1.648788010E1
1.664536371E1,8.093730524E0,1.431820093E1,2.476342022E0,1.663284767E1
1.665533171E1,6.275965079E0,1.442036231E1,3.510510988E0,1.611391555E1
1.666529871E1,3.945073716E0,1.408024615E1,2.729059267E0,1.487496900E1
1.667526571E1,3.171231270E0,1.362976847E1,2.268647168E0,1.417653188E1
1.668523271E1,3.812543942E0,1.330109414E1,1.961549063E0,1.397505890E1
1.669520071E1,4.748766198E0,1.289831921E1,1.605597471E0,1.383818493E1
1.670516771E1,5.955755762E0,1.254267402E1,1.655946676E0,1.398327063E1
1.671513471E1,6.955654782E0,1.183698642E1,2.181637090E0,1.390161578E1
1.672510171E1,6.484133558E0,1.052674234E1,2.847349609E0,1.268714673E1
1.673506971E1,4.378593886E0,8.692226960E0,3.404078214E0,1.031089921E1
1.674503671E1,9.021894148E-1,5.595918696E0,4.805082779E0,7.430819087E0
1.675500371E1,-2.050441651E0,3.331614840E-1,7.821425107E0,8.092589093E0
1.676497071E1,-4.103860120E0,-9.555654890E0,1.249990046E1,1.626037269E1
1.677493871E1,-5.427828788E0,-2.877103283E1,1.824996463E1,3.450065020E1
1.678490571E1,-4.988764873E0,-4.888723691E1,2.200646622E1,5.384360930E1
1.679487271E1,-3.499511498E0,-5.929119239E1,1.963221600E1,6.255490374E1
1.680484071E1,-5.840834878E-2,-5.587051043E1,1.212128740E1,5.717029784E1
1.681480771E1,2.079274564E0,-4.272706424E1,4.456437576E0,4.300912969E1
1.682477471E1,2.183490804E0,-2.846331960E1,-1.035602265E0,2.856572538E1
1.683474171E1,1.325109167E-1,-1.795450482E1,-3.925087348E0,1.837901285E1
1.684470971E1,-1.309498563E0,-1.209030652E1,-5.538826482E0,1.336296737E1
1.685467671E1,-2.232848467E0,-8.922598486E0,-6.522003050E0,1.127541129E1
1.686464371E1,-3.212843857E0,-7.755548036E0,-1.074282619E1,1.363375244E1
1.687461071E1,-1.753943379E0,-8.787699128E0,-5.740888947E1,5.810404946E1
1.688457871E1,-6.661969605E-1,-6.557748833E0,-3.906081558E1,3.961306858E1
1.689454571E1,1.090673827E0,-1.316967212E0,-1.019383930E1,1.033626295E1
1.690451271E1,3.194663986E0,-1.103969518E0,-6.326413686E0,7.172735657E0
1.691447971E1,4.260971296E0,-1.330424579E0,-3.444727765E0,5.638444406E0
1.692444771E1,5.156585809E0,-7.754097927E-1,-2.073687257E0,5.611756979E0
1.693441471E1,5.784576770E0,1.239691579E-1,-1.079242374E0,5.885699692E0
1.694438171E1,6.105712286E0,1.239604456E0,-2.338307387E-1,6.234662664E0
1.695434871E1,6.877513762E0,2.032424918E0,3.551025760E-1,7.180323421E0
1.696431671E1,6.938923559E0,2.666736719E0,5.497417670E-1,7.454016427E0
1.697428371E1,5.861362406E0,4.705624564E0,5.312657350E-1,7.535297942E0
1.698425071E1,5.895563940E0,6.924575661E0,9.571106303E-1,9.144587635E0
1.699421871E1,5.241514862E0,8.613672541E0,1.593646347E0,1.020825849E1
1.700418571E1,4.404699365E0,1.023768640E1,1.547806515E0,1.125199113E1
1.701415271E1,3.872124146E0,1.119682390E1,1.366808878E0,1.192603779E1
1.702411971E1,4.308762051E0,1.184403583E1,3.755326744E-1,1.260903009E1
1.703408771E1,5.352502032E0,1.226002546E1,-1.920670009E-1,1.337887858E1
1.704405471E1,6.500520964E0,1.277553704E1,-6.898656124E-1,1.435085482E1
1.705402171E1,7.651127290E0,1.351408715E1,-8.367698890E-1,1.555218584E1
1.706398871E1,8.272829570E0,1.386912190E1,-4.530212553E-1,1.615541642E1
1.707395671E1,9.791695876E0,1.453258675E1,1.562054425E0,1.759299292E1
1.708392371E1,1.152971407E1,1.543334448E1,5.377728674E0,2.000105982E1
1.709389071E1,9.464807285E0,1.568533023E1,6.591533461E0,1.946947546E1
1.710385771E1,5.929727467E0,1.488727768E1,5.243958414E0,1.686095503E1
1.711382571E1,4.630939248E0,1.429263106E1,4.143375603E0,1.558500761E1
1.712379271E1,4.772082263E0,1.416259366E1,3.412325127E0,1.532957243E1
1.713375971E1,5.067034532E0,1.385733509E1,3.153699270E0,1.508795525E1
1.714372671E1,5.023327180E0,1.316912365E1,3.050592686E0,1.442101763E1
1.715369471E1,5.039277799E0,1.209404055E1,3.286117655E0,1.350772767E1
1.716366171E1,5.389087476E0,1.089390538E1,4.370009004E0,1.291574299E1
1.717362871E1,5.358955019E0,9.387324661E0,5.386870211E0,1.207719478E1
1.718359571E1,4.228864235E0,7.176915177E0,6.313402462E0,1.045229424E1
1.719356371E1,1.728946093E0,3.263219959E0,7.713151045E0,8.551640669E0
1.720353071E1,-1.198644272E0,-3.444617545E0,1.045793581E1,1.107567423E1
1.721349771E1,-3.703778714E0,-1.598436152E1,1.511870229E1,2.231127403E1
1.722346571E1,-6.917025737E0,-3.824043252E1,2.022025177E1,4.380678607E1
1.723343271E1,-6.444440904E0,-5.593763646E1,2.176704145E1,6.036848586E1
1.724339971E1,-1.730097848E0,-6.204405684E1,1.688695059E1,6.432439140E1
1.725336671E1,4.021187507E0,-5.403075185E1,9.241931890E0,5.496276375E1
1.726333471E1,4.964603008E0,-3.899499699E1,1.257048747E0,3.932985182E1
1.727330171E1,3.109535835E0,-2.514908034E1,-3.504129629E0,2.558171964E1
1.728326871E1,1.589933950E0,-1.543716622E1,-5.855226338E0,1.658667134E1
1.729323571E1,-5.192520458E-1,-1.091603242E1,-7.233393432E0,1.310539457E1
1.730320371E1,-1.682961397E0,-8.832498155E0,-9.370189980E0,1.298637143E1
1.731317071E1,1.290695672E0,-8.196901136E0,-4.466967300E1,4.543385048E1
1.732313771E1,3.927985813E0,-7.231907070E0,-5.140831773E1,5.206289162E1
1.733310471E1,2.617768919E0,-2.632697153E0,-1.607131430E1,1.649457340E1
1.734307271E1,3.498826789E0,-2.132547376E0,-9.705133696E0,1.053466503E1
1.735303971E1,4.722428877E0,-2.270588443E0,-4.480768132E0,6.894504292E0
1.736300671E1,5.410326902E0,-1.908110774E0,-2.251186797E0,6.162821262E0
1.737297371E1,6.073919805E0,-1.089481872E0,-9.836550160E-1,6.248763856E0
1.738294171E1,6.829696986E0,1.710176092E-1,1.370660439E-2,6.831851566E0
1.739290871E1,7.185000706E0,1.336505683E0,7.614219372E-1,7.347805520E0
1.740287571E1,6.916424643E0,2.313880059E0,1.572805555E0,7.460877165E0
1.741284271E1,6.641625972E0,3.455982778E0,1.911960581E0,7.727263797E0
1.742281071E1,6.602464246E0,4.846743606E0,2.031392153E0,8.438602478E0
1.743277771E1,5.922753493E0,6.594179910E0,2.314774683E0,9.160807795E0
1.744274471E1,5.100632048E0,8.987720096E0,1.976836608E0,1.052157036E1
1.745271271E1,4.740180439E0,1.037145783E1,1.378626686E0,1.148638584E1
1.746268058E1,5.437432255E0,1.125201694E1,7.087942920E-1,1.251702616E1
1.747264758E1,6.432437739E0,1.204559520E1,5.961078483E-1,1.366850261E1
1.748261458E1,6.629181343E0,1.267526665E1,1.378244863E0,1.437038583E1
1.749258258E1,6.682125542E0,1.321649311E1,1.887013435E0,1.492941096E1
1.750254958E1,7.644563205E0,1.349523456E1,6.356554914E-1,1.552303966E1
1.751251658E1,9.069126202E0,1.413776755E1,9.546140885E-1,1.682369785E1
1.752248358E1,1.134009471E1,1.506345429E1,3.914305083E0,1.925687378E1
1.753245158E1,1.098449162E1,1.571651110E1,6.713309913E0,2.031591266E1
1.754241858E1,7.199802933E0,1.525899220E1,4.913655049E0,1.757321858E1
1.755238558E1,4.715919172E0,1.454642594E1,3.625432749E0,1.571566619E1
1.756235258E1,3.542375389E0,1.372177675E1,3.279821373E0,1.454623005E1
1.757232058E1,2.910886039E0,1.301588801E1,2.533390381E0,1.357588542E1
1.758228758E1,2.243917246E0,1.230578343E1,2.286931411E0,1.271603420E1
1.759225458E1,1.880830736E0,1.155547690E1,2.399193420E0,1.195084515E1
1.760222158E1,2.385772452E0,1.085310000E1,2.938539276E0,1.149420301E1
1.761218958E1,3.668375285E0,1.027195109E1,4.203417152E0,1.168925456E1
1.762215658E1,5.254417328E0,9.231015138E0,6.215003178E0,1.230637259E1
1.763212358E1,6.585268754E0,6.983738374E0,8.558102943E0,1.285999581E1
1.764209058E1,5.179175357E0,2.382482516E0,1.058562263E1,1.202312301E1
1.765205858E1,6.038098007E-2,-4.804431399E0,1.234624265E1,1.324824194E1
1.766202558E1,-5.568936135E0,-1.486224692E1,1.478485318E1,2.169081180E1
1.767199258E1,-1.020839536E1,-2.953712567E1,1.740259549E1,3.577014759E1
1.768196058E1,-9.778460119E0,-4.335046630E1,1.874314452E1,4.823055751E1
1.769192758E1,-3.774020731E0,-5.070128644E1,1.598049885E1,5.329390231E1
1.770189458E1,2.484412641E0,-4.760584532E1,9.924151683E0,4.869268530E1
1.771186158E1,2.890848216E0,-4.018864291E1,3.069460773E0,4.040922682E1
1.772182958E1,8.812468810E-1,-3.098051085E1,-1.674960651E0,3.103826899E1
1.773179658E1,-7.425978497E-2,-2.151423124E1,-4.124739650E0,2.190618948E1
1.774176358E1,-1.359492988E0,-1.469365532E1,-6.849514369E0,1.626860704E1
1.775173058E1,-2.678624401E0,-1.127209510E1,-8.390017712E0,1.430480877E1
1.776169858E1,-2.710295844E0,-1.008463904E1,-1.491173074E1,1.820454234E1
1.777166558E1,8.673676376E-1,-1.149884779E1,-5.405157261E1,5.526796838E1
1.778163258E1,1.293733593E0,-7.896548964E0,-2.858248117E1,2.968143295E1
1.779159958E1,2.862807893E0,-3.281060398E0,-1.204707922E1,1.280988462E1
1.780156758E1,3.516623082E0,-3.294530629E0,-8.730181822E0,9.971792447E0
1.781153458E1,3.345369245E0,-3.289590316E0,-5.240860559E0,7.034167985E0
1.782150158E1,4.127697756E0,-2.275862632E0,-2.372815607E0,5.277091376E0
1.783146858E1,5.285879441E0,-1.179223768E0,-6.327412391E-1,5.452655467E0
1.784143658E1,6.089398554E0,3.476146317E-1,1.318668459E-1,6.100737623E0
1.785140358E1,7.123938818E0,1.328304963E0,2.827532226E-1,7.252230536E0
1.786137058E1,6.230509409E0,3.263623416E0,5.455709481E-1,7.054653284E0
1.787133758E1,5.968643610E0,5.275570216E0,1.211108635E0,8.057489173E0
1.788130558E1,5.426990297E0,6.686633745E0,1.401385949E0,8.725088945E0
1.789127258E1,4.889503417E0,8.162106695E0,1.224556646E0,9.593058341E0
1.790123958E1,5.141777151E0,9.650797859E0,1.025420362E0,1.098304414E1
1.791120758E1,6.223184602E0,1.065646165E1,4.106172109E-1,1.234734012E1
1.792117458E1,7.777649927E0,1.184150632E1,4.806141564E-1,1.417547531E1
1.793114158E1,9.447812937E0,1.322999667E1,1.580448012E0,1.633376249E1
1.794110858E1,1.096528234E1,1.475309812E1,1.925542493E0,1.848239797E1
1.795107658E1,1.094253551E1,1.638539164E1,1.104677031E0,1.973424571E1
1.796104358E1,8.326323407E0,1.683254342E1,5.073324966E-1,1.878615356E1
1.797101058E1,6.468057808E0,1.660853074E1,1.283613524E0,1.786971541E1
1.798097758E1,5.381920543E0,1.614405249E1,3.763531119E0,1.742870236E1
1.799094558E1,3.107224723E0,1.507908039E1,3.464195777E0,1.578081631E1
1.800091258E1,1.449696522E0,1.385696671E1,1.917110224E0,1.406387066E1
1.801087958E1,8.090340601E-1,1.283669424E1,1.620654051E0,1.296386419E1
1.802084658E1,5.944077703E-1,1.224810532E1,1.560172791E0,1.236137305E1
1.803081458E1,5.678548332E-1,1.185246049E1,1.316473707E0,1.193886016E1
1.804078158E1,5.863875101E-1,1.132518782E1,1.247043868E0,1.140871807E1
1.805074858E1,8.574145071E-1,1.071862457E1,1.518015390E0,1.085948631E1
1.806071558E1,1.500946490E0,1.019656410E1,2.300626613E0,1.056009672E1
1.807068358E1,2.513949559E0,9.656078480E0,3.576192176E0,1.059947850E1
1.808065058E1,3.849248961E0,8.623363132E0,5.607096233E0,1.098265166E1
1.809061758E1,4.271997975E0,5.656365457E0,8.125261635E0,1.078259308E1
1.810058458E1,1.985776124E0,-4.083695412E-2,1.065479870E1,1.083834442E1
1.811055258E1,-8.581576882E-1,-8.258398642E0,1.347193575E1,1.582500033E1
1.812051958E1,-4.691929216E0,-2.233134454E1,1.626579737E1,2.802283556E1
1.813048658E1,-6.186163541E0,-3.800807118E1,1.849083015E1,4.271759467E1
1.814045458E1,-3.783190627E0,-4.938572841E1,1.706752314E1,5.238857746E1
1.815042158E1,2.001825890E-1,-5.249290606E1,1.211413977E1,5.387297692E1
1.816038858E1,3.718788517E0,-4.422195404E1,5.974356340E0,4.477838251E1
1.817035558E1,2.942252550E0,-3.088572047E1,8.356536555E-1,3.103679906E1
1.818032358E1,8.358349192E-1,-1.976576173E1,-1.669558994E0,1.985374987E1
1.819029058E1,-8.829520022E-1,-1.293405038E1,-3.461125112E0,1.341822084E1
1.820025758E1,-2.024465249E0,-1.002362919E1,-4.202573984E0,1.105591379E1
1.821022458E1,-2.211674237E0,-9.308887187E0,-4.310247829E0,1.049405165E1
1.822019258E1,-3.491262538E0,-1.092594345E1,-1.147768905E1,1.622659854E1
1.823015958E1,7.698561072E-2,-1.457047788E1,-3.796515730E1,4.066519299E1
1.824012658E1,3.627154754E0,-1.160634651E1,-3.591041531E1,3.791334144E1
1.825009358E1,5.655684257E0,-3.759295980E0,-1.441249079E1,1.593232442E1
1.826006158E1,5.996332515E0,-1.107051001E0,-9.051589817E0,1.091388308E1
1.827002858E1,5.612738212E0,-8.362354535E-1,-5.612662783E0,7.981485042E0
1.827999558E1,4.463222977E0,-1.914337474E-1,-3.259675669E0,5.530143912E0
1.828996258E1,4.059665987E0,1.181785433E0,-2.031616248E0,4.690945460E0
1.829993058E1,3.972047799E0,2.630450653E0,-1.329709172E0,4.946166277E0
1.830989758E1,3.866816336E0,3.736208834E0,-9.447510052E-1,5.459311265E0
1.831986458E1,3.693752201E0,4.842766330E0,-5.603171875E-1,6.116383441E0
1.832983158E1,3.310404065E0,6.422063609E0,-2.587199968E-1,7.229703460E0
1.833979958E1,3.248110169E0,7.776842426E0,4.061885297E-2,8.427997845E0
1.834976658E1,3.107871425E0,8.687664378E0,7.377483152E-2,9.227124138E0
1.835973358E1,3.112260053E0,9.571547622E0,9.003294155E-2,1.006522690E1
1.836970158E1,3.072949807E0,1.024074567E1,4.760627568E-2,1.069196702E1
1.837966858E1,3.741208788E0,1.097964778E1,-4.262959349E-1,1.160736994E1
1.838963558E1,5.051854575E0,1.172390595E1,-5.604269689E-1,1.277831302E1
1.839960258E1,7.352218795E0,1.218307610E1,-5.069499426E-3,1.422963422E1
1.840957058E1,1.074283204E1,1.336364180E1,1.622673095E0,1.722290424E1
1.841953758E1,1.464848091E1,1.479195637E1,5.208723092E0,2.145951450E1
1.842950458E1,1.742884949E1,1.579856274E1,8.135233476E0,2.489058864E1
1.843947158E1,1.282315793E1,1.594077521E1,6.971974361E0,2.161365587E1
1.844943958E1,7.199186051E0,1.522265526E1,5.158645198E0,1.761161927E1
1.845940508E1,4.639886658E0,1.441361346E1,4.463293144E0,1.578612640E1
1.846937208E1,3.280500235E0,1.363811011E1,3.403191776E0,1.443403767E1
1.847933908E1,2.874105883E0,1.303297357E1,2.637149223E0,1.360416998E1
1.848930708E1,3.123305151E0,1.262228853E1,2.208868743E0,1.318924956E1
1.849927408E1,3.390431398E0,1.246789865E1,2.106277006E0,1.309121555E1
1.850924108E1,3.919034603E0,1.247160111E1,2.548045843E0,1.331886647E1
1.851920808E1,5.378732641E0,1.239634511E1,3.392759174E0,1.393237064E1
1.852917608E1,8.459885507E0,1.201565745E1,4.960916923E0,1.550988019E1
1.853914308E1,9.640151834E0,1.004116850E1,6.227650706E0,1.524930246E1
1.854911008E1,5.197372477E0,5.546670522E0,6.839451896E0,1.022527930E1
1.855907708E1,-5.593521045E-1,-1.092993709E0,8.584600185E0,8.671958854E0
1.856904508E1,-4.521585791E0,-1.057911351E1,1.166776449E1,1.638594242E1
1.857901208E1,-8.767601663E0,-2.727111676E1,1.507088376E1,3.236844429E1
1.858897908E1,-7.427830895E0,-4.665783391E1,1.839241917E1,5.069918362E1
1.859894608E1,-2.246251455E0,-5.850883026E1,1.769249577E1,6.116660257E1
1.860891408E1,4.182187666E0,-5.653105401E1,1.057232022E1,5.766302728E1
1.861888108E1,6.404357071E0,-4.583083179E1,4.180745451E0,4.646460551E1
1.862884808E1,4.651688970E0,-3.255302595E1,-6.554497781E-1,3.289023142E1
1.863881608E1,2.429152506E0,-1.979404120E1,-4.461538686E0,2.043551263E1
1.864878308E1,5.019046725E-1,-1.249929352E1,-5.234581234E0,1.356042358E1
1.865875008E1,-9.433026499E-1,-9.013170102E0,-5.875052492E0,1.080015264E1
1.866871708E1,-3.870456520E0,-7.988677694E0,-1.098770642E1,1.412547689E1
1.867868508E1,-4.191223076E0,-7.167214061E0,-4.707860423E1,4.780512822E1
1.868865208E1,-2.014193153E0,-4.106677308E0,-3.237608452E1,3.269759351E1
1.869861908E1,6.083215123E-1,-1.933175449E0,-1.095341483E1,1.113932309E1
1.870858608E1,2.517561384E0,-2.336777170E0,-6.665629377E0,7.498617063E0
1.871855408E1,3.312819258E0,-2.931612080E0,-3.956430763E0,5.934851742E0
1.872852108E1,4.575873095E0,-2.532762975E0,-2.695496542E0,5.883808671E0
1.873848808E1,5.814916803E0,-1.504473385E0,-1.358456715E0,6.158092418E0
1.874845508E1,6.210532982E0,-2.555853045E-1,-5.348718591E-1,6.238760427E0
1.875842308E1,6.434294815E0,1.168818648E0,-2.766171545E-1,6.545441456E0
1.876839008E1,6.464657067E0,2.948522227E0,-1.592442405E-1,7.107104407E0
1.877835708E1,6.082225190E0,4.755595454E0,7.909382433E-3,7.720700353E0
1.878832408E1,5.147495143E0,6.582915249E0,9.344901650E-1,8.408611734E0
1.879829208E1,4.149732111E0,8.225205168E0,1.597063314E0,9.350127693E0
1.880825908E1,3.688388258E0,9.497749329E0,1.006138583E0,1.023834777E1
1.881822608E1,3.798602133E0,1.048008741E1,-2.684769532E-1,1.115050179E1
1.882819308E1,3.753046476E0,1.098806193E1,-1.238580024E0,1.167719758E1
1.883816108E1,3.910041878E0,1.135633126E1,-1.549227973E0,1.211011125E1
1.884812808E1,4.516049354E0,1.190627242E1,-1.862706560E0,1.286948719E1
1.885809508E1,5.277467637E0,1.247048897E1,-2.327812950E0,1.373984981E1
1.886806208E1,6.402398254E0,1.285993575E1,-2.774381036E0,1.463098907E1
1.887803008E1,7.599506900E0,1.301248142E1,-2.724417163E0,1.531338064E1
1.888799708E1,8.239314499E0,1.304831901E1,-1.546627132E0,1.550925491E1
1.889796408E1,9.157477630E0,1.343801722E1,-4.695882080E-1,1.626838088E1
1.890793108E1,1.088781960E1,1.433950351E1,1.203862765E0,1.804481261E1
1.891789908E1,1.077066947E1,1.466015779E1,1.950973204E0,1.829573294E1
1.892786608E1,9.325576894E0,1.433164368E1,1.777157702E0,1.719071506E1
1.893783308E1,8.065332352E0,1.372047048E1,2.114173670E0,1.605523673E1
1.894780108E1,7.414433754E0,1.316535687E1,2.722967638E0,1.535301281E1
1.895776808E1,7.036003711E0,1.262113780E1,2.962015262E0,1.475032210E1
1.896773508E1,6.322058095E0,1.191979703E1,2.421629040E0,1.370818248E1
1.897770208E1,6.758906500E0,1.136521903E1,2.206407065E0,1.340594095E1
1.898767008E1,8.487240536E0,1.068188534E1,3.241479426E0,1.402294959E1
1.899763708E1,1.002559620E1,8.284904655E0,5.300922573E0,1.404464326E1
1.900760408E1,8.786862976E0,3.085168734E0,8.008200962E0,1.228244722E1
1.901757108E1,2.094491065E0,-5.312353880E0,1.025931175E1,1.174144259E1
1.902753908E1,-5.419736241E0,-1.519004417E1,1.366542830E1,2.113894305E1
1.903750608E1,-1.223944326E1,-2.835821005E1,1.802425743E1,3.576123466E1
1.904747308E1,-1.469749578E1,-4.142288723E1,2.019022983E1,4.836855744E1
1.905744008E1,-1.107640400E1,-4.923077252E1,1.708740016E1,5.327602587E1
1.906740808E1,-4.123393328E0,-4.706004750E1,8.874288790E0,4.806665627E1
1.907737508E1,-1.482849796E0,-3.979354421E1,3.833476097E0,4.000525645E1
1.908734208E1,-6.181062430E-1,-3.079663931E1,-1.140840013E-1,3.080305282E1
1.909730908E1,-1.071576966E0,-2.141707390E1,-4.070165832E0,2.182671715E1
1.910727708E1,-2.338332237E0,-1.438979424E1,-6.339932449E0,1.589744380E1
1.911724408E1,-2.338792413E0,-1.029642753E1,-7.242819729E0,1.280409339E1
1.912721108E1,-2.089025234E0,-8.339431111E0,-8.267510358E0,1.192735785E1
1.913717808E1,-6.731386288E-1,-8.871573343E0,-2.133626538E1,2.311696671E1
1.914714608E1,4.738728576E0,-1.033327785E1,-5.499690834E1,5.615952374E1
1.915711308E1,1.464464542E0,-5.776283664E0,-1.852166954E1,1.945667885E1
1.916708008E1,1.872138996E0,-2.205644004E0,-8.416429585E0,8.899778472E0
1.917704708E1,3.354401147E0,-2.427138872E0,-4.450095978E0,6.078352110E0
1.918701508E1,3.504127582E0,-2.330793130E0,-2.457364299E0,4.873412154E0
1.919698208E1,3.713421065E0,-8.485894507E-1,-1.463414236E0,4.080585900E0
1.920694908E1,4.303088205E0,1.260989478E0,-6.154071683E-1,4.526078717E0
1.921691608E1,4.595594291E0,3.124494182E0,-2.217441054E-1,5.561575427E0
1.922688408E1,4.129475017E0,4.649321140E0,-6.195412959E-1,6.249206541E0
1.923685108E1,3.933752629E0,6.215235897E0,-4.648764485E-1,7.370188405E0
1.924681808E1,3.738699163E0,7.564521840E0,-3.454238261E-1,8.445068366E0
1.925678608E1,3.383600680E0,8.676513737E0,-1.909807344E-1,9.314886894E0
1.926675308E1,3.287613958E0,9.613973265E0,-3.080852611E-1,1.016522523E1
1.927672008E1,3.305056202E0,1.045470230E1,-6.982635297E-1,1.098689077E1
1.928668708E1,3.302310934E0,1.112841381E1,-8.836020664E-1,1.164163236E1
1.929665508E1,3.183367458E0,1.151506913E1,-8.466294640E-1,1.197695399E1
1.930662208E1,3.102742540E0,1.171392709E1,-7.871750484E-1,1.214342389E1
1.931658908E1,3.346023841E0,1.212264396E1,-3.443273270E-1,1.258065711E1
1.932655608E1,3.990359524E0,1.302888286E1,1.870370505E0,1.375401918E1
1.933652408E1,7.387113808E0,1.431945925E1,1.322385827E0,1.616678904E1
1.934649108E1,1.120131222E1,1.521343070E1,2.281639681E0,1.902954935E1
1.935645808E1,1.570788762E1,1.598904865E1,7.697807951E0,2.369902229E1
1.936642508E1,1.527616898E1,1.609180411E1,7.861435849E0,2.353953423E1
1.937639308E1,1.136429283E1,1.554798499E1,5.990025124E0,2.016847515E1
1.938636008E1,8.718670993E0,1.506279005E1,4.202375763E0,1.790426848E1
1.939632708E1,7.022444603E0,1.433511809E1,1.899134129E0,1.607535534E1
1.940629408E1,6.834306346E0,1.354979610E1,1.380001951E0,1.523840946E1
1.941626208E1,7.058647639E0,1.295845432E1,1.123040797E0,1.479889406E1
1.942622908E1,7.294987417E0,1.227404942E1,9.209025514E-1,1.430794157E1
1.943619608E1,6.812993245E0,1.109716045E1,1.023422368E0,1.306182377E1
1.944616308E1,4.730163574E0,9.205172199E0,1.331488187E0,1.043467793E1
1.945613108E1,1.383411901E0,6.317680285E0,1.956408775E0,6.756807528E0
1.946609863E1,-1.899808020E0,1.167213587E0,4.710435653E0,5.211512460E0
1.947606563E1,-4.728262644E0,-7.948798513E0,9.182351686E0,1.303286031E1
1.948603263E1,-6.399069434E0,-2.516497308E1,1.532108378E1,3.014895633E1
1.949600063E1,-5.657574077E0,-4.605517776E1,2.041883491E1,5.069532880E1
1.950596763E1,-5.151767703E0,-5.922340211E1,2.017877396E1,6.277845958E1
1.951593463E1,-7.327317696E-2,-5.861623660E1,1.225081960E1,5.988281175E1
1.952590162E1,2.517091852E0,-4.739070989E1,5.076827449E0,4.772828629E1
1.953586962E1,2.923826512E0,-3.186108048E1,6.181506819E-1,3.200092688E1
1.954583663E1,6.143233868E-1,-1.869027985E1,-3.298151225E0,1.898899038E1
1.955580363E1,-1.776152712E0,-1.197762950E1,-5.575021917E0,1.333038620E1
1.956577163E1,-2.679772502E0,-8.871578606E0,-6.996608680E0,1.161200330E1
1.957573863E1,-4.201293151E0,-7.898628234E0,-1.237221949E1,1.526797325E1
1.958570563E1,-5.988614191E0,-7.487025767E0,-4.547881070E1,4.647839582E1
1.959567263E1,-4.129002562E0,-3.687995033E0,-4.026004443E1,4.063891174E1
1.960564062E1,2.662450710E-1,-1.512995117E0,-1.278863480E1,1.288057533E1
1.961560762E1,2.468483364E0,-1.324150516E0,-7.299074036E0,7.818137022E0
1.962557463E1,3.311004282E0,-1.730002831E0,-4.861182135E0,6.130803447E0
1.963554163E1,4.738843473E0,-1.753326790E0,-3.314650606E0,6.042987749E0
1.964550963E1,6.117196217E0,-1.311330496E0,-1.785112985E0,6.505867014E0
1.965547663E1,7.086295028E0,-4.725134969E-1,-4.277799582E-1,7.114902805E0
1.966544363E1,8.193127928E0,7.735509628E-1,3.473829357E-1,8.236892693E0
1.967541063E1,8.292358686E0,2.130410219E0,6.223710559E-1,8.584241726E0
1.968537862E1,7.163778237E0,3.788505161E0,2.022168902E0,8.352344405E0
1.969534562E1,5.825001495E0,6.174653297E0,3.390890989E0,9.140849384E0
1.970531263E1,5.705763320E0,8.179787505E0,2.214040605E0,1.021599895E1
1.971527963E1,6.001141266E0,9.316841154E0,8.372715801E-1,1.111387643E1
1.972524763E1,6.177070536E0,9.926223936E0,-4.058103611E-1,1.169832484E1
1.973521463E1,6.113943411E0,1.056883644E1,-1.228194345E0,1.227147380E1
1.974518163E1,6.231253760E0,1.119624035E1,-1.618970784E0,1.291531601E1
1.975514863E1,6.719940655E0,1.171938956E1,-1.868284365E0,1.363789502E1
1.976511662E1,7.280135490E0,1.234776176E1,-1.618442196E0,1.442521918E1
1.977508362E1,7.699274433E0,1.257306550E1,-1.908399042E0,1.486616258E1
1.978505063E1,7.747322173E0,1.253593919E1,-2.263992638E0,1.490960881E1
1.979501763E1,7.843269135E0,1.287942452E1,-2.059402217E0,1.521964468E1
1.980498563E1,7.838313619E0,1.305491934E1,-1.796676731E0,1.533290992E1
1.981495263E1,7.955992343E0,1.329204616E1,-3.784054846E-1,1.549578962E1
1.982491963E1,8.142586935E0,1.395756455E1,1.294023322E0,1.621079352E1
1.983488663E1,6.522190161E0,1.394561518E1,2.143424367E0,1.554391891E1
1.984485463E1,5.316810628E0,1.367023237E1,2.057106600E0,1.481132728E1
1.985482162E1,5.313558991E0,1.372379521E1,1.775123456E0,1.482320907E1
1.986478863E1,5.441339949E0,1.356556136E1,1.624307392E0,1.470615552E1
1.987475563E1,5.490203376E0,1.293985549E1,1.699184496E0,1.415872245E1
1.988472363E1,5.298044574E0,1.172145947E1,1.782599121E0,1.298612907E1
1.989469063E1,4.917175657E0,1.031181857E1,2.111376947E0,1.161766462E1
1.990465763E1,3.152221094E0,8.406053701E0,2.706377918E0,9.376711475E0
1.991462463E1,-1.742392058E-1,5.265506573E0,3.881682297E0,6.543957230E0
1.992459263E1,-3.560295644E0,-6.265484530E-1,8.110038993E0,8.879245492E0
1.993455962E1,-6.752577474E0,-1.330326930E1,1.509048363E1,2.122020200E1
1.994452663E1,-9.758198932E0,-3.789652268E1,2.217606121E1,4.497940160E1
1.995449463E1,-1.344871178E1,-6.181628675E1,2.531189489E1,6.813819178E1
1.996446163E1,-1.001008003E1,-7.168508167E1,2.038294002E1,7.519585680E1
1.997442863E1,-3.991463771E0,-6.359260069E1,1.109018939E1,6.467567508E1
1.998439563E1,3.321132244E-1,-4.295162539E1,2.551211525E0,4.302860796E1
1.999436363E1,-9.499465486E-1,-2.327443494E1,-2.472885440E0,2.342470667E1
2.000433063E1,-2.132183387E0,-1.261740026E1,-4.089944331E0,1.343401057E1
2.001429762E1,-1.622268614E0,-7.777104966E0,-5.047676155E0,9.412446636E0
2.002426463E1,-1.796661528E0,-4.895553238E0,-6.783136777E0,8.556014183E0
2.003423263E1,-1.100886427E0,-3.438152863E0,-3.233828344E1,3.253916751E1
2.004419963E1,4.706923231E0,-3.077814106E0,-6.994837442E1,7.017409173E1
2.005416663E1,2.600377838E0,-6.654944175E-1,-1.215807458E1,1.245084837E1
2.006413363E1,2.847618581E0,9.388388854E-1,-4.224160734E0,5.180143236E0
2.007410163E1,2.492106115E0,2.089502513E-1,-1.986182213E0,3.193614391E0
2.008406863E1,3.260650984E0,8.978335315E-1,-1.363199392E0,3.646404047E0
2.009403562E1,4.274265818E0,1.967543628E0,-1.514517147E0,4.943110195E0
2.010400263E1,4.952056053E0,2.821455215E0,-1.129356082E0,5.810242150E0
2.011397063E1,5.801167660E0,4.124016057E0,-1.045229413E0,7.193994661E0
2.012393763E1,6.457875466E0,5.303147439E0,-7.502305126E-1,8.389897146E0
2.013390463E1,6.465911880E0,6.209661747E0,-3.656614780E-1,8.972269710E0
2.014387163E1,6.312042984E0,7.188112594E0,-1.510628164E-2,9.566142248E0
2.015383963E1,5.916098192E0,7.939943490E0,1.674467146E-1,9.903078251E0
2.016380663E1,5.532723159E0,8.749353672E0,1.515101284E-1,1.035302712E1
2.017377362E1,5.155922150E0,9.895350637E0,7.359890342E-3,1.115802633E1
2.018374063E1,6.775783319E0,1.157601232E1,3.800573961E-1,1.341863423E1
2.019370863E1,9.401854992E0,1.296119783E1,4.852814770E-1,1.601945769E1
2.020367563E1,1.075505389E1,1.355167072E1,1.036008500E0,1.733182844E1
2.021364263E1,1.198630443E1,1.425847981E1,1.227959726E0,1.866771613E1
2.022360963E1,1.280831887E1,1.500014064E1,2.609867284E0,1.989644840E1
2.023357763E1,1.239733796E1,1.573584784E1,5.611843588E0,2.080393434E1
2.024354463E1,7.797113553E0,1.540489076E1,4.517820184E0,1.784702603E1
2.025351162E1,4.686920199E0,1.442254332E1,2.502712964E0,1.537011871E1
2.026347863E1,4.160654125E0,1.391732986E1,1.923544500E0,1.465275184E1
2.027344663E1,3.823384680E0,1.346641247E1,1.075273722E0,1.403989846E1
2.028341363E1,3.205316151E0,1.302977865E1,5.808624029E-1,1.343080729E1
2.029338063E1,2.892248039E0,1.280549350E1,2.120270562E-1,1.312976458E1
2.030334763E1,2.892926024E0,1.264967689E1,2.615587835E-1,1.297889670E1
2.031331563E1,3.281819367E0,1.236844921E1,7.565384889E-1,1.281878406E1
2.032328263E1,4.507013067E0,1.184021642E1,1.693429667E0,1.278168986E1
2.033324962E1,6.561810894E0,1.106206429E1,3.134243245E0,1.323820642E1
2.034321663E1,7.945033491E0,9.288452337E0,4.374197949E0,1.298200723E1
2.035318463E1,4.924883457E0,4.673872429E0,5.153520699E0,8.523985930E0
2.036315163E1,-7.988271604E-1,-2.445387447E0,7.719716299E0,8.137079595E0
2.037311863E1,-5.180116759E0,-1.258562181E1,1.138726420E1,1.774545779E1
2.038308563E1,-9.687769804E0,-3.069098246E1,1.668782951E1,3.625290253E1
2.039305363E1,-8.935307409E0,-4.831615105E1,2.096876788E1,5.342264873E1
2.040302063E1,-3.798771118E0,-5.795642743E1,1.957791291E1,6.129170267E1
2.041298762E1,4.400158417E0,-5.521843361E1,1.306634597E1,5.691367324E1
2.042295463E1,6.991575397E0,-4.221223327E1,5.555460641E0,4.314647039E1
2.043292263E1,4.139158299E0,-2.761167030E1,2.859332308E-2,2.792020390E1
2.044288963E1,5.721747561E-1,-1.646470093E1,-2.869214980E0,1.672262406E1
2.045285663E1,-1.486254776E0,-1.082002230E1,-4.005991763E0,1.163313397E1
2.046282488E1,-2.081215547E0,-7.773073896E0,-4.722240305E0,9.330149486E0
2.047279188E1,-2.382364256E0,-5.880877488E0,-4.355268758E0,7.696021403E0
2.048275888E1,-5.157664620E0,-5.620148973E0,-4.189918855E0,8.703045376E0
2.049272587E1,-4.976302117E0,-6.469787414E0,-2.036179181E1,2.193682515E1
2.050269387E1,1.624914186E0,-5.406824419E0,-4.153236581E1,4.191433533E1
2.051266088E1,8.688342655E-1,-1.522782771E0,-1.782036619E1,1.790640085E1
2.052262788E1,1.673894558E0,4.781782794E-1,-6.724347117E0,6.946036395E0
2.053259488E1,2.710166913E0,5.592130870E-1,-4.780586161E0,5.523742212E0
2.054256288E1,2.851240346E0,2.973192215E-2,-3.556526821E0,4.558435974E0
2.055252988E1,3.603802436E0,7.790128469E-1,-2.947043467E0,4.720097267E0
2.056249688E1,4.248351250E0,2.452316982E0,-2.320288168E0,5.426424616E0
2.057246387E1,4.614862913E0,4.102916964E0,-1.664285975E0,6.395368256E0
2.058243187E1,4.842421344E0,5.554832066E0,-1.342862630E0,7.490559645E0
2.059239888E1,4.915257770E0,6.910245305E0,-1.157748845E0,8.558716698E0
2.060236588E1,4.996424725E0,8.175012084E0,-1.140058094E0,9.648565441E0
2.061233288E1,4.671871512E0,9.237866905E0,-1.115356970E0,1.041194456E1
2.062230088E1,4.133863353E0,1.000673191E1,-1.011481038E0,1.087412542E1
2.063226788E1,3.881329418E0,1.065832808E1,-8.106864832E-1,1.137197820E1
2.064223488E1,3.190034746E0,1.138412191E1,-3.667167543E-1,1.182831495E1
2.065220187E1,3.125076565E0,1.207205853E1,-3.188218454E-1,1.247406702E1
2.066216987E1,4.523184419E0,1.246732095E1,-8.196416402E-1,1.328778015E1
2.067213687E1,7.501302913E0,1.281145298E1,-1.108761311E0,1.488731757E1
2.068210388E1,9.677056535E0,1.350705178E1,-7.120038287E-1,1.663107996E1
2.069207088E1,1.068794306E1,1.397445949E1,-3.947758611E-1,1.759754224E1
2.070203888E1,1.054867875E1,1.434441984E1,9.871854186E-3,1.780553570E1
2.071200588E1,9.147696993E0,1.455090374E1,1.452574668E0,1.724874294E1
2.072197288E1,7.972317769E0,1.483515794E1,3.765908012E0,1.725751503E1
2.073193987E1,6.111160136E0,1.456888744E1,4.051746810E0,1.630997890E1
2.074190787E1,4.100038964E0,1.386633278E1,2.763174262E0,1.472143459E1
2.075187487E1,3.252852845E0,1.333937235E1,1.870126677E0,1.385702999E1
2.076184188E1,2.999821604E0,1.269598684E1,1.408948592E0,1.312143848E1
2.077180888E1,2.951042670E0,1.183680165E1,1.204421175E0,1.225843206E1
2.078177688E1,2.860723361E0,1.077671081E1,1.502216359E0,1.125068389E1
2.079174388E1,2.633019335E0,9.595331756E0,2.357421935E0,1.022548877E1
2.080171088E1,1.690116634E0,7.769700637E0,3.606357962E0,8.731011395E0
2.081167787E1,-5.164471364E-1,4.433227930E0,4.980163618E0,6.687470164E0
2.082164587E1,-2.785405376E0,-7.819136506E-1,7.364377495E0,7.912264401E0
2.083161287E1,-4.765088993E0,-1.301780122E1,1.204369251E1,1.836354408E1
2.084157988E1,-4.528925508E0,-3.531090263E1,1.938714750E1,4.053680425E1
2.085154688E1,-3.783342070E0,-5.631713479E1,2.386274202E1,6.128102320E1
2.086151488E1,-1.615306188E0,-6.573916502E1,2.165481000E1,6.923278000E1
2.087148188E1,2.199002590E-1,-5.623167656E1,1.158814296E1,5.741371668E1
2.088144888E1,3.738356663E-1,-3.823100914E1,2.020198682E0,3.828617265E1
2.089141587E1,-1.630348589E0,-2.260039131E1,-2.002126985E0,2.274740065E1
2.090138387E1,-2.524936477E0,-1.426431299E1,-4.113427334E0,1.505875870E1
2.091135087E1,-2.621629543E0,-1.048515928E1,-5.517699323E0,1.213492944E1
2.092131788E1,-3.392212167E0,-8.784336979E0,-6.889517511E0,1.166778175E1
2.093128488E1,-2.368265304E0,-8.605482931E0,-2.341111477E1,2.505480617E1
2.094125288E1,3.235869900E0,-9.218571094E0,-5.256155705E1,5.346185731E1
2.095121988E1,3.947710810E0,-6.044269744E0,-2.787230877E1,2.879206858E1
2.096118688E1,3.659341337E0,-1.776318042E0,-1.256818659E1,1.321004916E1
2.097115387E1,4.133261089E0,-1.533505395E0,-8.952491791E0,9.979107941E0
2.098112187E1,4.086498567E0,-1.368172449E0,-4.414525026E0,6.169229903E0
2.099108887E1,4.763978022E0,-2.025469655E-1,-1.937572701E0,5.146911680E0
2.100105588E1,5.225269543E0,1.165501522E0,-6.242981520E-1,5.389952113E0
2.101102288E1,5.180529572E0,2.418449324E0,9.363146424E-3,5.717243344E0
2.102099088E1,4.813615328E0,3.753543490E0,6.142910810E-1,6.134927448E0
2.103095788E1,4.303205734E0,5.214324140E0,8.532566983E-1,6.814308683E0
2.104092488E1,3.973640580E0,6.639035071E0,7.897079160E-1,7.777547475E0
2.105089187E1,4.245800695E0,7.714001230E0,7.571114429E-1,8.837751765E0
2.106085987E1,4.580825102E0,8.429643123E0,8.608889227E-1,9.632443695E0
2.107082687E1,4.519799758E0,9.112837647E0,1.667054631E0,1.030783542E1
2.108079388E1,5.248128648E0,1.022610658E1,1.604181860E0,1.160558096E1
2.109076188E1,6.604563396E0,1.155059916E1,8.681121343E-1,1.333379980E1
2.110072888E1,7.641719120E0,1.240228120E1,7.354528445E-1,1.458606667E1
2.111069588E1,8.452771785E0,1.262514548E1,1.043619236E0,1.522933979E1
2.112066288E1,1.015040268E1,1.303033297E1,3.592792422E0,1.690350287E1
2.113062987E1,1.240165789E1,1.410664282E1,7.415975665E0,2.019393931E1
2.114059787E1,1.011593334E1,1.460902039E1,7.027790712E0,1.910877877E1
2.115056487E1,7.112995754E0,1.460004140E1,5.999477148E0,1.731327940E1
2.116053188E1,5.805683464E0,1.460542552E1,5.394883236E0,1.661713514E1
2.117049888E1,5.111825373E0,1.440158690E1,4.072302697E0,1.581518616E1
2.118046688E1,4.878741324E0,1.415132373E1,3.428140676E0,1.535624397E1
2.119043388E1,4.468334905E0,1.369675300E1,3.174013667E0,1.475267509E1
2.120040088E1,3.864269873E0,1.327607975E1,2.919315970E0,1.413185341E1
2.121036787E1,3.230418833E0,1.264142764E1,2.541820897E0,1.329293617E1
2.122033587E1,2.639763513E0,1.194771164E1,2.126842686E0,1.241932464E1
2.123030287E1,2.450411082E0,1.139114091E1,1.885852178E0,1.180334885E1
2.124026988E1,2.687394932E0,1.077666754E1,2.136746846E0,1.131036436E1
2.125023688E1,3.032094727E0,9.825336077E0,2.802984445E0,1.065774597E1
2.126020488E1,3.188273564E0,8.045680445E0,3.981969062E0,9.526496720E0
2.127017188E1,1.864422133E0,3.988099868E0,5.945812572E0,7.398222597E0
2.128013888E1,-7.041867591E-1,-3.168840635E0,9.291037391E0,9.841788749E0
2.129010688E1,-4.998146730E0,-1.640013013E1,1.349048896E1,2.181602694E1
2.130007387E1,-9.549291950E0,-3.741837013E1,2.025046550E1,4.360510008E1
2.131004087E1,-1.038849896E1,-5.821534681E1,2.379124694E1,6.374143822E1
2.132000788E1,-4.921071657E0,-6.691888053E1,1.913745970E1,6.977532431E1
2.132997488E1,2.734071793E0,-5.664942504E1,9.570697437E0,5.751722138E1
2.133994288E1,4.582743573E0,-3.925657803E1,2.136014190E0,3.958084150E1
2.134990988E1,2.187676387E0,-2.365494367E1,-2.156336919E0,2.385355480E1
2.135987688E1,4.901368587E-1,-1.386712800E1,-4.105636796E0,1.447044321E1
2.136984488E1,5.692061247E-1,-9.074474065E0,-3.927940789E0,9.904483531E0
2.137981187E1,2.148679259E-1,-6.032222140E0,-4.305600169E0,7.414314870E0
2.138977887E1,1.867609450E-1,-6.664379827E0,-2.045041689E1,2.150972778E1
2.139974588E1,8.135909414E0,-9.352544838E0,-6.440122384E1,6.558338775E1
2.140971388E1,8.303114054E0,-4.051545666E0,-2.155948401E1,2.345566192E1
2.141968088E1,7.217210094E0,-1.660094690E-1,-1.137641060E1,1.347361862E1
2.142964788E1,5.658659905E0,-8.369353652E-1,-7.473708149E0,9.411546430E0
2.143961488E1,4.255293065E0,-1.489567078E0,-4.188827764E0,6.154072407E0
2.144958288E1,3.513968739E0,-8.094581294E-1,-2.042369277E0,4.144209337E0
2.145954958E1,3.345782644E0,6.000781077E-1,-5.667923941E-1,3.446100528E0
2.146951658E1,3.690688845E0,2.299414047E0,5.596136212E-2,4.348749336E0
2.147948358E1,3.804171022E0,4.016566452E0,3.661431424E-1,5.544238814E0
2.148945158E1,3.709168970E0,5.622704206E0,3.828423518E-1,6.746799634E0
2.149941858E1,3.643913751E0,7.070440303E0,3.153923073E-1,7.960446332E0
2.150938558E1,3.346685161E0,8.374199240E0,1.981329024E-1,9.020353159E0
2.151935258E1,2.861033263E0,9.397527468E0,8.036705554E-2,9.823720919E0
2.152932058E1,2.771539581E0,1.028165863E1,5.751664840E-2,1.064881421E1
2.153928758E1,2.525792509E0,1.117052780E1,5.554995203E-1,1.146598879E1
2.154925458E1,2.789062809E0,1.175966050E1,1.566030532E-1,1.208689418E1
2.155922158E1,4.160403864E0,1.233171232E1,-5.497943920E-1,1.302621829E1
2.156918958E1,6.289136517E0,1.366078210E1,-1.237376082E-1,1.503946531E1
2.157915658E1,9.214970378E0,1.453600737E1,2.285990009E0,1.736193940E1
2.158912358E1,1.305832008E1,1.506283449E1,7.915682223E0,2.144916621E1
2.159909058E1,1.276807833E1,1.530680137E1,1.071632193E1,2.263098647E1
2.160905858E1,9.970776211E0,1.496800668E1,8.542159925E0,1.991045199E1
2.161902558E1,7.780318011E0,1.495901834E1,7.351763881E0,1.839440160E1
2.162899258E1,6.164199645E0,1.501143629E1,5.366423668E0,1.709207652E1
2.163895958E1,5.090619276E0,1.469532763E1,4.226734679E0,1.611621372E1
2.164892758E1,3.921407111E0,1.428604358E1,3.585913757E0,1.524228501E1
2.165889458E1,2.515981174E0,1.357083087E1,3.472276629E0,1.423215784E1
2.166886158E1,1.452674655E0,1.281878539E1,3.323631052E0,1.332208864E1
2.167882858E1,8.551396479E-1,1.190437441E1,3.145417274E0,1.234257039E1
2.168879658E1,1.081565326E0,1.100976679E1,3.523342702E0,1.161028390E1
2.169876358E1,1.838682397E0,1.001396258E1,4.626671365E0,1.118330396E1
2.170873058E1,2.351836820E0,8.492928708E0,6.462361450E0,1.092808721E1
2.171869758E1,1.462072593E0,5.557427060E0,8.327645463E0,1.011792127E1
2.172866558E1,-3.021576463E-1,3.881615639E-1,1.126256180E1,1.127329885E1
2.173863258E1,-4.429192767E0,-1.225366837E1,1.587693998E1,2.053892305E1
2.174859958E1,-8.350900424E0,-3.389677224E1,1.923144784E1,3.985696040E1
2.175856658E1,-8.633665341E0,-5.320919466E1,2.061332500E1,5.771193759E1
2.176853458E1,-5.020743880E0,-6.040724811E1,1.830462908E1,6.331905668E1
2.177850158E1,1.285449843E0,-5.438077085E1,1.102846619E1,5.550268180E1
2.178846858E1,3.191018832E0,-4.260731794E1,2.512099500E0,4.280042975E1
2.179843558E1,3.297205730E0,-3.064349839E1,-2.984121246E0,3.096450450E1
2.180840358E1,1.313871257E0,-2.113191923E1,-5.313104078E0,2.182918558E1
2.181837058E1,-1.553882942E-1,-1.514223617E1,-6.392329348E0,1.643695033E1
2.182833758E1,1.310369068E0,-1.178147997E1,-6.479294402E0,1.350931506E1
2.183830458E1,3.551207024E0,-1.143969502E1,-1.642304888E1,2.032717953E1
2.184827258E1,8.126607079E0,-1.354557558E1,-3.440881291E1,3.786146810E1
2.185823958E1,1.131460319E1,-9.211372586E0,-2.664883035E1,3.038140532E1
2.186820658E1,1.039218387E1,-3.900360058E0,-1.839512527E1,2.148466727E1
2.187817358E1,6.829179507E0,-2.142975301E0,-1.600774804E1,1.753505156E1
2.188814158E1,4.384502205E0,-2.284278529E0,-8.811976767E0,1.010409434E1
2.189810858E1,4.000524032E0,-1.865452412E0,-3.465652903E0,5.612027733E0
2.190807558E1,4.347614168E0,-6.600646931E-1,-1.714093727E0,4.719698259E0
2.191804258E1,4.442773510E0,9.324051940E-1,-6.491496956E-1,4.585739987E0
2.192801058E1,3.945668086E0,3.232210420E0,-3.602972424E-1,5.113247006E0
2.193797758E1,3.428661663E0,5.416184642E0,-2.057122095E-1,6.413508743E0
2.194794458E1,3.138265252E0,7.011338401E0,8.463596150E-2,7.682105064E0
2.195791158E1,3.112619365E0,8.430685097E0,2.237951624E-1,8.989712720E0
2.196787958E1,3.073776603E0,9.471770149E0,2.805136659E-1,9.961988772E0
2.197784658E1,3.282026358E0,1.019802708E1,4.590251398E-1,1.072297335E1
2.198781358E1,3.763014225E0,1.078882858E1,5.213751698E-1,1.143813491E1
2.199778058E1,4.595645455E0,1.119827167E1,4.845365417E-1,1.211428996E1
2.200774858E1,5.869175456E0,1.135599680E1,1.075563744E0,1.282820023E1
2.201771558E1,7.749027221E0,1.140429480E1,1.164945452E0,1.383699609E1
2.202768258E1,9.545414661E0,1.186013906E1,1.837555346E0,1.533474647E1
2.203764958E1,1.075235832E1,1.216181796E1,3.370503502E0,1.657960553E1
2.204761758E1,1.343173965E1,1.277187902E1,6.461252818E0,1.962855857E1
2.205758458E1,1.345551560E1,1.324398555E1,8.853873821E0,2.085294068E1
2.206755158E1,1.021902326E1,1.318945208E1,8.263365852E0,1.861916480E1
2.207751858E1,6.632903681E0,1.316267300E1,6.533239059E0,1.612248692E1
2.208748658E1,4.552324603E0,1.335835007E1,5.299689395E0,1.507500858E1
2.209745358E1,3.416859058E0,1.346593300E1,4.735813154E0,1.467767705E1
2.210742058E1,2.599565367E0,1.302365545E1,3.927454301E0,1.384912411E1
2.211738758E1,2.278920433E0,1.227257592E1,3.529468246E0,1.297176720E1
2.212735558E1,1.944397571E0,1.148532903E1,3.385912085E0,1.213086417E1
2.213732258E1,1.786449658E0,1.076134316E1,3.475542884E0,1.144889983E1
2.214728958E1,2.361859387E0,1.012555552E1,4.232312922E0,1.122576175E1
2.215725658E1,3.690010568E0,9.301098695E0,6.052005025E0,1.169416007E1
2.216722458E1,5.586055613E0,7.270087634E0,8.594857371E0,1.256701097E1
2.217719158E1,6.197314766E0,2.234167306E0,1.153667343E1,1.328506860E1
2.218715858E1,3.801254430E0,-7.214372440E0,1.518689603E1,1.723770623E1
2.219712558E1,-2.754721527E0,-2.250804272E1,1.810381932E1,2.901635318E1
2.220709358E1,-7.967094451E0,-3.802499303E1,1.940764550E1,4.342846293E1
2.221706058E1,-9.546958326E0,-4.835961691E1,1.770925856E1,5.237761735E1
2.222702758E1,-6.089979767E0,-4.980947379E1,1.191877728E1,5.157643633E1
2.223699458E1,-2.363246492E-1,-4.202317642E1,4.923428670E0,4.231126748E1
2.224696258E1,1.826468149E0,-3.344613668E1,-6.171633795E-2,3.349602743E1
2.225692958E1,1.100659409E0,-2.731120995E1,-2.659089730E0,2.746241793E1
2.226689658E1,3.028962958E-1,-2.048303266E1,-4.830148623E0,2.104701187E1
2.227686358E1,2.853107947E-1,-1.400889141E1,-5.937441698E0,1.521787287E1
2.228683158E1,6.784011228E-1,-1.064644888E1,-8.108993511E0,1.340010737E1
2.229679858E1,7.001386440E0,-1.123541201E1,-3.913307548E1,4.131163869E1
2.230676558E1,1.138872835E1,-1.099038678E1,-4.337003343E1,4.616764597E1
2.231673258E1,5.762953767E0,-5.248069006E0,-1.864732503E1,2.021080392E1
2.232670058E1,5.782351320E0,-1.992791905E0,-1.407620105E1,1.534751583E1
2.233666758E1,4.271531367E0,-1.770375516E0,-6.741139736E0,8.174544307E0
2.234663458E1,3.576231060E0,-1.970380697E0,-2.236077299E0,4.655305616E0
2.235660158E1,3.671383093E0,-1.401800956E0,-7.070488250E-1,3.992996090E0
2.236656958E1,3.622396290E0,-3.950583547E-1,1.102713244E-1,3.645543272E0
2.237653658E1,3.565441193E0,9.890617901E-1,4.873835510E-1,3.732044594E0
2.238650358E1,3.179633426E0,2.367131236E0,6.546729755E-1,4.017707769E0
2.239647058E1,2.781987094E0,4.075062582E0,8.453278738E-1,5.006013030E0
2.240643858E1,2.407613849E0,6.000640744E0,1.002935552E0,6.542948380E0
2.241640558E1,2.278061916E0,7.638262830E0,1.272550008E0,8.071679421E0
2.242637258E1,2.238309913E0,8.798694817E0,1.368631455E0,9.181514788E0
2.243633958E1,2.468921905E0,9.602793973E0,1.257068920E0,9.994470958E0
2.244630758E1,2.879736752E0,1.016323498E1,1.151489255E0,1.062591909E1
2.245627458E1,3.620818711E0,1.057213077E1,9.521676135E-1,1.121547593E1
2.246624158E1,4.856050034E0,1.099554402E1,8.471703315E-1,1.204993394E1
2.247620858E1,5.842841935E0,1.127512513E1,1.926395602E0,1.284438588E1
2.248617658E1,7.618378204E0,1.170311793E1,2.167016712E0,1.413147611E1
2.249614358E1,9.746478188E0,1.245562184E1,4.135752003E0,1.634750125E1
2.250611058E1,1.184609405E1,1.308749535E1,7.551426415E0,1.919990936E1
2.251607758E1,1.346710361E1,1.374046796E1,1.000374398E1,2.168497712E1
2.252604558E1,1.161075414E1,1.362900833E1,9.757798398E0,2.039053970E1
2.253601258E1,7.493037874E0,1.320635521E1,6.402935028E0,1.647880492E1
2.254597958E1,4.341907285E0,1.310060013E1,4.467247031E0,1.450634960E1
2.255594658E1,2.673897219E0,1.320969046E1,3.555197164E0,1.393861813E1
2.256591458E1,1.773307603E0,1.302167324E1,2.930449069E0,1.346462497E1
2.257588158E1,1.619322494E0,1.263464721E1,2.942295527E0,1.307339353E1
2.258584858E1,2.304331117E0,1.194195564E1,3.338383577E0,1.261209940E1
2.259581558E1,3.202339042E0,1.105909624E1,3.927759526E0,1.216494471E1
2.260578358E1,3.496683200E0,9.808517731E0,4.785077115E0,1.145996407E1
2.261575058E1,2.724189706E0,7.922084924E0,5.893651900E0,1.024284003E1
2.262571758E1,7.854585251E-1,5.022398642E0,7.523674361E0,9.080039047E0
2.263568458E1,-1.310350503E0,2.207967103E-2,1.079904951E1,1.087828002E1
2.264565258E1,-5.084704233E0,-1.160449645E1,1.611653900E1,2.050027767E1
2.265561958E1,-7.531234810E0,-3.173501217E1,2.090602492E1,3.874135224E1
2.266558658E1,-7.568397374E0,-5.514452949E1,1.995187393E1,5.912932474E1
2.267555358E1,-4.393225666E0,-6.718590650E1,1.434715868E1,6.884103011E1
2.268552158E1,-3.086257631E-1,-6.278466986E1,8.078342991E0,6.330299870E1
2.269548858E1,2.368395112E0,-4.678073303E1,8.906473035E-1,4.684911451E1
2.270545558E1,1.241904312E0,-2.830752404E1,-4.280243134E0,2.865621617E1
2.271542258E1,-4.790881062E-1,-1.654570358E1,-6.042249531E0,1.762097079E1
2.272539058E1,-8.210163206E-1,-1.140584432E1,-9.612352417E0,1.493869711E1
2.273535758E1,1.866025586E0,-8.954006220E0,-3.731318808E1,3.841783809E1
2.274532458E1,1.090046362E1,-9.993352311E0,-5.395853172E1,5.594828275E1
2.275529158E1,1.179278147E1,-6.706463993E0,-2.719494158E1,3.039097237E1
2.276525958E1,9.154400826E0,-1.292412999E0,-1.791081560E1,2.015615790E1
2.277522658E1,7.081872779E0,-1.128389829E0,-9.163012020E0,1.163559087E1
2.278519358E1,5.928986040E0,-1.605113322E0,-2.760678670E0,6.734286225E0
2.279516058E1,5.742618320E0,-1.670651838E0,-4.995894675E-1,6.001527503E0
2.280512758E1,5.479042211E0,-1.033935077E0,6.013533854E-1,5.608079099E0
2.281509558E1,5.287157058E0,1.258882141E-1,1.114924861E0,5.404899171E0
2.282506258E1,4.864064228E0,1.718259283E0,1.185545778E0,5.293113882E0
2.283502958E1,4.372207849E0,3.311170051E0,1.212491648E0,5.616955098E0
2.284499758E1,4.332471341E0,4.945732289E0,1.318372883E0,6.705869284E0
2.285496458E1,4.442313918E0,6.528197590E0,1.302649720E0,8.003025242E0
2.286493158E1,4.469536216E0,7.936617594E0,1.289627386E0,9.199445179E0
2.287489858E1,3.861155646E0,8.955713022E0,1.689617282E0,9.897884886E0
2.288486558E1,2.934690639E0,9.766896665E0,1.173782934E0,1.026559526E1
2.289483358E1,2.691748769E0,1.039493908E1,7.136637801E-1,1.076148623E1
2.290480058E1,3.231423385E0,1.116265043E1,1.038243306E0,1.166725378E1
2.291476758E1,5.945631309E0,1.255457076E1,3.383085541E0,1.429730906E1
2.292473458E1,9.847850196E0,1.438816637E1,7.756623924E0,1.908309985E1
2.293470258E1,1.079648843E1,1.530855086E1,1.009799291E1,2.128110318E1
2.294466958E1,9.764933170E0,1.519988854E1,9.290127565E0,2.031494528E1
2.295463658E1,8.556424792E0,1.515648700E1,8.330493057E0,1.929581867E1
2.296460358E1,7.485723007E0,1.525454130E1,8.090446143E0,1.881999995E1
2.297457158E1,6.491981106E0,1.522060172E1,7.220602648E0,1.805407539E1
2.298453858E1,5.837115757E0,1.498188680E1,6.156091311E0,1.721703554E1
2.299450558E1,4.823130795E0,1.431008499E1,4.889833492E0,1.587298317E1
2.300447258E1,3.538462433E0,1.347404425E1,3.789185193E0,1.443705335E1
2.301444058E1,2.347098822E0,1.270426416E1,3.059937998E0,1.327668713E1
2.302440758E1,1.537160636E0,1.209158355E1,2.595443373E0,1.246216602E1
2.303437458E1,9.027492857E-1,1.134984787E1,2.471426560E0,1.165083483E1
2.304434158E1,5.812709771E-1,1.074294899E1,2.916010831E0,1.114683578E1
2.305430958E1,9.940202290E-1,9.997281640E0,4.135996417E0,1.086462990E1
2.306427658E1,1.620304095E0,8.764174610E0,6.229975559E0,1.087422353E1
2.307424358E1,1.293877142E0,6.033866962E0,8.614354327E0,1.059663952E1
2.308421058E1,-6.145727706E-1,8.262601036E-1,1.134203833E1,1.138868908E1
2.309417858E1,-4.571373662E0,-8.334383794E0,1.548459415E1,1.816953677E1
2.310414558E1,-1.137850040E1,-2.736909973E1,1.878668289E1,3.509241150E1
2.311411258E1,-1.349072402E1,-5.203189287E1,2.179649739E1,5.800348963E1
2.312407958E1,-8.332819664E0,-6.902860272E1,2.036545451E1,7.245091866E1
2.313404758E1,-9.845079055E-1,-7.067164693E1,1.398775840E1,7.204934643E1
2.314401458E1,3.312069352E0,-5.760305446E1,4.286366046E0,5.785719160E1
2.315398158E1,2.460664467E0,-3.726509122E1,-1.894291611E0,3.739425402E1
2.316394858E1,9.981606424E-1,-1.975340072E1,-3.776220746E0,2.013586372E1
2.317391658E1,3.191778678E-1,-1.172558761E1,-5.436739944E0,1.292862794E1
2.318388358E1,2.040899434E0,-8.448443676E0,-1.065037353E1,1.374670605E1
2.319385058E1,7.979711573E0,-8.027535950E0,-5.743183395E1,5.853659267E1
2.320381758E1,1.318761255E1,-6.133423995E0,-4.276446771E1,4.517003114E1
2.321378558E1,1.282779945E1,-5.058724469E-1,-1.960754543E1,2.343638589E1
2.322375258E1,7.659070732E0,-6.195522594E-1,-1.378778830E1,1.578443270E1
2.323371958E1,4.301741884E0,-1.240530655E0,-6.573467903E0,7.953262212E0
2.324368658E1,3.407145371E0,-3.447652835E-1,-3.353551839E0,4.793100522E0
2.325365458E1,3.405562530E0,9.361415648E-1,-1.658983866E0,3.902107718E0
2.326362158E1,3.027469871E0,2.220754378E0,-8.245630954E-1,3.844116040E0
2.327358858E1,3.322126563E0,3.638413568E0,-4.017569250E-1,4.943276931E0
2.328355558E1,4.080070723E0,4.961433817E0,-8.502904058E-2,6.424175633E0
2.329352358E1,4.576377125E0,5.944053730E0,2.121754293E-1,7.504666598E0
2.330349058E1,4.969357964E0,6.930852063E0,4.255283417E-1,8.538870139E0
2.331345758E1,5.274393171E0,8.096047191E0,4.837109149E-1,9.674666903E0
2.332342458E1,5.392093529E0,9.135990867E0,5.700673465E-1,1.062384010E1
2.333339258E1,4.993713956E0,9.803095608E0,8.905116481E-1,1.103770237E1
2.334335958E1,4.667755072E0,1.019406617E1,3.089832838E-1,1.121616660E1
2.335332658E1,6.724449443E0,1.119630116E1,5.527945983E-1,1.307214450E1
2.336329358E1,1.140572854E1,1.236463098E1,4.406283960E0,1.738936690E1
2.337326158E1,1.753982730E1,1.471428196E1,1.122270601E1,2.549715211E1
2.338322858E1,1.793459271E1,1.590648713E1,1.192392867E1,2.677398035E1
2.339319558E1,1.464038719E1,1.591903760E1,9.376858145E0,2.357291165E1
2.340316258E1,1.087170701E1,1.560637060E1,8.363601161E0,2.077745512E1
2.341313058E1,7.606979642E0,1.489995679E1,6.178110756E0,1.783378547E1
2.342309758E1,4.479170088E0,1.410519037E1,3.654022125E0,1.524372782E1
2.343306458E1,2.422558163E0,1.309000731E1,2.489157364E0,1.354300498E1
2.344303158E1,1.938715686E0,1.249882224E1,1.731012061E0,1.276618888E1
2.345299958E1,1.882934418E0,1.230344922E1,1.168812874E0,1.250145705E1
2.346296621E1,1.723279995E0,1.202763723E1,1.126376121E0,1.220256016E1
2.347293321E1,1.742432404E0,1.165513685E1,1.248838964E0,1.185064911E1
2.348290021E1,1.938703406E0,1.122333283E1,1.545539550E0,1.149393159E1
2.349286821E1,2.371492236E0,1.069397154E1,1.953223797E0,1.112654870E1
2.350283521E1,2.557974707E0,9.877965696E0,2.225660777E0,1.044370656E1
2.351280221E1,1.660027886E0,8.485886906E0,2.400673789E0,8.973806539E0
2.352276921E1,-4.835610799E-2,5.425564161E0,3.429522958E0,6.418778115E0
2.353273621E1,-3.622828691E0,-2.143203342E0,7.167553200E0,8.312161401E0
2.354270421E1,-8.736037223E0,-1.801260860E1,1.197976841E1,2.332996499E1
2.355267121E1,-1.482373599E1,-4.093799400E1,1.702086586E1,4.674796655E1
2.356263821E1,-1.665671414E1,-6.222776700E1,2.034411451E1,6.755460093E1
2.357260621E1,-1.016931374E1,-7.128980989E1,1.529429886E1,7.361771196E1
2.358257321E1,-1.842145849E0,-5.901978803E1,8.283928170E0,5.962677542E1
2.359254021E1,-1.072653877E0,-3.544069912E1,2.083309143E0,3.551807875E1
2.360250721E1,-2.118761396E0,-1.699319801E1,-2.098015621E0,1.725281421E1
2.361247421E1,-1.084448588E0,-9.009952379E0,-3.659789819E0,9.785158769E0
2.362244221E1,-8.772466546E-1,-5.252012368E0,-3.629343659E0,6.444015131E0
2.363240921E1,-3.917863113E0,-4.638306740E0,-1.085396890E1,1.243672713E1
2.364237621E1,-1.885400189E0,-2.657238502E0,-5.891365873E1,5.900368493E1
2.365234321E1,1.515820637E0,9.794670939E-1,-3.739522919E1,3.743875311E1
2.366231121E1,2.135456074E0,9.794974995E-1,-7.092049273E0,7.471060894E0
2.367227821E1,4.101507785E0,-2.928110182E-2,-5.486107986E0,6.849861628E0
2.368224521E1,5.078245983E0,-6.638209444E-1,-3.077735168E0,5.975089479E0
2.369221221E1,5.697846774E0,-4.836547816E-1,-2.092258306E0,6.089082413E0
2.370218021E1,5.633582951E0,-3.824564356E-1,-7.844788241E-1,5.700783877E0
2.371214721E1,5.310892661E0,2.900944018E-1,-2.186367488E-1,5.323301386E0
2.372211421E1,5.279834590E0,1.694681556E0,-1.057667756E-1,5.546150510E0
2.373208121E1,5.461006474E0,3.329037387E0,1.180868590E-1,6.396798116E0
2.374204921E1,6.084018531E0,5.084313639E0,2.370272653E-1,7.932320504E0
2.375201621E1,5.968601511E0,6.550620493E0,1.174441769E-1,8.862766270E0
2.376198321E1,5.476661224E0,7.988039762E0,-1.977184810E-2,9.685194285E0
2.377195021E1,4.420563153E0,9.025374995E0,-2.123930919E-1,1.005205866E1
2.378191821E1,3.342547087E0,9.816750026E0,-2.483254015E-1,1.037318021E1
2.379188521E1,3.129217271E0,1.083188514E1,-1.083707673E0,1.132678942E1
2.380185221E1,5.146069592E0,1.245244680E1,-1.233389450E0,1.353021482E1
2.381181921E1,6.642232329E0,1.318109524E1,-3.644686460E-1,1.476459818E1
2.382178721E1,8.601260072E0,1.351524724E1,7.576477057E-1,1.603800527E1
2.383175421E1,1.156128436E1,1.457216422E1,2.345784221E0,1.874870581E1
2.384172121E1,1.333009867E1,1.568310946E1,3.913723285E0,2.095157948E1
2.385168821E1,1.213803032E1,1.616724255E1,4.477988951E0,2.070661480E1
2.386165621E1,7.862252705E0,1.494523412E1,3.828340487E0,1.731563546E1
2.387162321E1,4.954027734E0,1.395591797E1,2.998606553E0,1.510965514E1
2.388159021E1,4.548682080E0,1.376557590E1,2.963124479E0,1.479735433E1
2.389155721E1,4.277030381E0,1.353279357E1,2.320679201E0,1.438106542E1
2.390152521E1,4.130753803E0,1.338928886E1,1.512064240E0,1.409335026E1
2.391149221E1,3.780278421E0,1.306392172E1,1.478925730E0,1.368005032E1
2.392145921E1,3.194661355E0,1.253540593E1,1.886357378E0,1.307289589E1
2.393142621E1,3.099428338E0,1.198808198E1,2.452497661E0,1.262280913E1
2.394139421E1,3.697576280E0,1.098236440E1,3.360641588E0,1.206558370E1
2.395136121E1,5.139558132E0,9.828630399E0,5.017502768E0,1.217342874E1
2.396132821E1,6.926880634E0,6.934794255E0,7.945986003E0,1.261791347E1
2.397129521E1,5.471130928E0,-8.198310900E-1,1.252963005E1,1.369660636E1
2.398126321E1,-1.333891831E0,-1.478244646E1,1.601564296E1,2.183576905E1
2.399123021E1,-9.618203140E0,-3.432109532E1,2.214279523E1,4.196130117E1
2.400119721E1,-1.281526770E1,-5.449012782E1,2.496239746E1,6.129050826E1
2.401116421E1,-7.729474132E0,-6.453903102E1,2.086775840E1,6.826781552E1
2.402113221E1,1.908776772E0,-5.955888260E1,1.325923743E1,6.104679601E1
2.403109921E1,5.681283951E0,-4.665651478E1,4.666491489E0,4.723222948E1
2.404106621E1,4.291931718E0,-3.470227297E1,-6.022130723E-1,3.497186137E1
2.405103321E1,2.957130498E0,-2.290435764E1,-3.542951340E0,2.336464688E1
2.406100021E1,1.471118820E0,-1.473157569E1,-5.483001360E0,1.578755259E1
2.407096821E1,-6.488590890E-1,-1.037073278E1,-1.195796999E1,1.584191159E1
2.408093521E1,5.664865555E0,-9.574129753E0,-8.761160136E1,8.831504603E1
2.409090221E1,3.572316057E0,-5.321747432E0,-4.240870907E1,4.289033741E1
2.410087021E1,2.474958863E0,-9.380103350E-1,-9.582602953E0,9.941406546E0
2.411083721E1,4.871256011E0,-2.123767782E0,-4.653504238E0,7.063612844E0
2.412080421E1,6.015499104E0,-2.574101620E0,-1.330141574E0,6.676938312E0
2.413077121E1,6.284769816E0,-2.011062700E0,-3.173342407E-2,6.598765933E0
2.414073821E1,6.509243841E0,-8.757088369E-1,5.878122573E-1,6.594137138E0
2.415070621E1,7.009680131E0,3.185779434E-1,9.976629712E-1,7.087484663E0
2.416067321E1,6.817904322E0,1.884557020E0,1.638365121E0,7.260827416E0
2.417064021E1,6.228328983E0,3.571498032E0,1.466234348E0,7.327859392E0
2.418060721E1,5.958452498E0,5.408855157E0,1.121003115E0,8.124993432E0
2.419057521E1,5.410335088E0,7.286427678E0,1.191425738E0,9.153319035E0
2.420054221E1,4.649486032E0,9.003489452E0,1.962709735E0,1.032147142E1
2.421050921E1,3.041944361E0,1.026202719E1,3.054317654E0,1.113065514E1
2.422047621E1,4.099415066E0,1.195362902E1,1.868093600E0,1.277435808E1
2.423044421E1,4.939109148E0,1.286380895E1,1.526313905E0,1.386369409E1
2.424041121E1,5.108494214E0,1.334075112E1,2.216305232E0,1.445629145E1
2.425037821E1,5.344434628E0,1.332920755E1,3.282264340E0,1.473105613E1
2.426034521E1,6.927819112E0,1.366099962E1,4.207158201E0,1.588451347E1
2.427031321E1,1.051862523E1,1.401897785E1,7.355123692E0,1.900713186E1
2.428028021E1,1.155985413E1,1.481487746E1,8.597727184E0,2.066474617E1
2.429024721E1,1.070524146E1,1.490032165E1,6.480105411E0,1.945799440E1
2.430021421E1,9.530607172E0,1.496368442E1,6.264311578E0,1.881451365E1
2.431018221E1,8.115408491E0,1.460246917E1,4.779158564E0,1.737619974E1
2.432014921E1,6.642642803E0,1.388282895E1,3.554088532E0,1.579522676E1
2.433011621E1,5.586092450E0,1.338612552E1,3.322950436E0,1.488068496E1
2.434008321E1,4.727661551E0,1.295188673E1,3.215484459E0,1.415773618E1
2.435005121E1,3.987711613E0,1.243459408E1,3.145834765E0,1.343194886E1
2.436001821E1,3.353863496E0,1.185068294E1,3.075490422E0,1.269431872E1
2.436998521E1,3.401491991E0,1.123854378E1,3.388332832E0,1.222112161E1
2.437995221E1,4.246119660E0,1.058570566E1,4.240732913E0,1.216842275E1
2.438992021E1,5.360581130E0,9.678097925E0,5.457409852E0,1.233631759E1
2.439988721E1,6.229782600E0,7.953970960E0,7.093743796E0,1.234491986E1
2.440985421E1,4.936736348E0,4.581525598E0,8.409559107E0,1.077415551E1
2.441982121E1,9.460217513E-1,-6.203129822E-1,9.533827819E0,9.600709256E0
2.442978921E1,-3.375294126E0,-7.351312476E0,1.175338410E1,1.426802171E1
2.443975621E1,-7.005708702E0,-1.807120121E1,1.491689032E1,2.445734827E1
2.444972321E1,-1.112085453E1,-3.598300967E1,1.890837397E1,4.214234209E1
2.445969021E1,-1.105880388E1,-5.322646032E1,1.877182746E1,5.751290922E1
2.446965863E1,-3.394413936E0,-6.002522846E1,1.554948772E1,6.209940954E1
2.447962563E1,5.439843646E0,-5.558451609E1,6.776585557E0,5.625968752E1
2.448959263E1,6.106306947E0,-4.451205078E1,-9.032082921E-1,4.493801769E1
2.449955962E1,2.785053958E0,-3.011440958E1,-5.936847621E0,3.082012896E1
2.450952762E1,2.245307422E-1,-1.903821841E1,-9.168004957E0,2.113188324E1
2.451949463E1,8.394540533E-2,-1.207173810E1,-1.019922576E1,1.580373733E1
2.452946163E1,-1.522326834E0,-9.731091825E0,-4.225160141E1,4.338443786E1
2.453942863E1,-1.698844188E-1,-8.460042213E0,-6.503295702E1,6.558114572E1
2.454939663E1,5.064444800E0,-2.659115458E0,-1.787125450E1,1.876436073E1
2.455936363E1,4.859729395E0,-2.382231086E0,-1.054945059E1,1.185676610E1
2.456933063E1,3.686442597E0,-3.515213903E0,-5.619266043E0,7.584374639E0
2.457929762E1,3.871491477E0,-3.424159307E0,-2.799396009E0,5.877918954E0
2.458926463E1,4.337103798E0,-2.623657358E0,-9.248108304E-1,5.152603454E0
2.459923263E1,5.023219006E0,-1.291993169E0,4.278933942E-2,5.186887936E0
2.460919963E1,6.111469454E0,2.235139114E-1,6.718129188E-1,6.152345078E0
2.461916663E1,6.494942721E0,1.676593779E0,9.871718238E-1,6.780099988E0
2.462913363E1,6.482734319E0,3.297614450E0,1.126559651E0,7.359975677E0
2.463910163E1,6.446820720E0,5.058228625E0,8.981568094E-1,8.243413121E0
2.464906863E1,5.584447628E0,6.534790910E0,1.024208380E0,8.656705514E0
2.465903562E1,5.354180768E0,8.436345202E0,1.015271861E0,1.004340326E1
2.466900263E1,6.181152477E0,1.044406973E1,8.441777265E-1,1.216543770E1
2.467897063E1,7.617512231E0,1.190924164E1,2.219372097E0,1.431021109E1
2.468893763E1,8.558198252E0,1.247228173E1,3.313314224E0,1.548478672E1
2.469890463E1,9.082697589E0,1.242117940E1,3.600503145E0,1.580331345E1
2.470887163E1,1.130335900E1,1.348676662E1,2.327082487E0,1.775032708E1
2.471883963E1,1.586867787E1,1.559752260E1,3.215989659E0,2.248199809E1
2.472880663E1,1.587030222E1,1.762812962E1,5.384159442E0,2.432296485E1
2.473877362E1,9.692921201E0,1.748372210E1,4.044966964E0,2.039595591E1
2.474874063E1,5.871658768E0,1.683786439E1,3.777914100E0,1.822807419E1
2.475870863E1,3.877546269E0,1.581268142E1,3.222874171E0,1.659708338E1
2.476867563E1,3.064536833E0,1.487432493E1,2.566395575E0,1.540205553E1
2.477864263E1,2.234787842E0,1.403781992E1,1.949612557E0,1.434767068E1
2.478860963E1,1.446913978E0,1.343139115E1,1.449504880E0,1.358664391E1
2.479857763E1,9.819023131E-1,1.279012117E1,1.013673306E0,1.286774515E1
2.480854463E1,7.444845269E-1,1.213881034E1,6.420313684E-1,1.217855402E1
2.481851162E1,5.575577402E-1,1.146134258E1,6.462260147E-1,1.149307846E1
2.482847862E1,5.034149352E-1,1.070868664E1,8.312786226E-1,1.075269363E1
2.483844663E1,5.150379940E-1,9.967654967E0,1.252733209E0,1.005926191E1
2.484841363E1,4.267390808E-1,9.104735745E0,1.981208571E0,9.327567027E0
2.485838063E1,-1.825240526E-1,7.650926145E0,2.926228548E0,8.193460772E0
2.486834763E1,-2.487244740E0,3.226220532E0,5.317565503E0,6.698610916E0
2.487831563E1,-8.720467257E0,-9.812020798E0,1.090788374E1,1.706763689E1
2.488828263E1,-1.760566461E1,-3.759834041E1,1.719256234E1,4.493527376E1
2.489824962E1,-2.013810541E1,-6.847438023E1,2.231985359E1,7.478275137E1
2.490821662E1,-1.152372652E1,-7.849480047E1,1.884202328E1,8.154294461E1
2.491818363E1,4.170994341E-2,-6.762971017E1,9.897060363E0,6.835006394E1
2.492815163E1,2.410845605E0,-4.413645371E1,1.570313033E0,4.423013233E1
2.493811863E1,1.225686182E0,-2.223442577E1,-3.308827656E0,2.251267058E1
2.494808563E1,-1.728537811E-1,-1.216022986E1,-4.866217757E0,1.309889858E1
2.495805263E1,2.921839043E-1,-6.639458410E0,-5.342440143E0,8.526983411E0
2.496802063E1,8.729008578E-1,-3.263739191E0,-4.860336043E0,5.919190474E0
2.497798762E1,1.340530760E0,-2.726734414E0,-6.405862144E0,7.089934633E0
2.498795462E1,1.069596778E1,-1.432943226E0,-3.561249266E1,3.721164719E1
2.499792163E1,1.272962704E1,2.987260616E-1,-3.640945646E1,3.857176638E1
2.500788963E1,4.782645843E0,2.161498110E0,-7.259126444E0,8.957716900E0
2.501785663E1,5.795849032E0,3.030114859E0,-4.608464305E0,8.000712801E0
2.502782363E1,5.115679273E0,2.862419053E0,-3.137173285E0,6.648719687E0
2.503779063E1,4.433930765E0,3.651027181E0,-2.233310105E0,6.162581889E0
2.504775863E1,4.128080456E0,4.795388680E0,-1.546673325E0,6.513754618E0
2.505772562E1,3.661932238E0,5.809542042E0,-1.095665302E0,6.954208000E0
2.506769262E1,3.368861019E0,7.030826586E0,-9.203020424E-1,7.850395079E0
2.507765963E1,3.211792527E0,8.212265280E0,-9.188045704E-1,8.865726936E0
2.508762763E1,3.027327492E0,9.111754158E0,-9.902547683E-1,9.652428714E0
2.509759463E1,2.798010803E0,9.872899668E0,-1.050109207E0,1.031531588E1
2.510756163E1,2.379261724E0,1.043921069E1,-1.134923654E0,1.076689639E1
2.511752863E1,1.811246969E0,1.094293545E1,-1.305167092E0,1.116834424E1
2.512749663E1,1.218271328E0,1.138720690E1,-1.687519301E0,1.157585364E1
2.513746362E1,1.258076541E0,1.142463961E1,-1.912102230E0,1.165166433E1
2.514743062E1,1.746684791E0,1.179248093E1,-1.973469343E0,1.208338096E1
2.515739763E1,2.536187689E0,1.283651414E1,-2.133841950E0,1.325751202E1
2.516736563E1,3.609672748E0,1.361268992E1,-1.676283292E0,1.418255936E1
2.517733263E1,5.011640350E0,1.357931285E1,-7.558747568E-1,1.449433072E1
2.518729963E1,7.440343351E0,1.316054111E1,2.183842660E0,1.527506858E1
2.519726663E1,1.132828802E1,1.322417986E1,7.361291335E0,1.890496370E1
2.520723463E1,1.285908557E1,1.305730267E1,9.475642176E0,2.063097257E1
2.521720162E1,1.196352602E1,1.271985751E1,7.294765223E0,1.892443737E1
2.522716862E1,1.099532768E1,1.283043538E1,5.467865843E0,1.775992285E1
2.523713563E1,9.684790063E0,1.272343952E1,5.128495785E0,1.679233577E1
2.524710263E1,8.024943879E0,1.236732187E1,3.907611190E0,1.525187856E1
2.525707063E1,6.417233809E0,1.181359990E1,3.058284405E0,1.378749926E1
2.526703763E1,5.231475193E0,1.105739821E1,3.069548482E0,1.261176101E1
2.527700463E1,4.331994501E0,1.019816156E1,3.093496338E0,1.150384263E1
2.528697162E1,4.722080091E0,9.322604170E0,3.508109536E0,1.102342149E1
2.529693962E1,4.859064274E0,6.937254764E0,5.180628390E0,9.928490308E0
2.530690662E1,3.324822422E0,1.385765551E0,7.958421861E0,8.735632136E0
2.531687363E1,1.305032460E0,-6.640402735E0,1.174553597E1,1.355565098E1
2.532684063E1,-5.011072000E0,-2.313938297E1,1.686651340E1,2.906924769E1
2.533680863E1,-8.800625567E0,-4.208582115E1,2.077178688E1,4.775075373E1
2.534677563E1,-9.864004884E0,-6.018428676E1,1.911866441E1,6.391377233E1
2.535674263E1,-6.983848302E0,-6.487444134E1,1.291238761E1,6.651463772E1
2.536670962E1,-1.807962442E0,-5.459682313E1,5.404581428E0,5.489345430E1
2.537667762E1,2.689102319E-1,-4.004661170E1,6.592710797E-1,4.005294072E1
2.538664462E1,-8.549769491E-2,-2.551415476E1,-2.618394864E0,2.564830198E1
2.539661163E1,1.565714782E-1,-1.453593019E1,-4.922197831E0,1.534750184E1
2.540657863E1,-4.794696370E-1,-8.438026276E0,-1.362426975E1,1.603280714E1
2.541654663E1,3.655406161E0,-6.476953762E0,-8.241326760E1,8.274816978E1
2.542651363E1,3.674057025E0,-3.343985794E0,-3.978630302E1,4.009527209E1
2.543648063E1,2.379168899E0,-3.069373065E-1,-1.255728855E1,1.278437135E1
2.544644762E1,4.661908734E0,-1.230023208E0,-6.791546828E0,8.328953022E0
2.545641562E1,5.931250666E0,-1.511076645E0,-3.162256671E0,6.889336278E0
2.546638300E1,6.533880499E0,-1.086074114E0,-1.063574175E0,6.708378447E0
2.547635000E1,6.902315311E0,-3.805923432E-1,4.912122347E-1,6.930230635E0
2.548631700E1,7.072940573E0,4.466173482E-1,1.247264308E0,7.195944945E0
2.549628500E1,7.185926905E0,1.477853935E0,1.794762499E0,7.552666428E0
2.550625200E1,6.721780189E0,3.075967555E0,2.367812437E0,7.762115759E0
2.551621900E1,6.156185451E0,4.962143084E0,2.709171132E0,8.358294774E0
2.552618600E1,5.738366225E0,6.952417179E0,2.747697267E0,9.424160006E0
2.553615300E1,5.406723847E0,8.896456754E0,2.764604491E0,1.077138076E1
2.554612100E1,4.554736287E0,1.020580154E1,2.867313758E0,1.153800225E1
2.555608800E1,4.397250597E0,1.113969660E1,2.173455082E0,1.217179363E1
2.556605500E1,4.452076722E0,1.215375231E1,1.402154127E0,1.301924417E1
2.557602200E1,4.783012171E0,1.294132899E1,1.136406362E0,1.384364912E1
2.558599000E1,5.512664870E0,1.321372738E1,1.336509776E0,1.437978872E1
2.559595700E1,6.871550186E0,1.427121037E1,2.044056784E0,1.597071744E1
2.560592400E1,9.207534474E0,1.467599439E1,4.172739151E0,1.782064125E1
2.561589100E1,1.236144541E1,1.484338614E1,7.860348852E0,2.085465246E1
2.562585900E1,1.276943138E1,1.409694112E1,1.011464110E1,2.154270390E1
2.563582600E1,1.163228593E1,1.301502964E1,1.000638692E1,2.012035913E1
2.564579300E1,9.302159380E0,1.230906021E1,8.940918982E0,1.783208245E1
2.565576000E1,6.671443849E0,1.163023823E1,7.394218175E0,1.531159909E1
2.566572800E1,5.014945781E0,1.089072567E1,6.964891044E0,1.386604825E1
2.567569500E1,4.051889482E0,1.021648908E1,7.284388754E0,1.318547599E1
2.568566200E1,2.984194921E0,9.432810152E0,7.250212948E0,1.226576188E1
2.569562900E1,2.225209080E0,8.500328359E0,6.799655746E0,1.111046605E1
2.570559700E1,2.282202183E0,7.497451352E0,6.637431765E0,1.027013749E1
2.571556400E1,3.255627349E0,6.642884293E0,6.699770100E0,9.980678362E0
2.572553100E1,4.833117254E0,5.648814363E0,7.366590081E0,1.046588628E1
2.573549800E1,6.373015995E0,3.859021413E0,8.891773134E0,1.160047450E1
2.574546500E1,5.185751136E0,3.353384024E-1,1.019648575E1,1.144433434E1
2.575543300E1,1.258782300E0,-6.712684261E0,1.155361398E1,1.342127635E1
2.576540000E1,-6.109024733E0,-2.036695139E1,1.450697478E1,2.574073055E1
2.577536700E1,-1.218768254E1,-3.705236717E1,1.662111395E1,4.239904418E1
2.578533400E1,-1.270627911E1,-4.589955763E1,1.493310816E1,4.991208910E1
2.579530200E1,-8.340930337E0,-4.564489969E1,9.827602458E0,4.743005120E1
2.580526900E1,-3.062181282E0,-3.991765487E1,2.074299022E0,4.008863731E1
2.581523600E1,-1.629641222E0,-3.566963165E1,-3.692261161E0,3.589723033E1
2.582520300E1,-1.647960256E0,-3.253252093E1,-6.684065064E0,3.325293095E1
2.583517100E1,-4.412854769E0,-2.586883517E1,-8.373108734E0,2.754594108E1
2.584513800E1,-3.548395975E0,-1.793497746E1,-9.123481919E0,2.043263206E1
2.585510500E1,7.261858848E-1,-1.207577151E1,-1.746688797E1,2.124720637E1
2.586507200E1,5.895624751E0,-7.819358116E0,-4.650131564E1,4.752129111E1
2.587504000E1,3.873549405E0,-4.905784696E0,-2.701421350E1,2.772794330E1
2.588500700E1,3.030853070E0,-3.624204834E0,-1.581150262E1,1.650225882E1
2.589497400E1,2.422687386E0,-3.337237523E0,-9.126074574E0,1.001457965E1
2.590494100E1,2.116850233E0,-3.561247278E0,-3.428335388E0,5.377454846E0
2.591490900E1,2.669906202E0,-2.274817734E0,-1.242949648E0,3.721306045E0
2.592487600E1,3.194691176E0,-7.055425823E-1,-2.599787562E-1,3.281985831E0
2.593484300E1,3.647210996E0,7.644673133E-1,4.606336357E-1,3.754829113E0
2.594481000E1,3.941378568E0,2.183854355E0,1.077822012E0,4.633075129E0
2.595477800E1,4.000582504E0,3.776050007E0,1.620982080E0,5.735049863E0
2.596474500E1,4.264461206E0,5.354059145E0,1.875213169E0,7.097041859E0
2.597471200E1,4.619489231E0,6.785155821E0,1.903047085E0,8.426126540E0
2.598467900E1,4.703540032E0,8.072817373E0,1.946897694E0,9.543797975E0
2.599464700E1,4.750518901E0,9.179589461E0,1.823692768E0,1.049562518E1
2.600461400E1,5.255419541E0,1.001027415E1,1.750091525E0,1.144062251E1
2.601458100E1,5.503847269E0,1.032046543E1,3.021671480E0,1.208034934E1
2.602454800E1,8.039957775E0,1.095893695E1,3.479178683E0,1.403010707E1
2.603451500E1,1.151575911E1,1.188465760E1,6.524858830E0,1.778852374E1
2.604448300E1,1.579921879E1,1.293646879E1,1.263222295E1,2.401125977E1
2.605445000E1,1.600978638E1,1.365748076E1,1.453926778E1,2.557792698E1
2.606441700E1,1.205729548E1,1.344206349E1,1.188039264E1,2.161506823E1
2.607438400E1,7.786012030E0,1.342018321E1,9.231387606E0,1.805385881E1
2.608435200E1,4.577829281E0,1.376920819E1,5.814043229E0,1.563172140E1
2.609431900E1,2.640293563E0,1.422874789E1,3.695385329E0,1.493600647E1
2.610428600E1,1.786833090E0,1.394274420E1,2.988798434E0,1.437100568E1
2.611425300E1,2.032210910E0,1.344554142E1,2.434433273E0,1.381444644E1
2.612422100E1,2.382498888E0,1.309391559E1,2.251752223E0,1.349804855E1
2.613418800E1,2.428968758E0,1.270358120E1,2.285995857E0,1.313417838E1
2.614415500E1,2.250826316E0,1.221611755E1,2.374969575E0,1.264674770E1
2.615412200E1,2.233607143E0,1.173557699E1,2.479684875E0,1.220088543E1
2.616409000E1,2.784618341E0,1.131937686E1,2.825157087E0,1.199432801E1
2.617405700E1,3.339968465E0,1.055286068E1,3.726201324E0,1.167916239E1
2.618402400E1,3.166480407E0,9.016950327E0,5.107207242E0,1.083584594E1
2.619399100E1,1.533735483E0,6.071218391E0,7.176974233E0,9.524757027E0
2.620395900E1,-1.948749800E0,-5.026190561E-1,1.184774296E1,1.201745668E1
2.621392600E1,-1.057606594E1,-1.834537248E1,1.792869755E1,2.774606383E1
2.622389300E1,-1.867646288E1,-4.492860642E1,2.175629193E1,5.329846320E1
2.623386000E1,-1.951485420E1,-6.339790712E1,2.088418440E1,6.954331974E1
2.624382700E1,-1.189287528E1,-6.676154366E1,1.434256628E1,6.931272178E1
2.625379500E1,-5.196742147E0,-6.085597747E1,6.860795403E0,6.146158667E1
2.626376200E1,-4.877697596E-1,-4.636822834E1,-1.639011385E0,4.639975082E1
2.627372900E1,8.099066108E-2,-2.851890089E1,-6.007162728E0,2.914481552E1
2.628369600E1,7.020783994E-1,-1.567017191E1,-7.464350849E0,1.737134812E1
2.629366400E1,3.740796852E0,-9.115244946E0,-9.602457758E0,1.375821378E1
2.630363100E1,1.199054015E1,-7.413228058E0,-4.522979416E1,4.737576683E1
2.631359800E1,1.832001895E1,-5.290355485E0,-4.951652361E1,5.306125767E1
2.632356500E1,1.119874061E1,-1.272723085E0,-1.932229135E1,2.236923241E1
2.633353300E1,6.556475894E0,-1.053650719E0,-1.240772613E1,1.407299626E1
2.634350000E1,4.607818188E0,-9.963667166E-1,-5.649095614E0,7.357786103E0
2.635346700E1,3.888698371E0,-2.772714579E-1,-2.116954021E0,4.436253916E0
2.636343400E1,3.725419552E0,6.333288842E-1,-1.172859220E0,3.956697494E0
2.637340200E1,3.389084199E0,1.824578621E0,-3.739816274E-1,3.867148964E0
2.638336900E1,3.254994680E0,3.043404411E0,3.940209125E-1,4.473539232E0
2.639333600E1,3.310310802E0,4.321371864E0,7.635748820E-1,5.496859012E0
2.640330300E1,3.535442638E0,5.904243547E0,7.760933322E-1,6.925443478E0
2.641327100E1,3.885943748E0,7.529217521E0,4.030379768E-1,8.482459248E0
2.642323800E1,4.121123147E0,8.859855523E0,2.782344212E-1,9.775382871E0
2.643320500E1,4.398749238E0,9.826588551E0,5.402569985E-1,1.077973632E1
2.644317200E1,4.157395764E0,1.036243792E1,8.532309705E-1,1.119785972E1
2.645314000E1,3.812974589E0,1.059786085E1,9.564185393E-1,1.130345816E1
2.646310700E1,4.545530723E0,1.105523708E1,1.201216900E0,1.201345240E1
2.647307333E1,5.432850376E0,1.153025318E1,2.224580212E0,1.293875414E1
2.648304033E1,8.365780419E0,1.233676899E1,4.668688288E0,1.561982079E1
2.649300733E1,1.294944259E1,1.351123254E1,8.547476213E0,2.057427563E1
2.650297533E1,1.418210231E1,1.423642996E1,1.077220144E1,2.280018174E1
2.651294233E1,1.160286040E1,1.416938695E1,9.245115699E0,2.051511785E1
2.652290933E1,8.269616525E0,1.381319913E1,8.518074074E0,1.821396754E1
2.653287633E1,5.983870929E0,1.351176698E1,7.579410020E0,1.660789013E1
2.654284433E1,4.852511299E0,1.341147554E1,5.814887567E0,1.540219008E1
2.655281133E1,4.457186896E0,1.336352369E1,4.847277457E0,1.489786492E1
2.656277833E1,4.132526971E0,1.327806780E1,4.131550194E0,1.450705245E1
2.657274533E1,3.737633801E0,1.291358980E1,3.736157963E0,1.395312095E1
2.658271333E1,2.876829809E0,1.223723301E1,3.522680798E0,1.305508719E1
2.659268033E1,1.988188246E0,1.142723226E1,3.437884476E0,1.209766834E1
2.660264733E1,1.560944185E0,1.068594916E1,3.573590165E0,1.137526276E1
2.661261433E1,1.844815103E0,9.913279370E0,4.295079274E0,1.096011663E1
2.662258233E1,2.039609538E0,8.775239881E0,5.465171446E0,1.053721695E1
2.663254933E1,1.446896437E0,6.663604487E0,7.265670648E0,9.964291446E0
2.664251633E1,2.379869395E-1,2.359113534E0,1.055702858E1,1.082002342E1
2.665248333E1,-3.336499896E0,-7.986820033E0,1.626501384E1,1.842477140E1
2.666245133E1,-9.720605428E0,-2.759109278E1,2.192420058E1,3.655720369E1
2.667241833E1,-1.345981213E1,-5.018319975E1,2.432968195E1,5.737119053E1
2.668238533E1,-1.074584920E1,-6.865380087E1,2.177049599E1,7.282013557E1
2.669235233E1,-5.644095075E0,-6.719620228E1,1.358430052E1,6.878748891E1
2.670232033E1,-1.261314875E0,-5.094929259E1,3.666411790E0,5.109661345E1
2.671228733E1,-1.199765329E-1,-3.310545919E1,-2.952133175E0,3.323704127E1
2.672225433E1,7.409357786E-1,-2.088647183E1,-6.287829080E0,2.182499681E1
2.673222133E1,-5.877246952E-1,-1.516353056E1,-8.431589077E0,1.736000500E1
2.674218833E1,3.470848154E0,-1.231251474E1,-2.664999979E1,2.956124651E1
2.675215633E1,1.254182968E1,-1.452772889E1,-5.889662696E1,6.194485504E1
2.676212333E1,1.472333813E1,-1.023364598E1,-3.555861174E1,3.982359934E1
2.677209033E1,9.784897903E0,-3.145244197E0,-1.990580722E1,2.240263264E1
2.678205733E1,5.236031343E0,-2.140959765E0,-1.264293388E1,1.385075847E1
2.679202533E1,3.858157194E0,-1.861531854E0,-5.181963894E0,6.723349432E0
2.680199233E1,5.980442122E0,-3.425556207E-1,-2.170226249E0,6.371256886E0
2.681195933E1,6.316108553E0,4.387668765E-1,-1.518358183E-1,6.333150697E0
2.682192633E1,6.926494718E0,1.391374201E0,8.464324129E-1,7.115384675E0
2.683189433E1,7.231164474E0,2.619049167E0,1.332723265E0,7.805466641E0
2.684186133E1,6.766848773E0,4.579554502E0,1.703080496E0,8.346439057E0
2.685182833E1,6.325879835E0,6.343633152E0,2.060768126E0,9.192671131E0
2.686179533E1,5.515480304E0,7.710458987E0,2.259450082E0,9.745604930E0
2.687176333E1,5.446027662E0,8.712098138E0,1.993356162E0,1.046581770E1
2.688173033E1,5.843362337E0,9.695618522E0,2.129650666E0,1.151891114E1
2.689169733E1,6.287828495E0,1.062638357E1,2.979232973E0,1.270167879E1
2.690166433E1,7.230132440E0,1.150284845E1,5.125786185E0,1.452115772E1
2.691163133E1,8.762484180E0,1.222930419E1,4.303834895E0,1.564800322E1
2.692159933E1,1.218025190E1,1.285067610E1,4.919080095E0,1.837650025E1
2.693156633E1,1.540595963E1,1.376340424E1,8.969399600E0,2.252165664E1
2.694153333E1,1.220225965E1,1.416142071E1,9.302534187E0,2.088008906E1
2.695150033E1,7.970420932E0,1.448599029E1,7.812538508E0,1.828680624E1
2.696146833E1,4.657543495E0,1.464226415E1,6.188304791E0,1.656453220E1
2.697143533E1,3.017401258E0,1.429066054E1,4.768497920E0,1.536444797E1
2.698140233E1,3.014936657E0,1.346471794E1,4.631857846E0,1.455481293E1
2.699136933E1,2.934316709E0,1.279215834E1,4.558413309E0,1.389347549E1
2.700133733E1,2.758255000E0,1.211553374E1,4.770252085E0,1.330974956E1
2.701130433E1,2.876876586E0,1.154323283E1,5.272774662E0,1.301248615E1
2.702127133E1,2.382889190E0,1.080783671E1,5.597638947E0,1.240246173E1
2.703123833E1,1.215684447E0,9.942278051E0,5.610347285E0,1.148053911E1
2.704120633E1,7.077286369E-1,8.960153983E0,5.819800397E0,1.070772225E1
2.705117333E1,1.300455844E0,7.639016536E0,6.707365633E0,1.024863468E1
2.706114033E1,2.459934442E0,5.451197770E0,8.511214120E0,1.040228823E1
2.707110733E1,2.808269159E0,1.163525164E0,1.085868994E1,1.127613913E1
2.708107533E1,1.971672640E0,-6.240887632E0,1.317490772E1,1.471102868E1
2.709104233E1,-6.056665841E-1,-1.899126060E1,1.570612527E1,2.465192045E1
2.710100933E1,-3.706917500E0,-3.215089422E1,1.598847328E1,3.609781869E1
2.711097633E1,-6.121959359E0,-3.919459286E1,1.483373941E1,4.235250076E1
2.712094433E1,-5.427634075E0,-3.737083227E1,1.121502862E1,3.939308547E1
2.713091133E1,-1.804642393E0,-3.254864053E1,5.706550355E0,3.309434169E1
2.714087833E1,4.609618107E-1,-3.030507324E1,1.585651741E0,3.035002869E1
2.715084533E1,1.140250614E0,-3.199355500E1,-1.804227094E0,3.206466853E1
2.716081233E1,2.675340312E0,-3.320943905E1,-6.069854820E0,3.386543113E1
2.717078033E1,2.559453760E0,-2.793088851E1,-8.792195052E0,2.939367331E1
2.718074733E1,1.853322656E0,-1.794684029E1,-9.289125352E0,2.029314493E1
2.719071433E1,2.572495390E0,-1.135734400E1,-1.138445988E1,1.628535913E1
2.720068133E1,3.896715196E0,-6.798406781E0,-3.414018949E1,3.502792118E1
2.721064933E1,5.142320357E0,-2.450178071E0,-3.189047794E1,3.239520666E1
2.722061633E1,5.874938471E0,-1.478293646E0,-1.736199593E1,1.838856049E1
2.723058333E1,5.913597922E0,-2.298842189E0,-1.030851723E1,1.210457944E1
2.724055033E1,4.925137811E0,-2.802983276E0,-5.303551481E0,7.761530520E0
2.725051833E1,4.772902628E0,-2.064964088E0,-2.499561023E0,5.769963733E0
2.726048533E1,5.093444651E0,-6.826799691E-1,-1.049706772E0,5.245103875E0
2.727045233E1,5.273843533E0,9.811949462E-1,-1.436456233E-1,5.366265293E0
2.728041933E1,4.888416712E0,2.714297386E0,3.391806078E-1,5.601702575E0
2.729038733E1,4.443286018E0,4.542686053E0,4.550108801E-1,6.370700284E0
2.730035433E1,4.491847436E0,6.310558376E0,4.472529405E-1,7.758857880E0
2.731032133E1,4.474745792E0,7.725440138E0,4.140307423E-1,8.937404360E0
2.732028833E1,4.242941406E0,8.829516660E0,3.024887449E-1,9.800735466E0
2.733025533E1,4.155009808E0,9.801182399E0,2.959889799E-1,1.064964283E1
2.734022333E1,3.855213706E0,1.037029541E1,5.267768276E-1,1.107624455E1
2.735019033E1,4.951156751E0,1.105873605E1,-1.618146765E-1,1.211758145E1
2.736015733E1,7.766340827E0,1.242805923E1,8.669787247E-2,1.465538204E1
2.737012433E1,1.066718895E1,1.408573902E1,1.286695007E0,1.771588406E1
2.738009233E1,1.249678039E1,1.443565980E1,3.385016291E0,1.939113532E1
2.739005933E1,1.507054696E1,1.481662344E1,7.702714934E0,2.249412219E1
2.740002633E1,1.426972751E1,1.511215575E1,1.003588028E1,2.308075535E1
2.740999333E1,1.007229206E1,1.482236423E1,9.474705452E0,2.027125039E1
2.741996133E1,6.605821132E0,1.457047788E1,7.583761518E0,1.770449483E1
2.742992833E1,4.654261745E0,1.433997596E1,6.113417162E0,1.626871022E1
2.743989533E1,3.311896859E0,1.365356430E1,4.725628474E0,1.482295663E1
2.744986233E1,2.552809277E0,1.271707775E1,3.673496861E0,1.348093027E1
2.745983033E1,2.177318922E0,1.202154560E1,3.431146145E0,1.268980063E1
2.746979788E1,1.412000839E0,1.144106443E1,3.726807096E0,1.211531233E1
2.747976488E1,8.744214993E-1,1.088320966E1,4.166675588E0,1.168631896E1
2.748973188E1,1.334745671E0,1.026135827E1,5.171185137E0,1.156798061E1
2.749969988E1,1.911746719E0,9.082378916E0,6.986132809E0,1.161681686E1
2.750966688E1,2.444126641E0,7.028372510E0,9.090930469E0,1.174805482E1
2.751963387E1,2.373728650E0,2.860556130E0,1.155201418E1,1.213533686E1
2.752960087E1,8.981191680E-2,-5.063534389E0,1.435839118E1,1.522533560E1
2.753956788E1,-8.527881609E0,-2.264825895E1,1.939997746E1,3.101656854E1
2.754953588E1,-1.692547322E1,-4.800889156E1,2.280080813E1,5.577815131E1
2.755950288E1,-1.390883502E1,-6.739766926E1,2.064324637E1,7.184737389E1
2.756946988E1,-4.309158200E0,-6.969375858E1,1.335063994E1,7.109169021E1
2.757943688E1,2.640418986E0,-5.801512879E1,5.233507100E0,5.831051859E1
2.758940488E1,3.343980824E0,-4.273183089E1,-1.508160054E0,4.288899772E1
2.759937187E1,2.196582574E0,-2.585126545E1,-4.669279441E0,2.636124184E1
2.760933887E1,1.126911215E0,-1.551171120E1,-6.422685168E0,1.682658605E1
2.761930588E1,5.092512020E0,-8.911195246E0,-3.376288737E1,3.528846331E1
2.762927388E1,1.301957175E1,-3.743188071E0,-6.552160649E1,6.690741082E1
2.763924088E1,1.247362425E1,-8.869951326E-1,-2.731296178E1,3.003957296E1
2.764920788E1,7.992725136E0,1.769139415E-1,-1.643130982E1,1.827301004E1
2.765917488E1,4.072057406E0,-1.001692945E0,-8.939893965E0,9.874550338E0
2.766914288E1,3.896280163E0,-9.405369169E-1,-4.227773729E0,5.825777159E0
2.767910987E1,5.126072699E0,2.111072892E-1,-2.263588157E0,5.607585839E0
2.768907687E1,5.784134136E0,1.707008071E0,-1.077593898E0,6.126278876E0
2.769904388E1,6.010067625E0,3.043979777E0,-1.562902272E-2,6.736985231E0
2.770901088E1,6.227903305E0,4.173289374E0,8.115443429E-1,7.540671588E0
2.771897888E1,6.072557988E0,5.174780590E0,1.556063368E0,8.128692876E0
2.772894588E1,6.096504090E0,6.593243186E0,2.301329010E0,9.270077295E0
2.773891288E1,6.030156319E0,8.169207553E0,2.551226728E0,1.046935982E1
2.774887987E1,5.958597509E0,9.720080348E0,2.579796224E0,1.168931969E1
2.775884787E1,6.129122783E0,1.094256591E1,2.338308556E0,1.275827503E1
2.776881487E1,6.365806378E0,1.179107409E1,2.695705580E0,1.366820206E1
2.777878188E1,6.962533447E0,1.201031661E1,2.457500539E0,1.409836465E1
2.778874888E1,8.185151156E0,1.247397976E1,4.912585008E-1,1.492776625E1
2.779871688E1,8.898737168E0,1.303732624E1,2.832777178E-1,1.578732545E1
2.780868388E1,9.063164381E0,1.330317107E1,8.002481800E-1,1.611693849E1
2.781865088E1,9.986857224E0,1.398114169E1,3.236995196E0,1.748392914E1
2.782861787E1,9.995028123E0,1.494328115E1,6.041699892E0,1.896587399E1
2.783858587E1,6.949123442E0,1.490880596E1,5.032007371E0,1.720127641E1
2.784855287E1,4.826122815E0,1.482471248E1,4.040913674E0,1.610566809E1
2.785851988E1,4.040292699E0,1.434167867E1,3.641270517E0,1.533840158E1
2.786848688E1,4.026252365E0,1.350322303E1,3.371912681E0,1.448853117E1
2.787845488E1,4.064641382E0,1.282873501E1,3.564061543E0,1.392121712E1
2.788842188E1,4.116049810E0,1.233568609E1,3.705996855E0,1.352203498E1
2.789838888E1,4.475255962E0,1.194247604E1,3.955888141E0,1.335289111E1
2.790835587E1,5.191919364E0,1.147242539E1,4.711281745E0,1.344502684E1
2.791832287E1,6.458067840E0,1.063115958E1,6.072552141E0,1.384211269E1
2.792829087E1,9.050073050E0,9.382535207E0,8.090642610E0,1.534256455E1
2.793825788E1,1.257212644E1,5.958540791E0,1.145080823E1,1.801897835E1
2.794822488E1,1.253364241E1,-3.202676134E0,1.480976115E1,1.966413872E1
2.795819188E1,4.747713407E0,-1.624763124E1,1.785199027E1,2.460121663E1
2.796815988E1,-4.381201452E0,-2.920232579E1,2.060471322E1,3.600729044E1
2.797812688E1,-9.107226659E0,-3.835670089E1,1.984353905E1,4.413551997E1
2.798809387E1,-8.325714127E0,-4.166036370E1,1.655176013E1,4.559456308E1
2.799806087E1,-2.406325123E0,-4.035204686E1,1.117423727E1,4.193973850E1
2.800802887E1,2.394819556E0,-3.672295376E1,4.613835558E0,3.708905461E1
2.801799588E1,1.223354313E0,-3.475257072E1,-7.734989226E-2,3.477418224E1
2.802796288E1,-3.041449687E-1,-3.215644907E1,-3.201090076E0,3.231681758E1
2.803792988E1,-3.192901343E-1,-2.726338441E1,-6.848147875E0,2.811211847E1
2.804789788E1,4.836166285E-1,-2.039153777E1,-1.166123315E1,2.349538372E1
2.805786488E1,2.689158452E0,-1.716953717E1,-3.587760776E1,3.986511405E1
2.806783187E1,6.780200890E0,-1.453310715E1,-6.455754564E1,6.651961385E1
2.807779887E1,1.288904670E0,-7.749305549E0,-2.739773471E1,2.850173467E1
2.808776588E1,2.328692225E0,-4.913812923E0,-1.572275709E1,1.663650972E1
2.809773388E1,2.456978675E0,-5.004770456E0,-8.117273169E0,9.847567985E0
2.810770088E1,3.026632842E0,-4.839196604E0,-3.432010948E0,6.660107303E0
2.811766788E1,4.011550126E0,-4.156841741E0,-1.633924600E0,6.003463772E0
2.812763488E1,5.162962782E0,-3.187636510E0,4.468037282E-1,6.084147006E0
2.813760288E1,5.906504665E0,-2.212721474E0,1.088593387E0,6.400622567E0
2.814756988E1,6.425323432E0,-8.857175159E-1,1.725560555E0,6.711693971E0
2.815753687E1,6.785351118E0,8.871524227E-1,2.139404406E0,7.169733637E0
2.816750388E1,7.072955191E0,2.808829322E0,2.522880011E0,8.017552048E0
2.817747188E1,7.458449255E0,4.647001550E0,3.288010983E0,9.382649142E0
2.818743888E1,6.240456693E0,6.574783527E0,3.236111682E0,9.625149192E0
2.819740588E1,6.129022211E0,8.786119795E0,3.049092582E0,1.113812282E1
2.820737288E1,6.789635957E0,1.069948546E1,2.950728967E0,1.301095488E1
2.821734088E1,7.930618351E0,1.144937917E1,4.146225536E0,1.453183323E1
2.822730788E1,9.652921568E0,1.206703577E1,4.211041921E0,1.601640163E1
2.823727487E1,1.099612641E1,1.306287623E1,3.971801924E0,1.753079411E1
2.824724188E1,1.318582564E1,1.426711498E1,4.939347714E0,2.004529180E1
2.825720888E1,1.383463386E1,1.477714187E1,8.789933349E0,2.206861899E1
2.826717688E1,9.726676008E0,1.505959513E1,8.801490955E0,1.997162674E1
2.827714388E1,5.063869434E0,1.506854254E1,6.395509064E0,1.713494336E1
2.828711088E1,2.581135528E0,1.541830427E1,4.896189415E0,1.638166774E1
2.829707788E1,9.669673549E-1,1.476941068E1,3.108221966E0,1.512387389E1
2.830704588E1,4.610084423E-1,1.375316109E1,2.212800411E0,1.393766316E1
2.831701287E1,3.349094726E-1,1.279541523E1,2.132124184E0,1.297616156E1
2.832697988E1,7.406518232E-2,1.216141801E1,2.005304947E0,1.232585988E1
2.833694688E1,-2.306379031E-1,1.168307367E1,1.924793319E0,1.184281359E1
2.834691488E1,-4.759611614E-1,1.110990036E1,2.052502502E0,1.130792605E1
2.835688188E1,-4.502483229E-1,1.055063874E1,2.330087371E0,1.081425025E1
2.836684888E1,-2.155382361E-1,9.982495201E0,2.871679873E0,1.038957229E1
2.837681588E1,1.271936781E-1,9.363246996E0,3.922652568E0,1.015252558E1
2.838678388E1,5.974143355E-1,8.270957292E0,5.596920909E0,1.000455707E1
2.839675087E1,6.524098107E-1,5.729605342E0,8.195386122E0,1.002089665E1
2.840671788E1,-1.099539667E-2,7.089719743E-1,1.103068345E1,1.105344921E1
2.841668488E1,-5.945761701E-1,-8.989330419E0,1.407943573E1,1.671502595E1
2.842665288E1,-1.350333325E0,-2.519235676E1,1.834302540E1,3.119206341E1
2.843661988E1,-2.666128901E0,-4.262850825E1,2.103006307E1,4.760841849E1
2.844658688E1,-3.598589059E0,-5.331855163E1,1.903059014E1,5.672725228E1
2.845655388E1,-1.081706902E0,-5.206090909E1,1.324865280E1,5.373113759E1
2.846652121E1,2.029579370E0,-4.258288126E1,6.062071592E0,4.306007060E1
2.847648921E1,2.799246905E0,-3.230902865E1,7.989429353E-1,3.243990483E1
2.848645621E1,1.830339882E0,-2.339242707E1,-1.794863071E0,2.353247377E1
2.849642321E1,5.078187657E-1,-1.673726304E1,-4.233832029E0,1.727191905E1
2.850639021E1,-1.492066178E-1,-1.211516654E1,-5.439172971E0,1.328096854E1
2.851635821E1,-4.140411942E-1,-9.189108143E0,-5.884561819E0,1.091967062E1
2.852632521E1,4.024888502E-1,-8.534771968E0,-1.269351932E1,1.530129937E1
2.853629221E1,2.318528595E0,-1.053425484E1,-3.931508293E1,4.076790215E1
2.854625921E1,1.064229852E1,-5.241028374E0,-2.874376375E1,3.109551175E1
2.855622721E1,1.273068656E1,2.830356431E-1,-1.460860991E1,1.937942138E1
2.856619421E1,8.726714423E0,4.252387583E-2,-9.246478685E0,1.271435098E1
2.857616121E1,5.670331532E0,-2.394604379E-1,-5.278581532E0,7.750704740E0
2.858612821E1,4.281277506E0,6.293498540E-1,-3.199792871E0,5.381829870E0
2.859609521E1,3.880739433E0,2.006918778E0,-1.827536142E0,4.735794536E0
2.860606321E1,3.793575282E0,3.416366723E0,-9.723206270E-1,5.196939715E0
2.861603021E1,3.175327244E0,4.658393680E0,-6.690536177E-1,5.677232383E0
2.862599721E1,2.783497429E0,6.044112453E0,-6.891436274E-1,6.689848446E0
2.863596421E1,2.487682697E0,7.438591526E0,-3.697681238E-1,7.852256844E0
2.864593221E1,2.269139649E0,8.611535384E0,-1.822091800E-1,8.907341725E0
2.865589921E1,2.418910962E0,9.590646967E0,-1.398022485E-1,9.891975746E0
2.866586621E1,2.706040533E0,1.025352885E1,-1.555301622E-1,1.060573896E1
2.867583321E1,3.055421609E0,1.065999337E1,-2.319948591E-2,1.108925597E1
2.868580121E1,4.388908667E0,1.102271370E1,3.749562120E-1,1.187027079E1
2.869576821E1,7.683598632E0,1.208471424E1,3.206899212E-1,1.432413516E1
2.870573521E1,1.065757496E1,1.322443012E1,1.467818359E0,1.704769623E1
2.871570221E1,1.324603676E1,1.425654555E1,2.353735850E0,1.960221042E1
2.872567021E1,1.438787401E1,1.521716005E1,4.967552344E0,2.152323059E1
2.873563721E1,1.245428166E1,1.570057626E1,6.925527588E0,2.120330538E1
2.874560421E1,7.848383110E0,1.548785924E1,5.787376417E0,1.830203887E1
2.875557121E1,4.430059616E0,1.469804074E1,3.716320699E0,1.579458354E1
2.876553921E1,3.087626903E0,1.376154834E1,2.758822764E0,1.437096919E1
2.877550621E1,2.774692400E0,1.303419096E1,2.421217396E0,1.354442120E1
2.878547321E1,2.575249136E0,1.225164055E1,2.181151625E0,1.270795132E1
2.879544021E1,2.197764881E0,1.133386860E1,2.301609238E0,1.177217707E1
2.880540721E1,2.750171809E0,1.076627353E1,2.915805302E0,1.148816831E1
2.881537521E1,4.093435996E0,1.032116827E1,4.178621449E0,1.186354121E1
2.882534221E1,5.250302643E0,9.286085384E0,5.925797553E0,1.220295605E1
2.883530921E1,5.756290864E0,7.101270917E0,7.984865309E0,1.213758655E1
2.884527621E1,3.902831676E0,3.024234899E0,9.641007282E0,1.083176409E1
2.885524421E1,-1.277042862E0,-3.152527488E0,1.145855229E1,1.195272724E1
2.886521121E1,-6.072022968E0,-1.356400600E1,1.529092034E1,2.132285081E1
2.887517821E1,-1.129202125E1,-3.230385036E1,1.869266434E1,3.899313006E1
2.888514521E1,-1.252535105E1,-5.084890291E1,2.021675981E1,5.613566356E1
2.889511321E1,-6.893005959E0,-5.848047828E1,1.595011438E1,6.100726203E1
2.890508021E1,-1.117403350E0,-5.348501952E1,8.243346739E0,5.412807653E1
2.891504721E1,-2.492035072E-1,-4.244023258E1,5.603325364E-1,4.244466299E1
2.892501421E1,-7.108879606E-1,-3.060596862E1,-3.100413887E0,3.077081805E1
2.893498221E1,-2.660180821E0,-2.079919395E1,-4.902490667E0,2.153409960E1
2.894494921E1,-4.644953855E0,-1.442237025E1,-6.384016947E0,1.644189868E1
2.895491621E1,-4.202424295E0,-1.104468870E1,-7.479065368E0,1.398506122E1
2.896488321E1,-1.235712988E0,-1.055604391E1,-2.443479150E1,2.664612702E1
2.897485021E1,6.867506252E0,-1.232361978E1,-6.434025375E1,6.586882798E1
2.898481821E1,5.848160563E0,-4.738019308E0,-2.224829303E1,2.348694002E1
2.899478521E1,6.371081736E0,-8.016123354E-1,-1.130095813E1,1.299788135E1
2.900475221E1,6.532551427E0,-1.419816227E0,-7.761003488E0,1.024320660E1
2.901471921E1,5.461966587E0,-1.136539094E0,-3.865659172E0,6.787350068E0
2.902468721E1,5.763578249E0,5.274135894E-1,-1.489096962E0,5.976153369E0
2.903465421E1,4.912014320E0,2.500244270E0,-4.265070194E-1,5.528201726E0
2.904462121E1,4.365292055E0,5.027438942E0,1.478230204E-1,6.659787435E0
2.905458821E1,4.139800031E0,6.793368235E0,3.524097870E-1,7.963164505E0
2.906455621E1,3.758049354E0,7.885566139E0,7.274349962E-1,8.765514814E0
2.907452321E1,4.001543201E0,8.816463920E0,1.111633902E0,9.745671551E0
2.908449021E1,4.512997985E0,9.438897688E0,1.482445169E0,1.056681523E1
2.909445721E1,5.040034429E0,9.686546566E0,1.478696519E0,1.101896886E1
2.910442421E1,6.259572410E0,9.776558020E0,1.439374579E0,1.169765501E1
2.911439221E1,7.420796109E0,1.021284509E1,1.618738503E0,1.272755806E1
2.912435921E1,8.034554363E0,1.112374657E1,4.101090878E0,1.432168802E1
2.913432621E1,9.968763599E0,1.211354569E1,5.232866246E0,1.653774852E1
2.914429321E1,1.273783770E1,1.308730707E1,5.488665558E0,1.906975525E1
2.915426121E1,1.512327365E1,1.414469065E1,8.211792240E0,2.227597835E1
2.916422821E1,1.341116914E1,1.538333558E1,9.160043389E0,2.236990984E1
2.917419521E1,8.390946250E0,1.537635283E1,7.664213358E0,1.912015617E1
2.918416221E1,5.429731472E0,1.471758213E1,6.262806505E0,1.689117974E1
2.919413021E1,3.348383485E0,1.368212210E1,3.894008228E0,1.461422038E1
2.920409721E1,2.262999634E0,1.273569645E1,2.445642385E0,1.316435711E1
2.921406421E1,1.844065783E0,1.208658067E1,2.023945870E0,1.239283534E1
2.922403121E1,1.628026513E0,1.188717191E1,1.604059507E0,1.210488881E1
2.923399921E1,1.343567365E0,1.168118268E1,1.363226874E0,1.183695863E1
2.924396621E1,9.985642464E-1,1.143840980E1,1.444273814E0,1.157239284E1
2.925393321E1,9.248183586E-1,1.122657570E1,1.582072807E0,1.137515913E1
2.926390021E1,1.254898433E0,1.104703811E1,1.852534744E0,1.127136665E1
2.927386821E1,1.861843365E0,1.068410261E1,2.516219740E0,1.113318782E1
2.928383521E1,1.795841602E0,9.488228892E0,3.463884705E0,1.025914382E1
2.929380221E1,6.917981172E-1,7.319388433E0,4.394334590E0,8.565174147E0
2.930376921E1,-9.221639420E-1,3.502200340E0,6.749177903E0,7.659451411E0
2.931373621E1,-1.903856632E0,-2.481870564E0,1.064066598E1,1.109090276E1
2.932370421E1,-2.311841719E0,-1.289374903E1,1.456389859E1,1.958827502E1
2.933367121E1,-5.663508416E0,-3.343400956E1,1.979308226E1,3.926416213E1
2.934363821E1,-8.189386294E0,-5.780190657E1,2.374447155E1,6.302322096E1
2.935360521E1,-2.673321561E0,-6.770772606E1,2.037497845E1,7.075749122E1
2.936357321E1,5.386952072E0,-5.692946457E1,1.186091557E1,5.840089474E1
2.937354021E1,6.834799851E0,-3.914068855E1,2.702136055E0,3.982473513E1
2.938350721E1,4.099358348E0,-2.487008863E1,-2.441022793E0,2.532359848E1
2.939347421E1,2.224685608E0,-1.678646034E1,-5.361535395E0,1.776177184E1
2.940344221E1,7.151788668E-1,-1.182939908E1,-5.296410277E0,1.298068277E1
2.941340921E1,-6.878111932E-1,-9.541539711E0,-6.878696069E0,1.178263654E1
2.942337621E1,1.355457678E-2,-9.502341147E0,-2.359331401E1,2.543499827E1
2.943334321E1,1.128007714E0,-1.043605904E1,-5.131734441E1,5.237989659E1
2.944331021E1,3.583614632E0,-4.874311473E0,-2.712376927E1,2.779028725E1
2.945327821E1,4.467382394E0,-2.241233667E0,-1.484069993E1,1.565972568E1
2.946324521E1,4.903006099E0,-2.975649215E0,-7.843895372E0,9.717028952E0
2.947321158E1,5.184187006E0,-3.253979019E0,-3.240806412E0,6.925821292E0
2.948317858E1,5.693018728E0,-2.413411363E0,-1.264211001E0,6.311358499E0
2.949314658E1,5.834317279E0,-1.149727489E0,-3.227370679E-2,5.946610212E0
2.950311358E1,6.456041195E0,5.444085217E-1,3.119349217E-1,6.486459122E0
2.951308058E1,6.485906433E0,2.545356708E0,2.671889578E-1,6.972604461E0
2.952304758E1,5.761277370E0,5.166602089E0,2.083421409E-1,7.741414634E0
2.953301558E1,5.951653941E0,6.906185583E0,2.159329232E-1,9.119441374E0
2.954298258E1,5.388211563E0,7.599864165E0,4.190611750E-1,9.325576199E0
2.955294958E1,4.951254399E0,8.280491177E0,9.117832339E-1,9.690861826E0
2.956291658E1,4.241718754E0,9.048392560E0,1.088199577E0,1.005235118E1
2.957288458E1,4.692907455E0,9.865723965E0,2.780455927E-1,1.092854972E1
2.958285158E1,6.890867633E0,1.101783244E1,-1.794779090E-1,1.299649571E1
2.959281858E1,9.618942813E0,1.207880153E1,4.102757335E-1,1.544635341E1
2.960278558E1,1.251598966E1,1.329699407E1,2.642753779E0,1.845112994E1
2.961275258E1,1.655806576E1,1.530628448E1,7.191518598E0,2.366790709E1
2.962272058E1,1.455080317E1,1.612561973E1,8.811256975E0,2.343927759E1
2.963268758E1,1.024217589E1,1.639336139E1,6.935233966E0,2.053635642E1
2.964265458E1,7.401755236E0,1.627243162E1,6.135464673E0,1.890031582E1
2.965262158E1,5.405357938E0,1.565720981E1,4.261416854E0,1.710338525E1
2.966258958E1,4.385451793E0,1.456416055E1,3.034642943E0,1.550986840E1
2.967255658E1,3.539080483E0,1.359775146E1,2.467169495E0,1.426572328E1
2.968252358E1,2.753382807E0,1.288142310E1,1.953923124E0,1.331653084E1
2.969249058E1,2.026913040E0,1.234253201E1,1.462230760E0,1.259303743E1
2.970245858E1,1.439133089E0,1.182620299E1,1.130100798E0,1.196692563E1
2.971242558E1,1.346770470E0,1.129426424E1,1.341928976E0,1.145316414E1
2.972239258E1,2.087417104E0,1.107830551E1,2.121547740E0,1.147114328E1
2.973235958E1,2.990609609E0,1.036124976E1,3.275174006E0,1.127058150E1
2.974232658E1,2.911720729E0,8.428443274E0,4.717769816E0,1.008831630E1
2.975229458E1,6.131729472E-1,4.571388865E0,6.429389001E0,7.912687290E0
2.976226158E1,-3.956344224E0,-1.205251479E0,8.853148767E0,9.771567624E0
2.977222858E1,-8.986116790E0,-1.086607264E1,1.361929494E1,1.960375025E1
2.978219558E1,-1.563419867E1,-2.958988860E1,2.021650721E1,3.909855291E1
2.979216358E1,-1.634913656E1,-4.991706724E1,2.327664752E1,5.745267781E1
2.980213058E1,-1.038091395E1,-5.988641088E1,1.954283897E1,6.384409243E1
2.981209758E1,-3.838212342E0,-5.614045532E1,1.301677445E1,5.775741524E1
2.982206458E1,-1.005731252E0,-4.360826303E1,4.774020030E0,4.388033007E1
2.983203258E1,-1.820108132E-1,-2.955462522E1,-6.465903693E-1,2.956225767E1
2.984199958E1,-1.550300645E0,-1.931877133E1,-3.416068807E0,1.967963119E1
2.985196658E1,-2.890540068E0,-1.373699471E1,-5.000695531E0,1.490191938E1
2.986193358E1,-2.474012491E0,-1.034304855E1,-5.226589844E0,1.184975243E1
2.987190158E1,-2.622610414E0,-9.372518926E0,-5.969154072E0,1.141722369E1
2.988186858E1,1.955971404E0,-1.205657042E1,-4.184755880E1,4.359363362E1
2.989183558E1,8.970111791E0,-1.352189436E1,-4.521345470E1,4.803707962E1
2.990180258E1,9.538952903E0,-5.197916268E0,-1.450913591E1,1.812525809E1
2.991176958E1,8.460231078E0,-1.970490040E0,-1.093302793E1,1.396386195E1
2.992173758E1,7.538560202E0,-1.186694756E0,-7.141493329E0,1.045174920E1
2.993170458E1,6.890275310E0,-6.392632234E-1,-3.867380592E0,7.927243150E0
2.994167158E1,6.671433324E0,2.312217110E-1,-1.861397953E0,6.930100173E0
2.995163858E1,6.505299309E0,1.724428681E0,-8.958051324E-1,6.789332825E0
2.996160658E1,6.160415912E0,3.194672465E0,-1.761931260E-1,6.941736121E0
2.997157358E1,5.783821310E0,4.956377730E0,1.377041213E-1,7.618217086E0
2.998154058E1,4.985684559E0,6.328260237E0,6.713115200E-3,8.056300219E0
2.999150758E1,4.321709541E0,7.617762492E0,1.536466279E-1,8.759628190E0
3.000147558E1,4.397852275E0,8.787382793E0,1.050048249E0,9.882398612E0
3.001144258E1,4.667730806E0,9.884998727E0,1.456555452E0,1.102825755E1
3.002140958E1,6.117478638E0,1.123175049E1,1.415041391E0,1.286771565E1
3.003137658E1,7.649257350E0,1.211843747E1,2.279576783E0,1.451082820E1
3.004134358E1,9.290474889E0,1.266384937E1,2.517827432E0,1.590677402E1
3.005131158E1,1.102898425E1,1.357205762E1,2.875834905E0,1.772313934E1
3.006127858E1,1.243669089E1,1.443653922E1,4.115476198E0,1.949415526E1
3.007124558E1,1.337590575E1,1.465496313E1,6.937568175E0,2.101933993E1
3.008121258E1,1.234825760E1,1.491101270E1,8.798536942E0,2.126574753E1
3.009118058E1,8.478399546E0,1.464873701E1,7.365353980E0,1.845852633E1
3.010114758E1,5.415628572E0,1.419275476E1,5.389927136E0,1.611876655E1
3.011111458E1,4.523655412E0,1.372886474E1,4.314278314E0,1.508503175E1
3.012108158E1,4.019261434E0,1.265186960E1,3.847659688E0,1.382131513E1
3.013104958E1,3.529738095E0,1.184559820E1,3.814082637E0,1.293539617E1
3.014101658E1,2.867006779E0,1.138488439E1,4.151706716E0,1.245279041E1
3.015098358E1,2.475919268E0,1.085313509E1,4.647715495E0,1.206324901E1
3.016095058E1,2.699315650E0,1.032287800E1,5.255675064E0,1.189412609E1
3.017091858E1,3.176390268E0,9.579060709E0,6.351024617E0,1.192406696E1
3.018088558E1,3.215019898E0,8.147473453E0,7.791057007E0,1.172255287E1
3.019085258E1,2.262366235E0,5.519492079E0,9.099539909E0,1.088047427E1
3.020081958E1,-4.177275713E-1,1.499781579E0,9.718675847E0,9.842586110E0
3.021078658E1,-4.193327782E0,-3.522296051E0,1.009616624E1,1.148577991E1
3.022075458E1,-7.068625327E0,-1.086054702E1,1.186914845E1,1.757252487E1
3.023072158E1,-1.035510083E1,-2.288474842E1,1.467728780E1,2.909231171E1
3.024068858E1,-1.005071116E1,-3.719797220E1,1.625675172E1,4.182090275E1
3.025065558E1,-5.122884212E0,-4.730591123E1,1.390186748E1,4.957171672E1
3.026062358E1,-3.028870133E-1,-4.828119405E1,9.740866615E0,4.925494820E1
3.027059058E1,1.018368693E0,-4.424922077E1,3.583183692E0,4.440574083E1
3.028055758E1,3.456452894E-1,-3.805319999E1,-2.095981813E0,3.811244731E1
3.029052458E1,5.366059971E-1,-2.923058188E1,-5.826320043E0,2.981041543E1
3.030049258E1,-2.447175233E0,-2.001571149E1,-8.408099642E0,2.184750587E1
3.031045958E1,-2.924184362E0,-1.329151991E1,-8.098075005E0,1.583648239E1
3.032042658E1,-1.294427219E0,-9.279575679E0,-8.525026413E0,1.266736523E1
3.033039358E1,1.370553874E0,-7.315351515E0,-2.211883568E1,2.333743082E1
3.034036158E1,4.752226873E0,-7.087912368E0,-3.372870221E1,3.479148624E1
3.035032858E1,8.280025738E0,-4.130220537E0,-1.916771787E1,2.128424197E1
3.036029558E1,7.543763639E0,-1.565111935E0,-1.328205794E1,1.535483665E1
3.037026258E1,5.362900136E0,-1.555527763E0,-9.539958040E0,1.105401121E1
3.038022958E1,3.697925944E0,-1.048030960E0,-5.800199361E0,6.958113092E0
3.039019758E1,3.624971696E0,8.296731234E-2,-2.606782586E0,4.465715936E0
3.040016458E1,4.296794555E0,1.967416744E0,-1.194241757E0,4.874360006E0
3.041013158E1,3.761485178E0,3.717984232E0,-1.075505418E0,5.397118620E0
3.042009858E1,3.382036842E0,5.497458016E0,-5.244456889E-1,6.475744060E0
3.043006658E1,3.108206763E0,7.125149192E0,-3.290685792E-1,7.780551807E0
3.044003358E1,2.647705202E0,8.651349075E0,-1.393795679E-1,9.048514261E0
3.045000058E1,2.443586943E0,9.852888157E0,1.155914135E-1,1.015203839E1
3.045996758E1,2.709759947E0,1.045015551E1,1.077998525E-1,1.079630353E1
3.046993525E1,3.061126152E0,1.106310743E1,1.231716343E-1,1.147946038E1
3.047990225E1,3.785519573E0,1.165152093E1,1.319535492E-1,1.225175539E1
3.048986925E1,6.044044626E0,1.190408205E1,8.821320033E-1,1.337967869E1
3.049983625E1,1.049974808E1,1.211265224E1,4.367058499E0,1.661421843E1
3.050980325E1,1.633476761E1,1.257565231E1,6.877074051E0,2.173167761E1
3.051977125E1,2.125544751E1,1.382736694E1,9.850656860E0,2.720341092E1
3.052973825E1,1.822390476E1,1.389278792E1,1.087651810E1,2.536570336E1
3.053970525E1,1.127248687E1,1.338955199E1,9.489802963E0,1.990993277E1
3.054967225E1,6.470191457E0,1.357728620E1,6.682969880E0,1.645807293E1
3.055964025E1,3.269876721E0,1.381766290E1,3.554239390E0,1.463736723E1
3.056960725E1,1.503098558E0,1.366683631E1,2.159586071E0,1.391781348E1
3.057957425E1,6.087965986E-1,1.319989053E1,1.571109424E0,1.330699546E1
3.058954125E1,2.530726280E-1,1.250437241E1,1.216926030E0,1.256599714E1
3.059950925E1,3.515095716E-2,1.193833972E1,1.108964210E0,1.198978701E1
3.060947625E1,-4.642360322E-3,1.156605218E1,1.109201680E0,1.161911842E1
3.061944325E1,3.607809899E-1,1.127625014E1,1.312227459E0,1.135807734E1
3.062941025E1,9.031189759E-1,1.082494332E1,1.891246819E0,1.102596192E1
3.063937725E1,1.506831859E0,9.888611137E0,2.959322619E0,1.043133562E1
3.064934525E1,1.619829448E0,8.040735455E0,4.997415243E0,9.604760966E0
3.065931225E1,-2.480020505E-1,4.610771617E0,6.991264325E0,8.378454320E0
3.066927925E1,-3.109194358E0,-4.163819808E-1,9.650630629E0,1.014766648E1
3.067924625E1,-9.585668648E0,-1.414269324E1,1.358746737E1,2.182934001E1
3.068921425E1,-1.411522887E1,-3.834652674E1,1.792038047E1,4.461878343E1
3.069918125E1,-1.242590161E1,-5.888245331E1,1.771686462E1,6.273303460E1
3.070914825E1,-5.965023015E0,-6.613431517E1,1.540822016E1,6.816701835E1
3.071911525E1,1.086829867E0,-5.945807193E1,9.549990107E0,6.022994129E1
3.072908325E1,3.969850123E0,-4.330613973E1,1.687605255E0,4.352044876E1
3.073905025E1,1.292574090E0,-2.652680130E1,-3.024809096E0,2.672997203E1
3.074901725E1,-1.903685601E0,-1.568145119E1,-3.863856475E0,1.626226667E1
3.075898425E1,-2.688304174E0,-1.011187537E1,-4.043832019E0,1.121737849E1
3.076895225E1,-1.711241017E0,-6.594974547E0,-4.473538050E0,8.150740934E0
3.077891925E1,-1.577163046E0,-5.501117789E0,-9.254316292E0,1.088081386E1
3.078888625E1,-1.177311582E0,-6.005979837E0,-2.837941673E1,2.903186440E1
3.079885325E1,5.631917079E0,-5.775187311E0,-2.140969238E1,2.287894679E1
3.080882025E1,9.353585057E0,-4.200881799E0,-1.757478313E1,2.034723478E1
3.081878825E1,9.063937383E0,-3.502815467E-1,-1.535617643E1,1.783507254E1
3.082875525E1,7.055025873E0,1.065211249E0,-1.089320372E1,1.302190279E1
3.083872225E1,5.799983599E0,1.352110147E0,-7.121740850E0,9.283706389E0
3.084868925E1,4.945819997E0,2.066518278E0,-4.783884283E0,7.184509870E0
3.085865725E1,4.065728087E0,2.857312680E0,-2.842565417E0,5.724906880E0
3.086862425E1,3.689146934E0,3.980394992E0,-1.393837194E0,5.603225099E0
3.087859125E1,3.427543091E0,5.593244764E0,-8.756228828E-1,6.618092932E0
3.088855825E1,3.052789777E0,7.049007919E0,-9.349623276E-1,7.738358522E0
3.089852625E1,3.222151455E0,8.077820835E0,-8.679228307E-1,8.739950771E0
3.090849325E1,3.368618944E0,8.792167570E0,-6.928874534E-1,9.440863159E0
3.091846025E1,3.175316427E0,9.328129789E0,-6.554138909E-1,9.875535790E0
3.092842725E1,3.193359472E0,9.808120120E0,-6.162567687E-1,1.033327332E1
3.093839425E1,3.862887884E0,1.025962516E1,-6.192247423E-1,1.098022087E1
3.094836225E1,6.094245311E0,1.078147746E1,-1.061415821E0,1.243007183E1
3.095832925E1,1.015590841E1,1.185557472E1,-2.332577115E-1,1.561254421E1
3.096829625E1,1.385656793E1,1.262759079E1,2.808618237E0,1.895649916E1
3.097826325E1,1.571367286E1,1.277644453E1,4.771122150E0,2.080674545E1
3.098823125E1,1.623293718E1,1.437261512E1,9.025131751E0,2.348474650E1
3.099819825E1,1.215784653E1,1.503885623E1,8.676565193E0,2.119583007E1
3.100816525E1,7.055826357E0,1.483230216E1,6.995924556E0,1.785286625E1
3.101813225E1,3.814317110E0,1.430888631E1,5.197954860E0,1.569432946E1
3.102810025E1,2.597095796E0,1.363157643E1,4.271858811E0,1.451942011E1
3.103806725E1,2.095806543E0,1.300956600E1,3.499770237E0,1.363413379E1
3.104803425E1,1.859372624E0,1.239750051E1,2.527950132E0,1.278850333E1
3.105800125E1,1.678553912E0,1.186821406E1,2.094800237E0,1.216800051E1
3.106796825E1,1.741782047E0,1.145204317E1,2.105748564E0,1.177358375E1
3.107793625E1,2.550841981E0,1.116587342E1,2.662321486E0,1.175888939E1
3.108790325E1,3.599645651E0,1.060752864E1,3.684523541E0,1.179206625E1
3.109787025E1,3.303533294E0,8.954415525E0,4.468170891E0,1.053847431E1
3.110783725E1,7.709071442E-1,5.082829615E0,5.766802404E0,7.725636847E0
3.111780525E1,-2.030151667E0,-1.222296113E0,9.049473710E0,9.354597693E0
3.112777225E1,-6.934587264E0,-1.440472803E1,1.301687502E1,2.061610354E1
3.113773925E1,-1.267371129E1,-3.880922861E1,1.878252669E1,4.493954263E1
3.114770625E1,-1.333121899E1,-5.873955204E1,2.295134353E1,6.445789744E1
3.115767425E1,-7.032556778E0,-6.563093071E1,1.889708885E1,6.865839998E1
3.116764125E1,6.763923119E-1,-5.797825859E1,1.009194104E1,5.885391448E1
3.117760825E1,2.966053349E0,-4.241130056E1,9.751199815E-1,4.252607137E1
3.118757525E1,1.875690010E0,-2.559241156E1,-3.395229623E0,2.588469290E1
3.119754225E1,-1.683980420E0,-1.480769474E1,-4.214369864E0,1.548756039E1
3.120751025E1,-3.376786920E0,-9.506586810E0,-4.226067804E0,1.093789430E1
3.121747725E1,-2.886051745E0,-5.828091749E0,-4.275369187E0,7.782976924E0
3.122744425E1,-1.706104384E0,-3.882888578E0,-4.270401101E0,6.018632854E0
3.123741125E1,1.251434689E0,-3.374850322E0,-1.276995529E1,1.326753412E1
3.124737925E1,7.268706522E0,-4.109341300E0,-2.973131404E1,3.088157727E1
3.125734625E1,1.092720878E1,-3.517100215E0,-2.250926128E1,2.526738469E1
3.126731325E1,9.053693646E0,-1.308706266E-1,-1.211958586E1,1.512847835E1
3.127728025E1,6.970496770E0,1.352089097E0,-9.039513563E0,1.149472817E1
3.128724825E1,4.694415452E0,1.530681190E0,-7.000537425E0,8.566682297E0
3.129721525E1,3.878483870E0,2.575718375E0,-4.761094176E0,6.659202657E0
3.130718225E1,3.528543801E0,4.100842372E0,-3.157547615E0,6.263995247E0
3.131714925E1,2.841931287E0,5.377807027E0,-2.325764524E0,6.512032132E0
3.132711625E1,2.471978245E0,6.609899565E0,-1.895262687E0,7.307083505E0
3.133708425E1,2.465564142E0,7.857883666E0,-1.743529780E0,8.418149341E0
3.134705125E1,2.458663550E0,8.858161585E0,-1.721428474E0,9.352826798E0
3.135701825E1,2.783740966E0,9.699341444E0,-1.671870983E0,1.022846962E1
3.136698525E1,2.937737038E0,1.038585134E1,-1.740837137E0,1.093282767E1
3.137695325E1,2.734055713E0,1.090810593E1,-1.802804321E0,1.138911494E1
3.138692025E1,2.675106423E0,1.115454853E1,-1.841875416E0,1.161777312E1
3.139688725E1,2.793810748E0,1.126370084E1,-1.789928021E0,1.174223903E1
3.140685425E1,3.119030837E0,1.161506237E1,-1.208237214E0,1.208709495E1
3.141682225E1,3.666110951E0,1.202664437E1,-1.064727830E0,1.261801053E1
3.142678925E1,5.362910076E0,1.270959682E1,-1.809059087E0,1.391284840E1
3.143675625E1,7.634956230E0,1.358544190E1,-1.308402210E0,1.563869254E1
3.144672325E1,8.302969628E0,1.330545616E1,1.883370620E-1,1.568470399E1
3.145669025E1,8.193936013E0,1.269886718E1,1.169643178E0,1.515816216E1
3.146665825E1,8.733244593E0,1.271945289E1,2.511340531E0,1.563204638E1
3.147662600E1,8.837379996E0,1.290259704E1,4.391429109E0,1.624379713E1
3.148659300E1,8.000666825E0,1.287929471E1,5.204307275E0,1.603033737E1
3.149656000E1,7.591882131E0,1.294851054E1,4.558090543E0,1.568683489E1
3.150652800E1,7.507291047E0,1.302797537E1,3.711738821E0,1.548756166E1
3.151649500E1,6.769383541E0,1.256515773E1,3.136682703E0,1.461323101E1
3.152646200E1,6.164373307E0,1.178391242E1,3.152918082E0,1.366751559E1
3.153642900E1,5.775039961E0,1.051189743E1,4.179696168E0,1.270121782E1
3.154639700E1,5.180281650E0,8.386086629E0,5.844762161E0,1.145962528E1
3.155636400E1,2.742349404E0,4.611438199E0,7.301121147E0,9.060475292E0
3.156633100E1,-6.538754153E-1,-2.237670958E-2,9.548905449E0,9.571292966E0
3.157629800E1,-4.269954958E0,-7.890682452E0,1.276051087E1,1.559891094E1
3.158626500E1,-7.437457166E0,-2.229522980E1,1.660739638E1,2.877844081E1
3.159623300E1,-9.451616551E0,-3.988747388E1,1.927347412E1,4.529691417E1
3.160620000E1,-1.089470762E1,-5.238724922E1,1.818665565E1,5.651436082E1
3.161616700E1,-5.977530209E0,-5.316604221E1,1.283382559E1,5.501877853E1
3.162613400E1,-2.415746303E0,-4.518797955E1,4.733670734E0,4.549941719E1
3.163610200E1,-1.104641948E0,-3.422445488E1,-1.004960516E0,3.425702105E1
3.164606900E1,-1.221933732E0,-2.483334707E1,-4.149842916E0,2.520732919E1
3.165603600E1,-3.039475082E0,-1.735656621E1,-5.987689161E0,1.861024505E1
3.166600300E1,-3.311228523E0,-1.229734590E1,-6.627725387E0,1.435672993E1
3.167597100E1,-2.435087577E0,-9.912915673E0,-7.085681071E0,1.242587723E1
3.168593800E1,-9.406547382E-1,-9.291636146E0,-7.433868729E0,1.193657145E1
3.169590500E1,2.133300644E0,-1.049805590E1,-1.757373648E1,2.058145678E1
3.170587200E1,7.889456876E0,-1.045765749E1,-2.748781224E1,3.044972827E1
3.171583900E1,1.098288597E1,-4.419857687E0,-1.859522283E1,2.204407490E1
3.172580700E1,9.539845773E0,-1.620770996E0,-1.489890780E1,1.776550054E1
3.173577400E1,6.452341661E0,-1.151663502E0,-1.081567315E1,1.264665281E1
3.174574100E1,4.554103619E0,-3.613403857E-1,-6.687243610E0,8.098743961E0
3.175570800E1,3.814972583E0,9.717850220E-1,-3.501730224E0,5.268823066E0
3.176567600E1,3.491985254E0,2.798945773E0,-1.767278977E0,4.811583257E0
3.177564300E1,3.434213009E0,4.714332823E0,-5.818318713E-1,5.861508448E0
3.178561000E1,3.489940483E0,6.898456734E0,1.172336040E-1,7.731890687E0
3.179557700E1,2.582010564E0,8.528648179E0,-1.737539600E-1,8.912620756E0
3.180554500E1,2.533945867E0,9.965879753E0,7.640322804E-2,1.028326205E1
3.181551200E1,2.915757647E0,1.080075690E1,5.153385043E-1,1.119926632E1
3.182547900E1,2.723088675E0,1.133064912E1,5.388664576E-1,1.166572752E1
3.183544600E1,2.787903306E0,1.152340726E1,6.470195550E-1,1.187349797E1
3.184541300E1,3.683108515E0,1.186446834E1,9.129789895E-1,1.245650143E1
3.185538100E1,5.322836768E0,1.261649979E1,9.798962796E-1,1.372839594E1
3.186534800E1,7.511449002E0,1.302384724E1,1.591870548E0,1.511874713E1
3.187531500E1,9.075330098E0,1.295701123E1,3.204487016E0,1.614046137E1
3.188528200E1,9.193695284E0,1.276973894E1,4.726323123E0,1.642949774E1
3.189525000E1,9.343151870E0,1.272380088E1,6.393122231E0,1.703119513E1
3.190521700E1,9.635610886E0,1.297080948E1,7.393827581E0,1.776951272E1
3.191518400E1,1.022031199E1,1.299810780E1,8.237566767E0,1.847330749E1
3.192515100E1,9.923841780E0,1.278220053E1,9.035379581E0,1.853389787E1
3.193511900E1,6.718213388E0,1.260985268E1,8.969175067E0,1.686976221E1
3.194508600E1,3.900286091E0,1.243149974E1,7.596869806E0,1.508200411E1
3.195505300E1,2.001077410E0,1.223178107E1,5.578798048E0,1.359204792E1
3.196502000E1,6.659386598E-1,1.169913364E1,4.093708476E0,1.241256022E1
3.197498700E1,2.730244425E-1,1.119529193E1,3.238952844E0,1.165761207E1
3.198495500E1,9.987199286E-1,1.073786074E1,2.974886738E0,1.118700343E1
3.199492200E1,2.341037159E0,1.033171431E1,3.645898004E0,1.120345249E1
3.200488900E1,3.849736619E0,9.502932301E0,5.215267296E0,1.150326942E1
3.201485600E1,4.100606729E0,6.864494936E0,7.214135628E0,1.076940199E1
3.202482400E1,1.701489323E0,1.307848479E0,9.684238086E0,9.919173396E0
3.203479100E1,-2.005856193E0,-7.372171834E0,1.369588411E1,1.568278094E1
3.204475800E1,-8.423598272E0,-2.709624058E1,1.685157260E1,3.300210236E1
3.205472500E1,-8.924045672E0,-4.820449729E1,1.856760409E1,5.242201896E1
3.206469300E1,-9.994293712E0,-5.751144964E1,1.637306220E1,6.062614875E1
3.207466000E1,-5.130161072E0,-5.690087402E1,1.134051571E1,5.824633305E1
3.208462700E1,-1.450504169E-2,-4.751642035E1,4.175769178E0,4.769955410E1
3.209459400E1,1.017301649E0,-3.597479316E1,-4.495573282E-1,3.599198171E1
3.210456100E1,-8.408983156E-2,-2.499021149E1,-3.161012968E0,2.518947686E1
3.211452900E1,-1.062742116E0,-1.564492948E1,-5.141904035E0,1.650249728E1
3.212449600E1,-5.390553957E-1,-9.849103839E0,-6.087154977E0,1.159089655E1
3.213446300E1,9.742645338E-2,-6.869648672E0,-8.113435056E0,1.063152826E1
3.214443000E1,3.492500979E0,-5.780411798E0,-3.052250781E1,3.126074545E1
3.215439800E1,9.312476208E0,-4.545468158E0,-3.453193422E1,3.605326580E1
3.216436500E1,9.942571582E0,-1.973477967E0,-2.095915272E1,2.328165431E1
3.217433200E1,7.040459290E0,-5.453265345E-1,-1.442852035E1,1.606386154E1
3.218429900E1,4.591492177E0,-2.987436032E-1,-8.515854471E0,9.679402126E0
3.219426700E1,3.409919290E0,-2.889068323E-1,-4.121809610E0,5.357269004E0
3.220423400E1,3.656593730E0,2.883414066E-1,-2.065258349E0,4.209407384E0
3.221420100E1,3.277325197E0,1.747854965E0,-1.443355948E0,3.984863086E0
3.222416800E1,2.794991009E0,3.542382406E0,-1.015724655E0,4.625164259E0
3.223413500E1,2.526409391E0,5.223853932E0,-6.030539019E-1,5.833958204E0
3.224410300E1,2.910495445E0,6.663160683E0,-1.870578374E-1,7.273491916E0
3.225407000E1,3.223234944E0,7.827837748E0,7.375253901E-2,8.465797467E0
3.226403700E1,3.145561700E0,8.925467715E0,2.591251358E-1,9.467083932E0
3.227400400E1,3.176965342E0,9.858195090E0,3.264061958E-1,1.036260876E1
3.228397200E1,3.013553790E0,1.042372843E1,3.935450953E-1,1.085773911E1
3.229393900E1,2.655286701E0,1.077202017E1,6.294235289E-1,1.111229679E1
3.230390600E1,2.939490033E0,1.112770747E1,2.843477583E-1,1.151292008E1
3.231387300E1,3.736287771E0,1.144473882E1,3.631413281E-2,1.203923635E1
3.232384100E1,5.289553832E0,1.185611851E1,1.192188434E-1,1.298310976E1
3.233380800E1,7.863496408E0,1.235545202E1,5.859184903E-1,1.465725318E1
3.234377500E1,1.047584350E1,1.260888321E1,2.412437802E0,1.656946254E1
3.235374200E1,1.293865331E1,1.274082680E1,5.116451690E0,1.886572275E1
3.236370900E1,1.259606611E1,1.279023226E1,6.584403366E0,1.912080779E1
3.237367700E1,9.382745706E0,1.259621463E1,5.653283390E0,1.669311694E1
3.238364400E1,7.160687984E0,1.285551643E1,4.354617963E0,1.534608916E1
3.239361100E1,5.933735733E0,1.304266241E1,3.340621891E0,1.471325991E1
3.240357800E1,5.517947829E0,1.300223593E1,2.755139018E0,1.439085399E1
3.241354600E1,5.537293927E0,1.287095541E1,2.850668489E0,1.429858133E1
3.242351300E1,5.303007106E0,1.246186433E1,3.092579495E0,1.389186794E1
3.243348000E1,4.511629736E0,1.161645284E1,3.432108597E0,1.292579393E1
3.244344700E1,3.561578523E0,1.038028947E1,3.953860327E0,1.166483015E1
3.245341400E1,2.739800310E0,8.883644335E0,4.962855860E0,1.053829117E1
3.246338200E1,1.803397228E0,6.714115074E0,6.758366218E0,9.695725694E0
3.247334888E1,6.567578003E-2,2.789866217E0,9.550126348E0,9.949501499E0
3.248331587E1,-2.246219295E0,-4.400706886E0,1.383336267E1,1.468923568E1
3.249328287E1,-8.522492815E0,-2.074901782E1,1.901726667E1,2.940767002E1
3.250325087E1,-1.197266755E1,-4.280090755E1,2.290584985E1,4.999940413E1
3.251321788E1,-9.697322985E0,-5.854536366E1,2.184630397E1,6.323652961E1
3.252318488E1,-4.398124756E0,-5.832696314E1,1.370292883E1,6.007618821E1
3.253315188E1,-8.859918234E-1,-4.459480993E1,4.266569420E0,4.480720554E1
3.254311988E1,-1.005443642E0,-3.232933720E1,-2.421806796E0,3.243550692E1
3.255308688E1,-2.161146985E0,-2.335055165E1,-5.115941228E0,2.400190979E1
3.256305387E1,-3.283215097E0,-1.762854594E1,-7.161179734E0,1.930874487E1
3.257302087E1,-2.820048375E0,-1.326266390E1,-8.348225323E0,1.592305852E1
3.258298788E1,-1.270332305E0,-1.083223363E1,-8.585786585E0,1.388044527E1
3.259295588E1,2.367238825E0,-1.129906363E1,-2.178817797E1,2.465760244E1
3.260292288E1,9.381137137E0,-1.422300358E1,-3.491057184E1,3.884646176E1
3.261288988E1,1.159548121E1,-8.410356082E0,-2.451250333E1,2.839105658E1
3.262285688E1,9.473793286E0,-3.142756791E0,-1.840118532E1,2.093402256E1
3.263282488E1,6.043800212E0,-1.424643688E0,-1.250989686E1,1.396619670E1
3.264279187E1,4.727282066E0,-1.207788586E0,-6.153457725E0,7.853087990E0
3.265275887E1,5.149747490E0,-3.171944922E-1,-2.758610218E0,5.850678755E0
3.266272588E1,4.308744217E0,1.629738286E0,-1.103714287E0,4.737035870E0
3.267269388E1,3.174248140E0,3.720671028E0,-1.783280906E-1,4.893980493E0
3.268266088E1,2.705865701E0,5.693733843E0,-1.740546530E-1,6.306394318E0
3.269262788E1,2.567835452E0,6.419508961E0,1.086699182E-1,6.914888528E0
3.270259488E1,3.009753685E0,6.771026609E0,6.152908087E-2,7.410074521E0
3.271256187E1,3.633888700E0,7.412936282E0,3.653474095E-1,8.263791511E0
3.272252987E1,3.929733546E0,8.013392705E0,1.156671057E0,8.999730902E0
3.273249687E1,4.147701958E0,8.785833866E0,1.571339219E0,9.841921316E0
3.274246388E1,4.368175902E0,9.576446419E0,1.082796165E0,1.058119720E1
3.275243088E1,4.924288795E0,1.011521881E1,5.032920341E-1,1.126141974E1
3.276239888E1,5.859820495E0,1.078724398E1,7.153343296E-1,1.229690336E1
3.277236588E1,6.890889852E0,1.143699009E1,3.295910572E0,1.375325895E1
3.278233288E1,9.211546249E0,1.195015110E1,2.757897735E0,1.533834070E1
3.279229988E1,1.302208957E1,1.250122077E1,4.864760631E0,1.869548698E1
3.280226687E1,1.526932306E1,1.265966160E1,8.959142414E0,2.176431693E1
3.281223487E1,1.223833229E1,1.293156414E1,1.012060293E1,2.047995928E1
3.282220188E1,8.766884794E0,1.332739375E1,8.695524205E0,1.816837456E1
3.283216888E1,5.136625754E0,1.342763022E1,4.605057718E0,1.509611653E1
3.284213588E1,3.513871675E0,1.354155387E1,2.660657369E0,1.424078905E1
3.285210388E1,2.626897885E0,1.322488036E1,1.832688124E0,1.360723333E1
3.286207088E1,2.870522417E0,1.264454538E1,1.611334759E0,1.306601800E1
3.287203788E1,3.513069144E0,1.204603491E1,1.607553949E0,1.265040875E1
3.288200487E1,3.822680675E0,1.162347651E1,1.921237189E0,1.238584862E1
3.289197287E1,4.198121621E0,1.131761217E1,2.514812608E0,1.233032249E1
3.290193988E1,4.884685311E0,1.069991465E1,3.673219703E0,1.232237262E1
3.291190688E1,5.375923054E0,9.268625014E0,5.329159362E0,1.196695023E1
3.292187388E1,4.540172335E0,6.304169124E0,7.562255459E0,1.084174436E1
3.293184088E1,1.848349307E0,8.680922538E-1,1.078295563E1,1.097461214E1
3.294180888E1,-1.777156386E0,-7.430777307E0,1.494507507E1,1.678481472E1
3.295177588E1,-7.826431493E0,-2.205009347E1,1.796743068E1,2.950064774E1
3.296174287E1,-1.204165534E1,-3.792870576E1,2.092146390E1,4.495882378E1
3.297170988E1,-1.129392510E1,-4.942203260E1,1.940329283E1,5.428238963E1
3.298167788E1,-6.553749923E0,-5.143382094E1,1.281248326E1,5.340926233E1
3.299164488E1,-1.454106054E0,-4.309625276E1,5.662531346E0,4.349098398E1
3.300161188E1,8.024331383E-1,-3.122359364E1,-1.058334339E-1,3.123408234E1
3.301157888E1,1.285135408E-1,-2.274562679E1,-2.516627291E0,2.288478679E1
3.302154688E1,-1.798772227E0,-1.775015867E1,-4.056715189E0,1.829646557E1
3.303151388E1,-3.303256429E0,-1.418701163E1,-5.420013399E0,1.554217962E1
3.304148087E1,-1.852749336E0,-1.198330013E1,-6.505716215E0,1.376068696E1
3.305144788E1,1.279041587E0,-1.333893732E1,-1.300411639E1,1.867271377E1
3.306141488E1,5.304103459E0,-1.794070773E1,-3.861830298E1,4.291125531E1
3.307138288E1,6.544823563E0,-1.133928312E1,-3.145440663E1,3.407042344E1
3.308134988E1,7.762041369E0,-4.033314632E0,-2.369527308E1,2.525832298E1
3.309131688E1,6.758758566E0,-2.250440692E0,-1.631655704E1,1.780380112E1
3.310128388E1,4.535248687E0,-2.940935465E0,-7.807042125E0,9.495656313E0
3.311125188E1,4.119181286E0,-3.080029616E0,-3.177096319E0,6.045508905E0
3.312121887E1,5.083558763E0,-2.378134527E0,-6.989434147E-1,5.655671085E0
3.313118588E1,6.085266327E0,-1.322840740E0,6.415265344E-1,6.260345852E0
3.314115288E1,5.805836661E0,1.994438481E-1,7.984735501E-1,5.863879023E0
3.315112088E1,5.254660572E0,2.400108948E0,1.387548367E0,5.941150660E0
3.316108788E1,5.115575777E0,4.549957066E0,1.651820295E0,7.042707939E0
3.317105488E1,5.428341588E0,6.130108039E0,1.708688561E0,8.364492427E0
3.318102188E1,5.652765326E0,7.259466752E0,1.969940987E0,9.409265691E0
3.319098887E1,5.726518012E0,8.383048416E0,2.925802871E0,1.056545464E1
3.320095687E1,7.184504862E0,9.571486811E0,3.274684594E0,1.240782129E1
3.321092388E1,1.000136884E1,1.045368138E1,3.672488217E0,1.492628563E1
3.322089088E1,1.321598675E1,1.147064433E1,4.257612655E0,1.801014304E1
3.323085788E1,1.448311463E1,1.251061607E1,4.426424110E0,1.964355758E1
3.324082588E1,1.498070567E1,1.334580312E1,3.367959963E0,2.034392188E1
3.325079288E1,1.458615894E1,1.394676708E1,3.712346932E0,2.051949961E1
3.326075988E1,1.269689784E1,1.462063529E1,6.316522536E0,2.036842282E1
3.327072687E1,8.178435629E0,1.537210191E1,6.774461263E0,1.868372693E1
3.328069388E1,3.921837173E0,1.535217109E1,5.048847352E0,1.663011797E1
3.329066188E1,2.094055156E0,1.470943579E1,3.771400301E0,1.532892783E1
3.330062888E1,1.194236056E0,1.356474041E1,2.822998295E0,1.390675022E1
3.331059588E1,5.040483349E-1,1.244734686E1,2.194968596E0,1.264944251E1
3.332056288E1,-7.126484111E-2,1.159819081E1,2.066349732E0,1.178104028E1
3.333053088E1,-3.933167981E-1,1.107080003E1,2.178114582E0,1.128988461E1
3.334049788E1,-7.313394745E-1,1.056810788E1,2.519923074E0,1.088897488E1
3.335046487E1,-1.076250281E0,9.975946319E0,3.255415095E0,1.054872253E1
3.336043188E1,-1.012413084E0,9.275739321E0,4.277536458E0,1.026458174E1
3.337039988E1,-1.203484524E0,8.082366461E0,5.412394477E0,9.801379320E0
3.338036688E1,-2.041771546E0,6.348438978E0,6.447323581E0,9.275747402E0
3.339033388E1,-3.465602617E0,3.522270323E0,7.765333936E0,9.204194743E0
3.340030088E1,-5.292735887E0,-1.423195333E0,9.129637867E0,1.064841893E1
3.341026788E1,-8.859760213E0,-1.310397280E1,1.108573616E1,1.931587431E1
3.342023588E1,-1.396789658E1,-3.404985000E1,1.492841168E1,3.971588971E1
3.343020287E1,-1.392712979E1,-5.552439736E1,1.663407255E1,5.961221365E1
3.344016987E1,-8.528924167E0,-6.348481078E1,1.407272897E1,6.558281366E1
3.345013688E1,-1.867616613E0,-5.357755054E1,8.589792513E0,5.429388961E1
3.346010488E1,2.247206305E0,-3.754113593E1,1.580488942E0,3.764152984E1
3.347007121E1,1.293640915E0,-2.381035096E1,-3.374407103E0,2.408304265E1
3.348003821E1,-7.302377129E-1,-1.564393078E1,-4.617205893E0,1.632741276E1
3.349000521E1,-1.325541861E0,-1.082833938E1,-4.879526605E0,1.195072278E1
3.349997321E1,-1.527931244E0,-8.296289769E0,-5.021054367E0,9.817025251E0
3.350994021E1,-3.110576055E0,-8.184537199E0,-1.163010258E1,1.455752790E1
3.351990721E1,-4.332333055E0,-8.949448900E0,-2.007264466E1,2.240028591E1
3.352987421E1,3.233987681E0,-7.589543830E0,-1.042769635E1,1.329649213E1
3.353984121E1,5.813987680E0,-7.556860233E0,-1.170276125E1,1.509513863E1
3.354980921E1,8.444076390E0,-3.197495500E0,-1.150398515E1,1.462422914E1
3.355977621E1,8.612130631E0,4.340622067E-2,-8.230241375E0,1.191249559E1
3.356974321E1,7.896806826E0,1.043720393E0,-6.206690776E0,1.009811471E1
3.357971021E1,7.117832571E0,1.886001867E0,-4.586575254E0,8.675091706E0
3.358967821E1,5.882562071E0,2.224674352E0,-2.839560533E0,6.900493933E0
3.359964521E1,4.974385985E0,2.870128022E0,-1.516258448E0,5.939797174E0
3.360961221E1,4.177345587E0,3.981380247E0,-8.871157314E-1,5.838542554E0
3.361957921E1,3.545265668E0,5.294762532E0,-6.060140549E-1,6.400833692E0
3.362954621E1,3.159896150E0,6.605761490E0,-4.118252456E-1,7.334209472E0
3.363951421E1,2.904972458E0,7.685034708E0,-2.925427041E-1,8.220961299E0
3.364948121E1,2.735423961E0,8.480993371E0,-1.328469855E-1,8.912207422E0
3.365944821E1,2.421255696E0,9.102846510E0,-2.548134720E-1,9.422803385E0
3.366941521E1,2.339263114E0,9.788050137E0,-8.156601980E-1,1.009670139E1
3.367938321E1,3.018477731E0,1.073900562E1,-9.880905676E-1,1.119882907E1
3.368935021E1,4.164222096E0,1.163523292E1,-1.076356627E0,1.240475451E1
3.369931721E1,5.804867193E0,1.258282217E1,-9.259486985E-1,1.388817043E1
3.370928421E1,7.871622283E0,1.349053691E1,-1.569562616E-1,1.561991225E1
3.371925221E1,8.872108948E0,1.383759255E1,1.005281382E0,1.646826874E1
3.372921921E1,9.799751000E0,1.420729445E1,2.817075065E0,1.748765986E1
3.373918621E1,1.081062232E1,1.471187993E1,5.942437559E0,1.919951901E1
3.374915321E1,9.960992650E0,1.489472704E1,7.131307479E0,1.928548196E1
3.375912021E1,7.305425282E0,1.512561955E1,4.899061568E0,1.749726863E1
3.376908821E1,5.146147944E0,1.462007630E1,3.825239124E0,1.596439551E1
3.377905521E1,4.289263633E0,1.369035966E1,3.706326638E0,1.481757697E1
3.378902221E1,3.862489981E0,1.286363704E1,2.907884663E0,1.374218978E1
3.379898921E1,3.063204837E0,1.195962943E1,2.220014706E0,1.254370062E1
3.380895721E1,2.275358748E0,1.111204395E1,2.042717772E0,1.152508022E1
3.381892421E1,2.071278058E0,1.059797780E1,2.221453121E0,1.102461701E1
3.382889121E1,2.418499172E0,9.875840818E0,2.928942826E0,1.058111885E1
3.383885821E1,2.928683502E0,8.502764894E0,4.291400206E0,9.964452500E0
3.384882521E1,2.269254401E0,5.716097689E0,6.580992100E0,9.007371722E0
3.385879321E1,-6.059995830E-2,1.161203819E0,9.265690881E0,9.338366783E0
3.386876021E1,-3.179866730E0,-6.313587234E0,1.284526041E1,1.466197978E1
3.387872721E1,-7.869030797E0,-2.065306969E1,1.773326372E1,2.833618844E1
3.388869421E1,-1.133179868E1,-3.902314080E1,2.145342955E1,4.595067811E1
3.389866221E1,-1.214890380E1,-5.225173882E1,1.954871659E1,5.709634309E1
3.390862921E1,-8.538741642E0,-5.399084577E1,1.294955719E1,5.617483927E1
3.391859621E1,-3.837981961E0,-4.487765144E1,5.402109810E0,4.536426452E1
3.392856321E1,-3.686074515E-1,-3.297566737E1,-2.947452772E-1,3.297904463E1
3.393853121E1,3.310841145E-1,-2.411251636E1,-3.179011282E0,2.432342851E1
3.394849821E1,3.778804046E-1,-1.841837263E1,-5.195053471E0,1.914073730E1
3.395846521E1,-4.774760288E-1,-1.488475520E1,-7.051194193E0,1.647735598E1
3.396843221E1,-6.608884196E-1,-1.321137212E1,-7.633751704E0,1.527256665E1
3.397839921E1,4.909018207E0,-1.388284298E1,-2.270666562E1,2.706334149E1
3.398836721E1,1.117173583E1,-1.671512197E1,-4.061653748E1,4.532004083E1
3.399833421E1,1.075189756E1,-1.204837730E1,-2.856973191E1,3.281762146E1
3.400830121E1,9.362419031E0,-4.574694881E0,-1.914913308E1,2.180073442E1
3.401826821E1,6.426131517E0,-2.965729998E0,-1.106928443E1,1.313848463E1
3.402823621E1,5.747880814E0,-2.603567494E0,-5.065432979E0,8.091681458E0
3.403820321E1,5.002219900E0,-2.118356768E0,-2.758201205E0,6.092397986E0
3.404817021E1,5.040012209E0,-8.198521399E-1,-9.472482048E-1,5.193376528E0
3.405813721E1,5.108662030E0,1.086876937E0,-6.157293499E-2,5.223362943E0
3.406810421E1,4.819318118E0,3.150832381E0,5.974353124E-1,5.788825508E0
3.407807221E1,4.070117592E0,5.128235584E0,1.194697767E0,6.655220520E0
3.408803921E1,3.623942586E0,6.927029153E0,1.887906305E0,8.042442600E0
3.409800621E1,3.761974590E0,8.286431363E0,2.018951764E0,9.321671726E0
3.410797321E1,3.928069428E0,9.326406614E0,1.877163801E0,1.029248919E1
3.411794121E1,3.989482734E0,1.022880916E1,1.972686839E0,1.115508865E1
3.412790821E1,4.164421486E0,1.090875263E1,2.135453442E0,1.187027597E1
3.413787521E1,4.431385472E0,1.153144251E1,2.306396792E0,1.256705255E1
3.414784221E1,4.933432086E0,1.202611695E1,3.438404878E0,1.344577514E1
3.415781021E1,6.865398331E0,1.303692863E1,5.643567656E0,1.577799285E1
3.416777721E1,1.066702874E1,1.430635915E1,8.001449182E0,1.955711132E1
3.417774421E1,1.540149118E1,1.513109020E1,1.232685329E1,2.486176046E1
3.418771121E1,1.343941470E1,1.421674706E1,1.427134836E1,2.421580369E1
3.419767821E1,1.102473917E1,1.398229593E1,1.374119769E1,2.249155369E1
3.420764621E1,7.728171957E0,1.375558535E1,8.130556873E0,1.774955563E1
3.421761321E1,5.367003711E0,1.365721179E1,4.067063591E0,1.522711952E1
3.422758021E1,3.649595490E0,1.300499114E1,2.004827814E0,1.365535339E1
3.423754721E1,3.107952994E0,1.249511978E1,1.494155388E0,1.296224867E1
3.424751521E1,3.014334394E0,1.208486861E1,1.710435709E0,1.257202654E1
3.425748221E1,2.757598650E0,1.159533386E1,1.858771384E0,1.206280020E1
3.426744921E1,2.267196766E0,1.116268317E1,2.036308054E0,1.157118090E1
3.427741621E1,1.724108253E0,1.071691016E1,2.331431207E0,1.110226482E1
3.428738321E1,1.386638102E0,1.000260261E1,2.763551992E0,1.046957706E1
3.429735121E1,1.171577803E0,8.998259118E0,3.753473908E0,9.819869046E0
3.430731821E1,4.610686686E-1,7.144616327E0,5.274384985E0,8.892539780E0
3.431728521E1,-1.527333367E0,3.624549235E0,7.005510482E0,8.034132279E0
3.432725221E1,-4.591671102E0,-1.774225908E0,9.170571885E0,1.040820397E1
3.433722021E1,-8.075857340E0,-1.181108793E1,1.093889971E1,1.801057458E1
3.434718721E1,-1.058529051E1,-2.969868658E1,1.373624861E1,3.439105822E1
3.435715421E1,-1.088257933E1,-4.837966584E1,1.713685474E1,5.246612612E1
3.436712121E1,-8.793162181E0,-5.845994754E1,1.573058651E1,6.117463951E1
3.437708921E1,2.390239432E-1,-5.577526162E1,1.121289438E1,5.689170363E1
3.438705621E1,4.528590170E0,-4.414191735E1,4.079760820E0,4.456076126E1
3.439702321E1,2.221245252E0,-2.912922390E1,1.145058779E-1,2.921401594E1
3.440699021E1,-1.938229197E-1,-1.857117908E1,-1.931176578E0,1.867232451E1
3.441695721E1,-9.654728065E-1,-1.264406240E1,-3.447144712E0,1.314105240E1
3.442692521E1,-1.180003641E0,-9.659933549E0,-5.022723162E0,1.095145984E1
3.443689221E1,-9.682233368E-1,-8.729984770E0,-1.663502331E1,1.881154143E1
3.444685921E1,2.330190867E0,-8.138623692E0,-2.819452777E1,2.943804310E1
3.445682621E1,6.807937158E0,-7.727864394E0,-3.113852835E1,3.279749753E1
3.446679421E1,6.982373049E0,-4.701345572E0,-2.559027148E1,2.693915696E1
3.447676221E1,6.560008782E0,-7.681849730E-1,-1.476733375E1,1.617708161E1
3.448672921E1,6.011459262E0,6.311771089E-1,-7.764146951E0,9.839614062E0
3.449669621E1,5.529387907E0,1.114489828E0,-4.116020574E0,6.982681689E0
3.450666321E1,4.474833208E0,1.530219845E0,-2.158228347E0,5.198428091E0
3.451663121E1,4.232035180E0,2.321585519E0,-1.158616134E0,4.964098350E0
3.452659821E1,4.133276292E0,3.452521811E0,-4.977167505E-1,5.408474991E0
3.453656521E1,3.452752776E0,4.820086734E0,-2.895560195E-1,5.936209274E0
3.454653221E1,2.869396536E0,6.084330187E0,-2.222491586E-1,6.730668986E0
3.455650021E1,3.133077895E0,7.334018167E0,-2.466073434E-1,7.979023421E0
3.456646721E1,3.722662590E0,8.476981596E0,-2.490428549E-1,9.261719931E0
3.457643421E1,4.075843186E0,9.376233078E0,-1.155759184E-1,1.022446097E1
3.458640121E1,4.001478297E0,9.974787401E0,2.379750989E-2,1.074750104E1
3.459636921E1,3.761635744E0,1.032556187E1,-1.061819279E-1,1.098992293E1
3.460633621E1,4.771678805E0,1.076126363E1,-8.127922118E-1,1.179976037E1
3.461630321E1,6.810202369E0,1.145769392E1,-4.708563960E-1,1.333714032E1
3.462627021E1,8.365717853E0,1.187706792E1,1.273888435E0,1.458330447E1
3.463623721E1,9.377303703E0,1.194592239E1,3.985924119E0,1.570116166E1
3.464620521E1,1.192229262E1,1.234092052E1,7.351324171E0,1.866765512E1
3.465617221E1,1.242462107E1,1.311993103E1,1.007767501E1,2.068969145E1
3.466613921E1,9.162034950E0,1.327443084E1,8.655097725E0,1.830475662E1
3.467610621E1,6.723619139E0,1.334572711E1,7.068254614E0,1.653105289E1
3.468607421E1,5.544142771E0,1.356047779E1,5.699565271E0,1.571970487E1
3.469604121E1,4.385210303E0,1.327420630E1,4.004398981E0,1.454200239E1
3.470600821E1,3.506664982E0,1.256244813E1,3.011841141E0,1.338592505E1
3.471597521E1,2.749375710E0,1.181974532E1,2.373608197E0,1.236525221E1
3.472594221E1,1.781771009E0,1.104805670E1,2.189139068E0,1.140292044E1
3.473591021E1,9.863747022E-1,1.030613625E1,2.419705306E0,1.063223181E1
3.474587721E1,7.727623196E-1,9.601744983E0,2.926200482E0,1.006743848E1
3.475584421E1,1.342559890E0,8.833202745E0,3.903878328E0,9.750292497E0
3.476581121E1,1.701489761E0,7.254896568E0,5.561489121E0,9.298319895E0
3.477577921E1,9.723882354E-1,3.321497403E0,8.075451543E0,8.785829586E0
3.478574621E1,-1.800558405E0,-4.472035316E0,1.147040810E1,1.244232183E1
3.479571321E1,-6.857443194E0,-1.975821648E1,1.361197422E1,2.495390727E1
3.480568021E1,-1.078199786E1,-3.858850791E1,1.735547980E1,4.366391072E1
3.481564821E1,-1.156955349E1,-5.192932335E1,1.871783661E1,5.639917197E1
3.482561521E1,-7.405961139E0,-5.419350091E1,1.359858527E1,5.636226861E1
3.483558221E1,-2.453191726E0,-4.331795111E1,7.061248480E0,4.395821047E1
3.484554921E1,-8.923714281E-1,-3.027178388E1,9.207967168E-1,3.029892890E1
3.485551621E1,-1.568257152E0,-2.132647948E1,-2.004269990E0,2.147778517E1
3.486548421E1,-1.517981184E0,-1.669736281E1,-3.876997215E0,1.720864025E1
3.487545121E1,-1.320852687E0,-1.437400909E1,-5.406502823E0,1.541385941E1
3.488541821E1,-1.539484904E0,-1.347804024E1,-7.255688281E0,1.538416702E1
3.489538521E1,-1.223485729E0,-1.414400770E1,-2.627965118E1,2.986921387E1
3.490535321E1,4.493767954E0,-1.481501428E1,-3.714065779E1,4.023812943E1
3.491532021E1,6.043635321E0,-1.094426394E1,-2.817806435E1,3.082702956E1
3.492528721E1,6.285201926E0,-3.655021414E0,-1.693424521E1,1.842909671E1
3.493525421E1,6.588003497E0,-1.217238271E0,-9.457982415E0,1.159037922E1
3.494522121E1,5.648878682E0,-7.668243259E-1,-4.512913785E0,7.270779927E0
3.495518921E1,5.519772161E0,-1.554359490E-1,-1.730521772E0,5.786773768E0
3.496515621E1,5.607387425E0,1.097657449E0,-5.266645610E-1,5.738032865E0
3.497512321E1,5.849873797E0,2.591323425E0,-1.222641098E-1,6.399291292E0
3.498509021E1,5.960745192E0,3.949601800E0,1.538553004E-1,7.152168138E0
3.499505821E1,5.775563287E0,5.141571913E0,3.083662198E-1,7.738732632E0
3.500502521E1,5.452193550E0,6.244836257E0,4.291183128E-1,8.301116607E0
3.501499221E1,5.207373555E0,7.328990731E0,4.987189633E-1,9.004419197E0
3.502495921E1,5.096433747E0,8.557679020E0,6.035536927E-1,9.978566240E0
3.503492621E1,4.576617445E0,9.617081060E0,1.037065676E0,1.070089625E1
3.504489421E1,3.520022069E0,1.032669623E1,1.626566756E0,1.103072662E1
3.505486121E1,4.530870584E0,1.111330227E1,1.164518605E0,1.205779330E1
3.506482821E1,6.033050691E0,1.190854231E1,1.555679791E0,1.343991146E1
3.507479521E1,8.301355796E0,1.253891075E1,2.528047196E0,1.524886269E1
3.508476321E1,1.087448678E1,1.291383188E1,5.122514083E0,1.764260942E1
3.509473021E1,1.373441609E1,1.390318193E1,9.138059027E0,2.157398378E1
3.510469721E1,1.245448631E1,1.439881766E1,1.036549133E1,2.167679842E1
3.511466421E1,8.180867486E0,1.400983515E1,7.638169860E0,1.793163998E1
3.512463221E1,6.023529085E0,1.400086552E1,5.877206022E0,1.633550393E1
3.513459921E1,5.323457742E0,1.387807633E1,4.758023218E0,1.560701733E1
3.514456621E1,4.807649999E0,1.340834026E1,3.441443092E0,1.465403076E1
3.515453321E1,4.325205883E0,1.280255001E1,2.905107236E0,1.382216845E1
3.516450021E1,3.714415384E0,1.227216077E1,2.581393683E0,1.307923564E1
3.517446821E1,3.085853150E0,1.172811594E1,2.475345072E0,1.237733923E1
3.518443521E1,2.638707506E0,1.117689659E1,2.501387401E0,1.175341370E1
3.519440221E1,2.260907793E0,1.044378555E1,2.855057409E0,1.106054761E1
3.520436921E1,2.518663584E0,9.544375026E0,3.898916380E0,1.061321393E1
3.521433721E1,2.935809211E0,8.010908223E0,5.723946991E0,1.027410314E1
3.522430421E1,2.412590560E0,4.544453666E0,8.056161579E0,9.558995330E0
3.523427121E1,-8.172005007E-1,-2.247274425E0,1.061926751E1,1.088516888E1
3.524423821E1,-5.909841671E0,-1.375568592E1,1.389848428E1,2.042823999E1
3.525420521E1,-1.032281485E1,-2.882624458E1,1.659717428E1,3.482784916E1
3.526417321E1,-1.080329342E1,-4.199508639E1,1.770597009E1,4.683801668E1
3.527414021E1,-8.115280437E0,-4.661774540E1,1.473276150E1,4.955932026E1
3.528410721E1,-3.994394688E0,-4.090870647E1,9.260214964E0,4.213346692E1
3.529407421E1,-7.098580467E-1,-3.213835311E1,3.266257879E0,3.231170190E1
3.530404221E1,-1.125811938E0,-2.524753576E1,-5.494657785E-1,2.527859623E1
3.531400921E1,-1.517094161E0,-2.024594210E1,-2.176936514E0,2.041907928E1
3.532397621E1,-1.996357245E0,-1.705115912E1,-3.765310134E0,1.757569430E1
3.533394321E1,-2.062370702E0,-1.474754092E1,-4.909299458E0,1.567943103E1
3.534391021E1,-1.496481264E0,-1.338002336E1,-5.528906681E0,1.455449382E1
3.535387821E1,1.499113534E0,-1.299317392E1,-1.350477020E1,1.880023213E1
3.536384521E1,3.974657704E0,-1.457802079E1,-3.157682862E1,3.500589521E1
3.537381221E1,7.158835586E0,-1.079589903E1,-3.052437190E1,3.315927687E1
3.538377921E1,9.036188836E0,-4.217132966E0,-1.898696640E1,2.144625404E1
3.539374721E1,6.946871095E0,-2.614633934E0,-1.157943411E1,1.375422201E1
3.540371421E1,5.137126275E0,-2.655396044E0,-6.426211039E0,8.645078533E0
3.541368121E1,4.819563701E0,-2.212260128E0,-3.148103485E0,6.167077484E0
3.542364821E1,4.865794419E0,-8.773706156E-1,-1.528733482E0,5.175206333E0
3.543361621E1,4.644075018E0,8.863548625E-1,-7.321003434E-1,4.784247969E0
3.544358321E1,4.151666955E0,2.702756737E0,-3.976773226E-1,4.969847053E0
3.545355021E1,3.685810513E0,4.550955185E0,-1.245784378E-1,5.857637068E0
3.546351721E1,3.529992156E0,6.286425163E0,1.355808511E-2,7.209727441E0
3.547348396E1,3.568411286E0,7.728715163E0,1.236155476E-1,8.513628955E0
3.548345196E1,3.502779799E0,8.928140477E0,9.001861587E-2,9.591103276E0
3.549341896E1,3.358113544E0,9.765423167E0,3.330398619E-2,1.032673837E1
3.550338596E1,3.469368809E0,1.031103388E1,1.037822306E-1,1.087955469E1
3.551335296E1,4.261639048E0,1.069099297E1,-3.654240811E-1,1.151487875E1
3.552332096E1,7.137310815E0,1.155120259E1,-2.901353323E-1,1.358144563E1
3.553328796E1,1.006729737E1,1.271466869E1,1.806580306E0,1.631799647E1
3.554325496E1,1.138211514E1,1.342456511E1,4.378069975E0,1.813667528E1
3.555322196E1,1.360876761E1,1.397169025E1,7.660568204E0,2.095449807E1
3.556318896E1,1.389565657E1,1.491799896E1,1.175775314E1,2.353467066E1
3.557315696E1,9.456610658E0,1.518590083E1,1.056505563E1,2.077641619E1
3.558312396E1,5.359258490E0,1.510084139E1,8.037682039E0,1.792655557E1
3.559309096E1,2.939763391E0,1.467922440E1,6.443381388E0,1.629843555E1
3.560305796E1,1.524033637E0,1.378651361E1,4.615662228E0,1.461830954E1
3.561302596E1,9.567362624E-1,1.286054503E1,3.474397999E0,1.335591271E1
3.562299296E1,8.961999656E-1,1.218107401E1,3.108457024E0,1.260334256E1
3.563295996E1,8.691583474E-1,1.161201363E1,3.051601038E0,1.203771431E1
3.564292696E1,9.132264729E-1,1.100530770E1,3.351881289E0,1.154061907E1
3.565289496E1,1.094422988E0,1.029920496E1,4.103012273E0,1.114029148E1
3.566286196E1,1.160064123E0,9.144303269E0,5.496811899E0,1.073214667E1
3.567282896E1,7.428570275E-1,6.973851317E0,7.070025151E0,9.958498601E0
3.568279596E1,-8.681349385E-1,3.040818188E0,9.194153706E0,9.722792597E0
3.569276296E1,-4.117359294E0,-4.099091130E0,1.184535145E1,1.319346606E1
3.570273096E1,-6.155684345E0,-1.630209337E1,1.483959247E1,2.288807993E1
3.571269796E1,-6.733326686E0,-3.305846628E1,1.899406258E1,3.871658940E1
3.572266496E1,-6.383295400E0,-4.875180136E1,2.073198839E1,5.336009687E1
3.573263196E1,-2.342235546E0,-5.287052861E1,1.798429054E1,5.589466494E1
3.574259996E1,1.122420553E0,-4.364518468E1,8.975568413E0,4.457266878E1
3.575256696E1,9.731424531E-1,-3.087531243E1,2.226674392E0,3.097079273E1
3.576253396E1,-4.984451308E-1,-2.115655940E1,-6.368117782E-1,2.117200941E1
3.577250096E1,-1.714738090E0,-1.615817585E1,-1.937195410E0,1.636397567E1
3.578246796E1,-1.881751818E0,-1.414740610E1,-2.639264746E0,1.451398662E1
3.579243596E1,-1.028347478E0,-1.358070682E1,-2.493531959E0,1.384596685E1
3.580240296E1,-2.722685802E-1,-1.413326753E1,-3.411591009E0,1.454174455E1
3.581236996E1,1.570314933E0,-1.621252572E1,-1.575180606E1,2.265902190E1
3.582233696E1,7.388701912E0,-1.825233392E1,-2.715312229E1,3.354150652E1
3.583230496E1,1.380181577E1,-1.287258913E1,-2.733008944E1,3.321336265E1
3.584227196E1,1.319884505E1,-3.375741438E0,-2.128202193E1,2.526914321E1
3.585223896E1,8.450021839E0,-8.908437699E-1,-1.642684372E1,1.849426036E1
3.586220596E1,7.099047221E0,-3.509767807E-1,-8.231539457E0,1.087556426E1
3.587217296E1,6.461293749E0,-9.069791615E-2,-3.053461914E0,7.147039435E0
3.588214096E1,5.813306479E0,1.049942999E0,-1.353843993E0,6.060512031E0
3.589210796E1,5.476786940E0,2.457490599E0,-6.929587895E-1,6.042735068E0
3.590207496E1,4.989649556E0,3.798284045E0,-4.377898067E-1,6.286113608E0
3.591204196E1,4.238393442E0,5.009333623E0,-2.630083448E-1,6.567082739E0
3.592200996E1,3.258710293E0,6.198771892E0,6.850188553E-2,7.003474727E0
3.593197696E1,3.006694714E0,7.359657623E0,3.207490146E-1,7.956610670E0
3.594194396E1,3.455048978E0,8.510227110E0,5.525022376E-1,9.201444867E0
3.595191096E1,3.592195713E0,9.450029032E0,5.903758228E-1,1.012696709E1
3.596187796E1,3.252375712E0,9.934531660E0,6.279658180E-1,1.047221123E1
3.597184596E1,2.836306558E0,1.021047580E1,5.010479093E-1,1.060893491E1
3.598181296E1,4.096375976E0,1.071407543E1,2.356509769E-1,1.147289152E1
3.599177996E1,6.349770974E0,1.164007793E1,5.185568118E-1,1.326951042E1
3.600174696E1,7.745674428E0,1.250327899E1,2.286577070E0,1.488475369E1
3.601171496E1,9.458689343E0,1.290127674E1,6.112011491E0,1.712502350E1
3.602168196E1,1.127367268E1,1.353794029E1,1.065006363E1,2.058629103E1
3.603164896E1,9.885698054E0,1.365811577E1,1.211145823E1,2.075954173E1
3.604161596E1,6.984300292E0,1.364353048E1,1.033796147E1,1.848782902E1
3.605158296E1,5.229196533E0,1.360196145E1,8.399901845E0,1.682011304E1
3.606155096E1,4.470876982E0,1.344002164E1,7.128866851E0,1.585697529E1
3.607151796E1,4.652535062E0,1.314947818E1,6.472336800E0,1.537680079E1
3.608148496E1,5.138137844E0,1.281366673E1,6.416223410E0,1.522361450E1
3.609145196E1,5.344173843E0,1.247366518E1,6.636539479E0,1.510616342E1
3.610141996E1,5.624284124E0,1.173791705E1,6.971004893E0,1.476503226E1
3.611138696E1,6.353910803E0,1.059906538E1,7.591686834E0,1.450331267E1
3.612135396E1,7.159030298E0,8.770367981E0,8.956168520E0,1.443551260E1
3.613132096E1,7.079083073E0,5.258562419E0,1.077089751E1,1.392042129E1
3.614128796E1,3.062604328E0,-1.505368593E0,1.245321980E1,1.291233377E1
3.615125596E1,-4.384493142E0,-1.092361859E1,1.513212399E1,1.917108238E1
3.616122296E1,-9.895689776E0,-2.082034216E1,1.655569530E1,2.838137366E1
3.617118996E1,-1.054235674E1,-2.911265991E1,1.499469221E1,3.440245699E1
3.618115696E1,-7.414319733E0,-3.449005413E1,1.296033010E1,3.758332246E1
3.619112496E1,-4.727574719E0,-3.580898483E1,8.873537423E0,3.719372291E1
3.620109196E1,-2.389150827E0,-3.469656375E1,4.417532834E0,3.505815417E1
3.621105896E1,-1.900441566E0,-3.361911369E1,1.826373716E0,3.372227935E1
3.622102596E1,-2.466491218E0,-3.014613423E1,-6.613569278E-1,3.025409693E1
3.623099396E1,-2.202927241E0,-2.593972213E1,-2.788764309E0,2.618204116E1
3.624096096E1,-4.337447029E-1,-2.224976887E1,-4.534363711E0,2.271124839E1
3.625092796E1,2.484098353E0,-1.880137928E1,-7.683220317E0,2.046202537E1
3.626089496E1,4.576173642E0,-1.707595833E1,-2.555156057E1,3.107107925E1
3.627086196E1,4.235243839E0,-1.571630294E1,-3.951865491E1,4.273948472E1
3.628082996E1,5.481883957E0,-9.235819795E0,-2.763564154E1,2.964928503E1
3.629079696E1,5.747917652E0,-4.527984399E0,-1.987089233E1,2.117530548E1
3.630076396E1,4.328399633E0,-4.087740515E0,-1.119047850E1,1.267562523E1
3.631073096E1,4.770293015E0,-4.187037932E0,-5.589035354E0,8.457203928E0
3.632069896E1,4.616371203E0,-4.100591526E0,-2.470235190E0,6.650398171E0
3.633066596E1,5.779964486E0,-2.825740639E0,-5.647680880E-1,6.458464416E0
3.634063296E1,6.692979144E0,-9.793039566E-1,3.038141625E-1,6.771064104E0
3.635059996E1,6.443313560E0,8.991567564E-1,6.669344406E-1,6.539845110E0
3.636056696E1,5.778557062E0,2.841477250E0,9.797979002E-1,6.513502791E0
3.637053496E1,4.908357471E0,4.554222025E0,1.202824812E0,6.802918406E0
3.638050196E1,4.293110517E0,6.257055184E0,1.532593814E0,7.741471519E0
3.639046896E1,4.169955876E0,7.905438486E0,1.765863220E0,9.110585194E0
3.640043596E1,4.447153367E0,9.296361866E0,1.821577245E0,1.046506859E1
3.641040396E1,5.263745391E0,1.025431822E1,1.735169431E0,1.165628031E1
3.642037096E1,6.356216944E0,1.056225131E1,2.063115199E0,1.249876358E1
3.643033796E1,8.895309530E0,1.075206479E1,2.518106929E0,1.418006670E1
3.644030496E1,1.192122141E1,1.170448150E1,2.919678497E0,1.695980335E1
3.645027196E1,1.382228220E1,1.293374749E1,3.117185748E0,1.918473759E1
3.646023996E1,1.476262440E1,1.352993311E1,5.473617164E0,2.075944734E1
3.647020696E1,1.360515052E1,1.419734834E1,9.561807915E0,2.186533766E1
3.648017400E1,9.449198143E0,1.468228015E1,1.012574263E1,2.018383907E1
3.649014100E1,5.551625453E0,1.525903079E1,7.808063049E0,1.801733650E1
3.650010900E1,3.728617102E0,1.535175711E1,5.749452546E0,1.681175887E1
3.651007600E1,2.754601952E0,1.437317411E1,4.071699264E0,1.519061226E1
3.652004300E1,2.114382855E0,1.316516275E1,3.212297727E0,1.371535569E1
3.653001000E1,1.724065422E0,1.255846735E1,2.750960598E0,1.297132560E1
3.653997700E1,1.505714310E0,1.211667278E1,2.734566175E0,1.251234538E1
3.654994500E1,1.611993594E0,1.187683169E1,3.190099357E0,1.240299916E1
3.655991200E1,1.851869038E0,1.139910131E1,4.054373964E0,1.223956199E1
3.656987900E1,1.951152421E0,1.039471455E1,5.428376087E0,1.188799198E1
3.657984600E1,1.307980919E0,8.490943578E0,7.238856486E0,1.123423251E1
3.658981400E1,-5.865458965E-1,5.193562431E0,8.904608942E0,1.032517250E1
3.659978100E1,-4.328938161E0,-1.293825687E0,1.122479464E1,1.209998782E1
3.660974800E1,-9.722202888E0,-1.337016379E1,1.434107056E1,2.188489921E1
3.661971500E1,-1.386502067E1,-3.028003547E1,1.821954157E1,3.796144150E1
3.662968200E1,-1.324536433E1,-4.598110991E1,2.072951619E1,5.214801038E1
3.663965000E1,-8.410637918E0,-5.287755462E1,1.728833622E1,5.626420871E1
3.664961700E1,-4.285752527E-1,-4.778614539E1,1.069052051E1,4.896924133E1
3.665958400E1,2.346950448E0,-3.739861356E1,4.198964497E0,3.770670730E1
3.666955100E1,8.628082712E-1,-2.820796701E1,-2.313898185E-1,2.822210804E1
3.667951900E1,-5.812696615E-1,-2.231714516E1,-2.374456336E0,2.245063219E1
3.668948600E1,-3.385138790E-1,-1.825301454E1,-3.811112251E0,1.864971066E1
3.669945300E1,-3.010916989E-1,-1.562971503E1,-5.286443113E0,1.650227647E1
3.670942000E1,1.303530749E0,-1.491800480E1,-1.452287687E1,2.086048926E1
3.671938800E1,7.070168992E0,-1.596844891E1,-3.050302254E1,3.514844285E1
3.672935500E1,1.180940861E1,-1.443685146E1,-3.117733749E1,3.633058195E1
3.673932200E1,1.179078289E1,-6.173266338E0,-2.396296095E1,2.741086055E1
3.674928900E1,8.013731843E0,-2.061699588E0,-1.545072006E1,1.752698644E1
3.675925600E1,5.962617470E0,-7.518753344E-1,-7.138667954E0,9.331597064E0
3.676922400E1,5.653842384E0,-2.222848266E-1,-2.816397665E0,6.320398726E0
3.677919100E1,5.909463941E0,5.927322507E-1,-9.859481478E-1,6.020397773E0
3.678915800E1,5.839124275E0,1.776100525E0,-7.374859214E-2,6.103715609E0
3.679912500E1,4.967938845E0,3.045229912E0,1.654270864E-1,5.829340246E0
3.680909300E1,4.156399106E0,4.416307842E0,3.838007104E-1,6.076736910E0
3.681906000E1,3.736323439E0,5.674149179E0,6.197177356E-1,6.822032822E0
3.682902700E1,3.697938223E0,7.146593270E0,9.300645536E-1,8.100219907E0
3.683899400E1,3.924756396E0,8.567663140E0,1.265645031E0,9.508439504E0
3.684896100E1,4.061575395E0,9.608855197E0,1.306149863E0,1.051344474E1
3.685892900E1,3.963502093E0,1.022759177E1,1.116607105E0,1.102541581E1
3.686889600E1,4.073592592E0,1.058688680E1,1.361103165E0,1.142492584E1
3.687886300E1,5.040933731E0,1.077684179E1,9.533265316E-1,1.193566769E1
3.688883000E1,6.971023604E0,1.159413285E1,1.063546547E0,1.357019594E1
3.689879800E1,8.434795690E0,1.236869479E1,2.144254671E0,1.512376333E1
3.690876500E1,9.790175600E0,1.293592266E1,3.875830404E0,1.667955918E1
3.691873200E1,1.148531265E1,1.395173254E1,8.184344240E0,1.983801245E1
3.692869900E1,9.749609957E0,1.450614330E1,9.838860687E0,2.005707525E1
3.693866600E1,6.097223883E0,1.418288934E1,8.027500867E0,1.740032354E1
3.694863400E1,4.057156362E0,1.371319420E1,6.796815169E0,1.583379012E1
3.695860100E1,3.335127262E0,1.309359517E1,5.800453130E0,1.470410027E1
3.696856800E1,3.174361869E0,1.253603743E1,4.558303674E0,1.371156227E1
3.697853500E1,3.213417761E0,1.205786382E1,3.996970679E0,1.310320222E1
3.698850300E1,2.911975960E0,1.166521394E1,3.635844301E0,1.256089901E1
3.699847000E1,2.536021336E0,1.146391535E1,3.612370069E0,1.228421658E1
3.700843700E1,2.288881019E0,1.109461223E1,3.925005487E0,1.198895596E1
3.701840400E1,2.277574550E0,1.042783318E1,4.730966982E0,1.167514879E1
3.702837100E1,2.653931901E0,9.392118793E0,6.179614660E0,1.155174824E1
3.703833900E1,2.572150404E0,7.336872193E0,8.115692081E0,1.123877703E1
3.704830600E1,8.049114807E-1,3.246396350E0,1.056872418E1,1.108534630E1
3.705827300E1,-2.682539404E0,-3.313539927E0,1.300098229E1,1.368214548E1
3.706824000E1,-6.516928251E0,-1.388323942E1,1.565152046E1,2.191311898E1
3.707820800E1,-9.410449229E0,-2.797679851E1,1.889832027E1,3.504859938E1
3.708817500E1,-9.469642348E0,-4.207746197E1,1.986032524E1,4.748283322E1
3.709814200E1,-6.252159895E0,-4.765349311E1,1.662441061E1,5.085583484E1
3.710810900E1,-2.983098275E0,-4.282876369E1,9.933327134E0,4.406668654E1
3.711807600E1,-5.203591064E-1,-3.554636065E1,3.568711249E0,3.572884310E1
3.712804400E1,-6.840356460E-1,-2.963450988E1,-4.824710128E-1,2.964632960E1
3.713801100E1,-4.570731200E-1,-2.477728631E1,-2.880137286E0,2.494830702E1
3.714797800E1,-2.969118167E-1,-2.019960408E1,-4.567258392E0,2.071163950E1
3.715794500E1,-3.296557859E-1,-1.695108753E1,-5.646493018E0,1.786983282E1
3.716791300E1,1.693960886E0,-1.531163585E1,-9.976269085E0,1.835324606E1
3.717788000E1,7.677178389E0,-1.601953486E1,-3.371978871E1,3.811284188E1
3.718784700E1,1.088279567E1,-1.678176152E1,-4.154339600E1,4.610766219E1
3.719781400E1,1.132320328E1,-7.845650121E0,-2.607046587E1,2.948624000E1
3.720778100E1,7.596075169E0,-3.804761006E0,-1.723152701E1,1.921202976E1
3.721774900E1,5.095952522E0,-2.777309321E0,-9.665726970E0,1.127423865E1
3.722771600E1,5.016739122E0,-1.518395605E0,-4.552924235E0,6.942788757E0
3.723768300E1,5.086730293E0,-1.307104129E-1,-1.993978452E0,5.465149618E0
3.724765000E1,5.048118204E0,1.116425841E0,-4.171593681E-1,5.186899460E0
3.725761800E1,5.016702284E0,2.553823476E0,3.567076367E-1,5.640616677E0
3.726758500E1,5.172643433E0,4.070123439E0,6.039612436E-1,6.609607710E0
3.727755200E1,4.595813854E0,5.315996695E0,8.846432362E-1,7.082649187E0
3.728751900E1,4.014128456E0,6.425614039E0,1.153986601E0,7.663773751E0
3.729748700E1,3.898408842E0,7.625934561E0,1.400751380E0,8.678396964E0
3.730745400E1,3.838141006E0,8.667698475E0,1.596722567E0,9.613004015E0
3.731742100E1,3.860974967E0,9.391494895E0,1.640255088E0,1.028580288E1
3.732738800E1,4.501912833E0,1.022070024E1,1.806768002E0,1.131345850E1
3.733735500E1,6.535134727E0,1.110704224E1,3.273171920E0,1.329616590E1
3.734732300E1,9.449778771E0,1.208219526E1,4.548323354E0,1.599890641E1
3.735729000E1,1.182470610E1,1.303410559E1,6.758011876E0,1.885158634E1
3.736725700E1,1.520791092E1,1.414753708E1,1.010716369E1,2.309952635E1
3.737722400E1,1.369723481E1,1.498315331E1,1.267807448E1,2.393413247E1
3.738719100E1,9.125440151E0,1.498596933E1,1.094196131E1,2.067799439E1
3.739715900E1,5.359805204E0,1.447746739E1,8.191346866E0,1.747634794E1
3.740712600E1,3.300717568E0,1.362522986E1,5.171470481E0,1.494274848E1
3.741709300E1,2.499590259E0,1.267193373E1,3.446017953E0,1.336790544E1
3.742706000E1,2.139882854E0,1.213910270E1,2.672114403E0,1.261257739E1
3.743702800E1,2.075820614E0,1.172860594E1,2.208810271E0,1.211396184E1
3.744699500E1,2.254162591E0,1.145594560E1,2.171422005E0,1.187581627E1
3.745696200E1,2.888081313E0,1.142113712E1,2.581953846E0,1.206026005E1
3.746692900E1,4.260292726E0,1.133301724E1,3.618493273E0,1.263648953E1
3.747689613E1,6.049029962E0,1.081009607E1,5.468413142E0,1.354077113E1
3.748686413E1,6.886593903E0,9.036085340E0,7.576135579E0,1.365554262E1
3.749683112E1,5.084835210E0,5.007473039E0,9.345630505E0,1.175887515E1
3.750679812E1,-2.336028434E-1,-1.802571455E0,1.075034922E1,1.090292816E1
3.751676513E1,-5.853262843E0,-1.059645986E1,1.300020227E1,1.776375260E1
3.752673313E1,-9.489321152E0,-2.163964232E1,1.558851438E1,2.830765119E1
3.753670013E1,-1.018837683E1,-3.317413357E1,1.609323668E1,3.825334531E1
3.754666713E1,-7.172557247E0,-4.234703264E1,1.583517566E1,4.577629888E1
3.755663413E1,-6.553633124E-1,-4.286895511E1,1.167977467E1,4.443640343E1
3.756660213E1,2.903431424E0,-3.813680816E1,5.426666946E0,3.863023123E1
3.757656912E1,7.616883510E-1,-3.210809961E1,1.081495160E0,3.213533665E1
3.758653612E1,-5.332198745E-1,-2.618904273E1,-1.358804771E0,2.622968991E1
3.759650313E1,-7.219187330E-1,-2.128267682E1,-3.412170176E0,2.156655755E1
3.760647013E1,-8.342228419E-1,-1.710518505E1,-5.713592157E0,1.805348772E1
3.761643813E1,-7.947243154E-1,-1.413889255E1,-7.876922784E0,1.620449882E1
3.762640513E1,1.551960523E0,-1.340605400E1,-2.758749791E1,3.071157609E1
3.763637213E1,3.955651037E0,-1.270722636E1,-4.283313741E1,4.485307612E1
3.764633912E1,7.175344030E0,-5.960728235E0,-2.561619101E1,2.726178800E1
3.765630712E1,6.600853338E0,-2.492723581E0,-1.546614619E1,1.699960627E1
3.766627412E1,5.131011257E0,-1.972286890E0,-7.866894225E0,9.597146286E0
3.767624113E1,4.448436538E0,-1.665325609E0,-3.616378043E0,5.969931923E0
3.768620813E1,4.404620427E0,-8.112678427E-1,-1.478924268E0,4.716572231E0
3.769617513E1,4.881283693E0,5.302635223E-1,-2.172451115E-1,4.914804710E0
3.770614313E1,5.020928067E0,1.999721441E0,2.546772319E-1,5.410495817E0
3.771611013E1,4.803248507E0,3.507027801E0,3.783943748E-1,5.959330711E0
3.772607713E1,4.230010289E0,5.096247221E0,4.160919589E-1,6.636102418E0
3.773604412E1,3.882468747E0,6.594796207E0,4.646058686E-1,7.666861105E0
3.774601212E1,4.051567301E0,8.009747550E0,5.623915603E-1,8.993749923E0
3.775597913E1,4.132455635E0,9.260460547E0,5.175901940E-1,1.015387703E1
3.776594613E1,4.203303424E0,1.025211031E1,4.646583108E-1,1.109006010E1
3.777591313E1,4.380199824E0,1.085444837E1,4.626334931E-1,1.171406120E1
3.778588013E1,6.193020571E0,1.136279828E1,-1.064286621E-1,1.294132975E1
3.779584813E1,9.462675975E0,1.248606712E1,2.244231534E-1,1.566826329E1
3.780581513E1,1.126199345E1,1.355469139E1,2.291256012E0,1.777110040E1
3.781578212E1,1.252513588E1,1.421188218E1,4.110127165E0,1.938426602E1
3.782574913E1,1.408890471E1,1.557439335E1,7.943505614E0,2.245346845E1
3.783571713E1,1.211459702E1,1.643803412E1,8.422151670E0,2.208857319E1
3.784568413E1,8.252790577E0,1.610428674E1,6.603611469E0,1.926302905E1
3.785565113E1,5.216944862E0,1.532569490E1,5.216945447E0,1.700911396E1
3.786561813E1,3.981898896E0,1.427302300E1,4.807171404E0,1.557830547E1
3.787558513E1,3.454012266E0,1.337025033E1,4.251460507E0,1.444883078E1
3.788555313E1,2.720896554E0,1.265204385E1,3.735126807E0,1.346954579E1
3.789552012E1,2.169583494E0,1.200457932E1,3.898022926E0,1.280670137E1
3.790548713E1,2.165891708E0,1.155927642E1,4.654513468E0,1.264802174E1
3.791545413E1,2.371246068E0,1.085895540E1,5.963995074E0,1.261383992E1
3.792542213E1,2.559255540E0,9.707641566E0,7.500110081E0,1.253154998E1
3.793538913E1,2.049561499E0,7.559280396E0,9.083305700E0,1.199374274E1
3.794535613E1,-4.517721073E-1,3.447269257E0,1.059376312E1,1.114968970E1
3.795532313E1,-4.888753804E0,-3.138689468E0,1.197113792E1,1.330636797E1
3.796529012E1,-9.641728243E0,-1.493981609E1,1.389963501E1,2.256902483E1
3.797525812E1,-1.254633437E1,-3.289204751E1,1.736118785E1,3.925185523E1
3.798522513E1,-1.119799685E1,-4.979866814E1,1.710141477E1,5.383085424E1
3.799519213E1,-5.631295520E0,-5.504819076E1,1.314065940E1,5.687435032E1
3.800515913E1,1.310416722E0,-4.691486348E1,8.663769146E0,4.772611971E1
3.801512713E1,3.236244999E0,-3.601161191E1,2.383333432E0,3.623520045E1
3.802509413E1,1.343314327E0,-2.695035956E1,-2.374974399E0,2.708813167E1
3.803506113E1,-5.053239781E-1,-2.082395574E1,-3.669550283E0,2.115084122E1
3.804502812E1,-1.736862931E0,-1.649027197E1,-4.412831672E0,1.715863765E1
3.805499612E1,-2.673662746E0,-1.401799318E1,-5.202012827E0,1.518925748E1
3.806496313E1,-1.188589984E0,-1.350949124E1,-8.171840554E0,1.583344807E1
3.807493013E1,2.602899742E0,-1.486271236E1,-2.751587186E1,3.138149948E1
3.808489713E1,8.056794832E0,-1.526831734E1,-3.726193372E1,4.106683774E1
3.809486413E1,1.014010339E1,-7.280168819E0,-2.509767864E1,2.803062661E1
3.810483213E1,7.577357647E0,-2.955366393E0,-1.767638552E1,1.945777851E1
3.811479913E1,4.762344310E0,-2.517135122E0,-1.105759818E1,1.229985244E1
3.812476612E1,3.686079192E0,-1.926631830E0,-5.279828158E0,6.721285249E0
3.813473313E1,4.034175927E0,-5.534904170E-1,-2.695739493E0,4.883435109E0
3.814470013E1,4.502731151E0,1.444171050E0,-1.406447884E0,4.933387628E0
3.815466813E1,4.607807663E0,3.410378589E0,-6.742630483E-1,5.772105702E0
3.816463513E1,4.528654490E0,5.194775729E0,-2.656555255E-1,6.896736853E0
3.817460213E1,4.044987429E0,6.678978571E0,4.175248191E-1,7.819527161E0
3.818456913E1,3.809187348E0,7.839124628E0,7.623640698E-1,8.748884624E0
3.819453713E1,3.927762449E0,8.908540610E0,7.836309779E-1,9.767471073E0
3.820450412E1,4.107260275E0,9.763867223E0,8.035922027E-1,1.062301513E1
3.821447113E1,4.612698859E0,1.037154086E1,7.339384156E-1,1.137473148E1
3.822443813E1,6.821129061E0,1.087776707E1,5.253278875E-1,1.285027577E1
3.823440613E1,1.012970236E1,1.175745493E1,1.571017038E0,1.559861247E1
3.824437313E1,1.297627078E1,1.292225538E1,6.244269662E0,1.934836404E1
3.825434013E1,1.548871761E1,1.405029554E1,6.578467273E0,2.192230393E1
3.826430713E1,1.816898186E1,1.539815242E1,7.797329900E0,2.506019460E1
3.827427412E1,1.608965584E1,1.536153833E1,1.044624606E1,2.457596268E1
3.828424212E1,1.030744719E1,1.470373475E1,1.045227688E1,2.077723214E1
3.829420912E1,5.949748918E0,1.392631703E1,8.475270116E0,1.735430845E1
3.830417613E1,3.867681724E0,1.335293438E1,5.960956861E0,1.512589916E1
3.831414313E1,2.724597549E0,1.247772899E1,3.682308615E0,1.329197312E1
3.832411013E1,2.172402875E0,1.174739889E1,2.809999934E0,1.227260423E1
3.833407813E1,1.743179239E0,1.129229139E1,2.323589945E0,1.165991376E1
3.834404513E1,1.801656074E0,1.117927056E1,2.276107045E0,1.155000944E1
3.835401212E1,2.448713197E0,1.119487794E1,2.662709742E0,1.176484219E1
3.836397912E1,3.153470644E0,1.100176429E1,3.812084059E0,1.206296728E1
3.837394712E1,3.177302434E0,9.913406839E0,5.407848852E0,1.173097247E1
3.838391413E1,1.251223458E0,7.632128516E0,6.212675986E0,9.920296807E0
3.839388113E1,-2.174203525E0,4.247707472E0,6.992845412E0,8.465817545E0
3.840384813E1,-5.641553875E0,-1.117524533E0,8.991685678E0,1.067363118E1
3.841381513E1,-1.114608644E1,-1.318464801E1,1.108121041E1,2.051495577E1
3.842378313E1,-1.535824635E1,-3.487148905E1,1.449928569E1,4.076917665E1
3.843375012E1,-1.503909596E1,-5.739106716E1,1.737728289E1,6.182134711E1
3.844371712E1,-1.017358922E1,-6.535251437E1,1.447813397E1,6.770575615E1
3.845368413E1,-2.440499175E0,-5.535348558E1,8.738908791E0,5.609218243E1
3.846365213E1,-3.554950704E-1,-3.715185872E1,2.006664863E0,3.720771005E1
3.847361913E1,-2.032651351E0,-2.094926157E1,-2.004914645E0,2.114291641E1
3.848358558E1,-3.550548920E0,-1.278739987E1,-3.902783144E0,1.383313809E1
3.849355258E1,-3.295248667E0,-8.782289284E0,-5.324974510E0,1.078622373E1
3.850352058E1,-2.471973275E0,-7.759289669E0,-8.972988621E0,1.211741527E1
3.851348758E1,-6.176120363E0,-1.043754189E1,-3.655062929E1,3.851019664E1
3.852345458E1,2.142881453E0,-9.890824893E0,-3.648190580E1,3.785960656E1
3.853342158E1,6.177394472E0,-6.080980318E0,-2.052139975E1,2.227703687E1
3.854338858E1,5.976663067E0,-2.457267235E0,-1.455938805E1,1.592904404E1
3.855335658E1,6.095923462E0,-1.355091058E0,-9.666612239E0,1.150825559E1
3.856332358E1,6.119464352E0,-5.342250109E-1,-5.391989449E0,8.173542104E0
3.857329058E1,6.680020545E0,4.123421395E-1,-2.537713813E0,7.157701580E0
3.858325758E1,7.179331831E0,1.721232592E0,-5.128388196E-1,7.400570980E0
3.859322558E1,6.985020084E0,2.902477158E0,5.772341325E-1,7.586044982E0
3.860319258E1,6.050278927E0,4.161851050E0,1.061528015E0,7.419819471E0
3.861315958E1,5.315593822E0,5.516947371E0,1.124683791E0,7.743200863E0
3.862312658E1,4.965366654E0,7.158911600E0,1.241917614E0,8.800411392E0
3.863309358E1,4.475970784E0,8.709445256E0,1.494883951E0,9.905727089E0
3.864306158E1,3.975689152E0,9.810196466E0,1.536064137E0,1.069605310E1
3.865302858E1,3.687449487E0,1.065037353E1,1.253631341E0,1.134016453E1
3.866299558E1,3.804333574E0,1.126399203E1,1.010864303E0,1.193198714E1
3.867296258E1,5.187058573E0,1.173169912E1,6.280786693E-1,1.284261748E1
3.868293058E1,8.221419096E0,1.250230835E1,1.645033432E0,1.505342423E1
3.869289758E1,1.194556454E1,1.358237094E1,4.112736193E0,1.854971459E1
3.870286458E1,1.544784323E1,1.492807254E1,7.360273919E0,2.270807879E1
3.871283158E1,1.770123034E1,1.592840250E1,1.119764251E1,2.631415511E1
3.872279858E1,1.358891514E1,1.570762099E1,9.630688115E0,2.289406311E1
3.873276658E1,7.820874299E0,1.516503914E1,6.016504240E0,1.809261756E1
3.874273358E1,4.190672561E0,1.427739789E1,4.239041898E0,1.547175825E1
3.875270058E1,2.742069907E0,1.313457713E1,4.066191187E0,1.402034146E1
3.876266758E1,1.896807668E0,1.214864653E1,3.202826699E0,1.270612414E1
3.877263558E1,1.209796739E0,1.128980398E1,2.735567510E0,1.167932411E1
3.878260258E1,6.759830068E-1,1.076791426E1,2.643434980E0,1.110822573E1
3.879256958E1,5.221413012E-1,1.052879588E1,3.023250228E0,1.096668666E1
3.880253658E1,1.029603167E0,1.029164919E1,4.204307098E0,1.116487008E1
3.881250358E1,1.922850143E0,9.933149378E0,5.776570178E0,1.165047519E1
3.882247158E1,2.908216200E0,8.795247883E0,8.047761469E0,1.227112755E1
3.883243858E1,2.636137655E0,5.575677974E0,1.017128776E1,1.189506206E1
3.884240558E1,-7.074530138E-1,-4.275022155E-1,1.129966590E1,1.132985866E1
3.885237258E1,-6.657618692E0,-1.070969470E1,1.168120490E1,1.718929886E1
3.886234058E1,-1.130068799E1,-2.698088203E1,1.512352859E1,3.293014821E1
3.887230758E1,-1.208787992E1,-4.473274341E1,1.850578499E1,4.989588412E1
3.888227458E1,-8.210843822E0,-5.601803802E1,1.637631091E1,5.893744225E1
3.889224158E1,-1.407721261E0,-5.328642468E1,1.233287592E1,5.471311144E1
3.890220858E1,1.368375786E0,-4.283375487E1,6.461418879E0,4.333996934E1
3.891217658E1,1.233326008E0,-3.167195814E1,6.306841886E-1,3.170223632E1
3.892214358E1,3.328944124E-1,-2.381519948E1,-2.229451235E0,2.392164287E1
3.893211058E1,3.106093580E-1,-1.911343466E1,-4.418909853E0,1.962005675E1
3.894207758E1,3.423910215E-1,-1.604329210E1,-7.904953167E0,1.788834083E1
3.895204558E1,4.806187026E0,-1.451270973E1,-2.708658566E1,3.110307541E1
3.896201258E1,1.074418626E1,-1.500377761E1,-4.925552729E1,5.259902898E1
3.897197958E1,9.230837967E0,-9.153554733E0,-3.071099865E1,3.334908352E1
3.898194658E1,8.070958543E0,-3.433391476E0,-1.906227854E1,2.098330317E1
3.899191358E1,5.467399235E0,-2.986114562E0,-1.007479584E1,1.184528791E1
3.900188158E1,4.023681052E0,-3.587016542E0,-3.864691458E0,6.632687008E0
3.901184858E1,4.722658965E0,-3.023124513E0,-9.753866145E-1,5.691587526E0
3.902181558E1,5.299389433E0,-1.583402610E0,2.238729304E-1,5.535414283E0
3.903178258E1,5.275821061E0,1.960238117E-1,6.551865073E-1,5.319960767E0
3.904175058E1,5.220318121E0,2.097748842E0,8.116673537E-1,5.684283189E0
3.905171758E1,4.974069065E0,3.879487252E0,8.595781231E-1,6.366369370E0
3.906168458E1,4.824962143E0,5.535452639E0,8.204298449E-1,7.388815922E0
3.907165158E1,5.187566112E0,7.329188951E0,6.837348068E-1,9.005295449E0
3.908161858E1,5.585652155E0,8.926826608E0,7.323625910E-1,1.055576138E1
3.909158658E1,5.626461042E0,1.001765568E1,6.870911086E-1,1.151010788E1
3.910155358E1,6.366679952E0,1.089571334E1,-4.919110501E-1,1.262906011E1
3.911152058E1,8.393142464E0,1.192823456E1,1.561218274E-1,1.458602051E1
3.912148758E1,9.898713956E0,1.236458303E1,1.903280389E0,1.595274045E1
3.913145558E1,1.176080305E1,1.344712718E1,5.709817779E0,1.875483236E1
3.914142258E1,1.546946624E1,1.559946621E1,1.053801109E1,2.436590670E1
3.915138958E1,1.457947441E1,1.704842613E1,1.230905319E1,2.558754967E1
3.916135658E1,1.042843427E1,1.697940911E1,9.888469634E0,2.224487372E1
3.917132358E1,7.653401856E0,1.650887197E1,9.378038113E0,2.047107746E1
3.918129158E1,5.040234988E0,1.530225809E1,7.706530827E0,1.785927459E1
3.919125858E1,3.529823171E0,1.391244626E1,5.745643669E0,1.546053795E1
3.920122558E1,2.789845459E0,1.296473189E1,4.674736648E0,1.406131834E1
3.921119258E1,2.020764254E0,1.220727656E1,3.880826265E0,1.296772538E1
3.922116058E1,1.233318260E0,1.157542643E1,3.271630594E0,1.209194516E1
3.923112758E1,4.714814268E-1,1.100975744E1,2.999901127E0,1.142087826E1
3.924109458E1,-1.807166051E-1,1.031834056E1,3.180808132E0,1.079899767E1
3.925106158E1,-4.089754589E-1,9.648298175E0,4.127310963E0,1.050198145E1
3.926102858E1,-1.170231043E-1,8.736666968E0,5.810800363E0,1.049325712E1
3.927099658E1,-2.211306594E-1,6.798033144E0,7.880423512E0,1.040976600E1
3.928096358E1,-1.516150274E0,2.910618821E0,1.044151566E1,1.094512051E1
3.929093058E1,-4.378318774E0,-4.141304519E0,1.277300403E1,1.412337461E1
3.930089758E1,-7.682011698E0,-1.516509995E1,1.363935673E1,2.179508230E1
3.931086558E1,-9.996114535E0,-2.556886365E1,1.573176531E1,3.164138957E1
3.932083258E1,-1.117118620E1,-3.425059895E1,1.443506689E1,3.881069551E1
3.933079958E1,-7.468638613E0,-3.905171030E1,1.305710386E1,4.184859139E1
3.934076658E1,-2.930225413E0,-3.877519781E1,1.069854055E1,4.033064537E1
3.935073358E1,-1.758547549E-1,-3.404599786E1,6.371505075E0,3.463750817E1
3.936070158E1,-6.300458919E-1,-2.860558937E1,3.121644834E0,2.878230998E1
3.937066858E1,-1.866895651E0,-2.509543331E1,1.157469202E0,2.519138359E1
3.938063558E1,-1.571846173E0,-2.339327141E1,-3.780455884E-1,2.344906749E1
3.939060258E1,-6.556219786E-2,-2.169029324E1,-2.331373174E0,2.181532535E1
3.940057058E1,3.143787655E0,-1.906986121E1,-4.250573192E0,1.978914803E1
3.941053758E1,8.864181293E0,-1.673636842E1,-1.384044131E1,2.345714291E1
3.942050458E1,1.266485626E1,-1.615526979E1,-3.666773967E1,4.202278499E1
3.943047158E1,1.044414223E1,-8.806804320E0,-3.177828391E1,3.459045009E1
3.944043958E1,8.819643052E0,-2.773651888E0,-2.089224888E1,2.284656017E1
3.945040658E1,5.821208407E0,-2.452987658E0,-1.108245470E1,1.275634814E1
3.946037358E1,5.528533044E0,-2.515416625E0,-4.628314433E0,7.636314092E0
3.947034058E1,5.931852930E0,-1.404089556E0,-1.742484882E0,6.339921153E0
3.948030725E1,5.825935881E0,1.730752444E-1,-4.625893101E-1,5.846834425E0
3.949027525E1,5.962635012E0,2.106946512E0,2.371436249E-1,6.328386602E0
3.950024225E1,5.911795226E0,4.033460228E0,5.452698165E-1,7.177425957E0
3.951020925E1,5.559308694E0,5.794837464E0,7.289132454E-1,8.063334850E0
3.952017625E1,4.369620164E0,6.937919008E0,9.340190987E-1,8.252314355E0
3.953014325E1,3.499192532E0,7.832755256E0,1.129294978E0,8.652844066E0
3.954011125E1,3.103294517E0,8.828866450E0,1.614239656E0,9.496583034E0
3.955007825E1,2.648185843E0,9.677603835E0,1.749205087E0,1.018472497E1
3.956004525E1,2.427201729E0,9.970209031E0,1.382161328E0,1.035406907E1
3.957001225E1,3.462417054E0,1.037779037E1,7.783076727E-1,1.096779958E1
3.957998025E1,5.862414905E0,1.127631913E1,9.244728613E-1,1.274275997E1
3.958994725E1,8.427420012E0,1.222948662E1,2.678782568E0,1.509164097E1
3.959991425E1,9.886540053E0,1.287128870E1,4.145070126E0,1.675098067E1
3.960988125E1,1.043589649E1,1.308002729E1,5.940481081E0,1.775624861E1
3.961984825E1,1.090175235E1,1.317116199E1,9.481495239E0,1.955061289E1
3.962981625E1,8.831727492E0,1.324002231E1,1.114563737E1,1.942994683E1
3.963978325E1,5.848842348E0,1.339285683E1,9.178439898E0,1.725750069E1
3.964975025E1,4.075181281E0,1.332362229E1,6.972204741E0,1.558004019E1
3.965971725E1,3.889145098E0,1.320829298E1,6.297226725E0,1.514065776E1
3.966968525E1,4.335485289E0,1.277453366E1,6.179602965E0,1.483821538E1
3.967965225E1,4.759441460E0,1.222280910E1,5.891752725E0,1.437922444E1
3.968961925E1,5.045379953E0,1.182147025E1,6.139060711E0,1.424398414E1
3.969958625E1,5.699154212E0,1.131234383E1,7.231263292E0,1.458563164E1
3.970955325E1,6.104680252E0,1.000429128E1,8.639614298E0,1.456007899E1
3.971952125E1,6.063610579E0,7.938962912E0,1.031280675E1,1.435787200E1
3.972948825E1,4.187664168E0,4.016424950E0,1.200340870E1,1.333229242E1
3.973945525E1,-9.381752264E-1,-3.080374017E0,1.317155492E1,1.355945190E1
3.974942225E1,-7.410411454E0,-1.471694595E1,1.515851949E1,2.238935929E1
3.975939025E1,-1.209560994E1,-3.023490198E1,1.764246114E1,3.703659694E1
3.976935725E1,-1.219830108E1,-4.475820920E1,1.764782070E1,4.963407514E1
3.977932425E1,-8.448451862E0,-5.184308862E1,1.316925229E1,5.415266736E1
3.978929125E1,-3.800631117E0,-4.889511895E1,7.006277052E0,4.954054271E1
3.979925825E1,-1.204445002E0,-4.179733824E1,2.843621424E0,4.191126763E1
3.980922625E1,4.350068244E-1,-3.407960064E1,-6.294745459E-1,3.408818928E1
3.981919325E1,1.695735662E0,-2.573251084E1,-3.785402336E0,2.606466774E1
3.982916025E1,2.338655735E0,-1.810811118E1,-7.139509953E0,1.960473421E1
3.983912725E1,4.400377103E0,-1.491479234E1,-2.713167938E1,3.127207021E1
3.984909525E1,9.787007579E0,-1.505479924E1,-5.938251187E1,6.203801426E1
3.985906225E1,7.464297055E0,-8.146506323E0,-3.299097304E1,3.479203354E1
3.986902925E1,4.578381258E0,-4.941240458E0,-2.085518688E1,2.191611855E1
3.987899625E1,3.416627216E0,-4.661368743E0,-1.028133119E1,1.179438303E1
3.988896325E1,4.870509029E0,-4.435128860E0,-3.372278132E0,7.400303102E0
3.989893125E1,6.171703961E0,-3.475169832E0,-6.299651273E-1,7.110808056E0
3.990889825E1,7.038424459E0,-1.758796275E0,1.110829471E0,7.339395432E0
3.991886525E1,7.482217602E0,1.957741356E-1,2.147178864E0,7.786673540E0
3.992883225E1,7.663744411E0,2.117362742E0,2.526069667E0,8.342495511E0
3.993880025E1,7.531713697E0,4.206332574E0,3.345396143E0,9.252654770E0
3.994876725E1,7.401095670E0,6.660418923E0,4.278052182E0,1.083693351E1
3.995873425E1,7.031224197E0,8.662307927E0,3.896360562E0,1.181758512E1
3.996870125E1,7.349447215E0,9.962121162E0,3.063479072E0,1.275316182E1
3.997866825E1,7.938117405E0,1.055384068E1,2.577281921E0,1.345509729E1
3.998863625E1,8.284056224E0,1.107755005E1,2.540238640E0,1.406380159E1
3.999860325E1,8.622864949E0,1.193992315E1,2.972908040E0,1.502510389E1
4.000857025E1,8.683214647E0,1.307563954E1,3.632386258E0,1.611101474E1
4.001853725E1,8.548280205E0,1.367445991E1,3.283618555E0,1.645740256E1
4.002850525E1,8.179937779E0,1.429125930E1,2.759265983E0,1.669625776E1
4.003847225E1,8.392185275E0,1.494025346E1,2.925565474E0,1.738386840E1
4.004843925E1,9.548835867E0,1.582970734E1,6.112419627E0,1.947104452E1
4.005840625E1,7.741129972E0,1.619880582E1,7.358313932E0,1.940286543E1
4.006837325E1,5.633260769E0,1.561018299E1,6.647635156E0,1.787742971E1
4.007834125E1,5.260669171E0,1.485516945E1,6.346102431E0,1.698892921E1
4.008830825E1,4.976164123E0,1.409525127E1,5.362307228E0,1.588057482E1
4.009827525E1,4.128048589E0,1.314867828E1,4.687795819E0,1.455692121E1
4.010824225E1,3.269679670E0,1.237864208E1,4.617913406E0,1.361053669E1
4.011821025E1,2.305977985E0,1.174131896E1,4.353733864E0,1.273307127E1
4.012817725E1,2.015118475E0,1.128330071E1,4.735593299E0,1.240158946E1
4.013814425E1,2.101552017E0,1.040192417E1,6.028294566E0,1.220478933E1
4.014811125E1,1.953923416E0,8.781817998E0,7.686243328E0,1.183285598E1
4.015807825E1,1.090385413E0,5.999989364E0,9.267999362E0,1.109435103E1
4.016804625E1,-1.484238656E0,1.488436226E0,1.051964499E1,1.072759700E1
4.017801325E1,-6.562380998E0,-5.764854696E0,1.181550375E1,1.469368990E1
4.018798025E1,-1.267277339E1,-1.763727232E1,1.470370201E1,2.622730282E1
4.019794725E1,-1.666093115E1,-3.459304932E1,1.775330915E1,4.230184008E1
4.020791525E1,-1.390564127E1,-5.024835644E1,1.750194319E1,5.499620169E1
4.021788225E1,-7.607446834E0,-5.540278931E1,1.233975224E1,5.726789498E1
4.022784925E1,-1.871461596E0,-4.880312120E1,6.411301224E0,4.925801245E1
4.023781625E1,1.643637848E0,-3.773216447E1,1.543969426E0,3.779949235E1
4.024778325E1,1.829440288E0,-2.875318713E1,-1.238746231E0,2.883794573E1
4.025775125E1,2.267503452E-1,-2.237603130E1,-3.128593665E0,2.259482885E1
4.026771825E1,-8.655025220E-1,-1.765803695E1,-5.454400874E0,1.850150947E1
4.027768525E1,1.220488885E0,-1.550725562E1,-1.473504192E1,2.142629297E1
4.028765225E1,6.710318477E0,-1.604531641E1,-3.926121838E1,4.294093410E1
4.029762025E1,1.094698290E1,-1.306001578E1,-3.579303363E1,3.964267528E1
4.030758725E1,1.036154914E1,-5.785208269E0,-2.360627144E1,2.642132447E1
4.031755425E1,6.708336856E0,-3.557137270E0,-1.815302481E1,1.967707597E1
4.032752125E1,4.440375859E0,-3.010103348E0,-9.943800666E0,1.129853228E1
4.033748825E1,3.992996911E0,-2.846243316E0,-3.773168499E0,6.187238954E0
4.034745625E1,5.136985357E0,-1.525069617E0,-1.099218217E0,5.470167876E0
4.035742325E1,5.861753000E0,4.060832798E-2,2.010603109E-1,5.865340784E0
4.036739025E1,6.202476688E0,1.960839211E0,4.530598104E-1,6.520802916E0
4.037735725E1,6.301792231E0,4.231596054E0,3.460342754E-1,7.598600542E0
4.038732525E1,5.901787131E0,5.989457359E0,5.228228673E-1,8.424846263E0
4.039729225E1,5.383933155E0,7.137361686E0,6.859631807E-1,8.966560854E0
4.040725925E1,4.996430572E0,8.223757398E0,9.620838334E-1,9.670579584E0
4.041722625E1,4.647063238E0,9.221029848E0,1.317679403E0,1.040955653E1
4.042719325E1,4.886768966E0,9.894709783E0,1.397706150E0,1.112382017E1
4.043716125E1,7.433305643E0,1.071846085E1,5.869476002E-1,1.305694999E1
4.044712825E1,1.158748339E1,1.231628035E1,1.375148177E0,1.696618889E1
4.045709525E1,1.352169555E1,1.367983116E1,2.975833987E0,1.946354590E1
4.046706225E1,1.498474024E1,1.462328291E1,5.752021812E0,2.171332767E1
4.047703033E1,1.565426047E1,1.586855742E1,1.047253163E1,2.462805116E1
4.048699733E1,1.131459735E1,1.610321670E1,1.017082817E1,2.215354254E1
4.049696433E1,7.062096326E0,1.636146132E1,8.636842718E0,1.980317331E1
4.050693133E1,5.323703910E0,1.596966981E1,8.400733320E0,1.881341270E1
4.051689833E1,3.959480378E0,1.455997745E1,6.462554408E0,1.641447647E1
4.052686633E1,3.549706628E0,1.330769448E1,5.240464118E0,1.473626864E1
4.053683333E1,2.959283151E0,1.256590734E1,4.107492410E0,1.354735686E1
4.054680033E1,1.821502108E0,1.208557729E1,3.350992513E0,1.267312902E1
4.055676733E1,6.766729783E-1,1.153182258E1,3.120799327E0,1.196579319E1
4.056673533E1,-1.639350231E-1,1.084690546E1,3.364932275E0,1.135803689E1
4.057670233E1,-4.119239905E-1,1.029138021E1,4.164004580E0,1.110950594E1
4.058666933E1,-8.745215598E-1,9.265214333E0,5.488753266E0,1.080441563E1
4.059663633E1,-1.908897809E0,7.495468562E0,6.576937641E0,1.015293300E1
4.060660333E1,-3.738039890E0,4.389478478E0,7.593584840E0,9.534306176E0
4.061657133E1,-6.255468834E0,-7.070429778E-1,9.303244039E0,1.123303831E1
4.062653833E1,-8.870081719E0,-9.180567700E0,1.088147654E1,1.677401874E1
4.063650533E1,-9.995533322E0,-2.266307346E1,1.346817014E1,2.819427587E1
4.064647233E1,-9.883538092E0,-4.067758241E1,1.677327955E1,4.509648481E1
4.065644033E1,-7.859188179E0,-5.447640324E1,1.772571614E1,5.782427138E1
4.066640733E1,-2.393269752E0,-5.360437288E1,1.351305454E1,5.533316524E1
4.067637433E1,8.416654703E-1,-4.258166036E1,6.701061165E0,4.311392374E1
4.068634133E1,7.467320504E-1,-3.222774534E1,2.241433349E0,3.231422600E1
4.069630833E1,6.604473934E-1,-2.420100812E1,5.795795238E-1,2.421695475E1
4.070627633E1,8.137986638E-1,-1.880484551E1,-4.998223329E-1,1.882908137E1
4.071624333E1,4.766315447E-1,-1.495778575E1,-2.219678491E0,1.512909464E1
4.072621033E1,1.882753885E0,-1.290699765E1,-7.009043369E0,1.480749943E1
4.073617733E1,4.115300197E0,-1.426648815E1,-2.839089598E1,3.203921589E1
4.074614533E1,1.023256658E1,-1.543328483E1,-4.566007439E1,4.927204169E1
4.075611233E1,1.204207751E1,-9.739657996E0,-3.006016613E1,3.381547214E1
4.076607933E1,8.516730968E0,-3.630481820E0,-1.612201550E1,1.859124763E1
4.077604633E1,5.987318448E0,-2.638991681E0,-9.902099494E0,1.186860707E1
4.078601333E1,5.678318828E0,-1.725912119E0,-4.913781348E0,7.705019435E0
4.079598133E1,5.944792233E0,-6.598594558E-1,-2.251700183E0,6.391097160E0
4.080594833E1,5.901442146E0,6.973892248E-1,-3.532197726E-1,5.952993813E0
4.081591533E1,5.566414230E0,2.195548201E0,3.648808748E-1,5.994875924E0
4.082588233E1,5.282646516E0,3.920802509E0,3.659349816E-1,6.588850805E0
4.083585033E1,4.811101026E0,5.598886743E0,4.717948741E-1,7.397081603E0
4.084581733E1,4.495845178E0,7.117578217E0,4.762948181E-1,8.432046032E0
4.085578433E1,4.471956963E0,8.414464336E0,3.282264340E-1,9.534639046E0
4.086575133E1,4.474342042E0,9.321191483E0,3.506760876E-1,1.034540096E1
4.087571833E1,4.471963103E0,1.004177427E1,6.548273420E-1,1.101201541E1
4.088568633E1,6.276496006E0,1.071231659E1,9.934183678E-2,1.241603792E1
4.089565333E1,9.588130910E0,1.183818861E1,5.633628559E-1,1.524442002E1
4.090562033E1,1.250095530E1,1.267804992E1,3.446982744E0,1.813528393E1
4.091558733E1,1.706774650E1,1.418739638E1,8.333327787E0,2.370726763E1
4.092555533E1,1.738060061E1,1.552595619E1,1.210445210E1,2.626134714E1
4.093552233E1,1.220017102E1,1.519918220E1,1.143586275E1,2.259730668E1
4.094548933E1,8.304390501E0,1.528600400E1,1.004843425E1,2.008969514E1
4.095545633E1,5.166071747E0,1.456579543E1,7.715325040E0,1.727359066E1
4.096542333E1,3.436772043E0,1.331790138E1,5.522589934E0,1.482150123E1
4.097539133E1,2.867550570E0,1.243680316E1,4.018912940E0,1.338090357E1
4.098535833E1,2.101907381E0,1.181887409E1,3.377438300E0,1.247040051E1
4.099532533E1,1.294838863E0,1.109667630E1,3.070012751E0,1.158610421E1
4.100529233E1,7.539974351E-1,1.054789406E1,3.050018781E0,1.100587097E1
4.101526033E1,8.051901005E-1,1.031332131E1,3.593743179E0,1.095116056E1
4.102522733E1,1.569034393E0,1.005831955E1,4.985215613E0,1.133507988E1
4.103519433E1,2.632862045E0,9.283965184E0,7.182953596E0,1.202991249E1
4.104516133E1,2.917834578E0,6.801106440E0,9.519937173E0,1.205810977E1
4.105512833E1,-1.569977403E-4,1.282873852E0,1.059614996E1,1.067352609E1
4.106509633E1,-6.006437674E0,-6.916110647E0,1.079372036E1,1.415677503E1
4.107506333E1,-1.137950144E1,-1.826082642E1,1.221121992E1,2.473994192E1
4.108503033E1,-1.430516749E1,-3.175737894E1,1.487875127E1,3.787540328E1
4.109499733E1,-1.260585552E1,-4.292297403E1,1.482126262E1,4.712705294E1
4.110496533E1,-8.068692747E0,-4.509404052E1,1.099311626E1,4.711077264E1
4.111493233E1,-3.498551677E0,-3.921577849E1,5.332991043E0,3.973107021E1
4.112489933E1,-1.684136979E0,-3.321349702E1,1.095997278E0,3.327422293E1
4.113486633E1,-1.387860316E0,-2.888742517E1,-1.236799693E0,2.894717883E1
4.114483333E1,-1.033368336E0,-2.428907420E1,-3.127964213E0,2.451144908E1
4.115480133E1,-4.842447656E-1,-1.819708241E1,-3.856125579E0,1.860747177E1
4.116476833E1,-1.525904015E-1,-1.337387560E1,-5.480661889E0,1.445411662E1
4.117473533E1,7.170880558E-1,-1.079861799E1,-6.055274788E0,1.240123859E1
4.118470233E1,2.287735111E0,-1.005812543E1,-1.232361978E1,1.607081900E1
4.119467033E1,8.903665202E0,-8.424770054E0,-3.092793269E1,3.326843887E1
4.120463733E1,1.081604620E1,-5.680698645E0,-2.200311694E1,2.516732698E1
4.121460433E1,9.709774046E0,-2.378386542E0,-1.361789745E1,1.689329943E1
4.122457133E1,7.504275638E0,-9.148360652E-1,-1.120250856E1,1.351470591E1
4.123453833E1,4.995074018E0,-2.092619079E-1,-7.903962649E0,9.352389029E0
4.124450633E1,3.962490233E0,1.508740098E0,-4.734216279E0,6.355346513E0
4.125447333E1,3.485003094E0,3.606375504E0,-2.850528740E0,5.768596444E0
4.126444033E1,3.069229808E0,5.404875543E0,-1.801088748E0,6.471226462E0
4.127440733E1,2.913811401E0,6.902776657E0,-1.209123067E0,7.589505982E0
4.128437533E1,2.564470671E0,8.202672338E0,-1.051221786E0,8.658256785E0
4.129434233E1,2.465138464E0,9.235057903E0,-9.546778232E-1,9.605967513E0
4.130430933E1,2.672089260E0,9.960260578E0,-7.808430254E-1,1.034198084E1
4.131427633E1,2.744426335E0,1.048867463E1,-6.283594088E-1,1.085997269E1
4.132424333E1,2.447326968E0,1.106882133E1,-4.966303378E-1,1.134701972E1
4.133421133E1,3.268830947E0,1.145909725E1,-6.486281240E-1,1.193385453E1
4.134417833E1,4.952432613E0,1.238078917E1,-8.754510478E-1,1.336326846E1
4.135414533E1,7.478182438E0,1.323567081E1,2.225935231E-1,1.520380684E1
4.136411233E1,9.731917452E0,1.388142561E1,2.421301011E0,1.712503702E1
4.137408033E1,1.145275068E1,1.373504759E1,5.327356666E0,1.866005786E1
4.138404733E1,1.366372676E1,1.385087742E1,9.001266925E0,2.143751479E1
4.139401433E1,1.263730535E1,1.410728835E1,9.844737139E0,2.134563001E1
4.140398133E1,8.398266964E0,1.369950470E1,8.262251372E0,1.806853937E1
4.141394833E1,5.656554322E0,1.348719464E1,8.028007236E0,1.668382229E1
4.142391633E1,3.810088989E0,1.326754632E1,6.543111498E0,1.527602277E1
4.143388333E1,2.583042890E0,1.308303743E1,5.224380766E0,1.432243462E1
4.144385033E1,1.799245559E0,1.267560579E1,4.854575951E0,1.369215740E1
4.145381733E1,9.307015347E-1,1.189549132E1,5.012116313E0,1.294180162E1
4.146378533E1,6.242417264E-1,1.122286506E1,5.212294571E0,1.238993109E1
4.147375233E1,4.704853901E-1,1.035514527E1,5.758254944E0,1.185781979E1
4.148371975E1,6.668275096E-1,9.445448323E0,6.866340902E0,1.169648624E1
4.149368675E1,6.983974309E-1,7.902663982E0,7.998599249E0,1.126576437E1
4.150365375E1,3.954175200E-1,4.945242877E0,9.304193627E0,1.054418329E1
4.151362175E1,-4.521331729E-1,1.935252964E-1,1.140503740E1,1.141563640E1
4.152358875E1,-3.913525064E0,-1.088913405E1,1.422797488E1,1.833914360E1
4.153355575E1,-5.897825058E0,-3.118209946E1,1.625773990E1,3.565700175E1
4.154352275E1,-6.966202574E0,-4.962187172E1,1.817488404E1,5.330276298E1
4.155349075E1,-6.387132343E0,-5.707882585E1,1.608254914E1,5.964424705E1
4.156345775E1,-9.944793816E-1,-5.167143775E1,1.047527281E1,5.273194297E1
4.157342475E1,1.639235041E0,-4.005959252E1,3.987102917E0,4.029088029E1
4.158339175E1,1.316269201E0,-2.988951163E1,-8.449138910E-2,2.991859971E1
4.159335875E1,2.048121768E-1,-2.266711038E1,-2.380057091E0,2.279264163E1
4.160332675E1,2.513887578E-1,-1.738428318E1,-4.041642529E0,1.784968830E1
4.161329375E1,3.766245688E-1,-1.401415039E1,-4.184910130E0,1.463050683E1
4.162326075E1,1.684760731E0,-1.302864897E1,-7.395253133E0,1.507560552E1
4.163322775E1,8.149823449E0,-1.660603164E1,-3.454269544E1,3.918389615E1
4.164319575E1,1.157058962E1,-1.241475916E1,-3.810014378E1,4.170882095E1
4.165316275E1,9.306253016E0,-4.172824520E0,-2.667804771E1,2.856111061E1
4.166312975E1,5.907712700E0,-1.852225426E0,-1.863250468E1,1.963420584E1
4.167309675E1,3.965704739E0,-2.228258695E0,-9.466494792E0,1.050268892E1
4.168306375E1,3.793737250E0,-2.224688970E0,-3.755723039E0,5.783350143E0
4.169303175E1,4.090280254E0,-8.396841413E-1,-1.190897442E0,4.342084606E0
4.170299875E1,4.477805640E0,1.096856965E0,-1.922944576E-2,4.610228663E0
4.171296575E1,4.819987332E0,3.075864059E0,3.908207314E-1,5.731139366E0
4.172293275E1,5.057719917E0,5.040999219E0,5.422427130E-1,7.161440571E0
4.173290075E1,4.754231006E0,6.871442013E0,8.261770731E-1,8.396546692E0
4.174286775E1,4.397663995E0,8.603096682E0,1.285577604E0,9.747072941E0
4.175283475E1,4.333735802E0,9.933584411E0,1.414645534E0,1.092971121E1
4.176280175E1,4.538112946E0,1.087795652E1,1.456159596E0,1.187622869E1
4.177276875E1,5.564543121E0,1.143742864E1,1.718917095E0,1.283485839E1
4.178273675E1,7.933591075E0,1.181675038E1,2.342877570E0,1.442451151E1
4.179270375E1,1.031196709E1,1.215359795E1,3.427271780E0,1.630315308E1
4.180267075E1,1.302496172E1,1.277517451E1,2.759580563E0,1.845182908E1
4.181263775E1,1.389075309E1,1.301479224E1,3.788600471E0,1.940853761E1
4.182260575E1,1.257625574E1,1.221037558E1,5.725623972E0,1.844012609E1
4.183257275E1,1.064090338E1,1.155668026E1,9.432510774E0,1.832369894E1
4.184253975E1,7.740910701E0,1.145532345E1,1.076571687E1,1.752275075E1
4.185250675E1,4.857052832E0,1.205089628E1,8.876963307E0,1.573580443E1
4.186247375E1,2.647395884E0,1.280174192E1,6.624798270E0,1.465541720E1
4.187244175E1,9.965006179E-1,1.260801665E1,5.904400252E0,1.395768748E1
4.188240875E1,-2.104405604E-2,1.184286638E1,5.103494260E0,1.289571947E1
4.189237575E1,3.181385983E-1,1.140240031E1,4.776085267E0,1.236636306E1
4.190234275E1,1.252008154E0,1.115567938E1,4.867662020E0,1.223563813E1
4.191231075E1,1.852916859E0,1.081610467E1,5.590978968E0,1.231586241E1
4.192227775E1,2.064738093E0,1.004609420E1,6.739679686E0,1.227234429E1
4.193224475E1,1.800031863E0,8.501276193E0,8.033054552E0,1.183392484E1
4.194221175E1,9.364163840E-1,5.921924942E0,8.960832260E0,1.078158548E1
4.195217875E1,-6.948636661E-1,2.031247289E0,1.024176776E1,1.046434938E1
4.196214675E1,-3.787193046E0,-6.002486125E0,1.235545202E1,1.424885488E1
4.197211375E1,-6.042256547E0,-2.307820472E1,1.654720748E1,2.903312716E1
4.198208075E1,-5.665357305E0,-4.381466506E1,2.018336753E1,4.857148827E1
4.199204775E1,-5.256379069E0,-5.608820460E1,1.826337112E1,5.922049427E1
4.200201575E1,-1.533219320E0,-5.359795030E1,1.149141832E1,5.483743004E1
4.201198275E1,9.003378940E-1,-4.274322126E1,4.713924102E0,4.301179667E1
4.202194975E1,1.226805485E0,-3.258516224E1,-9.349671516E-1,3.262164946E1
4.203191675E1,1.053107951E0,-2.447586234E1,-2.740340300E0,2.465129487E1
4.204188375E1,4.314542024E-1,-1.863799755E1,-4.434766917E0,1.916320075E1
4.205185175E1,4.180934608E-2,-1.423836188E1,-8.760786148E0,1.671777709E1
4.206181875E1,2.933654512E0,-1.245808469E1,-2.817955188E1,3.094991676E1
4.207178575E1,7.989042560E0,-1.309826358E1,-5.433872704E1,5.646314343E1
4.208175275E1,8.244865261E0,-7.089958309E0,-3.153909302E1,3.336105066E1
4.209172075E1,5.214213628E0,-2.681110345E0,-2.057089058E1,2.139013595E1
4.210168775E1,3.309897404E0,-2.641239350E0,-1.096702131E1,1.175615254E1
4.211165475E1,3.341455412E0,-2.685508620E0,-3.856598034E0,5.766335857E0
4.212162175E1,4.274002401E0,-2.036996271E0,-9.118732810E-1,4.821614171E0
4.213158875E1,5.161915546E0,-6.069930249E-1,6.600762413E-1,5.239228310E0
4.214155675E1,6.061206788E0,1.311718751E0,1.203802393E0,6.317275838E0
4.215152375E1,6.209874585E0,2.897170225E0,1.642868793E0,7.046641438E0
4.216149075E1,5.840629349E0,4.278989491E0,1.648134065E0,7.425567194E0
4.217145775E1,6.161329831E0,5.553250979E0,1.583521308E0,8.444413624E0
4.218142575E1,7.070502284E0,6.803048885E0,1.607729366E0,9.942749639E0
4.219139275E1,8.194029568E0,8.159884168E0,2.092006291E0,1.175169437E1
4.220135975E1,9.821729515E0,9.558874367E0,2.585828211E0,1.394722042E1
4.221132675E1,1.157411666E1,1.062790151E1,3.264967107E0,1.604906468E1
4.222129375E1,1.323804946E1,1.172147468E1,2.455629430E0,1.785130354E1
4.223126175E1,1.377243702E1,1.310291563E1,2.676458884E0,1.919713134E1
4.224122875E1,1.333401981E1,1.439928193E1,4.500703629E0,2.013434224E1
4.225119575E1,1.221405699E1,1.529905264E1,8.671135468E0,2.141104365E1
4.226116275E1,9.019161159E0,1.560848028E1,9.727259560E0,2.048388399E1
4.227113075E1,5.763001714E0,1.574313230E1,7.244680313E0,1.826318144E1
4.228109775E1,3.702418067E0,1.533864297E1,5.544643292E0,1.672497943E1
4.229106475E1,2.949249621E0,1.424578550E1,4.780098796E0,1.531306052E1
4.230103175E1,2.316863162E0,1.296245031E1,4.192852403E0,1.381929753E1
4.231099875E1,1.789294621E0,1.205651195E1,3.759645059E0,1.275523369E1
4.232096675E1,1.192077044E0,1.133553622E1,3.434806502E0,1.190434059E1
4.233093375E1,5.214490274E-1,1.087676368E1,3.198280782E0,1.134922452E1
4.234090075E1,-1.481362849E-1,1.058806794E1,3.235790962E0,1.107246450E1
4.235086775E1,-8.654576446E-1,9.845834076E0,3.919595059E0,1.063262390E1
4.236083575E1,-1.457975156E0,8.678955535E0,5.185319027E0,1.021457264E1
4.237080275E1,-2.458213899E0,6.842584249E0,6.884980656E0,1.001332779E1
4.238076975E1,-4.160839482E0,3.424701344E0,8.776586494E0,1.029901136E1
4.239073675E1,-7.884397865E0,-3.369463282E0,1.000095954E1,1.317331409E1
4.240070375E1,-1.416991320E1,-1.844456230E1,1.249950870E1,2.640503809E1
4.241067175E1,-2.001065716E1,-4.120668993E1,1.802874575E1,4.922858284E1
4.242063875E1,-1.912017884E1,-5.753487124E1,1.830268780E1,6.333112212E1
4.243060575E1,-1.110397362E1,-5.781498094E1,1.277867583E1,6.024254981E1
4.244057275E1,-3.558607552E0,-4.583828816E1,6.805977756E0,4.647723833E1
4.245054075E1,-9.681220338E-1,-3.457637072E1,8.012135553E-1,3.459919964E1
4.246050775E1,-1.362173790E0,-2.586097885E1,-2.914503711E0,2.606031612E1
4.247047475E1,-1.942661825E0,-1.949721549E1,-4.204583964E0,2.003980721E1
4.248044146E1,-1.136954685E0,-1.444273259E1,-4.690675573E0,1.522785697E1
4.249040946E1,1.227098431E0,-1.082001997E1,-6.118395481E0,1.249053105E1
4.250037646E1,5.570039504E0,-9.285076740E0,-2.148641954E1,2.406042840E1
4.251034346E1,8.778477484E0,-1.056641921E1,-3.149491380E1,3.436044932E1
4.252031046E1,1.222501701E1,-8.035174168E0,-2.639281352E1,3.017607778E1
4.253027746E1,1.205978288E1,-1.170961652E0,-1.574753759E1,1.986943518E1
4.254024546E1,7.780842506E0,7.390500516E-1,-9.114761381E0,1.200693883E1
4.255021246E1,5.725647361E0,1.588185048E0,-4.948109182E0,7.732344659E0
4.256017946E1,5.114944278E0,2.978283970E0,-2.712153797E0,6.510653469E0
4.257014646E1,4.715855438E0,4.528132918E0,-1.420606186E0,6.690396264E0
4.258011446E1,4.318368149E0,6.075487443E0,-7.222552402E-1,7.488758494E0
4.259008146E1,4.040765154E0,7.470006861E0,-3.601240186E-1,8.500498506E0
4.260004846E1,3.585721091E0,8.658828834E0,-1.307143597E-1,9.372822348E0
4.261001546E1,3.573073856E0,9.593377617E0,1.023193303E-1,1.023768627E1
4.261998246E1,3.509115842E0,1.025830602E1,1.396345065E-1,1.084279642E1
4.262995046E1,3.481312332E0,1.085550672E1,9.899456698E-2,1.140049830E1
4.263991746E1,3.825090605E0,1.149993654E1,-1.992421192E-1,1.212103774E1
4.264988446E1,4.276832161E0,1.209678757E1,-1.484420761E-1,1.283143008E1
4.265985146E1,5.609069084E0,1.294294633E1,2.725423030E-1,1.410871344E1
4.266981946E1,7.953032482E0,1.375223489E1,1.335417516E0,1.594233453E1
4.267978646E1,1.016718652E1,1.431487854E1,5.312267926E0,1.834414402E1
4.268975346E1,1.253519660E1,1.418258295E1,7.982772006E0,2.054267416E1
4.269972046E1,1.475341036E1,1.449415417E1,8.724691286E0,2.244691205E1
4.270968746E1,1.401402175E1,1.490196121E1,8.075755599E0,2.199270520E1
4.271965546E1,9.859230047E0,1.405439327E1,6.501157726E0,1.835743553E1
4.272962246E1,6.951659964E0,1.346575758E1,5.173604715E0,1.601306932E1
4.273958946E1,5.448508635E0,1.315886647E1,3.952820692E0,1.478062260E1
4.274955646E1,4.116996767E0,1.226801977E1,3.404811455E0,1.338083378E1
4.275952446E1,3.135578164E0,1.174694866E1,2.864382548E0,1.249109045E1
4.276949146E1,2.378778744E0,1.126408325E1,2.713532571E0,1.182799302E1
4.277945846E1,2.044817214E0,1.070687634E1,3.223056604E0,1.136690689E1
4.278942546E1,2.793992305E0,1.019501342E1,4.281209679E0,1.140497470E1
4.279939246E1,4.463632867E0,9.487258254E0,6.333684114E0,1.224939354E1
4.280936046E1,5.999802253E0,7.331685128E0,9.601089510E0,1.348822278E1
4.281932746E1,5.653767539E0,2.403049513E0,1.245308766E1,1.388593268E1
4.282929446E1,2.059333220E0,-5.648544222E0,1.483769797E1,1.600950300E1
4.283926146E1,-2.615118669E0,-1.732556193E1,1.835962682E1,2.537892509E1
4.284922946E1,-7.108483458E0,-3.351633601E1,2.105202521E1,4.021272289E1
4.285919646E1,-7.837132482E0,-4.563639082E1,2.005312665E1,5.046016946E1
4.286916346E1,-5.886252834E0,-4.709977582E1,1.385529090E1,4.944700134E1
4.287913046E1,-1.348861581E0,-3.871771734E1,8.055538850E0,3.956984673E1
4.288909746E1,1.858914494E0,-2.865214256E1,1.399459146E0,2.874646626E1
4.289906546E1,1.079133543E0,-2.258747130E1,-3.233138958E0,2.284319541E1
4.290903246E1,2.381611135E-1,-1.904265294E1,-5.849632891E0,1.992228794E1
4.291899946E1,-3.853243487E-1,-1.650526424E1,-7.023183106E0,1.794149724E1
4.292896646E1,-1.403982113E0,-1.406608068E1,-7.968614727E0,1.622727988E1
4.293893446E1,6.067636679E-1,-1.209089942E1,-9.669305466E0,1.549365932E1
4.294890146E1,1.024670983E1,-1.139891653E1,-3.331796104E1,3.667447189E1
4.295886846E1,1.458845339E1,-1.261208397E1,-4.675024331E1,5.057146314E1
4.296883546E1,6.804297851E0,-6.690683527E0,-2.461493252E1,2.639997383E1
4.297880246E1,2.613245806E0,-2.396281360E0,-2.220641995E1,2.248769230E1
4.298877046E1,7.709831581E-2,-1.571737999E0,-1.771177053E1,1.778153873E1
4.299873746E1,-1.298956764E0,-2.435067111E0,-9.768497633E0,1.015088107E1
4.300870446E1,-1.342063900E0,-3.306715642E0,-4.182902196E0,5.498379273E0
4.301867146E1,-1.171510998E0,-3.017276713E0,-1.475264788E0,3.557077870E0
4.302863946E1,-7.390779720E-1,-2.465603610E0,3.781789050E-1,2.601625779E0
4.303860646E1,-1.433194949E-1,-1.461148440E0,1.835226400E0,2.350223645E0
4.304857346E1,1.608911088E-1,-3.771892637E-1,2.529877959E0,2.562896833E0
4.305854046E1,2.670592958E-1,5.889894480E-1,3.008416427E0,3.077141309E0
4.306850746E1,4.808365698E-1,1.512888113E0,3.404869342E0,3.756749857E0
4.307847546E1,7.925297092E-1,2.366401504E0,3.749638719E0,4.504192485E0
4.308844246E1,1.169909738E0,3.142447473E0,4.100929495E0,5.297290595E0
4.309840946E1,1.519697634E0,3.943458715E0,4.457947619E0,6.142771729E0
4.310837646E1,1.890923761E0,4.584503585E0,4.664642015E0,6.808241397E0
4.311834446E1,2.189444731E0,4.895814024E0,4.735787426E0,7.154742884E0
4.312831146E1,2.511808893E0,4.753025603E0,5.125714849E0,7.427879173E0
4.313827846E1,2.945186683E0,4.388441182E0,5.758016378E0,7.815836053E0
4.314824546E1,3.316441315E0,3.601563830E0,6.416886485E0,8.071336765E0
4.315821246E1,3.835089929E0,2.442607096E0,7.024033291E0,8.367274817E0
4.316818046E1,4.941736887E0,2.154748669E0,8.108367859E0,9.737008505E0
4.317814746E1,6.009023897E0,3.925649266E0,1.032370011E1,1.257369772E1
4.318811446E1,5.737848161E0,-3.458873641E-1,8.623580064E0,1.036381555E1
4.319808146E1,5.527377634E0,-2.383053789E0,8.344175541E0,1.028864006E1
4.320804946E1,5.271216964E0,-2.502959132E0,8.858984288E0,1.060811648E1
4.321801646E1,4.106860911E0,-2.338025551E0,7.621914600E0,8.968068476E0
4.322798346E1,3.356195365E0,-1.608462022E0,6.535444629E0,7.520853270E0
4.323795046E1,2.963333809E0,-5.572115850E-1,5.621242987E0,6.378887421E0
4.324791746E1,2.503762540E0,2.380816644E-1,5.106769871E0,5.692504567E0
4.325788546E1,1.974660421E0,7.318825346E-1,4.800565512E0,5.242171789E0
4.326785246E1,1.512724391E0,7.126563048E-1,4.432924752E0,4.737830300E0
4.327781946E1,1.127519618E0,2.908755898E-1,4.069605668E0,4.232918543E0
4.328778646E1,1.030938087E0,-2.841740960E-1,3.622882193E0,3.777414942E0
4.329775446E1,1.075079156E0,-7.346482676E-1,2.609965518E0,2.916748750E0
4.330772146E1,1.710439217E0,-6.280874401E-1,1.728379644E0,2.511452238E0
4.331768846E1,2.373411438E0,-6.479176873E-1,9.843226218E-1,2.649862300E0
4.332765546E1,2.864098958E0,-1.053812102E0,-6.831309356E-2,3.052580788E0
4.333762246E1,2.729505702E0,-1.923508832E0,-9.306861126E-1,3.466448362E0
4.334759046E1,2.630058305E0,-1.851193977E0,-1.473517056E0,3.537708063E0
4.335755746E1,2.257568302E0,-2.161916186E0,-1.876507158E0,3.645788714E0
4.336752446E1,1.844801655E0,-1.822102325E0,-1.982894908E0,3.264233791E0
4.337749146E1,1.762589656E0,-1.556103129E0,-2.574475842E0,3.486560642E0
4.338745946E1,1.876152817E0,-2.462176557E0,-4.449017751E0,5.419965105E0
4.339742646E1,2.195735897E0,-2.790180797E0,-9.670891231E0,1.030206301E1
4.340739346E1,2.387508929E0,-2.648875814E0,-1.047757661E1,1.106780708E1
4.341736046E1,1.685979583E0,-2.000230148E0,-8.700014867E0,9.084806353E0
4.342732746E1,1.174754156E0,-3.698036456E-1,-7.857159780E0,7.953097628E0
4.343729546E1,1.316473268E0,7.812669486E-1,-6.165484863E0,6.352691044E0
4.344726246E1,7.875363332E-1,1.006559583E0,-4.501811677E0,4.679709825E0
4.345722946E1,3.989832982E-2,9.775731808E-1,-3.320885784E0,3.462011495E0
4.346719646E1,-5.800448160E-1,8.454401404E-1,-2.661047378E0,2.851735291E0
4.347716446E1,-8.959065816E-1,8.331247348E-1,-2.072931504E0,2.407029382E0
4.348713150E1,-8.386198018E-1,9.211428720E-1,-1.519522364E0,1.964875461E0
4.349709850E1,-5.594422978E-1,9.396481401E-1,-9.744308871E-1,1.464728598E0
4.350706550E1,-3.346791288E-1,7.011513233E-1,-6.179997506E-1,9.927471930E-1
4.351703350E1,7.753027886E-2,-1.285083514E-1,-3.586682081E-1,3.888035803E-1
4.352700050E1,9.503055677E-2,-1.183584037E0,-7.871229351E-2,1.189998993E0
4.353696750E1,-9.675066143E-2,-1.544224511E0,4.168000202E-1,1.602408277E0
4.354693450E1,-1.065232591E-1,-1.375783185E0,9.667961776E-1,1.684880241E0
4.355690150E1,-6.994731724E-2,-6.318892998E-1,1.397971614E0,1.535741302E0
4.356686950E1,-2.039619917E-1,-1.040459400E-1,1.770473750E0,1.785218012E0
4.357683650E1,-1.544607796E-1,6.930295408E-2,2.032298618E0,2.039337810E0
4.358680350E1,9.378641546E-3,-1.880289137E-2,2.281747270E0,2.281844015E0
4.359677050E1,1.743606086E-1,-7.079984128E-2,2.435814385E0,2.443073057E0
4.360673850E1,3.291051243E-1,-7.877719760E-2,2.496340084E0,2.519172452E0
4.361670550E1,3.690148562E-1,1.996034771E-1,2.478108466E0,2.513371258E0
4.362667250E1,9.891690865E-2,4.584357405E-1,2.449298065E0,2.493794076E0
4.363663950E1,-4.826454060E-1,6.127028310E-1,2.432695481E0,2.554673883E0
4.364660650E1,-1.201450058E0,5.942244601E-1,2.375278162E0,2.727367100E0
4.365657450E1,-2.082690361E0,-4.622580653E-1,2.152278221E0,3.030442740E0
4.366654150E1,-2.692171815E0,-1.972903186E0,1.742579023E0,3.765198230E0
4.367650850E1,-2.364720137E0,-8.633565938E-1,8.597289813E-1,2.660154104E0
4.368647550E1,-2.437508324E0,-8.099025178E-1,-9.982600451E-2,2.570477416E0
4.369644350E1,-2.285351201E0,-6.029163462E-1,-4.447988276E-1,2.405033104E0
4.370641050E1,-1.048409860E0,9.009348947E-1,-7.970105767E-1,1.595641807E0
4.371637750E1,2.673775305E-1,2.370566475E0,-9.222684610E-1,2.557665981E0
4.372634450E1,9.545133702E-1,2.997132470E0,-7.275316215E-1,3.228498270E0
4.373631150E1,6.505938117E-1,2.124524412E0,-6.689740956E-1,2.320431560E0
4.374627950E1,2.246231282E-1,9.599894339E-1,-6.516201442E-1,1.181796969E0
4.375624650E1,2.420457843E-1,1.937287796E-1,-3.277890988E-1,4.511792272E-1
4.376621350E1,2.470255655E-1,-2.524482733E-1,-1.859390458E-1,3.991554703E-1
4.377618050E1,1.931367490E-1,-3.484735876E-1,-1.705580181E-1,4.333886046E-1
4.378614850E1,2.533364654E-1,-3.217629218E-1,-3.504049961E-1,5.389753276E-1
4.379611550E1,4.974863702E-1,-3.515486383E-1,-7.524670726E-1,9.681352328E-1
4.380608250E1,6.223643316E-1,-3.687663496E-1,-1.104714892E0,1.320500274E0
4.381604950E1,3.912630732E-1,-4.882138556E-1,-1.482309952E0,1.608938270E0
4.382601650E1,6.971021265E-2,-3.678120840E-1,-1.970144324E0,2.005396195E0
4.383598450E1,-2.959201290E-1,5.688522220E-2,-2.166975636E0,2.187827246E0
4.384595150E1,-3.966195613E-1,4.445667297E-1,-2.055617899E0,2.140212980E0
4.385591850E1,-2.029653338E-1,3.704643810E-1,-2.034702993E0,2.078089280E0
4.386588550E1,-6.092506349E-2,1.187388235E-1,-1.974500645E0,1.979005702E0
4.387585350E1,2.595630191E-1,2.341581827E-1,-1.622416841E0,1.659650391E0
4.388582050E1,8.853811549E-1,1.136366601E0,-5.947507095E-1,1.558511228E0
4.389578750E1,7.190193911E-1,1.013106710E0,1.872143966E-1,1.256353183E0
4.390575450E1,4.717434186E-1,2.801225603E-2,5.529648985E-1,7.273903480E-1
4.391572150E1,1.480719656E-2,-1.418894121E0,8.326530106E-1,1.645232754E0
4.392568950E1,-2.943030815E-1,-1.929194080E0,1.240184500E0,2.312241703E0
4.393565650E1,-5.892840014E-1,-1.560382707E0,1.657759312E0,2.351641079E0
4.394562350E1,-8.096499181E-1,-5.076669574E-1,1.849895310E0,2.082155467E0
4.395559050E1,-8.949008605E-1,4.168608677E-1,1.651619882E0,1.924180025E0
4.396555850E1,-1.021839819E0,6.749376708E-1,1.268954555E0,1.763503087E0
4.397552550E1,-1.193596370E0,5.235251909E-1,6.965017636E-1,1.477790793E0
4.398549250E1,-1.387865286E0,-2.753863156E-2,-8.967757702E-2,1.391032170E0
4.399545950E1,-1.566313099E0,-5.814015162E-1,-8.044365406E-1,1.854314589E0
4.400542650E1,-1.813159593E0,-1.111266258E0,-1.211437249E0,2.447455948E0
4.401539450E1,-2.445822772E0,-2.673579131E0,-1.915444206E0,4.098658428E0
4.402536150E1,-3.085333333E0,-4.935427156E0,-3.738828971E0,6.917843961E0
4.403532850E1,-1.793723741E0,-2.335910613E0,-4.155258899E0,5.093142426E0
4.404529550E1,-6.010504997E-1,6.889575398E-1,-3.514266070E0,3.631251878E0
4.405526350E1,-3.213920622E-1,1.780947282E0,-3.683392689E0,4.103955139E0
4.406523050E1,1.707927838E-1,1.992146373E0,-3.495319337E0,4.026794583E0
4.407519750E1,4.149979448E-1,2.025718161E0,-3.012163907E0,3.653613111E0
4.408516450E1,4.660349281E-1,1.840425160E0,-1.921573403E0,2.701258534E0
4.409513150E1,1.776828504E-1,7.090386325E-1,-1.228305881E0,1.429350312E0
4.410509950E1,-1.160217686E-1,6.555898190E-3,-3.541687026E-1,3.727458926E-1
4.411506650E1,-5.276600495E-1,-4.225028461E-1,5.679489002E-1,8.828928225E-1
4.412503350E1,-6.189752854E-1,-8.031887448E-1,1.137181703E0,1.523622259E0
4.413500050E1,-4.908817939E-1,-1.161414903E0,1.449338819E0,1.921049850E0
4.414496850E1,2.092310639E-1,-1.051780779E0,2.196686654E0,2.444473911E0
4.415493550E1,1.075387158E0,-5.383771187E-1,3.084690431E0,3.310834112E0
4.416490250E1,1.749858514E0,-2.357410240E-1,3.680603567E0,4.082207891E0
4.417486950E1,2.221226541E0,-1.343538129E-1,4.064185592E0,4.633519485E0
4.418483650E1,2.326782086E0,6.189862490E-3,4.257026764E0,4.851415264E0
4.419480450E1,2.144360214E0,5.691708952E-1,4.704728186E0,5.201605862E0
4.420477150E1,1.319578432E0,1.040148913E0,5.313001167E0,5.572358423E0
4.421473850E1,3.541908489E-1,1.291542349E0,5.654472713E0,5.810903068E0
4.422470550E1,-4.509302545E-1,1.476244782E0,5.638059579E0,5.845541255E0
4.423467350E1,-1.078621400E0,1.394133502E0,5.320780302E0,5.605152573E0
4.424464050E1,-1.501835998E0,7.885098946E-1,4.705448563E0,5.001850198E0
4.425460750E1,-1.663355975E0,-1.678794086E-2,4.226263393E0,4.541842930E0
4.426457450E1,-1.708061593E0,-5.182451552E-1,3.781397871E0,4.181509572E0
4.427454250E1,-1.649957665E0,-8.283580846E-1,3.308882035E0,3.789094580E0
4.428450950E1,-1.373846441E0,-7.393593693E-1,2.684241529E0,3.104715591E0
4.429447650E1,-1.035905735E0,-3.846684372E-1,2.058898187E0,2.336692586E0
4.430444350E1,-8.544955771E-1,-9.193343282E-2,1.544892848E0,1.767854168E0
4.431441050E1,-9.512146635E-1,6.284587383E-2,1.117552600E0,1.468905291E0
4.432437850E1,-9.637201037E-1,1.739640212E-1,5.331730968E-1,1.115030704E0
4.433434550E1,-9.664001749E-1,6.475557446E-2,-2.310550654E-1,9.957454624E-1
4.434431250E1,-1.091850871E0,-3.620186627E-1,-1.573282834E0,1.948952209E0
4.435427950E1,-3.463013470E-1,-1.498211601E0,-5.768847760E0,5.970273620E0
4.436424650E1,1.723044498E0,-3.043933584E0,-1.894898640E1,1.926910739E1
4.437421450E1,1.394001793E0,-2.111092188E0,-1.815531926E1,1.833072744E1
4.438418150E1,-1.786207438E-2,2.395083851E-1,-6.774828469E0,6.779084311E0
4.439414850E1,2.340099558E-1,1.976938934E0,-2.082790495E0,2.881156791E0
4.440411550E1,4.690765035E-1,2.839884469E0,-2.525050096E-1,2.889417821E0
4.441408350E1,2.185355920E-1,2.486197504E0,3.093071465E-1,2.514877083E0
4.442405050E1,-2.876830101E-4,1.654632221E0,4.291704261E-1,1.709384429E0
4.443401750E1,-9.259592235E-2,8.910870141E-1,3.106601922E-1,9.482192924E-1
4.444398450E1,-4.398148437E-1,5.568636757E-1,4.476060758E-1,8.389788133E-1
4.445395250E1,-1.046031797E0,3.227493471E-1,5.059467065E-1,1.205956770E0
4.446391950E1,-1.480370285E0,-2.132573104E-1,9.700782198E-1,1.782702054E0
4.447388650E1,-1.867601995E0,-1.126338626E0,1.755821797E0,2.799908230E0
4.448385371E1,-1.917825923E0,-2.217637812E0,2.247758574E0,3.694373066E0
4.449382071E1,-1.968851066E0,-2.765534198E0,2.686619591E0,4.329258452E0
4.450378871E1,-1.762760541E0,-2.577857287E0,3.823638157E0,4.936889878E0
4.451375571E1,-9.688935739E-1,-1.413441008E0,4.843728197E0,5.137924978E0
4.452372271E1,2.553350437E-1,9.690356612E-2,4.505490160E0,4.513759837E0
4.453368971E1,1.359395193E0,6.403566527E-1,3.372130197E0,3.691784664E0
4.454365671E1,1.853302191E0,8.224746162E-1,1.435624759E0,2.484393679E0
4.455362471E1,1.364200143E0,4.226098502E-1,-1.099622698E0,1.802445892E0
4.456359171E1,3.368613097E-1,-4.494971019E-1,-3.360303619E0,3.406928763E0
4.457355871E1,-7.420800787E-1,-5.805150783E-1,-4.519445125E0,4.616607503E0
4.458352571E1,-1.319499349E0,-1.180348188E-1,-4.127887498E0,4.335258464E0
4.459349371E1,-9.528453058E-1,-1.589676672E-1,-2.540257351E0,2.717736615E0
4.460346071E1,-2.960142691E-1,-4.291002595E-1,-1.054601476E0,1.176407988E0
4.461342771E1,9.505964667E-3,-8.036062360E-1,-3.337005973E-1,8.701893096E-1
4.462339471E1,-2.109163776E-1,-7.552176028E-1,1.544483542E-1,7.991831080E-1
4.463336271E1,-8.736017928E-1,-2.041859400E-1,6.131483889E-1,1.086656771E0
4.464332971E1,-1.399056711E0,-5.664139330E-2,8.419610471E-1,1.633850156E0
4.465329671E1,-1.577171671E0,-2.305498660E-1,6.481416357E-1,1.720671758E0
4.466326371E1,-1.429125140E0,-4.452625483E-1,1.675634762E-2,1.496976346E0
4.467323071E1,-1.054262192E0,-6.408992743E-1,-6.213309824E-1,1.381402490E0
4.468319871E1,-8.042595161E-1,-8.662018490E-1,-1.193418469E0,1.679698382E0
4.469316571E1,-8.226226969E-1,-1.060958569E0,-1.717844131E0,2.180213211E0
4.470313271E1,-8.252842033E-1,-1.035191644E0,-1.795377626E0,2.230716606E0
4.471309971E1,-7.437545751E-1,-9.249014622E-1,-1.411965171E0,1.844521408E0
4.472306771E1,-7.048115341E-1,-9.177906632E-1,-9.129936075E-1,1.473993327E0
4.473303471E1,-5.873921348E-1,-1.193129616E0,-2.550672412E-1,1.354122261E0
4.474300171E1,-2.144111122E-1,-1.698023824E0,7.601128187E-1,1.872706205E0
4.475296871E1,1.939758244E-1,-1.968111978E0,1.610610289E0,2.550520904E0
4.476293571E1,4.815667409E-1,-1.913241121E0,1.715769539E0,2.614624873E0
4.477290371E1,6.815873437E-1,-1.718710688E0,1.225734787E0,2.218322228E0
4.478287071E1,8.961533341E-1,-1.422003670E0,4.089576980E-1,1.729864629E0
4.479283771E1,1.014890477E0,-1.144466164E0,-1.902296595E-1,1.541425575E0
4.480280471E1,1.259629415E0,-1.199660372E0,-5.891549242E-1,1.836560589E0
4.481277271E1,1.045466810E0,-1.155289360E0,-9.716394264E-1,1.836240053E0
4.482273971E1,5.623295433E-1,-7.492785859E-1,-9.867538941E-1,1.360630796E0
4.483270671E1,3.635197160E-1,-8.323505634E-1,-9.247592287E-1,1.296199705E0
4.484267371E1,2.664165040E-1,-1.306460350E0,-1.076300932E0,1.713546059E0
4.485264071E1,9.734196112E-2,-1.515787747E0,-1.376563788E0,2.049881902E0
4.486260871E1,3.059193794E-1,-1.608263801E0,-1.795541348E0,2.429828770E0
4.487257571E1,-4.350503862E-1,-1.688211612E0,-2.187095905E0,2.796911829E0
4.488254271E1,-1.825388606E0,-1.600967061E0,-2.621217315E0,3.572942667E0
4.489250971E1,-2.705878273E0,-1.809789843E0,-2.637860245E0,4.189919232E0
4.490247771E1,-2.615733503E0,-2.096130917E0,-2.121596272E0,3.966988445E0
4.491244471E1,-2.030711976E0,-1.727028353E0,-1.471624897E0,3.045011970E0
4.492241171E1,-1.996693168E0,-1.516352588E0,-1.096547062E0,2.736516807E0
4.493237871E1,-1.256159385E0,-1.660216897E0,-6.962684597E-1,2.195232633E0
4.494234571E1,1.938217503E-1,-1.534489481E0,-2.872276582E-1,1.573125732E0
4.495231371E1,1.345229583E0,-1.407454044E0,3.049713995E-1,1.970679342E0
4.496228071E1,1.973879525E0,-9.553917682E-1,9.946797218E-1,2.407978729E0
4.497224771E1,1.671433026E0,-1.982732356E-1,1.406498024E0,2.193453288E0
4.498221471E1,2.020970222E-1,4.389650971E-1,1.630507194E0,1.700613793E0
4.499218271E1,-1.509413259E0,4.873367733E-1,1.644482040E0,2.284764035E0
4.500214971E1,-2.059975975E0,4.170643508E-1,1.472130096E0,2.566049631E0
4.501211671E1,-2.041645977E0,1.617690682E-1,1.230834802E0,2.389443834E0
4.502208371E1,-1.292248985E0,-1.092879689E-1,1.322093466E0,1.851967179E0
4.503205071E1,-4.676959759E-1,7.295646983E-1,2.119152575E0,2.289500340E0
4.504201871E1,3.064937952E-1,7.494224274E-1,2.856560143E0,2.969092163E0
4.505198571E1,1.145035098E0,7.968556255E-1,3.525133120E0,3.791127507E0
4.506195271E1,1.375224337E0,1.371457999E0,3.724431957E0,4.200420506E0
4.507191971E1,3.218284106E-1,1.538766135E0,3.899061976E0,4.204052692E0
4.508188771E1,-1.815872263E0,7.082247001E-1,3.670727035E0,4.156105301E0
4.509185471E1,-2.530329364E0,-2.193512785E-1,3.307675754E0,4.170299818E0
4.510182171E1,-1.866731052E0,-6.415717041E-1,2.978565806E0,3.573255285E0
4.511178871E1,-3.313323288E-1,9.091367841E-2,1.922557490E0,1.953016567E0
4.512175571E1,1.176483763E0,9.446545261E-1,5.290986838E-1,1.598884497E0
4.513172371E1,4.706134441E-1,2.306709618E0,1.101213067E0,2.599049152E0
4.514169071E1,-1.966111937E0,2.004620823E0,1.445141541E0,3.157932056E0
4.515165771E1,-3.130225039E0,7.107045043E-1,1.787591766E-1,3.214866176E0
4.516162471E1,-4.058076129E0,-6.506302106E-1,-1.911590745E-1,4.114346039E0
4.517159271E1,-4.620489104E0,-8.983504254E-1,1.668795347E-3,4.707011349E0
4.518155971E1,-4.110194408E0,-9.658003968E-1,2.461169082E-1,4.229307510E0
4.519152671E1,-3.112285781E0,-6.397877187E-1,2.827418205E-1,3.189920696E0
4.520149371E1,-1.574511334E0,-1.505149323E-1,3.126979834E-1,1.612302922E0
4.521146071E1,3.997311571E-1,1.848199618E-1,7.285360269E-1,8.512979260E-1
4.522142871E1,1.641787350E0,-3.438689053E-2,1.270653609E0,2.076345048E0
4.523139571E1,2.145890722E0,-7.455755442E-1,1.390160026E0,2.663320255E0
4.524136271E1,1.810434498E0,-1.369473454E0,8.550561789E-1,2.425747655E0
4.525132971E1,1.007687803E0,-1.646857179E0,5.475278650E-1,2.006828353E0
4.526129771E1,-2.382667288E-1,-1.590602286E0,4.502847219E-1,1.670192503E0
4.527126471E1,-8.275564313E-1,-1.348562642E0,-1.375028309E-1,1.588199570E0
4.528123171E1,-8.644582093E-1,-1.505855082E0,-6.864835829E-1,1.867122715E0
4.529119871E1,-1.035388987E0,-1.479658386E0,-5.678782220E-1,1.893120432E0
4.530116571E1,-5.329932949E-1,-1.160456545E0,-9.843202829E-2,1.280792766E0
4.531113371E1,-1.166118988E-1,-1.347815368E0,-3.355559188E-1,1.393844459E0
4.532110071E1,-3.009418640E-1,-1.419781144E0,-1.186539804E0,1.874625618E0
4.533106771E1,-2.348399681E-1,-1.211535482E0,-1.782083396E0,2.167669086E0
4.534103471E1,-1.666283968E-1,-1.096381001E0,-2.088820728E0,2.364949969E0
4.535100271E1,-3.138054460E-2,-1.262344862E0,-2.350373116E0,2.668099150E0
4.536096971E1,1.100989777E0,-1.663557411E0,-2.462853957E0,3.169424453E0
4.537093671E1,2.641969668E0,-1.605736635E0,-2.373159131E0,3.897470734E0
4.538090371E1,4.660950960E0,-1.355647128E0,-1.822236519E0,5.184861513E0
4.539087071E1,5.658704928E0,-1.032466841E0,-1.023880351E0,5.842538850E0
4.540083871E1,4.156994938E0,-1.025322129E0,-1.309146269E-1,4.283576895E0
4.541080571E1,2.597381725E0,-1.782862830E0,-3.612247570E-1,3.171036900E0
4.542077271E1,2.203046086E0,-2.155359703E0,-1.492428705E0,3.424373074E0
4.543073971E1,2.464071055E0,-1.213564466E0,-1.479869178E0,3.119999625E0
4.544070771E1,1.269186105E0,-1.227804190E-1,-2.284010873E0,2.615839075E0
4.545067471E1,-4.141968763E-1,1.306016546E-1,-2.800354952E0,2.833831982E0
4.546064171E1,-9.122369778E-1,-2.921327412E-2,-2.012375546E0,2.209679854E0
4.547060871E1,-3.982404095E-1,9.072832167E-2,-1.229699419E0,1.295757582E0
4.548057571E1,1.180698436E0,7.974233902E-1,-5.267575318E-1,1.519014930E0
4.549054371E1,3.350257518E0,1.482634619E0,1.359454250E-1,3.666184939E0
4.550051071E1,5.348147026E0,1.822067242E0,6.613393861E-1,5.688582901E0
4.551047771E1,6.241646601E0,2.248304120E0,1.045347088E0,6.716083251E0
4.552044471E1,6.163081657E0,2.645555765E0,1.123435557E0,6.800341776E0
4.553041271E1,5.674779509E0,2.806439565E0,1.110592732E0,6.427491091E0
4.554037971E1,4.940513649E0,2.563473721E0,1.019856224E0,5.658637588E0
4.555034671E1,4.326780539E0,2.178766108E0,9.765253597E-1,4.941826925E0
4.556031371E1,4.124864488E0,2.185535429E0,1.068113807E0,4.788730443E0
4.557028071E1,4.112499381E0,2.569643703E0,1.132537844E0,4.979795366E0
4.558024871E1,3.987484741E0,2.704638956E0,1.349747288E0,5.003691055E0
4.559021571E1,3.542516307E0,2.677390931E0,1.695595475E0,4.753197660E0
4.560018271E1,2.862620198E0,2.770107306E0,2.210617061E0,4.555756432E0
4.561014971E1,2.239422784E0,2.703087105E0,2.624152032E0,4.382678198E0
4.562011771E1,1.960728114E0,1.840984154E0,2.946389748E0,3.989347056E0
4.563008471E1,2.672244796E0,1.235027255E0,3.237810298E0,4.376025605E0
4.564005171E1,3.927896351E0,1.064675644E0,3.473044953E0,5.350135065E0
4.565001871E1,4.544263047E0,4.060826951E-1,3.443365656E0,5.715942340E0
4.565998571E1,4.801432947E0,-3.241029775E-1,3.228018551E0,5.794730783E0
4.566995371E1,4.698878047E0,-8.605689338E-1,3.281128811E0,5.795329159E0
4.567992071E1,4.015351986E0,-1.977166976E0,3.402057416E0,5.621942323E0
4.568988771E1,3.140696232E0,-3.441545710E0,3.440058471E0,5.791563863E0
4.569985471E1,2.091382393E0,-4.115004620E0,3.272948556E0,5.658563032E0
4.570982271E1,1.277935878E0,-3.687781025E0,3.235315876E0,5.069528362E0
4.571978971E1,3.551628023E-1,-3.881378242E0,2.989933963E0,4.912325597E0
4.572975671E1,-7.862704110E-1,-4.667840149E0,2.903031474E0,5.552886147E0
4.573972371E1,-1.494949440E0,-5.155156749E0,3.181334381E0,6.239503456E0
4.574969071E1,-1.831484182E0,-5.613136992E0,3.425810561E0,6.826259532E0
4.575965871E1,-1.530901045E0,-5.548101336E0,3.814569710E0,6.904783017E0
4.576962571E1,-5.619437367E-1,-5.088031883E0,4.016196908E0,6.506434263E0
4.577959271E1,3.968224597E-1,-4.815646066E0,3.738611455E0,6.109429655E0
4.578955971E1,1.100914932E0,-4.446923571E0,3.301540271E0,5.646885079E0
4.579952671E1,1.502700509E0,-4.559095387E0,2.534355172E0,5.428297680E0
4.580949471E1,1.470753661E0,-5.005891367E0,1.595794029E0,5.456062985E0
4.581946171E1,4.647179890E-1,-6.940071952E0,5.083113205E-1,6.974162452E0
4.582942871E1,-9.993534744E-1,-8.564595106E0,5.933155105E-2,8.622906525E0
4.583939571E1,-1.571318754E0,-6.824091845E0,-5.583819053E-1,7.024888788E0
4.584936371E1,-1.892520343E0,-5.793650479E0,-1.416548803E0,6.257366030E0
4.585933071E1,-2.007723940E0,-5.398528975E0,-1.591426159E0,5.975592668E0
4.586929771E1,-2.395845158E0,-5.380262858E0,-1.946557679E0,6.202933922E0
4.587926471E1,-2.940093466E0,-5.180629560E0,-2.206941501E0,6.352453307E0
4.588923271E1,-3.341681406E0,-4.805227498E0,-2.741674927E0,6.463267543E0
4.589919971E1,-3.449027515E0,-4.995720136E0,-3.396095303E0,6.956038656E0
4.590916671E1,-3.247698525E0,-5.386281981E0,-3.947366409E0,7.425717532E0
4.591913371E1,-2.772571322E0,-5.315148264E0,-4.332476604E0,7.396506360E0
4.592910071E1,-2.248366100E0,-5.116755161E0,-4.390225167E0,7.107067645E0
4.593906871E1,-1.900915191E0,-4.364553552E0,-4.399912834E0,6.482440838E0
4.594903571E1,-1.790685235E0,-3.148960102E0,-4.294263588E0,5.618113838E0
4.595900271E1,-2.118143930E0,-2.543299073E0,-4.473384268E0,5.564716587E0
4.596896971E1,-2.306114371E0,-1.295284567E0,-4.456513882E0,5.182320096E0
4.597893771E1,-2.373941488E0,-2.030083108E-1,-4.264665567E0,4.885098050E0
4.598890471E1,-2.885182849E0,-3.704269588E-1,-4.194173874E0,5.104173849E0
4.599887171E1,-2.569402798E0,-5.743965518E-1,-4.306861414E0,5.047852749E0
4.600883871E1,-4.603524578E-1,-1.565581466E0,-4.608757836E0,4.889132694E0
4.601880571E1,2.202896397E0,-1.856069385E0,-6.019858203E0,6.673562683E0
4.602877371E1,2.532300753E0,-2.659495527E0,-5.644813113E0,6.734194729E0
4.603874071E1,1.218916422E0,-2.916712205E0,-3.963279022E0,5.069570784E0
4.604870771E1,5.131504762E-1,-2.339546412E0,-2.419664376E0,3.404640438E0
4.605867471E1,6.580982745E-2,-1.831617499E0,-1.413784239E0,2.314722331E0
4.606864271E1,-3.511250076E-1,-1.208175087E0,-1.174941267E0,1.721471113E0
4.607860971E1,1.209364995E-1,-4.632281184E-2,9.926788777E-1,1.001090802E0
4.608857671E1,-4.906755334E-1,-5.563716325E-1,3.342729812E0,3.424055267E0
4.609854371E1,-1.158292198E0,-1.160031745E0,1.784594191E0,2.423239751E0
4.610851071E1,-7.413202330E-1,-1.717917221E0,8.577005821E-1,2.058262752E0
4.611847871E1,1.983360931E-2,-1.921455290E0,4.234313840E-1,1.967657983E0
4.612844571E1,8.519013137E-1,-2.026544665E0,1.104289945E0,2.460096627E0
4.613841271E1,1.503985581E0,-2.342039664E0,2.245662932E0,3.576328344E0
4.614837971E1,1.092409719E0,-2.141181667E0,2.210756809E0,3.265802136E0
4.615834671E1,-5.855968934E-1,-2.842003208E0,2.619084250E0,3.908901158E0
4.616831471E1,-2.966602403E-1,-1.972069081E0,1.696163825E0,2.618021291E0
4.617828171E1,2.274229212E-1,-1.301334389E0,1.464642152E0,1.972401837E0
4.618824871E1,8.196550888E-1,-1.064485610E0,6.887593192E-1,1.509752787E0
4.619821571E1,2.772221951E-1,-6.482650119E-1,3.802105200E-1,8.010366475E-1
4.620818371E1,5.354543880E-2,-2.324852943E-3,5.360581130E-1,5.387307486E-1
4.621815071E1,3.284679240E-1,4.136732581E-1,3.511136055E-1,6.342692690E-1
4.622811771E1,7.973248646E-2,3.561454269E-1,5.190970945E-1,6.345538811E-1
4.623808471E1,-1.139667647E-1,2.152889255E-1,1.624776338E0,1.642935146E0
4.624805171E1,-5.066952963E-1,-2.219816485E-1,1.857274497E0,1.937907256E0
4.625801971E1,-1.259064282E0,-8.291354719E-1,1.917061692E0,2.438818162E0
4.626798671E1,-1.486027758E0,-5.591224551E-1,1.704696082E0,2.329567588E0
4.627795371E1,-1.203863789E0,-4.173198742E-1,1.059081028E0,1.656833282E0
4.628792071E1,-5.206311116E-1,-3.593517476E-1,-3.257659256E-2,6.334442890E-1
4.629788871E1,-4.930825397E-2,-3.321586865E-1,-8.565621293E-1,9.200322702E-1
4.630785571E1,3.306647229E-1,-6.471797687E-1,-9.153266466E-1,1.168761602E0
4.631782271E1,5.816910996E-1,-6.777431649E-1,-1.510861468E0,1.755107606E0
4.632778971E1,8.983264518E-1,-9.431728417E-1,-1.113205195E0,1.713415078E0
4.633775671E1,9.577391329E-1,-1.139143444E0,-8.096674597E-1,1.694247157E0
4.634772471E1,6.796714304E-1,-1.229715645E0,-1.328487396E-2,1.405108646E0
4.635769171E1,4.144692104E-1,-1.092944593E0,5.776891190E-1,1.303854795E0
4.636765871E1,4.044194546E-1,-8.906689382E-1,7.344383526E-1,1.223211325E0
4.637762571E1,5.449935356E-1,-9.297306776E-1,5.027874559E-1,1.189206590E0
4.638759371E1,8.468156978E-1,-8.803310609E-1,-4.171929896E-2,1.222219335E0
4.639756071E1,1.151602252E0,-8.892761314E-1,-6.807825476E-1,1.606382477E0
4.640752771E1,1.331769731E0,-9.152225661E-1,-1.178211030E0,1.999856043E0
4.641749471E1,1.463359565E0,-9.036579430E-1,-1.441170259E0,2.243878474E0
4.642746271E1,1.490589317E0,-9.318415225E-1,-1.332758787E0,2.205998894E0
4.643742971E1,1.445380546E0,-1.038620451E0,-1.027351112E0,2.055068776E0
4.644739671E1,1.308301785E0,-1.095875802E0,-5.981374168E-1,1.808415246E0
4.645736371E1,1.064887606E0,-1.045114954E0,-2.745267749E-2,1.492315157E0
4.646733071E1,7.202517649E-1,-9.695817912E-1,5.127037489E-1,1.312141985E0
4.647729871E1,6.204775813E-1,-8.653528333E-1,8.668766177E-1,1.373063373E0
4.648726571E1,7.357905212E-1,-8.419826818E-1,9.162768191E-1,1.445643710E0
4.649723271E1,9.620236802E-1,-8.839908332E-1,6.843984658E-1,1.474900205E0
4.650719971E1,1.198352422E0,-8.847129643E-1,3.526748121E-1,1.530733511E0
4.651716671E1,1.147996567E0,-7.846489781E-1,1.592606127E-2,1.390619925E0
4.652713471E1,9.363427091E-1,-6.761059445E-1,-9.396592498E-2,1.158743506E0
4.653710171E1,6.017094078E-1,-5.431273967E-1,-5.131867290E-2,8.122039071E-1
4.654706871E1,2.773900468E-1,-4.238213933E-1,1.719718748E-1,5.349244219E-1
4.655703571E1,-1.012178611E-1,-3.239755082E-1,4.204493040E-1,5.403543306E-1
4.656700371E1,-3.842889529E-1,-1.857332969E-1,5.821213084E-1,7.218310569E-1
4.657697071E1,-6.453547796E-1,-1.451097661E-1,5.431420147E-1,8.558871911E-1
4.658693771E1,-7.915854570E-1,-1.789359087E-1,4.433604491E-1,9.247670425E-1
4.659690471E1,-6.926347075E-1,-1.990877527E-1,2.680521530E-1,7.689152932E-1
4.660687171E1,-3.131104314E-1,-2.214966220E-1,7.013442814E-2,3.898945162E-1
4.661683971E1,1.204884110E-1,-2.613413036E-1,-5.484922171E-2,2.929593338E-1
4.662680671E1,4.056135292E-1,-3.411341625E-1,-1.205391812E-1,5.435297104E-1
4.663677371E1,4.425931482E-1,-4.122339660E-1,-8.849176168E-3,6.048998640E-1
4.664674071E1,3.837434808E-1,-4.574855679E-1,1.486876774E-1,6.153536620E-1
4.665670871E1,2.138112793E-1,-4.607202476E-1,2.016529262E-1,5.464817585E-1
4.666667571E1,-1.428786605E-1,-4.187179434E-1,1.950835794E-1,4.835252121E-1
4.667664271E1,-3.287727832E-1,-3.822985607E-1,1.325821066E-1,5.213652726E-1
4.668660971E1,-9.992871450E-2,-3.129856664E-1,2.203698635E-2,3.292892408E-1
4.669657671E1,2.427534618E-1,-2.811124939E-1,-1.471685708E-1,3.995147878E-1
4.670654471E1,4.660188848E-1,-2.656641501E-1,-3.141451693E-1,6.216415599E-1
4.671651171E1,3.753962881E-1,-2.733485609E-1,-3.259992296E-1,5.673775697E-1
4.672647871E1,3.524734120E-1,-2.970204288E-1,-1.773232466E-1,4.938645311E-1
4.673644571E1,3.011371061E-1,-2.408193308E-1,4.208942771E-2,3.878775924E-1
4.674641371E1,2.035655139E-1,-1.342023700E-1,2.631796682E-1,3.587655674E-1
4.675638071E1,-2.997375933E-2,-9.198196471E-2,4.088203615E-1,4.201109330E-1
4.676634771E1,-6.699054474E-2,-3.165331721E-2,4.500648665E-1,4.561228449E-1
4.677631471E1,-1.008595364E-2,1.657042444E-2,4.235021353E-1,4.239461806E-1
4.678628171E1,1.209856892E-1,-5.327164292E-2,3.059210604E-1,3.332613091E-1
4.679624971E1,2.536024040E-1,-1.538975465E-1,1.738956088E-1,3.438579895E-1
4.680621671E1,2.738507271E-1,-1.987293184E-1,1.064690262E-1,3.547156837E-1
4.681618371E1,1.340883493E-1,-2.969947010E-1,3.754146338E-2,3.280166144E-1
4.682615071E1,-4.307139449E-2,-3.476959080E-1,-1.015778303E-2,3.505007418E-1
4.683611871E1,-2.490657687E-1,-3.518088394E-1,3.976106644E-3,4.310673104E-1
4.684608571E1,-3.745827211E-1,-2.793548208E-1,4.619475782E-2,4.695586082E-1
4.685605271E1,-4.049686544E-1,-1.841381764E-1,9.549672604E-2,4.550012129E-1
4.686601971E1,-3.871147661E-1,-1.291866285E-1,1.607668555E-1,4.386262748E-1
4.687598771E1,-2.738669897E-1,-1.416447061E-1,2.555350184E-1,4.004553614E-1
4.688595471E1,-7.415468127E-2,-1.702159560E-1,2.903967029E-1,3.446775790E-1
4.689592171E1,4.673599072E-2,-1.854894680E-1,3.062485045E-1,3.610799663E-1
4.690588871E1,5.804150909E-2,-2.686813134E-1,3.976399004E-1,4.834004089E-1
4.691585571E1,-5.351371765E-2,-3.693130642E-1,5.047217149E-1,6.276940870E-1
4.692582371E1,-1.892317591E-1,-3.165384346E-1,5.757045740E-1,6.836965670E-1
4.693579071E1,-3.442735326E-1,-2.946827120E-1,5.018068779E-1,6.761451831E-1
4.694575771E1,-4.734823074E-1,-2.194886881E-1,4.076778156E-1,6.622401233E-1
4.695572471E1,-1.063111002E0,1.671175164E-1,-3.544217262E0,3.703999091E0
4.696569271E1,-9.012007237E-1,1.127834344E0,-4.781170006E0,4.994372801E0
4.697565971E1,-3.328537012E-1,8.719853300E-1,-2.781030489E0,2.933475854E0
4.698562671E1,-1.783049941E-1,1.676946366E-1,-1.439210857E0,1.459877410E0
4.699559371E1,-3.892003217E-1,-2.726550812E-1,8.610101062E-1,9.834409422E-1
4.700556071E1,-1.090865469E0,-4.438083458E-1,2.800896989E0,3.038416901E0
4.701552871E1,-1.548839280E0,-5.146485329E-1,3.740702419E0,4.081252359E0
4.702549571E1,-7.693434526E-1,-6.041729128E-1,2.563582479E0,2.743878530E0