"Time (s)","Linear Acceleration x (m/s^2)","Linear Acceleration y (m/s^2)","Linear Acceleration z (m/s^2)","Absolute acceleration (m/s^2)"
4.993166658E-3,2.936138409E-1,-1.233317018E-1,-3.201028973E-1,4.515369986E-1
1.499516657E-2,5.506720591E-1,1.885022458E-1,-8.844808298E-1,1.058810253E0
2.499716659E-2,7.584797645E-1,3.227245695E-1,-1.461327365E0,1.677772442E0
3.499916662E-2,7.795186311E-1,-1.057360046E0,-1.350532569E0,1.884037628E0
4.500116664E-2,5.263517350E-1,-2.291398976E0,-1.483684194E0,2.780085287E0
5.500316666E-2,8.503857154E-1,-4.614451927E-1,-3.936192380E0,4.053356385E0
6.500516657E-2,8.138382787E-1,-1.395967554E-1,-2.951030683E0,3.064376297E0
7.500687498E-2,-2.723364079E-1,-2.836103367E0,1.168929160E0,3.079617640E0
8.500887500E-2,-1.948305119E0,-9.930070527E-1,3.531424139E0,4.153662516E0
9.500987490E-2,-1.182495285E0,1.279003580E0,1.833814298E0,2.529233112E0
1.050118749E-1,4.734385264E-1,-8.859554976E-1,9.467949579E0,9.521088720E0
1.150138750E-1,-5.157641816E-1,2.644145124E0,-5.427724707E-1,2.748111731E0
1.250158750E-1,6.470335883E-1,4.237483908E0,-8.786260128E-1,4.375717770E0
1.350178750E-1,9.015640551E-1,4.758900300E0,4.646475885E0,6.711906433E0
1.450198749E-1,-1.140037483E0,7.476665816E-1,3.123066292E0,3.407672790E0
1.550218749E-1,-1.199714751E0,-8.315544650E-2,2.250150086E0,2.551353703E0
1.650238750E-1,9.961088544E-1,6.259746218E-1,8.058831418E-1,1.426017081E0
1.750258750E-1,1.047700008E0,-6.782411284E-1,-1.176832842E0,1.715407203E0
1.850278750E-1,1.849185458E0,2.006116467E-1,-1.581359008E0,2.441398821E0
1.950298749E-1,1.469186023E0,8.440820514E-1,-2.624633843E-1,1.714604650E0
2.050318749E-1,3.491313994E-1,4.945551610E-1,-5.430379343E-1,8.132451902E-1
2.150338750E-1,4.117778832E-1,9.784363029E-1,-2.217947130E0,2.458899774E0
2.250358750E-1,-4.510021752E-1,5.566631893E-1,6.910689694E-1,9.954160883E-1
2.350378749E-1,-2.502297227E0,-2.304241216E0,-1.258736545E0,3.627042416E0
2.450398749E-1,-3.200299240E0,-4.523169801E0,-3.059520507E-1,5.549287066E0
2.550418749E-1,-1.358240368E0,-4.175932023E0,2.833394644E0,5.226026250E0
2.650438750E-1,6.971296084E-1,-2.932567807E0,4.412724084E-1,3.046418384E0
2.750458750E-1,1.781650118E0,-1.582793622E0,-5.235754770E-1,2.440009031E0
2.850478749E-1,8.814508027E-1,-3.003706275E-1,-2.303949732E0,2.485027646E0
2.950498749E-1,3.066560555E-1,1.284070923E0,-4.614488107E0,4.799622544E0
3.050518750E-1,-3.564801800E-1,2.462342618E0,-5.482638833E0,6.020758911E0
3.150538750E-1,-1.119375762E0,2.349270477E0,-3.619223590E0,4.457673527E0
3.250558750E-1,-1.622626317E0,1.614241995E0,5.640259302E-1,2.357290528E0
3.350578749E-1,-1.304120879E0,1.376225380E0,4.606396145E0,4.981326431E0
3.450598749E-1,-5.417918926E-1,1.665476175E0,4.396419708E0,4.732425973E0
3.550618750E-1,1.018818855E-1,1.641207161E0,2.333366489E0,2.854564772E0
3.650638750E-1,-4.941844475E-1,2.867823050E0,-9.711336422E0,1.013798217E1
3.750648750E-1,-1.501898856E0,-1.730077237E0,-1.294366437E1,1.314485887E1
3.850668749E-1,-2.298416512E0,-4.028846482E0,-1.071972969E0,4.760614297E0
3.950688749E-1,-1.040000394E0,-8.832828815E-1,5.374162458E0,5.544674164E0
4.050708750E-1,2.196639876E0,3.971905419E0,4.638822464E0,6.489987154E0
4.150728750E-1,3.765791652E0,7.073406596E0,3.183789042E0,8.622689853E0
4.250748750E-1,4.214492948E0,9.703099449E0,1.357555659E0,1.066560111E1
4.350768749E-1,3.717247483E0,7.867606416E0,4.645640318E0,9.864032316E0
4.450788749E-1,4.093047448E0,4.146478136E0,4.763895577E0,7.526022815E0
4.550808750E-1,4.481318355E0,1.489887067E0,4.747385963E0,6.696241569E0
4.650828750E-1,4.031623617E0,1.131652722E0,3.401541107E0,5.394915086E0
4.750848749E-1,2.320355265E0,1.178810662E0,3.046633244E-1,2.620393649E0
4.850868749E-1,1.696224636E-1,5.517122787E-1,4.360917753E-1,7.234184509E-1
4.950888749E-1,-2.488466223E0,-2.297283029E0,9.683659211E0,1.025881227E1
5.050908750E-1,-2.825368756E-1,-3.197022168E0,1.023881842E1,1.073005967E1
5.150928750E-1,2.061208422E0,-4.378213817E0,1.423360809E1,1.503372661E1
5.250948749E-1,3.154848833E0,-4.799143762E0,6.111130900E0,8.386344429E0
5.350968749E-1,5.445462821E0,-3.851860912E0,-1.037572630E1,1.233473121E1
5.450988750E-1,6.595058162E0,-2.158723899E0,-1.650375682E1,1.790332009E1
5.551008750E-1,2.999798216E0,-2.944368365E0,-2.045297797E1,2.088043108E1
5.651028750E-1,2.144072823E0,-3.145242442E0,-8.705891903E0,9.501692066E0
5.751048749E-1,2.028758714E0,-2.068853071E-1,-5.554364288E0,5.916893281E0
5.851068749E-1,1.971272398E0,5.094035804E-1,-3.146853350E0,3.748078559E0
5.951088750E-1,2.522710442E0,1.792015184E0,-3.002732933E0,4.311819971E0
6.051108750E-1,8.730179483E-1,2.518647212E-1,-2.566871538E0,2.722944302E0
6.151128750E-1,1.620939980E0,1.087889090E-1,3.215318983E0,3.602437732E0
6.251138749E-1,2.754351983E0,5.998202455E-1,3.808282784E0,4.738064682E0
6.351168749E-1,7.349499840E-1,-1.780512249E-1,5.303426936E0,5.357069253E0
6.451178750E-1,-3.394986963E-1,-5.602860510E-1,3.603122113E0,3.662194531E0
6.551198750E-1,-1.115262830E-1,-1.350266813E0,7.847084735E-1,1.565703026E0
6.651218750E-1,-2.616927212E-1,-2.125149771E0,-1.042192661E0,2.381367291E0
6.751238749E-1,-1.179488647E-1,-1.855619150E0,-2.502021239E0,3.117265571E0
6.851258749E-1,-1.090143192E-1,-1.188508562E0,-2.665113532E0,2.920148431E0
6.951278750E-1,-1.511826843E-1,-8.658371289E-1,-1.978461549E0,2.164911139E0
7.051298750E-1,-3.991806418E-1,-6.848868544E-1,-1.286331895E0,1.510981447E0
7.151318749E-1,-5.439734888E-1,-2.032639803E-1,-1.478993119E0,1.588912851E0
7.251338749E-1,-7.947529668E-1,5.865020424E-2,-2.457789391E-1,8.339540824E-1
7.351358749E-1,-1.535327972E0,-1.230233708E-1,3.397377013E-1,1.577272468E0
7.451378750E-1,-2.793889686E0,-3.719033808E-1,5.167919759E-1,2.865520136E0
7.551398750E-1,-3.526421846E0,-4.902447398E-1,8.077887493E-1,3.650823689E0
7.651418749E-1,-2.900155814E0,-4.188109142E-1,3.704499091E-1,2.953563858E0
7.751438749E-1,-1.829835852E0,-3.610374999E-1,6.182097387E-1,1.964899642E0
7.851458750E-1,-9.529546487E-1,-1.544233574E-1,1.734256096E0,1.984845924E0
7.951478750E-1,-5.090030462E-1,-1.585855517E-1,7.915264732E-1,9.543309887E-1
8.051498750E-1,-1.006639105E-1,-2.624047659E-1,1.619825501E0,1.644026806E0
8.151518749E-1,2.489340967E-1,-4.035007109E-1,2.679320512E0,2.720944581E0
8.251538749E-1,6.742699188E-1,-8.699906985E-1,1.938005687E0,2.228764183E0
8.351558750E-1,9.417736030E-1,-1.259489082E0,1.319457395E0,2.052856080E0
8.451578750E-1,7.881157923E-1,-1.569909429E0,7.408088209E-1,1.906446911E0
8.551598750E-1,5.289221710E-1,-1.636991172E0,4.930593701E-1,1.789582717E0
8.651618749E-1,4.592730618E-1,-1.465635009E0,6.894147190E-1,1.683541024E0
8.751638749E-1,1.422627568E-2,-1.844144574E0,-2.092793765E-1,1.856035952E0
8.851658750E-1,-6.668685132E-1,-2.900338832E0,-4.269923383E0,5.204702167E0
8.951668750E-1,-1.348307118E0,-3.054008337E0,-1.360181293E1,1.400550656E1
9.051688750E-1,4.195365536E-1,-5.193906248E-2,-6.809978713E-1,8.015401966E-1
9.151708749E-1,-8.795071882E-1,2.093743207E-1,-1.034205949E0,1.373663877E0
9.251728749E-1,8.861981571E-1,2.286479714E0,8.676143901E-1,2.601171156E0
9.351748750E-1,2.297207308E-1,2.349753311E0,4.670116178E0,5.232981688E0
9.451768750E-1,-8.510938132E-1,2.135192949E0,5.626483262E-2,2.299255388E0
9.551788749E-1,-7.616612345E-1,1.676492914E0,6.179217634E-1,1.942313989E0
9.651808749E-1,-3.752836561E-1,6.217145598E-1,-2.322737713E-1,7.624420773E-1
9.751828749E-1,-2.466981214E-1,-4.919443061E-1,3.198947364E-1,6.365546370E-1
9.851848750E-1,6.089933574E-1,-5.294170647E-1,7.039854687E-1,1.070864547E0
9.951868750E-1,1.109787498E0,1.381127686E-1,-1.201549607E0,1.641470342E0
1.005188875E0,1.479194117E0,1.132534774E0,-8.540618598E-1,2.049407698E0
1.015190875E0,1.443432546E0,1.319800626E0,9.279063463E-1,2.164805164E0
1.025192875E0,1.059648793E0,1.015058438E0,2.508608127E0,2.906254279E0
1.035194875E0,2.084768023E0,1.210690340E0,1.740883330E0,2.973668370E0
1.045196875E0,1.919194756E0,1.144937888E0,6.725525916E-1,2.333777682E0
1.055198875E0,1.599090689E-1,1.621778763E0,1.979124916E0,2.563722430E0
1.065200875E0,8.698739004E-1,1.961655774E0,1.674481764E-1,2.152397006E0
1.075202917E0,5.783071697E-1,1.401725234E0,-6.705592757E-1,1.657987502E0
1.085204917E0,4.800704384E-1,7.281341770E-1,6.891154146E-1,1.111542649E0
1.095206917E0,9.847237408E-1,-5.887576059E-1,1.073594402E0,1.571280148E0
1.105208917E0,-8.440157586E-1,-2.348528904E0,-2.011081411E0,3.205058355E0
1.115210917E0,-3.106862488E0,-3.200232582E0,-1.461869548E0,4.693734726E0
1.125212917E0,-1.563225623E0,-1.642207181E0,-7.899521104E-1,2.400946294E0
1.135213917E0,-8.985761279E-1,-1.479805297E0,-1.801922414E0,2.498837162E0
1.145215917E0,-1.176255137E0,-1.551633225E0,-1.467579500E0,2.438223001E0
1.155217917E0,-3.660772151E-1,-2.695393923E-1,4.842421344E-1,6.641945921E-1
1.165219917E0,-7.948786819E-1,5.505513506E-1,1.306687514E0,1.625537194E0
1.175221917E0,-1.652200364E0,6.299524096E-1,1.142828651E0,2.105389135E0
1.185223917E0,-1.017516680E0,1.807061825E0,1.338514055E0,2.468285338E0
1.195225917E0,1.651586992E-1,3.187797601E0,1.361991211E0,3.470497227E0
1.205227917E0,-1.183108073E-1,3.290079728E0,3.093235552E-1,3.306705782E0
1.215229917E0,3.327533484E-2,1.840119497E0,-2.613093193E0,3.196154415E0
1.225231917E0,1.603588368E0,6.460281596E-1,-5.809675943E0,6.061450536E0
1.235233917E0,3.702983201E-1,1.854586532E0,-3.813669823E0,4.256840327E0
1.245235917E0,-1.941173855E0,3.262980223E0,-2.606185293E0,4.605149037E0
1.255237917E0,-9.375881660E-1,2.765158807E0,5.524835265E-1,2.971601057E0
1.265239917E0,-1.536591555E0,1.558638774E0,-6.746621208E-1,2.290335655E0
1.275241917E0,-1.307262003E0,5.226258892E-1,-4.141699791E-2,1.408469784E0
1.285243917E0,-1.224718614E0,1.008070796E0,3.888141131E-1,1.633192832E0
1.295245917E0,-5.806513184E-1,3.042518850E0,4.873296104E-1,3.135532978E0
1.305247917E0,9.184338570E-2,3.014047880E0,2.307590355E0,3.797090080E0
1.315249917E0,-3.301244402E-1,1.100414118E0,2.134720348E0,2.424236857E0
1.325251917E0,-1.164122164E0,6.840164233E-1,-6.699790858E-1,1.507292558E0
1.335253917E0,-6.991498214E-1,7.130653176E-1,-1.298043868E0,1.637739449E0
1.345255917E0,8.929932064E-1,7.929563367E-1,-3.737714200E-1,1.251367929E0
1.355257917E0,2.272874705E0,2.822760167E-1,5.936922173E-1,2.366032464E0
1.365259917E0,2.505144821E0,-8.557015653E-1,9.855153076E-1,2.824750638E0
1.375260917E0,2.430761222E0,-2.497579401E0,2.144812350E0,4.092276017E0
1.385262917E0,2.161824970E0,-4.063145372E0,1.078224812E0,4.727071637E0
1.395264917E0,2.878444517E0,-3.376258332E0,1.135020572E-1,4.438180469E0
1.405266917E0,3.740900055E0,-4.316794079E0,-4.848787208E0,7.492648512E0
1.415268917E0,3.701136650E0,-6.096491811E0,-3.220503417E0,7.825424408E0
1.425270917E0,1.640832793E0,-6.549315979E0,3.164040656E0,7.456341282E0
1.435272917E0,2.629247296E-1,-7.305307168E0,4.985911431E0,8.848500158E0
1.445274917E0,1.433011054E0,-1.092958041E1,2.100808105E-1,1.102512506E1
1.455276917E0,5.050289276E0,-1.364946774E1,-5.001086125E0,1.538909529E1
1.465278917E0,3.975285110E0,-1.121987947E1,-1.543928057E-1,1.190430276E1
1.475280917E0,3.033989809E0,-6.388872474E0,3.777255118E0,8.018132070E0
1.485282917E0,4.013085605E0,-5.201591828E0,9.327919874E0,1.140927267E1
1.495284917E0,2.351978177E0,-4.049811089E0,5.863680827E0,7.504366998E0
1.505286917E0,-8.674607545E-1,1.053209327E0,-3.573650099E0,3.825272942E0
1.515288917E0,-5.127875980E0,2.270089530E0,-2.409741066E0,6.103709573E0
1.525290917E0,-4.963133018E0,2.036153103E0,7.080777011E0,8.883468461E0
1.535292917E0,-5.489221628E0,2.289046934E0,1.340936469E1,1.466909511E1
1.545294917E0,-1.770015913E0,8.908078095E-1,1.188165096E1,1.204575131E1
1.555296917E0,-9.928905469E-1,-2.988860706E0,4.303011607E0,5.332450548E0
1.565298917E0,1.008556992E0,-2.933053711E0,3.215620115E0,4.467684411E0
1.575300917E0,3.347331571E0,-2.144452307E0,1.665832563E0,4.310255500E0
1.585302917E0,1.349780032E0,-4.907468110E0,-1.406100852E0,5.280366369E0
1.595304917E0,5.167786735E-1,-6.676963620E0,-6.839979315E-1,6.731772170E0
1.605305917E0,3.465954620E-1,-6.851288999E0,-6.066976821E0,9.157974509E0
1.615307917E0,2.143272339E0,-5.687550412E0,-1.293455909E1,1.429141927E1
1.625309917E0,1.785550210E0,-4.921357001E0,-1.228212092E1,1.335134594E1
1.635311917E0,-2.143969327E-1,-4.962502688E0,-6.441758201E0,8.134411331E0
1.645313917E0,-5.859851485E-1,-4.883569370E0,-3.918457190E0,6.288635396E0
1.655315917E0,-2.647437984E-1,-4.063381600E0,-3.257246443E0,5.214481153E0
1.665317917E0,-2.174994653E-1,-3.427404512E0,-2.895735903E0,4.492181444E0
1.675319917E0,-1.958454716E-1,-2.563639197E0,-2.569480566E0,3.634945909E0
1.685321917E0,-1.606768084E-1,-1.911214184E0,-2.200074531E0,2.918712839E0
1.695323917E0,5.848034263E-2,-1.518795116E0,-1.665081196E0,2.254474206E0
1.705325917E0,3.975229561E-1,-1.419595056E0,-9.990669608E-1,1.780845141E0
1.715327917E0,8.618480122E-1,-1.642175021E0,-1.240544103E0,2.231248634E0
1.725329917E0,8.097054666E-1,-1.184705533E0,-2.574326738E0,2.947254366E0
1.735331917E0,1.707229096E-1,-1.775694144E-1,-4.099394016E0,4.106788101E0
1.745333917E0,-6.743079257E-1,-2.783803824E-1,-5.263539569E0,5.313853180E0
1.755335917E0,-1.022538269E0,-1.106533230E0,-6.408022106E0,6.582761397E0
1.765337917E0,-5.541961759E-1,-3.322810687E0,-5.598774476E0,6.534101308E0
1.775339917E0,7.733375394E-1,-4.628267655E0,-3.758009008E0,6.011783774E0
1.785341917E0,3.894193000E-1,-2.903582282E0,-4.129060450E0,5.062763836E0
1.795343917E0,-9.998633516E-1,-1.194415711E0,-7.383837029E0,7.546350435E0
1.805345917E0,-2.335962653E-3,-7.032013571E-1,-7.686324019E0,7.718424356E0
1.815347917E0,1.142807309E0,-1.338705406E-1,-7.858813373E0,7.942598913E0
1.825349917E0,2.004909090E0,-6.233666906E-1,-5.361182224E0,5.757648941E0
1.835350917E0,2.923437672E0,-1.414637348E-1,-6.567627704E0,7.190287440E0
1.845352917E0,1.262736041E0,-2.844439158E0,-4.113853011E0,5.158403147E0
1.855354917E0,2.747052319E0,-1.675106539E0,-1.745692080E0,3.660562689E0
1.865356917E0,3.082056261E0,-6.727256691E-1,-4.533296009E0,5.522898091E0
1.875358917E0,1.882473657E0,-5.461660485E-1,-4.644222368E0,5.040913194E0
1.885360917E0,1.406739514E0,-1.068729665E0,-3.791282004E0,4.182692720E0
1.895362917E0,1.441816961E0,-1.560142386E0,-4.950892457E0,5.387412786E0
1.905364917E0,7.569776148E-1,-1.316340683E0,-5.445198526E0,5.652959835E0
1.915366917E0,8.808298284E-1,-6.730235848E-1,-5.313513383E0,5.427913632E0
1.925368917E0,9.487352979E-1,-6.570190246E-1,-5.570361686E0,5.688646761E0
1.935370917E0,6.124344438E-1,-5.495669353E-1,-5.280740908E0,5.344466700E0
1.945372917E0,3.431479436E-1,-5.151787291E-1,-5.728349944E0,5.761697035E0
1.955374917E0,3.872143149E-2,-1.592410246E-1,-6.292871718E0,6.295005283E0
1.965376917E0,-4.476879734E-1,8.512782928E-1,-7.218731539E0,7.282525955E0
1.975378917E0,-9.630796874E-1,1.951565234E0,-8.036380448E0,8.325835697E0
1.985380917E0,-8.364085311E-1,2.113998692E0,-7.304748759E0,7.650354511E0
1.995382917E0,-1.555897307E-1,1.869166125E0,-6.713259627E0,6.970354724E0
2.005384917E0,2.733275110E-1,1.925416486E0,-5.910751498E0,6.222452880E0
2.015386917E0,1.155952435E0,2.150917574E0,-4.518203176E0,5.135838041E0
2.025388917E0,1.937390122E0,3.175553239E0,-4.026268153E0,5.481647024E0
2.035390917E0,1.845623919E0,3.990063363E0,-4.468329643E0,6.268405147E0
2.045392917E0,1.409863096E0,4.173691370E0,-4.806798352E0,6.520178218E0
2.055393917E0,1.457589240E0,4.084417543E0,-5.149148151E0,6.732069499E0
2.065395917E0,1.402777441E0,3.869172179E0,-5.845790101E0,7.149233512E0
2.075397542E0,1.839921715E0,3.771554668E0,-3.983881102E0,5.786298053E0
2.085399542E0,2.602057158E0,3.764296227E0,-3.354625973E0,5.673988276E0
2.095401542E0,2.977882851E0,3.783147065E0,-3.046486186E0,5.697461371E0
2.105403542E0,3.135477592E0,3.848350244E0,-2.899150385E0,5.748573065E0
2.115405542E0,3.437902018E0,4.322218833E0,-3.150777124E0,6.358312859E0
2.125407542E0,3.679070427E0,3.969380007E0,-3.053348478E0,6.214054536E0
2.135409542E0,3.725998426E0,3.963070276E0,-2.809292129E0,6.122182009E0
2.145411542E0,3.865855054E0,3.736727482E0,-2.383753408E0,5.881347455E0
2.155413542E0,3.862418645E0,3.042418278E0,-2.126961823E0,5.357103076E0
2.165415542E0,3.257488518E0,2.605625714E0,-2.564709238E0,4.896759161E0
2.175417542E0,2.948597072E0,2.253000896E0,-2.231722001E0,4.330221798E0
2.185419542E0,2.732820781E0,2.156066632E0,-1.892367731E0,3.962068698E0
2.195421542E0,2.284299579E0,1.899975982E0,-1.701199155E0,3.423742377E0
2.205423542E0,2.452926262E0,1.317023930E0,-7.395441413E-1,2.880681311E0
2.215425542E0,2.143250704E0,-8.812009804E-2,1.868185401E-2,2.145142826E0
2.225427542E0,1.158073220E0,-2.438683906E0,1.850632060E-1,2.706023128E0
2.235429542E0,-2.158107895E-1,-5.408583262E0,9.198520991E-1,5.490489512E0
2.245431542E0,-2.240176490E0,-6.369005975E0,1.938141489E-1,6.754272110E0
2.255433542E0,-4.281613137E0,-5.482068145E0,-9.290898228E-1,7.017726847E0
2.265434542E0,-4.630473225E0,-2.786688840E0,2.328992772E-1,5.409358470E0
2.275436542E0,-1.035113642E1,-5.699131992E0,2.019838786E-1,1.181807633E1
2.285438542E0,-1.252265783E1,-6.865206542E0,-2.031501642E0,1.442480568E1
2.295440542E0,-9.499571906E0,-3.458707288E0,-3.203465800E0,1.060503256E1
2.305442542E0,-6.578710517E0,-3.759182617E-1,-4.384981384E0,7.915100021E0
2.315444542E0,-5.976628568E0,-3.397664257E-1,-5.919320008E0,8.418662579E0
2.325446542E0,-6.844612648E0,-8.526950001E-1,-7.552108201E0,1.022791031E1
2.335448542E0,-7.123627161E0,-1.018180486E0,-8.089001881E0,1.082657411E1
2.345450542E0,-6.149401512E0,-1.210561701E0,-7.476611291E0,9.756039923E0
2.355452542E0,-5.481947107E0,-1.533237593E0,-7.059308374E0,9.068428547E0
2.365454542E0,-5.147374105E0,-1.500414248E0,-6.222770619E0,8.213986686E0
2.375456542E0,-4.369379259E0,-1.853505089E0,-4.242791133E0,6.366178824E0
2.385458542E0,-4.091666921E0,-2.512292458E0,-2.873502743E0,5.595566959E0
2.395460542E0,-4.704558617E0,-3.063950357E0,-2.555978468E0,6.168767259E0
2.405462542E0,-5.538139434E0,-2.628038384E0,-2.298753019E0,6.546895416E0
2.415464542E0,-5.790453807E0,-1.016089211E-1,-2.097576641E0,6.159505453E0
2.425466542E0,-5.492183828E0,3.184278162E0,-1.801756353E0,6.599245151E0
2.435468542E0,-4.067783968E0,5.088922999E0,-2.700039536E-2,6.514962220E0
2.445470542E0,-3.754712348E0,6.006090349E0,-4.010871264E-1,7.094494836E0
2.455472542E0,-3.301815675E0,7.183094514E0,-2.782292318E-1,7.910514841E0
2.465474542E0,-1.843854552E0,8.815065851E0,-1.396753639E-2,9.005852578E0
2.475475542E0,1.831991136E-1,1.015753511E1,-2.940386412E-1,1.016344135E1
2.485477542E0,4.260760796E0,1.162415362E1,2.106510894E0,1.255836049E1
2.495479542E0,7.336526622E0,1.032147116E1,3.559300447E0,1.315393513E1
2.505481542E0,8.349464348E0,6.198861355E0,4.873696054E0,1.148443948E1
2.515483542E0,9.047997873E0,4.782791146E0,4.225671947E0,1.107238276E1
2.525485542E0,8.926226099E0,3.797646114E0,4.856070499E0,1.084808965E1
2.535487542E0,7.207139434E0,2.456062124E0,4.237732707E0,8.713981781E0
2.545489542E0,5.881839355E0,1.917808089E0,3.318591629E0,7.020475231E0
2.555491542E0,5.284714676E0,1.757842887E0,2.940942189E0,6.298203060E0
2.565493542E0,5.665410515E0,9.935239466E-1,4.112181585E0,7.070643784E0
2.575495542E0,5.434613312E0,5.271254678E-1,4.859607480E0,7.309491636E0
2.585497542E0,5.273637126E0,7.997888812E-1,5.460980161E0,7.633689483E0
2.595499542E0,5.156802156E0,-1.741869755E0,6.753307207E0,8.673746419E0
2.605501542E0,3.285485571E0,-2.699743082E0,4.655215133E0,6.305081767E0
2.615503542E0,2.719690858E0,-2.166608284E-1,3.199587634E0,4.204880653E0
2.625505542E0,3.312633024E0,2.111372123E0,4.782070769E0,6.188669537E0
2.635507542E0,3.946979908E0,3.080369924E0,5.312487781E0,7.299990116E0
2.645509542E0,4.713882002E0,3.902587262E0,4.483716883E0,7.586474014E0
2.655511542E0,5.230375332E0,4.692971190E0,3.423481907E0,7.816714979E0
2.665513542E0,5.554290614E0,5.191046374E0,3.409738611E0,8.332072016E0
2.675515542E0,5.718281624E0,5.339243470E0,4.062875816E0,8.815510505E0
2.685517542E0,6.112406178E0,5.096068881E0,4.677280479E0,9.230838532E0
2.695518542E0,6.142015893E0,4.500042309E0,3.585321434E0,8.416012702E0
2.705520542E0,4.536354103E0,3.953958853E0,1.516146474E0,6.205723107E0
2.715522542E0,5.142208675E0,3.372803212E0,3.261455561E0,6.960977226E0
2.725524542E0,4.891584148E0,1.786593938E0,3.134710145E0,6.078315645E0
2.735526542E0,4.095223197E0,6.562832987E-1,1.333414553E0,4.356553130E0
2.745528542E0,5.292673321E0,1.420530172E0,3.633272696E-1,5.492021810E0
2.755530542E0,6.158102753E0,1.805860514E0,9.324472940E-1,6.484814544E0
2.765532542E0,5.988629978E0,1.349886744E0,1.755645357E0,6.384995995E0
2.775534542E0,5.594749838E0,9.895251819E-1,1.732887555E0,5.939973494E0
2.785536542E0,6.945553717E0,8.697069624E-1,2.239884714E0,7.349434684E0
2.795538542E0,8.233747365E0,8.380901903E-1,1.827824410E0,8.475726100E0
2.805540542E0,7.150807359E0,-6.818379700E-2,2.699402189E-1,7.156225446E0
2.815542542E0,5.340805262E0,-2.044666649E0,4.824445541E-1,5.739130186E0
2.825544542E0,3.928080538E0,-1.316799105E0,-1.978562121E0,4.591131087E0
2.835546542E0,2.680599298E0,-1.886922804E-1,-3.754853851E0,4.617374233E0
2.845548542E0,1.340975879E0,-4.655026853E-1,-4.130950270E0,4.368026922E0
2.855550542E0,-1.551921201E-1,-1.466362402E0,-4.874565243E0,5.092709455E0
2.865552542E0,-3.022766079E0,-1.470891656E0,-8.564841274E0,9.200931642E0
2.875554542E0,-9.426466507E0,1.141473852E0,-1.207415768E1,1.536055067E1
2.885556542E0,-1.893992906E1,4.837866948E0,-1.269752934E1,2.330993609E1
2.895558542E0,-2.410053190E1,8.344036378E0,-6.377459879E0,2.628936241E1
2.905559542E0,-2.141346734E1,1.010085688E1,1.055790946E0,2.369975923E1
2.915561542E0,-2.628885236E1,-2.855185463E0,2.961435803E0,2.660875692E1
2.925563542E0,-2.010451900E1,-6.675242785E0,2.220869422E0,2.129983125E1
2.935565542E0,-1.114686061E1,-3.150439448E0,4.543417540E0,1.244268512E1
2.945567542E0,-7.691768362E0,-2.142516879E0,4.587423685E0,9.208590292E0
2.955569542E0,-5.233214155E0,-2.213894425E0,1.510827262E0,5.879664780E0
2.965571542E0,-4.246567850E0,-6.136959806E-1,-5.824493372E-1,4.330035622E0
2.975573542E0,-6.063269686E0,-3.891544211E-1,-2.044433345E0,6.410490477E0
2.985575542E0,-9.086533948E0,-1.493983187E0,-6.940091833E0,1.153091322E1
2.995577542E0,-1.081392600E1,-2.715335852E0,-1.069515618E1,1.544993236E1
3.005579542E0,-1.091169963E1,-3.171871540E0,-1.087317583E1,1.572742543E1
3.015581542E0,-9.991406357E0,-2.547202089E0,-6.234228823E0,1.204915136E1
3.025583542E0,-7.869741234E0,-1.722550555E0,-3.225897473E0,8.677927288E0
3.035585542E0,-5.685830162E0,-1.453848484E0,-1.898668106E0,6.168247775E0
3.045587542E0,-4.207770989E0,-1.446140684E0,-9.374726835E-1,4.547033605E0
3.055589542E0,-3.092318124E0,-1.596464120E0,-4.005678937E-1,3.503082030E0
3.065591542E0,-2.705061709E0,-1.616883474E0,-3.926609963E-1,3.175823307E0
3.075593250E0,-1.800988614E0,-1.340996345E0,7.573144144E-1,2.369674304E0
3.085595250E0,-8.399753326E-1,-1.156826009E0,1.689253293E0,2.213002861E0
3.095597250E0,-2.082491702E-1,-7.384913501E-1,2.023628951E0,2.164211478E0
3.105598250E0,4.189869153E-1,-1.725943109E-1,2.299582447E0,2.343804228E0
3.115600250E0,1.076501053E0,-3.673402137E-1,2.851080133E0,3.069601159E0
3.125602250E0,1.493219249E0,-2.106313258E-2,3.338781480E0,3.657541408E0
3.135604250E0,1.982137694E0,4.309982657E-1,4.245066577E0,4.704808135E0
3.145606250E0,2.272249637E0,5.858360445E-1,4.691420508E0,5.245545603E0
3.155608250E0,2.443193572E0,7.208099547E-1,4.950158046E0,5.567120127E0
3.165610250E0,2.788039547E0,7.968719977E-1,5.129045423E0,5.891967112E0
3.175612250E0,3.238245331E0,8.550602719E-1,5.562203650E0,6.492724416E0
3.185614250E0,3.784956486E0,9.126076913E-1,5.544825726E0,6.775237319E0
3.195616250E0,3.899524491E0,7.048005706E-1,5.299348503E0,6.617108859E0
3.205618250E0,4.246729233E0,2.915503585E-1,5.470283666E0,6.931357311E0
3.215620250E0,4.737491305E0,3.533402252E-1,4.839475517E0,6.781533488E0
3.225622250E0,5.307183187E0,6.269355386E-1,4.425485632E0,6.938599616E0
3.235624250E0,5.934596443E0,9.095510593E-1,4.107726591E0,7.274622727E0
3.245626250E0,6.709741942E0,1.391866829E0,4.114125491E0,7.992744131E0
3.255628250E0,6.649252496E0,1.239954412E0,3.611160865E0,7.667498190E0
3.265630250E0,6.891065853E0,1.128814337E0,2.219998041E0,7.327305214E0
3.275632250E0,8.450366240E0,2.079821571E0,2.727784866E0,9.120041537E0
3.285634250E0,9.019005039E0,2.528257988E0,2.744582455E0,9.760495540E0
3.295636250E0,9.426816171E0,2.677690893E0,3.165032636E0,1.029817087E1
3.305638250E0,9.682729504E0,2.543947822E0,3.610320035E0,1.064243073E1
3.315640250E0,9.837608213E0,2.190565789E0,3.550733107E0,1.068572971E1
3.325641250E0,9.734563901E0,1.700673782E0,3.735770585E0,1.056456376E1
3.335643250E0,9.562746393E0,1.289606336E0,4.013482046E0,1.045070530E1
3.345645250E0,9.257896543E0,9.239749709E-1,3.160095832E0,9.825913892E0
3.355647250E0,9.141129400E0,1.064348785E0,8.353424375E-1,9.240718697E0
3.365649250E0,9.541651393E0,1.327203932E0,3.923854463E-1,9.641501332E0
3.375651250E0,9.671173652E0,9.779213825E-1,9.847095613E-1,9.770239657E0
3.385653250E0,9.736890509E0,6.672073594E-1,5.410126050E-1,9.774707007E0
3.395655250E0,9.695245469E0,5.809208751E-1,-2.750693965E-1,9.716528029E0
3.405657250E0,9.673273387E0,4.097480223E-1,-2.032281661E-1,9.684080398E0
3.415659250E0,9.541485332E0,4.598630458E-2,2.215441306E-1,9.544167794E0
3.425661250E0,9.015798426E0,-5.884374708E-1,9.206806496E-2,9.035449985E0
3.435663250E0,8.721691664E0,-9.257557404E-1,1.184607446E0,8.850323383E0
3.445665250E0,8.292499604E0,-1.887247909E0,1.480736028E0,8.632487100E0
3.455667250E0,6.295970743E0,-3.323289867E0,-1.244236035E0,7.227145110E0
3.465669250E0,2.674483695E0,-5.220093588E0,-2.971615806E0,6.575160880E0
3.475671250E0,-5.296098036E0,-1.086816477E1,-4.314962146E0,1.283684378E1
3.485673250E0,-1.420537773E1,-1.410420336E1,-7.181202940E0,2.126713391E1
3.495675250E0,-2.556944369E1,-9.627759245E0,-1.481517450E1,3.108021226E1
3.505677250E0,-4.013153666E1,-3.437657019E-1,-2.288057117E1,4.619717466E1
3.515679250E0,-4.328570722E1,-3.303764844E0,-2.095614491E1,4.820505493E1
3.525680250E0,-3.893291359E1,-5.683381348E0,-8.748004135E0,4.030632904E1
3.535682250E0,-2.647321039E1,-2.789069241E-1,2.250726914E0,2.657017932E1
3.545684250E0,-1.232359171E1,4.237634766E0,3.788203445E-1,1.303732971E1
3.555686250E0,-5.912536653E0,5.696772056E0,-1.279417562E0,8.309525307E0
3.565688250E0,-2.804675460E0,6.502144736E0,-1.627319585E0,7.265828214E0
3.575690250E0,-5.400977789E0,5.014746391E0,-1.975504905E0,7.630259633E0
3.585692250E0,-9.604123630E0,9.542736344E-1,-7.938988055E0,1.249709407E1
3.595694250E0,-7.997847882E0,2.028472200E-1,-1.341203687E1,1.561696035E1
3.605696250E0,-6.547149585E0,2.287430763E-1,-9.004582297E0,1.113552843E1
3.615698250E0,-5.015599499E0,7.947272390E-2,-3.646055586E0,6.201312409E0
3.625700250E0,-3.640015120E0,-4.144744729E-1,-7.601590848E-1,3.741569323E0
3.635702250E0,-2.750508024E0,-5.865590528E-1,1.140941463E0,3.034978308E0
3.645704250E0,-1.700441063E0,-6.231664234E-1,2.774227254E0,3.313030796E0
3.655706250E0,-5.363855571E-1,-7.953727716E-1,3.824338068E0,3.942827535E0
3.665708250E0,8.319079292E-1,-2.887819943E-1,4.333506006E0,4.422074191E0
3.675710250E0,2.137439157E0,2.778658274E-1,4.281672778E0,4.793597537E0
3.685712250E0,2.313193595E0,-8.129822463E-2,4.364570509E0,4.940339030E0
3.695714250E0,3.620918114E0,7.519273746E-1,4.093094811E0,5.516327392E0
3.705716250E0,4.318489187E0,1.502486501E0,4.838267482E0,6.656999832E0
3.715718250E0,4.707923105E0,1.934851846E0,4.639907123E0,6.887447258E0
3.725719250E0,5.163593112E0,2.425411312E0,4.512281701E0,7.273651078E0
3.735721250E0,5.277555930E0,2.436221059E0,4.599067245E0,7.412097488E0
3.745723250E0,5.347855250E0,2.369219569E0,4.519637498E0,7.391879345E0
3.755725250E0,5.549214646E0,2.461156803E0,4.574734642E0,7.601267857E0
3.765727250E0,5.762489498E0,2.640438282E0,4.489177598E0,7.767297795E0
3.775729250E0,5.933761461E0,2.892764641E0,4.450434532E0,7.961405646E0
3.785731250E0,5.986497499E0,2.949383522E0,4.260995269E0,7.917897205E0
3.795733250E0,5.972163634E0,2.871804712E0,4.206968166E0,7.849368250E0
3.805735250E0,6.216448025E0,2.924319432E0,4.110676511E0,8.005843589E0
3.815737250E0,6.611901652E0,3.067337065E0,4.207976811E0,8.416226527E0
3.825739250E0,6.973090010E0,3.251666153E0,4.432737056E0,8.879553754E0
3.835741250E0,7.154667106E0,3.257647270E0,4.443686552E0,9.030386332E0
3.845743250E0,7.428161847E0,3.206095585E0,4.304937095E0,9.164557857E0
3.855745250E0,7.940959736E0,3.328185156E0,4.094158712E0,9.534033434E0
3.865747250E0,8.392586979E0,3.531694281E0,3.995408303E0,9.943423364E0
3.875749250E0,8.865365939E0,3.656715353E0,3.957779131E0,1.037450221E1
3.885751250E0,9.154316626E0,3.587312411E0,3.983870869E0,1.060856024E1
3.895753250E0,9.063056207E0,3.343452820E0,3.842280250E0,1.039619075E1
3.905755250E0,8.544346198E0,2.742214333E0,2.947926104E0,9.445414746E0
3.915757250E0,8.790942578E0,2.432860080E0,2.025875744E0,9.343642337E0
3.925759250E0,8.656980529E0,2.366455006E0,9.184749337E-1,9.021475344E0
3.935760250E0,8.646218144E0,2.451791902E0,9.393902779E-2,8.987613491E0
3.945762250E0,8.472640623E0,2.395648399E0,7.816674829E-2,8.805162147E0
3.955764250E0,8.279166198E0,2.252053647E0,1.483263195E-1,8.581278416E0
3.965766250E0,7.957713763E0,1.936475910E0,2.196157189E-1,8.192885838E0
3.975768250E0,7.969339197E0,1.847592969E0,-1.902508557E-1,8.182918942E0
3.985770250E0,8.001533382E0,1.663378487E0,-6.469954352E-1,8.198168548E0
3.995772250E0,7.633634759E0,1.146140222E0,-1.014020484E0,7.785515692E0
4.005774250E0,7.282669673E0,5.742161652E-1,-1.286514913E0,7.417689828E0
4.015776250E0,6.147752597E0,-3.673522004E-1,-2.411256080E0,6.613922097E0
4.025778250E0,4.053052493E0,-9.602130899E-1,-4.300724176E0,5.987108829E0
4.035780250E0,1.037228814E0,-9.469685617E-1,-5.804782408E0,5.972276943E0
4.045782250E0,-4.985423774E-1,-7.761596981E-1,-5.234171344E0,5.314839418E0
4.055784250E0,-4.802773713E0,-2.603449088E0,-4.021164118E0,6.783387307E0
4.065786250E0,-1.119491069E1,-4.189751624E0,-7.205492274E0,1.395704707E1
4.075788250E0,-2.773390517E1,-2.929226416E0,-1.580370595E1,3.205474981E1
4.085790917E0,-4.401477549E1,-9.753466780E0,-1.263965009E1,4.682084290E1
4.095792917E0,-4.531193584E1,-1.970669550E1,-1.302669483E1,5.110009937E1
4.105794917E0,-2.744390433E1,-1.202956681E1,-4.188124344E0,3.025588782E1
4.115796917E0,-1.562394616E1,-3.964101433E0,1.576911908E0,1.619593915E1
4.125797917E0,-9.473782761E0,-1.239531658E0,-7.079109970E-1,9.580716910E0
4.135799917E0,-5.326101853E0,6.794344720E-1,-2.313843806E0,5.846611438E0
4.145801917E0,-2.929355054E0,2.971878346E0,-1.067661525E0,4.307328995E0
4.155803917E0,-9.944945551E0,-1.304597427E0,-7.480160551E0,1.251226272E1
4.165805917E0,-1.188462135E1,-2.998591643E0,-1.530834621E1,1.961074298E1
4.175807917E0,-1.061853661E1,-3.245270761E0,-1.293431818E1,1.704645678E1
4.185809917E0,-1.015338709E1,-3.506740118E0,-5.676789197E0,1.214966795E1
4.195811917E0,-9.370058418E0,-3.687400663E0,-2.218017882E0,1.031089335E1
4.205813917E0,-7.976727154E0,-3.633394025E0,-1.209942993E0,8.848372183E0
4.215815917E0,-6.165405341E0,-2.742039793E0,-1.025663606E0,6.825173337E0
4.225817917E0,-4.114258223E0,-1.814016795E0,-6.871706307E-1,4.548624093E0
4.235819917E0,-2.042048265E0,-6.049780744E-1,2.224198973E-1,2.141361763E0
4.245821917E0,-5.656444395E-1,2.454076409E-1,1.121469650E0,1.279794014E0
4.255823917E0,4.132630759E-1,6.651429999E-1,1.937315277E0,2.089591363E0
4.265825917E0,1.084563194E0,1.217549635E0,2.316421258E0,2.832756940E0
4.275827917E0,2.214905993E0,1.659287775E0,2.924292243E0,4.026230197E0
4.285829917E0,3.121928424E0,1.821470826E0,3.890116613E0,5.310103607E0
4.295831917E0,3.424766248E0,1.253794479E0,2.808257464E0,4.602970175E0
4.305833917E0,5.009719539E0,2.386918506E0,3.807289342E0,6.729793604E0
4.315835917E0,5.529278564E0,2.800612522E0,4.308212998E0,7.548314459E0
4.325836917E0,5.989666690E0,3.118593757E0,3.616093868E0,7.660148102E0
4.335838917E0,6.445247819E0,3.424126855E0,3.801201513E0,8.228912268E0
4.345840917E0,6.654570538E0,3.390397484E0,3.858733437E0,8.406421824E0
4.355842917E0,6.990008928E0,3.457829621E0,3.572086554E0,8.577681088E0
4.365844917E0,7.248811955E0,3.493197674E0,3.448311231E0,8.754344927E0
4.375846917E0,7.494580370E0,3.443779347E0,2.871045743E0,8.733341558E0
4.385848917E0,7.458360377E0,3.158150171E0,2.928249054E0,8.612531250E0
4.395850917E0,7.457202044E0,2.975273239E0,3.057315814E0,8.591233506E0
4.405852917E0,7.729629668E0,3.058329721E0,3.130948047E0,8.882758083E0
4.415854917E0,8.052466723E0,3.067705439E0,3.160311594E0,9.178268157E0
4.425856917E0,8.319545315E0,3.089511461E0,3.070188167E0,9.390738560E0
4.435858917E0,8.371520045E0,3.014775274E0,2.858722444E0,9.345775079E0
4.445860917E0,7.810078585E0,2.539015403E0,2.031943400E0,8.460066234E0
4.455862917E0,8.669043919E0,3.228695951E0,2.401034123E0,9.557288574E0
4.465864917E0,9.180058408E0,3.700414811E0,2.552679469E0,1.022167866E1
4.475866917E0,9.569706919E0,4.000254183E0,2.172845217E0,1.059729118E1
4.485868917E0,9.746774642E0,4.142089508E0,1.858359740E0,1.075221011E1
4.495870917E0,9.496514397E0,4.034648090E0,1.999853295E0,1.051007060E1
4.505872917E0,9.517187228E0,3.898260323E0,1.597354066E0,1.040792132E1
4.515874917E0,9.571349401E0,3.993609114E0,1.000230557E0,1.041921803E1
4.525876917E0,9.410942150E0,3.918196989E0,6.542216436E-1,1.021499416E1
4.535877917E0,9.244347959E0,3.719860896E0,4.320845322E-1,9.974067942E0
4.545879917E0,9.161948996E0,3.567670737E0,3.763162744E-1,9.839268155E0
4.555881917E0,9.139398624E0,3.530127811E0,3.554113821E-1,9.803913853E0
4.565883917E0,8.956174952E0,3.408963270E0,4.560629404E-1,9.593857085E0
4.575885917E0,8.693040308E0,3.169023946E0,6.436848879E-1,9.275019827E0
4.585887917E0,8.535768918E0,2.649983277E0,9.055688131E-1,8.983419018E0
4.595889917E0,8.225492266E0,2.272473586E0,1.015082484E0,8.593791461E0
4.605891917E0,8.506806489E0,2.462453423E0,1.428246742E0,8.970469456E0
4.615893917E0,8.385838707E0,1.791925137E0,1.419506325E0,8.691851628E0
4.625895917E0,8.489771211E0,9.339169917E-1,1.234592807E0,8.629752926E0
4.635897917E0,7.704364434E0,1.584077963E-1,5.809255528E-1,7.727858620E0
4.645899917E0,4.244524248E0,-1.620858119E0,-6.386292391E-1,4.588138450E0
4.655901917E0,-1.310632339E0,-5.243796446E0,-2.703667148E0,6.043589524E0
4.665903917E0,-2.182556507E1,-1.674779037E1,-1.212097165E1,3.006263007E1
4.675905917E0,-4.373645270E1,-9.428696635E0,-3.697737780E1,5.804398405E1
4.685907917E0,-5.287367675E1,-8.677156931E0,-4.908713216E1,7.266681009E1
4.695909917E0,-5.025015271E1,-1.260338566E1,-2.170348690E1,5.616907085E1
4.705911917E0,-3.760196568E1,-1.119951596E1,3.709317782E0,3.940933924E1
4.715913917E0,-2.056650751E1,-7.258197906E0,6.786582541E0,2.284119897E1
4.725914917E0,-6.907666098E0,2.346348185E0,2.003585573E0,7.565418421E0
4.735916917E0,-1.955305406E0,4.365649028E0,-4.323840559E-1,4.803026820E0
4.745918917E0,-2.302759824E0,1.328369282E0,-4.760075006E-1,2.700713035E0
4.755920917E0,-7.007190387E0,-4.125885996E0,-9.146128185E0,1.223827247E1
4.765922917E0,-5.940609135E0,-3.528396451E0,-1.409332988E1,1.569593468E1
4.775924917E0,-4.593157464E0,-3.902513003E0,-1.207630594E1,1.349680957E1
4.785926917E0,-2.655251033E0,-3.426913053E0,-7.020157757E0,8.250860928E0
4.795928917E0,-1.449353437E0,-2.852012764E0,-3.373871498E0,4.649474279E0
4.805930917E0,-1.503550694E0,-3.007793114E0,-1.226515464E0,3.579360877E0
4.815932917E0,-1.369985086E0,-2.641705374E0,1.099955989E0,3.172596664E0
4.825934917E0,-9.154611325E-1,-2.097055654E0,2.655667355E0,3.505464392E0
4.835936917E0,3.024817282E-1,-1.188139895E0,3.607426248E0,3.810078181E0
4.845938917E0,1.303307531E0,1.402951688E-2,4.101054626E0,4.303191419E0
4.855940917E0,2.196981354E0,5.003862968E-1,4.442885776E0,4.981600901E0
4.865942917E0,2.626157627E0,7.520358405E-1,5.029677256E0,5.723627791E0
4.875944917E0,2.739544494E0,3.293444216E-1,4.641302853E0,5.399561460E0
4.885946917E0,3.622985689E0,1.403376488E0,5.045600978E0,6.368169290E0
4.895948917E0,3.713006498E0,1.983893028E0,5.958009864E0,7.295212837E0
4.905950917E0,3.859182796E0,2.011458264E0,6.269834858E0,7.632174353E0
4.915951917E0,4.076005154E0,2.084918881E0,6.606153839E0,8.037535275E0
4.925953917E0,4.177079539E0,1.753554539E0,6.360235736E0,7.808683987E0
4.935955917E0,4.200383617E0,1.790217750E0,5.954983345E0,7.503994187E0
4.945957917E0,4.356486733E0,2.251523597E0,5.674224608E0,7.499677331E0
4.955959917E0,4.646384668E0,2.480183058E0,5.361864009E0,7.515968609E0
4.965961917E0,5.125334780E0,2.591678351E0,5.024563866E0,7.630995697E0
4.975963917E0,5.675512165E0,2.813705023E0,4.539572411E0,7.793336382E0
4.985965917E0,6.142905840E0,2.858994924E0,4.363923807E0,8.059340861E0
4.995967917E0,6.569192419E0,2.739905852E0,4.058016779E0,8.193221180E0
5.005969917E0,7.056663094E0,2.633861041E0,3.769333895E0,8.422683421E0
5.015971917E0,7.552907515E0,2.634203103E0,3.390358015E0,8.687920660E0
5.025973917E0,7.913133422E0,2.737805240E0,2.869503832E0,8.851401602E0
5.035975917E0,8.233584228E0,2.431668417E0,2.924584896E0,9.069626086E0
5.045977917E0,8.517351358E0,2.244602832E0,2.488454529E0,9.152918768E0
5.055979917E0,8.741226627E0,2.515284186E0,1.795665601E0,9.271467653E0
5.065981917E0,8.851442549E0,2.581900052E0,1.681636125E0,9.372413944E0
5.075983917E0,9.163312567E0,2.657853337E0,1.578787987E0,9.670731775E0
5.085985875E0,9.375315650E0,2.790524321E0,1.383968263E0,9.879217462E0
5.095987875E0,9.358994316E0,2.756598776E0,9.082785590E-1,9.798703045E0
5.105989875E0,9.280249279E0,2.709308542E0,7.584775718E-1,9.697353643E0
5.115990875E0,9.157474707E0,2.611213606E0,7.067307365E-1,9.548677806E0
5.125992875E0,9.240737888E0,2.902011720E0,5.045123845E-3,9.685707728E0
5.135994875E0,8.841819202E0,3.225604528E0,8.203409672E-2,9.412174082E0
5.145996875E0,8.541316171E0,3.395476375E0,-1.773039508E-1,9.193191962E0
5.155998875E0,8.515211862E0,3.545754495E0,-5.954031126E-1,9.243144100E0
5.166000875E0,8.288826383E0,3.275467536E0,-8.297279410E-1,8.951076965E0
5.176002875E0,7.679694446E0,2.770491468E0,-1.388757864E0,8.281423680E0
5.186004875E0,6.844630190E0,2.643688164E0,-2.516034676E0,7.756834408E0
5.196006875E0,6.075680401E0,2.417675153E0,-3.633720592E0,7.480840249E0
5.206008875E0,5.168799473E0,2.592718863E0,-4.162645687E0,7.125047242E0
5.216010875E0,5.074915409E0,3.452352534E0,-4.362227529E0,7.530108462E0
5.226012875E0,2.958034478E0,2.019351421E0,-5.327682356E0,6.419653216E0
5.236014875E0,-1.362432822E0,-3.891839495E-1,-8.549534433E0,8.666154070E0
5.246016875E0,-8.853342894E0,-1.584840440E0,-1.127257575E1,1.442096958E1
5.256018875E0,-2.072671186E1,-5.351811476E0,-1.286762016E1,2.497627113E1
5.266020875E0,-3.313889123E1,-6.731358513E0,-2.747066118E1,4.356758572E1
5.276022875E0,-4.262594015E1,-5.650123554E0,-3.011585968E1,5.249628248E1
5.286024875E0,-4.027251070E1,-1.108562506E1,2.765273412E0,4.186183151E1
5.296026875E0,-3.754981320E1,-2.050883057E1,1.269459637E1,4.462906430E1
5.306028875E0,-2.571358458E1,-1.582806895E1,1.131257538E1,3.224423298E1
5.316029875E0,-1.619886546E1,-3.364081797E0,3.226797945E0,1.685623070E1
5.326031875E0,-1.393757877E1,-1.481799052E0,-4.982750427E0,1.487547082E1
5.336033875E0,-1.186609152E1,2.779401163E0,-3.412671282E0,1.265604694E1
5.346035875E0,-1.745463805E1,-1.549731126E0,-1.060553942E1,2.048276159E1
5.356037875E0,-1.563727431E1,-3.878127775E0,-1.612527240E1,2.279448690E1
5.366039875E0,-1.156428164E1,-3.034340642E0,-8.838198606E0,1.486787098E1
5.376041875E0,-8.468881449E0,-2.917134081E0,-2.343105904E0,9.258605160E0
5.386043875E0,-6.545744500E0,-2.320228965E0,-6.283330232E-2,6.945083263E0
5.396045875E0,-5.323353077E0,-2.105219829E0,1.171157826E0,5.843085586E0
5.406047875E0,-3.799721875E0,-1.681028892E0,1.705758229E0,4.491475882E0
5.416049875E0,-1.857530605E0,-7.469826767E-1,2.656888546E0,3.326779195E0
5.426051875E0,1.374885052E-1,4.721056536E-1,3.398607267E0,3.433994495E0
5.436053875E0,2.014262881E0,1.011770037E0,3.584454292E0,4.234294054E0
5.446055875E0,2.907522721E0,4.336333135E-1,3.369100170E0,4.471304304E0
5.456057875E0,4.401576367E0,1.526465347E0,2.922197478E0,5.499382608E0
5.466059875E0,5.430500380E0,2.575766907E0,3.844174747E0,7.134605037E0
5.476061875E0,5.829220846E0,2.732056550E0,3.804901924E0,7.478049700E0
5.486063875E0,6.162574704E0,2.946195913E0,3.574284522E0,7.709274102E0
5.496065875E0,6.584060134E0,3.075096612E0,3.769930311E0,8.186479193E0
5.506066875E0,6.910021942E0,3.105974589E0,3.550613824E0,8.366740100E0
5.516068875E0,7.440649745E0,3.526189127E0,3.097292058E0,8.797186851E0
5.526070875E0,7.709762583E0,3.541235475E0,2.916091523E0,8.971308575E0
5.536072875E0,8.029655566E0,3.205318490E0,2.749398222E0,9.072410138E0
5.546074875E0,8.328424312E0,2.920632763E0,2.757298980E0,9.246374691E0
5.556076875E0,8.660925061E0,2.828333587E0,2.891175368E0,9.558765024E0
5.566078875E0,8.792602018E0,2.793083647E0,2.422486681E0,9.538323135E0
5.576080875E0,9.111961734E0,3.072630549E0,2.044731699E0,9.831064686E0
5.586082875E0,8.856650079E0,2.986844002E0,1.712635285E0,9.502347465E0
5.596084875E0,9.588569452E0,3.416408823E0,1.518026061E0,1.029159446E1
5.606086875E0,1.029944236E1,4.064004913E0,1.599867200E0,1.118723486E1
5.616088875E0,1.025684422E1,4.228596432E0,1.555309224E0,1.120280625E1
5.626090875E0,9.787750760E0,4.053401280E0,1.232941554E0,1.066537724E1
5.636092875E0,9.933923550E0,4.209866631E0,9.604941217E-1,1.083182178E1
5.646094875E0,1.030264429E1,4.536755514E0,1.083009662E0,1.130926788E1
5.656096875E0,1.040440572E1,4.785334978E0,9.283472264E-1,1.148968746E1
5.666098875E0,1.053304681E1,4.894353097E0,3.722361604E-1,1.162059925E1
5.676100875E0,1.065605702E1,4.893261130E0,4.748419312E-1,1.173546039E1
5.686102875E0,1.070727395E1,4.765008009E0,8.235522580E-1,1.174858524E1
5.696104875E0,1.012676940E1,4.375397798E0,4.657096402E-1,1.104139710E1
5.706105875E0,9.362657012E0,3.632625993E0,-5.596978211E-1,1.005825927E1
5.716107875E0,9.590214858E0,3.559533167E0,-6.224840534E-1,1.024841372E1
5.726109875E0,9.876648903E0,3.750991472E0,2.990745556E-1,1.056918049E1
5.736111875E0,9.727941345E0,3.662239510E0,6.477639055E-1,1.041462621E1
5.746113875E0,9.638408779E0,3.626305446E0,5.861857080E-1,1.031468025E1
5.756115875E0,9.711514762E0,3.685856414E0,5.805320352E-1,1.040365676E1
5.766117875E0,9.676018070E0,3.766975421E0,5.436969155E-1,1.039764569E1
5.776119875E0,9.301827843E0,3.636942993E0,5.985753733E-1,1.000548090E1
5.786121875E0,8.641170827E0,3.268853166E0,7.554222554E-1,9.269622272E0
5.796123875E0,7.913017647E0,2.823930926E0,9.945716214E-1,8.460473205E0
5.806125875E0,7.281722424E0,2.131860036E0,1.049904408E0,7.659674141E0
5.816127875E0,7.035962781E0,1.922404585E0,1.307761356E0,7.410172158E0
5.826129875E0,6.487852387E0,1.345750131E0,2.340072661E0,7.027034372E0
5.836131875E0,4.956874743E0,-9.516717696E-1,7.299220217E0,8.874395875E0
5.846133875E0,4.501143925E0,-4.250653591E0,1.275992731E1,1.418252790E1
5.856135875E0,4.652216097E0,-1.028013134E1,1.433111158E1,1.824020214E1
5.866137875E0,-5.431576268E0,-2.177812310E1,2.868472091E0,2.262778819E1
5.876139875E0,-2.647596092E1,-3.523711779E1,-1.483988717E1,4.650648587E1
5.886141875E0,-4.748231938E1,-2.710605454E1,-2.364149273E1,5.956701290E1
5.896142875E0,-6.427694478E1,1.272261272E1,-6.380116386E1,9.145479219E1
5.906144875E0,-6.836841465E1,7.249493741E0,-6.275443274E1,9.308552041E1
5.916146875E0,-4.128180561E1,-1.036503057E1,5.864051540E0,4.296520026E1
5.926148875E0,-1.882310052E1,-9.279168713E-1,1.266561523E1,2.270656187E1
5.936150875E0,-6.858712040E0,4.873626180E0,1.097473729E1,1.382891976E1
5.946152875E0,-2.036063055E0,4.216919250E0,9.283676916E0,1.039781794E1
5.956154875E0,-3.379595338E0,1.353580722E0,4.063848208E0,5.456070717E0
5.966156875E0,-5.818031030E0,1.219871857E0,-5.336082466E0,7.988200579E0
5.976158875E0,-5.344076779E0,2.008765621E0,-1.173877308E1,1.305347040E1
5.986160875E0,-5.591107022E0,-5.574033737E-1,-1.112891667E1,1.246691472E1
5.996162875E0,-4.338496020E0,-2.097029342E0,-1.804083545E0,5.145366577E0
6.006164875E0,-2.195463417E0,-2.115814691E0,1.434905552E0,3.369819782E0
6.016166875E0,-1.280674714E-1,-1.549709491E0,3.568513905E0,3.892594543E0
6.026168875E0,8.453243655E-1,-1.328089493E0,4.129412160E0,4.419325714E0
6.036170875E0,2.216014625E0,-8.873544440E-1,4.097607984E0,4.742205175E0
6.046172875E0,3.506801514E0,-1.013068119E-1,4.421419770E0,5.644189288E0
6.056174875E0,4.487521666E0,6.423783275E-1,4.046939814E0,6.076859590E0
6.066176875E0,5.048388931E0,1.031039244E0,3.798681363E0,6.401503949E0
6.076178875E0,5.558607028E0,1.274210032E0,3.660296187E0,6.776392217E0
6.086181000E0,6.007519993E0,1.624008891E0,3.436288479E0,7.108852218E0
6.096182000E0,6.240084225E0,1.837789527E0,3.502855521E0,7.388241894E0
6.106184000E0,6.165426975E0,1.006371887E0,3.567928891E0,7.194121957E0
6.116186000E0,6.395918369E0,1.324406624E0,2.976561673E0,7.177864870E0
6.126188000E0,6.900790358E0,2.069410603E0,3.761150717E0,8.127091886E0
6.136190000E0,7.113059489E0,2.155840052E0,3.525631887E0,8.226380846E0
6.146192000E0,7.458981351E0,2.305322951E0,3.274805339E0,8.466124657E0
6.156194000E0,7.781421965E0,2.444957384E0,3.559876983E0,8.899498219E0
6.166196000E0,8.067249069E0,2.415610209E0,3.524132077E0,9.128810827E0
6.176198000E0,8.429748373E0,2.547413174E0,3.375085380E0,9.430862783E0
6.186200000E0,8.530435088E0,2.586836564E0,3.481693278E0,9.569860724E0
6.196202000E0,8.645590153E0,2.613330298E0,3.297593400E0,9.615084325E0
6.206204000E0,8.860550757E0,2.835989054E0,3.131762856E0,9.816319688E0
6.216206000E0,9.045378320E0,3.084164474E0,3.005829034E0,1.001828067E1
6.226208000E0,9.084133081E0,3.081854824E0,2.859363591E0,1.000975840E1
6.236210000E0,9.070903171E0,3.110756734E0,2.572814648E0,9.928618585E0
6.246212000E0,9.296131486E0,3.340684749E0,2.236226550E0,1.012812640E1
6.256214000E0,9.670915205E0,3.746207280E0,2.165193551E0,1.059475026E1
6.266216000E0,9.859706011E0,4.044588941E0,2.118366855E0,1.086554096E1
6.276218000E0,9.506586226E0,3.871109946E0,2.105819607E0,1.047831810E1
6.286219000E0,9.018029723E0,3.554787274E0,2.110244926E0,9.920408575E0
6.296221000E0,9.257041095E0,3.779233232E0,1.900043371E0,1.017770006E1
6.306223000E0,9.576382100E0,4.215861781E0,1.277251754E0,1.054096564E1
6.316225000E0,9.510376391E0,4.030697418E0,-2.495568252E-1,1.033228239E1
6.326227000E0,9.597905701E0,3.964922967E0,-9.181916361E-1,1.042513711E1
6.336229000E0,9.537719141E0,4.095893873E0,-3.000416486E-1,1.038433715E1
6.346231000E0,9.512284337E0,4.091975946E0,4.925250443E-1,1.036679321E1
6.356233000E0,9.592754889E0,4.121550578E0,8.477421892E-1,1.047505572E1
6.366235000E0,9.678314856E0,3.942170281E0,6.443210649E-1,1.047022610E1
6.376237000E0,9.788944176E0,3.955290848E0,4.760955012E-1,1.056855812E1
6.386239000E0,9.689988822E0,3.963651197E0,7.220387471E-1,1.049417715E1
6.396241000E0,9.171423240E0,3.439431357E0,1.002042024E0,9.846257183E0
6.406243000E0,8.727098000E0,2.659314848E0,1.377861285E0,9.226738139E0
6.416245000E0,8.498696401E0,2.594625932E0,2.019723011E0,9.112584995E0
6.426247000E0,8.320651608E0,2.038278858E0,2.896353954E0,9.043046506E0
6.436249000E0,5.130413672E0,1.296755726E0,2.167692504E0,5.718532211E0
6.446251000E0,1.417817064E0,-1.822835566E0,2.638197044E0,3.506140096E0
6.456253000E0,-1.415058698E1,-1.624538123E1,-1.103867075E1,2.420751485E1
6.466255000E0,-5.294098522E1,-1.980381541E1,-2.383902337E1,6.134523662E1
6.476257000E0,-8.185900769E1,-1.224024784E1,-8.294412930E1,1.171770003E2
6.486258000E0,-6.660518443E1,-1.718106905E1,-4.984367299E1,8.494605031E1
6.496260000E0,-3.626522670E1,-1.081017442E1,5.030462537E0,3.817501921E1
6.506262000E0,-2.217148634E1,-9.480888882E0,8.504593903E0,2.556932103E1
6.516264000E0,-9.264707379E0,-2.367225084E0,1.153624892E1,1.498411147E1
6.526266000E0,-3.052248325E0,2.534027435E0,9.864264500E0,1.063208489E1
6.536268000E0,-2.883346238E0,-1.583612525E0,3.621490848E0,4.892515725E0
6.546270000E0,-5.182487220E0,-3.310855178E0,-7.617825058E0,9.790362322E0
6.556272000E0,-3.968598819E0,-2.759486423E0,-1.284587788E1,1.372520019E1
6.566274000E0,-3.710633698E0,-2.793815134E0,-1.045341124E1,1.143888159E1
6.576276000E0,-2.055445991E0,-2.254357450E0,-4.284073353E0,5.259303207E0
6.586278000E0,-5.721132141E-1,-2.491391878E0,-1.571795887E0,3.000814777E0
6.596280000E0,5.458469367E-1,-2.091028052E0,-3.008708203E-1,2.181941897E0
6.606282000E0,1.312112854E0,-1.652257375E0,5.658832982E-1,2.184449240E0
6.616284000E0,2.205918823E0,-7.871784836E-1,1.708547643E0,2.899114152E0
6.626286000E0,2.773453667E0,-2.619318724E-2,2.438264953E0,3.692948322E0
6.636288000E0,3.412495281E0,2.314731413E-1,2.758583613E0,4.394142397E0
6.646290000E0,4.147747566E0,1.037757110E0,4.006610983E0,5.859494966E0
6.656292000E0,4.635032884E0,1.819650880E0,4.129576759E0,6.469007912E0
6.666294000E0,4.320620497E0,1.345562143E0,4.169299818E0,6.153158533E0
6.676295000E0,4.659205858E0,1.858068548E0,4.819732978E0,6.956324025E0
6.686297000E0,4.387941830E0,1.923368499E0,5.541817918E0,7.325648484E0
6.696299000E0,4.073789644E0,2.050066552E0,5.462483481E0,7.115986278E0
6.706301000E0,3.649878203E0,2.026694354E0,6.102592796E0,7.393966442E0
6.716303000E0,3.179165649E0,2.146070232E0,6.467116406E0,7.519062859E0
6.726305000E0,3.185332707E0,2.329986214E0,7.130428058E0,8.149735241E0
6.736307000E0,3.630245007E0,2.476634090E0,7.516191094E0,8.706636767E0
6.746309000E0,4.688331424E0,2.849908351E0,7.564451673E0,9.344696799E0
6.756311000E0,5.486695046E0,3.024800617E0,7.304240052E0,9.623157696E0
6.766313000E0,6.363901940E0,3.300656464E0,6.211933390E0,9.485868302E0
6.776315000E0,7.090193367E0,3.636069126E0,5.427315402E0,9.640933209E0
6.786317000E0,7.595121489E0,3.747592778E0,4.922048142E0,9.795758264E0
6.796319000E0,7.853033985E0,3.688846680E0,4.379943716E0,9.719137798E0
6.806321000E0,8.058980522E0,3.740558285E0,3.717171177E0,9.631007470E0
6.816323000E0,8.274766753E0,3.653735319E0,3.220164571E0,9.601614784E0
6.826325000E0,8.442363156E0,3.638838075E0,2.976189205E0,9.662936427E0
6.836327000E0,8.659564413E0,3.671261763E0,2.893349655E0,9.840614360E0
6.846329000E0,8.811877949E0,3.760068690E0,1.463444934E0,9.691696478E0
6.856331000E0,9.123295392E0,3.774297889E0,-7.298304543E-2,9.873457849E0
6.866333000E0,9.356611576E0,3.988360069E0,2.758423984E-3,1.017119481E1
6.876334000E0,9.215259815E0,3.927419803E0,3.392003421E-1,1.002300836E1
6.886336000E0,8.884013295E0,3.634618432E0,-1.308658026E-1,9.599649432E0
6.896338000E0,8.622517040E0,4.048091131E0,2.188918336E-1,9.527998506E0
6.906340000E0,8.802045856E0,4.230831530E0,7.722837250E-1,9.796548823E0
6.916342000E0,9.137783623E0,4.382282602E0,5.173275809E-1,1.014746856E1
6.926344000E0,9.442437592E0,4.684440979E0,5.216969128E-1,1.055347254E1
6.936346000E0,9.638122265E0,4.935836461E0,5.854969060E-1,1.084429292E1
6.946348000E0,9.527167255E0,4.690359238E0,2.032668308E-1,1.062109708E1
6.956350000E0,9.275256341E0,4.227711456E0,3.104411043E-2,1.019337472E1
6.966352000E0,8.775867872E0,3.499639552E0,4.623989101E-1,9.459236050E0
6.976354000E0,8.116929937E0,2.827173207E0,7.135578724E-1,8.624768100E0
6.986356000E0,6.871124509E0,2.467246093E0,8.128039793E-1,7.345767871E0
6.996358000E0,5.874894617E0,2.835555190E0,1.209014674E0,6.634491426E0
7.006360000E0,5.059021508E0,2.518424433E0,-3.961219633E-1,5.665074832E0
7.016362000E0,3.476569655E0,8.977350059E-1,-2.386712977E0,4.311480435E0
7.026364000E0,-1.562044485E0,-2.005316349E0,-5.961818740E0,6.481092449E0
7.036366000E0,-1.764264474E1,-6.151073231E0,-7.483913294E0,2.012728431E1
7.046368000E0,-3.308321404E1,-7.999031943E0,-1.964962667E1,3.930128995E1
7.056370000E0,-4.918979991E1,-1.457026270E1,-3.911891820E1,6.451525968E1
7.066371000E0,-4.827137073E1,-1.975900001E1,-2.242412816E1,5.677486096E1
7.076373000E0,-3.445713196E1,-2.065336205E1,1.631365273E0,4.020592817E1
7.086375375E0,-1.914440853E1,-1.274667518E1,7.438258234E0,2.417258347E1
7.096377375E0,-8.817899412E0,-4.208864418E0,8.546196842E-1,9.808173354E0
7.106379375E0,-6.896399099E0,-5.723137736E-2,-6.658339069E0,9.586296215E0
7.116381375E0,-6.479104367E0,-1.084439233E-1,-5.760096232E0,8.670020882E0
7.126383375E0,-9.153674017E0,-5.265914708E0,-6.444490020E0,1.237138058E1
7.136385375E0,-1.092900037E1,-8.527199239E0,-1.237198677E1,1.858015696E1
7.146387375E0,-9.922933123E0,-7.395188813E0,-9.492141849E0,1.559660784E1
7.156389375E0,-8.898195716E0,-5.856734920E0,-3.973720687E0,1.136968280E1
7.166391375E0,-7.922126439E0,-4.207247371E0,-2.092700063E0,9.210885479E0
7.176393375E0,-6.017760222E0,-3.010034351E0,-8.424337944E-1,6.781109023E0
7.186395375E0,-3.591039426E0,-1.368099651E0,2.591167304E-1,3.851545443E0
7.196397375E0,-1.910236822E0,-5.097912508E-1,9.804567352E-1,2.206850073E0
7.206399375E0,-3.276908290E-1,5.026061922E-1,2.673984928E0,2.740472524E0
7.216401375E0,1.548266691E0,1.425581289E0,2.618745989E0,3.359649135E0
7.226403375E0,3.240090712E0,1.706278923E0,3.591952469E0,5.129492970E0
7.236405375E0,3.619910638E0,1.194456057E0,3.486547636E0,5.165897088E0
7.246407375E0,5.095524505E0,2.294519928E0,3.793678778E0,6.754346034E0
7.256409375E0,5.583541895E0,2.654229817E0,4.893861931E0,7.884843728E0
7.266410375E0,5.998306535E0,2.871844765E0,4.572301908E0,8.070509177E0
7.276412375E0,6.213227963E0,3.091668206E0,4.545684797E0,8.296135504E0
7.286414375E0,6.223593323E0,3.126878385E0,4.570202173E0,8.330499996E0
7.296416375E0,6.140647645E0,3.070646004E0,4.236434040E0,8.067452743E0
7.306418375E0,5.986403359E0,3.051876734E0,4.108366276E0,7.875890441E0
7.316420375E0,5.694222670E0,2.924767329E0,4.016411794E0,7.557115815E0
7.326422375E0,5.447173716E0,2.676966423E0,3.979586614E0,7.257751741E0
7.336424375E0,5.317585968E0,2.587964199E0,4.180053140E0,7.242038628E0
7.346426375E0,5.216302253E0,2.633081608E0,4.319018945E0,7.266144273E0
7.356428375E0,5.192216987E0,2.887804448E0,4.306871062E0,7.338097172E0
7.366430375E0,5.395003688E0,3.120302898E0,4.485766917E0,7.678831930E0
7.376432375E0,5.998331094E0,3.323704434E0,4.780115168E0,8.359215759E0
7.386434375E0,6.560000011E0,3.457218587E0,5.228362720E0,9.073132714E0
7.396436375E0,7.237640850E0,3.593005260E0,5.175519678E0,9.595787399E0
7.406438375E0,8.068493357E0,3.911943977E0,5.041258836E0,1.028679646E1
7.416440375E0,8.502512294E0,3.898400071E0,4.532357239E0,1.039386841E1
7.426442375E0,8.816270962E0,3.802314823E0,3.632096236E0,1.026529857E1
7.436444375E0,9.421055494E0,4.049762265E0,2.929850314E0,1.066493713E1
7.446446375E0,9.791861352E0,4.263799009E0,2.621525463E0,1.099695078E1
7.456448375E0,9.537398713E0,3.962617117E0,2.395819577E0,1.060208753E1
7.466449375E0,9.364931579E0,3.730797528E0,2.413869785E0,1.036569154E1
7.476451375E0,9.259118026E0,3.720735347E0,2.537920804E0,1.029641589E1
7.486453375E0,9.234173219E0,3.685902899E0,2.176068056E0,1.017797167E1
7.496455375E0,9.102013282E0,3.576452377E0,3.839399473E-1,9.786984585E0
7.506457375E0,9.200727730E0,3.734634179E0,-1.781928445E0,1.008841673E1
7.516459375E0,9.396800074E0,3.759030224E0,-1.575224548E0,1.024263112E1
7.526461375E0,9.390725402E0,3.778032798E0,-1.142647680E0,1.018650574E1
7.536463375E0,9.459567595E0,3.792753748E0,-1.357093145E0,1.028154180E1
7.546465375E0,9.457983584E0,3.885422176E0,-6.981283128E-1,1.024877271E1
7.556467375E0,9.420854350E0,3.989916013E0,-7.058875680E-2,1.023117340E1
7.566469375E0,8.609547331E0,4.494115279E0,1.840387920E-1,9.713662937E0
7.576471375E0,7.023453248E0,4.687155841E0,9.363099647E-1,8.495587193E0
7.586473375E0,6.542592850E0,4.640525174E0,2.044646183E0,8.277715452E0
7.596475375E0,6.789451770E0,4.986933525E0,2.199460573E0,8.706537092E0
7.606477375E0,4.202914876E0,4.395171035E0,7.887005869E-1,6.132215790E0
7.616479375E0,1.435159906E0,7.950421116E-1,-1.924135215E0,2.528650280E0
7.626481375E0,-9.219782637E0,-6.493684400E0,-6.666568440E0,1.310020854E1
7.636483375E0,-3.324392827E1,-1.406916451E1,-1.144910085E1,3.787059634E1
7.646485375E0,-5.119502066E1,-1.028294034E1,-6.344877790E1,8.217308817E1
7.656486375E0,-5.149483781E1,-1.446364808E1,-4.540942062E1,7.016360109E1
7.666488375E0,-3.664164705E1,-1.574638101E1,-1.993610516E0,3.993160774E1
7.676490375E0,-2.904528128E1,-1.999866101E1,9.776408916E0,3.659443917E1
7.686492375E0,-1.773359000E1,-1.711831790E1,1.058452452E1,2.682441390E1
7.696494375E0,-9.330640583E0,-5.844989033E0,2.875915596E0,1.137961515E1
7.706496375E0,-8.504007427E0,-1.328916290E0,-7.762591007E-1,8.642148981E0
7.716498375E0,-1.087108955E1,-6.139031475E0,-9.350297168E0,1.559795988E1
7.726500375E0,-8.404201303E0,-8.135748031E0,-1.127632264E1,1.624735203E1
7.736502375E0,-5.988246986E0,-6.502390319E0,-6.777725179E0,1.113901883E1
7.746504375E0,-3.850771576E0,-4.300009646E0,-5.072435020E0,7.684277567E0
7.756506375E0,-2.910530528E0,-2.355242677E0,-4.222616192E0,5.643477964E0
7.766508375E0,-3.053822980E0,-9.898947260E-1,-2.437554517E0,4.030806170E0
7.776510375E0,-2.731458964E0,-4.176859099E-1,-3.694083738E-1,2.787793418E0
7.786512375E0,-1.521363067E0,3.220622993E-1,1.361505746E0,2.066873872E0
7.796514375E0,-7.033849597E-2,1.325516426E0,2.984390218E0,3.266271004E0
7.806516375E0,1.203707814E0,1.923070291E0,3.713526315E0,4.351711105E0
7.816518375E0,2.486357718E0,1.874277323E0,4.246784196E0,5.265934503E0
7.826520375E0,3.637063445E0,2.118867523E0,4.071456020E0,5.856157802E0
7.836522375E0,4.642853535E0,3.016007574E0,4.636706942E0,7.221595523E0
7.846524375E0,5.012787573E0,3.340331577E0,4.629514866E0,7.597253596E0
7.856525375E0,5.291250109E0,3.682959411E0,4.688795108E0,7.971594402E0
7.866527375E0,5.498745573E0,3.846339094E0,4.525312513E0,8.093761836E0
7.876529375E0,5.665102367E0,4.142302639E0,4.444438504E0,8.306930215E0
7.886531375E0,5.449531313E0,4.172387148E0,4.576006704E0,8.249002570E0
7.896533375E0,5.286731381E0,4.015995179E0,4.785974078E0,8.184332218E0
7.906535375E0,5.131388403E0,3.799591190E0,5.102586772E0,8.173397820E0
7.916537375E0,5.101410897E0,3.588447940E0,5.501465113E0,8.316698272E0
7.926539375E0,5.118161416E0,3.428711949E0,5.777744883E0,8.445944461E0
7.936541375E0,5.469250463E0,3.400629819E0,5.894734805E0,8.730686239E0
7.946543375E0,6.056113279E0,3.531118622E0,5.573146130E0,8.955739196E0
7.956545375E0,6.559405934E0,3.694730148E0,4.995350592E0,9.034952386E0
7.966547375E0,7.096428838E0,3.962601914E0,4.511178624E0,9.295818886E0
7.976549375E0,7.871576675E0,4.339982090E0,3.920573005E0,9.806531323E0
7.986551375E0,8.333057061E0,4.602686379E0,3.552806530E0,1.016105290E1
7.996553375E0,8.494377063E0,4.535360954E0,3.310206137E0,1.018240666E1
8.006555375E0,8.549741424E0,4.467565996E0,3.054689537E0,1.011871299E1
8.016557375E0,8.555270551E0,4.430985523E0,2.715078282E0,1.000989196E1
8.026559375E0,8.507734442E0,4.369870425E0,2.581084950E0,9.906528776E0
8.036561375E0,8.592318510E0,4.604911537E0,2.276060414E0,1.001067424E1
8.046563375E0,9.159201974E0,5.066212998E0,9.533547445E-1,1.051029877E1
8.056564375E0,9.367684448E0,5.470708759E0,-9.746943042E-2,1.084857901E1
8.066566375E0,9.036815658E0,5.044180105E0,2.409614182E-1,1.035209411E1
8.076568375E0,8.974561522E0,4.903082406E0,2.615444943E-2,1.022661506E1
8.086570042E0,8.804129219E0,4.885473516E0,-2.310421284E-1,1.007144097E1
8.096572042E0,8.460762005E0,4.903812723E0,-1.817069042E-1,9.780843027E0
8.106574042E0,8.631724650E0,4.819651994E0,1.362552544E-1,9.887076478E0
8.116576042E0,8.972999731E0,4.720169513E0,1.211486073E-1,1.013949710E1
8.126578042E0,8.615426121E0,4.546314835E0,3.114742342E-1,9.746361476E0
8.136580042E0,8.394678528E0,4.568483968E0,3.492050743E-1,9.563661304E0
8.146582042E0,8.275431581E0,4.582199782E0,2.964164114E-1,9.463994156E0
8.156584042E0,8.085364913E0,4.406132810E0,1.338205834E-1,9.208965200E0
8.166586042E0,7.740848136E0,4.075361375E0,3.113642335E-2,8.748158074E0
8.176588042E0,6.965731874E0,3.353973716E0,3.633121399E-1,7.739674149E0
8.186590042E0,6.705272330E0,3.394316288E0,8.496367601E-1,7.563328811E0
8.196592042E0,5.944249611E0,2.225638850E0,8.833787028E-1,6.408426458E0
8.206594042E0,2.274051749E0,-1.277082477E0,-1.902126149E0,3.228054352E0
8.216596042E0,-6.111151950E0,-7.554265239E0,-5.309035585E0,1.107244148E1
8.226598042E0,-2.245467635E1,-1.987432815E1,-7.919525013E0,3.101483977E1
8.236600042E0,-4.018847451E1,-1.752567704E1,-4.733088585E1,6.451725037E1
8.246601042E0,-5.440301366E1,-1.715182361E1,-6.140536782E1,8.381224341E1
8.256603042E0,-3.907710827E1,-1.181380572E1,-6.966931722E0,4.141406203E1
8.266605042E0,-3.190592161E1,-1.525891736E1,1.056389789E1,3.691095137E1
8.276607042E0,-2.447245458E1,-1.774921493E1,1.171020592E1,3.242012626E1
8.286609042E0,-1.315712166E1,-8.369416217E0,7.585401077E0,1.734056768E1
8.296611042E0,-1.235376217E1,-4.514612401E0,-3.705135268E0,1.366474267E1
8.306613042E0,-1.082745061E1,-6.034448175E0,-7.810845155E0,1.465119631E1
8.316615042E0,-9.920448056E0,-8.254508489E0,-8.037220109E0,1.520358863E1
8.326617042E0,-7.430315377E0,-7.286176248E0,-8.242107714E0,1.327517572E1
8.336619042E0,-5.487277429E0,-4.929984568E0,-7.216692030E0,1.031967079E1
8.346621042E0,-5.047248724E0,-3.684675568E0,-4.774457695E0,7.864286363E0
8.356623042E0,-4.200851979E0,-2.411858343E0,-2.744372832E0,5.567387202E0
8.366625042E0,-2.775851026E0,-1.443323203E0,-1.362652677E0,3.412528843E0
8.376627042E0,-1.064665704E0,-3.738063571E-1,1.422057465E-1,1.137306787E0
8.386629042E0,7.202500838E-1,4.820330563E-1,1.877550302E0,2.067924366E0
8.396631042E0,2.407364173E0,1.541321953E0,3.265734846E0,4.340057570E0
8.406633042E0,3.489511882E0,2.304877101E0,3.921536919E0,5.733027423E0
8.416635042E0,4.015023957E0,1.944554423E0,4.511657218E0,6.344821521E0
8.426637042E0,4.460597577E0,1.781916458E0,4.046239318E0,6.280462533E0
8.436639042E0,5.574371706E0,2.971082540E0,4.675718980E0,7.858962995E0
8.446640042E0,5.892622790E0,3.095456910E0,5.241250568E0,8.472046054E0
8.456642042E0,6.102912054E0,3.010757067E0,4.938361874E0,8.408187180E0
8.466644042E0,6.178251089E0,3.110945307E0,4.831771810E0,8.437700282E0
8.476646042E0,6.132858569E0,3.078963961E0,4.816354749E0,8.383868222E0
8.486648042E0,6.039039994E0,2.746814922E0,4.784587996E0,8.179686947E0
8.496650042E0,6.013983505E0,2.395347560E0,4.814979484E0,8.067819716E0
8.506652042E0,6.051298681E0,2.326229378E0,4.740147403E0,8.031099318E0
8.516654042E0,6.079343682E0,2.383097351E0,4.635743905E0,8.007976907E0
8.526656042E0,6.204600397E0,2.427053795E0,4.584320860E0,8.087252559E0
8.536658042E0,6.496709749E0,2.640042718E0,4.500111014E0,8.332350344E0
8.546660042E0,6.904019775E0,2.923519533E0,4.457215255E0,8.722340474E0
8.556662042E0,7.301461455E0,3.151955923E0,4.188768415E0,8.988434032E0
8.566664042E0,7.636651338E0,3.418218828E0,3.838830392E0,9.205394201E0
8.576666042E0,8.139193795E0,3.812605923E0,3.681678286E0,9.712733629E0
8.586668042E0,8.256346854E0,3.845562584E0,3.333869819E0,9.698984634E0
8.596670042E0,8.804339719E0,4.063049186E0,2.980183146E0,1.014427218E1
8.606672042E0,9.238852746E0,4.312077715E0,2.738900131E0,1.055708237E1
8.616674042E0,9.192913511E0,4.232991784E0,2.282859410E0,1.037493737E1
8.626676042E0,9.670843284E0,4.479003443E0,2.058876991E0,1.085475270E1
8.636678042E0,9.854457550E0,4.661385408E0,2.109931369E0,1.110363264E1
8.646679042E0,9.411824495E0,4.451569184E0,1.900156807E0,1.058345428E1
8.656681042E0,9.004852438E0,4.052155238E0,1.319139891E0,9.962301921E0
8.666683042E0,8.926335441E0,4.021985359E0,-2.670247972E-1,9.794239781E0
8.676685042E0,9.210232379E0,4.207005004E0,-1.677122952E0,1.026352829E1
8.686687042E0,9.236943045E0,4.065928062E0,-1.545500958E0,1.020987077E1
8.696689042E0,9.209288639E0,3.754063599E0,-1.004619550E0,9.995661618E0
8.706691042E0,9.462316956E0,3.939914133E0,-7.655981648E-1,1.027835133E1
8.716693042E0,9.652233936E0,4.015466006E0,-1.006001393E-1,1.045465005E1
8.726695042E0,9.786583071E0,4.156461964E0,4.791676283E-1,1.064344803E1
8.736697042E0,9.730714679E0,4.200184519E0,4.538176095E-1,1.060821892E1
8.746699042E0,9.338092275E0,4.358636169E0,-4.881253343E-3,1.030522685E1
8.756701042E0,8.499705631E0,4.473051562E0,-3.143229246E-1,9.609994016E0
8.766703042E0,6.830565298E0,4.632929640E0,-4.897393942E-1,8.268041123E0
8.776705042E0,5.136344503E0,4.907826544E0,-7.242245276E-2,7.104508516E0
8.786707042E0,6.103662252E0,5.789596020E0,1.010273734E0,8.473179331E0
8.796709042E0,3.124736842E0,5.927480382E0,-1.799180070E0,6.938015057E0
8.806711042E0,-2.564455469E0,5.866696236E0,-8.230983971E0,1.042802252E1
8.816713042E0,-1.544666209E1,2.419761147E0,-1.507914705E1,2.172176995E1
8.826715042E0,-2.224708383E1,1.985201635E0,-1.334826597E1,2.602018387E1
8.836717042E0,-3.872833589E1,2.068819742E0,-2.561178221E1,4.647717078E1
8.846718042E0,-5.724321681E1,-1.158691855E1,-6.797262832E1,8.961763639E1
8.856720042E0,-4.842802933E1,-1.347710235E1,-2.272039488E1,5.516450540E1
8.866722042E0,-3.076911763E1,-1.742694681E1,7.924223835E0,3.623852092E1
8.876724042E0,-2.211612958E1,-2.216868904E1,1.070813466E1,3.309438184E1
8.886726042E0,-1.409649907E1,-2.308148150E1,1.194293329E1,2.956517766E1
8.896728042E0,-9.704695154E0,-1.240472533E1,5.601589326E0,1.671634295E1
8.906730042E0,-1.027066470E1,-5.056925281E0,2.525386128E-1,1.145088741E1
8.916732042E0,-9.939593010E0,-7.863809234E0,-9.203128012E0,1.566309580E1
8.926734042E0,-6.815603442E0,-6.947432427E0,-9.632353402E0,1.369311870E1
8.936736042E0,-4.374036566E0,-4.637448076E0,-5.031498663E0,8.121212923E0
8.946738042E0,-1.989230366E0,-3.064612555E0,-3.110545942E0,4.798373018E0
8.956740042E0,-7.560408908E-1,-1.690861277E0,-1.873475377E0,2.634486606E0
8.966742042E0,-2.165013456E-1,-5.864119953E-1,-1.163755544E0,1.321014317E0
8.976744042E0,5.236199158E-1,3.678106222E-1,1.018508953E-1,6.479475865E-1
8.986746042E0,1.573231378E0,8.622520548E-1,1.363460763E0,2.253344365E0
8.996748042E0,2.542567002E0,1.298005276E0,2.488851555E0,3.787327120E0
9.006750042E0,3.654924350E0,1.645906714E0,3.410448171E0,5.262949519E0
9.016752042E0,4.592597301E0,1.469933005E0,4.338017133E0,6.486219673E0
9.026754042E0,4.293060815E0,7.397353452E-1,4.440100163E0,6.220294929E0
9.036755042E0,5.198570572E0,1.260794765E0,4.087962125E0,6.732471594E0
9.046757042E0,6.177301501E0,2.225131604E0,5.052281422E0,8.284673322E0
9.056759042E0,6.192663306E0,2.299004742E0,4.884894934E0,8.215637537E0
9.066761042E0,6.403066006E0,2.390816260E0,4.506031027E0,8.186548252E0
9.076763042E0,6.468213344E0,2.294841524E0,4.790872875E0,8.369978757E0
9.086765250E0,6.539807822E0,2.129136695E0,4.991385010E0,8.498013516E0
9.096767250E0,6.557436007E0,1.877736243E0,5.398900273E0,8.699079523E0
9.106769250E0,6.403308080E0,1.743279519E0,5.725191278E0,8.764655899E0
9.116771250E0,6.423634171E0,1.734436775E0,5.848830653E0,8.858903256E0
9.126773250E0,6.513249768E0,1.883265955E0,5.820688004E0,8.935855977E0
9.136775250E0,6.467508754E0,1.800659416E0,5.422173361E0,8.629658613E0
9.146777250E0,6.393107028E0,1.763350964E0,4.799778770E0,8.186519427E0
9.156779250E0,6.615834489E0,2.510126357E0,4.430367472E0,8.348542163E0
9.166781250E0,7.163750755E0,3.271140305E0,4.325087477E0,8.984768526E0
9.176783250E0,7.539111595E0,3.704122823E0,4.071935784E0,9.334848180E0
9.186785250E0,7.821985270E0,3.790841709E0,3.758648694E0,9.470025049E0
9.196787250E0,7.928585858E0,3.597631870E0,3.419484166E0,9.354052637E0
9.206789250E0,8.458320208E0,3.858065101E0,3.149561781E0,9.815680642E0
9.216791250E0,8.559684615E0,3.949333705E0,2.845733439E0,9.847011537E0
9.226793250E0,8.739099410E0,4.009317074E0,2.357353961E0,9.899676742E0
9.236794250E0,8.920188264E0,4.198991687E0,2.009960792E0,1.006187022E1
9.246796250E0,9.052675061E0,4.363401943E0,1.682302269E0,1.018922682E1
9.256798250E0,9.335761575E0,4.542120335E0,8.106733270E-1,1.041366854E1
9.266800250E0,9.565040841E0,4.816866380E0,2.249131501E-1,1.071180629E1
9.276802250E0,9.616373547E0,4.911761135E0,3.070372939E-1,1.080251404E1
9.286804250E0,9.477044923E0,4.699354595E0,3.246420908E-1,1.058318036E1
9.296806250E0,9.333838425E0,4.471820138E0,3.408939151E-1,1.035538139E1
9.306808250E0,9.316603757E0,4.363963275E0,3.580379514E-1,1.029424462E1
9.316810250E0,9.354605396E0,4.391173001E0,3.210635948E-1,1.033896147E1
9.326812250E0,9.554308276E0,4.383948766E0,4.584369099E-1,1.052207099E1
9.336814250E0,9.205685000E0,4.085293163E0,5.257852129E-1,1.008517261E1
9.346816250E0,8.306014858E0,3.294546416E0,7.228842545E-1,8.964735387E0
9.356818250E0,7.423433204E0,2.712931184E0,1.454045827E0,8.036268127E0
9.366820250E0,6.237635411E0,3.461829701E0,2.322685965E0,7.502481622E0
9.376822250E0,4.784167289E0,3.534407096E0,3.046506944E0,6.682925611E0
9.386824250E0,5.104028696E-1,1.274656175E0,7.299628937E-1,1.555025813E0
9.396826250E0,-1.037313832E1,-5.825700238E0,-9.487065296E0,1.521660901E1
9.406828250E0,-2.857515110E1,-9.090834575E0,-1.208670814E1,3.233065183E1
9.416830250E0,-5.093488505E1,-4.895985640E0,-5.474146922E1,7.493304773E1
9.426832250E0,-6.145600471E1,-1.741310528E1,-6.518700542E1,9.126555991E1
9.436833250E0,-3.738182971E1,-1.723408692E1,-6.645034314E0,4.169617999E1
9.446835250E0,-2.803374571E1,-1.964446709E1,1.073388229E1,3.587495247E1
9.456837250E0,-1.931871403E1,-1.750502468E1,1.128238036E1,2.840652578E1
9.466839250E0,-9.595601898E0,-5.749629132E0,4.437071013E0,1.203417675E1
9.476841250E0,-7.143706500E0,-2.932559913E-1,1.098283978E0,7.233586201E0
9.486843250E0,-8.488912840E0,-3.183113396E0,-5.063985794E0,1.038449826E1
9.496845250E0,-8.719785472E0,-5.945243053E0,-1.180264923E1,1.583297516E1
9.506847250E0,-6.552297474E0,-4.626962557E0,-8.816134722E0,1.191912816E1
9.516849250E0,-4.626937999E0,-2.746781301E0,-4.700093975E0,7.144525606E0
9.526851250E0,-3.358483965E0,-1.153139339E0,-3.903290975E0,5.276819621E0
9.536853250E0,-3.156081426E0,-2.823734459E-1,-2.832982123E0,4.250455557E0
9.546855250E0,-2.579325523E0,3.531893671E-1,-1.358862220E0,2.936693619E0
9.556857250E0,-1.186875435E0,8.645353925E-1,3.133908784E-1,1.501435508E0
9.566859250E0,3.640827298E-1,1.515229630E0,1.271706839E0,2.011396368E0
9.576861250E0,1.582775788E0,1.978271222E0,2.150902078E0,3.323419320E0
9.586863250E0,2.896998317E0,2.207979089E0,2.601707787E0,4.476232157E0
9.596865250E0,3.586353468E0,1.658405722E0,3.408056367E0,5.217958311E0
9.606867250E0,4.582746497E0,2.153783879E0,3.632652598E0,6.231895005E0
9.616869250E0,5.285943761E0,2.821349965E0,4.593866147E0,7.550153855E0
9.626871250E0,5.922165847E0,3.151708001E0,4.632120970E0,8.152414141E0
9.636872250E0,6.056391606E0,3.115530986E0,4.620486473E0,8.230146284E0
9.646874250E0,5.996954075E0,2.842662773E0,4.828530114E0,8.207246364E0
9.656876250E0,6.054897058E0,2.694006671E0,5.005501943E0,8.305088803E0
9.666878250E0,6.079349529E0,2.621247135E0,5.125433013E0,8.372543868E0
9.676880250E0,6.063230510E0,2.431538609E0,5.026009297E0,8.242324531E0
9.686882250E0,6.103157052E0,2.313175469E0,4.721347142E0,8.055459366E0
9.696884250E0,6.375285884E0,2.422111143E0,4.367640589E0,8.098591039E0
9.706886250E0,6.602225094E0,2.653010088E0,4.046691892E0,8.185569864E0
9.716888250E0,6.957322408E0,2.927015584E0,3.882322567E0,8.487884532E0
9.726890250E0,7.270401630E0,3.073394488E0,3.642765065E0,8.693344055E0
9.736892250E0,7.739581044E0,3.458610224E0,3.445625897E0,9.150706926E0
9.746894250E0,8.041522490E0,3.808178118E0,3.316393953E0,9.495618642E0
9.756896250E0,8.233771924E0,4.040372221E0,2.947270339E0,9.633587609E0
9.766898250E0,8.597709643E0,4.406870728E0,2.645806611E0,1.001705612E1
9.776900250E0,8.835334055E0,4.597455460E0,2.512707610E0,1.027197275E1
9.786902250E0,8.812056289E0,4.579194606E0,2.137190212E0,1.015819577E1
9.796904250E0,8.457871726E0,4.324984566E0,1.971633171E0,9.701980365E0
9.806906250E0,8.818849584E0,4.611246411E0,1.937194240E0,1.013846255E1
9.816908250E0,8.998964877E0,4.921839396E0,1.689088694E0,1.039513793E1
9.826910250E0,9.016145750E0,5.071455027E0,8.825740528E-1,1.038217112E1
9.836912250E0,9.330890259E0,5.464303719E0,-2.582878876E-1,1.081623043E1
9.846913250E0,9.537085302E0,5.843218496E0,-8.883499324E-1,1.121999840E1
9.856915250E0,9.329607380E0,5.943976547E0,-9.945143187E-1,1.110682177E1
9.866917250E0,8.876525350E0,5.354887696E0,-8.119583988E-1,1.039840377E1
9.876919250E0,8.716863618E0,5.420841365E0,-1.400932059E0,1.036010826E1
9.886921250E0,8.511572555E0,6.003612884E0,-1.072925481E0,1.047097914E1
9.896923250E0,8.249448894E0,6.048258129E0,-5.588745332E-1,1.024437281E1
9.906925250E0,7.868018060E0,6.188972543E0,-7.391658264E-1,1.003770170E1
9.916927250E0,6.903323956E0,5.820954053E0,-4.631696463E-1,9.041787094E0
9.926929250E0,5.834638876E0,5.749734966E0,-9.564760247E-2,8.192167690E0
9.936931250E0,5.257964834E0,6.900627805E0,-2.900651658E-1,8.680379951E0
9.946933250E0,4.629808397E0,6.921891789E0,-1.743218708E-1,8.329351706E0
9.956935250E0,3.292754245E0,6.579153736E0,-1.026093157E-1,7.357854515E0
9.966937250E0,-1.926427762E0,3.742831391E0,1.131682908E0,4.358969711E0
9.976939250E0,-1.028147152E1,-3.128539871E0,3.567107942E0,1.132345696E1
9.986941250E0,-1.896871373E1,-2.118532477E0,2.413577717E0,1.923864959E1
9.996943250E0,-3.586219917E1,-3.094957557E0,-3.460264343E1,4.993014144E1
1.000694525E1,-5.622945462E1,-1.483391950E1,-6.555785923E1,8.763349612E1
1.001694725E1,-4.894267787E1,-1.534649929E1,-2.899484086E1,5.892029831E1
1.002694925E1,-3.002141546E1,-1.210226524E1,-4.074385183E0,3.262439003E1
1.003695025E1,-2.447090156E1,-1.726654949E1,2.424692981E0,3.004726095E1
1.004695225E1,-2.133802423E1,-1.955191502E1,4.912513672E0,2.935509239E1
1.005695425E1,-1.146442757E1,-9.428769726E0,1.218085240E0,1.489357344E1
1.006695625E1,-8.018958669E0,-5.670766565E0,-2.665836248E-1,9.825088213E0
1.007695825E1,-8.053479461E0,-9.816053038E0,-6.747590969E0,1.437857477E1
1.008696000E1,-4.325099464E0,-8.185355809E0,-5.081267824E0,1.056057848E1
1.009696200E1,-1.694133672E0,-5.719030652E0,-3.041034827E0,6.695169401E0
1.010696400E1,-2.825117326E-1,-3.248151684E0,-3.134714823E0,4.522912697E0
1.011696600E1,3.681652558E-1,-1.545322033E0,-2.486032320E0,2.950241098E0
1.012696800E1,1.133845866E0,-2.309676495E-1,-7.165505505E-1,1.361027992E0
1.013697000E1,2.073446644E0,7.249179161E-1,1.278111587E0,2.541309938E0
1.014697200E1,2.478102618E0,1.495134212E0,2.324291026E0,3.711973555E0
1.015697400E1,3.646264039E0,1.395483039E0,4.323794366E0,5.825616883E0
1.016697600E1,4.422953787E0,7.608049098E-1,5.267236179E0,6.919907607E0
1.017697800E1,6.143957754E0,1.326539689E0,5.747465662E0,8.517117233E0
1.018698000E1,6.522863175E0,1.598924628E0,5.737141818E0,8.832842137E0
1.019698200E1,6.648243851E0,1.968248802E0,5.878063223E0,9.089817210E0
1.020698400E1,6.544080967E0,2.138969958E0,5.791836673E0,8.996975060E0
1.021698600E1,6.534531879E0,2.306992916E0,5.149792514E0,8.633810637E0
1.022698800E1,6.570126804E0,2.414847147E0,4.641035343E0,8.398646440E0
1.023698900E1,6.549011924E0,2.606748379E0,4.154872691E0,8.182155056E0
1.024699100E1,6.631801481E0,2.732256525E0,3.535522160E0,7.996620132E0
1.025699300E1,6.709436132E0,2.852664728E0,3.675272661E0,8.164671359E0
1.026699500E1,6.815827975E0,2.980633089E0,4.523110160E0,8.706216751E0
1.027699700E1,6.738150639E0,2.912266567E0,4.832020609E0,8.788196274E0
1.028699900E1,6.583693514E0,2.528373178E0,4.843895719E0,8.555759286E0
1.029700100E1,6.919690313E0,3.015128738E0,4.575403856E0,8.826518893E0
1.030700300E1,7.026487952E0,3.289112891E0,4.502017206E0,8.969835867E0
1.031700500E1,7.221314254E0,3.617808272E0,4.274833875E0,9.138387216E0
1.032700700E1,7.635222863E0,4.006458078E0,4.343926914E0,9.654948759E0
1.033700900E1,7.976210260E0,4.199805619E0,4.599892872E0,1.012014386E1
1.034701100E1,8.010329348E0,4.113628478E0,4.508493290E0,1.007044325E1
1.035701300E1,8.191308274E0,4.156811920E0,4.103716278E0,1.006067114E1
1.036701500E1,8.442968928E0,4.317500423E0,3.666925761E0,1.016714703E1
1.037701700E1,8.464264487E0,4.285417627E0,3.332689558E0,1.005561521E1
1.038701900E1,8.312614025E0,4.131832030E0,2.864417632E0,9.714755593E0
1.039702100E1,8.227929971E0,4.155998280E0,2.646425246E0,9.590345139E0
1.040702300E1,8.275633310E0,4.267404987E0,2.621622527E0,9.673146162E0
1.041702500E1,8.248924983E0,4.440799490E0,2.285066003E0,9.642976207E0
1.042702700E1,8.287853991E0,4.509909193E0,1.121263097E0,9.501843802E0
1.043702900E1,8.431858048E0,4.654568431E0,2.051529233E-1,9.633448248E0
1.044703000E1,8.596739590E0,4.935393242E0,2.584318022E-1,9.916089200E0
1.045703200E1,8.650753829E0,5.047946881E0,4.601336988E-1,1.002641673E1
1.046703400E1,8.703045478E0,5.097016715E0,5.470280743E-1,1.010058512E1
1.047703600E1,8.768651823E0,5.200780234E0,7.810301363E-1,1.022484122E1
1.048703800E1,8.759262949E0,5.370012689E0,9.937424862E-1,1.032226951E1
1.049704000E1,8.513956465E0,5.196035804E0,1.036218927E0,1.002796053E1
1.050704200E1,8.117095413E0,4.517985075E0,1.030354169E0,9.346713690E0
1.051704400E1,8.064243016E0,4.123759656E0,1.295447119E0,9.149622525E0
1.052704600E1,7.382514389E0,3.883692862E0,2.039628103E0,8.587471790E0
1.053704800E1,6.521071588E0,2.920423140E0,3.528090641E0,7.968730737E0
1.054705000E1,4.826511070E0,2.054257252E0,5.453167112E0,7.566519247E0
1.055705200E1,-2.940250756E0,-1.815406094E0,4.646354263E0,5.790456090E0
1.056705400E1,-1.146259973E1,-7.401596777E0,-1.180142073E0,1.369553076E1
1.057705600E1,-3.006364639E1,-1.222287810E1,-1.514153684E1,3.581183772E1
1.058705800E1,-5.833006451E1,-7.229172328E0,-7.002274632E1,9.142123583E1
1.059706000E1,-6.656605486E1,-8.771960177E0,-6.164022474E1,9.114551142E1
1.060706200E1,-3.554613378E1,-8.995504494E0,-3.160955080E-1,3.666806027E1
1.061706400E1,-1.927717307E1,-9.729096755E0,7.517923039E0,2.286446789E1
1.062706600E1,-1.059687150E1,-7.678078276E0,5.213168145E0,1.408629454E1
1.063706800E1,-7.468327541E0,-7.804413217E-1,8.206894612E-1,7.553710089E0
1.064706900E1,-5.389485671E0,-6.716234690E-1,-9.476345596E-1,5.513224568E0
1.065707100E1,-6.976111266E0,-4.410407417E0,-7.433838909E0,1.110764525E1
1.066707300E1,-7.367778820E0,-7.521593921E0,-1.355811786E1,1.716627798E1
1.067707500E1,-5.314579330E0,-7.022272110E0,-7.377609744E0,1.148852404E1
1.068707700E1,-4.542790133E0,-6.470284427E0,-6.541498252E0,1.026122420E1
1.069707900E1,-5.268154192E0,-5.651188917E0,-6.269288144E0,9.949540622E0
1.070708100E1,-5.855906369E0,-4.566869260E0,-4.393184735E0,8.628325814E0
1.071708300E1,-5.190952234E0,-3.492478467E0,-2.112883190E0,6.603610097E0
1.072708500E1,-3.882703221E0,-2.565521708E0,-4.998363662E-1,4.680504495E0
1.073708700E1,-2.204198572E0,-1.018575903E0,1.434510572E0,2.820249776E0
1.074708900E1,-8.394829971E-1,-3.755286545E-1,2.886935551E0,3.029876293E0
1.075709100E1,2.457847863E-1,-1.337725997E-1,4.006342888E0,4.016103660E0
1.076709300E1,9.689894682E-1,-1.375800142E-1,4.199212419E0,4.311757622E0
1.077709500E1,2.348496160E0,1.987693718E-1,5.781518092E0,6.243468180E0
1.078709700E1,2.782449024E0,3.185846677E-1,6.111886945E0,6.722996415E0
1.079709900E1,3.435725684E0,6.451352897E-1,6.124320465E0,7.051787835E0
1.080710100E1,4.126491183E0,1.166625942E0,5.859081992E0,7.260701575E0
1.081710300E1,4.254268048E0,7.003768596E-1,5.131959676E0,6.702710980E0
1.082710500E1,5.172886092E0,1.378224105E0,4.708626817E0,7.129475346E0
1.083710700E1,5.763990478E0,2.065712824E0,5.034363799E0,7.926889337E0
1.084710900E1,6.169839284E0,2.454574300E0,4.639523838E0,8.100434138E0
1.085711000E1,6.431807994E0,2.613089392E0,4.361284081E0,8.198608972E0
1.086711200E1,6.662740268E0,2.598630690E0,4.028096869E0,8.207956733E0
1.087711400E1,6.907692411E0,2.570276079E0,3.690962787E0,8.242920591E0
1.088711600E1,7.269691778E0,2.798352281E0,3.593493210E0,8.578600555E0
1.089711800E1,7.596449976E0,2.978444184E0,3.351085776E0,8.820825238E0
1.090712000E1,7.753901460E0,3.052438652E0,2.781133400E0,8.784934409E0
1.091712200E1,8.043663155E0,3.295392216E0,2.238187852E0,8.976057691E0
1.092712400E1,8.512199376E0,3.729023483E0,2.274263126E0,9.567414861E0
1.093712600E1,8.588210841E0,3.926326081E0,2.357227953E0,9.732929958E0
1.094712800E1,8.796029656E0,4.290166736E0,2.086010556E0,1.000635340E1
1.095713000E1,9.062496044E0,4.595168029E0,1.853436384E0,1.032858317E1
1.096713200E1,8.741984426E0,4.579576721E0,1.773764563E0,1.002701628E1
1.097713400E1,8.980981765E0,4.856086872E0,1.707638401E0,1.035160094E1
1.098713600E1,9.146235189E0,5.137535580E0,1.324769737E0,1.057368927E1
1.099713800E1,9.367036577E0,5.459628285E0,6.223518332E-1,1.085984517E1
1.100714000E1,9.586314180E0,5.865642568E0,1.551488141E-1,1.123953974E1
1.101714200E1,9.369501178E0,5.949164196E0,-1.705375528E-1,1.109996351E1
1.102714400E1,9.196108430E0,5.923852769E0,-3.823622954E-1,1.094562208E1
1.103714600E1,9.054545000E0,5.811143594E0,-6.731618714E-1,1.077995000E1
1.104714800E1,8.996916012E0,5.687378504E0,-9.237589163E-1,1.068382434E1
1.105715000E1,8.975774235E0,5.683214702E0,-8.890241164E-1,1.066085439E1
1.106715100E1,8.905967250E0,5.624537308E0,-6.546092409E-1,1.055368115E1
1.107715300E1,8.898153031E0,5.603638775E0,-5.383858530E-1,1.052937578E1
1.108715475E1,8.715272006E0,5.351062447E0,-4.451702354E-1,1.023660158E1
1.109715675E1,8.066457941E0,4.823853511E0,-5.508732033E-1,9.414922607E0
1.110715875E1,7.125985928E0,4.227166203E0,-7.811365557E-1,8.322186244E0
1.111716075E1,6.020326565E0,4.028105932E0,-1.036403845E0,7.317383568E0
1.112716275E1,4.459949706E0,4.083197814E0,-8.454453298E-1,6.105606732E0
1.113716475E1,4.373020320E0,4.735173176E0,5.061823493E-1,6.465399624E0
1.114716675E1,5.903737763E0,6.053793688E0,7.899663629E-1,8.492737159E0
1.115716875E1,2.122693064E0,3.628663920E0,-3.425668473E0,5.422935753E0
1.116717075E1,-2.142459576E0,-4.565423828E0,-4.838867991E0,6.989125210E0
1.117717275E1,-1.543700483E1,-1.328537916E1,2.713558883E0,2.054667417E1
1.118717475E1,-3.201236432E1,-2.524686684E1,-2.810401521E1,4.951799093E1
1.119717675E1,-5.595361573E1,-3.575075358E1,-1.093908237E2,1.279659166E2
1.120717875E1,-4.025450595E1,-1.574875264E1,-2.139623677E1,4.823118708E1
1.121718075E1,-3.426883992E1,-1.114643493E1,1.325394102E1,3.839613723E1
1.122718275E1,-3.862962553E1,-1.599158283E1,2.670722766E1,4.961103405E1
1.123718475E1,-1.907573181E1,-1.203567832E1,2.201834075E1,3.152060320E1
1.124718675E1,-8.344350373E0,-4.473990332E0,6.944001281E0,1.174154702E1
1.125718775E1,-8.532256495E0,-4.496563801E0,7.638314286E-1,9.674808803E0
1.126718975E1,-6.664262298E0,-4.391175047E0,-7.350730094E0,1.085025544E1
1.127719175E1,-4.696275451E0,-4.185784873E0,-9.319008132E0,1.124365202E1
1.128719375E1,-1.684840107E0,-2.043859733E0,-6.278744261E0,6.814593039E0
1.129719575E1,2.732579291E-1,-2.005749920E-1,-3.228336055E0,3.246082856E0
1.130719775E1,1.195941542E0,7.708571506E-1,-1.327672879E0,1.946076102E0
1.131719975E1,1.967955857E0,1.367153279E0,3.373814195E-2,2.396475872E0
1.132720175E1,2.687312486E0,1.689179326E0,7.831061903E-1,3.269285931E0
1.133720375E1,3.459170680E0,2.021076349E0,1.789940300E0,4.387994722E0
1.134720575E1,4.187716793E0,2.054541134E0,3.194133644E0,5.653370760E0
1.135720775E1,4.758830134E0,2.397418351E0,3.274334346E0,6.254226123E0
1.136720975E1,4.862431101E0,1.924914795E0,3.894728605E0,6.520540168E0
1.137721175E1,4.848401876E0,1.575467353E0,3.418422604E0,6.137972893E0
1.138721375E1,5.554177762E0,2.422294161E0,3.860057247E0,7.184458335E0
1.139721575E1,6.004496983E0,2.764273246E0,4.218747382E0,7.841748534E0
1.140721775E1,6.069644321E0,2.850340460E0,3.926242758E0,7.770482939E0
1.141721975E1,6.223873989E0,2.917693368E0,3.791722007E0,7.850267371E0
1.142722175E1,6.456416001E0,3.083620976E0,3.931076066E0,8.163784964E0
1.143722375E1,6.554320026E0,3.293284587E0,3.920198491E0,8.317018131E0
1.144722575E1,6.609918861E0,3.380956862E0,3.871476274E0,8.373184889E0
1.145722775E1,6.478439539E0,3.369847444E0,3.961007963E0,8.307564911E0
1.146722975E1,6.060702758E0,3.274042570E0,4.127988363E0,8.030676223E0
1.147723075E1,6.808988487E0,4.057691967E0,4.244304977E0,8.991179736E0
1.148723275E1,7.060170254E0,4.574477364E0,4.831504885E0,9.701303346E0
1.149723475E1,7.469514526E0,4.951715160E0,5.464175665E0,1.049620627E1
1.150723675E1,8.096467606E0,5.072516881E0,5.903689231E0,1.123106236E1
1.151723875E1,8.540298756E0,4.741812105E0,6.492984488E0,1.172946429E1
1.152724075E1,8.647674685E0,4.382018015E0,6.142308254E0,1.147659837E1
1.153724275E1,8.229916855E0,3.774314261E0,4.781845944E0,1.023928856E1
1.154724475E1,7.973914059E0,3.438931420E0,3.697345315E0,9.438215780E0
1.155724675E1,8.016749007E0,3.376562387E0,3.273711033E0,9.294440387E0
1.156724875E1,8.155131551E0,3.606433391E0,3.174796609E0,9.465297984E0
1.157725075E1,8.024810563E0,3.902847171E0,2.897917500E0,9.382309228E0
1.158725275E1,7.967023115E0,3.897424171E0,2.248453078E0,9.149804027E0
1.159725475E1,8.116921166E0,3.850055877E0,2.029740461E0,9.210167524E0
1.160725675E1,8.194121370E0,3.621426237E0,1.343338301E0,9.058858140E0
1.161725875E1,8.372087810E0,3.737468909E0,-6.303355484E-1,9.190095269E0
1.162726075E1,8.833260047E0,4.398220650E0,-2.185817850E0,1.010686042E1
1.163726275E1,8.881223003E0,4.680857805E0,-1.274938449E0,1.011988240E1
1.164726475E1,8.779434088E0,4.869056288E0,-2.692490780E-1,1.004284159E1
1.165726675E1,8.764994389E0,4.978708831E0,3.757035593E-1,1.008730992E1
1.166726875E1,8.167278557E0,4.750373890E0,1.024719938E0,9.503712016E0
1.167727075E1,7.198132968E0,4.546766240E0,1.119844708E0,8.587214545E0
1.168727275E1,4.935346465E0,4.184511350E0,1.816736920E0,6.720737534E0
1.169727375E1,3.616058493E0,4.010740579E0,3.602698774E0,6.491637503E0
1.170727575E1,1.696850288E0,3.241152567E0,5.918097939E0,6.957604047E0
1.171727775E1,-5.795030422E0,-1.093411201E0,6.796154433E0,8.998090949E0
1.172727975E1,-2.234200285E1,-6.359942790E0,-7.406200290E-2,2.322971047E1
1.173728175E1,-4.037225952E1,-8.403538814E0,-4.028368122E1,5.764818970E1
1.174728375E1,-5.717410272E1,-1.209165021E1,-6.767882210E1,8.941761005E1
1.175728575E1,-4.315951963E1,-1.430906992E1,-2.026796037E1,4.978236469E1
1.176728775E1,-2.844672286E1,-1.714234528E1,3.973169003E0,3.344939633E1
1.177728975E1,-1.745572680E1,-1.528557598E1,7.711360627E0,2.445028249E1
1.178729175E1,-6.819755550E0,-3.182558203E0,2.308048630E0,7.871774321E0
1.179729375E1,-4.559320212E0,2.271307066E0,-3.357222136E0,6.100588255E0
1.180729575E1,-6.838691758E0,4.022562772E-1,-3.142880752E0,7.537056089E0
1.181729775E1,-8.207187558E0,-4.617897618E0,-9.915573817E0,1.367484955E1
1.182729975E1,-6.287159573E0,-6.702776154E0,-9.954628540E0,1.354807045E1
1.183730175E1,-4.274016434E0,-4.973743960E0,-7.071479938E0,9.644230087E0
1.184730375E1,-2.739432812E0,-2.944508699E0,-5.580167466E0,6.878436782E0
1.185730575E1,-2.313828603E0,-1.691032016E0,-3.655619292E0,4.645098975E0
1.186730775E1,-2.239798760E0,-1.498313343E0,-1.332359715E0,3.006131030E0
1.187730975E1,-1.350630217E0,-1.292543100E0,3.948224196E-1,1.910694741E0
1.188731075E1,2.171562338E-1,-6.246454766E-1,1.555791765E0,1.690510816E0
1.189731275E1,1.030414469E0,-9.847588241E-3,2.279428264E0,2.501528365E0
1.190731475E1,1.722055880E0,-9.807330161E-2,3.006118471E0,3.465810596E0
1.191731675E1,2.774788002E0,4.080190006E-1,4.394883059E0,5.213532877E0
1.192731875E1,3.479911923E0,8.484081870E-1,5.000321894E0,6.150837544E0
1.193732075E1,3.461335319E0,4.984491143E-1,4.324819382E0,5.561776371E0
1.194732275E1,4.916871017E0,1.654663796E0,4.403338133E0,6.804624868E0
1.195732475E1,5.525281407E0,2.267352009E0,5.210223488E0,7.925657610E0
1.196732675E1,5.789204257E0,2.319762942E0,5.090541508E0,8.050453334E0
1.197732875E1,6.160413573E0,2.456127905E0,4.955702376E0,8.279024442E0
1.198733075E1,6.511825971E0,2.678154285E0,4.896815652E0,8.576432322E0
1.199733275E1,6.564596508E0,2.693506442E0,5.035574173E0,8.700914406E0
1.200733475E1,6.466522914E0,2.326352170E0,5.313457249E0,8.686809596E0
1.201733675E1,6.324270097E0,2.031962111E0,5.310628366E0,8.504589110E0
1.202733875E1,6.356372480E0,1.890193151E0,5.228287876E0,8.444601552E0
1.203734075E1,6.499284278E0,1.878389085E0,5.129557639E0,8.490076752E0
1.204734275E1,6.751990998E0,2.028905771E0,5.069968665E0,8.683917511E0
1.205734475E1,6.947573930E0,2.246024875E0,4.900809301E0,8.793824143E0
1.206734675E1,7.155050683E0,2.501570711E0,4.742000385E0,8.940870984E0
1.207734875E1,7.408604665E0,2.732673139E0,4.660850388E0,9.169430293E0
1.208735054E1,7.346666279E0,2.627482021E0,4.539082706E0,9.026651594E0
1.209735254E1,7.075646079E0,2.234799683E0,3.669645008E0,8.278006496E0
1.210735354E1,7.541345816E0,2.972025988E0,3.203227526E0,8.715819053E0
1.211735554E1,7.974566023E0,3.579064329E0,3.088717993E0,9.270576227E0
1.212735754E1,8.430095698E0,4.029335602E0,2.645927940E0,9.710972842E0
1.213735954E1,8.651574193E0,4.266894818E0,2.385359054E0,9.937105475E0
1.214736154E1,8.837914431E0,4.497681496E0,2.151445723E0,1.014724539E1
1.215736354E1,8.699596206E0,4.458545789E0,1.804416690E0,9.940700392E0
1.216736554E1,8.618492401E0,4.355328400E0,1.240113602E0,9.735767997E0
1.217736754E1,8.666931905E0,4.487759648E0,5.704299469E-1,9.776557964E0
1.218736954E1,8.662855811E0,4.571494700E0,2.858529778E-1,9.799252345E0
1.219737154E1,8.544652008E0,4.650691727E0,8.431465700E-2,9.728675164E0
1.220737354E1,8.333524253E0,4.568997646E0,-1.334802389E-2,9.503869956E0
1.221737554E1,8.093496636E0,4.542162727E0,-9.944944382E-3,9.280949786E0
1.222737754E1,7.331534269E0,4.479714464E0,-3.974516201E-1,8.601000187E0
1.223737954E1,6.101628006E0,4.679347470E0,-8.049779197E-1,7.731374167E0
1.224738154E1,6.139412713E0,5.168468521E0,-4.400194962E-1,8.037354818E0
1.225738354E1,5.836262063E0,4.968307804E0,-9.568768148E-1,7.724095452E0
1.226738554E1,3.805397767E0,3.564698597E0,-2.242600161E0,5.676035917E0
1.227738754E1,8.535379493E-1,4.323720691E-1,-3.064109402E0,3.210021661E0
1.228738954E1,-6.682279909E0,-4.652786492E0,-6.466097821E0,1.039767801E1
1.229739154E1,-1.418010139E1,-5.832214036E0,-6.990031732E0,1.685083202E1
1.230739354E1,-2.404927989E1,-3.685173459E0,-1.810807258E1,3.032903987E1
1.231739554E1,-3.708172487E1,-9.012432184E0,-3.571577788E1,5.226753335E1
1.232739654E1,-3.887129797E1,-8.515114213E0,-1.806067505E1,4.369980503E1
1.233739854E1,-3.404331749E1,-1.628908098E1,9.079796201E0,3.881654704E1
1.234740054E1,-2.046819476E1,-1.685939851E1,9.087357820E0,2.803152488E1
1.235740254E1,-1.207437636E1,-7.895232171E0,2.889656553E0,1.471310200E1
1.236740454E1,-1.070133552E1,-2.347239886E0,-7.855144830E0,1.348077955E1
1.237740654E1,-8.680293962E0,-1.961917145E0,-8.870075287E0,1.256482621E1
1.238740854E1,-5.830555181E0,-2.075658061E0,-3.716450508E0,7.219122833E0
1.239741054E1,-7.354910268E0,-5.471191739E0,-7.713827568E0,1.198047494E1
1.240741254E1,-5.771059177E0,-5.500453545E0,-9.131335899E0,1.212193914E1
1.241741454E1,-5.385659253E0,-3.731138129E0,-6.344702607E0,9.120414930E0
1.242741654E1,-6.097504549E0,-2.944527994E0,-6.156700591E0,9.151763163E0
1.243741854E1,-6.549646347E0,-2.926910334E0,-3.663955667E0,8.055385931E0
1.244742054E1,-5.591390612E0,-2.585186772E0,-1.968421880E0,6.466956341E0
1.245742254E1,-4.052232714E0,-2.128528000E0,-8.006139234E-1,4.646741231E0
1.246742454E1,-2.656077245E0,-1.420025850E0,4.248162970E-1,3.041658862E0
1.247742654E1,-1.165946496E0,-4.684008577E-1,1.725733194E0,2.134709735E0
1.248742854E1,7.141789198E-3,-9.291518033E-2,2.611736932E0,2.613398943E0
1.249743054E1,1.300186872E0,5.330222386E-1,3.261889425E0,3.551692727E0
1.250743254E1,2.148555883E0,6.488921258E-1,3.703603298E0,4.330592426E0
1.251743454E1,3.385949507E0,9.932790944E-1,4.397864262E0,5.638480956E0
1.252743654E1,3.899107584E0,1.346502083E0,4.631683891E0,6.202306303E0
1.253743754E1,4.089011115E0,1.467947290E0,4.491573494E0,6.248928997E0
1.254743954E1,3.949317040E0,1.152322191E0,3.901949624E0,5.670111320E0
1.255744154E1,4.745646417E0,2.299580108E0,4.797945960E0,7.129482030E0
1.256744354E1,4.719894694E0,2.296203049E0,5.283221297E0,7.447307006E0
1.257744554E1,4.834331721E0,2.320555532E0,4.994738388E0,7.328243496E0
1.258744754E1,5.033969112E0,2.393418564E0,5.242843934E0,7.652235618E0
1.259744954E1,5.189556504E0,2.496141571E0,5.495975747E0,7.960400044E0
1.260745154E1,5.101119706E0,2.508469548E0,5.500573997E0,7.910129963E0
1.261745354E1,5.110696861E0,2.540513459E0,5.203160636E0,7.723102462E0
1.262745554E1,5.362538193E0,2.752915030E0,4.899955899E0,7.768199589E0
1.263745754E1,5.895082714E0,3.050463462E0,4.596237777E0,8.073582182E0
1.264745954E1,6.354562767E0,3.301864207E0,4.373335777E0,8.390997618E0
1.265746154E1,6.541393002E0,3.357100222E0,4.156239477E0,8.445961810E0
1.266746354E1,6.927612121E0,3.447510747E0,3.721734052E0,8.586526911E0
1.267746554E1,7.303817883E0,3.537492964E0,3.103143075E0,8.688446874E0
1.268746754E1,7.761297019E0,3.681475972E0,2.592541984E0,8.972863015E0
1.269746954E1,8.326198277E0,4.023411203E0,2.265061947E0,9.520710114E0
1.270747154E1,8.631311252E0,4.191466613E0,1.987392586E0,9.798859913E0
1.271747354E1,8.754764686E0,4.223832413E0,1.545246019E0,9.842481913E0
1.272747554E1,8.851579374E0,4.404790289E0,1.044013338E0,9.941961515E0
1.273747754E1,8.891362660E0,4.566656129E0,2.415017009E-1,9.998449941E0
1.274747954E1,9.209520189E0,4.757422709E0,-5.296922493E-1,1.037925367E1
1.275748054E1,9.412246079E0,5.050309156E0,-1.019141622E0,1.073008148E1
1.276748254E1,9.348659948E0,5.038120635E0,-1.163555569E0,1.068334985E1
1.277748454E1,9.238566817E0,4.783751552E0,-1.582164170E0,1.052324281E1
1.278748654E1,9.211353875E0,4.673214033E0,-1.707195182E0,1.046912055E1
1.279748854E1,9.044961998E0,4.615620713E0,-2.062829854E0,1.036197660E1
1.280749054E1,8.958510915E0,4.564328645E0,-2.135780302E0,1.027859773E1
1.281749254E1,9.030655031E0,4.601682412E0,-2.127735118E0,1.035642159E1
1.282749454E1,8.723463371E0,4.614244570E0,-2.424215410E0,1.016203161E1
1.283749654E1,8.593806626E0,4.669130045E0,-1.837983947E0,9.951506052E0
1.284749854E1,8.864873604E0,4.667390206E0,-4.447223387E-1,1.002837441E1
1.285750054E1,8.362634032E0,4.326751302E0,1.233856058E0,9.496147932E0
1.286750254E1,7.744823073E0,4.036197017E0,1.815107301E0,8.920077652E0
1.287750454E1,6.271462723E0,3.316431668E0,2.261865567E0,7.446207057E0
1.288750654E1,3.669636530E0,9.344727695E-2,2.695265869E0,4.554055638E0
1.289750854E1,-8.178551989E0,-1.256639032E1,-4.550699662E0,1.566881443E1
1.290751054E1,-2.162385484E1,-1.702991385E1,-8.052182549E0,2.867833167E1
1.291751254E1,-3.807504987E1,-6.251603240E-1,-5.479140444E1,6.672479485E1
1.292751454E1,-5.270857009E1,-1.364682714E1,-6.351043094E1,8.365407396E1
1.293751654E1,-3.931887192E1,-1.743773726E1,2.003091483E0,4.305880567E1
1.294751854E1,-3.280643492E1,-2.129047233E1,1.031009130E1,4.044557289E1
1.295752054E1,-2.563132361E1,-1.890358394E1,1.048061482E1,3.352839875E1
1.296752154E1,-1.691288182E1,-9.490522170E0,2.103633187E0,1.950745640E1
1.297752354E1,-1.339215400E1,-6.053627043E0,-5.020979522E0,1.553082176E1
1.298752554E1,-8.585681920E0,-4.417069150E0,-1.939806191E0,9.848212120E0
1.299752754E1,-6.541125199E0,-3.794189824E0,-4.009815842E-1,7.572514875E0
1.300752954E1,-6.056448909E0,-6.661413535E0,-6.985403076E0,1.139521214E1
1.301753154E1,-3.084643654E0,-4.143962079E0,-4.298347575E0,6.720360114E0
1.302753354E1,-1.616548721E0,-1.714664415E0,-2.457396166E0,3.404717278E0
1.303753554E1,-1.028918751E0,-9.268064851E-1,-2.425834942E0,2.793263186E0
1.304753754E1,-5.215242738E-1,1.469028148E-1,-7.229772252E-1,9.034733384E-1
1.305753954E1,3.540570939E-1,9.359629324E-1,8.556496713E-1,1.316631838E0
1.306754154E1,1.174622594E0,1.176751858E0,2.259669353E0,2.805456960E0
1.307754354E1,2.581922271E0,1.737698644E0,2.802108240E0,4.187807276E0
1.308754542E1,3.403330355E0,1.719768450E0,4.018674666E0,5.539856234E0
1.309754742E1,4.214796419E0,1.420476670E0,3.670218035E0,5.766520896E0
1.310754942E1,5.627411215E0,2.648004871E0,4.267007961E0,7.542350013E0
1.311755142E1,6.102258920E0,3.060305496E0,4.396409183E0,8.119818185E0
1.312755342E1,6.257233524E0,3.112958211E0,4.114194781E0,8.109875393E0
1.313755542E1,6.647054527E0,3.384778017E0,3.871912477E0,8.404270482E0
1.314755742E1,6.720376273E0,3.504609978E0,3.850504943E0,8.501302057E0
1.315755942E1,6.650762247E0,3.327694282E0,3.768496574E0,8.337131049E0
1.316756142E1,6.629083695E0,3.189112055E0,3.602026345E0,8.190835130E0
1.317756342E1,6.635624390E0,3.036743848E0,3.680359738E0,8.173027104E0
1.318756542E1,6.736270174E0,3.074596091E0,3.750958728E0,8.300612529E0
1.319756642E1,6.743371033E0,3.121650681E0,3.841635886E0,8.365161215E0
1.320756842E1,6.742139609E0,3.158305707E0,4.140504620E0,8.519103237E0
1.321757042E1,6.862011039E0,3.260230570E0,4.449715909E0,8.804332486E0
1.322757242E1,7.068956280E0,3.108327216E0,4.684459398E0,9.031943358E0
1.323757442E1,7.279924405E0,3.200703575E0,4.602289646E0,9.188192026E0
1.324757642E1,7.647014943E0,3.520360038E0,4.308593359E0,9.456941845E0
1.325757842E1,8.024279636E0,3.865404526E0,4.152743427E0,9.827293309E0
1.326758042E1,8.428652605E0,4.168080381E0,4.063803476E0,1.024351392E1
1.327758242E1,8.685178726E0,4.161282993E0,3.722877767E0,1.032513557E1
1.328758442E1,8.895201357E0,4.162510616E0,3.166254412E0,1.031873388E1
1.329758642E1,8.929486506E0,4.131953067E0,2.571120125E0,1.016953411E1
1.330758842E1,8.865989837E0,3.986226420E0,2.191035905E0,9.964758662E0
1.331759042E1,8.863709423E0,3.988963794E0,2.175668399E0,9.960457312E0
1.332759242E1,8.574502044E0,3.841313120E0,2.359451211E0,9.687351640E0
1.333759442E1,8.659542779E0,3.997315957E0,1.772423358E0,9.700912357E0
1.334759642E1,9.050139123E0,4.221138893E0,-5.536167169E-1,1.000147605E1
1.335759842E1,8.991658781E0,4.275714758E0,-1.611292659E0,1.008602639E1
1.336760042E1,8.730450209E0,3.975262306E0,-3.206927352E-1,9.598245417E0
1.337760242E1,8.652762932E0,3.950231253E0,-4.734654967E-1,9.523591911E0
1.338760442E1,8.465986492E0,4.133829439E0,-4.701126301E-1,9.433052475E0
1.339760642E1,7.653320580E0,3.887130148E0,-1.523725927E-1,8.585238150E0
1.340760842E1,6.289220717E0,3.601681359E0,-6.229646945E-1,7.274234726E0
1.341760942E1,5.248594086E0,4.242260790E0,-1.272855817E0,6.867654507E0
1.342761142E1,5.424881791E0,5.256740427E0,-7.050315356E-1,7.586813022E0
1.343761342E1,4.860966373E0,4.590183863E0,-2.035338732E0,6.988661226E0
1.344761542E1,-1.935421364E0,-3.042624977E-1,-7.472365043E0,7.724938243E0
1.345761742E1,-1.158742258E1,-6.203331551E0,-8.821063925E0,1.582911410E1
1.346761942E1,-2.286621509E1,-6.541756114E0,-8.195888983E0,2.515613169E1
1.347762142E1,-3.895767772E1,-1.189302263E1,-4.209346463E1,5.857477618E1
1.348762342E1,-4.188012078E1,-1.255986483E1,-4.932787840E1,6.591611569E1
1.349762542E1,-2.967788686E1,-6.897961475E0,-1.018691269E1,3.212681172E1
1.350762742E1,-2.645455076E1,-1.145204083E1,1.132043053E1,3.097006042E1
1.351762942E1,-2.673453182E1,-1.862775908E1,1.651629559E1,3.653103639E1
1.352763142E1,-1.262241717E1,-1.202597545E1,9.564427468E0,1.988536581E1
1.353763342E1,-1.025279561E1,-4.078808016E0,2.709260595E0,1.136206784E1
1.354763542E1,-1.028841802E1,-3.964167799E0,-3.390446016E0,1.153521980E1
1.355763742E1,-1.099791799E1,-7.537241655E0,-1.070954735E1,1.710142147E1
1.356763942E1,-8.191668463E0,-7.534638475E0,-9.141225294E0,1.440264590E1
1.357764142E1,-5.743422312E0,-5.654850444E0,-4.160632783E0,9.070562196E0
1.358764342E1,-3.876084757E0,-3.184287225E0,-4.264774617E0,6.584225142E0
1.359764542E1,-2.848838895E0,-1.588558977E0,-3.382868024E0,4.699276406E0
1.360764742E1,-1.939537804E0,-8.276213354E-1,-1.899842811E0,2.838338718E0
1.361764842E1,-1.032417725E0,-3.760841399E-1,-9.367277482E-1,1.443878289E0
1.362765042E1,-4.684853500E-1,-1.349157304E-2,2.324347159E-1,5.231504974E-1
1.363765242E1,2.543813628E-1,3.621432084E-1,1.712771964E0,1.769023850E0
1.364765442E1,9.782274842E-1,6.178071579E-1,2.915347172E0,3.136536917E0
1.365765642E1,1.777719035E0,1.098914600E0,3.066196273E0,3.710722012E0
1.366765842E1,2.815915563E0,1.375871185E0,4.336660286E0,5.350609724E0
1.367766042E1,2.978755841E0,8.367456231E-1,4.380899735E0,5.363339639E0
1.368766242E1,4.033097116E0,1.554363583E0,4.195072006E0,6.023333598E0
1.369766442E1,4.775521595E0,2.228875576E0,4.728549450E0,7.080442977E0
1.370766642E1,5.214953885E0,2.341100309E0,4.647811097E0,7.367404066E0
1.371766842E1,5.585467967E0,2.470175256E0,4.562805737E0,7.623543428E0
1.372767042E1,5.926507405E0,2.462234152E0,4.493439049E0,7.834352655E0
1.373767242E1,6.138213449E0,2.465417084E0,4.154948120E0,7.811500472E0
1.374767442E1,6.561039062E0,2.702705866E0,3.772744576E0,8.036507588E0
1.375767642E1,6.858910845E0,2.895573058E0,3.644653716E0,8.289300455E0
1.376767842E1,7.068379744E0,2.758190680E0,3.366873550E0,8.300930402E0
1.377768042E1,7.398818765E0,2.825819576E0,2.967802252E0,8.457873586E0
1.378768242E1,7.657210148E0,2.948227528E0,2.643274766E0,8.620430053E0
1.379768442E1,7.881025776E0,2.956562734E0,2.405378312E0,8.754294677E0
1.380768642E1,8.350378268E0,3.054578440E0,2.419184758E0,9.214755643E0
1.381768842E1,8.702114017E0,3.058530281E0,2.200248778E0,9.482746993E0
1.382769042E1,8.776740276E0,3.124694742E0,1.395362002E0,9.420293107E0
1.383769242E1,8.981713836E0,3.172825221E0,1.184537279E0,9.599017235E0
1.384769442E1,9.245316258E0,3.112661757E0,1.571157371E0,9.880944864E0
1.385769542E1,9.518664234E0,3.262050223E0,1.248924333E0,1.013931716E1
1.386769742E1,9.695964677E0,3.371317727E0,1.073556907E0,1.032133900E1
1.387769942E1,9.031114038E0,2.650663308E0,6.709106934E-1,9.435950291E0
1.388770142E1,9.217135018E0,3.093579661E0,7.135439122E-1,9.748587486E0
1.389770342E1,9.448545009E0,3.619342581E0,1.096638279E0,1.017729134E1
1.390770542E1,9.174808778E0,3.482581177E0,5.305547136E-1,9.827867320E0
1.391770742E1,9.633902915E0,3.932182360E0,-2.247400725E-1,1.040791293E1
1.392770942E1,1.002570379E1,4.319549287E0,-4.223935032E-1,1.092481847E1
1.393771142E1,1.019112853E1,4.583351099E0,-1.846737814E-1,1.117588084E1
1.394771342E1,1.008887476E1,4.740435378E0,-1.507184154E-1,1.114808672E1
1.395771542E1,9.701708981E0,4.606474790E0,-3.738551813E-1,1.074628005E1
1.396771742E1,9.137093652E0,4.334842387E0,-8.653820693E-2,1.011359618E1
1.397771942E1,8.500640600E0,3.619831116E0,1.554813818E0,9.369178936E0
1.398772142E1,8.263559394E0,3.362916740E0,1.808978688E0,9.103187725E0
1.399772342E1,7.318758688E0,2.903651572E0,2.093585478E0,8.147301476E0
1.400772542E1,5.125141822E0,2.357717804E0,3.595126045E0,6.689607105E0
1.401772742E1,2.696461040E0,1.863881558E0,6.854784465E0,7.598225231E0
1.402772942E1,-1.099371852E0,-8.307124659E-1,7.147696055E0,7.279303577E0
1.403773142E1,-4.455235096E0,-6.794087443E0,7.420695537E0,1.100342975E1
1.404773342E1,-1.884138827E1,-1.677307724E1,-3.676641202E0,2.549218944E1
1.405773542E1,-3.270550730E1,-5.916471244E0,-2.758987422E1,4.319555531E1
1.406773642E1,-5.516436324E1,-8.244902683E0,-9.460738792E1,1.098255127E2
1.407773842E1,-4.175438693E1,-1.936853230E1,-2.062596434E1,5.043807368E1
1.408774067E1,-2.561963619E1,-1.177880195E1,9.381317232E0,2.971725167E1
1.409774267E1,-1.879660211E1,-5.272067733E0,5.511033497E0,2.028493133E1
1.410774467E1,-1.374867979E1,2.002797368E0,2.084363980E0,1.404926925E1
1.411774667E1,-1.209870896E1,1.952829695E0,-4.312829082E0,1.299202821E1
1.412774867E1,-1.138313139E1,1.614825547E0,-2.583859161E0,1.178387330E1
1.413775067E1,-1.421619040E1,-4.181753218E0,-8.665513955E0,1.716619532E1
1.414775267E1,-1.109762121E1,-3.268518705E0,-1.042314722E1,1.557184668E1
1.415775467E1,-7.047445543E0,-1.761015001E0,-2.124001963E0,7.568292202E0
1.416775667E1,-4.302356719E0,-9.891003817E-1,1.317693436E-1,4.416554773E0
1.417775867E1,-2.573131567E0,-6.099727660E-1,2.067997916E0,3.357035630E0
1.418776067E1,-9.615254974E-1,-3.797541448E-1,2.754073363E0,2.941711166E0
1.419776267E1,1.166499642E0,1.551728243E-1,4.333614764E0,4.490547511E0
1.420776467E1,2.923103796E0,8.083804876E-1,4.727299316E0,5.616526830E0
1.421776667E1,4.268580278E0,1.308956819E0,4.599387673E0,6.410032176E0
1.422776867E1,4.592376276E0,9.832707077E-1,3.776578888E0,6.026548701E0
1.423777067E1,6.131803731E0,1.891183377E0,2.694837268E0,6.959722657E0
1.424777267E1,6.824233348E0,2.896898915E0,3.540698700E0,8.215761157E0
1.425777467E1,6.931763059E0,2.759442861E0,3.679630591E0,8.318866828E0
1.426777667E1,7.431146851E0,2.908799753E0,3.458624550E0,8.697421646E0
1.427777867E1,7.642500308E0,3.039349075E0,3.433343236E0,8.912536088E0
1.428777967E1,7.698607265E0,3.143775668E0,3.024570529E0,8.848723420E0
1.429778167E1,7.739343647E0,3.143120488E0,2.633837068E0,8.758638261E0
1.430778367E1,7.841775171E0,3.127506376E0,2.436982367E0,8.787127916E0
1.431778567E1,8.072373569E0,3.208563110E0,2.619324863E0,9.072979390E0
1.432778767E1,8.171699052E0,3.233992943E0,2.839993227E0,9.235850653E0
1.433778967E1,8.046701369E0,3.133309737E0,2.925928294E0,9.117460678E0
1.434779167E1,8.083997834E0,3.001348605E0,3.098478751E0,9.162951762E0
1.435779367E1,8.218073319E0,3.012388733E0,3.219773977E0,9.326208202E0
1.436779567E1,8.318937789E0,3.099089492E0,3.180432448E0,9.429964591E0
1.437779767E1,8.621884371E0,3.418240170E0,3.235419956E0,9.822891543E0
1.438779967E1,8.905385453E0,3.650703538E0,3.411453892E0,1.021134389E1
1.439780167E1,8.941876171E0,3.678751462E0,3.332151614E0,1.022710106E1
1.440780367E1,9.063720451E0,3.807499257E0,3.063262725E0,1.029716745E1
1.441780567E1,9.202468446E0,3.940011781E0,2.884236184E0,1.041767425E1
1.442780767E1,9.086417588E0,3.806454067E0,2.614956993E0,1.019264819E1
1.443780967E1,8.883170711E0,3.672638490E0,2.120623880E0,9.843578668E0
1.444781167E1,8.852871024E0,3.745978362E0,1.873516746E0,9.793658369E0
1.445781367E1,8.941787294E0,3.925797200E0,1.732300787E0,9.918079939E0
1.446781567E1,8.979992416E0,3.994144135E0,1.594494778E0,9.956699491E0
1.447781767E1,9.127839264E0,4.098641772E0,4.712961066E-1,1.001690741E1
1.448781967E1,9.270813042E0,4.287282012E0,-4.392252251E-1,1.022358451E1
1.449782167E1,9.313913453E0,4.206518808E0,4.395365162E-1,1.022922170E1
1.450782367E1,9.311386287E0,4.317499838E0,5.418462718E-1,1.027795295E1
1.451782567E1,9.348027279E0,4.205679148E0,5.224967023E-1,1.026383719E1
1.452782667E1,9.362291561E0,4.172781543E0,8.292989016E-1,1.028359595E1
1.453782867E1,9.297154164E0,4.150395185E0,1.044606246E0,1.023494299E1
1.454783067E1,8.848382117E0,3.812415596E0,9.512764978E-1,9.681596239E0
1.455783267E1,8.051217173E0,2.859635486E0,1.510046951E0,8.676396422E0
1.456783467E1,8.185558707E0,2.437585799E0,2.861467127E0,9.007396405E0
1.457783667E1,7.624644080E0,1.681165717E0,4.351357555E0,8.938446626E0
1.458783867E1,2.386704206E0,-1.883389331E0,4.739905035E0,5.631182121E0
1.459784067E1,-5.703824383E-1,-4.905914505E0,3.676322236E0,6.157002390E0
1.460784267E1,-6.410097283E0,-1.426382182E1,-3.844803908E0,1.610367900E1
1.461784467E1,-2.474423550E1,-2.656691787E1,-6.999589591E0,3.697394448E1
1.462784667E1,-5.415743996E1,-1.118569782E1,-5.622842551E1,7.886560704E1
1.463784867E1,-7.592640866E1,-8.396125714E0,-8.397935778E1,1.135246537E2
1.464785067E1,-4.729199485E1,-4.435023025E0,-3.759239555E0,4.764802292E1
1.465785267E1,-2.460213647E1,-8.416267033E0,1.263204052E1,2.890790752E1
1.466785467E1,-1.385743800E1,-6.103644125E0,9.887413627E0,1.808435809E1
1.467785667E1,-9.290478982E0,7.240805948E-1,7.953672752E0,1.225145717E1
1.468785867E1,-5.977661771E0,1.025839022E0,2.390363393E0,6.519096801E0
1.469786067E1,-6.185728508E0,-2.070535608E0,-1.799361334E0,6.766687232E0
1.470786267E1,-6.682640682E0,-4.082933519E0,-1.155911036E1,1.396212967E1
1.471786467E1,-4.958114938E0,-3.498746974E0,-1.030657713E1,1.196033721E1
1.472786667E1,-2.916314594E0,-2.651445958E0,-4.999749452E0,6.366517970E0
1.473786767E1,-1.619118572E0,-1.503824928E0,-3.188771747E0,3.879600446E0
1.474786967E1,-1.033745627E0,-4.483922705E-1,-1.022870976E0,1.521824787E0
1.475787167E1,-6.951403856E-1,-6.599050641E-2,1.366026813E0,1.534146068E0
1.476787367E1,-3.955758333E-2,8.311846286E-2,3.077711487E0,3.079087767E0
1.477787567E1,5.808998251E-1,2.444592226E-1,3.177345118E0,3.239247894E0
1.478787767E1,1.819842961E0,7.331335464E-1,4.098836192E0,4.544201946E0
1.479787967E1,3.018175430E0,1.239491312E0,4.504249673E0,5.561833039E0
1.480788167E1,3.392638137E0,5.209000835E-1,4.224979637E0,5.443508368E0
1.481788367E1,4.720955964E0,1.427963153E0,4.182361621E0,6.466734315E0
1.482788567E1,5.266558487E0,2.024453701E0,4.652436244E0,7.313016757E0
1.483788767E1,5.628420444E0,1.910935564E0,4.520050019E0,7.467371934E0
1.484788967E1,6.092629725E0,1.993658170E0,4.438105970E0,7.796896464E0
1.485789167E1,6.458654315E0,2.156514236E0,4.407782017E0,8.111307634E0
1.486789367E1,6.689527532E0,2.199282525E0,4.471177237E0,8.341345702E0
1.487789567E1,6.843857188E0,2.146487723E0,4.547355347E0,8.492598625E0
1.488789767E1,6.836486773E0,2.037955507E0,4.516508361E0,8.443320544E0
1.489789967E1,6.791801766E0,1.943477950E0,4.331009245E0,8.286333257E0
1.490790167E1,6.799520676E0,1.915701337E0,4.104187271E0,8.169929387E0
1.491790367E1,6.940644979E0,2.065601435E0,3.875861101E0,8.213498724E0
1.492790567E1,7.169931262E0,2.431835648E0,3.659453896E0,8.409122531E0
1.493790767E1,7.379330580E0,2.741673173E0,3.409840060E0,8.578945205E0
1.494790967E1,7.583061606E0,2.974987018E0,3.213792275E0,8.756816309E0
1.495791067E1,7.825835077E0,3.205562027E0,3.033100155E0,8.984376389E0
1.496791267E1,8.033561506E0,3.349357631E0,2.932689722E0,9.184605381E0
1.497791467E1,8.173018768E0,3.493390048E0,2.702535127E0,9.290086433E0
1.498791667E1,8.625738856E0,3.924514029E0,2.530646868E0,9.808636742E0
1.499791867E1,8.866918960E0,4.138574162E0,2.270204720E0,1.004509220E1
1.500792067E1,9.023693921E0,4.207100606E0,1.899324017E0,1.013578705E1
1.501792267E1,9.169995350E0,4.293332126E0,1.673140998E0,1.026259793E1
1.502792467E1,9.394399792E0,4.545414948E0,1.655441476E0,1.056674174E1
1.503792667E1,9.444232103E0,4.642937442E0,1.527971005E0,1.063414705E1
1.504792867E1,9.375275304E0,4.689956073E0,1.095177644E0,1.053996627E1
1.505793067E1,9.113225318E0,4.597386755E0,-3.117115946E-1,1.021195401E1
1.506793267E1,8.999124506E0,4.597479434E0,-1.183283490E0,1.017453777E1
1.507793467E1,9.066934081E0,4.557682115E0,-8.632782412E-1,1.018464576E1
1.508793737E1,9.041778190E0,4.576265443E0,-1.318197466E0,1.021927604E1
1.509793937E1,9.105202938E0,4.636320733E0,-1.548087181E0,1.033425200E1
1.510794137E1,8.854468483E0,4.766623010E0,-7.364837086E-1,1.008289221E1
1.511794337E1,8.408118938E0,4.920622591E0,-2.952013600E-1,9.746596052E0
1.512794537E1,7.152762083E0,4.367010552E0,7.232385957E-1,8.411650292E0
1.513794737E1,6.519108678E0,3.501047269E0,1.663106591E0,7.584328149E0
1.514794937E1,5.206675397E0,3.367826062E0,3.023910379E0,6.898967680E0
1.515795138E1,3.340131310E0,4.696852279E0,3.099846414E0,6.544153596E0
1.516795337E1,-2.139098597E-1,5.608694862E0,2.941614912E0,6.336900960E0
1.517795537E1,-5.604823421E0,5.783987371E0,4.098485651E0,9.036932008E0
1.518795637E1,-1.730150649E1,2.884687882E0,2.216283890E0,1.767980388E1
1.519795837E1,-3.012972694E1,3.460202129E0,-2.676825388E1,4.045136413E1
1.520796038E1,-5.682575835E1,-8.261389493E0,-8.344735471E1,1.012959939E2
1.521796237E1,-5.805142831E1,-2.300968471E1,-3.291436282E1,7.058873281E1
1.522796437E1,-3.409016071E1,-2.528297223E1,4.580874218E0,4.268901674E1
1.523796637E1,-2.429340348E1,-2.497816857E1,8.091408595E0,3.577078767E1
1.524796837E1,-1.304236654E1,-1.213373028E1,-5.942487261E-1,1.782368837E1
1.525797037E1,-8.156761170E0,-4.920420277E-1,-3.622787761E0,8.938649188E0
1.526797237E1,-6.671421629E0,-2.422034252E0,-1.249228096E0,7.206572508E0
1.527797437E1,-6.898207058E0,-6.556822050E0,-3.357285871E0,1.009200398E1
1.528797637E1,-4.528303657E0,-6.869313626E0,-7.496891774E0,1.113087553E1
1.529797837E1,-2.683157455E0,-4.276375493E0,-6.733674595E0,8.416002308E0
1.530798037E1,-1.139943928E0,-2.211378953E0,-4.479121264E0,5.123689718E0
1.531798237E1,-7.782415992E-1,-1.469635966E0,-1.688332941E0,2.369801253E0
1.532798437E1,-4.323770392E-1,-7.843455076E-1,7.196788108E-1,1.148949681E0
1.533798637E1,2.326589566E-1,-8.892299384E-2,2.056697879E0,2.071724802E0
1.534798837E1,5.099555576E-1,5.212494546E-1,2.777107592E0,2.871250989E0
1.535799037E1,2.175247838E0,1.391908051E0,3.576235446E0,4.411187045E0
1.536799237E1,3.387804244E0,1.888024127E0,4.093957568E0,5.639356458E0
1.537799437E1,4.049913708E0,1.604593796E0,3.218287907E0,5.416077856E0
1.538799537E1,5.533861611E0,2.887147221E0,3.943453745E0,7.383093582E0
1.539799838E1,6.006723018E0,3.216892177E0,4.408143375E0,8.115469469E0
1.540799937E1,6.323353254E0,3.396563373E0,3.976952443E0,8.205948443E0
1.541800137E1,6.532639720E0,3.369242550E0,3.765501338E0,8.258703130E0
1.542800337E1,6.856422855E0,3.523652312E0,3.572857802E0,8.496585953E0
1.543800537E1,7.112953654E0,3.766295682E0,3.549805154E0,8.796602155E0
1.544800738E1,7.094392253E0,3.583416996E0,3.340284507E0,8.621414002E0
1.545800937E1,7.311992875E0,3.310220755E0,3.241841076E0,8.656346505E0
1.546801137E1,7.510232781E0,3.169643166E0,3.123555704E0,8.729652597E0
1.547801337E1,7.732484863E0,3.162580899E0,3.030903941E0,8.887047811E0
1.548801537E1,8.002328603E0,3.311751264E0,3.181582888E0,9.226452687E0
1.549801737E1,8.292831725E0,3.454261065E0,3.261787683E0,9.557313243E0
1.550801937E1,8.410221596E0,3.367504465E0,3.203956089E0,9.609227245E0
1.551802137E1,8.514471020E0,3.334325024E0,3.060396420E0,9.642612009E0
1.552802337E1,8.680871667E0,3.452761547E0,3.030967091E0,9.821703351E0
1.553802537E1,8.787041316E0,3.584772965E0,2.976125178E0,9.945854080E0
1.554802737E1,9.143736089E0,3.936198227E0,2.919926419E0,1.037436921E1
1.555802937E1,9.373033481E0,4.188153873E0,2.843917294E0,1.065280503E1
1.556803137E1,9.185280556E0,4.018033226E0,2.441545680E0,1.031867798E1
1.557803337E1,9.065369951E0,3.959063179E0,2.116277060E0,1.011601415E1
1.558803537E1,9.078358371E0,4.128053267E0,1.622098314E0,1.010389120E1
1.559803737E1,9.066600789E0,4.270917994E0,1.160252331E0,1.008911175E1
1.560803937E1,9.061811920E0,4.289187035E0,8.620807314E-1,1.006264100E1
1.561804137E1,9.075225433E0,4.360698482E0,5.773003522E-1,1.008507232E1
1.562804237E1,9.148403336E0,4.471714303E0,6.084181376E-1,1.020096491E1
1.563804437E1,9.216872478E0,4.584617313E0,6.317260893E-1,1.031351211E1
1.564804637E1,9.090338146E0,4.642687474E0,6.628929913E-1,1.022879376E1
1.565804837E1,9.046465318E0,4.713796925E0,7.927011788E-1,1.023165633E1
1.566805037E1,8.707301082E0,4.530819713E0,7.806886590E-1,9.846567635E0
1.567805237E1,8.400653797E0,4.242142384E0,7.078627574E-1,9.437575214E0
1.568805438E1,7.627891624E0,3.943565427E0,6.065153440E-1,8.608385433E0
1.569805637E1,6.561080577E0,2.928256947E0,1.216436033E0,7.287124516E0
1.570805837E1,6.102624956E0,2.317098366E0,2.354122936E0,6.939226973E0
1.571806037E1,3.385653053E0,2.131064522E0,3.506875774E0,5.319986869E0
1.572806237E1,1.445950357E0,1.716148731E0,5.093145858E0,5.565615297E0
1.573806437E1,-3.037237353E0,-5.760998458E-2,6.351658455E0,7.040716922E0
1.574806637E1,-1.284637255E1,-5.833105152E0,2.748526987E0,1.437389314E1
1.575806837E1,-2.811108099E1,-1.084935311E1,-5.919242824E0,3.070795944E1
1.576807037E1,-5.355670170E1,-7.978109436E0,-6.812680302E1,8.702431739E1
1.577807237E1,-6.431413775E1,-1.612980867E1,-7.046553024E1,9.675675684E1
1.578807437E1,-3.437691752E1,-1.503909713E1,-3.385663578E-1,3.752414593E1
1.579807637E1,-1.877336995E1,-1.346588037E1,8.700499016E0,2.468740644E1
1.580807837E1,-8.405609897E0,-5.991813787E0,6.067435827E0,1.197371654E1
1.581808037E1,-2.666996335E0,1.947706072E0,4.723645391E0,5.763614679E0
1.582808237E1,-1.393355237E0,2.357362001E0,3.452216879E0,4.406403953E0
1.583808437E1,-4.608726261E0,-3.460518171E0,-4.977555760E0,7.615221934E0
1.584808537E1,-4.730673451E0,-5.097833571E0,-1.136707377E1,1.332582247E1
1.585808737E1,-3.253032355E0,-5.078827781E0,-8.368695256E0,1.031560815E1
1.586808937E1,-1.912656984E0,-5.362476797E0,-4.821382477E0,7.460572574E0
1.587809137E1,-1.421674472E0,-4.075557549E0,-4.202147137E0,6.024065754E0
1.588809337E1,-2.149803094E0,-3.064374573E0,-2.413319270E0,4.453779829E0
1.589809537E1,-2.168574995E0,-1.959815363E0,1.876912370E-1,2.928962576E0
1.590809737E1,-1.783443459E0,-1.289884371E0,1.217787325E0,2.515447918E0
1.591809937E1,-8.276254284E-1,-4.547976029E-1,1.702878183E0,1.947202818E0
1.592810138E1,1.943251956E-1,2.648756531E-1,2.125487740E0,2.150725349E0
1.593810337E1,1.301967350E0,8.224483037E-1,3.218137341E0,3.567625000E0
1.594810537E1,2.203746582E0,1.493139142E0,3.245107039E0,4.197223271E0
1.595810737E1,2.833881133E0,1.158948548E0,3.623812485E0,4.744055326E0
1.596810937E1,3.814158066E0,1.771893746E0,4.465618581E0,6.134261040E0
1.597811137E1,4.799621480E0,2.727998874E0,5.508480603E0,7.798827011E0
1.598811337E1,4.986789683E0,2.793492075E0,5.168902969E0,7.706440632E0
1.599811537E1,5.100688766E0,2.834927784E0,4.836797200E0,7.579475482E0
1.600811737E1,5.326626348E0,3.014149329E0,4.860442463E0,7.815493930E0
1.601811937E1,5.613548051E0,3.317640287E0,4.745304939E0,8.064525886E0
1.602812137E1,5.772987004E0,3.478622905E0,4.781036982E0,8.263565264E0
1.603812337E1,5.930446090E0,3.447575651E0,4.791997880E0,8.367748345E0
1.604812537E1,6.102567653E0,3.509174022E0,4.771951578E0,8.504537385E0
1.605812737E1,6.219111432E0,3.618487426E0,4.820805649E0,8.660887100E0
1.606812837E1,6.292251329E0,3.700365694E0,4.854432987E0,8.766450404E0
1.607813037E1,6.300545020E0,3.513396881E0,5.030135093E0,8.794491699E0
1.608813162E1,6.365528051E0,3.280471876E0,4.870310808E0,8.660333161E0
1.609813362E1,6.488820101E0,3.152050356E0,4.512445131E0,8.508958150E0
1.610813562E1,6.724486865E0,3.034256735E0,4.323148541E0,8.550733936E0
1.611813762E1,7.008736975E0,3.059048052E0,4.053671129E0,8.655196046E0
1.612813962E1,7.452707874E0,3.347833262E0,3.697441210E0,8.967826587E0
1.613814162E1,7.925815448E0,3.671200368E0,3.491343230E0,9.406685931E0
1.614814363E1,8.382678872E0,3.901538857E0,3.347087450E0,9.833326239E0
1.615814562E1,8.698961783E0,4.001374217E0,3.151662101E0,1.008047150E1
1.616814762E1,8.942593040E0,4.065048056E0,2.901579026E0,1.024274118E1
1.617814962E1,9.213728430E0,4.215895403E0,2.753251537E0,1.049985522E1
1.618815162E1,9.188296550E0,4.045589692E0,2.453906840E0,1.033504950E1
1.619815362E1,9.052762769E0,3.982716044E0,1.988290719E0,1.008800480E1
1.620815562E1,8.953579373E0,4.002980739E0,1.673199324E0,9.949373567E0
1.621815762E1,8.730335603E0,3.814250744E0,1.082469160E0,9.588483090E0
1.622815962E1,8.426782665E0,3.596486985E0,-3.358998813E-2,9.162232971E0
1.623816162E1,8.131349756E0,3.450417106E0,-5.865576641E-1,8.852585890E0
1.624816362E1,7.639981912E0,2.996000157E0,-1.441947500E-1,8.207687413E0
1.625816562E1,7.673933185E0,3.176051714E0,7.278765341E-1,8.337047395E0
1.626816762E1,7.231802405E0,3.017010080E0,1.803862520E0,8.040847955E0
1.627816962E1,5.375499131E0,1.736858984E0,3.490662614E0,6.640586986E0
1.628817062E1,2.182504233E0,3.454622716E-2,4.622815711E0,5.112234665E0
1.629817262E1,-4.462253509E0,-2.887520858E0,4.581539924E0,7.017121287E0
1.630817462E1,-1.920154284E1,-7.027230549E0,-7.228814478E0,2.168725376E1
1.631817662E1,-3.604770092E1,-3.488232804E0,-3.275359480E1,4.883034387E1
1.632817862E1,-4.438002532E1,-3.920004656E0,-3.631353405E1,5.747717669E1
1.633818062E1,-3.329645030E1,-1.017477036E1,-1.467161600E1,3.778142229E1
1.634818262E1,-2.295783394E1,-1.242386912E1,7.911987367E-1,2.611590815E1
1.635818462E1,-1.989394907E1,-1.152414050E1,3.851412139E0,2.331112180E1
1.636818662E1,-1.378461677E1,-7.170491425E0,-3.997400157E0,1.604402739E1
1.637818862E1,-1.128797848E1,-5.340273750E0,-8.810255932E0,1.528259112E1
1.638819063E1,-9.381420727E0,-6.527329279E0,-5.171961647E0,1.254457132E1
1.639819262E1,-8.088755713E0,-5.865765359E0,-2.154575007E0,1.022141701E1
1.640819462E1,-1.121204069E1,-1.059055066E1,-1.049466685E1,1.865496321E1
1.641819662E1,-9.764684663E0,-9.307841120E0,-9.837470219E0,1.669613108E1
1.642819862E1,-8.676279849E0,-7.451836638E0,-4.212080972E0,1.218808137E1
1.643820062E1,-7.485162259E0,-6.183690169E0,-2.774502950E0,1.009769997E1
1.644820262E1,-5.941574510E0,-4.387248642E0,-1.596677251E0,7.556430146E0
1.645820462E1,-4.597983756E0,-3.555735985E0,-5.877717653E-1,5.842104814E0
1.646820662E1,-2.482152400E0,-2.652447586E0,8.937036431E-1,3.741024583E0
1.647820862E1,-4.444965631E-1,-1.098232230E0,2.480275444E0,2.748719248E0
1.648821062E1,8.081214559E-1,-5.071933329E-2,2.715795443E0,2.833933243E0
1.649821262E1,2.571010782E0,7.372341987E-1,3.032968008E0,4.043823147E0
1.650821362E1,4.156179251E0,1.835007715E0,3.915455522E0,5.997655477E0
1.651821562E1,4.873037950E0,2.101329969E0,3.316409448E0,6.257847723E0
1.652821762E1,5.354870154E0,2.176591528E0,2.501477155E0,6.298378602E0
1.653821962E1,6.374466689E0,3.138589481E0,2.794683738E0,7.635104891E0
1.654822162E1,6.799069855E0,3.300714059E0,3.059466712E0,8.153674065E0
1.655822362E1,7.162304739E0,3.439116485E0,3.053359588E0,8.511705830E0
1.656822562E1,7.347862619E0,3.493913374E0,2.813304488E0,8.608902246E0
1.657822762E1,7.683344278E0,3.694844461E0,2.532656848E0,8.893818393E0
1.658822962E1,7.948834181E0,3.970036941E0,2.423615047E0,9.209726818E0
1.659823162E1,7.930407851E0,3.966519257E0,2.061258269E0,9.103484462E0
1.660823362E1,7.991335253E0,4.017473063E0,1.703495210E0,9.105131788E0
1.661823562E1,8.132254320E0,3.901551136E0,1.528520498E0,9.148335176E0
1.662823763E1,8.570977927E0,3.935033462E0,1.500878663E0,9.549805638E0
1.663823962E1,8.582670019E0,3.749131473E0,1.453310101E0,9.477885931E0
1.664824162E1,8.746169863E0,3.674743780E0,1.430307301E0,9.594008969E0
1.665824362E1,8.978384432E0,3.720776570E0,1.391964769E0,9.818000367E0
1.666824562E1,9.363941646E0,3.958475534E0,1.437519257E0,1.026739467E1
1.667824762E1,9.548789089E0,4.055803901E0,1.463781441E0,1.047719306E1
1.668824962E1,9.571064057E0,4.028178438E0,1.396394620E0,1.047766227E1
1.669825162E1,9.588762994E0,4.114837098E0,1.392734263E0,1.052691640E1
1.670825362E1,9.652441512E0,4.234713497E0,1.174755911E0,1.060577564E1
1.671825562E1,9.614667329E0,4.342163101E0,9.570722580E-1,1.059302580E1
1.672825662E1,9.592306992E0,4.347400745E0,1.007288146E0,1.057954990E1
1.673825862E1,9.777063219E0,4.644967011E0,7.398014188E-1,1.084960782E1
1.674826062E1,9.558953304E0,4.368834883E0,2.318502867E-1,1.051256682E1
1.675826262E1,9.448071969E0,4.100689759E0,-2.944102317E-1,1.030380502E1
1.676826462E1,9.435449000E0,4.072860229E0,-5.065676808E-1,1.028943629E1
1.677826662E1,9.457449149E0,4.096326859E0,-6.305637360E-1,1.032573720E1
1.678826862E1,9.492660497E0,4.037525797E0,-5.538634694E-1,1.033048801E1
1.679827062E1,9.463848342E0,3.960253965E0,-4.908760929E-1,1.027078362E1
1.680827262E1,9.375665898E0,3.874139389E0,-1.586694592E-1,1.014579928E1
1.681827462E1,9.361431436E0,3.808494453E0,1.513786391E-1,1.010761812E1
1.682827662E1,9.303644573E0,3.701629570E0,3.130828033E-1,1.001787825E1
1.683827862E1,9.238381460E0,3.749933419E0,3.065396959E-1,9.975152091E0
1.684828062E1,9.322485471E0,3.666793029E0,6.365828598E-1,1.003789541E1
1.685828262E1,9.157672927E0,3.243834684E0,6.590151179E-1,9.737542700E0
1.686828463E1,8.042546337E0,2.266166486E0,6.108211605E-1,8.378016747E0
1.687828662E1,8.591223326E0,2.854224765E0,2.356216823E0,9.354543013E0
1.688828862E1,5.706705306E0,2.673789923E0,3.383987181E0,7.153111718E0
1.689829062E1,-1.345157223E0,-1.064718913E0,6.406464407E0,6.632183692E0
1.690829262E1,-8.299639054E0,-4.003471321E0,5.903426106E0,1.094359314E1
1.691829462E1,-2.811815144E1,-1.395594487E1,1.714344865E0,3.143784051E1
1.692829662E1,-5.723080200E1,-1.252730870E1,-6.049230404E1,8.421173914E1
1.693829862E1,-8.222936565E1,-1.646240882E1,-1.164534650E2,1.435064075E2
1.694830062E1,-4.537133888E1,-1.287841529E1,-8.499926655E0,4.792348824E1
1.695830162E1,-2.441520800E1,-1.257835723E1,1.188468567E1,2.992596207E1
1.696830363E1,-1.562172773E1,-1.005374937E1,1.083217048E1,2.150470114E1
1.697830562E1,-5.245226090E0,3.106719232E-1,1.050539299E1,1.174615663E1
1.698830762E1,-3.060169548E-1,4.865822486E0,8.334630547E0,9.655875993E0
1.699830962E1,-5.007480056E0,-1.271580832E0,1.950977004E0,5.522507183E0
1.700831162E1,-3.769629765E0,-3.539801737E0,-8.648874534E0,1.007687132E1
1.701831362E1,-1.546632394E0,-2.355467210E0,-1.170433649E1,1.203876199E1
1.702831562E1,3.876119256E-3,-1.943761248E0,-5.339984897E0,5.682751228E0
1.703831762E1,1.464796518E0,-1.669943448E0,-5.625451228E-1,2.291461755E0
1.704831962E1,1.569852857E0,-1.107824003E0,-4.904875454E-1,1.983000264E0
1.705832162E1,7.747993433E-1,-2.005533573E-1,5.819999787E-1,9.895754882E-1
1.706832362E1,5.153566307E-1,-1.787502596E-1,2.768280051E0,2.821509977E0
1.707832562E1,1.123324386E0,-1.756714082E-1,4.007342762E0,4.165514870E0
1.708832812E1,2.050619114E0,3.149172941E-1,3.960035279E0,4.470580618E0
1.709833012E1,3.143969504E0,9.060266501E-1,4.385918401E0,5.471901749E0
1.710833213E1,3.964448465E0,1.209102163E0,4.718172981E0,6.280122288E0
1.711833412E1,4.634424189E0,1.352481153E0,5.089935737E0,7.015307451E0
1.712833612E1,4.620104358E0,8.634355313E-1,4.874034608E0,6.771048556E0
1.713833812E1,5.251770294E0,1.532013770E0,4.355892656E0,6.992993511E0
1.714834012E1,5.540554335E0,2.021202942E0,4.556605350E0,7.452895812E0
1.715834212E1,5.596464241E0,1.751699510E0,4.970039749E0,7.687012312E0
1.716834412E1,5.852879850E0,1.647844774E0,5.261681324E0,8.040950522E0
1.717834612E1,5.910150989E0,1.556536700E0,5.264559324E0,8.066490940E0
1.718834812E1,6.011217188E0,1.630785522E0,5.086646093E0,8.041651694E0
1.719835012E1,6.222040887E0,1.775500893E0,4.849735334E0,8.086168996E0
1.720835112E1,6.563284977E0,2.044625718E0,4.593277917E0,8.267732823E0
1.721835312E1,7.027096648E0,2.345582785E0,4.502013406E0,8.668908270E0
1.722835512E1,7.286168647E0,2.403017938E0,4.290528679E0,8.790414387E0
1.723835712E1,7.582293282E0,2.504490810E0,3.860686115E0,8.869528900E0
1.724835912E1,7.966017979E0,2.775283553E0,3.496919135E0,9.131707654E0
1.725836112E1,8.290900390E0,2.965884072E0,3.274600979E0,9.394600001E0
1.726836312E1,8.643923112E0,3.095256058E0,3.010670528E0,9.662409319E0
1.727836512E1,8.876570958E0,3.112461197E0,2.672515522E0,9.778714941E0
1.728836712E1,8.930935446E0,3.011807227E0,2.231503315E0,9.685669711E0
1.729836912E1,9.243666174E0,3.235845049E0,1.903433586E0,9.976929234E0
1.730837112E1,9.534781500E0,3.531233520E0,1.689996182E0,1.030717010E1
1.731837312E1,9.602135577E0,3.722944425E0,1.498150206E0,1.040700614E1
1.732837512E1,9.652723932E0,3.836406137E0,1.343788390E0,1.047372229E1
1.733837712E1,9.682250617E0,3.905259440E0,1.260049245E0,1.051592851E1
1.734837913E1,9.577360924E0,3.770755354E0,3.288334115E-1,1.029818283E1
1.735838112E1,9.460827085E0,3.585177300E0,-1.095122681E0,1.017644531E1
1.736838312E1,9.609100780E0,3.680238701E0,-9.164200759E-1,1.033047920E1
1.737838512E1,9.699330334E0,3.658113714E0,-3.514083052E-1,1.037218842E1
1.738838712E1,9.306699159E0,3.257542897E0,-7.022400749E-1,9.885311127E0
1.739838912E1,9.496236069E0,3.444704084E0,4.148377311E-1,1.011022137E1
1.740839112E1,9.430451970E0,3.561551333E0,2.245666441E0,1.032768561E1
1.741839312E1,8.956153318E0,3.348660643E0,3.172151914E0,1.007416290E1
1.742839512E1,7.527021891E0,2.463617311E0,2.339486185E0,8.258248266E0
1.743839712E1,3.957850467E0,-3.416846779E-1,4.058517301E-1,3.993249850E0
1.744839912E1,-3.054884250E0,-7.841519063E0,-5.398944712E0,9.998517040E0
1.745840012E1,-1.604504276E1,-1.233232511E1,-8.358012393E0,2.189488549E1
1.746840212E1,-3.260777460E1,-1.755490844E0,-2.963223882E1,4.409555861E1
1.747840412E1,-5.629348865E1,-9.843716215E0,-5.730252628E1,8.092858044E1
1.748840612E1,-5.090001693E1,-1.713605367E1,-1.582763977E1,5.599080496E1
1.749840812E1,-3.536846028E1,-1.658346256E1,4.710116980E0,3.934621221E1
1.750841012E1,-2.461033193E1,-1.024578480E1,2.909143569E0,2.681618280E1
1.751841212E1,-1.468221115E1,-1.942041582E0,-8.833213270E-1,1.483641151E1
1.752841412E1,-9.896950436E0,1.599430120E0,-4.178767338E0,1.086139499E1
1.753841612E1,-7.149215162E0,5.853679749E-1,-4.313600622E0,8.370249902E0
1.754841812E1,-7.546462129E0,-6.105770758E-1,-5.839166375E0,9.561263462E0
1.755842012E1,-8.393846469E0,-3.325295169E0,-1.029218947E1,1.369099743E1
1.756842212E1,-5.471250796E0,-2.307012211E0,-8.335582473E0,1.023419883E1
1.757842412E1,-3.926176684E0,-1.376266457E0,-5.368815179E0,6.792138775E0
1.758842613E1,-3.484424220E0,-1.017557319E0,-3.259560771E0,4.878664926E0
1.759842812E1,-3.215431250E0,-9.803058770E-1,-7.303227898E-1,3.439966440E0
1.760843012E1,-2.896750980E0,-1.065212418E0,1.066597916E0,3.265497642E0
1.761843212E1,-1.378783391E0,-4.591181105E-1,2.479688676E0,2.874141438E0
1.762843412E1,2.368075562E-1,-2.472980458E-1,3.573601567E0,3.589966895E0
1.763843612E1,1.837196327E0,2.619011745E-1,3.990665334E0,4.401055825E0
1.764843812E1,3.426253195E0,1.089493274E0,4.289186743E0,5.596724887E0
1.765844012E1,4.381292376E0,1.270497635E0,4.442372098E0,6.367460796E0
1.766844212E1,4.862973722E0,9.978255969E-1,3.789164435E0,6.245153037E0
1.767844412E1,6.180630906E0,2.086189481E0,4.456802442E0,7.900346381E0
1.768844612E1,6.494043419E0,2.197644720E0,4.747489751E0,8.339118729E0
1.769844712E1,6.767200191E0,2.272075390E0,4.150955933E0,8.257588036E0
1.770844912E1,7.193385029E0,2.505993252E0,4.157465639E0,8.678093736E0
1.771845112E1,7.382030239E0,2.542112381E0,4.279414876E0,8.903375623E0
1.772845312E1,7.456941842E0,2.531913667E0,4.102446555E0,8.879562838E0
1.773845512E1,7.517315513E0,2.521705013E0,3.897378270E0,8.835077028E0
1.774845712E1,7.642002125E0,2.541801601E0,3.770208347E0,8.892436271E0
1.775845912E1,7.748453609E0,2.607417301E0,3.494617671E0,8.890979191E0
1.776846112E1,7.828794352E0,2.794385822E0,2.633720416E0,8.719810569E0
1.777846312E1,7.997335666E0,2.832601762E0,2.561755224E0,8.862482740E0
1.778846512E1,8.160554844E0,2.839312904E0,2.725636307E0,9.060101898E0
1.779846712E1,8.343986092E0,3.019300142E0,2.593728969E0,9.244766477E0
1.780846912E1,8.479890001E0,3.170809978E0,2.375394229E0,9.359757908E0
1.781847112E1,8.561652203E0,3.279859672E0,2.134411322E0,9.413558286E0
1.782847313E1,8.851368874E0,3.633382623E0,2.056981323E0,9.786693640E0
1.783847512E1,9.191223666E0,4.071459528E0,1.967665250E0,1.024339210E1
1.784847712E1,9.203822662E0,4.213778711E0,1.835534549E0,1.028763674E1
1.785847912E1,9.173235292E0,4.259335245E0,1.657682129E0,1.024880932E1
1.786848112E1,9.141110104E0,4.339608745E0,1.618864803E0,1.024757636E1
1.787848312E1,8.946477345E0,4.295448233E0,1.676080978E0,1.006476924E1
1.788848512E1,9.239433374E0,4.555548466E0,1.172010058E0,1.036791968E1
1.789848712E1,9.191085087E0,4.575968112E0,5.474034655E-1,1.028178874E1
1.790848912E1,9.071805981E0,4.506515469E0,1.916775763E-1,1.013129240E1
1.791849112E1,9.064982865E0,4.480374322E0,1.515551519E-1,1.011289461E1
1.792849312E1,9.049267888E0,4.272760744E0,7.940752745E-2,1.000759907E1
1.793849512E1,9.062597201E0,4.086577504E0,2.028107115E-1,9.943435820E0
1.794849612E1,9.087515110E0,4.043209875E0,6.657592964E-1,9.968636437E0
1.795849812E1,9.100248592E0,3.930437843E0,8.115607882E-1,9.945928664E0
1.796850012E1,8.702459003E0,3.841796685E0,5.862418779E-1,9.530785592E0
1.797850212E1,7.860174020E0,3.131973941E0,5.082317984E-1,8.476431794E0
1.798850412E1,5.956353348E0,1.744581694E0,-3.593593125E-1,6.216980747E0
1.799850612E1,6.129727970E0,2.174452909E0,9.494930971E-1,6.572925344E0
1.800850812E1,6.226674221E0,2.536153483E0,2.351487011E0,7.122712791E0
1.801851012E1,2.131929325E0,-2.526467863E0,-8.304437864E-1,3.408489312E0
1.802851212E1,-1.406553923E1,-1.711614507E1,-1.118884128E1,2.481918583E1
1.803851412E1,-3.681390369E1,-1.224788664E1,-2.325439536E1,4.523318622E1
1.804851612E1,-6.550590321E1,-1.223982450E1,-6.604148478E1,9.382065002E1
1.805851812E1,-6.038471528E1,-1.930623724E1,-3.430834605E1,7.208402905E1
1.806852013E1,-3.530940574E1,-1.802286462E1,8.286816695E0,4.049998906E1
1.807852212E1,-2.328121771E1,-1.618590218E1,1.275896135E1,3.109324078E1
1.808852412E1,-9.233494357E0,-3.844398111E0,9.247515981E0,1.362179748E1
1.809852625E1,-6.428866845E0,1.812406472E0,1.926384785E0,6.951697956E0
1.810852825E1,-4.845570070E0,-6.320065364E-1,-2.635553226E0,5.552037677E0
1.811853025E1,-3.486915134E0,-1.328975639E-1,-2.707241844E0,4.416491516E0
1.812853225E1,-5.666040845E0,-3.940759348E0,-7.658630437E0,1.030961800E1
1.813853425E1,-3.269016303E0,-4.308258021E0,-8.764350611E0,1.029861138E1
1.814853625E1,-1.018980238E0,-2.450540013E0,-5.193095824E0,5.831956045E0
1.815853825E1,-3.699124038E-2,-1.388244771E0,-2.315482196E0,2.700009203E0
1.816853925E1,1.806473887E-1,-8.866098011E-1,-5.302869111E-2,9.063787621E-1
1.817854125E1,4.613575941E-1,-7.272971481E-1,1.489829910E0,1.720873363E0
1.818854325E1,1.267408551E0,-4.961040884E-2,2.317986558E0,2.642318548E0
1.819854525E1,2.157442482E0,3.716914192E-1,3.280330081E0,3.943764447E0
1.820854725E1,3.256024375E0,1.024509366E0,3.461053776E0,4.861091175E0
1.821854925E1,3.752785690E0,1.368008434E0,4.095371717E0,5.720744446E0
1.822855125E1,3.581953438E0,4.630643964E-1,4.197306519E0,5.537346033E0
1.823855325E1,4.801743434E0,1.808366923E0,4.262921927E0,6.670789630E0
1.824855525E1,4.932654406E0,2.302665684E0,4.939517283E0,7.350658456E0
1.825855725E1,5.049619185E0,2.273733661E0,4.994492805E0,7.457444405E0
1.826855925E1,5.275342759E0,2.309122472E0,5.336758404E0,7.851259649E0
1.827856125E1,5.301635349E0,2.310334892E0,5.761308360E0,8.163189248E0
1.828856325E1,5.355247300E0,2.178436032E0,5.784836386E0,8.178544443E0
1.829856525E1,5.471904514E0,2.199135760E0,5.632868421E0,8.155191215E0
1.830856725E1,5.666588729E0,2.446192901E0,5.308540910E0,8.140927105E0
1.831856925E1,6.042751806E0,2.941990595E0,5.013389252E0,8.384761764E0
1.832857125E1,6.301806264E0,3.267356279E0,4.854075429E0,8.599443442E0
1.833857325E1,6.744537553E0,3.376756514E0,4.600432570E0,8.834888295E0
1.834857525E1,7.203091407E0,3.530181606E0,4.133151162E0,9.023837682E0
1.835857725E1,7.722086175E0,3.721501040E0,3.767248778E0,9.363351336E0
1.836857925E1,8.045099232E0,3.705667657E0,3.472797031E0,9.513985162E0
1.837858125E1,8.158539893E0,3.567964852E0,2.987667582E0,9.392459952E0
1.838858325E1,8.248325644E0,3.514418389E0,2.423648669E0,9.287630775E0
1.839858425E1,8.365459991E0,3.533427980E0,1.981635418E0,9.294778808E0
1.840858625E1,8.338038304E0,3.372912262E0,1.758153666E0,9.164634428E0
1.841858825E1,8.742605985E0,3.518471679E0,1.589541017E0,9.557167102E0
1.842859025E1,9.226730298E0,3.897967085E0,1.430439448E0,1.011794724E1
1.843859225E1,9.415560281E0,3.993237231E0,1.238427411E0,1.030205909E1
1.844859425E1,9.645898477E0,4.193072551E0,5.772675347E-1,1.053368182E1
1.845859625E1,9.478497371E0,4.178377328E0,-1.855640785E0,1.052350475E1
1.846859825E1,9.512363859E0,3.902791330E0,-2.115333173E0,1.049721300E1
1.847860025E1,9.624883000E0,3.969628806E0,-9.475752103E-1,1.045438781E1
1.848860225E1,9.569036828E0,3.806438864E0,-1.369904394E0,1.038903656E1
1.849860425E1,9.394316177E0,3.537760767E0,-1.200812273E0,1.010993955E1
1.850860625E1,8.769009672E0,3.451298281E0,-1.243733175E0,9.505464885E0
1.851860825E1,8.449611949E0,4.027760070E0,-1.366983125E0,9.459779920E0
1.852861025E1,7.807543817E0,4.394438671E0,-1.072585173E0,9.023262749E0
1.853861225E1,8.029208838E0,4.687285357E0,-8.691008071E-2,9.297655186E0
1.854861425E1,5.943501753E0,4.355263495E0,1.848024019E-1,7.370731655E0
1.855861625E1,3.356073743E0,2.955432467E0,-4.997918908E-1,4.499733767E0
1.856861825E1,-1.371646864E0,3.320633769E-1,-4.102594782E0,4.338544128E0
1.857862025E1,-1.434201781E1,-1.758589576E0,-1.008408356E1,1.762029663E1
1.858862225E1,-2.814005745E1,2.070769496E0,-2.065009229E1,3.496537188E1
1.859862425E1,-4.329490372E1,-5.189779283E0,-3.473634587E1,5.574940557E1
1.860862625E1,-4.710400921E1,-1.944684056E1,-2.201525342E1,5.551250917E1
1.861862825E1,-3.882220007E1,-2.490998536E1,-1.222858907E0,4.614288648E1
1.862862925E1,-3.071295162E1,-2.217049466E1,5.316130596E0,3.825019575E1
1.863863125E1,-2.037612918E1,-1.300439238E1,-5.618396562E-1,2.417884459E1
1.864863325E1,-1.048444124E1,-4.615392964E0,-5.172659805E0,1.256907991E1
1.865863525E1,-7.270897474E0,-1.874845087E0,-4.000250089E0,8.507819636E0
1.866863725E1,-7.889580252E0,-1.879498301E0,-3.582032083E0,8.866168522E0
1.867863925E1,-8.957123371E0,-4.413273722E0,-8.963561740E0,1.341836365E1
1.868864125E1,-6.312011994E0,-3.563668025E0,-8.202215670E0,1.094612110E1
1.869864325E1,-4.264784850E0,-1.421371879E0,-5.856149029E0,7.382626178E0
1.870864525E1,-3.409026713E0,-3.717773733E-1,-3.366049385E0,4.805202390E0
1.871864725E1,-2.591351491E0,4.324457440E-1,-5.405169073E-1,2.682213713E0
1.872864925E1,-1.740479872E0,3.127468076E-1,1.675638344E0,2.436153651E0
1.873865125E1,-5.548001933E-1,5.000509590E-1,2.649694132E0,2.752949910E0
1.874865325E1,1.391002318E0,9.583630309E-1,3.364491102E0,3.764724097E0
1.875865525E1,3.020172254E0,1.489769099E0,4.104228202E0,5.309005702E0
1.876865725E1,3.413622040E0,9.258060265E-1,3.524358656E0,4.993098854E0
1.877865925E1,5.090220496E0,1.751469129E0,3.619302528E0,6.486704834E0
1.878866125E1,5.792776905E0,2.371302640E0,4.474584409E0,7.694234603E0
1.879866325E1,6.275318962E0,2.583064525E0,4.300071335E0,8.033832454E0
1.880866525E1,6.504298850E0,2.471096485E0,4.244462267E0,8.150317865E0
1.881866725E1,6.705391029E0,2.353723571E0,4.062634910E0,8.185797817E0
1.882866925E1,6.939956177E0,2.482069077E0,4.013796626E0,8.392509875E0
1.883867125E1,7.025179930E0,2.607891802E0,4.037245423E0,8.511968240E0
1.884867325E1,6.997475238E0,2.593899123E0,4.044360315E0,8.488216699E0
1.885867425E1,7.003559850E0,2.673402545E0,3.823659207E0,8.415301627E0
1.886867625E1,7.151689119E0,2.893038583E0,3.839211923E0,8.617185021E0
1.887867825E1,7.248499714E0,2.956670907E0,3.695587935E0,8.656790464E0
1.888868025E1,7.498540104E0,3.176129774E0,3.466074488E0,8.850399787E0
1.889868225E1,7.700436274E0,3.435097401E0,3.365162363E0,9.078597397E0
1.890868425E1,8.058494618E0,3.679719761E0,3.474973950E0,9.516045238E0
1.891868625E1,8.146610988E0,3.648603803E0,3.647062184E0,9.642647089E0
1.892868825E1,8.121160982E0,3.606791825E0,3.603710343E0,9.589000532E0
1.893869025E1,8.339382579E0,3.760826781E0,3.445735825E0,9.775592834E0
1.894869225E1,8.657780428E0,4.065698559E0,3.265777531E0,1.010704554E1
1.895869425E1,8.892739679E0,4.258732397E0,3.086154574E0,1.033160059E1
1.896869625E1,8.962437320E0,4.315719361E0,2.956980225E0,1.037759357E1
1.897869825E1,8.783677998E0,4.141810011E0,2.558784839E0,1.004265748E1
1.898870025E1,8.753613954E0,4.211127583E0,2.262360388E0,9.973847166E0
1.899870225E1,8.786273577E0,4.347473542E0,2.159926671E0,1.003814788E1
1.900870425E1,8.660032191E0,4.394547137E0,1.977814847E0,9.910598047E0
1.901870625E1,8.619694589E0,4.382111278E0,6.101476709E-1,9.688875799E0
1.902870825E1,8.975832707E0,4.580043329E0,-4.217689475E-1,1.008564617E1
1.903871025E1,8.912833051E0,4.591365585E0,3.125789925E-2,1.002597666E1
1.904871225E1,8.880271077E0,4.461574354E0,2.231052641E-1,9.940555119E0
1.905871425E1,8.898552396E0,4.435286735E0,8.773176983E-2,9.943022681E0
1.906871625E1,8.786355438E0,4.493319765E0,4.192371762E-1,9.877536343E0
1.907871825E1,8.553518141E0,4.288723351E0,5.632096589E-1,9.585041768E0
1.908872025E1,8.008197454E0,3.990284972E0,1.964663728E-1,8.949424543E0
1.909872112E1,6.196806643E0,3.181791633E0,2.969223417E-2,6.965995420E0
1.910872312E1,5.047158676E0,3.027744983E0,2.207206964E-1,5.889802035E0
1.911872512E1,5.624868261E0,3.763471477E0,2.054759527E0,7.072828092E0
1.912872713E1,3.982415789E0,2.832322265E0,2.086036430E0,5.313495358E0
1.913872912E1,-3.194256728E0,-4.230500578E0,-4.162569381E0,6.739984795E0
1.914873112E1,-2.024483580E1,-1.290927923E1,-7.962834755E0,2.529643462E1
1.915873312E1,-3.900635462E1,-7.684709603E0,-3.240092817E1,5.128713882E1
1.916873512E1,-6.057225185E1,-1.406152921E1,-6.825408053E1,9.233278837E1
1.917873712E1,-4.401286696E1,-1.455079849E1,-2.051325809E1,5.069173455E1
1.918873912E1,-2.591368097E1,-1.407385280E1,9.353127805E0,3.093659959E1
1.919874112E1,-1.771044204E1,-1.428885843E1,1.261637817E1,2.601930496E1
1.920874312E1,-9.190029080E0,-3.572490304E0,7.153433343E0,1.218158159E1
1.921874512E1,-8.329416584E0,-4.357883048E-1,-1.715942616E0,8.515488896E0
1.922874712E1,-7.229719042E0,-7.451177073E-1,-3.098472611E0,7.900922120E0
1.923874912E1,-9.908904483E0,-3.742124754E0,-9.477212738E0,1.421293239E1
1.924875112E1,-8.956997071E0,-4.544190834E0,-1.410798417E1,1.731798730E1
1.925875312E1,-6.674464520E0,-3.343817979E0,-6.667434998E0,1.000921000E1
1.926875512E1,-5.080710000E0,-2.004498616E0,-3.979944464E0,6.758075668E0
1.927875712E1,-4.426300149E0,-7.012413704E-1,-3.303609893E0,5.567558782E0
1.928875912E1,-3.892237691E0,2.776287228E-2,-2.603364303E0,4.682711897E0
1.929876112E1,-2.846670163E0,4.496505913E-1,-2.003826771E0,3.510133672E0
1.930876312E1,-1.753236158E0,6.847770730E-1,-1.541530114E0,2.432914252E0
1.931876513E1,-7.520647842E-1,1.098970441E0,-6.866698167E-1,1.498283320E0
1.932876712E1,1.598289621E-1,1.203649634E0,5.588324332E-1,1.336641847E0
1.933876812E1,9.930835050E-1,7.076937729E-1,2.384085823E0,2.677855585E0
1.934877012E1,1.866530639E0,2.765005025E-1,4.050786405E0,4.468697758E0
1.935877212E1,2.655147538E0,5.531787604E-2,4.627166040E0,5.335122686E0
1.936877413E1,3.201204974E0,-2.435125583E-1,5.593959879E0,6.449759591E0
1.937877612E1,3.821930770E0,-1.417698365E-1,6.217994614E0,7.300048665E0
1.938877812E1,4.300117235E0,-8.714573264E-2,5.995566530E0,7.378714023E0
1.939878012E1,4.513837060E0,-2.252476108E-1,5.155086583E0,6.855682254E0
1.940878212E1,5.730915703E0,8.140353298E-1,5.191936905E0,7.775748011E0
1.941878412E1,5.818533306E0,1.051898308E0,5.458074680E0,8.046887541E0
1.942878612E1,5.900436425E0,1.081577021E0,5.537447709E0,8.163840149E0
1.943878812E1,6.232566460E0,1.269459462E0,5.656212260E0,8.511706593E0
1.944879012E1,6.496636659E0,1.513190121E0,5.341558968E0,8.545658806E0
1.945879212E1,6.983629031E0,1.930344227E0,4.734849240E0,8.655408749E0
1.946879412E1,7.498533087E0,2.501369274E0,4.306415856E0,9.001670080E0
1.947879612E1,7.764949774E0,2.890041300E0,4.140935852E0,9.262512264E0
1.948879812E1,7.734141964E0,3.050882123E0,3.880769839E0,9.175249762E0
1.949880012E1,7.990731820E0,3.431088257E0,3.649189986E0,9.430840324E0
1.950880212E1,8.049015697E0,3.562126699E0,3.230242832E0,9.376026294E0
1.951880412E1,8.230730787E0,3.836054134E0,2.702477825E0,9.474366839E0
1.952880612E1,8.503699279E0,4.288861930E0,2.557432963E0,9.861424919E0
1.953880812E1,8.409628104E0,4.377257212E0,2.340860281E0,9.765339339E0
1.954881012E1,8.428897018E0,4.482260342E0,1.899766213E0,9.733759519E0
1.955881213E1,8.524032971E0,5.074358754E0,1.062916290E0,9.976875558E0
1.956881412E1,8.754316204E0,5.465535142E0,-1.329913751E-1,1.032123119E1
1.957881612E1,8.929067845E0,5.780233458E0,-1.452766457E0,1.073544977E1
1.958881812E1,8.684794564E0,5.925278905E0,-4.639321232E-1,1.052377403E1
1.959882012E1,8.638120335E0,6.033865793E0,-8.586402297E-2,1.053717381E1
1.960882212E1,8.513322042E0,6.011720633E0,-5.342548317E-1,1.043565357E1
1.961882412E1,8.744574743E0,6.294390825E0,-1.188612058E0,1.083972979E1
1.962882612E1,9.401062109E0,6.925075598E0,-1.085269538E0,1.172665557E1
1.963882812E1,9.168970917E0,6.743564576E0,-1.309149485E0,1.145685660E1
1.964883012E1,8.452990471E0,6.275878540E0,-8.774303303E-1,1.056454369E1
1.965883212E1,7.861407782E0,5.826667952E0,-9.486768989E-1,9.831163695E0
1.966883412E1,7.310094869E0,5.257438585E0,-5.995858452E-1,9.024281170E0
1.967883612E1,7.089402239E0,5.185437725E0,5.764973103E-1,8.802314335E0
1.968883712E1,6.836620089E0,5.639085181E0,1.993522807E0,9.083655052E0
1.969883912E1,4.926370988E0,4.741094359E0,2.343143619E0,7.227546531E0
1.970884112E1,2.397524478E0,2.724308404E0,4.181585988E0,5.536753677E0
1.971884312E1,-4.149723340E0,-3.504445378E0,-4.652595873E-1,5.451404195E0
1.972884512E1,-1.715959924E1,-2.246819746E1,-1.217392053E1,3.078109946E1
1.973884712E1,-3.161651016E1,-1.932893496E1,6.698615860E0,3.765744144E1
1.974884912E1,-5.954469492E1,8.207187558E0,-6.915684385E1,9.162749409E1
1.975885112E1,-6.406855937E1,-2.287573903E1,-3.924979058E1,7.854059967E1
1.976885312E1,-2.692337349E1,-1.916136779E1,1.352083952E1,3.570488982E1
1.977885512E1,-1.210439129E1,-9.661015284E0,1.315008395E1,2.031689476E1
1.978885712E1,-4.036265722E0,-1.725226825E0,1.792203172E0,4.741291047E0
1.979885913E1,-1.529821649E0,2.552066388E0,-1.754723105E-1,2.980635446E0
1.980886112E1,-2.025475502E-2,1.297547439E0,2.385295904E0,2.715451374E0
1.981886312E1,1.824721878E0,2.684459630E-1,2.218963815E0,2.885389675E0
1.982886512E1,5.074447632E-2,-3.091065943E0,-1.886985223E0,3.621874776E0
1.983886712E1,-8.281060696E-2,-1.872559118E0,-5.916785824E0,6.206584386E0
1.984886912E1,1.651406897E0,-6.593098176E-1,-3.845095099E0,4.236341641E0
1.985887112E1,2.612368723E0,-1.034118095E-1,-1.695063379E0,3.115831222E0
1.986887312E1,3.015341284E0,3.704298824E-1,-5.022698312E-1,3.079249315E0
1.987887512E1,3.318993040E0,7.349950075E-1,-1.507520369E-1,3.402742811E0
1.988887712E1,3.344057715E0,1.142878353E0,-8.619365975E-2,3.535013759E0
1.989887912E1,3.967438146E0,1.340271875E0,7.812910683E-1,4.259965948E0
1.990888112E1,4.313323756E0,1.340615691E0,8.432984515E-1,4.594906369E0
1.991888312E1,4.681910596E0,9.314427423E-1,5.106256485E-1,4.800896892E0
1.992888512E1,5.770380900E0,2.041768476E0,1.531830022E0,6.309724040E0
1.993888712E1,6.242473982E0,2.467962962E0,2.002327691E0,7.004901054E0
1.994888912E1,6.721214179E0,2.741028225E0,1.698873425E0,7.454805610E0
1.995889112E1,6.964853622E0,2.862640078E0,1.707320166E0,7.721323484E0
1.996889312E1,7.146872182E0,2.966586615E0,1.489812222E0,7.880225796E0
1.997889512E1,7.381561877E0,3.085687089E0,1.283286080E0,8.102823195E0
1.998889713E1,7.445659640E0,2.947025340E0,1.023178832E0,8.072775282E0
1.999889912E1,7.420579178E0,3.022320521E0,7.900057586E-1,8.051305842E0
2.000890112E1,7.363540174E0,3.187968047E0,7.681794181E-1,8.060704918E0
2.001890312E1,7.303392790E0,3.418826354E0,7.867510521E-1,8.102277279E0
2.002890512E1,7.044446506E0,3.636008023E0,8.349576907E-1,7.971319543E0
2.003890712E1,6.271091425E0,3.712912650E0,4.823414969E-1,7.303763504E0
2.004890912E1,4.563589849E0,3.317449960E0,1.707021520E-2,5.641995918E0
2.005891112E1,2.742041840E0,2.756172514E0,-6.634809288E-1,3.944044538E0
2.006891312E1,-5.603421843E-1,9.185373527E-1,-1.819589192E0,2.113906114E0
2.007891512E1,-4.378898526E0,-6.723374140E-1,-3.224397663E0,5.479373156E0
2.008891712E1,-8.024092525E0,-9.970192659E-1,-3.327586108E0,8.743737048E0
2.009891875E1,-1.265120886E1,-1.658493430E0,-2.680536733E0,1.303798157E1
2.010892075E1,-1.789739390E1,-2.818925124E0,-3.821242260E0,1.851661253E1
2.011892275E1,-1.980947318E1,-1.251132826E0,-4.730277010E0,2.040480535E1
2.012892475E1,-1.539881316E1,3.231472501E-1,-1.451146632E0,1.547041361E1
2.013892675E1,-8.919559688E0,2.757252202E0,2.279601341E0,9.610284440E0
2.014892775E1,-3.307977471E0,5.717606855E0,4.256484143E0,7.858205924E0
2.015892975E1,-3.214132583E-1,6.154197398E0,4.153493625E0,7.431619029E0
2.016893175E1,9.230052102E-1,6.217011112E0,1.031100055E0,6.369170520E0
2.017893375E1,1.858056854E0,6.875546758E0,-4.551808879E-2,7.122330405E0
2.018893575E1,2.675931466E0,5.669449772E0,-5.950465786E-1,6.297408225E0
2.019893775E1,3.740247506E0,5.202950136E0,-1.827673698E0,6.663372470E0
2.020893975E1,5.141040401E0,5.415937890E0,-1.505938551E0,7.617777271E0
2.021894175E1,5.466750194E0,5.079617740E0,-2.157583984E0,7.768078444E0
2.022894375E1,5.164087202E0,4.380871084E0,-2.707967191E0,7.293347269E0
2.023894575E1,4.553408092E0,3.618171384E0,-3.177172041E0,6.627149583E0
2.024894775E1,4.241724601E0,2.542050985E0,-3.277330167E0,5.932549521E0
2.025894975E1,4.046497180E0,1.726724882E0,-2.724420086E0,5.174764058E0
2.026895175E1,4.378558803E0,1.624307684E0,-2.852493989E0,5.472373763E0
2.027895375E1,5.017247829E0,2.025658228E0,-2.415263030E0,5.925332273E0
2.028895575E1,5.274120106E0,2.505984774E0,-1.812243042E0,6.113961680E0
2.029895775E1,5.135319486E0,2.898038245E0,-1.564697367E0,6.100689284E0
2.030895975E1,4.667572639E0,2.767048627E0,-1.853838526E0,5.734065724E0
2.031896175E1,3.519033889E0,2.234257938E0,-2.710654571E0,4.972238555E0
2.032896375E1,2.300908595E0,1.439730382E0,-2.553156309E0,3.726340172E0
2.033896575E1,1.399883654E0,6.810550278E-1,-2.425484548E0,2.882097411E0
2.034896775E1,1.103121087E0,4.414785227E-1,-2.101114645E0,2.413806573E0
2.035896975E1,8.599143380E-1,4.647019091E-1,-2.028502898E0,2.251715910E0
2.036897175E1,6.025941646E-1,2.068408683E-1,-2.289105991E0,2.376112183E0
2.037897375E1,1.983966118E-1,5.178598237E-1,-1.905583315E0,1.984637948E0
2.038897575E1,2.026697570E-1,6.916039896E-1,-2.233897457E0,2.347272664E0
2.039897775E1,2.780286723E-1,1.035658836E0,-2.428859999E0,2.655042385E0
2.040897975E1,1.592775697E-1,1.204460936E0,-2.963126526E0,3.202532482E0
2.041898175E1,3.362207472E-2,1.226661059E0,-3.219996171E0,3.445896565E0
2.042898375E1,-9.549731076E-2,1.220826123E0,-3.261346803E0,3.483664612E0
2.043898575E1,-4.255814052E-1,1.203391772E0,-3.386863134E0,3.619407849E0
2.044898775E1,-6.208941954E-1,1.258590657E0,-3.270003021E0,3.558437832E0
2.045898975E1,-7.014050925E-1,1.264594578E0,-3.209960887E0,3.520655826E0
2.046899175E1,-6.453197694E-1,1.299414748E0,-3.366613642E0,3.665924672E0
2.047899375E1,-6.255637819E-1,1.174892735E0,-3.488312326E0,3.733634405E0
2.048899575E1,-7.990997869E-1,4.649144554E-1,-3.790035085E0,3.901162887E0
2.049899775E1,-7.041942143E-1,-4.905404627E-1,-4.088804416E0,4.177899112E0
2.050899975E1,-7.819060493E-1,-3.726380834E-1,-4.547064740E0,4.628826413E0
2.051900175E1,-1.133378674E0,-3.832595506E-1,-4.421940173E0,4.580937676E0
2.052900375E1,-1.373282915E0,-9.432538256E-1,-4.326562145E0,4.636245651E0
2.053900575E1,-1.513395066E0,-1.161741909E0,-4.587982971E0,4.968862710E0
2.054900775E1,-1.763100995E0,-1.181834769E0,-4.703442676E0,5.160196851E0
2.055900975E1,-1.779062725E0,-1.231011095E0,-4.487488045E0,4.981766900E0
2.056901175E1,-1.962714998E0,-1.154347081E0,-4.264285498E0,4.834138822E0
2.057901375E1,-2.590419445E0,-1.156480877E0,-4.788019434E0,5.565325779E0
2.058901575E1,-3.104059918E0,-1.021092691E0,-4.777844987E0,5.788404009E0
2.059901775E1,-3.512989622E0,-9.957050311E-1,-4.791443564E0,6.024156042E0
2.060901975E1,-3.708723997E0,-9.949364146E-1,-4.800143344E0,6.147024343E0
2.061902175E1,-3.807188185E0,-9.780454165E-1,-4.845650761E0,6.239518091E0
2.062902375E1,-3.703597743E0,-1.045631555E0,-4.892631969E0,6.224775432E0
2.063902575E1,-3.507757534E0,-1.194182846E0,-4.873505435E0,6.122212901E0
2.064902775E1,-2.943456784E0,-1.463492004E0,-4.598709980E0,5.652776324E0
2.065902975E1,-2.345351527E0,-1.982608395E0,-4.128724819E0,5.145656272E0
2.066903175E1,-1.926335376E0,-2.096775573E0,-4.406629823E0,5.246486651E0
2.067903375E1,-1.553099999E0,-2.070549787E0,-4.969076713E0,5.602768905E0
2.068903575E1,-1.254827682E0,-2.094165522E0,-4.672192232E0,5.271574906E0
2.069903775E1,-1.164434990E0,-1.912102814E0,-4.473973960E0,5.002848090E0
2.070903975E1,-9.030895936E-1,-1.792963018E0,-4.466850297E0,4.897248082E0
2.071904175E1,-3.465276343E-1,-1.680982406E0,-3.773952026E0,4.145901247E0
2.072904375E1,4.501087207E-1,-2.168848645E0,-3.272286651E0,3.951501263E0
2.073904575E1,1.108104669E0,-2.279021444E0,-3.848238855E0,4.607686728E0
2.074904775E1,1.651401635E0,-2.349009253E0,-3.675276754E0,4.663971596E0
2.075904975E1,2.248874223E0,-2.586750610E0,-3.215861312E0,4.700050847E0
2.076905175E1,2.729780813E0,-2.854083263E0,-2.981662784E0,4.948515688E0
2.077905375E1,3.241322136E0,-3.229751666E0,-3.332447484E0,5.660624633E0
2.078905575E1,3.474289241E0,-3.239257192E0,-3.119176725E0,5.682669823E0
2.079905775E1,3.708374333E0,-3.327531729E0,-3.082027609E0,5.858617737E0
2.080905975E1,3.713591804E0,-3.586128350E0,-3.067947514E0,6.005279559E0
2.081906175E1,4.045888485E0,-4.954134738E0,-3.735037637E0,7.406967718E0
2.082906375E1,4.444180934E0,-3.541419370E0,-3.701554141E0,6.781880151E0
2.083906575E1,3.692510837E0,-2.679021719E0,-2.035136126E0,4.995355113E0
2.084906775E1,3.695058469E0,-3.188605394E0,-2.194282133E0,5.351218135E0
2.085906975E1,3.109065135E0,-2.931352463E0,-2.536105828E0,4.968998495E0
2.086907175E1,2.761276841E0,-2.795146837E0,-1.562934870E0,4.228505769E0
2.087907375E1,2.970851575E0,-1.978679650E0,-1.349476415E0,3.816047541E0
2.088907575E1,2.981613375E0,-6.578417279E-1,-4.471737108E-1,3.085893450E0
2.089907775E1,2.763378915E0,-2.041781559E-1,2.513134749E-1,2.782285069E0
2.090907975E1,2.615488797E0,-1.559501093E0,9.212814510E-1,3.181443826E0
2.091908175E1,1.926541198E0,-4.772109745E0,2.463941832E0,5.705751638E0
2.092908375E1,1.060498978E0,-6.197886039E0,1.547421184E0,6.475566520E0
2.093908575E1,-1.354020433E0,-4.662803358E0,1.748429893E0,5.160631122E0
2.094908775E1,-3.042230875E0,-2.384172800E0,3.934509552E0,5.515416036E0
2.095908975E1,-4.393495515E0,-4.863508158E0,6.481149724E0,9.217473416E0
2.096909175E1,-4.010322211E0,-9.091487124E0,5.675990467E0,1.144354360E1
2.097909375E1,-3.391554648E0,-6.951076412E0,4.345341063E0,8.871420133E0
2.098909575E1,-6.310128021E-1,-7.012327750E0,2.035674362E0,7.329044122E0
2.099909775E1,2.833936681E0,-4.358389125E0,3.136259365E0,6.071480518E0
2.100909975E1,1.392343084E0,-3.671109151E0,4.446515143E0,5.931876480E0
2.101910175E1,-5.602673399E-1,-4.272834712E0,2.575528926E0,5.020394926E0
2.102910375E1,-1.279365522E0,-3.033931629E0,5.554635599E-2,3.293114433E0
2.103910575E1,-2.334775668E0,-1.399264726E0,-2.029714733E0,3.395417661E0
2.104910775E1,-2.416164232E0,7.390126294E-1,-2.828301719E0,3.792529483E0
2.105910975E1,-3.559369737E0,6.315223870E-1,-4.278305951E0,5.601056620E0
2.106911175E1,-3.565445579E0,-7.386369458E-1,-2.704971077E0,4.535951415E0
2.107911375E1,-3.009322160E0,-1.456505166E0,-6.634554935E-1,3.408460115E0
2.108911575E1,-2.656236289E0,-2.366749705E0,-3.052538931E-1,3.570752768E0
2.109911792E1,-2.194996224E0,-2.022312158E0,-3.001229614E-1,2.999638092E0
2.110911992E1,-2.763799914E0,-3.611853614E-1,-1.375196124E0,3.108087710E0
2.111912192E1,-3.098431388E0,1.766307024E0,-3.769909846E0,5.189637542E0
2.112912392E1,-3.417764792E0,-5.587317149E-1,-3.240661401E0,4.742908771E0
2.113912592E1,-1.133978013E0,-7.262053268E-1,-1.683229345E0,2.155583759E0
2.114912792E1,1.156491548E0,7.094263760E-1,-5.751368093E-1,1.473614886E0
2.115912992E1,2.836972556E0,2.445763861E0,-6.034624761E-1,3.793987494E0
2.116913192E1,3.676735049E0,3.577004939E0,6.909982181E-1,5.175985268E0
2.117913392E1,3.738110349E0,4.718355707E0,1.137186234E0,6.126135983E0
2.118913592E1,2.808423525E0,4.886147992E0,1.018001707E0,5.726954895E0
2.119913792E1,1.395942630E0,3.147324051E0,4.873394045E-1,3.477327164E0
2.120913992E1,4.141442513E-1,2.282283605E0,-8.368394709E-1,2.465894202E0
2.121914192E1,-3.486302930E-1,1.876037919E0,-8.911814466E-1,2.106007058E0
2.122914392E1,-2.818012959E-1,1.596501104E0,-1.984320167E0,2.562372781E0
2.123914592E1,9.835852879E-1,1.829510601E0,-7.231722298E-1,2.199437913E0
2.124914792E1,2.309114578E0,1.686381287E0,2.448580027E-1,2.869816618E0
2.125914992E1,2.365960624E0,2.046449903E0,-1.723420036E-1,3.132958449E0
2.126915192E1,1.889722450E0,1.914386737E0,6.923047784E-1,2.777627301E0
2.127915392E1,1.855439640E0,2.028459482E0,1.173628275E0,2.989098101E0
2.128915592E1,1.744548365E0,1.608798529E0,6.559111235E-1,2.462092831E0
2.129915792E1,1.573949416E0,1.697663343E0,1.158757344E-1,2.317931142E0
2.130915992E1,7.552731514E-1,1.491783465E0,2.092379344E-1,1.685121940E0
2.131916192E1,3.101830959E-1,4.911810252E-1,1.489011008E-1,5.997031685E-1
2.132916392E1,-5.912879884E-2,-1.643178695E-1,-7.942860666E-1,8.132569906E-1
2.133916592E1,-2.898260146E-1,7.239159957E-2,-1.040708492E0,1.082734421E0
2.134916792E1,-2.726404631E-1,1.693448670E-1,9.431851208E-3,3.210910555E-1
2.135916992E1,-1.665228546E-1,-9.204394519E-3,-1.777992100E-1,2.437768263E-1
2.136917192E1,-4.384300768E-2,-3.891647999E-1,-3.250256681E-1,5.089333313E-1
2.137917392E1,-1.373861790E-2,-5.017514755E-1,9.805078983E-2,5.114266811E-1
2.138917592E1,-1.081910312E-2,-5.441046126E-1,-1.082687992E-1,5.548774778E-1
2.139917692E1,7.773639321E-2,-5.719138241E-1,3.822178692E-2,5.784369231E-1
2.140917992E1,3.237316793E-1,-5.518356550E-1,2.351525018E-1,6.816314909E-1
2.141918092E1,2.469986683E-1,-6.963795568E-1,1.070432228E-1,7.465996791E-1
2.142918292E1,9.722165465E-2,-5.740539050E-1,1.101814234E-1,5.925621335E-1
2.143918492E1,-2.047730005E-1,-1.452167702E-1,3.047200423E-1,3.948090631E-1
2.144918692E1,-8.635314256E-1,2.210642204E-2,-6.014124423E-2,8.659054141E-1
2.145918892E1,-6.411349171E-1,-1.344040990E-2,-5.120196247E-1,8.206087513E-1
2.146919092E1,-5.781668365E-2,3.724077031E-2,1.267240736E-1,1.441826436E-1
2.147919292E1,1.689482796E-1,4.688328208E-1,7.973304194E-1,9.402571631E-1
2.148919492E1,9.326075077E-2,5.685370570E-1,1.134722656E0,1.272606561E0
2.149919692E1,1.792265153E-1,-8.195296660E-2,9.097694528E-1,9.308699640E-1
2.150919892E1,7.090953505E-1,1.004642281E-1,6.954070187E-1,9.982485657E-1
2.151920092E1,1.077081681E0,5.867834397E-1,8.563829121E-1,1.495931631E0
2.152920292E1,1.001774222E0,4.089571863E-2,9.954557204E-1,1.412853900E0
2.153920492E1,4.685005528E-1,-7.039201261E-1,3.845935929E-1,9.289287075E-1
2.154920692E1,-7.164704436E-1,-4.384908879E-1,-1.116439290E0,1.397154553E0
2.155920892E1,-9.105196506E-1,5.608459219E-2,-1.709156630E0,1.937371390E0
2.156921092E1,-5.469046980E-1,4.614426711E-1,-9.289170375E-1,1.172570232E0
2.157921292E1,-1.830026472E-1,4.511293522E-1,-5.764088711E-1,7.544897931E-1
2.158921492E1,-2.701413631E-3,6.058393693E-1,-1.040398005E-1,6.147136887E-1
2.159921692E1,2.068364829E-1,2.603971244E-1,2.963778198E-2,3.338658281E-1
2.160921892E1,1.075432767E0,1.216630161E-1,1.203296463E0,1.618418951E0
2.161922092E1,1.615864597E0,6.003884487E-1,1.708058231E0,2.426715394E0
2.162922292E1,1.164226245E0,2.398160948E-1,6.189371324E-1,1.340155842E0
2.163922492E1,4.043758929E-1,-1.868066995E-1,-2.482283378E-1,5.099352051E-1
2.164922692E1,-5.148754048E-1,-2.260890251E-1,-1.214094223E0,1.337997651E0
2.165922892E1,-9.739701265E-1,2.384045769E-1,-1.163297999E0,1.535811442E0
2.166923092E1,-8.729033428E-1,4.760934547E-2,-5.923776171E-1,1.056001012E0
2.167923292E1,-3.474450624E-1,-1.283455065E-1,1.863112941E-1,4.146113104E-1
2.168923492E1,1.412248760E-1,-1.500958331E-1,5.749988151E-1,6.108165535E-1
2.169923692E1,3.231908119E-1,-4.399138078E-2,5.120909607E-1,6.071447064E-1
2.170923892E1,3.099076921E-1,-1.521990766E-1,5.117676097E-1,6.173438449E-1
2.171924092E1,2.767042780E-1,-1.116224405E0,5.145453295E-1,1.259872643E0
2.172924292E1,-7.722651601E-2,-3.264721231E-1,-2.921903363E-1,4.448855747E-1
2.173924492E1,-6.820338517E-1,2.436900213E-1,-2.482116732E-1,7.656135031E-1
2.174924692E1,-5.902553701E-1,5.013446555E-1,3.005088776E-1,8.306945594E-1
2.175924892E1,2.630311489E-2,-2.051193018E-1,9.872792664E-1,1.008705176E0
2.176925092E1,6.834477085E-1,-1.342763081E0,1.439798794E0,2.084018721E0
2.177925292E1,9.068394130E-1,-1.325675763E0,1.273524739E0,2.049790040E0
2.178925492E1,5.316516513E-1,-2.323547553E-1,-1.976683411E-1,6.129559394E-1
2.179925692E1,1.480089911E0,-1.650169042E0,4.920686325E-1,2.270650909E0
2.180925892E1,1.039858891E0,-5.856539038E-1,4.548163140E-1,1.277166743E0
2.181926092E1,-3.569304156E-1,-3.703126457E-1,-1.187072778E0,1.293704973E0
2.182926292E1,-6.920764446E-1,9.330298229E-1,-2.162127855E-1,1.181635487E0
2.183926492E1,-1.024911069E0,2.310654442E0,1.841229737E-1,2.534456139E0
2.184926692E1,-6.434217632E-1,2.492243817E0,-1.181926936E-2,2.573987277E0
2.185926892E1,-8.222939372E-3,1.792550936E0,7.402189100E-1,1.939389210E0
2.186927092E1,1.595868874E-1,1.173046623E0,1.079046638E0,1.601826458E0
2.187927292E1,4.696483612E-2,1.488499961E0,4.873300490E-1,1.566948757E0
2.188927492E1,-3.861793578E-1,2.190121693E0,-3.272391316E-1,2.247855194E0
2.189927692E1,-6.756124395E-1,2.433137238E0,-1.012638348E0,2.720670030E0
2.190927892E1,-6.129302877E-1,1.556392274E0,-5.241286236E-1,1.752926485E0
2.191928092E1,-4.754733574E-1,8.167386438E-1,-5.999401134E-1,1.119403889E0
2.192928292E1,-4.552414066E-1,1.153607263E0,-6.693068022E-1,1.409264365E0
2.193928492E1,-6.905684477E-1,8.330865817E-1,-4.132013878E-1,1.158297639E0
2.194928692E1,-1.149885364E0,8.132117495E-2,-1.097506298E0,1.591656231E0
2.195928892E1,-1.322571768E0,2.607710539E-1,-1.629200342E0,2.114590121E0
2.196929092E1,-1.185947481E0,1.352786817E0,-3.392203689E-2,1.799348300E0
2.197929292E1,-4.266859442E-1,1.137264733E0,1.743337114E0,2.124772049E0
2.198929492E1,3.406546909E-1,-5.164164385E-1,1.480001910E0,1.604100125E0
2.199929692E1,6.354502541E-1,-5.938802053E-1,9.568439242E-1,1.293074251E0
2.200929892E1,8.512388241E-1,-1.523913622E0,2.176029611E-1,1.759054096E0
2.201930092E1,6.542788732E-1,-1.466063025E0,-1.075300035E0,1.932276327E0
2.202930292E1,-2.467583477E-2,-8.366105524E-1,-2.404227726E0,2.545748824E0
2.203930492E1,-3.377480400E-1,-1.860385800E0,-1.302011204E0,2.295722596E0
2.204930692E1,-3.193187857E-1,-1.242617088E0,5.082475859E-1,1.379991783E0
2.205930892E1,-1.653210763E0,-3.206538512E-1,-9.486522675E-2,1.686690289E0
2.206931092E1,-9.799149907E-1,-3.547752781E-1,4.010011724E-1,1.116647136E0
2.207931292E1,4.966893947E-1,-5.947717595E-1,-1.465487659E-2,7.750281067E-1
2.208931492E1,-2.407076490E-1,9.362766355E-2,-6.537765974E-1,7.029439174E-1
2.209931650E1,-1.122485311E0,1.448355317E-3,-1.011459257E0,1.510968299E0
2.210931850E1,-4.080888748E-1,-1.578349738E0,-6.536353871E-1,1.756406458E0
2.211932050E1,1.282610142E-1,-1.830347630E0,-5.442214108E-1,1.913844371E0
2.212932250E1,6.732986963E-1,-1.840402502E0,1.151729575E0,2.273080183E0
2.213932450E1,-1.352273870E-1,-3.542150272E0,9.112724796E-1,3.659990782E0
2.214932650E1,8.867717689E-1,-2.045441405E0,-2.030422246E-1,2.238620302E0
2.215932850E1,2.222862300E0,-8.180295628E-1,-1.123443085E-1,2.371267681E0
2.216933050E1,1.029742624E0,3.191039005E-1,-1.647071187E0,1.968512297E0
2.217933250E1,2.152847739E0,1.897126195E-1,-1.986492115E-1,2.170300849E0
2.218933450E1,1.640962601E0,-1.373356006E-1,8.915834427E-1,1.872575862E0
2.219933650E1,-7.345740080E-1,-6.113363367E-1,-5.525443375E-1,1.103918627E0
2.220933850E1,-1.254087424E-1,4.988461402E-1,4.040870404E-1,6.541109696E-1
2.221934050E1,-1.344895268E0,9.033217281E-1,5.757876045E-1,1.719379188E0
2.222934250E1,-9.657723302E-1,2.913504715E0,-4.054687375E-1,3.096066991E0
2.223934450E1,-1.831718071E0,3.646813093E0,-3.438028318E-1,4.095441028E0
2.224934650E1,-3.291697653E0,5.033186755E0,-5.166982158E0,7.928804889E0
2.225934850E1,2.101248400E0,6.516608993E0,-5.509345406E0,8.788306117E0
2.226935050E1,3.901555814E0,2.689622429E0,-2.253674787E-1,4.744153989E0
2.227935250E1,3.729347711E0,1.695645761E-1,3.829011455E0,5.347720563E0
2.228935450E1,4.400288810E0,-9.954492885E-1,5.374484639E0,7.017018315E0
2.229935650E1,5.746128404E0,-6.811285566E-1,5.531335614E0,8.004848619E0
2.230935850E1,5.529116011E0,-1.889656377E-1,4.849806962E0,7.357136634E0
2.231936050E1,4.252215675E0,-6.982319547E-1,4.146652090E0,5.980266680E0
2.232936250E1,2.762165033E0,-9.044195428E-1,3.152078130E0,4.287554888E0
2.233936450E1,1.015890570E0,-6.366717374E-1,1.858130821E0,2.211342285E0
2.234936650E1,-6.116848308E-1,-9.870949329E-1,7.432074219E-1,1.378721150E0
2.235936850E1,-2.320839999E0,-1.327937466E0,6.051064208E-1,2.741508708E0
2.236937050E1,-2.344658632E0,-1.878056670E0,6.046576470E-1,3.064332200E0
2.237937250E1,-1.849830991E0,1.748147180E0,-2.763926214E-1,2.560134008E0
2.238937450E1,-3.401069237E0,2.431289518E0,-2.264656589E0,4.754693485E0
2.239937650E1,-5.433558474E0,9.567490532E-1,-5.400617015E0,7.720465698E0
2.240937850E1,-5.316427050E0,1.420044707E0,-5.428877778E0,7.730047702E0
2.241938050E1,-4.484768212E0,2.246275282E0,-2.445249014E0,5.580156029E0
2.242938250E1,-2.749874185E0,1.895326860E0,-1.020498907E0,3.492204169E0
2.243938450E1,-1.528649282E-1,1.350953422E0,7.992697947E-1,1.577109711E0
2.244938650E1,3.131856412E-1,9.078505428E-1,4.944484493E-1,1.080165322E0
2.245938850E1,7.454346263E-1,-1.043232442E-1,1.584128249E0,1.753858156E0
2.246939050E1,1.428650200E0,-2.632299542E-2,2.363652435E0,2.761989705E0
2.247939250E1,1.023893069E0,-1.583463421E0,-1.652978629E-1,1.892891124E0
2.248939450E1,2.389819018E0,-1.596012130E0,-1.298806930E-1,2.876692311E0
2.249939650E1,1.765788960E0,-1.883499990E0,6.338527948E-1,2.658449215E0
2.250939850E1,-2.684951380E0,-4.333677329E0,2.354305369E-1,5.103444979E0
2.251940050E1,6.168555236E-1,-2.269855349E0,-1.048343201E0,2.575223778E0
2.252940250E1,2.117504829E0,-1.831445006E0,-2.115009822E0,3.508743943E0
2.253940550E1,8.435894966E-1,-1.331801744E0,-2.414776688E0,2.883831753E0
2.254940750E1,4.234828395E-1,-6.369018254E-1,-2.199725160E0,2.328899403E0
2.255940950E1,5.865418035E-1,2.996201009E-1,-1.804987232E0,1.921401156E0
2.256941150E1,1.508740683E0,8.099166973E-1,3.903045684E-2,1.712830079E0
2.257941350E1,5.363498890E-1,8.520777534E-1,3.201970959E0,3.356534779E0
2.258941550E1,-5.645673823E-1,1.156980229E0,5.941475108E0,6.079347501E0
2.259941750E1,3.735183817E-1,6.978765902E-1,8.870799172E0,8.906044333E0
2.260941950E1,2.906581319E0,1.286912231E-1,5.103107175E0,5.874221585E0
2.261942150E1,2.895281575E0,1.946625799E-1,3.944744810E0,4.897097154E0
2.262942350E1,2.023123752E0,1.344472661E0,8.144936931E0,8.499449044E0
2.263942550E1,4.450362611E-1,1.396945866E0,7.232458463E0,7.379564380E0
2.264942750E1,-2.911508183E0,-6.017967506E-1,-1.603023527E1,1.630360334E1
2.265942950E1,-2.225977696E0,2.756596729E-2,-1.746093667E1,1.760227389E1
2.266943150E1,-1.411574576E0,-1.880840237E-1,-8.646862507E0,8.763341235E0
2.267943350E1,-1.021335497E0,6.465069003E-1,-3.570902785E0,3.769939531E0
2.268943550E1,-2.874771881E-1,4.266729341E-1,2.288297905E0,2.345421120E0
2.269943750E1,-6.344544733E-1,1.000163314E-1,3.258197785E0,3.320901768E0
2.270943950E1,-3.839252561E-1,2.974804585E-1,3.027783282E0,3.066490637E0
2.271944150E1,2.361438972E-1,6.669193840E-1,5.689101094E-1,9.078568816E-1
2.272944350E1,7.740058762E-1,1.773968777E0,-2.769475222E-1,1.955185476E0
2.273944550E1,2.640070492E-1,9.518968874E-1,1.350464156E-1,9.970180243E-1
2.274944750E1,-1.607522374E-1,-5.181305498E-2,1.109279813E0,1.122063981E0
2.275944950E1,-9.966462135E-2,4.631901115E-2,-4.301942736E-3,1.099863367E-1
2.276945150E1,1.447080624E-1,1.719493631E-1,-8.745750618E-1,9.029886741E-1
2.277945350E1,4.449163932E-1,4.349454287E-1,-5.364599629E-1,8.215335748E-1
2.278945550E1,4.137694448E-1,1.502480069E-1,2.258504587E-1,4.947605954E-1
2.279945750E1,2.676522034E-1,-6.642197245E-1,4.080450207E-1,8.242125232E-1
2.280945950E1,3.678155923E-1,-4.336767291E-1,8.735371810E-1,1.042320019E0
2.281946150E1,1.437040955E-1,2.237998402E-1,5.979625851E-1,6.544436482E-1
2.282946350E1,-7.207699013E-1,2.482157663E-2,-1.696027731E0,1.842996317E0
2.283946550E1,-1.228579531E0,6.767011911E-1,-7.491249503E-1,1.590132182E0
2.284946750E1,-3.052375209E-1,3.593701664E-1,1.236898364E0,1.323719919E0
2.285946950E1,7.349657714E-2,-2.174431859E-1,6.404250652E-1,6.803143024E-1
2.286947150E1,4.450660819E-1,-4.733749379E-1,4.923460829E-1,8.152130485E-1
2.287947350E1,5.021062553E-1,-4.819389161E-1,6.839061302E-1,9.757578621E-1
2.288947550E1,7.455199957E-2,1.807081997E-2,-1.554716170E-2,7.827048876E-2
2.289947750E1,-3.494798934E-1,3.994462515E-1,-1.930279908E-1,5.647595143E-1
2.290947950E1,-1.082354701E-1,8.002190901E-1,1.204238449E-1,8.164357976E-1
2.291948150E1,-1.833394468E-2,8.947923946E-1,5.192518996E-1,1.034703870E0
2.292948350E1,-3.835025024E-1,7.662204547E-1,-2.910627007E-2,8.573302337E-1
2.293948550E1,-6.457460314E-1,5.954775184E-1,-1.216949419E0,1.500848860E0
2.294948750E1,-6.841037661E-1,1.584800094E-1,-8.700206655E-1,1.118056275E0
2.295948950E1,-3.586103207E-1,-6.327675515E-1,-2.636406042E0,2.734891763E0
2.296949150E1,2.964164114E-1,-8.492971100E-1,-1.416389174E0,1.677893489E0
2.297949350E1,-2.848459411E-1,-4.184530646E-1,7.097321123E-1,8.717567600E-1
2.298949550E1,-3.942531931E-1,1.532578611E-1,3.864185381E0,3.887267963E0
2.299949750E1,-8.447384745E-1,1.474485062E-1,4.797957070E0,4.873983606E0
2.300949950E1,-2.821933517E0,-1.274958622E0,4.273003404E0,5.277062284E0
2.301950150E1,-3.321285149E0,-2.901655040E0,1.260909663E-1,4.412078415E0
2.302950350E1,-1.791246568E0,-1.118491663E0,-7.908710003E-2,2.113254040E0
2.303950550E1,-5.394968605E-1,1.966406199E0,3.544884722E-1,2.069655111E0
2.304950750E1,-1.753210430E0,2.452763709E0,-8.080925122E-2,3.016011731E0
2.305950950E1,-2.569936064E0,1.061889738E0,2.259617897E0,3.583023057E0
2.306951150E1,-3.608668782E0,-2.420744357E-1,2.310609126E0,4.291853322E0
2.307951350E1,-4.382138468E0,-1.791057411E0,1.467371632E0,4.956228779E0
2.308951550E1,-4.667805358E0,-4.338708858E0,-7.750672920E-1,6.419776533E0
2.309951804E1,-3.560812830E0,-2.899989460E0,-3.815454978E0,5.970512840E0
2.310952004E1,-4.784055607E0,-2.287153898E0,-5.323871725E0,7.514111467E0
2.311952204E1,-5.581538054E0,-4.068609595E0,-5.535126364E-1,6.929179412E0
2.312952404E1,-6.124732693E0,-5.340089563E0,4.821689310E-1,8.140110195E0
2.313952604E1,-6.483178123E0,-4.240627078E0,2.259808882E-1,7.750198962E0
2.314952804E1,-4.594909875E0,-1.871404878E0,-4.237063200E0,6.524420092E0
2.315953004E1,-4.615815425E0,-1.611778563E0,-4.706061351E0,6.786058916E0
2.316953204E1,-4.238999214E0,-9.836484379E-1,-2.112687893E0,4.837367953E0
2.317953404E1,-5.848857551E0,-1.747431627E0,3.839753083E0,7.211543224E0
2.318953604E1,-5.921056631E0,6.381300330E-2,7.992047444E0,9.946647982E0
2.319953804E1,-5.354280170E0,2.575948756E0,7.312095786E0,9.421813674E0
2.320954004E1,-6.211110687E0,1.967112104E0,7.924097536E0,1.025859385E1
2.321954204E1,-5.201686553E0,2.945709717E0,6.434539229E0,8.782826641E0
2.322954404E1,-3.531747490E0,4.279611635E0,2.109199444E0,5.936079377E0
2.323954604E1,-2.999804648E0,4.526677546E0,-1.053878760E0,5.531753607E0
2.324954804E1,-2.218507878E0,4.942245010E0,-1.628464177E0,5.656806388E0
2.325955004E1,-1.876901261E0,4.860814930E0,-1.654544367E0,5.466973312E0
2.326955204E1,-1.684414430E0,4.019766049E0,-2.080780514E0,4.829639594E0
2.327955404E1,-1.310233558E0,2.705158773E0,-1.995880989E0,3.608065533E0
2.328955604E1,-1.232587212E-1,2.925371931E0,-1.892905382E0,3.486557677E0
2.329955804E1,7.995663947E-1,3.709168970E0,-1.988919294E0,4.284044914E0
2.330956004E1,8.907893908E-1,4.012237759E0,-2.412402719E0,4.765631590E0
2.331956204E1,6.969132614E-1,3.837791342E0,-2.628911373E0,4.703775663E0
2.332956404E1,3.364055192E-1,3.592006556E0,-3.787568437E0,5.230808201E0
2.333956604E1,2.062804127E-1,4.326722651E0,-5.570721290E0,7.056629237E0
2.334956804E1,-2.027089334E-1,4.552741510E0,-6.170110011E0,7.670645586E0
2.335957004E1,-1.683624471E0,2.358235282E0,-6.649502757E0,7.253395889E0
2.336957204E1,-1.113809797E0,9.513621596E-1,-6.780703751E0,6.937117959E0
2.337957404E1,7.749683279E-1,1.703116457E0,-6.066735916E0,6.348737374E0
2.338957604E1,1.591885750E0,1.820250804E0,-5.613986592E0,6.112631078E0
2.339957804E1,2.072630957E0,2.236382816E0,-5.902646087E0,6.643676544E0
2.340958004E1,2.425513930E0,2.650781129E0,-5.991088732E0,6.985907430E0
2.341958204E1,2.144495284E0,1.531548624E0,-5.468379813E0,6.070228908E0
2.342958404E1,1.507420381E0,-2.062681335E-1,-5.462705675E0,5.670627482E0
2.343958604E1,1.904116834E0,-4.388630632E-1,-6.252695500E0,6.550913121E0
2.344958804E1,2.504366557E0,-1.958285147E-1,-6.914421387E0,7.356590499E0
2.345959004E1,2.691610190E0,-3.694446266E-2,-6.794849335E0,7.308632416E0
2.346959204E1,2.812232694E0,1.739365393E-1,-6.844553007E0,7.401811434E0
2.347959404E1,2.463158889E0,3.520381965E-1,-7.131763562E0,7.553352508E0
2.348959604E1,4.118513827E0,6.846846870E-1,-2.322280753E0,4.777440440E0
2.349959804E1,4.163878865E0,-5.833141404E-1,7.999985039E-2,4.205299343E0
2.350960004E1,2.127152589E0,-1.807128044E0,-2.733222485E-1,2.804495490E0
2.351960204E1,-1.638288377E0,-2.192486453E0,2.371040100E0,3.621162356E0
2.352960404E1,-2.464209049E0,-3.011503464E0,2.543359884E0,4.648672806E0
2.353960604E1,-1.114016350E0,-7.109413750E0,8.043630996E0,1.079281223E1
2.354960804E1,8.179857087E0,-5.726223312E0,2.323886048E1,2.529316769E1
2.355961004E1,-1.613547492E0,-5.969431815E0,-6.328195918E0,8.847808501E0
2.356961204E1,-1.809612088E0,-3.960852135E0,-7.287138115E0,8.489135848E0
2.357961404E1,2.763007032E0,-1.821580753E0,-3.097463089E-1,3.323899378E0
2.358961604E1,2.138729930E0,-7.783954541E-1,-2.718524923E0,3.545482048E0
2.359961904E1,4.738973866E-1,2.036914118E-1,-4.371386608E0,4.401714416E0
2.360962104E1,1.206529242E0,7.367668600E-1,-1.698612639E0,2.209937355E0
2.361962204E1,1.754330318E0,-4.614717610E-2,-1.084505891E0,2.062997202E0
2.362962504E1,1.762718734E0,-1.144509141E0,-9.952113068E-1,2.325408363E0
2.363962704E1,1.972381176E0,-1.032633560E0,-4.651395732E-1,2.274417375E0
2.364962904E1,1.371994043E0,4.209600583E-2,-7.612431586E-1,1.569595768E0
2.365963104E1,1.308844552E0,6.639988460E-1,-1.439338911E0,2.055642242E0
2.366963304E1,9.213827540E-1,2.793332592E-1,-1.819128431E0,2.058203464E0
2.367963504E1,1.213329408E-1,1.550012085E-1,-1.836061968E0,1.846583496E0
2.368963704E1,-4.202545917E-1,2.597311266E-2,-6.744634616E-1,7.951034433E-1
2.369963904E1,-5.652211010E-1,-5.136878353E-1,3.972721106E-1,8.609153356E-1
2.370964104E1,1.336958550E-1,-1.123826808E0,8.650955558E-2,1.135052942E0
2.371964304E1,5.915797645E-1,-1.613943056E0,9.312737578E-1,1.955006296E0
2.372964504E1,1.780092712E-1,-2.531848471E0,1.421826500E0,2.909215457E0
2.373964704E1,-5.201816069E-1,-2.051240235E0,1.245735261E0,2.455612295E0
2.374964904E1,-1.033096148E0,-1.465948566E0,6.939504772E-1,1.922982089E0
2.375965104E1,-1.258650299E0,-1.282429171E0,4.767574060E-1,1.859065028E0
2.376965304E1,-1.299586363E0,-1.898709182E0,7.618232024E-1,2.423715302E0
2.377965504E1,-1.212515621E0,-2.068654705E0,6.951754689E-1,2.496556699E0
2.378965704E1,-1.404290261E0,-1.088381280E0,1.021368241E-1,1.779617060E0
2.379965904E1,-1.706169873E0,-4.819409627E-1,-1.974248046E-1,1.783888808E0
2.380966104E1,-1.506488189E0,-3.240532762E-1,-1.028835136E-1,1.544377611E0
2.381966304E1,-1.048913743E0,-7.020169305E-1,6.483012646E-1,1.418922951E0
2.382966504E1,-5.243524258E-1,-1.240585911E0,8.127214605E-1,1.573059135E0
2.383966704E1,-2.589973010E-1,-1.362942407E0,3.410061085E-1,1.428627583E0
2.384966904E1,-1.463982001E-1,-8.439086084E-1,3.208788228E-1,9.146460470E-1
2.385967104E1,-3.309372032E-1,-4.046982206E-1,3.899981743E-1,6.522259257E-1
2.386967304E1,-5.808542168E-1,-3.775782497E-1,-4.324074447E-2,6.941373912E-1
2.387967504E1,-8.504532507E-1,-1.428109333E-2,-1.511803454E-1,8.639040329E-1
2.388967704E1,-5.997386768E-1,-5.326681897E-2,2.904230154E-1,6.684828811E-1
2.389967904E1,-3.170266771E-1,-5.136295094E-1,5.548539877E-1,8.198683642E-1
2.390968104E1,-3.399521479E-1,-4.472965023E-1,9.201476759E-1,1.078106381E0
2.391968304E1,-3.749424711E-1,3.882358235E-1,1.585953750E0,1.675278547E0
2.392968504E1,-3.058772063E-1,3.311797164E-1,7.640276027E-1,8.871183955E-1
2.393968704E1,3.687686884E-1,4.686474641E-1,-3.103988582E-1,6.722858338E-1
2.394968904E1,2.648323837E-1,4.807665494E-1,-3.790404922E-1,6.670414989E-1
2.395969104E1,1.309457633E-1,3.212585995E-1,-6.693459785E-1,7.539084292E-1
2.396969304E1,2.532543120E-1,6.989907771E-1,-1.172686581E0,1.388495470E0
2.397969504E1,6.478597999E-2,8.725957793E-1,-6.135009760E-1,1.068645902E0
2.398969704E1,-3.949735701E-1,-2.400162157E-1,1.840985908E0,1.898115122E0
2.399969904E1,-3.275852868E-1,-1.372749942E0,3.314742115E0,3.602675368E0
2.400970104E1,4.248051873E-1,-1.302313212E0,3.132745773E0,3.419148319E0
2.401970304E1,7.121613380E-1,-7.055921374E-1,1.765395443E0,2.030185978E0
2.402970504E1,4.518938756E-1,-2.830085997E-1,6.538356543E-1,8.436841856E-1
2.403970704E1,-1.539425701E-2,1.107769623E-2,9.330460489E-2,9.521264515E-2
2.404970904E1,-4.628717306E-1,2.820008321E-1,-4.676778495E-2,5.440238359E-1
2.405971104E1,-9.434687108E-1,4.203898086E-1,-8.006241560E-2,1.035987833E0
2.406971304E1,-1.338937832E0,6.144404773E-1,-3.735025942E-1,1.519801239E0
2.407971504E1,-1.444580647E0,5.971283336E-1,-4.104102194E-1,1.616110157E0
2.408971704E1,-1.492864615E0,-3.528911591E-2,6.002342284E-1,1.609400885E0
2.409971842E1,-1.642213612E0,2.155125815E-1,1.473784858E0,2.217059546E0
2.410972042E1,-1.441345383E0,1.239098672E0,1.281008590E0,2.292122387E0
2.411972242E1,-5.863918224E-1,1.313077936E0,-1.710731578E-1,1.448204082E0
2.412972442E1,5.514129013E-1,1.415192834E-1,-9.379144406E-1,1.097163339E0
2.413972642E1,1.305848439E0,-4.961534974E-1,-9.690169501E-1,1.700118316E0
2.414972842E1,1.688092621E0,-1.874517936E-1,-1.183168885E0,2.069947700E0
2.415973042E1,1.390358832E0,5.581430465E-2,-1.768580421E0,2.250353222E0
2.416973242E1,6.314826259E-1,3.192761010E-1,-1.728472615E0,1.867705843E0
2.417973442E1,1.138786179E-1,2.057872000E-1,-1.681585547E0,1.697953669E0
2.418973642E1,2.304592341E-2,-4.166836971E-1,-1.136784092E0,1.210964281E0
2.419973842E1,3.939003137E-1,-7.767055357E-1,-1.268383867E-1,8.800664308E-1
2.420974042E1,4.687315178E-1,-9.273415053E-1,3.814863825E-1,1.106889047E0
2.421974242E1,6.482229120E-1,-9.800009447E-1,1.879879832E-1,1.189930366E0
2.422974442E1,5.277201296E-1,-8.224752009E-1,-5.962820953E-1,1.144773483E0
2.423974642E1,-1.991605505E-1,-5.909941658E-1,-7.485196173E-1,9.742795525E-1
2.424974842E1,-1.393010398E0,5.321550965E-2,-1.785850757E-1,1.405418972E0
2.425975042E1,-2.533490369E0,9.406778347E-1,1.220313907E-2,2.702516818E0
2.426975242E1,-2.589984997E0,1.408284056E0,3.020040107E-1,2.963527069E0
2.427975442E1,-1.818452201E0,1.311997956E0,1.500722980E-1,2.247360393E0
2.428975642E1,-7.867987069E-1,8.260206601E-1,2.470483696E-1,1.167216875E0
2.429975842E1,3.782220282E-1,2.194223222E-1,4.952977574E-1,6.606950329E-1
2.430976042E1,1.385282279E0,2.402477655E-1,3.349098015E-1,1.445299469E0
2.431976242E1,1.824642063E0,3.080792677E-1,7.135404038E-1,1.983272901E0
2.432976442E1,1.583093731E0,9.636445284E-2,7.826270109E-1,1.768608749E0
2.433976642E1,1.006741431E0,-1.463859209E-1,7.319152790E-1,1.253258602E0
2.434976842E1,4.820345181E-1,-1.757383588E-1,7.070365459E-1,8.735799475E-1
2.435977042E1,8.419435054E-2,-1.877657890E-1,7.170879096E-1,7.460293227E-1
2.436977242E1,1.424410969E-2,3.845070541E-2,8.926669317E-1,8.936081929E-1
2.437977442E1,3.403417186E-1,4.368443120E-1,8.188896883E-1,9.885574135E-1
2.438977742E1,3.838550895E-1,2.855087230E-1,8.001598871E-1,9.322638068E-1
2.439977942E1,4.587994373E-1,1.669847846E-2,-5.332298148E-1,7.036403898E-1
2.440978142E1,5.556740597E-1,-1.193548277E-1,-6.743605506E-1,8.819191504E-1
2.441978342E1,3.632066707E-1,-8.959337711E-2,-2.886396146E-1,4.725027894E-1
2.442978542E1,1.584908268E-1,-2.101173556E-1,-6.230658513E-1,6.763724569E-1
2.443978742E1,2.659266901E-1,-1.235639459E-1,-6.142950279E-1,6.806933483E-1
2.444978942E1,4.490647003E-1,1.214145094E-2,-7.425215435E-1,8.678391340E-1
2.445979142E1,4.022963306E-1,1.284677133E-1,-8.715561444E-1,9.684814938E-1
2.446979342E1,3.036735369E-1,3.327328831E-1,-3.153163666E-1,5.498665288E-1
2.447979542E1,5.334979096E-1,6.401110697E-1,9.307972097E-1,1.249298062E0
2.448979742E1,2.911169337E-1,5.713019130E-1,9.325782716E-1,1.131740773E0
2.449979942E1,-1.927723213E-1,1.952119258E-1,-1.062193501E-1,2.941962171E-1
2.450980142E1,-1.781577905E-1,-3.061719060E-2,-4.949299675E-1,5.269091795E-1
2.451980342E1,-2.477933049E-2,-1.271401030E-1,-3.444425172E-1,3.679935715E-1
2.452980542E1,-5.917469949E-2,-2.594555765E-1,-1.673519897E-1,3.143652807E-1
2.453980742E1,1.225561783E-2,-2.732655305E-1,1.356261671E-1,3.053173881E-1
2.454980942E1,3.093905059E-1,-2.322306481E-1,2.405199534E-1,4.555254186E-1
2.455981142E1,4.201749234E-1,-2.739110631E-1,6.478393346E-1,8.193107104E-1
2.456981342E1,1.772669671E-1,-4.400941944E-1,9.042520201E-1,1.021165116E0
2.457981542E1,-4.858507034E-1,-8.204871476E-1,-4.844330460E-1,1.069544502E0
2.458981742E1,-1.303896931E-1,3.431409270E-2,-3.308146455E0,3.310892916E0
2.459981942E1,6.718871784E-1,1.112317588E0,-3.596616501E-1,1.348346876E0
2.460982142E1,2.962195064E-1,1.325205062E0,7.923819208E-1,1.572190688E0
2.461982342E1,1.985144332E-1,6.990241063E-1,1.058075892E0,1.283575971E0
2.462982542E1,1.946041077E-1,-4.143225914E-1,7.292138654E-1,8.609801566E-1
2.463982742E1,7.310379043E-2,-7.370891878E-1,1.087938792E-1,7.486526184E-1
2.464982942E1,2.886784986E-2,-4.310061595E-1,3.304366815E-1,5.438640113E-1
2.465983142E1,-1.246086971E-1,9.846360326E-2,-1.087962180E-1,1.925072093E-1
2.466983342E1,-6.255058944E-2,6.939574939E-1,-3.717297184E-1,7.897294240E-1
2.467983542E1,2.374079190E-1,9.573231035E-1,7.761670071E-1,1.255095720E0
2.468983742E1,-1.508957322E-1,6.206413034E-1,4.149453199E-1,7.616723495E-1
2.469983942E1,-4.683653359E-1,7.749899626E-2,-4.007740080E-2,4.764224810E-1
2.470984142E1,-3.792110847E-1,-2.844161707E-1,1.433854222E-2,4.742353832E-1
2.471984342E1,5.195572704E-2,-2.668055266E-1,6.093874598E-1,6.672613152E-1
2.472984542E1,2.105608669E-1,-1.766557869E-1,6.310981715E-1,6.883516890E-1
2.473984742E1,1.697864780E-1,-4.907012612E-2,4.434382170E-1,4.773602180E-1
2.474984942E1,3.278972358E-2,8.194229543E-2,4.172350895E-1,4.264678484E-1
2.475985142E1,-1.631159744E-1,1.750893179E-1,2.712067258E-1,3.616851925E-1
2.476985342E1,-2.468486872E-1,1.550190425E-1,-8.299128592E-2,3.030721555E-1
2.477985542E1,-1.546043287E-1,1.142490390E-1,-2.131912369E-1,2.870641824E-1
2.478985742E1,-7.008721188E-2,1.265553814E-1,-8.913027763E-2,1.699196523E-1
2.479985942E1,-1.442951028E-1,3.844398111E-2,-9.824140906E-2,1.787467226E-1
2.480986142E1,-1.196428031E-1,-1.907946467E-3,-2.583884597E-2,1.224160388E-1
2.481986342E1,-6.532216966E-2,-8.860578239E-3,1.888299823E-1,2.000056447E-1
2.482986542E1,-1.234997727E-1,-1.229903340E-2,2.807891428E-1,3.069951186E-1
2.483986742E1,-1.116607690E-1,-1.131231576E-2,2.390622425E-1,2.640962923E-1
2.484986942E1,-3.780254155E-2,3.962950408E-2,1.495454639E-1,1.592588318E-1
2.485987142E1,6.610160351E-2,5.597831905E-2,1.187546110E-1,1.469886112E-1
2.486987342E1,9.553517148E-2,3.214623749E-2,3.264605749E-1,3.416677575E-1
2.487987542E1,-6.302275211E-3,-3.417756021E-2,4.048167729E-1,4.063058502E-1
2.488987842E1,-2.347680473E-1,-1.590787643E-1,1.762725019E-1,3.339072989E-1
2.489988042E1,-3.279633093E-1,-3.035114229E-1,1.615299171E-1,4.751536911E-1
2.490988242E1,-2.065012912E-1,-3.986152160E-1,3.847339261E-1,5.912335136E-1
2.491988442E1,-8.070005447E-2,-2.352410871E-1,5.941578019E-1,6.441074145E-1
2.492988642E1,1.046464491E-1,-8.780003607E-2,5.608579087E-1,5.772532541E-1
2.493988842E1,5.716463140E-1,-8.856251299E-2,4.863608730E-1,7.557577163E-1
2.494989042E1,6.758217698E-1,-1.964939278E-1,1.058855910E0,1.271424700E0
2.495989242E1,2.956542268E-1,-3.905466431E-1,9.255774003E-1,1.047201808E0
2.496989442E1,2.173940693E-1,-3.825657785E-1,3.259138602E-1,5.475733745E-1
2.497989642E1,3.450284082E-1,4.426634610E-2,3.485876083E-2,3.495986914E-1
2.498989842E1,4.390985598E-1,2.883378983E-1,-2.576458633E-2,5.259373562E-1
2.499990042E1,3.963630878E-1,2.036555976E-1,-5.384291589E-2,4.488634084E-1
2.500990242E1,4.640534529E-1,8.016357243E-2,1.301496649E-1,4.885803320E-1
2.501990442E1,6.719314711E-1,4.378336608E-2,4.051512337E-1,7.858475724E-1
2.502990642E1,8.855001457E-1,-2.334916002E-1,6.617013288E-1,1.129813030E0
2.503990842E1,4.921173837E-1,-2.343037784E-1,6.061118495E-1,8.151376289E-1
2.504991042E1,5.034781583E-2,-9.490323365E-2,5.200186157E-1,5.309998936E-1
2.505991242E1,3.018813745E-2,5.649579763E-3,3.255449009E-1,3.269904034E-1
2.506991442E1,1.637602096E-1,-2.567722893E-1,-5.571110129E-2,3.096015853E-1
2.507991642E1,1.367755652E-1,-5.680359507E-1,-3.612105775E-1,6.869100944E-1
2.508991842E1,2.505029047E-1,-4.577147788E-1,-4.990528393E-1,7.220168006E-1
2.509992104E1,2.670667510E-1,-1.516621560E-1,-4.421798962E-1,5.383763736E-1
2.510992304E1,-7.237701807E-2,1.250058693E-1,-4.207644689E-1,4.448681135E-1
2.511992504E1,-6.385650659E-1,2.849728256E-1,-2.654285073E-1,7.479486260E-1
2.512992704E1,-9.604993842E-1,3.936871827E-1,-2.708687568E-1,1.072808719E0
2.513992904E1,-7.487653466E-1,2.591053283E-1,-2.143425536E-1,8.208092627E-1
2.514993104E1,-1.218890110E-1,6.820601642E-2,3.574695289E-2,1.441764069E-1
2.515993304E1,1.913431156E-1,2.623762608E-2,2.278233093E-1,2.986704893E-1
2.516993504E1,3.299751900E-2,-3.765256047E-2,3.130406302E-1,3.170189075E-1
2.517993704E1,-2.376937748E-1,-1.495589125E-1,1.750317228E-1,3.309113217E-1
2.518993904E1,-3.021915601E-1,-1.457096905E-1,-9.542305112E-2,3.487930785E-1
2.519994104E1,-1.646608087E-1,-1.342280978E-1,-1.928774250E-1,2.869356465E-1
2.520994304E1,-2.535308853E-2,-7.099806190E-2,2.357246518E-2,7.898838526E-2
2.521994504E1,-7.815826982E-3,6.016317129E-2,-9.078737855E-2,1.091926849E-1
2.522994704E1,-4.365779713E-2,1.172197169E-1,-1.319751656E-1,1.818348416E-1
2.523994904E1,1.262532265E-1,9.770463467E-2,-1.761403549E-1,2.377214703E-1
2.524995104E1,2.044366394E-1,7.829421759E-3,-4.639882565E-2,2.097820068E-1
2.525995304E1,1.051510638E-1,7.511917949E-3,3.613053024E-2,1.114387291E-1
2.526995504E1,7.252754733E-2,4.548315167E-2,-1.640822268E-1,1.850727947E-1
2.527995704E1,9.092508048E-2,6.568177342E-3,-3.598411596E-1,3.712090669E-1
2.528995904E1,9.237533614E-2,-1.037372071E-1,-4.790313882E-1,4.987641544E-1
2.529996204E1,2.514982469E-1,-2.467168325E-1,-2.466273701E-1,4.300530471E-1
2.530996404E1,2.641666782E-1,-2.929589528E-1,9.632644594E-2,4.060637463E-1
2.531996604E1,8.434286982E-2,-2.314930218E-1,1.377066064E-1,2.822513920E-1
2.532996804E1,5.632111207E-2,-1.563796896E-1,-4.272443533E-2,1.716160026E-1
2.533997004E1,1.317067784E-1,-1.190785468E-2,-5.916054922E-1,6.062058486E-1
2.534997204E1,-2.564933771E-1,1.512698078E-1,-5.750426692E-1,6.475688987E-1
2.535997404E1,-2.662009245E-1,6.137003660E-2,-5.833726126E-1,6.441683155E-1
2.536997604E1,-8.500842914E-2,-4.685900152E-2,-4.777607882E-1,4.875218660E-1
2.537997804E1,-8.903949961E-2,-8.513955295E-2,-3.510247278E-1,3.720149668E-1