"Time (s)","Linear Acceleration x (m/s^2)","Linear Acceleration y (m/s^2)","Linear Acceleration z (m/s^2)","Absolute acceleration (m/s^2)"
1.633845828E-2,-9.546544343E-2,2.125959903E-1,-8.671625465E-1,8.979318393E-1
2.634045831E-2,-6.738711387E-2,4.636321610E-1,-5.977895075E-1,7.595051673E-1
3.634345834E-2,-1.731334242E-1,4.973629940E-1,-3.777628756E-1,6.481125832E-1
4.634645837E-2,-2.481561247E-1,4.867029351E-1,-2.194875187E-1,5.887579979E-1
5.634845828E-2,-2.910401890E-1,3.901379228E-1,-2.434067237E-1,5.442047625E-1
6.635145831E-2,-2.303013593E-1,4.196537903E-1,-5.506697202E-1,7.296472850E-1
7.635445835E-2,-2.078147221E-1,3.844769409E-1,-8.480211014E-1,9.540174344E-1
8.635645837E-2,-1.823088750E-1,1.397978631E-1,-1.000110104E0,1.026157975E0
9.635945829E-2,-1.189879149E-2,-9.396095484E-2,-7.941097730E-1,7.997378157E-1
1.063614583E-1,1.200404137E-1,5.206653178E-2,-6.374558491E-1,6.507461749E-1
1.163644583E-1,7.118955821E-2,3.109979054E-1,-5.944577640E-1,6.746611621E-1
1.263674584E-1,6.881032616E-2,4.239266431E-1,-2.446346390E-1,4.942618399E-1
1.363694583E-1,1.920827883E-1,4.615084523E-1,2.088473403E-1,5.417592276E-1
1.463724583E-1,1.988681898E-1,3.149555933E-1,3.225534654E-1,4.927335189E-1
1.563744583E-1,1.556865022E-1,2.222409725E-1,2.563705856E-1,3.733031127E-1
1.663774584E-1,4.192453623E-4,2.434836146E-1,3.405494410E-1,4.186387083E-1
1.763804583E-1,6.664977998E-2,1.610124385E-1,2.709073484E-1,3.221148707E-1
1.863824583E-1,1.017330739E-1,1.339632189E-1,-3.009620368E-2,1.708845921E-1
1.963854583E-1,-1.765686634E-1,2.463809100E-1,-3.092662525E-1,4.330423312E-1
2.063874584E-1,-4.582784504E-1,4.108218634E-1,-5.268031400E-1,8.101328841E-1
2.163904583E-1,-5.537649438E-1,4.813544869E-1,-6.066842920E-1,9.520628053E-1
2.263934583E-1,-3.800406584E-1,4.606614831E-1,-5.707139754E-1,8.260474235E-1
2.363954583E-1,-1.485754108E-1,3.925498992E-1,-3.204028594E-1,5.280417298E-1
2.463984584E-1,4.172865450E-3,2.567623490E-1,-2.360696375E-1,3.488168437E-1
2.564014583E-1,4.160557061E-2,1.227681398E-1,1.064310193E-2,1.300627360E-1
2.664034583E-1,-3.986017674E-2,1.371815264E-1,5.882679015E-1,6.053649551E-1
2.764064583E-1,-2.258527976E-1,2.946949911E-1,1.016348407E0,1.082043764E0
2.864084584E-1,-4.802142799E-1,6.118716493E-1,4.964134061E-1,9.227236529E-1
2.964114583E-1,-8.228693032E-1,8.330127606E-1,-5.638247859E-1,1.299585526E0
3.064144583E-1,-1.248110985E0,8.946976697E-1,-1.124922431E0,1.903605901E0
3.164164583E-1,-1.368935511E0,8.371356323E-1,-4.761604053E-1,1.673770961E0
3.264194584E-1,-8.993754423E-1,7.196308637E-1,9.819691175E-1,1.513607649E0
3.364214583E-1,-3.818269828E-1,5.594317728E-1,1.973408970E0,2.086408090E0
3.464244583E-1,-3.300990048E-1,7.412407109E-1,2.175533182E0,2.321927598E0
3.564274583E-1,-9.015244402E-1,1.345164240E0,9.230666059E-1,1.863938064E0
3.664294584E-1,-1.580966806E0,1.443964935E0,9.549497187E-2,2.143270880E0
3.764324583E-1,-1.339520946E0,1.841295810E0,-5.626787317E-1,2.345483741E0
3.864344583E-1,-1.240677128E0,1.705242797E0,-1.539827989E0,2.611168889E0
3.964374583E-1,-4.166560690E-1,1.224094424E0,-2.282671714E0,2.623470906E0
4.064404584E-1,1.017180173E0,6.664554074E-1,-2.265467452E0,2.571217822E0
4.164424583E-1,1.944258554E0,-8.168504718E-1,-1.404674862E0,2.533870061E0
4.264454583E-1,3.023072473E0,-1.953722857E0,-1.599364339E0,3.938777281E0
4.364484583E-1,4.190936270E0,-3.920248193E0,-3.053549330E0,6.500496614E0
4.464504584E-1,1.916054070E0,-2.867938240E0,-6.535341133E0,7.389656060E0
4.564534583E-1,1.429327746E0,-2.454596812E-1,-6.581790245E0,6.739672922E0
4.664554583E-1,1.119364360E0,9.065906140E-1,-3.728033257E0,3.996637972E0
4.764584583E-1,-4.777211733E-1,2.839998490E0,1.929655425E0,3.466609150E0
4.864614584E-1,-1.043315473E0,2.624642029E0,4.146603266E0,5.017127824E0
4.964634583E-1,3.594677418E-1,2.637846211E0,2.185683364E0,3.444511788E0
5.064664583E-1,1.879766250E0,2.255164658E0,-3.029512596E-1,2.951451889E0
5.164684583E-1,2.959301862E0,1.553792456E0,-2.618976662E0,4.246266273E0
5.264714584E-1,3.376023858E0,9.434055609E-1,-4.075756062E0,5.375810508E0
5.364744583E-1,2.904352068E0,3.358354157E-1,-4.974795874E0,5.770324112E0
5.464764583E-1,2.204570163E0,-6.466076186E-1,-5.725309392E0,6.169067892E0
5.564794583E-1,1.930798848E0,-2.169740930E0,-6.123752115E0,6.777617566E0
5.664814584E-1,1.372582711E0,-4.590211929E0,1.821041055E0,5.125448213E0
5.764844583E-1,1.353598849E0,-6.098678670E0,-1.049472883E0,6.334627431E0
5.864874583E-1,1.781514462E0,-5.695486253E0,2.802564030E0,6.592929742E0
5.964894583E-1,1.304703262E0,-5.656358441E0,4.184862767E0,7.156096547E0
6.064924584E-1,1.178118206E0,-5.921082358E0,1.345830823E0,6.185340686E0
6.164954583E-1,9.549000174E-1,-5.855084251E0,-9.531908762E-1,6.008528811E0
6.264974583E-1,3.145496139E-1,-5.473701364E0,-5.059307436E0,7.460357888E0
6.365004583E-1,6.840007089E-1,-4.781718475E0,-6.429598331E0,8.041916640E0
6.465024584E-1,2.126225367E0,-4.186819831E0,-3.974825519E0,6.152197372E0
6.565054583E-1,3.695390883E0,-2.698250872E0,5.431197953E-1,4.607759831E0
6.665084583E-1,3.916822017E0,-1.514970306E0,3.100327640E0,5.220025020E0
6.765104583E-1,1.653240584E0,7.632955313E-2,2.983257612E0,3.411576851E0
6.865134584E-1,-9.690880523E0,4.443231931E0,2.389887430E0,1.092552229E1
6.965154583E-1,-9.566374590E0,1.128840299E1,5.155202358E0,1.566906750E1
7.065184583E-1,-3.554606595E0,1.229667347E1,6.396294345E0,1.430929725E1
7.165214584E-1,-7.173280840E-1,1.184616655E1,1.117739477E1,1.630277201E1
7.265234584E-1,-1.223180650E0,1.269326438E1,1.848468590E1,2.245659690E1
7.365264583E-1,-1.374480133E0,1.093775014E1,2.339174178E1,2.585917936E1
7.465284583E-1,-2.080843079E0,7.599743128E0,2.471770084E1,2.594322143E1
7.565314583E-1,-3.628373314E0,5.383543146E0,2.336882303E1,2.425385577E1
7.665344584E-1,-3.465362004E0,4.888227847E0,2.104883029E1,2.188508081E1
7.765364583E-1,-1.410769707E0,6.367925409E0,1.800864536E1,1.915338228E1
7.865394583E-1,3.912484552E-1,8.916906222E0,1.380070831E1,1.643544468E1
7.965414583E-1,7.958458845E-1,1.118117207E1,9.045399370E0,1.440386161E1
8.065444584E-1,4.614409900E-1,1.101336634E1,5.620193412E0,1.237310551E1
8.165474583E-1,-8.093810923E-1,9.006825873E0,3.934722390E0,9.862051022E0
8.265494583E-1,-4.108591102E0,7.128686172E0,2.079668081E0,8.486678191E0
8.365524583E-1,-5.943156767E0,5.202961830E0,5.029348058E-1,7.914851078E0
8.465544584E-1,-3.944936891E0,3.623986148E0,-1.002721471E0,5.449885597E0
8.565574583E-1,-1.652253574E-1,2.153378082E0,-1.021064186E-1,2.162119863E0
8.665604583E-1,1.968999146E0,-2.779111433E-1,4.100545918E0,4.557265525E0
8.765624583E-1,1.443766568E0,-1.952715089E0,5.307587814E0,5.836783920E0
8.865654584E-1,1.049186516E0,-3.126804417E0,2.602527859E0,4.201291405E0
8.965674583E-1,1.364017710E0,-3.387995448E0,9.334173471E-1,3.769658527E0
9.065704583E-1,1.436447316E0,-3.439848556E0,-1.324663317E0,3.956093008E0
9.165734584E-1,1.112556008E0,-3.704179541E0,-4.365841693E0,5.832606676E0
9.265754584E-1,8.752591860E-1,-4.325674830E0,-7.097219381E0,8.357515440E0
9.365784583E-1,2.170705867E0,-3.889766073E0,-7.667662046E0,8.867653879E0
9.465804583E-1,1.418126820E0,-4.052290601E0,-7.174849355E0,8.361256249E0
9.565834583E-1,-5.600887075E-1,-5.993086726E0,-7.239975643E0,9.415308555E0
9.665864584E-1,-2.055480781E0,-7.890705256E0,-7.185702957E0,1.086842020E1
9.765884583E-1,-3.229112857E0,-9.100070837E0,-7.358976422E0,1.214055160E1
9.865914583E-1,-4.162593062E0,-1.007202075E1,-7.611593680E0,1.329319906E1
9.965944584E-1,-5.023909562E0,-1.081600176E1,-7.939537693E0,1.432696130E1
1.006596458E0,-5.699874004E0,-1.130378234E1,-8.729849700E0,1.537772202E1
1.016599458E0,-5.754635518E0,-1.163220874E1,-9.588784629E0,1.613595057E1
1.026601958E0,-5.275101854E0,-1.199803745E1,-1.050491351E1,1.679680952E1
1.036604958E0,-4.857709474E0,-1.235017198E1,-1.028691528E1,1.679120947E1
1.046606958E0,-4.761567508E0,-1.302339934E1,-8.595333334E0,1.631444791E1
1.056609958E0,-4.924435560E0,-1.350731491E1,-7.616569076E0,1.626990308E1
1.066612958E0,-5.132322788E0,-1.238141366E1,-9.008427426E0,1.614905279E1
1.076614958E0,-4.517631319E0,-1.172087475E1,-8.368452596E0,1.509367075E1
1.086617958E0,-4.141196346E0,-1.163723384E1,-8.040818485E0,1.473870688E1
1.096620958E0,-3.524353686E0,-1.131812906E1,-7.433812011E0,1.399223626E1
1.106622958E0,-2.659182116E0,-1.103963320E1,-6.625820364E0,1.314710030E1
1.116625958E0,-1.867765717E0,-1.071149915E1,-6.194591718E0,1.251390145E1
1.126627958E0,-1.100051299E0,-1.019461230E1,-6.264476470E0,1.201598512E1
1.136630958E0,-6.121603556E-1,-9.736082423E0,-6.323390676E0,1.162545960E1
1.146633958E0,-4.485912220E-1,-9.422800888E0,-6.514882311E0,1.146447130E1
1.156635958E0,-1.683702824E-1,-9.156678901E0,-6.716792514E0,1.135730684E1
1.166638958E0,4.182416146E-1,-8.742651009E0,-6.567011408E0,1.094232661E1
1.176640958E0,7.852068756E-1,-8.668053986E0,-6.464207416E0,1.084147994E1
1.186643958E0,6.945119561E-1,-8.764986203E0,-6.308751587E0,1.082163003E1
1.196646958E0,2.384123245E-1,-8.790088885E0,-6.744870844E0,1.108222837E1
1.206648958E0,-4.867960520E-1,-8.538777895E0,-7.488510960E0,1.136773921E1
1.216651958E0,-9.299132569E-1,-8.034936186E0,-7.969644422E0,1.135518253E1
1.226653958E0,1.527853330E-1,-6.974367042E0,-7.345709674E0,1.013037954E1
1.236656958E0,2.125868394E0,-5.410491208E0,-5.349986560E0,7.900322002E0
1.246659958E0,3.481179015E0,-4.332455261E0,-3.262984900E0,6.444830982E0
1.256661958E0,3.494486108E0,-3.455325551E0,-3.194632119E-1,4.924709592E0
1.266664958E0,2.349159088E0,-2.223283884E0,1.700532280E0,3.654223540E0
1.276666958E0,7.435699493E-1,7.177369505E-1,1.180965654E0,1.569306367E0
1.286669958E0,-7.697020331E-1,5.216070703E0,1.444437683E-1,5.274533041E0
1.296672958E0,-1.666439065E0,9.395806632E0,-2.327302927E-1,9.545279714E0
1.306674958E0,-2.058857987E0,1.107885281E1,7.751250333E-1,1.129516245E1
1.316677958E0,-2.466512268E0,1.029740402E1,4.434794984E0,1.147987887E1
1.326679958E0,-2.799447757E0,8.881395496E0,9.235395872E0,1.311520608E1
1.336682958E0,-1.795179990E0,8.246718829E0,1.448383852E1,1.676343106E1
1.346685958E0,5.547927381E-1,7.906455317E0,1.941853302E1,2.097377541E1
1.356687958E0,4.008508404E0,7.408162615E0,2.224935722E1,2.379039533E1
1.366690958E0,8.168822806E0,7.584831558E0,2.372197615E1,2.621052247E1
1.376692958E0,1.100610760E1,8.008450638E0,2.551629484E1,2.891973355E1
1.386695958E0,1.037178177E1,7.492014611E0,2.655435805E1,2.947605930E1
1.396698958E0,6.626455371E0,6.870909916E0,2.593269612E1,2.763374824E1
1.406700958E0,2.155697965E0,6.935266711E0,2.391641946E1,2.499480101E1
1.416703958E0,4.452923691E-1,8.489772965E0,2.210004740E1,2.367882230E1
1.426705958E0,1.891079004E0,1.004517151E1,2.091975184E1,2.328342044E1
1.436708958E0,4.212635580E0,1.056183265E1,1.972488034E1,2.276772961E1
1.446711958E0,4.641886405E0,9.818663235E0,1.771628224E1,2.078027703E1
1.456713958E0,2.694954797E0,8.360274096E0,1.547495209E1,1.779413124E1
1.466716958E0,1.037244894E-2,6.763197187E0,1.425571992E1,1.577867213E1
1.476718958E0,-1.539326444E0,5.142688147E0,1.272515977E1,1.381109910E1
1.486721958E0,-1.852899902E0,4.151017329E0,1.048054583E1,1.142392331E1
1.496724958E0,-1.650447954E0,3.918250199E0,8.299073628E0,9.324767351E0
1.506726958E0,-1.866881180E0,3.816920291E0,5.896917570E0,7.268270955E0
1.516729958E0,-2.988590273E0,3.798451275E0,3.385942490E0,5.901229571E0
1.526731958E0,-4.510196876E0,3.571920201E0,1.433937837E0,5.929305820E0
1.536734958E0,-5.080454476E0,3.144214502E0,-1.058170617E-1,5.975642206E0
1.546737958E0,-4.617133387E0,2.616311501E0,-1.081245484E0,5.415911593E0
1.556739958E0,-3.272904702E0,1.831193576E0,-9.730035818E-1,3.874520754E0
1.566742958E0,-1.322794693E0,8.177529895E-1,1.027765095E-1,1.558547004E0
1.576744958E0,4.774853843E-1,-4.047922146E-1,8.780354440E-1,1.078329852E0
1.586747958E0,1.563828325E0,-1.004752793E0,4.095781606E-1,1.903376335E0
1.596750958E0,1.830115788E0,-1.221597955E0,-6.107855290E-1,2.283568331E0
1.606752958E0,1.262518378E0,-1.728345730E0,-2.210577884E0,3.076976796E0
1.616755958E0,4.922814712E-1,-2.542807322E0,-4.498399826E0,5.190742829E0
1.626757958E0,-1.598133208E-1,-3.340846424E0,-6.310089430E0,7.141710141E0
1.636760958E0,-6.719690394E-1,-4.503413814E0,-7.623351846E0,8.879626779E0
1.646762958E0,-9.321012850E-1,-5.822858491E0,-8.366944599E0,1.023622273E1
1.656765958E0,-1.401127064E0,-6.838100020E0,-8.682730497E0,1.114058247E1
1.666768958E0,-1.900629993E0,-7.645244406E0,-8.334567981E0,1.146852998E1
1.676770958E0,-2.042029554E0,-7.822050759E0,-7.173458887E0,1.080800052E1
1.686773958E0,-2.272951449E0,-7.701211030E0,-6.282945485E0,1.019560511E1
1.696775958E0,-2.500745084E0,-7.585426220E0,-5.837539680E0,9.892890702E0
1.706778958E0,-2.403562459E0,-7.235890778E0,-6.018451948E0,9.713752709E0
1.716781958E0,-2.273854698E0,-6.747193358E0,-6.821596254E0,9.860487252E0
1.726783958E0,-2.282226741E0,-6.118895418E0,-7.637992104E0,1.004929666E1
1.736786958E0,-2.282124561E0,-5.878739161E0,-8.209877862E0,1.035228290E1
1.746788958E0,-2.342546618E0,-6.138494115E0,-8.567619871E0,1.079688589E1
1.756791958E0,-2.929837450E0,-6.686640177E0,-8.720846742E0,1.137313819E1
1.766794958E0,-3.527521707E0,-6.539428337E0,-8.444630122E0,1.124808029E1
1.776796958E0,-3.285169529E0,-6.088545445E0,-7.952661769E0,1.054075679E1
1.786799958E0,-2.244684547E0,-5.901765497E0,-7.462984940E0,9.775765387E0
1.796801958E0,-1.190963662E0,-5.804141554E0,-7.103026251E0,9.249834352E0
1.806804958E0,-3.114024597E-1,-5.585479077E0,-6.749487805E0,8.766420800E0
1.816807958E0,2.501223240E-1,-5.381777287E0,-6.486135644E0,8.431846982E0
1.826809958E0,3.106519695E-1,-5.346379412E0,-6.549921750E0,8.460600003E0
1.836812958E0,-9.966030903E-2,-5.566970301E0,-6.951762291E0,8.906631768E0
1.846814958E0,-5.281866644E-1,-5.832552005E0,-7.713399552E0,9.684739371E0
1.856817958E0,-8.291569604E-1,-5.934734437E0,-8.197003462E0,1.015378943E1
1.866820958E0,-1.016222399E0,-6.101348509E0,-8.411338999E0,1.044077513E1
1.876822958E0,-1.338391995E0,-6.230350950E0,-8.695019006E0,1.078016334E1
1.886825958E0,-1.762885233E0,-6.207026407E0,-9.280264481E0,1.130301951E1
1.896827958E0,-1.952186062E0,-6.185392878E0,-1.025146829E1,1.213106416E1
1.906830958E0,-1.978229853E0,-6.300649685E0,-1.121542272E1,1.301527128E1
1.916832958E0,-2.130207174E0,-6.527104746E0,-1.197494797E1,1.380363205E1
1.926835958E0,-1.558209296E0,-6.827232385E0,-1.218329362E1,1.405246461E1
1.936838958E0,-1.039818984E0,-6.873532977E0,-1.152522692E1,1.345947750E1
1.946840958E0,-1.143455473E0,-6.655906627E0,-1.111962194E1,1.300978768E1
1.956843958E0,-1.447325915E0,-6.398259010E0,-1.104722055E1,1.284809528E1
1.966845958E0,-1.649313886E0,-6.369979536E0,-1.047355139E1,1.236899973E1
1.976848958E0,-1.704934064E0,-6.428846380E0,-1.002329239E1,1.202926666E1
1.986851958E0,-1.156895590E0,-6.592081929E0,-9.465989592E0,1.159305441E1
1.996853958E0,-8.571146911E-1,-6.326997238E0,-7.306774819E0,9.703324065E0
2.006856958E0,-9.517898834E-1,-4.956901056E0,-5.578745424E0,7.523242157E0
2.016858958E0,-2.329650584E-1,-2.500124987E0,-5.724077969E0,6.250597272E0
2.026861458E0,6.400756940E-2,1.255271485E-1,-6.432409088E0,6.433952184E0
2.036864458E0,-2.853382766E-2,2.732542746E0,-6.658299308E0,7.197260153E0
2.046866458E0,1.026002160E-1,5.687079127E0,-5.762225788E0,8.096705616E0
2.056869458E0,-8.244907361E-1,8.091815561E0,-3.082032287E0,8.698056511E0
2.066871458E0,-1.087398801E0,9.848395157E0,1.690957464E0,1.005150041E1
2.076874458E0,1.589334025E0,1.115505607E1,1.089520814E1,1.567376212E1
2.086877458E0,6.442133008E0,1.133552804E1,2.132403301E1,2.499419247E1
2.096879458E0,1.152059008E1,1.155550497E1,2.934561298E1,3.357705604E1
2.106882458E0,1.422065768E1,1.163173044E1,3.498746741E1,3.951768127E1
2.116884458E0,1.543050039E1,9.605938606E0,3.762926984E1,4.178918936E1
2.126887458E0,1.427530225E1,7.693099773E0,3.702117579E1,4.041701987E1
2.136890458E0,1.182219531E1,8.002032734E0,3.473889993E1,3.755779544E1
2.146892458E0,1.017484287E1,8.979279056E0,2.994908306E1,3.288012251E1
2.156895458E0,9.232200369E0,9.744971945E0,2.488548786E1,2.827517476E1
2.166897458E0,8.747332875E0,9.255724887E0,2.164546615E1,2.511394991E1
2.176900458E0,7.915398633E0,7.404912733E0,1.961528597E1,2.241083916E1
2.186903458E0,6.452393702E0,5.310134277E0,1.867219792E1,2.045682980E1
2.196905458E0,4.550393853E0,3.577887869E0,1.784751364E1,1.876275856E1
2.206908458E0,3.007703359E0,2.445754360E0,1.561743354E1,1.609137111E1
2.216910458E0,8.483579010E-1,3.286083156E0,1.233652107E1,1.279483512E1
2.226913458E0,-5.276417769E-1,4.410704455E0,8.454270426E0,9.550256964E0
2.236915458E0,-6.142229609E-1,4.993250856E0,6.517501279E0,8.233325384E0
2.246918458E0,-3.681548770E-1,5.140723482E0,7.001175941E0,8.693620678E0
2.256921458E0,1.159305520E-1,4.492431866E0,8.349761971E0,9.482294497E0
2.266923458E0,9.979034380E-1,3.356221678E0,9.728218503E0,1.033916198E1
2.276926458E0,1.503064498E0,2.329535101E0,1.045050868E1,1.081198725E1
2.286928458E0,1.421962740E0,1.304307405E0,9.544842219E0,9.737926310E0
2.296931458E0,3.162924861E-1,2.044473106E-1,7.078046361E0,7.088058968E0
2.306934458E0,-1.005793963E0,-5.026895151E-1,3.701890356E0,3.868890080E0
2.316936458E0,-1.926063042E0,-1.399153921E0,2.615915644E-1,2.394948994E0
2.326939458E0,-2.150106565E0,-2.446212197E0,-2.826947504E0,4.312602989E0
2.336941458E0,-1.851387812E0,-3.442930039E0,-5.302660950E0,6.587838586E0
2.346944458E0,-1.164835232E0,-4.506171945E0,-6.460616056E0,7.962536439E0
2.356947458E0,-4.062138920E-1,-5.673822320E0,-6.985626440E0,9.008676162E0
2.366949458E0,3.264347009E-2,-6.783488195E0,-7.217074438E0,9.904692884E0
2.376952458E0,3.374923339E-1,-7.674627249E0,-7.198241726E0,1.052751103E1
2.386954458E0,7.368675052E-1,-8.194779181E0,-7.552403485E0,1.116853518E1
2.396957458E0,9.798230432E-1,-8.313156062E0,-8.820573928E0,1.216022785E1
2.406959458E0,1.298030566E0,-8.175564061E0,-1.043999071E1,1.332359325E1
2.416962458E0,1.203473779E0,-7.914159023E0,-1.190166832E1,1.434335982E1
2.426965458E0,8.288014497E-1,-7.656603207E0,-1.295439401E1,1.507072688E1
2.436967458E0,2.404162018E-1,-7.613351938E0,-1.338521101E1,1.540080522E1
2.446970458E0,-6.896744084E-1,-7.835700499E0,-1.329374887E1,1.544660519E1
2.456972458E0,-1.971362591E0,-8.386708188E0,-1.282036998E1,1.544619795E1
2.466975458E0,-3.216492227E0,-8.816018363E0,-1.254607943E1,1.566754962E1
2.476978458E0,-3.776490010E0,-9.003588270E0,-1.203179694E1,1.549485773E1
2.486980458E0,-3.646553476E0,-9.122972626E0,-1.174467526E1,1.531219706E1
2.496983458E0,-3.244582543E0,-8.997804204E0,-1.182573755E1,1.520972929E1
2.506985458E0,-2.726514851E0,-8.622316480E0,-1.204435793E1,1.506136722E1
2.516988458E0,-2.045446082E0,-8.100760632E0,-1.208342551E1,1.469065501E1
2.526990458E0,-1.469440961E0,-7.586607358E0,-1.190571927E1,1.419373169E1
2.536993458E0,-8.315025710E-1,-7.061621532E0,-1.162472782E1,1.362689224E1
2.546996458E0,-5.710733965E-1,-6.605215945E0,-1.096834395E1,1.281637903E1
2.556998458E0,-7.919470342E-1,-6.369527546E0,-1.016527916E1,1.202210305E1
2.567001458E0,-1.361691980E0,-6.359449870E0,-9.721895324E0,1.169666860E1
2.577003458E0,-1.913362305E0,-6.392357415E0,-9.707546257E0,1.177962830E1
2.587006458E0,-2.162103736E0,-6.226611655E0,-9.706266301E0,1.173273160E1
2.597009458E0,-2.227186316E0,-6.053392569E0,-9.681981061E0,1.163377315E1
2.607011458E0,-2.199193940E0,-6.018564799E0,-9.600525838E0,1.154251587E1
2.617014458E0,-2.184267753E0,-5.869345025E0,-9.739175016E0,1.157893633E1
2.627016458E0,-2.154241277E0,-5.525394258E0,-9.770564623E0,1.142955250E1
2.637019458E0,-2.039987999E0,-5.053311117E0,-9.629019905E0,1.106415512E1
2.647022458E0,-1.982889792E0,-4.465987540E0,-9.593059528E0,1.076585750E1
2.657024458E0,-2.192786707E0,-3.992814185E0,-9.754674230E0,1.076589745E1
2.667027458E0,-2.616913179E0,-3.966348225E0,-1.037635780E1,1.141266639E1
2.677029458E0,-2.369267516E0,-4.080482659E0,-1.038265642E1,1.140453075E1
2.687032458E0,-1.443706488E0,-3.859709922E0,-9.780111957E0,1.061283369E1
2.697034458E0,-1.495950191E-1,-3.400415226E0,-8.724003069E0,9.364477130E0
2.707037458E0,1.392576388E0,-2.899713764E0,-7.076077604E0,7.772932726E0
2.717040458E0,3.268101799E0,-1.704288531E0,-5.200396072E0,6.374104492E0
2.727042458E0,4.838763911E0,-9.034912974E-2,-3.463118135E0,5.951049182E0
2.737045458E0,5.535359083E0,1.178057541E0,-2.378980034E0,6.139019934E0
2.747047458E0,4.883482246E0,1.125548667E0,-1.526695728E0,5.238898596E0
2.757050458E0,3.434331708E0,8.630715421E-1,-3.630460185E-1,3.559681050E0
2.767053458E0,2.257496235E0,2.085875193E0,1.145551992E0,3.280160658E0
2.777055458E0,2.449567329E0,3.896359978E0,4.236579051E0,6.255445886E0
2.787058458E0,4.105117856E0,5.889020321E0,8.708445967E0,1.128581340E1
2.797060458E0,5.402367087E0,7.655173563E0,1.319245989E1,1.618110782E1
2.807063458E0,6.489048727E0,7.769456808E0,1.621129781E1,1.911225756E1
2.817065458E0,8.102152269E0,6.691186388E0,1.900986760E1,2.172077146E1
2.827068458E0,9.469934124E0,6.010685091E0,2.372606452E1,2.624374450E1
2.837071458E0,1.018917673E1,5.044497024E0,2.905091799E1,3.119650796E1
2.847073458E0,1.231533778E1,3.990353677E0,3.412689993E1,3.649980502E1
2.857076458E0,1.532730522E1,3.376915559E0,3.755940029E1,4.070673647E1
2.867078458E0,1.666164334E1,3.399743088E0,3.769867395E1,4.135648232E1
2.877081458E0,1.505084302E1,3.825381796E0,3.405225672E1,3.742616209E1
2.887084458E0,1.145521703E1,4.320751474E0,2.784365975E1,3.041644751E1
2.897086458E0,8.207656505E0,3.789347160E0,2.210495205E1,2.388207868E1
2.907089458E0,5.919150438E0,3.413620870E0,1.722593006E1,1.853164363E1
2.917091458E0,4.609930787E0,3.743040136E0,1.442199836E1,1.559666144E1
2.927094458E0,3.649403409E0,3.582411567E0,1.354308467E1,1.447642774E1
2.937097458E0,1.982650641E0,3.245264621E0,1.185132380E1,1.244654658E1
2.947099458E0,4.657324809E-1,2.986594033E0,9.441412575E0,9.913471747E0
2.957102458E0,-2.614111778E-1,3.096237805E0,8.068133168E0,8.645796503E0
2.967104458E0,1.897595434E-1,3.384932676E0,8.144891907E0,8.822303672E0
2.977107458E0,7.544311523E-1,3.404321751E0,8.119971074E0,8.836996276E0
2.987109458E0,9.093844137E-1,2.751520177E0,7.753018531E0,8.276903988E0
2.997112458E0,7.506287080E-1,1.582160661E0,7.380603518E0,7.585511460E0
3.007115458E0,4.103653421E-1,4.492667216E-1,6.351277801E0,6.380358141E0
3.017117458E0,-4.569452852E-3,-5.957491216E-1,4.155385784E0,4.197876714E0
3.027121083E0,-5.743762328E-1,-1.756501535E0,1.169692222E0,2.187095241E0
3.037123083E0,-1.220538659E0,-2.889569430E0,-1.677052785E0,3.556941404E0
3.047126083E0,-1.479034927E0,-3.453188394E0,-4.051637467E0,5.525198690E0
3.057129083E0,-1.554224565E0,-3.601250711E0,-6.354677957E0,7.467700625E0
3.067131083E0,-1.226725671E0,-3.749127965E0,-8.127242087E0,9.033984741E0
3.077134083E0,-6.040770916E-1,-4.586025615E0,-8.654624686E0,9.813208880E0
3.087136083E0,-4.810667308E-1,-5.865368918E0,-8.544172536E0,1.037481865E1
3.097139083E0,-7.347475241E-1,-6.983351873E0,-7.993625023E0,1.063978845E1
3.107141083E0,-1.261071631E0,-7.584095394E0,-7.378672183E0,1.065615352E1
3.117144083E0,-1.710044822E0,-7.713211856E0,-7.098529742E0,1.062106468E1
3.127147083E0,-1.768392287E0,-7.553525566E0,-7.238441918E0,1.061027809E1
3.137149083E0,-1.750930016E0,-7.363310963E0,-7.695002457E0,1.079338534E1
3.147152083E0,-1.921407635E0,-7.162998219E0,-8.387824422E0,1.119624711E1
3.157154083E0,-2.251048072E0,-6.854101510E0,-9.192132908E0,1.168508589E1
3.167157083E0,-2.484472575E0,-6.558731166E0,-9.905103793E0,1.213674749E1
3.177159083E0,-2.555059578E0,-6.434466723E0,-1.043192857E1,1.252021666E1
3.187162083E0,-2.725595669E0,-6.437568086E0,-1.076938776E1,1.283942628E1
3.197165083E0,-2.839880668E0,-6.564663166E0,-1.081716886E1,1.296807106E1
3.207167083E0,-2.881254397E0,-6.562287442E0,-1.030748812E1,1.255426441E1
3.217170083E0,-2.783285468E0,-6.297779871E0,-9.544132951E0,1.176856759E1
3.227172083E0,-2.694261317E0,-6.080618960E0,-9.035446824E0,1.121928118E1
3.237175083E0,-2.492570677E0,-6.077359722E0,-8.850945536E0,1.102208903E1
3.247178083E0,-2.259801207E0,-6.014627284E0,-8.763640174E0,1.086663849E1
3.257180083E0,-2.112206813E0,-5.779021330E0,-8.838504415E0,1.076929271E1
3.267183083E0,-2.034913785E0,-5.555141968E0,-9.067642179E0,1.082693914E1
3.277185083E0,-1.894674896E0,-5.497460355E0,-9.222816172E0,1.090285290E1
3.287188083E0,-1.676587054E0,-5.524402571E0,-9.361024470E0,1.099812471E1
3.297190083E0,-1.519021550E0,-5.508719169E0,-9.564429222E0,1.114144154E1
3.307193083E0,-1.563785786E0,-5.656990525E0,-9.747235402E0,1.137785418E1
3.317196083E0,-1.731838126E0,-5.925509870E0,-9.839855883E0,1.161609635E1
3.327198083E0,-1.938478727E0,-5.917888024E0,-9.896818289E0,1.169299409E1
3.337201083E0,-1.981580746E0,-5.670429765E0,-1.002069389E1,1.168309642E1
3.347203083E0,-2.182081625E0,-5.333849999E0,-1.070017076E1,1.215339830E1
3.357206083E0,-2.165154374E0,-4.986018435E0,-1.128683827E1,1.252760917E1
3.367208083E0,-1.685926520E0,-4.642001011E0,-1.153216405E1,1.254517156E1
3.377211083E0,-1.122300320E0,-4.336207127E0,-1.143771632E1,1.228346876E1
3.387214083E0,-5.574798261E-1,-4.128345920E0,-1.068903532E1,1.147211837E1
3.397216083E0,-2.639833680E-1,-4.312598117E0,-9.959323854E0,1.085616513E1
3.407219083E0,-6.902702397E-1,-4.876253334E0,-9.658755335E0,1.084185751E1
3.417221083E0,-1.593758321E0,-4.297263209E0,-9.633016477E0,1.066778061E1
3.427224083E0,-1.844305665E0,-3.293108294E0,-9.877495580E0,1.057406944E1
3.437227083E0,-9.683466399E-1,-2.743021541E0,-1.091347134E1,1.129449950E1
3.447229083E0,4.867208422E-1,-2.426351252E0,-1.117547454E1,1.144619189E1
3.457232083E0,1.547272372E0,-2.139119939E0,-9.803840543E0,1.015308698E1
3.467234083E0,1.440520341E0,-2.453118051E0,-8.369011590E0,8.839300991E0
3.477237083E0,-6.561926669E-1,-2.214522708E0,-5.995232654E0,6.424757911E0
3.487239083E0,-2.057455679E0,-9.988918367E-1,-1.724946159E0,2.864672411E0
3.497242083E0,-1.550396978E0,8.079977873E-1,2.368159761E0,2.943598456E0
3.507245083E0,5.228287876E-2,3.150088615E0,3.024686304E0,4.367438496E0
3.517247083E0,1.160714553E0,5.341382382E0,2.122598923E0,5.863706184E0
3.527250083E0,-2.135739371E-2,5.687901830E0,4.583337650E0,7.304770180E0
3.537252083E0,-7.820310335E-1,4.451613915E0,1.120623791E1,1.208338558E1
3.547255083E0,1.310186196E0,2.861832578E0,1.939596276E1,1.964968308E1
3.557257083E0,4.993401715E0,1.729443107E0,2.711637371E1,2.762648652E1
3.567260083E0,7.549246573E0,1.271964994E0,3.392388227E1,3.477698674E1
3.577263083E0,9.448402922E0,9.171778750E-1,3.749091770E1,3.867405388E1
3.587265083E0,1.121884685E1,1.629882419E0,3.887457709E1,4.049384873E1
3.597268083E0,1.235173436E1,2.500913776E0,3.927915296E1,4.125132444E1
3.607270083E0,1.174758016E1,2.657370064E0,3.823898475E1,4.009098664E1
3.617273083E0,9.590224214E0,2.483295238E0,3.570841506E1,3.705711891E1
3.627276083E0,6.926700540E0,2.304106438E0,3.083918833E1,3.169138090E1
3.637278083E0,5.162347655E0,2.280556484E0,2.541894806E1,2.603792794E1
3.647281083E0,5.128208102E0,3.102886966E0,2.061921197E1,2.147273453E1
3.657283083E0,5.691551077E0,4.732806516E0,1.554696640E1,1.721921530E1
3.667286083E0,5.616105623E0,5.910283136E0,1.147573842E1,1.407709705E1
3.677288083E0,4.486382044E0,5.818383032E0,9.605292488E0,1.209309095E1
3.687291083E0,2.366197143E0,4.661245367E0,7.891451361E0,9.465785856E0
3.697294083E0,7.669222668E-1,3.395235762E0,7.823811940E0,8.563166991E0
3.707296083E0,7.130271645E-1,2.279511587E0,9.812645280E0,1.009913799E1
3.717299083E0,1.071456075E0,1.572418761E0,1.137587149E1,1.153390528E1
3.727301083E0,1.788878446E0,1.177293895E0,1.215379091E1,1.234101861E1
3.737304083E0,1.759348983E0,5.679078966E-1,1.126002645E1,1.141078542E1
3.747306083E0,6.101243551E-1,-4.207288009E-1,8.277765205E0,8.310876081E0
3.757309083E0,-1.146403639E-1,-1.126345643E0,5.719696650E0,5.830671204E0
3.767312083E0,-4.898585312E-1,-2.116943204E0,4.065926308E0,4.610115688E0
3.777314083E0,-9.112429512E-1,-3.497326686E0,2.228374470E0,4.245858034E0
3.787317083E0,-1.423199134E0,-4.263894027E0,-2.122241074E-1,4.500147455E0
3.797319083E0,-2.202107023E0,-4.926011385E0,-3.382513683E0,6.368379882E0
3.807322083E0,-3.344792710E0,-5.990816837E0,-6.108065790E0,9.186184863E0
3.817324083E0,-4.019117008E0,-7.157158020E0,-7.627929631E0,1.120551306E1
3.827327083E0,-3.831407352E0,-8.069101467E0,-8.456054996E0,1.230020109E1
3.837330083E0,-3.302043424E0,-8.771840310E0,-9.193766035E0,1.312912819E1
3.847332083E0,-2.905788437E0,-9.035777777E0,-9.864320633E0,1.368918215E1
3.857335083E0,-3.049379096E0,-9.084195646E0,-1.084861285E1,1.447458891E1
3.867337083E0,-3.549069282E0,-9.175915655E0,-1.195953237E1,1.548624342E1
3.877340083E0,-4.024950190E0,-8.976992794E0,-1.298481824E1,1.629086027E1
3.887342083E0,-4.437532066E0,-8.804696399E0,-1.354236429E1,1.675141785E1
3.897345083E0,-4.432377160E0,-8.770341083E0,-1.383699379E1,1.697136551E1
3.907348083E0,-3.876435883E0,-8.592322018E0,-1.356885685E1,1.652176229E1
3.917350083E0,-3.584561296E0,-8.455639844E0,-1.251463428E1,1.552298283E1
3.927353083E0,-3.502048312E0,-8.600007598E0,-1.112998788E1,1.449486472E1
3.937355083E0,-3.472916607E0,-8.843456422E0,-9.753391351E0,1.361603885E1
3.947358083E0,-3.372229600E0,-8.889982132E0,-8.440724182E0,1.271414722E1
3.957361083E0,-3.159210271E0,-8.843290361E0,-7.253333023E0,1.186571675E1
3.967363083E0,-3.296389459E0,-8.764511994E0,-6.885864170E0,1.162316563E1
3.977366083E0,-3.549108751E0,-8.447715697E0,-7.194672001E0,1.165003771E1
3.987368083E0,-3.454291763E0,-7.966264731E0,-7.965442028E0,1.178311385E1
3.997371083E0,-3.106619537E0,-7.442783394E0,-8.886251609E0,1.200048238E1
4.007373083E0,-2.710901031E0,-6.987246119E0,-9.531977175E0,1.212555902E1
4.017376083E0,-2.298751704E0,-6.577850976E0,-9.844484539E0,1.206093938E1
4.027378250E0,-1.768845446E0,-6.196238294E0,-9.724891437E0,1.166600603E1
4.037381250E0,-1.151392191E0,-5.925895202E0,-9.539700762E0,1.128927936E1
4.047384250E0,-8.371101969E-1,-5.882028220E0,-9.465777923E0,1.117586512E1
4.057386250E0,-1.004377256E0,-5.985342089E0,-9.426925514E0,1.121160195E1
4.067389250E0,-1.343783712E0,-6.218964082E0,-9.516006675E0,1.144708050E1
4.077391250E0,-1.541676294E0,-6.438707709E0,-9.568250377E0,1.163551194E1
4.087394250E0,-1.686645289E0,-6.330070535E0,-9.747193887E0,1.174403483E1
4.097397250E0,-1.720346593E0,-5.830536470E0,-9.858473418E0,1.158206571E1
4.107399250E0,-1.467325731E0,-5.328736609E0,-9.807151821E0,1.125738449E1
4.117402250E0,-1.163823518E0,-4.915993350E0,-9.732383475E0,1.096543496E1
4.127404250E0,-8.447335044E-1,-4.643010825E0,-9.635973998E0,1.072954422E1
4.137407250E0,-4.086066458E-1,-4.386149950E0,-9.437135922E0,1.041464379E1
4.147409250E0,-2.355721857E-1,-4.196997202E0,-9.224626470E0,1.013725867E1
4.157412250E0,-4.439612505E-1,-4.371105357E0,-9.049767240E0,1.005991803E1
4.167414250E0,-1.097197419E0,-4.786288366E0,-8.975656705E0,1.023107090E1
4.177417250E0,-2.060994706E0,-5.013015615E0,-9.513312278E0,1.094902440E1
4.187420250E0,-2.121690558E0,-4.801477093E0,-1.022293505E1,1.149191690E1
4.197422250E0,-1.560210360E0,-4.189817406E0,-1.041828818E1,1.133708759E1
4.207425250E0,-1.266503110E0,-3.578904407E0,-1.016024471E1,1.084634314E1
4.217427250E0,-1.544264710E0,-3.467519042E0,-9.737500958E0,1.045118973E1
4.227430250E0,-2.634967919E0,-3.450598662E0,-9.698307071E0,1.062576337E1
4.237432250E0,-3.067139429E0,-3.191210328E0,-8.730489970E0,9.788392245E0
4.247435250E0,-2.136992137E0,-2.150506953E0,-5.396692949E0,6.189968524E0
4.257438250E0,3.995756212E-1,-4.931512445E-1,-6.435468936E-1,9.038868465E-1
4.267440250E0,4.143661532E0,1.023713560E0,5.905919359E0,7.286823987E0
4.277443250E0,8.557151601E0,2.520729405E0,1.298874991E1,1.575711092E1
4.287445250E0,1.203536725E1,2.931389593E0,1.906403270E1,2.273500501E1
4.297448250E0,1.310758872E1,1.718479723E0,2.464811196E1,2.796947403E1
4.307450250E0,1.159162088E1,2.295991087E-1,2.909090125E1,3.131611288E1
4.317453250E0,9.542639573E0,-4.645399778E-1,3.168553771E1,3.309457761E1
4.327456250E0,9.959895712E0,-1.549029387E-1,3.498466308E1,3.637513118E1
4.337458250E0,1.242629571E1,1.258090282E0,3.845829743E1,4.043558158E1
4.347461250E0,1.444380263E1,3.178963335E0,3.815080406E1,4.091714912E1
4.357463250E0,1.438690337E1,4.460250252E0,3.457608772E1,3.771448877E1
4.367466250E0,1.352042904E1,4.941753843E0,3.059623886E1,3.381349974E1
4.377468250E0,1.305792481E1,4.950931633E0,2.762275428E1,3.095218374E1
4.387471250E0,1.300665876E1,5.149062197E0,2.525909688E1,2.887400195E1
4.397474250E0,1.241999125E1,5.247179060E0,2.225143415E1,2.601759775E1
4.407476250E0,1.095021290E1,4.863263159E0,1.879593319E1,2.229003355E1
4.417479250E0,8.934328585E0,4.543589448E0,1.528041874E1,1.827450763E1
4.427481250E0,7.460299898E0,3.687443640E0,1.347390977E1,1.583665241E1
4.437484250E0,6.581565712E0,3.127545260E0,1.277625508E1,1.470820317E1
4.447486250E0,5.469087911E0,2.624773591E0,1.157270163E1,1.306628417E1
4.457489250E0,3.996061437E0,1.765127640E0,1.005489542E1,1.096289672E1
4.467492250E0,2.467839293E0,1.012613205E0,8.492093725E0,8.901194983E0
4.477494250E0,1.061673099E0,3.711673625E-1,7.015774684E0,7.105350758E0
4.487497250E0,1.226017866E-1,-1.339000690E-1,5.875855899E0,5.878659964E0
4.497499250E0,-5.058201143E-1,-6.891961062E-1,5.075537553E0,5.147030864E0
4.507502250E0,-1.043818041E0,-1.382592560E0,4.431857343E0,4.758411268E0
4.517504250E0,-1.467923901E0,-1.948346050E0,3.596290226E0,4.345590443E0
4.527507250E0,-1.913314211E0,-2.581251011E0,2.540999948E0,4.096377520E0
4.537510250E0,-2.212305737E0,-3.465666644E0,6.777694774E-1,4.167074924E0
4.547512250E0,-2.214752796E0,-4.318566662E0,-2.031346691E0,5.261322775E0
4.557515250E0,-2.156747832E0,-4.864969085E0,-4.776916741E0,7.151113127E0
4.567517250E0,-2.138875818E0,-5.316155155E0,-6.999809446E0,9.046194099E0
4.577520250E0,-2.128708094E0,-5.686982063E0,-8.707040881E0,1.061535322E1
4.587522250E0,-2.094628329E0,-5.941547028E0,-9.840616021E0,1.168448427E1
4.597525250E0,-1.936976724E0,-6.185125076E0,-1.026312413E1,1.213834288E1
4.607528250E0,-1.785557519E0,-6.520355304E0,-1.018340085E1,1.222312979E1
4.617530250E0,-1.795998746E0,-6.962867907E0,-9.925398309E0,1.225645432E1
4.627533250E0,-1.999617653E0,-7.465074735E0,-9.595921156E0,1.232101921E1
4.637535250E0,-2.455223633E0,-7.799888057E0,-9.425689997E0,1.247838165E1
4.647538250E0,-3.066893846E0,-7.769117085E0,-9.680309342E0,1.278567195E1
4.657540250E0,-3.483159759E0,-7.480247090E0,-1.021068513E1,1.312800782E1
4.667543250E0,-3.759988291E0,-7.185698279E0,-1.099452193E1,1.366203807E1
4.677545250E0,-4.029342911E0,-6.882397356E0,-1.186781645E1,1.429853367E1
4.687548250E0,-4.206003960E0,-6.617375230E0,-1.250778368E1,1.476227546E1
4.697551250E0,-4.244454081E0,-6.422151318E0,-1.299125486E1,1.510073246E1
4.707553250E0,-4.223819549E0,-6.265293911E0,-1.341153986E1,1.539363377E1
4.717556250E0,-4.178308039E0,-6.193893560E0,-1.353275615E1,1.545826848E1
4.727558250E0,-4.057923809E0,-6.256575712E0,-1.321927405E1,1.517763788E1
4.737561250E0,-3.928826643E0,-6.346519922E0,-1.233184798E1,1.441486970E1
4.747563250E0,-3.678849987E0,-6.524203942E0,-1.108267923E1,1.337628324E1
4.757566250E0,-3.438010776E0,-6.575683998E0,-9.917186480E0,1.238588414E1
4.767569250E0,-3.204751603E0,-6.474700829E0,-8.858494291E0,1.143088381E1
4.777571250E0,-2.902843486E0,-6.379215798E0,-8.059678679E0,1.068079187E1
4.787574250E0,-2.775313374E0,-6.277286550E0,-7.776981590E0,1.037246998E1
4.797576250E0,-2.813633687E0,-6.120810381E0,-8.125341157E0,1.055471568E1
4.807579250E0,-2.741536641E0,-5.979768523E0,-8.822575430E0,1.100506665E1
4.817581250E0,-2.277279705E0,-5.833229113E0,-9.425699937E0,1.131620007E1
4.827584250E0,-1.809828727E0,-5.616747648E0,-9.723954129E0,1.137447221E1
4.837587250E0,-1.336952995E0,-5.238052726E0,-9.740792356E0,1.114036244E1
4.847589250E0,-8.383910295E-1,-4.855526124E0,-9.608048866E0,1.079785333E1
4.857592250E0,-5.863092305E-1,-4.537766206E0,-9.326446960E0,1.038834412E1
4.867594250E0,-6.203198527E-1,-4.186905200E0,-9.161183596E0,1.009169246E1
4.877597250E0,-8.011267242E-1,-3.882793853E0,-9.179528650E0,9.999081876E0
4.887599250E0,-8.669222260E-1,-3.791137870E0,-9.516988422E0,1.028092161E1
4.897602250E0,-9.121353824E-1,-3.798141373E0,-9.973544283E0,1.071118361E1
4.907605250E0,-7.876312043E-1,-3.632349713E0,-1.034633001E1,1.099367418E1
4.917607250E0,-5.541552454E-1,-3.305823941E0,-1.065216044E1,1.116709819E1
4.927610250E0,-6.570112771E-1,-3.173246512E0,-1.105407465E1,1.151927618E1
4.937612250E0,-7.526857585E-1,-3.146073332E0,-1.098887586E1,1.145511702E1
4.947615250E0,-4.037205662E-1,-3.014125941E0,-9.884547322E0,1.034177070E1
4.957617250E0,-4.190158591E-1,-2.803801886E0,-8.141906319E0,8.621340836E0
4.967620250E0,-8.776381257E-1,-2.904047720E0,-6.877786242E0,7.517159399E0
4.977622250E0,-1.299348236E0,-2.532934299E0,-6.386360511E0,6.992114313E0
4.987625250E0,-8.796343651E-1,-1.889366940E0,-5.226479332E0,5.626681993E0
4.997628250E0,-8.565191522E-2,-1.055678095E0,-2.005319565E0,2.267840172E0
5.007630250E0,2.122201605E-1,4.877332876E-1,3.451033110E0,3.491783310E0
5.017633250E0,1.857005525E0,2.368748284E0,1.122372577E1,1.162030370E1
5.027634708E0,5.966690056E0,3.670004904E0,1.638867426E1,1.782298994E1
5.037637708E0,9.372125409E0,4.243011573E0,1.910316929E1,2.169725694E1
5.047639708E0,1.092032076E1,3.850959564E0,2.229344991E1,2.512132966E1
5.057642708E0,1.187640601E1,2.382187670E0,2.656194072E1,2.919350155E1
5.067645708E0,1.243278028E1,1.490264504E0,3.042222572E1,3.289843053E1
5.077647708E0,1.431365063E1,2.679130185E0,3.490474334E1,3.782062189E1
5.087650708E0,1.619493028E1,3.972260053E0,3.883953589E1,4.226776745E1
5.097652708E0,1.643057073E1,4.410528747E0,3.831671529E1,4.192358631E1
5.107655708E0,1.507489963E1,3.976116876E0,3.428770304E1,3.766574948E1
5.117657708E0,1.328992947E1,3.276694282E0,3.079470739E1,3.369974709E1
5.127660708E0,1.253284017E1,2.971918399E0,2.854505899E1,3.131652558E1
5.137662708E0,1.182503354E1,3.268652314E0,2.563015416E1,2.841514224E1
5.147665708E0,1.058832989E1,3.524168914E0,2.185031984E1,2.453505601E1
5.157668708E0,9.446441181E0,3.519231817E0,1.841732831E1,2.099567160E1
5.167670708E0,8.057219340E0,3.530660493E0,1.562577400E1,1.793179189E1
5.177673708E0,6.362077024E0,3.238644696E0,1.321325727E1,1.501848897E1
5.187675708E0,4.744779567E0,2.723997332E0,1.088142509E1,1.217942965E1
5.197678708E0,3.411581946E0,2.182989844E0,9.312395516E0,1.015505028E1
5.207680708E0,2.215973403E0,1.501699027E0,8.686122467E0,9.089244281E0
5.217683708E0,1.254396450E0,9.735176982E-1,8.090637932E0,8.244978430E0
5.227686708E0,8.221315308E-1,5.839795536E-1,7.044410838E0,7.116224872E0
5.237688708E0,6.657109107E-1,2.742882085E-1,5.469097266E0,5.516287696E0
5.247691708E0,4.451412186E-1,-2.843117979E-1,3.640584639E0,3.678700914E0
5.257693708E0,-1.501509431E-1,-1.291277178E0,1.398758065E0,1.909572250E0
5.267696708E0,-1.022802856E0,-2.606497826E0,-1.113654846E0,3.013334319E0
5.277698708E0,-1.555073142E0,-3.533492592E0,-3.603465344E0,5.280983323E0
5.287701708E0,-1.465707660E0,-4.117869756E0,-5.667246541E0,7.157012898E0
5.297703708E0,-1.276650368E0,-4.692141762E0,-7.713246354E0,9.118124796E0
5.307706708E0,-8.032685593E-1,-5.475121068E0,-8.985374778E0,1.055268454E1
5.317709708E0,-7.909886024E-1,-6.459663545E0,-9.252767950E0,1.131223368E1
5.327711708E0,-1.064433935E0,-7.288294694E0,-9.163564582E0,1.175683525E1
5.337714708E0,-1.169958636E0,-7.708244061E0,-9.059168394E0,1.195216975E1
5.347716708E0,-1.437415761E0,-8.008534838E0,-9.261259861E0,1.232776251E1
5.357719708E0,-2.129286384E0,-8.594911165E0,-9.870923309E0,1.326052357E1
5.367721708E0,-3.241982287E0,-9.062652749E0,-1.114049767E1,1.472252738E1
5.377724708E0,-4.222382596E0,-9.119169012E0,-1.277435941E1,1.625336939E1
5.387726708E0,-4.697994240E0,-8.892881767E0,-1.395638458E1,1.720276625E1
5.397729708E0,-4.773159905E0,-8.674109362E0,-1.479415142E1,1.780140851E1
5.407732708E0,-4.681631392E0,-8.487651011E0,-1.543699782E1,1.822796735E1
5.417734708E0,-4.395477721E0,-8.351016784E0,-1.557493597E1,1.821094002E1
5.427737708E0,-4.251776842E0,-8.395857326E0,-1.567640621E1,1.828435775E1
5.437739708E0,-4.544610372E0,-8.694579880E0,-1.562954780E1,1.845350826E1
5.447742708E0,-4.650335047E0,-9.000800318E0,-1.506016816E1,1.815072140E1
5.457744708E0,-4.633975707E0,-9.328701646E0,-1.389043033E1,1.736209837E1
5.467747708E0,-4.931339368E0,-9.345905324E0,-1.276398879E1,1.657056016E1
5.477749708E0,-4.753352462E0,-8.971412212E0,-1.225896594E1,1.591737550E1
5.487752708E0,-3.888800990E0,-8.578738936E0,-1.213597327E1,1.536227138E1
5.497755708E0,-2.409104743E0,-8.238637977E0,-1.226732746E1,1.497218302E1
5.507757708E0,-8.580841595E-1,-7.736301341E0,-1.222778859E1,1.449501572E1
5.517760708E0,3.955637734E-1,-7.127558829E0,-1.173838599E1,1.373856875E1
5.527762708E0,1.186153888E0,-6.524131436E0,-1.085860223E1,1.272322658E1
5.537765708E0,1.323075360E0,-6.171005219E0,-9.934033477E0,1.176931837E1
5.547767708E0,1.109707683E0,-6.273697529E0,-9.229500124E0,1.121491883E1
5.557770708E0,7.436435511E-1,-6.781598960E0,-8.703974016E0,1.105903494E1
5.567772708E0,2.367910378E-1,-6.774329116E0,-8.365920752E0,1.076736899E1
5.577775708E0,6.586025968E-2,-5.871614329E0,-8.112218251E0,1.001440349E1
5.587778708E0,2.320511386E-2,-5.219017700E0,-8.280979419E0,9.788427063E0
5.597780708E0,4.163276017E-2,-5.144207253E0,-8.944855912E0,1.031867476E1
5.607783708E0,3.629841111E-1,-4.962015030E0,-9.352833105E0,1.059381129E1
5.617785708E0,9.513102655E-1,-4.245286432E0,-9.121566955E0,1.010596021E1
5.627788708E0,1.400270154E0,-3.196742964E0,-8.343993693E0,9.044454258E0
5.637790708E0,1.403495186E0,-2.404918283E0,-7.094184092E0,7.621081197E0
5.647793708E0,1.060294252E0,-1.959701343E0,-5.988422402E0,6.389511415E0
5.657796708E0,7.719618358E-1,-1.797315539E0,-5.398533652E0,5.741988664E0
5.667798708E0,9.159267171E-1,-1.578954341E0,-5.167830005E0,5.480737680E0
5.677801708E0,1.586447547E0,-6.713584439E-1,-5.092245387E0,5.375732607E0
5.687803708E0,1.663693359E0,3.484488831E-1,-5.327233289E0,5.591842875E0
5.697806708E0,6.204329232E-1,6.887509869E-1,-5.655177303E0,5.730649637E0
5.707808708E0,-1.268520545E-1,7.187581667E-1,-3.605894278E0,3.679018658E0
5.717811708E0,-8.470750219E-1,1.261510172E0,1.500168080E0,2.135286462E0
5.727813708E0,-1.391841685E0,1.621012047E0,6.357861766E0,6.707257977E0
5.737816708E0,-3.368502000E-1,2.289750354E0,9.511421288E0,9.788950897E0
5.747818708E0,2.099536628E0,3.849630200E0,1.201472541E1,1.278989184E1
5.757821708E0,4.296592826E0,5.247046913E0,1.538549203E1,1.681385073E1
5.767824708E0,5.734797669E0,5.839786180E0,2.090753818E1,2.245253125E1
5.777826708E0,6.370045609E0,5.330121814E0,2.691221701E1,2.816478482E1
5.787829708E0,6.035221177E0,4.391701882E0,3.017059430E1,3.108014962E1
5.797831708E0,6.067730527E0,4.327824559E0,3.260500068E1,3.344597866E1
5.807834708E0,7.606363930E0,4.450282212E0,3.630156831E1,3.735593187E1
5.817836708E0,9.425918623E0,3.482633218E0,4.084532733E1,4.206325523E1
5.827839708E0,9.976059755E0,1.985495604E0,4.323010254E1,4.441064880E1
5.837842708E0,9.092465948E0,7.689087852E-1,4.185914097E1,4.284217362E1
5.847844708E0,7.372758309E0,4.146894448E-3,3.801096439E1,3.871938786E1
5.857847708E0,5.874760131E0,2.602753744E-1,3.236607643E1,3.289594889E1
5.867849708E0,4.999644202E0,1.305116075E0,2.511057760E1,2.563670957E1
5.877852708E0,4.021935951E0,2.109807993E0,1.843962258E1,1.899070666E1
5.887854708E0,2.776453581E0,2.667761736E0,1.431609242E1,1.482484905E1
5.897857708E0,1.634718505E0,2.924463566E0,1.153857377E1,1.201513531E1
5.907859708E0,1.081882830E0,2.854327092E0,9.733017313E0,1.020045487E1
5.917862708E0,9.458375640E-1,2.787475290E0,9.050587020E0,9.517234504E0
5.927864708E0,1.007955606E0,2.474776137E0,8.928997094E0,9.320272557E0
5.937867708E0,9.065558231E-1,1.649062310E0,8.850995822E0,9.048832908E0
5.947870708E0,1.288866955E0,4.526252161E-1,8.269787849E0,8.381851745E0
5.957872708E0,2.348358750E0,-7.579918143E-1,6.890611525E0,7.319143911E0
5.967875708E0,3.779561260E0,-1.843321871E0,5.086793443E0,6.599877754E0
5.977877708E0,4.597737004E0,-2.571893419E0,2.335460962E0,5.762655570E0
5.987880708E0,4.225658499E0,-3.435416074E0,-1.339662010E0,5.608294540E0
5.997882708E0,2.880847138E0,-4.595676737E0,-5.438816875E0,7.681162276E0
6.007885708E0,1.676491160E0,-6.132967912E0,-8.964966241E0,1.099065684E1
6.017887708E0,4.557819816E-1,-8.144067450E0,-1.114106251E1,1.380785449E1
6.027890958E0,-7.103443889E-1,-9.875975304E0,-1.184080816E1,1.543516165E1
6.037893958E0,-1.528819436E0,-1.081222914E1,-1.178116422E1,1.606354314E1
6.047895958E0,-2.084869472E0,-1.135289310E1,-1.161188733E1,1.637286749E1
6.057898958E0,-2.442705621E0,-1.189522703E1,-1.149072834E1,1.671825573E1
6.067900958E0,-2.652605168E0,-1.217094196E1,-1.166277448E1,1.706424481E1
6.077903958E0,-2.870318934E0,-1.211548580E1,-1.254587010E1,1.767547973E1
6.087905958E0,-3.098674048E0,-1.184834172E1,-1.339339595E1,1.814849959E1
6.097908958E0,-3.266748753E0,-1.155096168E1,-1.417620948E1,1.857582511E1
6.107910958E0,-3.497981574E0,-1.134846559E1,-1.494802792E1,1.909102105E1
6.117913958E0,-3.921075281E0,-1.131331564E1,-1.555702010E1,1.963127139E1
6.127916958E0,-4.340194928E0,-1.120948312E1,-1.580118346E1,1.985364456E1
6.137918958E0,-4.645674524E0,-1.120648116E1,-1.561969290E1,1.977731827E1
6.147921958E0,-4.713331487E0,-1.139689223E1,-1.514972294E1,1.953506466E1
6.157923958E0,-4.594731827E0,-1.143320928E1,-1.471310082E1,1.919127851E1
6.167926958E0,-4.131310166E0,-1.121031225E1,-1.405345070E1,1.844554963E1
6.177928958E0,-3.415053730E0,-1.062339447E1,-1.289580257E1,1.705346962E1
6.187931958E0,-2.582521026E0,-9.996675868E0,-1.159561336E1,1.552614545E1
6.197933958E0,-1.534565349E0,-9.702421757E0,-1.053445365E1,1.440370065E1
6.207936958E0,-3.633972534E-1,-9.527235083E0,-9.862512674E0,1.371748600E1
6.217938958E0,8.130323862E-1,-9.104038757E0,-9.076025916E0,1.288094677E1
6.227941958E0,1.065793047E0,-8.425311506E0,-8.037849854E0,1.169310990E1
6.237944958E0,3.098619376E-1,-7.892081691E0,-7.175082659E0,1.067065036E1
6.247946958E0,-6.652628678E-1,-7.743449562E0,-6.841173901E0,1.035399663E1
6.257949958E0,-1.156006741E0,-7.694230624E0,-7.257067055E0,1.063966911E1
6.267951958E0,-1.404393903E0,-7.406952242E0,-8.066499456E0,1.104099983E1
6.277954958E0,-1.608226379E0,-6.924687343E0,-8.921696261E0,1.140764441E1
6.287956958E0,-1.429833384E0,-6.255130280E0,-9.519242524E0,1.147985438E1
6.297959958E0,-9.383912080E-1,-5.470255015E0,-9.667814426E0,1.114768603E1
6.307961958E0,-4.344813059E-1,-4.970867130E0,-9.262418779E0,1.052096458E1
6.317964958E0,-1.303071012E-1,-4.779205926E0,-8.127083627E0,9.429065569E0
6.327967958E0,-1.466487533E-1,-4.830107108E0,-6.494411793E0,8.094987651E0
6.337969958E0,-3.730042653E-1,-4.817513375E0,-4.851064113E0,6.846925611E0
6.347972958E0,-1.759555829E-1,-4.618931114E0,-3.878965096E0,6.034223663E0
6.357974958E0,4.024625377E-1,-3.968529822E0,-3.426176012E0,5.258315995E0
6.367977958E0,6.675937872E-1,-3.109692541E0,-3.207590134E0,4.517134449E0
6.377979958E0,4.498545130E-1,-2.173419998E0,-3.514016978E0,4.156252987E0
6.387982958E0,-8.158874354E-1,-1.847346801E0,-3.744392597E0,4.254272962E0
6.397984958E0,-1.803585070E0,-1.790727043E0,-2.345231659E0,3.458284833E0
6.407987958E0,-1.554159515E0,-7.057767633E-1,6.548700267E-1,1.828219732E0
6.417989958E0,-1.235696323E0,1.585717815E0,3.462377878E0,4.003686671E0
6.427992958E0,-5.991088586E-1,3.971904542E0,5.155946708E0,6.535957740E0
6.437995958E0,2.301263814E-1,6.180206398E0,5.204792594E0,8.083178534E0
6.447997958E0,1.152666153E0,8.659701823E0,6.932540739E0,1.115254213E1
6.458000958E0,2.127469654E0,9.824931450E0,1.382373231E1,1.709242464E1
6.468002958E0,2.896103693E0,8.389526546E0,2.384005482E1,2.543854921E1
6.478005958E0,5.480357834E0,6.324729688E0,3.525086108E1,3.623064635E1
6.488007958E0,1.012266465E1,4.469987036E0,4.519558561E1,4.653052850E1
6.498010958E0,1.393710280E1,4.354990430E0,4.870300283E1,5.084477615E1
6.508012958E0,1.424340218E1,6.876514472E0,4.351268678E1,4.629810868E1
6.518015958E0,1.206295324E1,9.418577444E0,3.501225960E1,3.821102935E1
6.528017958E0,8.896089549E0,9.777307633E0,2.823971739E1,3.118040719E1
6.538020958E0,5.948869497E0,8.276316265E0,2.390175932E1,2.598423671E1
6.548023958E0,4.473609386E0,6.401101341E0,2.179019409E1,2.314735056E1
6.558025958E0,3.882985057E0,5.042416584E0,2.032670852E1,2.129973279E1
6.568028958E0,3.465939417E0,4.843679665E0,1.756000020E1,1.854258816E1
6.578030958E0,3.959032189E0,5.555836033E0,1.372943777E1,1.533097229E1
6.588033958E0,4.433013922E0,6.443096044E0,9.848265349E0,1.257590670E1
6.598035958E0,4.958565173E0,7.215333722E0,7.036763849E0,1.123229517E1
6.608038958E0,5.131086686E0,7.492298201E0,5.888220422E0,1.082283339E1
6.618040958E0,5.246710698E0,6.867761775E0,6.378740419E0,1.074162252E1
6.628043958E0,5.067818059E0,5.366366365E0,7.652734104E0,1.063226256E1
6.638045958E0,4.747503785E0,3.291271391E0,8.260784891E0,1.008026917E1
6.648048958E0,3.973925925E0,1.069957434E0,7.922554455E0,8.927696526E0
6.658051958E0,2.362157302E0,-1.159796102E0,5.843775151E0,6.408948598E0
6.668053958E0,5.376349609E-1,-3.169092066E0,2.472110977E0,4.055062090E0
6.678056958E0,-9.120583454E-1,-4.597234728E0,-1.096089225E0,4.813297119E0
6.688058958E0,-1.625316183E0,-5.495240167E0,-4.042666669E0,7.013021530E0
6.698061958E0,-1.733601354E0,-6.172040761E0,-6.154924791E0,8.887213286E0
6.708063958E0,-1.435584706E0,-6.610055686E0,-7.500815256E0,1.010029550E1
6.718066958E0,-1.024982259E0,-7.412722859E0,-8.383474678E0,1.123751291E1
6.728068958E0,-9.175724159E-1,-8.834672150E0,-8.502661983E0,1.229587866E1
6.738071958E0,-9.035790787E-1,-1.012992456E1,-7.876105928E0,1.286331494E1
6.748073958E0,-9.000499186E-1,-1.088381309E1,-7.260494108E0,1.311420039E1
6.758076958E0,-1.042911065E0,-1.116166693E1,-7.203828156E0,1.332537475E1
6.768079958E0,-1.409189059E0,-1.137297478E1,-7.699681399E0,1.380635588E1
6.778081958E0,-2.041395570E0,-1.154047412E1,-9.178092574E0,1.488580606E1
6.788084958E0,-3.073241291E0,-1.149507867E1,-1.114825225E1,1.630537255E1
6.798086958E0,-4.001993144E0,-1.122841406E1,-1.276694865E1,1.746677444E1
6.808089958E0,-4.289206915E0,-1.092345487E1,-1.372107274E1,1.805511007E1
6.818091958E0,-4.057638465E0,-1.064824280E1,-1.411937221E1,1.814403969E1
6.828094958E0,-3.505385903E0,-1.038328207E1,-1.380558957E1,1.762653058E1
6.838096958E0,-2.765806094E0,-1.010449151E1,-1.258572239E1,1.637531190E1
6.848099958E0,-2.022542539E0,-9.755665918E0,-1.084739195E1,1.472853041E1
6.858101958E0,-1.368393181E0,-9.362821319E0,-9.589890338E0,1.347222772E1
6.868104958E0,-1.013707439E0,-9.081043997E0,-8.458711971E0,1.245161721E1
6.878107958E0,-9.741309249E-1,-9.074029677E0,-7.739747690E0,1.196622914E1
6.888109958E0,-9.691678814E-1,-9.025365055E0,-7.640894662E0,1.186506519E1
6.898112958E0,-1.014645332E0,-8.712945984E0,-7.917592508E0,1.181664944E1
6.908114958E0,-1.185366414E0,-8.407478083E0,-8.369422064E0,1.192216452E1
6.918117958E0,-1.521605142E0,-8.318571169E0,-8.573885747E0,1.204265026E1
6.928119958E0,-1.867518526E0,-8.292784948E0,-8.358634536E0,1.192160555E1
6.938122958E0,-2.089684069E0,-8.192895209E0,-8.172095493E0,1.175897343E1
6.948124958E0,-2.344821477E0,-8.119965811E0,-8.363784764E0,1.189053944E1
6.958127958E0,-2.316108432E0,-7.888742931E0,-8.788939322E0,1.203503543E1
6.968129958E0,-2.248450592E0,-7.484275821E0,-9.341979504E0,1.217959341E1
6.978132958E0,-1.908566565E0,-7.075288230E0,-1.000211144E1,1.239937753E1
6.988134958E0,-1.256709608E0,-6.657807557E0,-1.025138526E1,1.228806821E1
6.998137958E0,-7.889998913E-1,-6.161980627E0,-9.814463764E0,1.161534438E1
7.008140958E0,-5.505714869E-1,-5.841854925E0,-9.138256663E0,1.085993245E1
7.018142958E0,-2.302352858E-1,-5.852575210E0,-8.215476571E0,1.008958375E1
7.028145958E0,2.732805870E-2,-5.776883004E0,-7.292168475E0,9.303163179E0
7.038147958E0,-4.443883896E-2,-5.230464209E0,-6.648499374E0,8.459448835E0
7.048150958E0,-3.253333048E-1,-4.067330225E0,-6.322893078E0,7.525157393E0
7.058152958E0,-4.867182110E-1,-2.437975809E0,-6.464913760E0,6.926451514E0
7.068155958E0,-2.594999423E-1,-9.673794374E-1,-6.191447085E0,6.271935922E0
7.078157958E0,3.910769856E-1,2.679167899E-1,-3.754645690E0,3.784453048E0
7.088160958E0,1.027982319E0,9.747244173E-1,4.003594404E-1,1.472115152E0
7.098162958E0,1.024896232E0,3.948475626E-1,4.034546641E0,4.181373396E0
7.108165958E0,1.857466724E-1,1.129974425E-2,5.619077178E0,5.622157757E0
7.118168958E0,-1.049807344E0,1.404041609E0,4.961135024E0,5.261776224E0
7.128170958E0,-2.311885573E0,3.228968431E0,3.064633312E0,5.016276445E0
7.138173958E0,-3.405664856E0,4.264750936E0,1.786013310E0,5.742516626E0
7.148175958E0,-4.189295542E0,5.050358273E0,3.616504050E0,7.492357264E0
7.158178958E0,-4.238229135E0,5.636011884E0,7.808835467E0,1.052165042E1
7.168180958E0,-3.501075043E0,5.557817069E0,1.285324420E1,1.443442910E1
7.178183958E0,-2.597523520E0,5.099106510E0,1.757018839E1,1.847862375E1
7.188185958E0,-1.252908772E0,4.933439103E0,2.147247510E1,2.206752793E1
7.198188958E0,3.691489036E-1,4.782363715E0,2.364837841E1,2.412992075E1
7.208190958E0,8.930252199E-1,4.528519711E0,2.426387972E1,2.469900492E1
7.218193958E0,1.391223635E0,4.470931069E0,2.516679273E1,2.559867544E1
7.228195958E0,2.992208237E0,4.599261373E0,2.682004150E1,2.737555737E1
7.238198958E0,4.750991649E0,4.465122445E0,2.887782170E1,2.960469264E1
7.248201958E0,5.912326738E0,4.194248718E0,3.000760433E1,3.087075716E1
7.258203958E0,6.100473180E0,4.547919311E0,2.814990884E1,2.916019051E1
7.268206958E0,6.364526423E0,6.351561976E0,2.444188066E1,2.604333055E1
7.278208958E0,6.467641486E0,7.863102890E0,2.077760603E1,2.313801387E1
7.288211958E0,3.808021998E0,8.583229598E0,1.629779684E1,1.880933395E1
7.298213958E0,2.115058135E-1,8.191328155E0,1.301896832E1,1.538298176E1
7.308216958E0,-2.298171806E0,7.253888508E0,1.371438704E1,1.568390589E1
7.318218958E0,-3.536006310E0,6.832870270E0,1.567028067E1,1.745706599E1
7.328221958E0,-2.130604346E0,7.171824591E0,1.766802634E1,1.918681051E1
7.338223958E0,-1.592003864E-1,7.206874555E0,1.878292196E1,2.011871127E1
7.348226958E0,8.417072779E-1,6.416649088E0,1.781464293E1,1.895371624E1
7.358228958E0,1.009458779E0,4.732955327E0,1.656653487E1,1.725890932E1
7.368231958E0,1.496427470E-1,2.905510401E0,1.451960243E1,1.480821523E1
7.378234958E0,-8.521517207E-1,1.641290922E0,1.112387520E1,1.127655080E1
7.388236958E0,-1.756924143E0,6.801937330E-1,6.803348848E0,7.059391015E0
7.398239958E0,-1.640811889E0,3.567830658E-1,1.759971566E0,2.432500303E0
7.408241958E0,-5.924428135E-1,5.131224096E-2,-2.159803587E0,2.240172531E0
7.418244958E0,3.458639022E-1,-1.051639569E0,-4.429088101E0,4.565346540E0
7.428246958E0,9.221102938E-1,-2.827942700E0,-5.851125686E0,6.563780854E0
7.438249958E0,1.349600084E0,-4.749431904E0,-7.162814031E0,8.699679801E0
7.448251958E0,1.856492724E0,-6.578502941E0,-8.003440744E0,1.052512850E1
7.458254958E0,2.222637620E0,-8.409422282E0,-8.363592975E0,1.206682181E1
7.468256958E0,2.302766840E0,-9.724579196E0,-9.027856554E0,1.346745594E1
7.478259958E0,2.331373466E0,-1.044565081E1,-9.858929501E0,1.455147464E1
7.488261958E0,2.295306817E0,-1.096928652E1,-1.053705098E1,1.538255907E1
7.498264958E0,1.772330241E0,-1.138177367E1,-1.159115077E1,1.634138006E1
7.508267958E0,1.292916152E0,-1.139668758E1,-1.271535867E1,1.712414862E1
7.518269958E0,9.512690426E-1,-1.086751105E1,-1.335559954E1,1.724470204E1
7.528272958E0,6.615194803E-1,-1.012188113E1,-1.392662927E1,1.722907683E1
7.538274958E0,8.188436414E-1,-9.355490080E0,-1.464418320E1,1.739677560E1
7.548277958E0,9.653381744E-1,-8.688197644E0,-1.478599221E1,1.717679312E1
7.558279958E0,6.863558212E-1,-8.328953485E0,-1.405829336E1,1.635475964E1
7.568282958E0,4.016320869E-1,-8.285350798E0,-1.286909600E1,1.531084511E1
7.578284958E0,1.653789930E-1,-8.477159352E0,-1.204461169E1,1.472963855E1
7.588287958E0,-1.258905530E-3,-8.583892087E0,-1.143166094E1,1.429566637E1
7.598289958E0,1.353889163E-1,-8.553636255E0,-1.046930865E1,1.351996475E1
7.608292958E0,4.309228367E-1,-8.421352941E0,-9.849943500E0,1.296635133E1
7.618294958E0,6.631426674E-1,-8.207856479E0,-9.650752836E0,1.268643750E1
7.628297958E0,9.277329764E-1,-8.069134796E0,-9.448687096E0,1.245990821E1
7.638299958E0,9.592959541E-1,-7.838304264E0,-9.325688576E0,1.221997258E1
7.648302958E0,8.482726778E-1,-7.540823075E0,-9.226908638E0,1.194652344E1
7.658305958E0,9.370281489E-1,-7.277901853E0,-9.195003306E0,1.176409635E1
7.668307958E0,1.335429942E0,-6.932678733E0,-9.275552210E0,1.165681244E1
7.678310958E0,1.864624008E0,-6.697641714E0,-9.375802723E0,1.167222789E1
7.688312958E0,2.199979660E0,-6.702044082E0,-9.227193983E0,1.161457766E1
7.698315958E0,2.335940288E0,-6.964575294E0,-8.887995833E0,1.153075869E1
7.708317958E0,2.310687186E0,-7.138413016E0,-8.921564698E0,1.165720946E1
7.718320958E0,2.310273934E0,-7.093121653E0,-9.218565831E0,1.185882357E1
7.728322958E0,2.220540370E0,-6.601702938E0,-1.023394652E1,1.237929492E1
7.738325958E0,1.963481568E0,-5.715236979E0,-1.151961359E1,1.300848534E1
7.748327958E0,2.145554800E0,-5.123628563E0,-1.210401005E1,1.331773383E1
7.758330958E0,2.534448435E0,-5.112904769E0,-1.151214903E1,1.284892211E1
7.768332958E0,2.659213399E0,-5.444736012E0,-1.000093030E1,1.169338159E1
7.778335958E0,2.783069998E0,-5.797725989E0,-8.582109856E0,1.072435149E1
7.788338958E0,3.157042708E0,-5.871649997E0,-7.463198363E0,1.000712357E1
7.798340958E0,3.410686153E0,-5.814550182E0,-7.303609722E0,9.939038627E0
7.808343958E0,3.306890766E0,-5.656195303E0,-8.094621640E0,1.041397961E1
7.818345958E0,3.193018872E0,-5.021380057E0,-7.704788942E0,9.735163061E0
7.828348958E0,2.927046281E0,-4.151204732E0,-5.955877385E0,7.827680121E0
7.838350958E0,2.158364003E0,-3.555660848E0,-3.383045779E0,5.361553691E0
7.848353958E0,8.834286234E-1,-3.002965068E0,-1.216019127E0,3.358116711E0
7.858355958E0,-3.800985458E-1,-2.510271952E0,-1.828526661E0,3.128809666E0
7.868358958E0,-2.207012252E0,-1.276544825E0,-5.841996428E0,6.374118922E0
7.878360958E0,-4.173472391E0,8.432863185E-1,-9.342487042E0,1.026698922E1
7.888363958E0,-6.390319660E0,2.833736706E0,-5.102189162E0,8.654396763E0
7.898365958E0,-6.440470644E0,4.516516255E0,1.022823262E1,1.290330670E1
7.908368958E0,-4.397965127E0,4.804911456E0,2.743158775E1,2.819434833E1
7.918370958E0,-4.005264954E0,2.354929413E0,3.360407465E1,3.392376266E1
7.928373958E0,-5.325720030E0,2.196355556E0,3.482962299E1,3.530283146E1
7.938376958E0,-5.213992018E0,3.641365827E0,3.681209105E1,3.735739961E1
7.948378958E0,-3.067584110E0,5.007613372E0,3.958678199E1,4.001998966E1
7.958381958E0,-1.484249766E0,5.515841662E0,4.132725484E1,4.172013302E1
7.968383958E0,-1.916411189E0,4.684349470E0,3.914986400E1,3.947565849E1
7.978386958E0,-3.943128347E0,3.503466555E0,3.411872787E1,3.452405147E1
7.988388958E0,-4.968141743E0,2.539755368E0,2.956563903E1,3.008753564E1
7.998391958E0,-4.432864818E0,2.036440347E0,2.637428252E1,2.682163601E1
8.008393958E0,-3.797963617E0,2.366095987E0,2.265132757E1,2.308907921E1
8.018396958E0,-3.567253245E0,3.233564635E0,1.938920455E1,1.997805018E1
8.028398458E0,-3.310642047E0,3.986781321E0,1.645365788E1,1.725043865E1
8.038401458E0,-2.980636890E0,4.268939881E0,1.382954444E1,1.477715613E1
8.048403458E0,-2.526962245E0,4.366018864E0,1.169143753E1,1.273331734E1
8.058406458E0,-1.945341750E0,4.552913418E0,9.889344378E0,1.105949851E1
8.068408458E0,-1.522607355E0,4.682965434E0,7.799365316E0,9.223806034E0
8.078411458E0,-1.523723880E0,4.267482755E0,6.513864895E0,7.934959319E0
8.088413458E0,-1.806640240E0,3.226018511E0,6.733069993E0,7.681495683E0
8.098416458E0,-2.083410007E0,2.100039635E0,6.984498512E0,7.585115898E0
8.108419458E0,-2.557909218E0,7.576909751E-1,6.945432095E0,7.440162778E0
8.118421458E0,-2.987208576E0,-8.767078337E-1,6.605241673E0,7.302140046E0
8.128424458E0,-3.044901883E0,-2.313125475E0,4.984056110E0,6.281941758E0
8.138426458E0,-2.990252051E0,-3.201687369E0,1.755987858E0,4.719735448E0
8.148429458E0,-2.763734718E0,-3.293752365E0,-1.878836104E0,4.692233939E0
8.158431458E0,-2.185608958E0,-3.024366462E0,-4.728090736E0,6.023165366E0
8.168434458E0,-1.309679681E0,-2.783846216E0,-6.826910788E0,7.488108675E0
8.178436458E0,-1.077928358E-1,-2.877836114E0,-8.176635271E0,8.668963280E0
8.188439458E0,1.212678759E0,-3.113213149E0,-8.748245040E0,9.364532939E0
8.198441458E0,2.199406340E0,-3.515618531E0,-9.050803367E0,9.955601614E0
8.208444458E0,2.714296217E0,-4.233590539E0,-9.054493545E0,1.035734262E1
8.218446458E0,2.725359149E0,-5.314866428E0,-8.675200453E0,1.053254435E1
8.228449458E0,2.251281083E0,-6.620453789E0,-8.323141353E0,1.087075696E1
8.238451458E0,1.771281981E0,-7.721625999E0,-7.871547439E0,1.116790970E1
8.248454458E0,1.718739340E0,-8.023343496E0,-7.159807393E0,1.088994709E1
8.258456458E0,1.846897881E0,-7.692325602E0,-6.588387074E0,1.029513231E1
8.268459458E0,1.881378912E0,-7.134149811E0,-7.022448111E0,1.018579686E1
8.278462458E0,1.784545366E0,-6.486448470E0,-8.309990380E0,1.069179854E1
8.288464458E0,1.658253402E0,-5.841404690E0,-1.012456149E1,1.180586966E1
8.298467458E0,1.734745215E0,-5.193401048E0,-1.168035589E1,1.290005694E1
8.308469458E0,1.769796057E0,-4.607494252E0,-1.247482877E1,1.341575694E1
8.318472458E0,1.334563677E0,-4.502732321E0,-1.281535424E1,1.364877148E1
8.328474458E0,5.609328993E-1,-5.053440925E0,-1.285555502E1,1.382451466E1
8.338477458E0,-3.219199196E-1,-5.922137781E0,-1.243387721E1,1.377594465E1
8.348479458E0,-1.007738674E0,-6.346048636E0,-1.206681942E1,1.367099124E1
8.358482458E0,-1.012070291E0,-6.328400570E0,-1.180966355E1,1.343655809E1
8.368484458E0,-5.029700352E-1,-6.142358540E0,-1.140426440E1,1.296297781E1
8.378487458E0,2.664007531E-1,-5.840403062E0,-1.098179605E1,1.244110613E1
8.388489458E0,9.850789592E-1,-5.591440898E0,-1.082221852E1,1.222108856E1
8.398492458E0,1.490840163E0,-5.301861051E0,-1.056356810E1,1.191307291E1
8.408494458E0,1.870917512E0,-5.004057096E0,-1.006911351E1,1.139859495E1
8.418497458E0,1.855325327E0,-4.873589635E0,-9.748597219E0,1.105573407E1
8.428499458E0,1.525712811E0,-4.956906903E0,-9.568371999E0,1.088358711E1
8.438502458E0,1.033618304E0,-5.122323464E0,-9.519949452E0,1.085983435E1
8.448504458E0,6.388391541E-1,-5.238262056E0,-9.584208013E0,1.094095737E1
8.458507458E0,4.927312683E-1,-5.393392196E0,-9.654555280E0,1.106986455E1
8.468510458E0,6.592339499E-1,-5.308549097E0,-9.903557789E0,1.125592021E1
8.478512458E0,1.122922683E0,-4.928557262E0,-1.037064624E1,1.153698121E1
8.488515458E0,1.604762342E0,-4.318767514E0,-1.049570532E1,1.146241009E1
8.498517458E0,1.842652511E0,-3.936912757E0,-1.017875582E1,1.106804953E1
8.508520458E0,1.683168388E0,-4.079188378E0,-9.602507460E0,1.056792237E1
8.518522458E0,1.500193223E0,-4.631369896E0,-8.728963262E0,9.994746942E0
8.528525458E0,2.081612719E0,-5.753326326E0,-7.071842465E0,9.351194105E0
8.538527458E0,2.516965553E0,-6.684052784E0,-5.481360632E0,9.003165643E0
8.548530458E0,2.399780042E0,-6.633827541E0,-5.782152514E0,9.121397908E0
8.558532458E0,2.643002871E0,-5.527471189E0,-7.128247046E0,9.399484448E0
8.568535458E0,2.598388323E0,-2.993691091E0,-7.600999110E0,8.572572291E0
8.578537458E0,2.386726718E0,-8.052282536E-1,-5.962267807E0,6.472518394E0
8.588540458E0,2.785945074E0,-4.520473650E-1,-4.702503321E0,5.484466634E0
8.598542458E0,2.345960807E0,1.104258370E-1,-4.542731661E0,5.113916006E0
8.608545458E0,5.732244775E-1,2.313405849E0,-5.275571385E0,5.788962460E0
8.618547458E0,-1.709489922E0,4.424180241E0,-4.217573261E0,6.346940272E0
8.628550458E0,-4.928692333E0,6.233899625E0,1.422943318E-1,7.948192268E0
8.638552458E0,-6.431943650E0,7.071867608E0,7.678027990E0,1.226104907E1
8.648555458E0,-5.934318116E0,6.325697987E0,1.979692973E1,2.161363026E1
8.658558458E0,-4.522144784E0,5.209358100E0,3.004981655E1,3.083145602E1
8.668560458E0,-3.550719951E0,5.423947406E0,3.373589896E1,3.435313226E1
8.678563458E0,-3.302008048E0,7.344639634E0,3.228495450E1,3.327409316E1
8.688565458E0,-2.976440343E0,9.934739821E0,3.084730894E1,3.254404279E1
8.698568458E0,-2.738422998E0,1.073942896E1,3.065550623E1,3.259745937E1
8.708570458E0,-3.507149423E0,9.719531879E0,3.080228304E1,3.248922956E1
8.718573458E0,-4.557107041E0,8.044333246E0,3.033548812E1,3.171309448E1
8.728575458E0,-4.918187810E0,6.446421940E0,2.941170523E1,3.050890578E1
8.738578458E0,-4.565814422E0,6.393800508E0,2.635698880E1,2.750305810E1
8.748580458E0,-3.117747665E0,7.975649512E0,2.354654097E1,2.505535725E1
8.758583458E0,-1.830363125E0,9.358121912E0,2.172602441E1,2.372645805E1
8.768585458E0,-9.214970671E-1,9.060300415E0,2.105770169E1,2.294264590E1
8.778588458E0,-1.074674383E-1,8.297277364E0,2.132191632E1,2.287969572E1
8.788590458E0,4.305743426E-2,7.697045474E0,1.997346185E1,2.140526900E1
8.798593458E0,-5.820436867E-1,6.650633608E0,1.728004019E1,1.852483445E1
8.808595458E0,-1.562320620E0,5.347831861E0,1.478524611E1,1.580011563E1
8.818598458E0,-2.661823888E0,4.256637047E0,1.130063536E1,1.236562271E1
8.828600458E0,-3.676792937E0,3.388706761E0,7.286842246E0,8.837432304E0
8.838603458E0,-3.906568924E0,2.800573346E0,3.403324508E0,5.889576345E0
8.848605458E0,-3.447577113E0,1.893169676E0,5.833673501E-1,3.976203823E0
8.858608458E0,-2.756223092E0,3.154429588E-1,-7.757278812E-1,2.880629053E0
8.868611458E0,-1.336665312E0,-1.658770296E0,-1.083884917E0,2.390188186E0
8.878613458E0,4.800099197E-1,-4.073445243E0,-1.739763004E-1,4.105317700E0
8.888616458E0,1.827533365E0,-5.701415915E0,2.732520819E-2,5.987217075E0
8.898618458E0,2.864882485E0,-6.269589275E0,-1.256038640E0,7.006635027E0
8.908621458E0,3.267393116E0,-6.768110602E0,-2.858980891E0,8.040954585E0
8.918623458E0,2.938616167E0,-7.521924874E0,-4.294806794E0,9.146594130E0
8.928626458E0,2.168761814E0,-8.408967369E0,-5.715196048E0,1.039604376E1
8.938628458E0,1.519304701E0,-9.448066122E0,-6.767678493E0,1.172073856E1
8.948631458E0,9.168037994E-1,-1.040892094E1,-7.386077682E0,1.279610519E1
8.958633458E0,5.551898371E-1,-1.087485165E1,-8.159476032E0,1.360689837E1
8.968636458E0,8.348538295E-1,-1.084253759E1,-8.460351530E0,1.377806773E1
8.978638458E0,1.103390278E0,-1.047550202E1,-9.163175157E0,1.396128188E1
8.988641458E0,1.409310973E0,-1.013487364E1,-1.050243429E1,1.466297880E1
8.998643458E0,1.135395305E0,-9.676104024E0,-1.234927502E1,1.572961236E1
9.008646458E0,4.615042131E-1,-9.083987485E0,-1.365589383E1,1.640778020E1
9.018648458E0,-4.837720183E-1,-8.862668034E0,-1.436622645E1,1.688695895E1
9.028651583E0,-8.142636636E-1,-8.926064715E0,-1.476388038E1,1.727164788E1
9.038653583E0,-6.885520354E-1,-8.491535316E0,-1.471676469E1,1.700480635E1
9.048656583E0,-5.151806295E-1,-8.525563188E0,-1.434463268E1,1.669488321E1
9.058658583E0,-2.077597582E-1,-8.822110577E0,-1.376249442E1,1.634867125E1
9.068661583E0,-4.601977989E-1,-8.938498235E0,-1.256756327E1,1.542893967E1
9.078664583E0,-7.143727550E-1,-8.864183047E0,-1.086874715E1,1.404328075E1
9.088666583E0,-8.236649631E-1,-8.872776700E0,-9.771105491E0,1.322418591E1
9.098669583E0,-2.967612509E-1,-8.904187358E0,-9.033459356E0,1.268763208E1
9.108671583E0,5.169850802E-1,-8.782346587E0,-8.391210544E0,1.215768479E1
9.118674583E0,1.180633824E0,-8.600954847E0,-7.569952734E0,1.151844195E1
9.128676583E0,1.418117611E0,-8.630983223E0,-6.248234074E0,1.074920267E1
9.138679583E0,1.267160190E0,-8.637343240E0,-5.800467163E0,1.048116465E1
9.148681583E0,9.407494631E-1,-8.109314523E0,-6.693401898E0,1.055687551E1
9.158684583E0,7.713506556E-1,-7.098867711E0,-8.165784009E0,1.084753120E1
9.168686583E0,9.843623829E-1,-6.061828347E0,-9.266838105E0,1.111705989E1
9.178689583E0,1.745723071E0,-5.188092361E0,-9.944139805E0,1.135120116E1
9.188691583E0,2.862697088E0,-4.632388188E0,-9.686352439E0,1.111213204E1
9.198694583E0,3.718759281E0,-4.453228331E0,-8.854092507E0,1.058562078E1
9.208696583E0,4.052920931E0,-4.492603481E0,-7.866883700E0,9.924591340E0
9.218699583E0,3.614251703E0,-4.660441960E0,-7.404713928E0,9.466378557E0
9.228701583E0,2.649813707E0,-5.495420262E0,-7.273271443E0,9.493241492E0
9.238704583E0,1.621796013E0,-6.358071681E0,-7.438978027E0,9.919359450E0
9.248706583E0,1.247200574E0,-6.514459557E0,-7.724072474E0,1.018110938E1
9.258709583E0,2.021855491E0,-5.704772217E0,-8.165688699E0,1.016419193E1
9.268711583E0,2.771599807E0,-4.733333935E0,-7.981266932E0,9.684360458E0
9.278714583E0,2.843472613E0,-4.502319800E0,-7.071786917E0,8.852479329E0
9.288716583E0,2.880116236E0,-4.635651812E0,-5.420437322E0,7.691909907E0
9.298719583E0,2.525771752E0,-5.334448754E0,-3.724628423E0,6.979163513E0
9.308721583E0,1.670796995E0,-5.989504722E0,-2.796373583E0,6.818022780E0
9.318724583E0,7.682422757E-2,-5.576745676E0,-2.421784576E0,6.080381142E0
9.328726583E0,-2.324862007E0,-4.678108445E0,-2.930670678E0,5.989867494E0
9.338729583E0,-4.943822588E0,-3.142197797E0,-3.865448672E0,7.018296248E0
9.348732583E0,-5.538378586E0,-5.068237889E-1,-2.204604369E0,5.982540274E0
9.358734583E0,-5.616462303E0,2.222373472E0,3.344415565E0,6.904252901E0
9.368737583E0,-5.589313681E0,3.794200057E0,9.859804244E0,1.195207602E1
9.378739583E0,-3.860410126E0,6.463519199E0,1.648400961E1,1.812187682E1
9.388742583E0,-2.002201537E0,9.534471012E0,2.227517151E1,2.431251148E1
9.398744583E0,-1.320603449E0,1.038509120E1,2.534000597E1,2.741733056E1
9.408747583E0,-2.770485036E0,1.068424411E1,2.415487125E1,2.655722999E1
9.418749583E0,-5.573618000E0,1.129846488E1,2.137640067E1,2.481271915E1
9.428752583E0,-7.802176657E0,1.073197493E1,2.135703001E1,2.514303040E1
9.438754583E0,-8.153234714E0,9.057394348E0,2.410776140E1,2.701288190E1
9.448757583E0,-7.070561925E0,6.861568404E0,2.772564423E1,2.942423006E1
9.458759583E0,-5.846770679E0,4.870869218E0,3.125852257E1,3.217149868E1
9.468762583E0,-4.734036770E0,4.551084409E0,3.224180439E1,3.290376002E1
9.478764583E0,-2.720094608E0,6.793298069E0,2.904466147E1,2.995229830E1
9.488767583E0,-8.638705641E-1,9.908025062E0,2.452392645E1,2.646390375E1
9.498769583E0,1.356442934E-1,1.167361989E1,2.000306045E1,2.316061805E1
9.508772583E0,-1.324202849E0,1.128701369E1,1.555391289E1,1.926329145E1
9.518774583E0,-4.088671392E0,9.005281624E0,1.130786720E1,1.502265594E1
9.528777583E0,-5.919793632E0,6.280813590E0,1.021701883E1,1.337460466E1
9.538779583E0,-5.778912572E0,4.802243956E0,1.043920952E1,1.286213330E1
9.548782583E0,-3.035524996E0,4.917626477E0,1.091449226E1,1.235004467E1
9.558784583E0,-5.063175662E-1,5.576179665E0,1.225524244E1,1.347371902E1
9.568787583E0,1.752895850E-1,5.550137921E0,1.194370629E1,1.317144174E1
9.578789583E0,4.381605202E-1,4.447109220E0,9.824542025E0,1.079307144E1
9.588792583E0,-1.402848777E0,2.678700415E0,8.209677887E0,8.748841730E0
9.598794583E0,-2.646005708E0,3.802763012E-1,4.949368088E0,5.625140064E0
9.608797583E0,-3.324454047E0,-1.398336188E0,-2.902440906E-2,3.606685629E0
9.618799583E0,-3.380261335E0,-2.819592876E0,-3.501410966E0,5.624602158E0
9.628802583E0,-3.233104167E0,-4.462299117E0,-4.477632270E0,7.100300466E0
9.638805583E0,-2.881188616E0,-5.673125331E0,-4.796485033E0,7.968178433E0
9.648807583E0,-9.136446950E-1,-5.354564345E0,-4.478196527E0,7.039911227E0
9.658810583E0,1.287035461E0,-4.531666390E0,-2.794380852E0,5.477319134E0
9.668812583E0,2.501840852E0,-4.826987618E0,-1.880586176E0,5.752879408E0
9.678815583E0,3.736378988E0,-5.694553038E0,-2.211415206E0,7.160923087E0
9.688817583E0,4.970484138E0,-6.666598261E0,-2.490391712E0,8.680512416E0
9.698820583E0,5.156026230E0,-7.982496017E0,-3.071955196E0,9.987079547E0
9.708822583E0,4.240772382E0,-9.018554803E0,-4.650936141E0,1.099771286E1
9.718825583E0,2.853492109E0,-9.663201558E0,-6.887051155E0,1.220456288E1
9.728827583E0,1.879298180E0,-1.009676383E1,-9.132741569E0,1.374348464E1
9.738830583E0,1.311490417E0,-1.021275621E1,-1.100147310E1,1.506827153E1
9.748832583E0,1.045429972E0,-9.847242086E0,-1.217593899E1,1.569441273E1
9.758835583E0,8.514056160E-1,-9.359883678E0,-1.296664744E1,1.601456399E1
9.768837583E0,8.268880945E-1,-8.996324859E0,-1.281611204E1,1.568025295E1
9.778840583E0,9.046570860E-1,-8.798134069E0,-1.203204720E1,1.493304146E1
9.788842583E0,1.387749658E0,-8.568345510E0,-1.129344212E1,1.424374350E1
9.798845583E0,2.026020024E0,-7.896118609E0,-1.069849027E1,1.345032119E1
9.808847583E0,2.228624000E0,-7.193637044E0,-1.009546575E1,1.259498343E1
9.818850583E0,1.789067895E0,-7.203770269E0,-1.036180759E1,1.274606318E1
9.828852583E0,9.241460019E-1,-7.424312625E0,-1.051061572E1,1.290145366E1
9.838855583E0,-2.972217192E-1,-7.496535094E0,-9.718893948E0,1.227775544E1
9.848857583E0,-1.195843017E0,-7.821449665E0,-8.405375424E0,1.154363250E1
9.858860583E0,-9.718635209E-1,-8.209535215E0,-6.168499103E0,1.031461916E1
9.868862583E0,9.256355801E-1,-7.970075362E0,-3.800573230E0,8.878246413E0
9.878865583E0,2.108964971E0,-7.116617519E0,-2.791564833E0,7.930120578E0
9.888867583E0,1.638508670E0,-6.625419829E0,-4.320584244E0,8.077644879E0
9.898870583E0,2.732960822E-1,-6.663159513E0,-6.524971681E0,9.329932523E0
9.908872583E0,-9.393094401E-1,-6.937336040E0,-8.679577094E0,1.115096373E1
9.918875583E0,-1.344452926E0,-7.053201542E0,-9.368964989E0,1.180392776E1
9.928877583E0,-3.117828941E-1,-7.083498305E0,-8.321015890E0,1.093217555E1
9.938880583E0,1.122568415E0,-7.401880367E0,-6.724848223E0,1.006337798E1
9.948882583E0,2.241997021E0,-7.683772879E0,-6.538416769E0,1.033527020E1
9.958885583E0,2.725786580E0,-7.196123865E0,-7.760109449E0,1.092855937E1
9.968887583E0,2.042275430E0,-5.880685115E0,-9.461189028E0,1.132552181E1
9.978890583E0,7.649062930E-1,-5.052744521E0,-1.073994118E1,1.189376498E1
9.988893583E0,-6.616175674E-1,-5.039514611E0,-1.076364813E1,1.190338466E1
9.998895583E0,-2.044424866E0,-5.461070793E0,-1.015321402E1,1.170857473E1
1.000889858E1,-2.059382336E0,-5.966653218E0,-1.006760026E1,1.188270092E1
1.001890058E1,-3.604336287E-1,-6.334992136E0,-1.034944774E1,1.213973255E1
1.002890658E1,1.577799808E0,-6.188236964E0,-1.027678790E1,1.209942555E1
1.003890858E1,3.187616337E0,-4.601790293E0,-7.762146034E0,9.570176742E0
1.004891158E1,3.465026082E0,-3.626731415E0,-4.261903342E0,6.582051854E0
1.005891358E1,3.628397872E0,-3.543141375E0,-1.540561815E0,5.300231374E0
1.006891658E1,3.194911323E0,-3.631182316E0,-1.371253932E-1,4.838568667E0
1.007891858E1,9.716049278E-1,-3.264084762E0,-6.089196825E-1,3.459631288E0
1.008892158E1,-2.554727748E0,-2.002083131E0,-2.121868606E0,3.877795394E0
1.009892358E1,-5.923245243E0,3.680062115E-2,-4.408986543E0,7.384128306E0
1.010892658E1,-8.501157494E0,2.289018867E0,-4.961099356E0,1.010553279E1
1.011892858E1,-9.594939993E0,4.668419901E0,-1.243695168E0,1.074261586E1
1.012893158E1,-6.828147474E0,7.233596331E0,7.063789095E0,1.220023074E1
1.013893358E1,-1.832788404E0,9.169564410E0,1.510364337E1,1.776401047E1
1.014893658E1,1.861094190E-1,9.355541536E0,2.021290065E1,2.227379956E1
1.015893858E1,-1.954872420E0,9.422015022E0,2.498861871E1,2.677735906E1
1.016894158E1,-3.377540041E0,1.014837369E1,2.872912233E1,3.065550089E1
1.017894358E1,-9.062131763E-1,1.085228022E1,3.393140413E1,3.563612485E1
1.018894658E1,2.671862096E0,1.085743396E1,3.989612309E1,4.143336043E1
1.019894858E1,4.497764234E0,9.364098351E0,4.177259282E1,4.304492690E1
1.020895158E1,4.551699828E0,8.248728517E0,3.796279970E1,3.911436635E1
1.021895358E1,3.916570879E0,8.675510355E0,3.053945070E1,3.198846755E1
1.022895658E1,3.207177612E0,9.224618869E0,2.285711916E1,2.485613561E1
1.023895858E1,2.177572106E0,9.009859993E0,1.687815989E1,1.925595177E1
1.024896158E1,6.448326963E-1,8.467747089E0,1.241216299E1,1.503929321E1
1.025896358E1,-8.054299825E-1,7.722349885E0,9.044089594E0,1.191968799E1
1.026896658E1,-1.748975146E0,6.690194700E0,7.530316213E0,1.022366282E1
1.027896858E1,-2.126700599E0,5.654019554E0,6.812634811E0,9.105096684E0
1.028897158E1,-2.366274765E0,5.421840654E0,5.305824294E0,7.946532815E0
1.029897358E1,-3.466377666E0,5.914296080E0,3.991485990E0,7.932630878E0
1.030897658E1,-4.551369168E0,5.636945100E0,2.920853788E0,7.811625837E0
1.031897858E1,-5.416783397E0,4.225708200E0,2.171165897E0,7.205006143E0
1.032898158E1,-5.676137232E0,3.061208306E0,2.234358510E0,6.825092536E0
1.033898358E1,-5.186041158E0,2.010860386E0,2.956421816E0,6.299127903E0
1.034898658E1,-5.003456002E0,9.045788795E-1,3.931848484E0,6.427461973E0
1.035898858E1,-5.305409142E0,-8.734769547E-1,5.801365296E0,7.909877840E0
1.036899158E1,-5.718707301E0,-3.492237562E0,6.592430423E0,9.399972089E0
1.037899358E1,-6.087486514E0,-5.749776481E0,5.073897409E0,9.790906831E0
1.038899658E1,-5.746703185E0,-6.892191442E0,2.479893621E0,9.310036130E0
1.039899858E1,-3.917589464E0,-6.925581383E0,-6.682654130E-1,7.984845857E0
1.040900158E1,-5.635954289E-1,-5.692623457E0,-3.898672552E0,6.922662009E0
1.041900358E1,3.493901387E0,-3.787018799E0,-7.659174228E0,9.231024219E0
1.042900658E1,6.308520622E0,-1.925298665E0,-8.102511288E0,1.044772207E1
1.043900958E1,6.400461071E0,-1.470964161E0,-6.498872634E0,9.239317237E0
1.044901158E1,4.825375541E0,-3.242486901E0,-5.960999545E0,8.326553068E0
1.045901358E1,2.588500096E0,-5.896581940E0,-4.629674495E0,7.931197719E0
1.046901658E1,6.722934868E-1,-8.158335240E0,-3.164489138E0,8.776354820E0
1.047901958E1,-3.050807790E-1,-9.416834974E0,-3.031643322E0,9.897510618E0
1.048902158E1,-4.035631664E-1,-9.577912316E0,-4.007234881E0,1.039024538E1
1.049902458E1,-3.811234166E-1,-8.776751386E0,-6.059662539E0,1.067221299E1
1.050902658E1,3.434080716E-1,-7.402939882E0,-8.874341415E0,1.156180711E1
1.051902958E1,1.130824245E0,-5.851810979E0,-1.107884112E1,1.258026930E1
1.052903158E1,1.203958733E0,-4.935855757E0,-1.196254251E1,1.299671544E1
1.053903458E1,8.948089130E-1,-5.254249513E0,-1.192563489E1,1.306248784E1
1.054903658E1,5.342235491E-1,-6.223105080E0,-1.155530032E1,1.313534914E1
1.055903958E1,3.729330754E-1,-6.951330766E0,-1.100973171E1,1.302590768E1
1.056904158E1,3.994025436E-1,-7.370372645E0,-1.054226787E1,1.286939498E1
1.057904458E1,4.538817097E-1,-7.549657048E0,-1.036860088E1,1.283398669E1
1.058904658E1,5.658776703E-1,-7.562240841E0,-1.027008466E1,1.276645381E1
1.059904958E1,6.778076304E-1,-7.533282505E0,-1.021255273E1,1.270850116E1
1.060905158E1,8.830060159E-1,-7.362136257E0,-1.031667761E1,1.270490404E1
1.061905458E1,1.178920298E0,-6.980149938E0,-1.068891487E1,1.282050105E1
1.062905658E1,1.662781632E0,-6.535158116E0,-1.093503002E1,1.284710146E1
1.063905958E1,2.009768565E0,-6.192080923E0,-1.096587993E1,1.275270789E1
1.064906158E1,1.727799162E0,-6.062716540E0,-1.061136091E1,1.234272263E1
1.065906458E1,1.090653800E0,-6.310091184E0,-1.001156522E1,1.188436850E1
1.066906658E1,4.134661205E-1,-6.958815202E0,-9.361334372E0,1.167178840E1
1.067906958E1,-3.192412370E-1,-7.576534359E0,-9.231071271E0,1.194648336E1
1.068907158E1,-7.405266197E-1,-7.723076109E0,-9.511421873E0,1.227442179E1
1.069907458E1,-5.773568510E-1,-7.316124517E0,-9.743704854E0,1.219831149E1
1.070907658E1,3.722179610E-1,-6.318930420E0,-9.605063862E0,1.150324648E1
1.071907958E1,1.988792995E0,-5.204206118E0,-9.005131350E0,1.058921383E1
1.072908158E1,2.533805826E0,-3.994248215E0,-9.119531540E0,1.027326853E1
1.073908458E1,1.725771932E0,-3.621098208E0,-8.949032578E0,9.806927403E0
1.074908658E1,8.945668383E-1,-4.469185967E0,-8.629582230E0,9.759280840E0
1.075908958E1,1.212988223E0,-5.066029980E0,-8.767250245E0,1.019807222E1
1.076909158E1,2.164033755E0,-4.036746363E0,-8.261394171E0,9.446110148E0
1.077909458E1,2.565746826E0,-2.171215013E0,-6.708927425E0,7.503794946E0
1.078909658E1,1.480819205E0,-1.335387111E0,-4.533692451E0,4.952822578E0
1.079909958E1,-7.561107194E-2,-2.607900866E0,-3.316309168E0,4.219569938E0
1.080910158E1,-1.369385746E0,-4.037187535E0,-4.045344694E0,5.876981726E0
1.081910458E1,-2.411497277E0,-3.425059193E0,-4.387729576E0,6.066178404E0
1.082910658E1,-4.104056586E0,-1.650612261E0,-4.736037102E0,6.480574722E0
1.083910958E1,-6.393336239E0,-5.579091579E-2,-7.266812609E0,9.679071566E0
1.084911158E1,-8.901813388E0,1.609858045E0,-7.502461832E0,1.175248306E1
1.085911458E1,-9.330330681E0,3.239915296E0,6.895387530E-1,9.900888113E0
1.086911658E1,-5.412751157E0,6.157132115E0,1.503254825E1,1.712266503E1
1.087911958E1,2.797433976E0,9.157976983E0,2.803376209E1,2.962407798E1
1.088912158E1,1.064923215E1,1.124646793E1,3.545019032E1,3.868598170E1
1.089912458E1,1.315716376E1,1.355851079E1,3.719881186E1,4.172164638E1
1.090912658E1,1.215080649E1,1.498176167E1,3.746805041E1,4.214202277E1
1.091912958E1,1.149176096E1,1.354251632E1,4.098047753E1,4.466385403E1
1.092913158E1,1.208058493E1,1.083528821E1,4.416606401E1,4.705300429E1
1.093913458E1,1.138350444E1,8.621523013E0,4.299148468E1,4.530102193E1
1.094913658E1,8.182633930E0,7.895403494E0,3.498696221E1,3.678831905E1
1.095913958E1,5.117031734E0,8.274484917E0,2.455070436E1,2.640810858E1
1.096914158E1,3.006074617E0,9.146736295E0,1.628285019E1,1.891640768E1
1.097914458E1,1.806637463E0,9.892642207E0,1.100847690E1,1.491022710E1
1.098914658E1,7.297744672E-1,1.010574749E1,8.001856733E0,1.291078674E1
1.099914958E1,-4.477661799E-1,9.475020032E0,7.480976238E0,1.208062518E1
1.100915158E1,-1.915149360E0,7.776849443E0,8.629189882E0,1.177327917E1
1.101915458E1,-3.047736613E0,6.478217930E0,9.536221084E0,1.192457624E1
1.102915383E1,-4.173993963E0,6.191307921E0,8.975653782E0,1.167548201E1
1.103915683E1,-5.183913356E0,6.087038618E0,6.967663209E0,1.060534429E1
1.104915883E1,-4.916420197E0,4.916314362E0,5.261143380E0,8.719000180E0
1.105916183E1,-3.856124702E0,3.440304931E0,4.476649938E0,6.837089323E0
1.106916383E1,-3.016897521E0,1.861824800E0,3.642899551E0,5.083185948E0
1.107916683E1,-2.419365437E0,-7.397341758E-2,1.280577650E0,2.738371834E0
1.108916883E1,-1.700975352E0,-1.709383502E0,-1.218849179E0,2.702018214E0
1.109917183E1,-9.533885121E-1,-2.745411298E0,-3.686578252E0,4.694368122E0
1.110917383E1,-3.991163224E-1,-3.707395509E0,-6.195174685E0,7.230785897E0
1.111917683E1,2.549075391E-2,-4.778203713E0,-8.276337315E0,9.556654219E0
1.112917883E1,5.882084792E-1,-5.496166366E0,-9.587851998E0,1.106710169E1
1.113918183E1,1.326433416E0,-5.874033322E0,-9.867059469E0,1.155952229E1
1.114918383E1,2.016319493E0,-6.478090460E0,-9.101752496E0,1.135222880E1
1.115918683E1,2.278664764E0,-7.332701958E0,-7.766925548E0,1.092181137E1
1.116918883E1,2.176395500E0,-8.071452633E0,-6.384751942E0,1.051903524E1
1.117919183E1,2.058208800E0,-8.236311954E0,-5.441061037E0,1.008356104E1
1.118919383E1,1.919721736E0,-8.082881016E0,-5.352171664E0,9.882511755E0
1.119919683E1,1.264036608E0,-7.720703309E0,-6.561453629E0,1.021076500E1
1.120919883E1,5.532019300E-1,-7.200572426E0,-8.780425192E0,1.136882325E1
1.121920183E1,-1.433848375E-1,-6.773961911E0,-1.135358073E1,1.322160787E1
1.122920383E1,-8.295305244E-1,-6.407585903E0,-1.292783713E1,1.445248251E1
1.123920683E1,-1.047302470E0,-6.260147776E0,-1.326663065E1,1.470679372E1
1.124920883E1,-1.012184239E0,-6.801514576E0,-1.255559168E1,1.431530649E1
1.125921183E1,-1.286713280E0,-7.581625530E0,-1.123558626E1,1.361525157E1
1.126921383E1,-1.403413910E0,-7.930959828E0,-9.940437348E0,1.279382621E1
1.127921683E1,-1.195668185E0,-8.102475620E0,-8.721592262E0,1.196435979E1
1.128921883E1,-8.732581957E-1,-8.206615115E0,-8.060365727E0,1.153605683E1
1.129922183E1,-3.459193411E-1,-7.884917682E0,-8.003461209E0,1.124041718E1
1.130922383E1,4.283913212E-1,-7.138561535E0,-7.915236080E0,1.066740559E1
1.131922683E1,7.094384359E-1,-6.311769919E0,-7.775472423E0,1.003990607E1
1.132922883E1,3.930651851E-1,-5.857217900E0,-8.151722624E0,1.004550066E1
1.133923183E1,-1.103062980E-1,-5.993585494E0,-8.674817460E0,1.054455748E1
1.134923383E1,-6.250705692E-1,-6.513909334E0,-8.673905879E0,1.086546691E1
1.135923683E1,-1.372960149E0,-6.840124910E0,-8.550389881E0,1.103546535E1
1.136923883E1,-2.347215766E0,-6.893800596E0,-8.778842935E0,1.140622601E1
1.137924183E1,-2.952480792E0,-6.669887905E0,-9.321486767E0,1.183615913E1
1.138924383E1,-2.830833564E0,-6.120272437E0,-9.862123250E0,1.194708451E1
1.139924683E1,-2.337681588E0,-5.415683536E0,-1.065483378E1,1.217866439E1
1.140924883E1,-1.525477899E0,-4.924693422E0,-1.107878031E1,1.221961788E1
1.141925183E1,-6.147315956E-1,-4.686315889E0,-1.059087811E1,1.159767868E1
1.142925383E1,-5.465640977E-2,-4.511624766E0,-9.954826176E0,1.092960702E1
1.143925683E1,-9.066984951E-3,-4.474711002E0,-9.465478545E0,1.046988084E1
1.144925883E1,-3.515533161E-1,-4.754427765E0,-8.831193641E0,1.003584347E1
1.145926183E1,-7.789245540E-1,-5.036005113E0,-8.047715861E0,9.525429204E0
1.146926383E1,-9.944081917E-1,-4.989341993E0,-7.262166411E0,8.866873302E0
1.147926683E1,-1.062497995E0,-4.645835615E0,-7.009465538E0,8.476160551E0
1.148926883E1,-1.275197919E0,-4.614854727E0,-7.909787645E0,9.245958818E0
1.149927183E1,-1.771658688E0,-5.196132283E0,-9.334232528E0,1.082896404E1
1.150927383E1,-2.303343230E0,-5.853209633E0,-1.022225443E1,1.200249719E1
1.151927683E1,-2.287415268E0,-6.307365797E0,-8.655480718E0,1.095136879E1
1.152927883E1,-1.196996965E0,-5.649709572E0,-4.692206374E0,7.441022822E0
1.153928183E1,7.586060643E-1,-3.149797423E0,-1.524708259E-1,3.243447907E0
1.154928383E1,2.498868420E0,2.243032855E-1,2.638294108E0,3.640776173E0
1.155928683E1,3.479703763E0,3.687331374E0,2.247895984E0,5.545970365E0
1.156928883E1,1.575367220E0,7.319580806E0,-4.685637027E-1,7.501839575E0
1.157929183E1,-2.196382453E0,9.435650144E0,-3.440854862E0,1.028081085E1
1.158929383E1,-4.041049914E0,1.054076981E1,-9.078351939E-1,1.132528487E1
1.159929683E1,-2.706602451E0,1.204786509E1,7.542148054E0,1.446930362E1
1.160929883E1,2.736524407E0,1.254284709E1,1.848734053E1,2.250762846E1
1.161930183E1,9.925100101E0,1.188724324E1,2.928554337E1,3.312789179E1
1.162930383E1,1.449579841E1,1.018776989E1,3.813604335E1,4.205088143E1
1.163930683E1,1.596407051E1,7.436853733E0,4.398357007E1,4.737839990E1
1.164930883E1,1.510718679E1,5.875950040E0,4.437122176E1,4.723938189E1
1.165931183E1,1.290988033E1,6.210849901E0,3.991630300E1,4.240932576E1
1.166931383E1,1.024564914E1,7.210207468E0,3.246020257E1,3.479403927E1
1.167931683E1,7.617601694E0,8.028424727E0,2.398345895E1,2.641381764E1
1.168931883E1,4.731223090E0,8.676796158E0,1.612376031E1,1.891155494E1
1.169932183E1,2.124518857E0,8.992363955E0,1.080437515E1,1.421656472E1
1.170932383E1,9.455203526E-2,9.032912056E0,8.056830500E0,1.210433633E1
1.171932683E1,-9.058961841E-1,8.474257963E0,7.080426763E0,1.107998823E1
1.172932883E1,-1.746604246E0,7.018312376E0,6.793779879E0,9.922841329E0
1.173933183E1,-2.161886950E0,5.205849770E0,6.687983868E0,8.746642512E0
1.174933383E1,-2.275934553E0,3.381648587E0,8.132017508E0,9.096435236E0
1.175933683E1,-3.317378624E0,1.843792279E0,8.582570032E0,9.384299615E0
1.176933883E1,-3.013745871E0,5.923182678E-1,8.120096204E0,8.681559046E0
1.177934183E1,-1.091846632E0,5.689922628E-1,7.146321375E0,7.251606060E0
1.178934383E1,1.192601320E0,1.538691291E0,6.014926661E0,6.322120810E0
1.179934683E1,2.014145937E0,1.140248860E0,5.082439606E0,5.584634605E0
1.180934883E1,1.794326443E0,-6.493218961E-1,3.315485880E0,3.825398402E0
1.181935183E1,1.270640599E0,-2.503199453E0,1.277940556E0,3.084423301E0
1.182935383E1,2.489036912E-1,-3.106932947E0,-1.623247876E0,3.514245161E0
1.183935683E1,4.626691246E-1,-2.080372379E0,-2.789256937E0,3.510265832E0
1.184935883E1,2.802219337E0,-5.059741884E-1,-1.318526080E0,3.137985678E0
1.185936183E1,3.015572249E0,1.225542779E-1,-1.108719796E-1,3.020097372E0
1.186936383E1,1.131466342E0,-7.434268387E-1,-2.687380314E-2,1.354112901E0
1.187936683E1,-7.947658306E-1,-1.876413457E0,-1.723821740E0,2.669108761E0
1.188936883E1,-1.895395858E0,-2.620824966E0,-4.015191187E0,5.155871336E0
1.189937183E1,-2.678286724E0,-3.570263100E0,-5.160946078E0,6.823149038E0
1.190937383E1,-3.644288265E0,-4.759684997E0,-5.134967483E0,7.893245801E0
1.191937683E1,-4.298149939E0,-5.330036445E0,-5.053647332E0,8.510154685E0
1.192937883E1,-4.106603341E0,-5.216075381E0,-5.707613963E0,8.754912366E0
1.193938183E1,-3.352157278E0,-4.922360383E0,-6.790447551E0,9.031985834E0
1.194938383E1,-2.430893953E0,-4.600468530E0,-8.063196364E0,9.596285308E0
1.195938683E1,-1.614263337E0,-4.224940753E0,-9.337635022E0,1.037532642E1
1.196938883E1,-1.295625752E0,-3.925233821E0,-1.030678997E1,1.110477492E1
1.197939183E1,-1.357123550E0,-3.859571928E0,-1.151440255E1,1.221963772E1
1.198939383E1,-1.388829346E0,-4.017691457E0,-1.256218033E1,1.326194051E1
1.199939683E1,-1.755328584E0,-4.487751170E0,-1.274030874E1,1.362118041E1
1.200939883E1,-2.412539836E0,-5.123991090E0,-1.227892834E1,1.352211944E1
1.201940183E1,-2.538846418E0,-5.427901293E0,-1.117855486E1,1.268337267E1
1.202940358E1,-1.918019612E0,-5.366938223E0,-9.751577545E0,1.129495860E1
1.203940658E1,-1.227894237E0,-5.213917758E0,-8.822445037E0,1.032124988E1
1.204940858E1,-6.618374227E-1,-4.934635443E0,-8.631215358E0,9.964262857E0
1.205941158E1,-1.589962089E-1,-4.520954876E0,-8.813846707E0,9.906977670E0
1.206941358E1,2.219520104E-1,-4.215532291E0,-9.184815118E0,1.010845210E1
1.207941658E1,5.094139592E-1,-4.149411976E0,-9.548111982E0,1.042322238E1
1.208941858E1,6.208901024E-1,-4.186911339E0,-9.572228823E0,1.046629331E1
1.209942158E1,3.671311026E-1,-4.329712332E0,-9.309126922E0,1.027331681E1
1.210942358E1,-2.046291590E-1,-4.619557643E0,-9.062742797E0,1.017425638E1
1.211942658E1,-8.356942937E-1,-4.635740105E0,-8.742653348E0,9.930884091E0
1.212942858E1,-1.153226755E0,-4.334559382E0,-8.622935116E0,9.719740068E0
1.213943158E1,-1.050386657E0,-3.806589138E0,-8.803826333E0,9.648875121E0
1.214943358E1,-4.492542232E-1,-3.105892435E0,-8.670678216E0,9.221120209E0
1.215943658E1,2.468453251E-1,-2.610690572E0,-8.263313811E0,8.669428645E0
1.216943858E1,6.429853416E-1,-2.772479229E0,-8.083652263E0,8.570035305E0
1.217944158E1,4.633854816E-1,-3.358513201E0,-8.271508684E0,8.939361999E0
1.218944358E1,-5.199300304E-1,-3.970806435E0,-8.266135093E0,9.185130394E0
1.219944658E1,-1.640203340E0,-4.269395379E0,-8.047657388E0,9.256500059E0
1.220944858E1,-2.092774908E0,-4.186221660E0,-7.273381956E0,8.649060277E0
1.221945158E1,-1.549764309E0,-3.462269704E0,-6.020998410E0,7.116284338E0
1.222945358E1,-8.497002755E-1,-2.328398110E0,-5.173430468E0,5.736533023E0
1.223945658E1,-1.712398765E-1,-1.106746945E0,-4.903366873E0,5.029634041E0
1.224945858E1,-4.311574562E-1,3.124225795E-2,-5.225396428E0,5.243247148E0
1.225946158E1,-1.995618742E0,2.591977143E-1,-4.836691657E0,5.238631864E0
1.226946358E1,-4.218007125E0,1.011742555E0,-2.662571747E0,5.089645902E0
1.227946658E1,-5.198351301E0,3.377714873E0,6.286850256E-1,6.231136242E0
1.228946858E1,-3.741703170E0,5.911621563E0,2.609268529E0,7.466986968E0
1.229947158E1,-1.762646813E-1,8.240734788E0,4.289354850E0,9.291896691E0
1.230947358E1,3.713579817E0,1.167140497E1,7.282853276E0,1.424964283E1
1.231947658E1,5.845751510E0,1.450372139E1,9.758368501E0,1.843248493E1
1.232947858E1,5.597424939E0,1.465073676E1,1.132944577E1,1.934765089E1
1.233948158E1,4.351487656E0,1.334578324E1,1.415745162E1,1.993687065E1
1.234948358E1,3.273941998E0,1.190087076E1,1.760123008E1,2.149773759E1
1.235948658E1,3.479902568E0,1.092809054E1,2.031732724E1,2.333080948E1
1.236948858E1,4.512826077E0,1.027325151E1,2.168836132E1,2.441905634E1
1.237949158E1,5.309477634E0,9.594342408E0,2.233023591E1,2.487732692E1
1.238949358E1,5.338883867E0,8.826851499E0,2.194538153E1,2.424905687E1
1.239949558E1,4.548276868E0,8.314833044E0,1.994220497E1,2.207973755E1
1.240949858E1,3.859286292E0,8.401301669E0,1.685623634E1,1.922520907E1
1.241950058E1,3.597165554E0,9.403386378E0,1.434940401E1,1.752908072E1
1.242950358E1,3.285770330E0,9.983788605E0,1.166008242E1,1.569808408E1
1.243950558E1,2.381085032E0,9.863955767E0,8.895120081E0,1.349408576E1
1.244950858E1,1.249382170E0,9.177352316E0,7.035773916E0,1.163128823E1
1.245951058E1,9.544658616E-2,7.715951861E0,6.476186607E0,1.007402681E1
1.246951358E1,-1.111148364E0,6.207159723E0,6.888381397E0,9.338805104E0
1.247951558E1,-1.697658519E0,5.197542631E0,6.613575709E0,8.581134978E0
1.248951858E1,-1.703762282E0,4.148725805E0,5.537588627E0,7.125982004E0
1.249952058E1,-1.208455022E0,3.495642103E0,4.287420591E0,5.662318657E0
1.250952358E1,1.872461177E-1,3.551074292E0,2.289258018E0,4.229171551E0
1.251952558E1,1.984069029E0,4.155841282E0,4.696232182E-1,4.629048784E0
1.252952858E1,2.488001955E0,3.813428333E0,-7.521507382E-1,4.614988636E0
1.253953058E1,1.520020839E0,1.687178993E0,-1.055096151E0,2.504049559E0
1.254953358E1,4.013675004E-3,-8.992637604E-1,-1.252389393E0,1.541807579E0
1.255953558E1,-1.489269162E0,-3.195352496E0,-1.805535994E0,3.960828251E0
1.256953858E1,-2.475044232E0,-4.739847148E0,-2.049130998E0,5.726336768E0
1.257954058E1,-2.799083768E0,-5.405390682E0,-2.256917068E0,6.492056147E0
1.258954358E1,-2.154141290E0,-5.456581301E0,-2.505323161E0,6.378969222E0
1.259954558E1,-6.811851284E-1,-4.973606551E0,-2.991626732E0,5.843851966E0
1.260954858E1,6.356205542E-1,-4.293661324E0,-3.450686955E0,5.544978045E0
1.261955058E1,1.226778442E0,-4.114530119E0,-3.943333000E0,5.829598493E0
1.262955358E1,1.046367719E0,-4.348721046E0,-4.884746414E0,6.623217320E0
1.263955558E1,3.160642254E-1,-4.865058839E0,-6.104372104E0,7.812301382E0
1.264955858E1,-7.148286916E-1,-5.628181878E0,-6.984894369E0,8.998675494E0
1.265956058E1,-1.903012587E0,-6.579073629E0,-7.212366260E0,9.946049155E0
1.266956358E1,-2.775960369E0,-7.134891238E0,-7.185834519E0,1.049994508E1
1.267956558E1,-3.080666378E0,-7.093416937E0,-7.309882030E0,1.064149635E1
1.268956858E1,-2.842819771E0,-6.864352264E0,-7.793374259E0,1.076743417E1
1.269957058E1,-2.051665181E0,-6.507868575E0,-8.313287625E0,1.075511202E1
1.270957358E1,-1.022267982E0,-6.002874965E0,-8.439407389E0,1.040687930E1
1.271957558E1,-2.389640093E-1,-5.366913080E0,-8.802253432E0,1.031215425E1
1.272957858E1,-1.441593012E-1,-5.103429941E0,-9.157968796E0,1.048494976E1
1.273958058E1,-7.662574384E-1,-5.460250429E0,-9.669036494E0,1.113066718E1
1.274958358E1,-1.555925374E0,-5.966435702E0,-1.017736419E1,1.189949581E1
1.275958558E1,-2.127273919E0,-6.454645464E0,-1.032521454E1,1.236114063E1
1.276958858E1,-2.530360939E0,-6.842715812E0,-1.017295889E1,1.251856936E1
1.277959058E1,-2.717213978E0,-7.074086627E0,-1.003248188E1,1.257285354E1
1.278959358E1,-2.518612421E0,-7.309058742E0,-9.868314282E0,1.253592338E1
1.279959558E1,-1.734598743E0,-7.307423860E0,-9.417174112E0,1.204534950E1
1.280959858E1,-9.892144024E-1,-6.696460576E0,-8.579703727E0,1.092851524E1
1.281960058E1,-5.694846714E-1,-6.206234109E0,-7.852623510E0,1.002523569E1
1.282960358E1,-4.266554656E-1,-6.192748675E0,-7.494098559E0,9.731067991E0
1.283960558E1,-6.791010346E-1,-6.385199838E0,-7.271734210E0,9.701034667E0
1.284960758E1,-1.056335980E0,-6.689273179E0,-7.057284653E0,9.780975822E0
1.285961058E1,-9.693894909E-1,-6.848856558E0,-6.815406391E0,9.710629043E0
1.286961258E1,-7.674594797E-1,-6.668705598E0,-6.671908702E0,9.464406697E0
1.287961558E1,-6.571796038E-1,-6.463159595E0,-6.696627806E0,9.330012913E0
1.288961758E1,-3.784179830E-1,-6.317806585E0,-7.137624226E0,9.539578597E0
1.289962058E1,-3.152527415E-1,-6.103827728E0,-7.865441192E0,9.960987018E0
1.290962258E1,-1.831828510E-1,-5.871305012E0,-9.350859670E0,1.104284180E1
1.291962558E1,5.502044645E-1,-5.321325263E0,-1.075134793E1,1.200877636E1
1.292962758E1,1.832728909E0,-4.518512494E0,-1.032739439E1,1.142063594E1
1.293963058E1,2.173540743E0,-3.653208193E0,-7.247510365E0,8.402179238E0
1.294963258E1,1.586986953E0,-2.800611645E0,-3.101435688E0,4.469995134E0
1.295963558E1,1.019026431E0,-1.732207232E0,-1.053223872E-1,2.012473495E0
1.296963758E1,2.632154732E-2,-6.800428748E-1,1.127344347E0,1.316835758E0
1.297964058E1,-8.620723260E-1,3.093177080E-4,1.196316934E0,1.474565359E0
1.298964258E1,-1.689790214E0,1.686409500E0,1.684849463E0,2.922000287E0
1.299964558E1,-2.141676634E0,5.168933959E0,2.211029874E0,6.016087614E0
1.300964758E1,-1.508858650E0,8.609604049E0,2.906254460E0,9.211311051E0
1.301965058E1,-7.552473871E-2,1.134849716E1,5.021212242E0,1.240994215E1
1.302965308E1,8.313327824E-1,1.348468735E1,8.592199811E0,1.601105258E1
1.303965608E1,1.156723682E0,1.426953572E1,1.199288021E1,1.867583559E1
1.304965808E1,1.138001044E0,1.422523254E1,1.597445283E1,2.142044421E1
1.305966108E1,7.095772342E-1,1.385476816E1,1.890232211E1,2.344687360E1
1.306966308E1,-3.122237376E-1,1.292198757E1,1.973482060E1,2.359106591E1
1.307966608E1,-1.051264982E0,1.207970902E1,1.974112156E1,2.316757235E1
1.308966808E1,-7.951233148E-1,1.188386589E1,2.072310998E1,2.390200361E1
1.309967108E1,6.594245692E-1,1.167953494E1,2.243320772E1,2.530010248E1
1.310967308E1,2.891512167E0,1.092382675E1,2.480563595E1,2.725821726E1
1.311967608E1,5.081308755E0,1.012575198E1,2.760551903E1,2.983982628E1
1.312967808E1,5.807207834E0,9.005692098E0,2.794253617E1,2.992676863E1
1.313968108E1,4.919807489E0,7.841339554E0,2.446408371E1,2.615688252E1
1.314968308E1,3.128011575E0,7.719915689E0,1.915824187E1,2.089066266E1
1.315968608E1,1.729638257E0,7.655403943E0,1.369069880E1,1.578075066E1
1.316968808E1,2.855082113E-1,7.517117293E0,9.342360157E0,1.199450960E1
1.317969108E1,-9.291282682E-1,6.758770260E0,6.270641774E0,9.266347880E0
1.318969308E1,-1.757082749E0,5.427376798E0,4.057664777E0,7.000600127E0
1.319969608E1,-2.239815717E0,4.183195142E0,1.876930497E0,5.102819233E0
1.320969808E1,-1.514904233E0,3.313398424E0,1.316120535E-1,3.645663957E0
1.321970008E1,1.726972219E-1,2.830980914E0,-4.870642930E-1,2.877761090E0
1.322970308E1,1.210922255E0,2.225162010E0,-3.882258832E-1,2.562888607E0
1.323970508E1,1.197348382E0,1.518114939E0,6.086308300E-2,1.934430260E0
1.324970808E1,9.788619071E-2,6.543081093E-1,-1.168390632E-2,6.616927700E-1
1.325971008E1,-1.294492708E0,-3.969709790E-1,-9.207826835E-1,1.637418114E0
1.326971308E1,-2.368500216E0,-1.592388903E0,-2.371643533E0,3.710820494E0
1.327971508E1,-3.131273444E0,-2.580499644E0,-3.895056633E0,5.624528244E0
1.328971808E1,-3.189037503E0,-3.087899676E0,-4.796464568E0,6.535377338E0
1.329972008E1,-2.614600313E0,-3.509473692E0,-5.088455222E0,6.711551008E0
1.330972308E1,-2.122683123E0,-4.280529940E0,-5.293183783E0,7.130674216E0
1.331972508E1,-2.017546970E0,-5.316750986E0,-5.638831412E0,8.008417853E0
1.332972808E1,-2.288316470E0,-6.150803089E0,-5.772002918E0,8.739839163E0
1.333973008E1,-2.910718224E0,-6.378923437E0,-5.402211551E0,8.851374720E0
1.334973308E1,-3.624230561E0,-6.287650155E0,-5.139425400E0,8.892878335E0
1.335973508E1,-4.095552103E0,-5.693505802E0,-5.928729347E0,9.183647805E0
1.336973808E1,-3.986528721E0,-4.824725623E0,-8.161558226E0,1.028500954E1
1.337974008E1,-3.512149962E0,-4.025094324E0,-1.061069198E1,1.187953560E1
1.338974308E1,-2.957281064E0,-3.412050308E0,-1.207083646E1,1.288769535E1
1.339974508E1,-2.346913172E0,-2.932725974E0,-1.239064992E1,1.294747421E1
1.340974808E1,-1.472095013E0,-2.605757276E0,-1.143594812E1,1.182108050E1
1.341975008E1,-7.939866892E-1,-2.226243160E0,-9.969507365E0,1.024586017E1
1.342975308E1,-7.679718420E-1,-2.211501160E0,-8.548359143E0,8.863123725E0
1.343975508E1,-1.118048151E0,-2.686921307E0,-7.123530098E0,7.695080171E0
1.344975808E1,-1.690501966E0,-3.315945472E0,-6.475545752E0,7.469001543E0
1.345976008E1,-2.399649357E0,-4.165219631E0,-6.875605230E0,8.389357478E0
1.346976308E1,-2.966020605E0,-5.014960983E0,-7.736746314E0,9.685264861E0
1.347976508E1,-3.318336983E0,-5.630170516E0,-8.595069625E0,1.079747203E1
1.348976808E1,-3.486359648E0,-6.069214550E0,-9.177537088E0,1.154197799E1
1.349977008E1,-3.309077917E0,-6.294341124E0,-9.258867765E0,1.167456034E1
1.350977208E1,-2.818029331E0,-6.213533773E0,-9.273141403E0,1.151262102E1
1.351977508E1,-2.174460803E0,-5.926385198E0,-9.099682581E0,1.107495121E1
1.352977708E1,-1.843041497E0,-5.860329203E0,-8.703427886E0,1.065316466E1
1.353978008E1,-1.840585081E0,-6.031626894E0,-8.248515093E0,1.038298019E1
1.354978208E1,-1.680184992E0,-6.026501809E0,-7.742424545E0,9.954239474E0
1.355978508E1,-1.350789992E0,-6.110870115E0,-7.302061379E0,9.617040477E0
1.356978708E1,-1.046387746E0,-6.393114045E0,-6.868297965E0,9.441416813E0
1.357979008E1,-9.107248878E-1,-6.619446314E0,-6.476597666E0,9.305525598E0
1.358979208E1,-6.732804237E-1,-6.780592654E0,-6.145157018E0,9.175657908E0
1.359979508E1,-8.820524812E-4,-6.642605966E0,-5.930309265E0,8.904649503E0
1.360979708E1,1.042581501E0,-6.346014138E0,-5.977212705E0,8.779860098E0
1.361980008E1,1.856470066E0,-6.049280807E0,-6.085700775E0,8.779295718E0
1.362980208E1,2.119343632E0,-5.724520018E0,-6.017619889E0,8.571668215E0
1.363980508E1,2.124986488E0,-5.702118165E0,-6.041647852E0,8.575035155E0
1.364980708E1,2.151296766E0,-5.714193251E0,-5.811996703E0,8.429673063E0
1.365981008E1,1.813916662E0,-5.299056727E0,-5.517291772E0,7.861984758E0
1.366981208E1,6.037940864E-1,-4.887804508E0,-5.704247721E0,7.536155670E0
1.367981508E1,-6.041946206E-1,-4.142534773E0,-5.609398867E0,6.999357194E0
1.368981708E1,-6.058551568E-1,-2.285706419E0,-4.541689103E0,5.120395904E0
1.369982008E1,5.732166934E-1,6.556541383E-1,-1.718413065E0,1.926500244E0
1.370982208E1,1.901667435E0,4.768573934E0,3.804157573E0,6.389620586E0
1.371982508E1,2.368203762E0,8.724850330E0,6.881087580E0,1.136137178E1
1.372982708E1,1.976297349E0,1.138978201E1,6.947252918E0,1.348692732E1
1.373983008E1,5.368163141E-1,1.371363859E1,6.896095043E0,1.535930278E1
1.374983208E1,-6.226058947E-1,1.450522295E1,7.158552580E0,1.618746447E1
1.375983408E1,-5.359296204E-1,1.353752046E1,9.182979677E0,1.636700328E1
1.376983708E1,-8.734132200E-3,1.245665446E1,1.331772947E1,1.823541156E1
1.377983908E1,1.293679652E0,1.151965335E1,1.758824576E1,2.106471954E1
1.378984208E1,3.460510277E0,1.070550575E1,2.078673470E1,2.363622906E1
1.379984408E1,5.331584203E0,1.047571954E1,2.317312374E1,2.598384409E1
1.380984708E1,6.399805598E0,1.008837658E1,2.421197750E1,2.699912421E1
1.381984908E1,6.695907429E0,9.642138718E0,2.431533990E1,2.700077350E1
1.382985208E1,5.817084365E0,9.847130989E0,2.406090415E1,2.664078768E1
1.383985408E1,4.136799532E0,1.015438697E1,2.187883086E1,2.447259539E1
1.384985708E1,2.764215066E0,9.953867233E0,1.777997947E1,2.056326890E1
1.385985908E1,1.870143341E0,9.611579999E0,1.406208002E1,1.713540197E1
1.386986208E1,9.541544974E-1,9.308868476E0,1.224329307E1,1.540985620E1
1.387986408E1,1.366802739E-1,8.626051682E0,1.109888420E1,1.405747771E1
1.388986708E1,-3.603465052E-1,7.525785205E0,1.045284289E1,1.288523252E1
1.389986908E1,-6.587084314E-1,6.578192453E0,9.764074214E0,1.179167749E1
1.390987208E1,9.682784468E-2,5.938512323E0,8.485460059E0,1.035752561E1
1.391987408E1,1.725142918E0,6.099282103E0,7.232767780E0,9.617187220E0
1.392987708E1,2.657063085E0,6.192859772E0,6.056864061E0,9.060744928E0
1.393987908E1,2.704364136E0,5.191618232E0,4.559499722E0,7.419940900E0
1.394988208E1,2.037818390E0,3.599071162E0,2.874135119E0,5.036533500E0
1.395988408E1,9.008471864E-1,2.369846098E0,9.411000037E-1,2.704323464E0
1.396988708E1,-9.842822760E-2,1.558690522E0,-1.086997390E0,1.902831465E0
1.397988908E1,-5.785116760E-1,6.127449310E-1,-2.858083343E0,2.979726918E0
1.398989108E1,-7.374009906E-1,-6.660387933E-1,-4.049927157E0,4.170045308E0
1.399989408E1,-5.925123954E-1,-1.902270575E0,-4.817562491E0,5.213311101E0
1.400989608E1,-2.410245681E-1,-2.878546844E0,-5.339838717E0,6.071079171E0
1.401989908E1,2.522532687E-2,-3.757760502E0,-5.789498956E0,6.902151727E0
1.402990075E1,1.248653899E-1,-4.650473626E0,-6.153179982E0,7.713891379E0
1.403990375E1,-2.229973830E-1,-5.655663207E0,-6.265857582E0,8.443768435E0
1.404990575E1,-8.700300211E-1,-6.385083479E0,-6.346873094E0,9.044835064E0
1.405990875E1,-1.517884851E0,-6.731560242E0,-6.432709050E0,9.433855174E0
1.406991075E1,-2.054574463E0,-6.788121529E0,-6.653726200E0,9.724810665E0
1.407991375E1,-2.322781860E0,-6.677958232E0,-7.008459232E0,9.955347434E0
1.408991575E1,-2.347493655E0,-6.383079638E0,-7.400956507E0,1.005129789E1
1.409991875E1,-2.031612447E0,-5.849822926E0,-8.219048050E0,1.029080309E1
1.410992075E1,-1.502739539E0,-5.120176367E0,-9.252403083E0,1.068088924E1
1.411992375E1,-9.700112692E-1,-4.710692346E0,-9.920072665E0,1.102449028E1
1.412992575E1,-6.798780564E-1,-4.764056375E0,-9.923441831E0,1.102874268E1
1.413992875E1,-7.276342401E-1,-5.062516973E0,-9.525913028E0,1.081210196E1
1.414993075E1,-1.025652642E0,-5.361151818E0,-9.023603874E0,1.054605799E1
1.415993375E1,-1.317575030E0,-5.695711371E0,-8.395184312E0,1.023016381E1
1.416993575E1,-1.561300135E0,-6.062319514E0,-8.097872107E0,1.023547305E1
1.417993775E1,-1.792205804E0,-6.374273146E0,-8.132436168E0,1.048712915E1
1.418994075E1,-1.761331920E0,-6.572689639E0,-8.363756112E0,1.078215913E1
1.419994275E1,-1.256828307E0,-6.483427214E0,-8.940028451E0,1.111478990E1
1.420994575E1,-6.994299030E-1,-6.242303243E0,-9.686943008E0,1.154523351E1
1.421994775E1,-3.424298324E-1,-6.036918624E0,-1.027326086E1,1.192063477E1
1.422995075E1,-5.441383255E-2,-6.019996197E0,-1.055275543E1,1.214923711E1
1.423995275E1,1.606007032E-1,-6.248379085E0,-1.053651421E1,1.225096590E1
1.424995575E1,2.547629302E-1,-6.600245227E0,-1.037177241E1,1.229641428E1
1.425995775E1,3.062451058E-1,-7.010611593E0,-1.003717368E1,1.224693090E1
1.426996075E1,1.915682699E-1,-7.583201939E0,-9.634370107E0,1.226224846E1
1.427996275E1,-1.251186474E-1,-8.100993935E0,-9.473413217E0,1.246544485E1
1.428996575E1,-1.019545737E-1,-8.136219901E0,-9.619074376E0,1.259901031E1
1.429996775E1,4.341881412E-1,-8.059227274E0,-9.879001822E0,1.275673707E1
1.430997075E1,1.021614921E0,-7.948966913E0,-1.031236002E1,1.306041888E1
1.431997275E1,1.384828681E0,-8.042572065E0,-1.058226750E1,1.336357367E1
1.432997575E1,1.028076825E0,-8.266107026E0,-1.007603662E1,1.307333092E1
1.433997775E1,5.588427389E-1,-8.351585718E0,-9.083595137E0,1.235204395E1
1.434998075E1,9.621397474E-1,-8.035891036E0,-8.408559818E0,1.167069560E1
1.435998275E1,1.442254917E0,-7.594742589E0,-7.580027486E0,1.082668144E1
1.436998575E1,1.053728048E0,-7.313559344E0,-6.975238861E0,1.016132128E1
1.437998775E1,4.915192135E-1,-6.455026703E0,-7.278311743E0,9.740779368E0
1.438998975E1,4.148537379E-1,-5.032400304E0,-7.779368423E0,9.274466535E0
1.439999275E1,-4.140018716E-2,-3.839501653E0,-6.522350374E0,7.568655186E0
1.440999475E1,-1.476631429E0,-2.206159728E0,-3.665710124E0,4.526037101E0
1.441999775E1,-3.057124318E0,3.023028034E-1,-6.057423055E-2,3.072631660E0
1.442999975E1,-2.744157363E0,2.575102664E0,4.627201708E0,5.964272714E0
1.444000275E1,-1.191416528E0,5.129368190E0,7.598957262E0,9.245217295E0
1.445000475E1,-3.713864503E-2,8.246325311E0,8.838824843E0,1.208834501E1
1.446000775E1,1.066054856E-1,1.089625245E1,1.156483362E1,1.588977844E1
1.447000975E1,-8.091769880E-2,1.216783592E1,1.422770357E1,1.872138690E1
1.448001275E1,-8.857856360E-1,1.240861958E1,1.553601691E1,1.990292133E1
1.449001475E1,-1.792005829E0,1.183332256E1,1.586081336E1,1.986968063E1
1.450001775E1,-1.575294568E0,1.148691479E1,1.721612778E1,2.075634410E1
1.451001975E1,-1.958901663E-1,1.203063919E1,1.971950792E1,2.310051178E1
1.452002275E1,1.388954915E0,1.270647207E1,2.081857864E1,2.442942579E1
1.453002475E1,3.112697133E0,1.235442642E1,2.162893490E1,2.510242140E1
1.454002775E1,4.256158160E0,1.095075318E1,2.434270253E1,2.702963270E1
1.455002975E1,4.441168157E0,9.644541923E0,2.671363621E1,2.874646975E1
1.456003175E1,3.676464323E0,8.530609335E0,2.669587471E1,2.826583471E1
1.457003475E1,2.237680898E0,7.584750282E0,2.383951921E1,2.511689330E1
1.458003675E1,1.389339662E0,7.783767868E0,1.976614063E1,2.128890843E1
1.459003975E1,1.280223163E0,8.556350532E0,1.507426462E1,1.738055119E1
1.460004175E1,1.104394172E0,8.969566246E0,1.094150289E1,1.419116946E1
1.461004475E1,8.943955149E-1,9.120348396E0,8.488712280E0,1.249155452E1
1.462004675E1,5.166693306E-1,8.797890825E0,6.765925498E0,1.111069656E1
1.463004975E1,2.327229837E-1,8.125914769E0,5.264790874E0,9.685178045E0
1.464005175E1,6.399918596E-1,7.465624373E0,4.975188807E0,8.994311565E0
1.465005475E1,1.586378989E0,6.716980210E0,5.836207100E0,9.038569286E0
1.466005675E1,2.039900144E0,5.823930286E0,6.569966590E0,9.013535243E0
1.467005975E1,1.295859933E0,4.264649779E0,6.649853005E0,8.005437882E0
1.468006175E1,3.740039930E-2,2.744391836E0,5.622392550E0,6.256547236E0
1.469006475E1,-7.773540650E-1,1.440554547E0,4.070090695E0,4.386925462E0
1.470006675E1,-1.133426036E0,4.144331038E-2,2.223839954E0,2.496364611E0
1.471006975E1,-1.251080640E0,-1.259921776E0,4.497181267E-1,1.831625519E0
1.472007175E1,-4.641771946E-1,-2.105291750E0,-6.744149297E-1,2.258882316E0
1.473007475E1,8.929353189E-1,-2.027697444E0,-1.310657482E0,2.574240362E0
1.474007675E1,1.697917405E0,-2.055141935E0,-2.638536183E0,3.750787261E0
1.475007875E1,1.791397718E0,-2.860885913E0,-3.922395290E0,5.174839013E0
1.476008175E1,1.408754026E0,-3.921404772E0,-4.552812846E0,6.171718407E0
1.477008375E1,4.654720605E-1,-4.887402804E0,-5.228605964E0,7.172286298E0
1.478008675E1,-4.895976723E-1,-5.678676093E0,-5.564063065E0,7.965291322E0
1.479008875E1,-1.183534774E0,-6.405769174E0,-5.540836170E0,8.551929533E0
1.480009175E1,-1.491641670E0,-6.794444123E0,-5.574230204E0,8.914118474E0
1.481009375E1,-1.359526902E0,-6.625946664E0,-5.823391757E0,8.925434115E0
1.482009675E1,-1.153618738E0,-6.295504135E0,-6.450800335E0,9.087190626E0
1.483009875E1,-7.947972594E-1,-5.786567162E0,-7.193407248E0,9.266130263E0
1.484010175E1,-4.918933623E-1,-5.256732241E0,-7.652876776E0,9.297403718E0
1.485010375E1,-3.749074609E-1,-4.970698146E0,-8.145188946E0,9.549476353E0
1.486010675E1,-6.760894261E-1,-4.915664152E0,-8.520372030E0,9.859898097E0
1.487010875E1,-1.210367500E0,-5.131816419E0,-8.905745641E0,1.034953307E1
1.488011175E1,-1.690946647E0,-5.480267202E0,-9.211896497E0,1.085134398E1
1.489011375E1,-1.761946170E0,-5.804070802E0,-9.176883370E0,1.100031275E1
1.490011575E1,-1.612629917E0,-6.099731169E0,-8.723707200E0,1.076616751E1
1.491011875E1,-1.553801373E0,-6.293030763E0,-8.003889225E0,1.029945521E1
1.492012075E1,-1.581380935E0,-6.423265212E0,-7.785223825E0,1.021610550E1
1.493012375E1,-1.497473975E0,-6.485759668E0,-8.047469693E0,1.044362366E1
1.494012575E1,-1.344333643E0,-6.623137661E0,-8.050630113E0,1.051122403E1
1.495012875E1,-1.361542730E0,-6.803235996E0,-8.051510119E0,1.062848220E1
1.496013075E1,-1.451270300E0,-6.965957576E0,-8.131501198E0,1.080518682E1
1.497013375E1,-1.400932644E0,-7.182800399E0,-7.949455156E0,1.080504841E1
1.498013575E1,-1.132019415E0,-7.192529581E0,-7.691321050E0,1.059105137E1
1.499013875E1,-6.870145831E-1,-7.023498856E0,-7.534326818E0,1.032315871E1
1.500014075E1,-4.699846492E-1,-6.939407124E0,-7.350452936E0,1.011955608E1
1.501014375E1,-4.862971383E-1,-6.988873399E0,-7.080249592E0,9.960460360E0
1.502014575E1,-6.030367988E-1,-6.879941525E0,-6.986513463E0,9.823880045E0
1.503014875E1,-7.852627165E-1,-6.669279794E0,-7.074500610E0,9.754203677E0
1.504015075E1,-8.313107823E-1,-6.344121979E0,-7.157175561E0,9.600214754E0
1.505015275E1,-5.516907537E-1,-5.936055323E0,-7.491365570E0,9.574010320E0
1.506015575E1,-1.730227291E-1,-5.590349808E0,-7.680757470E0,9.501367436E0
1.507015775E1,-1.277447416E-1,-5.449848817E0,-7.076230216E0,8.932536309E0
1.508016075E1,-2.227475424E-1,-5.529189686E0,-6.048706026E0,8.198072923E0
1.509016275E1,7.910517158E-2,-5.168512959E0,-4.450180762E0,6.820842518E0
1.510016575E1,6.497106629E-1,-4.068225433E0,-2.850318825E0,5.009680581E0
1.511016775E1,1.184158964E0,-3.007915320E0,-2.297196198E0,3.965715244E0
1.512017075E1,7.559619534E-1,-2.119293492E0,-2.097398009E0,3.076030200E0
1.513017275E1,-9.181875430E-1,-1.093098375E0,-1.999488721E0,2.456804341E0
1.514017575E1,-3.092851975E0,-1.612059814E-1,-1.958165864E0,3.664168972E0
1.515017775E1,-4.246736249E0,1.242737394E0,-6.021930456E-1,4.465624421E0
1.516018075E1,-3.697069619E0,4.002990387E0,1.860866441E0,5.758044783E0
1.517018275E1,-2.013927836E0,7.041315907E0,4.737729871E0,8.722506484E0
1.518018475E1,-1.831405318E-1,9.692851619E0,7.054332978E0,1.198951737E1
1.519018775E1,7.509143445E-1,1.139940419E1,8.590346829E0,1.429350716E1
1.520018975E1,9.141251899E-1,1.152402356E1,1.027587808E1,1.546713982E1
1.521019275E1,9.204404752E-1,1.061304373E1,1.271997680E1,1.659161589E1
1.522019475E1,1.181747280E0,9.342503414E0,1.468967922E1,1.744894186E1
1.523019775E1,1.752126210E0,8.212533082E0,1.583912487E1,1.792745165E1
1.524019975E1,2.356437994E0,7.487168439E0,1.635825471E1,1.814395184E1
1.525020275E1,2.984237898E0,7.022723515E0,1.629004577E1,1.798860508E1
1.526020475E1,3.582833444E0,6.509107016E0,1.576679949E1,1.742977727E1
1.527020775E1,3.505738783E0,6.333681191E0,1.482861140E1,1.650131625E1
1.528020975E1,2.012758831E0,5.933802391E0,1.358442448E1,1.495987291E1
1.529021275E1,-6.136254029E-2,5.137287074E0,1.234299979E1,1.336955974E1
1.530021475E1,-1.666647226E0,4.675941174E0,1.034338652E1,1.147291522E1
1.531021675E1,-2.046746211E0,4.628669359E0,1.008542257E1,1.128403733E1
1.532021975E1,-1.779768776E0,5.594592547E0,1.085057751E1,1.233702051E1
1.533022175E1,-1.015118883E0,6.739648111E0,9.448515773E0,1.165022632E1
1.534022475E1,2.754198274E-1,7.443941143E0,8.045300376E0,1.096425893E1
1.535022675E1,1.406046180E0,8.116783172E0,8.090284175E0,1.154607435E1
1.536022975E1,2.011023378E0,8.188420334E0,8.043211166E0,1.165279745E1
1.537023175E1,2.044517545E0,7.819590835E0,7.136859995E0,1.078243124E1
1.538023475E1,1.430510492E0,7.076578710E0,5.130410163E0,8.856942754E0
1.539023675E1,6.957637719E-1,6.070852940E0,3.442172824E0,7.013408330E0
1.540023975E1,1.591124772E-1,4.642830146E0,2.987942986E0,5.523494531E0
1.541024175E1,-4.363718204E-1,3.090090920E0,2.431899090E0,3.956414468E0
1.542024475E1,-7.820532529E-1,1.752219912E0,1.780442668E0,2.617605395E0
1.543024675E1,-1.081408767E0,4.389387846E-1,1.215791670E0,1.685307558E0
1.544024975E1,-1.278968350E0,-1.071194705E0,3.410745209E-1,1.702806497E0
1.545025175E1,-1.465850479E0,-2.356035560E0,-7.182649541E-1,2.866273841E0
1.546025375E1,-1.674000246E0,-3.191575779E0,-1.725626775E0,3.995775337E0
1.547025675E1,-1.701141559E0,-3.742996282E0,-2.930014036E0,5.048651901E0
1.548025875E1,-1.579247871E0,-4.157786066E0,-4.316889973E0,6.198124543E0
1.549026175E1,-1.483591223E0,-4.563018576E0,-5.607699081E0,7.380275769E0
1.550026375E1,-1.304203617E0,-4.747986472E0,-6.827807751E0,8.418033101E0
1.551026675E1,-1.243663447E0,-4.836266565E0,-7.870039442E0,9.320605875E0
1.552026875E1,-1.299421472E0,-5.006578415E0,-8.324210808E0,9.800347400E0
1.553027175E1,-1.527881982E0,-5.432791904E0,-7.753067647E0,9.589562512E0
1.554027375E1,-1.640546279E0,-5.889819050E0,-6.975524206E0,9.275737086E0
1.555027675E1,-1.217074768E0,-5.912322060E0,-6.613958702E0,8.954399636E0
1.556027875E1,-3.770578475E-1,-5.543340533E0,-6.545701815E0,8.585861001E0
1.557028175E1,2.117011653E-1,-5.070645772E0,-6.963005902E0,8.616247276E0
1.558028375E1,5.324120817E-1,-4.585548483E0,-7.576914428E0,8.872448916E0
1.559028575E1,7.455202881E-1,-4.355459962E0,-8.213190309E0,9.326431635E0
1.560028875E1,7.951275540E-1,-4.180839883E0,-8.727456434E0,9.709796381E0
1.561029075E1,7.576917060E-1,-3.886057768E0,-8.956021755E0,9.792132933E0
1.562029375E1,6.041138560E-1,-3.733492802E0,-9.247726480E0,9.991214496E0
1.563029575E1,3.098023326E-1,-3.950649036E0,-9.350836281E0,1.015587241E1
1.564029875E1,6.825100344E-2,-4.464071408E0,-9.020332941E0,1.006474034E1
1.565030075E1,2.301756442E-1,-4.894214226E0,-8.342013826E0,9.674477163E0
1.566030375E1,5.343145464E-1,-5.063104618E0,-7.472486665E0,9.042044977E0
1.567030575E1,8.032419544E-1,-5.200718254E0,-6.653445534E0,8.482983288E0
1.568030875E1,8.882487756E-1,-5.447916312E0,-6.541174901E0,8.558957128E0
1.569031075E1,9.070772485E-1,-5.640042370E0,-7.032691264E0,9.060442234E0
1.570031275E1,7.576981379E-1,-5.653282220E0,-7.809427205E0,9.670618367E0
1.571031575E1,4.099862598E-1,-5.426454107E0,-8.926518459E0,1.045453130E1
1.572031775E1,1.122542979E-1,-5.239740232E0,-9.575757033E0,1.091616240E1
1.573032075E1,-1.622600882E-1,-5.299626830E0,-9.317140532E0,1.072014368E1
1.574032275E1,-3.381458334E-1,-5.651305277E0,-8.404415311E0,1.013339976E1
1.575032575E1,-1.631146953E-1,-5.772273644E0,-7.444698942E0,9.421745685E0
1.576032775E1,2.138466366E-1,-5.655103043E0,-6.551277135E0,8.657086861E0
1.577033075E1,5.745145560E-1,-5.490292253E0,-5.620681654E0,7.878162112E0
1.578033275E1,1.048167346E0,-4.764159286E0,-4.555399654E0,6.674393942E0
1.579033575E1,8.225940455E-1,-3.575257791E0,-3.783111690E0,5.269825737E0
1.580033775E1,-3.329959347E-1,-2.600844446E0,-3.792291818E0,4.610504892E0
1.581034075E1,-1.920923924E0,-2.068508670E0,-3.814018317E0,4.745040839E0
1.582034275E1,-3.471427613E0,-1.391301695E0,-2.977444310E0,4.780345668E0
1.583034475E1,-3.684388762E0,-5.034891218E-1,-1.199981968E0,3.907451672E0
1.584034775E1,-1.957840320E0,5.022875190E-2,1.074317118E0,2.233790258E0
1.585034975E1,-8.405868714E-3,4.679842436E-1,3.273244425E0,3.306540334E0
1.586035275E1,1.471650770E0,2.199552959E0,5.214800688E0,5.847900087E0
1.587035475E1,1.783741667E0,5.373781219E0,6.388253839E0,8.536336804E0
1.588035775E1,1.421475521E0,7.340752990E0,6.441840647E0,9.869374754E0
1.589035975E1,1.328472340E0,6.965148906E0,6.370171325E0,9.531905410E0
1.590036275E1,1.562713991E0,7.041659723E0,7.704234041E0,1.055377984E1
1.591036475E1,2.079781371E0,8.663496666E0,1.045241838E1,1.373443537E1
1.592036775E1,2.791037999E0,9.797091687E0,1.350775696E1,1.691840408E1
1.593036975E1,2.996536054E0,9.478547657E0,1.595869458E1,1.880164958E1
1.594037275E1,2.811062081E0,8.968913112E0,1.756817694E1,1.992446520E1
1.595037475E1,2.738156658E0,9.018445460E0,1.971512484E1,2.185213967E1
1.596037675E1,2.597082347E0,9.023561774E0,2.182521423E1,2.375940824E1
1.597037975E1,2.092954417E0,8.924502339E0,2.182563056E1,2.367245972E1
1.598038175E1,1.507619040E0,8.960635793E0,2.019978652E1,2.214943079E1
1.599038475E1,9.377723533E-1,9.300471289E0,1.796008540E1,2.024704549E1
1.600038675E1,6.315370050E-1,9.721006547E0,1.521947321E1,1.807011821E1
1.601038975E1,1.088569194E0,9.997917817E0,1.281426315E1,1.628952681E1
1.602039175E1,1.836020745E0,9.949750793E0,1.087158071E1,1.485125517E1
1.603039475E1,2.179278908E0,9.538275796E0,9.123717561E0,1.337797383E1
1.604039683E1,2.213796777E0,8.866307341E0,7.586738335E0,1.187732717E1
1.605039983E1,1.891217437E0,7.818984479E0,5.828400482E0,9.933955599E0
1.606040183E1,9.140782660E-1,6.322111890E0,4.771041459E0,7.972921323E0
1.607040383E1,-2.261474608E-1,4.445058601E0,4.752591739E0,6.511283812E0
1.608040683E1,-1.032554696E0,2.763383592E0,4.170244144E0,5.108169368E0
1.609040883E1,-1.599480114E0,1.158407096E0,2.946880329E0,3.547442362E0
1.610041183E1,-2.090887865E0,-3.189784777E-1,1.304774598E0,2.485155143E0
1.611041383E1,-2.421451431E0,-1.427581329E0,-4.567429715E-1,2.847811375E0
1.612041683E1,-1.801053226E0,-2.129896249E0,-1.373202224E0,3.109008700E0
1.613041883E1,-7.626512412E-1,-2.534285590E0,-1.641142110E0,3.114095020E0
1.614042183E1,1.669498292E-1,-3.030869735E0,-2.233128256E0,3.768408869E0
1.615042383E1,8.669582594E-1,-3.726213604E0,-3.018208759E0,4.872973277E0
1.616042683E1,1.261021784E0,-4.633309709E0,-3.879857381E0,6.173413002E0
1.617042883E1,1.258792386E0,-5.463625442E0,-4.701036254E0,7.316795959E0
1.618043083E1,8.545726872E-1,-6.348510899E0,-5.166105661E0,8.229370134E0
1.619043383E1,4.644292461E-1,-7.183768698E0,-5.059740715E0,8.799045592E0
1.620043583E1,1.660118079E-1,-7.354815543E0,-5.238247438E0,9.031063493E0
1.621043883E1,1.593440086E-1,-7.021956945E0,-5.621455241E0,8.996334191E0
1.622044083E1,2.177857596E-1,-6.501768760E0,-6.420342774E0,9.140089112E0
1.623044383E1,1.697755875E-1,-5.970442214E0,-7.472962629E0,9.566617711E0
1.624044583E1,1.479906162E-1,-5.660262042E0,-8.363895276E0,1.010025801E1
1.625044883E1,2.217354076E-1,-5.514566385E0,-8.847817860E0,1.042801467E1
1.626045083E1,3.640835704E-1,-5.569741296E0,-8.659070324E0,1.030213928E1
1.627045383E1,4.142350659E-1,-5.826201929E0,-8.273354065E0,1.012741858E1
1.628045583E1,2.569030842E-1,-6.147960173E0,-7.997154402E0,1.009048522E1
1.629045783E1,9.271769062E-2,-6.305958956E0,-7.761515704E0,1.000074202E1
1.630046083E1,-2.115039131E-1,-6.452391363E0,-7.783254483E0,1.011222718E1
1.631046283E1,-4.642893150E-1,-6.563441098E0,-7.904088364E0,1.028440258E1
1.632046583E1,-4.024224478E-1,-6.513543883E0,-7.829344575E0,1.019248911E1
1.633046783E1,6.092298042E-2,-6.358713121E0,-7.709821056E0,9.993912391E0
1.634047083E1,6.643372536E-1,-6.134226233E0,-7.721496191E0,9.883905043E0
1.635047283E1,6.991266518E-1,-6.131144165E0,-7.804030809E0,9.949000137E0
1.636047583E1,3.759400061E-1,-6.635806239E0,-7.751305881E0,1.021068059E1
1.637047783E1,-8.353456534E-2,-7.274459013E0,-7.606894273E0,1.052566256E1
1.638048083E1,-6.524646284E-1,-7.760867833E0,-7.607552669E0,1.088722358E1
1.639048283E1,-8.984338944E-1,-7.896257772E0,-7.728992906E0,1.108581984E1
1.640048483E1,-6.925472186E-1,-7.619572206E0,-7.883682750E0,1.098589805E1
1.641048783E1,-2.744650137E-1,-7.194446298E0,-8.207561780E0,1.091785047E1
1.642048983E1,3.051388492E-1,-6.715362285E0,-8.748653176E0,1.103304730E1
1.643049283E1,1.262272649E0,-6.309200068E0,-9.008252009E0,1.107013740E1
1.644049483E1,1.947155264E0,-6.170850853E0,-8.819571131E0,1.093872245E1
1.645049783E1,1.713291197E0,-6.587572557E0,-8.381239872E0,1.079706723E1
1.646049983E1,9.663587328E-1,-7.544574063E0,-7.849786441E0,1.093039771E1
1.647050283E1,1.001156610E-1,-8.231030164E0,-6.705666432E0,1.061724272E1
1.648050483E1,-2.092537218E-1,-8.430508511E0,-5.761401331E0,1.021327598E1
1.649050783E1,-5.605228633E-2,-8.180186285E0,-5.734316443E0,9.990043773E0
1.650050983E1,1.682173046E-1,-6.952528861E0,-6.100702391E0,9.251190425E0
1.651051183E1,2.553915424E-1,-4.667467389E0,-6.619776682E0,8.103821320E0
1.652051483E1,1.321321633E-1,-1.724300627E0,-7.258479742E0,7.461648593E0
1.653051683E1,3.051815338E-2,6.609616560E-1,-7.105134172E0,7.135876490E0
1.654051983E1,-9.597152726E-1,1.226448221E0,-5.516615249E0,5.732213573E0
1.655052183E1,-1.841167902E0,1.401672902E0,-1.953899150E0,3.028581856E0
1.656052483E1,-1.531498338E0,2.847011055E0,2.353720062E0,3.998869495E0
1.657052683E1,-4.528984638E-1,5.638182955E0,6.620819825E0,8.708012357E0
1.658052983E1,1.533395321E0,8.606811419E0,9.806138499E0,1.313730780E1
1.659053183E1,3.668206885E0,1.120891594E1,1.222670802E1,1.698787589E1
1.660053383E1,4.769275015E0,1.367058203E1,1.502250741E1,2.086400072E1
1.661053683E1,4.186671019E0,1.428256449E1,1.879274295E1,2.397263127E1
1.662053883E1,2.377098985E0,1.294449234E1,2.190008432E1,2.555042416E1
1.663054183E1,4.596584298E-1,1.112066041E1,2.440654243E1,2.682460973E1
1.664054383E1,-2.602570105E-2,1.031016264E1,2.683715981E1,2.874949178E1
1.665054683E1,7.656166566E-1,1.104730592E1,2.752019880E1,2.966463346E1
1.666054883E1,1.235383351E0,1.224802814E1,2.499647503E1,2.786331153E1
1.667055183E1,1.277060988E0,1.329070364E1,2.074259290E1,2.466837749E1
1.668055383E1,1.877518142E0,1.431335827E1,1.695162080E1,2.226555068E1
1.669055683E1,2.398041811E0,1.486808712E1,1.425282555E1,2.073532385E1
1.670055883E1,2.183241566E0,1.414765636E1,1.195234731E1,1.864889623E1
1.671056083E1,1.677907356E0,1.271934530E1,1.054341392E1,1.660604393E1
1.672056383E1,1.132025116E0,1.069771142E1,1.015430979E1,1.479298880E1
1.673056583E1,1.997153417E-1,8.403123077E0,1.017348865E1,1.319667515E1
1.674056883E1,-1.009699172E0,6.359643998E0,9.601912213E0,1.156119727E1
1.675057083E1,-2.305638993E0,4.587717800E0,8.448460633E0,9.886334651E0
1.676057383E1,-3.219058570E0,3.124372560E0,6.165664957E0,7.624924022E0
1.677057583E1,-4.013571509E0,2.213522542E0,3.590897924E0,5.822627087E0
1.678057883E1,-4.068581529E0,1.582830167E0,9.161125124E-1,4.460713971E0
1.679058083E1,-2.723658486E0,1.434541855E0,-9.057699573E-1,3.208838590E0
1.680058283E1,-9.137336458E-1,1.686656837E0,-1.914880680E0,2.710440643E0
1.681058583E1,1.834206865E-1,1.168389462E0,-2.969015549E0,3.195908386E0
1.682058783E1,-2.797515179E-1,-2.656325752E-1,-3.284206200E0,3.306785742E0
1.683059083E1,-1.410341691E0,-2.217937190E0,-2.112519493E0,3.372098408E0
1.684059283E1,-2.176941045E0,-3.803202723E0,-1.235927142E0,4.553124110E0
1.685059583E1,-2.437110713E0,-4.492450869E0,-2.151733845E0,5.545410894E0
1.686059783E1,-2.045261018E0,-4.848210672E0,-4.087982005E0,6.663320211E0
1.687060083E1,-9.384874678E-1,-5.036806766E0,-5.217517889E0,7.312501217E0
1.688060283E1,3.852451554E-1,-4.860712604E0,-5.663896671E0,7.473597952E0
1.689060583E1,2.165785727E0,-4.519117096E0,-5.503882352E0,7.443505094E0
1.690060783E1,3.873163196E0,-4.100021423E0,-5.093513648E0,7.599700658E0
1.691060983E1,4.523081508E0,-4.052286508E0,-4.649951470E0,7.648616930E0
1.692061283E1,3.733825217E0,-4.764342889E0,-4.382381712E0,7.472996948E0
1.693061483E1,2.261085402E0,-5.919054544E0,-4.023368518E0,7.505678392E0
1.694061783E1,7.837642944E-1,-6.890237888E0,-3.449139782E0,7.745077782E0
1.695061983E1,-2.807828754E-1,-7.198369195E0,-3.330836576E0,7.936613282E0
1.696062283E1,-6.855826731E-1,-6.910169876E0,-4.008838772E0,8.018183062E0
1.697062483E1,-6.040816232E-1,-6.327835729E0,-5.372549796E0,8.322902795E0
1.698062783E1,-2.153080020E-1,-5.760050624E0,-6.676606355E0,8.820522272E0
1.699062983E1,2.690783759E-1,-5.239857761E0,-7.412134044E0,9.081202763E0
1.700063183E1,6.048609108E-1,-4.791924205E0,-7.561633315E0,8.972552184E0
1.701063483E1,8.003271174E-1,-4.734102259E0,-7.358126237E0,8.786026941E0
1.702063683E1,1.032233976E0,-4.694413698E0,-6.815614552E0,8.340001719E0
1.703063983E1,1.120923447E0,-4.670757617E0,-6.231369535E0,7.867808613E0
1.704064208E1,9.081542326E-1,-5.131574929E0,-5.957346790E0,7.915035447E0
1.705064508E1,3.882668868E-1,-6.084086943E0,-6.073760176E0,8.605662542E0
1.706064708E1,-1.779807660E-1,-6.988659391E0,-6.857427406E0,9.792719125E0
1.707065008E1,-5.448653354E-1,-7.402732306E0,-7.979876465E0,1.089842889E1
1.708065208E1,-6.113239114E-1,-7.433954099E0,-8.886342825E0,1.160191705E1
1.709065508E1,-1.693826547E-1,-7.518637569E0,-8.824181660E0,1.159417023E1
1.710065708E1,5.392226261E-1,-7.489043641E0,-8.235646541E0,1.114461348E1
1.711065908E1,1.005462938E0,-7.438030778E0,-7.905884044E0,1.090129626E1
1.712066208E1,1.360363200E0,-7.511372988E0,-7.642925400E0,1.080211187E1
1.713066408E1,1.227363164E0,-7.964442739E0,-7.551523479E0,1.104374372E1
1.714066708E1,6.429662651E-1,-8.244001043E0,-7.617039192E0,1.124260845E1
1.715066908E1,2.334632412E-1,-8.192088878E0,-8.315027756E0,1.167495233E1
1.716067208E1,4.605639808E-1,-8.247802902E0,-8.849463267E0,1.210584041E1
1.717067408E1,9.295885172E-1,-8.139107257E0,-8.827612807E0,1.204308721E1
1.718067708E1,1.099725170E0,-7.180546882E0,-8.766787730E0,1.138535094E1
1.719067908E1,8.817561735E-1,-5.788441780E0,-9.118708252E0,1.083671502E1
1.720068108E1,1.121941447E0,-4.945077401E0,-8.007575895E0,9.478070205E0
1.721068408E1,1.534229134E0,-4.093780689E0,-5.610598716E0,7.112785482E0
1.722068608E1,1.291433591E0,-3.077514728E0,-4.058000407E0,5.254166435E0
1.723068908E1,8.315373619E-1,-2.223872699E0,-3.862209315E0,4.533621616E0
1.724069108E1,3.277149123E-1,-9.727176529E-1,-3.707446380E0,3.846912445E0
1.725069408E1,-6.030471046E-1,1.527052408E0,-3.748533010E0,4.092316532E0
1.726069608E1,-1.655874901E0,5.215183681E0,-4.210615075E0,6.904298793E0
1.727069908E1,-2.047270560E0,8.863546870E0,-4.282680838E0,1.005460765E1
1.728070108E1,-1.730615766E0,1.172798380E1,-1.919744979E0,1.200941529E1
1.729070308E1,-5.942153239E-1,1.412248293E1,3.528130403E0,1.456864167E1
1.730070608E1,1.030491871E0,1.559413589E1,1.012866974E1,1.862334391E1
1.731070808E1,2.422673061E0,1.552485808E1,1.485141203E1,2.162070772E1
1.732071108E1,3.554528827E0,1.487260351E1,1.832815360E1,2.386944123E1
1.733071308E1,4.707731608E0,1.445768743E1,2.246152227E1,2.712392755E1
1.734071608E1,5.171853474E0,1.398242340E1,2.684423494E1,3.070617498E1
1.735071808E1,4.140970351E0,1.342850029E1,2.858079250E1,3.184860994E1
1.736072108E1,2.642827162E0,1.302558035E1,2.680139356E1,2.991596523E1
1.737072308E1,1.581998401E0,1.268266922E1,2.446334696E1,2.760087249E1
1.738072508E1,6.019192497E-1,1.226494881E1,2.216917085E1,2.534291641E1
1.739072808E1,-3.738167359E-1,1.165803356E1,1.960444173E1,2.281191839E1
1.740073008E1,-1.200223531E0,1.087362958E1,1.673114452E1,1.999018643E1
1.741073308E1,-1.067823346E0,1.031405806E1,1.370864039E1,1.718856776E1
1.742073508E1,-3.544900436E-1,9.993473933E0,1.067064933E1,1.462388258E1
1.743073808E1,-8.260489460E-2,9.272342674E0,7.315918695E0,1.181125855E1
1.744074008E1,-3.348191696E-1,8.431687894E0,4.393319514E0,9.513502035E0
1.745074308E1,-9.792828336E-1,7.474613298E0,2.052499579E0,7.812911963E0
1.746074508E1,-1.678570722E0,6.136661598E0,-2.050402182E-1,6.365395253E0
1.747074708E1,-1.680281764E0,4.632203416E0,-1.080432721E0,5.044600099E0
1.748075008E1,-1.502040943E0,2.868401340E0,-2.691660476E-1,3.249046568E0
1.749075208E1,-1.072416919E0,1.054478100E0,6.471593034E-1,1.637320151E0
1.750075508E1,-1.020514694E0,-2.844027221E-1,4.602635801E-1,1.155066107E0
1.751075708E1,-1.282891978E0,-1.315363321E0,-7.553719693E-1,1.986599936E0
1.752076008E1,-1.592131918E0,-2.424645619E0,-2.477965794E0,3.814984259E0
1.753076208E1,-1.567960406E0,-3.573020062E0,-4.074439269E0,5.641456156E0
1.754076508E1,-1.682983762E0,-4.406252385E0,-5.874100565E0,7.533428959E0
1.755076708E1,-1.861969957E0,-5.145040482E0,-7.488765314E0,9.274695661E0
1.756076908E1,-1.442756754E0,-5.864220525E0,-8.567117010E0,1.048170422E1
1.757077208E1,-8.321499308E-1,-6.648288290E0,-7.922607080E0,1.037592953E1
1.758077408E1,-6.637403259E-1,-7.534031534E0,-5.190210807E0,9.172811488E0
1.759077708E1,-4.811180767E-1,-8.178212265E0,-2.541967077E0,8.577658601E0
1.760077908E1,1.244376661E-1,-8.402695060E0,-1.836309305E0,8.601906816E0
1.761078208E1,6.759502624E-1,-8.293600634E0,-3.206244689E0,8.917439388E0
1.762078408E1,8.981867764E-1,-7.847630573E0,-5.297797236E0,9.510977902E0
1.763078708E1,1.276081726E0,-6.925276158E0,-7.726461647E0,1.045399656E1
1.764078908E1,1.623615081E0,-6.288668740E0,-9.240710406E0,1.129487535E1
1.765079108E1,1.212952116E0,-6.475615334E0,-9.747327788E0,1.176500088E1
1.766079408E1,4.119907949E-1,-7.201857644E0,-9.494036347E0,1.192364106E1
1.767079608E1,-3.618339272E-1,-8.056131758E0,-8.733948598E0,1.188755824E1
1.768079908E1,-6.961507845E-1,-8.285846057E0,-7.336795009E0,1.108911321E1
1.769080108E1,-5.314290185E-1,-8.043445639E0,-6.373324143E0,1.027612258E1
1.770080408E1,1.892177989E-1,-7.584259116E0,-6.836849885E0,1.021270317E1
1.771080608E1,1.175417815E0,-6.828643318E0,-8.148565128E0,1.069631199E1
1.772080908E1,1.898317419E0,-5.877563286E0,-9.722822108E0,1.151879460E1
1.773081108E1,1.588871364E0,-5.955820667E0,-1.106019318E1,1.266191870E1
1.774081308E1,8.323305367E-1,-6.720221322E0,-1.168667088E1,1.350675479E1
1.775081608E1,-1.529709090E-1,-7.684219607E0,-1.104083422E1,1.345253327E1
1.776081808E1,-1.021072957E0,-8.298441544E0,-9.965103242E0,1.300807460E1
1.777082108E1,-1.245399924E0,-8.688454337E0,-9.116283996E0,1.265491579E1
1.778082308E1,-1.039052560E0,-8.913577402E0,-8.822927433E0,1.258473444E1
1.779082608E1,-5.153550958E-1,-8.767623882E0,-8.878658414E0,1.248869067E1
1.780082808E1,1.468261066E-1,-7.769733966E0,-9.290518159E0,1.211214479E1
1.781083008E1,1.482978143E0,-6.588750186E0,-9.911715825E0,1.199387193E1
1.782083308E1,2.269977702E0,-6.146964392E0,-1.009037516E1,1.203136072E1
1.783083508E1,1.906029312E0,-6.582292521E0,-9.294436963E0,1.154755736E1
1.784083808E1,1.409129856E0,-7.310842727E0,-7.581856495E0,1.062631715E1
1.785084008E1,8.522998014E-1,-7.880108348E0,-5.943420476E0,9.906905141E0
1.786084308E1,3.139355100E-1,-8.098455659E0,-5.382530408E0,9.729089020E0
1.787084508E1,-2.436640743E-2,-7.102249156E0,-5.037429494E0,8.707366577E0
1.788084808E1,2.695388076E-1,-5.229475445E0,-5.513189365E0,7.603638706E0
1.789085008E1,9.525943141E-1,-3.751474745E0,-5.637042748E0,6.837927291E0
1.790085208E1,1.348221457E0,-2.697172061E0,-3.216996549E0,4.409252207E0
1.791085508E1,1.564345218E0,-1.393713672E0,3.777757394E-1,2.128926553E0
1.792085708E1,1.807385176E0,2.889875239E-1,3.515303366E0,3.963270457E0
1.793086008E1,2.128963179E0,2.572191335E0,5.670568929E0,6.580577821E0
1.794086208E1,1.402496189E0,5.147735463E0,6.860574962E0,8.691010573E0
1.795086508E1,-7.719114949E-3,7.777900772E0,7.597117728E0,1.087253410E1
1.796086708E1,-1.006736242E0,1.031711147E1,9.016421739E0,1.373871056E1
1.797087008E1,-9.122533500E-1,1.231147862E1,1.113582691E1,1.662562339E1
1.798087208E1,2.063684864E-1,1.338522622E1,1.454747025E1,1.976956650E1
1.799087408E1,1.883106034E0,1.348758991E1,1.900955653E1,2.338427697E1
1.800087708E1,4.142224286E0,1.388067834E1,2.381084915E1,2.787091298E1
1.801087908E1,5.220536222E0,1.468996924E1,2.730051423E1,3.143830898E1
1.802088208E1,4.956758384E0,1.476409088E1,2.805780818E1,3.209031681E1
1.803088408E1,4.473620788E0,1.463034869E1,2.643547246E1,3.054332317E1
1.804088683E1,3.414986780E0,1.460651778E1,2.416255449E1,2.844013952E1
1.805088883E1,2.049119303E0,1.465952513E1,2.186864267E1,2.640716000E1
1.806089083E1,1.170466539E0,1.430782329E1,1.889960432E1,2.373349622E1
1.807089383E1,6.449217933E-1,1.365752052E1,1.528035208E1,2.050446173E1
1.808089583E1,4.127237799E-1,1.255729907E1,1.225554298E1,1.755147956E1
1.809089883E1,1.922262096E-2,1.158292490E1,1.020598397E1,1.543783105E1
1.810090083E1,-4.902364532E-2,1.046589621E1,7.639708847E0,1.295772118E1
1.811090383E1,-4.214149351E-1,9.142136291E0,5.794477276E0,1.083199951E1
1.812090583E1,-1.138562450E0,7.650110459E0,4.589867821E0,8.993742330E0
1.813090883E1,-1.930400068E0,5.910196597E0,2.982989225E0,6.896020081E0
1.814091083E1,-2.554169924E0,4.183830734E0,2.273834817E0,5.403568116E0
1.815091283E1,-2.852022704E0,2.624564261E0,2.045046133E0,4.382303589E0
1.816091583E1,-2.766841343E0,1.298733839E0,1.339943846E0,3.337299824E0
1.817091783E1,-2.360989467E0,8.169144988E-2,7.475337768E-1,2.477852196E0
1.818092083E1,-2.190614759E0,-1.161325441E0,4.849341524E-1,2.526386933E0
1.819092283E1,-2.270122566E0,-2.783647118E0,4.821444458E-1,3.624170389E0
1.820092583E1,-2.360102591E0,-4.727478533E0,2.719884986E-1,5.290852035E0
1.821092783E1,-2.280021025E0,-6.236567125E0,-3.486647916E-1,6.649423472E0
1.822092983E1,-1.038334303E0,-6.839620296E0,-1.381095380E0,7.054499866E0
1.823093283E1,1.069361018E0,-6.648782964E0,-2.489841489E0,7.179774267E0
1.824093483E1,2.614484830E0,-6.259895176E0,-3.222028078E0,7.510211947E0
1.825093783E1,3.009962138E0,-6.122984961E0,-4.057008135E0,7.937892158E0
1.826093983E1,2.484242780E0,-6.263314043E0,-5.472977479E0,8.680670911E0
1.827094283E1,1.799979531E0,-6.425535686E0,-6.815067253E0,9.537954541E0
1.828094483E1,9.171397220E-1,-6.599656997E0,-7.756690582E0,1.022559859E1
1.829094783E1,-4.938696298E-2,-6.721229382E0,-8.740377027E0,1.102594912E1
1.830094983E1,-5.471322643E-1,-6.566041355E0,-1.000917020E1,1.198314403E1
1.831095183E1,-4.578534309E-1,-6.275297327E0,-1.108232021E1,1.274389295E1
1.832095483E1,-1.213835374E-1,-6.053986062E0,-1.107002001E1,1.261787717E1
1.833095683E1,3.537182112E-1,-6.074312738E0,-9.800974823E0,1.153609550E1
1.834095983E1,6.596447168E-1,-6.181514420E0,-8.728290832E0,1.071584399E1
1.835096183E1,7.255969971E-1,-6.314600556E0,-8.467078167E0,1.058735490E1
1.836096483E1,3.745583090E-1,-6.568998291E0,-8.596371800E0,1.082541642E1
1.837096683E1,-1.761275275E-1,-6.978163639E0,-8.935263555E0,1.133863852E1
1.838096883E1,-4.419586522E-1,-7.244143538E0,-8.997243456E0,1.155955591E1
1.839097183E1,-5.589626434E-1,-7.363348385E0,-8.833530774E0,1.151358348E1
1.840097383E1,-6.593438776E-1,-7.282852106E0,-9.195400917E0,1.174861980E1
1.841097683E1,-5.417409122E-1,-7.209847865E0,-9.487522548E0,1.192847323E1
1.842097883E1,-2.261683280E-1,-7.298611522E0,-8.837427943E0,1.146390051E1
1.843098183E1,3.989832982E-2,-7.263708322E0,-8.177015340E0,1.093739596E1
1.844098383E1,1.843792645E-1,-7.370904157E0,-7.741783690E0,1.069109155E1
1.845098583E1,2.197079222E-1,-7.994913164E0,-7.349968202E0,1.086227143E1
1.846098883E1,1.186192845E-1,-8.533810101E0,-6.912270781E0,1.098268968E1
1.847099083E1,-1.286684190E-1,-8.832662462E0,-6.510037308E0,1.097328882E1
1.848099383E1,-2.426410308E-1,-9.008608105E0,-6.545439275E0,1.113807299E1
1.849099583E1,-2.053518017E-1,-8.750860500E0,-7.206854675E0,1.133836334E1
1.850099883E1,1.856948514E-1,-8.132543757E0,-8.055254091E0,1.144813823E1
1.851100083E1,7.114172067E-1,-7.385887647E0,-8.929751385E0,1.161025024E1
1.852100383E1,1.599053560E0,-6.512248725E0,-9.542525552E0,1.166302489E1
1.853100583E1,2.097984484E0,-6.054909922E0,-9.439200574E0,1.140885536E1
1.854100783E1,1.411873662E0,-6.643561401E0,-8.573538423E0,1.093781772E1
1.855101083E1,1.896975629E-1,-7.586512633E0,-7.641691638E0,1.076970799E1
1.856101283E1,-5.746814574E-1,-7.562495195E0,-6.559824595E0,1.002760645E1
1.857101583E1,-2.509972136E-1,-6.454197568E0,-5.948252031E0,8.780738469E0
1.858101783E1,7.359453262E-1,-4.839862018E0,-5.871806703E0,7.644867156E0
1.859102083E1,1.388597943E0,-3.196109710E0,-5.543639325E0,6.547920166E0
1.860102283E1,9.470920841E-1,-2.397142655E0,-3.968207640E0,4.731801792E0
1.861102483E1,1.817511968E-2,-2.028318418E0,-1.378312106E0,2.452376440E0
1.862102783E1,-1.877841201E0,-7.743567091E-1,2.130920681E0,2.943932546E0
1.863102983E1,-3.645272352E0,1.516423924E0,4.998556620E0,6.369703315E0
1.864103283E1,-4.607625522E0,4.521564156E0,4.493488165E0,7.865506421E0
1.865103483E1,-4.653082654E0,8.397546002E0,2.601416888E0,9.946724429E0
1.866103783E1,-4.110845496E0,1.235732547E1,3.052896196E0,1.337619970E1
1.867103983E1,-3.715527232E0,1.460105882E1,6.434580159E0,1.638291436E1
1.868104183E1,-2.946314319E0,1.472211957E1,1.222798038E1,1.936349857E1
1.869104483E1,-1.601243342E0,1.381457323E1,1.860573730E1,2.322885865E1
1.870104683E1,5.901309706E-2,1.272309219E1,2.457158594E1,2.767026189E1
1.871104983E1,2.108934711E0,1.247011124E1,2.961845810E1,3.220565696E1
1.872105183E1,4.307715107E0,1.305920418E1,3.153381416E1,3.440175372E1
1.873105483E1,5.695875093E0,1.386158484E1,3.049646665E1,3.397971462E1
1.874105683E1,5.844316018E0,1.437018852E1,2.926562307E1,3.312302887E1
1.875105983E1,4.952662994E0,1.387700746E1,2.754559676E1,3.123875970E1
1.876106183E1,2.949292306E0,1.238755674E1,2.501561648E1,2.807010785E1
1.877106383E1,8.022776755E-1,1.048114575E1,2.182487276E1,2.422443264E1
1.878106683E1,-6.701337446E-1,9.105587100E0,1.814385287E1,2.031157780E1
1.879106883E1,-9.903641843E-1,8.458656422E0,1.437588488E1,1.670915186E1
1.880107183E1,-4.072844441E-1,8.406956511E0,1.126880897E1,1.406516456E1
1.881107383E1,6.791324907E-2,8.448970510E0,8.971143824E0,1.232360079E1
1.882107683E1,3.722158779E-1,8.154601209E0,7.002118512E0,1.075480029E1
1.883107883E1,3.547088391E-1,7.091925897E0,5.003972896E0,8.686827731E0
1.884108083E1,-1.521054846E-1,5.744684141E0,3.223628461E0,6.589105586E0
1.885108383E1,-9.253972330E-1,4.188969267E0,1.631290137E0,4.589654788E0
1.886108583E1,-1.565168068E0,2.561089227E0,-2.423746902E-1,3.011257976E0
1.887108883E1,-1.978509496E0,1.910539708E0,-2.060358236E0,3.436529916E0
1.888109083E1,-1.937371265E0,1.380427628E0,-3.405195032E0,4.153834501E0
1.889109383E1,-1.896278056E0,-1.751779032E-1,-4.419386401E0,4.812227543E0
1.890109583E1,-2.337199485E0,-2.997270464E0,-4.641540250E0,5.999168906E0
1.891109783E1,-1.970340644E0,-4.493830812E0,-5.340029336E0,7.252080455E0
1.892110083E1,-2.219272986E0,-5.067908106E0,-5.546502122E0,7.834063502E0
1.893110283E1,-2.887979864E0,-6.570164226E0,-5.329839393E0,8.939500748E0
1.894110583E1,-3.142432271E0,-8.660076045E0,-5.626921803E0,1.079509364E1
1.895110783E1,-2.635005049E0,-9.307074550E0,-6.716055765E0,1.177583514E1
1.896111083E1,-7.883540663E-1,-8.229367216E0,-7.388970299E0,1.108787035E1
1.897111283E1,6.368331206E-1,-6.848336740E0,-7.634469157E0,1.027571856E1
1.898111483E1,9.749331629E-1,-6.341759119E0,-8.284815193E0,1.047886283E1
1.899111783E1,1.016069494E0,-6.550524014E0,-8.862845789E0,1.106760126E1
1.900111983E1,7.351389952E-1,-6.771572739E0,-9.292251273E0,1.152130897E1
1.901112283E1,4.756223883E-1,-6.647577853E0,-9.551902732E0,1.164711783E1
1.902112483E1,3.208879956E-1,-6.757551116E0,-9.785849245E0,1.189665128E1
1.903112783E1,-3.049135121E-1,-7.231462097E0,-1.008182302E1,1.241088924E1
1.904112946E1,-1.422861603E0,-7.579798275E0,-1.043356462E1,1.297448063E1
1.905113146E1,-1.784611879E0,-7.630662035E0,-1.053975356E1,1.313385883E1
1.906113446E1,-1.545249820E0,-7.505594770E0,-1.045061978E1,1.295905875E1
1.907113646E1,-1.246004087E0,-7.278768995E0,-1.001075129E1,1.243978077E1
1.908113946E1,-9.078275925E-1,-7.152724076E0,-9.380260055E0,1.183109848E1
1.909114146E1,-5.981905534E-1,-7.237222189E0,-8.617604794E0,1.126935355E1
1.910114446E1,-3.850240941E-1,-7.527425934E0,-7.812546110E0,1.085570179E1
1.911114646E1,-3.805012728E-1,-7.921711872E0,-6.989963905E0,1.057156070E1
1.912114846E1,-5.258706553E-1,-8.349356759E0,-5.865266592E0,1.021712535E1
1.913115146E1,-8.096326688E-1,-8.725610468E0,-4.757854818E0,9.971407402E0
1.914115346E1,-9.665562956E-1,-9.037876343E0,-4.630114791E0,1.020075501E1
1.915115646E1,-9.594026658E-1,-9.008450230E0,-5.378506354E0,1.053569929E1
1.916115846E1,-9.459285613E-1,-8.526698717E0,-6.523818026E0,1.077773508E1
1.917116146E1,-9.708713946E-1,-7.895238603E0,-7.902880329E0,1.121306833E1
1.918116346E1,-8.262370802E-1,-7.130561959E0,-9.349991943E0,1.178770253E1
1.919116646E1,-6.003689701E-1,-6.496534917E0,-1.048313731E1,1.234753323E1
1.920116846E1,-6.071742155E-1,-6.489006042E0,-1.091547927E1,1.271312501E1
1.921117046E1,-5.100312790E-1,-7.049195614E0,-9.662193498E0,1.197118515E1
1.922117346E1,-2.522888088E-1,-7.031264543E0,-7.452269917E0,1.024883689E1
1.923117546E1,3.222943606E-1,-6.535380895E0,-5.740495196E0,8.704502409E0
1.924117846E1,9.897227447E-1,-5.848654068E0,-4.806835189E0,7.634917816E0
1.925118046E1,1.284557996E0,-5.413655722E0,-4.547568478E0,7.185968033E0
1.926118346E1,1.262923444E0,-4.697243750E0,-5.212976357E0,7.129810444E0
1.927118546E1,1.072145097E0,-3.338810424E0,-6.076695478E0,7.015937435E0
1.928118746E1,5.910952496E-1,-2.266403299E0,-5.381785473E0,5.869377512E0
1.929119046E1,-6.139142279E-1,-1.855773809E0,-3.267211853E0,3.807290427E0
1.930119246E1,-2.398789231E0,-1.244553832E0,-4.344264883E-1,2.737120821E0
1.931119546E1,-2.580591153E0,-1.233411670E-2,3.279614382E0,4.173185033E0
1.932119746E1,-7.784819929E-1,2.551797124E0,7.201188138E0,7.679506063E0
1.933120046E1,8.186511949E-1,5.590457397E0,1.035667373E1,1.179763088E1
1.934120246E1,1.309481899E0,7.849785272E0,1.220654916E1,1.457167506E1
1.935120446E1,1.324331342E0,9.794047042E0,1.377765040E1,1.695585036E1
1.936120746E1,8.589298131E-1,1.142269950E1,1.628413774E1,1.990951949E1
1.937120946E1,-3.364516026E-1,1.258386063E1,1.886302765E1,2.267775474E1
1.938121246E1,-2.133158410E0,1.247351900E1,2.225903553E1,2.560475940E1
1.939121446E1,-2.572680747E0,1.094924343E1,2.519069381E1,2.758759998E1
1.940121646E1,-1.779556814E0,1.024643150E1,2.656893633E1,2.853181660E1
1.941121946E1,8.251624350E-1,1.042524169E1,2.850123294E1,3.035929572E1
1.942122146E1,4.071273002E0,1.017135676E1,2.983964423E1,3.178735802E1
1.943122446E1,6.879830428E0,9.437595513E0,2.966122697E1,3.187771418E1
1.944122646E1,7.282752119E0,8.574724823E0,2.757683025E1,2.978331665E1
1.945122946E1,5.195095571E0,7.054034770E0,2.274750959E1,2.437616904E1
1.946123146E1,2.656984733E0,5.114881128E0,1.862869346E1,1.949999479E1
1.947123446E1,6.739393318E-1,3.805240185E0,1.564038152E1,1.611072876E1
1.948123646E1,-7.044126078E-1,3.477927671E0,1.122989341E1,1.177721037E1
1.949123846E1,-1.698189300E0,3.978573584E0,6.298914816E0,7.641284088E0
1.950124146E1,-2.069283719E0,5.172734064E0,1.817820994E0,5.860340090E0
1.951124346E1,-2.557482372E0,5.847740732E0,-1.826662568E0,6.638786327E0
1.952124646E1,-2.645331524E0,5.221432600E0,-4.098452615E0,7.145519652E0
1.953124846E1,-1.643782859E0,4.205310481E0,-4.598588943E0,6.444662799E0
1.954125046E1,1.766524248E-2,2.842349363E0,-2.784787325E0,3.979233897E0
1.955125346E1,6.667328578E-1,1.319338258E0,-1.216313826E0,1.914315927E0
1.956125546E1,-4.322930586E-2,-5.187065005E-1,-1.171786695E0,1.282189247E0
1.957125846E1,-7.642427802E-1,-2.352441861E0,-2.043144618E0,3.208191027E0
1.958126046E1,-8.756907836E-1,-3.455136686E0,-3.820782377E0,5.225244668E0
1.959126346E1,1.619697922E-2,-4.084525716E0,-4.943868197E0,6.412912397E0
1.960126546E1,1.497972450E0,-4.227065046E0,-4.570321748E0,6.403111841E0
1.961126746E1,2.569194052E0,-4.193075182E0,-3.538812681E0,6.058533878E0
1.962127046E1,2.580574488E0,-4.680063461E0,-2.808201916E0,6.037247443E0
1.963127246E1,1.965821331E0,-5.641063879E0,-2.756202042E0,6.578959255E0
1.964127546E1,1.132975143E0,-6.596668485E0,-3.227287649E0,7.430683236E0
1.965127746E1,-2.601108667E-1,-7.049849918E0,-3.429184404E0,7.843936971E0
1.966128046E1,-1.292806225E0,-7.145909146E0,-3.624449247E0,8.116156591E0
1.967128246E1,-1.475563727E0,-7.040448180E0,-4.421018359E0,8.443376233E0
1.968128446E1,-1.033811189E0,-6.275189154E0,-6.250137928E0,8.916893439E0
1.969128746E1,-6.728045335E-1,-4.866189691E0,-8.181598973E0,9.543114261E0
1.970128946E1,-2.682795183E-1,-4.042128725E0,-8.245652881E0,9.187032707E0
1.971129246E1,-7.464884408E-3,-4.328570956E0,-7.074569607E0,8.293739649E0
1.972129446E1,-2.671092164E-2,-4.850282925E0,-5.794036396E0,7.556243490E0
1.973129746E1,-3.288133848E-1,-5.340898817E0,-5.022762923E0,7.339037117E0
1.974129946E1,-4.568131016E-1,-6.071104370E0,-5.058664827E0,7.915622295E0
1.975130146E1,-7.767884199E-1,-6.750832080E0,-5.649149408E0,8.836855949E0
1.976130446E1,-1.146683867E0,-6.963775980E0,-6.270982082E0,9.441095067E0
1.977130646E1,-9.381861900E-1,-6.788404534E0,-7.120842717E0,9.882764312E0
1.978130946E1,-4.018789125E-1,-6.214462895E0,-8.758136775E0,1.074644199E1
1.979131146E1,-1.455366494E-1,-5.841372530E0,-9.980351611E0,1.156504355E1
1.980131446E1,-4.305313656E-1,-6.230273182E0,-9.941821969E0,1.174059135E1
1.981131646E1,-8.552225322E-1,-7.177081237E0,-8.987447031E0,1.153326081E1
1.982131846E1,-1.218931113E0,-8.146157244E0,-7.952776959E0,1.144955599E1
1.983132146E1,-1.359468868E0,-8.830495484E0,-7.398199545E0,1.159996390E1
1.984132346E1,-1.662508713E0,-9.362840615E0,-7.150593351E0,1.189780252E1
1.985132646E1,-1.529296569E0,-9.564140369E0,-7.302795205E0,1.213022452E1
1.986132846E1,-1.188934093E0,-9.539859222E0,-7.665389818E0,1.229555527E1
1.987133146E1,-9.766735136E-1,-9.576346432E0,-8.032361657E0,1.253711035E1
1.988133346E1,-2.025628626E-1,-9.468867592E0,-8.189885062E0,1.252097051E1
1.989133546E1,9.199656813E-1,-8.941625910E0,-8.385185573E0,1.229269490E1
1.990133846E1,1.555253529E0,-8.307255052E0,-8.692450324E0,1.212386047E1
1.991134046E1,1.314834148E0,-8.142920811E0,-8.434553615E0,1.179735745E1
1.992134346E1,7.536349808E-1,-8.413735188E0,-8.065075074E0,1.167922692E1
1.993134546E1,7.403614724E-2,-8.583626039E0,-8.119052476E0,1.181537686E1
1.994134746E1,-1.235449424E-1,-8.586222203E0,-8.452917380E0,1.204949324E1
1.995135046E1,-2.253642079E-2,-8.566754483E0,-8.608473197E0,1.214477670E1
1.996135246E1,2.143364689E-1,-8.041273983E0,-8.271839637E0,1.153825630E1
1.997135546E1,1.881431683E0,-5.582295853E0,-7.953212577E0,9.897242164E0
1.998135746E1,3.231440049E0,-2.197918662E0,-6.204191092E0,7.332464684E0
1.999136046E1,2.585097894E0,-1.939176446E-1,-2.133472406E0,3.357385840E0
2.000136246E1,1.264589170E0,2.783146012E-1,2.259626668E0,2.604334361E0
2.001136446E1,7.845958415E-1,1.176940430E0,5.034951444E0,5.229867633E0
2.002136746E1,-1.648049243E-1,4.173307500E0,6.511637106E0,7.735959795E0
2.003136946E1,-1.259315712E0,8.654108961E0,7.736535814E0,1.167619220E1
2.004137246E1,-2.547546198E0,1.281052210E1,9.262005966E0,1.601200246E1
2.005137446E1,-2.488130886E0,1.511923439E1,1.136073539E1,1.907480937E1
2.006137746E1,3.110872217E-1,1.702559158E1,1.661826753E1,2.379357812E1
2.007137946E1,3.466863277E0,1.967598592E1,2.334866183E1,3.072984823E1
2.008138146E1,4.659310816E0,1.930677869E1,2.919923145E1,3.531368004E1
2.009138446E1,4.596899682E0,1.530293403E1,3.388649751E1,3.746472995E1
2.010138646E1,4.375220042E0,1.127838905E1,3.831898167E1,4.018319259E1
2.011138946E1,3.764654953E0,8.998276659E0,3.876263565E1,3.997103367E1
2.012139146E1,4.493883437E0,8.769354658E0,3.474623702E1,3.611644440E1
2.013139446E1,8.010117095E0,1.086766542E1,2.966099308E1,3.258899566E1
2.014139646E1,9.494577214E0,1.333662650E1,2.417383962E1,2.919566962E1
2.015139846E1,7.258621829E0,1.275116701E1,1.732413755E1,2.270254596E1
2.016140146E1,3.996101198E0,9.923099184E0,1.097570559E1,1.532654023E1
2.017140346E1,4.155002207E-1,7.478046783E0,6.672698661E0,1.003088887E1
2.018140646E1,-1.386552879E0,6.324339094E0,3.740324689E0,7.477287118E0
2.019140846E1,-2.202278054E0,5.126422947E0,1.254500822E0,5.718742272E0
2.020141146E1,-3.136110261E0,4.042357351E0,-5.498721600E-1,5.145697224E0
2.021141346E1,-3.598996317E0,2.878339267E0,-1.385989500E0,4.812336057E0
2.022141546E1,-3.688443806E0,8.965939218E-1,-1.106056974E0,3.953714760E0
2.023141846E1,-3.740617342E0,-1.000812939E0,-9.001811886E-1,3.975445989E0
2.024142046E1,-3.807176490E0,-2.678837532E0,-1.326946655E0,4.840614711E0
2.025142346E1,-3.921995048E0,-3.903694725E0,-2.209830025E0,5.958542305E0
2.026142546E1,-3.769011422E0,-4.571755486E0,-3.044411302E0,6.661443949E0
2.027142746E1,-3.285216014E0,-4.853438668E0,-3.877267649E0,7.027212505E0
2.028143046E1,-2.618939239E0,-4.992756182E0,-4.482367930E0,7.202643910E0
2.029143246E1,-2.067041019E0,-5.221415058E0,-4.780668315E0,7.374999886E0
2.030143546E1,-1.157264404E0,-5.507108846E0,-4.702323811E0,7.333441072E0
2.031143746E1,2.963601319E-1,-5.492674409E0,-4.113753024E0,6.868789226E0
2.032144046E1,1.077132406E0,-5.116704290E0,-3.471011876E0,6.276049749E0
2.033144246E1,9.129522385E-1,-4.854049117E0,-3.111546108E0,5.837550325E0
2.034144446E1,1.905049172E-1,-5.396774810E0,-3.147799430E0,6.250608908E0
2.035144746E1,-6.604351142E-1,-6.414863933E0,-3.814968490E0,7.492705679E0
2.036144946E1,-1.541719856E0,-7.357342125E0,-4.524381344E0,8.773677097E0
2.037145246E1,-2.322575453E0,-7.992311738E0,-5.107020131E0,9.764889056E0
2.038145446E1,-2.822081744E0,-8.371904207E0,-5.553423471E0,1.043520185E1
2.039145746E1,-2.821033630E0,-8.483866693E0,-6.191561106E0,1.087518523E1
2.040145946E1,-2.406096789E0,-8.257108746E0,-6.962260382E0,1.106536110E1
2.041146146E1,-1.807981884E0,-7.987967842E0,-7.633580380E0,1.119589113E1
2.042146446E1,-1.272515217E0,-7.721040693E0,-8.073051846E0,1.124312814E1
2.043146646E1,-9.719289366E-1,-7.440960233E0,-8.259661056E0,1.115950428E1
2.044146946E1,-8.164439441E-1,-7.247302789E0,-7.922033468E0,1.076794283E1
2.045147146E1,-8.555318499E-1,-7.307636699E0,-7.335342561E0,1.038945328E1
2.046147446E1,-1.035328176E0,-7.572171167E0,-7.044965739E0,1.039428799E1
2.047147646E1,-1.130988113E0,-7.651933036E0,-7.229466442E0,1.058755866E1
2.048147846E1,-9.486278553E-1,-7.430119495E0,-7.683827258E0,1.073069298E1
2.049148146E1,-7.177840937E-1,-7.162852623E0,-8.396206405E0,1.105974474E1
2.050148346E1,-6.652286616E-1,-6.864600186E0,-9.181840054E0,1.148352958E1
2.051148646E1,-5.261120722E-1,-6.578278992E0,-9.468309183E0,1.154120562E1
2.052148846E1,-1.103224510E-1,-6.578956684E0,-9.161050279E0,1.127917037E1
2.053149046E1,-6.548040994E-3,-6.970300303E0,-8.419021071E0,1.093000663E1
2.054149346E1,-2.369376932E-1,-7.751059129E0,-7.767379292E0,1.097575684E1
2.055149546E1,-5.996880619E-1,-8.365959343E0,-7.614127278E0,1.132801111E1
2.056149846E1,-6.087380534E-1,-8.669684774E0,-7.664605122E0,1.158793199E1
2.057150046E1,-3.099929152E-1,-8.420515620E0,-7.578110769E0,1.133264937E1
2.058150346E1,2.326982609E-2,-7.722594883E0,-7.996160375E0,1.111654595E1
2.059150546E1,4.158583992E-1,-6.986939140E0,-8.830189090E0,1.126776358E1
2.060150746E1,6.699006600E-1,-6.416895840E0,-9.523863578E0,1.150344716E1
2.061151046E1,5.280828032E-1,-6.062080362E0,-9.123380762E0,1.096648377E1
2.062151246E1,8.986355502E-1,-5.869349118E0,-7.110337025E0,9.263568293E0
2.063151546E1,6.893052299E-1,-6.629911661E0,-4.468985993E0,8.025129664E0
2.064151746E1,-3.082999270E-1,-7.731877338E0,-3.350820605E0,8.432376577E0
2.065152046E1,-4.444363002E-1,-7.445678351E0,-3.107861778E0,8.080498410E0
2.066152246E1,5.956800148E-1,-5.201807005E0,-2.544080261E0,5.821166135E0
2.067152446E1,1.158810846E0,-1.120127714E0,-2.821667469E0,3.249513190E0
2.068152746E1,4.204342109E-1,3.943420123E0,-2.195029553E0,4.532712426E0
2.069152946E1,-8.299911388E-1,7.301301826E0,8.957039756E-1,7.402714316E0
2.070153246E1,-2.128359746E0,8.134746403E0,5.806371682E0,1.021851097E1
2.071153446E1,-2.173485341E0,8.620197449E0,1.062271035E1,1.385185250E1
2.072153646E1,-9.066675049E-1,9.967863128E0,1.657126761E1,1.935942281E1
2.073153946E1,8.094935051E-1,1.244799239E1,2.408493855E1,2.712364392E1
2.074154146E1,2.056604032E0,1.521015158E1,2.932120203E1,3.309548639E1
2.075154446E1,7.583294179E-1,1.606473150E1,2.976487238E1,3.383191229E1
2.076154646E1,-1.308063949E0,1.520415935E1,2.741448348E1,3.137564975E1
2.077154946E1,-2.837154989E0,1.469237128E1,2.587513613E1,2.989043144E1
2.078155146E1,-3.918660673E0,1.404779761E1,2.567605948E1,2.952891041E1
2.079155346E1,-4.370033562E0,1.291850146E1,2.549868069E1,2.891656256E1
2.080155646E1,-3.992321557E0,1.216298507E1,2.479900988E1,2.790820181E1
2.081155846E1,-2.024316145E0,1.188308119E1,2.238206095E1,2.542168615E1
2.082156146E1,1.055807464E0,1.262883859E1,1.940894943E1,2.317993985E1
2.083156346E1,3.721264520E0,1.344409131E1,1.573339903E1,2.102691717E1
2.084156646E1,4.874165293E0,1.326223471E1,1.186558983E1,1.845092353E1
2.085156846E1,4.167081969E0,1.253168008E1,8.205570218E0,1.554795679E1
2.086157046E1,2.484856153E0,1.136105347E1,4.692337351E0,1.254057718E1
2.087157346E1,7.410634672E-1,9.677071154E0,2.372048160E0,9.991070696E0
2.088157546E1,-5.328302672E-1,7.563819004E0,1.069535850E0,7.657621887E0
2.089157846E1,-1.371034076E0,5.330341085E0,5.351231432E-1,5.529794507E0
2.090158046E1,-1.635491946E0,3.376723770E0,-3.162162530E-1,3.765247673E0
2.091158246E1,-8.386398286E-1,2.222909662E0,-1.437062590E0,2.776651403E0
2.092158546E1,-5.777665580E-1,1.405579426E0,-2.766945131E0,3.156810587E0
2.093158746E1,-8.536689270E-1,-1.110497350E-1,-4.182842554E0,4.270509866E0
2.094159046E1,-1.069758775E0,-2.538444130E0,-4.966089370E0,5.678919446E0
2.095159246E1,-1.158926036E0,-5.435879819E0,-4.717376883E0,7.290099013E0
2.096159546E1,-1.291176021E0,-8.089545672E0,-4.045562210E0,9.136435754E0
2.097159746E1,-1.246712039E0,-9.982479998E0,-4.005355001E0,1.082806846E1
2.098159946E1,-1.055282165E0,-1.091539741E1,-4.628886876E0,1.190319767E1
2.099160246E1,-2.820946982E-1,-1.104825083E1,-5.033290250E0,1.214402876E1
2.100160446E1,1.319978674E0,-1.026589103E1,-5.330065681E0,1.164218461E1
2.101160746E1,2.721103545E0,-8.698720293E0,-5.209739923E0,1.049826316E1
2.102160946E1,2.714024906E0,-8.000412471E0,-5.283241763E0,9.964194619E0
2.103161146E1,1.845509022E0,-8.560407915E0,-6.183812960E0,1.072035587E1
2.104161513E1,8.341536985E-1,-9.435760657E0,-7.340450689E0,1.198380607E1
2.105161713E1,-4.037986996E-1,-9.923543572E0,-8.433917438E0,1.302960989E1
2.106162012E1,-1.405076273E0,-9.784026083E0,-9.551857708E0,1.374552259E1
2.107162212E1,-1.435187241E0,-9.338992746E0,-1.009936935E1,1.383017748E1
2.108162513E1,-9.070591222E-1,-8.874544898E0,-9.838525057E0,1.328069572E1
2.109162713E1,-1.779023950E-1,-8.404530501E0,-9.330939960E0,1.255922859E1
2.110162912E1,5.776612351E-1,-7.875787840E0,-8.872667942E0,1.187796123E1
2.111163212E1,1.148810061E0,-7.328866185E0,-8.303987628E0,1.113500133E1
2.112163413E1,1.012153907E0,-7.284439625E0,-8.080389517E0,1.092612516E1
2.113163713E1,6.082823725E-1,-8.034619852E0,-8.097193245E0,1.142320717E1
2.114163912E1,-3.254684485E-2,-9.091541503E0,-8.013771604E0,1.211931192E1
2.115164212E1,-1.027615845E0,-9.842591211E0,-8.318876978E0,1.292812091E1
2.116164413E1,-1.955619401E0,-1.027032322E1,-8.737113696E0,1.362501897E1
2.117164613E1,-2.154417132E0,-1.028913021E1,-8.651531509E0,1.361457715E1
2.118164912E1,-1.673592695E0,-9.708857203E0,-8.065434093E0,1.273240149E1
2.119165112E1,-7.791963033E-1,-8.866656420E0,-7.574832235E0,1.168772118E1
2.120165413E1,6.016791850E-1,-7.901419694E0,-7.313738853E0,1.078356282E1
2.121165613E1,1.460493844E0,-7.138328231E0,-7.128173956E0,1.019311710E1
2.122165812E1,1.638666399E0,-6.912535075E0,-6.975189160E0,9.955984760E0
2.123166112E1,1.365381719E0,-7.031013113E0,-7.254120643E0,1.019419830E1
2.124166312E1,9.402220443E-1,-7.385320467E0,-7.881767203E0,1.084201227E1
2.125166613E1,1.089038799E-1,-7.814851667E0,-8.620855261E0,1.163627570E1
2.126166812E1,-7.220504415E-1,-8.125076278E0,-9.177866871E0,1.227890311E1
2.127167112E1,-6.541221678E-1,-8.181148152E0,-9.341083710E0,1.243442422E1
2.128167312E1,-2.263770005E-1,-7.696752529E0,-9.373255675E0,1.213050568E1
2.129167513E1,-2.122391274E-1,-7.218199443E0,-8.730361331E0,1.132990104E1
2.130167813E1,4.402066802E-1,-7.005742616E0,-8.073219076E0,1.069818105E1
2.131168012E1,1.124276459E0,-6.792150845E0,-7.930606656E0,1.050199184E1
2.132168312E1,1.674539506E0,-6.774292279E0,-7.085864673E0,9.945079014E0
2.133168513E1,1.360975696E0,-7.236837443E0,-6.259583520E0,9.664701592E0
2.134168813E1,-8.313239385E-1,-7.746237515E0,-6.138528614E0,9.918509398E0
2.135169012E1,-3.549946949E0,-7.288666577E0,-6.003001850E0,1.008775570E1
2.136169212E1,-4.615008802E0,-5.729239306E0,-5.637625131E0,9.268511551E0
2.137169513E1,-4.240870907E0,-3.268749670E0,-4.649190162E0,7.091169130E0
2.138169713E1,-2.287959498E0,3.506019741E-1,-1.791326090E0,2.926863435E0
2.139170012E1,6.374856699E-1,5.414367328E0,3.992906864E0,6.757593267E0
2.140170212E1,4.345128809E-1,9.771326516E0,1.075218057E1,1.453537101E1
2.141170412E1,-1.178825792E0,1.161922676E1,1.435563363E1,1.850622268E1
2.142170713E1,-2.301965480E0,1.305426095E1,1.626609440E1,2.098329338E1
2.143170912E1,-1.277228073E0,1.586542097E1,2.130748773E1,2.659608857E1
2.144171212E1,2.798471564E0,1.731676070E1,2.947079719E1,3.429620287E1
2.145171412E1,8.288541039E0,1.749636963E1,3.859874054E1,4.318200590E1
2.146171713E1,1.074653684E1,1.742051838E1,4.498455258E1,4.942238850E1
2.147171912E1,1.076394634E1,1.613792461E1,4.700527079E1,5.085066994E1
2.148172112E1,9.966398985E0,1.496986610E1,4.365284220E1,4.721225086E1
2.149172412E1,8.353433438E0,1.485970806E1,3.626044601E1,4.006757691E1
2.150172613E1,6.780241821E0,1.441849237E1,2.897398033E1,3.306593621E1
2.151172912E1,5.430124989E0,1.320969748E1,2.367480315E1,2.764920739E1
2.152173112E1,4.171563568E0,1.199025013E1,1.925022910E1,2.305947443E1
2.153173412E1,2.534741088E0,1.112526333E1,1.434410877E1,1.832893486E1
2.154173613E1,1.481511661E0,1.044023161E1,1.010660235E1,1.460605094E1
2.155173813E1,9.302579503E-1,9.766100274E0,7.532949214E0,1.236880828E1
2.156174112E1,1.069506175E0,8.922791444E0,6.037374707E0,1.082635414E1
2.157174312E1,2.028310232E0,8.001713476E0,5.404908287E0,9.866838123E0
2.158174613E1,2.941593862E0,7.003815958E0,5.436969740E0,9.341683594E0
2.159174813E1,3.172172964E0,5.375427795E0,5.567783064E0,8.364096696E0
2.160175012E1,2.919221245E0,3.238145344E0,5.227745839E0,6.807111318E0
2.161175312E1,2.156974997E0,9.771884340E-1,3.796478425E0,4.474448212E0
2.162175513E1,9.301994781E-1,-1.210647874E0,1.408185530E0,2.076999238E0
2.163175813E1,-4.862456828E-1,-3.125330919E0,-1.751435215E0,3.615474178E0
2.164176012E1,-1.461868379E0,-4.935215487E0,-4.615982655E0,6.913805532E0
2.165176312E1,-1.942512429E0,-6.685888225E0,-6.342875353E0,9.418414072E0
2.166176512E1,-1.921763584E0,-8.229799910E0,-6.903461950E0,1.091240435E1
2.167176713E1,-1.384210338E0,-9.242301434E0,-7.108039069E0,1.174139657E1
2.168177012E1,-5.428363515E-1,-9.593045495E0,-6.932240192E0,1.184808623E1
2.169177212E1,-3.509590928E-1,-9.906467364E0,-6.967460310E0,1.211638441E1
2.170177512E1,-8.999432069E-1,-1.051609690E1,-7.524897013E0,1.296234033E1
2.171177713E1,-1.531987166E0,-1.133121162E1,-8.267540179E0,1.411012268E1
2.172177913E1,-2.302725325E0,-1.210288738E1,-9.086019977E0,1.530810851E1
2.173178212E1,-3.077258328E0,-1.233322441E1,-9.825951204E0,1.606633936E1
2.174178412E1,-3.665958046E0,-1.205643593E1,-1.083796975E1,1.662102536E1
2.175178713E1,-3.871884118E0,-1.143994177E1,-1.231164702E1,1.724646070E1
2.176178913E1,-3.430417582E0,-1.051582910E1,-1.320672943E1,1.722695936E1
2.177179212E1,-2.807407279E0,-9.551184694E0,-1.280300024E1,1.621799864E1
2.178179412E1,-2.039432952E0,-8.884398041E0,-1.145506735E1,1.463934367E1
2.179179613E1,-1.519279850E0,-8.597136031E0,-1.013419069E1,1.337612724E1
2.180179913E1,-1.321032196E0,-8.692300050E0,-9.012792372E0,1.259093454E1
2.181180112E1,-1.300395033E0,-8.982731252E0,-8.140294241E0,1.219200059E1
2.182180412E1,-1.560860132E0,-9.329629015E0,-7.919622077E0,1.233688274E1
2.183180613E1,-1.963638273E0,-9.552975111E0,-8.093246959E0,1.267343107E1
2.184180913E1,-2.001634942E0,-9.462922727E0,-8.551983247E0,1.291084298E1
2.185181112E1,-2.216652849E0,-9.217298155E0,-8.784765580E0,1.292455962E1
2.186181312E1,-2.657131205E0,-8.859637422E0,-9.295069631E0,1.311304087E1
2.187181612E1,-2.627646913E0,-8.638154249E0,-9.590700177E0,1.317208287E1
2.188181813E1,-2.324459718E0,-8.516473691E0,-9.710323684E0,1.312340745E1
2.189182112E1,-2.011810267E0,-8.264377420E0,-9.445478729E0,1.271079789E1
2.190182312E1,-1.715076936E0,-8.215323958E0,-8.600050868E0,1.201640177E1
2.191182512E1,-1.505527930E0,-8.508331443E0,-7.726271027E0,1.159109927E1
2.192182813E1,-1.524158621E0,-8.772914443E0,-6.980515974E0,1.131435772E1
2.193183013E1,-1.671253809E0,-8.701681908E0,-6.631954093E0,1.106775372E1
2.194183312E1,-1.603520686E0,-8.397399822E0,-7.076064740E0,1.109767068E1
2.195183512E1,-1.462644158E0,-7.843573190E0,-8.132549019E0,1.139295053E1
2.196183813E1,-1.299781660E0,-7.146889724E0,-9.072141611E0,1.162201439E1
2.197184013E1,-8.757370497E-1,-6.913364795E0,-9.539504296E0,1.181370689E1
2.198184212E1,-4.401083739E-1,-7.459697050E0,-8.714379721E0,1.147959883E1
2.199184512E1,-3.024808511E-2,-8.416131962E0,-6.127577949E0,1.041054291E1
2.200184713E1,2.276054274E-1,-9.215975515E0,-2.173471454E0,9.471535624E0
2.201185013E1,3.776705626E-1,-9.074914361E0,4.793167323E-1,9.095408195E0
2.202185212E1,7.504986805E-1,-7.584781272E0,-4.551303095E-1,7.635397751E0
2.203185412E1,1.094883310E0,-4.612605888E0,-4.039318553E0,6.228241880E0
2.204185625E1,3.028182903E-1,-1.946962014E0,-6.649296350E0,6.935092065E0
2.205185825E1,-1.363189890E0,-3.819541597E-1,-6.037154267E0,6.200919875E0
2.206186125E1,-2.703293804E0,8.461318660E-1,-1.578616664E0,3.242802352E0
2.207186325E1,-3.014582023E0,2.682015494E0,4.455896416E0,6.011316391E0
2.208186625E1,-2.420492342E0,5.001219442E0,8.890593166E0,1.048396995E1
2.209186825E1,-1.907772805E0,7.848367907E0,1.224159153E1,1.466605056E1
2.210187025E1,-1.490846010E0,1.123146163E1,1.530039984E1,1.903866034E1
2.211187325E1,-1.890689434E0,1.475695962E1,1.710939739E1,2.267320098E1
2.212187525E1,-1.914373727E0,1.721178213E1,1.961994153E1,2.616968430E1
2.213187825E1,-5.852129506E-1,1.909804245E1,2.408159628E1,3.074086822E1
2.214188025E1,1.947260953E0,2.062740275E1,2.828597121E1,3.506248332E1
2.215188225E1,3.954811961E0,2.222235946E1,3.139367979E1,3.866570739E1
2.216188525E1,4.682703479E0,2.188041897E1,3.399257536E1,4.069613772E1
2.217188725E1,4.692972067E0,1.922444171E1,3.485418363E1,4.008013551E1
2.218189025E1,4.780227142E0,1.655050414E1,3.438038141E1,3.845491366E1
2.219189225E1,5.098145812E0,1.399260223E1,3.341304378E1,3.658162794E1
2.220189525E1,5.038717636E0,1.210706347E1,3.039344572E1,3.310183083E1
2.221189725E1,4.287628752E0,1.060830866E1,2.480248079E1,2.731452043E1
2.222189925E1,3.133085496E0,9.505767615E0,1.861572902E1,2.113578032E1
2.223190225E1,1.709391688E0,9.060323803E0,1.313069224E1,1.604451826E1
2.224190425E1,7.751168472E-1,8.469876060E0,9.265842324E0,1.257757690E1
2.225190725E1,-4.558503210E-1,6.819611709E0,6.313694823E0,9.304710940E0
2.226190925E1,-1.824734303E0,4.102471406E0,4.759965078E0,6.543484886E0
2.227191125E1,-2.548016022E0,9.254277116E-1,3.994662198E0,4.827642092E0
2.228191425E1,-2.310747997E0,-1.952672405E0,3.054140484E0,4.298867284E0
2.229191625E1,-3.117615518E-1,-3.327248139E0,1.784541566E0,3.788451405E0
2.230191925E1,1.323355441E0,-3.312678047E0,2.827064449E-1,3.578411436E0
2.231192125E1,1.456831295E0,-3.678866360E0,-2.150662050E0,4.503527769E0
2.232192425E1,1.068211748E0,-4.845934936E0,-4.170413128E0,6.482014147E0
2.233192625E1,6.312458868E-1,-6.548944096E0,-5.720660856E0,8.718549235E0
2.234192825E1,2.484012692E-1,-7.996419407E0,-6.749229358E0,1.046692522E1
2.235193125E1,2.632576554E-1,-8.793556284E0,-6.788258938E0,1.111199335E1
2.236193325E1,6.035369550E-1,-9.431937162E0,-6.407661332E0,1.141857343E1
2.237193625E1,8.051678080E-1,-9.894492266E0,-6.167364158E0,1.168698648E1
2.238193825E1,1.033766824E0,-9.821934167E0,-6.062398451E0,1.158843128E1
2.239194025E1,1.147138634E0,-9.268937840E0,-6.141577352E0,1.117801897E1
2.240194325E1,5.834920420E-1,-8.575532908E0,-7.136511501E0,1.117184067E1
2.241194525E1,-5.767518834E-1,-8.100621468E0,-8.681331258E0,1.188773415E1
2.242194825E1,-1.717357058E0,-7.843258025E0,-1.023458621E1,1.300818076E1
2.243195025E1,-2.674506792E0,-8.172794820E0,-1.151466451E1,1.437132772E1
2.244195325E1,-3.223805924E0,-9.026567243E0,-1.158802484E1,1.503842281E1
2.245195525E1,-3.895765316E0,-9.870128088E0,-1.069537721E1,1.506610466E1
2.246195725E1,-4.250984251E0,-1.062868504E1,-9.337999889E0,1.477288241E1
2.247196025E1,-3.881200486E0,-1.135710777E1,-8.246207782E0,1.456185280E1
2.248196225E1,-3.407715475E0,-1.180859936E1,-7.909459616E0,1.461557714E1
2.249196525E1,-2.851720403E0,-1.190245770E1,-7.901543655E0,1.456829436E1
2.250196725E1,-2.190394904E0,-1.169040842E1,-8.185205535E0,1.443818093E1
2.251196925E1,-1.430704766E0,-1.104648731E1,-8.553036330E0,1.404372559E1
2.252197225E1,-9.210642269E-1,-1.018382653E1,-8.868087233E0,1.353520053E1
2.253197425E1,-3.656027135E-1,-9.527218711E0,-9.332456728E0,1.334152579E1
2.254197725E1,-8.902276196E-2,-9.248066204E0,-9.155350413E0,1.301365032E1
2.255197925E1,-3.087955517E-1,-9.288699090E0,-8.282897306E0,1.244916356E1
2.256198125E1,-6.037745713E-1,-9.791569576E0,-7.948051239E0,1.262580283E1
2.257198425E1,-5.974473358E-1,-1.000095603E1,-8.026582269E0,1.283752654E1
2.258198625E1,-3.709193309E-1,-9.736825020E0,-8.248222733E0,1.276622579E1
2.259198925E1,2.324107058E-1,-9.159083861E0,-8.923614147E0,1.278959426E1
2.260199125E1,1.134249909E0,-8.524154593E0,-9.515660520E0,1.282558106E1
2.261199425E1,1.589847849E0,-7.924996253E0,-9.127993630E0,1.219235209E1
2.262199625E1,1.607915307E0,-7.582036589E0,-8.701604725E0,1.165292218E1
2.263199825E1,1.502668495E0,-7.628706726E0,-8.386997041E0,1.143664716E1
2.264200125E1,1.002727976E0,-8.279880728E0,-7.591255310E0,1.127781209E1
2.265200325E1,1.419065152E-1,-9.356532639E0,-6.652943258E0,1.148157195E1
2.266200625E1,-3.574697482E-1,-9.888919870E0,-6.282242650E0,1.172113875E1
2.267200825E1,-1.001539968E-1,-9.163430681E0,-6.554731670E0,1.126689842E1
2.268201025E1,9.745992869E-1,-7.358447249E0,-6.473930166E0,9.849282283E0
2.269201325E1,1.075466169E0,-5.244579973E0,-5.815736582E0,7.904747849E0
2.270201525E1,5.611343358E-1,-3.137910034E0,-5.698119839E0,6.529159274E0
2.271201825E1,2.275855469E-1,-1.192443153E0,-4.451261913E0,4.613832297E0
2.272202025E1,3.061421217E-1,4.744442475E-1,-1.959472132E-1,5.976752070E-1
2.273202325E1,1.540506705E0,1.678644397E0,8.470629766E0,8.771691773E0
2.274202525E1,3.014083548E0,3.529506837E0,1.913290238E1,1.968781531E1
2.275202725E1,2.889115393E0,5.743323494E0,2.545866936E1,2.625788640E1
2.276203025E1,2.251643172E0,7.578369216E0,2.415394505E1,2.541485075E1
2.277203225E1,1.136866757E0,9.383168460E0,1.953271744E1,2.169938633E1
2.278203525E1,6.165225247E-1,1.116270656E1,1.568267677E1,1.925960717E1
2.279203725E1,8.698199598E-1,1.322040841E1,1.304745713E1,1.859494347E1
2.280203925E1,1.363471580E0,1.444991180E1,1.202728990E1,1.884979332E1
2.281204225E1,8.495521948E-1,1.332231251E1,1.393618947E1,1.929826745E1
2.282204425E1,-2.663867198E-1,1.235208636E1,1.582819993E1,2.007926573E1
2.283204725E1,-1.268962741E-2,1.268126121E1,1.842493671E1,2.236722691E1
2.284204925E1,1.954831050E0,1.330327398E1,2.169390214E1,2.552300635E1
2.285205125E1,4.340782866E0,1.410227027E1,2.367659240E1,2.789798291E1
2.286205425E1,5.330773779E0,1.410154989E1,2.537656276E1,2.951678838E1
2.287205625E1,3.617568244E0,1.267965908E1,2.777120807E1,3.074248773E1
2.288205925E1,1.600001247E0,1.067208073E1,2.866872059E1,3.063248033E1
2.289206125E1,4.060283160E-1,9.904889785E0,2.714161965E1,2.889531481E1
2.290206425E1,-7.188972574E-2,9.889131539E0,2.292273193E1,2.496501011E1
2.291206625E1,-9.237900527E-1,9.633740947E0,1.748899395E1,1.998817806E1
2.292206825E1,-1.940076333E0,9.087210470E0,1.259060013E1,1.564814692E1
2.293207125E1,-2.521669638E0,7.637267634E0,8.496902475E0,1.169974471E1
2.294207325E1,-2.449559728E0,5.931217922E0,4.952452494E0,8.105953035E0
2.295207625E1,-2.030869412E0,4.556825790E0,1.970698201E0,5.364023047E0
2.296207825E1,-1.448643877E0,3.571296887E0,-4.758405626E-1,3.883188739E0
2.297208025E1,-9.542063183E-1,2.497711256E0,-2.149479743E0,3.430646351E0
2.298208325E1,-2.669488565E-1,1.398877348E0,-2.889520898E0,3.221405058E0
2.299208525E1,1.019919594E0,6.384451979E-1,-2.951791406E0,3.187619919E0
2.300208825E1,1.633138441E0,-6.111802161E-1,-3.053393794E0,3.516233224E0
2.301209025E1,1.269002502E0,-2.871624910E0,-4.098535060E0,5.162808016E0
2.302209225E1,4.926838327E-1,-5.613688384E0,-5.821031821E0,8.101891513E0
2.303209525E1,-4.358011687E-1,-8.409415265E0,-7.653860278E0,1.137935696E1
2.304209750E1,-1.129462428E0,-1.053676681E1,-8.192091801E0,1.339438346E1
2.305210050E1,-1.912258058E0,-1.149922201E1,-7.982542210E0,1.412833387E1
2.306210250E1,-3.242772830E0,-1.186509516E1,-9.007088413E0,1.524544851E1
2.307210550E1,-3.823147868E0,-1.193775968E1,-9.982784053E0,1.602443581E1
2.308210750E1,-3.815532162E0,-1.130058625E1,-9.886140103E0,1.549184629E1
2.309210950E1,-3.655013520E0,-1.030960248E1,-9.471563158E0,1.446919264E1
2.310211250E1,-3.143238894E0,-9.332123437E0,-9.606214594E0,1.375673789E1
2.311211450E1,-2.150124253E0,-8.481850573E0,-9.859090884E0,1.318205206E1
2.312211750E1,-1.070026212E0,-7.690183766E0,-9.956128936E0,1.262570338E1
2.313211950E1,-1.588784058E-1,-7.217127063E0,-9.823355041E0,1.219058939E1
2.314212150E1,4.608952621E-1,-7.406842314E0,-9.357818441E0,1.194330371E1
2.315212450E1,4.614256411E-1,-8.057276643E0,-8.645010694E0,1.182661534E1
2.316212650E1,1.215311431E-1,-8.959009098E0,-8.338265176E0,1.223949672E1
2.317212950E1,-8.614445543E-1,-9.885920248E0,-9.255129055E0,1.356948487E1
2.318213150E1,-1.804389939E0,-1.013659857E1,-1.063774471E1,1.480432593E1
2.319213350E1,-2.111188667E0,-9.725209526E0,-1.111696964E1,1.492058417E1
2.320213650E1,-1.998475838E0,-9.044387802E0,-1.118628721E1,1.452335629E1
2.321213850E1,-1.495631517E0,-8.416314980E0,-1.114037956E1,1.404205569E1
2.322214150E1,-4.956846969E-1,-7.862211775E0,-1.111152705E1,1.362079700E1
2.323214350E1,2.511296531E-1,-7.581556533E0,-1.067978502E1,1.309965166E1
2.324214650E1,5.425044855E-1,-7.745573856E0,-9.857130897E0,1.254795820E1
2.325214850E1,4.509921619E-1,-8.096644776E0,-9.037816116E0,1.214253560E1
2.326215050E1,-2.897954995E-2,-8.589676738E0,-8.667480959E0,1.220281166E1
2.327215350E1,-6.106737741E-1,-8.957353166E0,-8.960556856E0,1.268458424E1
2.328215550E1,-1.189236833E0,-8.996448235E0,-9.823701196E0,1.337368574E1
2.329215850E1,-1.598410951E0,-8.827645551E0,-1.110855901E1,1.427873688E1
2.330216050E1,-1.720041515E0,-8.516847328E0,-1.206032784E1,1.486427727E1
2.331216250E1,-1.364178362E0,-8.025357277E0,-1.208837927E1,1.457382090E1
2.332216550E1,-4.719746029E-1,-7.531107341E0,-1.150773322E1,1.376111411E1
2.333216750E1,9.145725019E-1,-7.324924577E0,-1.045021515E1,1.279445034E1
2.334217050E1,1.555316971E0,-7.621831570E0,-8.756761510E0,1.171290739E1
2.335217250E1,8.528282435E-1,-8.654734613E0,-7.962224890E0,1.179104628E1
2.336217450E1,-1.537137393E0,-9.706946917E0,-9.095417622E0,1.339082640E1
2.337217750E1,-4.212406662E0,-9.739947433E0,-1.027985886E1,1.477452010E1
2.338217950E1,-4.203045854E0,-9.389867030E0,-9.942708406E0,1.430708383E1
2.339218250E1,-3.123752171E0,-9.182221878E0,-7.573016675E0,1.230534875E1
2.340218450E1,-1.698589688E0,-8.327686393E0,-6.110338018E0,1.046765486E1
2.341218650E1,5.012427677E-1,-6.770716707E0,-3.930375570E0,7.844851889E0
2.342218950E1,1.561057621E0,-4.704628199E0,1.355986851E-1,4.958710960E0
2.343219150E1,2.335870560E0,-1.924425091E0,4.022769763E0,5.034121549E0
2.344219450E1,2.157097350E0,4.597326529E-1,4.249606063E0,4.787857013E0
2.345219650E1,1.767113940E0,1.387552168E0,4.801353425E0,5.301036446E0
2.346219950E1,1.653869891E0,2.257601631E0,6.975537069E0,7.515994156E0
2.347220150E1,3.677441393E0,3.858842196E0,1.126401074E1,1.246162816E1
2.348220350E1,7.854405742E0,5.651697625E0,1.884981177E1,2.118841144E1
2.349220650E1,1.295444664E1,7.823190381E0,2.777548823E1,3.163064561E1
2.350220850E1,1.720530342E1,9.278896233E0,3.648412306E1,4.139096057E1
2.351221150E1,1.754434837E1,7.761270706E0,4.275196870E1,4.685906860E1
2.352221350E1,1.550279887E1,3.869197614E0,4.581467477E1,4.852104582E1
2.353221550E1,1.438709750E1,2.372323418E0,4.907507754E1,5.119550496E1
2.354221850E1,1.524957350E1,3.693314829E0,5.126626313E1,5.361361583E1
2.355222050E1,1.729931495E1,5.334237084E0,4.971253163E1,5.290610725E1
2.356222350E1,1.808205481E1,7.754785559E0,4.540414877E1,4.948367540E1
2.357222550E1,1.609401786E1,9.106084113E0,3.696886894E1,4.133564381E1
2.358222750E1,1.213304498E1,8.722307961E0,2.635235546E1,3.029415909E1
2.359223050E1,8.037007270E0,8.340256153E0,1.746997413E1,2.096075749E1
2.360223250E1,6.145758696E0,7.986059310E0,1.200887468E1,1.567675235E1
2.361223550E1,5.099060317E0,6.857241465E0,9.551730239E0,1.281630708E1
2.362223750E1,3.261036023E0,5.511807668E0,8.056546910E0,1.029185736E1
2.363223950E1,1.506162207E0,4.109544198E0,5.670447891E0,7.163159735E0
2.364224250E1,2.206875135E-1,2.498175525E0,3.039212542E0,3.940354909E0
2.365224450E1,-9.754142426E-1,7.021301472E-1,1.816280837E0,2.177910872E0
2.366224750E1,-2.649893230E0,-1.328756661E0,9.948797697E-1,3.126869704E0
2.367224950E1,-4.493656857E0,-3.691564758E0,-5.799139845E-1,5.844390690E0
2.368225250E1,-5.825972718E0,-5.605358441E0,-3.279114445E0,8.724367765E0
2.369225450E1,-6.153638989E0,-6.896483299E0,-6.047010334E0,1.104513869E1
2.370225650E1,-5.446896558E0,-7.626496478E0,-7.446865336E0,1.197029381E1
2.371225950E1,-4.176071479E0,-8.051645190E0,-7.773840466E0,1.194575903E1
2.372226150E1,-2.523100451E0,-8.515949196E0,-7.913923965E0,1.189611782E1
2.373226450E1,-5.647635564E-2,-8.453753532E0,-7.715203418E0,1.144523928E1
2.374226650E1,1.797765629E0,-7.673832028E0,-7.336381611E0,1.076764386E1
2.375226850E1,1.861272823E0,-7.211254705E0,-7.327965714E0,1.044823490E1
2.376227150E1,6.808646279E-1,-7.600344222E0,-7.800144750E0,1.091196898E1
2.377227350E1,-1.026831003E0,-8.090612204E0,-9.212616874E0,1.230384889E1
2.378227650E1,-2.534092632E0,-8.083773301E0,-1.126412301E1,1.409430677E1
2.379227850E1,-3.119543345E0,-7.651926019E0,-1.262190379E1,1.508628442E1
2.380228050E1,-3.363893225E0,-7.316875300E0,-1.367253500E1,1.586791276E1
2.381228350E1,-3.187153822E0,-7.082001418E0,-1.471180274E1,1.663579976E1
2.382228550E1,-2.460932562E0,-6.964101085E0,-1.519019620E1,1.689073573E1
2.383228850E1,-1.840545320E0,-7.190127545E0,-1.481966516E1,1.657431798E1
2.384229050E1,-1.492043520E0,-7.709403564E0,-1.357014324E1,1.567832532E1
2.385229250E1,-1.707355980E0,-8.453410885E0,-1.203311373E1,1.480442657E1
2.386229550E1,-2.365614030E0,-9.078168336E0,-1.097784918E1,1.444030618E1
2.387229750E1,-3.177933056E0,-9.238181486E0,-1.023840912E1,1.415161747E1
2.388230050E1,-3.821684602E0,-8.892950179E0,-1.006020937E1,1.396057480E1
2.389230250E1,-3.789533687E0,-8.308595819E0,-1.054938744E1,1.395288161E1
2.390230450E1,-3.388931294E0,-7.445935628E0,-1.156207841E1,1.416363194E1
2.391230750E1,-2.763409612E0,-6.442231241E0,-1.228542109E1,1.414462256E1
2.392230950E1,-1.775888418E0,-5.663200852E0,-1.203730501E1,1.342096627E1
2.393231250E1,-5.440385391E-1,-5.195544053E0,-1.095573501E1,1.213745383E1
2.394231450E1,1.650257481E-1,-5.182365598E0,-9.749055056E0,1.104211126E1
2.395231750E1,8.066709079E-2,-5.808269103E0,-9.086126981E0,1.078425708E1
2.396231950E1,-5.688192583E-1,-6.682157117E0,-9.383045084E0,1.153326988E1
2.397232150E1,-1.158476166E0,-7.116523379E0,-1.005720741E1,1.237474820E1
2.398232450E1,-1.668738629E0,-7.126858333E0,-1.067282450E1,1.294163750E1
2.399232650E1,-1.617952638E0,-6.970865144E0,-1.171294359E1,1.372602561E1
2.400232950E1,-1.115607451E0,-6.450337236E0,-1.241215364E1,1.403256884E1
2.401233150E1,-7.924286254E-1,-5.844023073E0,-1.277082886E1,1.406679134E1
2.402233350E1,-1.984716024E-1,-5.414669044E0,-1.259889499E1,1.371459758E1
2.403233650E1,5.115709971E-1,-5.160874157E0,-1.103367839E1,1.219173433E1
2.404233933E1,4.890198943E-1,-5.612317212E0,-9.386865070E0,1.094762444E1
2.405234233E1,-4.081336060E-1,-6.734702536E0,-8.401940770E0,1.077568559E1
2.406234433E1,-1.614748071E0,-6.939021208E0,-8.289263170E0,1.093020176E1
2.407234633E1,-2.671387010E0,-6.622505577E0,-9.316834722E0,1.173870938E1
2.408234933E1,-2.769474929E0,-6.144143111E0,-1.068951011E1,1.263669705E1
2.409235133E1,-1.507362786E0,-5.270431682E0,-9.950833697E0,1.136083993E1
2.410235433E1,7.755176738E-2,-4.557422791E0,-6.446048303E0,7.894786602E0
2.411235633E1,1.464078480E-1,-4.076079998E0,-1.485810242E0,4.340909522E0
2.412235833E1,-1.735447466E0,-3.532234271E0,6.639378887E-1,3.991149004E0
2.413236133E1,-3.919381050E0,-3.236746690E0,6.076590228E-1,5.119309176E0
2.414236333E1,-5.623705834E0,-1.877555856E0,-1.520874240E0,6.120812181E0
2.415236633E1,-3.309561481E0,4.166962686E-1,-1.674595200E0,3.732439158E0
2.416236833E1,2.109453506E0,3.043041007E0,3.158275886E0,4.866682570E0
2.417237033E1,6.916239286E0,5.507561420E0,1.164588070E1,1.462170086E1
2.418237333E1,9.761280999E0,6.947309636E0,2.115214592E1,2.430968932E1
2.419237533E1,1.093831031E1,6.632494376E0,2.737977674E1,3.022066823E1
2.420237833E1,1.162027458E1,5.695554081E0,3.138126498E1,3.394486573E1
2.421238033E1,1.228599645E1,5.447160852E0,3.488322792E1,3.738257429E1
2.422238233E1,1.385004946E1,6.256302062E0,3.718616784E1,4.017183421E1
2.423238533E1,1.471447375E1,7.858361383E0,3.906323867E1,4.247594845E1
2.424238733E1,1.409213822E1,8.165916740E0,4.195731338E1,4.500762937E1
2.425239033E1,1.300257507E1,6.684279656E0,4.489171751E1,4.721242266E1
2.426239233E1,1.211372578E1,5.745364172E0,4.613518639E1,4.804380277E1
2.427239433E1,9.723641303E0,4.726874515E0,4.346403794E1,4.478856034E1
2.428239733E1,7.785460052E0,3.490170279E0,3.727746159E1,3.824138883E1
2.429239933E1,7.177230341E0,3.962870594E0,3.147260083E1,3.252293931E1
2.430240233E1,7.011872252E0,5.637320491E0,2.563756843E1,2.717040025E1
2.431240433E1,7.286991935E0,6.581796092E0,1.836987582E1,2.082960943E1
2.432240733E1,6.487593355E0,6.217744353E0,1.285480891E1,1.568423809E1
2.433240933E1,4.435851576E0,5.237935197E0,9.320371118E0,1.157506208E1
2.434241133E1,2.597916453E0,3.394262786E0,6.608036642E0,7.869964296E0
2.435241433E1,9.684898236E-1,9.066169265E-1,4.322413838E0,4.521414400E0
2.436241633E1,-7.561719415E-1,-7.071341944E-1,1.352284395E0,1.703087742E0
2.437241933E1,-1.718343045E0,-1.153899477E0,-2.413187415E0,3.179254680E0
2.438242133E1,-1.376365567E0,-1.840163205E0,-5.473638799E0,5.936438705E0
2.439242333E1,-7.665905835E-1,-2.939482140E0,-7.517857550E0,8.108415290E0
2.440242633E1,-8.563573305E-1,-4.180752467E0,-8.730833201E0,9.717998120E0
2.441242833E1,-1.653302857E0,-5.474286085E0,-9.729274510E0,1.128538883E1
2.442243133E1,-2.451505242E0,-6.605941585E0,-1.058254349E1,1.271371578E1
2.443243333E1,-3.047783683E0,-7.480538281E0,-1.109152724E1,1.372113023E1
2.444243533E1,-3.009770642E0,-8.176757478E0,-1.078339535E1,1.386361055E1
2.445243833E1,-2.598704073E0,-8.331401714E0,-1.002895835E1,1.329456742E1
2.446244033E1,-1.579790492E0,-7.554107949E0,-8.936870955E0,1.180796119E1
2.447244333E1,-6.532113909E-1,-6.547819676E0,-9.030676666E0,1.117379742E1
2.448244533E1,-4.553845903E-1,-6.317316003E0,-1.082341837E1,1.254042431E1
2.449244733E1,-4.857615334E-1,-6.403053142E0,-1.311487201E1,1.460256559E1
2.450245033E1,-6.887470400E-1,-6.376288682E0,-1.459424798E1,1.594125164E1
2.451245233E1,-6.833171694E-1,-6.356560761E0,-1.514143042E1,1.643580549E1
2.452245533E1,-4.280409633E-1,-6.488397932E0,-1.483072341E1,1.619360626E1
2.453245733E1,-9.127667356E-1,-6.710041904E0,-1.460902156E1,1.610221464E1
2.454245933E1,-1.825930789E0,-7.225845847E0,-1.436685210E1,1.618497176E1
2.455246233E1,-1.816086125E0,-8.038611746E0,-1.331558588E1,1.565957454E1
2.456246433E1,-1.321721875E0,-8.853798392E0,-1.261697692E1,1.547012609E1
2.457246733E1,-6.013528007E-1,-9.347717961E0,-1.151141579E1,1.484096189E1
2.458246933E1,1.360244355E-1,-9.780016063E0,-8.962523274E0,1.326627454E1
2.459247133E1,3.408720611E-1,-1.021058339E1,-7.348613986E0,1.258468650E1
2.460247433E1,2.014798486E-1,-1.053911856E1,-7.571315135E0,1.297838306E1
2.461247633E1,3.419025598E-1,-1.047469744E1,-8.499352459E0,1.349352349E1
2.462247933E1,6.990500533E-1,-1.006952984E1,-1.008424377E1,1.426800878E1
2.463248133E1,1.001216032E0,-9.689022862E0,-1.145173911E1,1.503402562E1
2.464248333E1,1.522238688E0,-9.399390391E0,-1.119279517E1,1.469504726E1
2.465248633E1,2.056300415E0,-9.392715209E0,-9.833529196E0,1.375317297E1
2.466248833E1,2.372242872E0,-9.967210579E0,-8.409356793E0,1.325481439E1
2.467249133E1,2.539303671E0,-1.051143199E1,-7.472186118E0,1.314426989E1
2.468249333E1,2.623933639E0,-1.048525751E1,-6.803676292E0,1.277167428E1
2.469249533E1,2.782073340E0,-1.003369576E1,-6.634685912E0,1.234641810E1
2.470249833E1,2.823668678E0,-9.581161614E0,-6.792795793E0,1.207948001E1
2.471250033E1,2.580177170E0,-9.135148868E0,-7.395064852E0,1.203308951E1
2.472250333E1,2.182509787E0,-8.742886652E0,-8.236489710E0,1.220824225E1
2.473250533E1,1.596309754E0,-8.676051223E0,-8.810773995E0,1.246803144E1
2.474250733E1,1.070373975E0,-8.657455323E0,-8.951855029E0,1.249931764E1
2.475251033E1,9.225073928E-1,-8.563052026E0,-8.714472692E0,1.225230240E1
2.476251233E1,1.050630267E0,-8.445908908E0,-8.097427719E0,1.174757579E1
2.477251533E1,1.319237393E0,-8.228567902E0,-7.710639666E0,1.135357570E1
2.478251733E1,1.916618181E0,-7.999374590E0,-7.875426482E0,1.138796564E1
2.479251933E1,2.382036374E0,-7.842746394E0,-7.880574955E0,1.137041028E1
2.480252233E1,2.405229062E0,-7.967624794E0,-6.982292358E0,1.086372764E1
2.481252433E1,1.592918515E0,-8.193109217E0,-5.055604979E0,9.758256491E0
2.482252733E1,-3.458875103E-1,-7.689419535E0,-2.382103617E0,8.057371073E0
2.483252933E1,-3.453698856E0,-6.415170912E0,-1.078128918E0,7.365107981E0
2.484253133E1,-4.636964512E0,-3.861170849E0,-1.599900529E0,6.242576544E0
2.485253433E1,-2.875067165E0,2.128442046E-1,-2.716037518E-1,2.895700685E0
2.486253633E1,-1.227777293E0,4.452170862E0,4.883345422E0,6.721333571E0
2.487253933E1,-8.386367588E-1,8.320425321E0,1.226815543E1,1.484723633E1
2.488254133E1,-6.896490461E-1,1.131084577E1,1.906823217E1,2.218126070E1
2.489254333E1,4.653622790E-1,1.313640029E1,2.609122115E1,2.921529387E1
2.490254633E1,4.335355188E0,1.518603298E1,3.350633260E1,3.704166879E1
2.491254833E1,8.367553294E0,1.752017832E1,3.847438897E1,4.309583742E1
2.492255133E1,1.056355173E1,1.890091877E1,4.320645640E1,4.832836879E1
2.493255333E1,1.019260905E1,1.818581132E1,4.875546405E1,5.302554373E1
2.494255533E1,7.121488835E0,1.554579111E1,5.105174984E1,5.383928293E1
2.495255833E1,4.434380124E0,1.281449236E1,4.796834930E1,4.984814416E1
2.496256033E1,3.362624964E0,1.208743904E1,4.115120220E1,4.302133042E1
2.497256333E1,2.673125387E0,1.155126457E1,3.269203765E1,3.477566158E1
2.498256533E1,2.626831811E0,1.024503869E1,2.405808580E1,2.628026932E1
2.499256733E1,1.520897336E0,9.200313748E0,1.530745626E1,1.792420484E1
2.500257033E1,-4.407625312E-1,8.425681635E0,8.638526132E0,1.207520254E1
2.501257233E1,-2.218275744E0,6.906055775E0,5.456093059E0,9.076524947E0
2.502257533E1,-4.026862522E0,4.820144622E0,4.210477080E0,7.561582717E0
2.503257733E1,-5.553779567E0,2.781182809E0,3.091562664E0,6.938098082E0
2.504257900E1,-5.701476141E0,1.184735938E0,1.220018622E0,5.949695360E0
2.505258200E1,-4.019641795E0,8.137953016E-1,-7.198401940E-1,4.163886749E0
2.506258400E1,-1.534709775E0,1.095164781E0,-2.224800067E0,2.916239930E0
2.507258700E1,-4.619490400E-2,7.836496890E-1,-3.425570240E0,3.514366554E0
2.508258900E1,3.374837458E-1,-7.691602886E-1,-4.010587674E0,4.097598848E0
2.509259100E1,3.471116249E-1,-2.848062385E0,-4.662135898E0,5.474254009E0
2.510259400E1,4.022776195E-1,-4.773753982E0,-4.835191262E0,6.806587170E0
2.511259600E1,-2.810858890E-2,-6.551399927E0,-5.000318971E0,8.241651588E0
2.512259900E1,-7.805154352E-1,-7.997965411E0,-6.114143386E0,1.009749496E1
2.513260100E1,-9.863685626E-1,-8.750968673E0,-7.182897463E0,1.136425940E1
2.514260300E1,-7.696877074E-1,-8.507191236E0,-7.625183778E0,1.145024670E1
2.515260600E1,-5.711725433E-1,-7.747830881E0,-7.967214904E0,1.112796634E1
2.516260800E1,-3.226607618E-1,-7.005946684E0,-8.427761489E0,1.096424018E1
2.517261100E1,-4.103811295E-1,-6.486420988E0,-9.275531745E0,1.132596835E1
2.518261300E1,-7.659814498E-1,-6.249022279E0,-1.027079217E1,1.204683273E1
2.519261500E1,-1.060279853E0,-6.135785685E0,-1.094901188E1,1.259575010E1
2.520261800E1,-1.145795382E0,-6.124057340E0,-1.120770674E1,1.282301118E1
2.521262000E1,-1.166357116E0,-6.257203118E0,-1.085195044E1,1.258085085E1
2.522262300E1,-1.139910014E0,-6.320389300E0,-1.037722670E1,1.220383340E1
2.523262500E1,-1.162894834E0,-6.381014401E0,-1.012498483E1,1.202434975E1
2.524262700E1,-1.233454647E0,-6.629180759E0,-9.982726750E0,1.204667096E1
2.525263000E1,-1.340383264E0,-6.816422637E0,-9.894695749E0,1.208988209E1
2.526263200E1,-1.550631305E0,-7.029653050E0,-9.651755633E0,1.204063396E1
2.527263500E1,-1.720840975E0,-7.136878121E0,-9.293641157E0,1.184348297E1
2.528263700E1,-1.836263697E0,-7.031807165E0,-9.166439073E0,1.169793920E1
2.529263900E1,-1.944181955E0,-6.806702811E0,-9.413784481E0,1.177838634E1
2.530264200E1,-2.190369030E0,-6.526046984E0,-1.030435869E1,1.239220779E1
2.531264400E1,-2.544234335E0,-6.405776775E0,-1.133304297E1,1.326442488E1
2.532264700E1,-2.740847254E0,-6.330326058E0,-1.207062947E1,1.390271079E1
2.533264900E1,-2.779884143E0,-6.352738436E0,-1.253185667E1,1.432244647E1
2.534265100E1,-2.656459653E0,-6.525756962E0,-1.268500577E1,1.451039811E1
2.535265400E1,-2.341930321E0,-6.772786621E0,-1.254164140E1,1.444465455E1
2.536265600E1,-1.941799800E0,-6.957313637E0,-1.198339135E1,1.399201443E1
2.537265900E1,-1.530908062E0,-6.799554005E0,-1.115933857E1,1.315706850E1
2.538266100E1,-1.233160970E0,-6.491882873E0,-1.047083126E1,1.238158054E1
2.539266300E1,-9.275125363E-1,-6.184179581E0,-1.016181995E1,1.193176187E1
2.540266600E1,-5.329030285E-1,-5.979536389E0,-1.050179461E1,1.209655038E1
2.541266800E1,-4.334230695E-1,-5.983963900E0,-1.107027144E1,1.259152847E1
2.542267000E1,-6.514049667E-1,-5.925415145E0,-1.067092766E1,1.222307532E1
2.543267300E1,-6.385107598E-1,-5.746121972E0,-9.411942024E0,1.104582574E1
2.544267500E1,-5.233092460E-1,-5.692961426E0,-8.581092440E0,1.031110129E1
2.545267800E1,-4.606271673E-1,-5.501605446E0,-8.158134096E0,9.850634081E0
2.546268000E1,-4.357817267E-1,-5.182352734E0,-8.087088672E0,9.614972114E0
2.547268200E1,-5.035183579E-2,-4.804544250E0,-7.458729336E0,8.872362936E0
2.548268500E1,3.771678117E-1,-3.883633220E0,-5.166527245E0,6.474400847E0
2.549268700E1,1.120250724E0,-2.357023154E0,-1.183032644E0,2.865324776E0
2.550269000E1,2.745766516E0,-2.914413080E-1,4.187882854E0,5.016227128E0
2.551269200E1,4.237671896E0,1.663706515E0,7.817916192E0,9.046855589E0
2.552269400E1,5.179022745E0,2.960642921E0,7.972436467E0,9.957280067E0
2.553269700E1,4.737092525E0,4.584570536E0,6.721226458E0,9.414521639E0
2.554269900E1,3.080834485E0,6.709096409E0,5.938500044E0,9.474666143E0
2.555270200E1,1.399341324E0,7.848172025E0,7.001495199E0,1.061003748E1
2.556270400E1,1.165601217E0,8.150625687E0,1.303411261E1,1.541685496E1
2.557270600E1,2.047829115E0,9.216481884E0,2.096277799E1,2.299076344E1
2.558270900E1,4.051660564E0,1.146839549E1,2.715170025E1,2.975155248E1
2.559271100E1,7.365283813E0,1.363898719E1,3.163324957E1,3.522686270E1
2.560271400E1,1.032703303E1,1.479236100E1,3.471621039E1,3.912386509E1
2.561271600E1,1.191112444E1,1.549562434E1,3.694806922E1,4.179891240E1
2.562271800E1,1.163648189E1,1.615922017E1,3.739653663E1,4.236778327E1
2.563272100E1,1.071480049E1,1.519784202E1,3.681059884E1,4.124077519E1
2.564272300E1,9.181634232E0,1.231623708E1,3.532877874E1,3.852420940E1
2.565272600E1,6.844213868E0,9.438401259E0,3.210438546E1,3.415579376E1
2.566272800E1,4.497080987E0,7.032737457E0,2.730246018E1,2.855008696E1
2.567273000E1,1.892626909E0,5.871158831E0,2.107259104E1,2.195692683E1
2.568273300E1,-1.013262539E-1,5.864210000E0,1.360816769E1,1.481828106E1
2.569273500E1,-1.524588684E0,6.045131623E0,6.781715904E0,9.211930178E0
2.570273800E1,-1.688583348E0,5.943849077E0,3.424462777E0,7.064531187E0
2.571274000E1,-1.030288754E0,5.176513120E0,2.519238950E0,5.848448331E0
2.572274200E1,-1.329360093E0,3.698584925E0,1.577786359E0,4.235107850E0
2.573274500E1,-2.042723619E0,2.046465252E0,2.132801145E-1,2.899349620E0
2.574274700E1,-3.433760143E0,8.052007717E-1,-2.070218981E0,4.089604336E0
2.575275000E1,-4.061648193E0,-6.954736769E-2,-3.547403995E0,5.393134337E0
2.576275200E1,-4.384014255E0,-1.111511841E0,-3.593321010E0,5.776417180E0
2.577275400E1,-5.078089278E0,-2.711204209E0,-4.443031957E0,7.271736515E0
2.578275700E1,-5.291610298E0,-4.163746718E0,-6.187869174E0,9.144815536E0
2.579275900E1,-5.221237303E0,-5.252798234E0,-7.311709870E0,1.040741608E1
2.580276100E1,-5.080720525E0,-5.891778452E0,-7.869667559E0,1.106609425E1
2.581276400E1,-4.916966912E0,-6.022772455E0,-8.444207368E0,1.147845764E1
2.582276600E1,-4.647616677E0,-5.996352396E0,-8.661165966E0,1.151400793E1
2.583276900E1,-4.275158688E0,-6.078278904E0,-8.297338759E0,1.113859447E1
2.584277100E1,-3.918585829E0,-6.040241597E0,-7.829972566E0,1.063711915E1
2.585277300E1,-3.484202610E0,-5.839676253E0,-7.855872223E0,1.039019802E1
2.586277600E1,-2.861714171E0,-5.471881710E0,-7.827234900E0,9.969779518E0
2.587277800E1,-2.399540745E0,-4.832574048E0,-8.402625479E0,9.985774013E0
2.588278100E1,-2.428364740E0,-4.274785343E0,-1.017108662E1,1.129697960E1
2.589278300E1,-2.631508414E0,-4.012542983E0,-1.065067758E1,1.168170667E1
2.590278500E1,-2.726431528E0,-4.078826143E0,-9.107055336E0,1.034450136E1
2.591278800E1,-2.454506764E0,-4.268427958E0,-6.929059306E0,8.500349614E0
2.592279000E1,-1.937864916E0,-4.473998226E0,-5.088732964E0,7.047494856E0
2.593279300E1,-1.457172334E0,-4.719086317E0,-5.029153930E0,7.048795367E0
2.594279500E1,-1.079729301E0,-5.176922425E0,-5.701058650E0,7.776143703E0
2.595279700E1,-1.129973109E0,-5.914363323E0,-6.318380781E0,8.728027752E0
2.596280000E1,-1.406093250E0,-6.723126218E0,-7.464942003E0,1.014410585E1
2.597280200E1,-1.710657318E0,-6.978753623E0,-9.405166270E0,1.183581443E1
2.598280500E1,-1.958156947E0,-7.026292655E0,-1.092512834E1,1.313627026E1
2.599280700E1,-1.785785269E0,-7.411688486E0,-1.115143781E1,1.350839444E1
2.600280900E1,-1.047184649E0,-7.575298843E0,-9.413630115E0,1.212840386E1
2.601281200E1,-1.377936568E-1,-7.311794654E0,-6.975196761E0,1.010617128E1
2.602281400E1,7.046679119E-1,-7.154922044E0,-5.664065071E0,9.152655322E0
2.603281700E1,1.022961827E0,-7.067492722E0,-5.802994330E0,9.201665472E0
2.604281900E1,7.877688331E-1,-6.991988795E0,-6.916423473E0,9.866377284E0
2.605282100E1,1.112326066E-1,-7.111305909E0,-9.068489440E0,1.152477961E1
2.606282400E1,-5.900745450E-1,-7.198542273E0,-1.130787889E1,1.341772425E1
2.607282600E1,-1.019762815E0,-7.477366751E0,-1.286818968E1,1.491781604E1
2.608282800E1,-8.776271622E-1,-7.928669474E0,-1.270216384E1,1.499929983E1
2.609283100E1,-2.408210850E-1,-8.103964906E0,-1.061383779E1,1.335611450E1
2.610283300E1,7.721444882E-1,-8.056930488E0,-8.330155088E0,1.161472427E1
2.611283600E1,1.503249855E0,-8.123916775E0,-7.091524193E0,1.088795202E1
2.612283800E1,1.791953204E0,-8.247180759E0,-7.057085263E0,1.100134261E1
2.613284000E1,1.099990926E0,-8.304178832E0,-7.767871043E0,1.142406174E1
2.614284300E1,2.447072724E-1,-8.240954643E0,-8.802751615E0,1.206074836E1
2.615284500E1,-1.729961243E-1,-7.840188237E0,-1.078049747E1,1.333107666E1
2.616284800E1,7.658321265E-1,-7.077172787E0,-1.146892876E1,1.349848882E1
2.617285000E1,2.170935370E0,-6.413497438E0,-9.531196572E0,1.169143352E1
2.618285200E1,3.387634090E0,-6.121458253E0,-6.474044772E0,9.532133632E0
2.619285500E1,3.880611672E0,-5.754567690E0,-3.277048624E0,7.675496331E0
2.620285700E1,2.992985040E0,-5.035206968E0,-1.747853796E0,6.112794905E0
2.621286000E1,1.027767946E0,-4.357156532E0,-2.012405221E0,4.908247627E0
2.622286200E1,-1.644695171E0,-2.975750372E0,-3.184832186E0,4.658676693E0
2.623286400E1,-3.237574655E0,9.833066681E-1,-3.224255868E0,4.673821515E0
2.624286700E1,-4.501619303E0,6.578211164E0,-3.581244171E-2,7.971117927E0
2.625286900E1,-4.558151646E0,1.070454681E1,5.404841044E0,1.282873242E1
2.626287200E1,-2.601534417E0,1.264401211E1,1.161688085E1,1.736637395E1
2.627287400E1,-2.469458680E0,1.333386194E1,1.794250166E1,2.249051947E1
2.628287600E1,-3.012427324E0,1.267248571E1,2.485376789E1,2.806022791E1
2.629287900E1,-3.361719815E0,1.269766850E1,3.302663872E1,3.554280251E1
2.630288100E1,-2.963253995E0,1.404948863E1,4.157099018E1,4.398086208E1
2.631288400E1,-7.597903448E-1,1.389447777E1,4.769969079E1,4.968796933E1
2.632288600E1,1.822170737E0,1.305429603E1,4.877467099E1,5.052428605E1
2.633288800E1,3.193952380E0,1.224875203E1,4.395221496E1,4.573871946E1
2.634289100E1,3.654470022E0,1.107643090E1,3.553681799E1,3.740197730E1
2.635289300E1,3.916507144E0,9.737668188E0,2.786712112E1,2.977814046E1
2.636289500E1,4.290723099E0,8.708902634E0,2.042148019E1,2.261177001E1
2.637289800E1,4.375199285E0,8.203039543E0,1.437211460E1,1.711694787E1
2.638290000E1,3.954622804E0,7.034406252E0,1.056787282E1,1.329668563E1
2.639290300E1,2.878332835E0,5.476952416E0,8.222290916E0,1.029018346E1
2.640290500E1,1.441665810E0,4.117677383E0,7.192776334E0,8.412472807E0
2.641290700E1,-2.486331113E-1,2.404926176E0,5.994316980E0,6.463538071E0
2.642291000E1,-1.573329904E0,1.845832080E0,4.452740673E0,5.070440076E0
2.643291200E1,-2.368700775E0,2.672113819E0,1.753495190E0,3.978150450E0
2.644291500E1,-1.928435550E0,3.842429938E0,-7.387629533E-1,4.362212994E0
2.645291700E1,-1.430101041E0,4.069155141E0,-1.015456122E0,4.431068007E0
2.646291900E1,-1.062377396E0,2.787674680E0,-1.425885052E0,3.306497246E0
2.647292200E1,-8.301175848E-1,4.606079811E-1,-2.868348715E0,3.021370428E0
2.648292400E1,-3.721331763E-1,-1.017376932E0,-4.027010749E0,4.170174396E0
2.649292700E1,1.068698455E0,-1.539554340E0,-5.422741710E0,5.737462122E0
2.650292900E1,2.389981278E0,-1.874101614E0,-6.542927896E0,7.213471620E0
2.651293100E1,3.775237829E0,-2.546365353E0,-6.261630045E0,7.742377413E0
2.652293400E1,4.986603742E0,-3.686292908E0,-4.573096252E0,7.705075056E0
2.653293600E1,4.768152934E0,-5.463082235E0,-2.814805761E0,7.778411238E0
2.654293900E1,3.691192290E0,-7.483488786E0,-9.506648791E-1,8.398289626E0
2.655294100E1,2.642748224E0,-9.165401192E0,1.393028963E-1,9.539816691E0
2.656294300E1,1.397507784E0,-9.890513821E0,-6.630227995E-1,1.001073878E1
2.657294600E1,-2.465779611E-1,-9.710752285E0,-3.823524721E0,1.043929365E1
2.658294800E1,-1.490416240E0,-8.937648050E0,-7.061600482E0,1.148778023E1
2.659295000E1,-2.587707506E0,-7.674184030E0,-1.008976003E1,1.293802876E1
2.660295300E1,-3.063528188E0,-6.486522145E0,-1.244026003E1,1.436037062E1
2.661295500E1,-2.848640382E0,-6.051443692E0,-1.291531941E1,1.454442155E1
2.662295800E1,-2.191530872E0,-6.453928596E0,-1.134824106E1,1.323777084E1
2.663296000E1,-1.594134882E0,-7.352552086E0,-8.761630486E0,1.154848289E1
2.664296200E1,-1.042948122E0,-8.460758497E0,-6.475197258E0,1.070515552E1
2.665296500E1,-7.948294191E-1,-9.517850887E0,-4.866736990E0,1.071943880E1
2.666296700E1,-1.068387018E0,-9.983207392E0,-5.067834431E0,1.124672514E1
2.667297000E1,-1.674314096E0,-9.755724975E0,-6.836894324E0,1.202998842E1
2.668297200E1,-2.168030912E0,-9.149089800E0,-9.088777524E0,1.307715868E1
2.669297400E1,-2.346569502E0,-8.417977928E0,-1.111699303E1,1.414058962E1
2.670297700E1,-1.565305185E0,-7.697538979E0,-1.151479899E1,1.393889818E1
2.671297900E1,-4.296496055E-1,-7.273593625E0,-9.881939464E0,1.227772335E1
2.672298200E1,-2.544008413E-2,-7.430817652E0,-8.158245193E0,1.103515577E1
2.673298400E1,-3.373982303E-2,-7.915569956E0,-7.605879781E0,1.097755862E1
2.674298600E1,-3.220177873E-1,-8.604519895E0,-8.220625044E0,1.190462659E1
2.675298900E1,-8.639010427E-1,-9.314451982E0,-9.591441604E0,1.339780179E1
2.676299100E1,-1.266453262E0,-9.705126679E0,-1.015503952E1,1.410383690E1
2.677299300E1,-1.455438342E0,-9.503788918E0,-9.364460294E0,1.342137926E1
2.678299600E1,-9.340793981E-1,-9.174676630E0,-7.692132643E0,1.200900080E1
2.679299800E1,-3.342995714E-1,-8.913087990E0,-6.633058047E0,1.111541060E1
2.680300100E1,2.216679454E-2,-8.644355221E0,-6.664531855E0,1.091518911E1
2.681300300E1,1.583594837E-1,-8.719319449E0,-6.880162550E0,1.110802620E1
2.682300500E1,-1.702136902E-1,-8.990305150E0,-6.683689088E0,1.120385020E1
2.683300800E1,-7.660595832E-1,-9.371260605E0,-6.679169775E0,1.153337251E1
2.684301000E1,-1.577644857E0,-9.843186457E0,-7.153498247E0,1.226987449E1
2.685301300E1,-2.838251342E0,-1.031160924E1,-7.754502554E0,1.321049831E1
2.686301500E1,-4.014480751E0,-9.898868322E0,-7.200910395E0,1.288242059E1
2.687301700E1,-3.955907730E0,-8.534441600E0,-5.884762963E0,1.109578003E1
2.688302000E1,-2.391915829E0,-6.026771951E0,-4.321225684E0,7.792062172E0
2.689302200E1,-6.612192258E-1,-2.581811759E0,-2.641317703E0,3.752268918E0
2.690302500E1,-2.367601572E-1,1.277885592E-1,-1.033755568E0,1.068192802E0
2.691302700E1,-1.849132833E0,1.910326869E0,-3.103012097E-1,2.676738281E0
2.692302900E1,-3.387422713E0,3.950030401E0,7.542335165E-1,5.257969285E0
2.693303200E1,-3.917338033E0,6.577138785E0,4.220913191E0,8.741876231E0
2.694303400E1,-3.175710821E0,9.541036266E0,7.876072599E0,1.277298054E1
2.695303600E1,-1.821213987E0,1.062470659E1,1.049734956E1,1.504644670E1
2.696303900E1,-2.358318605E0,1.039042737E1,1.253867569E1,1.645421027E1
2.697304100E1,-3.778913389E0,1.093809747E1,1.490152033E1,1.886736523E1
2.698304400E1,-3.963955545E0,1.282558453E1,1.852957497E1,2.288129609E1
2.699304600E1,-1.994918538E0,1.506919860E1,2.352747437E1,2.801075680E1
2.700304800E1,1.375893990E0,1.707913220E1,2.840007845E1,3.316857394E1
2.701305100E1,5.700884403E0,1.881925305E1,3.194573881E1,3.751259250E1
2.702305300E1,8.314343047E0,1.981492044E1,3.423213812E1,4.041780119E1
2.703305600E1,7.784794639E0,1.957531441E1,3.330737290E1,3.941036731E1
2.704305796E1,6.184180166E0,1.803723240E1,3.035909216E1,3.585052738E1
2.705305996E1,3.890059895E0,1.522790022E1,2.865561113E1,3.268280221E1
2.706306296E1,8.736351219E-1,1.155076522E1,2.760683348E1,2.993861504E1
2.707306496E1,-1.653750461E0,8.149158036E0,2.415831877E1,2.554932549E1
2.708306796E1,-2.853717812E0,6.379030441E0,1.884871600E1,2.010248317E1
2.709306996E1,-2.704250993E0,5.979859740E0,1.263935539E1,1.424166425E1
2.710307196E1,-2.114173963E0,6.068523409E0,6.349114916E0,9.033712865E0
2.711307496E1,-1.599315953E0,5.770217178E0,1.173210492E0,6.101609677E0
2.712307696E1,-8.115727749E-1,4.920998567E0,-1.930164717E0,5.347935405E0
2.713307896E1,5.666717952E-1,4.018515914E0,-3.756850675E0,5.530236348E0
2.714308196E1,2.195475696E0,3.217126942E0,-5.442777779E0,6.692820724E0
2.715308396E1,3.306283825E0,1.964279128E0,-7.352987119E0,8.297971125E0
2.716308696E1,3.304806233E0,-3.234042352E-1,-8.201029270E0,8.847780266E0
2.717308896E1,1.805744008E0,-3.034253226E0,-6.409701426E0,7.317901095E0
2.718309096E1,1.098770612E0,-4.975808612E0,-5.108042809E0,7.215127826E0
2.719309396E1,1.926931207E0,-6.092548449E0,-5.454423094E0,8.401365470E0
2.720309596E1,2.976828306E0,-6.480795382E0,-5.686920667E0,9.121583318E0
2.721309896E1,3.392348700E0,-6.592860779E0,-5.919768489E0,9.487755367E0
2.722310096E1,3.833350674E0,-6.905983270E0,-6.414842883E0,1.017533250E1
2.723310296E1,4.326607753E0,-6.943578528E0,-7.080843669E0,1.081994291E1
2.724310596E1,4.436697083E0,-6.385954129E0,-7.759071568E0,1.098489339E1
2.725310796E1,4.543193007E0,-5.593255874E0,-8.169451382E0,1.089334888E1
2.726310996E1,3.954177246E0,-5.293589580E0,-8.167401348E0,1.050542970E1
2.727311296E1,3.005029427E0,-5.784943390E0,-8.048327479E0,1.035718819E1
2.728311496E1,2.261750377E0,-6.557614932E0,-8.361710172E0,1.086443857E1
2.729311796E1,1.803877723E0,-6.956413166E0,-8.843976240E0,1.139568228E1
2.730311996E1,1.816543231E0,-6.668389263E0,-9.220015941E0,1.152284421E1
2.731312196E1,2.552374244E0,-6.047890924E0,-1.013323408E1,1.207369172E1
2.732312496E1,3.419648180E0,-5.479910522E0,-1.079530262E1,1.258022144E1
2.733312696E1,3.974438433E0,-5.175508568E0,-1.067659712E1,1.251286442E1
2.734312996E1,3.834318096E0,-5.422673298E0,-1.029932775E1,1.225493913E1
2.735313196E1,3.082802073E0,-6.127954509E0,-1.009051315E1,1.220139135E1
2.736313396E1,2.483857740E0,-6.653820925E0,-1.049860320E1,1.267531267E1
2.737313696E1,2.012694658E0,-6.923826633E0,-1.090857722E1,1.307621397E1
2.738313896E1,1.777093967E0,-7.066126812E0,-1.084759310E1,1.306745909E1
2.739314196E1,2.040919460E0,-7.025012115E0,-1.022611827E1,1.257337037E1
2.740314396E1,2.411132411E0,-6.955804471E0,-9.398046700E0,1.193817646E1
2.741314596E1,2.559971531E0,-6.994349316E0,-8.648510837E0,1.141363729E1
2.742314896E1,2.647359339E0,-7.004563233E0,-8.185729446E0,1.109407879E1
2.743315096E1,2.508208762E0,-6.753000228E0,-8.155483553E0,1.088145373E1
2.744315296E1,2.274655328E0,-6.406898271E0,-8.420222674E0,1.082231732E1
2.745315596E1,1.899875117E0,-6.086993009E0,-8.991252399E0,1.102286846E1
2.746315796E1,1.595173347E0,-5.679207020E0,-9.773509281E0,1.141575464E1
2.747316096E1,1.718639060E0,-5.326776622E0,-1.099364134E1,1.233646705E1
2.748316296E1,1.891626304E0,-5.354390098E0,-1.200755321E1,1.328266078E1
2.749316496E1,1.880154505E0,-5.851021605E0,-1.173150265E1,1.324377549E1
2.750316796E1,2.057041257E0,-6.468154871E0,-9.912923859E0,1.201392965E1
2.751316996E1,2.657501042E0,-6.850554004E0,-7.917810025E0,1.080204229E1
2.752317296E1,3.120071933E0,-7.083595369E0,-7.002231948E0,1.043759668E1
2.753317496E1,2.888688547E0,-7.131153697E0,-6.977220483E0,1.038650472E1
2.754317696E1,2.440119836E0,-6.710641828E0,-6.957400761E0,9.969569896E0
2.755317996E1,1.785048081E0,-6.119878335E0,-6.467469578E0,9.081160181E0
2.756318196E1,3.237151609E-1,-5.928271510E0,-4.316578901E0,7.340439225E0
2.757318396E1,-1.402033821E0,-4.999099241E0,9.049653804E-1,5.270261322E0
2.758318696E1,-2.570215561E0,-1.400447033E0,5.378543776E0,6.123397184E0
2.759318896E1,-2.701829661E0,4.229476146E0,6.907681886E0,8.538408577E0
2.760319196E1,-2.728455542E0,1.048463420E1,7.318127773E0,1.307390600E1
2.761319396E1,-3.432153328E0,1.541080697E1,8.533842845E0,1.794712015E1
2.762319596E1,-4.727855678E0,1.685278765E1,1.284575158E1,2.171134276E1
2.763319896E1,-5.445778570E0,1.510284464E1,1.956879242E1,2.531185607E1
2.764320096E1,-4.878231447E0,1.249594658E1,2.680061471E1,2.997029816E1
2.765320296E1,-3.615157144E0,1.201036572E1,3.329013531E1,3.557458861E1
2.766320596E1,-1.334539995E0,1.418861727E1,3.730921431E1,3.993839418E1
2.767320796E1,1.974909220E0,1.716221295E1,3.803216171E1,4.177184631E1
2.768321096E1,4.362040711E0,1.974649632E1,3.652698549E1,4.175131358E1
2.769321296E1,4.997571949E0,2.039836030E1,3.524737146E1,4.102981871E1
2.770321496E1,3.805736029E0,1.838072708E1,3.297558785E1,3.794369709E1
2.771321796E1,2.386527912E0,1.520278876E1,2.773347482E1,3.171696592E1
2.772321996E1,1.750032468E0,1.266932120E1,2.164746589E1,2.514333098E1
2.773322296E1,8.777881799E-1,1.060442260E1,1.579221149E1,1.904253750E1
2.774322496E1,-7.761689805E-1,8.796290442E0,9.566276942E0,1.301886394E1
2.775322696E1,-2.165041377E0,6.548724825E0,4.134148112E0,8.041416642E0
2.776322996E1,-3.231568980E0,3.898707927E0,5.683294809E-1,5.095680521E0
2.777323196E1,-3.694794760E0,1.583688246E0,-1.728819939E0,4.375887928E0
2.778323396E1,-2.674626367E0,7.201416180E-1,-3.524537289E0,4.482699327E0
2.779323696E1,-9.700903527E-1,1.165099234E0,-4.866713601E0,5.097394707E0
2.780323896E1,1.539572247E-1,1.222317163E0,-5.757714077E0,5.888041564E0
2.781324196E1,3.036948610E-1,5.779379180E-1,-6.158449493E0,6.192959144E0
2.782324396E1,1.461900392E-1,-4.680582109E-1,-6.156545055E0,6.176042182E0
2.783324596E1,-1.886866524E-1,-2.185832468E0,-5.275914617E0,5.713907706E0
2.784324896E1,-5.749826621E-1,-4.250610614E0,-4.349801027E0,6.108933182E0
2.785325096E1,-2.703087397E-1,-5.961239281E0,-4.060221764E0,7.217675620E0
2.786325296E1,7.659115025E-1,-6.773019340E0,-3.919745332E0,7.862875738E0
2.787325596E1,1.360474297E0,-6.968709276E0,-4.206954718E0,8.253015648E0
2.788325796E1,1.249134540E0,-7.094205142E0,-5.325708336E0,8.958306367E0
2.789326096E1,6.607797345E-1,-7.056521591E0,-6.740802351E0,9.781080879E0
2.790326296E1,1.687312017E-1,-6.892865626E0,-7.873991575E0,1.046612679E1
2.791326496E1,-2.914169689E-1,-6.758787217E0,-8.838734211E0,1.113055933E1
2.792326796E1,-6.783084445E-1,-6.643135139E0,-9.889870627E0,1.193318431E1
2.793326996E1,-8.183634388E-1,-6.488688539E0,-1.108257866E1,1.286842443E1
2.794327296E1,-7.452533627E-1,-6.240304080E0,-1.201118082E1,1.355600466E1
2.795327496E1,-5.743858441E-1,-5.894882739E0,-1.229974209E1,1.365149138E1
2.796327696E1,-4.836635524E-1,-5.661277703E0,-1.173308140E1,1.303645637E1
2.797327996E1,-4.980054202E-1,-5.890280980E0,-1.065833744E1,1.218784543E1
2.798328196E1,-8.599159460E-1,-6.448551496E0,-9.937077538E0,1.187723797E1
2.799328396E1,-1.358117431E0,-6.939595989E0,-9.351680034E0,1.172417992E1
2.800328696E1,-1.452984558E0,-7.319834576E0,-9.136045831E0,1.179654508E1
2.801328896E1,-1.426030940E0,-7.363366511E0,-9.281831535E0,1.193336194E1
2.802329196E1,-1.210247633E0,-6.976442218E0,-9.680667191E0,1.199378016E1
2.803329396E1,-6.009643994E-1,-6.242886795E0,-9.918841242E0,1.173534002E1
2.804329596E1,-2.652421273E-2,-5.546209762E0,-9.809006558E0,1.126844070E1
2.805329858E1,3.761856988E-1,-5.234488848E0,-9.716214754E0,1.104292617E1
2.806330058E1,5.748980602E-1,-5.320904263E0,-9.305810966E0,1.073501969E1
2.807330258E1,6.907732464E-1,-5.645193767E0,-8.473581440E0,1.020524193E1
2.808330558E1,4.457124916E-1,-6.292677591E0,-7.544509744E0,9.834433292E0
2.809330758E1,-3.543752555E-2,-7.031214257E0,-7.119734085E0,1.000649005E1
2.810331058E1,-4.310954026E-1,-7.299771025E0,-6.838278944E0,1.001172109E1
2.811331258E1,-6.076233182E-1,-7.128939942E0,-6.898027548E0,9.938499627E0
2.812331458E1,-6.659516698E-1,-6.760433208E0,-7.212984311E0,9.908283982E0
2.813331758E1,-6.437160243E-1,-6.312300847E0,-7.429602016E0,9.770286506E0
2.814331958E1,-6.304231104E-1,-5.803919944E0,-7.772025490E0,9.720457820E0
2.815332158E1,-5.385100698E-1,-5.364280663E0,-8.178400546E0,9.795495680E0
2.816332458E1,-2.553170635E-1,-5.095951937E0,-7.881951390E0,9.389306186E0
2.817332658E1,-3.673681341E-2,-4.948927208E0,-7.305962057E0,8.824415656E0
2.818332958E1,-1.388932257E-1,-4.947260166E0,-7.202573928E0,8.739092955E0
2.819333158E1,-4.107113510E-1,-5.170760629E0,-7.188518391E0,8.864549958E0
2.820333358E1,-5.031365347E-1,-5.615593407E0,-6.943163375E0,8.944023331E0
2.821333658E1,-8.298352374E-1,-5.925472448E0,-6.164889616E0,8.591025214E0
2.822333858E1,-1.567770517E0,-5.922102113E0,-4.973222389E0,7.890636144E0
2.823334158E1,-2.131822760E0,-5.259435409E0,-3.402247451E0,6.616767853E0
2.824334358E1,-2.558663802E0,-3.619028586E0,-2.214908332E0,4.954790336E0
2.825334558E1,-2.225099006E0,-1.004036802E0,-2.510056483E0,3.501362453E0
2.826334858E1,-1.262772294E0,2.441801642E0,-3.038897962E0,4.097790862E0
2.827335058E1,-1.577010141E0,5.253111645E0,-1.763247761E0,5.761179185E0
2.828335258E1,-3.285088253E0,6.498366850E0,7.408363760E-2,7.281899816E0
2.829335558E1,-5.525788946E0,8.134424222E0,2.399273965E0,1.012223871E1
2.830335758E1,-5.439571751E0,1.070957308E1,9.197446858E0,1.512867889E1
2.831336058E1,-1.271605244E0,1.311330964E1,2.027010513E1,2.417546342E1
2.832336258E1,5.428178451E0,1.439531752E1,2.895794025E1,3.279104437E1
2.833336458E1,1.184374697E1,1.540720625E1,3.461846834E1,3.970005915E1
2.834336758E1,1.489289803E1,1.524215924E1,4.064034734E1,4.588855698E1
2.835336958E1,1.444645610E1,1.268172314E1,4.589669951E1,4.975975504E1
2.836337158E1,1.286315055E1,1.005268986E1,4.794090949E1,5.064432859E1
2.837337458E1,1.068242679E1,8.742570902E0,4.585118946E1,4.788400947E1
2.838337658E1,7.800456406E0,7.984616802E0,3.934643336E1,4.089918145E1
2.839337958E1,4.842950517E0,7.291687249E0,3.067976282E1,3.190408625E1
2.840338158E1,2.814682092E0,6.667950722E0,2.196291616E1,2.312474191E1
2.841338358E1,9.084973180E-1,5.999224548E0,1.443601765E1,1.565933166E1
2.842338658E1,-1.008056032E0,4.969060925E0,8.662583331E0,1.003733498E1
2.843338858E1,-2.479563838E0,3.252347646E0,5.205691311E0,6.620062240E0
2.844339058E1,-3.299186474E0,1.474069617E0,3.101778334E0,4.762199226E0
2.845339358E1,-3.187008519E0,8.327253699E-2,1.613573073E0,3.573174454E0
2.846339558E1,-2.391359759E0,-6.920896009E-1,4.827420312E-1,2.535868565E0
2.847339858E1,-1.489791318E0,-4.552373135E-1,-7.696005839E-1,1.737528199E0
2.848340058E1,-8.354468834E-1,4.638400295E-1,-2.396315859E0,2.579815645E0
2.849340258E1,-7.781098907E-1,1.046025657E0,-4.504887897E0,4.689737694E0
2.850340558E1,-1.258936228E0,7.064500701E-1,-6.636983283E0,6.792167491E0
2.851340758E1,-1.659463045E0,-3.867982855E-1,-8.097058759E0,8.274405783E0
2.852340958E1,-2.188652580E0,-2.233738121E0,-8.533289698E0,9.088279220E0
2.853341258E1,-3.010231695E0,-4.556748022E0,-7.718173218E0,9.454927034E0
2.854341458E1,-3.712829327E0,-6.498289082E0,-6.708956661E0,1.005101796E1
2.855341758E1,-3.955265705E0,-7.467976123E0,-6.293986782E0,1.053703297E1
2.856341958E1,-3.220359283E0,-7.641637259E0,-5.986097549E0,1.022735048E1
2.857342158E1,-1.565696218E0,-7.188435946E0,-5.704983301E0,9.309771772E0
2.858342458E1,-5.139753722E-2,-6.207856126E0,-5.716388880E0,8.439029637E0
2.859342658E1,6.286471649E-1,-5.100149653E0,-6.324227412E0,8.148777583E0
2.860342858E1,8.104512790E-1,-4.256761593E0,-7.499099683E0,8.661024569E0
2.861343158E1,7.486441630E-1,-3.888140254E0,-8.635563932E0,9.500056165E0
2.862343358E1,5.462712618E-1,-3.866321954E0,-9.465600752E0,1.023935815E1
2.863343658E1,3.055899253E-1,-4.085365961E0,-1.000039002E1,1.080700702E1
2.864343858E1,2.428342082E-1,-4.421494615E0,-1.039752238E1,1.130119705E1
2.865344058E1,4.255297304E-1,-4.721793577E0,-1.040653996E1,1.143557974E1
2.866344358E1,7.930603440E-1,-4.949396739E0,-9.926899874E0,1.112064809E1
2.867344558E1,1.010457483E0,-4.965377764E0,-9.518259022E0,1.078300772E1
2.868344758E1,9.525371575E-1,-4.901192293E0,-9.455569269E0,1.069283887E1
2.869345058E1,1.131958312E0,-4.849806377E0,-9.997595050E0,1.116932667E1
2.870345258E1,1.066791971E0,-4.645348834E0,-1.065127868E1,1.166906373E1
2.871345558E1,7.162663758E-1,-4.333830526E0,-1.095106308E1,1.179919096E1
2.872345758E1,5.882444761E-1,-4.309477166E0,-1.131141412E1,1.211881654E1
2.873345958E1,3.337790231E-1,-4.665402153E0,-1.148469987E1,1.240063372E1
2.874346258E1,1.941075329E-1,-4.946690648E0,-1.103150323E1,1.209138080E1
2.875346458E1,1.442306373E-1,-5.412892075E0,-1.058138340E1,1.188637362E1
2.876346658E1,-3.148944899E-2,-5.760097402E0,-1.052347725E1,1.199680321E1
2.877346958E1,-3.985966511E-2,-5.755451789E0,-1.047755556E1,1.195432912E1
2.878347158E1,1.989151867E-1,-5.570714858E0,-1.054648488E1,1.192898883E1
2.879347458E1,6.833790768E-1,-5.216587012E0,-1.092913135E1,1.212953829E1
2.880347658E1,1.252270402E0,-4.710073711E0,-1.140157000E1,1.239954733E1
2.881347858E1,1.710477955E0,-4.363920883E0,-1.162525407E1,1.253459502E1
2.882348158E1,1.934330128E0,-4.423346428E0,-1.139959130E1,1.237975398E1
2.883348358E1,1.982566441E0,-4.808122162E0,-1.096114602E1,1.213240828E1
2.884348558E1,2.068036946E0,-5.260844003E0,-1.042554107E1,1.185939134E1
2.885348858E1,1.866289734E0,-5.995895144E0,-9.766026599E0,1.161073088E1
2.886349058E1,1.332732767E0,-6.858512650E0,-9.150586102E0,1.151297522E1
2.887349358E1,1.075776729E0,-6.991875944E0,-8.584021896E0,1.112335636E1
2.888349558E1,1.668267636E0,-6.129924436E0,-7.882429107E0,1.012382236E1
2.889349758E1,2.290334929E0,-4.714295400E0,-7.364762242E0,9.039354960E0
2.890350058E1,1.400483578E0,-3.939547220E0,-6.148828484E0,7.435689496E0
2.891350258E1,-2.836451422E-1,-3.936206414E0,-2.467117454E0,4.654121188E0
2.892350458E1,-2.688465849E0,-4.187234690E0,2.165932054E0,5.426973801E0
2.893350758E1,-5.219420573E0,-3.762252040E0,5.799983014E0,8.662372336E0
2.894350958E1,-6.334442498E0,-1.066492082E0,7.675432996E0,1.000873812E1
2.895351258E1,-6.448170843E0,4.731956623E0,7.033332118E0,1.065073150E1
2.896351458E1,-6.192009003E0,1.123034715E1,7.006789852E0,1.461358193E1
2.897351658E1,-6.687821315E0,1.420507368E1,1.140569580E1,1.940620954E1
2.898351958E1,-7.827998546E0,1.158866921E1,1.664053957E1,2.173665964E1
2.899352158E1,-7.608470682E0,7.119009615E0,2.257027347E1,2.485933162E1
2.900352358E1,-5.337081170E0,5.473980861E0,3.167425025E1,3.258384616E1
2.901352658E1,-2.469983467E0,5.457050833E0,3.897020479E1,3.942787191E1
2.902352858E1,-1.523223432E-2,5.819753619E0,4.255026315E1,4.294641613E1
2.903353158E1,1.113648560E0,7.283253810E0,4.308411861E1,4.370957877E1
2.904353358E1,1.230318639E0,9.124790525E0,3.889695087E1,3.997184351E1
2.905353558E1,1.414556218E0,1.037063455E1,3.212606694E1,3.378809268E1
2.906353858E1,1.658123886E0,1.125562116E1,2.593753527E1,2.832303159E1
2.907354058E1,1.808714832E0,1.117890569E1,2.033865789E1,2.327875397E1
2.908354258E1,2.100309630E0,1.002138386E1,1.556273634E1,1.862896126E1
2.909354558E1,1.962689708E0,8.633559507E0,1.180042261E1,1.475264297E1
2.910354758E1,1.120633205E0,7.218654356E0,8.189345364E0,1.097406793E1
2.911354958E1,8.330584785E-2,5.807672102E0,4.712476332E0,7.479533962E0
2.912355258E1,-8.872933406E-1,4.286031000E0,1.569996698E0,4.649972133E0
2.913355458E1,-1.557699565E0,2.408846442E0,-1.164100530E0,3.095819627E0
2.914355758E1,-1.450522441E0,7.618606246E-1,-3.212958462E0,3.606597988E0
2.915355958E1,-2.171711990E-1,-5.706666130E-1,-3.961549416E0,4.008328515E0
2.916356158E1,1.109922276E0,-1.770603850E0,-3.639985884E0,4.197197004E0
2.917356458E1,1.548572647E0,-2.919355439E0,-3.229139462E0,4.620395555E0
2.918356658E1,1.250514483E0,-3.979616435E0,-2.638177748E0,4.935698053E0
2.919356858E1,5.258792800E-1,-4.968217757E0,-2.055194560E0,5.402181168E0
2.920357158E1,7.664237916E-4,-5.897795822E0,-1.967647124E0,6.217365306E0
2.921357358E1,-2.861760364E-1,-6.757498491E0,-2.661604618E0,7.268412600E0
2.922357658E1,-6.993796170E-1,-7.119801328E0,-3.824026412E0,8.111959122E0
2.923357858E1,-1.056946356E0,-7.046216458E0,-5.158186777E0,8.796203317E0
2.924358058E1,-1.318398903E0,-6.755475354E0,-6.900996764E0,9.746711203E0
2.925358358E1,-1.719482521E0,-6.459078823E0,-8.709375089E0,1.097859435E1
2.926358558E1,-2.009145398E0,-6.272898799E0,-9.997190423E0,1.197203997E1
2.927358758E1,-2.136308013E0,-6.179792415E0,-1.096325336E1,1.276505270E1
2.928359058E1,-2.225089066E0,-6.317868565E0,-1.197514794E1,1.372117534E1
2.929359258E1,-2.149646243E0,-6.810875968E0,-1.256218033E1,1.445051504E1
2.930359558E1,-2.015511262E0,-7.486135821E0,-1.244434958E1,1.466173085E1
2.931359758E1,-1.905426756E0,-7.822060114E0,-1.190631803E1,1.437274102E1
2.932359958E1,-1.612972710E0,-7.655899202E0,-1.148998458E1,1.390087117E1
2.933360258E1,-1.246932479E0,-7.394751441E0,-1.143155569E1,1.367178317E1
2.934360458E1,-8.635290867E-1,-6.951258845E0,-1.143245967E1,1.340771480E1
2.935360658E1,-7.092741291E-1,-6.269174123E0,-1.148835204E1,1.310678628E1
2.936360958E1,-7.159789120E-1,-5.704017926E0,-1.160754870E1,1.295313217E1
2.937361158E1,-8.852469613E-1,-5.658526588E0,-1.201063469E1,1.330631170E1
2.938361358E1,-1.392562940E0,-6.162959450E0,-1.230337672E1,1.383092113E1
2.939361658E1,-2.047850604E0,-6.651386729E0,-1.169117324E1,1.360581380E1
2.940361858E1,-2.336929783E0,-7.095286292E0,-1.006126421E1,1.253129546E1
2.941362158E1,-2.475557325E0,-7.306036901E0,-8.127392945E0,1.120540385E1
2.942362358E1,-2.437822904E0,-7.382686881E0,-7.128965669E0,1.054842157E1
2.943362558E1,-2.014760333E0,-7.394765475E0,-7.513227725E0,1.073267937E1
2.944362858E1,-1.339354447E0,-7.103906257E0,-8.702611615E0,1.131347884E1
2.945363058E1,-7.940464769E-1,-6.534447094E0,-9.524861698E0,1.157810429E1
2.946363258E1,-4.370354794E-1,-6.227761803E0,-9.666337420E0,1.150713241E1
2.947363558E1,2.246770870E-1,-6.461762695E0,-8.302299537E0,1.052297651E1
2.948363758E1,1.171858688E0,-6.928354132E0,-5.705899560E0,9.051664684E0
2.949364058E1,1.564222573E0,-7.480416659E0,-3.594441921E0,8.445320502E0
2.950364258E1,1.685683129E0,-8.263245399E0,-2.992585675E0,8.948649125E0
2.951364458E1,1.672284527E0,-9.140747577E0,-3.299963862E0,9.861012285E0
2.952364758E1,1.481057917E0,-9.483776822E0,-4.011394590E0,1.040321306E1
2.953364958E1,1.447202392E0,-8.498326857E0,-4.865706126E0,9.899042895E0
2.954365158E1,2.141472420E0,-6.269952972E0,-4.343769624E0,7.922534250E0
2.955365458E1,3.131410269E0,-3.331407849E0,-2.458752428E0,5.191288089E0
2.956365658E1,2.611670566E0,-8.621061668E-1,7.455433846E-2,2.751292157E0
2.957365858E1,3.789293951E-1,9.282539633E-1,1.399186665E0,1.721326881E0
2.958366158E1,-1.861522060E0,2.887493961E0,1.388562859E0,3.705535395E0
2.959366358E1,-3.268873631E0,6.353823679E0,1.275377721E0,7.258319261E0
2.960366658E1,-4.169082009E0,9.924444044E0,3.434074430E0,1.129905755E1
2.961366858E1,-4.323217538E0,1.251241935E1,8.717247196E0,1.585059136E1
2.962367058E1,-2.522907493E0,1.383058992E1,1.715196746E1,2.217747207E1
2.963367358E1,-8.916294895E-1,1.320166224E1,2.766636281E1,3.066767876E1
2.964367558E1,-7.707991169E-1,1.192973379E1,3.598272666E1,3.791660978E1
2.965367758E1,-1.018342161E0,1.126683027E1,3.877491247E1,4.039148824E1
2.966368058E1,-4.350967254E-1,1.156855595E1,3.938807489E1,4.105412573E1
2.967368258E1,2.337896620E-1,1.280377091E1,3.950090744E1,4.152484673E1
2.968368458E1,8.774143235E-1,1.309291221E1,3.727962038E1,3.952169407E1
2.969368758E1,8.744772671E-1,1.224033321E1,3.251571136E1,3.475430840E1
2.970368958E1,5.157052709E-1,1.120211797E1,2.699466275E1,2.923123699E1
2.971369258E1,1.121254764E-1,9.331581985E0,2.089907141E1,2.288803574E1
2.972369458E1,-7.821399379E-1,7.734776387E0,1.481841619E1,1.673391667E1
2.973369658E1,-1.561512535E0,6.463776476E0,9.748068046E0,1.180015078E1
2.974369958E1,-2.007985164E0,5.274707751E0,5.961099533E0,8.209095804E0
2.975370158E1,-2.499841982E0,4.113587548E0,2.955456440E0,5.648498492E0
2.976370358E1,-3.089185478E0,2.674857917E0,1.028493658E0,4.213754976E0
2.977370658E1,-3.417178901E0,1.009681119E0,5.644843519E-1,3.607659932E0
2.978370858E1,-3.326901107E0,-3.800818813E-1,5.312517017E-1,3.390422036E0
2.979371158E1,-2.794781679E0,-1.331163959E0,4.502905691E-1,3.128188568E0
2.980371358E1,-1.952670943E0,-2.043710921E0,1.756772554E-1,2.832055903E0
2.981371558E1,-1.242554961E0,-2.834645656E0,-6.080753446E-1,3.154189983E0
2.982371858E1,-8.953290229E-1,-3.930729911E0,-2.313208798E0,4.647922831E0
2.983372058E1,-6.052597640E-1,-4.963558695E0,-4.271051311E0,6.576103223E0
2.984372258E1,-2.266173211E-1,-5.651923912E0,-6.136941680E0,8.346116013E0
2.985372558E1,3.311884873E-2,-6.066965126E0,-7.492682948E0,9.641030052E0
2.986372758E1,2.295715537E-1,-6.471780730E0,-8.290769413E0,1.052014764E1
2.987372958E1,5.172613612E-1,-6.902042246E0,-9.022328011E0,1.137137411E1
2.988373258E1,8.553393303E-1,-7.285452948E0,-9.621991552E0,1.209926243E1
2.989373458E1,1.119472314E0,-7.585219814E0,-1.007380883E1,1.265979471E1
2.990373758E1,1.196497613E0,-7.527558666E0,-1.051404686E1,1.298618217E1
2.991373958E1,1.294264374E0,-7.353197034E0,-1.101055266E1,1.330326639E1
2.992374158E1,1.236952451E0,-7.234052414E0,-1.138849563E1,1.354840944E1
2.993374458E1,9.371206080E-1,-7.326287563E0,-1.149239597E1,1.366118039E1
2.994374658E1,5.949500996E-1,-7.594794044E0,-1.127348791E1,1.360611597E1
2.995374858E1,3.630518657E-1,-7.867616941E0,-1.087805358E1,1.342993867E1
2.996375158E1,2.877495953E-1,-7.991493128E0,-1.074563637E1,1.339460575E1
2.997375358E1,4.529368727E-1,-8.003477581E0,-1.051804987E1,1.322460503E1
2.998375558E1,9.730984528E-1,-7.902106742E0,-9.894899232E0,1.270036387E1
2.999375858E1,1.771587644E0,-7.657446375E0,-9.053208911E0,1.198897825E1
3.000376058E1,2.414376885E0,-7.171528721E0,-8.170222630E0,1.113609347E1
3.001376358E1,2.795192738E0,-6.723947752E0,-7.682595835E0,1.058521868E1
3.002376558E1,2.808011881E0,-6.440504558E0,-7.882767076E0,1.055950029E1
3.003376758E1,2.315616974E0,-6.499845611E0,-8.315800173E0,1.080567478E1
3.004377058E1,1.605396912E0,-6.876842501E0,-8.596907405E0,1.112542489E1
3.005377283E1,8.195014532E-1,-7.312824349E0,-8.742342276E0,1.142705260E1
3.006377483E1,3.191712166E-1,-7.428581677E0,-8.895540496E0,1.159380596E1
3.007377783E1,1.723872830E-1,-7.222790092E0,-8.947262042E0,1.150008314E1
3.008377983E1,4.395245660E-1,-6.830658268E0,-9.091022855E0,1.137970873E1
3.009378183E1,7.809498833E-1,-6.285242271E0,-9.145617723E0,1.112458883E1
3.010378483E1,9.098954603E-1,-5.832535048E0,-9.178795994E0,1.091314211E1
3.011378683E1,8.982567237E-1,-5.589314266E0,-9.306086370E0,1.089268299E1
3.012378983E1,6.829464559E-1,-5.426346518E0,-9.579985739E0,1.103121839E1
3.013379183E1,6.408734735E-2,-5.776485393E0,-9.359562081E0,1.099878598E1
3.014379383E1,-7.386769992E-1,-6.166052628E0,-8.946070379E0,1.089027199E1
3.015379683E1,-1.183156752E0,-6.768599430E0,-8.798356848E0,1.116355147E1
3.016379883E1,-1.168772455E0,-7.076302722E0,-8.865747762E0,1.140357719E1
3.017380083E1,-4.796390601E-2,-5.966324605E0,-8.955301963E0,1.076089044E1
3.018380383E1,1.970300006E0,-4.268336449E0,-9.112145337E0,1.025338826E1
3.019380583E1,2.838750986E0,-2.001658623E0,-9.063604091E0,9.706392921E0
3.020380783E1,1.430859278E0,1.285218000E-2,-8.598991937E0,8.717234985E0
3.021381083E1,-1.528853935E0,1.704135919E0,-9.169190773E0,9.450689552E0
3.022381283E1,-4.252531425E0,3.511094832E0,-6.620067873E0,8.616095930E0
3.023381583E1,-4.299008895E0,5.276660137E0,1.198020228E0,6.910851767E0
3.024381783E1,-1.113929738E0,7.660188135E0,1.096552676E1,1.342244757E1
3.025381983E1,3.361062295E0,1.115273940E1,2.111144462E1,2.411168658E1
3.026382283E1,6.432023757E0,1.406344359E1,2.761104348E1,3.164681812E1
3.027382483E1,6.604424817E0,1.586283650E1,2.933652173E1,3.399822814E1
3.028382683E1,5.599690735E0,1.715040391E1,2.928994515E1,3.440049095E1
3.029382983E1,4.228317812E0,1.688084142E1,2.812544409E1,3.307388825E1
3.030383183E1,3.121467371E0,1.483347278E1,2.703738952E1,3.099670797E1
3.031383383E1,2.371091994E0,1.229034678E1,2.763757113E1,3.033990835E1
3.032383683E1,1.885482050E0,9.475777831E0,2.910492054E1,3.066662367E1
3.033383883E1,1.413492756E0,6.715659324E0,2.977027988E1,3.055106555E1
3.034384183E1,5.995515294E-1,5.064631326E0,2.937626643E1,2.981568349E1
3.035384383E1,-2.915869767E-1,4.633120552E0,2.652880806E1,2.693192318E1
3.036384583E1,-4.252108379E-1,5.687615901E0,2.053460042E1,2.131195893E1
3.037384883E1,1.488379326E-1,7.925489173E0,1.399846699E1,1.608703234E1
3.038385083E1,6.942445922E-1,9.821649992E0,8.374486338E0,1.292589670E1
3.039385283E1,1.445944656E0,1.061586794E1,3.825543180E0,1.137638733E1
3.040385583E1,1.627074879E0,9.796967726E0,6.388077253E-1,9.951684510E0
3.041385783E1,1.062433602E0,7.826419798E0,-1.567091802E0,8.052166710E0
3.042385983E1,5.552567147E-1,4.902911082E0,-1.914279002E0,5.292571322E0
3.043386283E1,1.687813233E-1,2.003603115E0,-1.245414249E0,2.365157337E0
3.044386483E1,5.559368920E-1,-1.070502394E-1,-8.593149984E-1,1.029051917E0
3.045386783E1,9.939022614E-1,-1.552179648E0,9.766931748E-1,2.085912971E0
3.046386983E1,8.592136954E-1,-2.817923496E0,2.718072934E0,4.008348972E0
3.047387183E1,2.447625469E-1,-3.694651795E0,2.455241759E0,4.442811350E0
3.048387483E1,-4.125736161E-1,-4.115504850E0,8.149919343E-1,4.215662345E0
3.049387683E1,1.230606468E-1,-4.437283266E0,5.387741446E-2,4.439316331E0
3.050387883E1,9.234574923E-1,-4.572129123E0,4.631526893E-1,4.687392545E0
3.051388183E1,1.005428731E0,-5.074685029E0,6.753422982E-1,5.217221703E0
3.052388383E1,6.028811441E-2,-5.414356803E0,-8.803287220E-1,5.485788266E0
3.053388583E1,-1.016105747E0,-5.525883086E0,-4.330977670E0,7.094027230E0
3.054388883E1,-1.561627286E0,-5.813973062E0,-8.036205032E0,1.004099367E1
3.055389083E1,-1.626661919E0,-5.906840880E0,-1.026190674E1,1.195171653E1
3.056389283E1,-1.260560438E0,-5.749280638E0,-1.106920959E1,1.253677157E1
3.057389583E1,-8.237437543E-1,-5.581983612E0,-1.112492887E1,1.247401849E1
3.058389783E1,-5.593238186E-1,-5.589346426E0,-1.118146326E1,1.251314338E1
3.059390083E1,-3.687844028E-1,-5.751881479E0,-1.129427359E1,1.267993527E1
3.060390283E1,-4.445369089E-1,-5.610774132E0,-1.150869099E1,1.281125941E1
3.061390483E1,-3.731952500E-1,-5.392268361E0,-1.167694813E1,1.286728217E1
3.062390783E1,-2.246953413E-2,-5.433099468E0,-1.151572636E1,1.273306830E1
3.063390983E1,3.459899828E-1,-5.461619847E0,-1.151526443E1,1.274952216E1
3.064391183E1,5.097685198E-1,-5.432276765E0,-1.178157587E1,1.298364451E1
3.065391483E1,8.788506190E-1,-5.498038645E0,-1.165865804E1,1.291995026E1
3.066391683E1,1.300685640E0,-5.643078244E0,-1.107802719E1,1.250035206E1
3.067391883E1,1.505530854E0,-5.827825701E0,-1.014837837E1,1.179914230E1
3.068392183E1,1.491888861E0,-6.331176828E0,-9.294804168E0,1.134473080E1
3.069392383E1,1.094913716E0,-6.855075656E0,-9.358635297E0,1.165225098E1
3.070392683E1,8.271463222E-1,-6.880520985E0,-1.004032884E1,1.219975177E1
3.071392883E1,1.011958244E0,-6.706423647E0,-1.048406819E1,1.248662738E1
3.072393083E1,1.442602973E0,-6.698996513E0,-1.061336884E1,1.263333906E1
3.073393383E1,2.092728422E0,-6.625078937E0,-1.019337854E1,1.233596973E1
3.074393583E1,2.097863739E0,-6.823292531E0,-9.286442065E0,1.171308497E1
3.075393783E1,1.274336040E0,-7.486607106E0,-8.208560484E0,1.118274043E1
3.076394083E1,2.172350250E-1,-8.067691119E0,-8.530770718E0,1.174346116E1
3.077394283E1,-3.006488454E-1,-8.307349777E0,-1.058226984E1,1.345685271E1
3.078394483E1,-4.547093830E-1,-8.007453103E0,-1.143505116E1,1.396733549E1
3.079394783E1,-2.248641796E-1,-7.227109430E0,-1.097825732E1,1.314548623E1
3.080394983E1,1.077701413E0,-6.207757308E0,-9.984670365E0,1.180641069E1
3.081395183E1,1.915330039E0,-5.307079107E0,-8.073016763E0,9.849222175E0
3.082395483E1,1.933188166E0,-5.246502537E0,-5.431725957E0,7.795296802E0
3.083395683E1,9.786166164E-1,-5.918162259E0,-2.372072133E0,6.450508601E0
3.084395983E1,-1.475051365E0,-6.197505385E0,2.937073964E-1,6.377390812E0
3.085396183E1,-3.707609518E0,-5.402032042E0,1.373868222E0,6.694462817E0
3.086396383E1,-3.492943613E0,-2.775766241E0,1.959408982E0,4.872865365E0
3.087396683E1,-1.759600852E0,1.737768811E0,2.066538159E0,3.222827262E0
3.088396883E1,-1.730372083E0,5.228648064E0,2.266536908E0,5.955681126E0
3.089397083E1,-2.941384239E0,6.617154790E0,4.534203497E0,8.543856279E0
3.090397383E1,-3.415573840E0,6.926657270E0,8.946081489E0,1.181850666E1
3.091397583E1,-2.808492230E0,8.503346107E0,1.362648701E1,1.630569446E1
3.092397783E1,-2.186254052E0,1.051639861E1,1.835105129E1,2.126347644E1
3.093398083E1,-1.261568352E0,1.167390641E1,2.133167883E1,2.434978782E1
3.094398283E1,5.440509644E-1,1.232502194E1,2.282469518E1,2.594549801E1
3.095398483E1,2.483979655E0,1.281656812E1,2.554409484E1,2.868684986E1
3.096398783E1,2.818493600E0,1.290958914E1,2.805960444E1,3.101520271E1
3.097398983E1,1.906747496E0,1.198590916E1,2.927389104E1,3.169003630E1
3.098399283E1,1.495942589E0,1.101865222E1,3.139374294E1,3.330488908E1
3.099399483E1,2.162516695E0,1.095414106E1,3.165224600E1,3.356388478E1
3.100399683E1,2.114661036E0,1.082815227E1,2.789610226E1,2.999855320E1
3.101399983E1,7.597137462E-1,1.029011839E1,2.179955431E1,2.411813155E1
3.102400183E1,1.379074948E-1,9.558331161E0,1.514090183E1,1.790607778E1
3.103400383E1,6.541800553E-1,9.049204738E0,9.203248465E0,1.292346085E1
3.104400683E1,8.041498809E-1,9.273077084E0,5.840285532E0,1.098842804E1
3.105400833E1,7.116429824E-1,7.905669451E0,4.277683223E0,9.016907394E0
3.106401033E1,8.024134771E-1,5.103647457E0,3.925277383E0,6.488365533E0
3.107401333E1,1.515905714E0,3.185257863E0,4.437817994E0,5.669044570E0
3.108401533E1,2.170504577E0,2.268275869E0,3.164251741E0,4.457426905E0
3.109401833E1,3.000044968E0,1.714182020E0,-1.973821199E-1,3.460874096E0
3.110402033E1,3.446770782E0,9.562717742E-1,-4.206754743E0,5.521908184E0
3.111402233E1,2.594016652E0,-6.059680080E-1,-6.483825994E0,7.009716053E0
3.112402533E1,8.194789414E-1,-2.830769244E0,-7.293968832E0,7.866815212E0
3.113402733E1,-9.613151439E-2,-5.239886997E0,-5.872058133E0,7.870624100E0
3.114402933E1,-5.155838681E-1,-6.860535786E0,-4.222039365E0,8.072074975E0
3.115403233E1,-2.228611428E-1,-7.640658435E0,-3.879945089E0,8.572240215E0
3.116403433E1,4.914635919E-1,-8.018512527E0,-4.331482869E0,9.126873695E0
3.117403633E1,1.208412557E0,-7.976371059E0,-4.748837827E0,9.361314912E0
3.118403933E1,2.322579692E0,-7.536442925E0,-5.015284919E0,9.345877766E0
3.119404133E1,2.939437993E0,-7.246774786E0,-5.918169276E0,9.807179415E0
3.120404333E1,2.229260908E0,-7.161999514E0,-7.041245740E0,1.028800189E1
3.121404633E1,5.623276064E-1,-7.297203512E0,-7.695335163E0,1.061996114E1
3.122404833E1,-6.405482952E-1,-7.585910370E0,-8.538938693E0,1.143983445E1
3.123405033E1,-9.742408526E-1,-7.513862733E0,-9.227700936E0,1.193975473E1
3.124405333E1,-7.089538479E-1,-6.901342919E0,-9.511535309E0,1.177286939E1
3.125405533E1,-6.365556702E-2,-6.331093213E0,-9.539561014E0,1.144945491E1
3.126405833E1,7.611627594E-1,-6.105577800E0,-9.367984995E0,1.120788079E1
3.127406033E1,1.463515832E0,-6.088009840E0,-8.875523722E0,1.086189043E1
3.128406233E1,1.455749267E0,-6.219810759E0,-8.660136271E0,1.076119008E1
3.129406533E1,1.065765126E0,-6.733896205E0,-8.818618619E0,1.114671466E1
3.130406733E1,6.295156226E-1,-7.311558427E0,-9.018636664E0,1.162716577E1
3.131406933E1,-4.752192959E-2,-8.113636785E0,-9.251153533E0,1.230516972E1
3.132407233E1,-8.463862199E-1,-8.657118523E0,-9.531217037E0,1.290372694E1
3.133407433E1,-8.503703664E-1,-8.295864676E0,-9.940313387E0,1.297514280E1
3.134407633E1,-1.263065824E-1,-7.639222358E0,-1.006845044E1,1.263912045E1
3.135407933E1,7.378940570E-1,-7.122795103E0,-9.836527648E0,1.216700349E1
3.136408133E1,1.682134016E0,-6.757137133E0,-9.472177116E0,1.175630114E1
3.137408333E1,2.634756542E0,-6.500076576E0,-9.242575083E0,1.160250541E1
3.138408633E1,3.071644709E0,-6.397286033E0,-8.662403237E0,1.119810250E1
3.139408833E1,2.385631534E0,-6.858212103E0,-7.969972451E0,1.078177963E1
3.140409133E1,1.359408788E0,-7.533265548E0,-7.720371187E0,1.087208413E1
3.141409333E1,4.727419768E-1,-7.919190552E0,-7.788678360E0,1.111757953E1
3.142409533E1,-1.524947995E-1,-7.714663720E0,-8.074468042E0,1.116854176E1
3.143409833E1,-1.264795138E-1,-6.757632392E0,-8.123582899E0,1.056760104E1
3.144410033E1,9.779117346E-1,-5.404562716E0,-8.138919561E0,9.818738266E0
3.145410233E1,2.536037416E0,-4.039785746E0,-7.603216374E0,8.975536412E0
3.146410533E1,2.679598839E0,-3.342694729E0,-6.634445592E0,7.897450620E0
3.147410733E1,2.528116778E0,-3.176896344E0,-5.395438136E0,6.752391984E0
3.148410933E1,1.733522563E0,-2.980904108E0,-2.950321416E0,4.538202974E0
3.149411233E1,-7.336331910E-1,-2.823394151E0,4.066340876E-1,2.945356256E0
3.150411433E1,-3.595933838E0,-1.395984145E0,2.325954559E0,4.504395244E0
3.151411633E1,-4.577281104E0,2.729335256E0,3.058038238E0,6.144295819E0
3.152411933E1,-4.231848361E0,8.039406967E0,2.184577655E0,9.344141719E0
3.153412133E1,-2.563102131E0,1.253602924E1,2.493046932E0,1.303598115E1
3.154412333E1,2.910326972E-1,1.640279646E1,7.965257256E0,1.823682414E1
3.155412633E1,2.120448318E0,1.798718959E1,1.556925248E1,2.388382116E1
3.156412833E1,2.852319742E0,1.610702090E1,2.272551003E1,2.800036886E1
3.157413133E1,2.277790605E0,1.386708006E1,2.889103641E1,3.212749950E1
3.158413333E1,5.559313737E-1,1.353709712E1,3.251833091E1,3.522788531E1
3.159413533E1,-8.305070094E-1,1.422201072E1,3.245901207E1,3.544774740E1
3.160413833E1,-1.075606794E0,1.503761077E1,3.125233855E1,3.469863589E1
3.161414033E1,-7.907582221E-1,1.612528643E1,3.006558532E1,3.412608360E1
3.162414233E1,-8.280633849E-1,1.614002960E1,2.641715197E1,3.096856733E1
3.163414533E1,-2.152791314E-2,1.472090335E1,2.273563507E1,2.708532002E1
3.164414733E1,4.849351756E-1,1.288750888E1,1.960815822E1,2.346919078E1
3.165414933E1,3.806732175E-1,1.050408789E1,1.579757222E1,1.897482707E1
3.166415233E1,-9.042620335E-1,7.797749730E0,1.100826640E1,1.352052217E1
3.167415433E1,-2.953948736E0,5.564805661E0,5.966377230E0,8.677011722E0
3.168415633E1,-3.912361468E0,3.538312159E0,1.676188567E0,5.534964616E0
3.169415933E1,-3.755835306E0,1.408061569E0,-1.309732452E0,4.219518376E0
3.170416133E1,-2.351136909E0,-1.002575290E-1,-2.204828317E0,3.224773518E0
3.171416333E1,-6.426163823E-1,-4.776070064E-1,-2.120855284E0,2.266956418E0
3.172416633E1,6.648106588E-1,-1.050884401E0,-1.821234013E0,2.205271994E0
3.173416833E1,1.424898627E0,-2.084979692E0,-1.978708887E0,3.208233980E0
3.174417033E1,1.559479896E0,-3.156480791E0,-3.092407002E0,4.685971574E0
3.175417333E1,1.482648067E0,-4.293384166E0,-4.716717902E0,6.548192167E0
3.176417533E1,8.505105534E-1,-5.189283439E0,-6.689091915E0,8.508582811E0
3.177417833E1,-3.825460441E-2,-5.814554275E0,-8.941377404E0,1.066577399E1
3.178418033E1,-7.490058133E-1,-6.365854325E0,-1.097741064E1,1.271175265E1
3.179418233E1,-1.028909322E0,-6.820808634E0,-1.172085370E1,1.360001825E1
3.180418533E1,-1.070308267E0,-7.423311582E0,-1.151958318E1,1.374597801E1
3.181418733E1,-4.383355712E-1,-7.785477009E0,-1.058371878E1,1.314613607E1
3.182418933E1,4.111240548E-1,-7.705433890E0,-9.316404952E0,1.209703003E1
3.183419233E1,1.006645829E0,-7.523638108E0,-8.569274633E0,1.144774799E1
3.184419433E1,1.302754677E0,-7.421269734E0,-8.424649016E0,1.130252738E1
3.185419633E1,1.149296037E0,-7.236136361E0,-8.572210520E0,1.127676124E1
3.186419933E1,1.145991849E0,-6.865554451E0,-8.991936523E0,1.137119421E1
3.187420133E1,9.658682976E-1,-6.763501242E0,-9.206350413E0,1.146449905E1
3.188420333E1,6.410314945E-1,-7.074637434E0,-9.449847184E0,1.182205684E1
3.189420633E1,4.054309133E-1,-7.367598141E0,-1.002255214E1,1.244577952E1
3.190420833E1,4.691984180E-1,-7.582791465E0,-1.047657557E1,1.294131018E1
3.191421033E1,7.441638802E-1,-7.979517446E0,-1.062609823E1,1.330941179E1
3.192421333E1,9.075035106E-1,-7.886725641E0,-1.050007436E1,1.316341770E1
3.193421533E1,9.385734218E-1,-7.224008067E0,-9.859571525E0,1.225880758E1
3.194421833E1,1.081526589E0,-6.736894657E0,-9.363453988E0,1.158575505E1
3.195422033E1,1.221015134E0,-6.564244505E0,-9.339170501E0,1.148043072E1
3.196422233E1,1.314616631E0,-6.460089807E0,-9.316513710E0,1.141308043E1
3.197422533E1,1.264219772E0,-6.532485353E0,-9.526738654E0,1.162025671E1
3.198422733E1,1.314973311E0,-6.784137236E0,-9.605819907E0,1.183323493E1
3.199422933E1,1.195097058E0,-7.169513771E0,-9.882517169E0,1.226761306E1
3.200423233E1,8.951446163E-1,-7.383558701E0,-1.056784359E1,1.292275284E1
3.201423433E1,4.077792647E-1,-7.266972238E0,-1.058116588E1,1.284275052E1
3.202423633E1,-1.256940135E-1,-7.050079713E0,-9.412937220E0,1.176107181E1
3.203423933E1,-5.086797682E-1,-6.775587437E0,-8.415942512E0,1.081644251E1
3.204424133E1,-1.776797075E-1,-5.944908593E0,-7.727232894E0,9.751083861E0
3.205424400E1,4.487120401E-1,-4.537478230E0,-6.713169580E0,8.115213921E0
3.206424700E1,4.695659886E-1,-3.150312856E0,-5.902277713E0,6.706850640E0
3.207424900E1,-2.502560791E-1,-2.643617121E0,-4.857945701E0,5.536332362E0
3.208425100E1,-1.834119230E0,-2.588126752E0,-4.362855520E0,5.394154403E0
3.209425400E1,-3.370234530E0,-2.458493688E0,-2.921167783E0,5.092729447E0
3.210425600E1,-3.048376591E0,-9.236887497E-1,1.130382560E0,3.379876548E0
3.211425800E1,-5.296586278E-1,1.809714414E0,3.619666225E0,4.081370860E0
3.212426100E1,1.681040002E0,4.793505877E0,7.101391370E0,8.731171368E0
3.213426300E1,3.183629998E0,7.334642065E0,1.057806686E1,1.326001405E1
3.214426600E1,3.677031503E0,8.199430057E0,1.314716034E1,1.592479321E1
3.215426800E1,9.955679870E-1,8.276160729E0,1.599108465E1,1.803332416E1
3.216427000E1,-6.823861465E-1,7.552898744E0,1.854802528E1,2.003849226E1
3.217427300E1,-8.266961597E-1,6.551004070E0,1.817688496E1,1.933903378E1
3.218427500E1,-4.801060333E-1,5.230819720E0,1.711699760E1,1.790484805E1
3.219427700E1,-4.629714257E-1,4.032800954E0,1.523869301E1,1.577008531E1
3.220428000E1,-1.779530794E0,3.231509923E0,1.531590081E1,1.575392662E1
3.221428200E1,-3.738946208E0,2.807324833E0,1.419431012E1,1.494453851E1
3.222428400E1,-3.035335546E0,2.937151732E0,6.205228388E0,7.506329430E0
3.223428700E1,1.707050463E0,4.208663274E0,7.644487191E0,8.891853140E0
3.224428900E1,4.697168321E0,4.945594295E0,1.454053780E1,1.606080734E1
3.225429100E1,3.340942318E0,3.855669204E0,1.355845583E1,1.448653875E1
3.226429400E1,4.440656233E0,4.164455400E0,1.251052836E1,1.391313899E1
3.227429600E1,7.472282013E0,6.350198990E0,1.260091345E1,1.596693601E1
3.228429800E1,9.432721859E0,7.960909851E0,1.153897957E1,1.689675640E1
3.229430100E1,9.618736407E0,6.856367891E0,8.553846754E0,1.458417516E1
3.230430300E1,7.616671987E0,4.861263996E0,3.389037421E0,9.650448406E0
3.231430500E1,4.807501187E0,3.096077884E0,-1.123075295E0,5.827440609E0
3.232430800E1,1.421113724E0,2.056318395E0,-3.986113569E0,4.705009133E0
3.233431000E1,-9.511577994E-1,1.577043763E0,-2.469893712E0,3.080932187E0
3.234431300E1,-1.886612170E0,1.629971589E0,1.095023278E0,2.723084435E0
3.235431500E1,-2.029256458E0,9.752611917E-1,2.903303955E0,3.673988298E0
3.236431700E1,-2.109875821E0,-3.711116678E-1,2.858624795E0,3.572259169E0
3.237432000E1,-2.182495169E0,-1.259037092E0,1.227337582E0,2.802644663E0
3.238432200E1,-1.825333204E0,-1.478415268E0,4.060306549E-2,2.349298112E0
3.239432400E1,-1.047485707E0,-1.458730617E0,-1.821729273E-1,1.805078473E0
3.240432700E1,2.270956233E-2,-1.044456557E0,-5.813921607E-1,1.195584404E0
3.241432900E1,1.156514937E0,-5.113466102E-1,-1.279628647E0,1.799014071E0
3.242433100E1,2.104471970E0,-3.187782106E-1,-1.915058436E0,2.863192385E0
3.243433400E1,1.283230239E0,-1.275350532E0,-2.731284717E0,3.276143317E0
3.244433600E1,-4.231678792E0,-5.291644211E0,-2.982372344E0,7.402914875E0
3.245433800E1,-7.900360764E0,-1.031587771E1,-3.487752455E0,1.345352929E1
3.246434100E1,-5.379142531E0,-1.230242128E1,-5.051082158E0,1.434566745E1
3.247434300E1,-1.946645095E0,-1.053024365E1,-6.512718256E0,1.253359316E1
3.248434500E1,-9.032208636E-2,-9.409620679E0,-6.463417457E0,1.141599249E1
3.249434800E1,5.973921892E-1,-9.035050383E0,-4.341956987E0,1.004199200E1
3.250435000E1,1.462722657E0,-8.099781808E0,-7.627833152E-1,8.266066857E0
3.251435200E1,5.195653980E0,-4.514936629E0,8.188750702E0,1.069743479E1
3.252435500E1,7.364756395E0,2.923231412E-1,3.067939913E0,7.983567178E0
3.253435700E1,7.460370065E0,3.064661086E0,9.498603022E-1,8.121053114E0
3.254435900E1,4.029194392E0,3.830910631E0,-8.678770763E-1,5.627032462E0
3.255436200E1,-8.384638274E-1,4.476775946E0,2.314842510E-1,4.560496620E0
3.256436400E1,-3.404609141E0,1.326909584E1,4.065275513E0,1.428939231E1
3.257436600E1,-2.155231065E0,1.987079877E1,2.913348302E0,2.019854607E1
3.258436900E1,7.497688749E-1,1.440798960E1,7.854874688E-1,1.444885145E1
3.259437100E1,2.129769364E0,7.481905945E0,8.505944610E-2,7.779593127E0
3.260437400E1,3.894815143E0,2.977665920E0,-4.732935154E-1,4.925452881E0
3.261437600E1,5.531885253E0,5.093024967E-1,-5.624851888E-1,5.583684542E0
3.262437800E1,6.947286832E0,3.042980926E-1,-1.308077690E0,7.075906931E0
3.263438100E1,7.261654780E0,9.497182880E-1,-1.712015042E0,7.520943456E0
3.264438300E1,6.110051504E0,8.810587469E-1,-1.781702743E0,6.425220507E0
3.265438500E1,3.927971487E0,3.824875720E-2,-2.458060702E0,4.633841321E0
3.266438800E1,1.536963146E0,-1.067997374E0,-2.397366604E0,3.041420842E0
3.267439000E1,3.235030532E-1,-1.614122858E0,-1.671779181E0,2.346250723E0
3.268439200E1,2.409412453E-1,-1.443773731E0,-1.164402246E0,1.870392435E0
3.269439500E1,-4.998772967E-1,-1.491641962E0,-7.959756196E-1,1.763079761E0
3.270439700E1,-1.453859301E0,-1.467145783E0,-3.360038155E-1,2.092635224E0
3.271439900E1,-1.195287824E0,-9.249902668E-1,-1.658311290E-1,1.520467013E0
3.272440200E1,-9.195433661E-1,-3.969842814E-1,4.870496750E-2,1.002760538E0
3.273440400E1,-9.082149705E-1,1.296745055E-1,1.462178135E0,1.726161872E0
3.274440600E1,-2.125193918E-1,9.276720922E-1,2.866321485E0,3.020188547E0
3.275440900E1,8.446864343E-1,1.930890065E0,2.729545171E0,3.448513948E0
3.276441100E1,7.638565716E-1,2.281726951E0,3.124754968E0,3.943836755E0
3.277441300E1,3.806882375E-1,2.109359219E0,2.959230818E0,3.653952228E0
3.278441600E1,5.510550517E-1,1.636203260E0,3.202221220E0,3.637999934E0
3.279441800E1,4.747529805E-1,6.768573848E-1,3.328781864E0,3.429914723E0
3.280442000E1,7.341307890E-1,1.102982216E-2,2.783499768E0,2.878704680E0
3.281442300E1,1.208151844E0,-1.093178628E-1,2.101784590E0,2.426742618E0
3.282442500E1,1.896556822E0,3.325084231E-1,2.019800195E0,2.790534439E0
3.283442700E1,2.262236865E0,8.003355959E-1,2.045848956E0,3.153371315E0
3.284443000E1,1.723593113E0,2.789443463E-1,2.192846203E0,2.803062190E0
3.285443200E1,1.353454130E0,-5.644674315E-1,2.031041467E0,2.505112972E0
3.286443400E1,1.454777314E0,-1.131407870E0,1.625003795E0,2.457050699E0
3.287443700E1,1.554745698E0,-1.226399835E0,1.479794042E0,2.472060102E0
3.288443900E1,1.153659741E0,-9.901123886E-1,1.618701081E0,2.220686050E0
3.289444200E1,7.292618126E-1,-2.675494569E-1,1.787571593E0,1.949055593E0
3.290444400E1,1.013038883E0,7.496987814E-1,1.242967190E0,1.770102674E0
3.291444600E1,1.167648620E0,1.315308795E0,4.930728918E-1,1.826625688E0
3.292444900E1,1.155859756E0,1.602872961E0,-2.882332331E-1,1.997070830E0
3.293445100E1,8.386778355E-1,1.380184238E0,-1.478546830E0,2.189609502E0
3.294445300E1,2.789566255E-1,7.797387788E-1,-2.648485220E0,2.774938436E0
3.295445600E1,-6.773531556E-1,6.121789936E-2,-3.262038236E0,3.332183726E0
3.296445800E1,-1.116432273E0,-3.433139680E-1,-3.310573635E0,3.510581617E0
3.297446000E1,-6.158606198E-1,-2.016843550E-1,-2.758798791E0,2.833889844E0
3.298446300E1,-1.223798847E-1,2.048108612E-1,-1.636991757E0,1.654287259E0
3.299446500E1,2.860498828E-1,4.467959806E-1,-1.218185520E-1,5.443261369E-1
3.300446700E1,6.646734685E-1,2.227859330E-1,6.488397932E-1,9.552054590E-1
3.301447000E1,8.725700516E-1,-2.680138537E-1,6.202574337E-1,1.103598299E0
3.302447200E1,1.187047343E0,-1.378277899E-1,3.650358260E-1,1.249531531E0
3.303447400E1,1.394996258E0,5.245627794E-1,1.589688367E-1,1.498816787E0
3.304447700E1,1.404940033E0,1.341343962E0,2.594298488E-1,1.959684660E0
3.305447871E1,1.173794628E0,1.909409587E0,1.092925882E0,2.493617008E0
3.306448071E1,6.225688380E-1,1.257135578E0,8.584677368E-1,1.644672817E0
3.307448371E1,8.269804806E-2,-2.072975358E-1,-1.195230521E0,1.215889483E0
3.308448571E1,-1.138869794E0,-1.452036578E0,-4.329964932E0,4.706806874E0
3.309448771E1,-7.047809824E-1,-1.380135414E0,-3.184822830E0,3.541833770E0
3.310449071E1,2.362994331E-1,-6.628774231E-1,6.144014472E-1,9.342018189E-1
3.311449271E1,6.517517066E-1,-4.183186517E-1,3.220835831E0,3.312635542E0
3.312449471E1,8.070055148E-1,-2.493128135E-1,3.752382233E0,3.846269257E0
3.313449771E1,1.528754532E-1,-4.943961898E-1,2.086688833E0,2.149899715E0
3.314449971E1,-6.626041389E-1,-9.765353731E-1,-1.570836943E-1,1.190521258E0
3.315450171E1,-1.050495269E0,-1.205218515E0,-1.604694076E0,2.265200887E0