"Time (s)","Linear Acceleration x (m/s^2)","Linear Acceleration y (m/s^2)","Linear Acceleration z (m/s^2)","Absolute acceleration (m/s^2)"
1.000833348E-3,-2.703319824E-1,-1.119943526E-1,-1.873709850E0,1.896420502E0
1.096783334E-2,2.313933268E-1,6.236055493E-2,-3.299794292E0,3.308485164E0
2.093483333E-2,4.945504832E-1,1.240399092E-2,-4.034958869E0,4.065172458E0
3.090183332E-2,-8.013705531E-1,-4.525569499E-2,-3.103649443E0,3.205757743E0
4.086883331E-2,-1.061774840E0,3.982333928E-2,-2.319807381E0,2.551559914E0
5.083583336E-2,-6.307938239E-1,-9.416736156E-2,-1.946676085E0,2.048491181E0
6.080283335E-2,-2.212223876E-1,-1.000154543E-1,-1.545682222E0,1.564632853E0
7.076983334E-2,2.565404472E-1,-2.290412843E-2,-9.121679807E-1,9.478333319E-1
8.073683333E-2,1.234728170E0,-2.402971745E-1,-1.038369021E0,1.631105947E0
9.070383332E-2,1.608069381E0,-8.375534159E-1,-1.360147145E0,2.266579607E0
1.006708333E-1,1.548951985E0,-1.629044806E0,-1.813176550E0,2.888018080E0
1.106378334E-1,1.146929596E0,-1.498589332E0,-1.343994797E0,2.316795092E0
1.206048334E-1,5.600667804E-1,-1.122190027E0,-1.001039227E0,1.604700841E0
1.305718333E-1,1.774621180E-1,-9.517480758E-1,-9.655723554E-1,1.367350422E0
1.405388333E-1,1.092961550E-2,-1.101188582E0,-7.786076349E-1,1.348690327E0
1.505058333E-1,2.255902576E-1,-1.244094533E0,-2.200307250E-2,1.264573567E0
1.604728333E-1,7.089789909E-1,-1.296664656E0,1.437803432E0,2.061860603E0
1.704398334E-1,1.497320486E0,-1.494260784E0,2.167463440E0,3.028643540E0
1.804068334E-1,2.126490245E0,-1.762219089E0,2.154941043E0,3.503019809E0
1.903738333E-1,2.269241537E0,-2.048707805E0,2.090797087E0,3.703794444E0
2.003408333E-1,1.741332104E0,-2.004437951E0,2.385074587E0,3.569116106E0
2.103078333E-1,2.926282927E-1,-1.487235501E0,2.976422217E0,3.340148195E0
2.202758333E-1,-1.324311900E0,-1.050447614E0,3.188904186E0,3.609203805E0
2.302428333E-1,-1.870768993E0,-1.129915514E0,2.565261215E0,3.370022373E0
2.402098333E-1,-1.240436515E0,-1.612144306E0,8.797755754E-1,2.216234887E0
2.501768334E-1,-8.090494090E-1,-1.998841727E0,-2.076913458E-1,2.166348285E0
2.601438334E-1,-1.458007901E0,-2.020578167E0,1.017600296E0,2.691474229E0
2.701108333E-1,-1.684064181E0,-1.653957745E0,-1.105917225E0,2.606664785E0
2.800778333E-1,-1.909105970E0,-5.855460227E-1,-2.221727940E0,2.987243678E0
2.900448333E-1,-2.814175139E0,1.327140198E0,-1.274476665E0,3.362316699E0
3.000118333E-1,-2.374311325E0,3.462525812E0,-4.199739254E-1,4.219338499E0
3.099788334E-1,-2.645414847E-1,5.844411913E0,7.870504296E-1,5.903099286E0
3.199458334E-1,2.964978923E0,6.935421662E0,2.180005717E0,7.851343743E0
3.299128333E-1,3.692832142E0,7.570091897E0,3.790728858E0,9.236499653E0
3.398798333E-1,1.924198803E0,7.225006186E0,8.098073251E0,1.102188939E1
3.498468333E-1,1.193141018E0,4.960073755E0,1.002949161E1,1.125240504E1
3.598138333E-1,-7.234248295E-1,2.019250849E0,9.243418252E0,9.489019889E0
3.697808334E-1,-7.258171009E0,1.052237447E0,9.514487568E0,1.201306471E1
3.797478334E-1,-1.233952537E1,1.409412276E0,1.043873940E1,1.622398255E1
3.897148333E-1,-1.268151615E1,1.812189102E0,1.174118564E1,1.737700554E1
3.996818333E-1,-7.993554271E0,3.010912603E0,1.259158481E1,1.521546951E1
4.096488333E-1,-2.205700576E0,4.387555329E0,1.200282866E1,1.296856402E1
4.196158333E-1,2.244786435E0,5.142075359E0,1.008431160E1,1.154007563E1
4.295828333E-1,5.058194126E0,4.876061545E0,7.606629978E0,1.035481162E1
4.395498334E-1,5.494647260E0,3.483161514E0,5.738003697E0,8.674574864E0
4.495168334E-1,4.607371168E0,1.368575322E0,2.195318406E0,5.283965405E0
4.594838333E-1,2.927263505E0,7.570188376E-1,-6.121146011E-1,3.084904121E0
4.694508333E-1,1.048353288E0,1.212405547E-1,-2.151238586E0,2.396157620E0
4.794178333E-1,-7.540012358E-1,-1.257146395E0,-3.309387819E0,3.619527961E0
4.893848333E-1,-2.233567967E0,-2.322159716E0,-4.361097847E0,5.422215971E0
4.993518334E-1,-2.636819732E0,-3.262671197E0,-5.671976938E0,7.054726361E0
5.093188334E-1,-2.539235843E0,-4.150035582E0,-7.168327956E0,8.663454258E0
5.192868334E-1,-2.687294360E0,-4.944068756E0,-8.049138488E0,9.821099594E0
5.292540833E-1,-2.828282131E0,-5.721473619E0,-8.630383299E0,1.073396274E1
5.392210833E-1,-2.824563010E0,-6.415477890E0,-8.886274413E0,1.131823245E1
5.491880833E-1,-2.901244858E0,-6.976932800E0,-7.956581742E0,1.097278479E1
5.591550833E-1,-2.574363576E0,-7.167571911E0,-6.529381067E0,1.003166248E1
5.691220834E-1,-1.546434174E0,-7.007393870E0,-5.862503783E0,9.266281784E0
5.790890834E-1,-9.369454839E-1,-6.693441659E0,-5.568685874E0,8.757299266E0
5.890560834E-1,-5.107598421E-1,-5.943477194E0,-5.516463806E0,8.125095058E0
5.990230833E-1,1.210570984E-1,-4.938689902E0,-5.475385362E0,7.374629322E0
6.089900833E-1,7.100522473E-1,-4.098881215E0,-5.430537218E0,6.840740887E0
6.189570833E-1,1.224966536E0,-3.611338620E0,-5.384497996E0,6.598115512E0
6.289240833E-1,1.706227614E0,-3.361122229E0,-5.365640141E0,6.557320293E0
6.388910834E-1,1.660623863E0,-3.518323452E0,-5.512528630E0,6.747165585E0
6.488580834E-1,1.005834236E0,-3.898125252E0,-5.982957010E0,7.211300685E0
6.588250833E-1,2.332967417E-1,-4.242302890E0,-6.356625665E0,7.645799568E0
6.687920833E-1,-2.323000107E-1,-4.542601853E0,-6.419789627E0,7.867839204E0
6.787590833E-1,-3.045802208E-1,-4.857261577E0,-6.334582831E0,7.988285097E0
6.887260833E-1,-9.605908200E-2,-5.036746539E0,-6.263346203E0,8.037882103E0
6.986930834E-1,1.183352560E-1,-4.934325541E0,-6.085773280E0,7.835700874E0
7.086600834E-1,4.290511795E-1,-4.625466254E0,-6.080975055E0,7.652272905E0
7.186270833E-1,7.532953307E-1,-4.094386461E0,-6.311476974E0,7.560833019E0
7.285940833E-1,6.307007070E-1,-3.570883489E0,-6.571030784E0,7.505160747E0
7.385610833E-1,2.433159457E-1,-3.063960590E0,-6.692340043E0,7.364405774E0
7.485280833E-1,4.759504720E-2,-1.941231450E0,-6.394982230E0,6.683295785E0
7.584950833E-1,2.183329768E-2,-3.999024805E-1,-5.771922811E0,5.785800862E0
7.684620834E-1,-1.921704098E-2,9.815492874E-1,-4.752614543E0,4.852953049E0
7.784290834E-1,-7.185817361E-2,2.161236447E0,-3.338437956E0,3.977596581E0
7.883960833E-1,2.884773909E-1,3.112862024E0,-1.017916630E0,3.287747474E0
7.983630833E-1,1.106536519E0,3.389687924E0,2.038763300E0,4.107427794E0
8.083300833E-1,1.359875250E0,2.816560803E0,5.295977583E0,6.150581599E0
8.182970833E-1,1.010348871E0,2.272770039E0,8.194697320E0,8.563839832E0
8.282650833E-1,7.107664116E-1,2.172685880E0,1.030584389E1,1.055633322E1
8.382320834E-1,5.527505250E-1,2.221504576E0,1.125735193E1,1.148775819E1
8.481990834E-1,4.734904935E-1,2.331050407E0,1.110671129E1,1.135856615E1
8.581660833E-1,4.568863745E-1,2.841304173E0,9.723318536E0,1.014025039E1
8.681330833E-1,2.148925573E-1,3.705666195E0,7.950072037E0,8.773926496E0
8.781000833E-1,3.520265934E-2,4.430421267E0,6.912711076E0,8.210690973E0
8.880670833E-1,1.539380202E-1,4.606437660E0,7.196257181E0,8.545705486E0
8.980340834E-1,4.446865245E-1,4.117179200E0,8.413156314E0,9.377105621E0
9.080010834E-1,5.375411130E-1,3.251376716E0,9.562004966E0,1.011396757E1
9.179680833E-1,2.432822329E-1,2.391951205E0,9.943880188E0,1.023041397E1
9.279350833E-1,5.284271311E-2,2.055341618E0,9.445883356E0,9.667054045E0
9.379020833E-1,2.534455707E-1,2.138164796E0,8.372626339E0,8.645048014E0
9.478690833E-1,8.396066657E-1,2.214648131E0,6.843705745E0,7.241955125E0
9.578360833E-1,1.474666472E0,2.121893457E0,4.868303459E0,5.511574332E0
9.678030834E-1,1.731698524E0,1.991314606E0,2.791093547E0,3.841134836E0
9.777700834E-1,1.736979290E0,1.853495733E0,7.754390287E-1,2.655908352E0
9.877370833E-1,1.480347773E0,1.518005596E0,-1.014698907E0,2.350613620E0
9.977040833E-1,9.686623165E-1,8.452521524E-1,-2.511486712E0,2.821404506E0
1.007671083E0,2.645626809E-1,1.108979997E-1,-3.722335145E0,3.733372566E0
1.017638083E0,-3.807449190E-1,-3.711277476E-1,-4.614928402E0,4.645456561E0
1.027605083E0,-7.093032190E-1,-5.736025000E-1,-5.500744736E0,5.575869756E0
1.037572083E0,-7.937672724E-1,-7.091766268E-1,-6.424531134E0,6.512111660E0
1.047539083E0,-8.107801118E-1,-7.714620450E-1,-7.096097885E0,7.183809802E0
1.057506083E0,-7.780460098E-1,-8.152731854E-1,-7.411213108E0,7.496406185E0
1.067473083E0,-6.730702163E-1,-9.542720264E-1,-7.283308774E0,7.376330070E0
1.077440083E0,-6.154385971E-1,-1.225624640E0,-6.927147852E0,7.061607309E0
1.087407083E0,-5.338567825E-1,-1.456793142E0,-7.088836228E0,7.256641675E0
1.097374083E0,-3.209593682E-1,-1.647529024E0,-7.212353981E0,7.405093973E0
1.107341083E0,-8.782642163E-2,-1.767701000E0,-7.300396092E0,7.511874826E0
1.117308083E0,8.652146928E-2,-1.812952748E0,-7.251934369E0,7.475616076E0
1.127275083E0,2.267893023E-1,-1.745324144E0,-6.852968320E0,7.075363209E0
1.137242083E0,3.725958373E-1,-1.590138018E0,-6.271681994E0,6.480845747E0
1.147209083E0,5.656157150E-1,-1.425023172E0,-5.628359048E0,5.833441331E0
1.157176083E0,8.450575863E-1,-1.147354250E0,-4.995804920E0,5.195056390E0
1.167143083E0,1.096659621E0,-7.304340331E-1,-4.294702129E0,4.492289236E0
1.177110083E0,1.316574864E0,-3.622205378E-1,-3.730047038E0,3.972130914E0
1.187078083E0,1.483658466E0,-7.135064900E-2,-3.252162289E0,3.575317177E0
1.197045083E0,1.531782513E0,1.771776509E-1,-2.998789571E0,3.372015492E0
1.207012083E0,1.394681678E0,3.609661639E-1,-2.976901104E0,3.307170050E0
1.216979083E0,1.123253562E0,4.566535091E-1,-2.824256031E0,3.073540812E0
1.226946083E0,7.345683070E-1,6.579164261E-1,-2.201533996E0,2.412301092E0
1.236913083E0,3.908347647E-1,1.251512457E0,-1.223578992E0,1.793371348E0
1.246880083E0,-2.078707092E-2,2.041372912E0,3.447354627E-1,2.070381126E0
1.256847083E0,-4.190670222E-1,2.908147203E0,2.465487251E0,3.835565761E0
1.266814083E0,-4.319306774E-1,3.482667424E0,5.022831920E0,6.127346652E0
1.276781083E0,1.813255561E-1,3.304981942E0,7.577176384E0,8.268578266E0
1.286748083E0,8.746498331E-1,2.874458470E0,1.019722367E1,1.063065823E1
1.296715083E0,7.550196746E-1,2.491468769E0,1.388003398E1,1.412206835E1
1.306682083E0,4.506677145E-1,1.296541572E0,1.856227260E1,1.861295478E1
1.316649083E0,9.671795357E-1,-9.650152619E-1,2.341448745E1,2.345431545E1
1.326616083E0,2.225704924E0,-2.966629592E0,2.747725684E1,2.772641876E1
1.336583083E0,3.752517303E0,-3.602541777E0,2.926265503E1,2.972141774E1
1.346550083E0,5.215646780E0,-3.110153886E0,2.809826623E1,2.874697538E1
1.356517083E0,5.745730793E0,-2.143171182E0,2.450930140E1,2.526484633E1
1.366484083E0,5.186693122E0,-1.002137626E0,1.955157120E1,2.025265419E1
1.376451083E0,4.406088956E0,3.577838168E-1,1.471440826E1,1.536409580E1
1.386418083E0,2.863920618E0,1.504362288E0,1.047596044E1,1.096407289E1
1.396385083E0,7.747641870E-1,2.083698860E0,6.886463510E0,7.236396904E0
1.406352083E0,-9.380588669E-1,2.098231529E0,4.137205036E0,4.732757706E0
1.416319083E0,-2.110751880E0,1.598447788E0,2.315550023E0,3.517396870E0
1.426286083E0,-2.732771080E0,8.417868000E-1,8.921009213E-1,2.995410964E0
1.436253083E0,-3.040110090E0,-1.560218400E-1,-6.242481583E-1,3.107458437E0
1.446220083E0,-3.188227079E0,-1.418580710E0,-2.157172340E0,4.102506020E0
1.456187083E0,-3.452515964E0,-2.352238086E0,-3.245374256E0,5.290117632E0
1.466154083E0,-3.070241961E0,-2.665738599E0,-4.001042680E0,5.704462333E0
1.476121083E0,-2.025638055E0,-2.601881450E0,-4.766888182E0,5.796224594E0
1.486088083E0,-1.005389117E0,-2.342570007E0,-5.733941637E0,6.275071968E0
1.496055083E0,-5.023927689E-2,-2.048089609E0,-6.871142635E0,7.170062492E0
1.506022083E0,7.690874907E-1,-2.012369260E0,-8.182334552E0,8.461189298E0
1.515989083E0,1.354370827E0,-2.276535062E0,-9.432004405E0,9.796919890E0
1.525955708E0,1.776889607E0,-2.661379792E0,-1.041917228E1,1.089951513E1
1.535922708E0,2.033092377E0,-2.996012436E0,-1.097415959E1,1.155602586E1
1.545889708E0,2.311549943E0,-3.188779641E0,-1.102828609E1,1.171045144E1
1.555856708E0,2.567142849E0,-3.407747927E0,-1.104542896E1,1.184079682E1
1.565823708E0,2.665509973E0,-3.685321686E0,-1.117662060E1,1.206662286E1
1.575790708E0,2.660793609E0,-4.030614973E0,-1.107302665E1,1.208046352E1
1.585758708E0,2.506609549E0,-4.462385948E0,-1.086737656E1,1.201232089E1
1.595725708E0,2.219884605E0,-4.704004008E0,-1.072142772E1,1.191656636E1
1.605692708E0,1.898645301E0,-4.775803139E0,-1.059285330E1,1.177377130E1
1.615659708E0,1.693690599E0,-4.872835344E0,-1.046315153E1,1.166578982E1
1.625626708E0,1.711423888E0,-4.875893730E0,-1.045730314E1,1.166441171E1
1.635593708E0,1.855241420E0,-4.728704402E0,-1.037738340E1,1.155390204E1
1.645560708E0,1.990977953E0,-4.538770465E0,-1.019616766E1,1.133694251E1
1.655527708E0,2.033288844E0,-4.472062798E0,-1.003669187E1,1.117447059E1
1.665494708E0,1.984585484E0,-4.464195661E0,-9.950749497E0,1.108535241E1
1.675461708E0,1.899188800E0,-4.300148225E0,-9.714144255E0,1.079179278E1
1.685428708E0,1.868443848E0,-4.046728437E0,-9.461608858E0,1.045892612E1
1.695395708E0,1.778858657E0,-3.853299327E0,-9.094148192E0,1.003572544E1
1.705362708E0,1.646496990E0,-3.656443749E0,-8.555560573E0,9.448711550E0
1.715329708E0,1.474045205E0,-3.425454173E0,-8.035431445E0,8.858594926E0
1.725296708E0,1.292840285E0,-3.098614698E0,-7.539688130E0,8.253468734E0
1.735263708E0,1.112546214E0,-2.559162569E0,-7.037474286E0,7.570542679E0
1.745230708E0,9.069642511E-1,-1.852960421E0,-6.573205363E0,6.889345050E0
1.755197708E0,5.409829304E-1,-1.004722388E0,-6.042281690E0,6.149089171E0
1.765164708E0,-2.954735479E-1,8.531526178E-2,-5.159245123E0,5.168403385E0
1.775131708E0,-1.588047199E0,1.530162542E0,-3.763590760E0,4.362098890E0
1.785098708E0,-2.863898984E0,3.155648732E0,-2.359981261E0,4.871298375E0
1.795065708E0,-3.260186131E0,4.042352673E0,-1.033377838E0,5.295025826E0
1.805032708E0,-2.142073368E0,3.917879778E0,4.453753996E-1,4.487384485E0
1.814999708E0,-4.085554826E-1,3.767277137E0,2.378098859E0,4.473773440E0
1.824966708E0,7.259885412E-1,3.847406796E0,5.210977194E0,6.517966073E0
1.834933708E0,1.147908128E0,3.654015401E0,9.328936704E0,1.008457147E1
1.844900708E0,7.375372307E-1,2.627888695E0,1.403473025E1,1.429767161E1
1.854867708E0,-1.787932366E-1,1.131021515E0,1.775538374E1,1.779226878E1
1.864834708E0,-9.122625594E-1,-2.533858743E-1,1.975358549E1,1.977626272E1
1.874801708E0,-1.339041182E0,-1.210302889E0,2.000665532E1,2.008790983E1
1.884768708E0,-1.790502802E0,-1.241760617E0,1.904128236E1,1.916554991E1
1.894735708E0,-1.891942053E0,-6.154939994E-1,1.779561141E1,1.790648104E1
1.904702708E0,-1.419362922E0,-2.567176178E-2,1.682177753E1,1.688157129E1
1.914669708E0,-9.736629284E-1,6.586998068E-1,1.570345309E1,1.574739166E1
1.924636708E0,-7.447192926E-1,1.482620147E0,1.410584292E1,1.420308325E1
1.934603708E0,-5.191932081E-1,2.096986803E0,1.217204825E1,1.236226815E1
1.944570708E0,-2.234931538E-1,2.430318734E0,9.963917427E0,1.025846230E1
1.954537708E0,1.425524864E-1,2.794373835E0,7.646067694E0,8.141940648E0
1.964504708E0,5.300778732E-1,3.171684721E0,5.299921530E0,6.199172102E0
1.974471708E0,1.029151178E0,3.209946854E0,3.109912981E0,4.586335105E0
1.984439708E0,1.547600547E0,2.822719090E0,1.168995234E0,3.424815378E0
1.994405708E0,1.805251527E0,2.173108342E0,-5.430566454E-1,2.876846096E0
2.004372708E0,1.647664533E0,1.478528412E0,-2.079748188E0,3.037465589E0
2.014340708E0,1.155057811E0,8.015024078E-1,-3.407313479E0,3.685966603E0
2.024307708E0,5.827823362E-1,7.775978208E-2,-4.597573282E0,4.635014770E0
2.034274708E0,1.218287846E-1,-6.572045276E-1,-5.580451641E0,5.620338118E0
2.044241708E0,-1.929255183E-1,-1.354278587E0,-6.352302818E0,6.497925965E0
2.054208708E0,-2.842229202E-1,-1.825441085E0,-6.891279861E0,7.134616735E0
2.064175708E0,-2.648391080E-1,-2.115540457E0,-7.254947439E0,7.561740112E0
2.074142708E0,-1.071306387E-1,-2.347569084E0,-7.578949844E0,7.934925225E0
2.084109708E0,4.014727503E-2,-2.551380217E0,-7.936291904E0,8.336419015E0
2.094076708E0,5.280532748E-2,-2.625726103E0,-8.188543711E0,8.599388006E0
2.104043708E0,1.274438658E-1,-2.531212294E0,-8.260154561E0,8.640221698E0
2.114010708E0,2.578538780E-1,-2.422223410E0,-8.156300994E0,8.512279411E0
2.123977708E0,3.201270171E-1,-2.366927753E0,-8.109914448E0,8.454320827E0
2.133944708E0,3.981032923E-1,-2.200919161E0,-8.168991791E0,8.469649241E0
2.143911708E0,6.382332364E-1,-1.977780349E0,-8.099729767E0,8.362091788E0
2.153878708E0,9.723929863E-1,-1.715782987E0,-7.922865527E0,8.164634563E0
2.163845708E0,1.297437073E0,-1.418960195E0,-7.615021318E0,7.854001570E0
2.173812708E0,1.672659918E0,-1.038757276E0,-7.384684875E0,7.642668290E0
2.183779708E0,1.929001268E0,-7.366980091E-1,-7.246681815E0,7.535128876E0
2.193746708E0,1.789459513E0,-5.714615420E-1,-7.216347045E0,7.456835677E0
2.203713708E0,1.379135832E0,-3.657605883E-1,-7.089624433E0,7.231775097E0
2.213680708E0,9.550059982E-1,-6.817707270E-2,-6.673371676E0,6.741704094E0
2.223647708E0,6.849799713E-1,1.564080486E-1,-5.888382390E0,5.930152460E0
2.233614708E0,7.529522453E-1,1.653677371E-1,-4.705612285E0,4.768340440E0
2.243581708E0,8.737285312E-1,-1.130065057E-1,-2.921017510E0,3.050985957E0
2.253548708E0,9.084788261E-1,-5.024987496E-1,-3.354266953E-1,1.091031548E0
2.263515708E0,5.743734553E-1,-7.370459184E-1,2.554997597E0,2.720506253E0
2.273482708E0,-8.758178875E-2,-5.707103209E-1,5.434790483E0,5.465375415E0
2.283449708E0,-6.466095190E-1,1.401747161E-1,7.606852757E0,7.635572126E0
2.293416708E0,-1.407799760E0,1.142824997E0,8.528344123E0,8.718979449E0
2.303383708E0,-2.292147127E0,2.090303143E0,9.341473719E0,9.843090822E0
2.313350708E0,-2.566747285E0,2.353520526E0,1.069253195E1,1.124533192E1
2.323317708E0,-2.150174539E0,1.790881556E0,1.228981117E1,1.260436298E1
2.333284708E0,-1.624206966E0,9.443036932E-1,1.409812810E1,1.422276252E1
2.343251708E0,-1.957462882E0,4.246397111E-1,1.659170947E1,1.671217529E1
2.353218708E0,-2.769537202E0,3.635129187E-1,1.930450062E1,1.950554337E1
2.363185708E0,-2.811762285E0,1.385031433E-1,2.065655697E1,2.084750671E1
2.373152708E0,-2.031806136E0,-2.737015866E-1,1.989932617E1,2.000465773E1
2.383119708E0,-1.084264547E0,-1.290715845E-1,1.772670432E1,1.776030222E1
2.393086708E0,-9.823103026E-2,6.013109931E-1,1.483598591E1,1.484849158E1
2.403053708E0,5.598416626E-1,1.263506850E0,1.206947406E1,1.214833636E1
2.413020708E0,2.005890253E-1,1.700814115E0,1.021308249E1,1.035567760E1
2.422987708E0,-8.913653415E-1,2.053697673E0,9.262191907E0,9.528924663E0
2.432954708E0,-2.171560291E0,2.530449232E0,8.494364784E0,9.125408511E0
2.442921708E0,-2.856916239E0,3.003433137E0,7.482816941E0,8.554246336E0
2.452888708E0,-2.617570114E0,3.084399825E0,5.725526909E0,7.010481721E0
2.462855708E0,-2.397175692E0,2.901823440E0,3.714424447E0,5.288097914E0
2.472822708E0,-2.559227473E0,2.528686296E0,2.002311172E0,4.117420270E0
2.482790708E0,-2.808570290E0,1.977843791E0,1.055955691E0,3.593741165E0
2.492757708E0,-2.729668839E0,1.279951998E0,7.338021755E-1,3.102875235E0
2.502724708E0,-2.150995926E0,4.379479739E-1,4.485533613E-1,2.240487005E0
2.512691708E0,-1.158610871E0,-3.746515721E-1,-3.802397561E-1,1.275666580E0
2.522659250E0,-7.950400651E-2,-1.244832451E0,-2.115353054E0,2.455737621E0
2.532626250E0,1.676673301E0,-2.308343622E0,-4.794081243E0,5.578790066E0
2.542593250E0,3.773090147E0,-2.918719262E0,-7.570820460E0,8.948321285E0
2.552560250E0,5.100779398E0,-3.114471762E0,-9.547976911E0,1.126417986E1
2.562527250E0,5.137391739E0,-3.390675519E0,-1.060420157E1,1.226126280E1
2.572494250E0,4.414893108E0,-3.866957254E0,-1.069191215E1,1.219678748E1
2.582461250E0,3.700764182E0,-4.433558590E0,-1.066524417E1,1.212845952E1
2.592428250E0,2.994313527E0,-4.808356927E0,-1.053811868E1,1.196403591E1
2.602395250E0,2.175808878E0,-4.859305471E0,-1.043180344E1,1.171193908E1
2.612362250E0,1.546503463E0,-4.758930413E0,-1.029999667E1,1.145115815E1
2.622329250E0,1.299448662E0,-4.634071309E0,-1.004888332E1,1.114195852E1
2.632296250E0,1.368186482E0,-4.413383357E0,-9.874096009E0,1.090172734E1
2.642263250E0,1.620047110E0,-4.156662816E0,-9.934047511E0,1.088979790E1
2.652230250E0,1.928357635E0,-4.019805810E0,-1.007455026E1,1.101698529E1
2.662197250E0,2.265282387E0,-4.073885246E0,-1.020116469E1,1.121569465E1
2.672164250E0,2.459210849E0,-4.232223752E0,-1.030208647E1,1.140580648E1
2.682131250E0,2.523842755E0,-4.421102559E0,-1.039426197E1,1.157396268E1
2.692098250E0,2.482589479E0,-4.563725504E0,-1.044690212E1,1.166741637E1
2.702065250E0,2.368855288E0,-4.625414506E0,-1.044622267E1,1.166745486E1
2.712032250E0,2.264874544E0,-4.588586403E0,-1.029070895E1,1.149275740E1
2.721999250E0,2.464973573E0,-4.414456321E0,-9.905697870E0,1.112143739E1
2.731966250E0,2.813502417E0,-4.337217234E0,-9.343303898E0,1.067822911E1
2.741933250E0,3.164650228E0,-4.349470074E0,-8.765279734E0,1.028411541E1
2.751900250E0,3.373472133E0,-4.328590252E0,-8.333647045E0,9.978310522E0
2.761867250E0,3.159031346E0,-4.235154377E0,-7.928282388E0,9.527521885E0
2.771834250E0,2.583674389E0,-3.971140896E0,-7.423454254E0,8.806418479E0
2.781801250E0,2.017481189E0,-3.526858633E0,-6.851648603E0,7.965805091E0
2.791768250E0,1.492007413E0,-2.893750774E0,-6.250517997E0,7.047613418E0
2.801735250E0,9.330758697E-1,-1.949471346E0,-5.558403545E0,5.963800724E0
2.811702250E0,2.335243446E-1,-6.346971327E-1,-4.656730732E0,4.705583405E0
2.821669250E0,-5.309409222E-1,1.076776457E0,-3.476742148E0,3.678190012E0
2.831636250E0,-1.052458764E0,2.736826416E0,-2.233745137E0,3.686123386E0
2.841603250E0,-1.048254616E0,3.677577341E0,-1.042318230E0,3.963564069E0
2.851570250E0,-7.502386987E-1,3.662285410E0,4.052266628E-1,3.760239511E0
2.861537250E0,-5.541973454E-1,3.185352295E0,2.049305829E0,3.827957461E0
2.871504250E0,-1.257947756E0,2.911100632E0,4.092794849E0,5.177635476E0
2.881471250E0,-3.430879804E0,3.502985621E0,7.636821492E0,9.075400101E0
2.891438250E0,-5.137668897E0,3.972560307E0,1.219121893E1,1.381313491E1
2.901405250E0,-4.083910589E0,2.198653073E0,1.566265122E1,1.633496386E1
2.911372250E0,-1.987614927E0,-4.790711492E-1,1.742799814E1,1.754751382E1
2.921339250E0,-1.285894816E0,-1.584831816E0,1.836241945E1,1.847548823E1
2.931306250E0,-1.741918726E0,-1.245121889E0,1.911982450E1,1.923934245E1
2.941273250E0,-2.553170342E0,-4.468445125E-1,1.972391906E1,1.989349974E1
2.951240250E0,-3.066942962E0,7.277659486E-1,1.914400390E1,1.940176971E1
2.961207250E0,-3.289668669E0,2.188233188E0,1.692410029E1,1.737916727E1
2.971174250E0,-2.902372201E0,3.418112116E0,1.370854450E1,1.442329529E1
2.981141250E0,-1.939364873E0,4.331092275E0,1.089356390E1,1.188230748E1
2.991108250E0,-9.096576248E-1,4.792294626E0,8.880442400E0,1.013192094E1
3.001075250E0,-9.461847425E-2,4.696319598E0,7.149216916E0,8.554278048E0
3.011042250E0,3.458613440E-1,4.248541870E0,5.209758049E0,6.731367396E0
3.021009250E0,5.695891173E-1,3.862102311E0,3.252187432E0,5.081042129E0
3.030977250E0,8.250510456E-1,3.284982126E0,1.563124466E0,3.730304933E0
3.040944250E0,9.639708030E-1,2.303421436E0,-3.377351761E-2,2.497224594E0
3.050911250E0,9.679062715E-1,1.172645358E0,-1.522633667E0,2.151825497E0
3.060878250E0,9.145090596E-1,7.562408656E-2,-2.681811426E0,2.834459092E0
3.070845250E0,6.703708492E-1,-8.875857013E-1,-3.557830750E0,3.727648736E0
3.080812250E0,4.390889119E-1,-1.698908800E0,-4.428923210E0,4.763869329E0
3.090779250E0,3.321886535E-1,-2.232503189E0,-5.289883615E0,5.751285808E0
3.100746250E0,2.672524001E-1,-2.533617838E0,-6.100316475E0,6.610938231E0
3.110713250E0,2.815687229E-1,-2.584280161E0,-6.818894255E0,7.297609455E0
3.120680250E0,3.447164592E-1,-2.568423389E0,-7.379680828E0,7.821465161E0
3.130647250E0,4.079684222E-1,-2.566180105E0,-7.682485907E0,8.110012841E0
3.140614250E0,4.089424221E-1,-2.638660144E0,-7.607817548E0,8.062794125E0
3.150581250E0,4.823419355E-1,-2.760146281E0,-7.263379709E0,7.785097689E0
3.160548250E0,4.924691668E-1,-2.860115250E0,-6.882767485E0,7.469623376E0
3.170515250E0,4.194241409E-1,-2.857264148E0,-6.672243163E0,7.270399153E0
3.180482250E0,2.766197857E-1,-2.746884504E0,-6.615203574E0,7.168180474E0
3.190449250E0,2.444938673E-1,-2.462032716E0,-6.562952855E0,7.013824386E0
3.200416250E0,4.430354901E-1,-2.085407416E0,-6.480050447E0,6.821748920E0
3.210383250E0,6.441142197E-1,-1.719966963E0,-6.372135989E0,6.631537269E0
3.220350250E0,8.289040683E-1,-1.356560171E0,-6.282872395E0,6.480881343E0
3.230317250E0,1.057714534E0,-9.363617125E-1,-6.197763247E0,6.356713189E0
3.240284250E0,1.218468087E0,-5.927378055E-1,-6.098617859E0,6.247330820E0
3.250251250E0,1.164887711E0,-5.454373392E-1,-5.689505137E0,5.833089573E0
3.260218250E0,1.064279349E0,-7.865589711E-1,-4.937744992E0,5.112014393E0
3.270185250E0,9.468567337E-1,-1.140543852E0,-3.721281477E0,4.005660218E0
3.280152250E0,8.450394599E-1,-1.400533279E0,-1.856644167E0,2.474411590E0
3.290119250E0,6.578031363E-1,-1.458748158E0,2.661465454E-1,1.622185297E0
3.300086250E0,2.926467115E-1,-1.164280916E0,2.416356606E0,2.698142212E0
3.310053250E0,-1.703359701E-1,-4.349372426E-1,4.777055905E0,4.799838317E0
3.320020250E0,-6.293144783E-1,5.847241965E-1,7.231114773E0,7.281961271E0
3.329987250E0,-5.280037196E-1,1.277304086E0,8.828277050E0,8.935813860E0
3.339954250E0,-2.768995750E-1,1.614741054E0,9.959066577E0,1.009292173E1
3.349921250E0,-5.531256969E-1,1.578179584E0,1.137269528E1,1.149499007E1
3.359888250E0,-7.024304017E-1,1.075323131E0,1.306912340E1,1.313208722E1
3.369855250E0,-2.615006402E-2,3.808127832E-1,1.499535411E1,1.500021157E1
3.379822250E0,1.078637333E0,-2.916754889E-1,1.675721959E1,1.679443186E1
3.389789250E0,1.429347188E0,-6.686162460E-1,1.795421480E1,1.802342670E1
3.399756250E0,8.455801812E-1,-6.259160766E-1,1.826085682E1,1.829113634E1
3.409723250E0,-2.862983894E-1,-4.235468665E-1,1.715438470E1,1.716200084E1
3.419690250E0,-1.773345317E0,-3.795015451E-1,1.418579658E1,1.430124469E1
3.429657250E0,-3.451337165E0,3.255609807E-1,9.596184865E0,1.020316040E1
3.439624250E0,-5.376142910E0,2.749628310E0,4.499295035E0,7.530406645E0
3.449591250E0,-7.054998391E0,6.315805083E0,9.087760109E-1,9.512532259E0
3.459558250E0,-7.262583902E0,9.339606704E0,9.464677477E-1,1.186883227E1
3.469525250E0,-5.800244969E0,1.030177072E1,4.277611302E0,1.257248106E1
3.479492250E0,-4.209733899E0,9.474644641E0,7.710346720E0,1.292053393E1
3.489459250E0,-3.114986025E0,7.759057535E0,9.986264316E0,1.302426914E1
3.499426250E0,-2.012593501E0,5.009487405E0,1.067874773E1,1.196583259E1
3.509393250E0,-1.266762434E0,1.829007887E0,9.163454654E0,9.429679640E0
3.519360250E0,-1.168033659E0,-6.859982640E-1,6.293921878E0,6.438039209E0
3.529327000E0,-1.380337581E0,-2.258028039E0,3.132142925E0,4.100529450E0
3.539294000E0,-1.354154919E0,-3.383888948E0,-2.316432953E-2,3.644856176E0
3.549261000E0,-7.743426758E-1,-4.105274269E0,-3.030573866E0,5.161129853E0
3.559228000E0,5.176773906E-2,-4.319238507E0,-5.942886041E0,7.346862982E0
3.569195000E0,9.367979148E-1,-4.434708445E0,-8.414008253E0,9.557183906E0
3.579162000E0,1.995431339E0,-4.735940039E0,-1.013234297E1,1.136112883E1
3.589129000E0,3.036688592E0,-5.155396485E0,-1.105552476E1,1.257076840E1
3.599096000E0,3.764642967E0,-5.504550104E0,-1.133337042E1,1.314982485E1
3.609063000E0,4.262383398E0,-5.636032349E0,-1.125702098E1,1.329109831E1
3.619030000E0,4.418824484E0,-5.525303042E0,-1.095246408E1,1.303884400E1
3.628997000E0,4.364973674E0,-5.293566776E0,-1.079967867E1,1.279483895E1
3.638964000E0,4.210533506E0,-5.115961694E0,-1.083838724E1,1.270323952E1
3.648931000E0,4.061442371E0,-5.004766948E0,-1.095479244E1,1.271025113E1
3.658899000E0,4.080572706E0,-4.824781464E0,-1.114582448E1,1.281245461E1
3.668865000E0,4.172369022E0,-4.564069321E0,-1.138875057E1,1.295928360E1
3.678833000E0,4.371755860E0,-4.286829438E0,-1.148319128E1,1.301356362E1
3.688800000E0,4.717652872E0,-4.098545001E0,-1.128712362E1,1.290168513E1
3.698767000E0,5.135615939E0,-4.098557280E0,-1.073353497E1,1.258497103E1
3.708734000E0,5.361661695E0,-4.356025972E0,-1.005220103E1,1.219709490E1
3.718701000E0,5.341203457E0,-4.724359043E0,-9.411958396E0,1.180817444E1
3.728668000E0,5.115450062E0,-4.958538276E0,-8.929783545E0,1.142348306E1
3.738635000E0,4.920366483E0,-5.098854495E0,-8.600318086E0,1.114332960E1
3.748602000E0,4.727601032E0,-5.175453020E0,-8.467542436E0,1.099248836E1
3.758569000E0,4.516687286E0,-5.183020486E0,-8.369156601E0,1.083083319E1
3.768536000E0,4.379437931E0,-5.087088143E0,-8.269394331E0,1.065086029E1
3.778503000E0,4.196357516E0,-4.960091296E0,-8.154676053E0,1.042644060E1
3.788470000E0,3.881203702E0,-4.860384867E0,-8.008752354E0,1.014037462E1
3.798437000E0,3.349808744E0,-4.620526819E0,-7.905243773E0,9.750044401E0
3.808404000E0,2.658329008E0,-4.022991665E0,-7.628748826E0,9.024909069E0
3.818371000E0,2.050931355E0,-3.227542588E0,-7.208901785E0,8.160368590E0
3.828338000E0,1.424441375E0,-2.474187323E0,-6.746166002E0,7.325393632E0
3.838305000E0,3.845906693E-1,-1.541995845E0,-6.125562413E0,6.328362825E0
3.848272000E0,-1.015154113E0,-5.370784521E-2,-5.223412467E0,5.321415245E0
3.858239000E0,-2.312491052E0,1.644393747E0,-4.015865371E0,4.917196390E0
3.868206000E0,-2.899310599E0,2.755454768E0,-2.955301489E0,4.973161954E0
3.878173000E0,-2.137513709E0,2.846814297E0,-1.991876231E0,4.079324382E0
3.888140000E0,-5.447333345E-1,2.400100177E0,-2.186309016E-1,2.470832802E0
3.898107000E0,2.073519149E-1,2.198444035E0,3.909809743E0,4.490296562E0
3.908074000E0,-4.368182918E-1,2.271544463E0,1.107916272E1,1.131806392E1
3.918041000E0,-2.108913515E0,2.444930195E0,1.827552866E1,1.855855995E1
3.928008000E0,-4.050091756E0,1.970564592E0,2.161816667E1,2.208237981E1
3.937975000E0,-4.841555956E0,7.388895455E-1,2.079636156E1,2.136528202E1
3.947942000E0,-5.389002691E0,3.633304855E-1,1.843981436E1,1.921458074E1
3.957909000E0,-5.709325444E0,6.736077216E-1,1.700643728E1,1.795185375E1
3.967876000E0,-5.207894542E0,5.780048686E-1,1.788194672E1,1.863384753E1
3.977843000E0,-4.862346316E0,8.239653638E-1,1.940445292E1,2.002134171E1
3.987810000E0,-4.962355338E0,1.719149522E0,1.982237447E1,2.050626673E1
3.997777000E0,-4.529248859E0,2.877658944E0,1.880534253E1,1.955596901E1
4.007744000E0,-3.365025246E0,4.014194822E0,1.696906889E1,1.775912312E1
4.017711000E0,-1.846682558E0,4.836489344E0,1.470256063E1,1.558740372E1
4.027678000E0,-2.784248212E-1,5.177765594E0,1.184247111E1,1.292791162E1
4.037645000E0,9.250371176E-1,5.148473382E0,8.641856706E0,1.010169091E1
4.047612000E0,1.562749659E0,4.689145356E0,5.479179620E0,7.379138160E0
4.057579000E0,1.641033206E0,3.970323455E0,2.643137941E0,5.044069438E0
4.067546000E0,1.552292937E0,3.068778111E0,2.499322164E-1,3.448112320E0
4.077513000E0,1.532954441E0,2.077682659E0,-1.826773666E0,3.162881056E0
4.087480000E0,1.557916643E0,1.120903347E0,-3.583783616E0,4.065345445E0
4.097447000E0,1.585835052E0,2.884381780E-1,-4.867382523E0,5.127326986E0
4.107414000E0,1.681967955E0,-4.390671310E-1,-5.668600171E0,5.929150365E0
4.117381000E0,1.907933457E0,-1.029233039E0,-6.139435517E0,6.510929211E0
4.127348000E0,2.092808675E0,-1.497886789E0,-6.454864735E0,6.949013724E0
4.137315000E0,2.136536931E0,-1.925177335E0,-6.761816660E0,7.348010776E0
4.147282000E0,2.097869002E0,-2.322695321E0,-7.077928832E0,7.739059662E0
4.157249000E0,1.905067006E0,-2.716595342E0,-7.238944779E0,7.963133307E0
4.167216000E0,1.672677898E0,-3.056693378E0,-7.192300370E0,7.991896544E0
4.177183000E0,1.596055692E0,-3.340529505E0,-7.166584901E0,8.066379007E0
4.187150000E0,1.574758086E0,-3.569147743E0,-7.205910349E0,8.194133426E0
4.197117000E0,1.546531530E0,-3.724838631E0,-7.310045752E0,8.348829349E0
4.207084000E0,1.605391649E0,-3.775310335E0,-7.368464114E0,8.433535075E0
4.217051000E0,1.695919411E0,-3.652693638E0,-7.288247332E0,8.326875923E0
4.227018000E0,1.798806433E0,-3.417466291E0,-7.106862609E0,8.088403834E0
4.236985000E0,1.912707563E0,-3.095009890E0,-6.906303697E0,7.806059646E0
4.246952000E0,2.029838987E0,-2.748450388E0,-6.700769974E0,7.521605154E0
4.256919000E0,2.139911944E0,-2.384941270E0,-6.492616113E0,7.240250824E0
4.266886000E0,2.295113128E0,-2.013992155E0,-6.358717214E0,7.053863713E0
4.276853000E0,2.331767276E0,-1.686108660E0,-6.354040026E0,6.975236605E0
4.286820000E0,2.214396993E0,-1.405719175E0,-6.376980407E0,6.895323020E0
4.296787000E0,2.018376982E0,-1.146267399E0,-6.340607802E0,6.752116845E0
4.306754000E0,1.783380893E0,-9.330714843E-1,-6.176992768E0,6.496638320E0
4.316721000E0,1.453369305E0,-7.837727728E-1,-5.841403520E0,6.070302890E0
4.326688000E0,1.053822335E0,-6.616969433E-1,-5.326158571E0,5.469584032E0
4.336655000E0,4.962812591E-1,-5.843148914E-1,-4.286920069E0,4.354928548E0
4.346622000E0,-1.568451279E-1,-2.145328805E-1,-2.568049752E0,2.581763793E0
4.356589000E0,-1.029532709E0,6.821879259E-1,-5.023068148E-1,1.333277953E0
4.366556000E0,-2.159387265E0,1.926531258E0,1.495946975E0,3.257657655E0
4.376523000E0,-3.226572534E0,3.321163819E0,3.703369702E0,5.929236593E0
4.386490000E0,-3.886824923E0,3.998637427E0,6.470223032E0,8.541679890E0
4.396457000E0,-4.029319522E0,3.502035449E0,1.002784854E1,1.136034394E1
4.406424000E0,-3.694059765E0,2.552246482E0,1.349362658E1,1.422104067E1
4.416391000E0,-3.090551680E0,1.740710837E0,1.600619152E1,1.639450368E1
4.426359000E0,-2.656095956E0,1.008144471E0,1.811320293E1,1.833464811E1
4.436326000E0,-2.713117126E0,2.827450365E-1,2.084243060E1,2.102017751E1
4.446293000E0,-3.245862499E0,-2.760651773E-1,2.363926845E1,2.386266641E1
4.456260000E0,-3.865074743E0,-1.560773885E-1,2.506990904E1,2.536658239E1
4.466227000E0,-4.359969335E0,3.669449419E-1,2.405682748E1,2.445148113E1
4.476194000E0,-4.656103618E0,1.215414232E0,2.084722999E1,2.139540911E1
4.486161000E0,-4.411103528E0,2.697829873E0,1.633413845E1,1.713301489E1
4.496128000E0,-3.946545460E0,4.593073557E0,1.167344448E1,1.315069777E1
4.506095000E0,-3.758307801E0,6.566398035E0,7.885666126E0,1.092822908E1
4.516062000E0,-3.180327491E0,7.875655108E0,5.834774532E0,1.030461160E1
4.526029500E0,-2.123682705E0,7.803772362E0,5.922672801E0,1.002431765E1
4.535996500E0,-6.393371907E-1,6.389056077E0,6.526217723E0,9.155343105E0
4.545963500E0,9.330282149E-1,4.388762486E0,5.926709134E0,7.433549554E0
4.555930500E0,2.007170793E0,2.339038581E0,4.291938735E0,5.283992258E0
4.565897500E0,2.570977745E0,4.193956357E-1,2.095385397E0,3.343121181E0
4.575864500E0,2.658055650E0,-1.442899280E0,-5.222692090E-1,3.069199130E0
4.585831500E0,2.602301572E0,-3.149017697E0,-3.287344986E0,5.243560144E0
4.595798500E0,2.514420552E0,-4.506348531E0,-5.937657461E0,7.866718752E0
4.605765500E0,2.442348649E0,-5.414104203E0,-7.933219777E0,9.910275842E0
4.615732500E0,2.635293024E0,-5.877128254E0,-9.333812698E0,1.134043497E1
4.625699500E0,3.020585652E0,-6.103007948E0,-1.016681113E1,1.223661278E1
4.635666500E0,3.411450091E0,-6.248839846E0,-1.064931752E1,1.280991627E1
4.645633500E0,3.640946289E0,-6.156869575E0,-1.086757186E1,1.301029020E1
4.655600500E0,3.626497234E0,-5.804389476E0,-1.089637408E1,1.286753230E1
4.665567500E0,3.194366363E0,-5.267220976E0,-1.060746081E1,1.226645092E1
4.675534500E0,2.728923612E0,-4.648867396E0,-1.014063315E1,1.148439954E1
4.685501500E0,2.430558323E0,-4.078281182E0,-9.715756332E0,1.081369096E1
4.695468500E0,2.217371472E0,-3.668798331E0,-9.500933722E0,1.042327007E1
4.705435500E0,2.331812592E0,-3.476548313E0,-9.433556841E0,1.032064595E1
4.715402500E0,2.775055512E0,-3.622609421E0,-9.731189473E0,1.074803613E1
4.725369500E0,3.292456914E0,-3.939602769E0,-1.002843677E1,1.126633421E1
4.735336500E0,3.653504062E0,-4.157382023E0,-1.017092289E1,1.157927415E1
4.745303500E0,3.750946449E0,-4.264795375E0,-1.016250290E1,1.164193043E1
4.755270500E0,3.620045124E0,-4.481292043E0,-1.003136155E1,1.156783989E1
4.765237500E0,3.353212116E0,-4.790789260E0,-9.819250295E0,1.142862063E1
4.775204500E0,3.206490272E0,-5.079897237E0,-9.415540985E0,1.116867709E1
4.785171500E0,3.265803258E0,-5.284311218E0,-8.850533307E0,1.081301789E1
4.795138500E0,3.422529103E0,-5.532623171E0,-8.372479573E0,1.060292596E1
4.805105500E0,3.548136359E0,-5.686262271E0,-8.011304079E0,1.044527852E1
4.815072500E0,3.728687561E0,-5.624035032E0,-7.780360111E0,1.029887782E1
4.825039500E0,4.044768451E0,-5.425330272E0,-7.550072200E0,1.013893242E1
4.835006500E0,4.163018155E0,-5.190814240E0,-7.270731997E0,9.855902618E0
4.844973500E0,3.689599801E0,-4.853267344E0,-6.890753027E0,9.200534109E0
4.854940500E0,2.609998554E0,-4.262624304E0,-6.455198611E0,8.164046026E0
4.864907500E0,1.047804673E0,-3.239013655E0,-5.885189810E0,6.798864846E0
4.874874500E0,-6.550451508E-1,-1.678621008E0,-5.042669769E0,5.354938939E0
4.884841500E0,-1.983695392E0,1.436827531E-1,-3.984721346E0,4.453503829E0
4.894808500E0,-2.925338310E0,1.786463253E0,-2.638090040E0,4.325340939E0
4.904775500E0,-3.091561787E0,3.240649414E0,-1.060998330E0,4.602747045E0
4.914742500E0,-1.485314983E0,4.203415983E0,1.657954609E-1,4.461205516E0
4.924709500E0,6.835193369E-1,3.994466901E0,9.816358262E-1,4.169721022E0
4.934676500E0,1.339736562E0,3.804818893E0,2.201327004E0,4.595365213E0
4.944643500E0,9.406006515E-2,4.633618442E0,4.455849638E0,6.429141713E0
4.954610500E0,-2.089228279E0,5.182780166E0,7.770406981E0,9.571066278E0
4.964577500E0,-3.203399434E0,4.149578622E0,1.088109179E1,1.207803499E1
4.974544500E0,-3.408918832E0,2.492763342E0,1.276861861E1,1.344887423E1
4.984511500E0,-3.721733759E0,1.842848538E0,1.371645344E1,1.433138123E1
4.994478500E0,-3.620979509E0,1.896572464E0,1.424146207E1,1.481646792E1
5.004445500E0,-3.316896229E0,1.504859886E0,1.536499988E1,1.579080825E1
5.014412500E0,-3.286402999E0,1.199828187E0,1.668830664E1,1.705108826E1
5.024379500E0,-3.435396778E0,1.655033925E0,1.696355613E1,1.738687220E1
5.034346500E0,-3.198428131E0,2.456449502E0,1.573910006E1,1.624756466E1
5.044313500E0,-2.613430870E0,3.065980218E0,1.355989775E1,1.414570898E1
5.054280500E0,-2.006860599E0,3.416397713E0,1.096794984E1,1.166169741E1
5.064247500E0,-1.511991150E0,3.526534697E0,8.456632701E0,9.286398702E0
5.074214500E0,-1.101315467E0,3.333909580E0,6.197448667E0,7.122936110E0
5.084181500E0,-7.900512207E-1,3.036112933E0,4.214792910E0,5.254202313E0
5.094148500E0,-5.439097542E-1,2.762549779E0,2.507044582E0,3.769985629E0
5.104115500E0,-3.321636567E-1,2.427050286E0,1.096910759E0,2.684048994E0
5.114082500E0,-1.507336181E-1,1.999898611E0,-1.962682253E-1,2.015151680E0
5.124049500E0,1.213355720E-1,1.681398143E0,-1.225652415E0,2.084237481E0
5.134016500E0,3.245017576E-1,1.422125585E0,-1.906011039E0,2.400129299E0
5.143983500E0,4.685116625E-1,1.176415643E0,-2.450442950E0,2.758283450E0
5.153950500E0,6.436568213E-1,9.830871052E-1,-2.947885466E0,3.173449713E0
5.163917500E0,9.059722710E-1,8.147858199E-1,-3.402264408E0,3.613871164E0
5.173884500E0,1.204855330E0,5.216985208E-1,-3.779444316E0,4.001005505E0
5.183851500E0,1.449125688E0,1.026405618E-1,-4.125090190E0,4.373427651E0
5.193818500E0,1.605309496E0,-3.614190307E-1,-4.528239337E0,4.817944976E0
5.203785500E0,1.607281469E0,-7.891270682E-1,-4.881324624E0,5.199365859E0
5.213752500E0,1.522681322E0,-1.129899580E0,-5.158463935E0,5.495905898E0
5.223719500E0,1.353318767E0,-1.277012018E0,-5.179646643E0,5.503723351E0
5.233686500E0,1.228394466E0,-1.337105315E0,-4.946951433E0,5.269642500E0
5.243653500E0,1.288569917E0,-1.390281941E0,-4.597481480E0,4.972940002E0
5.253620500E0,1.405494349E0,-1.370665409E0,-4.155099270E0,4.595540009E0
5.263587500E0,1.494671697E0,-1.307842047E0,-3.955387035E0,4.426011850E0
5.273554500E0,1.555728908E0,-1.213810633E0,-4.094004053E0,4.544721980E0
5.283521500E0,1.485193653E0,-1.149639488E0,-4.455376014E0,4.835064277E0
5.293488500E0,1.404559380E0,-1.186283989E0,-4.805555819E0,5.145233083E0
5.303455500E0,1.383930987E0,-1.238458986E0,-5.232870923E0,5.552655557E0
5.313423500E0,1.345958000E0,-1.152716585E0,-5.734409414E0,6.001983821E0
5.323390500E0,1.391789061E0,-1.023999488E0,-6.029778004E0,6.272469571E0
5.333357500E0,1.435733225E0,-9.973373544E-1,-5.835735229E0,6.091946927E0
5.343324500E0,1.385115487E0,-1.150954819E0,-5.023662810E0,5.336705907E0
5.353291500E0,1.177804357E0,-1.398355776E0,-3.999845170E0,4.397883964E0
5.363257500E0,8.511799134E-1,-1.627970380E0,-2.975747448E0,3.497122771E0
5.373225500E0,4.644213890E-1,-1.716645159E0,-1.808999884E0,2.536737750E0
5.383192500E0,1.282545823E-1,-1.634263153E0,-5.545592880E-1,1.730549420E0
5.393159500E0,6.577094346E-3,-1.511295623E0,6.079139614E-1,1.628992665E0
5.403126500E0,1.448311463E-1,-1.369359434E0,1.399184327E0,1.963119482E0
5.413093500E0,1.558728822E-1,-7.458772606E-1,1.954846984E0,2.098107713E0
5.423060500E0,-1.247370435E-1,5.141868952E-1,2.461032257E0,2.517265831E0
5.433027500E0,-5.906197979E-1,1.835846790E0,3.229487371E0,3.761482934E0
5.442994500E0,-8.100586385E-1,2.651973084E0,4.847736463E0,5.584774396E0
5.452961500E0,-4.713792832E-1,2.962190094E0,7.736289062E0,8.297405440E0
5.462928500E0,3.980778569E-1,2.925247678E0,1.151442828E1,1.188686664E1
5.472895500E0,1.237647831E0,2.641303085E0,1.527232151E1,1.554837800E1
5.482862500E0,1.572285006E0,2.207204918E0,1.822825742E1,1.842859741E1
5.492829500E0,1.272603802E0,1.887073954E0,1.974512574E1,1.987587882E1
5.502796500E0,3.428253235E-1,1.958153000E0,1.930995022E1,1.941200839E1
5.512763500E0,-8.533344662E-1,2.402249029E0,1.733463798E1,1.752109169E1
5.522730500E0,-1.558602229E0,3.067966810E0,1.470518954E1,1.510245876E1
5.532697333E0,-1.769191748E0,3.827517784E0,1.221848567E1,1.292560729E1
5.542664333E0,-1.897395898E0,4.205093549E0,1.041351686E1,1.138965567E1
5.552631333E0,-2.177514803E0,4.198054086E0,9.174457945E0,1.032162329E1
5.562598333E0,-2.524814855E0,3.801452066E0,8.341330871E0,9.508077017E0
5.572565333E0,-2.533914292E0,3.279364413E0,7.639476712E0,8.691176965E0
5.582532333E0,-1.820176252E0,2.623558540E0,6.845507272E0,7.553613097E0
5.592499333E0,-5.065150559E-1,1.734662770E0,5.810483444E0,6.085008650E0
5.602466333E0,8.670887254E-1,6.308151662E-1,4.580208220E0,4.704049104E0
5.612433333E0,1.824531112E0,-4.183194557E-1,3.052109161E0,3.580401552E0
5.622400333E0,2.254744682E0,-1.242966605E0,1.279749684E0,2.875169354E0
5.632367333E0,2.275642046E0,-1.732283245E0,-7.175556868E-1,2.948599350E0
5.642334333E0,2.117688578E0,-1.966286769E0,-2.677891452E0,3.939795833E0
5.652301333E0,1.761538181E0,-2.229206236E0,-4.550225453E0,5.364413190E0
5.662268333E0,1.204527740E0,-2.663711077E0,-6.156741521E0,6.815549130E0
5.672235333E0,5.112678190E-1,-3.223295170E0,-7.284642524E0,7.982295612E0
5.682202333E0,-2.016789463E-1,-3.839741973E0,-7.948550591E0,8.829708337E0
5.692169333E0,-7.750646608E-1,-4.459338672E0,-8.373440271E0,9.518452006E0
5.702136333E0,-1.202348629E0,-5.002711651E0,-8.764488605E0,1.016312091E1
5.712103333E0,-1.681575899E0,-5.391036937E0,-9.295805211E0,1.087671694E1
5.722070333E0,-2.185754554E0,-5.630412591E0,-9.896701344E0,1.159412638E1
5.732037333E0,-2.543423034E0,-5.715894206E0,-1.038450063E1,1.212346076E1
5.742004333E0,-2.600587753E0,-5.636102516E0,-1.065089744E1,1.232762445E1
5.751971333E0,-2.223185212E0,-5.462437288E0,-1.061670526E1,1.214476036E1
5.761938333E0,-1.596856907E0,-5.191268569E0,-1.021151427E1,1.156608166E1
5.771905333E0,-9.963402580E-1,-4.927198370E0,-9.413918967E0,1.067201237E1
5.781872333E0,-6.770031998E-1,-4.646777601E0,-8.599529296E0,9.798100812E0
5.791839333E0,-1.512445186E-1,-4.454307727E0,-7.980608536E0,9.140779225E0
5.801806333E0,3.091585176E-1,-4.400126842E0,-7.234800857E0,8.473431339E0
5.811773333E0,6.007508299E-1,-4.544816778E0,-6.896313729E0,8.281026758E0
5.821740333E0,7.817120679E-1,-4.857900093E0,-6.849098632E0,8.433292308E0
5.831707333E0,8.123497237E-1,-5.205162722E0,-6.923793304E0,8.700146249E0
5.841674333E0,7.147700733E-1,-5.464417740E0,-7.087694267E0,8.978093757E0
5.851641333E0,6.481849051E-1,-5.519077511E0,-7.466952860E0,9.307832469E0
5.861608333E0,5.844952780E-1,-5.398619022E0,-7.548295231E0,9.298574244E0
5.871575333E0,5.684554884E-1,-5.085776027E0,-7.210750090E0,8.842125101E0
5.881542333E0,7.272116326E-1,-4.534496443E0,-6.548143027E0,7.998041751E0
5.891509333E0,9.135854919E-1,-3.988761773E0,-5.744191806E0,7.052701499E0
5.901476333E0,1.216584845E0,-3.466854506E0,-5.052503031E0,6.247155011E0
5.911443333E0,1.727112114E0,-3.078919230E0,-4.603119366E0,5.800979897E0
5.921410333E0,2.007276482E0,-2.772632133E0,-4.230420763E0,5.441792688E0
5.931377333E0,1.654141640E0,-2.236285168E0,-4.237743816E0,5.069085575E0
5.941344333E0,5.571950667E-1,-1.201604571E0,-4.615088031E0,4.801391197E0
5.951311333E0,-1.150474617E0,3.168992078E-1,-5.140472052E0,5.277164946E0
5.961278333E0,-2.177922354E0,1.364399825E0,-5.141977710E0,5.748466529E0
5.971245333E0,-1.601055062E0,9.592439139E-1,-4.255367324E0,4.646684545E0
5.981212333E0,-5.982448594E-1,1.201392317E-1,-2.367152871E0,2.444533301E0
5.991179333E0,-5.670116647E-1,7.579447442E-1,2.458374113E-1,9.779665106E-1
6.001146333E0,-1.585441388E0,2.790921054E0,3.024664085E0,4.410380659E0
6.011113333E0,-2.347818321E0,4.226574465E0,5.373294731E0,7.228310926E0
6.021080333E0,-1.558234878E0,3.527657363E0,6.536876612E0,7.589678402E0
6.031047333E0,-9.688160983E-1,2.241079300E0,6.931804574E0,7.349214633E0
6.041014333E0,-1.603873712E0,2.280899716E0,7.179237691E0,7.701712031E0
6.050981333E0,-2.577014703E0,3.108511696E0,7.598159117E0,8.604410015E0
6.060948333E0,-2.567383754E0,3.173588575E0,8.362838684E0,9.305922557E0
6.070915333E0,-2.280072919E0,2.860226055E0,9.632695464E0,1.030380743E1
6.080882333E0,-2.121163432E0,3.226024358E0,1.139729452E1,1.203349034E1
6.090849333E0,-1.642519568E0,3.686672977E0,1.317863473E1,1.378280964E1
6.100816333E0,-8.521161988E-1,3.594986882E0,1.413072984E1,1.460573718E1
6.110783333E0,-8.068894476E-2,3.191860831E0,1.389131676E1,1.425353176E1
6.120750333E0,2.660154216E-1,2.864838046E0,1.263255858E1,1.295606413E1
6.130717333E0,9.233806014E-2,2.580418075E0,1.072496763E1,1.103141035E1
6.140684333E0,-1.036538842E-1,2.172414862E0,8.664947945E0,8.933725614E0
6.150651333E0,-1.319460757E-1,1.757208171E0,6.691213869E0,6.919359318E0
6.160618333E0,-2.388659222E-1,1.609424181E0,4.857655680E0,5.122901700E0
6.170585333E0,-3.138987091E-1,1.563881680E0,3.295110673E0,3.660875941E0
6.180552333E0,-3.156259766E-1,1.518216973E0,2.090328140E0,2.602705183E0
6.190519333E0,-2.212636104E-1,1.414877376E0,1.112739172E0,1.813566663E0
6.200486333E0,1.127372414E-2,1.248628756E0,2.017230928E-1,1.264868797E0
6.210453333E0,2.231629322E-1,9.919245869E-1,-6.149452382E-1,1.188222928E0
6.220420333E0,3.753544074E-1,6.752249153E-1,-1.342436514E0,1.548856162E0
6.230387333E0,4.740577465E-1,3.309433427E-1,-2.043981355E0,2.124173727E0
6.240354333E0,4.691300055E-1,2.377302468E-2,-2.804463791E0,2.843530424E0
6.250321333E0,4.144714031E-1,-2.665912262E-1,-3.600279781E0,3.633850840E0
6.260288333E0,3.672349638E-1,-5.006029361E-1,-4.293161387E0,4.337821978E0
6.270255333E0,3.768936870E-1,-6.865920487E-1,-4.784427490E0,4.848113437E0
6.280222333E0,4.565219468E-1,-8.102206063E-1,-5.019862120E0,5.105280151E0
6.290189333E0,5.966934469E-1,-9.003767779E-1,-5.081778871E0,5.195305372E0
6.300156333E0,7.581154829E-1,-9.546295837E-1,-4.957037880E0,5.104731264E0
6.310123333E0,9.044119415E-1,-9.911831599E-1,-4.674638414E0,4.863398947E0
6.320090333E0,1.035017397E0,-9.595345205E-1,-4.341543004E0,4.565190375E0
6.330057333E0,1.069981992E0,-8.718640003E-1,-4.102097184E0,4.328072274E0
6.340024333E0,1.034861276E0,-7.739672846E-1,-4.028439224E0,4.230636571E0
6.349991333E0,1.030225896E0,-7.107328632E-1,-4.124520671E0,4.310240987E0
6.359958333E0,1.098028308E0,-7.078370297E-1,-4.364537179E0,4.555862621E0
6.369925333E0,1.165951466E0,-7.220913720E-1,-4.658369122E0,4.856054123E0
6.379892333E0,1.278424559E0,-7.766648975E-1,-4.981629515E0,5.201366200E0
6.389859333E0,1.487296458E0,-9.044862011E-1,-5.396363751E0,5.670175286E0
6.399826333E0,1.534424285E0,-1.070547710E0,-5.710839288E0,6.009510434E0
6.409793333E0,1.453933707E0,-1.163821617E0,-5.806625451E0,6.097975329E0
6.419760333E0,1.320210809E0,-1.257627621E0,-5.705689060E0,5.989947534E0
6.429727333E0,1.062147893E0,-1.332964902E0,-5.413137658E0,5.675122279E0
6.439694333E0,5.280404109E-1,-1.271240231E0,-5.019784352E0,5.205104546E0
6.449661333E0,-9.915372089E-2,-9.235887623E-1,-4.644756804E0,4.736730246E0
6.459628333E0,-7.537172073E-1,-2.679890031E-1,-3.993806165E0,4.073130911E0
6.469595333E0,-1.308978746E0,6.943217754E-1,-2.789952756E0,3.159010045E0
6.479562333E0,-1.584067438E0,1.958732751E0,-1.047359115E0,2.728161424E0
6.489529333E0,-2.112115743E0,3.771157934E0,9.530914736E-1,4.426177632E0
6.499496333E0,-2.285142602E0,5.846612220E0,2.307220665E0,6.687900893E0
6.509463333E0,-1.697737311E0,6.858039610E0,3.381845931E0,7.832745442E0
6.519430333E0,-7.366181946E-1,6.053435839E0,5.846169001E0,8.447744303E0
6.529397208E0,1.964693695E-2,4.571309635E0,1.022256784E1,1.119813159E1
6.539364208E0,4.251674954E-1,3.316268238E0,1.590783199E1,1.625538437E1
6.549331208E0,8.661938091E-1,2.086410506E0,2.127864692E1,2.139822925E1
6.559299208E0,1.485970017E0,3.437082531E-1,2.491536012E1,2.496199936E1
6.569265208E0,1.581449640E0,-9.653726730E-1,2.634695965E1,2.641202776E1
6.579232208E0,1.400253198E0,-1.036097962E0,2.564486342E1,2.570395354E1
6.589199208E0,1.470268050E0,-3.720463452E-1,2.290825891E1,2.295840658E1
6.599167208E0,1.534009864E0,4.650711608E-1,1.934527208E1,1.941156947E1
6.609134208E0,2.040135787E0,1.010472247E0,1.600961331E1,1.617068107E1
6.619100208E0,2.550113418E0,1.530273931E0,1.272616783E1,1.306905369E1
6.629068208E0,2.295299800E0,1.907556166E0,9.616734905E0,1.006919867E1
6.639035208E0,1.244535998E0,2.079719537E0,7.323006105E0,7.713658122E0
6.649002208E0,-3.953613136E-2,2.003111072E0,5.669630451E0,6.013212662E0
6.658969208E0,-1.026031834E0,1.017181635E0,3.642499017E0,3.918571027E0
6.668936208E0,-1.949340076E0,-3.209612685E-1,1.103572492E0,2.262921809E0
6.678903208E0,-2.953974171E0,-7.717728245E-1,-1.138546443E0,3.258509583E0
6.688870208E0,-3.093751277E0,-7.148425788E-1,-2.890918382E0,4.294147875E0
6.698837208E0,-2.138459496E0,-1.131353198E0,-4.462180418E0,5.075827338E0
6.708804208E0,-7.387207071E-1,-1.809314464E0,-5.903288696E0,6.218371535E0
6.718771208E0,1.624074746E-1,-2.526966338E0,-7.166481990E0,7.600684125E0
6.728738208E0,4.202930737E-1,-3.303354370E0,-8.209690166E0,8.859334568E0
6.738705208E0,3.593426844E-1,-3.890680870E0,-9.081051013E0,9.885950248E0
6.748672208E0,2.162531679E-1,-4.298728229E0,-9.816732484E0,1.071886498E1
6.758639208E0,1.825953520E-1,-4.587794983E0,-1.019304057E1,1.117941322E1
6.768606208E0,1.638525774E-1,-4.883893890E0,-1.013538118E1,1.125189845E1
6.778573208E0,5.272723060E-2,-5.225018697E0,-9.583354320E0,1.091532320E1
6.788540208E0,2.591149762E-2,-5.591847864E0,-8.852837695E0,1.047101567E1
6.798507208E0,1.277425124E-1,-5.935496914E0,-8.328617855E0,1.022801629E1
6.808474208E0,3.379778355E-1,-6.242582155E0,-8.017464121E0,1.016679851E1
6.818441208E0,9.244051798E-1,-6.192491983E0,-7.926289657E0,1.010086876E1
6.828408208E0,2.045975548E0,-5.797876262E0,-8.111961558E0,1.017866914E1
6.838375208E0,3.519306954E0,-5.226928983E0,-8.527495692E0,1.060304158E1
6.848342208E0,4.520231868E0,-4.755410682E0,-8.606951752E0,1.082247871E1
6.858309208E0,4.731627132E0,-4.524629851E0,-8.220615689E0,1.050900057E1
6.868276208E0,4.312849255E0,-4.473716975E0,-7.680805417E0,9.879756279E0
6.878243208E0,3.415799250E0,-4.569259309E0,-7.220365251E0,9.202145919E0
6.888210208E0,2.299166125E0,-4.778765631E0,-7.064329378E0,8.833318481E0
6.898177208E0,1.478804108E0,-5.034741529E0,-7.262191554E0,8.959626668E0
6.908144208E0,9.874581912E-1,-5.250690898E0,-7.641259528E0,9.323823023E0
6.918111208E0,6.436781636E-1,-5.413206071E0,-8.075029959E0,9.742855351E0
6.928078208E0,3.610648356E-1,-5.467269427E0,-8.602761637E0,1.019945639E1
6.938045208E0,2.334694538E-1,-5.359336258E0,-9.148724349E0,1.060547737E1
6.948012208E0,3.257816400E-1,-5.134150043E0,-9.394549481E0,1.071089120E1
6.957979208E0,4.074759404E-1,-4.960195962E0,-9.255870482E0,1.050907793E1
6.967946208E0,2.198972623E-1,-4.596654099E0,-8.930862941E0,1.004678539E1
6.977913208E0,-2.764633727E-1,-4.140966550E0,-8.494232637E0,9.453889361E0
6.987880208E0,-1.222017420E0,-3.636724892E0,-7.985253564E0,8.859083982E0
6.997847208E0,-2.787749817E0,-2.654313725E0,-7.279852484E0,8.234875991E0
7.007814208E0,-4.751168819E0,-9.070838267E-1,-6.305893468E0,7.947370549E0
7.017781208E0,-6.240376001E0,1.310297878E0,-5.137050261E0,8.188312314E0
7.027748208E0,-6.029602588E0,2.632467942E0,-3.898845629E0,7.647678868E0
7.037715208E0,-3.784239033E0,2.006305405E0,-2.575927706E0,4.998112642E0
7.047682208E0,-9.249602998E-1,7.931660324E-1,-7.151828867E-1,1.412851893E0
7.057649208E0,1.218733477E0,9.767539859E-1,2.270413612E0,2.755746288E0
7.067616208E0,2.595154228E0,2.613998342E0,6.549803637E0,7.514502011E0
7.077583208E0,2.961946265E0,4.874384564E0,1.115995837E1,1.253305316E1
7.087550208E0,3.601173528E0,5.335734556E0,1.361862368E1,1.506338026E1
7.097517208E0,4.359926065E0,3.169160478E0,1.364154944E1,1.466780163E1
7.107484208E0,3.243083902E0,1.563655685E0,1.280508653E1,1.330161093E1
7.117451208E0,7.585679112E-1,2.429238899E0,1.263146165E1,1.288528037E1
7.127418208E0,-1.422246037E-1,3.714314227E0,1.331292773E1,1.382209835E1
7.137385208E0,1.082912963E0,3.733717628E0,1.374314832E1,1.428241834E1
7.147352208E0,2.139660368E0,4.018463582E0,1.343600110E1,1.418634278E1
7.157319208E0,2.463772847E0,4.989775271E0,1.282777957E1,1.398284530E1
7.167286208E0,2.997571011E0,5.743704733E0,1.238902673E1,1.398082828E1
7.177253208E0,3.648083108E0,6.260483991E0,1.199459695E1,1.401329819E1
7.187220208E0,4.039330248E0,6.461844556E0,1.093639827E1,1.332953229E1
7.197187208E0,4.087946630E0,6.068005346E0,8.981004569E0,1.158405972E1
7.207154208E0,3.670054313E0,5.071034027E0,6.467216978E0,9.000532218E0
7.217121208E0,2.818721057E0,3.954281911E0,3.959574226E0,6.265761078E0
7.227088208E0,1.700961173E0,2.886539987E0,1.835945608E0,3.820481421E0
7.237055208E0,6.311958200E-1,1.815100869E0,2.168024772E-1,1.933908644E0
7.247022208E0,-1.804971883E-1,8.566703027E-1,-9.689678335E-1,1.305895059E0
7.256989208E0,-7.068447572E-1,8.631718218E-2,-1.829911866E0,1.963582849E0
7.266956208E0,-1.093816267E0,-6.101297638E-1,-2.419525212E0,2.724480612E0
7.276923208E0,-1.401680649E0,-1.202604445E0,-2.962614017E0,3.491138483E0
7.286890208E0,-1.689932301E0,-1.594676919E0,-3.481254444E0,4.185450772E0
7.296857208E0,-1.809971399E0,-1.800363254E0,-3.968167879E0,4.718438368E0
7.306824208E0,-1.627079118E0,-1.912756095E0,-4.408676641E0,5.073702007E0
7.316791208E0,-1.248667786E0,-2.013995371E0,-4.785454845E0,5.340030587E0
7.326758208E0,-8.766300657E-1,-2.080490492E0,-5.005559245E0,5.491133245E0
7.336725208E0,-6.903044459E-1,-2.085845665E0,-5.073193989E0,5.528523276E0
7.346692208E0,-6.200744158E-1,-2.110812106E0,-4.995337728E0,5.458334823E0
7.356659208E0,-6.204060991E-1,-2.184194955E0,-4.814898500E0,5.323425485E0
7.366626208E0,-5.941980746E-1,-2.250323748E0,-4.596088089E0,5.151801048E0
7.376593208E0,-5.347711408E-1,-2.275648624E0,-4.421983734E0,5.001849356E0
7.386560208E0,-4.309177934E-1,-2.230961570E0,-4.241906449E0,4.812135700E0
7.396527208E0,-3.159921585E-1,-2.116573368E0,-4.013239971E0,4.548167646E0
7.406494208E0,-2.082417150E-1,-1.891198580E0,-3.766176399E0,4.219488280E0
7.416461208E0,-8.914394550E-2,-1.481892022E0,-3.605210738E0,3.898909473E0
7.426428208E0,1.016960537E-1,-1.146210096E0,-3.512418349E0,3.696109080E0
7.436395208E0,4.331830048E-1,-1.025569173E0,-3.532985346E0,3.704244201E0
7.446362208E0,7.704894338E-1,-9.935539135E-1,-3.636351839E0,3.847578205E0
7.456329208E0,1.129120366E0,-9.509516850E-1,-3.716815374E0,3.999242232E0
7.466296208E0,1.479139884E0,-1.075963986E0,-3.744285008E0,4.167160127E0
7.476263208E0,1.766080298E0,-1.352097868E0,-3.715965189E0,4.330774244E0
7.486230208E0,1.740567434E0,-1.634196787E0,-3.518872506E0,4.252368499E0
7.496197208E0,1.461277225E0,-1.766464899E0,-3.105525230E0,3.860053927E0
7.506164208E0,1.031556138E0,-1.616838743E0,-2.455058742E0,3.115379433E0
7.516131208E0,5.337073861E-1,-1.276779006E0,-1.831485937E0,2.295506249E0
7.526098208E0,7.960099719E-2,-7.466572791E-1,-1.175566335E0,1.394915631E0
7.536065125E0,1.083816504E-1,-1.195898858E-1,-5.668004340E-1,5.893310232E-1
7.546032125E0,7.217748915E-1,5.128306335E-1,5.199344158E-3,8.854271770E-1
7.555999125E0,1.604240478E0,1.001104715E0,9.296827304E-1,2.107156412E0
7.565966125E0,2.610217240E0,1.395891467E0,2.465744528E0,3.852485316E0
7.575933125E0,3.124674861E0,1.701003273E0,4.856152360E0,6.019902065E0
7.585900125E0,2.662785755E0,1.916786873E0,7.896535515E0,8.551010059E0
7.595867125E0,1.477067777E0,1.998502589E0,1.038333236E1,1.067657870E1
7.605834125E0,-1.410037417E-1,1.737551294E0,1.150171877E1,1.163307789E1
7.615801125E0,-1.367102408E0,1.254218694E0,1.191764058E1,1.206118528E1
7.625768125E0,-1.509216500E0,6.979473415E-1,1.233824249E1,1.244978284E1
7.635735125E0,-1.042699688E0,6.510143727E-1,1.285646367E1,1.291509584E1
7.645702125E0,-5.385753028E-1,1.617479013E0,1.333648617E1,1.344500520E1
7.655669125E0,-1.931362739E-1,3.156215912E0,1.353836246E1,1.390274284E1
7.665636125E0,-1.700185942E-1,4.719014396E0,1.291563282E1,1.375178440E1
7.675603125E0,-4.488366223E-1,5.968426094E0,1.173672188E1,1.317475635E1
7.685570125E0,-6.274058741E-1,6.769563636E0,1.034814031E1,1.238162500E1
7.695537125E0,-7.948869411E-1,7.283588855E0,9.213048983E0,1.177126941E1
7.705504125E0,-5.963328199E-1,7.125059144E0,8.212609096E0,1.088894067E1
7.715471125E0,-8.946594436E-2,6.431955929E0,7.258459277E0,9.698623216E0
7.725438125E0,1.452808155E-1,5.556201484E0,6.626705632E0,8.649029366E0
7.735405125E0,2.498338005E-1,4.449294325E0,6.296593471E0,7.713995479E0
7.745372125E0,4.840648541E-1,3.116937826E0,5.842698678E0,6.639785240E0
7.755339125E0,7.783483109E-1,1.831557273E0,4.991876761E0,5.373942848E0
7.765306125E0,1.179137814E0,7.698040670E-1,3.799828295E0,4.052364662E0
7.775273125E0,1.622606290E0,-1.682375506E-1,2.363373815E0,2.871705214E0
7.785240125E0,2.016208104E0,-1.017068491E0,6.872291028E-1,2.360467596E0
7.795207125E0,2.337199047E0,-1.906092900E0,-1.020747267E0,3.183962078E0
7.805174125E0,2.417429278E0,-2.626825671E0,-2.685365948E0,4.467143125E0
7.815141125E0,2.369809553E0,-3.084919350E0,-4.046049868E0,5.612775093E0
7.825108125E0,2.212617393E0,-3.623877974E0,-5.020985370E0,6.575595896E0
7.835075125E0,1.915038701E0,-4.287608579E0,-5.849636400E0,7.501280328E0
7.845042125E0,1.363237691E0,-4.857903017E0,-6.748945184E0,8.426499856E0
7.855009125E0,7.141686872E-1,-5.259893246E0,-7.612319319E0,9.280297371E0
7.864976125E0,2.052939508E-1,-5.580667403E0,-8.482793729E0,1.015597281E1
7.874943125E0,-1.188957116E-1,-5.870829633E0,-9.418179833E0,1.109877868E1
7.884910125E0,-3.677763429E-1,-6.142255629E0,-1.027228789E1,1.197424161E1
7.894877125E0,-4.355476188E-1,-6.286587716E0,-1.093288643E1,1.261898936E1
7.904844125E0,-3.703661112E-1,-6.272198303E0,-1.122415612E1,1.286309929E1
7.914811125E0,-1.382217461E-1,-6.128050988E0,-1.116342460E1,1.273554722E1
7.924778125E0,2.765303964E-1,-5.984504768E0,-1.092870216E1,1.246303724E1
7.934745125E0,6.958504569E-1,-6.032201090E0,-1.073520493E1,1.233354299E1
7.944712125E0,8.063333774E-1,-6.106167784E0,-1.056412242E1,1.222849709E1
7.954679125E0,6.672547218E-1,-6.030149302E0,-1.032106536E1,1.197214766E1
7.964646125E0,5.492534515E-1,-5.906916894E0,-9.973050778E0,1.160409791E1
7.974613125E0,5.480062769E-1,-5.938341000E0,-9.665856779E0,1.135750818E1
7.984580125E0,5.385310832E-1,-5.987385106E0,-9.508201227E0,1.124920827E1
7.994547125E0,5.137527760E-1,-6.025796635E0,-9.331007203E0,1.111943625E1
8.004514125E0,3.490762528E-1,-6.091072027E0,-9.032458313E0,1.089992274E1
8.014481125E0,3.577958766E-2,-6.151433419E0,-8.622472016E0,1.059190431E1
8.024448125E0,-2.655456709E-1,-6.191223137E0,-7.951565416E0,1.008112846E1
8.034415125E0,-5.524803105E-1,-6.167102787E0,-7.301494199E0,9.573411556E0
8.044382125E0,-1.075332852E0,-5.979104279E0,-6.804613600E0,9.121885495E0
8.054349125E0,-1.769009022E0,-5.672772160E0,-6.512637565E0,8.816132085E0
8.064316125E0,-2.460901279E0,-5.353712990E0,-6.467621605E0,8.749194656E0
8.074283125E0,-3.339597166E0,-4.775549077E0,-6.244708788E0,8.541379635E0
8.084250125E0,-4.396595124E0,-3.566451885E0,-5.725343306E0,8.051657202E0
8.094217125E0,-5.466081857E0,-1.685464005E0,-4.851998498E0,7.500715246E0
8.104184125E0,-6.335177493E0,6.151978379E-1,-3.667639121E0,7.346054653E0
8.114151125E0,-5.956867903E0,2.536930286E0,-2.280014740E0,6.864310431E0
8.124118125E0,-3.809650740E0,3.378289654E0,-8.554447263E-1,5.163144916E0
8.134085125E0,-1.205067584E0,4.102878372E0,1.054404425E0,4.404266966E0
8.144052125E0,8.610167574E-1,5.697511729E0,3.743969843E0,6.871702842E0
8.154019125E0,2.931091970E0,7.068489672E0,6.787023422E0,1.022832016E1
8.163986125E0,4.994514440E0,6.803938832E0,9.976299491E0,1.306772014E1
8.173953125E0,5.568768904E0,5.282717267E0,1.271073118E1,1.484860182E1
8.183920125E0,3.932562721E0,4.371705281E0,1.470041003E1,1.583284281E1
8.193887125E0,1.010299535E0,4.871790739E0,1.626594822E1,1.700988306E1
8.203854125E0,-2.958418494E-1,5.525148675E0,1.708605062E1,1.795961904E1
8.213821125E0,4.001853396E-1,5.418515342E0,1.704909271E1,1.789391011E1
8.223788125E0,1.332803372E0,5.523761716E0,1.643302656E1,1.738771608E1
8.233755125E0,2.031205335E0,6.151071476E0,1.583822791E1,1.711171934E1
8.243722125E0,2.594478582E0,6.497276344E0,1.543995534E1,1.695105129E1
8.253689125E0,2.718676366E0,6.610984223E0,1.477565083E1,1.641390176E1
8.263656125E0,2.422743227E0,6.644616823E0,1.347426294E1,1.521763382E1
8.273623125E0,2.068916367E0,6.262146939E0,1.141007419E1,1.317894883E1
8.283590125E0,1.865500360E0,5.529647523E0,8.918744001E0,1.065838111E1
8.293557125E0,1.684955589E0,4.681765878E0,6.278842494E0,8.011358820E0
8.303524125E0,1.553722728E0,3.627432204E0,3.751223899E0,5.444630332E0
8.313491125E0,1.285313602E0,2.371828012E0,1.666630123E0,3.171002230E0
8.323458125E0,8.999498581E-1,1.222937260E0,1.331066018E-1,1.524205582E0
8.333425125E0,5.419416179E-1,2.373145097E-1,-9.630989832E-1,1.130300201E0
8.343392125E0,1.069480594E-1,-6.848431465E-1,-1.793797123E0,1.923059059E0
8.353359125E0,-3.051077676E-1,-1.579528245E0,-2.506561602E0,2.978397436E0
8.363326125E0,-5.527959871E-1,-2.349977260E0,-3.168618441E0,3.983480808E0
8.373293125E0,-5.595294944E-1,-2.940108669E0,-3.823262181E0,4.855372894E0
8.383260125E0,-3.038233901E-1,-3.292142626E0,-4.581245517E0,5.649630272E0
8.393227125E0,1.308993556E-2,-3.532802328E0,-5.348982008E0,6.410341033E0
8.403194125E0,2.182996385E-1,-3.774945468E0,-5.976301709E0,7.072061237E0
8.413161125E0,1.141392027E-1,-4.124633523E0,-6.418633048E0,7.630496685E0
8.423128125E0,-6.402308645E-1,-4.594286562E0,-6.371303930E0,7.881045511E0
8.433095125E0,-1.582099850E0,-4.926721237E0,-5.632777205E0,7.648777753E0
8.443062125E0,-2.225840287E0,-5.029822267E0,-4.595044945E0,7.167141346E0
8.453029125E0,-2.539132347E0,-4.996364499E0,-3.849858826E0,6.799431172E0
8.462996125E0,-2.544909104E0,-4.807732737E0,-3.488597378E0,6.462288146E0
8.472963125E0,-2.069383414E0,-4.448202065E0,-3.794188655E0,6.201992976E0
8.482930125E0,-1.340846948E0,-4.040564010E0,-4.421723533E0,6.138050754E0
8.492897125E0,-8.686574603E-1,-3.513410037E0,-4.859612743E0,6.059245158E0
8.502864125E0,-4.075550606E-1,-2.989582545E0,-5.171144791E0,5.987022914E0
8.512831125E0,-3.624096952E-2,-2.617956322E0,-5.400986559E0,6.002138330E0
8.522798125E0,1.790333745E-1,-2.396876607E0,-5.594732296E0,6.089178917E0
8.532764875E0,2.395923292E-1,-2.304170172E0,-5.838744206E0,6.281523587E0
8.542731875E0,2.819979816E-1,-2.328419160E0,-6.134994557E0,6.568045132E0
8.552698875E0,2.212019954E-1,-2.447594186E0,-6.373279704E0,6.830691167E0
8.562665875E0,1.760286000E-2,-2.403219666E0,-6.416052087E0,6.851386649E0
8.572632875E0,-1.222566546E-1,-2.144396759E0,-6.163057684E0,6.526611997E0
8.582600875E0,4.630342467E-2,-1.720298792E0,-5.536950111E0,5.798222872E0
8.592566875E0,5.620555647E-1,-1.264246377E0,-4.805582716E0,5.000784998E0
8.602533875E0,1.313399533E0,-1.007062443E0,-4.135599976E0,4.454478674E0
8.612500875E0,2.298918788E0,-1.050571575E0,-3.498954551E0,4.316411840E0
8.622468875E0,3.244053663E0,-1.256225751E0,-2.781469615E0,4.454049901E0
8.632434875E0,3.891621102E0,-1.271218597E0,-1.831083648E0,4.484816479E0
8.642401875E0,4.318031057E0,-9.136689609E-1,-6.565511012E-1,4.462201534E0
8.652369875E0,4.281094196E0,-2.179958940E-1,8.859233379E-1,4.377230847E0
8.662336875E0,3.870271163E0,8.860408670E-1,2.598343007E0,4.745045171E0
8.672303875E0,3.393093050E0,2.387115850E0,4.005114096E0,5.766484323E0
8.682270875E0,2.900661598E0,4.031329502E0,5.055002131E0,7.086501380E0
8.692237875E0,2.765860765E0,5.458816107E0,5.974990178E0,8.552728611E0
8.702204875E0,3.758224478E0,6.295559683E0,7.462147034E0,1.046145120E1
8.712171875E0,5.592785758E0,6.522035794E0,1.014634354E1,1.329528077E1
8.722138875E0,6.995087235E0,6.665456300E0,1.412859093E1,1.711656025E1
8.732105875E0,6.933261700E0,7.183460550E0,1.846808448E1,2.099386500E1
8.742072875E0,5.447478356E0,7.211755811E0,2.127370953E1,2.311396027E1
8.752039875E0,3.305941763E0,6.501180530E0,2.144065222E1,2.264721101E1
8.762006875E0,1.219476512E0,5.702342114E0,1.954940306E1,2.040056343E1
8.771973875E0,-5.164040863E-1,5.341901615E0,1.663246340E1,1.747688258E1
8.781940875E0,-1.850508099E0,5.344370894E0,1.345775508E1,1.459787150E1
8.791907875E0,-2.777132151E0,5.447173131E0,1.112384363E1,1.269346506E1
8.801874875E0,-3.378717670E0,5.460497766E0,1.020395732E1,1.205626451E1
8.811841875E0,-3.649220392E0,5.448159556E0,1.003041547E1,1.198367584E1
8.821808875E0,-3.824875720E0,5.186038234E0,9.825607388E0,1.175020116E1
8.831775875E0,-3.803914621E0,4.553791670E0,9.448608744E0,1.115719464E1
8.841742875E0,-3.367495694E0,3.538739006E0,8.656883465E0,9.940036837E0
8.851709875E0,-2.767118209E0,2.337385865E0,7.164811440E0,8.028377099E0
8.861676875E0,-1.987329144E0,1.141471220E0,4.883981014E0,5.394970270E0
8.871643875E0,-9.876805316E-1,-1.556031793E-1,2.020890700E0,2.254711601E0
8.881610875E0,5.852697417E-2,-1.425389793E0,-1.134597234E0,1.822765029E0
8.891577875E0,7.144038914E-1,-2.857301570E0,-4.029249648E0,4.990931567E0
8.901544875E0,6.120612453E-1,-4.310919966E0,-6.130747139E0,7.519621693E0
8.911511875E0,1.069907440E-1,-5.653462899E0,-7.375811725E0,9.293852182E0
8.921478875E0,-4.526801799E-1,-6.854251783E0,-8.068620241E0,1.059661830E1
8.931445875E0,-8.989063494E-1,-7.902665736E0,-8.679194101E0,1.177236461E1
8.941412875E0,-1.313212130E0,-8.871481542E0,-9.488869747E0,1.305627665E1
8.951379875E0,-1.640886587E0,-9.601509925E0,-1.041636094E1,1.426120882E1
8.961346875E0,-1.826009727E0,-9.925716398E0,-1.125041714E1,1.511376999E1
8.971313875E0,-1.905035139E0,-9.953013539E0,-1.179492155E1,1.555029941E1
8.981280875E0,-1.774882843E0,-9.754246214E0,-1.177975621E1,1.539669396E1
8.991247875E0,-1.353568151E0,-9.340000221E0,-1.112128957E1,1.458598068E1
9.001214875E0,-8.526319233E-1,-8.760810122E0,-1.016075342E1,1.344320219E1
9.011181875E0,-4.768091539E-1,-8.207109205E0,-9.227278767E0,1.235826290E1
9.021148875E0,-1.933805779E-1,-7.771873462E0,-8.487318304E0,1.150973437E1
9.031115875E0,1.035439566E-1,-7.535020882E0,-8.057647941E0,1.103235929E1
9.041082875E0,4.041348414E-1,-7.567443109E0,-7.890529840E0,1.094029165E1
9.051049875E0,6.910594676E-1,-7.692486985E0,-7.807322792E0,1.098208579E1
9.061016875E0,9.087494060E-1,-7.766601613E0,-7.778051046E0,1.102923407E1
9.070983875E0,1.123889228E0,-7.829144601E0,-7.763014930E0,1.108255535E1
9.080950875E0,1.394392241E0,-7.853006503E0,-7.626739722E0,1.103545195E1
9.090917875E0,1.621206467E0,-7.794846003E0,-7.408218749E0,1.087518458E1
9.100884875E0,1.838327764E0,-7.647199130E0,-7.184032992E0,1.065220322E1
9.110851875E0,1.965814753E0,-7.467574419E0,-6.943611272E0,1.038474038E1
9.120818875E0,1.991891873E0,-7.313342412E0,-6.714933100E0,1.012634865E1
9.130785875E0,1.953561620E0,-7.206928350E0,-6.462998797E0,9.875554298E0
9.140752875E0,1.855654964E0,-7.100100889E0,-6.243235289E0,9.634981830E0
9.150719875E0,1.723227809E0,-6.925798899E0,-6.076906562E0,9.373633118E0
9.160686875E0,1.502212997E0,-6.588217505E0,-5.955137712E0,9.006937268E0
9.170653875E0,1.239954266E0,-5.994493566E0,-5.724535221E0,8.381034733E0
9.180620875E0,1.080090659E0,-5.139699635E0,-5.288546941E0,7.453310467E0
9.190587875E0,8.988695119E-1,-3.985125389E0,-4.477954452E0,6.061457485E0
9.200554875E0,3.341558030E-1,-2.565882189E0,-3.235242201E0,4.142729005E0
9.210521875E0,-4.971178494E-1,-8.499910283E-1,-1.713159342E0,1.975987306E0
9.220488875E0,-1.605425417E0,1.066090670E0,-2.440312064E-1,1.942547635E0
9.230455875E0,-2.143173521E0,2.410878934E0,8.268968654E-1,3.330058318E0
9.240422875E0,-1.439762103E0,2.586349783E0,1.473878413E0,3.306726129E0
9.250389875E0,-5.609407930E-1,2.445259978E0,2.128636758E0,3.290143672E0
9.260356875E0,-9.687840848E-1,3.436515643E0,3.628796067E0,5.090809687E0
9.270323875E0,-2.393507149E0,5.780221179E0,6.071818315E0,8.718188516E0
9.280290875E0,-2.723541834E0,7.503056493E0,8.512723871E0,1.166961887E1
9.290257875E0,-9.471623969E-1,6.968853117E0,9.989184415E0,1.221662129E1
9.300224875E0,2.521583976E-1,6.294090863E0,1.001133601E1,1.182818719E1
9.310191875E0,-2.399347933E-1,6.545674333E0,9.254950131E0,1.133832100E1
9.320158875E0,-3.338320135E-1,6.295355616E0,9.124850752E0,1.109080012E1
9.330125875E0,7.933095816E-1,4.785382340E0,1.016396471E1,1.126212248E1
9.340092875E0,1.058096796E0,3.555751188E0,1.272200929E1,1.325188499E1
9.350059875E0,5.544449019E-1,3.539176670E0,1.595625512E1,1.635344790E1
9.360026875E0,4.857423107E-1,3.963755862E0,1.778634358E1,1.822913393E1
9.369993875E0,9.528971267E-1,4.122829949E0,1.725659286E1,1.776782870E1
9.379960875E0,1.947363425E0,4.233601941E0,1.541220679E1,1.610129585E1
9.389927875E0,3.029510550E0,4.507793086E0,1.265977620E1,1.377563306E1
9.399894875E0,3.548497132E0,4.432885868E0,9.381595559E0,1.096615905E1
9.409861875E0,3.481916057E0,3.827270739E0,6.355187250E0,8.195129390E0
9.419828875E0,2.690719074E0,2.981708685E0,4.017969199E0,5.681076685E0
9.429795875E0,1.607083248E0,2.024777052E0,2.168193757E0,3.373944701E0
9.439762875E0,5.518110967E-1,1.042470843E0,7.313001519E-1,1.387818740E0
9.449729875E0,-2.715660372E-1,1.578140116E-1,-3.914950615E-1,5.019180790E-1
9.459696875E0,-7.894965392E-1,-4.683075947E-1,-1.095874633E0,1.429530692E0
9.469663875E0,-9.321808802E-1,-7.993751907E-1,-1.397212645E0,1.860151893E0
9.479630875E0,-7.443050905E-1,-9.416405788E-1,-1.478299493E0,1.904218065E0
9.489597875E0,-3.659463836E-1,-1.015861918E0,-1.514034167E0,1.859621373E0
9.499564875E0,3.562635407E-3,-1.112355887E0,-1.747811111E0,2.071760602E0
9.509531875E0,2.571128165E-1,-1.401294587E0,-2.230978820E0,2.647073859E0
9.519498875E0,3.415203711E-1,-1.828363231E0,-2.893780010E0,3.439987066E0
9.529465583E0,3.351294375E-1,-2.257926590E0,-3.670070393E0,4.322032036E0
9.539432583E0,1.495608129E-1,-2.631785572E0,-4.435877303E0,5.160006898E0
9.549399583E0,-6.849786557E-2,-2.895264618E0,-5.230307504E0,5.978575562E0
9.559366583E0,-2.974255677E-1,-3.019251025E0,-5.945267027E0,6.674618996E0
9.569333583E0,-4.614611629E-1,-2.959981308E0,-6.389070695E0,7.056533150E0
9.579300583E0,-3.934815799E-1,-2.734084072E0,-6.490804646E0,7.054118543E0
9.589267583E0,-7.317812316E-2,-2.410997925E0,-6.289699019E0,6.736362504E0
9.599234583E0,2.666760108E-1,-2.155236327E0,-5.930824404E0,6.315919397E0
9.609201583E0,4.896959055E-1,-1.829697858E0,-5.589986696E0,5.902164653E0
9.619168583E0,5.850497402E-1,-1.433801597E0,-5.361383952E0,5.580547294E0
9.629135583E0,5.876923893E-1,-1.169417695E0,-5.357069292E0,5.514627049E0
9.639102583E0,4.197846948E-1,-1.075901421E0,-5.479488938E0,5.599873398E0
9.649069583E0,2.358147720E-1,-1.052785916E0,-5.644805512E0,5.746981474E0
9.659036583E0,1.174389875E-1,-1.055853365E0,-5.839717768E0,5.935564156E0
9.669003583E0,1.270441356E-1,-1.217624772E0,-5.988068646E0,6.111932297E0
9.678970583E0,2.608649017E-1,-1.381576021E0,-5.927466933E0,6.091934590E0
9.688937583E0,5.641352731E-1,-1.498651897E0,-5.317598832E0,5.553473098E0
9.698904583E0,9.760169443E-1,-1.644851876E0,-4.255727513E0,4.665765043E0
9.708871583E0,1.349659872E0,-1.799797828E0,-2.919974366E0,3.686068949E0
9.718838583E0,1.735486496E0,-1.807436046E0,-1.295240128E0,2.820706548E0
9.728805583E0,2.006734006E0,-1.644900700E0,5.441611844E-1,2.651186731E0
9.738772583E0,2.116908998E0,-1.420206529E0,2.198955374E0,3.366555365E0
9.748739583E0,1.782699108E0,-9.599341777E-1,3.348285252E0,3.912863895E0
9.758706583E0,9.788277009E-1,-2.527494049E-1,3.861928064E0,3.992051390E0
9.768673583E0,1.190949921E-1,4.576966524E-1,4.217906553E0,4.244338055E0
9.778640583E0,-3.025320143E-1,1.013744057E0,5.320059341E0,5.424226583E0
9.788607583E0,-2.235101838E-1,1.192328548E0,7.031205486E0,7.135086177E0
9.798574583E0,5.295494311E-2,1.132296062E0,8.628380628E0,8.702519799E0
9.808541583E0,3.689131147E-1,9.546903947E-1,9.961248758E0,1.001369100E1
9.818508583E0,6.370904712E-1,9.735991207E-1,1.144772558E1,1.150670242E1
9.828475583E0,6.129479755E-1,1.476517847E0,1.294526885E1,1.304361130E1
9.838442583E0,3.152467116E-1,2.152532867E0,1.381839029E1,1.398859137E1
9.848409583E0,1.159963332E-2,2.861208387E0,1.382329260E1,1.411630498E1
9.858376583E0,-4.642464841E-1,3.503209862E0,1.297452948E1,1.344717143E1
9.868343583E0,-1.125133661E0,4.151239231E0,1.196478551E1,1.271435429E1
9.878310583E0,-1.502085820E0,4.972856353E0,1.080791389E1,1.199152054E1
9.888277583E0,-1.492048928E0,5.820960485E0,9.573738574E0,1.130337389E1
9.898244583E0,-1.297469671E0,6.663749498E0,8.605081812E0,1.096067598E1
9.908211583E0,-1.056618035E0,7.561908134E0,7.593825746E0,1.076870864E1
9.918178583E0,-9.664206402E-1,8.263238967E0,6.423043018E0,1.051049802E1
9.928145583E0,-9.344470417E-1,8.358166759E0,5.025977138E0,9.797580775E0
9.938112583E0,-7.232235391E-1,7.634625278E0,3.491594660E0,8.426255912E0
9.948079583E0,-5.990852505E-1,6.337076669E0,2.156465412E0,6.720698395E0
9.958046583E0,-5.023953270E-1,4.679052770E0,1.160161845E0,4.846845510E0
9.968013583E0,-3.578915517E-1,2.859685480E0,4.532761574E-1,2.917421238E0
9.977980583E0,-2.068836261E-1,1.047957577E0,1.266407508E-1,1.075664352E0
9.987947583E0,1.546895519E-2,-3.917017606E-1,2.607267612E-1,4.707950741E-1
9.997914583E0,3.537645869E-1,-1.276287548E0,6.100973117E-1,1.458176264E0
1.000788158E1,6.983774042E-1,-1.782554682E0,8.806731230E-1,2.107324688E0
1.001784858E1,9.991910680E-1,-2.221781734E0,6.807533115E-1,2.529450916E0
1.002781558E1,1.082866844E0,-2.705734431E0,-1.450518787E-1,2.917985514E0
1.003778258E1,1.036162209E0,-3.170462945E0,-1.265386584E0,3.567445952E0
1.004774958E1,9.999256244E-1,-3.610367398E0,-2.499065471E0,4.503324575E0
1.005771658E1,9.014895031E-1,-4.021380465E0,-3.725553453E0,5.555531721E0
1.006768358E1,8.195460382E-1,-4.425908970E0,-4.865158827E0,6.627978299E0
1.007765058E1,7.621192177E-1,-4.762466225E0,-5.828633786E0,7.565373887E0
1.008761758E1,7.112531193E-1,-4.955790085E0,-6.611706939E0,8.293395265E0
1.009758458E1,7.215512355E-1,-5.016600543E0,-7.232587686E0,8.831604714E0
1.010755158E1,7.885119411E-1,-5.033770891E0,-7.863319822E0,9.369759820E0
1.011751858E1,7.466758440E-1,-5.047737551E0,-8.492265633E0,9.907358618E0
1.012748558E1,6.196373364E-1,-4.941394240E0,-9.008667746E0,1.029356216E1
1.013745258E1,5.198209798E-1,-4.813233505E0,-9.309403496E0,1.049297022E1
1.014741958E1,5.099682753E-1,-4.702074135E0,-9.495816239E0,1.060849164E1
1.015738658E1,5.591128072E-1,-4.704089670E0,-9.652080739E0,1.075191747E1
1.016735358E1,6.052378370E-1,-4.896965926E0,-9.813757421E0,1.098437175E1
1.017732058E1,6.269446018E-1,-5.166003919E0,-9.968931999E0,1.124545514E1
1.018728758E1,6.892051694E-1,-5.443217490E0,-1.013158634E1,1.152183415E1
1.019725458E1,7.076149817E-1,-5.660628662E0,-1.038648518E1,1.185000043E1
1.020722158E1,6.776819153E-1,-5.803569696E0,-1.083252833E1,1.230789763E1
1.021718858E1,6.394314770E-1,-5.893960633E0,-1.112268120E1,1.260403434E1
1.022715558E1,5.818463431E-1,-6.064724473E0,-1.115081333E1,1.270669375E1
1.023712258E1,3.819189303E-1,-6.274751197E0,-1.088002877E1,1.256556368E1
1.024708958E1,1.720914504E-1,-6.382967956E0,-1.047075525E1,1.226411884E1
1.025705658E1,-9.577739239E-4,-6.505507470E0,-1.006023393E1,1.198039795E1
1.026702358E1,-2.969216108E-1,-6.508615265E0,-9.627920628E0,1.162527809E1
1.027699058E1,-6.028736615E-1,-6.185501052E0,-9.173883163E0,1.108079475E1
1.028695758E1,-7.798019287E-1,-5.471504565E0,-8.603596035E0,1.022581625E1
1.029692458E1,-7.591825998E-1,-4.602007810E0,-7.884021889E0,9.160384012E0
1.030689158E1,-9.818176746E-1,-3.449369577E0,-7.042368405E0,7.902978501E0
1.031685858E1,-1.911358025E0,-1.754941791E0,-6.116684001E0,6.644315868E0
1.032682558E1,-2.867926546E0,4.159557188E-1,-5.036212689E0,5.810461262E0
1.033679258E1,-2.935508372E0,2.273531347E0,-3.555715812E0,5.140940490E0
1.034675958E1,-1.792906739E0,3.107484632E0,-1.649344584E0,3.948583654E0
1.035672658E1,-2.143318824E-1,3.473475893E0,9.293050003E-1,3.602024531E0
1.036669358E1,5.586122856E-1,4.821990003E0,4.354638428E0,6.521235398E0
1.037666058E1,-8.109895152E-1,7.915464706E0,8.429416836E0,1.159169331E1
1.038662758E1,-1.254762047E0,9.754974192E0,1.111494651E1,1.484169751E1
1.039659458E1,7.840005219E-1,7.629927040E0,1.169548146E1,1.398623359E1
1.040656158E1,9.661719874E-1,5.069335996E0,1.169661349E1,1.278446021E1
1.041652858E1,-3.289387710E-1,3.812266492E0,1.233818285E1,1.291790744E1
1.042649558E1,-1.058774195E0,2.889673803E0,1.462520314E1,1.494549378E1
1.043646258E1,-1.136902498E0,1.912903152E0,1.727901576E1,1.742171436E1
1.044642958E1,-1.519506430E0,1.216074968E0,1.918052561E1,1.927901193E1
1.045639658E1,-1.859485329E0,8.316959676E-1,2.011944811E1,2.022230442E1
1.046636358E1,-1.649025765E0,4.582106227E-1,1.963138336E1,1.970584826E1
1.047633058E1,-1.210524644E0,3.869269243E-1,1.791663825E1,1.796165384E1
1.048629758E1,-7.155709957E-1,8.779784337E-1,1.552494462E1,1.556620678E1
1.049626458E1,-6.675912291E-3,1.535707164E0,1.239499791E1,1.248977238E1
1.050623158E1,6.750129537E-1,2.058069344E0,8.752316456E0,9.016337131E0
1.051619858E1,1.000629775E0,2.280646239E0,5.091538458E0,5.668012975E0
1.052616558E1,9.232041617E-1,2.225402915E0,1.478977185E0,2.827029815E0
1.053613246E1,7.302527694E-1,1.855241420E0,-1.490661677E0,2.489430069E0
1.054609946E1,4.903384414E-1,1.087133338E0,-3.552487564E0,3.747326857E0
1.055606646E1,-1.026581034E-2,3.237568223E-1,-4.462182173E0,4.473923737E0
1.056603346E1,-3.769273084E-1,-8.920892268E-2,-4.236854455E0,4.254523252E0
1.057600046E1,-3.046536765E-1,-1.686740452E-1,-3.420767337E0,3.438446447E0
1.058596746E1,1.583311978E-1,-1.352987230E-1,-2.804993548E0,2.812714582E0
1.059593446E1,6.496189347E-1,-1.720040345E-1,-2.769490424E0,2.849853919E0
1.060590146E1,9.569405495E-1,-4.118591595E-1,-3.320532612E0,3.480129310E0
1.061586846E1,1.128159741E0,-7.196764719E-1,-4.139675485E0,4.350585219E0
1.062583546E1,1.109025313E0,-1.031006207E0,-4.975798087E0,5.201103493E0
1.063580246E1,1.057855452E0,-1.335187428E0,-5.753756096E0,6.000624371E0
1.064576946E1,8.599766108E-1,-1.614498980E0,-6.399064171E0,6.655387967E0
1.065573646E1,6.299630807E-1,-1.889362262E0,-6.885471822E0,7.167723868E0
1.066570346E1,4.579893056E-1,-2.154506302E0,-7.154450174E0,7.485840561E0
1.067567046E1,3.690857537E-1,-2.348652865E0,-7.199030516E0,7.581453353E0
1.068563746E1,3.449687666E-1,-2.430080898E0,-7.024540245E0,7.440998742E0
1.069560446E1,3.716493192E-1,-2.352379588E0,-6.652858474E0,7.066281824E0
1.070557146E1,5.951502205E-1,-2.144426579E0,-6.158403885E0,6.548183530E0
1.071553846E1,9.266149887E-1,-1.821623438E0,-5.619220435E0,5.979344913E0
1.072550546E1,1.388662408E0,-1.497768382E0,-5.169375424E0,5.558249336E0
1.073547246E1,1.867896110E0,-1.281932158E0,-4.865334828E0,5.366923599E0
1.074543946E1,2.130754474E0,-1.109974608E0,-4.761719828E0,5.333491725E0
1.075540646E1,2.186502705E0,-8.629154214E-1,-4.913587806E0,5.446903912E0
1.076537346E1,2.053834352E0,-6.212622777E-1,-5.184857681E0,5.611323510E0
1.077534046E1,1.719840078E0,-4.074997678E-1,-5.336151463E0,5.621247049E0
1.078530746E1,1.254375692E0,-1.657817200E-1,-5.282958757E0,5.432365524E0
1.079527446E1,6.277981491E-1,2.356173554E-1,-5.097396784E0,5.141313064E0
1.080524146E1,2.547601162E-1,7.976183948E-1,-4.412719406E0,4.491457489E0
1.081520846E1,3.700753219E-1,1.351800537E0,-2.633661359E0,2.983369335E0
1.082517546E1,7.768431645E-1,1.984861327E0,2.997078091E-1,2.152436889E0
1.083514246E1,1.174592773E0,2.830812806E0,3.818720648E0,4.896508625E0
1.084510946E1,8.891213994E-1,3.696802986E0,6.958463200E0,7.929508136E0
1.085507646E1,1.854551156E-1,4.146155662E0,8.427509474E0,9.394036210E0
1.086504346E1,-5.074281717E-1,3.948229166E0,8.180411988E0,9.097534676E0
1.087501046E1,-7.980094273E-1,3.164728289E0,7.730305606E0,8.391063636E0
1.088497746E1,-2.754519506E-1,1.775416986E0,8.709976183E0,8.893349446E0
1.089494446E1,4.047049449E-1,5.291952360E-1,1.144742620E1,1.146679556E1
1.090491146E1,2.881761862E-1,3.136838239E-1,1.483377449E1,1.483988911E1
1.091487846E1,-4.799211151E-1,5.460004261E-1,1.767583471E1,1.769077651E1
1.092484546E1,-1.476785357E0,8.247041595E-1,1.892873515E1,1.900415866E1
1.093481246E1,-2.585786988E0,1.162076808E0,1.841253243E1,1.862949455E1
1.094477946E1,-2.948785644E0,1.109115360E0,1.658126050E1,1.687790489E1
1.095474646E1,-2.158172068E0,5.018878618E-1,1.404908400E1,1.422274092E1
1.096471346E1,-1.164930834E0,3.410090321E-1,1.209231796E1,1.215308622E1
1.097468046E1,-8.466687135E-1,7.013340488E-1,1.175027806E1,1.180159955E1
1.098464746E1,-1.012461909E0,8.636740977E-1,1.317839733E1,1.324542066E1
1.099461446E1,-8.899288999E-1,6.995351529E-1,1.497420005E1,1.501692346E1
1.100458146E1,-8.244323736E-2,4.438317347E-1,1.559456157E1,1.560109400E1
1.101454846E1,9.786781584E-1,3.624110109E-1,1.487270876E1,1.490927961E1
1.102451546E1,1.925140936E0,3.692288643E-1,1.292027902E1,1.306813328E1
1.103448246E1,2.984116568E0,2.777836740E-1,9.380861149E0,9.847978034E0
1.104444946E1,3.996906359E0,3.783581221E-1,4.582772809E0,6.092636698E0
1.105441646E1,4.455581251E0,5.987753481E-1,2.266924578E-1,4.501347095E0
1.106438346E1,4.195136910E0,6.251886830E-1,-3.125237364E0,5.268504832E0
1.107435046E1,3.416537754E0,5.236012048E-1,-5.611504449E0,6.590589551E0
1.108431746E1,2.702117636E0,4.902100950E-2,-7.542697107E0,8.012248276E0
1.109428446E1,2.343784181E0,-9.103875035E-1,-9.165340966E0,9.503978363E0
1.110425146E1,2.213886677E0,-1.954795529E0,-1.078981325E1,1.118671488E1
1.111421846E1,2.262638569E0,-3.223655943E0,-1.209024570E1,1.271556260E1
1.112418546E1,2.446535255E0,-4.598721090E0,-1.273646244E1,1.376049584E1
1.113415246E1,2.258197609E0,-5.368660228E0,-1.308904837E1,1.432637974E1
1.114411946E1,1.676531214E0,-5.682323586E0,-1.348266188E1,1.472690496E1
1.115408646E1,1.020404474E0,-6.207187790E0,-1.378231882E1,1.515000718E1
1.116405346E1,4.347439921E-1,-6.954671280E0,-1.377795095E1,1.543983119E1
1.117402046E1,6.425373718E-2,-7.580699331E0,-1.361208415E1,1.558075627E1
1.118398746E1,-2.180214755E-1,-7.951518638E0,-1.323765887E1,1.544376231E1
1.119395446E1,-3.112833957E-1,-8.086466528E0,-1.283845308E1,1.517609027E1
1.120392146E1,-3.562283112E-1,-8.028498986E0,-1.251517807E1,1.487324365E1
1.121388846E1,-2.473445311E-1,-7.962409077E0,-1.219363968E1,1.456523211E1
1.122385546E1,2.512283979E-1,-8.000398437E0,-1.190434167E1,1.434513302E1
1.123382246E1,1.112095247E0,-7.976375152E0,-1.183756179E1,1.431737355E1
1.124378946E1,1.630405307E0,-7.713221796E0,-1.178633082E1,1.417990149E1
1.125375646E1,1.810091413E0,-7.299414929E0,-1.165412411E1,1.386998551E1
1.126372346E1,1.750896541E0,-6.871295248E0,-1.121798614E1,1.327115481E1
1.127369046E1,1.396661545E0,-6.486558398E0,-1.046718962E1,1.239306910E1
1.128365746E1,1.017181489E0,-6.313304814E0,-9.736522134E0,1.164870547E1
1.129362446E1,7.151744083E-1,-6.281587762E0,-9.082656659E0,1.106636667E1
1.130359146E1,5.867255522E-1,-6.151306534E0,-8.474596517E0,1.048816500E1
1.131355846E1,5.822942398E-1,-5.771772537E0,-7.843501854E0,9.755662260E0
1.132352546E1,7.019567773E-1,-5.297468038E0,-7.098716269E0,8.885250902E0
1.133349246E1,8.461271882E-1,-4.623419144E0,-6.204786338E0,7.784041964E0
1.134345946E1,6.188532248E-1,-3.745427554E0,-5.140962633E0,6.390673179E0
1.135342646E1,1.079238135E-1,-2.643743128E0,-3.976492560E0,4.776349899E0
1.136339346E1,-8.562800011E-1,-1.250589328E0,-3.157844946E0,3.502738045E0
1.137336046E1,-2.409429994E0,3.977527517E-1,-2.590092001E0,3.559794477E0
1.138332746E1,-4.359940683E0,2.174987929E0,-1.959234150E0,5.251500139E0
1.139329446E1,-5.332674708E0,2.932473959E0,-7.502363598E-1,6.131857603E0
1.140326146E1,-4.499027525E0,1.996869461E0,1.513357059E0,5.149658814E0
1.141322846E1,-3.083008772E0,7.791441169E-1,4.424958213E0,5.449060821E0
1.142319546E1,-1.719109761E0,-3.944441047E-1,7.438334833E0,7.644589564E0
1.143316246E1,-2.236566419E0,-7.624637648E-1,1.038413577E1,1.064959417E1
1.144312946E1,-4.838375948E0,1.240648769E0,1.266902767E1,1.361812591E1
1.145309646E1,-5.138097498E0,3.536470286E0,1.241705828E1,1.389568294E1
1.146306346E1,-1.556304274E0,3.181317717E0,9.724624804E0,1.034945375E1
1.147303046E1,2.441546119E0,1.715323689E0,8.171488552E0,8.699236056E0
1.148299746E1,5.225242061E0,9.799708316E-1,1.018269919E1,1.148698656E1
1.149296446E1,5.412690346E0,1.868776554E0,1.500211934E1,1.605780580E1
1.150293146E1,3.040473494E0,3.750057380E0,1.996267023E1,2.053815016E1
1.151289846E1,1.178771851E0,4.308358886E0,2.251032080E1,2.294920482E1
1.152286546E1,1.341003800E0,4.063413759E0,2.264610952E1,2.304681971E1
1.153283333E1,2.400591489E0,4.500371215E0,2.098727081E1,2.159818781E1
1.154280033E1,3.287857494E0,4.659925066E0,1.812340515E1,1.899954533E1
1.155276733E1,3.734821874E0,4.196819154E0,1.518017758E1,1.618641334E1
1.156273433E1,3.533826760E0,3.450077090E0,1.243494959E1,1.337979577E1
1.157270133E1,2.849418354E0,2.579782775E0,9.735166749E0,1.046651498E1
1.158266833E1,2.158232733E0,1.766367250E0,7.293158408E0,7.808212431E0
1.159263533E1,1.560166213E0,1.000055433E0,5.009034246E0,5.340847644E0
1.160260233E1,1.246938911E0,1.624397439E-1,2.788824243E0,3.059212967E0
1.161256933E1,1.228271529E0,-6.976378776E-1,6.746353698E-1,1.565401686E0
1.162253633E1,1.260194110E0,-1.379606094E0,-1.101751084E0,2.169160580E0
1.163250333E1,1.226085182E0,-1.812853784E0,-2.534003170E0,3.348267579E0
1.164247033E1,1.139275956E0,-2.162936525E0,-3.710572886E0,4.443489087E0
1.165243733E1,1.037363227E0,-2.420758682E0,-4.844131070E0,5.513782811E0
1.166240433E1,9.106820570E-1,-2.545161119E0,-6.016099028E0,6.595501076E0
1.167237133E1,6.138057621E-1,-2.725561755E0,-6.882371628E0,7.427818228E0
1.168233833E1,2.939207467E-1,-3.058378546E0,-7.451027969E0,8.059645558E0
1.169230533E1,-2.945936881E-2,-3.471932813E0,-7.731342317E0,8.475189635E0
1.170227233E1,-4.702010693E-1,-3.807058377E0,-7.886664830E0,8.770077803E0
1.171223933E1,-8.947518296E-1,-3.882551778E0,-7.905989293E0,8.853217260E0
1.172220633E1,-1.177350320E0,-3.810332525E0,-7.808149588E0,8.767667177E0
1.173217333E1,-1.242326627E0,-3.677052553E0,-7.684648792E0,8.609176383E0
1.174214033E1,-1.223109680E0,-3.443669711E0,-7.454379008E0,8.301965114E0
1.175210733E1,-1.147834014E0,-2.965617147E0,-7.100254671E0,7.779847324E0
1.176207433E1,-7.389741109E-1,-2.252775486E0,-6.902893601E0,7.298699897E0
1.177204133E1,-5.200367421E-2,-1.654293960E0,-7.031685542E0,7.223849006E0
1.178200833E1,8.047644963E-1,-1.506401796E0,-7.326924325E0,7.523344491E0
1.179197533E1,1.463569480E0,-1.680678059E0,-7.649380141E0,7.967416828E0
1.180194233E1,1.889711341E0,-2.009060321E0,-7.883757010E0,8.352302492E0
1.181190933E1,2.066997457E0,-2.310270865E0,-7.728195931E0,8.326754608E0
1.182187633E1,2.050109822E0,-2.260081289E0,-7.065902279E0,7.696615667E0
1.183184333E1,2.017558811E0,-1.960925457E0,-6.211293705E0,6.818793272E0
1.184181033E1,1.956697628E0,-1.737726418E0,-5.147765284E0,5.774759400E0
1.185177733E1,2.178713044E0,-1.582531082E0,-3.995491918E0,4.818210334E0
1.186174433E1,2.545595859E0,-1.584659761E0,-2.779642360E0,4.088718196E0
1.187171133E1,2.718716127E0,-1.589238423E0,-1.505420634E0,3.490470947E0
1.188167833E1,2.630147182E0,-1.318519063E0,-3.846573275E-1,2.967175084E0
1.189164533E1,2.132175347E0,-8.892428023E-1,3.419252908E-1,2.335345237E0
1.190161233E1,1.197082042E0,-4.118079963E-1,5.929649699E-1,1.397926570E0
1.191157933E1,-5.536377668E-2,6.193663180E-3,7.740351123E-1,7.760372828E-1
1.192154633E1,-1.455870159E0,3.514714551E-1,1.369024973E0,2.029117907E0
1.193151333E1,-2.704252455E0,5.375830668E-1,2.425703380E0,3.672330838E0
1.194148033E1,-3.430898808E0,3.643315288E-1,3.547063102E0,4.948278563E0
1.195144733E1,-3.699108251E0,-1.553552574E-1,5.092773390E0,6.296338453E0
1.196141433E1,-3.437535105E0,-4.497651967E-1,7.468390691E0,8.233820246E0
1.197138133E1,-2.722579967E0,-1.518837655E-1,1.094976500E1,1.128418646E1
1.198134833E1,-1.850026434E0,4.950957361E-1,1.450540772E1,1.463128740E1
1.199131533E1,-1.232235941E0,1.213392265E0,1.691968565E1,1.700783609E1
1.200128233E1,-1.036240781E0,1.882717194E0,1.746061157E1,1.759236696E1
1.201124933E1,-1.477349905E0,2.599617408E0,1.643199278E1,1.670182505E1
1.202121633E1,-2.204798204E0,3.613755274E0,1.498766853E1,1.557403513E1
1.203118333E1,-2.487893196E0,4.819946401E0,1.388758390E1,1.490927505E1
1.204115033E1,-2.226535082E0,6.090694882E0,1.333282815E1,1.482627158E1
1.205111733E1,-1.441598129E0,7.082658060E0,1.376542972E1,1.554764631E1
1.206108433E1,-5.829226694E-1,7.548977602E0,1.477056375E1,1.659808468E1
1.207105133E1,2.504501335E-1,7.827168242E0,1.560054444E1,1.745578055E1
1.208101833E1,1.161553482E0,8.013165248E0,1.576732691E1,1.772480244E1
1.209098533E1,1.929593883E0,7.639153361E0,1.434161318E1,1.636343073E1
1.210095233E1,2.163674736E0,6.847139815E0,1.147582730E1,1.353733446E1
1.211091933E1,1.855161751E0,5.819553645E0,7.868547817E0,9.961067940E0
1.212088633E1,1.287759054E0,4.579579645E0,4.302315204E0,6.414108606E0
1.213085333E1,8.119170298E-1,3.200405952E0,1.266405753E0,3.536324512E0
1.214082033E1,5.298723435E-1,1.799044707E0,-1.116298957E0,2.182532914E0
1.215078733E1,4.889090896E-1,4.031804296E-1,-2.945118563E0,3.012525503E0
1.216075433E1,4.347901851E-1,-1.248039941E0,-4.645723933E0,4.830051455E0
1.217072133E1,8.915205851E-2,-3.035936932E0,-6.473981622E0,7.151034833E0
1.218068833E1,-4.316544695E-1,-4.696835614E0,-8.119681637E0,9.390198094E0
1.219065533E1,-1.028605779E0,-6.015747026E0,-9.291283559E0,1.111643793E1
1.220062233E1,-1.515331956E0,-7.013722311E0,-1.013404567E1,1.241722245E1
1.221058933E1,-1.921720899E0,-7.746639803E0,-1.066901328E1,1.332408661E1
1.222055633E1,-2.259836437E0,-8.072660083E0,-1.093886579E1,1.378163584E1
1.223052333E1,-2.419539392E0,-7.884524750E0,-1.089891645E1,1.366770943E1
1.224049033E1,-2.339615409E0,-7.373406765E0,-1.058171084E1,1.310776609E1
1.225045733E1,-2.002152859E0,-6.862334974E0,-1.015354848E1,1.241752004E1
1.226042433E1,-1.346689779E0,-6.633229955E0,-9.985911144E0,1.206365344E1
1.227039133E1,-4.694877090E-1,-6.685580077E0,-1.004495048E1,1.207553021E1
1.228035833E1,1.146940121E-1,-6.709930222E0,-1.031051113E1,1.230215258E1
1.229032533E1,6.741402568E-1,-6.381081644E0,-1.060170832E1,1.239229145E1
1.230029233E1,1.339401809E0,-5.882659720E0,-1.052485486E1,1.213145714E1
1.231025933E1,2.098209018E0,-5.491155887E0,-1.016833375E1,1.174522393E1
1.232022633E1,2.645791993E0,-5.218730602E0,-9.845604866E0,1.145300395E1
1.233019333E1,2.842046185E0,-5.098615344E0,-9.536536834E0,1.118117345E1
1.234016033E1,2.663569282E0,-5.061882550E0,-8.968193904E0,1.063699949E1
1.235012733E1,2.233572645E0,-4.947606906E0,-8.214938627E0,9.846465229E0
1.236009433E1,1.808054974E0,-4.654397693E0,-7.388297870E0,8.917366544E0
1.237006133E1,1.566163118E0,-4.424859980E0,-6.568801240E0,8.073500015E0
1.238002833E1,1.445385370E0,-4.357732775E0,-5.976190612E0,7.536167994E0
1.238999533E1,1.333638939E0,-4.415905554E0,-5.756303728E0,7.376574225E0
1.239996233E1,1.084268494E0,-4.523270373E0,-5.777175949E0,7.416965349E0
1.240992933E1,5.703648236E-1,-4.579133502E0,-5.813362613E0,7.422194051E0
1.241989633E1,-7.373433955E-2,-4.259721746E0,-5.509376396E0,6.964473733E0
1.242986333E1,-5.112666495E-1,-3.596130012E0,-4.874761709E0,6.079214289E0
1.243983033E1,-9.970856318E-1,-2.894999739E0,-3.984339523E0,5.024954197E0
1.244979733E1,-1.590605795E0,-2.146625717E0,-2.745208107E0,3.830691363E0
1.245976433E1,-2.048345424E0,-9.611729103E-1,-1.453061741E0,2.689044582E0
1.246973133E1,-2.577195382E0,7.459667230E-1,-1.448828942E-1,2.686892897E0
1.247969833E1,-2.667060947E0,2.488635793E0,9.037444818E-1,3.758094769E0
1.248966533E1,-1.128154918E0,3.327899519E0,1.603511769E0,3.862499025E0
1.249963233E1,1.777602529E0,3.402997064E0,2.294972502E0,4.472936234E0
1.250959933E1,3.786668843E0,3.828315929E0,3.429872037E0,6.384268632E0
1.251956633E1,3.571379918E0,5.007906318E0,4.820652745E0,7.814894311E0
1.252953333E1,1.779900046E0,6.135295104E0,6.543895025E0,9.145078036E0
1.253949946E1,2.936243659E-1,5.916571816E0,8.057481880E0,1.000075255E1
1.254946646E1,-2.636684589E-1,4.658860288E0,8.389290318E0,9.599723552E0
1.255943346E1,-1.289131249E0,4.125626380E0,7.863548448E0,8.973184864E0
1.256940046E1,-2.579959946E0,5.145171459E0,7.023671933E0,9.080801181E0
1.257936746E1,-2.261259503E0,6.178476791E0,6.534583334E0,9.272952569E0
1.258933446E1,-9.749515086E-1,6.093809109E0,6.480291352E0,8.948699118E0
1.259930146E1,-1.896091969E-1,5.914555696E0,7.239265206E0,9.350127350E0
1.260926846E1,5.661446322E-1,5.946252283E0,8.874251368E0,1.069723204E1
1.261923546E1,1.203637794E0,5.751720096E0,1.076300143E1,1.226267620E1
1.262920246E1,1.502924165E0,5.556016127E0,1.188894010E1,1.320889825E1
1.263916946E1,1.602085926E0,5.391754975E0,1.170384064E1,1.298528347E1
1.264913646E1,1.789282488E0,4.816433102E0,1.031453636E1,1.152342050E1
1.265910346E1,1.834108851E0,3.766215283E0,8.059254756E0,9.082946662E0
1.266907046E1,1.415274548E0,2.591057669E0,5.430240764E0,6.180946258E0
1.267903746E1,7.778052507E-1,1.356656065E0,2.813935695E0,3.219274885E0
1.268900446E1,2.781016894E-1,7.856260478E-2,5.608953309E-1,6.309645036E-1
1.269897146E1,-1.666880384E-1,-1.064879712E0,-1.010538613E0,1.477478254E0
1.270893846E1,-5.582074390E-1,-1.909362663E0,-1.846750093E0,2.714359451E0
1.271890546E1,-8.609422054E-1,-2.447185466E0,-2.116288608E0,3.347927069E0
1.272887246E1,-1.164134809E0,-2.801293430E0,-2.102793235E0,3.691096602E0
1.273883946E1,-1.450832198E0,-3.111875891E0,-2.162213809E0,4.057567521E0
1.274880646E1,-1.606309223E0,-3.307483966E0,-2.414044617E0,4.398555549E0
1.275877346E1,-1.479334743E0,-3.278311037E0,-2.795735652E0,4.555424500E0
1.276874046E1,-1.187412940E0,-3.200231413E0,-3.286171449E0,4.738180387E0
1.277870746E1,-8.679897813E-1,-3.122644123E0,-4.224013969E0,5.324153134E0
1.278867446E1,-5.823394827E-1,-3.048255261E0,-5.277505644E0,6.122339849E0
1.279864146E1,-2.518371662E-1,-2.920534530E0,-6.078371875E0,6.748299678E0
1.280860846E1,7.201957047E-2,-2.743858570E0,-6.533016281E0,7.086201267E0
1.281857546E1,1.814755006E-1,-2.627869692E0,-6.551091778E0,7.060838191E0
1.282854246E1,7.564045876E-2,-2.627383204E0,-6.323715781E0,6.848229352E0
1.283850946E1,-1.840317571E-1,-2.769614385E0,-6.010730115E0,6.620687883E0
1.284847646E1,-4.339625483E-1,-2.844080431E0,-5.640080962E0,6.331479309E0
1.285844346E1,-5.255800487E-1,-2.865719807E0,-5.385069269E0,6.122708178E0
1.286841046E1,-3.794096708E-1,-3.015321404E0,-5.224166173E0,6.043842079E0
1.287837746E1,-3.430323880E-2,-3.104461037E0,-5.064390421E0,5.940278224E0
1.288834446E1,4.358323782E-1,-2.862953489E0,-4.755723508E0,5.568065968E0
1.289831146E1,9.151188511E-1,-2.559840554E0,-4.538322276E0,5.290235841E0
1.290827846E1,1.273397562E0,-2.274780897E0,-4.506430392E0,5.206158311E0
1.291824546E1,1.383135912E0,-1.688969118E0,-4.142006770E0,4.682083053E0
1.292821246E1,1.374065419E0,-1.002456592E0,-3.267159812E0,3.683382716E0
1.293817946E1,1.202210708E0,-4.908012486E-1,-2.138850090E0,2.502174286E0
1.294814646E1,9.862969342E-1,-3.779698670E-2,-1.090289957E0,1.470694545E0
1.295811346E1,6.221893537E-1,4.575884789E-1,-5.143678665E-2,7.740494499E-1
1.296808046E1,3.522243207E-1,1.218811465E0,1.124502600E0,1.695308071E0
1.297804746E1,5.535255368E-1,2.124239360E0,2.446092036E0,3.286662384E0
1.298801446E1,8.274416797E-1,2.884932588E0,3.907790700E0,4.927303920E0
1.299798146E1,8.166027691E-1,3.568272123E0,5.645647511E0,6.728502199E0
1.300794846E1,7.602013309E-1,4.006108122E0,7.921332387E0,8.909226405E0
1.301791546E1,7.424246259E-1,4.128674533E0,1.073552302E1,1.152599680E1
1.302788246E1,4.116077657E-1,4.203828796E0,1.328285667E1,1.393828823E1
1.303784946E1,1.001599536E-1,4.054338296E0,1.487704973E1,1.541993190E1
1.304781646E1,2.212513678E-1,3.527770506E0,1.596886757E1,1.635539203E1
1.305778346E1,5.656831773E-1,3.130754212E0,1.636248108E1,1.666890537E1
1.306775046E1,7.461901597E-1,3.213319235E0,1.598884984E1,1.632560993E1
1.307771746E1,1.506654250E-1,3.918754814E0,1.506274795E1,1.556488725E1
1.308768446E1,-6.375613913E-1,5.152476971E0,1.350121626E1,1.446503868E1
1.309765146E1,-8.860734652E-1,6.452140517E0,1.139186011E1,1.312210807E1
1.310761846E1,-5.318107686E-1,7.502077670E0,9.106055462E0,1.181034454E1
1.311758546E1,-6.447870880E-3,8.205201843E0,7.091455781E0,1.084500456E1
1.312755246E1,2.535186061E-1,8.353514130E0,5.346163065E0,9.921034700E0
1.313751946E1,6.749740697E-2,7.595302168E0,4.041477345E0,8.603877617E0
1.314748646E1,-5.674534218E-1,6.232671710E0,2.989695396E0,6.935883404E0
1.315745346E1,-1.171280545E0,4.796292660E0,1.879740084E0,5.282967365E0
1.316742046E1,-1.550025972E0,3.216002523E0,7.116330421E-1,3.640284924E0
1.317738746E1,-1.525797011E0,1.753108689E0,-3.984649426E-1,2.358012066E0
1.318735446E1,-9.377613898E-1,4.462980902E-1,-1.476784480E0,1.805400457E0
1.319732146E1,-7.292566049E-2,-6.637589639E-1,-2.703816252E0,2.785052323E0
1.320728846E1,6.818715184E-1,-1.486360465E0,-3.689186110E0,4.035382306E0
1.321725546E1,1.245539526E0,-2.111351804E0,-4.420331896E0,5.054553316E0
1.322722246E1,1.639408411E0,-2.646409459E0,-4.959558030E0,5.855626253E0
1.323718946E1,1.725217616E0,-3.191966373E0,-5.396024612E0,6.502469282E0
1.324715646E1,1.552221309E0,-3.826342494E0,-5.841276636E0,7.153376867E0
1.325712346E1,1.205156974E0,-4.422930399E0,-6.359886072E0,7.839825731E0
1.326709046E1,8.689151763E-1,-4.992412366E0,-6.956040114E0,8.606142508E0
1.327705746E1,6.680573253E-1,-5.622847463E0,-7.532748070E0,9.423640892E0
1.328702446E1,3.937298673E-1,-6.174172071E0,-7.969096538E0,1.008870277E1
1.329699146E1,1.412316003E-1,-6.391879113E0,-8.337614965E0,1.050675441E1
1.330695846E1,1.260758823E-1,-6.315005769E0,-8.510849254E0,1.059857292E1
1.331692546E1,4.215964546E-1,-6.192936956E0,-8.493466651E0,1.051994237E1
1.332689246E1,7.773125497E-1,-6.030546328E0,-8.393722508E0,1.036466504E1
1.333685946E1,9.359874176E-1,-5.902587615E0,-8.366924134E0,1.028212198E1
1.334682646E1,1.030678251E0,-5.874737327E0,-8.504689797E0,1.038771317E1
1.335679246E1,1.093562424E0,-5.905398957E0,-8.754888647E0,1.061685880E1
1.336676046E1,1.119742090E0,-5.875189902E0,-8.956929828E0,1.077024933E1
1.337672646E1,1.125910902E0,-5.681992634E0,-9.104928703E0,1.079131328E1
1.338669346E1,1.073866371E0,-5.427545782E0,-9.190486332E0,1.072737066E1
1.339666046E1,1.017347184E0,-5.172108412E0,-9.195089260E0,1.059883801E1
1.340662746E1,1.048089724E0,-4.987158642E0,-9.062613573E0,1.039717309E1
1.341659446E1,1.044281579E0,-4.867366735E0,-8.658171022E0,9.987277327E0
1.342656146E1,8.823964436E-1,-4.706897503E0,-8.133944165E0,9.438991221E0
1.343652846E1,7.526473861E-1,-4.516217462E0,-7.539910909E0,8.821165159E0
1.344649546E1,6.312120460E-1,-4.493237904E0,-7.113908504E0,8.437731313E0
1.345646246E1,5.125699939E-1,-4.523450468E0,-6.861848486E0,8.234640051E0
1.346642946E1,2.678957400E-1,-4.356124790E0,-6.509288279E0,7.836990827E0
1.347639646E1,-1.501020458E-2,-3.991998206E0,-6.063284304E0,7.259455320E0
1.348636346E1,-2.256429191E-1,-3.590759345E0,-5.446578469E0,6.527609396E0
1.349633046E1,-5.733577574E-1,-3.051081805E0,-4.610543575E0,5.558322711E0
1.350629746E1,-1.320093133E0,-2.133915040E0,-3.688082741E0,4.460739130E0
1.351626446E1,-2.425624443E0,-6.911496609E-1,-2.781388924E0,3.754659257E0
1.352623146E1,-3.256790653E0,6.727128053E-1,-2.261338733E0,4.021552031E0
1.353619975E1,-3.034630956E0,1.189719520E0,-1.888438987E0,3.767043852E0
1.354616675E1,-1.528261027E0,8.020684183E-1,-1.098242170E0,2.045734924E0
1.355613375E1,-8.846005881E-2,6.736238015E-1,5.449634224E-1,8.709646030E-1
1.356610075E1,6.706770971E-2,1.705448619E0,3.427934269E0,3.829332373E0
1.357606775E1,-2.006435141E-1,3.066543013E0,7.582544712E0,8.181621367E0
1.358603475E1,-2.719715416E-1,4.088072637E0,1.188433484E1,1.257074862E1
1.359600175E1,-8.771649398E-2,4.406343602E0,1.437960605E1,1.503983471E1
1.360596875E1,6.000594697E-1,4.289668261E0,1.434753524E1,1.498709754E1
1.361593575E1,1.310007710E0,4.497174250E0,1.250285682E1,1.335148400E1
1.362590275E1,1.936435564E0,5.385404314E0,1.060699187E1,1.205241216E1
1.363586975E1,3.462906174E0,5.763272440E0,9.906116531E0,1.197239212E1
1.364583675E1,4.628250114E0,5.838231990E0,1.057030176E1,1.293201187E1
1.365580375E1,4.090894504E0,6.122051160E0,1.182005990E1,1.392583011E1
1.366577075E1,3.055402605E0,6.035313563E0,1.265885936E1,1.435295145E1
1.367573775E1,2.440642724E0,5.550345497E0,1.244810232E1,1.384623860E1
1.368570475E1,2.114087716E0,5.297283851E0,1.175308823E1,1.306390700E1
1.369567175E1,2.216180979E0,5.209100822E0,1.053933373E1,1.196343366E1
1.370563875E1,2.530912624E0,4.993922701E0,8.899882638E0,1.051440410E1
1.371560575E1,2.855132253E0,4.571330393E0,6.774774089E0,8.657159217E0
1.372557275E1,2.991581416E0,3.994136533E0,4.519953248E0,6.732953540E0
1.373553975E1,2.906524601E0,3.322619776E0,2.499676505E0,5.073073039E0
1.374550675E1,2.438272263E0,2.520749286E0,8.584542882E-1,3.610580612E0
1.375547375E1,1.673150646E0,1.656646880E0,-6.591496038E-1,2.445074675E0
1.376544075E1,8.755013338E-1,7.568203247E-1,-1.947355531E0,2.265275514E0
1.377540775E1,1.650635357E-1,-7.726189166E-2,-2.921127437E0,2.926807284E0
1.378537475E1,-3.829516947E-1,-6.911540464E-1,-3.564597148E0,3.651122943E0
1.379534175E1,-7.807988059E-1,-1.252665089E0,-4.087107262E0,4.345487587E0
1.380530875E1,-1.037153531E0,-1.882756078E0,-4.568319077E0,5.048761936E0
1.381527575E1,-1.263873909E0,-2.478199682E0,-4.976541853E0,5.701299829E0
1.382524275E1,-1.428879704E0,-3.026241371E0,-5.060316081E0,6.066847030E0
1.383520975E1,-1.486503868E0,-3.535667464E0,-4.752526835E0,6.107139222E0
1.384517675E1,-1.415293990E0,-3.870687777E0,-4.378840638E0,6.013279162E0
1.385514375E1,-1.489510944E0,-4.134398080E0,-4.238888701E0,6.105740558E0
1.386511075E1,-1.623907588E0,-4.288619563E0,-4.416499046E0,6.366694388E0
1.387507775E1,-1.736891436E0,-4.255963448E0,-4.749365830E0,6.609575820E0
1.388504475E1,-1.752518120E0,-4.139171455E0,-5.219607099E0,6.888276879E0
1.389501175E1,-1.652745617E0,-4.080857758E0,-5.692163866E0,7.196228011E0
1.390497875E1,-1.502678436E0,-3.970495363E0,-5.973907274E0,7.328740958E0
1.391494575E1,-1.306205704E0,-3.699347694E0,-5.926034365E0,7.106984593E0
1.392491275E1,-1.147637109E0,-3.414926553E0,-5.683288377E0,6.728934617E0
1.393487975E1,-1.143366888E0,-3.080785953E0,-5.382483045E0,6.306318551E0
1.394484675E1,-1.235718981E0,-2.636823826E0,-5.020852638E0,5.804205587E0
1.395481375E1,-1.375811251E0,-2.130691762E0,-4.580150333E0,5.235501987E0
1.396478075E1,-1.319136383E0,-1.660043235E0,-4.058426085E0,4.578939465E0
1.397474775E1,-9.012043782E-1,-1.283956171E0,-3.620054480E0,3.945314591E0
1.398471475E1,-3.119021042E-1,-9.331860897E-1,-3.264564233E0,3.409618576E0
1.399468175E1,4.104456316E-1,-5.614361984E-1,-2.983595581E0,3.063579412E0
1.400464875E1,1.116688455E0,-1.795393413E-1,-2.487272807E0,2.732353106E0
1.401461575E1,1.679002393E0,2.242570925E-1,-1.622956685E0,2.345917450E0
1.402458275E1,1.904930181E0,5.554968891E-1,-7.262481576E-1,2.113000751E0
1.403454975E1,1.443749173E0,9.001639393E-1,-2.234571934E-2,1.701530524E0
1.404451675E1,7.214388227E-1,1.290373783E0,6.444953120E-1,1.612734535E0
1.405448375E1,2.795832917E-2,1.612651552E0,1.391634986E0,2.130275717E0
1.406445075E1,-6.496324564E-1,2.005166953E0,2.287025551E0,3.110177279E0
1.407441775E1,-1.025158114E0,2.645109915E0,3.359136515E0,4.396743539E0
1.408438475E1,-8.252986751E-1,3.359948985E0,4.473887714E0,5.655620776E0
1.409435175E1,-6.076948644E-2,4.058786565E0,5.599271489E0,6.915871783E0
1.410431875E1,9.956359608E-1,4.774327009E0,7.061526808E0,8.581995701E0
1.411428575E1,1.936416707E0,4.984716260E0,9.298795477E0,1.072682167E1
1.412425275E1,2.371123715E0,4.585297637E0,1.228099591E1,1.332178827E1
1.413421975E1,2.046673121E0,3.894712817E0,1.533572872E1,1.595437978E1
1.414418675E1,1.212487701E0,3.116887832E0,1.771439710E1,1.802733981E1
1.415415375E1,7.200916243E-1,2.450340039E0,1.875890628E1,1.893196406E1
1.416412075E1,6.123433004E-1,2.223281545E0,1.843781462E1,1.858146800E1
1.417408775E1,5.234954432E-1,2.450181579E0,1.709430455E1,1.727694086E1
1.418405475E1,2.329483573E-1,3.051901585E0,1.523300016E1,1.553745996E1
1.419402175E1,-1.129008903E-1,3.760195574E0,1.322829747E1,1.375280595E1
1.420398875E1,-3.609541771E-1,4.279791729E0,1.113361433E1,1.193332616E1
1.421395575E1,-2.405280664E-1,4.545274615E0,9.117480921E0,1.019047759E1
1.422392275E1,5.825091250E-2,4.333816201E0,7.426597132E0,8.598819744E0
1.423388975E1,2.169602790E-1,3.625325452E0,6.180584713E0,7.168659832E0
1.424385675E1,-6.296354905E-3,2.530348660E0,5.240885702E0,5.819758322E0
1.425382375E1,-1.101739682E-1,1.373786945E0,4.313688623E0,4.528502888E0
1.426379075E1,-1.732076108E-1,4.325425154E-1,2.749034525E0,2.788240435E0
1.427375775E1,-4.449379548E-1,-2.111204454E-1,8.088833481E-1,9.470131451E-1
1.428372475E1,-5.678283014E-1,-7.676970229E-1,-8.191130519E-1,1.258067522E0
1.429369175E1,-4.244340353E-1,-1.182837932E0,-2.055241338E0,2.408997049E0
1.430365875E1,-5.446796863E-1,-1.225298658E0,-3.034598504E0,3.317652912E0
1.431362575E1,-8.460927627E-1,-1.133293012E0,-4.010246197E0,4.252328841E0
1.432359275E1,-8.968765616E-1,-1.262660612E0,-5.198136708E0,5.423958391E0
1.433355975E1,-9.620310623E-1,-7.298363015E-1,-6.956577473E0,7.060604431E0
1.434352675E1,-6.604664699E-1,9.478760496E-1,-9.378957295E0,9.449842587E0
1.435349375E1,9.122559082E-1,7.196972296E-1,-9.887247566E0,9.955292029E0
1.436346075E1,1.933695266E0,-5.788205552E-1,-8.335508214E0,8.576415790E0
1.437342775E1,1.869340080E0,-2.474125927E0,-7.259176145E0,7.893755110E0
1.438339475E1,7.896319753E-1,-3.389521571E0,-7.876964300E0,8.611558611E0
1.439336175E1,-5.483914988E-1,-3.221046623E0,-8.934666554E0,9.513366440E0
1.440332875E1,-1.137657812E0,-3.264564818E0,-9.961615963E0,1.054445074E1
1.441329575E1,-9.111979276E-1,-3.708093959E0,-1.079492605E1,1.145035681E1
1.442326275E1,-5.260706301E-1,-3.943425094E0,-1.157640643E1,1.224093695E1
1.443322975E1,-2.788370499E-1,-3.883922950E0,-1.233235902E1,1.293250504E1
1.444319675E1,1.427216171E-1,-3.918232950E0,-1.277718829E1,1.336523324E1
1.445316375E1,7.599694888E-1,-4.165743249E0,-1.264298300E1,1.333326628E1
1.446313075E1,1.322323408E0,-4.661745304E0,-1.212891685E1,1.306105020E1
1.447309775E1,1.667544335E0,-5.133241385E0,-1.140458950E1,1.261727122E1
1.448306475E1,1.525440331E0,-5.414259739E0,-1.073061838E1,1.211558284E1
1.449303175E1,1.172607936E0,-5.581923970E0,-1.014006129E1,1.163416209E1
1.450299875E1,1.024331756E0,-5.721615121E0,-9.537199908E0,1.116889955E1
1.451296575E1,1.068692974E0,-5.787880447E0,-9.028310298E0,1.077738612E1
1.452293275E1,1.234939693E0,-5.884040247E0,-8.583869283E0,1.047997221E1
1.453289975E1,1.419804386E0,-5.918844044E0,-8.214561481E0,1.022387303E1
1.454286621E1,1.679901110E0,-5.863477344E0,-7.964348014E0,1.003161371E1
1.455283321E1,1.804447534E0,-5.657845387E0,-7.691668375E0,9.717458913E0
1.456280021E1,1.808682819E0,-5.099943831E0,-7.285373425E0,9.075099259E0
1.457276721E1,1.591284657E0,-4.355119654E0,-6.809797157E0,8.238482347E0
1.458273421E1,1.246110068E0,-3.717093409E0,-5.946457520E0,7.122494700E0
1.459270121E1,7.736768241E-1,-3.090522737E0,-4.827646015E0,5.784122462E0
1.460266821E1,1.331709212E-1,-2.052946891E0,-3.577469793E0,4.126816636E0
1.461263521E1,-9.287334350E-1,-4.906436661E-1,-2.433412934E0,2.650429306E0
1.462260221E1,-2.439873376E0,1.476336583E0,-1.466383452E0,3.206685552E0
1.463256921E1,-3.236650795E0,3.549495251E0,-6.154054141E-1,4.842886405E0
1.464253621E1,-2.326357432E0,4.727298146E0,5.649199694E-1,5.298907551E0
1.465250321E1,-1.644586413E-1,5.175047808E0,2.702643301E0,5.840586209E0
1.466247021E1,8.968645017E-1,6.430501142E0,5.820683911E0,8.719866516E0
1.467243721E1,-3.240753860E-1,8.891949720E0,9.243347501E0,1.283009227E1
1.468240421E1,-5.350748671E-1,9.364531045E0,1.214829452E1,1.534802289E1
1.469237121E1,5.151948090E-1,6.446088649E0,1.391308010E1,1.534246664E1
1.470233821E1,-5.357858520E-1,3.909693676E0,1.410788594E1,1.464941012E1
1.471230521E1,-3.205919584E0,3.283654808E0,1.425157074E1,1.497222688E1
1.472227221E1,-4.476722736E0,3.060735851E0,1.521507727E1,1.615263838E1
1.473223921E1,-3.930581100E0,2.781502652E0,1.619296094E1,1.689373283E1
1.474220621E1,-3.046853099E0,3.191813176E0,1.638241774E1,1.696627821E1
1.475217321E1,-2.337922201E0,3.689370298E0,1.558375124E1,1.618427125E1
1.476214021E1,-1.793027630E0,3.740529926E0,1.425881895E1,1.484993030E1
1.477210721E1,-1.284198831E0,3.727191550E0,1.282455776E1,1.341679564E1
1.478207421E1,-7.393234820E-1,3.738074973E0,1.126948491E1,1.189626386E1
1.479204121E1,-9.239477813E-3,3.444657598E0,9.363037666E0,9.976583868E0
1.480200821E1,7.005932797E-1,3.108029008E0,7.091530041E0,7.774347148E0
1.481197521E1,1.510288294E0,2.837208198E0,4.613157281E0,5.622449750E0
1.482194221E1,2.280683076E0,2.460015719E0,2.536998698E0,4.205895270E0
1.483190921E1,2.790415270E0,1.997607380E0,8.257788777E-1,3.529697350E0
1.484187621E1,3.084384037E0,1.312496723E0,-6.878910077E-1,3.421880561E0
1.485184321E1,2.931008939E0,4.875855723E-1,-1.908996627E0,3.531688154E0
1.486181021E1,2.452275175E0,-2.998589596E-1,-2.812974998E0,3.743847922E0
1.487177721E1,1.944135908E0,-9.428047594E-1,-3.565667188E0,4.169235870E0
1.488174421E1,1.510851235E0,-1.578655255E0,-4.346089799E0,4.864495905E0
1.489171121E1,1.107547575E0,-2.234356756E0,-5.012731440E0,5.598793463E0
1.490167821E1,7.538269157E-1,-2.780480851E0,-5.518280536E0,6.225009948E0
1.491164521E1,6.878178444E-1,-3.144733735E0,-5.916337343E0,6.735390947E0
1.492161221E1,6.393953705E-1,-3.377272239E0,-6.151093111E0,7.046328170E0
1.493157921E1,6.198586535E-1,-3.584470080E0,-6.220317712E0,7.205900564E0
1.494154621E1,6.744261856E-1,-3.827027203E0,-6.122286218E0,7.251439611E0
1.495151321E1,6.742512077E-1,-4.064116595E0,-5.902682925E0,7.198147268E0
1.496148021E1,5.857037513E-1,-4.178752427E0,-5.658339477E0,7.058457790E0
1.497144721E1,5.071923096E-1,-4.180047585E0,-5.432962643E0,6.873654409E0
1.498141421E1,4.260506442E-1,-4.160880997E0,-5.316303089E0,6.764431119E0
1.499138121E1,3.678078447E-1,-3.988078233E0,-5.362612453E0,6.693105626E0
1.500134821E1,3.715633652E-1,-3.644595244E0,-5.495578136E0,6.604734126E0
1.501131521E1,5.243131033E-1,-3.162199953E0,-5.672934127E0,6.515872496E0
1.502128221E1,6.897874059E-1,-2.725302431E0,-5.898474684E0,6.534147504E0
1.503124921E1,8.428727742E-1,-2.490862997E0,-6.082402360E0,6.626496168E0
1.504121621E1,9.227176733E-1,-2.417744735E0,-6.290636913E0,6.802132774E0
1.505118321E1,9.601452622E-1,-2.411412200E0,-6.460998464E0,6.962850629E0
1.506115021E1,9.522965446E-1,-2.394940009E0,-6.508171461E0,6.999921580E0
1.507111721E1,9.048301636E-1,-2.455664513E0,-6.240088903E0,6.766662053E0
1.508108421E1,8.093477632E-1,-2.511414791E0,-5.628587090E0,6.216368770E0
1.509105121E1,9.583451968E-1,-2.339496710E0,-5.009219018E0,5.611055653E0
1.510101821E1,1.341163283E0,-2.012015504E0,-4.353053248E0,4.979558004E0
1.511098521E1,1.780966724E0,-1.672593114E0,-3.317031884E0,4.119722165E0
1.512095221E1,2.179947245E0,-1.132428794E0,-1.736261106E0,3.008183437E0
1.513091921E1,2.263460687E0,-3.099073997E-1,-4.765129924E-2,2.285074950E0
1.514088621E1,2.033265017E0,6.780580375E-1,1.147362875E0,2.431125438E0
1.515085321E1,1.315658020E0,1.883408335E0,1.853867909E0,2.952119443E0
1.516082021E1,6.435704286E-1,2.986191160E0,2.083413808E0,3.697584838E0
1.517078721E1,3.886528762E-1,3.661400726E0,2.392737363E0,4.391138625E0
1.518075421E1,1.340051727E-1,4.102022047E0,3.793275320E0,5.588692147E0
1.519072121E1,-1.570541659E-1,4.384945716E0,6.987818561E0,8.251183139E0
1.520068821E1,-3.556484136E-1,4.422864325E0,1.184887966E1,1.265243707E1
1.521065521E1,-6.329143167E-1,4.147827965E0,1.685050841E1,1.736504221E1
1.522062221E1,-9.776579654E-1,3.610984279E0,2.047702874E1,2.081594890E1
1.523058921E1,-1.234590615E0,3.185939356E0,2.257989097E1,2.283694156E1
1.524055621E1,-1.012185481E0,2.976047995E0,2.307765976E1,2.329076558E1
1.525052321E1,-7.161063083E-1,2.941113513E0,2.243058583E1,2.263391564E1
1.526049021E1,-8.682688397E-1,3.515058075E0,2.106641170E1,2.137529476E1
1.527045721E1,-1.330305296E0,4.185152497E0,1.889647255E1,1.940004867E1
1.528042421E1,-1.907641827E0,4.468792450E0,1.671660015E1,1.740844404E1
1.529039121E1,-2.492674465E0,4.875499043E0,1.494875531E1,1.592008801E1
1.530035821E1,-2.590188480E0,4.777176942E0,1.303023591E1,1.411798653E1
1.531032521E1,-2.636313948E0,3.880422807E0,1.000091627E1,1.104654510E1
1.532029221E1,-2.926704512E0,2.852624967E0,6.098281644E0,7.341124404E0
1.533025921E1,-3.128459472E0,2.126632918E0,2.034476706E0,4.295220797E0
1.534022621E1,-2.985017332E0,1.388631856E0,-1.251677787E0,3.522119275E0
1.535019321E1,-2.216446442E0,5.248834991E-1,-3.093723795E0,3.841778812E0
1.536016021E1,-1.023218008E0,-3.372676912E-1,-3.292440249E0,3.464229695E0
1.537012721E1,4.749447691E-1,-9.672481674E-1,-3.107557138E0,3.289080862E0
1.538009421E1,1.938543777E0,-1.500908630E0,-3.413540763E0,4.202729974E0
1.539006121E1,3.042413893E0,-1.897744538E0,-4.497830892E0,5.752234293E0
1.540002821E1,3.939974944E0,-2.074932421E0,-6.142633944E0,7.586876754E0
1.540999421E1,4.668682148E0,-2.237982907E0,-7.772069929E0,9.338641843E0
1.541996121E1,5.216959480E0,-2.692427630E0,-9.264473491E0,1.096796708E1
1.542992821E1,5.344258627E0,-3.430515523E0,-1.045832056E1,1.223544057E1
1.543989521E1,4.847283011E0,-4.138513643E0,-1.101295002E1,1.272432772E1
1.544986221E1,3.897759801E0,-4.636923289E0,-1.092229011E1,1.248959608E1
1.545982921E1,3.015344208E0,-4.986019020E0,-1.044622852E1,1.196145378E1
1.546979621E1,2.329838572E0,-5.262977067E0,-9.951336558E0,1.149591991E1
1.547976321E1,1.744302782E0,-5.417050030E0,-9.391180900E0,1.098095178E1
1.548973021E1,1.507330042E0,-5.365887478E0,-8.811682652E0,1.042643484E1
1.549969821E1,1.657122258E0,-5.248422178E0,-8.141283590E0,9.827130203E0
1.550966421E1,1.978562706E0,-5.226062425E0,-7.626580094E0,9.454689988E0
1.551963121E1,2.302211355E0,-5.404284389E0,-7.533861380E0,9.553299648E0
1.552959821E1,2.570314671E0,-5.559715075E0,-7.940500145E0,1.002838431E1
1.553956496E1,2.679577789E0,-5.596591126E0,-8.466964146E0,1.049721159E1
1.554953196E1,2.930034209E0,-5.558026984E0,-9.005017914E0,1.098030564E1
1.555949896E1,3.173383630E0,-5.469852142E0,-9.397606990E0,1.132716484E1
1.556946596E1,3.216983393E0,-5.384057701E0,-9.617409673E0,1.148179552E1
1.557943296E1,3.188315664E0,-5.360602180E0,-9.693407105E0,1.152664538E1
1.558939996E1,3.131984758E0,-5.321359761E0,-9.657636763E0,1.146281580E1
1.559936696E1,2.976176634E0,-5.306501402E0,-9.456219479E0,1.124440622E1
1.560933396E1,2.728283926E0,-5.320813047E0,-9.172381014E0,1.094929944E1
1.561930096E1,2.442285791E0,-5.335291922E0,-8.897688763E0,1.065828153E1
1.562926796E1,2.118401792E0,-5.408001464E0,-8.676406733E0,1.044098366E1
1.563923496E1,1.726443923E0,-5.333341291E0,-8.373079498E0,1.007638815E1
1.564920196E1,1.347875302E0,-4.993559589E0,-7.920885075E0,9.460064777E0
1.565916896E1,8.739283597E-1,-4.589209424E0,-7.383686171E0,8.737471910E0
1.566913596E1,2.198073614E-1,-4.037642741E0,-6.785065189E0,7.898606447E0
1.567910296E1,-6.905760491E-1,-3.134999290E0,-5.920860749E0,6.735110083E0
1.568906996E1,-1.707568234E0,-1.885755407E0,-4.582375783E0,5.241185987E0
1.569903696E1,-2.463619942E0,-2.184396976E-1,-2.979420669E0,3.872219860E0
1.570900396E1,-2.940103114E0,1.456508090E0,-1.385895360E0,3.561787204E0
1.571897096E1,-2.785018583E0,2.654961596E0,9.378583074E-2,3.848888848E0
1.572893796E1,-2.026931166E0,3.443845128E0,1.655769505E0,4.325516370E0
1.573890496E1,-1.564623692E0,4.377041450E0,3.880289490E0,6.055013269E0
1.574887196E1,-1.868015393E0,5.719552808E0,7.312004569E0,9.469328205E0
1.575883896E1,-1.546292379E0,6.118203692E0,1.144434472E1,1.306891207E1
1.576880596E1,-5.123456070E-1,4.337006734E0,1.420345166E1,1.485968252E1
1.577877296E1,-6.142789480E-1,2.438650285E0,1.564635971E1,1.584717407E1
1.578873996E1,-2.080058822E0,1.844074407E0,1.649591805E1,1.672849567E1
1.579870696E1,-3.523724818E0,2.321497226E0,1.685152348E1,1.737181135E1
1.580867396E1,-3.353776372E0,3.004955752E0,1.697103355E1,1.755829020E1
1.581864096E1,-2.153928451E0,3.677561261E0,1.701696694E1,1.754254909E1
1.582860796E1,-1.244052140E0,4.539517739E0,1.683305330E1,1.747874625E1
1.583857496E1,-6.690682358E-1,5.189476397E0,1.635817051E1,1.717463420E1
1.584854196E1,-3.249087238E-1,5.467785151E0,1.576924246E1,1.669344925E1
1.585850896E1,-1.285419729E-1,5.664514722E0,1.486068221E1,1.590418579E1
1.586847596E1,1.078539392E-1,5.700481530E0,1.331564786E1,1.448494391E1
1.587844296E1,4.275770599E-1,5.533269289E0,1.111045584E1,1.241942512E1
1.588840996E1,7.862981853E-1,5.376880828E0,8.545476465E0,1.012690872E1
1.589837696E1,1.271721165E0,5.163296074E0,5.936958718E0,7.970218309E0
1.590834396E1,1.769013700E0,4.732354234E0,3.450944817E0,6.118300924E0
1.591831096E1,2.148381344E0,4.033997879E0,1.122013441E0,4.706123187E0
1.592827796E1,2.257871626E0,3.102829079E0,-7.918778908E-1,3.918239805E0
1.593824496E1,2.113951476E0,2.031230624E0,-2.233677310E0,3.685648249E0
1.594821196E1,2.027661191E0,9.856440926E-1,-3.140336044E0,3.865826516E0
1.595817896E1,1.953803256E0,-9.419864416E-4,-3.685322270E0,4.171204657E0
1.596814596E1,1.710150657E0,-1.006963626E0,-4.194428812E0,4.640239657E0
1.597811296E1,1.264689011E0,-1.875794090E0,-4.652574531E0,5.173440976E0
1.598807996E1,7.646152478E-1,-2.658776320E0,-4.789377158E0,5.530991010E0
1.599804696E1,5.184866452E-1,-3.380982005E0,-4.751288395E0,5.854452078E0
1.600801396E1,3.944122374E-1,-4.009439866E0,-4.732810024E0,6.215356770E0
1.601798096E1,3.094273433E-1,-4.495371846E0,-4.822629104E0,6.600141270E0
1.602794796E1,2.399469262E-1,-4.813280868E0,-5.059710894E0,6.987554763E0
1.603791496E1,2.646952665E-1,-4.930414338E0,-5.355274782E0,7.284093431E0
1.604788196E1,3.146573853E-1,-4.896526215E0,-5.768806829E0,7.573249664E0
1.605784896E1,4.203563333E-1,-4.753213883E0,-6.133253841E0,7.770877965E0
1.606781596E1,6.265823668E-1,-4.532664218E0,-6.331453401E0,7.811846936E0
1.607778296E1,7.671649262E-1,-4.252947162E0,-6.380427341E0,7.706228302E0
1.608774996E1,8.460193071E-1,-3.963694174E0,-6.454540799E0,7.621529840E0
1.609771696E1,9.319070113E-1,-3.653802854E0,-6.598337865E0,7.599788718E0
1.610768396E1,1.028589553E0,-3.297364774E0,-6.729977401E0,7.564602220E0
1.611765096E1,1.174727552E0,-3.033299838E0,-6.849206806E0,7.582382646E0
1.612761796E1,1.365914254E0,-2.934567847E0,-7.039988004E0,7.748473482E0
1.613758496E1,1.519038799E0,-2.878386045E0,-7.167811646E0,7.872109558E0
1.614755196E1,1.694245353E0,-2.734159793E0,-7.151392665E0,7.841461225E0
1.615751896E1,1.769744602E0,-2.615357820E0,-7.042157906E0,7.717776911E0
1.616748596E1,1.783562450E0,-2.568685929E0,-6.904251325E0,7.579441191E0
1.617745296E1,1.754880687E0,-2.500661176E0,-6.418756424E0,7.108681072E0
1.618741996E1,1.877004756E0,-2.374253730E0,-5.512718080E0,6.288901991E0
1.619738696E1,2.076132270E0,-2.277584637E0,-4.232581310E0,5.235691122E0
1.620735396E1,2.200070145E0,-2.107780325E0,-2.578848975E0,3.991679919E0
1.621732096E1,2.314981089E0,-1.728928405E0,-8.890305483E-1,3.023029307E0
1.622728796E1,2.395729091E0,-1.013611910E0,7.129878420E-1,2.697272445E0
1.623725496E1,2.373160739E0,2.113288987E-1,2.027202185E0,3.128274364E0
1.624722196E1,2.344843697E0,1.926221648E0,3.012218286E0,4.275754998E0
1.625718896E1,2.258166911E0,3.861635995E0,3.735508338E0,5.827999047E0
1.626715596E1,2.080829192E0,5.533523642E0,4.551380278E0,7.460884429E0
1.627712296E1,1.849764625E0,6.504392990E0,5.794126443E0,8.905091722E0
1.628708996E1,1.234528634E0,6.749249239E0,7.645619797E0,1.027287342E1
1.629705696E1,4.622735605E-2,6.547040827E0,1.061306829E1,1.247008818E1
1.630702396E1,-1.037662970E0,5.879006379E0,1.475366764E1,1.591572082E1
1.631699096E1,-1.860539728E0,5.138417341E0,1.842188329E1,1.921537730E1
1.632695796E1,-2.583891906E0,4.691282221E0,2.052396317E1,2.121126329E1
1.633692496E1,-2.824498690E0,4.408814928E0,2.126385113E1,2.189901383E1
1.634689196E1,-2.845635206E0,4.760664405E0,2.080274672E1,2.152941793E1
1.635685896E1,-2.739429304E0,5.573264828E0,1.972633980E1,2.068076971E1
1.636682596E1,-2.656459360E0,5.621886765E0,1.841220498E1,1.943377677E1
1.637679296E1,-3.617015097E0,4.599828845E0,1.691506284E1,1.789861934E1
1.638675996E1,-5.344935735E0,3.058536713E0,1.519326833E1,1.639385212E1
1.639672696E1,-6.653123353E0,1.498448706E0,1.294087057E1,1.462790245E1
1.640669396E1,-7.176805249E0,4.289698666E-1,1.021612421E1,1.249238739E1
1.641666096E1,-6.339886256E0,-1.514694902E-1,7.249665649E0,9.631965156E0
1.642662796E1,-4.587582729E0,-2.405038735E-1,4.335306364E0,6.316536921E0
1.643659496E1,-2.841705584E0,-4.165731847E-2,1.872287223E0,3.403305071E0
1.644656196E1,-1.243128280E0,2.603961012E-1,-1.110760474E-1,1.274955662E0
1.645652896E1,3.888272694E-1,4.569277436E-2,-2.006872585E0,2.044703413E0
1.646649596E1,1.497331595E0,-5.252644452E-1,-3.991093642E0,4.294966019E0
1.647646296E1,2.034731644E0,-1.198825974E0,-6.154749960E0,6.592288195E0
1.648642996E1,2.330639056E0,-1.802093153E0,-8.342137787E0,8.847071888E0
1.649639696E1,2.694975555E0,-2.346473608E0,-1.017806702E1,1.078711639E1
1.650636396E1,3.159562566E0,-2.771244881E0,-1.138294077E1,1.213400076E1
1.651633096E1,3.431619769E0,-3.102199919E0,-1.181587797E1,1.268915406E1
1.652629796E1,3.581150030E0,-3.282685339E0,-1.178802418E1,1.274983030E1
1.653626508E1,3.723228015E0,-3.411766718E0,-1.141287618E1,1.248023724E1
1.654623208E1,4.077539463E0,-3.563405485E0,-1.080931956E1,1.208989562E1
1.655619908E1,4.664625642E0,-3.804709843E0,-1.024770385E1,1.188486363E1
1.656616608E1,5.190746412E0,-4.102882465E0,-9.788851790E0,1.181520682E1
1.657613308E1,5.709290360E0,-4.327886832E0,-9.338284648E0,1.176988364E1
1.658610008E1,6.197746875E0,-4.312128293E0,-8.930056025E0,1.169411892E1
1.659606708E1,6.625808669E0,-4.078793398E0,-8.741270481E0,1.170246580E1
1.660603408E1,6.687610815E0,-3.855425960E0,-8.728732882E0,1.165243431E1
1.661600108E1,6.387723497E0,-3.737783197E0,-8.908673927E0,1.158181790E1
1.662596808E1,5.948085385E0,-3.646145926E0,-9.230612850E0,1.157057965E1
1.663593508E1,5.441497239E0,-3.567827734E0,-9.634494653E0,1.162595261E1
1.664590208E1,4.971896240E0,-3.526063119E0,-1.003784611E1,1.174356113E1
1.665586908E1,4.612733942E0,-3.558844657E0,-1.032804693E1,1.185796117E1
1.666583608E1,4.285949724E0,-3.568901576E0,-1.037374526E1,1.177798855E1
1.667580308E1,4.018423528E0,-3.534519947E0,-1.014973609E1,1.147421900E1
1.668577008E1,3.764863407E0,-3.508015981E0,-9.541515738E0,1.084070547E1
1.669573708E1,3.450515631E0,-3.525280762E0,-8.811424790E0,1.009826071E1
1.670570408E1,2.991071246E0,-3.400677766E0,-8.216572339E0,9.382066802E0
1.671567108E1,2.334287426E0,-2.998063931E0,-7.763044167E0,8.643039966E0
1.672563808E1,1.792574471E0,-2.332324808E0,-7.156442905E0,7.737424461E0
1.673560508E1,1.327278777E0,-1.544237959E0,-6.299294300E0,6.620230246E0
1.674557208E1,8.091593367E-1,-6.003184283E-1,-5.404941031E0,5.498045889E0
1.675553908E1,2.551520258E-2,6.049640411E-1,-4.305693725E0,4.348060598E0
1.676550608E1,-1.042321739E0,2.251360752E0,-2.608043538E0,3.599576494E0
1.677547308E1,-1.505398999E0,3.877623452E0,-7.635089546E-1,4.229082135E0
1.678544008E1,-6.577155742E-1,4.058930115E0,9.478634781E-1,4.219709543E0
1.679540708E1,1.144600358E0,2.529096771E0,2.601934952E0,3.804800382E0
1.680537408E1,1.746387607E0,1.208883770E0,4.438022647E0,4.920092952E0
1.681534108E1,-2.991501309E-1,1.650363462E0,6.707135838E0,6.913672071E0
1.682530808E1,-2.991345188E0,2.703532662E0,9.089810143E0,9.943937013E0
1.683527508E1,-3.397841282E0,1.698532532E0,1.083045140E1,1.147732615E1
1.684524208E1,-3.268623371E0,-5.287344754E-3,1.169723446E1,1.214533741E1
1.685520908E1,-4.126634440E0,-1.722013780E-1,1.188212693E1,1.257949544E1
1.686517508E1,-4.995193301E0,6.756557089E-1,1.229076778E1,1.328425532E1
1.687514208E1,-4.393499023E0,8.617620581E-1,1.327289770E1,1.400768649E1
1.688511008E1,-2.794316533E0,3.677672066E-1,1.447373453E1,1.474559082E1
1.689507608E1,-1.641864241E0,2.408646467E-1,1.592386740E1,1.601009953E1
1.690504308E1,-9.089455801E-1,3.673611175E-1,1.732441354E1,1.735213073E1
1.691501008E1,-4.413224021E-1,4.185286398E-1,1.847076719E1,1.848077845E1
1.692497708E1,-2.981796393E-1,4.318700856E-1,1.857027042E1,1.857768464E1
1.693494408E1,-4.375468549E-1,6.068402664E-1,1.695201958E1,1.696851997E1
1.694491108E1,-5.110387543E-1,1.000486080E0,1.414141621E1,1.418597143E1
1.695487808E1,-1.592074031E-1,1.299721142E0,1.069105612E1,1.077094717E1
1.696484508E1,5.147631383E-1,1.662117535E0,7.218053262E0,7.424817081E0
1.697481208E1,1.207360570E0,1.999740883E0,3.890153158E0,4.537617738E0
1.698477908E1,1.725347717E0,2.113301266E0,1.094937324E0,2.939686161E0
1.699474608E1,1.852708991E0,1.898132647E0,-1.052494724E0,2.853626341E0
1.700471308E1,1.616725015E0,1.463243498E0,-2.532106918E0,3.341623370E0
1.701468008E1,1.179049813E0,8.780231649E-1,-3.480380870E0,3.778112510E0
1.702464708E1,7.325961873E-1,2.137870681E-1,-4.108754824E0,4.179027194E0
1.703461408E1,3.222337689E-1,-5.158185607E-1,-4.630754476E0,4.670523569E0
1.704458108E1,7.974432707E-3,-1.230312061E0,-5.256608865E0,5.398672810E0
1.705454808E1,-2.817559800E-1,-1.918929000E0,-5.933440449E0,6.242386603E0
1.706451508E1,-5.777328269E-1,-2.468777479E0,-6.630718576E0,7.098948253E0
1.707448208E1,-7.392269298E-1,-2.835151733E0,-7.286998951E0,7.853973231E0
1.708444908E1,-7.445341551E-1,-3.053161952E0,-7.729595169E0,8.344026036E0
1.709441608E1,-6.247532116E-1,-3.199985245E0,-8.039298209E0,8.675283156E0
1.710438308E1,-4.251859872E-1,-3.221327582E0,-8.264316609E0,8.880127450E0
1.711435008E1,-2.642909315E-1,-3.185130101E0,-8.315621833E0,8.908673859E0
1.712431708E1,-2.131757417E-1,-3.084407426E0,-8.123798661E0,8.692244690E0
1.713428408E1,-2.010657196E-1,-2.971034885E0,-7.745525908E0,8.298231577E0
1.714425108E1,-1.872757924E-1,-2.825276078E0,-7.344599873E0,7.871493151E0
1.715421808E1,-1.382813877E-1,-2.594088280E0,-7.010540257E0,7.476368800E0
1.716418508E1,-6.721052796E-2,-2.434337671E0,-6.629874238E0,7.062984466E0
1.717415208E1,5.089460358E-2,-2.257498866E0,-6.194651944E0,6.593375774E0
1.718411908E1,2.022278537E-1,-2.023012655E0,-5.798835205E0,6.144913836E0
1.719408608E1,4.317496330E-1,-1.886633074E0,-5.476889266E0,5.808795756E0
1.720405308E1,6.477389087E-1,-1.849211771E0,-5.051983799E0,5.418642835E0
1.721402008E1,8.076168412E-1,-1.792172182E0,-4.434167578E0,4.850357533E0
1.722398708E1,8.912530750E-1,-1.673885056E0,-3.645813219E0,4.109522752E0
1.723395408E1,8.361851674E-1,-1.362685422E0,-2.702224640E0,3.139766743E0
1.724392108E1,8.454087116E-1,-6.079025593E-1,-1.389910058E0,1.736695535E0
1.725388808E1,9.858378547E-1,4.041162765E-1,2.289816427E-1,1.089779259E0
1.726385508E1,1.046611841E0,1.316321387E0,1.909211220E0,2.544245629E0
1.727382208E1,1.077155137E0,1.861383335E0,3.438665079E0,4.055789521E0
1.728378908E1,1.171729173E0,2.017773842E0,4.735471677E0,5.279114749E0
1.729375608E1,1.287807294E0,1.964623529E0,6.168030741E0,6.600211849E0
1.730372308E1,1.630453692E0,1.698052768E0,7.665383971E0,8.018720214E0
1.731369008E1,2.070114754E0,1.318435740E0,9.250613251E0,9.570657940E0
1.732365708E1,2.454873385E0,9.683339953E-1,1.066011733E1,1.098190218E1
1.733362408E1,2.737585092E0,4.351910117E-1,1.177211507E1,1.209406700E1
1.734359108E1,2.506372737E0,-2.239509907E-1,1.274274585E1,1.298882713E1
1.735355808E1,1.760755677E0,-6.627242991E-1,1.341941138E1,1.355064817E1
1.736352508E1,4.345540307E-1,-7.416219494E-1,1.381196069E1,1.383868124E1
1.737349208E1,-1.271718680E0,-2.694575313E-1,1.365819646E1,1.371992006E1
1.738345908E1,-2.636983162E0,6.179384279E-1,1.261562505E1,1.290308194E1
1.739342608E1,-3.655238054E0,1.862139088E0,1.090546650E1,1.165150320E1
1.740339308E1,-4.196316293E0,3.150046223E0,8.919400644E0,1.034831240E1
1.741336008E1,-4.160295691E0,4.204427259E0,7.265232691E0,9.368504409E0
1.742332708E1,-3.813262565E0,4.683442567E0,5.895675037E0,8.440058638E0
1.743329408E1,-3.686088548E0,4.846039893E0,4.760966122E0,7.729045856E0
1.744326108E1,-3.861918708E0,5.084934028E0,4.064839311E0,7.569272673E0
1.745322808E1,-3.877147489E0,5.170829626E0,3.406659175E0,7.305824964E0
1.746319508E1,-3.376592208E0,4.641349923E0,2.191636414E0,6.143840348E0
1.747316208E1,-2.435587513E0,3.531625868E0,3.233972186E-1,4.302214961E0
1.748312908E1,-7.575132928E-1,2.010262509E0,-1.889668656E0,2.861088844E0
1.749309608E1,1.044212728E0,3.232013369E-1,-3.829132200E0,3.982096525E0
1.750306308E1,2.342056621E0,-1.001971858E0,-4.985212689E0,5.598349969E0
1.751303008E1,3.541473456E0,-1.664515478E0,-4.880339368E0,6.255426314E0
1.752299708E1,4.787367762E0,-2.051805806E0,-3.714507478E0,6.397371566E0
1.753296408E1,5.686045339E0,-2.563602068E0,-2.263544887E0,6.635269596E0
1.754293058E1,5.695755810E0,-3.258794493E0,-1.346313803E0,6.698801136E0
1.755289758E1,4.552962534E0,-3.926782164E0,-1.036606085E0,6.101117781E0
1.756286458E1,3.067958916E0,-4.295589444E0,-1.167650374E0,5.406280420E0
1.757283158E1,1.784837581E0,-4.608855776E0,-1.762164856E0,5.247134622E0
1.758279858E1,9.675305148E-1,-4.865079597E0,-2.709000978E0,5.651884737E0
1.759276558E1,6.801117258E-1,-5.142350762E0,-3.738502112E0,6.393959756E0
1.760273258E1,7.062625207E-1,-5.505586815E0,-4.901456003E0,7.405036386E0
1.761269958E1,7.517317852E-1,-5.828720909E0,-6.076647531E0,8.453681643E0
1.762266658E1,7.778488125E-1,-6.050372483E0,-7.076202734E0,9.342628168E0
1.763263358E1,7.603406408E-1,-6.140438315E0,-7.823950519E0,9.974833448E0
1.764260058E1,5.938309791E-1,-6.120174204E0,-8.232977872E0,1.027575263E1
1.765256758E1,2.786526433E-1,-5.956363873E0,-8.404981906E0,1.030532089E1
1.766253458E1,-1.994379278E-2,-5.687654493E0,-8.498365449E0,1.022604648E1
1.767250158E1,-1.568802843E-1,-5.399052885E0,-8.573743075E0,1.013328445E1
1.768246858E1,-2.337667117E-1,-5.165249044E0,-8.616548202E0,1.004884807E1
1.769243558E1,-3.061286731E-1,-4.938918529E0,-8.642272443E0,9.958689872E0
1.770240258E1,-2.252871526E-1,-4.694051170E0,-8.683932100E0,9.873983361E0
1.771236958E1,-1.506508069E-1,-4.413147714E0,-8.734122845E0,9.786902998E0
1.772233658E1,-8.359917708E-2,-4.136716501E0,-8.758881125E0,9.686971188E0
1.773230358E1,-4.855396315E-2,-3.814562693E0,-8.687196016E0,9.487919722E0
1.774227058E1,-6.128949121E-2,-3.478532273E0,-8.364165418E0,9.058874450E0
1.775223758E1,-1.780659161E-1,-3.160045546E0,-7.794919093E0,8.412987519E0
1.776220458E1,-2.776686300E-1,-2.965513067E0,-7.154433217E0,7.749663365E0
1.777217158E1,-5.655512495E-1,-2.817703056E0,-6.600652193E0,7.199160236E0
1.778213858E1,-1.030712457E0,-2.547690040E0,-6.109205997E0,6.698917123E0
1.779210558E1,-1.500800456E0,-2.070494969E0,-5.595993540E0,6.152600680E0
1.780207258E1,-2.155350055E0,-1.307172249E0,-5.255793178E0,5.829030372E0
1.781203958E1,-2.958674748E0,-1.797413626E-1,-5.132749634E0,5.927156319E0
1.782200658E1,-3.718641459E0,1.205221658E0,-4.792142306E0,6.184293123E0
1.783197358E1,-4.299644195E0,2.621329874E0,-3.618832996E0,6.201150117E0
1.784194058E1,-3.889390681E0,3.619235870E0,-1.512069502E0,5.523819542E0
1.785190758E1,-2.199480746E0,3.598388499E0,1.084446834E0,4.354553970E0
1.786187458E1,-8.713904489E-1,3.048914535E0,3.745150396E0,4.907275481E0
1.787184158E1,-1.336637099E0,3.303593813E0,6.210568650E0,7.160411564E0
1.788180858E1,-2.584410846E0,4.239336890E0,7.839839743E0,9.279776069E0
1.789177558E1,-2.942136483E0,4.142798775E0,8.282237155E0,9.716707317E0
1.790174258E1,-3.258761457E0,3.310511946E0,8.141570104E0,9.373589458E0
1.791170958E1,-4.511697564E0,3.408112501E0,7.973939787E0,9.775191121E0
1.792167658E1,-5.441430581E0,4.287600101E0,7.893644652E0,1.050249053E1
1.793164358E1,-4.775129247E0,4.610187480E0,8.467805561E0,1.075915512E1
1.794160958E1,-3.286393059E0,4.267287166E0,9.668547667E0,1.106756220E1
1.795157658E1,-1.828293795E0,4.046182892E0,1.149358413E1,1.232139319E1
1.796154358E1,-5.620584883E-1,3.673192514E0,1.359262696E1,1.409140733E1
1.797151058E1,1.153129399E-1,3.160644301E0,1.518768073E1,1.551349784E1
1.798147758E1,4.170570418E-2,2.926285266E0,1.565134973E1,1.592261389E1
1.799144458E1,-2.758133085E-1,2.918226049E0,1.456275020E1,1.485482446E1
1.800141158E1,-3.332250725E-1,2.761581188E0,1.241451123E1,1.272232128E1
1.801137858E1,3.152233958E-2,2.450741158E0,9.724851092E0,1.002895082E1
1.802134558E1,6.417365956E-1,2.277933423E0,6.834737871E0,7.232872756E0
1.803131258E1,1.267093971E0,2.229012693E0,4.074230524E0,4.813873604E0
1.804127958E1,1.642973166E0,2.018889198E0,1.603681338E0,3.057297541E0
1.805124658E1,1.773326899E0,1.590477448E0,-2.776146895E-1,2.398202810E0
1.806121358E1,1.584553780E0,1.028588383E0,-1.537831165E0,2.435924760E0
1.807118058E1,1.205167718E0,3.760984656E-1,-2.358432918E0,2.675086001E0
1.808114758E1,7.826033297E-1,-4.121284238E-1,-2.933354550E0,3.063802658E0
1.809111458E1,3.119819918E-1,-1.235963102E0,-3.400997316E0,3.632040790E0
1.810108158E1,-9.127489015E-2,-2.022915006E0,-3.748939392E0,4.260875825E0
1.811104858E1,-3.431913592E-1,-2.615083293E0,-4.061461374E0,4.842717154E0
1.812101558E1,-3.693797225E-1,-3.064836795E0,-4.404728016E0,5.378781912E0
1.813098258E1,-2.499044421E-1,-3.455481964E0,-4.817756034E0,5.934103221E0
1.814094958E1,-3.521456391E-2,-3.776924458E0,-5.261552685E0,6.476907834E0
1.815091658E1,3.361726539E-1,-3.865467968E0,-5.781359632E0,6.962684386E0
1.816088358E1,8.210680684E-1,-3.734275160E0,-6.220629369E0,7.301725378E0
1.817085058E1,1.291650961E0,-3.548490407E0,-6.357233191E0,7.394224788E0
1.818081758E1,1.649437994E0,-3.459032101E0,-6.291610474E0,7.366811463E0
1.819078458E1,1.983978836E0,-3.444875992E0,-6.196162280E0,7.361777613E0
1.820075158E1,2.016242310E0,-3.346874903E0,-5.982346560E0,7.145297407E0
1.821071858E1,1.936635977E0,-3.208072529E0,-5.871997322E0,6.965819464E0
1.822068558E1,1.973684374E0,-3.181595752E0,-5.932642304E0,7.015285186E0
1.823065258E1,2.124983418E0,-3.248843994E0,-6.102025616E0,7.232237444E0
1.824061958E1,2.366620190E0,-3.235030532E0,-6.295437477E0,7.463165996E0
1.825058658E1,2.661872713E0,-3.153627350E0,-6.489147545E0,7.690251469E0
1.826055358E1,3.110223760E0,-3.098672293E0,-6.715799072E0,8.023541550E0
1.827052058E1,3.610870258E0,-3.059497410E0,-6.815355520E0,8.297468246E0
1.828048758E1,3.938636516E0,-2.835000582E0,-6.549419475E0,8.151379108E0
1.829045458E1,4.151544456E0,-2.426160340E0,-5.964389176E0,7.661299734E0
1.830042158E1,4.259775833E0,-1.914860215E0,-5.144163984E0,6.948007116E0
1.831038858E1,3.962618579E0,-1.257357480E0,-4.316546742E0,5.992985033E0
1.832035558E1,3.371771763E0,-3.957144123E-1,-3.514735016E0,4.886593594E0
1.833032258E1,2.700571632E0,6.383092502E-1,-2.743354540E0,3.902117370E0
1.834028958E1,1.938737028E0,1.847087770E0,-1.875408466E0,3.269188188E0
1.835025658E1,1.575739249E0,3.062232153E0,-1.026053030E0,3.593466956E0
1.836022358E1,2.186151141E0,3.961783304E0,-2.925595880E-2,4.525023721E0
1.837019058E1,3.316478738E0,4.600927537E0,1.825732276E0,5.958260129E0
1.838015758E1,4.119525980E0,5.190739396E0,4.727179155E0,8.140054824E0
1.839012458E1,3.951688086E0,5.571008973E0,8.795817987E0,1.113635460E1
1.840009158E1,2.567695996E0,5.105992191E0,1.356903110E1,1.472354658E1
1.841005858E1,7.692918509E-1,3.817297436E0,1.778645818E1,1.820773639E1
1.842002558E1,-7.915991248E-1,2.557782626E0,2.029061015E1,2.046650291E1
1.842999258E1,-1.856129612E0,1.795908553E0,2.155021734E1,2.170443209E1
1.843995958E1,-1.955240063E0,1.340439397E0,2.222968251E1,2.235572692E1
1.844992658E1,-1.578082813E0,1.227976098E0,2.253647890E1,2.262501164E1
1.845989358E1,-1.524521441E0,1.541304411E0,2.240195318E1,2.250660550E1
1.846986058E1,-1.575295884E0,2.116884440E0,2.117500619E1,2.133878263E1
1.847982758E1,-1.766812808E0,2.407596892E0,1.921224091E1,1.944295119E1
1.848979458E1,-1.904261844E0,2.523301303E0,1.654388977E1,1.684320490E1
1.849976158E1,-2.102960173E0,2.630049826E0,1.338324050E1,1.380038876E1
1.850972858E1,-2.487766019E0,2.443238595E0,9.786380172E0,1.038901494E1
1.851969558E1,-3.341834311E0,2.320867774E0,5.662249510E0,6.972471104E0
1.852966258E1,-4.022081254E0,2.487342096E0,1.932719366E0,5.108758407E0
1.853962975E1,-4.031645252E0,2.528736875E0,-6.548980933E-1,4.803911441E0
1.854959675E1,-3.684547514E0,2.490765641E0,-2.054916818E0,4.899233306E0
1.855956375E1,-2.722813856E0,2.247576434E0,-2.730661404E0,4.463387371E0
1.856953075E1,-1.174853851E0,1.532462544E0,-3.530945837E0,4.024462886E0
1.857949775E1,1.497568408E-1,4.450289521E-1,-4.664549628E0,4.688123411E0
1.858946475E1,7.387886810E-1,-8.322087684E-1,-6.095049888E0,6.195806105E0
1.859943175E1,7.794613284E-1,-2.228865051E0,-7.586935387E0,7.945878676E0
1.860939875E1,5.928260985E-1,-3.516872174E0,-9.027098170E0,9.706097776E0
1.861936575E1,3.033012155E-1,-4.330533574E0,-1.001593309E1,1.091624607E1
1.862933275E1,1.356419545E-1,-4.780771810E0,-1.048992944E1,1.152878127E1
1.863929975E1,5.901711702E-2,-5.031311553E0,-1.057425915E1,1.171036018E1
1.864926675E1,2.038754529E-1,-5.091263055E0,-1.031243253E1,1.150255578E1
1.865923375E1,7.344564790E-1,-4.907271059E0,-9.912812762E0,1.108533231E1
1.866920075E1,1.395734177E0,-4.590489672E0,-9.430266613E0,1.058067095E1
1.867916775E1,2.004878100E0,-4.346911040E0,-8.929914522E0,1.013205533E1
1.868913475E1,2.624099992E0,-4.160529580E0,-8.497067367E0,9.818149570E0
1.869910175E1,3.134211378E0,-4.035100664E0,-8.208434184E0,9.668697435E0
1.870906875E1,3.504705872E0,-4.079736262E0,-8.003548332E0,9.642821015E0
1.871903575E1,3.761358586E0,-4.288283640E0,-7.839391846E0,9.695012094E0
1.872900275E1,3.908952541E0,-4.480774857E0,-7.720793356E0,9.745147681E0
1.873896975E1,3.931112904E0,-4.574824104E0,-7.668695834E0,9.756616219E0
1.874893675E1,3.891681036E0,-4.618343469E0,-7.529217521E0,9.652118636E0
1.875890375E1,3.977453842E0,-4.707165013E0,-7.380632755E0,9.615158937E0
1.876887075E1,4.149801985E0,-4.883643630E0,-7.225714869E0,9.658249685E0
1.877883775E1,4.241565557E0,-5.031308044E0,-7.126805123E0,9.700324235E0
1.878880475E1,4.409144126E0,-5.140702432E0,-7.171677825E0,9.864093281E0
1.879877175E1,4.536898187E0,-5.128398721E0,-7.153520467E0,9.902362025E0
1.880873875E1,4.476394123E0,-4.953887401E0,-7.036712978E0,9.700228567E0
1.881870575E1,4.361265662E0,-4.635712915E0,-6.904286408E0,9.390401653E0
1.882867275E1,4.147840829E0,-4.166555135E0,-6.659449455E0,8.883300754E0
1.883863975E1,3.938518403E0,-3.557030266E0,-6.266474463E0,8.211765567E0
1.884860675E1,3.619275046E0,-2.876840626E0,-5.817472036E0,7.430904705E0
1.885857375E1,2.972996918E0,-2.032853226E0,-5.198293414E0,6.324038055E0
1.886854075E1,2.057767920E0,-9.585328925E-1,-4.226889045E0,4.797893821E0
1.887850775E1,1.013063733E0,2.975718212E-1,-3.078704637E0,3.254730305E0
1.888847475E1,-6.276430517E-2,1.555887952E0,-1.579407792E0,2.217939506E0
1.889844175E1,-7.838201353E-1,2.625473503E0,-4.214731514E-2,2.740303179E0
1.890840875E1,-8.962232083E-1,3.065723818E0,9.704004014E-1,3.338196445E0
1.891837475E1,-1.146563560E0,2.875540790E0,1.769507790E0,3.565739846E0
1.892834175E1,-2.871629587E0,3.286173496E0,3.796130515E0,5.784098860E0
1.893830875E1,-5.557362741E0,4.858349452E0,6.802405692E0,1.003795613E1
1.894827575E1,-6.437137731E0,5.550921448E0,8.968934162E0,1.235683014E1
1.895824275E1,-5.248174841E0,4.537403386E0,9.546655440E0,1.180127106E1
1.896820975E1,-5.073205683E0,4.160353578E0,9.185027372E0,1.128763419E1
1.897817675E1,-5.732955796E0,5.024443413E0,8.816846328E0,1.165541046E1
1.898814375E1,-5.516187233E0,5.421788614E0,9.417733691E0,1.218678880E1
1.899811075E1,-4.413989421E0,4.800661407E0,1.098561545E1,1.277549997E1
1.900807775E1,-3.524064834E0,4.060403028E0,1.302544938E1,1.409142424E1
1.901804475E1,-2.993978774E0,3.601728429E0,1.485195933E1,1.557295902E1
1.902801175E1,-2.830242118E0,3.141952799E0,1.615853370E1,1.670270485E1
1.903797875E1,-2.748733686E0,2.702852046E0,1.674411130E1,1.718214798E1
1.904794575E1,-2.376444389E0,2.422566349E0,1.584142867E1,1.620083881E1
1.905791275E1,-1.793665561E0,2.412733379E0,1.372277662E1,1.404824248E1
1.906787975E1,-1.102313586E0,2.346658380E0,1.104631540E1,1.134649658E1
1.907784675E1,7.856669784E-2,1.897485506E0,8.046499055E0,8.267573466E0
1.908781375E1,9.362675723E-1,1.521668292E0,5.206037466E0,5.504080073E0
1.909778075E1,1.453585067E0,1.185351650E0,2.560289328E0,3.173806787E0
1.910774775E1,1.780345604E0,6.696877483E-1,3.715531325E-1,1.938082526E0
1.911771475E1,1.849053019E0,-5.888116926E-2,-1.314844673E0,2.269643270E0
1.912768175E1,1.620117277E0,-9.645134246E-1,-2.476094685E0,3.112251761E0
1.913764875E1,1.309535693E0,-1.850364257E0,-3.266944635E0,3.976387665E0
1.914761575E1,1.053242876E0,-2.601085936E0,-3.889067915E0,4.795812533E0
1.915758275E1,8.911589348E-1,-3.291241570E0,-4.463736362E0,5.617061299E0
1.916754975E1,9.943459189E-1,-3.841866851E0,-5.097678620E0,6.460262535E0
1.917751675E1,1.273906854E0,-4.174058867E0,-5.793002023E0,7.252894494E0
1.918748375E1,1.576339758E0,-4.332404391E0,-6.432395055E0,7.913929553E0
1.919745075E1,1.871666541E0,-4.397202065E0,-6.960112115E0,8.442847996E0
1.920741775E1,2.169513181E0,-4.371880113E0,-7.352327553E0,8.824785754E0
1.921738475E1,2.405832202E0,-4.310616496E0,-7.534064863E0,9.007306840E0
1.922735175E1,2.488710929E0,-4.407256937E0,-7.418589370E0,8.980705097E0
1.923731875E1,2.309792855E0,-4.630901241E0,-7.086336544E0,8.774768085E0
1.924728575E1,1.940541771E0,-4.745434163E0,-6.611176012E0,8.366151805E0
1.925725275E1,1.795937497E0,-4.824815962E0,-6.311739514E0,8.145078039E0
1.926721975E1,1.644098170E0,-4.968907143E0,-6.170197134E0,8.091009187E0
1.927718675E1,1.721151901E0,-5.129751767E0,-6.186160033E0,8.218594345E0
1.928715375E1,1.974468193E0,-5.242273831E0,-6.231991094E0,8.379598592E0
1.929712075E1,2.264377823E0,-5.277522601E0,-6.275360477E0,8.506456421E0
1.930708775E1,2.797268207E0,-5.218782057E0,-6.396098464E0,8.716104126E0
1.931705475E1,3.329476806E0,-5.070189689E0,-6.443324085E0,8.849218302E0
1.932702175E1,3.486339475E0,-4.922038786E0,-6.165666127E0,8.625338691E0
1.933698875E1,3.190435280E0,-4.652169319E0,-5.484652614E0,7.867844110E0
1.934695575E1,2.411614222E0,-4.062530830E0,-4.522608469E0,6.540185568E0
1.935692275E1,9.472594607E-1,-2.895413137E0,-3.184659693E0,4.407127758E0
1.936688975E1,-1.286410540E0,-7.369935858E-1,-1.665051960E0,2.229441556E0
1.937685675E1,-3.604671917E0,2.394737695E0,-1.682664943E-1,4.330905434E0
1.938682375E1,-4.739573791E0,5.365047233E0,1.472047065E0,7.308502863E0
1.939679075E1,-4.093185443E0,6.940236259E0,3.042146090E0,8.612531523E0
1.940675775E1,-2.432051702E0,7.561357911E0,4.874455900E0,9.319298754E0
1.941672475E1,-3.305413467E-1,7.994878666E0,7.455580611E0,1.093677396E1
1.942669175E1,1.503894803E0,8.406927860E0,1.080830215E1,1.377525066E1
1.943665875E1,2.691093881E0,8.394374472E0,1.447216747E1,1.694553453E1
1.944662575E1,2.785455370E0,7.427246173E0,1.809540167E1,1.975768987E1
1.945659275E1,2.038906556E0,5.743267946E0,2.091232120E1,2.178227363E1
1.946655975E1,8.835119462E-1,4.543795854E0,2.248669103E1,2.295817823E1
1.947652675E1,2.992751151E-2,3.960179998E0,2.190201156E1,2.225717933E1
1.948649375E1,-2.078857657E-1,3.955153731E0,1.930337561E1,1.970550095E1
1.949646075E1,-7.245030561E-1,4.686301271E0,1.558693212E1,1.629229196E1
1.950642775E1,-1.476272556E0,5.997054647E0,1.144907629E1,1.300866607E1
1.951639475E1,-2.341895238E0,7.520567150E0,7.728040395E0,1.103476379E1
1.952636175E1,-2.851270460E0,8.277803212E0,4.414929069E0,9.805272456E0
1.953632875E1,-3.221582813E0,8.317964813E0,1.750582107E0,9.090196486E0
1.954629571E1,-3.669596769E0,7.621242755E0,-3.223160684E-1,8.464819503E0
1.955626271E1,-4.042282799E0,6.458228638E0,-1.774110718E0,7.822802325E0
1.956622971E1,-4.170782380E0,4.895365543E0,-2.521643325E0,6.907873371E0
1.957619671E1,-3.693802195E0,2.853355869E0,-2.839637132E0,5.463456178E0
1.958616371E1,-2.873205704E0,6.064989352E-1,-3.102843697E0,4.272094450E0
1.959613071E1,-1.724032239E0,-1.560268686E0,-3.535972688E0,4.232000518E0
1.960609771E1,-2.310594508E-1,-3.365174350E0,-4.287059233E0,5.454966887E0
1.961606471E1,7.078680199E-1,-4.831106982E0,-4.937497655E0,6.944030162E0
1.962603171E1,1.040945304E0,-6.167320304E0,-5.225740829E0,8.150323556E0
1.963599871E1,9.658579919E-1,-7.213241004E0,-5.323390499E0,9.016774027E0
1.964596571E1,6.734697273E-1,-7.684470452E0,-5.415564837E0,9.425125469E0
1.965593271E1,3.820950776E-1,-7.622222748E0,-5.496921242E0,9.405339941E0
1.966589971E1,4.105078679E-1,-7.528711152E0,-5.579444166E0,9.379776411E0
1.967586671E1,8.409319371E-1,-7.477555032E0,-5.694701557E0,9.436663690E0
1.968583371E1,1.418626903E0,-7.172966552E0,-5.774559320E0,9.317160876E0
1.969580071E1,1.890538137E0,-6.905417259E0,-5.862935307E0,9.253806373E0
1.970576771E1,2.316914763E0,-6.809987776E0,-6.011004934E0,9.374231054E0
1.971573471E1,2.698973004E0,-6.614094357E0,-6.167807377E0,9.437825347E0
1.972570171E1,2.901497165E0,-6.282375382E0,-6.376565255E0,9.409968687E0
1.973566871E1,2.903460660E0,-5.881116055E0,-6.576204400E0,9.287845507E0
1.974563571E1,2.889675264E0,-5.537122604E0,-6.830384034E0,9.255490042E0
1.975560271E1,2.859394581E0,-5.333047176E0,-6.929104915E0,9.199457836E0
1.976556971E1,2.648486097E0,-5.173899999E0,-6.936066025E0,9.049460299E0
1.977553671E1,2.432963868E0,-5.107523577E0,-7.086286258E0,9.067610666E0
1.978550371E1,2.313745865E0,-5.111190950E0,-7.374714788E0,9.266288958E0
1.979547071E1,2.121586478E0,-5.229967781E0,-7.682939651E0,9.533165993E0
1.980543771E1,2.010364250E0,-5.508029197E0,-7.926606576E0,9.859566008E0
1.981540471E1,1.923941233E0,-5.679670705E0,-7.998722041E0,9.996987720E0
1.982537171E1,1.768106504E0,-5.689992794E0,-7.849623889E0,9.854887813E0
1.983533871E1,1.492828362E0,-5.659937521E0,-7.483653678E0,9.500973720E0
1.984530571E1,1.197210681E0,-5.576675509E0,-6.999674376E0,9.029289259E0
1.985527271E1,1.120402533E0,-5.416888647E0,-6.469728357E0,8.512071984E0
1.986523971E1,1.191995549E0,-5.255424219E0,-5.864224618E0,7.964261892E0
1.987520571E1,1.155300178E0,-5.085067345E0,-5.398530729E0,7.505781933E0
1.988517271E1,1.064890529E0,-4.712075213E0,-5.056531763E0,6.993293796E0
1.989513971E1,7.607201251E-1,-4.152029482E0,-4.537690777E0,6.197473801E0
1.990510671E1,3.273481822E-1,-3.444270805E0,-4.088065036E0,5.355598375E0
1.991507371E1,-9.978858232E-3,-2.549313519E0,-3.751906269E0,4.536066539E0
1.992504071E1,-7.102264944E-1,-1.328399688E0,-3.364165120E0,3.686010629E0
1.993500771E1,-1.637178867E0,1.033635700E-1,-2.682017248E0,3.143923534E0
1.994497471E1,-1.887432973E0,1.413697701E0,-1.438402771E0,2.762235860E0
1.995494171E1,-1.230162080E0,2.228289101E0,2.677574533E-1,2.559348572E0
1.996490871E1,-1.182714848E-1,2.560495734E0,2.045622668E0,3.279435721E0
1.997487571E1,-3.571860851E-1,3.565361379E0,3.745263832E0,5.183279351E0
1.998484271E1,-2.753045423E0,6.215998374E0,5.264377475E0,8.598346649E0
1.999480971E1,-3.758208398E0,8.117054483E0,6.423711939E0,1.101248287E1
2.000477671E1,-2.247303515E0,7.322260001E0,6.778600507E0,1.022816159E1
2.001474371E1,-1.833744570E0,6.503886622E0,6.531007762E0,9.397724337E0
2.002471071E1,-2.640068153E0,6.384620379E0,7.452911357E0,1.016263868E1
2.003467771E1,-3.030162807E0,6.070754122E0,1.047960326E1,1.248431122E1
2.004464471E1,-2.896847751E0,5.867887899E0,1.414141621E1,1.558215286E1
2.005461171E1,-2.509239042E0,5.358213007E0,1.667522525E1,1.769378039E1
2.006457871E1,-2.417080930E0,4.606321301E0,1.790009180E1,1.864064813E1
2.007454571E1,-2.499685569E0,4.109608225E0,1.816031278E1,1.878654486E1
2.008451271E1,-2.564885531E0,3.821998305E0,1.787029205E1,1.845355377E1
2.009447971E1,-2.458244597E0,3.638250723E0,1.710311748E1,1.765775927E1
2.010444671E1,-2.018050708E0,3.497421703E0,1.560817389E1,1.612202156E1
2.011441371E1,-1.304093690E0,3.251311812E0,1.346627681E1,1.391446370E1
2.012438071E1,-3.275380705E-1,2.916447034E0,1.101818444E1,1.140233892E1
2.013434771E1,7.360722108E-1,2.589598204E0,8.459758038E0,8.877799683E0
2.014431471E1,1.526507740E0,2.247781086E0,6.006007903E0,6.592031297E0
2.015428171E1,2.016566392E0,1.795309798E0,3.765605711E0,4.633515259E0
2.016424871E1,2.266011389E0,1.125592521E0,1.857922368E0,3.139051077E0
2.017421571E1,2.350238045E0,3.302215040E-1,3.973013467E-1,2.406348577E0
2.018418271E1,2.404974416E0,-3.536618221E-1,-7.125463772E-1,2.533120796E0
2.019414971E1,2.371146227E0,-9.542848903E-1,-1.695868540E0,3.067403493E0
2.020411671E1,2.295349355E0,-1.631284289E0,-2.514020310E0,3.774919233E0
2.021408371E1,2.187745677E0,-2.356793944E0,-3.246857110E0,4.569769133E0
2.022405071E1,1.983905599E0,-3.000928482E0,-3.841877961E0,5.263219495E0
2.023401771E1,1.746774108E0,-3.523971278E0,-4.446287102E0,5.936249855E0
2.024398471E1,1.524738957E0,-3.949808207E0,-5.308002382E0,6.789749851E0
2.025395171E1,1.385511197E0,-4.393339394E0,-6.182384486E0,7.709925437E0
2.026391871E1,1.217004675E0,-4.856391512E0,-6.944580156E0,8.561123316E0
2.027388571E1,1.103889996E0,-5.157007978E0,-7.466511980E0,9.141231075E0
2.028385271E1,1.092662757E0,-5.283342335E0,-7.664997470E0,9.373356087E0
2.029381971E1,1.130852969E0,-5.274417729E0,-7.609872259E0,9.327832901E0
2.030378671E1,1.207898806E0,-5.054542540E0,-7.348688246E0,9.000591023E0
2.031375371E1,1.396653359E0,-4.750872073E0,-7.068415412E0,8.630406856E0
2.032372071E1,1.780791454E0,-4.472606589E0,-6.856466709E0,8.377742156E0
2.033368771E1,2.292762254E0,-4.284180649E0,-6.780272226E0,8.341645764E0
2.034365471E1,2.759585241E0,-4.194165103E0,-6.821614380E0,8.469991403E0
2.035362171E1,3.122557585E0,-4.064601329E0,-7.089178290E0,8.748016842E0
2.036358871E1,3.286529007E0,-3.934963295E0,-7.419197481E0,9.018298083E0
2.037355571E1,3.283744563E0,-3.926489511E0,-7.644344519E0,9.199798985E0
2.038352271E1,3.067375364E0,-4.037328746E0,-7.575169619E0,9.115481874E0
2.039348971E1,2.833806288E0,-4.075737936E0,-7.321306905E0,8.845543092E0
2.040345671E1,2.704061251E0,-3.896481600E0,-6.896431843E0,8.369903719E0
2.041342371E1,2.711593634E0,-3.477530352E0,-6.171788746E0,7.585310390E0
2.042339071E1,2.948145959E0,-3.022282514E0,-5.071366149E0,6.598826472E0
2.043335771E1,3.329782030E0,-2.587985249E0,-3.713441530E0,5.619142641E0
2.044332471E1,3.143413726E0,-1.820192624E0,-1.742728711E0,4.028803098E0
2.045329171E1,2.748943893E0,-6.401420599E-1,4.526025581E-1,2.858552686E0
2.046325871E1,2.654847575E0,6.298866284E-1,2.591312900E0,3.762960983E0
2.047322571E1,2.453456897E0,2.010103172E0,4.010934414E0,5.113468528E0
2.048319271E1,2.244020596E0,3.538069500E0,4.563683404E0,6.195221581E0
2.049315971E1,2.370208626E0,4.675831831E0,4.959591944E0,7.216567362E0
2.050312671E1,3.034021092E0,5.197677117E0,5.987535380E0,8.489505953E0
2.051309371E1,3.831662291E0,5.232009628E0,8.108584206E0,1.038290415E1
2.052306071E1,3.990835195E0,5.464201393E0,1.075200515E1,1.270393157E1
2.053302771E1,3.063509770E0,6.219525999E0,1.321526988E1,1.492350340E1
2.054299521E1,1.425471654E0,7.027822872E0,1.461327716E1,1.627790321E1
2.055296221E1,-1.933526574E-1,7.712237125E0,1.437779575E1,1.631677043E1
2.056292921E1,-1.548900529E0,8.283100204E0,1.298722730E1,1.548150234E1
2.057289621E1,-2.542786857E0,8.462368820E0,1.191450881E1,1.483350839E1
2.058286321E1,-3.234859793E0,8.467019695E0,1.189540362E1,1.495511175E1
2.059283021E1,-3.611036904E0,7.960713385E0,1.253366696E1,1.528088193E1
2.060279721E1,-4.023476107E0,7.109968066E0,1.318117476E1,1.550752637E1
2.061276421E1,-4.319368316E0,6.578959608E0,1.345636578E1,1.558888810E1
2.062273121E1,-4.250210080E0,6.271501315E0,1.272598773E1,1.481036051E1
2.063269821E1,-4.109007716E0,5.966436287E0,1.085394083E1,1.304953401E1
2.064266521E1,-3.997427638E0,5.588003905E0,8.338253481E0,1.080424391E1
2.065263221E1,-3.992951887E0,4.951528049E0,5.756671518E0,8.579076976E0
2.066259921E1,-3.846113684E0,4.094553691E0,3.365595349E0,6.548678680E0
2.067256621E1,-3.669068180E0,3.095478544E0,1.365098568E0,4.990745719E0
2.068253321E1,-3.441229376E0,1.998069018E0,-3.735201359E-1,3.996730753E0
2.069250021E1,-3.091046939E0,8.069555211E-1,-1.844263272E0,3.688774243E0
2.070246721E1,-2.538793793E0,-5.707952517E-1,-3.051873518E0,4.010637495E0
2.071243421E1,-1.977793797E0,-1.967363534E0,-3.902520604E0,4.797067296E0
2.072240121E1,-1.625774897E0,-3.203733310E0,-4.461480507E0,5.728163706E0
2.073236821E1,-1.325571828E0,-4.241372598E0,-4.826432133E0,6.560550992E0
2.074233521E1,-1.000544698E0,-5.179518004E0,-5.111735911E0,7.345634109E0
2.075230221E1,-7.313865446E-1,-5.944258967E0,-5.385334733E0,8.054251742E0
2.076226921E1,-4.839350094E-1,-6.527650291E0,-5.643895100E0,8.642798350E0
2.077223621E1,-1.909491594E-1,-6.934182052E0,-5.819697486E0,9.054734736E0
2.078220321E1,2.173420291E-1,-7.130295326E0,-5.889837177E0,9.250866498E0
2.079217021E1,6.950728503E-1,-7.222607074E0,-5.908539496E0,9.357351024E0
2.080213621E1,1.053315381E0,-7.231478469E0,-5.863216558E0,9.369154847E0
2.081210421E1,1.299811189E0,-7.142666280E0,-5.802255242E0,9.293726734E0
2.082207021E1,1.472837317E0,-6.958842099E0,-5.814177715E0,9.186914369E0
2.083203721E1,1.453475285E0,-6.716032961E0,-5.920231004E0,9.070106079E0
2.084200421E1,1.292412268E0,-6.506609670E0,-6.065477010E0,8.988676778E0
2.085197121E1,1.178765639E0,-6.411572535E0,-6.200272288E0,8.996728697E0
2.086193821E1,1.160953120E0,-6.440458950E0,-6.372780937E0,9.134531214E0
2.087190521E1,1.192612723E0,-6.551837883E0,-6.615440971E0,9.386850590E0
2.088187221E1,1.105807005E0,-6.664887366E0,-6.917977079E0,9.669640096E0
2.089183921E1,9.250027652E-1,-6.756227891E0,-7.217090226E0,9.929181072E0
2.090180621E1,8.095192328E-1,-6.753984314E0,-7.518694287E0,1.013915131E1
2.091177321E1,7.244426836E-1,-6.686118606E0,-7.881532145E0,1.036086619E1
2.092174021E1,6.642986619E-1,-6.559453881E0,-8.173720434E0,1.050130628E1
2.093170721E1,6.634142706E-1,-6.437100894E0,-8.347468693E0,1.056203674E1
2.094167421E1,7.564089730E-1,-6.319283007E0,-8.391453204E0,1.053195039E1
2.095164121E1,9.457742679E-1,-6.186231369E0,-8.189768118E0,1.030709704E1
2.096160821E1,1.124559026E0,-6.054974241E0,-7.763134214E0,9.909268332E0
2.097157521E1,1.210296457E0,-5.852455342E0,-7.263368599E0,9.405986097E0
2.098154221E1,1.025753068E0,-5.489675372E0,-6.806214568E0,8.804161618E0
2.099150921E1,6.199194646E-1,-5.009328361E0,-6.368949257E0,8.126572795E0
2.100147621E1,1.500009620E-1,-4.423200540E0,-6.063457382E0,7.506844792E0
2.101144321E1,-3.520026746E-1,-3.596907692E0,-5.854546891E0,6.880215849E0
2.102141021E1,-8.463064054E-1,-2.365693991E0,-5.531439110E0,6.075323960E0
2.103137721E1,-1.388305143E0,-5.393641287E-1,-4.954455750E0,5.173483992E0
2.104134421E1,-1.763894316E0,1.859162562E0,-4.177485920E0,4.900938401E0
2.105131121E1,-1.341304639E0,4.234186955E0,-3.388364407E0,5.586452422E0
2.106127821E1,4.493683170E-1,5.635147666E0,-2.347499794E0,6.121076407E0
2.107124521E1,2.704204215E0,5.986950658E0,-8.160257220E-1,6.619833578E0
2.108121221E1,3.316998263E0,6.363170453E0,1.116909991E0,7.262224426E0
2.109117921E1,9.961824562E-1,8.148077470E0,3.247789741E0,8.827892396E0
2.110114621E1,-1.024784404E0,9.560736705E0,5.101051878E0,1.088478754E1
2.111111321E1,-3.604684196E-2,7.797612906E0,6.061137791E0,9.876307899E0
2.112108021E1,7.994900154E-1,5.179784637E0,6.124429808E0,8.060892856E0
2.113104721E1,2.238078801E-1,4.468900916E0,7.069466157E0,8.366511645E0
2.114101421E1,2.622937785E-1,4.649224661E0,9.698125808E0,1.075814725E1
2.115098121E1,1.353800870E0,4.408001288E0,1.363586127E1,1.439444215E1
2.116094821E1,2.017287207E0,3.790901935E0,1.666508384E1,1.720945684E1
2.117091521E1,1.584230137E0,3.106773318E0,1.769097549E1,1.803142921E1
2.118088221E1,6.728923879E-1,2.383236515E0,1.766023551E1,1.783301765E1
2.119084921E1,2.159057519E-1,1.477383819E0,1.716793620E1,1.723273953E1
2.120081621E1,8.443196677E-4,8.547775590E-1,1.637391823E1,1.639621431E1
2.121078321E1,-1.370692051E-1,7.842493209E-1,1.523801824E1,1.525880188E1
2.122075021E1,-1.286759838E-1,9.771124202E-1,1.362302897E1,1.365863187E1
2.123071721E1,-4.021369575E-2,1.068193914E0,1.149123588E1,1.154084735E1
2.124068421E1,8.822330140E-2,9.743148199E-1,9.003057343E0,9.056054010E0
2.125065121E1,2.199730203E-1,9.540179649E-1,6.489190230E0,6.562631198E0
2.126061821E1,3.626016666E-1,8.998695320E-1,4.166433513E0,4.277898241E0
2.127058521E1,6.160836911E-1,8.015176105E-1,2.032377555E0,2.269922493E0
2.128055221E1,8.475332974E-1,6.226027519E-1,1.309513181E-1,1.059761824E0
2.129051921E1,9.043203595E-1,2.712482411E-1,-1.343636947E0,1.642172697E0
2.130048621E1,6.905422814E-1,-1.020578867E-1,-2.241159407E0,2.347351687E0
2.131045321E1,3.370289786E-1,-4.237830940E-1,-2.859610636E0,2.910421555E0
2.132042021E1,-1.395182931E-1,-8.633495772E-1,-3.480689018E0,3.588876410E0
2.133038721E1,-6.183498526E-1,-1.415981915E0,-4.280171213E0,4.550519414E0
2.134035421E1,-9.957095627E-1,-1.957764160E0,-5.163786070E0,5.611502884E0
2.135032121E1,-1.129798497E0,-2.457299979E0,-5.979838690E0,6.563020538E0
2.136028821E1,-1.012730734E0,-2.914572709E0,-6.621151362E0,7.304793151E0
2.137025521E1,-6.822749032E-1,-3.177096904E0,-7.200406950E0,7.899702781E0
2.138022221E1,-3.606102512E-1,-3.345178626E0,-7.613092906E0,8.323427382E0
2.139018921E1,-2.322814823E-1,-3.599060637E0,-7.792222942E0,8.586380526E0
2.140015621E1,-3.198898759E-1,-3.763575557E0,-7.655582868E0,8.536672628E0
2.141012321E1,-4.647375406E-1,-3.659720237E0,-7.166673778E0,8.060443303E0
2.142009021E1,-5.166658223E-1,-3.468430915E0,-6.591568544E0,7.466306480E0
2.143005721E1,-5.030810227E-1,-3.430260292E0,-6.097656577E0,7.014356129E0
2.144002421E1,-3.675251684E-1,-3.430897638E0,-5.757127016E0,6.711977714E0
2.144999121E1,-2.155148838E-1,-3.418938913E0,-5.435006830E0,6.424553618E0
2.145995821E1,4.054166973E-3,-3.338467777E0,-5.250452331E0,6.221947703E0
2.146992521E1,3.559330999E-1,-3.183662158E0,-5.091571203E0,6.015520794E0
2.147989221E1,7.767295823E-1,-3.110935659E0,-4.913788365E0,5.867413878E0
2.148985921E1,1.298792896E0,-3.055813957E0,-4.624607298E0,5.693141013E0
2.149982621E1,1.575419406E0,-2.881818361E0,-3.889694152E0,5.090829399E0
2.150979321E1,1.536343049E0,-2.337115139E0,-2.747278606E0,3.920458759E0
2.151976021E1,1.600839445E0,-1.707920821E0,-1.383915492E0,2.719357011E0
2.152972721E1,1.816252040E0,-1.227056916E0,1.067116857E-2,2.191929292E0
2.153969421E1,2.009267459E0,-7.029423255E-1,1.150035052E0,2.419476029E0
2.154966083E1,2.242239972E0,-5.005450487E-2,2.180935425E0,3.128358175E0
2.155962783E1,2.479064778E0,8.004721284E-1,3.337101282E0,4.233528407E0
2.156959483E1,2.796763885E0,1.541573383E0,4.484113909E0,5.505053521E0
2.157956183E1,3.013622495E0,1.911986309E0,5.772908651E0,6.787052857E0
2.158952883E1,2.602124986E0,2.542947655E0,7.375822835E0,8.224378379E0
2.159949583E1,1.761711989E0,3.536914675E0,8.641808758E0,9.502328829E0
2.160946283E1,1.361248322E0,4.161255219E0,9.596479565E0,1.054805489E1
2.161942983E1,8.010977805E-1,4.418197078E0,1.041491083E1,1.134163087E1
2.162939683E1,-4.071463402E-1,4.764470943E0,1.097618038E1,1.197257229E1
2.163936383E1,-2.361627252E0,5.186382635E0,1.103726040E1,1.242163295E1
2.164933083E1,-4.573625425E0,5.866077016E0,1.063053276E1,1.297448017E1
2.165929783E1,-5.755851738E0,6.703045710E0,9.685242637E0,1.310971304E1
2.166926483E1,-5.471058422E0,7.412488970E0,8.304001077E0,1.240297976E1
2.167923183E1,-4.007642432E0,8.185749911E0,6.905411997E0,1.143470220E1
2.168919883E1,-1.755695351E0,8.645544544E0,5.575608977E0,1.043625039E1
2.169916583E1,2.295888030E-1,8.453675179E0,4.499907823E0,9.579483570E0
2.170913283E1,1.439037925E0,7.543767148E0,3.991788876E0,8.655266106E0
2.171909983E1,2.167675547E0,6.173614247E0,3.919770475E0,7.627380332E0
2.172906683E1,2.598551753E0,4.223258509E0,3.981990112E0,6.359609178E0
2.173903283E1,2.237686746E0,2.137360804E0,4.051788325E0,5.098288126E0
2.174899983E1,1.554070491E0,3.700433815E-1,3.837990732E0,4.157191366E0
2.175896783E1,1.042538743E0,-1.111059267E0,3.060403436E0,3.418685262E0
2.176893383E1,8.855103052E-1,-1.967029658E0,1.890694842E0,2.868459720E0
2.177890083E1,1.214328477E0,-2.476289397E0,4.455835605E-1,2.793769414E0
2.178886783E1,1.560222054E0,-2.787938390E0,-1.125264493E0,3.387198474E0
2.179883483E1,1.775707300E0,-3.005230864E0,-2.747425956E0,4.442172705E0
2.180880183E1,1.764667318E0,-3.431991068E0,-4.143051082E0,5.661933036E0
2.181876883E1,1.417616504E0,-4.004565627E0,-5.197829729E0,6.712943938E0
2.182873583E1,8.001650034E-1,-4.577715552E0,-5.827115849E0,7.453255854E0
2.183870283E1,8.859474577E-2,-5.109936138E0,-6.175606978E0,8.016072474E0
2.184866983E1,-7.132541826E-1,-5.552602522E0,-6.500573004E0,8.578902942E0
2.185863683E1,-1.325020290E0,-5.882370282E0,-6.773825086E0,9.068774184E0
2.186860383E1,-1.667712443E0,-6.186856436E0,-6.933422499E0,9.440911232E0
2.187857083E1,-1.771231403E0,-6.343806814E0,-7.036972595E0,9.638471293E0
2.188853783E1,-1.730320189E0,-6.325051870E0,-7.189781975E0,9.731045882E0
2.189850483E1,-1.617960385E0,-6.242922463E0,-7.462717722E0,9.863266827E0
2.190847183E1,-1.483843092E0,-6.140225476E0,-7.934671640E0,1.014214836E1
2.191843883E1,-1.224214146E0,-6.011348750E0,-8.298506448E0,1.031989454E1
2.192840583E1,-9.513739271E-1,-5.962120457E0,-8.466727334E0,1.039891650E1
2.193837283E1,-7.800142557E-1,-6.014480519E0,-8.559326180E0,1.049020795E1
2.194833983E1,-6.792032877E-1,-5.979073289E0,-8.706883006E0,1.058397119E1
2.195830683E1,-6.474531991E-1,-5.933550961E0,-8.834143562E0,1.066153437E1
2.196827383E1,-6.492614505E-1,-5.961832189E0,-8.855523321E0,1.069510527E1
2.197824083E1,-6.062916514E-1,-5.931767560E0,-8.670298732E0,1.052271524E1
2.198820783E1,-4.872221313E-1,-5.719451067E0,-8.312812831E0,1.010209696E1
2.199817483E1,-2.921665637E-1,-5.375869260E0,-7.846417860E0,9.515860699E0
2.200814183E1,-5.668807510E-2,-4.962055961E0,-7.331954100E0,8.853404081E0
2.201810883E1,1.276028370E-1,-4.412058086E0,-6.804391991E0,8.110628176E0
2.202807583E1,4.087911985E-1,-3.604120817E0,-6.152387685E0,7.142035517E0
2.203804283E1,6.505365090E-1,-2.818122886E0,-5.276638502E0,6.017302405E0
2.204800983E1,7.313190092E-1,-2.086161999E0,-4.387841842E0,4.913253038E0
2.205797683E1,6.632403159E-1,-1.213899511E0,-3.544481556E0,3.804837611E0
2.206794383E1,7.131490789E-2,-1.958782160E-1,-2.747309012E0,2.755206144E0
2.207791083E1,-9.528819240E-1,1.134732304E0,-1.748371274E0,2.291812269E0
2.208787783E1,-1.677518808E0,2.390335327E0,-3.857922721E-1,2.945608257E0
2.209784483E1,-1.180186366E0,2.687497843E0,8.845854950E-1,3.065611850E0
2.210781183E1,7.571959717E-2,1.817429815E0,2.024874993E0,2.721930074E0
2.211777883E1,4.100523333E-1,1.028139317E0,3.677351346E0,3.840328930E0
2.212774583E1,-6.688316428E-1,1.626330528E0,6.339612606E0,6.578979765E0
2.213771283E1,-1.850330489E0,2.848658801E0,9.542478189E0,1.012904092E1
2.214767983E1,-1.976104975E0,3.262692540E0,1.168503132E1,1.229187172E1
2.215764683E1,-1.866092682E0,2.830339474E0,1.150578142E1,1.199483762E1
2.216761383E1,-2.955417849E0,3.047846541E0,9.532685857E0,1.043532284E1
2.217758083E1,-4.137772509E0,4.481996047E0,7.677033378E0,9.805421531E0
2.218754783E1,-3.458413758E0,5.814309862E0,7.120528137E0,9.821850429E0
2.219751483E1,-1.173932476E0,6.458335642E0,7.600093376E0,1.004239195E1
2.220748183E1,1.515581779E0,7.077821243E0,8.103633953E0,1.086560743E1
2.221744883E1,3.453939761E0,7.746426380E0,9.173018360E0,1.249324167E1
2.222741583E1,4.214991716E0,7.729555408E0,1.051657988E1,1.371534303E1
2.223738283E1,3.759479875E0,7.217188459E0,1.117446414E1,1.382353598E1
2.224734983E1,2.899607053E0,6.612212723E0,1.114767922E1,1.328155978E1
2.225731683E1,2.542911695E0,6.046512735E0,1.015135577E1,1.208622109E1
2.226728383E1,2.760702059E0,5.606416202E0,8.442379528E0,1.050367320E1
2.227725083E1,3.068288699E0,5.130535879E0,6.289738196E0,8.677419001E0
2.228721783E1,3.174439637E0,4.495982003E0,3.817217329E0,6.697915296E0
2.229718483E1,2.828481229E0,3.638772002E0,1.338196113E0,4.799139150E0
2.230715183E1,2.115571447E0,2.665181944E0,-6.577263916E-1,3.465752639E0
2.231711883E1,1.366686233E0,1.656641325E0,-1.922428851E0,2.882364381E0
2.232708583E1,6.673286891E-1,5.901910508E-1,-2.723547682E0,2.865547946E0
2.233705283E1,6.097132958E-2,-4.709148681E-1,-3.223366506E0,3.258154378E0
2.234701983E1,-4.755631487E-1,-1.542807146E0,-3.457655082E0,3.815991727E0
2.235698683E1,-9.462839989E-1,-2.451210689E0,-3.551160246E0,4.417536230E0
2.236695383E1,-1.262255107E0,-3.115425151E0,-3.586629456E0,4.915594845E0
2.237692083E1,-1.413838618E0,-3.674051762E0,-3.517261013E0,5.279083351E0
2.238688783E1,-1.479952940E0,-4.098544416E0,-3.429955067E0,5.545531426E0
2.239685483E1,-1.499940038E0,-4.357095428E0,-3.480258079E0,5.774625268E0
2.240682183E1,-1.412038699E0,-4.549947710E0,-3.719458315E0,6.044025779E0
2.241678883E1,-1.212051572E0,-4.662842826E0,-4.045214885E0,6.290861285E0
2.242675583E1,-7.129819217E-1,-4.747958406E0,-4.375154554E0,6.495646974E0
2.243672283E1,-8.146823242E-2,-4.715511037E0,-4.583046459E0,6.576244844E0
2.244668983E1,2.989085678E-1,-4.604042056E0,-4.732294884E0,6.609172752E0
2.245665683E1,4.665896827E-1,-4.390092435E0,-4.781260638E0,6.507770034E0
2.246662383E1,5.075638271E-1,-4.207155862E0,-4.797623486E0,6.401169627E0
2.247659083E1,4.935662507E-1,-4.083276166E0,-5.000133029E0,6.474417519E0
2.248655783E1,4.615030436E-1,-3.966241806E0,-5.503205245E0,6.799215182E0
2.249652483E1,5.754410107E-1,-3.837676152E0,-6.138956046E0,7.262621561E0
2.250649183E1,7.402659801E-1,-3.709383563E0,-6.759586532E0,7.745936368E0
2.251645883E1,8.326707716E-1,-3.550006590E0,-7.151029553E0,8.027023799E0
2.252642583E1,1.035254794E0,-3.241800438E0,-7.289724923E0,8.044943258E0
2.253639283E1,1.409470456E0,-2.910258048E0,-7.206838887E0,7.899033841E0
2.254635988E1,1.880188858E0,-2.745671791E0,-6.487557102E0,7.291242753E0
2.255632687E1,2.143543065E0,-2.583383490E0,-5.382400015E0,6.343412099E0
2.256629387E1,2.048609718E0,-2.372662702E0,-4.274828612E0,5.300989506E0
2.257626087E1,2.026281541E0,-2.145529949E0,-3.110375496E0,4.287604386E0
2.258622788E1,2.079093008E0,-1.942742078E0,-2.127269095E0,3.552766291E0
2.259619488E1,2.218272235E0,-1.721140206E0,-1.444717180E0,3.157572335E0
2.260616188E1,2.584714901E0,-1.101227174E0,-5.208600301E-1,2.857402243E0
2.261612888E1,2.648700982E0,5.731353074E-1,1.048644918E0,2.905814367E0
2.262609587E1,2.172635010E0,3.246180587E0,2.793683864E0,4.802364087E0
2.263606287E1,2.250351522E0,5.519432437E0,4.409357842E0,7.414219647E0
2.264602988E1,2.165677846E0,6.233370452E0,6.186799718E0,9.045526987E0
2.265599588E1,1.187543917E0,5.684825610E0,8.358152141E0,1.017773108E1
2.266596288E1,-8.257474490E-1,5.299433872E0,1.097466946E1,1.221512292E1
2.267592987E1,-2.909090067E0,5.697138677E0,1.353144286E1,1.496730236E1
2.268589687E1,-3.192579746E0,6.144109197E0,1.529899651E1,1.679291331E1
2.269586387E1,-1.742102475E0,6.514732037E0,1.616851724E1,1.751849321E1
2.270583088E1,-5.552667646E-1,7.394998779E0,1.652101079E1,1.810906197E1
2.271579788E1,1.433651397E-1,8.366601368E0,1.670853801E1,1.868678181E1
2.272576488E1,1.308036467E0,8.525825728E0,1.651142486E1,1.862868258E1
2.273573188E1,2.246738966E0,8.379982136E0,1.592626593E1,1.813609337E1
2.274569887E1,2.400416365E0,8.437193633E0,1.495079716E1,1.733420234E1
2.275566587E1,2.430613579E0,8.513752981E0,1.354763848E1,1.618426336E1
2.276563288E1,2.460687564E0,8.334294916E0,1.200388467E1,1.481920046E1
2.277559988E1,2.511070390E0,7.609347764E0,9.958429230E0,1.278193885E1
2.278556688E1,2.052086034E0,6.184020537E0,7.338263830E0,9.813423619E0
2.279553388E1,9.313506487E-1,4.366237550E0,4.346348246E0,6.230745336E0
2.280550087E1,-1.653705328E-1,2.353566865E0,1.233185967E0,2.662211868E0
2.281546787E1,-8.660115221E-1,2.561010289E-1,-1.655050882E0,1.885406353E0
2.282543488E1,-1.331554699E0,-1.675650038E0,-4.043114566E0,4.574671175E0
2.283540188E1,-1.456427398E0,-2.875647209E0,-5.546747705E0,6.415367312E0
2.284536888E1,-1.228657153E0,-3.526932308E0,-6.175206444E0,7.216787687E0
2.285533588E1,-1.008370612E0,-3.961921299E0,-6.507183867E0,7.684860021E0
2.286530287E1,-7.853130756E-1,-4.462634162E0,-6.855441107E0,8.217596551E0
2.287526987E1,-6.213962520E-1,-4.998937274E0,-7.289118567E0,8.860403865E0
2.288523687E1,-6.339049812E-1,-5.476034988E0,-7.859978723E0,9.600419795E0
2.289520388E1,-6.790745759E-1,-5.802814236E0,-8.425583986E0,1.025301228E1
2.290517088E1,-6.632914060E-1,-5.970188445E0,-8.994113442E0,1.081559902E1
2.291513788E1,-7.234585972E-1,-5.957537994E0,-9.729828241E0,1.143176316E1
2.292510488E1,-7.075562172E-1,-5.630730094E0,-1.037274422E1,1.182368724E1
2.293507187E1,-3.312809464E-1,-5.178737985E0,-1.054899684E1,1.175629230E1
2.294503887E1,3.330278751E-1,-4.704576159E0,-1.031963981E1,1.134631703E1
2.295500588E1,9.692356360E-1,-4.263230075E0,-1.007312003E1,1.098099702E1
2.296497288E1,1.356698019E0,-3.856685450E0,-9.866677061E0,1.068016706E1
2.297493988E1,1.443816708E0,-3.472894680E0,-9.748286732E0,1.044866969E1
2.298490688E1,1.473266941E0,-3.212478406E0,-9.583724449E0,1.021461244E1
2.299487387E1,1.475874799E0,-3.170943294E0,-9.333275923E0,9.967102250E0
2.300484087E1,1.474107917E0,-3.283728483E0,-8.940077568E0,9.637471339E0
2.301480788E1,1.751007492E0,-3.405637667E0,-8.534889497E0,9.354610300E0
2.302477488E1,2.089766808E0,-3.499119442E0,-8.167391993E0,9.127828556E0
2.303474188E1,2.261259065E0,-3.639844966E0,-7.999084568E0,9.074531275E0
2.304470888E1,2.197304412E0,-3.799555814E0,-7.848368492E0,8.992311107E0
2.305467587E1,1.985117142E0,-3.965397468E0,-7.628845305E0,8.824077733E0
2.306464287E1,1.646734972E0,-4.273654199E0,-7.324860258E0,8.638832911E0
2.307460987E1,1.273382944E0,-4.515769565E0,-7.031939896E0,8.453511554E0
2.308457688E1,1.007606965E0,-4.716630486E0,-6.817816613E0,8.351317160E0
2.309454388E1,7.663866618E-1,-4.903639938E0,-6.641020786E0,8.290729173E0
2.310451088E1,4.776890867E-1,-5.027793868E0,-6.562058231E0,8.280549877E0
2.311447788E1,3.118619777E-1,-5.113467271E0,-6.526654510E0,8.297109407E0
2.312444487E1,1.690930713E-1,-5.208775132E0,-6.380283499E0,8.238200555E0
2.313441187E1,-1.491776741E-1,-5.126104859E0,-5.984574934E0,7.881265263E0
2.314437888E1,-6.261214601E-1,-4.506126922E0,-5.727728970E0,7.314648800E0
2.315434588E1,-1.370033033E0,-3.466850413E0,-5.619823283E0,6.743771647E0
2.316431288E1,-2.486577865E0,-2.251329761E0,-5.379407995E0,6.339525656E0
2.317427988E1,-3.166909885E0,-1.219539735E0,-4.979154974E0,6.025660100E0
2.318424687E1,-2.792017700E0,-1.061574866E0,-3.911206058E0,4.921365345E0
2.319421387E1,-1.819346240E0,-1.440882283E0,-2.143570547E0,3.159281118E0
2.320418087E1,-1.942184400E0,-7.380425763E-1,7.394423997E-1,2.205348533E0
2.321414788E1,-2.906718729E0,1.804282643E0,4.856188613E0,5.940287659E0
2.322411488E1,-2.287895032E0,4.822998648E0,9.343065332E0,1.076051344E1
2.323408188E1,1.317478551E0,5.800134457E0,1.288046883E1,1.418745174E1
2.324404887E1,4.908794843E0,5.323724960E0,1.500743563E1,1.666317612E1
2.325401587E1,6.034941680E0,5.696976124E0,1.657394446E1,1.853568701E1
2.326398287E1,5.702552029E0,6.776183853E0,1.808094969E1,2.013346739E1
2.327394988E1,5.254456505E0,6.633788949E0,1.939544704E1,2.116128150E1
2.328391688E1,4.219641714E0,6.065161845E0,2.058481865E1,2.187067267E1
2.329388388E1,2.827290151E0,6.238584999E0,2.139996261E1,2.246935496E1
2.330385088E1,2.270062486E0,6.539234794E0,2.156692868E1,2.265054499E1
2.331381787E1,2.448948694E0,6.729824204E0,2.072324329E1,2.192579978E1
2.332378487E1,2.677798482E0,6.940167847E0,1.902531127E1,2.042789767E1
2.333375188E1,2.718318809E0,6.897273842E0,1.668372009E1,1.825672916E1
2.334371888E1,2.534473578E0,6.415870823E0,1.376264060E1,1.539471438E1
2.335368588E1,2.304770974E0,5.662889196E0,1.046657566E1,1.212144749E1
2.336365288E1,1.926402473E0,4.776685776E0,7.200805146E0,8.853211182E0
2.337361987E1,1.380710926E0,3.816657751E0,4.208314780E0,5.846635984E0
2.338358687E1,7.696989633E-1,2.784251720E0,1.899151086E0,3.457060743E0
2.339355387E1,9.183194708E-2,1.612945375E0,3.775348341E-1,1.659083614E0
2.340352088E1,-5.503829142E-1,5.009990850E-1,-6.115351421E-1,9.632739306E-1
2.341348788E1,-1.014675664E0,-5.404023018E-1,-1.362126428E0,1.782411220E0
2.342345488E1,-1.303180062E0,-1.594626340E0,-2.137097095E0,2.967877260E0
2.343342087E1,-1.560135662E0,-2.513494061E0,-3.187690305E0,4.348913100E0
2.344338887E1,-1.764731930E0,-3.184887734E0,-4.581601027E0,5.852252270E0
2.345335488E1,-1.842495367E0,-3.694544499E0,-5.969724761E0,7.258240968E0
2.346332188E1,-1.851877955E0,-4.244400287E0,-7.184674432E0,8.547744290E0
2.347328888E1,-1.791406782E0,-4.716826660E0,-8.164018734E0,9.597332644E0
2.348325588E1,-1.618004678E0,-5.058659565E0,-8.747970221E0,1.023400990E1
2.349322287E1,-1.464073802E0,-5.285956040E0,-8.985934941E0,1.052767164E1
2.350318987E1,-1.378162271E0,-5.465476670E0,-8.938469583E0,1.056726100E1
2.351315687E1,-1.376432226E0,-5.621245326E0,-8.680947681E0,1.043320743E1
2.352312388E1,-1.430289321E0,-5.909717125E0,-8.236052338E0,1.023733570E1
2.353309088E1,-1.531114469E0,-6.239037573E0,-7.958804269E0,1.022802360E1
2.354305771E1,-1.652104470E0,-6.315898638E0,-7.814990246E0,1.018302987E1
2.355302471E1,-1.641595854E0,-6.271349287E0,-7.681807630E0,1.005160819E1
2.356299171E1,-1.442712169E0,-6.184938549E0,-7.637651212E0,9.933206899E0
2.357295871E1,-1.130004830E0,-5.847393408E0,-7.716512024E0,9.747485748E0
2.358292571E1,-7.570528246E-1,-5.412472245E0,-7.926304860E0,9.627787571E0
2.359289271E1,-5.491011315E-1,-4.970089450E0,-8.065673829E0,9.489910196E0
2.360285971E1,-3.892579899E-1,-4.455250298E0,-7.951352577E0,9.122761907E0
2.361282671E1,-2.158812484E-1,-3.961575143E0,-7.455208728E0,8.445165452E0
2.362279371E1,-2.700619141E-1,-3.650103906E0,-6.560892881E0,7.512756309E0
2.363276071E1,-3.485692627E-1,-3.292607480E0,-5.364553728E0,6.304062281E0
2.364272771E1,-7.200430193E-1,-2.469928211E0,-4.252799227E0,4.970443500E0
2.365269471E1,-1.127544907E0,-1.316980661E0,-3.313887836E0,3.740006440E0
2.366266171E1,-9.773364417E-1,-1.698206842E-1,-2.226459507E0,2.437446927E0
2.367262871E1,1.426455302E-1,9.430599904E-1,-8.936387390E-1,1.307019544E0
2.368259571E1,1.908681316E0,2.192027300E0,7.655332607E-1,3.005676168E0
2.369256271E1,3.282643239E0,3.571764080E0,3.480542838E0,5.970546351E0
2.370252971E1,3.778254992E0,4.853622270E0,8.015208850E0,1.010328822E1
2.371249671E1,3.792391513E0,5.733412464E0,1.319071508E1,1.487444843E1
2.372246371E1,3.632934726E0,5.745201620E0,1.702284339E1,1.832983234E1
2.373243071E1,3.453758497E0,4.954380906E0,1.919430282E1,2.012201776E1
2.374239771E1,3.932964717E0,4.184303481E0,2.023212162E1,2.103129459E1
2.375236471E1,4.862062434E0,4.026721897E0,2.055564572E1,2.150322560E1
2.376233171E1,5.625538936E0,4.130391276E0,2.048473303E1,2.164095903E1
2.377229871E1,5.275215874E0,4.031790848E0,1.981347969E1,2.089634459E1
2.378226571E1,3.351258561E0,3.780721056E0,1.864182163E1,1.931430298E1
2.379223271E1,1.017582023E0,3.642633211E0,1.696963490E1,1.738599317E1
2.380219971E1,-7.936063278E-1,3.683348835E0,1.464288278E1,1.511988379E1
2.381216671E1,-1.930891088E0,4.245975527E0,1.181832445E1,1.270548863E1
2.382213371E1,-2.361967706E0,5.217754701E0,9.238931099E0,1.087022095E1
2.383210071E1,-2.326591321E0,6.084968703E0,7.234426636E0,9.735337695E0
2.384206771E1,-2.230617900E0,6.518870696E0,5.535407615E0,8.838103238E0
2.385203471E1,-2.427703859E0,6.059981212E0,3.850738247E0,7.579267997E0
2.386200171E1,-2.915728118E0,4.816787151E0,2.226486404E0,6.054762640E0
2.387196871E1,-3.191634544E0,3.522161565E0,1.015354380E0,4.860359829E0
2.388193571E1,-2.766520916E0,2.530557405E0,7.539318001E-1,3.824365558E0
2.389190271E1,-1.716187176E0,1.473638093E0,9.938372111E-1,2.470752933E0
2.390186971E1,-6.949236001E-1,3.002475071E-1,6.509547311E-1,9.984034442E-1
2.391183671E1,-1.436134636E-1,-9.443177265E-1,-7.620161605E-1,1.221895832E0
2.392180371E1,-1.451083774E-1,-2.269922445E0,-2.789421244E0,3.599232588E0
2.393177071E1,-4.255984352E-1,-3.609435351E0,-4.697336721E0,5.939202796E0
2.394173771E1,-6.504376911E-1,-4.939873964E0,-6.347910390E0,8.069782543E0
2.395170471E1,-8.878183474E-1,-6.106487626E0,-7.424188664E0,9.653807014E0
2.396167171E1,-1.114819757E0,-6.865141638E0,-8.258754737E0,1.079722291E1
2.397163871E1,-1.127306048E0,-7.224278208E0,-8.984672527E0,1.158384025E1
2.398160571E1,-9.601268435E-1,-7.432713320E0,-9.310692807E0,1.195224127E1
2.399157271E1,-6.011424471E-1,-7.654923887E0,-9.309154989E0,1.206729458E1
2.400153971E1,-3.674609587E-2,-7.919530860E0,-9.340737555E0,1.224621155E1
2.401150671E1,4.774726667E-1,-8.210384231E0,-9.651055137E0,1.267995483E1
2.402147371E1,8.688070759E-1,-8.410751354E0,-1.006571979E1,1.314588449E1
2.403144071E1,1.159501402E0,-8.557784269E0,-1.041276023E1,1.352795959E1
2.404140771E1,1.406481944E0,-8.595263752E0,-1.062955978E1,1.374206286E1
2.405137471E1,1.688814898E0,-8.428332762E0,-1.079970674E1,1.380299078E1
2.406134171E1,1.965201526E0,-8.264342921E0,-1.104211593E1,1.393160813E1
2.407130871E1,2.147220379E0,-8.213374497E0,-1.128173599E1,1.411905248E1
2.408127571E1,2.177115439E0,-8.195128260E0,-1.143327594E1,1.423445670E1
2.409124271E1,2.273689953E0,-8.131387178E0,-1.133888317E1,1.413716361E1
2.410120971E1,2.425739633E0,-8.067915067E0,-1.096244761E1,1.382572689E1
2.411117671E1,2.625312120E0,-7.966215030E0,-1.042628951E1,1.338134368E1
2.412114371E1,2.826525920E0,-7.813274673E0,-9.719987962E0,1.278728571E1
2.413111071E1,2.954727877E0,-7.647482135E0,-8.874118052E0,1.208157155E1
2.414107771E1,2.968786923E0,-7.312885745E0,-8.041990852E0,1.126790178E1
2.415104471E1,2.888059679E0,-6.996909227E0,-7.231132314E0,1.046837628E1
2.416101171E1,2.734662069E0,-6.667348459E0,-6.288065307E0,9.564082675E0
2.417097871E1,2.433063417E0,-5.947024700E0,-5.307251015E0,8.333895470E0
2.418094571E1,2.052661985E0,-4.784940875E0,-4.463232332E0,6.857807467E0
2.419091271E1,1.729886325E0,-3.539093347E0,-3.814170345E0,5.483209265E0
2.420087971E1,1.289325231E0,-2.329618424E0,-3.205930694E0,4.167430043E0
2.421084671E1,5.350491759E-1,-9.363842243E-1,-2.360762449E0,2.595436837E0
2.422081271E1,-4.025239335E-1,9.922713268E-1,-1.101847563E0,1.536455647E0
2.423077971E1,-1.167298226E0,2.926059564E0,2.891149932E-1,3.163541875E0
2.424074771E1,-9.559098315E-1,3.986960245E0,1.428544366E0,4.341699507E0
2.425071371E1,1.032667986E-1,3.978910968E0,2.107609586E0,4.503822231E0
2.426068071E1,2.810170381E-1,4.373487512E0,2.944463675E0,5.279794497E0
2.427064771E1,-1.037198993E0,6.298703147E0,4.684795028E0,7.918127780E0
2.428061471E1,-2.634661233E0,8.919483674E0,6.802406276E0,1.152264553E1
2.429058171E1,-2.582583591E0,9.847357861E0,7.903051068E0,1.288791725E1
2.430054871E1,-1.231270419E0,7.937336217E0,7.916856928E0,1.127802982E1
2.431051571E1,-1.548775691E0,6.281001286E0,8.159189519E0,1.041259127E1
2.432048271E1,-3.025823880E0,6.342340917E0,9.517827498E0,1.183088918E1
2.433044971E1,-3.394943986E0,6.153533154E0,1.189779747E1,1.381843694E1
2.434041671E1,-2.761461320E0,5.092928342E0,1.436100489E1,1.548554323E1
2.435038371E1,-2.407420891E0,4.549654472E0,1.614170659E1,1.694254180E1
2.436035071E1,-2.261551279E0,4.500385541E0,1.727811880E1,1.799726294E1
2.437031771E1,-1.786692172E0,4.058747681E0,1.770301841E1,1.825000172E1
2.438028471E1,-1.115274159E0,3.402556769E0,1.735361454E1,1.771917511E1
2.439025171E1,-6.079159348E-1,3.042506571E0,1.640957689E1,1.670031801E1
2.440021871E1,-2.057474390E-2,2.997807531E0,1.486011152E1,1.515949167E1
2.441018571E1,6.339342903E-1,3.000998064E0,1.275041039E1,1.311414607E1
2.442015271E1,1.153613621E0,2.932983837E0,1.013083205E1,1.060975855E1
2.443011971E1,1.590450551E0,2.626406134E0,7.221817700E0,7.847432257E0
2.444008671E1,1.916165314E0,2.101974040E0,4.266054280E0,5.127299825E0
2.445005371E1,1.769344798E0,1.495896981E0,1.368222735E0,2.690784690E0
2.446002071E1,1.345461279E0,7.859265947E-1,-1.234985155E0,1.988249230E0
2.446998771E1,7.600596821E-1,-6.668690979E-2,-3.318577303E0,3.405156851E0
2.447995471E1,1.223217049E-1,-9.747530687E-1,-4.767682233E0,4.867843467E0
2.448992171E1,-3.764488600E-1,-1.925446014E0,-5.715974312E0,6.043295329E0
2.449988871E1,-6.750372197E-1,-2.795707585E0,-6.396869127E0,7.013671704E0
2.450985571E1,-7.959950615E-1,-3.576725442E0,-6.863011497E0,7.779942149E0
2.451982271E1,-7.384059808E-1,-4.208721746E0,-7.172999881E0,8.349281970E0
2.452978971E1,-4.366728424E-1,-4.632158977E0,-7.433879839E0,8.769843181E0
2.453975671E1,-1.396711247E-1,-4.925837722E0,-7.669527892E0,9.116196761E0
2.454972388E1,9.505657688E-2,-5.085712878E0,-7.855733060E0,9.358742070E0
2.455969088E1,4.017205261E-1,-5.025569587E0,-7.871241045E0,9.347414864E0
2.456965787E1,7.378000630E-1,-4.888969858E0,-7.767669899E0,9.207772307E0
2.457962487E1,9.737460320E-1,-4.724947858E0,-7.704188433E0,9.089985314E0
2.458959188E1,1.137024267E0,-4.520280692E0,-7.677896428E0,8.981973907E0
2.459955888E1,1.273143646E0,-4.331690446E0,-7.720722604E0,8.943936180E0
2.460952588E1,1.270972575E0,-4.116925138E0,-7.897171108E0,8.996096675E0
2.461949288E1,1.292101343E0,-3.826336647E0,-7.943306224E0,8.911032027E0
2.462945987E1,1.347204041E0,-3.550478461E0,-7.699366819E0,8.584934795E0
2.463942687E1,1.417681555E0,-3.295598915E0,-7.306525143E0,8.139785186E0
2.464939387E1,1.388431589E0,-3.053795498E0,-6.953545107E0,7.720440322E0
2.465936088E1,1.247527141E0,-2.920422848E0,-6.707094322E0,7.420937126E0
2.466932788E1,1.135434262E0,-2.602462955E0,-6.293719565E0,6.904558665E0
2.467929488E1,1.180760124E0,-2.279090295E0,-5.737003824E0,6.285034599E0
2.468926187E1,1.284824190E0,-2.200497285E0,-5.199771005E0,5.790559559E0
2.469922887E1,1.065693790E0,-2.077137991E0,-4.531789767E0,5.097776376E0
2.470919587E1,7.660295431E-1,-1.486413382E0,-3.696180550E0,4.056843189E0
2.471916288E1,8.985889918E-1,-4.571148545E-1,-2.579995614E0,2.769980782E0
2.472912988E1,1.247235072E0,7.119917688E-1,-1.040624292E0,1.773535035E0
2.473909688E1,1.632255366E0,1.575698026E0,1.407019596E0,2.669604089E0
2.474906388E1,2.109492682E0,2.041228193E0,4.473611140E0,5.350679260E0
2.475903087E1,2.408003566E0,2.364020517E0,7.285953469E0,8.029457774E0
2.476899787E1,2.053414960E0,2.739928656E0,9.774341340E0,1.035671138E1
2.477896488E1,1.161495595E0,3.234851607E0,1.193317429E1,1.241829238E1
2.478893188E1,3.406945250E-1,3.759985075E0,1.362814177E1,1.414142174E1
2.479889888E1,-3.413130873E-1,4.521964690E0,1.509216412E1,1.575874605E1
2.480886588E1,-5.797558174E-1,5.619473619E0,1.686389385E1,1.778498008E1
2.481883287E1,8.735374734E-2,6.655380378E0,1.939910155E1,2.050918964E1
2.482879987E1,9.022408703E-1,6.735603007E0,2.171106255E1,2.274978293E1
2.483876687E1,8.018150876E-1,5.760875666E0,2.317452473E1,2.389328760E1
2.484873388E1,-3.750241859E-1,4.385059152E0,2.416991497E1,2.456733963E1
2.485870088E1,-1.937035196E0,3.122680961E0,2.456435644E1,2.483769009E1
2.486866788E1,-3.180711068E0,2.192601497E0,2.417219538E1,2.447895941E1
2.487863487E1,-3.636230217E0,1.552731625E0,2.268177052E1,2.302381071E1
2.488860187E1,-3.480275036E0,1.129987581E0,1.996227028E1,2.029486193E1
2.489856887E1,-3.081370967E0,5.981871182E-1,1.606729024E1,1.637102595E1
2.490853588E1,-2.772128980E0,2.546333778E-1,1.171887267E1,1.204497878E1
2.491850188E1,-2.390890228E0,8.229078948E-2,7.602660888E0,7.970168156E0
2.492846888E1,-1.780177496E0,1.652458227E-1,3.883158134E0,4.274956748E0
2.493843587E1,-8.742017171E-1,2.207060784E-1,6.441924262E-1,1.108117186E0
2.494840287E1,3.460490397E-1,1.076957721E-1,-2.089763299E0,2.120957087E0
2.495836987E1,1.651112490E0,-3.007790190E-1,-4.225482790E0,4.546575115E0
2.496833688E1,2.747516296E0,-9.948218822E-1,-5.857230179E0,6.545659763E0
2.497830388E1,3.667106439E0,-1.797003152E0,-6.800654451E0,7.932577823E0
2.498827088E1,4.356964450E0,-2.912243178E0,-6.988566420E0,8.735236697E0
2.499823787E1,4.749389512E0,-4.264566164E0,-6.796280149E0,9.323767970E0
2.500820487E1,4.701473334E0,-5.739058535E0,-6.803005031E0,1.006585922E1
2.501817187E1,4.125811444E0,-7.098322166E0,-7.163687021E0,1.089618784E1
2.502813888E1,3.398207902E0,-8.184901480E0,-7.712361671E0,1.174823186E1
2.503810588E1,2.716637150E0,-9.106592236E0,-8.463419564E0,1.272554951E1
2.504807288E1,2.179825623E0,-9.846464406E0,-9.149598507E0,1.361688855E1
2.505803988E1,1.814176424E0,-1.038948129E1,-9.573968954E0,1.424406680E1
2.506800687E1,1.576527454E0,-1.059203118E1,-9.768669541E0,1.449494629E1
2.507797387E1,1.513802617E0,-1.040798071E1,-9.908434367E0,1.444973122E1
2.508794088E1,1.493202292E0,-1.005068543E1,-1.004000257E1,1.428452247E1
2.509790788E1,1.454993661E0,-9.657924446E0,-1.010407986E1,1.405293354E1
2.510787488E1,1.562152074E0,-9.247252271E0,-1.000437080E1,1.371274695E1
2.511784188E1,1.791784512E0,-8.871650527E0,-9.823673129E0,1.335744094E1
2.512780887E1,2.035547916E0,-8.472448835E0,-9.663589228E0,1.301194841E1
2.513777587E1,2.326003675E0,-8.249215590E0,-9.396528178E0,1.271827790E1
2.514774287E1,2.551912606E0,-8.250139450E0,-9.011222979E0,1.248115373E1
2.515770988E1,2.593889475E0,-8.447143840E0,-8.567797626E0,1.230811350E1
2.516767688E1,2.424619891E0,-8.753363108E0,-8.210411713E0,1.224381508E1
2.517764388E1,2.092495411E0,-8.990434958E0,-8.116804222E0,1.229182527E1
2.518761088E1,1.813531184E0,-9.085954489E0,-7.957915492E0,1.221359420E1
2.519757787E1,1.814203614E0,-9.181230775E0,-7.650111043E0,1.208761897E1
2.520754487E1,2.013527886E0,-9.178687236E0,-7.324219987E0,1.191414253E1
2.521751188E1,2.304598773E0,-9.060732524E0,-6.893978351E0,1.161615198E1
2.522747888E1,2.614854375E0,-8.866268749E0,-6.387076795E0,1.123578813E1
2.523744588E1,2.850160950E0,-8.652297494E0,-5.892715761E0,1.084941327E1
2.524741288E1,2.882730526E0,-8.223536958E0,-5.256673769E0,1.017690103E1
2.525737987E1,2.761456350E0,-7.473649092E0,-4.395905153E0,9.099728239E0
2.526734687E1,2.578880842E0,-6.763403594E0,-3.285830557E0,7.949272735E0
2.527731388E1,2.291310976E0,-6.023138491E0,-1.910076608E0,6.721361165E0
2.528728088E1,1.257726147E0,-4.685486754E0,-4.253662276E-1,4.869968953E0
2.529724788E1,-7.799188730E-1,-2.456089021E0,7.368801498E-1,2.680231162E0
2.530721488E1,-2.803307504E0,2.853306752E-1,1.250928758E0,3.082980589E0
2.531718187E1,-3.082424051E0,2.547232495E0,1.044961172E0,4.132998338E0
2.532714887E1,-1.534319766E0,3.695788786E0,8.268208516E-1,4.086150342E0
2.533711587E1,3.886429359E-1,4.599539115E0,2.334070494E0,5.172493449E0
2.534708288E1,1.698753703E0,6.833594155E0,5.504827262E0,8.937946991E0
2.535704988E1,1.232358586E0,1.036777058E1,9.260766941E0,1.395604453E1
2.536701688E1,1.051945963E0,1.235681793E1,1.193394261E1,1.721094204E1
2.537698388E1,2.353249362E0,1.073971898E1,1.216558825E1,1.639758774E1
2.538695087E1,1.901862878E0,8.831385430E0,1.136226969E1,1.451590933E1
2.539691787E1,-7.953353494E-2,9.060124413E0,1.138990130E1,1.455410703E1
2.540688488E1,-7.245349234E-1,9.500637853E0,1.229659511E1,1.555613454E1
2.541685188E1,5.092296258E-2,9.141529934E0,1.329459320E1,1.613432277E1
2.542681888E1,3.880379684E-1,9.376541226E0,1.389919296E1,1.677073832E1
2.543678588E1,2.035419423E-1,9.846781325E0,1.390074715E1,1.703617631E1
2.544675287E1,3.885689686E-1,9.409304345E0,1.396435901E1,1.684307919E1
2.545671987E1,6.318184023E-1,8.614933201E0,1.412500659E1,1.655693449E1
2.546668687E1,7.202139772E-1,7.817647805E0,1.384570497E1,1.591659108E1
2.547665388E1,9.595254573E-1,6.604335939E0,1.260295998E1,1.426087454E1
2.548662088E1,1.195373924E0,5.021283578E0,1.052230547E1,1.172011604E1
2.549658788E1,1.253962294E0,3.548618461E0,8.429551322E0,9.231600615E0
2.550655487E1,1.333524773E0,2.269709607E0,6.523235058E0,7.034377417E0
2.551652187E1,1.440113228E0,1.091267611E0,4.581126818E0,4.924582625E0
2.552648887E1,1.306675820E0,-8.013082802E-2,2.379391678E0,2.715755402E0
2.553645588E1,9.312442294E-1,-1.235559937E0,2.113049251E-1,1.561561380E0
2.554642283E1,6.686086446E-1,-2.329945868E0,-1.378666447E0,2.788620885E0
2.555638983E1,5.485888423E-1,-3.282276034E0,-2.445592099E0,4.129794959E0
2.556635683E1,5.516637468E-1,-4.014584831E0,-3.232453079E0,5.183625870E0
2.557632383E1,5.705017215E-1,-4.628481663E0,-3.876416295E0,6.064232681E0
2.558629083E1,5.534394000E-1,-5.147270025E0,-4.343425807E0,6.757664658E0
2.559625783E1,5.852690108E-1,-5.573494624E0,-4.743981714E0,7.342461756E0
2.560622383E1,6.590484470E-1,-5.988759786E0,-5.288104892E0,8.016460689E0
2.561619183E1,6.920327367E-1,-6.345941048E0,-5.955427734E0,8.730234623E0
2.562615783E1,6.631409132E-1,-6.456331217E0,-6.474489745E0,9.167496174E0
2.563612483E1,7.384030572E-1,-6.273302842E0,-6.884264372E0,9.343054295E0
2.564609183E1,9.209130764E-1,-6.025987254E0,-7.242689336E0,9.466633620E0
2.565605883E1,1.082317278E0,-5.796557715E0,-7.588149269E0,9.609968853E0
2.566602583E1,1.022882963E0,-5.521717529E0,-7.889004886E0,9.683597065E0
2.567599283E1,8.984011500E-1,-5.156026815E0,-8.186701253E0,9.716677135E0
2.568595983E1,8.399642229E-1,-4.737021773E0,-8.384559921E0,9.666734725E0
2.569592683E1,8.473868246E-1,-4.361227071E0,-8.561728801E0,9.645805620E0
2.570589383E1,9.635778701E-1,-4.008680897E0,-8.777254246E0,9.697329372E0
2.571586083E1,1.117307163E0,-3.705763552E0,-8.971853092E0,9.771141525E0
2.572582783E1,1.271462133E0,-3.494676143E0,-9.031643795E0,9.767290666E0
2.573579483E1,1.402166991E0,-3.436806834E0,-8.922451136E0,9.663738809E0
2.574576183E1,1.648056004E0,-3.458874811E0,-8.489332670E0,9.313896753E0
2.575572883E1,2.172624485E0,-3.557183463E0,-7.715464788E0,8.769392695E0
2.576569583E1,2.731970303E0,-3.407656710E0,-6.749928101E0,8.039733538E0
2.577566283E1,3.069823886E0,-2.803128287E0,-5.522728513E0,6.912443642E0
2.578562983E1,3.400674550E0,-1.710207667E0,-4.176319985E0,5.650756257E0
2.579559683E1,3.983657153E0,-3.303577441E-1,-2.450515455E0,4.688676418E0
2.580556383E1,5.021136228E0,1.013076305E0,-2.419478434E-1,5.128028020E0
2.581553083E1,6.702358078E0,2.549847955E0,2.274925908E0,7.523205187E0
2.582549783E1,8.586688811E0,4.229523801E0,4.862574942E0,1.073614136E1
2.583546483E1,9.932454729E0,5.611483984E0,7.683478764E0,1.375420864E1
2.584543183E1,1.017751388E1,6.303106100E0,1.102956546E1,1.627766106E1
2.585539883E1,8.827258465E0,6.418968678E0,1.465861179E1,1.827562723E1
2.586536583E1,5.987435392E0,6.359672064E0,1.805478691E1,2.005667324E1
2.587533283E1,3.131535692E0,5.814888151E0,2.018742316E1,2.124032707E1
2.588529983E1,1.386188597E0,4.763906686E0,2.136665453E1,2.193513737E1
2.589526683E1,4.653570896E-1,4.063540059E0,2.212698669E1,2.250183226E1
2.590523383E1,-2.868433499E-1,3.964891099E0,2.235328563E1,2.270400888E1
2.591520083E1,-1.374300916E0,4.225066468E0,2.177699108E1,2.222559853E1
2.592516783E1,-2.941407335E0,4.662471528E0,2.012895101E1,2.087019852E1
2.593513483E1,-4.565252212E0,5.016648490E0,1.746749140E1,1.873823753E1
2.594510183E1,-5.947839217E0,5.363359727E0,1.418668068E1,1.629123468E1
2.595506883E1,-6.904498662E0,5.818733865E0,1.086957980E1,1.413073001E1
2.596503583E1,-7.472918190E0,6.138326300E0,8.017058324E0,1.256171884E1
2.597500283E1,-7.544165343E0,5.898947724E0,5.694845983E0,1.114196059E1
2.598496983E1,-7.135720958E0,5.063105203E0,3.767980265E0,9.526343641E0
2.599493683E1,-6.734389125E0,3.714425617E0,2.018686885E0,7.951355312E0
2.600490383E1,-6.423102660E0,1.903465161E0,6.185529703E-1,6.727706531E0
2.601487083E1,-6.216127598E0,-9.948277295E-2,-6.890546036E-1,6.254992836E0
2.602483783E1,-5.945262349E0,-1.849370815E0,-1.938708084E0,6.521112317E0
2.603480483E1,-5.298170289E0,-3.218935486E0,-3.056277641E0,6.911800568E0
2.604477183E1,-4.079522839E0,-4.239548267E0,-3.808735358E0,7.008761740E0
2.605473883E1,-2.546115092E0,-4.896586441E0,-4.026031340E0,6.831411947E0
2.606470583E1,-1.002226796E0,-5.319997945E0,-4.213711760E0,6.860189755E0
2.607467283E1,6.586870891E-1,-5.734511740E0,-5.023934121E0,7.652346544E0
2.608463983E1,1.862345348E0,-6.042115629E0,-6.258452083E0,8.896275285E0
2.609460683E1,2.548717688E0,-6.414303769E0,-7.678460099E0,1.032463095E1
2.610457383E1,2.830484777E0,-6.752820134E0,-9.066350529E0,1.165379491E1
2.611454083E1,2.564037100E0,-7.140170689E0,-9.792910343E0,1.238779305E1
2.612450783E1,2.218674378E0,-7.585398154E0,-9.656088420E0,1.247801365E1
2.613447483E1,1.800734991E0,-8.038716411E0,-8.881817080E0,1.211405311E1
2.614444183E1,1.450574774E0,-8.438013412E0,-8.093835189E0,1.178195254E1
2.615440883E1,1.183676277E0,-8.737866232E0,-7.707958133E0,1.171170416E1
2.616437583E1,9.293701968E-1,-8.931618401E0,-7.533057972E0,1.172111337E1
2.617434283E1,7.030044521E-1,-8.938977122E0,-7.414787511E0,1.163523103E1
2.618430983E1,5.286387272E-1,-8.748835024E0,-7.267673904E0,1.138598512E1
2.619427683E1,3.946187903E-1,-8.586493514E0,-7.192834221E0,1.120805331E1
2.620424383E1,3.307376669E-1,-8.461101143E0,-7.258646387E0,1.115291744E1
2.621421083E1,3.540519775E-1,-8.315157564E0,-7.328613585E0,1.108944431E1
2.622417783E1,5.090365215E-1,-8.171452884E0,-7.277249889E0,1.095400047E1
2.623414483E1,9.043865061E-1,-8.104344975E0,-7.045370951E0,1.077662165E1
2.624411083E1,1.394018458E0,-8.163334610E0,-6.527365531E0,1.054465837E1
2.625407783E1,1.756577842E0,-8.284853784E0,-5.852616726E0,1.029453692E1
2.626404483E1,2.060753070E0,-8.380135333E0,-5.089425275E0,1.001876345E1
2.627401183E1,2.330123624E0,-8.434078821E0,-4.229532571E0,9.718647408E0
2.628397883E1,2.452365075E0,-8.415558935E0,-3.437965168E0,9.415695999E0
2.629394583E1,2.347804434E0,-8.455125874E0,-2.923466324E0,9.249215888E0
2.630391283E1,2.023378983E0,-8.394904815E0,-2.667104509E0,9.037805919E0
2.631387983E1,1.537544652E0,-8.043350914E0,-2.467969394E0,8.552801320E0
2.632384683E1,1.032526483E0,-7.325108764E0,-2.251171594E0,7.732470685E0
2.633381383E1,8.478781369E-1,-6.360617559E0,-1.952382383E0,6.707320630E0
2.634378083E1,9.417499217E-1,-5.163520022E0,-1.488833837E0,5.455772917E0
2.635374783E1,1.045659037E0,-3.880138047E0,-8.874933153E-1,4.115400159E0
2.636371483E1,8.717572886E-1,-2.326690139E0,-2.530324101E-1,2.497493378E0
2.637368183E1,2.653896233E-1,-4.050553393E-1,2.112604862E-1,5.283298905E-1
2.638364883E1,-2.275397193E-1,1.417994819E0,3.806408751E-1,1.485722419E0
2.639361583E1,-3.097100562E-1,2.463448327E0,3.787995869E-1,2.511570645E0
2.640358283E1,-4.887415668E-1,3.247304422E0,5.480805731E-1,3.329301225E0
2.641354983E1,-1.542844568E0,4.801864471E0,1.443078790E0,5.246022127E0
2.642351683E1,-3.316738062E0,7.442530210E0,2.878831603E0,8.641740490E0
2.643348383E1,-4.314281530E0,9.605718166E0,4.220082301E0,1.134424705E1
2.644345083E1,-3.155802222E0,9.335513068E0,4.515063221E0,1.083958891E1
2.645341783E1,-2.277634338E0,8.340334505E0,4.108973510E0,9.572484586E0
2.646338483E1,-2.919258667E0,8.081228008E0,4.250358015E0,9.586128548E0
2.647335183E1,-3.927927926E0,8.054954714E0,5.251698958E0,1.038707154E1
2.648331883E1,-4.461160664E0,7.717354608E0,6.626892743E0,1.110744003E1
2.649328583E1,-4.697922319E0,7.362305827E0,8.068748295E0,1.189027839E1
2.650325283E1,-4.794944876E0,7.401510238E0,9.483899614E0,1.295060624E1
2.651321983E1,-4.412373835E0,7.241977145E0,1.142057813E1,1.422479809E1
2.652318683E1,-3.486498227E0,6.661918150E0,1.355559186E1,1.550131911E1
2.653315383E1,-2.579501524E0,6.202646842E0,1.507881727E1,1.650749485E1
2.654312083E1,-1.687810200E0,5.825668078E0,1.554303707E1,1.668451717E1
2.655308808E1,-7.525435250E-1,5.281166586E0,1.479234697E1,1.572483930E1
2.656305508E1,3.286632210E-2,4.468370281E0,1.294441398E1,1.369398651E1
2.657302208E1,2.126110469E-1,3.666636908E0,1.055536563E1,1.117609830E1
2.658298908E1,1.111675563E-1,2.942390837E0,7.938830765E0,8.467293309E0
2.659295608E1,2.530552143E-1,2.170180056E0,5.353072720E0,5.781790896E0
2.660292308E1,2.727389887E-1,1.430175154E0,3.065452507E0,3.393639138E0
2.661289008E1,1.273120111E-1,7.989290482E-1,1.009480852E0,1.293656663E0
2.662285708E1,7.787906528E-3,5.773306847E-2,-7.344868845E-1,7.367935546E-1
2.663282408E1,-5.451081410E-2,-7.331759387E-1,-2.131881378E0,2.255091261E0
2.664279108E1,7.423332632E-3,-1.466838951E0,-3.285135908E0,3.597747843E0
2.665275808E1,1.730964406E-1,-2.198120976E0,-4.197243662E0,4.741155193E0
2.666272508E1,3.819468507E-1,-2.937753410E0,-4.851480435E0,5.684464874E0
2.667269208E1,5.937689620E-1,-3.706350612E0,-5.286909721E0,6.483903981E0
2.668265908E1,8.560013813E-1,-4.363451936E0,-5.536610388E0,7.101162282E0
2.669262608E1,1.221409675E0,-4.829316564E0,-5.701179103E0,7.570837684E0
2.670259308E1,1.603620235E0,-5.186478530E0,-5.784510112E0,7.932951193E0
2.671256008E1,1.909762174E0,-5.441997176E0,-5.781140946E0,8.166034256E0
2.672252708E1,2.121605189E0,-5.605927375E0,-5.801654148E0,8.341871563E0
2.673249408E1,2.256291416E0,-5.637743245E0,-5.899760486E0,8.466532563E0
2.674246108E1,2.247556261E0,-5.617920014E0,-6.018297581E0,8.534192417E0
2.675242808E1,2.103930372E0,-5.542573378E0,-6.178102570E0,8.562452570E0
2.676239508E1,2.000990286E0,-5.462409806E0,-6.386566333E0,8.638872179E0
2.677236208E1,1.944173915E0,-5.415338550E0,-6.671409935E0,8.809847578E0
2.678232908E1,1.872920915E0,-5.414369667E0,-6.977135698E0,9.027937427E0
2.679229608E1,1.852931039E0,-5.365221480E0,-7.154055487E0,9.132330747E0
2.680226308E1,1.909245426E0,-5.255010236E0,-7.134784234E0,9.064518561E0
2.681223008E1,1.899655116E0,-5.148935897E0,-6.908986984E0,8.823510162E0
2.682219708E1,1.805592127E0,-5.111675100E0,-6.359000804E0,8.356211850E0
2.683216408E1,1.813417163E0,-5.026451932E0,-5.620795090E0,7.755452164E0
2.684213108E1,1.833614323E0,-4.836716800E0,-4.878809152E0,7.110467610E0
2.685209708E1,1.812811684E0,-4.401554148E0,-4.133300850E0,6.304295443E0
2.686206408E1,1.528067192E0,-3.679152873E0,-3.140006261E0,5.072553058E0
2.687203108E1,9.196415994E-1,-2.354335189E0,-1.972141879E0,3.205928640E0
2.688199808E1,2.609723443E-1,-3.737487620E-1,-5.772154945E-1,7.355082791E-1
2.689196508E1,-3.852455574E-1,1.743967736E0,1.260089006E0,2.185786337E0
2.690193208E1,-6.875009984E-1,3.597063228E0,3.373820043E0,4.979375781E0
2.691189908E1,-7.119704264E-1,5.361216722E0,5.329696137E0,7.593102629E0
2.692186608E1,-9.907954895E-1,7.030533641E0,6.857188840E0,9.870720225E0
2.693183308E1,-1.377573017E0,8.449884430E0,8.646989976E0,1.216834787E1
2.694180008E1,-1.198649242E0,9.634506932E0,1.138865818E1,1.496536064E1
2.695176708E1,-6.416737381E-1,1.071325682E1,1.518244279E1,1.859279931E1
2.696173408E1,-4.122161320E-1,1.101556138E1,1.885516782E1,2.184101344E1
2.697170108E1,-9.900124012E-1,1.017891955E1,2.156456875E1,2.386673738E1
2.698166808E1,-2.430351186E0,9.064774119E0,2.357811827E1,2.537724173E1
2.699163508E1,-4.054163172E0,8.838923661E0,2.465976663E1,2.650786488E1
2.700160208E1,-4.775366060E0,8.839586150E0,2.466263410E1,2.663058252E1
2.701156908E1,-4.503390425E0,8.299727347E0,2.283727371E1,2.471248813E1
2.702153608E1,-3.779602191E0,7.596573352E0,1.996702991E1,2.169505941E1
2.703150308E1,-3.089481055E0,6.750136846E0,1.709563421E1,1.863786334E1
2.704147008E1,-2.167092142E0,5.464824121E0,1.396492385E1,1.515188732E1
2.705143708E1,-1.741765967E0,3.790665123E0,1.054288767E1,1.133822610E1
2.706140408E1,-1.526722917E0,2.006574377E0,6.913141431E0,7.358583291E0
2.707137108E1,-1.259852487E0,2.218766910E-1,3.077535778E0,3.332819230E0
2.708133808E1,-1.080146500E0,-1.570444010E0,-7.904435688E-1,2.063446604E0
2.709130508E1,-9.482262978E-1,-3.010764084E0,-4.213980732E0,5.265117956E0
2.710127208E1,-6.920781988E-1,-4.061736778E0,-6.732837274E0,7.893527453E0
2.711123908E1,-1.271064815E-1,-4.463167428E0,-8.560920716E0,9.655329257E0
2.712120608E1,7.324152160E-1,-4.300061687E0,-9.772781888E0,1.070206655E1
2.713117308E1,1.970221653E0,-4.027768548E0,-1.042585448E1,1.134914686E1
2.714114008E1,3.332336679E0,-3.995773169E0,-1.085036818E1,1.203333539E1
2.715110708E1,4.476833248E0,-4.430245265E0,-1.094885751E1,1.263117532E1
2.716107408E1,5.325086192E0,-5.102638228E0,-1.073640010E1,1.302550371E1
2.717104108E1,5.528307341E0,-5.973893241E0,-1.034006179E1,1.315927279E1
2.718100808E1,5.216349031E0,-6.923624319E0,-9.591519957E0,1.292842318E1
2.719097508E1,4.598852068E0,-7.701142618E0,-8.691934599E0,1.249026681E1
2.720094208E1,3.772118632E0,-8.256746219E0,-7.836805038E0,1.199242470E1
2.721090908E1,3.138067909E0,-8.545705676E0,-7.518747497E0,1.180712156E1
2.722087608E1,2.753104187E0,-8.654853312E0,-7.465406857E0,1.175663081E1
2.723084308E1,2.641897455E0,-8.671084598E0,-7.410977465E0,1.170854036E1
2.724081008E1,2.738075089E0,-8.692312914E0,-7.241599415E0,1.164019420E1
2.725077708E1,2.803921754E0,-8.580295465E0,-7.114912471E0,1.149371250E1
2.726074408E1,2.863145862E0,-8.362670285E0,-7.412519960E0,1.153591395E1
2.727071108E1,2.762888626E0,-8.112179074E0,-7.673360158E0,1.150310649E1
2.728067808E1,2.572614381E0,-7.908432260E0,-7.587364572E0,1.125743073E1
2.729064508E1,2.346071904E0,-7.729237905E0,-7.341942313E0,1.091555262E1
2.730061208E1,2.041001321E0,-7.604260687E0,-7.085071206E0,1.059191678E1
2.731057908E1,1.752334810E0,-7.583698368E0,-6.796447964E0,1.033319230E1
2.732054608E1,1.476181339E0,-7.600386322E0,-6.568062737E0,1.015305036E1
2.733051308E1,1.296225676E0,-7.572778108E0,-6.419505453E0,1.001185395E1
2.734048008E1,1.384238259E0,-7.499900751E0,-6.217033331E0,9.839518803E0
2.735044708E1,1.631195704E0,-7.385273105E0,-5.943242136E0,9.619001266E0
2.736041408E1,1.849143651E0,-7.211502042E0,-5.613496596E0,9.323971148E0
2.737038108E1,2.054988738E0,-6.974628412E0,-5.311168649E0,9.004273020E0
2.738034808E1,2.022090841E0,-6.657207633E0,-5.082074740E0,8.615958942E0
2.739031508E1,1.753127400E0,-6.232146045E0,-4.793200067E0,8.055300546E0
2.740028208E1,1.381531290E0,-5.599328792E0,-4.478769554E0,7.302087944E0
2.741024908E1,7.407641628E-1,-4.635293085E0,-4.044793886E0,6.196372415E0
2.742021508E1,-1.889346474E-1,-3.276017759E0,-3.392679067E0,4.719985160E0
2.743018208E1,-1.256038055E0,-1.479492910E0,-2.382448018E0,3.072879663E0
2.744014908E1,-2.333680777E0,6.686489904E-1,-1.194966227E0,2.705753449E0
2.745011608E1,-2.878166482E0,2.805190015E0,-1.682091916E-1,4.022589670E0
2.746008308E1,-2.387049338E0,4.245438752E0,5.148689729E-1,4.897636654E0
2.747005008E1,-1.569767341E0,4.948612627E0,1.283643930E0,5.347960189E0
2.748001708E1,-1.268261221E0,5.701065667E0,2.676640148E0,6.424565257E0
2.748998408E1,-1.952596976E0,6.969290489E0,4.923084853E0,8.753308480E0
2.749995108E1,-3.174660662E0,8.071474852E0,7.955861950E0,1.176957586E1
2.750991808E1,-3.533346704E0,7.677554950E0,1.073459916E1,1.366239394E1
2.751988508E1,-3.337008896E0,6.036742623E0,1.234176369E1,1.413849429E1
2.752985208E1,-4.284680001E0,5.185417845E0,1.312901994E1,1.475188820E1
2.753981908E1,-5.327825612E0,5.401002932E0,1.380105797E1,1.574883360E1
2.754978600E1,-4.689614303E0,5.411859457E0,1.480637327E1,1.644716980E1
2.755975300E1,-3.456721281E0,5.307572027E0,1.574662426E1,1.697278464E1
2.756972000E1,-2.725682500E0,5.803407143E0,1.601349001E1,1.724936932E1
2.757968700E1,-2.144134365E0,6.399896815E0,1.612739962E1,1.748282042E1
2.758965400E1,-1.570239212E0,6.388687702E0,1.636411947E1,1.763704589E1
2.759962100E1,-1.235865015E0,5.892965437E0,1.590928678E1,1.701057935E1
2.760958800E1,-1.030486243E0,5.419980655E0,1.455306487E1,1.556373314E1
2.761955500E1,-3.778811355E-1,4.959565632E0,1.258820628E1,1.353525112E1
2.762952200E1,6.520547386E-1,4.470283490E0,1.015623001E1,1.111564743E1
2.763948900E1,1.756888036E0,3.929087428E0,7.575545011E0,8.712821919E0
2.764945600E1,2.691217257E0,3.256828952E0,4.968445798E0,6.521889204E0
2.765942300E1,3.284295663E0,2.446681436E0,2.369254945E0,4.731407512E0
2.766939000E1,3.513582238E0,1.431988376E0,-7.688737750E-2,3.794965417E0
2.767935700E1,3.414093617E0,2.206663173E-1,-2.145458028E0,4.038281690E0
2.768932400E1,3.087353253E0,-1.036964520E0,-3.798243699E0,5.003368937E0
2.769929100E1,2.668301142E0,-2.294006542E0,-5.134060580E0,6.224216821E0
2.770925800E1,2.252279934E0,-3.469778114E0,-6.102513859E0,7.372435178E0
2.771922500E1,1.908163691E0,-4.435222415E0,-6.704644339E0,8.262235912E0
2.772919200E1,1.842211484E0,-5.151800448E0,-6.985139952E0,8.872822051E0
2.773915900E1,1.982756037E0,-5.666548383E0,-7.046193069E0,9.256885483E0
2.774912600E1,2.165413991E0,-6.094428914E0,-7.051366686E0,9.568325542E0
2.775909300E1,2.320169324E0,-6.524580503E0,-7.025155957E0,9.864388103E0
2.776906000E1,2.376931462E0,-6.844752982E0,-6.960512064E0,1.004734665E1
2.777902700E1,2.346210483E0,-6.997771107E0,-6.912115245E0,1.011191581E1
2.778899400E1,2.183911073E0,-6.945834968E0,-6.775047154E0,9.945619886E0
2.779896100E1,1.936559817E0,-6.656538711E0,-6.773761936E0,9.692451821E0
2.780892800E1,1.842431632E0,-6.117465774E0,-7.172338561E0,9.605226819E0
2.781889500E1,2.069470245E0,-5.400263844E0,-7.611943343E0,9.559667261E0
2.782886200E1,2.534721500E0,-4.689721307E0,-7.801863247E0,9.449199391E0
2.783882900E1,3.029759641E0,-4.150239649E0,-7.717982014E0,9.272064441E0
2.784879600E1,3.408702485E0,-3.735339938E0,-7.601956884E0,9.130266455E0
2.785876300E1,3.449250586E0,-3.442944072E0,-7.492949581E0,8.938427542E0
2.786873000E1,3.104929107E0,-3.263185460E0,-7.375031707E0,8.641762365E0
2.787869700E1,2.648602457E0,-3.164725950E0,-7.178098068E0,8.279835577E0
2.788866400E1,2.432825289E0,-3.054322332E0,-6.534094507E0,7.611958672E0
2.789863100E1,2.345769311E0,-2.787870562E0,-5.601261297E0,6.681989528E0
2.790859800E1,2.071853570E0,-2.292663437E0,-4.599667754E0,5.541283813E0
2.791856500E1,1.721600675E0,-1.615074053E0,-3.238790292E0,4.007759428E0
2.792853200E1,1.338140857E0,-8.721057826E-1,-1.114968131E0,1.947907437E0
2.793849900E1,6.740205351E-1,4.058084607E-2,1.706997546E0,1.835699079E0
2.794846500E1,-3.533548433E-1,1.345128572E0,4.740133077E0,4.939948594E0
2.795843200E1,-1.944122314E0,3.267287282E0,7.799429051E0,8.676743126E0
2.796839900E1,-3.557180247E0,5.669988885E0,1.034951323E1,1.232536934E1
2.797836600E1,-4.650142674E0,8.056932827E0,1.193308190E1,1.513064563E1
2.798833300E1,-4.943830190E0,1.000765577E1,1.287294814E1,1.703841028E1
2.799830000E1,-4.284307241E0,1.112044406E1,1.464646829E1,1.888222969E1
2.800826700E1,-2.909528608E0,1.085229543E1,1.834136947E1,2.150914938E1
2.801823400E1,-2.208947388E0,9.528936623E0,2.303363256E1,2.502455416E1
2.802820100E1,-2.889942774E0,7.753138983E0,2.688410359E1,2.812859683E1
2.803816800E1,-4.141484029E0,6.150251112E0,2.808064506E1,2.904307328E1
2.804813500E1,-4.878431422E0,5.780370868E0,2.631321654E1,2.737877180E1
2.805810200E1,-4.091430693E0,6.369074387E0,2.218643884E1,2.344233312E1
2.806806900E1,-2.081891778E0,6.918475261E0,1.719407209E1,1.865035357E1
2.807803600E1,-5.748736846E-1,6.928811384E0,1.256757965E1,1.436255427E1
2.808800300E1,-9.983594477E-2,6.370733242E0,8.303436236E0,1.046629173E1
2.809797000E1,-2.597833130E-1,5.000476261E0,4.252632582E0,6.569408960E0
2.810793700E1,-8.912293938E-1,3.311534332E0,5.574437195E-1,3.474376630E0
2.811790400E1,-1.419117192E0,1.874700953E0,-2.356116251E0,3.328615487E0
2.812787100E1,-1.352084127E0,7.939337718E-1,-4.634080957E0,4.892153783E0
2.813783800E1,-5.959566978E-1,4.778344631E-2,-6.345341708E0,6.373445617E0
2.814780500E1,7.005511066E-1,-8.367956167E-1,-7.847377388E0,7.922899131E0
2.815777200E1,1.988507650E0,-2.141242186E0,-9.236380543E0,9.687610970E0
2.816773900E1,2.886698155E0,-3.600060511E0,-1.014917593E1,1.114895663E1
2.817770600E1,3.337934803E0,-4.876119432E0,-1.033167922E1,1.190218237E1
2.818767300E1,3.568590211E0,-5.991149544E0,-9.947051718E0,1.214794414E1
2.819764000E1,3.582283513E0,-6.973471248E0,-9.283905542E0,1.215125337E1
2.820760700E1,3.383808841E0,-7.739264710E0,-8.596095226E0,1.205152412E1
2.821757400E1,3.045755284E0,-8.293005973E0,-7.868418009E0,1.183057798E1
2.822754100E1,2.770242669E0,-8.653876827E0,-7.111860809E0,1.153873445E1
2.823750800E1,2.798251709E0,-8.866330145E0,-6.718637311E0,1.147092456E1
2.824747500E1,3.245116979E0,-8.863262111E0,-6.790905388E0,1.162775109E1
2.825744200E1,3.974976377E0,-8.491149400E0,-7.226296082E0,1.183720450E1
2.826740900E1,4.721997645E0,-7.842272184E0,-8.017536042E0,1.216878708E1
2.827737600E1,4.964714105E0,-7.226417120E0,-8.514288002E0,1.222139888E1
2.828734300E1,4.769683443E0,-6.691231411E0,-8.362361552E0,1.172397325E1
2.829731000E1,4.573907846E0,-6.318350961E0,-7.996614119E0,1.117085624E1
2.830727700E1,4.391377653E0,-6.160977244E0,-7.694543450E0,1.079109991E1
2.831724400E1,4.250339888E0,-6.241146664E0,-7.585191747E0,1.070291711E1
2.832721100E1,4.055967623E0,-6.412578841E0,-7.662040533E0,1.078326972E1
2.833717800E1,3.837251644E0,-6.588426250E0,-7.850604467E0,1.094366717E1
2.834714500E1,3.758094962E0,-6.721590739E0,-8.014956250E0,1.111497114E1
2.835711200E1,3.881423850E0,-6.776431190E0,-8.002247912E0,1.118129878E1
2.836707900E1,3.963035778E0,-6.742211530E0,-7.776375234E0,1.102882952E1
2.837704600E1,3.949191618E0,-6.743902545E0,-7.480331874E0,1.081811910E1
2.838701300E1,3.814247236E0,-6.781919972E0,-6.972376649E0,1.044782066E1
2.839698000E1,3.609167549E0,-6.796694716E0,-6.313236986E0,9.953798808E0
2.840694700E1,3.106966861E0,-6.591069192E0,-5.421031984E0,9.082016513E0
2.841691400E1,2.327726265E0,-6.018199933E0,-4.465679977E0,7.847250324E0
2.842688100E1,1.536551502E0,-5.228607718E0,-3.718280686E0,6.597343439E0
2.843684800E1,9.405278537E-1,-4.334373733E0,-3.232284679E0,5.488082775E0
2.844681500E1,-3.214594513E-2,-3.293586304E0,-2.377801235E0,4.062349421E0
2.845678200E1,-1.453043907E0,-1.679088786E0,-8.970611143E-1,2.394868345E0
2.846674800E1,-2.620283222E0,4.878285241E-1,8.109760666E-1,2.785954596E0
2.847671500E1,-3.096707921E0,2.253431543E0,2.444907975E0,4.543691085E0
2.848668200E1,-2.456972535E0,2.719896680E0,3.468614518E0,5.046368859E0
2.849664900E1,-1.678194746E0,2.450120768E0,3.913636746E0,4.912838483E0
2.850661600E1,-2.086033945E0,3.373433542E0,4.952436122E0,6.344936171E0
2.851658300E1,-2.984914128E0,5.363716407E0,7.886726811E0,9.993979479E0
2.852655000E1,-3.240409970E0,6.262045782E0,1.142011854E1,1.342134798E1
2.853651700E1,-3.158316817E0,5.646739186E0,1.366535462E1,1.511960798E1
2.854648400E1,-3.529400125E0,5.065717154E0,1.449549319E1,1.575555388E1
2.855645096E1,-4.081523171E0,5.457268934E0,1.486313102E1,1.635094124E1
2.856641796E1,-3.647137321E0,6.661174384E0,1.492246389E1,1.674373863E1
2.857638496E1,-2.059200634E0,7.373316134E0,1.479689142E1,1.665995480E1
2.858635196E1,-8.267765589E-1,7.546366235E0,1.486219547E1,1.668880035E1
2.859631896E1,-7.871254201E-1,8.204035909E0,1.510142143E1,1.720403153E1
2.860628596E1,-1.251652351E0,8.877405356E0,1.500235557E1,1.747700295E1
2.861625296E1,-1.158923697E0,8.886856211E0,1.414923511E1,1.674873642E1
2.862621996E1,-6.474732989E-1,8.447561331E0,1.245417173E1,1.506276560E1
2.863618696E1,3.786656857E-3,7.786192124E0,1.022012371E1,1.284818005E1
2.864615396E1,6.291528028E-1,6.913226801E0,7.835861297E0,1.046848892E1
2.865612096E1,1.211110682E0,5.809367210E0,5.186833456E0,7.881546661E0
2.866608796E1,1.570224448E0,4.540452417E0,2.322987682E0,5.336439331E0
2.867605496E1,1.626382276E0,3.132322435E0,-3.191995025E-2,3.529530001E0
2.868602196E1,1.556989860E0,1.710879512E0,-1.637179452E0,2.834022351E0
2.869598896E1,1.467406423E0,3.688137120E-1,-2.756373366E0,3.144344016E0
2.870595596E1,1.302664338E0,-8.500372213E-1,-3.692832434E0,4.007057404E0
2.871592296E1,1.142831575E0,-1.895824020E0,-4.535118002E0,5.046534258E0
2.872588996E1,1.161316085E0,-2.824577043E0,-5.298535740E0,6.115666072E0
2.873585696E1,1.392998557E0,-3.656308971E0,-5.819860623E0,7.012832377E0
2.874582396E1,1.659427815E0,-4.255074379E0,-6.080928277E0,7.605067216E0
2.875579096E1,1.825974644E0,-4.669523855E0,-6.198247982E0,7.972259057E0
2.876575796E1,1.797089691E0,-5.036268822E0,-6.227868222E0,8.208524690E0
2.877572496E1,1.599887373E0,-5.401784704E0,-6.177472824E0,8.360627255E0
2.878569196E1,1.381882123E0,-5.648095155E0,-6.059229260E0,8.397906663E0
2.879565896E1,1.241658875E0,-5.746319607E0,-5.887053902E0,8.319814267E0
2.880562596E1,1.241231444E0,-5.747477356E0,-5.665233929E0,8.165110344E0
2.881559296E1,1.343177941E0,-5.636670281E0,-5.624391128E0,8.075268069E0
2.882555996E1,1.409931509E0,-5.340781288E0,-5.701879599E0,7.938720463E0
2.883552696E1,1.435659258E0,-4.789198233E0,-5.831722285E0,7.681570284E0
2.884549396E1,1.324685829E0,-4.148176167E0,-6.108658698E0,7.501857713E0
2.885546096E1,1.052226922E0,-3.539175208E0,-6.396906549E0,7.386024373E0
2.886542796E1,8.932835206E-1,-3.172890417E0,-6.716328245E0,7.481594359E0
2.887539496E1,8.844828764E-1,-3.101382478E0,-6.924477428E0,7.638669445E0
2.888536196E1,9.819577155E-1,-3.159414339E0,-6.974899723E0,7.719803499E0
2.889532896E1,1.044973743E0,-3.291848511E0,-6.972940321E0,7.781396627E0
2.890529596E1,9.169562656E-1,-3.567551161E0,-6.879298332E0,7.803395134E0
2.891526296E1,6.783825579E-1,-3.817426075E0,-6.153216820E0,7.272896394E0
2.892522996E1,8.347768655E-1,-3.923893347E0,-5.028528863E0,6.432720570E0
2.893519696E1,1.049033757E0,-3.933652934E0,-3.983488169E0,5.695812078E0
2.894516396E1,1.473176748E0,-3.723926758E0,-3.122814277E0,5.078370727E0
2.895512996E1,1.960332550E0,-3.164663969E0,-1.994405737E0,4.223228148E0
2.896509696E1,2.586646237E0,-2.328415652E0,-4.571236253E-1,3.510159571E0
2.897506396E1,3.173558754E0,-1.434547117E0,1.414394689E0,3.758977644E0
2.898503096E1,3.412172222E0,-7.458480245E-1,4.043370674E0,5.343037989E0
2.899499796E1,3.532637729E0,-1.748270702E-1,6.703487175E0,7.579368980E0
2.900496496E1,2.554407613E0,6.966267478E-1,7.885666126E0,8.318294136E0
2.901493196E1,-8.010831624E-1,2.403102137E0,6.973261918E0,7.419098051E0
2.902489896E1,-4.512949161E0,4.532841681E0,4.939426067E0,8.081540305E0
2.903486596E1,-5.967225076E0,5.639129620E0,3.114103096E0,8.780956444E0
2.904483296E1,-5.023980314E0,6.011710693E0,3.450955342E0,8.560965858E0
2.905479996E1,-3.761502720E0,6.686146088E0,6.329436112E0,9.945612787E0
2.906476696E1,-3.201714559E0,7.626457302E0,9.670622259E0,1.272535901E1
2.907473396E1,-2.610700220E0,7.875765620E0,1.354788757E1,1.588674596E1
2.908470096E1,-1.981698860E0,7.351820599E0,1.697065699E1,1.860052675E1
2.909466796E1,-2.681505616E0,7.051730967E0,1.744710216E1,1.900838646E1
2.910463496E1,-4.598039597E0,7.733415155E0,1.536236863E1,1.780309097E1
2.911460196E1,-5.600247974E0,8.385504246E0,1.271263386E1,1.622622934E1
2.912456896E1,-5.450342322E0,8.432000721E0,1.058908769E1,1.459224608E1
2.913453596E1,-4.926391454E0,8.332809724E0,1.000399892E1,1.392066971E1
2.914450296E1,-4.167610265E0,7.798979400E0,1.072305676E1,1.389881294E1
2.915446996E1,-3.095161040E0,6.590843489E0,1.063450418E1,1.288844130E1
2.916443696E1,-1.940668071E0,5.074313731E0,9.619186642E0,1.104733470E1
2.917440396E1,-8.666196325E-1,3.951957058E0,7.925937654E0,8.898847222E0
2.918437096E1,-1.619722590E-2,3.252919503E0,6.098638324E0,6.911956095E0
2.919433796E1,7.841655596E-1,2.699447213E0,4.108185890E0,4.977863215E0
2.920430496E1,1.750174556E0,2.129012734E0,1.677218846E0,3.226277926E0
2.921427196E1,2.606848367E0,1.564803202E0,-5.531945479E-1,3.090354620E0
2.922423896E1,3.013483039E0,8.461786437E-1,-2.356807977E0,3.918117171E0
2.923420596E1,2.812007868E0,-1.796972162E-1,-3.800922309E0,4.731457464E0
2.924417296E1,2.281038587E0,-1.432654958E0,-4.702043145E0,5.418934120E0
2.925413996E1,1.918032914E0,-2.678113062E0,-5.438315184E0,6.358176773E0
2.926410696E1,1.611608555E0,-3.799624811E0,-6.095956791E0,7.361733494E0
2.927407396E1,1.390889613E0,-4.712620758E0,-6.826051247E0,8.410609012E0
2.928404096E1,1.276063892E0,-5.328451849E0,-7.520306364E0,9.304608857E0
2.929400796E1,1.410311870E0,-5.769504402E0,-8.054209778E0,1.000732011E1
2.930397496E1,1.593615357E0,-6.104513606E0,-8.331768335E0,1.045098368E1
2.931394196E1,1.671606688E0,-6.284854601E0,-8.318990414E0,1.055932137E1
2.932390896E1,1.781781388E0,-6.379949039E0,-8.140438668E0,1.049501007E1
2.933387596E1,1.771873865E0,-6.457181987E0,-7.787994820E0,1.027071563E1
2.934384296E1,1.752425441E0,-6.518795267E0,-7.452233080E0,1.005492240E1
2.935380996E1,1.846677295E0,-6.487700944E0,-7.205201667E0,9.869924601E0
2.936377696E1,2.090064431E0,-6.430908692E0,-6.986778926E0,9.723170044E0
2.937374396E1,2.393818221E0,-6.456860974E0,-6.799510735E0,9.677539230E0
2.938371096E1,2.775649297E0,-6.600863863E0,-6.786880165E0,9.865970562E0
2.939367796E1,3.247293313E0,-6.862635521E0,-7.009102426E0,1.033286974E1
2.940364496E1,3.726639866E0,-7.071907369E0,-7.352543315E0,1.086092131E1
2.941361196E1,4.225557927E0,-7.111192473E0,-7.628914887E0,1.125276591E1
2.942357896E1,4.633818125E0,-7.071547181E0,-7.785248968E0,1.149300446E1
2.943354496E1,4.843659492E0,-7.186529753E0,-7.955114676E0,1.176397453E1
2.944351196E1,4.736232984E0,-7.506464251E0,-8.154333406E0,1.205288603E1
2.945347896E1,4.377404270E0,-7.790664074E0,-8.328169373E0,1.221533954E1
2.946344596E1,3.779702763E0,-7.892944155E0,-8.132046744E0,1.194633436E1
2.947341296E1,2.985735370E0,-7.770188295E0,-7.719323950E0,1.135246247E1
2.948337996E1,2.197802888E0,-7.426007733E0,-7.370796568E0,1.069133156E1
2.949334696E1,1.434578692E0,-6.780164053E0,-6.834285296E0,9.733246946E0
2.950331396E1,3.771462867E-1,-5.873270261E0,-5.709081030E0,8.199460292E0
2.951328096E1,-7.343488902E-1,-4.747432156E0,-4.503330783E0,6.584631236E0
2.952324796E1,-1.922135321E0,-3.398577738E0,-3.263676041E0,5.088861969E0
2.953321496E1,-2.462934649E0,-2.145515916E0,-2.413164611E0,4.061114264E0
2.954318196E1,-2.208685725E0,-9.989266276E-1,-2.290366066E0,3.334954835E0
2.955314871E1,-2.034700947E0,8.099036872E-1,-2.173876081E0,3.085723439E0
2.956311571E1,-2.538782684E0,3.316852375E0,-5.777785814E-1,4.216723287E0
2.957308271E1,-2.595479918E0,5.536955373E0,2.454628386E0,6.589354394E0
2.958304971E1,-9.216907561E-1,6.554443987E0,6.104264515E0,9.004015499E0
2.959301671E1,1.244218786E0,6.671694109E0,9.317017740E0,1.152676894E1
2.960298371E1,2.104455013E0,6.900416136E0,1.145245247E1,1.353525550E1
2.961295071E1,1.800092821E0,7.720254242E0,1.205303987E1,1.442631033E1
2.962291771E1,9.856945248E-1,8.729635107E0,1.154906251E1,1.451065014E1
2.963288471E1,4.768747889E-1,9.026372530E0,1.078485364E1,1.407181149E1
2.964285171E1,-9.685678840E-2,9.004391093E0,1.072485068E1,1.400395881E1
2.965281871E1,-8.829912516E-1,9.445679289E0,1.145534450E1,1.487364947E1
2.966278571E1,-7.190300623E-1,9.705068792E0,1.247432474E1,1.582131923E1
2.967275271E1,1.183856517E-2,9.588558927E0,1.266364238E1,1.588421987E1
2.968271971E1,3.741887650E-1,9.362840030E0,1.200645277E1,1.523015754E1
2.969268671E1,3.213574174E-1,8.951259198E0,1.077722770E1,1.401345599E1
2.970265371E1,-2.092031434E-2,8.123960629E0,8.982442984E0,1.211129456E1
2.971262071E1,-4.030719638E-1,6.806246143E0,6.753596059E0,9.596797033E0
2.972258771E1,-7.569859470E-1,5.499725567E0,4.477921123E0,7.132446047E0
2.973255471E1,-1.046401049E0,4.313454734E0,2.278157079E0,4.989072717E0
2.974252171E1,-1.287566242E0,3.104017233E0,4.326565361E-1,3.388206235E0
2.975248871E1,-1.478195705E0,1.926977985E0,-8.795124507E-1,2.582992228E0
2.976245571E1,-1.621809461E0,8.388362950E-1,-1.821483690E0,2.579091912E0
2.977242271E1,-1.585313772E0,-1.568942446E-1,-2.385970380E0,2.868917952E0
2.978238971E1,-1.361207976E0,-1.026485724E0,-2.751661679E0,3.237005112E0
2.979235671E1,-1.010579105E0,-1.768809632E0,-3.186754165E0,3.782242688E0
2.980232371E1,-6.854483333E-1,-2.355546733E0,-3.767358706E0,4.495712563E0
2.981229071E1,-4.278836001E-1,-2.830544711E0,-4.361937507E0,5.217429114E0
2.982225771E1,-2.849153768E-1,-3.317364006E0,-4.845118665E0,5.878882172E0
2.983222471E1,-2.098698722E-1,-3.840777515E0,-5.203265301E0,6.470671300E0
2.984219171E1,-1.527088076E-1,-4.405212750E0,-5.539011254E0,7.078832180E0
2.985215871E1,-9.068037450E-2,-4.988521044E0,-5.682742832E0,7.562217348E0
2.986212571E1,-1.386330977E-2,-5.465538066E0,-5.753049168E0,7.935355901E0
2.987209271E1,5.844043538E-2,-5.800522712E0,-5.657943036E0,8.103196802E0
2.988205871E1,1.040153883E-1,-6.043384475E0,-5.192040986E0,7.968099191E0
2.989202571E1,2.172195299E-1,-6.127177999E0,-4.697633175E0,7.723810717E0
2.990199271E1,3.869513364E-1,-6.083159575E0,-4.418932073E0,7.528713198E0
2.991195971E1,4.844555578E-1,-5.935161869E0,-4.459653836E0,7.439714775E0
2.992192671E1,6.536121444E-1,-5.707630336E0,-4.749911376E0,7.454254554E0
2.993189371E1,8.408959767E-1,-5.399546975E0,-5.111699073E0,7.482758916E0
2.994186071E1,1.117025473E0,-5.008934843E0,-5.396864272E0,7.447369881E0
2.995182771E1,1.368612452E0,-4.551011319E0,-5.582406950E0,7.331307620E0
2.996179471E1,1.465345864E0,-4.050889608E0,-5.512405838E0,6.995967642E0
2.997176171E1,1.361003470E0,-3.588880050E0,-5.024699521E0,6.322973646E0
2.998172871E1,8.186332878E-1,-2.914438223E0,-3.971148205E0,4.993408523E0
2.999169571E1,4.867219386E-1,-2.034976643E0,-2.298786056E0,3.108447444E0
3.000166271E1,1.095972866E-1,-1.061080776E0,-1.932873148E-1,1.084095920E0
3.001162971E1,-5.619872984E-1,3.835405093E-1,1.634310808E0,1.770283837E0
3.002159671E1,-8.890209004E-1,2.327911037E0,2.436102068E0,3.484841639E0
3.003156371E1,-6.281675470E-1,4.211982154E0,2.833805119E0,5.115255573E0
3.004153071E1,-3.304843363E-1,5.899132496E0,3.550728137E0,6.893232507E0
3.005149771E1,1.248003396E-1,7.004518794E0,6.083064265E0,9.278067122E0
3.006146471E1,7.935327990E-1,6.821185194E0,1.018863528E1,1.228684462E1
3.007143171E1,6.899115130E-1,6.170555568E0,1.385600192E1,1.518356095E1
3.008139871E1,-7.950707629E-2,6.014210377E0,1.624602325E1,1.732369243E1
3.009136571E1,-5.885438901E-1,5.955668639E0,1.735590898E1,1.835875675E1
3.010133271E1,-7.619610505E-1,5.857200358E0,1.708153657E1,1.807391138E1
3.011129971E1,-1.120890629E0,6.122524785E0,1.552443006E1,1.672571775E1
3.012126671E1,-1.671849786E0,6.689836850E0,1.341820685E1,1.508632738E1
3.013123371E1,-2.012601103E0,7.336536562E0,1.120172036E1,1.354082238E1
3.014120071E1,-2.114542484E0,8.065459237E0,8.676656994E0,1.203359045E1
3.015116771E1,-2.177227120E0,8.470281272E0,6.199641958E0,1.072014660E1
3.016113471E1,-2.384953550E0,8.303643812E0,4.147442341E0,9.583307465E0
3.017110171E1,-2.496971583E0,7.790899717E0,2.629064863E0,8.593309464E0
3.018106871E1,-2.180425840E0,7.202163454E0,1.939893900E0,7.771010462E0
3.019103571E1,-1.145847276E0,6.440951285E0,2.067079026E0,6.860877141E0
3.020100271E1,7.311416924E-2,5.363119406E0,2.127656765E0,5.770209594E0
3.021096971E1,7.886822413E-1,3.800319461E0,1.823395729E0,4.288265345E0
3.022093671E1,1.216871943E0,1.614944245E0,1.479209905E0,2.505371067E0
3.023090371E1,1.283155103E0,-1.000757976E0,1.503275290E0,2.215364562E0
3.024087071E1,6.435971797E-1,-3.270064124E0,1.614374142E0,3.703206796E0
3.025083771E1,-4.120839849E-2,-4.470846577E0,1.328555224E0,4.664249803E0
3.026080471E1,-1.907931849E-1,-4.562468938E0,7.128059936E-1,4.621754778E0
3.027077171E1,3.997698949E-1,-4.079152710E0,-1.646897525E-1,4.102002622E0
3.028073871E1,1.247654318E0,-3.630113445E0,-1.206863557E0,4.023789826E0
3.029070571E1,1.908553847E0,-3.497264121E0,-2.639757666E0,4.779304829E0
3.030067171E1,2.256979049E0,-3.622989197E0,-4.267231325E0,6.035666354E0
3.031063871E1,2.210747600E0,-3.946623228E0,-5.670418071E0,7.253749441E0
3.032060571E1,1.802246642E0,-4.533836292E0,-6.777785990E0,8.351176409E0
3.033057271E1,1.106469495E0,-5.063570641E0,-7.639204817E0,9.231547683E0
3.034053971E1,2.962021109E-1,-5.397791056E0,-8.311138773E0,9.914580762E0
3.035050671E1,-4.004687834E-1,-5.573387035E0,-8.871382724E0,1.048448615E1
3.036047371E1,-9.622618081E-1,-5.665700537E0,-9.342159013E0,1.096822891E1
3.037044071E1,-1.328764700E0,-5.691907758E0,-9.655653387E0,1.128694254E1
3.038040771E1,-1.454210865E0,-5.673404244E0,-9.797124431E0,1.141428456E1
3.039037471E1,-1.375629403E0,-5.640389695E0,-9.746512687E0,1.134464022E1
3.040034171E1,-1.001478791E0,-5.560153617E0,-9.616068322E0,1.115289370E1
3.041030871E1,-5.057967255E-1,-5.604839793E0,-9.413424878E0,1.096734368E1
3.042027571E1,-1.655843765E-1,-5.766769660E0,-9.167811999E0,1.083198169E1
3.043024271E1,3.681757808E-2,-5.930380016E0,-8.900678444E0,1.069545882E1
3.044020971E1,6.799434721E-2,-6.097916193E0,-8.618204134E0,1.055758721E1
3.045017671E1,-5.909810096E-2,-6.281529289E0,-8.350163090E0,1.044922612E1
3.046014371E1,-1.733095716E-1,-6.494355660E0,-7.971114412E0,1.028325613E1
3.047011071E1,-1.089806977E-1,-6.623375058E0,-7.497843701E0,1.000493049E1
3.048007771E1,-8.463917747E-2,-6.668146604E0,-7.023659070E0,9.685201580E0
3.049004471E1,2.496804938E-2,-6.628467398E0,-6.653995172E0,9.392169888E0
3.050001171E1,1.360619308E-1,-6.563746907E0,-6.287688162E0,9.090451514E0
3.050997871E1,2.930025145E-1,-6.315042606E0,-5.723448808E0,8.527806274E0
3.051994571E1,5.662418787E-1,-5.669026433E0,-4.946025819E0,7.544644589E0
3.052991271E1,7.063316640E-1,-4.794775307E0,-4.094889321E0,6.344832009E0
3.053987971E1,5.886769874E-1,-3.858372957E0,-3.533554280E0,5.264939536E0
3.054984671E1,1.150950580E-1,-2.771100163E0,-3.264932023E0,4.283926248E0
3.055981346E1,-4.807013530E-1,-1.532528325E0,-3.041601714E0,3.439630481E0
3.056978046E1,-9.623099014E-1,-2.169708771E-1,-2.539558024E0,2.724421345E0
3.057974746E1,-1.104633908E0,1.022783267E0,-1.655795817E0,2.237847509E0
3.058971446E1,-5.271150890E-1,1.763809093E0,-6.256380415E-1,1.944298278E0
3.059968146E1,5.395809142E-1,1.755797823E0,6.807486337E-1,1.958926303E0
3.060964846E1,1.214810215E0,1.852367513E0,2.880950049E0,3.634130219E0
3.061961546E1,1.158674021E0,3.059972497E0,6.076214837E0,6.901184240E0
3.062958246E1,4.612762082E-1,4.910693434E0,9.054295909E0,1.031057516E1
3.063954946E1,-2.160826484E-1,5.982869886E0,1.046796145E1,1.205900662E1
3.064951646E1,-2.535395830E-1,5.737355826E0,1.000067653E1,1.153234865E1
3.065948346E1,-1.858169486E-1,5.419369036E0,8.638431991E0,1.019934292E1
3.066945046E1,-4.664402498E-1,5.931027887E0,7.658948525E0,9.698151928E0
3.067941746E1,-8.213083890E-1,6.657430412E0,7.536870357E0,1.008961555E1
3.068938446E1,-5.697010915E-1,6.906424735E0,7.998958268E0,1.058331684E1
3.069935146E1,1.561022575E-1,6.591773196E0,8.804170734E0,1.099951199E1
3.070931846E1,5.577817982E-1,6.236456612E0,9.923391545E0,1.173363590E1
3.071928446E1,4.727706282E-1,6.283919047E0,1.103740775E1,1.270966248E1
3.072925146E1,4.201519000E-1,6.427092215E0,1.172231551E1,1.337522795E1
3.073921846E1,8.615485617E-1,6.442482086E0,1.143253218E1,1.315106967E1
3.074918546E1,1.662272778E0,6.221462597E0,1.022931904E1,1.208754382E1
3.075915246E1,2.234649994E0,5.804245049E0,8.318146076E0,1.038626378E1
3.076911946E1,2.319424096E0,5.278566329E0,6.056800327E0,8.362285622E0
3.077908646E1,2.048570981E0,4.552608193E0,3.814912941E0,6.283028344E0
3.078905346E1,1.740228880E0,3.611951993E0,1.919693524E0,4.445201568E0
3.079902046E1,1.330212032E0,2.588301584E0,4.557963073E-1,2.945593219E0
3.080898746E1,7.007180446E-1,1.528427088E0,-7.084767151E-1,1.824564167E0
3.081895446E1,-2.994832395E-2,4.160650617E-1,-1.730412136E0,1.779981236E0
3.082892146E1,-7.189003272E-1,-6.162216854E-1,-2.572383708E0,2.741113786E0
3.083888846E1,-1.256110122E0,-1.627354376E0,-3.359584996E0,3.938642691E0
3.084885546E1,-1.559352281E0,-2.544436356E0,-4.011430258E0,4.999730855E0
3.085882246E1,-1.718088252E0,-3.197820606E0,-4.526730756E0,5.802514559E0
3.086878946E1,-1.676496715E0,-3.580895677E0,-4.916865170E0,6.309438817E0
3.087875646E1,-1.380224876E0,-3.828889541E0,-5.250956361E0,6.643640458E0
3.088872346E1,-8.358322880E-1,-3.956858194E0,-5.575202011E0,6.887540914E0
3.089869046E1,-4.437598139E-1,-4.150676436E0,-6.020819485E0,7.326343216E0
3.090865746E1,-3.013615479E-1,-4.337723018E0,-6.410196100E0,7.745790716E0
3.091862446E1,-1.846773263E-1,-4.372279478E0,-6.582593068E0,7.904521810E0
3.092859146E1,-4.461257435E-2,-4.379515992E0,-6.512501909E0,7.848237491E0
3.093855846E1,-4.233976163E-2,-4.438753549E0,-6.392784262E0,7.782802602E0
3.094852546E1,-4.759680136E-2,-4.481936406E0,-6.381704957E0,7.798472771E0
3.095849246E1,-1.585146359E-2,-4.546648711E0,-6.314570151E0,7.781135005E0
3.096845946E1,-3.098898215E-2,-4.491513560E0,-6.162574119E0,7.625744170E0
3.097842646E1,5.205644076E-2,-4.198239443E0,-5.845622871E0,7.197168265E0
3.098839346E1,4.753904732E-1,-3.937958824E0,-5.448210427E0,6.739177447E0
3.099836046E1,9.170614424E-1,-3.830430867E0,-4.984543183E0,6.352863375E0
3.100832746E1,1.300334515E0,-3.770455391E0,-4.533909967E0,6.038505055E0
3.101829446E1,1.662359317E0,-3.641255899E0,-4.147251722E0,5.763842457E0
3.102826146E1,1.924185355E0,-3.655763426E0,-3.879497193E0,5.667238655E0
3.103822846E1,1.784899123E0,-3.815298858E0,-3.715610847E0,5.616772581E0
3.104819546E1,1.372496465E0,-3.661008378E0,-3.485674939E0,5.238001401E0
3.105816246E1,6.086429996E-1,-3.031071464E0,-3.068131701E0,4.355602445E0
3.106812946E1,-6.777067660E-1,-1.454464488E0,-2.317622861E0,2.818887925E0
3.107809646E1,-2.138807990E0,9.395586777E-1,-9.656255651E-1,2.527786158E0
3.108806346E1,-2.207616562E0,2.900823566E0,1.040472264E0,3.790901051E0
3.109803046E1,-5.424520067E-1,3.924025494E0,3.438830556E0,5.245739781E0
3.110799746E1,1.747016767E0,4.172064967E0,7.196245487E0,8.499655450E0
3.111796346E1,3.162474479E0,5.143158263E0,1.271708593E1,1.407755648E1
3.112793046E1,3.486418705E0,6.948549246E0,1.833471651E1,1.991480056E1
3.113789746E1,3.628047331E0,8.132709233E0,2.220235029E1,2.392170657E1
3.114786446E1,3.795653675E0,8.532374024E0,2.295759069E1,2.478425637E1
3.115783146E1,3.550186100E0,8.588223705E0,2.118477104E1,2.313343753E1
3.116779846E1,2.767811981E0,8.947168486E0,1.856454015E1,2.079314209E1
3.117776546E1,1.923146304E0,9.133177187E0,1.617936265E1,1.867846870E1
3.118773246E1,1.166600507E0,8.564785141E0,1.411999903E1,1.655569007E1
3.119769946E1,4.587308056E-1,7.843717031E0,1.205991737E1,1.439360753E1
3.120766646E1,-3.880777660E-1,6.903183038E0,1.057488247E1,1.263458268E1
3.121763346E1,-9.809394959E-1,5.950917192E0,1.017061884E1,1.182443002E1
3.122760046E1,-1.117699219E0,5.340413498E0,9.934342210E0,1.133403825E1
3.123756746E1,-1.126056790E0,4.700793595E0,8.569410288E0,9.838712162E0
3.124753446E1,-1.474526431E0,3.847002461E0,5.926243111E0,7.217618273E0
3.125750146E1,-2.108990552E0,2.822649801E0,2.525841041E0,4.335327671E0
3.126746846E1,-2.452821012E0,1.974800023E0,-8.230037892E-1,3.254765934E0
3.127743546E1,-1.918201022E0,1.296378581E0,-3.498514255E0,4.195198992E0
3.128740246E1,-8.876537483E-1,7.607929230E-1,-4.995772176E0,5.130738220E0
3.129736946E1,8.442260209E-2,4.335102296E-1,-5.347822505E0,5.366028684E0
3.130733646E1,1.170466832E0,4.514921719E-1,-5.040682300E0,5.194450485E0
3.131730346E1,2.110543427E0,7.171434581E-1,-4.770280736E0,5.265383803E0
3.132727046E1,2.555586120E0,9.758447438E-1,-5.129132547E0,5.813027960E0
3.133723746E1,2.633923022E0,2.633954304E-1,-6.113694904E0,6.662146277E0
3.134720446E1,2.322975549E0,-1.185229443E0,-7.448794332E0,7.892117665E0
3.135717146E1,1.885879368E0,-2.830724806E0,-8.683314049E0,9.325743230E0
3.136713846E1,1.201472716E0,-4.309971548E0,-9.462957811E0,1.046742385E1
3.137710546E1,4.270698870E-1,-5.458533102E0,-9.778027425E0,1.120659594E1
3.138707246E1,-1.436119287E-1,-6.431358343E0,-9.892465621E0,1.180016401E1
3.139703946E1,-6.541592976E-1,-7.210001062E0,-9.974986206E0,1.232527442E1
3.140700646E1,-1.024693407E0,-7.827993869E0,-9.893583609E0,1.265742791E1
3.141697346E1,-1.190745633E0,-8.175816076E0,-9.307303761E0,1.244539059E1
3.142694046E1,-1.352747348E0,-8.072800416E0,-8.440823584E0,1.175787118E1
3.143690746E1,-1.417836360E0,-7.673656027E0,-7.549065894E0,1.085742385E1
3.144687446E1,-1.411708185E0,-7.231998287E0,-6.979266424E0,1.014913193E1
3.145684146E1,-1.407094148E0,-6.813941664E0,-6.908336774E0,9.804837169E0
3.146680846E1,-1.310102727E0,-6.472890531E0,-7.038418611E0,9.651632895E0
3.147677546E1,-1.184894909E0,-6.180827957E0,-7.487069036E0,9.780736830E0
3.148674246E1,-1.080751394E0,-6.018123919E0,-8.295782230E0,1.030562186E1
3.149670846E1,-7.961333482E-1,-5.836066182E0,-9.129188216E0,1.086441781E1
3.150667546E1,-6.100479393E-1,-5.613793049E0,-9.679670826E0,1.120637578E1
3.151664246E1,-4.285527409E-1,-5.453805043E0,-9.908634342E0,1.131851057E1
3.152660946E1,-2.091289751E-1,-5.384879234E0,-9.742336020E0,1.113345276E1
3.153657646E1,-8.969141847E-2,-5.212275860E0,-9.196789631E0,1.057150906E1
3.154654346E1,-4.847812294E-2,-4.903888444E0,-8.293013574E0,9.634549607E0
3.155651083E1,-1.020540312E-1,-4.469901667E0,-7.328906531E0,8.585063009E0
3.156647783E1,-3.716743526E-1,-3.827466329E0,-6.549822932E0,7.595249882E0
3.157644483E1,-7.461313221E-1,-3.017479611E0,-6.027934962E0,6.782174803E0
3.158641183E1,-9.071667109E-1,-2.188735026E0,-5.719016619E0,6.190368611E0
3.159637883E1,-7.895764267E-1,-1.511395903E0,-5.360633755E0,5.625312681E0
3.160634583E1,-8.387672248E-1,-6.428352875E-1,-4.631681845E0,4.750709881E0
3.161631283E1,-1.258740492E0,7.618921995E-1,-3.332704761E0,3.643052069E0
3.162627983E1,-1.465805894E0,2.319030871E0,-1.491798960E0,3.122812072E0
3.163624683E1,-4.900255788E-1,2.969638862E0,4.776666480E-1,3.047465417E0
3.164621383E1,9.215358049E-1,2.607933025E0,2.184061931E0,3.524297011E0
3.165618083E1,1.481875358E0,2.357991453E0,3.774413956E0,4.690658694E0
3.166614783E1,7.428374393E-1,3.454416894E0,5.964716036E0,6.932722476E0
3.167611483E1,-5.153304644E-2,5.537125527E0,8.444210876E0,1.009787661E1
3.168608183E1,1.330151221E0,6.208221577E0,1.030809623E1,1.210653400E1
3.169604883E1,3.985632343E0,4.692165443E0,1.120061757E1,1.278106082E1
3.170601583E1,4.584135211E0,3.543430227E0,1.213134812E1,1.344395034E1
3.171598283E1,3.069447617E0,3.783063158E0,1.363775343E1,1.448176074E1
3.172594983E1,1.350089496E0,4.454145759E0,1.512915361E1,1.582888009E1
3.173591683E1,5.449990539E-1,4.820782845E0,1.575289364E1,1.648304066E1
3.174588383E1,4.823026130E-1,4.908114227E0,1.487003308E1,1.566652753E1
3.175585083E1,4.395481376E-1,5.060761054E0,1.292857037E1,1.389073205E1
3.176581783E1,2.092347367E-1,4.815616538E0,1.081231100E1,1.183807463E1
3.177578483E1,-2.099214008E-1,4.470672914E0,8.999579419E0,1.005104039E1
3.178575183E1,-6.831413144E-1,4.291094981E0,7.750048730E0,8.885011734E0
3.179571883E1,-9.170702863E-1,4.034954776E0,6.891314945E0,8.038165190E0
3.180568583E1,-9.382997721E-1,3.627124348E0,5.980027555E0,7.056710782E0
3.181565283E1,-9.796356399E-1,3.094150057E0,4.729475942E0,5.735973609E0
3.182561983E1,-1.062144531E0,2.454376956E0,3.208857225E0,4.177185887E0
3.183558683E1,-1.086901276E0,1.774621764E0,1.672884890E0,2.670052555E0
3.184555383E1,-1.009800329E0,1.110216098E0,3.043522525E-1,1.531308847E0
3.185552083E1,-8.859663150E-1,5.143567568E-1,-7.617547899E-1,1.276624277E0
3.186548683E1,-5.989305551E-1,8.466943681E-2,-1.517336090E0,1.633461212E0
3.187545383E1,-2.227431387E-1,-3.055579484E-1,-1.966100535E0,2.002131734E0
3.188542083E1,1.523460061E-1,-6.458927965E-1,-2.252656787E0,2.348371651E0
3.189538783E1,5.101297681E-1,-8.590571362E-1,-2.372504243E0,2.574293675E0
3.190535483E1,8.747741595E-1,-1.097199027E0,-2.406092988E0,2.785383098E0
3.191532183E1,1.143573660E0,-1.368095266E0,-2.575192711E0,3.132261622E0
3.192528883E1,1.126536116E0,-1.718286765E0,-2.977672936E0,3.617751946E0
3.193525583E1,9.969713187E-1,-2.171724890E0,-3.576835955E0,4.301638787E0
3.194522283E1,8.945666190E-1,-2.631700203E0,-4.188432493E0,5.026834206E0
3.195518983E1,8.720820283E-1,-3.009905713E0,-4.782123687E0,5.717409065E0
3.196515683E1,8.908996108E-1,-3.215616606E0,-5.394258168E0,6.342863191E0
3.197512383E1,1.010873805E0,-3.287311072E0,-5.787607967E0,6.732361095E0
3.198509083E1,1.143883051E0,-3.252699648E0,-5.990377126E0,6.911811742E0
3.199505783E1,1.124966577E0,-3.192187983E0,-6.125797471E0,6.998643338E0
3.200502483E1,9.438824013E-1,-3.143932081E0,-6.237744169E0,7.048735719E0
3.201499183E1,7.465587536E-1,-3.109932277E0,-6.432198004E0,7.183467122E0
3.202495883E1,5.553789946E-1,-3.121817327E0,-6.778254937E0,7.483243230E0
3.203492583E1,3.891796738E-1,-3.249197751E0,-7.125369632E0,7.840895308E0
3.204489283E1,4.295221727E-1,-3.430931552E0,-7.447979230E0,8.211466083E0
3.205485983E1,5.210390279E-1,-3.567051224E0,-7.728247971E0,8.527669834E0
3.206482683E1,8.304790159E-1,-3.605058126E0,-7.961270624E0,8.778836451E0
3.207479383E1,1.478942687E0,-3.751343182E0,-7.733602851E0,8.721723465E0
3.208476083E1,2.277120514E0,-3.942452409E0,-6.845433013E0,8.221201978E0
3.209472783E1,2.824959159E0,-4.154514549E0,-5.624576485E0,7.541634174E0
3.210469483E1,2.914731753E0,-3.966377462E0,-4.101834059E0,6.407250113E0
3.211466183E1,3.190243199E0,-3.162303448E0,-2.688859659E0,5.235244124E0
3.212462883E1,3.980694661E0,-2.003779993E0,-1.231368653E0,4.623562804E0
3.213459583E1,4.940921785E0,-5.347103298E-1,-8.468990207E-2,4.970492491E0
3.214456283E1,5.266164969E0,1.469235724E0,5.094854414E-1,5.490967357E0
3.215452983E1,4.232396830E0,3.717848577E0,8.897830850E-1,5.703270545E0
3.216449683E1,1.651783019E0,5.718434236E0,1.484560692E0,6.134557662E0
3.217446383E1,-1.082496276E0,6.734533551E0,2.181307307E0,7.161273763E0
3.218443083E1,-2.739618169E0,6.012450365E0,4.138663332E0,7.796383859E0
3.219439783E1,-3.666132878E0,4.952626741E0,7.555013682E0,9.749219130E0
3.220436483E1,-4.652083949E0,5.649448786E0,1.166354631E1,1.376940337E1
3.221433183E1,-4.308712642E0,6.880311654E0,1.505114590E1,1.710089723E1
3.222429883E1,-2.558008621E0,7.376698748E0,1.719026204E1,1.888025957E1
3.223426483E1,-1.067506647E0,7.434627698E0,1.758600160E1,1.912277991E1
3.224423183E1,-6.689243212E-1,7.752497544E0,1.742961431E1,1.908769585E1
3.225419883E1,-5.743107074E-1,8.113000608E0,1.738874227E1,1.919684790E1
3.226416583E1,-3.051397811E-1,8.135939820E0,1.649413932E1,1.839410936E1
3.227413283E1,-3.619899748E-1,7.706017442E0,1.514499956E1,1.699661005E1
3.228409983E1,-5.923404872E-1,7.012606078E0,1.381188468E1,1.550147314E1
3.229406683E1,-7.928000698E-1,6.388659636E0,1.277457576E1,1.430500925E1
3.230403383E1,-4.435026095E-1,6.091022910E0,1.147784108E1,1.300146494E1
3.231400083E1,3.150405607E-1,6.280397853E0,9.617219054E0,1.149058528E1
3.232396783E1,8.739361073E-1,6.613813106E0,6.889090664E0,9.589883122E0
3.233393483E1,1.114566646E0,6.585610816E0,3.621166620E0,7.597721785E0
3.234390183E1,1.232034066E0,5.868400115E0,2.952130544E-1,6.003597138E0
3.235386883E1,1.191195211E0,4.849181310E0,-2.455034768E0,5.564234100E0
3.236383583E1,1.449226845E0,4.036026571E0,-4.029821506E0,5.884660593E0
3.237380283E1,2.098846072E0,3.372862853E0,-4.784204126E0,6.218518134E0
3.238376983E1,2.784975313E0,2.469886111E0,-4.774672580E0,6.054248355E0
3.239373683E1,2.988616877E0,9.245576459E-1,-4.665486937E0,5.617241854E0
3.240370383E1,2.557026581E0,-8.101995564E-1,-4.720830249E0,5.429645154E0
3.241367083E1,1.697211061E0,-2.528709685E0,-4.879816042E0,5.752173734E0
3.242363783E1,9.244354391E-1,-4.225235453E0,-5.128508649E0,6.708859551E0
3.243360483E1,2.966830444E-1,-5.696708322E0,-5.369101692E0,7.833757688E0
3.244357183E1,-2.273223491E-1,-6.961397333E0,-5.861399828E0,9.103226693E0
3.245353883E1,-6.719688933E-1,-7.891430896E0,-6.505077115E0,1.024901225E1
3.246350583E1,-9.109070286E-1,-8.587146063E0,-7.141490990E0,1.120578969E1
3.247347283E1,-9.261447264E-1,-9.135481575E0,-7.795203853E0,1.204491473E1
3.248343983E1,-9.710114354E-1,-9.302651131E0,-8.391991147E0,1.256613293E1
3.249340683E1,-1.113156444E0,-9.245749537E0,-8.799992899E0,1.281260617E1
3.250337383E1,-1.206456883E0,-9.225100095E0,-9.048609492E0,1.297826428E1
3.251334083E1,-1.286257489E0,-9.277759534E0,-9.208657140E0,1.313509218E1
3.252330783E1,-1.461302514E0,-9.280573799E0,-9.165440953E0,1.312515764E1
3.253327483E1,-1.710020849E0,-9.116165298E0,-8.944844803E0,1.288560785E1
3.254324183E1,-1.819557617E0,-8.814553050E0,-8.679420973E0,1.250357884E1
3.255321046E1,-1.739890765E0,-8.518063549E0,-8.463000319E0,1.213288922E1
3.256317746E1,-1.545111826E0,-8.273890255E0,-8.334287315E0,1.184504012E1
3.257314446E1,-1.289480621E0,-8.107253380E0,-8.313897489E0,1.168380114E1
3.258311146E1,-9.563459607E-1,-7.949111339E0,-8.318638412E0,1.154567944E1
3.259307846E1,-6.598278809E-1,-7.723443899E0,-8.201920971E0,1.128532082E1
3.260304446E1,-4.381400549E-1,-7.382795640E0,-8.053139153E0,1.093392374E1
3.261301146E1,-2.454961532E-1,-6.901416010E0,-7.796312485E0,1.041500358E1
3.262297846E1,-1.457983489E-1,-6.435443793E0,-7.529977659E0,9.906399826E0
3.263294546E1,-7.976040691E-2,-6.038503219E0,-7.377250140E0,9.533818883E0
3.264291246E1,-5.208677776E-2,-5.614950213E0,-7.150451263E0,9.091717780E0
3.265287946E1,-6.388192736E-2,-4.953198599E0,-6.682660562E0,8.318425900E0
3.266284646E1,7.394820146E-2,-4.004910028E0,-5.912551855E0,7.141641416E0
3.267281346E1,1.939628509E-1,-2.930419248E0,-4.881056237E0,5.696462810E0
3.268278046E1,2.549957955E-1,-1.646198782E0,-3.688493800E0,4.047218773E0
3.269274746E1,2.160798710E-1,-1.753077114E-1,-2.246460493E0,2.263627189E0
3.270271446E1,3.301697196E-1,1.397344792E0,-9.015102607E-1,1.695377617E0
3.271268146E1,6.276890255E-1,2.804207098E0,2.930016375E-1,2.888498039E0
3.272264846E1,1.122375676E0,3.755279528E0,9.057682031E-1,4.022718922E0
3.273261546E1,1.678722019E0,4.043358395E0,1.107262670E0,4.515848242E0
3.274258246E1,2.064607262E0,3.925974371E0,2.136085526E0,4.923285415E0
3.275254946E1,1.866265760E0,4.413029893E0,4.611827039E0,6.650317990E0
3.276251646E1,7.286569912E-1,5.969756336E0,7.968652734E0,9.983404135E0
3.277248346E1,-3.793605176E-1,7.582042437E0,1.107240801E1,1.342495814E1
3.278245046E1,-2.413237628E-1,7.618222083E0,1.263233756E1,1.475369435E1
3.279241746E1,5.113158758E-1,6.332010641E0,1.197346044E1,1.355431878E1
3.280238446E1,3.414390583E-1,5.496769799E0,1.044652088E1,1.180935465E1
3.281235146E1,-2.166153115E-1,5.866007434E0,9.857431444E0,1.147283400E1
3.282231846E1,-7.089071067E-2,6.533056042E0,1.027706389E1,1.217800842E1
3.283228546E1,6.826251514E-1,6.591543986E0,1.101955386E1,1.285865454E1
3.284225246E1,1.097065053E0,6.577253391E0,1.185086771E1,1.359804690E1
3.285221946E1,1.110619264E0,6.585790325E0,1.245313326E1,1.413105224E1
3.286218646E1,1.073932006E0,6.240596441E0,1.242220383E1,1.394308151E1
3.287215346E1,8.462480794E-1,5.762549724E0,1.137439214E1,1.277888539E1
3.288212046E1,5.093093306E-1,5.215474287E0,9.498949762E0,1.084853053E1
3.289208746E1,2.258708875E-1,4.603753788E0,7.241786526E0,8.584231980E0
3.290205446E1,3.090483250E-2,3.929576256E0,4.907251178E0,6.286782864E0
3.291202146E1,-4.195846835E-2,3.132538197E0,2.588374674E0,4.063771588E0
3.292198846E1,-2.669993801E-1,2.255135422E0,4.796330667E-1,2.320985204E0
3.293195446E1,-2.411918350E-1,1.458331252E0,-9.095963752E-1,1.735588980E0
3.294192146E1,-9.277667440E-2,6.997129083E-1,-1.604999301E0,1.753347775E0
3.295188846E1,-2.728433980E-1,-1.697937870E-1,-2.019772128E0,2.045177963E0
3.296185546E1,-7.734433740E-1,-1.027814797E0,-2.490496961E0,2.803068501E0
3.297182246E1,-1.294816059E0,-1.847475733E0,-2.938557987E0,3.704704881E0
3.298178946E1,-1.500407085E0,-2.510282770E0,-3.337081402E0,4.437212333E0
3.299175646E1,-1.592997452E0,-3.063012464E0,-3.788543168E0,5.125694643E0
3.300172346E1,-1.641214762E0,-3.404107450E0,-4.359429637E0,5.769415931E0
3.301169046E1,-1.451647884E0,-3.597767233E0,-5.114728516E0,6.419630708E0
3.302165746E1,-1.055836116E0,-3.739605482E0,-5.875512668E0,7.044223745E0
3.303162446E1,-6.178505735E-1,-3.811625052E0,-6.393129247E0,7.468756687E0
3.304159146E1,-2.388110681E-1,-3.784301598E0,-6.600540512E0,7.612168177E0
3.305155846E1,-2.580273941E-2,-3.795974395E0,-6.736991136E0,7.732860852E0
3.306152546E1,-4.756125212E-3,-3.937749494E0,-6.856299478E0,7.906626097E0
3.307149246E1,-1.014610322E-1,-4.035962251E0,-6.730120073E0,7.848171878E0
3.308145946E1,-1.992356142E-1,-3.950841410E0,-6.347827359E0,7.479555793E0
3.309142646E1,-2.585215204E-1,-3.783999297E0,-5.947695960E0,7.054117329E0
3.310139346E1,-3.110503111E-1,-3.739922985E0,-5.496845813E0,6.655756165E0
3.311136046E1,-1.998295086E-1,-3.669918950E0,-5.193938992E0,6.362801206E0
3.312132746E1,2.067800207E-2,-3.587318258E0,-4.947484115E0,6.111209286E0
3.313129446E1,2.902565524E-1,-3.425419967E0,-4.676309549E0,5.803931582E0
3.314126146E1,6.565603837E-1,-3.046461335E0,-4.304776881E0,5.314423977E0
3.315122846E1,1.187893873E0,-2.468295084E0,-4.129703059E0,4.955604890E0
3.316119546E1,1.871872070E0,-1.817329243E0,-3.938531851E0,4.724259071E0
3.317116246E1,2.925734751E0,-1.225992723E0,-3.420980760E0,4.665414382E0
3.318112946E1,4.235773889E0,-5.931801474E-1,-2.583154864E0,4.996632084E0
3.319109646E1,5.040852454E0,1.905508178E-1,-1.549322698E0,5.277016572E0
3.320106346E1,4.919263113E0,9.551619726E-1,-2.560998595E-1,5.017675867E0
3.321103046E1,3.713452348E0,1.535993385E0,1.232381390E0,4.203304404E0
3.322099746E1,1.778004525E0,1.960892420E0,2.311755180E0,3.514343636E0
3.323096446E1,-5.797060795E-1,2.523098112E0,2.920536869E0,3.902770660E0
3.324093146E1,-2.315577067E0,3.106527443E0,3.663130918E0,5.332066956E0
3.325089846E1,-2.065156315E0,3.572505507E0,5.817322347E0,7.132244071E0
3.326086546E1,-4.433243791E-1,4.478960173E0,9.163874484E0,1.020951597E1
3.327083146E1,1.277002955E0,5.793701350E0,1.394332190E1,1.515301744E1
3.328079846E1,2.722126516E0,6.527460841E0,1.943528412E1,2.068206920E1
3.329076546E1,2.712356403E0,5.960369800E0,2.316246310E1,2.407036730E1
3.330073246E1,6.800186089E-1,4.690855667E0,2.339916073E1,2.387440627E1
3.331069946E1,-2.600067059E0,4.003418403E0,2.082670393E1,2.136678039E1
3.332066646E1,-4.654287473E0,3.928717884E0,1.696778484E1,1.802783788E1
3.333063346E1,-4.770397680E0,4.247332081E0,1.326036477E1,1.471848490E1
3.334060046E1,-3.759725166E0,5.091665928E0,1.122313988E1,1.288485405E1
3.335056746E1,-1.941069482E0,6.384449056E0,1.040625695E1,1.236200325E1
3.336053446E1,1.446761220E-1,7.272041189E0,9.730683104E0,1.214865046E1
3.337050146E1,2.007435818E0,7.672737429E0,8.495010316E0,1.162178551E1
3.338046846E1,3.192563666E0,7.845524991E0,6.472580044E0,1.066016030E1
3.339043546E1,3.625852579E0,7.480135408E0,3.618710790E0,9.066107237E0
3.340040246E1,3.261046841E0,6.867892168E0,2.069879258E-1,7.605604074E0
3.341036946E1,2.991291686E0,6.183879034E0,-2.455958043E0,7.295198131E0
3.342033646E1,3.596063062E0,5.304902188E0,-3.180454960E0,7.154645381E0
3.343030346E1,4.389375567E0,4.395667756E0,-2.225555527E0,6.598606693E0
3.344027046E1,4.771779377E0,3.289028399E0,-1.182410501E0,5.914869468E0
3.345023746E1,4.247550766E0,1.666451783E0,-9.527476573E-1,4.661166931E0
3.346020446E1,2.893197042E0,-6.437316656E-1,-1.633767602E0,3.384401891E0
3.347017146E1,1.338882576E0,-3.295341638E0,-3.013830948E0,4.662087520E0
3.348013846E1,-4.389611502E-1,-5.676812001E0,-4.789359616E0,7.440218204E0
3.349010546E1,-2.120011677E0,-7.511747210E0,-6.487858819E0,1.014953732E1
3.350007246E1,-3.248388496E0,-8.785120506E0,-7.705252626E0,1.212853199E1
3.351003946E1,-3.720614310E0,-9.549080865E0,-8.491607237E0,1.330921897E1
3.352000646E1,-3.701619337E0,-9.894267733E0,-8.836714582E0,1.377265567E1
3.352997346E1,-3.252249705E0,-1.009435244E1,-8.744092348E0,1.374526210E1
3.353994046E1,-2.621789172E0,-1.015290879E1,-8.529324701E0,1.351683081E1
3.354990746E1,-2.223258741E0,-9.918823700E0,-8.484214602E0,1.324038672E1
3.355987283E1,-2.033643478E0,-9.501257073E0,-8.757709343E0,1.308078991E1
3.356983983E1,-1.904708572E0,-9.162572894E0,-9.212560741E0,1.313209550E1
3.357980683E1,-1.733702365E0,-8.928245142E0,-9.595721766E0,1.322108775E1
3.358977383E1,-1.454628649E0,-8.576280767E0,-9.947741690E0,1.321461695E1
3.359974083E1,-1.122463676E0,-8.147552390E0,-1.034258428E1,1.321406767E1
3.360970783E1,-6.668410313E-1,-7.665109736E0,-1.072616514E1,1.320034859E1
3.361967383E1,-9.530961514E-2,-7.142057000E0,-1.074393950E1,1.290156185E1
3.362964083E1,6.006402079E-1,-6.607880521E0,-1.031498893E1,1.226474012E1
3.363960783E1,1.124042278E0,-6.205982679E0,-9.783127366E0,1.163990005E1
3.364957483E1,1.322309228E0,-5.996047756E0,-8.925273002E0,1.083335537E1
3.365954183E1,1.401030877E0,-6.000398085E0,-7.985082241E0,1.008608958E1
3.366950883E1,1.350842763E0,-6.027756037E0,-7.261900363E0,9.533824830E0
3.367947583E1,1.116500832E0,-5.950924793E0,-6.836473909E0,9.132220733E0
3.368944283E1,8.620067641E-1,-5.826799514E0,-6.338303999E0,8.652672756E0
3.369940983E1,8.346165787E-1,-5.589337070E0,-5.755706728E0,8.066314750E0
3.370937683E1,9.178722319E-1,-5.235165371E0,-5.240055397E0,7.463754180E0
3.371934383E1,8.620262061E-1,-4.675637119E0,-4.662082103E0,6.658804787E0
3.372931083E1,7.138087910E-1,-3.935500070E0,-4.056933290E0,5.697051124E0
3.373927783E1,4.825623755E-1,-3.156294850E0,-3.583942076E0,4.799969211E0
3.374924483E1,-4.742437245E-2,-2.393689290E0,-3.015465245E0,3.850328315E0
3.375921183E1,-1.040517142E0,-1.289787015E0,-2.395263360E0,2.912647083E0
3.376917883E1,-2.039668010E0,3.997963536E-1,-1.688161910E0,2.677680592E0
3.377914583E1,-2.295546552E0,2.039363224E0,-7.595392799E-1,3.163137090E0
3.378911283E1,-1.406032878E0,3.049298404E0,1.695727623E-1,3.362127918E0
3.379907983E1,-3.846733343E-2,3.894831516E0,1.056615257E0,4.035793363E0
3.380904683E1,7.574335514E-1,5.157833020E0,2.522626827E0,5.791424104E0
3.381901383E1,5.832698478E-1,7.026350543E0,4.615468100E0,8.426882665E0
3.382898083E1,1.164071732E-1,8.379399168E0,6.477712145E0,1.059191369E1
3.383894783E1,2.794688050E-1,7.830777143E0,8.008315567E0,1.120411941E1
3.384891483E1,7.134222901E-1,6.210172209E0,9.738441775E0,1.157205506E1
3.385888183E1,3.222958955E-1,5.538614813E0,1.152517429E1,1.279100352E1
3.386884883E1,-1.869851127E-1,6.163300928E0,1.317892943E1,1.455010044E1
3.387881583E1,3.312831391E-1,6.941477038E0,1.446534494E1,1.604805459E1
3.388878283E1,1.792782485E0,7.174457007E0,1.478735929E1,1.653338735E1
3.389874983E1,2.778157752E0,7.197833006E0,1.414306980E1,1.611066057E1
3.390871683E1,2.771157173E0,7.292474284E0,1.313233297E1,1.527473936E1
3.391868283E1,2.325153929E0,7.065766039E0,1.200995642E1,1.412694035E1
3.392864983E1,1.725903348E0,6.543214994E0,1.076454626E1,1.271486772E1
3.393861683E1,1.233542063E0,6.093288707E0,9.236213897E0,1.113361758E1
3.394858383E1,9.811404209E-1,5.702165528E0,7.272568023E0,9.293415620E0
3.395855083E1,9.515322404E-1,5.254224370E0,5.156613291E0,7.423135993E0
3.396851783E1,8.351217051E-1,4.662333534E0,3.207514120E0,5.720395884E0
3.397848483E1,4.150445398E-1,3.960226775E0,1.289399929E0,4.185476109E0
3.398845183E1,-8.481305905E-2,3.134571859E0,-3.438630581E-1,3.154516729E0
3.399841883E1,-4.539856074E-1,2.172366330E0,-1.493128617E0,2.674829241E0
3.400838583E1,-7.747117813E-1,1.144569075E0,-2.390490278E0,2.761278776E0
3.401835283E1,-1.025855979E0,1.683699900E-1,-3.017267942E0,3.191337459E0
3.402831983E1,-1.097584066E0,-9.048911208E-1,-3.222745532E0,3.522727279E0
3.403828683E1,-1.064080836E0,-1.831923308E0,-3.094199758E0,3.749971090E0
3.404825383E1,-1.004816967E0,-2.470588946E0,-2.927189831E0,3.960038785E0
3.405822083E1,-1.022035774E0,-3.007251661E0,-2.769792725E0,4.214246246E0
3.406818783E1,-8.440505496E-1,-3.475786713E0,-2.773082954E0,4.525870488E0
3.407815483E1,-5.664282222E-1,-3.895488158E0,-2.971262049E0,4.931943540E0
3.408812183E1,-4.091644701E-1,-4.216016732E0,-3.329569484E0,5.387786707E0
3.409808883E1,-3.536795099E-1,-4.462256432E0,-3.986598887E0,5.994146507E0
3.410805583E1,-4.104721268E-1,-4.710273101E0,-4.796810723E0,6.735321311E0
3.411802283E1,-3.361991125E-1,-4.920339586E0,-5.309637263E0,7.246724733E0
3.412798983E1,-2.637049492E-2,-5.023540603E0,-5.466163133E0,7.423987809E0
3.413795683E1,2.285018421E-1,-5.089049299E0,-5.401784704E0,7.424952111E0
3.414792383E1,3.375933811E-1,-5.072627978E0,-5.153086250E0,7.238772120E0
3.415789083E1,3.862183879E-1,-4.999174671E0,-4.897897387E0,7.009301737E0
3.416785783E1,3.751879445E-1,-5.001300133E0,-4.829705989E0,6.962745791E0
3.417782483E1,3.672002825E-1,-5.026595188E0,-4.958841162E0,7.070473881E0
3.418779183E1,4.526817879E-1,-5.033361586E0,-5.111062312E0,7.187670528E0
3.419775883E1,6.475887814E-1,-4.927814666E0,-5.151491130E0,7.158253242E0
3.420772583E1,8.275180589E-1,-4.642486914E0,-5.168440454E0,6.996445356E0
3.421769283E1,7.400114800E-1,-4.097315331E0,-5.011928033E0,6.515752644E0
3.422765983E1,4.058913815E-1,-3.207740407E0,-4.552384830E0,5.583775960E0
3.423762583E1,2.450417697E-1,-1.845540304E0,-3.462866120E0,3.931603522E0
3.424759283E1,4.402899300E-1,5.281439066E-2,-1.771796390E0,1.826446558E0
3.425755983E1,1.009706554E0,2.330736997E0,1.330229867E-1,2.543528531E0
3.426752683E1,1.720023242E0,4.558362438E0,2.231762931E0,5.358909763E0
3.427749383E1,2.184988130E0,6.385698021E0,4.026359369E0,7.858936449E0
3.428746083E1,2.172346157E0,7.433727227E0,4.919061384E0,9.174778101E0
3.429742783E1,1.674347717E0,7.711862903E0,5.141351473E0,9.418586130E0
3.430739483E1,1.485884940E0,7.266444819E0,5.348093816E0,9.143915016E0
3.431736183E1,1.246075423E0,6.717362618E0,6.050207006E0,9.125824309E0
3.432732883E1,8.325224715E-1,6.801950778E0,7.782407221E0,1.036944985E1
3.433729583E1,1.115929632E0,7.033532093E0,1.026339544E1,1.249212386E1
3.434726283E1,1.917774614E0,6.892923514E0,1.285008787E1,1.470765149E1
3.435722983E1,2.236174802E0,6.322570311E0,1.512330171E1,1.654356757E1
3.436719683E1,1.403409817E0,6.007199566E0,1.651525128E1,1.762979100E1
3.437716383E1,8.591531402E-2,6.186175820E0,1.667183387E1,1.778274999E1
3.438713083E1,-3.744771058E-1,6.005984514E0,1.574550393E1,1.685624446E1
3.439709783E1,-4.553037708E-2,5.390152254E0,1.388540523E1,1.489497542E1
3.440706483E1,2.465180637E-1,4.975265990E0,1.149975762E1,1.253229700E1
3.441703183E1,6.276285799E-1,4.762289346E0,9.064260149E0,1.025836875E1
3.442699883E1,1.091114487E0,4.585923289E0,6.718920316E0,8.207625324E0
3.443696583E1,1.462832877E0,4.629009082E0,4.363450182E0,6.527426951E0
3.444693283E1,1.455543445E0,4.541411360E0,2.041537219E0,5.187571501E0
3.445689983E1,1.134459239E0,3.891559414E0,-2.528312659E-1,4.061422914E0
3.446686683E1,3.789367772E-1,2.677238318E0,-2.434676517E0,3.638522755E0
3.447683383E1,-8.150072102E-1,1.346396833E0,-4.090502155E0,4.382833452E0
3.448680083E1,-1.724276507E0,2.470664960E-1,-4.785931394E0,5.093064954E0
3.449676783E1,-1.916108011E0,-6.618726522E-1,-5.008186399E0,5.402913689E0
3.450673483E1,-1.528687289E0,-1.330939134E0,-5.069248288E0,5.459447042E0
3.451670183E1,-9.365960397E-1,-2.034980736E0,-5.266733319E0,5.723359030E0
3.452666883E1,-4.469895966E-1,-3.006754648E0,-5.692871379E0,6.453615866E0
3.453663483E1,-1.888388810E-1,-4.068316650E0,-6.116683416E0,7.348515258E0
3.454660183E1,-8.413386840E-2,-5.047293162E0,-6.458567192E0,8.197276191E0
3.455656946E1,-7.972920653E-2,-5.835694883E0,-6.603478737E0,8.812923633E0
3.456653646E1,-1.147168893E-1,-6.476431020E0,-6.591035278E0,9.241161440E0
3.457650346E1,-1.507326497E-1,-6.955156599E0,-6.613000928E0,9.598369910E0
3.458647046E1,-1.159008043E-1,-7.259916987E0,-6.793771108E0,9.943598621E0
3.459643746E1,-7.661698032E-2,-7.502599826E0,-7.129090800E0,1.034982173E1
3.460640446E1,-5.812958278E-2,-7.651758789E0,-7.369441769E0,1.062362761E1
3.461637146E1,-1.760395635E-2,-7.725457680E0,-7.435266214E0,1.072222878E1
3.462633846E1,2.137975931E-2,-7.698800808E0,-7.375581930E0,1.066166965E1
3.463630546E1,8.895515352E-3,-7.548006964E0,-7.231793050E0,1.045329225E1
3.464627246E1,-2.297586646E-2,-7.252138436E0,-7.091192656E0,1.014293119E1
3.465623946E1,-2.399814248E-2,-6.858492769E0,-6.974844174E0,9.782021786E0
3.466620646E1,1.134737713E-1,-6.466452747E0,-6.847471352E0,9.418903935E0
3.467617346E1,2.678030981E-1,-6.236273594E0,-6.812050089E0,9.239418448E0
3.468614046E1,2.274617321E-1,-6.064377149E0,-6.843908644E0,9.146993745E0
3.469610746E1,1.043804739E-1,-6.000020939E0,-6.955158938E0,9.186151665E0
3.470607446E1,1.446944676E-2,-6.043858684E0,-6.975177466E0,9.229384478E0
3.471604146E1,-7.135722712E-3,-6.046853628E0,-6.801544982E0,9.100851820E0
3.472600846E1,3.255181499E-2,-6.009470040E0,-6.528775295E0,8.873539127E0
3.473597546E1,1.002026383E-2,-5.898863524E0,-6.202948558E0,8.559980262E0
3.474594246E1,6.304043993E-2,-5.848037771E0,-5.893950108E0,8.303142041E0
3.475590946E1,1.559792284E-1,-5.896945637E0,-5.626625934E0,8.152129584E0
3.476587646E1,1.118911858E-1,-5.738967319E0,-5.267360140E0,7.790593582E0
3.477584346E1,3.249736279E-2,-5.167069282E0,-4.843528222E0,7.082332009E0
3.478581046E1,5.851893425E-3,-4.347020676E0,-4.446160802E0,6.218116184E0
3.479577746E1,-1.130110738E-1,-3.388336925E0,-4.093429272E0,5.315050500E0
3.480574446E1,-5.364211520E-1,-2.315737719E0,-3.903789450E0,4.570553676E0
3.481571146E1,-1.498527643E0,-1.049616725E0,-3.924455264E0,4.329968763E0
3.482567846E1,-2.257094824E0,2.397077751E-1,-3.683928879E0,4.327039270E0
3.483564546E1,-2.064728445E0,1.046908295E0,-3.057903167E0,3.835347743E0
3.484561146E1,-1.343526289E0,1.611861593E0,-2.099196028E0,2.968128138E0
3.485557846E1,-5.170785626E-1,2.256000810E0,-5.482665145E-1,2.378551253E0
3.486554546E1,-5.060724582E-1,3.179760311E0,2.395251081E0,4.013005446E0
3.487551246E1,-1.505948199E0,4.491034673E0,5.889375247E0,7.557910638E0
3.488547946E1,-2.443076773E0,5.388509771E0,8.195893661E0,1.010828050E1
3.489544646E1,-2.142325529E0,4.466124365E0,8.496103746E0,9.834612569E0
3.490541346E1,-1.090349525E0,2.768606910E0,8.234940197E0,8.756042849E0
3.491538046E1,-5.109801725E-1,2.917412701E0,9.059433272E0,9.531302578E0
3.492534746E1,6.570881680E-3,4.730251282E0,1.132069833E1,1.226921069E1
3.493531446E1,7.897120091E-1,6.458420427E0,1.335885293E1,1.485913158E1
3.494528146E1,1.524600670E0,7.264985354E0,1.393331147E1,1.578738699E1
3.495524846E1,1.809375568E0,7.623285772E0,1.342965453E1,1.554811714E1
3.496521546E1,1.980362918E0,7.778086129E0,1.280010821E1,1.510838282E1
3.497518246E1,2.282391340E0,8.028807135E0,1.254687349E1,1.506967447E1
3.498514946E1,2.561068177E0,8.416233703E0,1.206294389E1,1.493005945E1
3.499511646E1,2.949768561E0,8.410991090E0,1.075106258E1,1.396535901E1
3.500508346E1,2.966103928E0,8.041462848E0,8.941221868E0,1.238581228E1
3.501505046E1,2.856033601E0,7.439296115E0,6.786115349E0,1.046668124E1
3.502501746E1,2.754493486E0,6.489265074E0,4.363976431E0,8.291084722E0
3.503498446E1,2.428832225E0,5.304412192E0,2.144237130E0,6.215606772E0
3.504495146E1,1.921412313E0,3.999847509E0,1.469393599E-1,4.439841950E0
3.505491846E1,1.393215343E0,2.726677696E0,-1.369407381E0,3.354265467E0
3.506488546E1,9.347582598E-1,1.365322516E0,-2.257301815E0,2.798801540E0
3.507485246E1,4.346788687E-1,6.111568272E-2,-2.857542475E0,2.891060332E0
3.508481946E1,-1.281452759E-1,-9.348469913E-1,-3.601391337E0,3.722953085E0
3.509478646E1,-5.004866131E-1,-1.707316219E0,-4.160825449E0,4.525249599E0
3.510475346E1,-3.729582185E-1,-2.267216354E0,-4.370380302E0,4.937569424E0
3.511472046E1,2.289320876E-1,-2.452101805E0,-4.588834618E0,5.207937817E0
3.512468746E1,8.551469569E-1,-2.548774406E0,-4.765516425E0,5.471533065E0
3.513465446E1,1.480230098E0,-2.639109210E0,-5.027527235E0,5.867879400E0
3.514462046E1,1.698011691E0,-2.777688805E0,-5.376540520E0,6.285378809E0
3.515458746E1,1.509904279E0,-3.053285621E0,-5.739882408E0,6.674474816E0
3.516455446E1,1.316386583E0,-3.382365748E0,-6.092420980E0,7.091605255E0
3.517452146E1,1.275887306E0,-3.757319037E0,-6.434620505E0,7.559740459E0
3.518448846E1,1.257499275E0,-4.249951048E0,-6.821951764E0,8.135257477E0
3.519445546E1,1.207500026E0,-4.714166762E0,-7.226893668E0,8.712601027E0
3.520442246E1,1.132865142E0,-4.819842321E0,-7.600896199E0,9.071267081E0
3.521438946E1,1.098872135E0,-4.521474109E0,-7.722655694E0,9.016133265E0
3.522435646E1,1.034835914E0,-4.159803940E0,-7.683108051E0,8.798011338E0
3.523432346E1,1.103445973E0,-4.006691675E0,-7.450466636E0,8.531156093E0
3.524429046E1,1.291724197E0,-3.857805777E0,-6.957040572E0,8.059257431E0
3.525425746E1,1.425988840E0,-3.646657557E0,-6.134536720E0,7.277643594E0
3.526422446E1,1.287586561E0,-3.565305830E0,-5.501380913E0,6.680903889E0
3.527419146E1,1.283192233E0,-3.483872827E0,-5.144576797E0,6.344337838E0
3.528415846E1,9.821057231E-1,-3.237702709E0,-4.699951596E0,5.791096225E0
3.529412546E1,5.119139363E-1,-2.727522911E0,-3.848769490E0,4.744940852E0
3.530409246E1,4.474327424E-1,-1.970462851E0,-2.224280834E0,3.005053266E0
3.531405946E1,3.807679790E-1,-1.264400451E0,5.236947602E-1,1.420545302E0
3.532402646E1,1.782016446E-1,-7.702192193E-1,3.341805952E0,3.434044335E0
3.533399346E1,5.349208295E-2,1.654171461E-1,6.110311705E0,6.112784421E0
3.534396046E1,2.821969331E-1,1.352636689E0,9.542029123E0,9.641554901E0
3.535392746E1,3.670727766E-1,2.291988668E0,1.318577301E1,1.338852361E1
3.536389446E1,3.156054383E-1,2.797353869E0,1.608049442E1,1.632504507E1
3.537386146E1,8.750447394E-1,2.933733450E0,1.883702508E1,1.908418217E1
3.538382846E1,7.543258294E-1,2.318440302E0,2.188761572E1,2.202298560E1
3.539379546E1,2.912079310E-1,1.518278076E0,2.373210820E1,2.378240800E1
3.540376246E1,-6.862830234E-1,1.118160126E0,2.273933518E1,2.277715151E1
3.541372946E1,-2.272030805E0,1.154957531E0,1.903498607E1,1.920486255E1
3.542369646E1,-3.438497264E0,1.916112396E0,1.502094971E1,1.552815766E1
3.543366346E1,-4.078384386E0,3.062613684E0,1.179374743E1,1.284933073E1
3.544363046E1,-4.498643070E0,3.695166058E0,8.614328599E0,1.039705241E1
3.545359646E1,-5.018580410E0,3.813718940E0,5.573091166E0,8.413676166E0
3.546356346E1,-5.293760903E0,3.762015520E0,2.900528866E0,7.112645990E0
3.547353046E1,-5.327475949E0,3.834825050E0,8.405635625E-1,6.617736037E0
3.548349746E1,-4.595206036E0,3.918659504E0,1.563077688E-2,6.039209811E0
3.549346446E1,-3.667111117E0,3.557623174E0,3.842556238E-1,5.123674363E0
3.550343146E1,-2.982540159E0,2.466066125E0,1.219301754E0,4.057551564E0
3.551339846E1,-2.539136440E0,9.617693263E-1,2.312429364E0,3.566446924E0
3.552336546E1,-2.373684942E0,-6.085957468E-1,3.498755161E0,4.271540315E0
3.553333246E1,-2.553470597E0,-1.465895210E0,3.985223622E0,4.954903448E0
3.554329946E1,-2.551606797E0,-8.298719287E-1,4.111055118E0,4.909191262E0
3.555326646E1,-6.558931433E-1,5.816009063E-1,3.979236073E0,4.074650311E0
3.556323338E1,2.799547452E0,1.432101812E0,2.853220798E0,4.246086487E0
3.557320038E1,5.168385490E0,1.552235781E0,1.064396147E0,5.500416680E0
3.558316738E1,6.193624588E0,1.095312715E0,-8.749761808E-1,6.350297536E0
3.559313437E1,6.102052513E0,7.386378229E-2,-2.492670956E0,6.591957921E0
3.560310137E1,5.520999491E0,-1.105296836E0,-3.799823617E0,6.792773807E0
3.561306837E1,4.502719749E0,-2.399358750E0,-4.945515942E0,7.105598883E0
3.562303538E1,3.229066372E0,-3.633393733E0,-5.877231165E0,7.626943412E0
3.563300238E1,2.140815339E0,-4.770790029E0,-6.707470298E0,8.504921259E0
3.564296938E1,1.283464859E0,-5.787013305E0,-7.440513505E0,9.513046108E0
3.565293638E1,2.210927255E-1,-6.372309067E0,-7.784700499E0,1.006264213E1
3.566290337E1,-2.581630495E-1,-6.560774183E0,-7.903799511E0,1.027523492E1
3.567287037E1,3.101730095E-1,-6.668709106E0,-8.078538873E0,1.048001330E1
3.568283738E1,7.134119113E-1,-6.837028225E0,-8.344504155E0,1.081132097E1
3.569280438E1,7.225458468E-1,-7.036870269E0,-8.600749025E0,1.113608995E1
3.570277138E1,7.192022628E-1,-7.135224529E0,-8.990457178E0,1.150030440E1
3.571273838E1,6.588601667E-1,-7.239979736E0,-9.366709133E0,1.185692385E1
3.572270537E1,5.524380644E-1,-7.399654917E0,-9.600282594E0,1.213365182E1
3.573267137E1,3.947708179E-1,-7.596975056E0,-9.488582064E0,1.216154035E1
3.574263838E1,1.443098670E-1,-7.761779414E0,-9.200526001E0,1.203809469E1
3.575260538E1,-4.737121761E-3,-7.899210616E0,-9.025625256E0,1.199414282E1
3.576257238E1,-9.105386540E-2,-8.026051927E0,-8.999060771E0,1.205856107E1
3.577253938E1,-8.953622058E-2,-8.102624724E0,-9.246559376E0,1.229469009E1
3.578250637E1,-8.538542837E-2,-7.993597541E0,-9.550225750E0,1.245438494E1
3.579247337E1,2.096324752E-1,-7.626747909E0,-9.664209033E0,1.231292677E1
3.580244038E1,1.099702659E0,-7.003318360E0,-9.384380588E0,1.176105493E1
3.581240738E1,2.238172211E0,-6.425441546E0,-8.796514390E0,1.112089831E1
3.582237438E1,3.017017681E0,-6.034526528E0,-8.102050527E0,1.054329782E1
3.583234138E1,2.919617394E0,-5.709097402E0,-7.394849675E0,9.787837380E0
3.584230837E1,2.105274793E0,-5.408244123E0,-6.542377088E0,8.745512244E0
3.585227537E1,1.161000774E0,-4.933052602E0,-5.884609766E0,7.766051949E0
3.586224238E1,3.331587066E-1,-4.242116364E0,-5.222421949E0,6.736485507E0
3.587220938E1,-4.635615559E-1,-3.282618681E0,-4.212153477E0,5.360290257E0
3.588217638E1,-9.767627567E-1,-2.022145513E0,-2.879339141E0,3.651538285E0
3.589214338E1,-1.098975557E0,-3.379708189E-1,-1.270383614E0,1.713431083E0
3.590211037E1,-1.015476879E0,1.700343415E0,7.504755110E-1,2.117917494E0
3.591207737E1,-3.428643537E-1,3.307663475E0,2.776452119E0,4.332075715E0
3.592204437E1,5.978245908E-1,3.674807807E0,4.400057845E0,5.763862915E0
3.593201138E1,6.118410976E-1,3.236645533E0,6.221836819E0,7.039991281E0
3.594197838E1,-7.128767449E-1,3.775412661E0,9.096528593E0,9.874652726E0
3.595194538E1,-2.764613262E0,5.607604356E0,1.150863720E1,1.309721509E1
3.596191238E1,-3.196805529E0,6.249768384E0,1.163603633E1,1.358957365E1
3.597187937E1,-1.989210778E0,5.243142142E0,1.048665851E1,1.189190925E1
3.598184637E1,-1.429171041E0,4.870230702E0,9.697952145E0,1.094586464E1
3.599181338E1,-2.269812225E0,6.001241838E0,9.852404008E0,1.175741536E1
3.600178038E1,-3.125534987E0,7.521636606E0,1.050800552E1,1.329519335E1
3.601174738E1,-2.788972470E0,7.602346308E0,1.107254718E1,1.371770162E1
3.602171438E1,-2.296865538E0,7.239144754E0,1.095032166E1,1.332630303E1
3.603168037E1,-2.099676669E0,7.611911768E0,1.071216807E1,1.330790696E1
3.604164737E1,-1.729048712E0,7.724609833E0,1.121160566E1,1.372440556E1
3.605161438E1,-1.045273267E0,7.465038482E0,1.181192292E1,1.401217038E1
3.606158138E1,-2.495411108E-1,7.166077947E0,1.146295992E1,1.352088732E1
3.607154838E1,4.768882374E-1,6.533611527E0,9.879847330E0,1.185440362E1
3.608151538E1,8.633604676E-1,5.598060531E0,7.446222727E0,9.355741868E0
3.609148237E1,9.057978047E-1,4.405073002E0,4.973661515E0,6.705404289E0
3.610144937E1,7.117949369E-1,3.040456245E0,2.786221647E0,4.184979961E0
3.611141638E1,3.074417751E-1,1.729954884E0,1.144131119E0,2.096735644E0
3.612138338E1,7.908081427E-2,6.111463022E-1,-7.444382608E-2,6.207217260E-1
3.613135038E1,5.416297786E-2,-2.669365042E-1,-1.013633544E0,1.049591200E0
3.614131738E1,3.303682691E-1,-8.637167823E-1,-1.949426031E0,2.157640313E0
3.615128437E1,8.005847604E-1,-1.154649675E0,-3.026089051E0,3.336370300E0
3.616125137E1,1.242221962E0,-1.306251020E0,-3.982057355E0,4.371062561E0
3.617121838E1,1.326893153E0,-1.546069892E0,-4.553705131E0,4.988708046E0
3.618118538E1,1.399758523E0,-2.001667102E0,-4.678324499E0,5.277567169E0
3.619115238E1,1.486240012E0,-2.564876176E0,-4.620914782E0,5.490023005E0
3.620111938E1,1.362096607E0,-3.052941512E0,-4.559930661E0,5.654089377E0
3.621108637E1,1.238976173E0,-3.359388530E0,-4.577422607E0,5.811484403E0
3.622105337E1,1.147626803E0,-3.633560379E0,-4.883774022E0,6.194437586E0
3.623102037E1,1.016716343E0,-3.882499738E0,-5.533864535E0,6.836020262E0
3.624098738E1,8.740360947E-1,-4.032863227E0,-6.184331024E0,7.434640214E0
3.625095438E1,7.573578300E-1,-4.077959293E0,-6.596529906E0,7.792146667E0
3.626092138E1,7.663431001E-1,-4.024739690E0,-6.738392129E0,7.886173965E0
3.627088838E1,8.461095004E-1,-3.919744747E0,-6.698519381E0,7.807077690E0
3.628085537E1,9.034106789E-1,-3.750334538E0,-6.740517007E0,7.766320205E0
3.629082237E1,8.466652051E-1,-3.512065762E0,-6.854422522E0,7.748196952E0
3.630078938E1,6.575680051E-1,-3.266827106E0,-6.913662418E0,7.674847429E0
3.631075638E1,4.567745465E-1,-3.000236172E0,-6.843877069E0,7.486568867E0
3.632072238E1,4.238547224E-1,-2.737402074E0,-6.671573072E0,7.223773958E0
3.633068937E1,6.560431243E-1,-2.491087530E0,-6.381717237E0,6.882021836E0
3.634065637E1,1.016501165E0,-2.245516167E0,-5.946461613E0,6.437081885E0
3.635062337E1,1.409589447E0,-2.004610298E0,-5.305848268E0,5.844435875E0
3.636059038E1,1.739610684E0,-1.702487004E0,-4.295841166E0,4.937505307E0
3.637055738E1,1.753679231E0,-1.260458550E0,-2.767272575E0,3.510262684E0
3.638052438E1,1.212252204E0,-6.066954017E-1,-9.342727947E-1,1.646359734E0
3.639049138E1,7.296170309E-2,3.280410773E-1,9.068271339E-1,9.670934853E-1
3.640045837E1,-1.944401810E0,1.819837114E0,2.829668798E0,3.885811502E0
3.641042537E1,-4.090920231E0,3.798709722E0,4.848355683E0,7.394077138E0
3.642039238E1,-4.860848552E0,5.829781594E0,7.057550116E0,1.036451715E1
3.643035938E1,-3.017892424E0,7.078713529E0,9.904271150E0,1.254234615E1
3.644032638E1,1.094752260E0,7.038087074E0,1.363210034E1,1.538074484E1
3.645029338E1,3.931067880E0,6.450693916E0,1.837723863E1,1.986926386E1
3.646026037E1,3.262492565E0,5.598881480E0,2.364018529E1,2.451223556E1
3.647022737E1,6.785670376E-1,4.044811428E0,2.751898024E1,2.782292626E1
3.648019438E1,-2.002476064E0,2.472770543E0,2.727899647E1,2.746394278E1
3.649016138E1,-3.168671943E0,2.018460597E0,2.282716972E1,2.313426771E1
3.650012838E1,-2.401414339E0,3.104756906E0,1.690696093E1,1.735660204E1
3.651009538E1,-8.965991843E-1,5.167942856E0,1.124901497E1,1.241176302E1
3.652006237E1,2.148243642E-1,6.944326386E0,6.555924502E0,9.552484731E0
3.653002937E1,5.659596044E-1,7.766893973E0,2.979152867E0,8.337883669E0
3.653999637E1,-1.003206789E-2,7.464138595E0,1.340404022E-1,7.465348782E0
3.654996338E1,-1.009099613E0,6.404812569E0,-2.391890101E0,6.910936574E0
3.655993000E1,-1.871930543E0,4.773316610E0,-4.770643848E0,7.003407610E0
3.656989700E1,-2.748910564E0,3.003686029E0,-6.789198586E0,7.916555848E0
3.657986400E1,-3.514634152E0,1.428243819E0,-7.877044991E0,8.743018439E0
3.658983100E1,-3.716462494E0,1.513949382E-1,-7.956805691E0,8.783266516E0
3.659979700E1,-3.422975538E0,-5.554849023E-1,-6.629011189E0,7.481250855E0
3.660976400E1,-2.958040325E0,-1.071351410E0,-4.103145590E0,5.170454539E0
3.661973100E1,-2.354583988E0,-1.518981496E0,-1.709773804E0,3.282483359E0
3.662969800E1,-1.830727991E0,-2.036598660E0,-1.678741461E-1,2.743625487E0
3.663966500E1,-1.404555579E0,-2.644060632E0,5.973152983E-1,3.052968812E0
3.664963200E1,-9.436230773E-1,-3.379596507E0,7.745420659E-1,3.593328885E0
3.665959900E1,-6.007613549E-1,-4.380488968E0,3.100287294E-1,4.432348770E0
3.666956600E1,-4.882159021E-1,-5.303670765E0,-5.430104524E-1,5.353703269E0
3.667953300E1,-6.336694846E-1,-5.911710441E0,-1.369654133E0,6.101295748E0
3.668950000E1,-7.004919036E-1,-6.338996310E0,-2.129874614E0,6.723832909E0
3.669946700E1,-3.781670643E-1,-6.681358387E0,-3.184011236E0,7.410903304E0
3.670943400E1,1.087088022E-1,-6.925635762E0,-4.190772548E0,8.095605157E0
3.671940100E1,7.002916364E-1,-6.949108824E0,-5.096304524E0,8.645972567E0
3.672936800E1,1.268589250E0,-6.722171953E0,-5.787444829E0,8.960548649E0
3.673933500E1,1.793950759E0,-6.337786521E0,-6.348838343E0,9.148417656E0
3.674930200E1,2.401521781E0,-5.963043147E0,-6.936201096E0,9.457064877E0
3.675926900E1,2.870726777E0,-5.700812482E0,-7.606005496E0,9.929333049E0
3.676923600E1,3.096645941E0,-5.577639130E0,-8.297347530E0,1.046638669E1
3.677920300E1,3.181631420E0,-5.451785415E0,-8.869677676E0,1.088650195E1
3.678917000E1,3.143419281E0,-5.449114407E0,-9.482851208E0,1.137973636E1
3.679913700E1,2.985857869E0,-5.645520042E0,-9.864204859E0,1.175116085E1
3.680910400E1,2.807965688E0,-5.981423285E0,-9.700617306E0,1.173729406E1
3.681907100E1,2.794869094E0,-6.339131965E0,-9.389612092E0,1.166879182E1
3.682903800E1,2.845787818E0,-6.548768095E0,-9.255981579E0,1.169008413E1
3.683900500E1,3.018923873E0,-6.460699087E0,-9.377300195E0,1.178084432E1
3.684897200E1,3.242328149E0,-6.133457324E0,-9.532430919E0,1.178979346E1
3.685893900E1,3.387833480E0,-5.758188871E0,-9.686376997E0,1.176690503E1
3.686890600E1,3.420188463E0,-5.350459015E0,-9.982154893E0,1.183082910E1
3.687887200E1,3.186564716E0,-4.793385424E0,-1.006451176E1,1.159418541E1
3.688883900E1,2.606204004E0,-4.109889184E0,-9.675585961E0,1.083053332E1
3.689880600E1,1.972956103E0,-3.320426778E0,-9.087073646E0,9.873839031E0
3.690877300E1,1.311652531E0,-2.642552635E0,-8.459207815E0,8.958890202E0
3.691874000E1,8.781659831E-1,-2.055396874E0,-7.716555294E0,8.033744918E0
3.692870700E1,5.319964908E-1,-1.442737897E0,-6.669572155E0,6.844538380E0
3.693867400E1,-3.409438357E-2,-4.931658626E-1,-5.141699967E0,5.165409330E0
3.694864100E1,-3.956565249E-1,9.022470099E-1,-3.236719208E0,3.383333413E0
3.695860800E1,-5.285809860E-2,2.239822149E0,-9.443305904E-1,2.431328341E0
3.696857500E1,8.310309930E-1,2.892112969E0,2.013819662E0,3.620828575E0
3.697854200E1,1.597863651E0,3.208286537E0,5.333068811E0,6.425565632E0
3.698850900E1,1.306781655E0,4.031498487E0,8.755155864E0,9.726942611E0
3.699847600E1,1.762643889E-1,5.412100362E0,1.175294088E1,1.294038326E1
3.700844300E1,-9.448765010E-1,6.442437063E0,1.369352651E1,1.516279839E1
3.701841000E1,-9.286784711E-1,6.209445400E0,1.391165572E1,1.526282480E1
3.702837700E1,-4.109535719E-1,5.215957852E0,1.387771263E1,1.483125103E1
3.703834400E1,-6.079456095E-1,4.877490605E0,1.438388504E1,1.520051517E1
3.704831100E1,-1.519748943E0,5.766090213E0,1.496365518E1,1.610802315E1
3.705827800E1,-1.939050731E0,6.788826118E0,1.474940736E1,1.635215873E1
3.706824500E1,-1.603350971E0,7.079667794E0,1.359035590E1,1.540747234E1
3.707821200E1,-1.211270164E0,7.101217707E0,1.203482346E1,1.402609867E1
3.708817900E1,-1.097849968E0,7.065766624E0,1.111723861E1,1.321829516E1
3.709814600E1,-1.052153978E0,6.606877724E0,1.080463477E1,1.270818609E1
3.710811300E1,-1.022527306E0,5.996871629E0,1.014406079E1,1.182835579E1
3.711808000E1,-1.145267598E0,5.597312672E0,8.820676839E0,1.050932381E1
3.712804700E1,-9.934314875E-1,5.188891675E0,7.291397812E0,9.004220399E0
3.713801400E1,-5.436266758E-1,4.627883201E0,5.776374881E0,7.421545637E0
3.714798100E1,6.931961864E-2,3.931902570E0,4.193130730E0,5.748652743E0
3.715794700E1,7.318896244E-1,3.081858625E0,2.575322519E0,4.082376891E0
3.716791400E1,1.152369115E0,2.103600150E0,1.085968865E0,2.632948261E0
3.717788100E1,1.302670331E0,1.052292703E0,-1.316711104E-1,1.679764033E0
3.718784800E1,1.220405343E0,-3.281457424E-2,-1.127954797E0,1.662151623E0
3.719781500E1,9.408487196E-1,-1.131245025E0,-2.106057150E0,2.569122095E0
3.720778200E1,5.117482408E-1,-2.092082305E0,-3.031121165E0,3.718385423E0
3.721774900E1,9.830682479E-2,-2.864135796E0,-3.870213568E0,4.815754474E0
3.722771600E1,-1.066092132E-1,-3.415849244E0,-4.651841290E0,5.772262898E0
3.723768300E1,-1.215649290E-1,-3.766587458E0,-5.262889359E0,6.473018115E0
3.724765000E1,-8.463537678E-2,-4.053524364E0,-5.651852576E0,6.955692665E0
3.725761700E1,5.851754554E-2,-4.351601384E0,-5.910062111E0,7.339529485E0
3.726758400E1,1.862177387E-1,-4.576570083E0,-6.136626515E0,7.657535880E0
3.727755100E1,2.739971633E-1,-4.628082299E0,-6.338954210E0,7.853442601E0
3.728751800E1,3.490886416E-1,-4.542189040E0,-6.574671260E0,7.998727794E0
3.729748500E1,6.348018710E-1,-4.319666816E0,-6.818155752E0,8.096279557E0
3.730745200E1,1.014369343E0,-3.977222292E0,-6.979732447E0,8.097154275E0
3.731741900E1,1.329225315E0,-3.637593203E0,-6.932110968E0,7.940597378E0
3.732738600E1,1.500095428E0,-3.407033982E0,-6.865587196E0,7.809894646E0
3.733735300E1,1.439764003E0,-3.344646530E0,-6.790959767E0,7.705628810E0
3.734732000E1,1.261853988E0,-3.375263720E0,-6.649981059E0,7.563526211E0
3.735728700E1,1.257845430E0,-3.365656745E0,-6.532880040E0,7.455758987E0
3.736725400E1,1.447147867E0,-3.457330561E0,-6.421594078E0,7.435337387E0
3.737722100E1,1.575431101E0,-3.599412639E0,-6.382198462E0,7.494678893E0
3.738718800E1,1.432211886E0,-3.704569550E0,-6.474231883E0,7.595442377E0
3.739715500E1,1.078258580E0,-3.682188748E0,-6.408560634E0,7.469324263E0
3.740712200E1,9.103834105E-1,-3.507082180E0,-5.927778590E0,6.947444306E0
3.741708900E1,9.179653488E-1,-3.245157325E0,-4.974235711E0,6.009719407E0
3.742705600E1,8.032564263E-1,-2.772064953E0,-3.520072355E0,4.551974777E0
3.743702200E1,6.396972330E-1,-1.899673827E0,-1.640393082E0,2.590147228E0
3.744698900E1,6.157838751E-1,-5.574638924E-1,5.627711177E-1,1.003328014E0
3.745695600E1,4.236265348E-1,1.034720943E0,2.900773864E0,3.108793316E0
3.746692300E1,1.549415669E-1,2.623026151E0,5.132726246E0,5.766207748E0
3.747689000E1,6.562391523E-1,3.972281103E0,7.485776217E0,8.499794854E0
3.748685700E1,2.819935231E0,4.761360516E0,1.040355203E1,1.178373810E1
3.749682400E1,7.286067490E0,4.650980872E0,1.495758461E1,1.727564007E1
3.750679100E1,1.200688195E1,4.369592682E0,2.302480093E1,2.633248967E1
3.751675800E1,1.379693452E1,4.119640000E0,3.313940344E1,3.613235249E1
3.752672500E1,1.178252078E1,3.420178522E0,3.849200546E1,4.039999878E1
3.753669200E1,7.591395058E0,2.722549562E0,3.463583457E1,3.556237606E1
3.754665900E1,3.496287051E0,3.958439282E0,2.579266466E1,2.632783346E1
3.755662600E1,-1.139322661E-1,7.685496054E0,1.710811217E1,1.875546140E1
3.756659262E1,-2.319164187E0,1.192362462E1,9.879581866E0,1.565750569E1
3.757655962E1,-3.603541066E0,1.417577211E1,4.448955186E0,1.528827084E1
3.758652663E1,-5.251318889E0,1.429058687E1,1.246113576E0,1.527579858E1
3.759649363E1,-5.976014611E0,1.352337838E1,1.421209034E0,1.485309222E1
3.760646063E1,-5.322839692E0,1.133572334E1,2.151105854E0,1.270663222E1
3.761642763E1,-4.428946306E0,7.882460098E0,1.932832217E0,9.245787309E0
3.762639462E1,-4.336700048E0,4.009146920E0,1.499779240E0,6.093403327E0
3.763636162E1,-5.162214924E0,2.214457512E-2,6.464143682E-1,5.202576749E0
3.764632862E1,-6.353935361E0,-3.543072962E0,-2.890758169E-1,7.280757201E0
3.765629563E1,-7.189211286E0,-6.712050422E0,-8.367038155E-1,9.870990481E0
3.766626263E1,-7.255040410E0,-9.202160883E0,-1.472128927E0,1.181027264E1
3.767622963E1,-6.361263092E0,-1.047550787E1,-2.171567600E0,1.244659146E1
3.768619662E1,-4.880043207E0,-1.075084390E1,-2.924811183E0,1.216346935E1
3.769616262E1,-3.361060541E0,-1.044590809E1,-3.899998115E0,1.164575928E1
3.770612963E1,-1.855702765E0,-9.892032927E0,-5.106647664E0,1.128600011E1
3.771609663E1,-5.625606179E-1,-9.311940018E0,-6.379456118E0,1.130159996E1
3.772606363E1,6.494435182E-1,-8.958195750E0,-7.474183527E0,1.168479642E1
3.773603063E1,1.649807684E0,-8.698789875E0,-8.329846355E0,1.215636257E1
3.774599762E1,2.368848563E0,-8.300913747E0,-9.032288743E0,1.249395264E1
3.775596462E1,2.677342106E0,-7.795098018E0,-9.566169353E0,1.262708636E1
3.776593162E1,2.944363103E0,-7.400045511E0,-1.019352823E1,1.293591765E1
3.777589863E1,3.331990524E0,-7.133369207E0,-1.096165941E1,1.349611404E1
3.778586563E1,3.486157042E0,-6.921267307E0,-1.113838916E1,1.356911733E1
3.779583263E1,3.482813604E0,-6.734569219E0,-1.046080095E1,1.291947250E1
3.780579962E1,3.522408902E0,-6.580697401E0,-9.513429222E0,1.209207502E1
3.781576662E1,3.490949128E0,-6.680978318E0,-8.897514516E0,1.166138764E1
3.782573362E1,3.443553644E0,-6.989024842E0,-8.650018834E0,1.164162170E1
3.783570063E1,3.387711273E0,-7.163332095E0,-8.549727391E0,1.165709024E1
3.784566763E1,3.507892897E0,-7.141001578E0,-8.546462306E0,1.167652491E1
3.785563463E1,3.742265380E0,-7.175430568E0,-8.662112045E0,1.185426249E1
3.786560163E1,3.804535303E0,-7.287597122E0,-8.942270858E0,1.214692425E1
3.787556862E1,3.856840109E0,-7.257816083E0,-9.495110480E0,1.255819386E1
3.788553562E1,3.961717231E0,-6.961844060E0,-1.003794084E1,1.284222459E1
3.789550263E1,4.087830270E0,-6.585072287E0,-1.010216549E1,1.273292114E1
3.790546963E1,4.212965655E0,-6.346180784E0,-9.634850748E0,1.228224080E1
3.791543663E1,4.140252020E0,-6.161732705E0,-8.884598601E0,1.157776874E1
3.792540363E1,3.557817301E0,-5.826508908E0,-8.105995644E0,1.059780333E1
3.793537062E1,2.789855984E0,-5.370557064E0,-7.401742957E0,9.560961165E0
3.794533762E1,2.274699328E0,-5.063587598E0,-6.915014294E0,8.867446030E0
3.795530462E1,1.526042009E0,-4.811359765E0,-6.547892182E0,8.267579998E0
3.796527063E1,1.546538839E-1,-4.100988552E0,-5.859704136E0,7.153891073E0
3.797523763E1,-1.612630502E0,-2.632461510E0,-4.649613501E0,5.581159059E0
3.798520463E1,-3.012061581E0,-6.718275368E-1,-3.231360235E0,4.468283359E0
3.799517162E1,-3.208895817E0,9.046794516E-1,-1.942282487E0,3.858486560E0
3.800513862E1,-1.884404700E0,1.649896562E0,-9.174731594E-1,2.667376377E0
3.801510563E1,2.300513908E-2,1.893447127E0,4.696261418E-1,1.950953606E0
3.802507263E1,1.024178267E0,2.782833771E0,3.020529519E0,4.232812716E0
3.803503963E1,1.593762414E-1,4.918840944E0,7.062089310E0,8.607758270E0
3.804500663E1,-1.950218621E0,7.585352545E0,1.150505636E1,1.391787512E1
3.805497362E1,-2.104910219E0,7.926075649E0,1.388039066E1,1.612199017E1
3.806494062E1,-6.984129260E-1,5.585743956E0,1.354798697E1,1.467093273E1
3.807490762E1,-1.199423925E0,4.445640984E0,1.269052086E1,1.350006153E1
3.808487463E1,-3.220975872E0,5.695265229E0,1.312432813E1,1.466488051E1
3.809484163E1,-3.496828211E0,6.705868746E0,1.489433060E1,1.670441759E1
3.810480863E1,-2.146364493E0,6.500665975E0,1.624412174E1,1.762773467E1
3.811477562E1,-1.160029990E0,6.392127035E0,1.650551099E1,1.773800582E1
3.812474262E1,-5.667950984E-1,6.688309557E0,1.703801575E1,1.831252910E1
3.813470962E1,5.594411284E-2,6.774432027E0,1.797456194E1,1.920887649E1
3.814467663E1,6.356271324E-1,6.673866935E0,1.794332494E1,1.915482790E1
3.815464363E1,1.278121819E0,6.336541064E0,1.613922152E1,1.738562105E1
3.816461063E1,1.807517615E0,5.593528354E0,1.281156992E1,1.409577963E1
3.817457763E1,2.122384915E0,4.746533732E0,8.940736549E0,1.034267230E1
3.818454462E1,1.996089004E0,3.856787192E0,5.109649040E0,6.705795409E0
3.819451162E1,1.450601817E0,2.917218574E0,1.548391821E0,3.607204884E0
3.820447863E1,7.930285498E-1,1.826605266E0,-1.136718019E0,2.292925845E0
3.821444463E1,2.333283167E-1,5.943636239E-1,-2.792023839E0,2.864106726E0
3.822441163E1,-1.110987054E-1,-5.499470043E-1,-3.736726897E0,3.778612515E0
3.823437862E1,-3.357445281E-1,-1.569407299E0,-4.427626297E0,4.709526334E0
3.824434562E1,-5.321829804E-1,-2.505126110E0,-5.097555243E0,5.704730056E0
3.825431262E1,-5.695447516E-1,-3.322215441E0,-5.847713251E0,6.749610872E0
3.826427963E1,-3.836296063E-1,-4.067830161E0,-6.521054631E0,7.695360122E0
3.827424663E1,-7.408838846E-2,-4.664320418E0,-6.886527244E0,8.317790063E0
3.828421363E1,3.323631563E-1,-5.040648971E0,-6.894622130E0,8.547187937E0
3.829418063E1,7.070712637E-1,-5.224954378E0,-6.782861958E0,8.591118342E0
3.830414762E1,8.878872715E-1,-5.353131192E0,-6.524384621E0,8.485985626E0
3.831411462E1,9.205509145E-1,-5.528126078E0,-6.223581628E0,8.374996131E0
3.832408163E1,8.942266765E-1,-5.711959614E0,-5.992290920E0,8.326684481E0
3.833404863E1,7.970725572E-1,-5.871455870E0,-5.784275638E0,8.280529171E0
3.834401563E1,6.393798754E-1,-5.888280063E0,-5.609500608E0,8.157643398E0
3.835398263E1,5.600263250E-1,-5.659086751E0,-5.524402571E0,7.928298437E0
3.836394962E1,5.941950779E-1,-5.214259821E0,-5.531263694E0,7.624726311E0
3.837391662E1,7.699601877E-1,-4.794572409E0,-5.779362808E0,7.548628865E0
3.838388362E1,1.067407463E0,-4.452722547E0,-6.157958327E0,7.673757067E0
3.839385063E1,1.426944860E0,-4.061433892E0,-6.592387154E0,7.873435418E0
3.840381763E1,1.864565828E0,-3.597586554E0,-6.985349867E0,8.075540075E0
3.841378463E1,2.045382786E0,-3.114590169E0,-7.108108651E0,8.025551150E0
3.842375162E1,1.965779669E0,-2.609447454E0,-6.673402666E0,7.430195749E0
3.843371862E1,1.858192509E0,-2.026562499E0,-5.676140741E0,6.307012658E0
3.844368562E1,1.602948682E0,-1.187538509E0,-4.435490803E0,4.863462845E0
3.845365263E1,1.175624149E0,5.043048084E-2,-3.109985486E0,3.325153395E0
3.846361963E1,6.543094980E-1,1.688594019E0,-1.844211232E0,2.584682911E0
3.847358563E1,2.016030056E-1,3.945625108E0,-1.230568753E0,4.137982688E0
3.848355262E1,1.350978711E-1,6.608866362E0,-1.336218585E0,6.743948853E0
3.849351962E1,3.109688155E-1,8.744529719E0,-8.054960561E-1,8.787054428E0
3.850348663E1,1.706733983E0,9.470042882E0,1.671904896E0,9.766776288E0
3.851345363E1,4.038112857E0,9.345428776E0,6.783850138E0,1.223372458E1
3.852342063E1,4.860102155E0,8.970688911E0,1.441182772E1,1.765770740E1
3.853338763E1,4.117271878E0,8.157963358E0,2.285933408E1,2.461815283E1
3.854335462E1,2.497346682E0,6.729214339E0,2.791895785E1,2.882684987E1
3.855332162E1,1.247123537E0,5.291347173E0,2.797762648E1,2.850089920E1
3.856328871E1,1.001016715E0,4.780501084E0,2.529811418E1,2.576528296E1
3.857325571E1,9.391249605E-1,5.007439710E0,2.200699247E1,2.258902667E1
3.858322271E1,6.383479880E-1,5.660347996E0,1.915967444E1,1.998850050E1
3.859318971E1,5.777240926E-1,6.022474832E0,1.673087788E1,1.779118442E1
3.860315671E1,3.250241698E-1,6.224313115E0,1.450528727E1,1.578768740E1
3.861312371E1,-4.264027197E-1,6.232964655E0,1.252351269E1,1.399535772E1
3.862309071E1,-1.037738618E0,5.592260678E0,1.050508425E1,1.194600670E1
3.863305771E1,-1.228423995E0,4.640544469E0,8.161176987E0,9.468288562E0
3.864302471E1,-1.245102008E0,3.324004104E0,5.060533013E0,6.181284387E0
3.865299171E1,-1.695504405E0,1.648747584E0,1.360404423E0,2.728333553E0
3.866295871E1,-2.856330055E0,-9.673458159E-2,-2.135924728E0,3.567934053E0
3.867292571E1,-4.200761932E0,-1.765262711E0,-4.612933917E0,6.483958094E0
3.868289271E1,-5.228998897E0,-3.224026072E0,-5.914120663E0,8.527226794E0
3.869285971E1,-5.682209566E0,-4.338669682E0,-6.470048785E0,9.642255516E0
3.870282671E1,-5.418266251E0,-4.649625780E0,-6.491712719E0,9.649816738E0
3.871279371E1,-4.297699412E0,-4.016529615E0,-6.014798023E0,8.413116285E0
3.872275971E1,-2.506472139E0,-3.173195057E0,-5.627055704E0,6.929309154E0
3.873272671E1,-5.634872920E-1,-2.739666701E0,-5.859445689E0,6.492795649E0
3.874269371E1,1.153009677E0,-2.807556968E0,-6.642386110E0,7.302951505E0
3.875266071E1,2.143633697E0,-3.109770309E0,-7.694179169E0,8.571244360E0
3.876262771E1,2.435332575E0,-3.629870201E0,-8.736203284E0,9.768728180E0
3.877259471E1,2.477852942E0,-4.525668316E0,-9.454662366E0,1.077088991E1
3.878256171E1,2.291380265E0,-5.701153375E0,-9.736534413E0,1.151319572E1
3.879252871E1,1.748289706E0,-6.932779890E0,-9.850215980E0,1.217155326E1
3.880249571E1,1.028812624E0,-7.993778805E0,-9.957039932E0,1.281021464E1
3.881246271E1,3.765283091E-1,-8.801007975E0,-9.829906261E0,1.319949136E1
3.882242971E1,-1.342230546E-1,-9.355125214E0,-9.383294175E0,1.325075821E1
3.883239671E1,-5.160937453E-1,-9.682475735E0,-8.725016391E0,1.304387213E1
3.884236371E1,-7.955356166E-1,-9.806178260E0,-8.107088488E0,1.274828980E1
3.885233071E1,-9.570740122E-1,-9.795833951E0,-7.713398967E0,1.250483415E1
3.886229771E1,-1.038512424E0,-9.698681293E0,-7.623437215E0,1.237981106E1
3.887226471E1,-1.009435682E0,-9.580006204E0,-7.700266120E0,1.233246032E1
3.888223171E1,-7.957468472E-1,-9.328128619E0,-7.743301628E0,1.214931754E1
3.889219871E1,-2.535909654E-1,-8.891920484E0,-7.679484531E0,1.175181011E1
3.890216571E1,5.703054012E-1,-8.323034933E0,-7.610990247E0,1.129271142E1
3.891213271E1,1.275219262E0,-7.793947871E0,-7.482466693E0,1.087929756E1
3.892209971E1,1.834612004E0,-7.340505068E0,-7.242215711E0,1.047370537E1
3.893206671E1,2.207716842E0,-6.979831849E0,-6.944107701E0,1.009022785E1
3.894203371E1,2.363767918E0,-6.738211450E0,-6.586155192E0,9.714336443E0
3.895200071E1,2.268703009E0,-6.620146226E0,-5.993775528E0,9.214048756E0
3.896196771E1,1.938941096E0,-6.361283557E0,-5.230068938E0,8.460439832E0
3.897193471E1,1.426349613E0,-5.759588694E0,-4.279467793E0,7.315817093E0
3.898190071E1,9.053057615E-1,-4.827527901E0,-3.341463890E0,5.940537441E0
3.899186771E1,3.587244145E-1,-3.752711431E0,-2.641831673E0,4.603346704E0
3.900183471E1,-2.135561762E-1,-2.613813570E0,-2.301182830E0,3.488992696E0
3.901180171E1,-6.002289659E-1,-1.404015296E0,-2.397405780E0,2.842373698E0
3.902176871E1,-5.497516342E-1,-7.471513689E-2,-3.051144955E0,3.101176349E0
3.903173571E1,-7.087600127E-2,1.225108624E0,-3.139885808E0,3.371171523E0
3.904170271E1,1.251455008E0,2.125452365E0,-2.205576761E0,3.308814930E0
3.905166971E1,2.883851730E0,2.600802346E0,-2.466472507E-2,3.883475504E0
3.906163671E1,3.846972640E0,3.256672831E0,4.233797531E0,6.582564694E0
3.907160371E1,3.872531989E0,4.444616552E0,9.488200825E0,1.117036594E1
3.908157071E1,3.814826695E0,5.074232454E0,1.407733190E1,1.544253901E1
3.909153771E1,3.854579283E0,4.226563355E0,1.675100751E1,1.770078732E1
3.910150471E1,3.086521779E0,3.095487315E0,1.707429889E1,1.762499194E1
3.911147171E1,1.265278118E0,3.151565621E0,1.584495221E1,1.620480808E1
3.912143871E1,-6.045186295E-1,4.672697724E0,1.395813173E1,1.473190375E1
3.913140571E1,-1.389954058E0,6.408283476E0,1.206952668E1,1.373577605E1
3.914137271E1,-1.015649811E0,7.320831526E0,1.053417532E1,1.286837085E1
3.915133971E1,-5.237527207E-1,8.005040542E0,9.824602836E0,1.268376174E1
3.916130671E1,-6.937042546E-2,8.684605114E0,1.037595083E1,1.353098422E1
3.917127371E1,4.440072973E-1,8.951869063E0,1.131552471E1,1.443517238E1
3.918124071E1,8.723232260E-1,8.664165587E0,1.149575461E1,1.442154940E1
3.919120771E1,9.092311435E-1,7.765276634E0,1.044173786E1,1.304439006E1
3.920117471E1,4.098797308E-1,6.440710965E0,8.417007290E0,1.060644949E1
3.921114071E1,-2.977925353E-1,5.080831037E0,6.077724003E0,7.927310608E0
3.922110771E1,-9.960040431E-1,3.667059077E0,3.834538536E0,5.398428671E0
3.923107471E1,-1.446101215E0,2.298695424E0,2.164699461E0,3.472914214E0
3.924104171E1,-1.530182422E0,1.219698780E0,1.200753801E0,2.295851269E0
3.925100871E1,-1.210636326E0,4.893885612E-1,7.057905042E-1,1.484345551E0
3.926097571E1,-6.869996727E-1,-3.086686671E-2,2.714160562E-1,7.393158928E-1
3.927094271E1,-2.474261363E-1,-5.546937740E-1,-3.338122791E-1,6.930624168E-1
3.928090971E1,5.621374257E-2,-1.089707574E0,-1.125573810E0,1.567653975E0
3.929087671E1,2.419606708E-1,-1.546929433E0,-1.974163846E0,2.519694133E0
3.930084371E1,3.976142823E-1,-2.011321147E0,-2.992482764E0,3.627459575E0
3.931081071E1,4.890747119E-1,-2.392825656E0,-4.155883967E0,4.820392125E0
3.932077771E1,7.562092906E-1,-2.484557360E0,-5.182260933E0,5.796611609E0
3.933074471E1,1.102892607E0,-2.516379077E0,-5.823670084E0,6.439228915E0
3.934071171E1,1.368939019E0,-2.619388306E0,-6.038544150E0,6.723035370E0
3.935067871E1,1.552577551E0,-2.678437582E0,-6.088099887E0,6.830042838E0
3.936064571E1,1.513322415E0,-2.709245977E0,-6.355349802E0,7.072526395E0
3.937061271E1,1.301352223E0,-2.777996369E0,-6.762257540E0,7.425557788E0
3.938057971E1,1.115116869E0,-2.875260708E0,-7.213214107E0,7.844811503E0
3.939054671E1,9.726713137E-1,-3.088927909E0,-7.601438820E0,8.262532133E0
3.940051371E1,7.814403185E-1,-3.299652205E0,-7.816742656E0,8.520552764E0
3.941048071E1,5.872758849E-1,-3.486949632E0,-7.873775228E0,8.631340976E0
3.942044771E1,3.918350406E-1,-3.620019397E0,-7.844377767E0,8.648256338E0
3.943041471E1,3.020381438E-1,-3.713031056E0,-7.801968496E0,8.645723745E0
3.944038171E1,1.121406792E-1,-3.736621647E0,-7.653682523E0,8.517850259E0
3.945034871E1,-1.980739917E-1,-3.733271193E0,-7.227342734E0,8.137016044E0
3.946031471E1,-1.750584738E-1,-3.593080689E0,-6.451725365E0,7.386855521E0
3.947028171E1,1.098545641E-3,-3.264886415E0,-5.566911829E0,6.453680486E0
3.948024871E1,8.145690344E-2,-2.681681617E0,-4.705339220E0,5.416481210E0
3.949021571E1,-4.366985701E-2,-1.818660069E0,-3.560878319E0,3.998660514E0
3.950018271E1,-2.495500643E-1,-5.868938059E-1,-1.915944289E0,2.019297425E0
3.951014971E1,-4.258099217E-1,1.223738036E0,5.823417485E-2,1.297011985E0
3.952011671E1,-7.469087825E-1,3.314970156E0,2.522363702E0,4.231928462E0
3.953008371E1,-7.217314759E-1,4.972417227E0,5.774635334E0,7.654556985E0
3.954005071E1,2.028758896E-1,5.948495860E0,9.771950414E0,1.144188693E1
3.955001771E1,1.568890698E0,6.242094498E0,1.466369419E1,1.601402788E1
3.955998633E1,2.544653580E0,6.264417413E0,1.988214237E1,2.100042315E1
3.956995333E1,2.765195644E0,6.129475955E0,2.406909260E1,2.499075831E1
3.957992033E1,2.492929111E0,5.743059785E0,2.592494973E1,2.667021653E1
3.958988733E1,2.002246853E0,5.293911762E0,2.601193758E1,2.662058210E1
3.959985433E1,1.536718440E0,4.966145504E0,2.460861986E1,2.515170523E1
3.960982133E1,8.144841767E-1,5.098750414E0,2.118943244E1,2.180946326E1
3.961978833E1,1.096984800E-1,5.684080090E0,1.712286937E1,1.804199146E1
3.962975533E1,6.202426694E-2,5.869383616E0,1.321916061E1,1.446373805E1
3.963972233E1,-6.918447487E-2,5.979931076E0,9.727375335E0,1.141867738E1
3.964968933E1,-1.801685017E-1,6.547743078E0,7.812236792E0,1.019492245E1
3.965965633E1,3.769981328E-1,6.736525698E0,7.121138586E0,9.809868543E0
3.966962333E1,8.272419973E-1,5.982040751E0,5.728354622E0,8.323652296E0
3.967959033E1,7.371252213E-1,4.356438201E0,3.129272527E0,5.414263933E0
3.968955733E1,4.436377533E-2,2.043632276E0,1.951432210E-1,2.053407388E0
3.969952433E1,-7.452437147E-1,-2.346066642E-1,-2.641390209E0,2.754518237E0
3.970949033E1,-1.322226929E0,-1.903929430E0,-4.638895555E0,5.185805944E0
3.971945733E1,-1.338049640E0,-3.265774022E0,-5.927090957E0,6.898265291E0
3.972942433E1,-1.003882801E0,-4.202377517E0,-7.087734028E0,8.300827135E0
3.973939133E1,-6.803309964E-1,-4.991734673E0,-8.324863358E0,9.730550613E0
3.974935833E1,-2.107625958E-1,-5.519194456E0,-9.495342615E0,1.098487413E1
3.975932533E1,3.475842261E-1,-5.871430142E0,-1.033799890E1,1.189406272E1
3.976929233E1,7.371894675E-1,-6.062296709E0,-1.064270783E1,1.227037569E1
3.977925933E1,9.390334515E-1,-6.108691442E0,-1.055411549E1,1.223058661E1
3.978922633E1,1.341708974E0,-6.069074802E0,-1.070693481E1,1.238031926E1
3.979919333E1,1.646754706E0,-5.795174264E0,-1.120993452E1,1.272629081E1
3.980916033E1,1.761852907E0,-5.545025700E0,-1.160879883E1,1.298520874E1
3.981912733E1,1.850353147E0,-5.446793062E0,-1.184507195E1,1.316803292E1
3.982909433E1,1.853618817E0,-5.372931619E0,-1.186706216E1,1.315794290E1
3.983906133E1,1.824323097E0,-5.379978683E0,-1.166688624E1,1.297646177E1
3.984902833E1,1.812147879E0,-5.465014740E0,-1.124756837E1,1.263558706E1
3.985899533E1,1.808209341E0,-5.605891122E0,-1.073958567E1,1.224885042E1
3.986896233E1,1.603214877E0,-5.731654206E0,-1.025876328E1,1.186020159E1
3.987892933E1,1.250149178E0,-5.755620189E0,-9.870910445E0,1.149456001E1
3.988889633E1,1.160449674E0,-5.754894549E0,-9.465920010E0,1.113863081E1
3.989886333E1,1.295040592E0,-5.868909992E0,-8.832502248E0,1.068336701E1
3.990883033E1,1.782684198E0,-5.800863605E0,-8.160620917E0,1.016974509E1
3.991879733E1,2.325282129E0,-5.628472484E0,-7.569122429E0,9.714847082E0
3.992876433E1,2.413178790E0,-5.872886683E0,-7.068949848E0,9.501804135E0
3.993873133E1,2.183448996E0,-6.381112635E0,-6.522530469E0,9.382401169E0
3.994869733E1,1.709031792E0,-6.764929717E0,-5.711677194E0,9.017112626E0
3.995866433E1,1.028732225E0,-6.897504222E0,-4.632729081E0,8.372337381E0
3.996863133E1,6.017213215E-1,-6.764438551E0,-3.463277764E0,7.623253264E0
3.997859833E1,5.334188260E-1,-6.438558605E0,-2.530519398E0,6.938522968E0
3.998856533E1,6.009867650E-1,-5.925278905E0,-2.065942912E0,6.303827037E0
3.999853233E1,6.925309195E-1,-5.243390649E0,-1.867684879E0,5.609009840E0
4.000849933E1,1.154158947E0,-4.494588026E0,-1.712033168E0,4.946156283E0
4.001846633E1,1.622926572E0,-3.576513188E0,-1.761298299E0,4.304359295E0
4.002843333E1,1.634860739E0,-2.377955017E0,-1.845142694E0,3.425199448E0
4.003840033E1,1.062848828E0,-1.141706278E0,-1.443375828E0,2.125199905E0
4.004836733E1,3.600882044E-1,7.063436508E-2,-4.969794166E-1,6.177712109E-1
4.005833433E1,-4.434721309E-1,1.156106216E0,6.595372742E-1,1.402939247E0
4.006830133E1,-1.391704568E0,1.927201349E0,2.105991662E0,3.175869569E0
4.007826833E1,-2.013049145E0,2.370731367E0,3.716339411E0,4.846020294E0
4.008823533E1,-2.962794111E0,2.907413378E0,5.134074029E0,6.602266098E0
4.009820233E1,-4.141769373E0,3.950890526E0,6.202234029E0,8.439875380E0
4.010816933E1,-4.366253337E0,4.920972254E0,7.073998334E0,9.660309962E0
4.011813633E1,-2.934581003E0,5.235153676E0,7.990166979E0,9.993065998E0
4.012810333E1,-1.071389344E0,5.488995926E0,9.160941521E0,1.073311702E1
4.013807033E1,-1.541841332E-1,6.336981359E0,1.046894495E1,1.223846044E1
4.014803733E1,-5.357525960E-1,7.803198166E0,1.153181088E1,1.393411621E1
4.015800433E1,-7.401613880E-1,8.667575099E0,1.220450264E1,1.498748083E1
4.016797133E1,-8.390695989E-2,8.155042089E0,1.244351109E1,1.487792727E1
4.017793733E1,1.525356569E-1,7.414800375E0,1.238708078E1,1.443753102E1
4.018790433E1,-2.827646247E-1,7.375998251E0,1.256328077E1,1.457125011E1
4.019787133E1,-4.010269001E-1,7.682040934E0,1.262842577E1,1.478687638E1
4.020783833E1,-2.836572021E-2,7.955887093E0,1.173210024E1,1.417529965E1
4.021780533E1,2.853249742E-1,7.957027885E0,9.761962785E0,1.259728624E1
4.022777233E1,5.332553963E-1,7.495180294E0,7.245842739E0,1.043859789E1
4.023773933E1,6.750306416E-1,6.681841367E0,4.636207590E0,8.160704090E0
4.024770633E1,5.882107450E-1,5.668240567E0,2.439470065E0,6.198867413E0
4.025767333E1,4.553745769E-1,4.447838368E0,8.740768790E-1,4.555726346E0
4.026764033E1,4.233687457E-1,3.068221164E0,-1.765262711E-1,3.102319089E0
4.027760733E1,3.550082166E-1,1.787803727E0,-9.154342353E-1,2.039679593E0
4.028757433E1,5.097990715E-1,7.496978313E-1,-1.475960607E0,1.732166749E0
4.029754133E1,6.014682832E-1,-2.863779116E-1,-1.805124350E0,1.924123260E0
4.030750833E1,3.361636638E-1,-1.317889903E0,-1.904629927E0,2.340396326E0
4.031747533E1,1.004105799E-2,-2.158631220E0,-1.915579423E0,2.886041249E0
4.032744233E1,-2.096111329E-1,-2.774759350E0,-1.932979567E0,3.388161195E0
4.033740933E1,-2.734409469E-1,-3.260106901E0,-2.076831012E0,3.875086323E0
4.034737633E1,-1.527692532E-1,-3.671311757E0,-2.568037473E0,4.482932625E0
4.035734333E1,1.268187985E-2,-3.999531174E0,-3.302734272E0,5.186951332E0
4.036731033E1,1.080599074E-1,-4.255026432E0,-4.249848722E0,6.014826767E0
4.037727733E1,1.802666619E-1,-4.332724818E0,-4.965570722E0,6.592563463E0
4.038724433E1,2.485428449E-1,-4.348880090E0,-5.321306552E0,6.876833210E0
4.039721133E1,4.457968377E-1,-4.381416337E0,-5.687173852E0,7.193016777E0
4.040717833E1,5.737549661E-1,-4.420803182E0,-6.117592658E0,7.569520161E0
4.041714533E1,5.554830750E-1,-4.394355640E0,-6.566599179E0,7.920804739E0
4.042711133E1,5.290548297E-1,-4.319100806E0,-6.936266000E0,8.188181532E0
4.043707833E1,4.918294083E-1,-4.294089341E0,-7.262078703E0,8.450969561E0
4.044704533E1,4.699038845E-1,-4.287760314E0,-7.556167923E0,8.700653530E0
4.045701233E1,4.610517117E-1,-4.174541262E0,-7.600796796E0,8.683978084E0
4.046697933E1,4.134189773E-1,-3.972311801E0,-7.251575934E0,8.278618836E0
4.047694633E1,4.372125038E-1,-3.701279322E0,-6.631474621E0,7.607041412E0
4.048691333E1,7.055033328E-1,-3.360375540E0,-5.964509629E0,6.882240466E0
4.049688033E1,1.008223262E0,-3.062932357E0,-5.229814584E0,6.144023873E0
4.050684733E1,1.243227683E0,-2.702302408E0,-4.385580724E0,5.299185943E0
4.051681433E1,1.443166936E0,-2.217468243E0,-3.558770397E0,4.434494668E0
4.052678133E1,1.074761652E0,-1.589229360E0,-2.766259253E0,3.366445132E0
4.053674833E1,-2.264012665E-2,-8.083570987E-1,-1.886728676E0,2.052729615E0
4.054671533E1,-1.346265417E0,-1.528959185E-1,-5.980573100E-1,1.481040270E0
4.055668233E1,-1.916273341E0,3.734219027E-1,1.132256008E0,2.256889697E0
4.056664833E1,-1.552633976E0,9.434540927E-1,3.186195171E0,3.667781013E0
4.057661533E1,-8.720408785E-1,1.715440925E0,5.483042876E0,5.810933835E0
4.058658233E1,7.637147035E-2,2.618707690E0,7.694674428E0,8.128436327E0
4.059654933E1,1.267728540E0,3.388980119E0,9.826002660E0,1.047103864E1
4.060651633E1,2.058033968E0,3.912726334E0,1.158764711E1,1.240235852E1
4.061648333E1,1.938334886E0,4.114595608E0,1.256468878E1,1.336257622E1
4.062645033E1,9.146314857E-1,3.987402880E0,1.230903214E1,1.297105257E1
4.063641733E1,-1.840052254E-1,3.886888073E0,1.116701713E1,1.182556673E1
4.064638333E1,-8.564272778E-1,4.102027602E0,9.774116807E0,1.063454077E1
4.065635033E1,-1.174489789E0,4.452188112E0,8.052744466E0,9.276211440E0
4.066631733E1,-1.063965207E0,4.740365796E0,6.610543928E0,8.203802830E0
4.067628433E1,-6.126101527E-1,5.006853234E0,5.528431302E0,7.483810739E0
4.068625133E1,-4.010107472E-1,5.226313856E0,4.587190381E0,6.965449140E0
4.069621833E1,-3.072355876E-1,5.275738615E0,3.669527187E0,6.433757955E0
4.070618533E1,-1.524913643E-1,5.142743695E0,2.739647990E0,5.828956806E0
4.071615233E1,5.258854195E-2,4.826653157E0,1.583359340E0,5.079997348E0
4.072611933E1,3.430336305E-1,4.234679875E0,1.517627281E-1,4.251260712E0
4.073608633E1,3.309825191E-1,3.319563729E0,-1.370832347E0,3.606692959E0
4.074605333E1,1.670447186E-1,2.155842683E0,-2.805379465E0,3.541993161E0
4.075602033E1,-3.805883963E-1,8.389011991E-1,-3.723647261E0,3.835902980E0
4.076598733E1,-8.793035589E-1,-6.155703056E-1,-3.809558061E0,3.957882536E0
4.077595433E1,-1.096193744E0,-1.677935715E0,-2.900849878E0,3.525909670E0
4.078592133E1,-1.082672204E0,-2.122638100E0,-1.390538049E0,2.758870724E0
4.079588833E1,-6.860327625E-1,-2.351121560E0,7.073903024E-2,2.450187248E0
4.080585533E1,-2.488560364E-2,-2.561889710E0,9.512472618E-1,2.732904963E0
4.081582233E1,2.700057077E-1,-2.556319068E0,9.736719185E-1,2.748764680E0
4.082578933E1,6.355873713E-1,-2.184503396E0,3.771763998E-1,2.306141459E0
4.083575633E1,1.091804971E0,-1.883981654E0,-6.444099426E-1,2.270834459E0
4.084572333E1,1.104082223E0,-1.912436544E0,-1.968915385E0,2.958553512E0
4.085569033E1,6.075748229E-1,-1.943799840E0,-3.139791668E0,3.742431923E0
4.086565733E1,2.435033490E-1,-1.827154319E0,-3.362286410E0,3.834417386E0
4.087562433E1,3.451234254E-1,-1.836684111E0,-2.814609295E0,3.378541725E0
4.088559033E1,4.748488748E-1,-1.886717566E0,-2.024017791E0,2.807460177E0
4.089555733E1,4.401927200E-1,-1.991059375E0,-1.281050105E0,2.408147927E0
4.090552433E1,2.155301231E-1,-2.087784601E0,-6.842914617E-1,2.207612416E0
4.091549133E1,1.861104423E-1,-2.125114396E0,-3.844637847E-1,2.167616362E0
4.092545833E1,3.484879133E-1,-2.036250751E0,-6.009370637E-1,2.151484674E0
4.093542533E1,3.801304132E-1,-1.734291764E0,-1.257364204E0,2.175599181E0
4.094539233E1,4.201908571E-1,-1.413628119E0,-2.063846101E0,2.536605121E0
4.095535933E1,4.504765105E-1,-9.466250378E-1,-2.577900556E0,2.782912023E0
4.096532633E1,6.364004266E-1,-3.429415369E-1,-2.614147446E0,2.712264971E0
4.097529333E1,9.384974080E-1,3.421790600E-3,-2.392961896E0,2.570419368E0
4.098526033E1,9.484233490E-1,2.362672734E-1,-2.158800205E0,2.369756823E0
4.099522733E1,8.342652342E-1,4.293750787E-1,-2.093081009E0,2.293763185E0
4.100519433E1,9.344099119E-1,3.611380720E-1,-2.170639647E0,2.390652436E0
4.101516133E1,8.225553077E-1,2.242652786E-1,-2.100742031E0,2.267158846E0
4.102512833E1,4.494181645E-1,3.161630434E-1,-2.368774304E0,2.431671742E0
4.103509533E1,5.428917539E-1,2.734900635E-1,-1.548649684E0,1.663683898E0
4.104506233E1,6.718526798E-1,4.497385919E-2,-6.409758729E-1,9.296551732E-1
4.105502933E1,6.046383512E-1,6.767391980E-2,-4.719527489E-1,7.700043457E-1
4.106499633E1,6.149206799E-1,-3.486548513E-2,-1.786546576E-1,6.412959780E-1
4.107496333E1,2.948420486E-1,-3.058242890E-1,1.245456934E-3,4.248080514E-1
4.108493033E1,3.894742638E-2,-4.941850322E-1,5.026126242E-1,7.059427725E-1
4.109489733E1,-6.921086043E-2,-6.706604326E-1,1.042636904E0,1.241638946E0
4.110486433E1,-1.459348083E-2,-6.953023535E-1,1.444338280E0,1.603050654E0
4.111483033E1,1.197845981E-1,-6.594864035E-1,1.408717627E0,1.560050005E0