"Time (s)","Linear Acceleration x (m/s^2)","Linear Acceleration y (m/s^2)","Linear Acceleration z (m/s^2)","Absolute acceleration (m/s^2)"
1.911750005E-3,-3.978417025E-1,1.346786258E-1,-5.018302667E-1,6.544081059E-1
1.187775005E-2,-2.481293919E-1,2.931913065E-1,-4.812480676E-1,6.157345531E-1
2.184475004E-2,-1.141910054E-1,3.404877529E-1,-2.588363564E-1,4.426824539E-1
3.181175003E-2,4.182688773E-2,3.771993501E-1,-5.271089494E-2,3.831543772E-1
4.177875002E-2,2.470995693E-1,2.962920850E-1,1.483771902E-1,4.133557637E-1
5.174475000E-2,4.369438608E-1,4.980914108E-2,2.418361616E-1,5.018820749E-1
6.171175005E-2,4.472147509E-1,-1.449987421E-1,3.390431982E-1,5.796343321E-1
7.167875004E-2,3.714731719E-1,-1.683868373E-1,4.111498922E-1,5.791292414E-1
8.164575003E-2,3.366055306E-1,-1.328611650E-1,2.400855052E-1,4.342768958E-1
9.161175002E-2,1.890233058E-1,-8.577130806E-2,1.666222572E-2,2.082406233E-1
1.015787500E-1,3.387803659E-3,-1.223280272E-1,-2.121480936E-1,2.449131215E-1
1.115457500E-1,-1.867276524E-1,-1.446894244E-1,-3.832387930E-1,4.501935342E-1
1.215127500E-1,-2.407094397E-1,-9.019827157E-2,-4.408151561E-1,5.102889029E-1
1.314787500E-1,-1.228610009E-1,-1.150557355E-1,-3.329609245E-1,3.730892991E-1
1.414457500E-1,4.500857703E-2,-1.983356180E-1,-8.248257816E-2,2.194679136E-1
1.514127500E-1,2.440461899E-1,-1.797089471E-1,2.643760085E-1,4.021797140E-1
1.613797500E-1,4.740136731E-1,-5.570240356E-2,6.563236445E-1,8.115124438E-1
1.713457500E-1,5.232688636E-1,1.269138157E-3,7.781603229E-1,9.377341854E-1
1.813127500E-1,3.294594656E-1,-1.766809300E-2,6.357051927E-1,7.162239824E-1
1.912797500E-1,1.410857854E-1,-5.767949335E-2,5.770161045E-1,5.968079319E-1
2.012467500E-1,2.925405845E-2,-1.844844778E-1,5.410691768E-1,5.724038579E-1
2.112127500E-1,-8.882110611E-2,-3.348878379E-1,3.082611161E-1,4.637498987E-1
2.211797500E-1,-3.211351501E-1,-3.206372963E-1,3.266254663E-2,4.549757162E-1
2.311467500E-1,-4.496569502E-1,-2.056975915E-1,-1.266881132E-1,5.104436795E-1
2.411137500E-1,-4.482229936E-1,-1.162600061E-1,-2.241424870E-1,5.144512567E-1
2.510797500E-1,-2.825152409E-1,-9.534897421E-2,-1.919284219E-1,3.546023228E-1
2.610467500E-1,-1.030857541E-1,-7.841938455E-2,-1.451197064E-1,1.945147855E-1
2.710137500E-1,7.144274265E-3,-3.167977586E-2,-1.163818109E-1,1.208278725E-1
2.809807500E-1,1.334051022E-1,6.544086814E-2,-2.145986617E-2,1.501331222E-1
2.909467500E-1,1.850399633E-1,1.029097530E-1,1.560323650E-1,2.630138859E-1
3.009137500E-1,2.230068116E-1,1.214533203E-1,2.627627617E-1,3.654137600E-1
3.108807500E-1,2.722425601E-1,9.999016508E-2,4.027217156E-1,4.962850238E-1
3.208477500E-1,1.929483224E-1,-2.855674144E-2,4.542666757E-1,4.943710704E-1
3.308137500E-1,1.070750901E-1,-6.119443741E-2,3.442752868E-1,3.656983828E-1
3.407807500E-1,6.637583792E-2,-3.971564088E-2,3.544067574E-1,3.627495467E-1
3.507477500E-1,2.910246938E-2,-3.109531011E-2,2.988085073E-1,3.018284216E-1
3.607147500E-1,-5.416860580E-2,5.554525964E-3,2.087900376E-1,2.157738873E-1
3.706807500E-1,-8.098612949E-2,8.533072036E-2,1.916261208E-1,2.248569661E-1
3.806477500E-1,-3.313982561E-2,1.712177667E-1,8.719543397E-2,1.949790127E-1
3.906147500E-1,1.911893338E-3,1.998082758E-1,-1.271751863E-1,2.368555054E-1
4.005817500E-1,4.137592122E-2,1.743729243E-1,-2.221725601E-1,2.854444430E-1
4.105477500E-1,1.106091473E-1,1.704274973E-1,-2.267649633E-1,3.044704647E-1
4.205147500E-1,5.921913832E-2,9.489725852E-2,-3.274505085E-1,3.460292351E-1
4.304817501E-1,-4.208138779E-2,2.833761703E-2,-3.054521137E-1,3.096366540E-1
4.404487500E-1,4.385981843E-2,-3.120730257E-2,-2.464636481E-1,2.522734810E-1
4.504147500E-1,1.923831891E-1,-9.378341876E-2,-4.947387636E-2,2.196685811E-1
4.603817500E-1,2.712087724E-1,-1.509104781E-1,3.138609946E-2,3.119507299E-1
4.703487500E-1,2.432506031E-1,-1.935489959E-1,9.369110584E-2,3.246692056E-1
4.803157500E-1,1.199532902E-1,-1.903967803E-1,2.141554427E-1,3.106481602E-1
4.902817500E-1,7.282049283E-2,-1.721674277E-1,1.647382843E-1,2.491649045E-1
5.002487500E-1,1.250921157E-1,-1.736950493E-1,1.433380598E-1,2.576117368E-1
5.102157500E-1,1.547510938E-1,-2.133325385E-1,5.930187643E-2,2.701395668E-1
5.201817500E-1,1.633324675E-1,-2.680095597E-1,6.991749644E-2,3.215510462E-1
5.301487500E-1,1.437859565E-1,-3.535543795E-1,4.767644227E-2,3.846402783E-1
5.401157500E-1,-1.842004493E-2,-4.038914876E-1,-5.932935834E-2,4.086411685E-1
5.500827500E-1,-1.235304706E-1,-3.421177739E-1,-7.637399197E-2,3.716683131E-1
5.600497500E-1,-8.887826264E-2,-2.219777930E-1,1.716742516E-2,2.397252733E-1
5.700157500E-1,8.940977454E-3,-1.865154168E-1,2.053308249E-1,2.775404284E-1
5.799827500E-1,8.460482508E-2,-1.911773470E-1,4.017908388E-1,4.529267409E-1
5.899497501E-1,7.536417782E-2,-2.457750471E-1,4.641923243E-1,5.306219436E-1
5.999157500E-1,4.191722721E-2,-4.879316178E-1,1.980563039E-1,5.282618831E-1
6.098827500E-1,-1.655776522E-1,-8.989374127E-1,3.421966016E-2,9.146996316E-1
6.198497500E-1,-4.774608260E-1,-1.286189808E0,-1.179699147E-1,1.377014874E0
6.298167500E-1,-7.690769657E-1,-1.470739043E0,-1.203585023E-1,1.664042933E0
6.397827500E-1,-1.084204467E0,-1.528642412E0,-1.013439417E-2,1.874126372E0
6.497497500E-1,-1.447771473E0,-1.515797687E0,-3.104970914E-1,2.118984028E0
6.597167500E-1,-1.304269983E0,-5.358931850E-1,2.039099514E-2,1.410218950E0
6.696837500E-1,-6.583900505E-1,4.354728110E-1,-1.757556081E-2,7.895713572E-1
6.796497500E-1,1.553242671E-1,1.257077106E0,-1.672882551E-1,1.277636035E0
6.896167501E-1,9.176012135E-1,1.904200156E0,-4.325080168E-1,2.157552643E0
6.995837500E-1,1.203506085E0,1.845943470E0,-4.395299381E-1,2.247024868E0
7.095507500E-1,1.069337629E0,1.079253776E0,-7.274047369E-1,1.684455202E0
7.195167500E-1,5.311607775E-1,4.096420049E-1,-1.037505387E0,1.235457718E0
7.294837500E-1,-1.763596255E-1,1.564116300E-1,-9.823842698E-1,1.010270345E0
7.394507500E-1,-4.980383474E-1,1.797121266E-1,-7.254470891E-1,8.981158739E-1
7.494177500E-1,-7.001877022E-1,1.159713364E-1,-3.995028234E-1,8.144413269E-1
7.593837500E-1,-5.469555688E-1,-5.076982034E-3,-4.866520643E-2,5.491397566E-1
7.693507500E-1,5.190222502E-2,1.834653812E-1,2.655659169E-1,3.269229929E-1
7.793177500E-1,2.999338040E-1,3.166914124E-1,6.321015537E-1,7.679883538E-1
7.892847500E-1,4.890555623E-1,3.543694814E-1,9.077656120E-1,1.090317146E0
7.992507500E-1,3.999010187E-1,2.396396185E-1,6.322132355E-1,7.855199213E-1
8.092177500E-1,1.469551474E-2,-1.010256704E-1,3.872722024E-1,4.005020636E-1
8.191847500E-1,-5.057593033E-1,-4.023879126E-1,4.578387398E-1,7.920383935E-1
8.291517500E-1,-9.425998145E-1,-5.976192074E-1,3.138335127E-1,1.159368190E0
8.391177500E-1,-1.171128590E0,-6.059833570E-1,2.886735284E-1,1.349848292E0
8.490847501E-1,-1.158134615E0,-3.708047255E-1,1.948736644E-1,1.231563103E0
8.590517500E-1,-1.062850436E0,-1.591731969E-1,-1.765058059E-1,1.089101214E0
8.690187500E-1,-5.321992430E-1,-1.347392815E-1,-3.414089817E-1,6.464911453E-1
8.789847500E-1,-1.006840834E-1,-1.366494207E-1,-6.827442884E-2,1.829528531E-1
8.889517500E-1,-3.137414190E-1,-7.885074461E-2,1.532654625E-1,3.579684622E-1
8.989187500E-1,-5.215315828E-1,-1.808653254E-1,3.954074335E-1,6.790099382E-1
9.088857500E-1,-5.897200575E-1,-4.809530025E-1,6.721011865E-1,1.015285941E0
9.188517500E-1,-6.201296720E-1,-6.789626748E-1,6.009160137E-1,1.098476754E0
9.288186250E-1,-7.177077144E-1,-6.447055194E-1,4.728052729E-1,1.074380936E0
9.387856250E-1,-7.232076055E-1,-4.589519765E-1,5.975930411E-1,1.044405860E0
9.487526250E-1,-4.478300607E-1,-2.490429280E-1,9.958299422E-1,1.119933666E0
9.587186250E-1,-3.420094907E-1,-8.206121318E-2,1.249655820E0,1.298208073E0
9.686856250E-1,-3.433675066E-1,-4.626563704E-2,1.266688174E0,1.313217683E0
9.786526250E-1,-2.577253854E-1,-1.896463084E-2,1.182753147E0,1.210655624E0
9.886196250E-1,-3.275806090E-1,5.114102717E-3,7.365193766E-1,8.060992505E-1
9.985856250E-1,-5.468263453E-1,-2.579881538E-2,1.229669452E-1,5.610753073E-1
1.008552625E0,-5.962291780E-1,-1.391851754E-1,-1.981486899E-1,6.435251736E-1
1.018519625E0,-5.920033953E-1,-2.985575521E-1,-3.286228752E-1,7.399983960E-1
1.028486625E0,-7.036872607E-1,-4.771303122E-1,-1.983843327E-1,8.730323242E-1
1.038452625E0,-8.209002534E-1,-6.617285183E-1,1.294602782E-1,1.062319077E0
1.048419625E0,-7.718143398E-1,-8.287044590E-1,4.164667654E-1,1.206603921E0
1.058386625E0,-7.641398692E-1,-9.488476375E-1,7.631686467E-1,1.437584071E0
1.068353625E0,-8.743370801E-1,-1.004487476E0,1.118279994E0,1.738968247E0
1.078319625E0,-8.674227476E-1,-1.112138078E0,1.227689000E0,1.869891336E0
1.088286625E0,-8.907899755E-1,-1.285461537E0,1.202774014E0,1.972963120E0
1.098253625E0,-8.978788474E-1,-1.509072658E0,1.103342112E0,2.073849206E0
1.108220625E0,-5.197171918E-1,-1.680233817E0,9.487931854E-1,1.998374376E0
1.118186625E0,-3.981453922E-1,-1.601576048E0,4.873133844E-1,1.720767249E0
1.128153625E0,-5.434937248E-1,-1.405465406E0,-1.503020936E-1,1.514367576E0
1.138120625E0,-6.415228799E-1,-1.357765574E0,-6.330634207E-1,1.629677347E0
1.148087625E0,-8.415283531E-1,-1.442488367E0,-6.183418858E-1,1.780811429E0
1.158053625E0,-1.115881173E0,-1.645239839E0,-3.055012304E-1,2.011302047E0
1.168020625E0,-1.237740948E0,-2.037285854E0,-1.634173983E-1,2.389401924E0
1.177987625E0,-1.360909622E0,-2.395489355E0,-1.998858976E-1,2.762317618E0
1.187953625E0,-1.727773873E0,-2.595448343E0,-4.653196675E-1,3.152471578E0
1.197920625E0,-1.809168869E0,-2.592806278E0,-3.263787138E-1,3.178405175E0
1.207887625E0,-1.207116741E0,-2.431283963E0,-2.269801408E-1,2.723929610E0
1.217854625E0,-7.623289865E-1,-2.111135750E0,-2.431494462E-1,2.257689370E0
1.227820625E0,4.075135088E-1,-2.039467158E0,-5.162880921E-1,2.142906191E0
1.237787625E0,1.780005881E0,-1.740700312E0,-9.094806004E-1,2.650587383E0
1.247754625E0,1.823029693E0,-6.208202282E-1,-9.048232931E-1,2.127806432E0
1.257721625E0,1.602867991E0,3.977708781E-1,-1.096715462E0,1.982471254E0
1.267687625E0,1.666132525E0,1.291828716E0,-1.007403921E0,2.336596175E0
1.277654625E0,1.040809064E0,2.268634450E0,2.572073221E-2,2.496126465E0
1.287621625E0,6.421260202E-1,2.585344647E0,6.223209161E-1,2.735619873E0
1.297588625E0,1.064418951E0,2.178593322E0,7.229754710E-1,2.530207521E0
1.307554625E0,1.454128273E0,1.824448813E0,1.375242902E0,2.708208918E0
1.317521625E0,1.743255545E0,1.716025939E0,1.926778595E0,3.113865873E0
1.327488625E0,1.607452793E0,1.758057626E0,1.991984990E0,3.105265737E0
1.337455625E0,1.392133169E0,1.909237386E0,1.918336970E0,3.043556947E0
1.347421625E0,1.207897344E0,1.888570257E0,1.351840006E0,2.617858860E0
1.357388625E0,9.756710815E-1,1.774416966E0,5.647439682E-1,2.102242940E0
1.367355625E0,5.141257918E-1,1.673418594E0,-6.759562558E-1,1.876585192E0
1.377322625E0,7.694935799E-4,1.502908231E0,-1.653039440E0,2.234115739E0
1.387288625E0,-3.273563683E-1,1.292247085E0,-1.769704256E0,2.215607789E0
1.397255625E0,-7.510672492E-1,1.023155150E0,-1.817302930E0,2.216650269E0
1.407222625E0,-1.208147020E0,7.235346110E-1,-1.947065510E0,2.402953527E0
1.417189625E0,-1.609143807E0,5.417496465E-1,-2.038425915E0,2.652926061E0
1.427155625E0,-2.111463486E0,3.653009972E-1,-2.313495896E0,3.153408653E0
1.437122625E0,-2.550864201E0,2.303972536E-1,-2.391907058E0,3.504455798E0
1.447089625E0,-2.705411373E0,-1.111155161E-1,-2.594154062E0,3.749831016E0
1.457056625E0,-2.292668699E0,-1.040278137E-2,-2.167466363E0,3.155051254E0
1.467022625E0,-1.331321542E0,4.662245241E-1,-2.112890791E0,2.540490081E0
1.476989625E0,-5.127423406E-1,8.845679533E-1,-2.139530706E0,2.371277464E0
1.486956625E0,5.065226573E-1,1.193198614E0,-2.121096189E0,2.485827262E0
1.496923625E0,1.459269145E0,1.443493942E0,-2.109826266E0,2.943553646E0
1.506889625E0,2.055152460E0,1.452488714E0,-1.760595756E0,3.071330740E0
1.516856625E0,1.962801536E0,1.077922511E0,-2.079109672E0,3.055683858E0
1.526823625E0,1.378317368E0,3.854136649E-1,-2.386883423E0,2.783076523E0
1.536789625E0,5.313686460E-1,-4.025243720E-1,-1.553404639E0,1.690397729E0
1.546756625E0,-4.979950780E-1,-9.853932470E-1,-1.187204048E0,1.621250258E0
1.556723625E0,-1.850571249E0,-6.599079877E-1,-2.553522930E0,3.221889484E0
1.566690625E0,-3.208461953E0,1.309776306E-4,-4.025202790E0,5.147473713E0
1.576656625E0,-6.061457634E-1,-1.168107042E-1,-7.674283433E-1,9.848876531E-1
1.586623625E0,1.425294483E0,1.796486843E-1,1.681682318E0,2.211739911E0
1.596590625E0,2.644243065E0,-4.138045281E-2,2.955289795E0,3.965787627E0
1.606557625E0,2.596131590E0,-5.346986353E-2,3.157504931E0,4.088104163E0
1.616523625E0,1.440005493E0,-4.893493849E-1,3.419119007E0,3.742118842E0
1.626490625E0,6.306286401E-1,-1.284710170E0,2.848375795E0,3.187697817E0
1.636457625E0,-4.342645204E-1,-1.363936141E0,1.564433073E0,2.120461815E0
1.646424625E0,-1.331678807E0,-1.217340890E0,1.357078819E-1,1.809337977E0
1.656390625E0,-1.561315337E0,-9.014213830E-1,-5.106369044E-1,1.873770568E0
1.666357625E0,-1.577691634E0,-2.522801659E-1,-9.534965394E-1,1.860621355E0
1.676324625E0,-9.127696592E-1,2.636164552E-1,-8.485906202E-1,1.273871315E0
1.686291625E0,-1.701411116E-1,5.170061302E-1,-9.685644487E-1,1.111017744E0
1.696257625E0,-2.558683097E-2,9.456041139E-1,-1.615214533E0,1.871827934E0
1.706224625E0,-1.431690753E-2,9.636035979E-1,-1.892168925E0,2.123450049E0
1.716191625E0,4.022995466E-1,1.147131617E0,-1.456768291E0,1.897348077E0
1.726158625E0,1.316574279E0,1.594784507E0,-9.608425426E-1,2.280334153E0
1.736124625E0,1.520194793E0,1.154304982E0,-1.789730385E0,2.616590730E0
1.746091625E0,5.458387506E-1,7.561078414E-1,-2.234015279E0,2.420839374E0
1.756058625E0,-9.652951974E-1,2.885092217E-1,-2.024581463E0,2.261407192E0
1.766025625E0,-3.269613304E0,-3.419922414E-1,-2.471853699E0,4.113075560E0
1.775991625E0,8.456483012E-1,-9.723869929E-1,-1.163289521E0,1.736058761E0
1.785958625E0,3.519758944E0,-1.170431310E-1,8.436900687E-1,3.621355416E0
1.795925625E0,2.141969579E0,3.961088070E-1,1.108960701E0,2.444326022E0
1.805892625E0,7.051853174E-1,-1.357986599E-2,4.517496686E-2,7.067612909E-1
1.815858625E0,-1.698774022E-1,1.541071692E-1,-3.578852659E-1,4.250755403E-1
1.825825625E0,-6.642711800E-1,4.308865839E-1,1.010568434E-1,7.982054463E-1
1.835792625E0,-8.051674426E-1,2.995323926E-1,4.622826236E-1,9.755611149E-1
1.845759625E0,-1.669064904E0,9.830368191E-2,7.633797312E-1,1.837985278E0
1.855725625E0,-1.989473611E0,-2.640023714E-1,1.382998649E0,2.437291070E0
1.865692625E0,-1.688343174E0,-4.338420591E-1,2.420656064E0,2.983001405E0
1.875659625E0,-8.430784500E-1,1.356597885E-2,2.519500905E0,2.656849661E0
1.885625625E0,-2.035509324E-1,7.350782572E-1,1.725406920E0,1.886478748E0
1.895592625E0,-5.514070541E-1,8.892511345E-1,9.551766638E-1,1.416749723E0
1.905559625E0,3.630009949E-2,7.927964153E-1,1.051379514E0,1.317286125E0
1.915526625E0,8.445724136E-1,3.275504593E-1,1.373597349E0,1.645406194E0
1.925492125E0,6.303602529E-1,-4.932835012E-1,1.886288234E0,2.049089057E0
1.935459125E0,1.076609226E0,-1.100761005E0,1.626579620E0,2.239759691E0
1.945426125E0,1.280372998E0,-1.163640061E0,8.497770202E-1,1.927572097E0
1.955393125E0,-3.764133382E-1,-1.601471383E0,-1.032150507E-1,1.648347942E0
1.965359125E0,-1.365212004E0,-2.907459571E0,-1.068542262E0,3.385100816E0
1.975326125E0,-1.580093086E0,-3.679789927E0,-1.212920687E0,4.184342799E0
1.985293125E0,-1.674916797E0,-2.503842646E0,-1.345600004E0,3.299274715E0
1.995260125E0,-1.690161073E0,-1.170188943E0,-2.764633727E0,3.445168539E0
2.005226125E0,-1.766227502E0,-1.482358484E0,-4.236331129E0,4.823219640E0
2.015193125E0,-1.259912421E0,-2.002063251E0,-3.480815611E0,4.208528707E0
2.025160125E0,-2.801149589E-1,-1.779559153E0,-1.399343809E0,2.281108999E0
2.035127125E0,8.641746193E-1,-1.181155834E0,4.838395536E-1,1.541436859E0
2.045093125E0,1.452930763E0,-4.022179779E-1,2.233866467E0,2.694985436E0
2.055060125E0,2.216366628E0,1.666397989E-1,3.150938215E0,3.855964404E0
2.065027125E0,2.128753703E0,6.998661053E-1,3.369795112E0,4.046841236E0
2.074994125E0,1.081508024E0,5.580804813E-1,2.835394977E0,3.085543405E0
2.084960125E0,-4.996223581E-1,8.668614149E-2,2.891762720E0,2.935886343E0
2.094927125E0,-1.279624554E0,-2.470916390E-2,2.376748152E0,2.699440927E0
2.104894125E0,-1.637558352E0,1.145636192E-1,1.238349059E0,2.056266172E0
2.114861125E0,-1.684931908E0,2.977428523E-1,1.968362823E-1,1.722321359E0
2.124827125E0,-1.823064192E0,8.564124405E-1,-2.520221575E0,3.226224124E0
2.134794125E0,-1.745762247E0,1.068496215E0,-4.556224404E0,4.994852430E0
2.144761125E0,-9.368923473E-1,9.227099258E-1,-3.415514199E0,3.659904113E0
2.154728125E0,2.282560033E-1,8.010545111E-1,-1.030337285E0,1.324909074E0
2.164694125E0,2.030207654E0,5.433875978E-1,-2.616193387E-1,2.117889959E0
2.174661125E0,2.406159062E0,1.393549365E-1,1.559922823E0,2.870954622E0
2.184628125E0,2.204166997E0,-4.814100355E-1,2.350333355E0,3.257940247E0
2.194594125E0,2.178701203E0,-1.041964766E0,2.240740746E0,3.294442077E0
2.204561125E0,2.301580440E0,-1.484158403E0,1.870130477E0,3.316230796E0
2.214528125E0,2.301379881E0,-1.647483123E0,9.602885190E-1,2.988762961E0
2.224495125E0,2.281295280E0,-1.667494049E0,-3.856557396E-1,2.851942304E0
2.234461125E0,2.435832512E0,-1.555052677E0,-2.422595000E0,3.770999256E0
2.244428125E0,2.763163737E0,-1.533233792E0,-2.674814355E0,4.140110087E0
2.254395125E0,3.019521459E0,-1.425440079E0,-1.792704425E0,3.789878417E0
2.264362125E0,3.254166130E0,-1.060846010E0,-4.195883015E-1,3.448339572E0
2.274328125E0,3.471953863E0,-6.248439896E-1,6.097689906E-1,3.580043556E0
2.284295125E0,3.019990405E0,-6.014852402E-1,5.503576250E-1,3.128101670E0
2.294262125E0,2.423273277E0,-9.984439400E-1,9.868784398E-3,2.620923706E0
2.304229125E0,9.816282248E-1,-1.146122388E0,1.441688029E-1,1.515907366E0
2.314195125E0,-7.519396538E-1,-1.193769886E0,8.673423484E-2,1.413514277E0
2.324162125E0,-1.423812799E0,-1.414006141E0,-3.568776445E-1,2.038140797E0
2.334129125E0,-1.255125890E0,-1.018028019E0,4.189167488E-1,1.669494921E0
2.344096125E0,-5.784323001E-1,5.380549371E-2,-1.114562626E-1,5.915246871E-1
2.354062125E0,-5.358540452E-1,1.470747814E0,-2.047980266E0,2.577685368E0
2.364029125E0,-9.506397361E-1,2.381898087E0,-2.819268941E0,3.811224444E0
2.373996125E0,-7.401218462E-1,2.189176198E0,-3.239803029E0,3.979522137E0
2.383963125E0,-2.136303627E-1,1.470325645E0,-3.792439753E0,4.073093998E0
2.393929125E0,1.063169986E-1,9.076659170E-1,-2.590025343E0,2.746523620E0
2.403896125E0,3.506440741E-1,6.415258035E-1,-1.330772342E0,1.518374674E0
2.413863125E0,1.137224972E-1,9.280975503E-1,-5.606298673E-1,1.090231039E0
2.423830125E0,4.123281062E-2,1.575613826E0,2.338475494E-1,1.593406336E0
2.433796125E0,2.665254450E-1,1.993179576E0,1.316363925E0,2.403458886E0
2.443763125E0,4.516518009E-1,2.369698749E0,1.500340280E0,2.840859459E0
2.453730125E0,6.875752580E-1,2.502736353E0,1.514464814E0,3.005004603E0
2.463696125E0,6.471528715E-1,1.876851559E0,1.692887338E0,2.609069978E0
2.473663125E0,-9.260820150E-2,8.400343895E-1,1.793510610E0,1.982653364E0
2.483630125E0,-7.605789149E-1,-4.199821115E-1,1.942040705E0,2.127530813E0
2.493597125E0,-1.433808029E0,-1.950696630E0,1.960809098E0,3.115412513E0
2.503563125E0,-1.951274920E0,-2.345385441E0,1.695339806E0,3.490341493E0
2.513530125E0,-1.709273867E0,-1.264438165E0,1.562903734E0,2.638766588E0
2.523497125E0,-1.317586432E0,-8.678145111E-2,1.583106741E0,2.061502360E0
2.533464125E0,-4.967045975E-1,1.361590823E0,1.515284594E0,2.096838675E0
2.543430125E0,2.673914176E-1,1.893519632E0,1.273862708E0,2.297746932E0
2.553397125E0,4.908983123E-1,1.644815916E0,7.474375901E-1,1.872181482E0
2.563364125E0,5.763097608E-1,1.249644710E0,3.114924337E-1,1.410947333E0
2.573331125E0,3.198894739E-2,4.518359882E-1,3.341248128E-1,5.628662749E-1
2.583297125E0,-8.103545076E-1,-5.167751652E-1,6.871527967E-1,1.181486337E0
2.593264125E0,-1.546373363E0,-1.288190140E0,9.431558847E-1,2.222666740E0
2.603231125E0,-1.175957513E0,-1.250973197E0,1.103002388E0,2.040692109E0
2.613198125E0,4.521476448E-2,-6.943410712E-1,1.388317276E0,1.552925870E0
2.623164125E0,9.839226723E-1,-1.812028742E-1,1.322311275E0,1.658145173E0
2.633131125E0,1.280640800E0,2.806979263E-1,9.365944317E-1,1.611223546E0
2.643098125E0,8.909917045E-1,3.661432886E-1,8.302566755E-1,1.271712732E0
2.653065125E0,3.359459281E-1,3.382082158E-1,7.407568538E-1,8.808888581E-1
2.663031125E0,1.988585418E-1,4.805341226E-1,7.569396079E-1,9.183764656E-1
2.672998125E0,-2.219509506E-1,4.766772991E-1,9.609812678E-1,1.095430723E0
2.682965125E0,-1.477625894E0,1.542840475E-1,1.519863256E0,2.125362597E0
2.692932125E0,-3.039468650E0,-1.311881304E-1,1.855523694E0,3.563502235E0
2.702898125E0,-3.817796203E0,1.000663251E-1,1.963129711E0,4.294119163E0
2.712865125E0,-3.504249789E0,3.836475134E-1,2.007680086E0,4.056812952E0
2.722832125E0,-3.205559396E0,1.156941783E-1,1.368720918E0,3.487462277E0
2.732798125E0,-3.180925076E0,-1.157333547E-1,-1.144206548E-1,3.185085656E0
2.742765125E0,-2.924319432E0,1.555710196E-1,-2.145674375E0,3.630394608E0
2.752732125E0,-9.444592291E-1,6.940802854E-1,-3.382180392E0,3.579510424E0
2.762699125E0,2.253256711E0,1.040394496E0,-4.439824759E0,5.086416263E0
2.772665125E0,4.150433777E0,1.056814063E0,-3.547767692E0,5.561439750E0
2.782632125E0,4.281593841E0,9.051980996E-1,-9.724222954E-1,4.482971619E0
2.792599125E0,4.001122786E0,4.857627028E-1,2.568916090E-1,4.038680757E0
2.802566125E0,3.298291558E0,-3.062742323E-1,1.115542327E0,3.495277641E0
2.812532125E0,2.214304900E0,-1.184344760E0,1.249689149E0,2.804913843E0
2.822499125E0,5.553305358E-1,-1.610419670E0,1.056022350E0,2.004252160E0
2.832466125E0,-1.071771240E0,-1.724127549E0,4.674135919E-1,2.083215030E0
2.842433125E0,-1.881590728E0,-2.046217915E0,-8.632595301E-1,2.910774542E0
2.852399125E0,-1.820822369E0,-1.973838741E0,-2.009486876E0,3.354023103E0
2.862366125E0,-1.338156352E0,-1.247729747E0,-2.716270237E0,3.274998617E0
2.872333125E0,-7.574874920E-1,-7.070055556E-1,-2.599306043E0,2.798220160E0
2.882300125E0,-3.652358007E-1,-1.086365891E-1,-1.555221369E0,1.601222223E0
2.892266125E0,-4.551554525E-1,5.607164061E-1,-2.636123621E-1,7.688048201E-1
2.902233125E0,-1.065148099E0,9.956100869E-1,9.206203502E-2,1.460909079E0
2.912200125E0,-1.247932060E0,8.742733455E-1,-9.887294490E-2,1.526913281E0
2.922167125E0,-5.542698509E-1,1.076735526E-1,3.665373909E-1,6.731703503E-1
2.932133375E0,-5.605491757E-2,-3.116431457E-1,9.501573408E-1,1.001530117E0
2.942100375E0,2.014155293E-1,-3.349635959E-1,8.314284575E-1,9.187176421E-1
2.952067375E0,3.123728782E-1,-1.885645187E-1,1.079524648E-1,3.805090372E-1
2.962034375E0,2.790782475E-1,3.450669998E-1,-7.425367463E-1,8.650530170E-1
2.972000375E0,-1.438075912E-1,1.369410304E0,-1.399790683E0,1.963511946E0
2.981967375E0,-1.086973416E0,1.735428463E0,-8.650645655E-1,2.222961956E0
2.991934375E0,-1.276635457E0,1.033281358E0,3.504236341E-2,1.642770959E0
3.001901375E0,-1.328982655E0,6.855211312E-1,3.239322388E-1,1.530054318E0
3.011867375E0,-1.304319100E0,7.455071318E-1,5.449768710E-1,1.598132969E0
3.021834375E0,-1.048834367E0,1.284451430E0,-3.704328060E-2,1.658686592E0
3.031801375E0,-4.847885567E-1,1.034027463E0,-8.104591727E-1,1.400384522E0
3.041767375E0,8.982323116E-1,-4.543853742E-1,-3.202244024E0,3.356732659E0
3.051734375E0,9.716838652E-1,-1.996856890E0,-3.614107862E0,4.241860748E0
3.061701375E0,9.798728907E-1,-2.550191771E0,-1.437906343E0,3.087264744E0
3.071668375E0,9.490896392E-1,-1.981036078E0,1.159576685E0,2.483926967E0
3.081634375E0,1.912115532E0,-9.494340402E-1,2.721881225E0,3.459226533E0
3.091601375E0,2.637022339E0,-5.834240681E-1,2.492017822E0,3.674836498E0
3.101568375E0,2.034976643E0,-4.931933445E-1,1.063585138E0,2.348527828E0
3.111535375E0,1.515571400E0,-9.527651989E-1,3.823131788E-1,1.830541330E0
3.121501375E0,1.285144325E0,-1.182989960E0,-1.587365560E-1,1.753926588E0
3.131468375E0,9.069057789E-1,-1.068902012E0,-3.262186463E-1,1.439252656E0
3.141435375E0,4.243224996E-1,-1.144648013E0,9.628376126E-2,1.224556744E0
3.151402375E0,4.040151197E-1,-1.439693252E0,5.338800251E-1,1.587757147E0
3.161368375E0,8.023955700E-1,-1.522658225E0,1.058597463E0,2.020632404E0
3.171335375E0,1.580379307E0,-1.357473214E0,1.254032607E0,2.431651714E0
3.181302375E0,2.084987001E0,-1.440714760E0,1.500790954E0,2.945369808E0
3.191269375E0,1.884585087E0,-1.499150079E0,2.218617221E0,3.274350971E0
3.201235375E0,1.397250945E0,-8.305806112E-1,2.948113507E0,3.366533470E0
3.211202375E0,1.709562135E0,1.379165214E-1,2.663631263E0,3.168052267E0
3.221169375E0,2.569098743E0,5.710560375E-1,2.166277478E0,3.408684711E0
3.231136375E0,3.158999187E0,7.016424894E-1,1.656831944E0,3.635473853E0
3.241102375E0,3.011988491E0,1.034936705E0,7.040560008E-1,3.261727074E0
3.251069375E0,2.086768940E0,1.568117988E0,-5.523373461E-1,2.668084552E0
3.261036375E0,5.780493075E-1,1.541541808E0,-2.003115749E0,2.592868075E0
3.271003375E0,-1.139160985E0,1.557342154E0,-2.639119735E0,3.269243844E0
3.280969375E0,-2.401016436E0,1.634812499E0,-2.473104419E0,3.814936080E0
3.290936375E0,-3.264779411E0,1.515570230E0,-1.516366621E0,3.905778470E0
3.300903375E0,-3.624200156E0,1.175608435E0,-4.723603364E-1,3.839271578E0
3.310869375E0,-3.236213424E0,1.024711094E0,2.346862411E-1,3.402673623E0
3.320836375E0,-2.388722080E0,6.681373590E-1,4.511723292E-1,2.521102373E0
3.330803375E0,-4.270671827E-1,-2.256458062E-1,3.777757394E-1,6.132021833E-1
3.340770375E0,1.777261198E-1,-1.160760015E-1,1.654843708E-1,2.691566249E-1
3.350736375E0,-2.416800410E-1,1.559486913E0,4.082128358E-1,1.630044905E0
3.360703375E0,1.270636799E0,1.400250274E0,3.525473428E-1,1.923410599E0
3.370670375E0,1.313013325E0,1.912018468E0,-1.264004302E-1,2.322885207E0
3.380637375E0,1.326577111E0,1.783564496E0,-1.714110812E-2,2.222881679E0
3.390603375E0,1.191400595E0,1.376195413E0,-4.880846322E-2,1.820915006E0
3.400570375E0,5.564789289E-1,1.386702860E0,-5.943285406E-2,1.495374831E0
3.410537375E0,2.447837430E-1,1.275128045E0,1.937662017E-1,1.312789379E0
3.420504375E0,1.034623879E-1,9.351147938E-1,3.855987293E-1,1.016774569E0
3.430470375E0,5.841953158E-3,4.654360271E-1,4.189161640E-1,6.262232639E-1
3.440437375E0,-2.214153457E-1,-2.763774186E-1,1.914530432E-1,4.025711125E-1
3.450404375E0,-3.036736831E-1,-9.662547255E-1,7.185701787E-2,1.015396145E0
3.460371375E0,-2.351039699E-1,-1.489976968E0,2.309486461E-1,1.525989029E0
3.470337375E0,-2.458786342E-1,-1.722145928E0,3.538395774E-1,1.775231068E0
3.480304375E0,-3.340756962E-1,-2.249019234E0,3.249063849E-1,2.296793035E0
3.490271375E0,-2.720642200E-1,-2.213323152E0,1.986977434E-1,2.238816453E0
3.500238375E0,-2.086105281E-1,-1.550363503E0,2.162686265E-1,1.579214191E0
3.510204375E0,-2.917915562E-1,-6.839809746E-1,7.967068870E-2,7.478767976E-1
3.520171375E0,-8.013234830E-1,-9.018570006E-2,-1.660854828E-1,8.233086739E-1
3.530138375E0,-1.481666905E0,-3.943128347E-2,-6.241961181E-1,1.608263796E0
3.540105375E0,-1.782426628E0,-3.962739909E-1,-1.149032840E0,2.157395241E0
3.550071375E0,-1.635267120E0,1.953590418E0,-1.508587486E0,2.960819190E0
3.560038375E0,-1.064256691E0,6.217729735E0,-1.738240389E0,6.543262566E0
3.570005375E0,1.230306798E0,4.158625726E0,2.823288317E0,5.174821704E0
3.579971375E0,8.296602595E-1,1.888171769E0,2.767497693E0,3.451459439E0
3.589938375E0,2.837077805E-1,9.428693712E-2,2.465653531E-1,3.875236826E-1
3.599905375E0,8.010819930E-1,-1.288007122E0,-6.671497643E-1,1.657040589E0
3.609872375E0,6.688083270E-1,-1.925321469E0,-6.827150524E-1,2.149480677E0
3.619838375E0,-1.909495980E-2,-2.616701510E0,-2.297604918E-1,2.626838650E0
3.629805375E0,-5.442614642E-1,-2.418344659E0,4.573341616E-1,2.520667762E0
3.639772375E0,-4.702631959E-1,-1.267581044E0,7.538266964E-1,1.547954736E0
3.649739375E0,1.556327078E-1,-5.429081261E-2,5.911312830E-1,6.136816975E-1
3.659705375E0,7.811935660E-1,8.192709267E-1,-9.091473822E-2,1.135664444E0
3.669672375E0,9.520980316E-1,1.276782807E0,-5.689105845E-1,1.691249317E0
3.679639375E0,6.791599452E-1,1.356996081E0,-2.760318482E-1,1.542365124E0
3.689606375E0,4.245771459E-1,1.187135636E0,1.667438793E-1,1.271754808E0
3.699572375E0,2.229742134E-1,1.315483773E0,2.250195694E-1,1.353088639E0
3.709539375E0,-7.095333070E-2,1.602996629E0,3.417534192E-1,1.640557213E0
3.719506375E0,3.514264315E-2,1.616324188E0,1.382795604E-1,1.622609048E0
3.729473375E0,6.560918024E-1,1.620609028E0,1.831102359E-1,1.757941817E0
3.739439375E0,7.919429411E-1,1.084131669E0,4.922863682E-1,1.429986352E0
3.749406375E0,4.322828990E-1,-1.670754164E-1,3.929328918E-1,6.076009851E-1
3.759373375E0,-1.892232075E-1,-1.510389597E0,1.401695998E-1,1.528636541E0
3.769340375E0,-5.107775299E-1,-1.658299595E0,1.707692488E-1,1.743563411E0
3.779306375E0,-5.784745462E-1,-1.109496891E0,4.073661590E-1,1.315888802E0
3.789273375E0,-5.453344283E-1,-9.711704797E-1,3.086827004E-1,1.155788367E0
3.799240375E0,-4.875041498E-1,-1.081686949E0,1.827220539E-1,1.200455872E0
3.809207375E0,-4.708734991E-1,-1.075507611E0,6.284119606E-2,1.175749756E0
3.819173375E0,-5.522391129E-1,-9.134613848E-1,-1.819220817E-1,1.082809024E0
3.829140375E0,-7.969297390E-1,-8.173822761E-1,-8.570490561E-2,1.144795233E0
3.839107375E0,-9.905471291E-1,-6.408659452E-1,1.979036915E-1,1.196268634E0
3.849073375E0,-1.152628366E0,-2.543632364E-1,2.164182421E-1,1.200037358E0
3.859040375E0,-1.193909927E0,5.872276819E-1,-2.709751761E-1,1.357823557E0
3.869007375E0,-8.456357297E-1,1.249859303E0,-8.196299458E-1,1.717277296E0
3.878974375E0,-8.734440641E-1,1.058828428E0,-1.276798010E0,1.874629385E0
3.888940375E0,-1.473665721E0,1.851620239E-1,-1.072519611E0,1.832013632E0
3.898907375E0,-2.679727770E0,-4.221689701E-4,-3.275563431E-1,2.699672991E0
3.908874375E0,-2.520847811E0,2.799863201E-1,6.705200994E-1,2.623483034E0
3.918841375E0,-6.632183158E-1,-7.066757727E-1,8.519756464E-1,1.290392066E0
3.928807292E0,-6.405455178E-1,-1.450549192E0,9.226848558E-1,1.834595013E0
3.938774292E0,2.964111489E-1,-1.114792714E0,7.268416500E-1,1.363422586E0
3.948741292E0,1.164220105E0,-7.850600374E-1,-2.267937608E-1,1.422379389E0
3.958708292E0,2.078611197E0,2.191653371E-2,-5.703958869E-1,2.155564036E0
3.968674292E0,2.752024791E0,9.524880409E-1,-4.260083981E-1,2.943188250E0
3.978641292E0,2.581191077E0,1.203262841E0,-3.721284986E-2,2.848117560E0
3.988608292E0,1.666967800E0,1.144437513E0,2.464976350E-1,2.036978142E0
3.998575292E0,3.032161385E-1,6.925067997E-1,6.231728554E-2,7.585440912E-1
4.008541292E0,-8.184072930E-1,-2.480482435E-1,-1.142592716E-1,8.627708905E-1
4.018508292E0,-1.144070308E0,-7.779135704E-1,-1.410102832E-1,1.390658222E0
4.028475292E0,-1.232219715E0,-1.250187916E0,-2.828602266E-1,1.778017199E0
4.038442292E0,-8.031881601E-1,-1.608604694E0,-2.272006539E-1,1.812274929E0
4.048408292E0,-2.479383159E-1,-1.682220554E0,-1.909324948E-1,1.711079957E0
4.058375292E0,3.640227959E-1,-1.423073711E0,-1.203041232E-1,1.473812900E0
4.068342292E0,7.423844263E-1,-1.427264995E0,-8.690592371E-2,1.611140168E0
4.078309292E0,8.688474217E-1,-1.369906733E0,6.039939880E-2,1.623326334E0
4.088275292E0,1.040680133E0,-1.289885833E0,1.451068425E-1,1.663693660E0
4.098242292E0,1.290318527E0,-1.240032472E0,1.829862019E-1,1.798912555E0
4.108209292E0,1.424298410E0,-1.004417748E0,9.419287004E-2,1.745380552E0
4.118176292E0,1.356807801E0,-7.947769403E-1,6.624668755E-2,1.573844470E0
4.128142292E0,1.254345286E0,-6.926880634E-1,1.121507657E-1,1.437280990E0
4.138109292E0,1.113630580E0,-4.978108907E-1,1.449629279E-1,1.228414833E0
4.148076292E0,8.814578193E-1,3.619484961E-2,1.652938429E-1,8.975522319E-1
4.158042292E0,4.285631928E-1,8.246807706E-1,1.858023671E-1,9.477801978E-1
4.168009292E0,-3.270558214E-1,1.047588326E0,2.169364516E-1,1.118690411E0
4.177976292E0,-8.400837985E-1,6.781705964E-1,3.551950351E-1,1.136582447E0
4.187943292E0,-9.570801517E-1,4.279577136E-1,3.822710057E-1,1.115921746E0
4.197909292E0,-7.760991794E-1,3.873640037E-1,3.425194410E-1,9.325772756E-1
4.207876292E0,-5.441047588E-1,5.989244521E-2,1.620368707E-1,5.708704240E-1
4.217843292E0,-5.937408954E-2,-1.853228223E-1,-3.132470369E-2,1.971067428E-1
4.227810292E0,4.014335740E-1,-1.476117897E-1,-7.132433653E-3,4.277721664E-1
4.237776292E0,5.746851119E-1,-4.020533788E-1,-1.528660977E-1,7.178286294E-1
4.247743292E0,8.534259751E-1,-4.939482200E-1,-4.258691613E-1,1.074097427E0
4.257710292E0,1.011776176E0,-5.447874212E-1,1.367113372E-1,1.157227011E0
4.267677292E0,1.002389641E0,-7.629832900E-1,8.044458961E-1,1.494677789E0
4.277643292E0,8.906435028E-1,-1.059191540E0,6.832904184E-1,1.543378879E0
4.287610292E0,6.715109101E-1,-1.276737199E0,2.013079405E-1,1.456540306E0
4.297577292E0,1.266445515E-1,-1.489545443E0,-4.953901068E-1,1.574863749E0
4.307544292E0,-2.494974759E-1,-1.623598124E0,-3.237205696E-1,1.674250539E0
4.317510292E0,-1.106865936E0,-2.006537540E0,-3.610418122E-2,2.291865749E0
4.327477292E0,-1.535262776E0,-2.205682595E0,3.175622821E-1,2.706088192E0
4.337444292E0,-1.255686930E0,-2.712698758E0,1.739828054E-1,2.994286932E0
4.347411292E0,-7.848387203E-1,-2.923564557E0,-3.600481145E-1,3.048415355E0
4.357377292E0,-4.132633683E-1,-2.064466490E0,2.968280554E-2,2.105632819E0
4.367344292E0,-6.061080489E-1,-1.056763192E0,6.943779818E-1,1.402239706E0
4.377311292E0,-9.166495791E-1,-5.249945962E-1,1.060816993E0,1.497063282E0
4.387278292E0,-8.464520010E-1,2.439715648E-1,1.330097719E0,1.595356718E0
4.397244292E0,-3.209592220E-1,9.719844121E-1,6.322126508E-1,1.203104881E0
4.407211292E0,-1.601853206E0,1.085394083E0,-8.123150790E-1,2.098539921E0
4.417178292E0,-2.985890028E0,1.799647263E0,-8.513206851E-1,3.588734657E0
4.427145292E0,-2.772537116E0,3.495375470E0,-4.993732302E-1,4.489319031E0
4.437111292E0,-1.953841263E0,4.668559649E0,-5.636423528E-1,5.092213426E0
4.447078292E0,1.419820905E-2,4.981732426E0,-1.259313666E0,5.138456039E0
4.457045292E0,1.555668974E0,4.189673856E0,-1.323449435E0,4.661007551E0
4.467011292E0,1.761243335E0,2.710185040E0,-1.216374053E0,3.453497773E0
4.476978292E0,9.452328157E-1,1.103973611E0,-8.117911685E-1,1.664700487E0
4.486945292E0,6.836824742E-1,4.080187082E-1,5.041001558E-2,7.977732519E-1
4.496912292E0,9.798120797E-1,1.116192538E-1,6.517119455E-1,1.182040198E0
4.506878292E0,9.348776892E-1,-2.614828062E-1,1.097959677E0,1.465566444E0
4.516845292E0,1.043431248E0,-3.024893296E-1,1.317047904E0,1.707297204E0
4.526812292E0,9.152330911E-1,-5.438512820E-1,9.802552986E-1,1.447178731E0
4.536779292E0,6.663308617E-1,-9.210545790E-1,7.786514890E-1,1.377910192E0
4.546745292E0,2.742081016E-1,-1.082652324E0,8.520796537E-1,1.404765416E0
4.556712292E0,1.463464522E-1,-1.138378043E0,5.466725636E-1,1.271287829E0
4.566679292E0,9.361129135E-2,-1.061218770E0,5.016085111E-2,1.066519790E0
4.576646292E0,-1.692339161E-1,-7.375888324E-1,-7.277685799E-2,7.602459306E-1
4.586612292E0,-4.944870409E-1,-3.928738350E-1,1.179710841E-1,6.424830430E-1
4.596579292E0,-7.826188248E-1,-1.506348002E-1,4.469225363E-1,9.137411129E-1
4.606546292E0,-1.197210096E0,-1.876026517E-1,4.258796497E-1,1.284476642E0
4.616513292E0,-1.347716257E0,-3.288930166E-1,1.397940989E-1,1.394292694E0
4.626479292E0,-1.105930966E0,-2.657039112E-1,-2.723329361E-1,1.169549956E0
4.636446292E0,-8.537800241E-1,1.771823287E-2,-3.990023017E-1,9.425800242E-1
4.646413292E0,-6.346728668E-1,2.255206758E-1,-2.411484925E-1,7.154172338E-1
4.656380292E0,-3.072109562E-1,2.779836488E-1,-2.143823147E-2,4.148651328E-1
4.666346292E0,6.151329339E-2,2.624674773E-1,1.346181071E-1,3.013222472E-1
4.676313292E0,4.134876090E-1,2.401597649E-1,1.840937741E-1,5.123858245E-1
4.686280292E0,7.247229114E-1,2.086169600E-1,1.461113942E-1,7.681750281E-1
4.696247292E0,8.589755675E-1,8.574357033E-2,1.227938676E-1,8.719342403E-1
4.706213292E0,9.617988548E-1,-2.614582479E-2,8.151837230E-2,9.656013081E-1
4.716180292E0,1.003252398E0,-3.401149929E-2,1.533487123E-2,1.003945872E0
4.726147292E0,1.017208532E0,1.119040132E-1,-1.212478272E-1,1.030503150E0
4.736114292E0,8.595661363E-1,1.720180678E-1,-1.034909662E-1,8.826973085E-1
4.746080292E0,5.252369633E-1,1.104679370E-1,-1.237867248E-1,5.508177430E-1
4.756047292E0,-9.566249460E-2,-9.994587243E-2,-2.522897772E-1,2.877335955E-1
4.766014292E0,-1.002348418E0,-7.033943152E-1,-2.333611342E-1,1.246564613E0
4.775981292E0,-1.522889483E0,-1.314772167E0,-6.180967413E-2,2.012868268E0
4.785947292E0,-1.597944343E0,-1.884670456E0,2.267702989E-1,2.481296762E0
4.795914292E0,-1.229265701E0,-2.192311183E0,6.607716215E-1,2.598834666E0
4.805881292E0,-7.608125111E-1,-2.205294340E0,1.129190971E0,2.591762152E0
4.815847292E0,-4.080035055E-1,-1.886564954E0,1.091831868E0,2.217586754E0
4.825814292E0,8.118683517E-2,-8.843235397E-1,3.002767432E-1,9.374356232E-1
4.835781292E0,3.074992239E-1,1.495834708E-1,-4.926980122E-1,5.997352072E-1
4.845748292E0,1.023771447E-1,5.933444542E-1,-8.309513247E-1,1.026167055E0
4.855714292E0,-1.074729931E-1,7.445411718E-1,-5.846372923E-1,9.527291138E-1
4.865681292E0,-6.406414121E-2,1.257381746E0,-2.315474010E-1,1.280127832E0
4.875648292E0,-7.554456443E-2,1.733027596E0,1.260550059E-2,1.734719150E0
4.885615292E0,-2.161461273E-1,1.759754634E0,3.704211116E-1,1.811261251E0
4.895581292E0,-3.120767167E-1,1.430917166E0,8.176419655E-1,1.677335445E0
4.905548292E0,1.372633874E-2,1.156897929E0,8.387738029E-1,1.429035592E0
4.915515292E0,4.353579497E-1,1.039129744E0,4.911333704E-1,1.229039933E0
4.925482792E0,8.765148756E-1,1.215738460E0,6.207652643E-2,1.500050608E0
4.935448792E0,1.298515738E0,1.475033239E0,-3.976855087E-1,2.004998738E0
4.945415792E0,9.296353680E-1,9.695630801E-1,-2.645700630E-1,1.369040468E0
4.955382792E0,6.264063656E-2,1.433988708E-1,3.887544715E-1,4.190669692E-1
4.965349792E0,-6.307862225E-1,-3.903367281E-1,8.130226652E-1,1.100572521E0
4.975315792E0,-1.026608516E0,-5.464562166E-1,8.610713558E-1,1.447060234E0
4.985282792E0,-1.147784459E0,-3.595429516E-1,7.305102662E-1,1.407240401E0
4.995249792E0,-9.787037399E-1,-7.092672586E-3,4.246973792E-1,1.066901673E0
5.005216792E0,-7.895597622E-1,-2.140665650E-3,9.913033202E-2,7.957612853E-1
5.015182792E0,-4.929655954E-1,1.658884317E-1,1.088634610E-1,5.313993820E-1
5.025149792E0,-1.382603377E-2,7.811821640E-2,2.454273753E-1,2.579306331E-1
5.035116792E0,5.397459519E-1,1.039705110E-1,2.587378308E-2,5.502772141E-1
5.045083792E0,7.913890636E-1,2.112949848E-1,-2.269552901E-2,8.194249860E-1
5.055049792E0,8.919848540E-1,1.435737026E-1,6.744061589E-2,9.059793732E-1
5.065016792E0,1.171730561E0,2.114464277E-1,-4.116790652E-2,1.191367658E0
5.074983792E0,1.212061439E0,-1.264314204E-1,-8.623941422E-2,1.221685341E0
5.084949792E0,1.057013745E0,-5.394746411E-1,-3.590994403E-2,1.187265964E0
5.094916792E0,1.025935209E0,-7.181807542E-1,-4.062499255E-3,1.252335080E0
5.104883792E0,1.231469809E0,-7.405434304E-1,-7.471206710E-2,1.438924722E0
5.114850792E0,1.222703079E0,-6.018661863E-1,-1.117917466E-1,1.367385505E0
5.124816792E0,1.246138427E0,-5.262172490E-1,-3.058620036E-1,1.386837098E0
5.134783792E0,1.198492390E0,-4.304211456E-1,-3.540265422E-1,1.321734150E0
5.144750792E0,1.109564426E0,-3.674115497E-1,-5.607175756E-1,1.296352060E0
5.154717792E0,9.219679141E-1,-4.246920437E-1,-5.431898888E-1,1.151279037E0
5.164683792E0,7.966843021E-1,-4.820269167E-1,-3.585115027E-1,9.977907212E-1
5.174650792E0,7.708805394E-1,-5.299811018E-1,-2.053541406E-1,9.577615034E-1
5.184617792E0,9.026639163E-1,-4.883974582E-1,-1.478526950E-1,1.036915928E0
5.194584792E0,8.741821289E-1,-3.016461611E-1,-2.852037907E-2,9.252017148E-1
5.204550792E0,7.207111368E-1,-1.726057130E-1,2.009176388E-3,7.410946711E-1
5.214517792E0,4.822055492E-1,-2.375793886E-1,1.067667226E-1,5.480559192E-1
5.224484792E0,2.269649380E-1,-1.897947729E-1,2.076930269E-1,3.614851758E-1
5.234451792E0,2.297754022E-1,-1.769917095E-1,1.118350160E-1,3.108534566E-1
5.244417792E0,2.471197057E-1,4.774549788E-1,2.292529535E-1,5.844555778E-1
5.254384792E0,-2.219717082E-1,5.733276808E-1,1.768420208E-1,6.397258547E-1
5.264351792E0,-6.986747351E-1,2.091016942E-1,8.634115577E-2,7.343872951E-1
5.274318792E0,-1.901976460E-1,7.032475501E-1,-4.088599764E-2,7.296601443E-1
5.284284792E0,-7.478433868E-1,3.948040009E-2,1.386059082E-1,7.616035918E-1
5.294251792E0,-1.149983597E0,-6.766871578E-1,1.756679364E-1,1.345818341E0
5.304218792E0,-5.974293190E-1,-7.257166457E-1,7.164596993E-2,9.427192509E-1
5.314185792E0,4.080479443E-2,1.151878095E-1,-1.017773665E-2,1.226248304E-1
5.324151792E0,-5.756934643E-1,-8.936884403E-2,1.158111227E-1,5.939881912E-1
5.334118792E0,-8.172384346E-1,-3.195555979E-1,2.017581761E-1,9.003892495E-1
5.344085792E0,-4.287555662E-1,-1.139306581E-1,9.448398829E-2,4.535843410E-1
5.354051792E0,-4.005260861E-1,-7.484786868E-2,1.306642929E-1,4.278977758E-1
5.364018792E0,-4.697623819E-1,1.549746037E-2,2.034785731E-1,5.121722332E-1
5.373985792E0,-3.949563208E-1,2.449176443E-1,1.685765429E-1,4.943614049E-1
5.383952792E0,-3.664295098E-1,3.901835310E-1,1.354413950E-1,5.521396065E-1
5.393918792E0,-3.372141892E-1,3.743486863E-1,1.826858012E-1,5.359332517E-1
5.403885792E0,-3.037850726E-1,2.902259642E-1,2.506585137E-1,4.892301821E-1
5.413852792E0,-3.371168330E-1,8.539799988E-2,3.681734419E-1,5.064506499E-1
5.423819792E0,-3.189623979E-1,2.169609368E-2,4.631825101E-1,5.628017141E-1
5.433785792E0,-2.695999110E-1,-4.547671974E-2,5.139152920E-1,5.821178329E-1
5.443752792E0,-3.141752824E-1,-1.140148580E-1,4.560687876E-1,5.654239427E-1
5.453719792E0,-2.383620384E-1,-3.089259446E-2,3.467223465E-1,4.218852917E-1
5.463686792E0,-1.703448871E-1,1.305092686E-1,2.565044137E-1,3.344317031E-1
5.473652792E0,-2.482181051E-1,2.452059120E-1,3.573006906E-2,3.507346644E-1
5.483619792E0,-2.507838634E-1,3.601738662E-1,-9.821451187E-2,4.497375349E-1
5.493586792E0,-9.366859406E-2,3.710496873E-1,-2.593672836E-1,4.623019184E-1
5.503553792E0,1.366932839E-2,3.050913405E-1,-3.350279883E-1,4.533335743E-1
5.513519792E0,1.350563559E-1,1.927061015E-1,-3.153285726E-1,3.934564392E-1
5.523486792E0,3.467375493E-1,9.973011017E-2,-3.085061876E-1,4.747094804E-1
5.533453792E0,5.043758520E-1,-2.257785380E-2,-1.921055194E-1,5.401937525E-1
5.543420792E0,7.175384375E-1,-2.539878452E-1,-2.081561629E-1,7.891135679E-1
5.553386792E0,8.568623838E-1,-4.243552440E-1,-2.044548754E-1,9.777997310E-1
5.563353792E0,7.660343671E-1,-7.018787169E-1,-1.854210190E-1,1.055378292E0
5.573320792E0,7.056197655E-1,-8.286364120E-1,-1.621772039E-1,1.100381299E0
5.583287792E0,9.836016601E-1,-5.449072891E-1,6.014212132E-2,1.126060946E0
5.593253792E0,1.216817856E0,-2.734982497E-1,2.511963844E-1,1.272221133E0
5.603220792E0,8.925958881E-1,-6.522393644E-2,5.414216908E-1,1.046001448E0
5.613187792E0,3.338631499E-1,-1.085471267E-1,7.175374874E-1,7.988160785E-1
5.623153792E0,1.560887906E-1,-1.486005539E-1,4.372805142E-1,4.875039316E-1
5.633120792E0,-9.205213130E-2,6.542741954E-2,-3.741487116E-4,1.129357432E-1
5.643087792E0,-4.638178101E-1,2.208177602E-1,-1.292550409E-1,5.297115345E-1
5.653054792E0,-6.937241900E-1,3.873172259E-1,1.336907387E-2,7.946361541E-1
5.663020792E0,-7.955356166E-1,3.906723583E-1,-9.893371940E-2,8.917901601E-1
5.672987792E0,-7.968933401E-1,1.998958379E-1,-3.267224570E-1,8.841633929E-1
5.682954792E0,-7.242013398E-1,9.239477813E-2,-3.611099688E-1,8.144966453E-1
5.692921792E0,-6.619396028E-1,1.979282498E-2,-2.372426621E-1,7.034485584E-1
5.702887792E0,-5.380172226E-1,3.344022632E-2,-2.322350335E-1,5.869530572E-1
5.712854792E0,-5.262836149E-1,8.825904250E-2,1.222548274E-1,5.474580758E-1
5.722821792E0,-5.489719811E-1,5.505972147E-2,3.117736117E-1,6.337228053E-1
5.732788792E0,-6.484714186E-1,7.423098743E-2,1.834295304E-1,6.779910124E-1
5.742754792E0,-6.315954772E-1,7.568752885E-2,1.178974457E-1,6.469476459E-1
5.752721792E0,-5.612292069E-1,1.983328772E-1,2.832648540E-1,6.592064399E-1
5.762688792E0,-5.324176365E-1,2.499766552E-1,4.664780374E-1,7.507054197E-1
5.772655792E0,-3.641993818E-1,2.660693622E-1,3.042212018E-1,5.440446992E-1
5.782621792E0,-4.185939825E-1,3.221991241E-1,2.979974985E-1,6.064946058E-1
5.792588792E0,-4.559433648E-1,2.099156266E-1,2.734671863E-1,5.716058294E-1
5.802555792E0,-3.157651404E-1,6.269092262E-2,6.675766110E-2,3.287770688E-1
5.812522792E0,-2.443270755E-1,4.091413736E-2,4.074807644E-2,2.510579459E-1
5.822488792E0,-2.056059363E-1,1.315383786E-1,1.297824597E-1,2.764410117E-1
5.832455792E0,-1.829690257E-1,1.334281987E-1,1.210385334E-1,2.567704717E-1
5.842422792E0,-9.401153326E-3,4.400439084E-2,6.783976145E-3,4.550593839E-2
5.852389792E0,2.551438397E-1,3.273856044E-2,-1.346169011E-1,2.903306776E-1
5.862355792E0,4.294750661E-1,-2.671241999E-2,-1.981538793E-1,4.737376337E-1
5.872322792E0,4.991475642E-1,-1.162046403E-1,-1.636482903E-1,5.379893792E-1
5.882289792E0,5.172619459E-1,-1.614053714E-1,-1.206548830E-1,5.551299086E-1
5.892256792E0,5.395059237E-1,-1.659808177E-1,-6.339660846E-2,5.680100382E-1
5.902222792E0,5.755981547E-1,-1.275944316E-1,-4.088015042E-2,5.909862615E-1
5.912189792E0,5.762159130E-1,-1.216612619E-1,-9.568844162E-2,5.966427062E-1
5.922156792E0,5.965680242E-1,-1.078027761E-1,-1.551149368E-1,6.257599297E-1
5.932122500E0,6.639302874E-1,-9.547743022E-2,-1.827466122E-1,6.952090984E-1
5.942089500E0,7.593261489E-1,-1.231850463E-1,-1.363990959E-1,7.812525004E-1
5.952056500E0,8.648350623E-1,-1.695979053E-1,-8.202934586E-2,8.851169121E-1
5.962023500E0,9.615611655E-1,-2.641175616E-1,-4.461315908E-2,9.981724777E-1
5.971989500E0,1.032761833E0,-3.593657809E-1,-2.365081787E-2,1.093755059E0
5.981956500E0,1.050530352E0,-4.425593805E-1,-1.293521047E-2,1.140017608E0
5.991923500E0,1.010941194E0,-5.076301199E-1,-1.208495222E-2,1.131298582E0
6.001890500E0,9.376182792E-1,-4.612540984E-1,1.618860126E-2,1.045057631E0
6.011856500E0,7.978534529E-1,-3.619368017E-1,7.507243831E-2,8.793203351E-1
6.021823500E0,6.477416861E-1,-2.065066999E-1,1.433106144E-1,6.948037430E-1
6.031790500E0,4.829466838E-1,-6.380189359E-2,1.607223435E-1,5.129715905E-1
6.041757500E0,3.087250927E-1,4.810796678E-2,1.420825895E-1,3.432390152E-1
6.051723500E0,1.364526710E-1,1.396350181E-1,1.516744717E-1,2.472294785E-1
6.061690500E0,2.476412773E-2,1.598394871E-1,1.883002976E-1,2.482315970E-1
6.071657500E0,-5.016560197E-2,1.591237879E-1,2.177479720E-1,2.743194248E-1
6.081624500E0,-1.209364995E-1,1.425504398E-1,2.405391761E-1,3.046397217E-1
6.091590500E0,-1.804322112E-1,8.226272285E-2,2.606045544E-1,3.274716357E-1
6.101557500E0,-2.434874153E-1,6.149165869E-2,2.735982370E-1,3.713803183E-1
6.111524500E0,-2.956767386E-1,3.641295075E-2,2.609764373E-1,3.960547154E-1
6.121491500E0,-3.388479012E-1,3.332445145E-2,2.520384200E-1,4.236174977E-1
6.131457500E0,-3.718972412E-1,1.694230735E-2,2.443001783E-1,4.452832547E-1
6.141424500E0,-4.282892507E-1,-2.563243926E-2,2.160511466E-1,4.803819336E-1
6.151391500E0,-4.164746591E-1,-2.441972673E-2,1.727068698E-1,4.515253345E-1
6.161358500E0,-4.174982142E-1,-2.684456706E-2,1.548904768E-1,4.461125973E-1
6.171324500E0,-4.044875747E-1,-6.414278626E-2,1.604744216E-1,4.398596766E-1
6.181291500E0,-3.750640932E-1,-8.117747962E-2,1.581636020E-1,4.150645518E-1
6.191258500E0,-3.066136631E-1,-7.284578204E-2,1.317892607E-1,3.415945779E-1
6.201224500E0,-2.465241668E-1,-8.759947658E-2,1.159268610E-1,2.861588199E-1
6.211191500E0,-9.329641879E-2,-5.981701612E-4,1.580314915E-1,1.835171160E-1
6.221158500E0,-3.236784697E-2,7.360592008E-2,1.690570744E-1,1.872052440E-1
6.231125500E0,-2.468782157E-2,4.632924378E-2,1.193896552E-1,1.304215363E-1
6.241091500E0,7.657045841E-2,4.308813214E-3,1.676023237E-1,1.843153273E-1
6.251058500E0,2.281653714E-1,7.058174014E-3,1.704451668E-1,2.848873627E-1
6.261025500E0,4.129938117E-1,3.188135862E-2,4.826291800E-2,4.170247220E-1
6.270992500E0,7.224559459E-1,3.421966016E-2,2.558519375E-1,7.671856313E-1
6.280958500E0,7.007738855E-1,-1.097364503E-1,8.007913864E-1,1.069763045E0
6.290925500E0,4.050465685E-1,-2.867626584E-1,7.374917686E-1,8.889261238E-1
6.300892500E0,3.033555946E-1,-2.530207157E-1,-8.687672418E-2,4.044646641E-1
6.310859500E0,2.998306006E-1,-7.777498484E-2,-6.463301682E-1,7.167217199E-1
6.320825500E0,5.465363234E-2,-2.378413439E-2,-4.153464389E-1,4.196014405E-1
6.330792500E0,-2.451404232E-1,2.769299805E-2,-7.933973629E-2,2.591438268E-1
6.340759500E0,-4.507618546E-1,7.625061572E-2,-3.000093061E-2,4.581489516E-1
6.350726500E0,-4.311979482E-1,1.232768476E-1,-2.416046119E-1,5.094130349E-1
6.360692500E0,-2.492782053E-1,1.069870895E-1,-3.421837743E-1,4.366641689E-1
6.370659500E0,-4.381026328E-2,7.610735893E-2,-2.347481668E-1,2.506359333E-1
6.380626500E0,1.301253989E-1,3.362909138E-2,-2.220659215E-2,1.362228614E-1
6.390593500E0,2.551818466E-1,-4.940604866E-2,1.978709471E-1,3.266674826E-1
6.400559500E0,2.628554401E-1,-7.387079895E-2,4.217678877E-1,5.024321132E-1
6.410526500E0,2.542901462E-1,-6.602442026E-2,5.713268002E-1,6.288378290E-1
6.420493500E0,2.016304144E-1,-7.324923992E-2,5.501095935E-1,5.904581611E-1
6.430460500E0,1.096607289E-1,-4.180817664E-2,4.647917004E-1,4.793795197E-1
6.440426500E0,9.682755232E-2,-2.688959062E-2,4.043443179E-1,4.166448756E-1
6.450393500E0,8.258782804E-2,-2.097337782E-2,2.718464478E-1,2.848879132E-1
6.460360500E0,9.134227931E-2,-1.246684849E-2,1.701410751E-1,1.935118077E-1
6.470327500E0,5.406803370E-2,-1.770595372E-2,8.274862647E-2,1.004200590E-1
6.480293500E0,1.537671536E-2,-4.118193984E-2,4.189994138E-2,6.072891100E-2
6.490260500E0,-4.587579221E-2,-5.947319984E-2,6.736573499E-2,1.008949556E-1
6.500227500E0,-9.424951494E-2,-6.465675652E-2,1.176915507E-1,1.640572105E-1
6.510194500E0,-9.952838123E-2,-5.859494805E-2,1.345058405E-1,1.772881489E-1
6.520160500E0,-8.461856604E-2,-4.640701175E-2,1.173009932E-1,1.518994255E-1
6.530127500E0,-3.408897489E-2,-1.847018480E-2,9.974297404E-2,1.070133955E-1
6.540094500E0,-3.940000087E-2,1.675285757E-2,1.401425930E-1,1.465365643E-1
6.550060500E0,-7.045544028E-2,4.424295723E-2,1.794638757E-1,1.978097344E-1
6.560027500E0,-8.001505315E-2,4.955632210E-2,1.721186399E-1,1.961710071E-1
6.569994500E0,-8.417563945E-2,4.928559601E-2,1.558586661E-1,1.838655271E-1
6.579961500E0,-9.528622627E-2,5.178118765E-2,1.095697681E-1,1.541631940E-1
6.589927500E0,-5.869376600E-2,3.581244171E-2,6.959944446E-2,9.783441019E-2
6.599894500E0,-5.033224761E-2,1.555125475E-2,3.545174159E-2,6.349805238E-2
6.609861500E0,-5.731440783E-2,-1.059047699E-2,3.503998797E-2,6.800661956E-2
6.619828500E0,-4.870964527E-2,-3.185504615E-2,3.910968661E-2,7.012090341E-2
6.629794500E0,-5.014572144E-2,-3.936637938E-2,2.275619388E-2,6.769157675E-2
6.639761500E0,-3.237369418E-2,-5.060648203E-2,2.480505824E-2,6.499509991E-2
6.649728500E0,-2.092689246E-2,-4.548081279E-2,4.472071130E-2,6.712958497E-2
6.659695500E0,1.630291432E-2,-2.695858777E-2,7.104370672E-2,7.771588470E-2
6.669661500E0,5.715741009E-2,-2.544649780E-2,9.202004470E-2,1.112752551E-1
6.679628500E0,9.576248199E-2,-1.084892392E-2,7.424443603E-2,1.216568469E-1
6.689595500E0,1.193945888E-1,-2.472495139E-2,4.935166955E-2,1.315369847E-1
6.699562500E0,1.362793010E-1,-1.797901869E-2,9.548503160E-3,1.377913891E-1
6.709528500E0,1.624452987E-1,-3.358582199E-2,-8.542745523E-3,1.661007556E-1
6.719495500E0,1.558774137E-1,-2.720300138E-2,-5.294032507E-3,1.583218184E-1
6.729462500E0,1.218656221E-1,-3.861150384E-2,-9.191457555E-4,1.278394419E-1
6.739429500E0,1.081702736E-1,-3.746954262E-2,3.147673130E-2,1.187247208E-1
6.749395500E0,7.187426716E-2,-4.190874875E-2,3.222751379E-2,8.922368602E-2
6.759362500E0,6.308356315E-2,-1.998461366E-2,4.560831863E-2,8.036814948E-2
6.769329500E0,7.389272600E-2,8.066233993E-3,5.303187054E-2,9.131034103E-2
6.779296500E0,6.882991433E-2,-1.160379946E-2,3.435469430E-2,7.779749539E-2
6.789262500E0,3.570134461E-2,-2.512665510E-2,5.026262920E-2,6.657527092E-2
6.799229500E0,1.009317130E-2,-1.715631545E-2,7.253587961E-2,7.521745208E-2
6.809196500E0,-3.570953071E-2,-1.266273022E-2,1.167419994E-1,1.227363424E-1
6.819163500E0,-6.178285003E-2,2.448638499E-2,1.419247878E-1,1.567142271E-1
6.829129500E0,-4.494345367E-2,2.552835882E-2,1.215764407E-1,1.321076912E-1
6.839096500E0,1.942825109E-2,1.611492634E-2,9.454830766E-2,9.785974797E-2
6.849063500E0,5.902179480E-2,1.246567905E-2,6.368085623E-2,8.771668521E-2
6.859030500E0,7.782790214E-2,5.689340830E-4,2.083593171E-2,8.057072724E-2
6.868996500E0,8.696271479E-2,-2.042900205E-2,-1.231774449E-2,9.017529993E-2
6.878963500E0,8.017672867E-2,-2.460215986E-2,-2.618500113E-2,8.785913939E-2
6.888930500E0,7.251102895E-2,-1.857251108E-2,-2.418053906E-2,7.866057434E-2
6.898896500E0,6.857789934E-2,-9.949037433E-3,2.036037035E-3,6.932573166E-2
6.908863500E0,7.919644296E-2,-9.314029813E-3,3.292219955E-2,8.627107831E-2
6.918830500E0,8.351987422E-2,-2.009220243E-2,5.892005324E-2,1.041673589E-1
6.928797125E0,9.222900957E-2,-2.642415226E-2,5.733194947E-2,1.117648355E-1
6.938763125E0,1.090540802E-1,-3.026051044E-2,5.439313889E-2,1.255671313E-1
6.948730125E0,1.211972854E-1,-2.963135004E-2,3.450211722E-2,1.294495847E-1
6.958697125E0,1.352323571E-1,-3.736604691E-2,2.706672471E-2,1.428867364E-1
6.968664125E0,1.102928129E-1,-9.274853468E-3,1.233408015E-2,1.113672170E-1
6.978630125E0,1.253777522E-1,-1.695634067E-2,-1.961623907E-2,1.280308364E-1
6.988597125E0,1.550096869E-1,-4.206486940E-3,-2.998682421E-2,1.579395682E-1
6.998564125E0,1.934966451E-1,-4.551472664E-3,-5.036670964E-2,1.999961825E-1
7.008531125E0,2.310024405E-1,1.405670643E-3,-5.165894430E-2,2.367123781E-1
7.018497125E0,2.553645721E-1,9.384196401E-3,-8.690365791E-2,2.699099361E-1
7.028464125E0,2.709976879E-1,-1.101264596E-2,-1.319494744E-1,3.016151339E-1
7.038431125E0,2.592506316E-1,-5.427794874E-2,-1.681799555E-1,3.137538576E-1
7.048398125E0,2.308167914E-1,-1.051744527E-1,-1.981890357E-1,3.218958691E-1
7.058364125E0,2.158283311E-1,-1.684068274E-1,-2.394236004E-1,3.636844628E-1
7.068331125E0,2.095840895E-1,-2.358877891E-1,-2.858633200E-1,4.257773801E-1
7.078298125E0,1.939977515E-1,-2.997101480E-1,-2.734765784E-1,4.497229584E-1
7.088265125E0,1.920161301E-1,-3.526303732E-1,-2.470390141E-1,4.714304284E-1
7.098231125E0,1.605174717E-1,-3.740095478E-1,-2.023265254E-1,4.545162522E-1
7.108198125E0,1.435298485E-1,-3.639804035E-1,-1.886475492E-1,4.343621178E-1
7.118165125E0,1.355033755E-1,-2.924139923E-1,-1.716169488E-1,3.651294083E-1
7.128132125E0,1.217706048E-1,-1.943760663E-1,-1.267419076E-1,2.620565712E-1
7.138098125E0,6.600161612E-2,-7.241191864E-2,-3.186845820E-2,1.030305679E-1
7.148065125E0,3.720232487E-2,9.764674723E-2,7.825098474E-2,1.305454589E-1
7.158032125E0,4.752616882E-3,2.341745549E-1,1.506803354E-1,2.785047092E-1
7.167999125E0,-2.340406537E-2,3.749883717E-1,1.809667198E-1,4.170287554E-1
7.177965125E0,-3.372089267E-2,4.933354318E-1,2.610396603E-1,5.591588783E-1
7.187932125E0,2.640017867E-3,6.770461768E-1,3.179658131E-1,7.479978299E-1
7.197899125E0,3.329199940E-2,7.961855346E-1,3.521157452E-1,8.712090798E-1
7.207866125E0,1.235575140E-2,9.840916568E-1,5.287354255E-1,1.117206428E0
7.217832125E0,-8.890165150E-2,1.245494356E0,7.556018380E-1,1.459484098E0
7.227799125E0,-2.577917513E-1,1.522855276E0,8.923015539E-1,1.783745173E0
7.237766125E0,-4.737370268E-1,1.890158653E0,1.231643472E0,2.305227135E0
7.247732125E0,-7.905356625E-1,2.315918398E0,1.869340665E0,3.079425138E0
7.257699125E0,-1.145059657E0,2.854614775E0,2.390408563E0,3.895387045E0
7.267666125E0,-1.217044728E0,3.460396256E0,2.351834335E0,4.357369030E0
7.277633125E0,-8.535885277E-1,4.148965541E0,1.578565793E0,4.520442279E0
7.287599125E0,-2.416361868E-3,4.914070786E0,2.125112057E-1,4.918664304E0
7.297566125E0,5.642829153E-1,5.494233862E0,-4.091578920E-1,5.538269686E0
7.307533125E0,1.040014427E0,5.670696398E0,-6.082495916E-1,5.797274809E0
7.317500125E0,1.598641331E0,5.415074256E0,-2.129579329E0,6.034384097E0
7.327466125E0,1.682624889E0,4.910021589E0,-2.544609726E0,5.780534333E0
7.337433125E0,1.483787105E0,4.366305377E0,-1.628914998E0,4.890767925E0
7.347400125E0,1.927235847E0,4.059606053E0,-8.701310317E-1,4.577310053E0
7.357367125E0,2.727646580E0,3.745018834E0,-2.226561248E-1,4.638404648E0
7.367333125E0,2.980911124E0,2.961579645E0,1.904669103E-1,4.206312253E0
7.377300125E0,2.948665484E0,1.611508421E0,3.632174881E-1,3.379869002E0
7.387267125E0,2.688749439E0,-1.223424625E-1,1.787518676E-1,2.697460557E0
7.397234125E0,2.065222535E0,-1.929277695E0,-6.804638743E-2,2.826992546E0
7.407200125E0,9.659208494E-1,-3.510017483E0,2.354673743E-2,3.640574167E0
7.417167125E0,6.102008075E-2,-4.405484061E0,1.656247222E-1,4.409018577E0
7.427134125E0,-3.795831138E-1,-4.702201604E0,-1.010536274E-1,4.718579776E0
7.437101125E0,-5.690258843E-1,-4.804923735E0,-2.399647602E-1,4.844446887E0
7.447067125E0,-9.562448770E-1,-5.092067631E0,-5.206545004E-1,5.207171798E0
7.457034125E0,-1.611433869E0,-5.553307697E0,-1.204469414E0,5.906495751E0
7.467001125E0,-2.002641833E0,-6.036665440E0,-1.707372937E0,6.585364552E0
7.476968125E0,-1.860399833E0,-6.316332502E0,-1.887082725E0,6.849687951E0
7.486934125E0,-1.705035513E0,-6.439660805E0,-1.941549539E0,6.938731296E0
7.496901125E0,-1.676313405E0,-6.663374691E0,-1.739384981E0,7.087739345E0
7.506868125E0,-1.412063404E0,-7.309849870E0,-1.365335087E0,7.569145796E0
7.516835125E0,-1.193562018E0,-8.215166668E0,-1.196690571E0,8.387229698E0
7.526801125E0,-1.278549836E0,-9.182589667E0,-1.237641253E0,9.353416411E0
7.536768125E0,-1.306940699E0,-9.916709347E0,-1.274947658E0,1.008338781E1
7.546735125E0,-1.277664567E0,-9.943942169E0,-1.477227699E0,1.013393380E1
7.556702125E0,-1.185520635E0,-9.160345105E0,-1.725568303E0,9.396540192E0
7.566668125E0,-1.245815368E0,-8.338754003E0,-2.160182779E0,8.703635097E0
7.576635125E0,-1.695557176E0,-8.027509637E0,-2.585831720E0,8.602461903E0
7.586602125E0,-2.347708248E0,-8.150766020E0,-2.790218804E0,8.929280021E0
7.596569125E0,-2.927762858E0,-8.332044323E0,-2.582936178E0,9.201430174E0
7.606535125E0,-3.348446635E0,-8.157645269E0,-1.864979665E0,9.013180368E0
7.616502125E0,-3.533624154E0,-7.623305068E0,-9.939836839E-1,8.461045053E0
7.626469125E0,-3.522876095E0,-6.716014835E0,-2.828061399E-1,7.589169292E0
7.636436125E0,-3.297282036E0,-5.389770430E0,1.550778070E-1,6.320264492E0
7.646402125E0,-3.088990474E0,-3.877875175E0,1.669638808E-1,4.960610341E0
7.656369125E0,-3.093568259E0,-2.303390738E0,1.791806147E-2,3.856954047E0
7.666336125E0,-3.333439756E0,-7.222697121E-1,-2.039438653E-1,3.416882679E0
7.676302125E0,-3.349035157E0,9.171088779E-1,-4.938898940E-1,3.507285618E0
7.686269125E0,-2.873516192E0,2.418214851E0,-7.652368069E-1,3.832811728E0
7.696236125E0,-1.778139449E0,3.600522441E0,-8.838990319E-1,4.111790273E0
7.706203125E0,-7.528477263E-1,4.432201744E0,-8.238319011E-1,4.570546028E0
7.716169125E0,3.571754140E-1,4.970043257E0,-5.803585191E-1,5.016544654E0
7.726136125E0,1.695359248E0,5.322862496E0,-3.305068481E-1,5.596100688E0
7.736103125E0,3.328922490E0,6.077191322E0,6.358531272E-1,6.958325122E0
7.746070125E0,4.984339700E0,7.306785929E0,1.948250009E0,9.056955391E0
7.756036125E0,6.209095151E0,8.425703854E0,2.632105415E0,1.079228090E1
7.766003125E0,6.913492264E0,9.549142261E0,3.159676294E0,1.220516479E1
7.775970125E0,7.445702909E0,1.070297625E1,3.337165017E0,1.345841234E1
7.785937125E0,7.555893688E0,1.125679060E1,2.369849607E0,1.376310471E1
7.795903125E0,7.184904227E0,1.122077877E1,1.322629802E0,1.338947626E1
7.805870125E0,6.728626694E0,1.083334226E1,6.201335458E-1,1.276793982E1
7.815837125E0,6.262919941E0,1.038894218E1,4.894670601E-1,1.214058746E1
7.825804125E0,5.999611634E0,1.035705380E1,9.001181848E-1,1.200308777E1
7.835770125E0,5.793586160E0,1.064414390E1,1.382723830E0,1.219735075E1
7.845737125E0,5.204159340E0,1.082502635E1,1.526601588E0,1.210764149E1
7.855704125E0,4.733344752E0,1.087561763E1,1.391018690E0,1.194230063E1
7.865671125E0,4.439149698E0,1.083554549E1,1.248434336E0,1.177597913E1
7.875637125E0,4.175779118E0,1.063359670E1,1.117386539E0,1.147863505E1
7.885604125E0,3.764139229E0,1.020784923E1,9.883957922E-1,1.092455291E1
7.895571125E0,3.456829163E0,9.722230954E0,9.119060254E-1,1.035871687E1
7.905538125E0,3.214477277E0,9.187799537E0,9.232871190E-1,9.777575548E0
7.915504125E0,2.961144612E0,8.615821393E0,9.913498787E-1,9.164252849E0
7.925471125E0,2.630173495E0,8.062977678E0,1.223942689E0,8.568982282E0
7.935438875E0,2.214511599E0,7.467726447E0,1.537724161E0,7.939495922E0
7.945405875E0,1.744603036E0,6.695625594E0,1.625536330E0,7.107560074E0
7.955371875E0,9.537416840E-1,5.365203938E0,6.464820497E-1,5.487529093E0
7.965338875E0,-3.294096181E-1,2.723454126E0,-2.028366365E0,3.411741958E0
7.975305875E0,-1.766717206E0,-7.853354412E-1,-3.936090639E0,4.385299415E0
7.985272875E0,-3.686127140E0,-4.206235510E0,-2.698096798E0,6.209643854E0
7.995238875E0,-5.439664721E0,-7.718262681E0,-7.138339341E-1,9.469482033E0
8.005205875E0,-5.306772128E0,-1.063248573E1,-6.625950757E-1,1.190170641E1
8.015172875E0,-5.694518539E0,-1.313699554E1,9.442751880E-1,1.434921074E1
8.025139875E0,-7.993426217E0,-1.739601737E1,4.069566492E0,1.957236967E1
8.035105875E0,-9.068138022E0,-2.354311450E1,1.872628262E0,2.529853956E1
8.045072875E0,-2.871755887E0,-2.240335417E1,-4.682481869E0,2.306692213E1
8.055039875E0,6.836317204E0,-1.347987860E1,-1.017275424E1,1.821887178E1
8.065005875E0,4.117173645E0,-8.819797418E0,-8.792683879E0,1.311683022E1
8.074972875E0,-2.047051143E0,-7.896532007E0,-4.637836916E0,9.383771490E0
8.084939875E0,-2.855019987E0,-7.196802726E0,-5.605190626E-1,7.762685761E0
8.094906875E0,-2.716816075E0,-7.255071985E0,1.476570179E0,7.886534003E0
8.104872875E0,-2.245484300E0,-7.293333240E0,1.939460329E0,7.873780278E0
8.114839875E0,-1.093946513E0,-6.239957340E0,5.208454120E-1,6.356497977E0
8.124806875E0,-1.040825144E0,-5.506736963E0,-2.948940596E0,6.332749766E0
8.134773875E0,-8.175652939E-1,-4.904025269E0,-3.484763943E0,6.071363651E0
8.144739875E0,-8.753264290E-1,-4.252206904E0,-1.601328857E0,4.627279333E0
8.154706875E0,-9.327800006E-1,-3.627102714E0,1.859671855E-1,3.749738180E0
8.164673875E0,-1.015858118E0,-3.220142936E0,8.248582336E-1,3.475871020E0
8.174640875E0,-1.088670278E0,-2.634649538E0,1.213118323E0,3.098102198E0
8.184606875E0,-6.265548849E-1,-1.754067047E0,1.630453108E0,2.475419069E0
8.194573875E0,-1.367704672E-1,-7.433612037E-1,1.325455176E0,1.525818949E0
8.204540875E0,2.964509100E-1,4.315595984E-1,3.496773832E-1,6.296039242E-1
8.214507875E0,7.784480059E-1,1.681156361E0,-5.306864221E-1,1.927147137E0
8.224473875E0,1.384885838E0,2.728116111E0,-8.197467439E-1,3.167413933E0
8.234440875E0,1.643315228E0,3.553452355E0,-9.294229679E-1,4.023845875E0
8.244407875E0,1.679000200E0,4.438668180E0,-5.880476077E-1,4.781905151E0
8.254374875E0,1.409394735E0,5.373194743E0,-2.625433449E-1,5.561163932E0
8.264340875E0,1.138508436E0,6.241006331E0,2.515238285E-2,6.344051870E0
8.274307875E0,9.462780055E-1,6.934891319E0,4.166307798E-1,7.011543402E0
8.284274875E0,8.457898039E-1,7.427133322E0,8.610237010E-1,7.524561887E0
8.294241875E0,7.158351436E-1,7.683676985E0,1.330106052E0,7.830740327E0
8.304207875E0,6.859096786E-1,7.764560934E0,1.639441155E0,7.965340287E0
8.314174875E0,6.889177787E-1,7.595572309E0,1.728446302E0,7.820156842E0
8.324141875E0,5.541803885E-1,7.101955041E0,1.727370415E0,7.329985666E0
8.334108875E0,1.982352287E-1,6.334689251E0,1.705546413E0,6.563266997E0
8.344074875E0,1.676396728E-2,5.449388641E0,1.814998104E0,5.743721417E0
8.354041875E0,2.040453145E-1,4.595484656E0,1.968660300E0,5.003572433E0
8.364008875E0,4.495070422E-1,3.834903987E0,1.770432965E0,4.247702680E0
8.373975875E0,6.499104184E-1,3.198022919E0,1.185442428E0,3.472032243E0
8.383941875E0,9.176015058E-1,2.716592419E0,4.448526585E-1,2.901682405E0
8.393908875E0,1.036914234E0,2.354530486E0,-3.558311391E-1,2.597233285E0
8.403875875E0,9.838364258E-1,1.941964983E0,-1.146418111E0,2.460373263E0
8.413842875E0,8.882721645E-1,1.374608479E0,-1.980199634E0,2.569001070E0
8.423808875E0,7.416944548E-1,6.879793006E-1,-2.523418540E0,2.718651745E0
8.433775875E0,4.264517632E-1,1.045920700E-1,-2.068306210E0,2.114400905E0
8.443742875E0,4.104602131E-1,-1.764713073E-1,-7.829677574E-1,9.014755782E-1
8.453709875E0,7.591422540E-1,-9.082713962E-2,5.580911525E-1,9.465792442E-1
8.463675875E0,1.184821015E0,8.321581900E-2,9.207952550E-1,1.502860477E0
8.473642875E0,2.002112660E0,6.888312399E-2,7.272592874E-1,2.131221729E0
8.483609875E0,2.495156023E0,-4.579603618E-1,8.336667717E-3,2.536848591E0
8.493576875E0,1.955685767E0,-1.170792083E0,-9.811893913E-1,2.481570782E0
8.503542875E0,4.931867664E-1,-1.326385907E0,-1.658054012E0,2.179833908E0
8.513509875E0,-3.970205341E-1,-7.993547255E-1,-1.661098657E0,1.885694045E0
8.523476875E0,-2.954489896E-1,-1.142356489E0,-1.881013900E0,2.220468812E0
8.533443875E0,-6.197782543E-1,-3.027352050E0,-2.191365395E0,3.788280324E0
8.543409875E0,-1.724904936E0,-5.368635669E0,-1.992306587E0,5.980537729E0
8.553376875E0,-2.629637890E0,-7.234451779E0,-1.376532213E0,7.819662966E0
8.563343875E0,-2.716684220E0,-8.729886537E0,-6.050394702E-1,9.162825157E0
8.573310875E0,-3.216721730E0,-1.034658261E1,-3.540945160E-1,1.084086958E1
8.583276875E0,-4.208533174E0,-1.225821516E1,-9.025025332E-1,1.299192446E1
8.593243875E0,-4.440480816E0,-1.427240086E1,-2.212773368E0,1.511011787E1
8.603210875E0,-3.853036203E0,-1.580291891E1,-3.755915413E0,1.669386219E1
8.613177875E0,-3.212954369E0,-1.617026439E1,-4.906672304E0,1.720104529E1
8.623143875E0,-2.825371095E0,-1.527763546E1,-5.111337715E0,1.635587480E1
8.633110875E0,-2.351236458E0,-1.377501331E1,-3.972392785E0,1.452787696E1
8.643077875E0,-1.804400172E0,-1.259593396E1,-2.423845135E0,1.295331763E1
8.653043875E0,-1.201869450E0,-1.150634977E1,-1.383644181E0,1.165139675E1
8.663010875E0,-6.907953197E-1,-9.877375127E0,-5.564735202E-1,9.917126618E0
8.672977875E0,-7.246173692E-1,-7.787583761E0,8.018871546E-3,7.821227236E0
8.682944875E0,-1.185156353E0,-5.542236578E0,2.992591815E-1,5.675432841E0
8.692910875E0,-1.860626705E0,-3.328801745E0,2.358182073E-1,3.820793506E0
8.702877875E0,-2.378749361E0,-9.588930809E-1,1.848199618E-1,2.571397068E0
8.712844875E0,-2.334036288E0,1.565927621E0,2.883111472E-1,2.825416434E0
8.722811875E0,-2.229757629E0,3.480345787E0,1.635991006E-1,4.136591658E0
8.732777875E0,-1.579044095E0,4.970022792E0,4.028743279E-1,5.230374225E0
8.742744875E0,-9.109450355E-1,6.027975308E0,5.126748052E-1,6.117936141E0
8.752711875E0,-3.619511274E-1,6.466018299E0,4.145744602E-1,6.489396986E0
8.762678875E0,8.073619026E-1,7.128156999E0,7.418840508E-1,7.211993302E0
8.772644875E0,2.144521889E0,8.088165144E0,1.404668430E0,8.484720557E0
8.782611875E0,3.419137718E0,8.913224230E0,1.951158707E0,9.743874445E0
8.792578875E0,4.299648873E0,9.556623189E0,2.325006287E0,1.073413627E1
8.802545875E0,4.893336267E0,1.014958757E1,2.558223506E0,1.155436607E1
8.812511875E0,5.381911188E0,1.066381745E1,2.514094570E0,1.220666384E1
8.822478875E0,5.683155060E0,1.108473277E1,2.197601159E0,1.264907123E1
8.832445875E0,5.680409793E0,1.139109881E1,1.534765470E0,1.282106441E1
8.842412875E0,5.428369070E0,1.160012390E1,8.285844449E-1,1.283419719E1
8.852378875E0,5.266677185E0,1.169381150E1,2.485055689E-1,1.282750447E1
8.862345875E0,5.162856363E0,1.161501910E1,-4.439089179E-2,1.271085068E1
8.872312875E0,5.141165532E0,1.148300300E1,-1.854853749E-2,1.258138645E1
8.882279875E0,5.209423589E0,1.137137030E1,2.321613586E-1,1.250999822E1
8.892245875E0,5.331999940E0,1.124557096E1,6.727875765E-1,1.246377683E1
8.902212875E0,5.425923765E0,1.105582648E1,1.132040904E0,1.236743564E1
8.912179875E0,5.407537195E0,1.073078912E1,1.513374016E0,1.211121771E1
8.922146875E0,5.237921748E0,1.031444865E1,1.771201143E0,1.170302648E1
8.932113000E0,5.053356725E0,9.868486190E0,1.751975644E0,1.122465378E1
8.942080000E0,4.840249396E0,9.443965470E0,1.563307922E0,1.072662247E1
8.952047000E0,4.593744817E0,9.043668594E0,1.406586317E0,1.024055263E1
8.962014000E0,4.447820534E0,8.636209465E0,1.373594133E0,9.810911388E0
8.971980000E0,4.377068640E0,8.274246935E0,1.448279303E0,9.472032789E0
8.981947000E0,4.160425207E0,7.835548471E0,1.519615334E0,9.000788216E0
8.991914000E0,3.890016626E0,7.267956909E0,1.693982960E0,8.415759339E0
9.001881000E0,3.402064141E0,6.405489092E0,1.936265848E0,7.506893922E0
9.011847000E0,2.302427702E0,4.755924067E0,1.920169487E0,5.622013689E0
9.021814000E0,2.052346382E-1,9.763879502E-1,8.632033968E-1,1.319308452E0
9.031781000E0,-2.391034361E0,-3.938908997E0,-1.151596697E0,4.749549911E0
9.041748000E0,-5.940168840E0,-1.219700417E1,-8.664262651E0,1.609726572E1
9.051714000E0,-9.472726754E0,-2.051512919E1,-1.171343125E1,2.545206376E1
9.061681000E0,-1.185733590E1,-2.076356803E1,3.974504507E0,2.423878830E1
9.071648000E0,-1.594416425E1,-2.781981013E1,8.160175359E0,3.308695621E1
9.081615000E0,-1.140449478E1,-3.065267618E1,-2.986697237E0,3.284158064E1
9.091581000E0,1.668120286E0,-2.011313312E1,-1.476496212E1,2.500649627E1
9.101548000E0,1.377111965E0,-1.147350829E1,-7.458383181E0,1.375373802E1
9.111515000E0,-7.576868820E-1,-6.742562948E0,1.123773745E0,6.877434983E0
9.121482000E0,-3.218096995E-1,-6.344867499E0,7.803951287E-1,6.400775079E0
9.131448000E0,-2.986298749E-1,-7.871950897E0,-4.261961229E0,8.956623485E0
9.141415000E0,-5.410001796E-1,-7.236684830E0,-4.047351458E0,8.309232356E0
9.151382000E0,-3.866211149E-1,-5.612787328E0,-9.544293165E-1,5.706469381E0
9.161349000E0,1.055768580E0,-3.973999307E0,3.911132383E-1,4.130410071E0
9.171315000E0,5.115147176E-1,-3.167247269E0,-2.496614903E-3,3.208287519E0
9.181282000E0,-2.419025275E-1,-2.755285783E0,-2.889878163E-1,2.780940585E0
9.191249000E0,3.455654749E-1,-2.456524639E0,-4.164243731E-1,2.515420056E0
9.201216000E0,1.026985954E0,-2.060006234E0,-2.010889623E-1,2.310576249E0
9.211182000E0,1.299138759E0,-1.631154481E0,4.102383113E-1,2.125258085E0
9.221149000E0,1.667179469E0,-8.510382646E-1,1.035019151E0,2.138929207E0
9.231116000E0,2.048576389E0,2.715949810E-1,9.043429443E-1,2.255718337E0
9.241083000E0,2.190795584E0,1.507702217E0,5.793912435E-1,2.721845969E0
9.251049000E0,2.273833356E0,2.724354597E0,-2.980641568E-1,3.561076852E0
9.261016000E0,2.355835585E0,3.777972572E0,-1.055044549E0,4.575604557E0
9.270983000E0,2.480904312E0,4.482638072E0,-9.063747056E-1,5.202926618E0
9.280950000E0,2.601496995E0,4.955471996E0,-2.292085147E-1,5.601519960E0
9.290916000E0,2.751619287E0,5.261235766E0,8.929880901E-1,6.004118438E0
9.300883000E0,1.866305521E0,5.858231222E0,6.947930610E-1,6.187463676E0
9.310850000E0,9.241495103E-1,6.603670526E0,-1.487110662E-1,6.669680031E0
9.320817000E0,5.542955786E-1,7.091173945E0,-3.837878466E-2,7.112908297E0
9.330783000E0,1.660661870E-1,7.154350187E0,1.168894223E-1,7.157231847E0
9.340750000E0,-4.214295897E-1,6.533717362E0,1.952022779E-1,6.550203767E0
9.350717000E0,-1.217268384E0,5.265977858E0,3.754975180E-1,5.417865217E0
9.360684000E0,-1.564626908E0,3.886268853E0,8.445532639E-1,4.273688474E0
9.370650000E0,-1.512841335E0,2.683909991E0,1.356064181E0,3.366150889E0
9.380617000E0,-1.706228637E0,1.981161209E0,1.713142970E0,3.125871835E0
9.390584000E0,-1.822852523E0,1.625038294E0,2.008393592E0,3.161832633E0
9.400551000E0,-1.607369762E0,1.677120028E0,2.158992140E0,3.171374497E0
9.410517000E0,-9.517545077E-1,2.101682264E0,1.431333049E0,2.715072610E0
9.420484000E0,6.141564488E-2,2.732896210E0,1.007712069E-1,2.735443001E0
9.430451000E0,9.374797001E-1,3.200742459E0,-8.468569207E-1,3.441044481E0
9.440418000E0,1.277510201E0,3.475221287E0,-9.195283096E-1,3.815065873E0
9.450384000E0,1.306526716E0,3.751489947E0,3.568584949E-2,3.972651805E0
9.460351000E0,1.635419440E0,4.020647224E0,8.203645022E-1,4.417374646E0
9.470318000E0,1.760610374E0,4.241597131E0,8.185493803E-1,4.664859934E0
9.480285000E0,1.099338816E0,4.663138695E0,8.533984932E-1,4.866384419E0
9.490251000E0,1.026744464E0,4.883897399E0,8.954151231E-1,5.070347743E0
9.500218000E0,1.508883355E0,4.488716252E0,4.964610609E-1,4.761488859E0
9.510185000E0,2.045988996E0,3.696599795E0,-6.169397235E-2,4.225485435E0
9.520151000E0,2.204132499E0,2.553621747E0,-1.556180897E0,3.714953982E0
9.530118000E0,1.338582322E0,6.899170679E-1,-2.713016846E0,3.102941927E0
9.540085000E0,-9.002607107E-2,-2.069776347E0,-3.092732692E0,3.722509143E0
9.550052000E0,-1.575761468E0,-5.818799354E0,-2.988981744E0,6.728704332E0
9.560018000E0,-3.181013077E0,-9.740490054E0,-2.240688998E0,1.048888354E1
9.569985000E0,-3.534441595E0,-1.247611984E1,-7.574755052E-1,1.298921140E1
9.579952000E0,-2.844599371E0,-1.514854765E1,-7.574415913E-1,1.543191366E1
9.589919000E0,-8.879178232E-1,-1.675723596E1,-2.205842809E0,1.692510259E1
9.599885000E0,-2.035412845E-1,-1.681953454E1,-4.702574949E0,1.746574883E1
9.609852000E0,-1.261531515E0,-1.616638417E1,-7.549283996E0,1.788673050E1
9.619819000E0,-3.087942068E0,-1.494591356E1,-8.583800286E0,1.750992135E1
9.629786000E0,-3.982935899E0,-1.363640038E1,-5.822991807E0,1.535325462E1
9.639752000E0,-2.633650834E0,-1.249001867E1,-1.764996078E0,1.288611246E1
9.649719000E0,-1.057309906E0,-1.169566975E1,6.717047453E-2,1.174355597E1
9.659686000E0,-7.735483316E-1,-1.135528929E1,1.396478820E-1,1.138246341E1
9.669653000E0,-1.208953059E0,-1.099247774E1,-6.298866284E-1,1.107668234E1
9.679619000E0,-1.736258183E0,-9.883426995E0,-1.054747657E0,1.009005522E1
9.689586000E0,-2.305407443E0,-8.265890679E0,-6.691774325E-1,8.607418349E0
9.699553000E0,-2.792043428E0,-6.552156556E0,-4.117796373E-1,7.134130957E0
9.709520000E0,-3.076666590E0,-4.648285013E0,-7.686106503E-1,5.627005705E0
9.719486000E0,-3.377658155E0,-2.494867170E0,-8.564032312E-1,4.285599527E0
9.729453000E0,-3.709078046E0,-1.340924424E-1,-3.394542575E-1,3.726992075E0
9.739420000E0,-3.993209749E0,1.742812911E0,-8.054773450E-2,4.357706838E0
9.749387000E0,-3.562060333E0,3.453745049E0,-3.502480714E-1,4.973861919E0
9.759353000E0,-2.402852169E0,5.003998623E0,-4.785500161E-1,5.571598594E0
9.769320000E0,-7.559318402E-1,6.211858546E0,-1.202303021E-1,6.258839738E0
9.779287000E0,1.021674343E0,6.558203747E0,1.489461243E-1,6.638978822E0
9.789254000E0,2.580810716E0,6.729630661E0,1.014661485E0,7.278602250E0
9.799220000E0,3.805147214E0,7.405972833E0,1.912005751E0,8.543029025E0
9.809187000E0,4.849621021E0,8.282893213E0,2.480819235E0,9.913607219E0
9.819154000E0,5.579663436E0,9.306719039E0,2.969924791E0,1.125024962E1
9.829121000E0,5.856447237E0,1.020825737E1,3.245249126E0,1.220811757E1
9.839087000E0,5.695278093E0,1.074591469E1,3.035304848E0,1.253490928E1
9.849054000E0,5.419245075E0,1.098417002E1,2.543607806E0,1.250960227E1
9.859021000E0,5.252794726E0,1.115193833E1,1.900346256E0,1.247272612E1
9.868988000E0,5.278050020E0,1.141244816E1,1.268241194E0,1.263765092E1
9.878954000E0,5.242879018E0,1.157771386E1,7.155178591E-1,1.272961918E1
9.888921000E0,5.113157369E0,1.149370458E1,4.325946287E-1,1.258716653E1
9.898888000E0,5.054906237E0,1.124678485E1,3.630512079E-1,1.233588475E1
9.908855000E0,5.032659336E0,1.109058934E1,6.222842248E-1,1.219491983E1
9.918821000E0,5.391896478E0,1.092839928E1,1.202942925E0,1.224538811E1
9.928788000E0,5.879996898E0,1.075968372E1,1.860475262E0,1.240187588E1
9.938755250E0,6.107324363E0,1.055172632E1,2.307784921E0,1.240823156E1
9.948722250E0,6.215714784E0,1.022924068E1,2.326292674E0,1.219360951E1
9.958688250E0,6.201613054E0,9.887176230E0,2.077698154E0,1.185466524E1
9.968655250E0,5.975759672E0,9.520975054E0,1.781470170E0,1.138122601E1
9.978622250E0,5.496662210E0,9.057299623E0,1.561573784E0,1.070917759E1
9.988589250E0,4.929769975E0,8.661736654E0,1.504440640E0,1.007926860E1
9.998555250E0,4.394981000E0,8.414828033E0,1.656845831E0,9.636925180E0
1.000852225E1,4.102811714E0,8.300767567E0,1.954334914E0,9.463362569E0
1.001848925E1,3.891082573E0,8.186636934E0,1.889227337E0,9.259088930E0
1.002845625E1,3.588566054E0,7.685871445E0,9.544984598E-1,8.535894417E0
1.003842225E1,2.674548599E0,5.910262086E0,-1.386592348E0,6.633780707E0
1.004838925E1,9.514215088E-1,2.477884517E0,-3.825109316E0,4.655810976E0
1.005835625E1,-2.479122081E0,-2.880220901E0,-5.302210715E0,6.523431397E0
1.006832325E1,-7.626877717E0,-1.069121282E1,-5.867717160E0,1.438406757E1
1.007828925E1,-9.704063070E0,-1.722497813E1,-4.100911953E0,2.019124044E1
1.008825625E1,-9.718355420E0,-2.129877537E1,-3.137617381E0,2.362051878E1
1.009822325E1,-1.069239864E1,-2.328011375E1,1.190123855E0,2.564580823E1
1.010819025E1,-1.043957556E1,-2.590246601E1,6.108849317E-1,2.793377282E1
1.011815625E1,-2.858799919E0,-2.309049089E1,-4.210934625E0,2.364477695E1
1.012812325E1,3.275018470E0,-1.424498911E1,-5.759611498E0,1.571046102E1
1.013809025E1,-3.216252199E-1,-7.596498508E0,-3.791608571E0,8.496265528E0
1.014805725E1,-1.122006716E0,-4.144476049E0,-9.590094405E-1,4.399463592E0
1.015802325E1,-1.683066939E0,-3.966222510E0,-1.234180871E0,4.481834194E0
1.016799025E1,-3.133890073E0,-4.769336995E0,-2.152285237E0,6.099194546E0
1.017795725E1,-2.607782167E0,-4.935958083E0,-1.550805844E0,5.793894096E0
1.018792425E1,-1.838205265E0,-4.777715471E0,-9.466650912E-1,5.205933010E0
1.019789025E1,-1.215629702E0,-5.267727930E0,-1.104335554E0,5.517813891E0
1.020785725E1,-7.034025013E-1,-5.565599129E0,-1.263869816E0,5.750481341E0
1.021782425E1,2.436242402E-2,-5.373840861E0,-8.464040539E-1,5.440143284E0
1.022779125E1,7.165423644E-1,-4.899806503E0,-1.233268413E-1,4.953458008E0
1.023775725E1,1.036806937E0,-3.989417830E0,4.908749235E-1,4.151069915E0
1.024772425E1,9.184785882E-1,-2.894946529E0,7.203851545E-1,3.121421646E0
1.025769125E1,6.703019983E-1,-1.678097683E0,7.792277321E-1,1.967870031E0
1.026765825E1,5.494075987E-1,-2.223397905E-1,6.867893922E-1,9.071732807E-1
1.027762425E1,6.704122183E-1,1.330014104E0,4.116311181E-1,1.545260573E0
1.028759125E1,9.169226441E-1,2.779448817E0,-7.036188483E-2,2.927632774E0
1.029755825E1,1.268382112E0,4.082331841E0,-3.771854630E-1,4.291444432E0
1.030752525E1,1.701379541E0,5.440890883E0,-5.281740198E-1,5.725116046E0
1.031749125E1,1.955399254E0,6.617676362E0,-8.752989471E-1,6.955815906E0
1.032745825E1,1.961644665E0,7.333881342E0,-1.026653832E0,7.660801748E0
1.033742525E1,1.807297467E0,7.565074401E0,-9.282197571E-1,7.833151776E0
1.034739225E1,1.679004586E0,7.269522209E0,-5.156356890E-1,7.478695722E0
1.035735825E1,1.377516884E0,6.523791713E0,6.074555397E-2,6.667915799E0
1.036732525E1,1.029799926E0,5.457685840E0,5.782979603E-1,5.584017474E0
1.037729225E1,1.034263691E0,4.208852139E0,7.062502415E-1,4.391232983E0
1.038725925E1,1.265913126E0,2.841619338E0,4.876541309E-1,3.148832014E0
1.039722525E1,1.447884324E0,1.824386832E0,3.137534058E-1,2.350148406E0
1.040719225E1,1.494429330E0,1.168659604E0,2.950563490E-1,1.919932952E0
1.041715925E1,1.409112022E0,8.376095492E-1,5.129344216E-1,1.717640290E0
1.042712625E1,1.514452828E0,7.794408631E-1,7.755866709E-1,1.871531488E0
1.043709225E1,1.614699832E0,8.769969785E-1,1.050852242E0,2.116759240E0
1.044705925E1,1.711235900E0,1.280712136E0,1.361653973E0,2.534295449E0
1.045702625E1,1.835525193E0,1.869505702E0,1.433358671E0,2.986422841E0
1.046699325E1,1.902752970E0,2.353671530E0,8.166475734E-1,3.134828831E0
1.047695925E1,2.034787778E0,2.666384717E0,-5.130127743E-1,3.393103427E0
1.048692625E1,2.155353271E0,2.832854362E0,-2.004748146E0,4.085293953E0
1.049689325E1,1.725384408E0,2.662268862E0,-2.801773779E0,4.232559882E0
1.050686025E1,6.932540739E-1,2.310413829E0,-2.163385884E0,3.240193166E0
1.051682625E1,-3.730289698E-2,1.926090962E0,-6.932295156E-1,2.047384933E0
1.052679325E1,-7.562817961E-2,1.326408711E0,2.150541598E-1,1.345855855E0
1.053676025E1,4.986710161E-2,5.819523239E-1,2.808040532E-1,6.480788158E-1
1.054672725E1,-1.183496913E-1,8.181248724E-2,2.171612039E-1,2.604974491E-1
1.055669325E1,-2.041821393E-1,-2.344265699E-2,-5.993191391E-2,2.140834849E-1
1.056666025E1,-4.778198451E-2,2.147787559E-1,-4.151406169E-2,2.239116999E-1
1.057662725E1,1.946660882E-1,4.086449450E-1,6.342094749E-2,4.570643211E-1
1.058659425E1,2.202482414E-1,8.616749346E-2,-5.514827755E-1,6.000561444E-1
1.059656025E1,-3.223032045E-1,-8.299479425E-1,-1.513558788E0,1.756004883E0
1.060652725E1,-1.247820379E0,-2.183268464E0,-2.525288479E0,3.563818007E0
1.061649425E1,-2.042636203E0,-3.959644977E0,-3.635043232E0,5.750190458E0
1.062646125E1,-2.637567007E0,-5.981126831E0,-4.150136446E0,7.743014297E0
1.063642725E1,-3.063631684E0,-7.638154657E0,-2.924141969E0,8.733719249E0
1.064639425E1,-3.262526479E0,-8.676517246E0,-1.285359503E0,9.358321409E0
1.065636125E1,-3.522276170E0,-9.769854771E0,-1.170279575E0,1.045112654E1
1.066632825E1,-3.734424556E0,-1.090041333E1,-2.440592438E0,1.177800616E1
1.067629425E1,-3.841319844E0,-1.212887124E1,-3.786630836E0,1.327417903E1
1.068626125E1,-3.785649966E0,-1.353072716E1,-4.320384854E0,1.469957307E1
1.069622825E1,-3.250782346E0,-1.462990430E1,-4.360740875E0,1.560825893E1
1.070619525E1,-2.327548510E0,-1.490867148E1,-3.854688041E0,1.557384304E1
1.071616125E1,-1.486437063E0,-1.383777030E1,-2.225287725E0,1.409415792E1
1.072612825E1,-8.017360041E-1,-1.184532572E1,-5.311467442E-1,1.188430221E1
1.073609525E1,-5.426356459E-1,-9.559952009E0,1.321418113E-1,9.576251736E0
1.074606225E1,-8.844080320E-1,-7.519200071E0,-1.170913705E-1,7.571938831E0
1.075602825E1,-1.099342324E0,-5.904428903E0,-6.594714931E-1,6.041997755E0
1.076599525E1,-1.315895125E0,-4.516958889E0,-3.989976239E-1,4.721620134E0
1.077596225E1,-2.031532925E0,-2.994384279E0,5.500358820E-1,3.660055014E0
1.078592925E1,-2.584028146E0,-1.238587040E0,1.246589832E0,3.124945684E0
1.079589525E1,-2.912389358E0,6.104803044E-1,1.497467251E0,3.331231926E0
1.080586225E1,-2.866143730E0,2.076688925E0,1.440775133E0,3.821419861E0
1.081582925E1,-2.430377644E0,3.537576579E0,1.130825926E0,4.438462664E0
1.082579625E1,-1.770792423E0,4.815644020E0,7.240444882E-1,5.181734608E0
1.083576225E1,-8.587051338E-1,5.929117602E0,6.510817619E-1,6.026252360E0
1.084572925E1,1.386342672E-1,6.828913459E0,1.068784336E0,6.913434635E0
1.085569625E1,1.130878697E0,7.403908766E0,1.765969055E0,7.695154212E0
1.086566325E1,2.014350590E0,7.938472331E0,2.286028455E0,8.503109863E0
1.087562925E1,3.018471884E0,8.424685269E0,2.521334592E0,9.297506253E0
1.088559625E1,4.013586711E0,9.007839780E0,2.778888069E0,1.024559782E1
1.089556325E1,4.722751059E0,9.598182859E0,2.913736557E0,1.108690004E1
1.090553025E1,5.227438275E0,1.028976872E1,3.031662033E0,1.193299736E1
1.091549625E1,5.609034001E0,1.092294499E1,2.870601647E0,1.261000966E1
1.092546325E1,5.755014417E0,1.136076696E1,2.282563687E0,1.293821139E1
1.093542975E1,5.898948308E0,1.166488649E1,1.532322503E0,1.316112382E1
1.094539675E1,5.882825196E0,1.171616424E1,8.689384921E-1,1.313891894E1
1.095536275E1,5.702849652E0,1.149301811E1,4.300662196E-1,1.283732513E1
1.096532975E1,5.594795446E0,1.117943428E1,2.987985671E-1,1.250482976E1
1.097529675E1,5.582371867E0,1.087280395E1,4.886425296E-1,1.223190553E1
1.098526375E1,5.602626622E0,1.053599380E1,9.165150201E-1,1.196814899E1
1.099522975E1,5.715932212E0,1.005294947E1,1.269411953E0,1.163379048E1
1.100519675E1,5.587743704E0,9.560616252E0,1.436804873E0,1.116658726E1
1.101516375E1,5.295258375E0,9.224952160E0,1.538483276E0,1.074739198E1
1.102513075E1,5.089582565E0,8.978740527E0,1.545472891E0,1.043600108E1
1.103509675E1,5.052911167E0,8.837215104E0,1.527377075E0,1.029374387E1
1.104506375E1,5.077431466E0,8.629431957E0,1.365134236E0,1.010499865E1
1.105503075E1,4.817176867E0,8.266627429E0,1.346449166E0,9.662051923E0
1.106499775E1,4.272682392E0,7.987849143E0,1.571291857E0,9.194047360E0
1.107496375E1,3.792461972E0,7.684054715E0,1.627635627E0,8.722193669E0
1.108493075E1,3.213920037E0,6.899329138E0,8.060255215E-1,7.653737760E0
1.109489775E1,2.354672574E0,5.084157518E0,-1.554308034E0,5.814551923E0
1.110486475E1,1.076755114E0,1.937747971E0,-4.324652152E0,4.859720672E0
1.111483075E1,-1.891368149E0,-3.637952807E0,-7.087327062E0,8.187928858E0
1.112479775E1,-5.234383013E0,-9.565328524E0,-5.370386326E0,1.215464210E1
1.113476475E1,-7.280177005E0,-1.338023269E1,3.666800630E-1,1.523699637E1
1.114473175E1,-1.058207571E1,-1.798589267E1,8.618795872E-1,2.088577262E1
1.115469775E1,-1.280630977E1,-2.253387104E1,-2.006638404E0,2.599622110E1
1.116466475E1,-1.081654906E1,-2.527516035E1,-4.881406192E0,2.792238511E1
1.117463175E1,-4.074463828E0,-2.467321054E1,-9.260046564E0,2.666677777E1
1.118459875E1,2.201780456E0,-2.003037397E1,-9.719527202E0,2.237259322E1
1.119456475E1,3.425693616E-1,-1.331340370E1,-6.212643242E0,1.469561186E1
1.120453175E1,-9.974809036E-1,-8.512818012E0,-1.377396724E0,8.681028763E0
1.121449875E1,-2.063201737E-1,-6.436596864E0,8.807543993E-2,6.440504987E0
1.122446575E1,2.577628076E-2,-5.653497983E0,-1.493883785E0,5.847597166E0
1.123443175E1,4.812930912E-1,-4.848098406E0,-9.843220371E-1,4.970371320E0
1.124439875E1,-4.674290505E-1,-4.104879289E0,-3.937281132E-1,4.150125989E0
1.125436575E1,-1.274310604E0,-3.431027446E0,4.155382276E-2,3.660265506E0
1.126433275E1,-5.970518813E-1,-2.818477812E0,7.803311017E-1,2.984829100E0
1.127429875E1,7.255517542E-2,-2.563905246E0,1.037729920E0,2.766904001E0
1.128426575E1,6.524261829E-1,-2.379494589E0,9.540667892E-1,2.645354014E0
1.129423275E1,1.193085762E0,-1.867880761E0,6.996231535E-1,2.324199804E0
1.130419975E1,1.784576357E0,-7.865031302E-1,8.402761719E-1,2.123526311E0
1.131416575E1,2.019415155E0,5.944565946E-1,1.196670105E0,2.421453191E0
1.132413275E1,1.972096270E0,1.730140826E0,1.083725580E0,2.838487645E0
1.133409975E1,1.906524425E0,2.945641304E0,3.545086451E-1,3.526657689E0
1.134406675E1,1.850532949E0,4.393001425E0,-8.218001398E-1,4.837177812E0
1.135403275E1,1.615804078E0,5.745099878E0,-1.357936313E0,6.120538086E0
1.136399975E1,1.165465562E0,6.665210717E0,-1.180310766E0,6.868513477E0
1.137396675E1,5.473546413E-1,7.113288699E0,-1.010950842E0,7.205587750E0
1.138393375E1,-1.386383602E-1,7.164491597E0,-6.727000876E-1,7.197338803E0
1.139389975E1,-6.107963464E-1,6.900886252E0,-8.217676878E-2,6.928351626E0
1.140386675E1,-9.341119963E-1,6.301267151E0,3.702725923E-1,6.380880403E0
1.141383375E1,-1.103179851E0,5.322249708E0,6.707808852E-1,5.476613436E0
1.142380075E1,-9.151126385E-1,4.229023864E0,9.684601490E-1,4.433958620E0
1.143376675E1,-8.292579710E-1,2.956412460E0,8.277600606E-1,3.180130522E0
1.144373375E1,-9.571079260E-1,1.768685086E0,5.737499960E-1,2.091289453E0
1.145370075E1,-1.003813146E0,8.769004995E-1,4.408731897E-1,1.403910427E0
1.146366775E1,-8.393719000E-1,1.176886636E-1,4.560641098E-1,9.624917040E-1
1.147363375E1,-3.481227547E-1,-5.780259186E-1,8.828969653E-1,1.111220260E0
1.148360075E1,3.451816052E-2,-1.193549446E0,1.067811506E0,1.601865536E0
1.149356775E1,6.078356087E-1,-1.397263516E0,8.159614027E-1,1.728468244E0
1.150353475E1,1.513121709E0,-1.125920550E0,4.453474791E-1,1.937928990E0
1.151350075E1,2.264987980E0,-5.303038681E-1,5.420368910E-2,2.326871458E0
1.152346775E1,2.603843483E0,3.673121470E-1,-2.896862662E-1,2.645531559E0
1.153343475E1,2.573182438E0,1.382673544E0,-6.070779558E-1,2.983554530E0
1.154340175E1,2.299212026E0,2.211698211E0,-6.370577998E-1,3.253279508E0
1.155336775E1,1.740267034E0,2.734623477E0,-5.045916143E-1,3.280443203E0
1.156333475E1,1.153060402E0,2.959637200E0,-4.344834986E-1,3.205897153E0
1.157330175E1,7.981931761E-1,3.018976498E0,-3.017688064E-1,3.137259291E0
1.158326875E1,6.005789217E-1,2.888198842E0,2.581808835E-2,2.950093925E0
1.159323475E1,5.622670877E-1,2.680212797E0,2.968878432E-1,2.754601116E0
1.160320175E1,5.571420032E-1,2.507610008E0,3.169660123E-1,2.588239288E0
1.161316875E1,6.169961491E-1,2.435219139E0,3.968262604E-1,2.543314291E0
1.162313575E1,6.201141769E-1,2.406701099E0,4.557356425E-1,2.526746277E0
1.163310175E1,6.505992204E-1,2.168842798E0,-1.183125615E-2,2.264353861E0
1.164306875E1,6.010642406E-1,1.730429093E0,-6.158179352E-1,1.932587591E0
1.165303575E1,3.292032114E-1,1.205261419E0,-9.436128446E-1,1.565705925E0
1.166300275E1,-3.185153782E-2,6.395152384E-1,-8.883771220E-1,1.095083637E0
1.167296875E1,-2.897669578E-1,1.619854152E-1,-3.640678194E-1,4.926961961E-1
1.168293575E1,-5.154335216E-1,-2.510537124E-1,2.014231306E-1,6.076766897E-1
1.169290275E1,-6.865926334E-1,-9.242114908E-1,-1.633539560E-1,1.162867507E0
1.170286975E1,-8.276722062E-1,-1.753601024E0,-9.050001714E-1,2.139902601E0
1.171283575E1,-9.793606746E-1,-2.611444863E0,-1.603476101E0,3.217130276E0
1.172280275E1,-1.085254042E0,-3.729987981E0,-2.285270802E0,4.507000035E0
1.173276975E1,-1.151673734E0,-5.052737505E0,-2.584188067E0,5.790901195E0
1.174273675E1,-1.420896208E0,-6.949385982E0,-2.760242176E0,7.611297421E0
1.175270275E1,-2.185011226E0,-9.361695730E0,-2.510952276E0,9.935819158E0
1.176266975E1,-3.054182291E0,-1.181548270E1,-1.910028076E0,1.235240334E1
1.177263675E1,-4.176208888E0,-1.445066843E1,-1.867139042E0,1.515746506E1
1.178260375E1,-5.418922309E0,-1.683691948E1,-2.581737499E0,1.787489706E1
1.179256975E1,-5.533862196E0,-1.766621370E1,-3.440173369E0,1.882959187E1
1.180253675E1,-4.219627388E0,-1.619803632E1,-4.739848902E0,1.739677567E1
1.181250375E1,-3.258050435E0,-1.371662886E1,-5.008516767E0,1.496148522E1
1.182247075E1,-2.321586689E0,-1.186769834E1,-2.881861630E0,1.243129740E1
1.183243675E1,-1.461542543E0,-1.051050930E1,-7.720043743E-1,1.063968529E1
1.184240375E1,-1.041949563E0,-8.772179448E0,-9.372531205E-2,8.834340699E0
1.185237075E1,-1.320412099E0,-6.521965628E0,-1.289477697E-1,6.655535387E0
1.186233775E1,-1.981367615E0,-3.901473953E0,-1.895239006E-1,4.379867114E0
1.187230375E1,-2.549654119E0,-1.125841613E0,-1.700041406E-1,2.792338961E0
1.188227075E1,-3.144895995E0,1.229629106E0,1.168965121E-1,3.378760624E0
1.189223775E1,-3.275749957E0,2.992975100E0,3.829655819E-1,4.453661456E0
1.190220475E1,-2.684168438E0,4.498170031E0,6.322823788E-1,5.276179947E0
1.191217075E1,-1.971697783E0,5.221065980E0,6.115123379E-1,5.614362782E0
1.192213775E1,-4.205814511E-1,5.625747097E0,8.113644679E-1,5.699493965E0
1.193210463E1,1.513041602E0,6.020030111E0,1.403501180E0,6.363951052E0
1.194207163E1,3.105362678E0,6.411477225E0,1.888374667E0,7.369957697E0
1.195203863E1,4.243626408E0,6.776303136E0,2.330093218E0,8.328023997E0
1.196200463E1,4.921094461E0,7.308222590E0,2.798345264E0,9.244350942E0
1.197197162E1,5.152723138E0,8.075210638E0,2.825676320E0,9.987193262E0
1.198193863E1,5.226903840E0,8.822295933E0,2.717982302E0,1.060852756E1
1.199190563E1,5.465131100E0,9.541592921E0,2.564842554E0,1.129106154E1
1.200187163E1,5.726851303E0,1.018460655E1,2.306206173E0,1.190972810E1
1.201183863E1,5.901791809E0,1.063033629E1,1.927228392E0,1.231054042E1
1.202180563E1,5.955020767E0,1.092018043E1,1.374492120E0,1.251406575E1
1.203177263E1,5.814444348E0,1.120763891E1,6.474095643E-1,1.264270826E1
1.204173863E1,5.455836951E0,1.131755721E1,5.420602798E-2,1.256408358E1
1.205170563E1,5.135403686E0,1.133923868E1,-2.370882225E-1,1.245017734E1
1.206167263E1,4.936088476E0,1.117583473E1,-1.337796164E-1,1.221810740E1
1.207163963E1,4.848978704E0,1.087937856E1,1.756163713E-1,1.191235969E1
1.208160563E1,4.858666078E0,1.040895135E1,5.820283377E-1,1.150181122E1
1.209157263E1,4.986207885E0,9.885838387E0,9.621746115E-1,1.111385845E1
1.210153963E1,5.137642584E0,9.560368915E0,1.312387819E0,1.093244652E1
1.211150663E1,5.086919158E0,9.366459457E0,1.655715126E0,1.078650554E1
1.212147263E1,5.048781863E0,9.216830962E0,1.982693764E0,1.069444930E1
1.213143963E1,5.163818815E0,9.103382115E0,2.149492753E0,1.068442370E1
1.214140663E1,5.243219910E0,8.909624099E0,2.194044882E0,1.056818762E1
1.215137363E1,5.104935014E0,8.682373232E0,2.129340617E0,1.029456448E1
1.216133963E1,4.869460331E0,8.430801457E0,2.014411401E0,9.942228644E0
1.217130663E1,4.639777899E0,8.018521298E0,1.826298141E0,9.442435473E0
1.218127362E1,4.274601448E0,7.101443995E0,8.358148925E-1,8.330744918E0
1.219124063E1,3.207034063E0,4.542153372E0,-2.666268357E0,6.166458602E0
1.220120663E1,6.473417366E-1,-2.133847797E-1,-5.953198775E0,5.992091458E0
1.221117363E1,-4.531574881E0,-7.673166615E0,-6.208285897E0,1.086073067E1
1.222114063E1,-9.718537853E0,-1.524179203E1,-3.345518642E0,1.838354420E1
1.223110763E1,-1.185838723E1,-2.053538629E1,-1.758987187E0,2.377850865E1
1.224107363E1,-1.286235299E1,-2.373052711E1,-3.396515133E0,2.720504285E1
1.225104063E1,-1.221205607E1,-2.477090115E1,2.709988573E-1,2.761893006E1
1.226100763E1,-7.590989846E0,-2.527351611E1,-3.223929593E-1,2.639086358E1
1.227097463E1,-5.797280431E-2,-2.080895412E1,-5.727713767E0,2.158292467E1
1.228094063E1,4.115772944E0,-1.319803813E1,-8.369760618E0,1.616108568E1
1.229090763E1,8.462727839E-1,-6.446990874E0,-5.501172752E0,8.517204389E0
1.230087463E1,-1.592709623E0,-2.826148190E0,-1.540504512E0,3.591238183E0
1.231084163E1,-1.855555415E0,-2.589023130E0,1.092979384E0,3.367600125E0
1.232080763E1,-3.443024471E0,-3.115621617E0,2.136203640E0,5.111250489E0
1.233077463E1,-3.684204575E0,-3.137799522E0,6.654590419E-1,4.884873072E0
1.234074162E1,-2.989703583E0,-3.085029570E0,-1.485677802E0,4.545654352E0
1.235070863E1,-2.304713086E0,-3.605700150E0,-1.861906368E0,4.666848113E0
1.236067463E1,-1.515345990E0,-4.103915668E0,-1.288422275E0,4.560529491E0
1.237064163E1,-3.929714835E-1,-4.249389716E0,-6.755323327E-1,4.320657760E0
1.238060863E1,4.985669357E-1,-4.014467887E0,-3.564126447E-1,4.060979115E0
1.239057563E1,1.096884154E0,-3.192982619E0,-1.418607607E-1,3.379114874E0
1.240054163E1,1.400893760E0,-1.934696894E0,3.113768050E-1,2.408840160E0
1.241050863E1,1.347203164E0,-6.189154977E-1,5.164842662E-1,1.569958202E0
1.242047563E1,1.400866570E0,7.755279064E-1,4.481203750E-1,1.662733458E0
1.243044263E1,1.680139238E0,2.126804241E0,1.954199405E-1,2.717416621E0
1.244040862E1,1.954530942E0,3.394422122E0,3.951314449E-2,3.917123184E0
1.245037563E1,2.244322751E0,4.661654087E0,-6.290098384E-2,5.174162732E0
1.246034263E1,2.455953658E0,5.878621632E0,-1.701143606E-1,6.373291109E0
1.247030963E1,2.334027810E0,6.746605713E0,-1.060988975E-1,7.139722084E0
1.248027563E1,1.970733284E0,7.094845412E0,-1.084155643E-1,7.364263373E0
1.249024263E1,1.548216990E0,7.112568322E0,-2.286964448E-1,7.282712822E0
1.250020962E1,1.116615876E0,6.657553788E0,-2.769277878E-1,6.756222499E0
1.251017663E1,9.659027231E-1,5.724959144E0,-1.490898196E-1,5.807783833E0
1.252014263E1,9.191589117E-1,4.466059461E0,8.855169564E-3,4.559673084E0
1.253010963E1,9.318184260E-1,3.099562240E0,1.376588054E-1,3.239524904E0
1.254007663E1,1.007768495E0,1.826762556E0,-7.901678726E-2,2.087798464E0
1.255004363E1,9.999352723E-1,8.522153091E-1,-2.504220669E-1,1.337479979E0
1.256000963E1,8.915922135E-1,2.324315000E-1,4.455929160E-2,9.224676731E-1
1.256997663E1,8.610612693E-1,-4.958848178E-2,3.770658875E-1,9.413098377E-1
1.257994363E1,8.382729158E-1,2.271935642E-2,8.283048749E-1,1.178688515E0
1.258991063E1,7.273962584E-1,4.639023024E-1,1.393536501E0,1.638979757E0
1.259987662E1,6.897512993E-1,1.118822030E0,1.381816196E0,1.907075140E0
1.260984363E1,7.336413771E-1,1.702749544E0,5.604790092E-1,1.936936343E0
1.261981063E1,8.650639808E-1,2.171765236E0,-5.734889178E-1,2.407029180E0
1.262977763E1,1.030596025E0,2.660630472E0,-1.268522007E0,3.122535949E0
1.263974363E1,1.067818230E0,3.087262622E0,-1.119573251E0,3.453240584E0
1.264971063E1,1.094354064E0,3.364948062E0,-4.782276884E-1,3.570600510E0
1.265967763E1,1.219253222E0,3.543097520E0,1.753530273E-1,3.751115453E0
1.266964463E1,1.261011697E0,3.543852396E0,1.404100665E-1,3.764140711E0
1.267961063E1,1.024926857E0,3.467912852E0,-3.280995494E-1,3.631052730E0
1.268957763E1,6.875688261E-1,3.342408215E0,-8.335656148E-1,3.512730448E0
1.269954463E1,-1.259192044E-1,3.016120133E0,-4.981079292E-1,3.059566606E0
1.270951162E1,-6.139439026E-1,2.634501019E0,3.588287142E-1,2.728787420E0
1.271947863E1,-4.438112694E-1,1.566120579E0,1.515425804E-1,1.634829430E0
1.272944463E1,-2.142045593E-1,-4.198745227E-1,-5.718237770E-1,7.410537362E-1
1.273941163E1,9.240939617E-2,-2.640157031E0,-7.941688299E-1,2.758563535E0
1.274937863E1,2.103538755E-1,-5.116021335E0,-1.291927096E0,5.280814206E0
1.275934563E1,-2.401714593E-1,-7.778900646E0,-1.968742307E0,8.027759579E0
1.276931163E1,-1.141104307E0,-1.035089084E1,-2.046477824E0,1.061278152E1
1.277927863E1,-2.705131291E0,-1.262642836E1,-2.556802925E0,1.316364956E1
1.278924563E1,-3.866754063E0,-1.389375154E1,-2.025047778E0,1.456327358E1
1.279921263E1,-4.623956796E0,-1.429834612E1,-1.202349214E0,1.507545429E1
1.280917863E1,-5.155361402E0,-1.513998265E1,-1.974120869E0,1.611502340E1
1.281914563E1,-5.514337174E0,-1.588335555E1,-3.744712440E0,1.722532349E1
1.282911263E1,-5.110700954E0,-1.517440989E1,-4.187746322E0,1.655050449E1
1.283907963E1,-4.256149974E0,-1.360333555E1,-2.877189997E0,1.454110632E1
1.284904563E1,-3.133404754E0,-1.227782087E1,-1.443856762E0,1.275334596E1
1.285901263E1,-2.186270716E0,-1.090451223E1,-1.009361569E0,1.116722783E1
1.286897962E1,-1.672906525E0,-8.972890972E0,-1.342441192E0,9.225699811E0
1.287894663E1,-1.744033518E0,-6.781817645E0,-1.173038876E0,7.100050964E0
1.288891263E1,-2.094383477E0,-4.464293017E0,-6.525691473E-1,4.974153273E0
1.289887963E1,-2.509021818E0,-2.282541906E0,-2.930330662E-1,3.404564056E0
1.290884663E1,-2.987800021E0,-3.936351424E-1,-3.049206018E-2,3.013772944E0
1.291881363E1,-3.446470235E0,1.312056136E0,1.928095973E-1,3.692807052E0
1.292877963E1,-2.950715226E0,3.139930247E0,4.763175492E-1,4.335061788E0
1.293874638E1,-2.352524599E0,4.260339212E0,5.620742027E-1,4.899060073E0
1.294871338E1,-1.491244059E0,5.178400016E0,6.910087430E-1,5.432966837E0
1.295868038E1,-3.401579699E-1,5.687278517E0,-6.028011560E-2,5.697760794E0
1.296864637E1,9.705179304E-1,5.688641503E0,-6.706452298E-1,5.809674021E0
1.297861338E1,2.205433504E0,6.077199508E0,1.269290185E-1,6.466250983E0
1.298858038E1,3.371364504E0,6.708490053E0,1.389712422E0,7.635524738E0
1.299854738E1,4.327034015E0,7.446899250E0,1.880647133E0,8.815688597E0
1.300851338E1,5.026389366E0,8.148656344E0,2.074488179E0,9.796361135E0
1.301848038E1,5.478938130E0,8.809992222E0,2.416911507E0,1.065252023E1
1.302844738E1,5.793554585E0,9.432974458E0,2.486751820E0,1.134593392E1
1.303841438E1,6.194078332E0,1.001851639E1,2.223763940E0,1.198675949E1
1.304838038E1,6.773225162E0,1.046340998E1,1.888233165E0,1.260654401E1
1.305834738E1,7.213939746E0,1.078421863E1,1.622632749E0,1.307567341E1
1.306831438E1,7.302215161E0,1.101042168E1,1.304879848E0,1.327608539E1
1.307828137E1,7.173861176E0,1.105112649E1,1.002243168E0,1.321348448E1
1.308824838E1,6.896854012E0,1.096807147E1,7.881181312E-1,1.298022793E1
1.309821438E1,6.655375115E0,1.086762332E1,5.357709051E-1,1.275485417E1
1.310818138E1,6.599292716E0,1.064928010E1,2.344441116E-1,1.253047465E1
1.311814838E1,6.407045621E0,1.010657663E1,2.253727778E-1,1.196845510E1
1.312811538E1,5.869793506E0,9.573759039E0,4.863796206E-1,1.124045831E1
1.313808138E1,5.457874120E0,9.312194957E0,8.919915783E-1,1.083055926E1
1.314804838E1,5.267837858E0,9.228028380E0,1.535623841E0,1.073614289E1
1.315801538E1,5.210353296E0,9.078089983E0,2.140742834E0,1.068373900E1
1.316798238E1,5.188662465E0,8.954022008E0,2.411920323E0,1.062610408E1
1.317794837E1,5.033362171E0,8.745683960E0,2.259316181E0,1.034051412E1
1.318791538E1,4.782359329E0,8.462293391E0,1.857324783E0,9.896010587E0
1.319788238E1,4.433327333E0,8.162681476E0,1.556594296E0,9.418425873E0
1.320784938E1,3.866363177E0,7.789582340E0,1.318873550E0,8.795782210E0
1.321781538E1,2.843698315E0,6.898606423E0,-2.399149127E-1,7.465584361E0
1.322778238E1,9.376840603E-1,4.573374580E0,-5.393035516E0,7.133010480E0
1.323774937E1,-1.751713835E0,9.635685146E-1,-1.034321695E1,1.053466196E1
1.324771638E1,-5.780186681E0,-6.140549412E0,-1.289473370E1,1.540750020E1
1.325768238E1,-6.851287830E0,-1.235897438E1,-7.342824658E0,1.592486944E1
1.326764938E1,-6.153668225E0,-1.512118151E1,8.865662393E-1,1.634942698E1
1.327761638E1,-7.417469628E0,-1.769132983E1,3.316948561E0,1.946802904E1
1.328758338E1,-8.728843979E0,-2.217636760E1,2.021885604E0,2.391802706E1
1.329754938E1,-8.128851825E0,-2.513935058E1,-1.591202796E0,2.646879494E1
1.330751638E1,-4.264528157E0,-2.443975929E1,-6.360964884E0,2.561151906E1
1.331748338E1,3.670741653E-1,-1.883933473E1,-8.683747913E0,2.074759635E1
1.332745038E1,-8.588369885E-1,-1.158202209E1,-7.668840845E0,1.391732577E1
1.333741637E1,-4.259679938E0,-6.741170726E0,-4.428281186E0,9.121289941E0
1.334738338E1,-4.965267252E0,-4.766008760E0,-1.776726762E0,7.108127487E0
1.335735038E1,-4.497322477E0,-3.345471572E0,3.343247876E-1,5.615145818E0
1.336731738E1,-3.368208762E0,-2.610319274E0,1.027711301E0,4.383467520E0
1.337728338E1,-2.466873918E0,-2.601505181E0,3.977895892E-1,3.607150218E0
1.338725038E1,-1.758067420E0,-2.935780560E0,-4.830183122E-1,3.455852317E0
1.339721738E1,-1.206265094E0,-3.429934017E0,-1.203228050E0,3.829788582E0
1.340718438E1,-5.786284742E-1,-3.847859663E0,-1.283808821E0,4.097438222E0
1.341715038E1,-1.710214099E-1,-4.219100554E0,-8.022672236E-1,4.298103129E0
1.342711738E1,2.169705847E-1,-4.236563848E0,-1.029080719E-2,4.242128637E0
1.343708438E1,7.092424080E-1,-3.732757223E0,6.429250422E-1,3.853550815E0
1.344705137E1,1.199988985E0,-2.887114184E0,7.428910875E-1,3.213609971E0
1.345701738E1,1.591229693E0,-1.654199528E0,6.126674554E-1,2.375657682E0
1.346698438E1,1.992494282E0,-8.885078073E-2,5.400473759E-1,2.066295984E0
1.347695138E1,2.537914957E0,1.673056213E0,3.679898393E-1,3.061951329E0
1.348691838E1,2.956896610E0,3.359597275E0,-2.814469546E-2,4.475591976E0
1.349688538E1,3.210483336E0,4.907144174E0,-2.052018937E-1,5.867654984E0
1.350685138E1,3.312283653E0,6.238911273E0,-8.984831572E-2,7.064227459E0
1.351681838E1,3.175989149E0,7.297404072E0,2.102644131E-2,7.958608884E0
1.352678538E1,2.741509451E0,7.916100883E0,1.043260217E-2,8.377388382E0
1.353675238E1,2.135785272E0,7.956469476E0,2.355974749E-2,8.238175787E0
1.354671838E1,1.742346303E0,7.672852035E0,2.388996899E-1,7.871816947E0
1.355668538E1,1.422941856E0,7.234768113E0,4.259499259E-1,7.385666288E0
1.356665238E1,7.890761974E-1,6.478997363E0,4.858781853E-1,6.544931298E0
1.357661938E1,-2.057047543E-1,5.245394490E0,5.180190141E-1,5.274923838E0
1.358658538E1,-1.148027703E0,3.775208008E0,4.858230753E-1,3.975699583E0
1.359655238E1,-1.550512022E0,2.173034667E0,5.153246172E-1,2.718773005E0
1.360651937E1,-1.365140375E0,6.357350135E-1,5.347011204E-1,1.598021445E0
1.361648638E1,-9.959199893E-1,-5.637183666E-1,5.395132327E-1,1.265191507E0
1.362645238E1,-4.874086940E-1,-1.253906745E0,4.764534970E-1,1.427185095E0
1.363641938E1,2.263018638E-1,-1.410734916E0,2.226282044E-1,1.446011361E0
1.364638638E1,1.043013757E0,-9.153547132E-1,-1.428930867E-1,1.395052107E0
1.365635338E1,2.084833804E0,3.351857901E-2,-5.474408877E-1,2.155770630E0
1.366631938E1,2.741603006E0,9.122188514E-1,-8.115632732E-1,3.001193966E0
1.367628638E1,3.054458572E0,1.689410291E0,-8.442079858E-1,3.591171316E0
1.368625338E1,3.054762335E0,2.364239788E0,-8.457598369E-1,3.954303023E0
1.369622038E1,2.733045022E0,2.937819484E0,-6.446312597E-1,4.063971933E0
1.370618637E1,2.202439437E0,3.302379346E0,-1.866745524E-1,3.973826394E0
1.371615338E1,1.537573595E0,3.498023674E0,3.110973081E-1,3.833677571E0
1.372612038E1,9.931966487E-1,3.699102988E0,5.527877279E-1,3.869803196E0
1.373608738E1,8.631244594E-1,3.793447813E0,4.870590305E-1,3.920772455E0
1.374605338E1,9.840358159E-1,3.489058723E0,-3.185013449E-1,3.639134563E0
1.375602038E1,1.200697375E0,2.600585414E0,-1.231462208E0,3.117886761E0
1.376598738E1,1.073471611E0,1.345651898E0,-1.697453428E0,2.417533551E0
1.377595438E1,5.074058792E-1,6.397321701E-2,-1.751585781E0,1.824720814E0
1.378592138E1,-2.085614115E-1,-1.444423649E0,-1.823129681E0,2.335307126E0
1.379588738E1,-8.243290606E-1,-3.193236389E0,-2.077714527E0,3.897842312E0
1.380585438E1,-1.244499452E0,-4.824447003E0,-1.833959309E0,5.309187746E0
1.381582137E1,-1.896621580E0,-6.421038008E0,-1.675340720E0,6.901714935E0
1.382578838E1,-3.230121502E0,-7.903342844E0,-1.563869109E0,8.679988457E0
1.383575438E1,-4.595372390E0,-9.549251604E0,-1.580812293E0,1.071469183E1
1.384572138E1,-4.991322445E0,-1.224855790E1,-2.242914741E0,1.341533216E1
1.385568838E1,-5.132110534E0,-1.566648817E1,-3.183484695E0,1.679023481E1
1.386565538E1,-5.742175686E0,-1.938994247E1,-4.839297177E0,2.079329814E1
1.387562138E1,-6.388601164E0,-2.199716915E1,-6.098371106E0,2.370400400E1
1.388558838E1,-5.829033151E0,-2.160587816E1,-4.958249424E0,2.292107842E1
1.389555538E1,-4.053174408E0,-1.814082752E1,-2.494399101E0,1.875472934E1
1.390552238E1,-2.393712971E0,-1.395560105E1,-5.343749920E-1,1.416948197E1
1.391548838E1,-2.162815196E0,-1.057270847E1,4.651270017E-1,1.080167937E1
1.392545538E1,-2.831487575E0,-7.568076362E0,3.116158099E-1,8.086421095E0
1.393542304E1,-3.289498223E0,-4.677029926E0,1.508895926E-1,5.719980345E0
1.394539004E1,-3.420022109E0,-1.957761236E0,1.335737944E-1,3.942996607E0
1.395535604E1,-3.798220310E0,5.950413162E-1,-1.780278361E-1,3.848668030E0
1.396532304E1,-3.861912276E0,2.640156446E0,-3.515499540E-1,4.691308971E0
1.397529004E1,-2.912133250E0,4.394750327E0,2.803060167E-1,5.279481222E0
1.398525704E1,-1.883603924E0,5.795709869E0,9.767329359E-1,6.171889812E0
1.399522304E1,-1.383081679E0,6.244312347E0,9.436609380E-1,6.464893470E0
1.400519004E1,-6.183869094E-2,6.242326632E0,6.451463994E-1,6.275880789E0
1.401515704E1,1.200179897E0,6.468139669E0,7.806911440E-1,6.624706878E0
1.402512404E1,2.309163110E0,7.514432836E0,1.672778471E0,8.037233537E0
1.403509104E1,3.405520722E0,8.790167238E0,2.282089916E0,9.699100259E0
1.404505704E1,4.322986280E0,9.457746772E0,2.249366559E0,1.063940009E1
1.405502404E1,4.976396257E0,9.815271850E0,2.095730821E0,1.120250726E1
1.406499104E1,5.503376568E0,1.028986462E1,2.096833899E0,1.185601872E1
1.407495804E1,5.932490861E0,1.074671693E1,2.112618896E0,1.245590347E1
1.408492404E1,6.361262507E0,1.101982400E1,1.977770262E0,1.287686907E1
1.409489104E1,6.587783641E0,1.101940768E1,1.584349859E0,1.293585727E1
1.410485804E1,6.461763280E0,1.093520544E1,9.317163920E-1,1.273582341E1
1.411482504E1,6.268850772E0,1.082271319E1,2.987892115E-1,1.251075081E1
1.412479104E1,6.179570221E0,1.062099712E1,1.918447336E-1,1.228940488E1
1.413475804E1,6.085541731E0,1.040408413E1,4.385409547E-1,1.206114020E1
1.414472504E1,6.104184408E0,1.021936591E1,7.641318293E-1,1.192813499E1
1.415469204E1,6.344486260E0,9.951605530E0,1.121263316E0,1.185513349E1
1.416465804E1,6.497662261E0,9.729182709E0,1.474162588E0,1.179193650E1
1.417462504E1,6.479429473E0,9.501131943E0,1.818833731E0,1.164313835E1
1.418459204E1,6.412119250E0,9.239105930E0,2.315223895E0,1.148201260E1
1.419455904E1,6.314306442E0,9.004079436E0,2.881565176E0,1.136869958E1
1.420452504E1,6.165361487E0,8.755079266E0,3.205976887E0,1.117771815E1
1.421449204E1,6.140862823E0,8.549454911E0,3.099617203E0,1.097319472E1
1.422445904E1,6.165994740E0,8.399331742E0,2.579770496E0,1.073422008E1
1.423442604E1,6.107589827E0,8.207830167E0,2.069681476E0,1.043813733E1
1.424439204E1,5.860617471E0,8.001629276E0,1.751717197E0,1.007181321E1
1.425435904E1,5.511470869E0,7.857626973E0,1.527186455E0,9.718585867E0
1.426432604E1,5.120345936E0,7.649805819E0,1.250559068E0,9.289853042E0
1.427429304E1,4.558213334E0,6.549500166E0,-1.369900886E0,8.096288635E0
1.428425904E1,3.256355912E0,4.114397972E0,-5.811181601E0,7.829556571E0
1.429422604E1,1.333026297E0,1.487353907E0,-6.131823027E0,6.448909550E0
1.430419304E1,-4.292100410E0,-6.927613290E0,-9.894003439E0,1.281816117E1
1.431416004E1,-9.370665944E0,-1.464779327E1,-7.987997078E0,1.913570812E1
1.432412704E1,-1.002808711E1,-1.854863573E1,-4.394326989E0,2.153890731E1
1.433409304E1,-1.082946439E1,-2.041775668E1,-2.092050438E0,2.320643794E1
1.434406004E1,-1.313659208E1,-2.205655815E1,4.263646397E0,2.602384464E1
1.435402704E1,-1.590038381E1,-2.796565372E1,2.495325007E0,3.226649408E1
1.436399404E1,-8.920791696E0,-2.785461041E1,-6.235227528E0,2.990548291E1
1.437396004E1,-7.711901495E-1,-1.654030426E1,-1.087849914E1,1.981207063E1
1.438392704E1,-2.073811510E0,-7.460374158E0,-5.277962312E0,9.370953149E0
1.439389404E1,-5.953672984E-1,-4.027414792E0,-1.205995537E0,4.246051973E0
1.440386104E1,1.342594973E0,-3.642004343E0,-1.355580178E0,4.111490546E0
1.441382704E1,1.159958654E0,-4.610702620E0,-2.834029944E0,5.534962371E0
1.442379404E1,7.734328490E-1,-5.783689747E0,-2.258458979E0,6.256988287E0
1.443376104E1,4.768880913E-1,-6.041180075E0,-5.750865233E-1,6.087199969E0
1.444372804E1,-7.037322843E-1,-6.109642784E0,4.428608045E-1,6.165963004E0
1.445369404E1,-1.380676135E0,-5.779839356E0,7.163520375E-1,5.985479915E0
1.446366104E1,-1.058321182E0,-5.026720319E0,7.232333332E-1,5.187583960E0
1.447362804E1,-1.998815122E-1,-4.185673776E0,5.527182922E-1,4.226738115E0
1.448359504E1,8.166999060E-1,-3.138525746E0,2.853438315E-1,3.255574250E0
1.449356204E1,1.662491464E0,-2.030424001E0,7.672795317E-1,2.734084375E0
1.450352804E1,2.160599101E0,-8.867963272E-1,1.494968151E0,2.772999454E0
1.451349504E1,2.291642513E0,3.565912771E-1,1.223109753E0,2.621980208E0
1.452346204E1,2.349313893E0,1.761452665E0,6.722882974E-1,3.012301913E0
1.453342904E1,2.371121961E0,3.141881463E0,-3.359020740E-2,3.936339262E0
1.454339504E1,2.560264477E0,4.560075088E0,-6.050850785E-1,5.264538626E0
1.455336204E1,2.451555382E0,5.811532434E0,-8.551083653E-1,6.365158548E0
1.456332904E1,1.789664604E0,6.588974134E0,-7.710887003E-1,6.871103064E0
1.457329604E1,9.563767317E-1,6.950737274E0,-5.761447231E-1,7.039840044E0
1.458326204E1,8.336053759E-2,7.071396908E0,-1.297367053E-1,7.073078171E0
1.459322904E1,-6.922004056E-1,6.941313901E0,4.565763259E-1,6.990668209E0
1.460319604E1,-1.375631450E0,6.740719905E0,8.758250503E-1,6.935181054E0
1.461316304E1,-1.899962972E0,6.471732198E0,1.062214551E0,6.827992142E0
1.462312904E1,-2.070754001E0,5.914606567E0,9.485424860E-1,6.338006455E0
1.463309604E1,-2.132343308E0,4.931635821E0,6.020841412E-1,5.406516917E0
1.464306304E1,-1.851969610E0,3.705660056E0,3.328644454E-1,4.156020528E0
1.465303004E1,-1.187719188E0,2.656744412E0,1.091020274E-1,2.912193502E0
1.466299604E1,-5.419810501E-1,1.803391235E0,-1.112271979E-2,1.883105711E0
1.467296304E1,8.047932208E-2,1.112415821E0,-2.649007961E-2,1.115637757E0
1.468293004E1,7.187955889E-1,4.958503193E-1,-1.394362128E-1,8.842946880E-1
1.469289704E1,1.343947434E0,9.867585719E-2,-2.302013719E-1,1.367086063E0
1.470286404E1,2.156222752E0,9.049150944E-2,-3.281223536E-1,2.182922250E0
1.471283004E1,3.008842689E0,3.295496589E-1,-5.905826680E-1,3.083913940E0
1.472279704E1,3.797272184E0,8.254479253E-1,-6.719645078E-1,3.943624807E0
1.473276404E1,4.259667367E0,1.267102157E0,-7.785683124E-1,4.511815884E0
1.474273104E1,4.091057349E0,1.556997753E0,-9.138031545E-1,4.471691899E0
1.475269704E1,3.423927757E0,1.840091869E0,-5.552188540E-1,3.926510836E0
1.476266404E1,2.477880717E0,2.109832113E0,2.294510280E-1,3.262503972E0
1.477263104E1,1.684618790E0,2.502462704E0,9.006337631E-1,3.148237797E0
1.478259804E1,1.229789027E0,2.748542774E0,9.349379155E-1,3.152931547E0
1.479256404E1,1.084013848E0,2.672390977E0,4.012245360E-1,2.911656003E0
1.480253104E1,9.797667637E-1,2.459768089E0,-4.942300558E-2,2.648177599E0
1.481249804E1,7.787242869E-1,2.118263798E0,-2.361880437E-1,2.269193210E0
1.482246504E1,6.300863108E-1,1.796544730E0,-5.308932674E-1,1.976468919E0
1.483243104E1,5.216739625E-1,1.135091908E0,-1.121430473E0,1.678744671E0
1.484239804E1,3.321601483E-1,8.125875592E-2,-1.387753605E0,1.429263243E0
1.485236504E1,1.107635137E-1,-1.184927727E0,-1.407272195E0,1.843023957E0
1.486233204E1,-2.876590365E-1,-2.751719567E0,-1.562612250E0,3.177493562E0
1.487229804E1,-9.889667729E-1,-4.611228284E0,-2.155384262E0,5.185283298E0
1.488226504E1,-2.163828810E0,-6.367759933E0,-2.341258769E0,7.121236852E0
1.489223204E1,-3.632542378E0,-7.978006525E0,-2.404965645E0,9.089984158E0
1.490219904E1,-4.737175263E0,-9.670586007E0,-2.533559366E0,1.106254881E1
1.491216504E1,-5.280352653E0,-1.122158218E1,-2.438454988E0,1.263930747E1
1.492213204E1,-5.862046530E0,-1.307795503E1,-2.404032137E0,1.453189141E1
1.493209904E1,-6.712375528E0,-1.565420083E1,-3.514839389E0,1.739149461E1
1.494206529E1,-7.121203490E0,-1.760799765E1,-4.861537938E0,1.960580709E1
1.495203229E1,-6.439615781E0,-1.812283213E1,-5.457112813E0,1.999214286E1
1.496199829E1,-5.287459359E0,-1.702050802E1,-4.856331578E0,1.847265211E1
1.497196529E1,-3.566797455E0,-1.445223782E1,-2.873671727E0,1.516071276E1
1.498193229E1,-2.298176191E0,-1.167993957E1,-6.874808255E-1,1.192372559E1
1.499189929E1,-1.918023851E0,-9.225172015E0,1.284665439E-1,9.423328385E0
1.500186529E1,-1.893344508E0,-6.726422879E0,-1.262533727E-1,6.988952574E0
1.501183229E1,-2.121440005E0,-4.020684646E0,-1.400282434E-1,4.548188720E0
1.502179929E1,-2.755420562E0,-1.707689272E0,2.155786550E-1,3.248848916E0
1.503176629E1,-3.211711251E0,2.475471371E-1,6.549502797E-1,3.287145968E0
1.504173229E1,-2.864701514E0,1.859106429E0,9.021261187E-1,3.532226354E0
1.505169929E1,-2.317300680E0,3.287439126E0,1.551938889E0,4.311108066E0
1.506166629E1,-2.039756742E0,4.693462940E0,1.068735366E0,5.227943881E0
1.507163329E1,-1.306676697E0,5.131248069E0,3.073109436E-1,5.303918434E0
1.508160029E1,5.163880795E-1,5.046048290E0,5.209414525E-1,5.099082270E0
1.509156629E1,2.093532122E0,5.494478275E0,1.156199333E0,5.992408961E0
1.510153329E1,3.289825959E0,6.604349388E0,1.679356588E0,7.567075011E0
1.511150029E1,4.373470556E0,7.775325074E0,1.955621302E0,9.132764060E0
1.512146729E1,5.297553408E0,8.670808024E0,2.031356632E0,1.036211338E1
1.513143329E1,5.974127129E0,9.350530472E0,2.115323818E0,1.129589350E1
1.514140029E1,6.461265097E0,9.881452975E0,2.024634672E0,1.197873971E1
1.515136729E1,6.769441429E0,1.019580864E1,1.677555646E0,1.235289618E1
1.516133429E1,7.047584122E0,1.045038706E1,1.245073357E0,1.266606645E1
1.517130029E1,7.302699895E0,1.060637206E1,8.283316990E-1,1.290390202E1
1.518126729E1,7.339268382E0,1.065777026E1,3.772400614E-1,1.294585792E1
1.519123429E1,7.057150167E0,1.062687240E1,-1.949894392E-1,1.275820545E1
1.520120129E1,6.842428713E0,1.056300560E1,-7.077048826E-1,1.260542598E1
1.521116729E1,6.580656470E0,1.044917552E1,-9.378630582E-1,1.238426000E1
1.522113429E1,6.437333613E0,1.020838016E1,-7.214037395E-1,1.209010806E1
1.523110129E1,6.694150926E0,9.892565024E0,1.206759330E-2,1.194464922E1
1.524106829E1,6.794698477E0,9.607376436E0,5.818154260E-1,1.178168573E1
1.525103429E1,6.710242463E0,9.381587958E0,1.058405675E0,1.158282216E1
1.526100129E1,6.558740521E0,9.107431312E0,1.587512033E0,1.133501552E1
1.527096829E1,6.427935383E0,8.803414689E0,2.028966290E0,1.108761325E1
1.528093529E1,6.221217599E0,8.511681313E0,2.338135625E0,1.079903447E1
1.529090229E1,5.995250781E0,8.313655999E0,2.707868958E0,1.060153113E1
1.530086829E1,5.810253648E0,8.181456885E0,3.029267013E0,1.048197228E1
1.531083529E1,5.474880162E0,8.107792493E0,3.063736349E0,1.025168729E1
1.532080229E1,5.031582279E0,7.993348449E0,2.735907526E0,9.833393598E0
1.533076929E1,4.680808396E0,7.924097536E0,2.334927550E0,9.494902615E0
1.534073529E1,4.302261994E0,7.829508882E0,2.131125333E0,9.184354239E0
1.535070229E1,3.816430294E0,7.552284202E0,1.654051008E0,8.621949988E0
1.536066929E1,2.677703757E0,5.945863443E0,-2.208535744E0,6.884839840E0
1.537063629E1,5.688960761E-1,2.729643989E0,-6.923587482E0,7.463957574E0
1.538060229E1,-2.166440469E0,-1.619496887E0,-8.411618496E0,8.835811236E0
1.539056929E1,-7.003666270E0,-1.023018326E1,-1.379394191E1,1.854672004E1
1.540053629E1,-9.710089796E0,-1.762746069E1,-1.113062289E1,2.299791252E1
1.541050329E1,-9.434233364E0,-1.969419181E1,-4.766078635E0,2.235131888E1
1.542046929E1,-1.161123946E1,-2.015332220E1,6.433086196E-1,2.326781304E1
1.543043629E1,-1.230708619E1,-2.151488379E1,5.725773661E0,2.543892841E1
1.544040329E1,-1.016930322E1,-2.329635264E1,2.005174262E0,2.549814695E1
1.545037029E1,-5.844313679E0,-2.104366603E1,-4.571532122E0,2.231346653E1
1.546033729E1,-2.757866744E0,-1.266281909E1,-7.906394506E0,1.518103720E1
1.547030329E1,-2.907697845E0,-5.468699071E0,-6.482872313E0,8.965991842E0
1.548027029E1,-1.753382338E0,-2.559202915E0,-4.402798143E0,5.385954017E0
1.549023729E1,-6.534169936E-1,-2.438027557E0,-2.970765328E0,3.898253297E0
1.550020429E1,-2.577341563E-1,-4.188866356E0,-3.057865160E0,5.192645528E0
1.551017029E1,5.862009108E-2,-6.375629116E0,-3.588663118E0,7.316459930E0
1.552013729E1,-6.367647082E-2,-7.457129538E0,-3.041880627E0,8.053935273E0
1.553010429E1,-9.779205054E-2,-7.335620304E0,-1.689514664E0,7.528303150E0
1.554007129E1,-2.145352194E-1,-6.662832654E0,-5.833109245E-1,6.691757316E0
1.555003729E1,-4.944294459E-1,-6.007130569E0,-7.172223955E-2,6.027870455E0
1.556000429E1,-5.656713367E-1,-5.301038933E0,-1.520825708E-1,5.333303567E0
1.556997129E1,-3.364300776E-1,-4.175739942E0,-3.028828472E-2,4.189380221E0
1.557993829E1,-3.161782461E-1,-2.846054451E0,2.028706089E-1,2.870740515E0
1.558990429E1,-1.045201492E-1,-1.554326745E0,4.243476427E-1,1.614598097E0
1.559987129E1,4.266271797E-1,-3.373796654E-1,6.782793546E-1,8.694243336E-1
1.560983829E1,1.132035276E0,8.666953540E-1,8.560651159E-1,1.662982918E0
1.561980529E1,1.809975200E0,2.101402767E0,9.471656129E-1,2.930704098E0
1.562977229E1,2.274519819E0,3.361878274E0,8.776869500E-1,4.152830398E0
1.563973829E1,2.647669533E0,4.516080052E0,6.225238144E-1,5.271875273E0
1.564970529E1,3.003455064E0,5.542141269E0,3.250359008E-1,6.312029824E0
1.565967229E1,3.161093075E0,6.309746198E0,2.537422621E-1,7.061854689E0
1.566963929E1,2.920091018E0,6.809537541E0,2.247671159E-1,7.412641454E0
1.567960529E1,2.453721776E0,7.098527403E0,7.840063691E-2,7.511057749E0
1.568957229E1,1.881902969E0,7.193678559E0,-8.752243951E-2,7.436277978E0
1.569953929E1,1.077567877E0,6.974620811E0,-1.347925003E-1,7.058658300E0
1.570950629E1,1.334691292E-1,6.386434770E0,-1.615973063E-1,6.389872986E0
1.571947229E1,-7.161839300E-1,5.594028876E0,-1.993290965E-1,5.643209244E0
1.572943929E1,-1.118234970E0,4.444968554E0,-1.443031427E-1,4.585740757E0
1.573940629E1,-8.972806773E-1,3.216189049E0,1.036630936E-1,3.340618303E0
1.574937329E1,-4.414533797E-1,2.122760307E0,3.732488251E-1,2.200069792E0
1.575933929E1,-1.197334349E-2,1.197749501E0,5.376443164E-1,1.312938932E0
1.576930629E1,2.426176420E-1,5.005444640E-1,5.794558552E-1,8.032292131E-1
1.577927329E1,5.708893919E-1,1.299303943E-1,2.960481830E-1,6.560801261E-1
1.578924029E1,1.133084851E0,1.205380118E-1,-1.807511768E-1,1.153725132E0
1.579920729E1,1.780390920E0,3.918891639E-1,-6.382496086E-1,1.931510162E0
1.580917329E1,2.319916724E0,8.159117013E-1,-7.846881545E-1,2.581368050E0
1.581914029E1,2.466935021E0,1.435126576E0,-3.399258354E-1,2.874179233E0
1.582910729E1,2.335170648E0,2.106710284E0,3.904818852E-1,3.169183851E0
1.583907429E1,2.047318653E0,2.553588418E0,8.252365485E-1,3.375402619E0
1.584904029E1,1.748827942E0,2.788238352E0,8.014076829E-1,3.387466096E0
1.585900729E1,1.470061936E0,2.833951299E0,5.927506694E-1,3.247108778E0
1.586897429E1,1.265954056E0,2.639894491E0,4.169810280E-1,2.957288585E0
1.587894129E1,1.126986790E0,2.105520376E0,2.167872745E-1,2.397980817E0
1.588890729E1,9.044999421E-1,1.083051104E0,-3.192202601E-1,1.446727830E0
1.589887429E1,5.427493742E-1,-2.894208026E-1,-7.629596087E-1,9.800248205E-1
1.590884129E1,3.588854322E-1,-1.836116347E0,-8.114798042E-1,2.039269836E0
1.591880829E1,2.039400646E-1,-3.379272571E0,-7.628476346E-1,3.470304190E0
1.592877529E1,1.106129479E-1,-4.671801930E0,-1.097894261E0,4.800347936E0
1.593874179E1,3.125190586E-2,-5.691787305E0,-1.629358509E0,5.920492256E0
1.594870879E1,-2.770942873E-1,-6.001295632E0,-1.660765074E0,6.233014611E0
1.595867579E1,-7.669421473E-1,-5.589469217E0,-1.638039285E0,5.874822473E0
1.596864279E1,-1.420809377E0,-4.743097031E0,-1.419614790E0,5.150822738E0
1.597860879E1,-2.036117435E0,-4.178013339E0,-1.520642982E0,4.890186576E0
1.598857579E1,-2.871587780E0,-4.087403716E0,-1.444858975E0,5.200048362E0
1.599854279E1,-3.628294084E0,-4.848965548E0,-1.107728985E0,6.156626377E0
1.600850979E1,-4.500962369E0,-6.618925327E0,-1.283033188E0,8.106479439E0
1.601847579E1,-5.529131799E0,-9.380059496E0,-2.167370469E0,1.110199574E1
1.602844279E1,-6.831677438E0,-1.241692730E1,-3.079658902E0,1.450297208E1
1.603840979E1,-7.854261900E0,-1.428011684E1,-2.970891043E0,1.656615105E1
1.604837679E1,-7.888535939E0,-1.471790022E1,-2.331480470E0,1.686064611E1
1.605834279E1,-6.966766831E0,-1.411120014E1,-2.693765766E0,1.596615744E1
1.606830979E1,-5.996495068E0,-1.303323319E1,-3.522644837E0,1.477268246E1
1.607827679E1,-4.820130881E0,-1.141211136E1,-3.244645693E0,1.280615762E1
1.608824379E1,-3.732226588E0,-9.614023551E0,-1.916388970E0,1.048959059E1
1.609821079E1,-2.895187727E0,-7.811732762E0,-6.423854904E-1,8.355713006E0
1.610817679E1,-2.293353116E0,-5.593196817E0,-1.256566644E-2,6.045120102E0
1.611814379E1,-2.150819048E0,-2.871871662E0,4.431838632E-2,3.588263304E0
1.612811079E1,-1.732572682E0,-1.545068264E-1,-4.281329839E-1,1.791362139E0
1.613807779E1,-8.400440374E-1,2.104633353E0,-3.894630079E-1,2.299312282E0
1.614804379E1,-2.853800842E-1,3.676099457E0,7.009419930E-1,3.753194465E0
1.615801079E1,-2.196135262E-1,4.725236126E0,1.363101890E0,4.922817618E0
1.616797779E1,9.615325141E-1,5.437478448E0,1.564133842E0,5.739096734E0
1.617794479E1,2.154803048E0,5.728918878E0,2.257939746E0,6.523954291E0
1.618791079E1,3.252965112E0,6.251280473E0,3.096481926E0,7.697304067E0
1.619787779E1,4.244558161E0,7.175498396E0,3.608796543E0,9.084462764E0
1.620784479E1,4.895490673E0,8.262656000E0,3.551852556E0,1.023977391E1
1.621781179E1,5.173494202E0,9.109177875E0,2.939516931E0,1.088039170E1
1.622777779E1,5.441194938E0,9.670427547E0,2.116538869E0,1.129617228E1
1.623774479E1,5.674122866E0,1.015166684E1,1.203978029E0,1.169194480E1
1.624771179E1,5.918818316E0,1.062120060E1,2.072020070E-1,1.216080775E1
1.625767879E1,6.247865115E0,1.121009825E1,-1.117930257E0,1.288223153E1
1.626764579E1,6.448036357E0,1.163537794E1,-1.947974167E0,1.344447083E1
1.627761179E1,6.483615494E0,1.167126464E1,-1.509490296E0,1.343630340E1
1.628757879E1,6.437534757E0,1.148860113E1,-7.502854764E-1,1.319063069E1
1.629754579E1,6.227153692E0,1.116344331E1,-1.519545168E-4,1.278279741E1
1.630751279E1,6.140403816E0,1.072511966E1,4.222672033E-1,1.236572118E1
1.631747879E1,6.223623143E0,1.027960275E1,8.619531159E-1,1.204768363E1
1.632744579E1,6.182862203E0,1.011310329E1,1.507188832E0,1.194881841E1
1.633741279E1,6.150518914E0,9.839303906E0,2.072076641E0,1.178703889E1
1.634737979E1,5.982143662E0,9.311926569E0,2.409643418E0,1.132715324E1
1.635734579E1,5.831321166E0,8.763150178E0,2.432166892E0,1.080335797E1
1.636731279E1,5.828940765E0,8.368967736E0,2.268284640E0,1.044802788E1
1.637727979E1,5.965429981E0,8.129176930E0,2.039651638E0,1.028737339E1
1.638724679E1,6.253739228E0,8.024158598E0,1.960610146E0,1.036051966E1
1.639721379E1,6.471145722E0,7.888825961E0,2.175363028E0,1.043271328E1
1.640717979E1,6.498797790E0,7.665196860E0,2.313568110E0,1.031223608E1
1.641714679E1,6.274319673E0,7.397427127E0,2.261256287E0,9.960034912E0
1.642711379E1,5.885497373E0,7.154351941E0,2.079286258E0,9.494591216E0
1.643708079E1,5.494850158E0,6.917528012E0,1.879015321E0,9.031958295E0
1.644704679E1,5.018788571E0,6.349734721E0,9.477145202E-1,8.148958986E0
1.645701379E1,4.209299451E0,4.238596340E0,-2.626218438E0,6.525406048E0
1.646698079E1,2.297763963E0,-8.756263912E-2,-7.464042116E0,7.810205577E0
1.647694779E1,-2.162957575E0,-6.286994097E0,-9.703330414E0,1.176262307E1
1.648691379E1,-5.792662300E0,-8.702240902E0,-3.443900384E0,1.100656091E1
1.649688079E1,-7.277139376E0,-9.779401520E0,2.749526276E0,1.249613326E1
1.650684779E1,-1.057918719E1,-1.586363406E1,7.357814580E-2,1.906776077E1
1.651681479E1,-1.608901850E1,-2.454808013E1,-8.881613597E-1,2.936415476E1
1.652678179E1,-2.192566940E1,-3.235561225E1,-3.589757717E-1,3.908643609E1
1.653674779E1,-1.635426457E1,-3.135390703E1,-7.146919545E0,3.607780363E1
1.654671479E1,-2.848429882E0,-1.836290828E1,-1.200462960E1,2.212286340E1
1.655668179E1,-1.452325577E-1,-8.564627266E0,-5.895836420E0,1.039878934E1
1.656664879E1,-5.790842646E-1,-4.069568539E0,4.024100590E-1,4.130213134E0
1.657661479E1,-1.495660169E0,-3.235384873E0,1.430341507E0,3.840649873E0
1.658658179E1,-1.736126620E0,-3.793206323E0,-7.277219483E-1,4.234634469E0
1.659654879E1,-1.004786707E0,-4.740763407E0,-3.959723038E0,6.258101992E0
1.660651579E1,-1.168127507E0,-5.468305553E0,-4.823743291E0,7.384807840E0
1.661648179E1,-1.100205373E0,-5.372414140E0,-3.093365653E0,6.296204938E0
1.662644879E1,-1.285268286E0,-5.228768517E0,-8.188206911E-1,5.446320051E0
1.663641579E1,-1.327870515E0,-4.890462068E0,4.815570930E-1,5.090359179E0
1.664638279E1,-7.845524991E-1,-4.131458393E0,6.846039954E-1,4.260651793E0
1.665634979E1,-2.000148287E-1,-3.163983353E0,5.301497939E-1,3.214320363E0
1.666631579E1,3.884422302E-1,-2.043839267E0,3.064739147E-1,2.102877214E0
1.667628279E1,1.044993916E0,-9.536118758E-1,5.777247870E-1,1.528121011E0
1.668624979E1,1.837817009E0,1.910805756E-1,9.670572558E-1,2.085493439E0
1.669621679E1,2.630203900E0,1.266929664E0,7.680063406E-1,3.018760850E0
1.670618279E1,3.323341322E0,2.167997290E0,3.952638844E-1,3.987611232E0
1.671614979E1,3.783304063E0,3.042435527E0,1.773977986E-1,4.858114197E0
1.672611679E1,4.123722526E0,4.008911278E0,2.703543480E-1,5.757564466E0
1.673608379E1,4.123953199E0,4.955631040E0,2.937991977E-1,6.453804069E0
1.674604979E1,3.736007982E0,5.679435647E0,1.787846120E-1,6.800419755E0
1.675601679E1,3.286074093E0,6.108509594E0,1.696628094E-2,6.936314602E0
1.676598379E1,2.804789188E0,6.248728749E0,-2.192319953E-1,6.852847294E0
1.677595079E1,2.007383047E0,6.053768545E0,-5.365944488E-1,6.400440133E0
1.678591679E1,1.104477933E0,5.509393938E0,-9.188605575E-1,5.693645387E0
1.679588379E1,2.015313041E-1,4.604685250E0,-1.157142781E0,4.752128001E0
1.680585079E1,-6.578442129E-1,3.551946112E0,-9.116708212E-1,3.725617248E0
1.681581779E1,-1.347482953E0,2.665721642E0,-3.987887321E-1,3.013439005E0
1.682578479E1,-1.853348968E0,2.031139700E0,2.059025364E-1,2.757322385E0
1.683575079E1,-2.033830588E0,1.479086528E0,5.714530635E-1,2.578899460E0
1.684571779E1,-1.935370786E0,9.881847078E-1,4.020717975E-1,2.209939100E0
1.685568479E1,-1.558895467E0,5.387402308E-1,8.352864504E-2,1.651476051E0
1.686565179E1,-7.289334914E-1,4.021849412E-1,-2.961819381E-2,8.330510184E-1
1.687561779E1,2.135607809E-1,5.697141016E-1,1.027040040E-1,6.170336110E-1
1.688558479E1,1.171406918E0,7.130562544E-1,-1.184761374E-1,1.376473750E0
1.689555179E1,2.103427657E0,7.823480988E-1,-6.608615224E-1,2.339490203E0
1.690551879E1,2.796076545E0,7.832573408E-1,-9.597350800E-1,3.058206587E0
1.691548479E1,2.998143454E0,6.622679240E-1,-1.174173528E0,3.287270364E0
1.692545179E1,2.454141606E0,2.557852793E-1,-9.932348017E-1,2.659840691E0
1.693541879E1,1.611596130E0,-2.864229351E-1,-4.156516635E-1,1.688800310E0
1.694538613E1,9.566214377E-1,-7.892963451E-1,2.585802484E-1,1.266876884E0
1.695535312E1,4.903106672E-1,-1.186138685E0,6.264116281E-1,1.428188034E0
1.696531913E1,3.006600282E-1,-1.316275486E0,6.048275086E-1,1.479457307E0
1.697528613E1,4.536664590E-1,-9.059687626E-1,5.342407984E-1,1.145428254E0
1.698525313E1,8.239758888E-1,-1.730869389E-1,5.539555630E-1,1.007850247E0
1.699522013E1,1.126147130E0,6.052201492E-1,4.172459069E-1,1.344839371E0
1.700518612E1,1.390559099E0,1.302226381E0,1.021026179E-1,1.907845146E0
1.701515313E1,1.456351385E0,1.878696356E0,-2.047844025E-1,2.385874264E0
1.702512013E1,1.134350773E0,2.246961014E0,-2.714072853E-1,2.531649145E0
1.703508713E1,4.533700052E-1,2.224946247E0,-4.994165361E-2,2.271216488E0
1.704505313E1,-2.062403592E-1,1.854643250E0,1.823597458E-1,1.874964465E0
1.705502013E1,-7.296249247E-1,1.256451454E0,3.101752022E-1,1.485675416E0
1.706498713E1,-1.081710922E0,4.097892451E-1,1.425890315E-1,1.165485897E0
1.707495413E1,-1.207799988E0,-5.218347609E-1,-9.077246815E-2,1.318837355E0
1.708492113E1,-9.675153852E-1,-1.353176095E0,-7.206982729E-1,1.812892044E0
1.709488713E1,-4.264757368E-1,-1.921080483E0,-1.298670105E0,2.357748040E0
1.710485413E1,6.510669976E-2,-2.100709287E0,-1.434378718E0,2.544535458E0
1.711482112E1,2.703761289E-1,-1.848198448E0,-1.218774627E0,2.230325615E0
1.712478813E1,-2.552563986E-1,-1.754535994E0,-1.021680190E0,2.046309555E0
1.713475413E1,-1.769130644E0,-2.190211447E0,-8.866595024E-1,2.951781580E0
1.714472113E1,-3.362624086E0,-3.448787194E0,-6.041632649E-1,4.854522336E0
1.715468813E1,-4.328691409E0,-5.537706156E0,-5.553091934E-1,7.050682739E0
1.716465513E1,-4.581196400E0,-8.366483839E0,-1.622569307E0,9.675646926E0
1.717462213E1,-4.771086775E0,-1.139206944E1,-2.866636942E0,1.267912152E1
1.718458813E1,-5.407884520E0,-1.414127471E1,-3.891125843E0,1.563207362E1
1.719455513E1,-5.726675302E0,-1.625187748E1,-4.540050420E0,1.781938241E1
1.720452213E1,-5.457375938E0,-1.691910326E1,-5.227533585E0,1.853014071E1
1.721448913E1,-4.522930065E0,-1.589868461E1,-5.506581427E0,1.742261483E1
1.722445513E1,-3.330845931E0,-1.366442842E1,-4.093821620E0,1.464822563E1
1.723442213E1,-2.204577764E0,-1.179165647E1,-1.256806380E0,1.206162873E1
1.724438913E1,-1.435470100E0,-1.011463877E1,6.077410300E-1,1.023405301E1
1.725435613E1,-1.349963050E0,-8.370071105E0,8.821309800E-1,8.524004083E0
1.726432213E1,-2.119143219E0,-6.449358997E0,6.626966710E-1,6.820862580E0
1.727428913E1,-2.909202041E0,-4.187395197E0,3.036811383E-1,5.107832934E0
1.728425613E1,-3.400615493E0,-1.460147982E0,2.588445425E-1,3.709881178E0
1.729422313E1,-3.584230344E0,1.075582455E0,5.232454017E-1,3.778540793E0
1.730419013E1,-3.247805236E0,3.282164353E0,9.585996238E-1,4.715904466E0
1.731415613E1,-2.858685606E0,5.026057245E0,1.603235488E0,6.000308230E0
1.732412312E1,-2.588314447E0,5.488420560E0,1.385378466E0,6.224259427E0
1.733409013E1,-9.043946922E-1,5.942374994E0,8.115456585E-1,6.065340608E0
1.734405713E1,9.109593612E-1,6.915252861E0,1.603493497E0,7.156937926E0
1.735402313E1,2.237266915E0,7.970940165E0,2.161102985E0,8.556378701E0
1.736399013E1,3.506958219E0,8.732720683E0,2.350797332E0,9.699763635E0
1.737395713E1,4.647512596E0,9.260595033E0,2.729026523E0,1.071473656E1
1.738392412E1,5.382243894E0,9.672302164E0,2.894253634E0,1.144109621E1
1.739389013E1,5.721099982E0,9.897055686E0,2.461932728E0,1.169375085E1
1.740385713E1,6.046692830E0,1.028027752E1,1.885428986E0,1.207482681E1
1.741382413E1,6.481804027E0,1.064918771E1,1.524703581E0,1.255960602E1
1.742379113E1,6.872681623E0,1.090341062E1,1.322648367E0,1.295636965E1
1.743375813E1,7.191520352E0,1.097720014E1,1.170654674E0,1.317525409E1
1.744372413E1,7.382734829E0,1.100586670E1,4.591888618E-1,1.326064590E1
1.745369113E1,7.578653390E0,1.096979522E1,-4.396333607E-1,1.334037750E1
1.746365813E1,7.656881534E0,1.077116180E1,-3.448102339E-1,1.321985838E1
1.747362513E1,7.383960990E0,1.047321459E1,3.880294168E-1,1.282036156E1
1.748359112E1,6.886173488E0,1.024501647E1,1.339174937E0,1.241664759E1
1.749355813E1,6.684281995E0,1.021714396E1,1.968733975E0,1.236711648E1
1.750352513E1,6.512143475E0,1.003523241E1,2.133541403E0,1.215178592E1
1.751349213E1,6.134592853E0,9.620807490E0,2.075248171E0,1.159740580E1
1.752345813E1,5.743374365E0,9.164686663E0,1.789756551E0,1.096271222E1
1.753342513E1,5.371369827E0,8.702828547E0,1.298626689E0,1.030908676E1
1.754339213E1,5.071096593E0,8.187356141E0,4.476613685E-1,9.641017681E0
1.755335913E1,4.843406600E0,7.678605695E0,-3.525170834E-1,9.085364120E0
1.756332613E1,4.659443255E0,6.954292381E0,-1.662660302E0,8.534461509E0
1.757329213E1,4.709106581E0,6.221902308E0,-3.009135050E0,8.363172058E0
1.758325913E1,4.797766158E0,6.098454722E0,-2.248783007E0,8.078783022E0
1.759322612E1,4.414814463E0,6.502808395E0,-3.736344489E-1,7.868716952E0
1.760319313E1,3.877488382E0,6.946258891E0,7.153438313E-1,7.987311533E0
1.761315913E1,3.374136377E0,6.734897248E0,2.440624890E-1,7.536790015E0
1.762312613E1,2.508122808E0,5.841966607E0,-7.448572138E-1,6.401098822E0
1.763309313E1,7.735813683E-1,3.945910453E0,-8.356890312E-1,4.106946991E0
1.764306013E1,-3.284802324E0,-1.343709453E0,-3.655436566E-1,3.567786928E0
1.765302613E1,-1.077279785E1,-1.073408344E1,2.651478410E-2,1.520770935E1
1.766299313E1,-1.812849457E1,-2.096687104E1,1.768066451E-1,2.771792303E1
1.767296013E1,-1.990471262E1,-2.951884727E1,-6.845025462E0,3.625485212E1
1.768292713E1,-1.506863259E1,-3.153199217E1,-1.095457726E1,3.662421304E1
1.769289413E1,-8.918544611E0,-2.703413379E1,-1.062906569E0,2.848709529E1
1.770286013E1,-3.770456561E0,-2.333171894E1,-2.513467748E0,2.376768755E1
1.771282713E1,2.236510578E0,-1.679517737E1,-4.641830857E0,1.756777038E1
1.772279413E1,2.150423484E0,-9.398746027E0,-4.745590868E0,1.074622635E1
1.773276113E1,4.403312990E-1,-4.030017972E0,-3.594504779E0,5.418062487E0
1.774272713E1,1.138547028E0,-9.526576102E-1,-2.374227709E0,2.800143402E0
1.775269412E1,8.918775576E-1,-6.492947066E-1,-1.244596516E0,1.663144516E0
1.776266113E1,-1.062482061E0,-2.402174769E0,-2.191653371E-1,2.635781705E0
1.777262813E1,-1.559765533E0,-3.327315382E0,-1.273444632E-1,3.676970599E0
1.778259513E1,-8.995236692E-1,-2.956693711E0,-6.019942403E-1,3.148583427E0
1.779256113E1,-1.024303544E0,-2.776189579E0,-7.333212420E-1,3.048636806E0
1.780252813E1,-1.025777042E0,-2.598757575E0,-4.442620897E-1,2.828980077E0
1.781249513E1,-4.037139881E-1,-2.112963297E0,-1.935314360E-1,2.159873444E0
1.782246213E1,1.548386559E-1,-1.397142479E0,-2.583659479E-1,1.429242834E0
1.783242813E1,7.996406543E-1,-5.292379206E-1,-6.624939188E-1,1.165511109E0
1.784239513E1,1.312676525E0,3.334316254E-1,-8.406740749E-1,1.594060604E0
1.785236213E1,1.637959763E0,1.174554182E0,-5.184373824E-1,2.081169630E0
1.786232912E1,1.842615235E0,1.951388941E0,-4.059707209E-2,2.684175446E0
1.787229513E1,2.037228990E0,2.791244990E0,9.658913210E-2,3.456975559E0
1.788226213E1,2.412208299E0,3.606601791E0,-1.410667089E-1,4.341223925E0
1.789222913E1,2.801560940E0,4.233352557E0,-2.865407565E-1,5.084498322E0
1.790219613E1,2.782842541E0,4.520233914E0,-2.131953299E-1,5.312455129E0
1.791216313E1,2.145238173E0,4.287701842E0,-3.125132114E-2,4.794518803E0
1.792212913E1,1.427714354E0,4.044490415E0,6.228454113E-2,4.289539644E0
1.793209613E1,8.221413249E-1,4.031915393E0,4.695080280E-2,4.115150359E0
1.794206313E1,2.118256196E-1,4.093186027E0,2.646191065E-1,4.107196759E0
1.795203013E1,-3.716960970E-1,3.971931147E0,4.167790067E-1,4.010997353E0
1.796199612E1,-9.151971307E-1,3.446086366E0,4.009577568E-1,3.588016743E0
1.797196313E1,-1.253544218E0,2.433342183E0,3.687548013E-1,2.761975269E0
1.798193013E1,-1.437108783E0,1.231676216E0,4.646979623E-1,1.948910503E0
1.799189713E1,-1.433594606E0,2.989172655E-1,5.474243693E-1,1.563399650E0
1.800186413E1,-1.057448485E0,-3.806759584E-1,3.615460615E-1,1.180604523E0
1.801183013E1,-4.513062304E-1,-8.886265057E-1,5.233959675E-2,9.980349762E-1
1.802179713E1,3.188650417E-1,-1.108694068E0,-2.716945298E-1,1.185198451E0
1.803176413E1,1.137441319E0,-1.047776606E0,-5.296397705E-1,1.634664142E0
1.804173113E1,1.860700088E0,-7.638744056E-1,-5.671940978E-1,2.089836852E0
1.805169713E1,2.530194878E0,-3.805303627E-1,-4.566957553E-1,2.599088396E0
1.806166413E1,2.825149193E0,-1.117636800E-2,-3.830794564E-1,2.851024859E0
1.807163112E1,2.658764625E0,2.523792762E-1,-3.527780154E-1,2.693914802E0
1.808159813E1,2.192102145E0,4.378459400E-1,-2.207427697E-1,2.246274304E0
1.809156413E1,1.601541550E0,4.795026737E-1,-2.824088216E-2,1.672021440E0
1.810153113E1,1.199479400E0,3.699650288E-1,1.127311018E-1,1.260290941E0
1.811149813E1,9.847272491E-1,2.159359199E-1,6.689682484E-2,1.010342151E0
1.812146513E1,8.947581884E-1,1.342777991E-1,-9.124448463E-2,9.093669771E-1
1.813143212E1,9.914299124E-1,2.170784658E-1,-2.698197663E-1,1.050170957E0
1.814139813E1,1.132499545E0,3.387391430E-1,-2.670794687E-1,1.211870814E0
1.815136513E1,1.207891497E0,5.012858909E-1,-1.169185853E-1,1.312996332E0
1.816133213E1,1.283794203E0,7.492815095E-1,8.938200027E-3,1.486482502E0
1.817129913E1,1.324728806E0,1.032211903E0,3.689213008E-2,1.679800241E0
1.818126613E1,1.295749713E0,1.424379979E0,2.002425778E-1,1.935955251E0
1.819123213E1,1.121646820E0,1.992938671E0,7.457266948E-1,2.405411490E0
1.820119913E1,1.030568543E0,2.642152101E0,1.106600911E0,3.044274104E0
1.821116613E1,1.283996517E0,3.223529643E0,6.001747330E-1,3.521363390E0
1.822113313E1,1.498463032E0,3.613906717E0,-2.311500826E-1,3.919074327E0
1.823109912E1,1.256611083E0,3.595799645E0,-8.950455791E-1,3.912793514E0
1.824106613E1,2.244117513E-1,3.185533851E0,-1.114535437E0,3.382332892E0
1.825103313E1,-9.482420853E-1,2.603199704E0,-5.503446150E-1,2.824657669E0
1.826100013E1,-1.945179490E0,1.777721958E0,7.638089168E-1,2.743614891E0
1.827096613E1,-2.626878004E0,7.346061677E-1,2.009615514E0,3.388021367E0
1.828093313E1,-2.421213888E0,-2.014424264E-1,2.204131037E0,3.280403842E0
1.829090013E1,-1.088352482E0,-8.647821450E-1,1.013331536E0,1.720232567E0
1.830086713E1,6.293668109E-1,-1.200112946E0,-2.350218165E-1,1.375357743E0
1.831083413E1,1.531061259E0,-1.278994224E0,-7.859026212E-1,2.144205618E0
1.832080013E1,4.951200020E-1,-1.459681374E0,-4.524759659E-1,1.606408425E0
1.833076713E1,-1.301120673E0,-1.914911086E0,3.647203687E-1,2.343676688E0
1.834073412E1,-2.447315566E0,-3.116457185E0,4.660520312E-1,3.989845030E0
1.835070113E1,-3.331473630E0,-5.519412557E0,-1.200826306E0,6.557790431E0
1.836066713E1,-3.921398925E0,-8.418475526E0,-3.379637730E0,9.882815939E0
1.837063413E1,-4.619274053E0,-1.090987647E1,-3.888915887E0,1.246943319E1
1.838060113E1,-5.077674125E0,-1.256235691E1,-2.997341508E0,1.387730672E1
1.839056813E1,-4.824508983E0,-1.380334891E1,-2.515808096E0,1.483703537E1
1.840053513E1,-4.578267237E0,-1.535614954E1,-3.086944533E0,1.631873420E1
1.841050113E1,-4.566778043E0,-1.701404450E1,-4.379059324E0,1.815239193E1
1.842046813E1,-4.175122768E0,-1.754104586E1,-5.148199732E0,1.875163728E1
1.843043513E1,-2.771156881E0,-1.645734046E1,-4.097929873E0,1.718477217E1
1.844040213E1,-9.926429173E-1,-1.426986317E1,-2.303054523E0,1.448856083E1
1.845036912E1,9.594023734E-2,-1.165056432E1,-1.272985625E0,1.172029633E1
1.846033513E1,5.139989072E-1,-8.672838178E0,-7.911754940E-1,8.724005708E0
1.847030213E1,-1.716397530E-1,-5.885196826E0,-5.791319194E-1,5.916113223E0
1.848026913E1,-1.306020640E0,-3.063964391E0,-8.028392275E-1,3.426093770E0
1.849023613E1,-2.962338029E0,-7.582979161E-1,-9.436938286E-1,3.200159428E0
1.850020212E1,-4.549925783E0,7.082439959E-1,-9.337639408E-1,4.698441155E0
1.851016913E1,-4.335956574E0,2.569651889E0,-6.297370858E-1,5.079389633E0
1.852013613E1,-3.478663835E0,4.297687717E0,7.816522801E-1,5.584102621E0
1.853010313E1,-2.925047411E0,5.279908265E0,1.244321259E0,6.162926986E0
1.854007013E1,-1.784439824E0,4.628919620E0,8.328304736E-1,5.030380595E0
1.855003613E1,2.106096911E-1,4.169154807E0,1.463829389E0,4.423686780E0
1.856000313E1,1.827665951E0,4.636683553E0,1.843508981E0,5.313917817E0
1.856997013E1,2.970468582E0,5.693368977E0,2.540309976E0,6.905889420E0
1.857993713E1,3.834154959E0,6.872714952E0,3.309147499E0,8.537295369E0
1.858990313E1,4.551249885E0,7.900803398E0,3.417905710E0,9.737486806E0
1.859987013E1,5.184050766E0,8.802024221E0,3.199896952E0,1.070464167E1
1.860983712E1,5.582265447E0,9.667881669E0,2.765141265E0,1.150111428E1
1.861980413E1,5.839556969E0,1.037221329E1,2.216235065E0,1.210763941E1
1.862977113E1,6.164482065E0,1.089210210E1,1.921501483E0,1.266218367E1
1.863973713E1,6.489776121E0,1.122047939E1,1.888381684E0,1.309894413E1
1.864970413E1,6.581133603E0,1.144896051E1,1.805753510E0,1.332856939E1
1.865967113E1,6.288172311E0,1.151318165E1,1.295137071E0,1.318225485E1
1.866963813E1,5.934757826E0,1.136920800E1,7.238760884E-1,1.284539753E1
1.867960413E1,5.946532364E0,1.105196264E1,8.292778516E-1,1.257755251E1
1.868957113E1,6.032065435E0,1.084849123E1,1.196214023E0,1.247022467E1
1.869953813E1,6.093596855E0,1.087654968E1,1.579819582E0,1.256690437E1
1.870950513E1,6.153937197E0,1.089062977E1,1.717530720E0,1.262642751E1
1.871947212E1,6.182705498E0,1.079365136E1,1.809126184E0,1.256987249E1
1.872943813E1,6.118850979E0,1.052050102E1,1.767423842E0,1.229817328E1
1.873940513E1,5.761969680E0,1.002618092E1,1.510962625E0,1.166222991E1
1.874937213E1,5.277681060E0,9.493032380E0,1.331679976E0,1.094280369E1
1.875933913E1,4.876625217E0,9.017837350E0,1.106403202E0,1.031149805E1
1.876930512E1,4.591726651E0,8.572367810E0,5.875260361E-1,9.742413990E0
1.877927213E1,4.331883404E0,8.122453217E0,-3.244269133E-2,9.205461021E0
1.878923913E1,4.172198283E0,7.782853948E0,-5.198360364E-1,8.845919037E0
1.879920613E1,4.016738945E0,7.554476908E0,-3.086793382E-1,8.561518326E0
1.880917313E1,3.747397189E0,7.423525590E0,3.532876003E-1,8.323252369E0
1.881913913E1,3.514384476E0,7.070083038E0,2.208692157E-1,7.898465397E0
1.882910613E1,2.799157735E0,5.878845581E0,-1.625714232E0,6.711114375E0
1.883907313E1,1.500608667E0,4.003059969E0,-5.343745826E0,6.843386219E0
1.884904013E1,-1.000788089E0,1.827453112E0,-5.257728606E0,5.655516933E0
1.885900613E1,-4.479541679E0,-3.004607551E0,-2.983985298E0,6.164262198E0
1.886897313E1,-9.331855634E0,-1.068090301E1,-8.954733029E-1,1.421151263E1
1.887894012E1,-1.532816710E1,-1.945445012E1,-1.459757388E-3,2.476748551E1
1.888890713E1,-1.653868224E1,-2.598143149E1,-2.064835449E0,3.086788522E1
1.889887413E1,-1.139830842E1,-2.819826531E1,-5.173707041E0,3.085175596E1
1.890884013E1,-5.451421133E0,-2.480169726E1,-3.882272573E0,2.568879561E1
1.891880713E1,-2.901612355E0,-1.916145901E1,-1.220117733E0,1.941827884E1
1.892877413E1,-1.685682691E0,-1.354139833E1,-9.705918977E-1,1.368038901E1
1.893874113E1,4.704789582E-1,-8.186829307E0,-1.575396895E0,8.350293404E0
1.894870663E1,9.775980315E-1,-4.678508686E0,-3.139908028E0,5.718668015E0
1.895867363E1,2.536615705E-1,-3.039017830E0,-4.573560229E0,5.497037996E0
1.896864063E1,-6.486252004E-1,-2.684152066E0,-3.614484715E0,4.548613714E0
1.897860763E1,-1.453850530E0,-3.582055764E0,-1.446387729E0,4.127570996E0
1.898857463E1,-1.768485404E0,-5.408191499E0,-7.191955385E-1,5.735269665E0
1.899854063E1,-1.733317325E0,-6.809773183E0,-1.238850750E0,7.135275113E0
1.900850763E1,-1.668108884E0,-7.400040248E0,-1.902281685E0,7.820604742E0
1.901847463E1,-1.737829622E0,-7.037082523E0,-1.945705155E0,7.505088325E0
1.902844163E1,-1.477487607E0,-5.805639610E0,-1.588496704E0,6.197720766E0
1.903840763E1,-7.137088037E-1,-4.339508173E0,-1.300267856E0,4.586001301E0
1.904837463E1,9.709827840E-2,-3.106835591E0,-1.251560258E0,3.350859374E0
1.905834163E1,5.277199835E-1,-1.972696779E0,-8.736886239E-1,2.221115210E0
1.906830863E1,7.739409721E-1,-7.525670600E-1,-3.572128361E-1,1.137076435E0
1.907827563E1,1.119998198E0,6.165941530E-1,8.365728378E-2,1.281242699E0
1.908824162E1,1.594230776E0,2.201998265E0,5.533525689E-1,2.774268767E0
1.909820863E1,2.076038130E0,3.772195523E0,7.471272491E-1,4.370079233E0
1.910817563E1,2.331257691E0,5.087982767E0,7.617612219E-1,5.648239656E0
1.911814263E1,2.318086838E0,6.060475886E0,8.296020797E-1,6.541493268E0
1.912810963E1,2.203216532E0,6.749066221E0,9.079088688E-1,7.157398722E0
1.913807563E1,2.102122267E0,7.286408383E0,8.006589469E-1,7.625727499E0
1.914804263E1,1.690762167E0,7.396985663E0,4.768076921E-1,7.602724457E0
1.915800963E1,9.846389562E-1,7.080317420E0,2.003583527E-1,7.151262274E0
1.916797663E1,1.286989707E-1,6.340062842E0,-5.630868673E-2,6.341618952E0
1.917794263E1,-6.409673944E-1,5.460869649E0,-8.214519382E-2,5.498971209E0
1.918790963E1,-9.813443425E-1,4.530825561E0,1.606427483E-1,4.638666088E0
1.919787662E1,-9.971730477E-1,3.369015970E0,3.593277740E-1,3.531818107E0
1.920784363E1,-2.918973908E-1,1.791356496E0,3.939000213E-1,1.857234344E0
1.921781063E1,4.295519570E-1,1.912799656E-1,1.936084731E-1,5.085146506E-1
1.922777663E1,9.123556763E-1,-1.220864714E0,1.172064145E-1,1.528607495E0
1.923774363E1,1.410743687E0,-2.274000294E0,7.795390964E-2,2.677191046E0
1.924771063E1,1.859225712E0,-2.875431447E0,-2.343574266E-1,3.432163991E0
1.925767763E1,2.265558668E0,-2.889454824E0,-5.035130954E-1,3.706107216E0
1.926764363E1,2.385089790E0,-2.191825864E0,-5.788788812E-1,3.290570571E0
1.927761063E1,2.044260852E0,-1.107471415E0,-5.488079667E-1,2.388867001E0
1.928757763E1,1.526022713E0,-1.957840759E-1,-5.150040436E-1,1.622438255E0
1.929754463E1,1.244688317E0,3.671501791E-1,-5.432517962E-1,1.406830045E0
1.930751162E1,1.124131302E0,6.998865706E-1,-6.404371981E-1,1.470942623E0
1.931747763E1,1.146318270E0,9.422788024E-1,-6.966197312E-1,1.639272389E0
1.932744463E1,1.242065841E0,1.142430164E0,-6.685403784E-1,1.815164034E0
1.933741163E1,1.276403908E0,1.202229053E0,-6.338320372E-1,1.864485099E0
1.934737863E1,1.201594338E0,1.182633864E0,-4.871432304E-1,1.754924596E0
1.935734463E1,1.188755314E0,1.166365741E0,-1.908449328E-1,1.676296521E0
1.936731163E1,1.204199565E0,1.209310032E0,1.982249960E-1,1.718086288E0
1.937727863E1,1.202865230E0,1.293954325E0,4.952533185E-1,1.834796558E0
1.938724563E1,1.173776502E0,1.463652218E0,3.585924867E-1,1.910135509E0
1.939721263E1,1.173188857E0,1.740692711E0,-2.127255061E-1,2.109889890E0
1.940717862E1,1.126015860E0,2.017337347E0,-7.716617274E-1,2.435779857E0
1.941714563E1,8.662495038E-1,2.299607005E0,-9.897823133E-1,2.649197918E0
1.942711263E1,3.055904004E-1,2.514169999E0,-7.270343158E-1,2.634960184E0
1.943707963E1,-3.832311916E-1,2.601214575E0,-3.402532795E-1,2.651217777E0
1.944704563E1,-1.046210137E0,2.517788256E0,-1.953999138E-1,2.733494920E0
1.945701263E1,-1.591903292E0,2.182688420E0,-3.858770567E-1,2.728953267E0
1.946697963E1,-2.055514403E0,1.860702134E0,-4.366253337E-1,2.806776367E0
1.947694663E1,-2.081923937E0,1.707577005E0,9.065786272E-2,2.694150210E0
1.948691363E1,-1.636014687E0,1.491973792E0,4.281076947E-1,2.255173175E0
1.949687963E1,-1.005136371E0,9.733339494E-1,4.611991346E-1,1.473221892E0
1.950684663E1,-9.317403656E-1,6.065422046E-1,5.258655390E-1,1.229865082E0
1.951681362E1,-1.143536164E0,5.027126116E-1,1.795223844E-1,1.261991765E0
1.952678063E1,-1.306973736E0,1.893006831E-1,1.296737015E-1,1.326962834E0
1.953674763E1,-1.632017238E0,-8.421563441E-1,1.176142285E0,2.180829716E0
1.954671363E1,-1.987735526E0,-2.892345103E0,1.618543206E0,3.864768405E0
1.955668063E1,-2.636041760E0,-5.682663894E0,4.278360915E-1,6.278887546E0
1.956664763E1,-3.660738237E0,-8.686529433E0,-1.799013132E0,9.596522614E0
1.957661462E1,-4.302937640E0,-1.186134475E1,-3.353669076E0,1.305579825E1
1.958658063E1,-4.599268974E0,-1.450241629E1,-3.184206533E0,1.554389026E1
1.959654763E1,-4.236097533E0,-1.617253311E1,-2.360448161E0,1.688392919E1
1.960651463E1,-3.051343760E0,-1.778779369E1,-3.458663434E0,1.837603482E1
1.961648163E1,-2.192392167E0,-1.954304479E1,-6.878973227E0,2.083404560E1
1.962644863E1,-2.038450181E0,-1.998698061E1,-8.619917368E0,2.186178512E1
1.963641463E1,-1.729260820E0,-1.845388394E1,-5.937591387E0,1.946255807E1
1.964638163E1,-1.026382813E0,-1.534089883E1,-2.729974941E0,1.561567807E1
1.965634863E1,-6.131162292E-1,-1.169591065E1,-1.362265299E0,1.179092889E1
1.966631563E1,-1.310853948E0,-8.068886290E0,-7.940901849E-1,8.213150629E0
1.967628162E1,-2.549188096E0,-4.288995831E0,-5.322651704E-1,5.017683868E0
1.968624863E1,-4.193635930E0,-1.124979149E0,-6.413834238E-1,4.389024162E0
1.969621563E1,-4.976279898E0,1.881432268E0,-5.311936681E-1,5.346523704E0
1.970618263E1,-4.765512624E0,4.300006723E0,-1.096621907E-1,6.419672436E0
1.971614963E1,-3.893029988E0,5.555366501E0,8.840205078E-1,6.840999321E0
1.972611563E1,-2.800593519E0,6.312490296E0,2.271136035E0,7.269726039E0
1.973608263E1,-1.235017900E0,6.418806126E0,2.971364375E0,7.180205258E0
1.974604963E1,3.073126978E-1,5.947137551E0,3.380821499E0,6.847834706E0
1.975601663E1,1.913231181E0,6.195689825E0,3.414987949E0,7.328653945E0
1.976598363E1,3.290394309E0,7.121959535E0,2.729675564E0,8.306631749E0
1.977594963E1,4.390108808E0,8.135660323E0,2.507978382E0,9.578725374E0
1.978591662E1,5.166243655E0,9.047337137E0,2.719193845E0,1.076746943E1
1.979588363E1,5.515965039E0,9.719596784E0,2.787520899E0,1.151810335E1
1.980585063E1,5.724580829E0,1.016814664E1,2.523098112E0,1.193851146E1
1.981581663E1,6.004635562E0,1.058879767E1,2.135844036E0,1.235880715E1
1.982578363E1,6.236933745E0,1.099852143E1,1.695682014E0,1.275704329E1
1.983575063E1,6.404733632E0,1.126192797E1,1.286312599E0,1.301945600E1
1.984571763E1,6.429281997E0,1.137084639E1,5.014033469E-1,1.307223087E1
1.985568463E1,6.400040656E0,1.142289246E1,-5.940513825E-1,1.310709310E1
1.986565063E1,6.350833413E0,1.101711089E1,-4.428844126E-1,1.272422745E1
1.987561763E1,6.171801610E0,1.053541025E1,5.713663785E-1,1.222343912E1
1.988558463E1,5.715655639E0,1.039907774E1,1.795642505E0,1.200141114E1
1.989555162E1,5.467398650E0,1.045742477E1,2.854300779E0,1.214072542E1
1.990551763E1,5.544067342E0,1.042549195E1,3.291566091E0,1.225813903E1
1.991548463E1,5.672220767E0,1.025860072E1,3.021269192E0,1.210541386E1
1.992545163E1,5.631660386E0,9.937127824E0,2.375806750E0,1.166647187E1
1.993541863E1,5.448709779E0,9.487779826E0,2.007894240E0,1.112376032E1
1.994538538E1,5.184686358E0,8.991972776E0,1.756397016E0,1.052717804E1
1.995535138E1,5.135136468E0,8.602806076E0,1.242992771E0,1.009568868E1
1.996531838E1,5.314471157E0,8.245862796E0,3.962516253E-1,9.818089034E0
1.997528538E1,5.261250969E0,7.826082414E0,-3.213746667E-1,9.435656277E0
1.998525238E1,4.759058760E0,7.427125136E0,-5.850769298E-1,8.840426634E0
1.999521938E1,4.129106643E0,7.128158169E0,-5.789049013E-1,8.258044044E0
2.000518538E1,3.404587214E0,6.405292041E0,-1.116689843E0,7.339344414E0
2.001515238E1,2.578557491E0,5.341049091E0,-1.984174279E0,6.254015645E0
2.002511938E1,1.407903402E0,4.169781044E0,-2.369045030E0,4.998163693E0
2.003508638E1,-1.132484927E0,1.879079348E0,-5.212409762E-1,2.255028484E0
2.004505238E1,-5.198246051E0,-2.567747451E0,1.392316772E0,5.962686892E0
2.005501938E1,-1.116436483E1,-9.511372756E0,2.108722457E0,1.481742097E1
2.006498638E1,-1.536259083E1,-1.725385519E1,2.033673298E-1,2.310294514E1
2.007495338E1,-1.382459068E1,-2.276183761E1,-7.641280578E0,2.770577066E1
2.008492038E1,-7.908252751E0,-2.242892989E1,-8.806375135E0,2.536039433E1
2.009488638E1,-3.413972580E0,-2.028554880E1,-1.494640122E0,2.062504904E1
2.010485337E1,-1.902454470E0,-2.159269152E1,-3.589536692E0,2.197153690E1
2.011482038E1,1.448141017E0,-1.953035985E1,-5.563100613E0,2.035878573E1
2.012478738E1,1.614945415E0,-1.350937898E1,-5.500665214E0,1.467544503E1
2.013475438E1,5.731586963E-2,-7.432247297E0,-3.517469467E0,8.222783983E0
2.014472038E1,-5.073529619E-1,-4.038339729E0,-2.408831824E0,4.729488932E0
2.015468738E1,-1.279036616E0,-3.295881920E0,-1.798569328E0,3.966563239E0
2.016465437E1,-1.683700485E0,-3.952637089E0,-8.479471341E-1,4.379178191E0
2.017462138E1,-1.403921156E0,-4.670643012E0,-2.235156655E-2,4.877130340E0
2.018458738E1,-9.670408836E-1,-4.925892102E0,1.172375509E-1,5.021287256E0
2.019455438E1,-7.283037463E-1,-4.598096023E0,1.313620850E-1,4.657270593E0
2.020452138E1,-9.821611986E-1,-4.102180215E0,3.151239932E-2,4.218236144E0
2.021448838E1,-1.022294733E0,-3.522067425E0,-3.802268922E-2,3.667627461E0
2.022445538E1,-7.220396242E-1,-2.886625941E0,-2.773356311E-1,2.988455386E0
2.023442138E1,-6.639951915E-2,-2.149234745E0,-3.722137217E-1,2.182237828E0
2.024438838E1,6.088922006E-1,-1.442136803E0,2.898128584E-2,1.565678187E0
2.025435538E1,1.070531631E0,-8.260952121E-1,1.032185590E-1,1.356143555E0
2.026432238E1,1.504130445E0,-5.116372168E-2,-1.473403327E-1,1.512195522E0
2.027428937E1,1.943311012E0,9.453164309E-1,-9.063023463E-2,2.162936588E0
2.028425538E1,2.242281780E0,2.064398662E0,7.727095485E-2,3.048858839E0
2.029422238E1,2.422597632E0,3.126714370E0,2.770062867E-1,3.965104604E0
2.030418938E1,2.363235821E0,4.015272464E0,5.079055238E-1,4.686711483E0
2.031415638E1,2.044218167E0,4.612345102E0,7.766741069E-1,5.104486059E0
2.032412238E1,1.841334694E0,5.216303422E0,7.698164923E-1,5.585065110E0
2.033408938E1,1.554714708E0,5.864471371E0,5.027400935E-1,6.087849364E0
2.034405638E1,9.656445685E-1,6.151200115E0,2.258313091E-1,6.230628545E0
2.035402338E1,2.658398589E-1,6.001685057E0,1.612135828E-1,6.009732454E0
2.036399038E1,-5.562353924E-1,5.552643453E0,4.180325036E-1,5.596069898E0
2.037395637E1,-1.289070438E0,4.737198944E0,6.321147099E-1,4.949982367E0
2.038392338E1,-1.651524426E0,3.716725327E0,7.519064708E-1,4.136054089E0
2.039389038E1,-1.370199971E0,2.702588337E0,6.873739676E-1,3.107074935E0
2.040385738E1,-8.215788227E-1,1.776574734E0,4.425627427E-1,2.006756420E0
2.041382438E1,-3.310222802E-1,9.901370931E-1,1.129120731E-1,1.050093495E0
2.042379038E1,1.911685762E-1,4.212369239E-1,-5.051541165E-2,4.653361983E-1
2.043375738E1,8.669479537E-1,5.971819818E-2,-2.851116970E-2,8.694698985E-1
2.044372438E1,1.742749761E0,-9.623756826E-2,-5.933505937E-2,1.746413196E0
2.045369138E1,2.554268450E0,2.261644542E-2,-1.403330295E-1,2.558220509E0
2.046365838E1,3.200291054E0,4.758160043E-1,-1.407904279E-1,3.238531403E0
2.047362438E1,3.520876347E0,1.038376622E0,-4.166187930E-1,3.694369700E0
2.048359137E1,3.473032089E0,1.598625836E0,-6.211215059E-1,3.873415596E0
2.049355838E1,3.005675837E0,2.089068650E0,-3.604086319E-1,3.678068711E0
2.050352538E1,2.394870427E0,2.411744907E0,2.024598420E-1,3.404835950E0
2.051349138E1,1.951155929E0,2.522200565E0,6.934423542E-1,3.263336858E0
2.052345838E1,1.590295892E0,2.286997485E0,1.023531711E0,2.967661652E0
2.053342538E1,1.156245672E0,1.971046110E0,1.403215982E0,2.681593167E0
2.054339237E1,7.564978507E-1,1.819334838E0,1.709628793E0,2.608658441E0
2.055335938E1,7.326116824E-1,1.698265899E0,1.371025598E0,2.302289758E0
2.056332538E1,9.137850282E-1,1.484529701E0,6.875480685E-1,1.873914048E0
2.057329238E1,1.062201102E0,1.259128894E0,-8.863881916E-2,1.649707123E0
2.058325938E1,9.649347165E-1,8.834487963E-1,-8.470159650E-1,1.558530342E0
2.059322638E1,6.227860621E-1,3.451944691E-1,-1.286447378E0,1.470363409E0
2.060319338E1,1.562668383E-2,-5.152075267E-1,-9.972125164E-1,1.122548793E0
2.061315938E1,-9.324604502E-1,-1.812360279E0,-3.426319268E-1,2.066767744E0
2.062312638E1,-2.011210927E0,-3.020477479E0,-3.294321299E-3,3.628810335E0
2.063309338E1,-2.573922988E0,-3.995442216E0,-2.198708037E-1,4.757833669E0
2.064306038E1,-2.740292645E0,-4.934899153E0,-8.689819077E-1,5.711178774E0
2.065302737E1,-3.228015920E0,-6.088296354E0,-1.653355190E0,7.086679240E0
2.066299338E1,-4.397759012E0,-7.672373732E0,-2.174922148E0,9.106914371E0
2.067296038E1,-5.411915005E0,-9.744520540E0,-2.589266082E0,1.144328639E1
2.068292738E1,-5.988312474E0,-1.203078186E1,-3.011884995E0,1.377211130E1
2.069289438E1,-5.885593268E0,-1.373336593E1,-2.975362409E0,1.523477369E1
2.070286138E1,-4.914695268E0,-1.453231895E1,-3.000806276E0,1.563161418E1
2.071282738E1,-3.775105390E0,-1.509868377E1,-3.815695299E0,1.602439399E1
2.072279438E1,-2.984337300E0,-1.547072339E1,-4.789748164E0,1.646788507E1
2.073276138E1,-2.403419349E0,-1.495729224E1,-4.869004540E0,1.591239206E1
2.074272838E1,-1.826860789E0,-1.338326155E1,-3.387646076E0,1.392570487E1
2.075269437E1,-1.402369597E0,-1.100965686E1,-1.487797126E0,1.119788931E1
2.076266138E1,-1.485293640E0,-8.387832608E0,-5.227982359E-1,8.534351238E0
2.077262838E1,-2.179230961E0,-5.793511900E0,-4.060680771E-1,6.203121714E0
2.078259538E1,-3.506726377E0,-3.402033443E0,-5.141281307E-1,4.912767974E0
2.079256238E1,-5.097423681E0,-1.210161971E0,-8.646021970E-1,5.309967715E0
2.080252838E1,-5.712364826E0,1.013324227E0,-8.880435383E-1,5.869119118E0
2.081249538E1,-5.131001902E0,3.294842286E0,-8.042624398E-1,6.150610073E0
2.082246238E1,-4.715784101E0,4.542663833E0,3.195082355E-1,6.555646414E0
2.083242938E1,-3.630038016E0,4.901881680E0,1.020866404E0,6.184479624E0
2.084239638E1,-1.172517012E0,4.959786656E0,6.122653131E-1,5.133142179E0
2.085236238E1,1.060615337E0,4.470485803E0,3.737845762E-1,4.609757382E0
2.086232937E1,2.703631480E0,4.475396295E0,1.365970387E0,5.404134554E0
2.087229638E1,4.002312695E0,5.282136639E0,2.577877167E0,7.110901846E0
2.088226338E1,4.980798626E0,6.292593976E0,3.382392061E0,8.708941953E0
2.089223038E1,5.744242676E0,7.353240888E0,3.503720616E0,9.967072471E0
2.090219638E1,6.490954335E0,8.425412078E0,3.162426825E0,1.109599028E1
2.091216338E1,6.928651755E0,9.329579898E0,2.632265629E0,1.191537236E1
2.092213038E1,7.028237439E0,9.984913609E0,2.098721234E0,1.238948151E1
2.093209738E1,7.056594681E0,1.039533201E1,1.469324602E0,1.264979727E1
2.094206338E1,7.027241659E0,1.088601164E1,3.194603614E-1,1.296107363E1
2.095203038E1,6.933033074E0,1.123588330E1,-4.131724441E-1,1.320919122E1
2.096199738E1,6.991364313E0,1.139547019E1,-3.265272331E-1,1.337320215E1
2.097196437E1,6.929901305E0,1.136070498E1,2.518207209E-1,1.330986715E1
2.098193138E1,6.663088177E0,1.114725003E1,9.152179614E-1,1.301904571E1
2.099189738E1,6.263323984E0,1.076992804E1,1.462403984E0,1.254428964E1
2.100186438E1,5.858489084E0,1.039444908E1,1.950386728E0,1.209009820E1
2.101183138E1,5.699020311E0,1.009691586E1,2.540711095E0,1.186936204E1
2.102179838E1,5.555150739E0,9.757466860E0,3.137800691E0,1.165820108E1
2.103176537E1,5.318502812E0,9.400171579E0,3.375058483E0,1.131550784E1
2.104173138E1,5.073343093E0,8.991478686E0,3.253952122E0,1.082468030E1
2.105169838E1,4.995460519E0,8.640909457E0,2.902998730E0,1.039458242E1
2.106166538E1,4.974928606E0,8.398096225E0,2.539876113E0,1.008607483E1
2.107163238E1,4.965044473E0,8.205111212E0,2.281964786E0,9.858137750E0
2.108159938E1,4.989305155E0,8.071582441E0,2.058598955E0,9.709862959E0
2.109156538E1,5.027217332E0,7.979427398E0,1.852655342E0,9.611269819E0
2.110153238E1,4.946564932E0,7.860427789E0,1.720266194E0,9.445323998E0
2.111149938E1,4.783220624E0,7.752484680E0,1.617358707E0,9.251814278E0
2.112146638E1,4.592719508E0,7.572650639E0,1.471236641E0,8.977897718E0
2.113143338E1,4.432914812E0,6.825992775E0,2.027112722E-2,8.139122926E0
2.114139938E1,3.378487583E0,4.766453733E0,-3.776231271E0,6.956520837E0
2.115136638E1,5.962312245E-1,1.564661699E0,-6.852749634E0,7.054348691E0
2.116133338E1,-5.173253882E0,-6.006354058E0,-1.127128468E1,1.377972072E1
2.117130038E1,-1.143443252E1,-1.556325324E1,-1.209852653E1,2.278893246E1
2.118126738E1,-1.444572636E1,-2.155026646E1,-5.958851863E0,2.661955879E1
2.119123338E1,-1.568735922E1,-2.422128626E1,2.694617705E0,2.898318326E1
2.120120038E1,-1.653410972E1,-2.747682181E1,7.388862126E0,3.290817231E1
2.121116738E1,-1.218375438E1,-2.923333007E1,-4.941584274E-1,3.167452684E1
2.122113438E1,-1.579291140E0,-2.123984480E1,-8.082331377E0,2.278045759E1
2.123110038E1,-8.846886984E-1,-1.123570671E1,-9.890191054E0,1.499465433E1
2.124106737E1,-6.069672972E-1,-6.045389485E0,-7.434627113E0,9.601501114E0
2.125103438E1,2.619038934E0,-3.855518931E0,-4.360232459E0,6.382477439E0
2.126100138E1,4.552900846E0,-4.368112167E0,-2.402084722E0,6.751245887E0
2.127096838E1,3.457527028E0,-6.324009311E0,-1.854780367E0,7.442297839E0
2.128093438E1,1.519884014E0,-6.260507380E0,-1.413048660E0,6.595506545E0
2.129090138E1,-2.639047229E-1,-5.101155959E0,-6.824738547E-1,5.153368644E0
2.130086838E1,-1.044924627E0,-4.448146516E0,-1.154234523E-1,4.570688950E0
2.131083538E1,-1.602701637E0,-4.175515993E0,6.274237812E-2,4.472976968E0
2.132080238E1,-1.973174205E0,-3.746605768E0,-2.642327517E-2,4.234521155E0
2.133076838E1,-2.102001814E0,-3.227695200E0,-4.918631029E-1,3.883086046E0
2.134073538E1,-1.688470058E0,-2.673266305E0,-9.082518080E-1,3.289712027E0
2.135070237E1,-7.910706827E-1,-2.096450175E0,-5.444240168E-1,2.305925773E0
2.136066938E1,2.187940389E-1,-1.469031656E0,4.009891856E-1,1.538413847E0
2.137063638E1,1.043897563E0,-7.256225055E-1,8.615467344E-1,1.535745070E0
2.138060238E1,1.685273970E0,3.548336041E-1,9.826792619E-1,1.982854955E0
2.139056938E1,2.205680549E0,1.675934798E0,6.726157415E-1,2.850648359E0
2.140053638E1,2.587381817E0,3.004035693E0,1.826167309E-1,3.968894554E0
2.141050338E1,2.910993043E0,4.314525359E0,-8.721356034E-2,5.205440978E0
2.142047038E1,3.040106874E0,5.526157905E0,-8.580891296E-2,6.307775691E0
2.143043638E1,2.872501992E0,6.532604637E0,8.041675687E-2,7.136711980E0
2.144040338E1,2.427976485E0,7.150310345E0,3.450700696E-1,7.559171992E0
2.145037038E1,1.438955626E0,7.441709261E0,6.806123936E-1,7.610050147E0
2.146033737E1,2.190714893E-1,7.460795742E0,8.729776025E-1,7.514888909E0
2.147030438E1,-8.624575844E-1,7.150453017E0,9.176550078E-1,7.260502886E0
2.148027038E1,-1.449288533E0,6.622135448E0,8.983380000E-1,6.838137635E0
2.149023738E1,-1.760817950E0,6.083052571E0,5.647746661E-1,6.357906798E0
2.150020438E1,-1.960541587E0,5.616233093E0,3.717345424E-1,5.960200000E0
2.151017138E1,-1.554717339E0,5.003540202E0,4.904818444E-1,5.262426531E0
2.152013837E1,-8.731193975E-1,4.224717974E0,5.636949778E-1,4.350670232E0
2.153010438E1,-3.552300453E-2,3.517251658E0,5.956959119E-1,3.567516605E0
2.154007138E1,8.614846078E-1,2.832628074E0,4.986331554E-1,3.002427778E0
2.155003838E1,1.800635150E0,2.160867196E0,3.875019979E-1,2.839329459E0
2.156000538E1,2.604481122E0,1.609360739E0,2.633629784E-1,3.072901554E0
2.156997238E1,3.314848826E0,1.208599010E0,1.427890062E-1,3.531192859E0
2.157993838E1,3.634203865E0,1.162035878E0,1.229283535E-1,3.817443712E0
2.158990538E1,3.478039353E0,1.735738365E0,5.066398939E-1,3.919978239E0
2.159987238E1,3.221474639E0,2.491015025E0,9.968388793E-1,4.192462577E0
2.160983938E1,2.760151544E0,2.829970515E0,9.083178815E-1,4.056132522E0
2.161980638E1,2.065483029E0,2.710986108E0,5.979386115E-1,3.460230686E0
2.162977238E1,1.431165380E0,2.194164750E0,3.845608485E-1,2.647731169E0
2.163973938E1,5.196201280E-1,1.249868658E0,-2.836981326E-2,1.353876503E0
2.164970638E1,-7.517437720E-1,-1.513083994E-1,-9.007100692E-1,1.182916548E0
2.165967338E1,-1.757608998E0,-2.014051797E0,-1.661514687E0,3.147415620E0
2.166964038E1,-2.226099026E0,-4.049259405E0,-1.920709770E0,5.004112770E0
2.167960638E1,-2.344307799E0,-5.990610430E0,-1.898778326E0,6.707350559E0
2.168957338E1,-2.494108202E0,-8.090379485E0,-2.084351116E0,8.718906784E0
2.169954038E1,-3.153077419E0,-1.083513151E1,-2.942144669E0,1.166182607E1
2.170950738E1,-3.404744504E0,-1.326365793E1,-3.740160382E0,1.419527056E1
2.171947438E1,-3.793126508E0,-1.523300250E1,-3.655422826E0,1.611813543E1
2.172944037E1,-4.431214149E0,-1.635174793E1,-3.361706658E0,1.727183808E1
2.173940738E1,-4.074138430E0,-1.609491483E1,-3.643805870E0,1.699771186E1
2.174937438E1,-3.433373934E0,-1.506747250E1,-4.531075237E0,1.610426735E1
2.175934138E1,-3.567804345E0,-1.362832655E1,-4.621705910E0,1.482635079E1
2.176930838E1,-3.784327033E0,-1.194230881E1,-3.344570223E0,1.296634184E1
2.177927438E1,-3.868620494E0,-1.054089962E1,-1.483597363E0,1.132598121E1
2.178924138E1,-3.766586289E0,-9.294648047E0,-1.813013998E-1,1.003047979E1
2.179920838E1,-3.491440294E0,-8.078122551E0,1.596361502E-1,8.801801121E0
2.180917538E1,-3.390985129E0,-6.890743672E0,-2.204400301E-1,7.683080261E0
2.181914238E1,-3.691019505E0,-5.630450597E0,-8.127616601E-1,6.781311115E0
2.182910838E1,-3.920508686E0,-4.075425110E0,-1.106709231E0,5.762315811E0
2.183907537E1,-3.863613231E0,-2.340279652E0,-1.186570795E0,4.670371110E0
2.184904238E1,-3.714527651E0,-6.901831162E-1,-1.044366364E0,3.919792023E0
2.185900938E1,-2.868754219E0,9.431190473E-1,-6.017602055E-1,3.079178405E0
2.186897638E1,-1.753534074E0,2.802983860E0,-6.471698284E-2,3.306930383E0
2.187894238E1,-7.039670500E-1,4.525634987E0,1.658843386E-1,4.583062214E0
2.188890938E1,9.928405532E-1,5.552285019E0,9.305163972E-2,5.641122220E0
2.189887638E1,2.539581998E0,6.168746440E0,-6.237239555E-2,6.671341670E0
2.190884338E1,3.651693764E0,6.831827711E0,-1.908471986E-1,7.748881202E0
2.191881038E1,4.520677133E0,7.630512346E0,7.288905144E-2,8.869416735E0
2.192877638E1,5.510538822E0,8.684760066E0,3.924781246E-1,1.029296530E1
2.193874338E1,6.220378523E0,9.460302590E0,6.412864331E-1,1.134026818E1
2.194871054E1,6.508510015E0,9.997092190E0,8.775431816E-1,1.196129746E1
2.195867754E1,6.628235264E0,1.044512924E1,1.017813134E0,1.241250060E1
2.196864454E1,6.726483690E0,1.065938760E1,1.098505880E0,1.265206868E1
2.197861054E1,6.854003277E0,1.071871812E1,1.060145733E0,1.276683939E1
2.198857754E1,6.834698694E0,1.064446550E1,9.813276780E-1,1.268781920E1
2.199854454E1,6.670362698E0,1.050905334E1,9.917884929E-1,1.248669632E1
2.200851154E1,6.369214720E0,1.033210724E1,9.777924514E-1,1.217683926E1
2.201847854E1,6.020330658E0,1.011573453E1,9.080889630E-1,1.180665456E1
2.202844454E1,5.626069279E0,9.888577223E0,9.749740203E-1,1.141872100E1
2.203841154E1,5.489008205E0,9.638353230E0,1.337059414E0,1.117205406E1
2.204837854E1,5.733806566E0,9.388245013E0,1.856469920E0,1.115626114E1
2.205834554E1,5.870209828E0,9.232592132E0,2.317594210E0,1.118353092E1
2.206831254E1,5.860556660E0,9.080337068E0,2.606068933E0,1.111711478E1
2.207827854E1,5.979802437E0,8.947868398E0,2.747821813E0,1.110733590E1
2.208824554E1,5.974607770E0,8.696251014E0,2.812858053E0,1.091938140E1
2.209821254E1,5.863867938E0,8.337141341E0,2.907910391E0,1.059947243E1
2.210817954E1,5.570604930E0,8.014114836E0,3.012825812E0,1.021444053E1
2.211814654E1,5.124741288E0,7.769533406E0,2.976055012E0,9.771669563E0
2.212811254E1,4.688170626E0,7.567803882E0,2.774925996E0,9.324742017E0
2.213807954E1,4.311711679E0,7.412362086E0,2.444381580E0,8.916780282E0
2.214804654E1,3.877361205E0,7.214399337E0,2.145439463E0,8.466663936E0
2.215801354E1,3.351951456E0,6.848511572E0,1.934509345E0,7.866385175E0
2.216798054E1,2.659402556E0,5.953159014E0,9.050041182E-1,6.582670936E0
2.217794654E1,7.833634678E-1,2.674498313E0,-4.910637885E0,5.646323050E0
2.218791354E1,-2.695277271E0,-1.362878965E0,-7.782941072E0,8.348420831E0
2.219788054E1,-7.011609128E0,-6.195743619E0,-1.065837603E1,1.418276705E1
2.220784754E1,-1.115889535E1,-1.226806421E1,-1.316428333E1,2.117367942E1
2.221781454E1,-1.047382036E1,-1.402598516E1,-5.480740242E0,1.834305553E1
2.222778054E1,-8.721817380E0,-1.401355632E1,2.175771164E0,1.664883897E1
2.223774754E1,-9.671105824E0,-1.612071976E1,5.893122143E0,1.970118732E1
2.224771454E1,-1.133472229E1,-2.041948980E1,1.900547401E0,2.343167884E1
2.225768154E1,-6.910317811E0,-2.270639431E1,-6.247567492E0,2.454312397E1
2.226764854E1,3.956644186E-1,-1.704965288E1,-8.507853141E0,1.905861429E1
2.227761454E1,3.439612913E-1,-9.292283433E0,-4.751594497E0,1.044234126E1
2.228758154E1,-1.575067404E0,-5.404549268E0,-1.583299699E0,5.847805405E0
2.229754854E1,-2.457844940E0,-4.915743089E0,-4.059157571E-1,5.510925464E0
2.230751554E1,-2.347864953E0,-5.521163798E0,-4.135814568E-1,6.013881371E0
2.231748254E1,-1.922522699E0,-5.731315652E0,-9.753784284E-1,6.123351673E0
2.232744954E1,-2.155734217E0,-5.406182395E0,-1.347017223E0,5.973981378E0
2.233741554E1,-2.394538598E0,-5.355891078E0,-2.018865809E0,6.204450297E0
2.234738254E1,-2.171067371E0,-5.493320526E0,-2.156356946E0,6.288082316E0
2.235734954E1,-1.048390271E0,-5.530683650E0,-2.050936325E0,5.991153779E0
2.236731654E1,1.352715334E-1,-5.017091709E0,-1.900071437E0,5.366542562E0
2.237728354E1,6.547115672E-1,-4.099347239E0,-1.845778578E0,4.543147981E0
2.238724954E1,9.916956684E-1,-3.123947468E0,-1.412455460E0,3.568968829E0
2.239721654E1,1.011017793E0,-2.192578985E0,-6.304997090E-1,2.495413686E0
2.240718354E1,7.938609740E-1,-1.507829102E0,-7.154770017E-2,1.705544757E0
2.241715054E1,1.068476627E0,-6.521270978E-1,2.164779568E-1,1.270344347E0
2.242711754E1,1.644075366E0,4.801961535E-1,4.658105412E-1,1.774979328E0
2.243708354E1,2.208828982E0,1.826870145E0,5.061596914E-1,2.910769251E0
2.244705054E1,2.665281932E0,3.152884753E0,4.302862211E-1,4.150850067E0
2.245701754E1,3.207312683E0,4.406279283E0,4.062902713E-1,5.465091358E0
2.246698454E1,3.819254207E0,5.785921045E0,3.719481120E-1,6.942761009E0
2.247695154E1,3.709498461E0,6.766556413E0,2.570994410E-1,7.720930296E0
2.248691854E1,2.981653721E0,7.177460722E0,3.294236514E-1,7.779120854E0
2.249688454E1,1.834819727E0,7.126089424E0,8.717849167E-1,7.409974551E0
2.250685154E1,6.356543219E-1,6.974382829E0,1.402716776E0,7.142386619E0
2.251681854E1,-9.170743793E-2,6.807367054E0,1.502576694E0,6.971828540E0
2.252678554E1,-6.753496072E-1,6.418177550E0,1.171694455E0,6.559113358E0
2.253675254E1,-1.161637975E0,5.834854639E0,9.935869503E-1,6.031761473E0
2.254671854E1,-1.182913946E0,5.149622360E0,1.098239247E0,5.396667981E0
2.255668554E1,-8.100267711E-1,4.419876983E0,1.076474887E0,4.620633516E0
2.256665254E1,-2.109277797E-1,3.749193746E0,9.163148260E-1,3.865304274E0
2.257661954E1,5.599448660E-1,3.144691050E0,8.373867702E-1,3.302095798E0
2.258658654E1,1.498730249E0,2.624801658E0,8.593500817E-1,3.142333316E0
2.259655254E1,2.389607348E0,2.073012781E0,7.260554919E-1,3.245729786E0
2.260651954E1,3.110807312E0,1.510207749E0,3.066983016E-1,3.471586587E0
2.261648654E1,3.804958057E0,8.858601880E-1,-4.827125028E-1,3.936428006E0
2.262645354E1,4.062448092E0,3.070326161E-1,-1.390632774E0,4.304836006E0
2.263642054E1,3.697360810E0,1.072554767E-1,-1.735519972E0,4.085830426E0
2.264638654E1,2.999659637E0,5.768108672E-1,-9.177435932E-1,3.189501844E0
2.265635354E1,2.305878436E0,1.673429850E0,5.217914915E-1,2.896499471E0
2.266632054E1,1.589514997E0,2.804512907E0,2.193035068E0,3.898878477E0
2.267628754E1,8.850474250E-1,3.094075212E0,3.027737966E0,4.418575286E0
2.268625454E1,6.489678472E-1,2.125745895E0,2.226384370E0,3.145908810E0
2.269622154E1,5.277857646E-1,2.905943388E-1,7.618775815E-1,9.713188623E-1
2.270618754E1,2.474506581E-1,-1.579365107E0,-8.337647125E-1,1.802994611E0
2.271615454E1,-4.955763772E-1,-3.682520869E0,-2.467743984E0,4.460528698E0
2.272612154E1,-1.930183136E0,-6.112932428E0,-3.755701697E0,7.429592522E0
2.273608854E1,-3.961702320E0,-8.784160393E0,-4.280759735E0,1.054426209E1
2.274605554E1,-5.923237642E0,-1.080566388E1,-2.580680030E0,1.258995733E1
2.275602154E1,-6.387375003E0,-1.217450759E1,-5.523154190E-1,1.375944210E1
2.276598854E1,-5.840956208E0,-1.410300585E1,-1.098419341E0,1.530418467E1
2.277595554E1,-5.653316134E0,-1.573857147E1,-4.221446457E0,1.724770203E1
2.278592254E1,-6.374704671E0,-1.661564330E1,-6.895727838E0,1.908579378E1
2.279588954E1,-6.324695774E0,-1.668335990E1,-8.219988867E0,1.964445192E1
2.280585654E1,-5.213280412E0,-1.532526220E1,-7.652065183E0,1.790519634E1
2.281582254E1,-3.555121442E0,-1.377095768E1,-5.003502195E0,1.507690943E1
2.282578954E1,-1.883183217E0,-1.230852928E1,-1.905675263E0,1.259674046E1
2.283575654E1,-6.677815560E-1,-1.042554224E1,-1.035717309E-1,1.044742027E1
2.284572354E1,-1.879935381E-1,-8.360589260E0,-5.674488902E-2,8.362895093E0
2.285569054E1,-2.925180727E-1,-6.208658364E0,-9.585361084E-1,6.289021941E0
2.286565654E1,-4.138784954E-1,-3.916682560E0,-1.495775213E0,4.212961094E0
2.287562354E1,-8.881873798E-1,-1.585969537E0,-1.094242236E0,2.121683828E0
2.288559054E1,-1.927364486E0,3.202777290E-1,-5.624134143E-1,2.033130722E0
2.289555754E1,-2.682167813E0,1.811145812E0,-3.139310150E-1,3.251588230E0
2.290552454E1,-1.881987461E0,3.406789568E0,3.033900931E-2,3.892173226E0
2.291549154E1,-1.469197133E0,4.998708647E0,7.979952478E-1,5.270903601E0
2.292545754E1,-6.623380905E-1,5.981744297E0,1.784913010E0,6.277409580E0
2.293542454E1,6.151791269E-1,5.865028026E0,1.341088146E0,6.047769549E0
2.294539125E1,1.904265645E0,5.756538202E0,1.568763521E0,6.262984807E0
2.295535825E1,2.920605281E0,6.212268435E0,2.538609606E0,7.318931141E0
2.296532525E1,3.642611284E0,6.899410999E0,2.759920871E0,8.275726694E0
2.297529125E1,4.454914083E0,7.761841979E0,2.313455551E0,9.243620881E0
2.298525825E1,5.198077067E0,8.738582516E0,1.882091249E0,1.034045923E1
2.299522525E1,5.635935286E0,9.543876843E0,1.650775398E0,1.120599889E1
2.300519225E1,5.920660189E0,1.016376122E1,1.487933950E0,1.185623071E1
2.301515925E1,6.311460017E0,1.073940323E1,1.259077438E0,1.252016715E1
2.302512625E1,6.769684088E0,1.111136099E1,9.860323477E-1,1.304849515E1
2.303509225E1,6.911975496E0,1.130085756E1,6.188447464E-1,1.326151408E1
2.304505925E1,6.348153634E0,1.128950811E1,7.885321140E-2,1.295215294E1
2.305502625E1,5.327737319E0,1.098021847E1,-1.692956042E-1,1.220568079E1
2.306499325E1,4.594847894E0,1.055814423E1,2.139718401E-1,1.151663235E1
2.307496025E1,4.380146906E0,1.034407298E1,1.018522986E0,1.127931389E1
2.308492625E1,4.659924481E0,1.022276314E1,2.002890047E0,1.141189515E1
2.309489325E1,5.127375458E0,1.020658974E1,2.867662836E0,1.177658454E1
2.310486025E1,5.635877983E0,1.034475126E1,3.389535019E0,1.225830114E1
2.311482725E1,5.990565407E0,1.034501205E1,3.099998442E0,1.234974245E1
2.312479425E1,6.061537156E0,1.002354032E1,2.284259233E0,1.193446410E1
2.313476125E1,5.901342743E0,9.708156706E0,1.863147294E0,1.151283938E1
2.314472725E1,5.644087474E0,9.279925343E0,1.799105372E0,1.100951942E1
2.315469425E1,5.023044174E0,8.817071446E0,1.640194277E0,1.027920031E1
2.316466125E1,4.606276862E0,8.372173179E0,1.128278732E0,9.622062314E0
2.317462825E1,4.665469396E0,8.004730055E0,2.776165898E-1,9.269270678E0
2.318459525E1,5.931506774E0,7.075327406E0,-3.551433896E0,9.892204670E0
2.319456125E1,6.167504491E0,5.733780838E0,-5.623245074E0,1.012596857E1
2.320452825E1,4.746076479E0,4.748191710E0,-5.527240809E0,8.696031130E0
2.321449525E1,3.351623427E0,3.525755848E0,-5.689428538E0,7.485581540E0
2.322446225E1,1.460063782E0,1.544042662E0,-4.082925041E0,4.602839437E0
2.323442925E1,-1.903168415E0,-3.405791448E0,-2.970408940E0,4.903549192E0
2.324439625E1,-6.035434601E0,-1.168306666E1,-4.132676368E0,1.378403175E1
2.325436225E1,-1.085444837E1,-2.067948741E1,-3.392075342E0,2.360013610E1
2.326432925E1,-1.550683228E1,-2.565764777E1,9.675750268E-1,2.999521525E1
2.327429625E1,-1.573817386E1,-2.595095814E1,-4.265532124E-1,3.035332424E1
2.328426325E1,-7.441943150E0,-1.948179989E1,-5.607578044E0,2.159555455E1
2.329423025E1,-1.080730636E0,-1.205313694E1,-7.097654414E0,1.402935447E1
2.330419725E1,-3.299297571E0,-6.640167677E0,-3.862502260E0,8.360389641E0
2.331416325E1,-3.928019727E0,-4.049762850E0,-2.517121089E-1,5.647413311E0
2.332413025E1,-2.738940477E0,-4.217808319E0,6.932339010E-1,5.076640148E0
2.333409725E1,-1.933149721E0,-5.562986008E0,-1.222641391E0,6.014875987E0
2.334406425E1,-1.004904236E0,-7.431197137E0,-3.472467541E0,8.263809910E0
2.335403125E1,-1.418692392E-1,-8.667241808E0,-4.945397243E0,9.979887841E0
2.336399725E1,-8.815963984E-2,-8.347646449E0,-5.075496038E0,9.769935178E0
2.337396425E1,-6.584792206E-1,-7.448452855E0,-3.174167449E0,8.123323446E0
2.338393125E1,-1.413626364E0,-7.311389442E0,-1.429382564E0,7.582736286E0
2.339389825E1,-1.136325086E0,-7.218497066E0,-2.928744605E-1,7.313255776E0
2.340386525E1,-9.227759993E-1,-6.716082078E0,4.853139290E-1,6.796528793E0
2.341383225E1,-1.038519002E0,-5.907868820E0,4.516713890E-1,6.015433713E0
2.342379825E1,-5.726964739E-1,-4.539289990E0,-1.745744705E-1,4.578603620E0
2.343376525E1,9.859984338E-2,-3.125169536E0,-5.811509630E-1,3.180274045E0
2.344373225E1,2.738870895E-1,-2.078440166E0,-2.539013064E-1,2.111727619E0
2.345369925E1,2.895324844E-1,-9.887086183E-1,2.664023611E-1,1.064116539E0
2.346366625E1,4.480519626E-1,5.190310210E-1,7.628847644E-1,1.025737260E0
2.347363325E1,9.666713396E-1,2.324020300E0,1.861554658E0,3.130640442E0
2.348359925E1,1.635601289E0,4.132515569E0,2.759541095E0,5.231438001E0
2.349356625E1,2.309129781E0,5.845805889E0,2.885986841E0,6.916245143E0
2.350353325E1,2.677001506E0,7.393632284E0,2.343001824E0,8.204985860E0
2.351350025E1,2.539342555E0,8.476192222E0,1.396222712E0,8.957875477E0
2.352346725E1,2.064263007E0,9.049636263E0,5.496676536E-1,9.298345701E0
2.353343325E1,1.278968789E0,9.314292353E0,-4.715779424E-2,9.401809775E0
2.354340025E1,4.504127759E-1,9.175935536E0,-7.332488827E-1,9.216198704E0
2.355336725E1,-4.627270120E-1,8.643303891E0,-1.416020068E0,8.770742915E0
2.356333425E1,-1.590099426E0,7.360123646E0,-1.682145710E0,7.715533063E0
2.357330125E1,-2.418031541E0,5.333310301E0,-1.159588233E0,5.969566162E0
2.358326825E1,-2.176889444E0,2.805164287E0,-2.939254975E-1,3.562890193E0
2.359323425E1,-1.018034159E0,4.807984167E-1,1.322736660E-1,1.133603541E0
2.360320125E1,1.442329761E-1,-1.309445354E0,-8.281528473E-2,1.319965400E0
2.361316825E1,1.167044018E0,-2.542107410E0,-2.320701420E-1,2.806805725E0
2.362313525E1,1.986197708E0,-3.245595866E0,-1.848022740E-1,3.809596532E0
2.363310225E1,2.379973184E0,-3.542786449E0,-1.083594310E-1,4.269350061E0
2.364306925E1,2.606279433E0,-3.268752009E0,-2.567532858E-1,4.188478773E0
2.365303525E1,3.122583605E0,-2.090507065E0,-4.234334305E-1,3.781539902E0
2.366300225E1,3.433661032E0,-3.929849321E-1,-4.197644489E-1,3.481474894E0
2.367296925E1,2.560254244E0,9.262755579E-1,-1.162040555E-1,2.725140654E0
2.368293625E1,1.324068363E0,1.817006477E0,2.876024647E-1,2.266579966E0
2.369290325E1,6.518528634E-1,2.303134630E0,3.909085858E-1,2.425314578E0
2.370286925E1,7.944904268E-2,2.478852816E0,5.733757742E-1,2.545541831E0
2.371283625E1,-3.146518305E-1,2.430169483E0,7.751022291E-1,2.570119250E0
2.372280325E1,-2.771700087E-1,2.313476016E0,6.084744170E-1,2.408160212E0
2.373277025E1,1.628598663E-1,2.154088519E0,3.019478774E-1,2.181236622E0
2.374273725E1,8.086725560E-1,1.919420459E0,1.437701690E-1,2.087772991E0
2.375270425E1,1.466419998E0,1.763699750E0,7.991170362E-2,2.295083942E0
2.376267025E1,2.061026866E0,1.694407321E0,6.649541348E-2,2.668945400E0
2.377263725E1,2.420386799E0,1.623572981E0,1.647189885E-2,2.914538181E0
2.378260425E1,2.467689604E0,1.522561746E0,-1.881385490E-1,2.905698258E0
2.379257125E1,2.101293424E0,1.415392808E0,-3.245903429E-1,2.554237606E0
2.380253825E1,1.415519108E0,1.404892378E0,-2.625858834E-1,2.011558671E0
2.381250525E1,8.234782907E-1,1.521897503E0,-3.142714691E-1,1.758708350E0
2.382247125E1,4.604968840E-1,1.600012795E0,-3.206294391E-1,1.695553468E0
2.383243825E1,1.229596362E-1,1.592560519E0,-1.188212693E-1,1.601713636E0
2.384240525E1,-2.258209303E-1,1.239305078E0,-2.020213008E-2,1.259873127E0
2.385237225E1,-5.813006517E-1,3.555229908E-1,-4.965782976E-1,8.431471108E-1
2.386233925E1,-1.175529497E0,-8.155895197E-1,-1.084787435E0,1.795499831E0
2.387230525E1,-1.891168759E0,-2.121870360E0,-1.334548328E0,3.140043366E0
2.388227225E1,-2.626496766E0,-3.690515767E0,-1.722765148E0,4.846267806E0
2.389223925E1,-3.679902779E0,-5.185757568E0,-2.522130691E0,6.840680466E0
2.390220625E1,-4.538902612E0,-6.450327296E0,-2.952598029E0,8.421769070E0
2.391217325E1,-4.736860683E0,-7.285833601E0,-2.206919281E0,8.966142599E0
2.392214025E1,-4.572942178E0,-8.253474117E0,-1.365384204E0,9.533934612E0
2.393210625E1,-4.479948060E0,-1.011839970E1,-2.248345635E0,1.129189998E1
2.394207325E1,-4.793580429E0,-1.291167893E1,-4.704095225E0,1.455398152E1
2.395204013E1,-4.950732243E0,-1.559791202E1,-5.808219402E0,1.736490777E1
2.396200713E1,-4.704040554E0,-1.729963304E1,-4.690146400E0,1.853112987E1
2.397197413E1,-3.837705388E0,-1.744459955E1,-3.326590328E0,1.816888107E1
2.398194113E1,-2.530723174E0,-1.654706598E1,-2.865962174E0,1.698304129E1
2.399190713E1,-8.922491482E-1,-1.483974684E1,-2.408999932E0,1.506046066E1
2.400187413E1,4.046299544E-1,-1.242472047E1,-1.774167728E0,1.255727181E1
2.401184113E1,9.646368009E-1,-9.558017165E0,-7.777251439E-1,9.638001488E0
2.402180813E1,6.886292186E-1,-6.989903094E0,2.590024173E-1,7.028516039E0
2.403177513E1,-6.575053668E-1,-4.834451004E0,1.061956104E0,4.993193426E0
2.404174213E1,-2.400913817E0,-2.919246388E0,1.466282734E0,4.054179533E0
2.405170813E1,-3.295660019E0,-9.053208911E-1,1.205963524E0,3.624269429E0
2.406167513E1,-3.469508557E0,1.171640514E0,3.727399711E-1,3.680919207E0
2.407164213E1,-3.442210831E0,3.173451165E0,-6.241098717E-2,4.682254033E0
2.408160913E1,-2.929635721E0,5.624694598E0,3.925890025E-1,6.354060191E0
2.409157613E1,-2.388370078E0,7.368914934E0,2.633105727E-1,7.750777470E0
2.410154312E1,-1.103529515E0,8.362335239E0,3.170991826E-1,8.440792613E0
2.411150913E1,5.144111359E-1,9.365205814E0,1.064419024E0,9.439527881E0
2.412147613E1,1.946200706E0,1.030252618E1,1.631022334E0,1.061084241E1
2.413144313E1,3.071613718E0,1.103493321E1,1.571680112E0,1.156177928E1
2.414141013E1,3.880423391E0,1.139534622E1,1.257113943E0,1.210338534E1
2.415137713E1,4.461123827E0,1.152797979E1,1.084495951E0,1.240854847E1
2.416134413E1,4.861347612E0,1.156882843E1,1.017036697E0,1.258987115E1
2.417131013E1,5.175599785E0,1.157315070E1,1.050784414E0,1.272119484E1
2.418127713E1,5.454313166E0,1.139539300E1,9.116616118E-1,1.266631914E1
2.419124413E1,5.731258934E0,1.120199985E1,5.535921586E-1,1.259518138E1
2.420121113E1,5.838926640E0,1.099787823E1,9.324087024E-2,1.245211162E1
2.421117812E1,5.704646502E0,1.085494889E1,-2.077877883E-1,1.226442347E1
2.422114513E1,5.413638765E0,1.077767794E1,-1.541185347E-1,1.206190611E1
2.423111113E1,5.342700344E0,1.055676662E1,2.616395116E-1,1.183461971E1
2.424107813E1,5.541171216E0,1.034278075E1,1.179901460E0,1.179278845E1
2.425104513E1,5.636353362E0,1.027415315E1,2.155498867E0,1.191523720E1
2.426101213E1,5.505898472E0,1.000254764E1,2.578946038E0,1.170541926E1
2.427097913E1,5.290574171E0,9.531501796E0,2.516726986E0,1.118810155E1
2.428094513E1,5.224991800E0,9.091935605E0,2.322494030E0,1.074047536E1
2.429091213E1,5.209987260E0,8.721307502E0,2.117152681E0,1.037725914E1
2.430087913E1,5.288390821E0,8.410053781E0,1.960135206E0,1.012611535E1
2.431084613E1,5.334123064E0,8.135992445E0,1.769815499E0,9.888351168E0
2.432081312E1,5.267492287E0,7.865578601E0,1.513688743E0,9.586712436E0
2.433078013E1,5.305174084E0,7.593921640E0,8.850215511E-1,9.305685417E0
2.434074613E1,5.605282427E0,7.264985939E0,-2.325813349E-1,9.178959955E0
2.435071313E1,5.544586574E0,6.909209179E0,-1.065642335E0,8.922735306E0
2.436068013E1,4.735292167E0,6.189483590E0,-1.937660702E0,8.030394014E0
2.437064713E1,3.237155995E0,4.881249195E0,-3.470665137E0,6.808178106E0
2.438061412E1,1.344719267E0,3.145002122E0,-4.303213921E0,5.496995388E0
2.439058113E1,-1.647073526E0,-8.907320881E-1,-5.676647109E0,5.977505939E0
2.440054713E1,-5.912767618E0,-7.352198330E0,-6.094576263E0,1.123207465E1
2.441051413E1,-9.009509161E0,-1.124347064E1,6.383718154E-1,1.442201116E1
2.442048113E1,-1.069512227E1,-1.479322405E1,1.748479740E0,1.833800152E1
2.443044813E1,-1.060421444E1,-1.953378631E1,-3.618381591E0,2.251912203E1
2.444041513E1,-1.051672489E1,-2.063302310E1,5.143678665E-2,2.315870873E1
2.445038213E1,-1.304784538E1,-2.366450503E1,8.817680141E-1,2.703761421E1
2.446034813E1,-1.049264956E1,-2.658913729E1,-6.232543656E0,2.925615349E1
2.447031513E1,-1.858765829E0,-1.968413694E1,-9.722242649E0,2.203275424E1
2.448028213E1,8.095686418E-1,-9.702488415E0,-6.397948523E0,1.165021151E1
2.449024912E1,-1.965208543E0,-3.885529180E0,-1.677013901E0,4.666021566E0
2.450021613E1,-2.540656716E0,-2.401621622E0,7.999827164E-1,3.586459998E0
2.451018313E1,-2.719208463E0,-1.613170200E0,1.203998128E0,3.383197342E0
2.452014913E1,-2.816172255E0,-1.767313914E0,-4.685847527E-1,3.357647437E0
2.453011613E1,-2.684301462E0,-3.285715951E0,-1.862446944E0,4.633585250E0
2.454008313E1,-2.086049148E0,-4.980498664E0,-1.673240108E0,5.653025778E0
2.455005013E1,-6.310130945E-1,-5.742710706E0,-1.008532434E0,5.864643335E0
2.456001713E1,2.269266388E-1,-5.892005324E0,-7.647348234E-1,5.945758303E0
2.456998413E1,4.245031786E-1,-4.961259570E0,-8.525553247E-1,5.051846202E0
2.457995013E1,8.041497347E-1,-3.767380925E0,-1.261485614E0,4.053536948E0
2.458991713E1,1.467577454E0,-2.816881523E0,-1.443235495E0,3.488772533E0
2.459988412E1,1.793623461E0,-1.926705505E0,-1.073622469E0,2.842876084E0
2.460985113E1,2.211539167E0,-8.701417029E-1,-7.657270959E-1,2.496876059E0
2.461981813E1,2.446798965E0,3.549464554E-1,-4.723379342E-1,2.517124408E0
2.462978513E1,2.798889932E0,1.791357080E0,5.421626061E-2,3.323504844E0
2.463975113E1,3.315979385E0,3.237314454E0,6.135229030E-1,4.674648063E0
2.464971813E1,3.951093132E0,4.615969207E0,9.351007605E-1,6.147578555E0
2.465968513E1,4.502204610E0,5.815947082E0,1.233009381E0,7.457573261E0
2.466965213E1,4.407485271E0,6.679015993E0,1.490137035E0,8.139759789E0
2.467961913E1,3.577465408E0,7.034391049E0,1.660075979E0,8.064537707E0
2.468958613E1,2.328228833E0,6.969649508E0,1.593211753E0,7.518975160E0
2.469955213E1,9.023250702E-1,6.468271231E0,1.111890156E0,6.624879091E0
2.470951912E1,-4.564351156E-1,5.840726413E0,5.692499788E-1,5.886124666E0
2.471948613E1,-1.661668176E0,5.168789533E0,1.333795206E-1,5.430959073E0
2.472945313E1,-2.649768392E0,4.358498760E0,-1.095173259E-1,5.101938652E0
2.473942013E1,-3.450759168E0,3.354442370E0,-2.900944018E-1,4.821221548E0
2.474938713E1,-3.641502359E0,2.138313316E0,-2.414525843E-1,4.229801723E0
2.475935413E1,-2.681276405E0,7.001444328E-1,-2.494119604E-1,2.782382381E0
2.476932013E1,-9.024300277E-1,-5.044135666E-1,-3.795136781E-1,1.101291802E0
2.477928713E1,1.133479831E0,-1.047756141E0,-2.303533995E-1,1.560651193E0
2.478925413E1,2.981783821E0,-1.219660773E0,-1.041622996E-2,3.221601412E0
2.479922113E1,4.189096152E0,-1.165117945E0,2.105791394E-1,4.353202266E0
2.480918813E1,4.663687457E0,-8.330557376E-1,4.495175672E-1,4.758784361E0
2.481915513E1,4.530751886E0,3.039616585E-2,6.685614283E-1,4.579913860E0
2.482912113E1,4.005866048E0,1.121178458E0,5.580138230E-1,4.197068424E0
2.483908813E1,3.087047736E0,1.942672496E0,-1.349054977E-2,3.647467909E0
2.484905513E1,2.249980809E0,2.456774899E0,-4.602271812E-1,3.363029230E0
2.485902213E1,1.835006838E0,2.711088434E0,-5.144485581E-1,3.313896183E0
2.486898913E1,1.490214072E0,2.703097630E0,-5.132802844E-2,3.087087518E0
2.487895613E1,1.294003734E0,2.513453130E0,4.836563896E-1,2.868068305E0
2.488892213E1,1.510117702E0,2.325109636E0,5.667624271E-1,2.829807404E0
2.489888913E1,1.943515665E0,2.153606123E0,3.223415038E-1,2.918762841E0
2.490885613E1,2.371154413E0,2.042164625E0,-2.704161823E-1,3.141008519E0
2.491882313E1,2.653074115E0,1.941286706E0,-1.040633063E0,3.448233389E0
2.492879013E1,2.472953268E0,1.850377121E0,-1.589240470E0,3.473482205E0
2.493875712E1,2.043273257E0,1.680880957E0,-1.887526529E0,3.250089659E0
2.494872379E1,1.370890527E0,1.704744029E0,-1.423845836E0,2.610139844E0
2.495869079E1,6.784421995E-1,1.961268396E0,-4.697454250E-1,2.127796585E0
2.496865779E1,-3.506051901E-1,2.159375571E0,4.870648777E-1,2.241218207E0
2.497862479E1,-1.324317454E0,2.260397916E0,1.698247480E0,3.122060211E0
2.498859179E1,-1.874489284E0,1.758303940E0,2.666226549E0,3.703256247E0
2.499855879E1,-1.918611204E0,-2.483604848E-1,1.196727116E0,2.274842340E0
2.500852479E1,-2.649344176E0,-4.072224929E0,-2.640114639E0,5.529217462E0
2.501849179E1,-5.750506214E0,-8.855870061E0,-5.290955994E0,1.181054493E1
2.502845879E1,-8.564033774E0,-1.209343595E1,-3.742927870E0,1.528408900E1
2.503842579E1,-7.547408209E0,-1.326612779E1,-5.932827660E-1,1.527434128E1
2.504839279E1,-4.763276356E0,-1.390651953E1,1.852219579E-1,1.470082971E1
2.505835979E1,-2.899468181E0,-1.598650394E1,-2.222119996E0,1.639856827E1
2.506832579E1,-2.478235935E0,-1.901510320E1,-5.925270719E0,2.007049168E1
2.507829279E1,-2.477179343E0,-1.958596102E1,-8.288237568E0,2.141123930E1
2.508825979E1,-2.214197603E0,-1.660930842E1,-7.183579248E0,1.823117133E1
2.509822679E1,-1.835969582E0,-1.367039375E1,-3.927833493E0,1.434148966E1
2.510819379E1,-1.951532198E0,-1.201401322E1,-1.328389455E0,1.224375800E1
2.511816079E1,-2.301539218E0,-1.048967567E1,6.758913517E-2,1.073941091E1
2.512812679E1,-2.797829540E0,-8.514938797E0,4.853422880E-1,8.975945075E0
2.513809379E1,-3.376593962E0,-6.426605142E0,-4.229729623E-2,7.259781642E0
2.514806079E1,-4.279516617E0,-4.343408850E0,-9.448564012E-1,6.170268757E0
2.515802779E1,-5.027938294E0,-2.362700801E0,-1.754266437E0,5.825802030E0
2.516799479E1,-5.445552868E0,-5.737703151E-1,-1.836217357E0,5.775374671E0
2.517796179E1,-5.276629146E0,1.125788988E0,-1.262059664E0,5.541029741E0
2.518792879E1,-4.171733429E0,2.436937051E0,-6.115404046E-1,4.869907973E0
2.519789479E1,-2.880927245E0,3.591199640E0,-1.120525324E-1,4.605324355E0
2.520786179E1,-1.686017151E0,4.145319217E0,1.411400914E-1,4.477303404E0
2.521782879E1,1.162604812E-1,4.281741191E0,4.388254217E-1,4.305739411E0
2.522779579E1,1.986998776E0,4.247157834E0,8.778084259E-1,4.770436189E0
2.523776279E1,3.389335629E0,4.317564742E0,1.027326554E0,5.584295941E0
2.524772979E1,4.104267086E0,4.810501394E0,1.136354907E0,6.424736138E0
2.525769579E1,4.647335426E0,5.943948480E0,1.725734364E0,7.739923074E0
2.526766279E1,5.388684018E0,7.314866197E0,2.328638431E0,9.379111891E0
2.527762979E1,6.168603183E0,8.679243802E0,2.618179686E0,1.096520876E1
2.528759679E1,6.895675798E0,9.837018814E0,2.722875252E0,1.231792732E1
2.529756379E1,7.301306503E0,1.071327787E1,2.418852782E0,1.318841341E1
2.530753079E1,7.127289857E0,1.139242262E1,1.154295261E0,1.348769629E1
2.531749679E1,6.719255946E0,1.155987986E1,1.127338500E0,1.341827541E1
2.532746379E1,6.867716752E0,1.136439574E1,2.363968477E0,1.348715578E1
2.533743079E1,6.838930909E0,1.103869414E1,2.915002771E0,1.330868083E1
2.534739779E1,6.228851139E0,1.055571295E1,2.799387238E0,1.257212120E1
2.535736479E1,5.585072111E0,1.018855576E1,2.765993789E0,1.194363515E1
2.536733179E1,5.038406564E0,1.002498341E1,2.828990521E0,1.157104232E1
2.537729779E1,4.683100505E0,1.006494328E1,2.978298004E0,1.149368403E1
2.538726479E1,4.800623108E0,1.018789853E1,2.898803937E0,1.162937328E1
2.539723179E1,5.090902281E0,1.020348487E1,2.309249210E0,1.163447555E1
2.540719879E1,5.255706055E0,1.011686772E1,1.705866694E0,1.152750796E1
2.541716579E1,5.370093965E0,9.952391396E0,1.404407790E0,1.139562920E1
2.542713279E1,5.297852200E0,9.766675056E0,1.253138860E0,1.118148186E1
2.543709979E1,4.994389309E0,9.554553859E0,1.371974308E0,1.086810644E1
2.544706579E1,4.680561059E0,9.251768076E0,1.707128377E0,1.050795659E1
2.545703279E1,4.534793481E0,8.957073085E0,1.919689869E0,1.022148323E1
2.546699979E1,4.523923507E0,8.658771531E0,1.864178743E0,9.945620680E0
2.547696679E1,4.507015114E0,8.352519518E0,1.715447796E0,9.644715065E0
2.548693379E1,4.411161708E0,7.955788860E0,1.536676194E0,9.225741039E0
2.549690079E1,4.432153797E0,7.383938770E0,7.572951186E-1,8.645231919E0
2.550686679E1,4.694500529E0,5.819209244E0,-2.640366361E0,7.929253808E0
2.551683379E1,3.544650833E0,3.672182407E0,-5.974075674E0,7.857420271E0
2.552680079E1,1.359781694E-1,3.173465198E-1,-8.597633629E0,8.604562911E0
2.553676779E1,-5.171366985E0,-5.748706441E0,-9.381367518E0,1.215733189E1
2.554673479E1,-7.089177121E0,-7.812655452E0,1.866027486E0,1.071335970E1
2.555670179E1,-8.585821084E0,-1.109394097E1,6.936867678E0,1.564966399E1
2.556666779E1,-1.017297644E1,-1.778518115E1,1.334178199E0,2.053246575E1
2.557663479E1,-1.183421133E1,-2.600148744E1,-4.671090032E0,2.894727948E1
2.558660179E1,-1.395502452E1,-3.056484632E1,-8.592582804E0,3.468119115E1
2.559656879E1,-8.111883205E0,-2.299124727E1,-7.585432652E0,2.553309399E1
2.560653579E1,2.068581176E-1,-1.314201596E1,-2.583624688E0,1.339516668E1
2.561650279E1,1.231739366E-1,-9.419508321E0,-1.048097326E0,9.478439578E0
2.562646979E1,1.008603770E-1,-6.696062381E0,-1.632203764E0,6.892859592E0
2.563643579E1,2.579026438E0,-6.345776156E0,-4.571768642E0,8.235370113E0
2.564640279E1,2.730931545E0,-8.022416713E0,-5.761515352E0,1.024754684E1
2.565636979E1,-1.312475089E0,-8.402418487E0,-3.938774511E0,9.372148736E0
2.566633679E1,-4.018664141E0,-7.305780208E0,-1.716074471E0,8.512872460E0
2.567630379E1,-4.609706254E0,-6.075076969E0,6.616709232E-2,7.626292022E0
2.568627079E1,-3.881599851E0,-5.095007612E0,4.568923679E-1,6.421422786E0
2.569623679E1,-3.010074405E0,-4.641295252E0,-5.536450759E-1,5.559558652E0
2.570620379E1,-2.051784756E0,-3.998891489E0,-1.663629917E0,4.792558641E0
2.571617079E1,-9.518974721E-1,-3.110864323E0,-1.694373992E0,3.668036104E0
2.572613779E1,6.814462066E-2,-2.321393146E0,-9.725311267E-1,2.517801942E0
2.573610479E1,1.157347288E0,-1.625852226E0,-3.471898314E-1,2.025682350E0
2.574607179E1,2.104452674E0,-9.003963661E-1,2.245067686E-2,2.289091241E0
2.575603879E1,2.654999603E0,-1.162865013E-1,2.499532664E-1,2.669273699E0
2.576600479E1,2.999911652E0,8.488876587E-1,5.379976344E-1,3.163782804E0
2.577597179E1,3.194559321E0,2.203438434E0,5.883072241E-1,3.925105805E0
2.578593879E1,3.323712036E0,3.681773010E0,6.562739432E-1,5.003319866E0
2.579590579E1,3.230597465E0,5.114002292E0,6.808591461E-1,6.087146178E0
2.580587279E1,2.972461021E0,6.489463295E0,2.547069065E-1,7.142375934E0
2.581583979E1,2.515172796E0,7.601764510E0,-2.162252109E-1,8.009973234E0
2.582580679E1,1.877652920E0,8.300505611E0,-6.254882066E-1,8.533182840E0
2.583577279E1,8.684661832E-1,8.501881964E0,-7.990828300E-1,8.583400481E0
2.584573979E1,-2.486408588E-1,8.192001169E0,-6.859121637E-1,8.224425872E0
2.585570679E1,-1.311824878E0,7.348014647E0,-3.898420537E-1,7.474368240E0
2.586567379E1,-2.086223687E0,5.840008374E0,-1.209145725E-1,6.202632298E0
2.587564079E1,-2.156978505E0,3.849988634E0,3.987567186E-2,4.413225444E0
2.588560779E1,-1.328039500E0,1.913035884E0,3.104979685E-1,2.349426354E0
2.589557379E1,-4.059607807E-1,4.317537260E-1,4.805839701E-1,7.630048412E-1
2.590554079E1,2.471501112E-1,-7.193080974E-1,4.160517593E-1,8.669408185E-1
2.591550779E1,8.033515897E-1,-1.772330825E0,8.080296546E-2,1.947577842E0
2.592547479E1,1.494220584E0,-2.564817996E0,-4.128846149E-1,2.996908442E0
2.593544179E1,2.163986393E0,-2.936477548E0,-7.618232024E-1,3.726407397E0
2.594540804E1,2.811774272E0,-2.854335862E0,-8.365237212E-1,4.093052615E0
2.595537404E1,3.469711456E0,-2.271857289E0,-7.679510844E-1,4.217817207E0
2.596534104E1,3.815056198E0,-1.196159644E0,-6.379628026E-1,4.048758850E0
2.597530804E1,3.523989112E0,-1.767899805E-1,-6.066414611E-1,3.580191031E0
2.598527504E1,2.871920779E0,4.833372778E-1,-5.431674501E-1,2.962528441E0
2.599524204E1,2.304327755E0,1.018342307E0,-3.526620944E-1,2.543878536E0
2.600520904E1,1.949238920E0,1.504383922E0,-6.227986336E-2,2.463043266E0
2.601517604E1,1.747058575E0,1.908020727E0,1.918705344E-1,2.594141681E0
2.602514204E1,1.608364958E0,2.229803529E0,5.319308558E-1,2.800323562E0
2.603510904E1,1.585319912E0,2.578239110E0,1.063767571E0,3.208139270E0
2.604507604E1,1.721670257E0,3.051688161E0,1.357564138E0,3.757649464E0
2.605504304E1,1.898849077E0,3.547810961E0,9.079932149E-1,4.125171767E0
2.606501004E1,1.998278055E0,4.004883131E0,7.280046612E-2,4.476327064E0
2.607497704E1,1.933186558E0,4.206123244E0,-8.896863136E-1,4.713833339E0
2.608494304E1,1.613805792E0,3.987357271E0,-1.432773657E0,4.533897605E0
2.609491004E1,1.296036226E0,3.505288255E0,-1.460916306E0,4.012609139E0
2.610487704E1,1.133825401E0,2.948788276E0,-1.478614658E0,3.488153328E0
2.611484404E1,1.224902509E0,2.449910853E0,-1.727382402E0,3.238255596E0
2.612481104E1,1.060582885E0,1.876705379E0,-1.580821356E0,2.673173264E0
2.613477804E1,3.729839462E-1,1.218816435E0,-4.397214344E-1,1.348326913E0
2.614474504E1,-7.150995639E-1,5.232755148E-1,9.321373916E-1,1.286104493E0
2.615471104E1,-1.568479638E0,-1.394531697E-1,1.487305959E0,2.166022756E0
2.616467804E1,-2.042200585E0,-8.642716831E-1,1.547428200E0,2.704086317E0
2.617464504E1,-2.673457509E0,-2.090896490E0,1.279981819E0,3.627337403E0
2.618461204E1,-3.534740680E0,-4.091251768E0,3.172164193E-1,5.416027969E0
2.619457904E1,-4.359683406E0,-6.357820251E0,-1.060238192E0,7.781569428E0
2.620454604E1,-5.188895184E0,-8.253279405E0,-2.365503956E0,1.003179262E1
2.621451304E1,-5.860534440E0,-9.032855923E0,-2.363152206E0,1.102373976E1
2.622447904E1,-6.064664247E0,-9.485688862E0,-1.046091439E0,1.130719916E1
2.623444604E1,-5.173126413E0,-1.034827245E1,-3.610699520E-1,1.157490178E1
2.624441304E1,-4.046322056E0,-1.128857607E1,-1.280993095E0,1.206008354E1
2.625438004E1,-3.350869429E0,-1.230404564E1,-2.891797219E0,1.307594571E1
2.626434704E1,-2.785721126E0,-1.362228754E1,-4.282955657E0,1.454890612E1
2.627431404E1,-2.253099714E0,-1.468477925E1,-4.716849172E0,1.558742654E1
2.628428004E1,-2.033653418E0,-1.491825389E1,-4.109494204E0,1.560698523E1
2.629424704E1,-2.154700137E0,-1.385320227E1,-2.834549177E0,1.430344766E1
2.630421404E1,-2.483061642E0,-1.200545640E1,-1.680981822E0,1.237425870E1
2.631418104E1,-2.878941823E0,-1.013688274E1,-1.298956472E0,1.061753200E1
2.632414804E1,-3.317008203E0,-8.264783801E0,-1.063658521E0,8.968866381E0
2.633411504E1,-3.863359754E0,-6.348540720E0,-9.458092050E-1,7.491600157E0
2.634408204E1,-4.389336683E0,-4.643242959E0,-9.636936450E-1,6.461786683E0
2.635404804E1,-5.058905733E0,-3.215797870E0,-8.643354177E-1,6.056480733E0
2.636401504E1,-4.915947157E0,-1.717907866E0,-6.877810800E-1,5.252693281E0
2.637398204E1,-4.016931903E0,-1.312963039E-1,-5.397822046E-1,4.055162816E0
2.638394904E1,-2.862073775E0,1.120811838E0,1.530285041E-1,3.077515750E0
2.639391604E1,-1.085285325E0,2.636151103E0,7.518441980E-1,2.948288754E0
2.640388304E1,5.577352032E-1,3.251982195E0,7.693226950E-1,3.387966080E0
2.641385004E1,2.332656053E0,3.585726061E0,1.296265730E0,4.469789759E0
2.642381604E1,3.650537769E0,4.224094076E0,2.015676738E0,5.935684416E0
2.643378304E1,4.438149531E0,5.346041443E0,2.260533425E0,7.306664201E0
2.644375004E1,4.943068882E0,6.780152358E0,2.183505714E0,8.670184149E0
2.645371704E1,5.521608186E0,8.251896538E0,1.999612098E0,1.012819836E1
2.646368404E1,6.067295494E0,9.547999130E0,1.849190136E0,1.146280359E1
2.647365104E1,6.370492921E0,1.025685591E1,1.744727143E0,1.219960434E1
2.648361704E1,6.650894979E0,1.060798589E1,1.532428923E0,1.261396477E1
2.649358404E1,7.014130447E0,1.091939223E1,1.261747277E0,1.303929288E1
2.650355104E1,7.258839346E0,1.126630168E1,1.107284816E0,1.344791366E1
2.651351804E1,7.228694025E0,1.148351522E1,9.487831720E-1,1.360240158E1
2.652348504E1,6.933654633E0,1.165307395E1,7.593920032E-1,1.358110361E1
2.653345204E1,6.336678473E0,1.165191971E1,5.445337252E-1,1.327468433E1
2.654341904E1,5.803199567E0,1.138605266E1,4.708716718E-1,1.278831656E1
2.655338504E1,5.803161560E0,1.117831980E1,4.348726308E-1,1.260240580E1
2.656335204E1,6.098244222E0,1.104250418E1,7.922475079E-1,1.263934877E1
2.657331904E1,6.253325830E0,1.088800203E1,1.344788118E0,1.262779186E1
2.658328604E1,6.109481986E0,1.069738280E1,2.306828316E0,1.253320493E1
2.659325304E1,5.791369480E0,1.022016464E1,3.487829053E0,1.225384336E1
2.660322004E1,5.458581049E0,9.605251558E0,4.088036385E0,1.178002572E1
2.661318704E1,5.234270747E0,9.112088619E0,3.823722649E0,1.118251332E1
2.662315304E1,5.106609072E0,8.727058824E0,3.136254687E0,1.058655305E1
2.663312004E1,5.033479115E0,8.447366034E0,2.597278229E0,1.017053387E1
2.664308704E1,4.924169512E0,8.298331617E0,2.212147862E0,9.899664194E0
2.665305404E1,4.814262323E0,8.180847021E0,1.905654505E0,9.681678511E0
2.666302104E1,4.711287593E0,8.001493621E0,1.425221393E0,9.394220934E0
2.667298804E1,4.850365956E0,7.540253556E0,-1.579274476E-1,8.966962399E0
2.668295504E1,4.612426963E0,6.993973925E0,-1.009573238E0,8.438565748E0
2.669292104E1,3.760538514E0,6.192969115E0,-2.268114779E0,7.592026148E0
2.670288804E1,2.624244418E0,3.953288469E0,-7.449963775E0,8.832729405E0
2.671285504E1,8.924932694E-1,1.292249862E0,-1.084011334E1,1.095328768E1
2.672282204E1,-2.356889838E-1,-2.701109576E-1,-6.897294892E0,6.906604524E0
2.673278904E1,-1.353172587E0,-3.018545558E0,-1.939535465E0,3.834643550E0
2.674275604E1,-3.780772219E0,-5.898449541E0,5.199820122E0,8.724911166E0
2.675272204E1,-8.219533954E0,-1.238263806E1,6.453583610E0,1.620306160E1
2.676268904E1,-1.341869802E1,-2.458043394E1,1.745828613E0,2.805899333E1
2.677265604E1,-1.591032642E1,-3.748300759E1,-8.344905274E0,4.156623376E1
2.678262304E1,-1.170618421E1,-4.023000378E1,-1.395231375E1,4.416055946E1
2.679259004E1,-2.790243362E0,-2.820808863E1,-1.446810015E1,3.182463895E1
2.680255704E1,-2.695167343E0,-1.427242425E1,-7.928884066E0,1.654790692E1
2.681252404E1,-2.317262673E0,-6.781418865E0,-9.155675519E-1,7.224653076E0
2.682249004E1,-1.146662086E0,-3.041864254E0,1.107680453E0,3.434345362E0
2.683245704E1,-9.360588267E-1,-1.524352164E0,4.574089694E-1,1.846369034E0
2.684242404E1,-1.132575851E0,-1.150787589E0,1.754068217E-1,1.624132903E0
2.685239104E1,-1.553220452E0,-1.607417125E0,1.931744635E-2,2.235320279E0
2.686235804E1,-1.788227066E0,-2.732824874E0,-3.461010799E-1,3.284185407E0
2.687232504E1,-2.474937521E0,-4.256367783E0,-9.462803444E-1,5.013724058E0
2.688229204E1,-2.891477961E0,-5.465927491E0,-1.022020791E0,6.267498275E0
2.689225804E1,-2.573345868E0,-5.838275844E0,-4.536220202E-1,6.396354175E0
2.690222504E1,-1.162887817E0,-5.053609909E0,1.028262109E-2,5.185690593E0
2.691219204E1,2.170176548E-1,-3.911909478E0,3.319932103E-2,3.918065163E0
2.692215904E1,7.581420878E-1,-3.187999622E0,3.015815493E-1,3.290755604E0
2.693212604E1,1.133907554E0,-2.309841387E0,5.059578162E-1,2.622423857E0
2.694209304E1,1.420800898E0,-1.136095290E0,5.853340611E-1,1.911021628E0
2.695206075E1,1.670883680E0,2.581744516E-1,7.177047908E-1,1.836738002E0
2.696202675E1,2.002612596E0,1.712665837E0,8.810873982E-1,2.778488165E0
2.697199375E1,2.442121777E0,3.158888674E0,1.051925790E0,4.129053681E0
2.698196075E1,2.749627725E0,4.362481883E0,1.288785094E0,5.315323869E0
2.699192775E1,2.944543782E0,5.565364655E0,1.170092464E0,6.404118847E0
2.700189475E1,2.829804454E0,6.463122758E0,7.158804595E-1,7.091701761E0
2.701186175E1,2.448160197E0,6.979364657E0,3.431827345E-1,7.404241605E0
2.702182875E1,1.918489874E0,7.127389260E0,2.704001024E-2,7.381125404E0
2.703179475E1,1.025994851E0,6.922501069E0,-8.638793349E-2,6.998653396E0
2.704176175E1,-6.866239160E-2,6.475242282E0,-7.205640793E-2,6.476007200E0
2.705172875E1,-9.027659503E-1,5.796270617E0,7.991988972E-2,5.866696397E0
2.706169575E1,-1.178805985E0,4.876339872E0,1.381393003E-1,5.018700685E0
2.707166275E1,-1.076485850E0,3.283533186E0,1.506299762E-1,3.458771654E0
2.708162975E1,-1.006449071E-1,1.288379005E0,7.703004956E-2,1.294597809E0
2.709159675E1,8.324061120E-1,-2.367356354E-1,-2.875514477E-3,8.654201089E-1
2.710156275E1,1.421271307E0,-1.339774277E0,-7.703238845E-2,1.954722801E0
2.711152975E1,1.850901031E0,-1.997037569E0,-1.998964226E-1,2.730192715E0
2.712149675E1,2.120094561E0,-2.240591642E0,-2.268510635E-1,3.092978057E0
2.713146375E1,2.302375077E0,-2.014299719E0,-1.503203662E-1,3.062830483E0
2.714143075E1,2.395296982E0,-1.123810875E0,1.111906528E-2,2.645849986E0
2.715139775E1,2.156618901E0,5.472526073E-2,1.998264022E-1,2.166548068E0
2.716136375E1,1.547060995E0,9.253604686E-1,4.371166460E-1,1.854928754E0
2.717133075E1,9.720116016E-1,1.458538828E0,6.183021247E-1,1.858612274E0
2.718129775E1,5.691972077E-1,1.719131103E0,6.626953554E-1,1.928357422E0
2.719126475E1,3.396784982E-1,1.830060970E0,8.452139993E-1,2.044233681E0
2.720123175E1,1.807853830E-1,1.966809803E0,1.104467847E0,2.262934683E0
2.721119875E1,-3.176675320E-2,2.151181283E0,1.059985300E0,2.398365876E0
2.722116575E1,-2.593857023E-1,2.228484982E0,6.242885041E-1,2.328768429E0
2.723113175E1,-4.268938127E-1,2.235494624E0,-9.960644156E-2,2.278068477E0
2.724109875E1,-5.327102897E-1,2.167835323E0,-8.792914259E-1,2.399258979E0
2.725106575E1,-6.805799416E-1,2.042712509E0,-1.537601370E0,2.645766699E0
2.726103275E1,-6.958519918E-1,1.972860501E0,-1.739434244E0,2.720665367E0
2.727099975E1,-2.434619799E-1,1.930059468E0,-1.723882843E0,2.599264384E0
2.728096675E1,4.051646823E-1,1.725329736E0,-1.843348475E0,2.557118441E0
2.729093375E1,8.837905660E-1,1.415980453E0,-1.786628729E0,2.445021191E0
2.730089975E1,1.910165778E0,6.797551918E-1,-2.125500312E0,2.937439701E0
2.731086675E1,2.625160092E0,-6.907900572E-2,-1.803262304E0,3.185591367E0
2.732083375E1,2.025242198E0,9.706611872E-2,-2.879060814E-1,2.047905687E0
2.733080075E1,1.145429493E0,1.129487352E0,9.714496842E-1,1.879219223E0
2.734076775E1,7.684656394E-1,2.180296324E0,2.445498544E0,3.365218363E0
2.735073475E1,9.087862435E-1,1.757888203E0,3.186567931E0,3.751036997E0
2.736070175E1,5.862017879E-1,-1.025562449E0,7.849281827E-1,1.418281751E0
2.737066775E1,-3.574514025E-1,-5.749909213E0,-4.223156183E0,7.143127859E0
2.738063475E1,-2.864372608E0,-1.163278996E1,-8.405331570E0,1.463475423E1
2.739060175E1,-4.934492186E0,-1.624301311E1,-5.820015575E0,1.794595412E1
2.740056875E1,-5.246898394E0,-1.842466072E1,-5.744184789E-1,1.916580345E1
2.741053575E1,-5.767702875E0,-2.041349055E1,2.358553371E-1,2.121397230E1
2.742050275E1,-7.330726184E0,-2.197273247E1,-2.624940529E0,2.331160293E1
2.743046975E1,-7.157267947E0,-2.137531543E1,-8.329147028E0,2.403133963E1
2.744043575E1,-5.378891101E0,-1.694293417E1,-1.032710436E1,2.055832125E1
2.745040275E1,-3.157051772E0,-1.316486571E1,-4.757886393E0,1.434984836E1
2.746036975E1,-1.319300251E0,-1.077102965E1,1.583885005E-1,1.085268261E1
2.747033675E1,-4.721331355E-1,-8.619633778E0,1.490175773E0,8.760229449E0
2.748030375E1,-3.399767062E-1,-6.114322311E0,1.458958950E0,6.295163437E0
2.749027075E1,-6.451633564E-1,-3.286325816E0,7.498729554E-1,3.431979396E0
2.750023775E1,-1.121595950E0,-5.990536755E-1,4.293705471E-1,1.342088614E0
2.751020475E1,-2.046684523E0,1.576142122E0,3.839271565E-1,2.611616661E0
2.752017075E1,-3.234079775E0,3.274734880E0,2.469618309E-1,4.609137736E0
2.753013775E1,-3.133619347E0,5.212698029E0,1.118330133E0,6.184048289E0
2.754010475E1,-2.596211697E0,6.454612720E0,2.462475350E0,7.380116895E0
2.755007175E1,-2.798059920E0,6.623201981E0,2.217087590E0,7.524056165E0
2.756003875E1,-1.711061361E0,7.170327703E0,1.488332731E0,7.520403225E0
2.757000575E1,-4.598168528E-1,8.218811823E0,1.614139084E0,8.388429191E0
2.757997175E1,6.136249369E-1,9.533544229E0,2.193726794E0,9.801909935E0
2.758993875E1,1.671587393E0,1.064716691E1,2.233612990E0,1.100660687E1
2.759990575E1,2.698050313E0,1.128978761E1,2.101164200E0,1.179634141E1
2.760987275E1,3.640122709E0,1.167256038E1,1.975857199E0,1.238560337E1
2.761983975E1,4.384070388E0,1.208456923E1,1.528484391E0,1.294577735E1
2.762980675E1,4.958938226E0,1.255783117E1,1.050607828E0,1.354230293E1
2.763977375E1,5.577811038E0,1.284077326E1,9.501292741E-1,1.403211244E1
2.764974075E1,6.199503964E0,1.283302920E1,1.390223469E0,1.431967909E1
2.765970675E1,6.330452943E0,1.237716975E1,1.721334919E0,1.400828181E1
2.766967375E1,6.333136230E0,1.179376380E1,1.902904998E0,1.352118806E1
2.767964075E1,6.372787369E0,1.130088095E1,2.165588822E0,1.315340655E1
2.768960775E1,6.046278847E0,1.078406894E1,2.482079895E0,1.261008927E1
2.769957475E1,5.896139306E0,1.051702544E1,2.463767585E0,1.230619492E1
2.770954175E1,5.818897002E0,1.024964747E1,2.343820142E0,1.201700164E1
2.771950775E1,5.759245462E0,9.834567661E0,2.138094045E0,1.159564899E1
2.772947475E1,5.846088309E0,9.634305203E0,1.798895895E0,1.141195039E1
2.773944175E1,5.955407268E0,9.485871295E0,1.552854270E0,1.130751902E1
2.774940875E1,6.084150093E0,9.343066501E0,1.327691005E0,1.122820277E1
2.775937575E1,6.143845487E0,9.176222634E0,1.194788618E0,1.110753884E1
2.776934275E1,6.068276657E0,8.929326877E0,1.143297890E0,1.085651832E1
2.777930975E1,5.791655994E0,8.599987718E0,1.266053020E0,1.044537975E1
2.778927675E1,5.481160072E0,8.286237820E0,1.345239523E0,1.002569311E1
2.779924275E1,5.156168903E0,7.871937448E0,1.403525884E0,9.514376588E0
2.780920975E1,4.826196490E0,7.417114118E0,1.448758921E0,8.966864380E0
2.781917675E1,4.593748618E0,6.841207230E0,1.442378293E0,8.365709645E0
2.782914375E1,4.412038205E0,5.817031156E0,1.320813364E0,7.419466324E0
2.783911075E1,3.886638397E0,3.058090278E0,3.267517662E-1,4.956272883E0
2.784907775E1,1.273876741E0,-1.549406898E0,-3.488915174E-1,2.035963894E0
2.785904475E1,-4.765859072E0,-8.394884350E0,-3.206143240E0,1.017186563E1
2.786901075E1,-1.369239683E1,-1.831981079E1,-9.789641165E0,2.487838966E1
2.787897775E1,-1.668618644E1,-2.261702079E1,-6.798337784E0,2.891670528E1
2.788894475E1,-1.336251680E1,-2.145484224E1,-1.323563748E0,2.531045104E1
2.789891175E1,-9.702033502E0,-2.120405516E1,2.462151414E0,2.344789114E1
2.790887875E1,-7.778089052E0,-2.043719984E1,-2.586463219E-1,2.186880666E1
2.791884575E1,-3.055297940E0,-1.568083840E1,-7.037454990E0,1.745707052E1
2.792881275E1,-1.318310610E0,-1.105813496E1,-1.030913002E1,1.517558742E1
2.793877875E1,-4.436861682E0,-7.890517561E0,-8.860772367E0,1.266725289E1
2.794874567E1,-4.358989634E0,-5.802894343E0,-1.548908715E0,7.421151635E0
2.795871267E1,-1.625035370E0,-5.126138772E0,1.399410614E0,5.556652655E0
2.796867967E1,7.252336657E-1,-5.706492468E0,2.499611601E-1,5.757820832E0
2.797864667E1,1.170426925E0,-7.835734997E0,-3.249368489E0,8.563120793E0
2.798861367E1,1.364070919E0,-8.860410424E0,-3.969715637E0,9.804397207E0
2.799858067E1,2.585712144E0,-7.534085328E0,-2.595790697E0,8.377737067E0
2.800854667E1,1.416080441E0,-6.785788490E0,-2.051209390E0,7.229084949E0
2.801851367E1,6.859900779E-1,-6.151804132E0,-9.663775170E-1,6.264915161E0
2.802848067E1,1.093336941E0,-4.782987905E0,3.535130104E-1,4.919078208E0
2.803844767E1,8.738953230E-1,-3.541407675E0,1.141494317E0,3.822076743E0
2.804841467E1,4.176537502E-1,-2.468788004E0,1.164587603E0,2.761451276E0
2.805838167E1,4.438621402E-1,-1.287964438E0,9.292503288E-1,1.649051899E0
2.806834867E1,8.311001363E-1,-9.522483051E-2,5.182387233E-1,9.840561871E-1
2.807831467E1,1.264686087E0,8.402051282E-1,-2.882352796E-1,1.545462757E0
2.808828167E1,1.681145251E0,1.641059080E0,-1.279134557E0,2.674978406E0
2.809824867E1,1.955306575E0,2.482435990E0,-1.632618478E0,3.556846263E0
2.810821567E1,1.918184065E0,3.411922254E0,-8.599874282E-1,4.007520674E0
2.811818267E1,1.645729543E0,4.414664775E0,4.043842252E-1,4.728764892E0
2.812814967E1,1.405873249E0,5.508008147E0,1.282675777E0,5.827511518E0
2.813811667E1,1.371681655E0,6.544114881E0,1.683719634E0,6.895060692E0
2.814808267E1,1.649131746E0,7.334914545E0,1.688390390E0,7.705275401E0
2.815804967E1,1.471734239E0,7.496840903E0,2.128456810E0,7.930886053E0
2.816801667E1,1.054493010E0,6.961201451E0,2.296267076E0,7.405614332E0
2.817798367E1,3.108701438E-2,6.014800946E0,1.387967613E0,6.172945077E0
2.818795067E1,-1.365567514E0,4.959059848E0,-1.965819284E-1,5.147396785E0
2.819791767E1,-2.455361627E0,3.824645047E0,-1.433304584E0,4.765613548E0
2.820788467E1,-3.147118229E0,2.446869131E0,-1.436425682E0,4.237315239E0
2.821785167E1,-3.190231504E0,9.749758476E-1,-6.278797178E-1,3.394464302E0
2.822781767E1,-2.658388649E0,-2.419636309E-1,-6.254518077E-2,2.670110205E0
2.823778467E1,-1.474834433E0,-1.121221728E0,3.353192528E-1,1.882741026E0
2.824775167E1,2.919011915E-1,-1.682673714E0,4.128226344E-1,1.756991650E0
2.825771867E1,1.876176791E0,-1.874627863E0,1.409905489E-1,2.655964478E0
2.826768567E1,2.970300182E0,-1.569208494E0,-2.934132814E-3,3.359331344E0
2.827765267E1,3.731846226E0,-6.565774137E-1,-9.534835294E-2,3.790364292E0
2.828761967E1,4.011564744E0,4.800628370E-1,-3.008066471E-1,4.051369727E0
2.829758567E1,3.764850835E0,1.406830146E0,-3.320575297E-1,4.032807344E0
2.830755267E1,3.190948373E0,2.106871668E0,-3.588684753E-2,3.823917835E0
2.831751967E1,2.572404758E0,2.699606257E0,4.583667433E-1,3.757025453E0
2.832748667E1,2.048986864E0,3.218913851E0,7.151156437E-1,3.882157124E0
2.833745367E1,1.484495788E0,3.584690520E0,5.525431681E-1,3.919060834E0
2.834742067E1,9.262211788E-1,3.758033566E0,2.662000474E-1,3.879634574E0
2.835738767E1,4.087715372E-1,3.678076985E0,2.174126342E-2,3.700786020E0
2.836735367E1,1.470197591E-1,3.542372466E0,8.194288015E-3,3.545431517E0
2.837732067E1,2.932147685E-1,3.405698478E0,-1.143398170E-1,3.420209148E0
2.838728767E1,5.116696689E-1,3.217510520E0,-7.702493325E-1,3.347755043E0
2.839725467E1,4.737428740E-1,2.857345424E0,-1.476735363E0,3.251092511E0
2.840722167E1,1.480781052E-1,2.321725852E0,-1.643269620E0,2.848275461E0
2.841718867E1,-1.673914585E-1,1.769722967E0,-1.360557620E0,2.238538880E0
2.842715567E1,-3.400720158E-1,1.145785881E0,-7.125414070E-1,1.391470272E0
2.843712167E1,-3.465554085E-1,3.349980944E-1,3.445033282E-1,5.924583678E-1
2.844708867E1,-1.789932114E-1,-5.431332439E-1,1.638121146E0,1.735071520E0
2.845705567E1,3.525645921E-1,-1.450736303E0,2.239058210E0,2.691155752E0
2.846702267E1,9.995630971E-1,-2.312808849E0,1.393923879E0,2.879450457E0
2.847698967E1,8.292524162E-1,-3.358362343E0,3.600285628E-1,3.477912846E0
2.848695667E1,-3.077869070E-1,-4.966480549E0,-8.608621716E-1,5.049925297E0
2.849692367E1,-1.808939950E0,-7.612242721E0,-2.779713696E0,8.303331332E0
2.850689067E1,-3.630334177E0,-1.101047080E1,-4.604329154E0,1.247435932E1
2.851685667E1,-5.142434962E0,-1.431833191E1,-4.898053800E0,1.598280942E1
2.852682367E1,-5.483257468E0,-1.643426150E1,-3.071824218E0,1.759508930E1
2.853679067E1,-4.904223782E0,-1.733637460E1,-1.765098112E0,1.810295188E1
2.854675767E1,-4.530329717E0,-1.714637869E1,-2.846747346E0,1.796179723E1
2.855672467E1,-3.840417034E0,-1.602749994E1,-4.984436764E0,1.721842522E1
2.856669167E1,-2.868067171E0,-1.373812907E1,-6.750106441E0,1.557324425E1
2.857665867E1,-2.782979074E0,-1.140861005E1,-5.950670439E0,1.316479527E1
2.858662467E1,-3.121010996E0,-1.017975453E1,-3.301708963E0,1.114761831E1
2.859659167E1,-3.445976146E0,-9.325675712E0,-1.348548024E0,1.003302352E1
2.860655867E1,-3.516328967E0,-8.298122286E0,-7.540616083E-1,9.043893619E0
2.861652567E1,-3.719244307E0,-6.808302609E0,-8.601654759E-1,7.805488279E0
2.862649267E1,-4.148843334E0,-4.942485915E0,-1.189938791E0,6.561784998E0
2.863645967E1,-4.946242751E0,-2.923294415E0,-1.525899775E0,5.944689875E0
2.864642667E1,-5.317523403E0,-8.962267166E-1,-1.314366224E0,5.550390621E0
2.865639267E1,-4.198660735E0,8.476848865E-1,-6.123591609E-1,4.326927937E0
2.866635967E1,-2.554068182E0,2.171571693E0,-9.669058129E-2,3.353854047E0
2.867632667E1,-1.095661794E0,3.279650635E0,1.132799946E0,3.638656176E0
2.868629367E1,6.069243202E-1,4.782686774E0,1.869917492E0,5.170980694E0
2.869626067E1,2.065392689E0,5.836252708E0,1.257627475E0,6.317382329E0
2.870622767E1,3.157119892E0,6.173673304E0,1.098178582E0,7.020515955E0
2.871619467E1,4.098392388E0,6.244484839E0,1.042240462E0,7.541662699E0
2.872616167E1,5.165479424E0,6.771675650E0,1.525530231E0,8.652456950E0
2.873612767E1,5.933337538E0,7.731120708E0,2.128047213E0,9.975134419E0
2.874609467E1,6.240407576E0,8.671536587E0,2.387946739E0,1.094716964E1
2.875606167E1,6.266069251E0,9.491796278E0,2.460544599E0,1.163667049E1
2.876602867E1,6.151914060E0,1.015910918E1,2.326739255E0,1.210236595E1
2.877599567E1,6.071039466E0,1.067789988E1,1.902523760E0,1.242958820E1
2.878596267E1,6.101743780E0,1.116067056E1,1.200650817E0,1.277628299E1
2.879592967E1,6.042602118E0,1.157890903E1,4.468360341E-1,1.306842903E1
2.880589567E1,5.833143743E0,1.189575094E1,-1.059352485E-1,1.324936522E1
2.881586267E1,5.532491609E0,1.194083531E1,1.896496888E-1,1.316161002E1
2.882582967E1,5.268283415E0,1.164864293E1,8.321663761E-1,1.281164287E1
2.883579667E1,4.995597344E0,1.109739316E1,1.639442325E0,1.227989817E1
2.884576367E1,5.055289814E0,1.061641056E1,2.242374458E0,1.197047917E1
2.885573067E1,5.275712888E0,1.022470325E1,2.641926398E0,1.180497683E1
2.886569767E1,5.530434558E0,1.000209975E1,2.967891129E0,1.180830570E1
2.887566367E1,5.557202527E0,9.731392372E0,3.156861445E0,1.164251998E1
2.888563067E1,5.405889450E0,9.312016616E0,2.853518422E0,1.113911404E1
2.889559767E1,5.133955915E0,8.860329148E0,2.365105030E0,1.050983624E1
2.890556467E1,4.862496589E0,8.404363856E0,2.012203492E0,9.915955213E0
2.891553167E1,4.729696966E0,8.003453608E0,1.690894606E0,9.449043741E0
2.892549867E1,4.747250893E0,7.664941337E0,1.327751670E0,9.113212454E0
2.893546567E1,4.877807524E0,7.355687363E0,1.055168656E0,8.888898903E0
2.894543167E1,5.099238072E0,7.010376534E0,6.186800011E-1,8.690821193E0
2.895539887E1,5.383803347E0,6.418483359E0,-2.293336451E-1,8.380624143E0
2.896536588E1,4.952246672E0,5.918329489E0,5.131180242E-2,7.717124072E0
2.897533288E1,4.137450035E0,5.168919926E0,1.545910263E-1,6.622697666E0
2.898529988E1,2.987671090E0,3.173216692E0,-1.537036382E0,4.621467684E0
2.899526688E1,4.280030295E-1,-4.308275270E-1,-3.128646290E0,3.187040408E0
2.900523388E1,-3.271456054E0,-4.823507355E0,-3.405391206E0,6.750210159E0
2.901520088E1,-7.894973724E0,-1.021803274E1,-4.541283306E0,1.368802605E1
2.902516688E1,-1.011981121E1,-1.384171250E1,-3.088087371E0,1.742239557E1
2.903513388E1,-1.063462581E1,-1.618313060E1,-2.271165856E0,1.949736332E1
2.904510088E1,-1.150106388E1,-1.805311694E1,-2.212427066E0,2.151939440E1
2.905506788E1,-1.253228468E1,-1.942007434E1,-1.648466625E0,2.317142397E1
2.906503488E1,-8.977789185E0,-1.762636610E1,-3.914213574E0,2.016458649E1
2.907500187E1,-2.848354161E0,-1.320861458E1,-5.213604348E0,1.448317267E1
2.908496888E1,-1.643589462E0,-1.030992758E1,-4.954286181E0,1.155599172E1
2.909493488E1,-3.569540091E0,-6.038894398E0,-3.825917109E0,7.990463300E0
2.910490188E1,-2.303981015E0,-3.908191234E0,-2.582576867E0,5.220343907E0
2.911486888E1,-5.782127371E-1,-4.410108624E0,-2.664479109E0,5.184866148E0
2.912483588E1,7.944585595E-1,-6.332490698E0,-3.187718079E0,7.133943467E0
2.913480288E1,1.420854692E0,-8.633471214E0,-3.161283986E0,9.303191371E0
2.914476988E1,1.276084065E0,-1.022577212E1,-2.649740033E0,1.064029737E1
2.915473688E1,8.383416206E-1,-9.992610884E0,-1.544388818E0,1.014594627E1
2.916470388E1,3.308228901E-1,-8.486230137E0,-6.578471366E-1,8.518116493E0
2.917466988E1,-3.041914541E-1,-7.168886949E0,-3.456219006E-1,7.183656940E0
2.918463687E1,-8.243223363E-1,-5.961657942E0,2.699647772E-1,6.024429742E0
2.919460388E1,-1.051192549E0,-4.467914783E0,1.081050771E0,4.715499873E0
2.920457088E1,-9.652984133E-1,-2.782759511E0,1.426387620E0,3.272633980E0
2.921453788E1,-7.149677092E-1,-1.341027335E0,1.181874311E0,1.925190906E0
2.922450488E1,-4.153888312E-1,-1.388035440E-1,6.284996688E-1,7.660457810E-1
2.923447188E1,-2.575113773E-3,1.010694149E0,1.738213491E-1,1.025535546E0
2.924443788E1,6.978555402E-1,2.468256492E0,1.706042111E-1,2.570680506E0
2.925440488E1,1.498542846E0,4.124788474E0,6.863930972E-1,4.441919191E0
2.926437188E1,1.946387233E0,5.547062286E0,1.162802301E0,5.992531389E0
2.927433888E1,2.114591454E0,6.622351795E0,1.627065231E0,7.139634555E0
2.928430588E1,1.971742806E0,7.429899639E0,1.837319119E0,7.903601704E0
2.929427288E1,1.571132520E0,8.025903992E0,1.375516552E0,8.293107866E0
2.930423987E1,1.184997601E0,8.278568028E0,5.307634592E-1,8.379774326E0
2.931420588E1,7.289507407E-1,8.194787952E0,-1.688462457E-1,8.228877677E0
2.932417288E1,3.757967493E-1,7.620135877E0,-9.711523533E-2,7.630014767E0
2.933413988E1,-5.011268467E-2,6.565722681E0,3.873277509E-1,6.577328363E0
2.934410688E1,-4.488998088E-1,5.399520078E0,9.017144747E-1,5.492669397E0
2.935407388E1,-7.852047560E-1,4.284506924E0,1.084078606E0,4.488738410E0
2.936404088E1,-1.235327802E0,2.950088112E0,8.525230189E-1,3.309962257E0
2.937400788E1,-1.086280521E0,1.229357210E0,6.464447737E-2,1.641798840E0
2.938397488E1,-2.503131625E-1,-2.750103396E-1,-5.243057942E-1,6.427938488E-1
2.939394088E1,7.699517092E-1,-9.216170812E-1,-1.302011204E-1,1.207955302E0
2.940390788E1,1.386368399E0,-6.391994888E-1,9.916901135E-1,1.820451210E0
2.941387487E1,1.882480089E0,-1.108404046E-1,1.350213311E0,2.319287146E0
2.942384188E1,2.974018134E0,3.756274724E-1,6.219928873E-1,3.061495552E0
2.943380888E1,3.842430231E0,8.215104103E-1,-4.641073935E-1,3.956582503E0
2.944377588E1,4.139960537E0,1.219868349E0,-1.398140452E0,4.536755312E0
2.945374288E1,3.746885265E0,1.587170556E0,-1.725910219E0,4.420070774E0
2.946370988E1,2.245441908E0,1.771539697E0,-1.474835018E0,3.217996362E0
2.947367588E1,5.641718182E-1,1.618387086E0,-8.354551426E-1,1.906686103E0
2.948364288E1,-6.206532902E-1,1.352163942E0,3.635985804E-1,1.531587986E0
2.949360988E1,-1.008757844E0,1.165844754E0,1.265712566E0,1.994696638E0
2.950357688E1,-9.606162554E-1,9.569278318E-1,1.453150911E0,1.987496424E0
2.951354388E1,-5.787565282E-1,3.866073740E-1,8.828643671E-1,1.124221451E0
2.952351088E1,-5.728715980E-1,-5.068348986E-1,2.878379613E-2,7.654358165E-1
2.953347787E1,-1.392565571E0,-1.484388199E0,-1.929613325E-1,2.044475793E0
2.954344388E1,-2.461373150E0,-1.998991708E0,2.599943975E-1,3.181496930E0
2.955341088E1,-2.461432499E0,-1.984574813E0,8.365912566E-1,3.270637869E0
2.956337788E1,-1.250798073E0,-1.055507795E0,1.451964511E0,2.187874189E0
2.957334488E1,9.074694505E-1,3.577373314E-1,1.672962073E0,1.936563683E0
2.958331188E1,2.556862567E0,1.531721410E0,1.450952943E0,3.314963213E0
2.959327888E1,3.440677983E0,2.168123006E0,4.476721859E-1,4.091385186E0
2.960324588E1,3.288218560E0,2.171500942E0,-1.098765496E0,4.090853609E0
2.961321188E1,2.047847534E0,1.440544606E0,-2.394264071E0,3.464296282E0
2.962317888E1,2.136636919E-1,-1.535274178E-1,-3.423704101E0,3.433798569E0
2.963314588E1,-1.439747339E0,-2.984673808E0,-4.648505161E0,5.708743327E0
2.964311287E1,-1.745703482E0,-6.703729250E0,-5.676472278E0,8.955992632E0
2.965307988E1,-1.547110404E0,-1.033564598E1,-5.845635735E0,1.197458081E1
2.966304688E1,-1.429526990E0,-1.276536055E1,-4.600473208E0,1.364413174E1
2.967301388E1,-1.610262964E0,-1.347236961E1,-3.217846442E0,1.394461278E1
2.968298088E1,-2.953045926E0,-1.391699774E1,-3.646683285E0,1.468678335E1
2.969294688E1,-4.440631090E0,-1.465095779E1,-5.625268210E0,1.630991756E1
2.970291388E1,-5.085470803E0,-1.520556034E1,-7.734564718E0,1.780153280E1
2.971288088E1,-4.819993179E0,-1.458869079E1,-7.681378444E0,1.717747967E1
2.972284788E1,-3.545836649E0,-1.347978271E1,-5.167611319E0,1.486545345E1
2.973281488E1,-2.122996242E0,-1.263883148E1,-1.898833874E0,1.295579964E1
2.974278188E1,-1.059167567E0,-1.118336595E1,5.565451486E-1,1.124718864E1
2.975274888E1,-5.376780841E-1,-9.083986316E0,1.249093025E0,9.185213035E0
2.976271587E1,-6.886099228E-1,-6.360398873E0,1.058426725E0,6.484529635E0
2.977268188E1,-9.959080026E-1,-3.453716397E0,8.693874121E-1,3.698083852E0
2.978264888E1,-1.013387377E0,-1.090931981E0,6.733280785E-1,1.634153378E0
2.979261588E1,-7.884186780E-1,7.057788098E-1,1.648215633E0,1.958658345E0
2.980258288E1,-9.223941761E-1,2.470946211E0,3.265239587E0,4.197401071E0
2.981254988E1,-1.559647127E0,4.197257695E0,3.728234986E0,5.826594840E0
2.982251688E1,-2.643167177E0,4.805109091E0,2.263617393E0,5.932905680E0
2.983248388E1,-1.814684547E0,5.501307238E0,1.194725248E0,5.914797524E0
2.984244988E1,1.512154287E-1,6.357452461E0,1.148309027E0,6.462095753E0
2.985241688E1,1.304637773E0,6.930037546E0,1.984446759E0,7.325676013E0
2.986238388E1,1.950325917E0,7.740803697E0,2.965448163E0,8.515732257E0
2.987235087E1,2.383061975E0,8.714990171E0,3.048162875E0,9.535267955E0
2.988231788E1,2.572466739E0,9.604375645E0,2.447531036E0,1.023972777E1
2.989228488E1,2.512469628E0,1.065844035E1,1.529082707E-1,1.095163162E1
2.990225188E1,2.323530303E0,1.178759616E1,-2.723113818E0,1.231915440E1
2.991221788E1,2.795332194E0,1.241294067E1,-2.378718663E0,1.294423735E1
2.992218488E1,3.698156324E0,1.277820805E1,-1.489215660E-1,1.330342583E1
2.993215188E1,4.570484301E0,1.294871052E1,1.904693077E0,1.386312687E1
2.994211888E1,5.554625074E0,1.267918662E1,3.131675148E0,1.419235788E1
2.995208538E1,6.330695018E0,1.197425917E1,3.272622281E0,1.393451250E1
2.996205238E1,6.691884545E0,1.116501271E1,2.815156009E0,1.331780503E1
2.997201938E1,6.790231789E0,1.036259228E1,2.362459896E0,1.261236629E1
2.998198638E1,6.625443218E0,9.791011167E0,2.183271826E0,1.202194133E1
2.999195238E1,6.540124741E0,9.352171785E0,2.290310078E0,1.163966791E1
3.000191938E1,6.471533393E0,9.047968052E0,2.338749582E0,1.136733126E1
3.001188638E1,6.494564990E0,8.877042829E0,1.997801800E0,1.117910890E1
3.002185338E1,6.516748742E0,8.611227821E0,1.664635638E0,1.092667701E1
3.003182038E1,6.135137814E0,8.302145755E0,1.689606757E0,1.046041639E1
3.004178737E1,5.587264817E0,8.049510371E0,1.693359500E0,9.943822793E0
3.005175438E1,5.041144230E0,7.843772580E0,1.733289990E0,9.483786039E0
3.006172138E1,4.691486582E0,7.645735572E0,1.699375262E0,9.129906629E0
3.007168738E1,4.438915517E0,7.438517851E0,1.665213343E0,8.820910058E0
3.008165438E1,4.229664719E0,7.173334926E0,1.575116959E0,8.475127789E0
3.009162138E1,4.003019623E0,6.684035243E0,1.481338437E0,7.930627768E0
3.010158838E1,3.750665490E0,5.560454748E0,7.541601339E-1,6.749437468E0
3.011155538E1,2.580939939E0,3.202434059E0,-9.364138989E-1,4.218258629E0
3.012152238E1,-3.210059997E-1,3.046592313E-1,-1.234323689E0,1.311265446E0
3.013148938E1,-4.301666163E0,-3.342473119E0,-3.103951160E0,6.269846181E0
3.014145538E1,-1.003229243E1,-8.950059350E0,-9.046224412E0,1.620446327E1
3.015142237E1,-1.041930560E1,-1.045205118E1,-2.972111357E0,1.505459228E1
3.016138938E1,-7.602911149E0,-9.125585162E0,2.579798563E0,1.215466672E1
3.017135638E1,-4.708352583E0,-8.956477838E0,2.304657830E0,1.037779008E1
3.018132338E1,-2.922700923E0,-1.050982284E1,6.422222069E-1,1.092753431E1
3.019129038E1,-2.718066502E0,-1.225634171E1,-1.776688170E0,1.267921206E1
3.020125738E1,-2.420220154E0,-1.492574301E1,-4.930318444E0,1.590419158E1
3.021122438E1,-2.282897417E0,-1.954164848E1,-8.015927473E0,2.124482853E1
3.022119038E1,-2.963131788E0,-2.071603485E1,-8.972886879E0,2.276943014E1
3.023115738E1,-2.395568585E0,-1.625861465E1,-4.996082663E0,1.717679077E1
3.024112438E1,-4.204452109E-1,-1.032327561E1,-2.087849213E0,1.054067871E1
3.025109138E1,-2.318803999E-1,-7.190950248E0,-1.314749948E0,7.313829463E0
3.026105838E1,-9.568032861E-2,-6.419715368E0,-2.703972081E0,6.966589204E0
3.027102537E1,3.902706546E-1,-6.544482670E0,-4.523977302E0,7.965483992E0
3.028099238E1,2.202400553E-1,-6.215592577E0,-4.052059344E0,7.423023757E0
3.029095838E1,-1.355732205E0,-5.419737995E0,-1.769661864E0,5.860313376E0
3.030092538E1,-2.582956059E0,-4.501657895E0,5.352649382E-1,5.217575525E0
3.031089238E1,-3.102426206E0,-3.631508591E0,1.567399950E0,5.026892242E0
3.032085938E1,-2.903099594E0,-2.878007146E0,1.144459147E0,4.245079401E0
3.033082638E1,-2.134208862E0,-2.168351047E0,4.177727410E-1,3.071014131E0
3.034079338E1,-1.267402411E0,-1.554257163E0,-1.258040142E-1,2.009440433E0
3.035076038E1,-4.696211717E-1,-9.158365238E-1,-1.750928262E-1,1.044010575E0
3.036072738E1,-2.288921803E-2,-3.804140031E-1,2.101430833E-1,4.351997766E-1
3.037069338E1,1.577780512E-1,1.511224580E-1,5.629748932E-1,6.038813137E-1
3.038066037E1,3.443743971E-1,7.897828335E-1,6.852109364E-1,1.100847254E0
3.039062738E1,5.738583156E-1,1.569575699E0,1.060612706E0,1.979338413E0
3.040059438E1,8.557426420E-1,2.535678397E0,1.617979243E0,3.127269932E0
3.041056138E1,1.098501787E0,3.639180138E0,1.920701876E0,4.259041435E0
3.042052838E1,1.085881741E0,4.517305044E0,2.003969735E0,5.059750855E0
3.043049538E1,9.403886899E-1,5.205718208E0,1.878805114E0,5.613710146E0
3.044046238E1,9.189060196E-1,5.909173334E0,1.669085369E0,6.208748967E0
3.045042838E1,9.421358380E-1,6.546526857E0,1.444933673E0,6.769968031E0
3.046039538E1,1.043796699E0,7.085695104E0,1.238358414E0,7.268432996E0
3.047036238E1,1.205776267E0,7.378918351E0,1.069363357E0,7.552871667E0
3.048032938E1,1.380862076E0,7.380573113E0,9.956384459E-1,7.574360400E0
3.049029638E1,1.294305743E0,6.996556056E0,1.052322232E0,7.192663351E0
3.050026337E1,9.675177240E-1,6.362498608E0,1.083369485E0,6.526190966E0
3.051023038E1,6.173165765E-1,5.545195854E0,1.037733136E0,5.675135847E0
3.052019638E1,6.372640604E-1,4.496497727E0,8.446735704E-1,4.619314964E0
3.053016338E1,9.927496290E-1,3.472650266E0,5.143395075E-1,3.648204603E0
3.054013038E1,1.282059335E0,2.679142172E0,8.908233047E-2,2.971433084E0
3.055009738E1,1.538743623E0,2.092592767E0,-1.980662441E-1,2.604977286E0
3.056006438E1,1.903860725E0,1.605087009E0,-5.494441438E-1,2.550074280E0
3.057003138E1,2.187798009E0,1.021213875E0,-1.009628494E0,2.616999733E0
3.057999838E1,2.176430145E0,3.637658107E-1,-1.554333762E0,2.699097476E0
3.058996538E1,2.167023144E0,4.089074850E-2,-1.736222222E0,2.777072013E0
3.059993138E1,1.846338157E0,2.434195876E-1,-1.213678486E0,2.222888471E0
3.060989837E1,1.435864203E0,6.894492906E-1,-5.865938437E-1,1.697391726E0
3.061986538E1,1.172254764E0,1.236288500E0,5.989960805E-1,1.805931004E0
3.062983238E1,9.354024768E-1,1.911559462E0,1.703827478E0,2.726181477E0
3.063979938E1,5.857731870E-1,2.565160058E0,2.375826631E0,3.545099227E0
3.064976638E1,4.339838541E-1,2.593572848E0,2.160774517E0,3.403514158E0
3.065973338E1,4.056406456E-1,1.599881818E0,5.600913388E-1,1.742948213E0
3.066970038E1,4.950588986E-1,-3.981515318E-1,-1.730883422E0,1.843791034E0
3.067966638E1,-1.021704456E-1,-2.992743550E0,-3.915152929E0,4.929033902E0
3.068963338E1,-1.760461562E0,-5.335936870E0,-4.818625223E0,7.402067024E0
3.069960038E1,-3.463376582E0,-7.415030755E0,-3.665619493E0,8.967409030E0
3.070956738E1,-4.436843556E0,-1.037685715E1,-2.671365375E0,1.159745395E1
3.071953438E1,-5.354014707E0,-1.372893491E1,-1.829800184E0,1.484915135E1
3.072950137E1,-6.721918184E0,-1.666318934E1,-1.445253954E0,1.802594858E1
3.073946838E1,-7.188801981E0,-1.866649337E1,-3.258895065E0,2.026665354E1
3.074943438E1,-6.405445822E0,-1.914559434E1,-6.296651359E0,2.114784474E1
3.075940138E1,-4.726434220E0,-1.729712575E1,-7.903619417E0,1.959583986E1
3.076936838E1,-2.740782642E0,-1.382770257E1,-6.962464449E0,1.572237765E1
3.077933538E1,-1.090168627E0,-1.169049262E1,-4.407133268E0,1.254108883E1
3.078930238E1,-2.160674822E-1,-1.048617202E1,-1.969901226E0,1.067178521E1
3.079926938E1,2.025767863E-2,-9.190949432E0,-7.660634570E-1,9.222842027E0
3.080923638E1,-3.972937453E-1,-7.623168243E0,-6.050744073E-1,7.657457243E0
3.081920338E1,-1.662423344E0,-5.745429661E0,-6.985212457E-1,6.021755998E0
3.082916938E1,-3.226723100E0,-3.704537975E0,-1.417388463E-1,4.914817746E0
3.083913637E1,-4.239529556E0,-1.420320842E0,2.149904251E-1,4.476286746E0
3.084910338E1,-5.005920603E0,9.442855668E-1,1.410652471E-1,5.096156956E0
3.085907038E1,-5.014092672E0,2.818974826E0,3.446549173E-1,5.762510859E0
3.086903738E1,-4.166246987E0,4.357562036E0,4.587913974E-1,6.046193050E0
3.087900438E1,-2.953218711E0,5.080307711E0,7.347484012E-1,5.922067410E0
3.088897138E1,-1.586168343E0,5.376626474E0,7.597205436E-1,5.656961867E0
3.089893738E1,4.612260318E-1,5.827052114E0,5.243421201E-1,5.868747775E0
3.090890438E1,2.040761878E0,6.187142365E0,6.641396177E-1,6.548780124E0
3.091887138E1,3.467536291E0,6.868161140E0,1.507587465E0,7.840169982E0
3.092883838E1,4.566735651E0,7.585777053E0,2.311815991E0,9.151151905E0
3.093880538E1,5.337384641E0,8.117471389E0,2.737547085E0,1.009332357E1
3.094877238E1,5.813662575E0,8.682093735E0,2.816485666E0,1.082173811E1
3.095873979E1,6.001758732E0,9.315001620E0,2.491021457E0,1.135762083E1
3.096870679E1,6.143521551E0,9.839742447E0,2.007525719E0,1.177257610E1
3.097867279E1,6.491263652E0,1.023939145E1,1.864140297E0,1.226607762E1
3.098863979E1,6.897003701E0,1.082707872E1,1.991344281E0,1.299075617E1
3.099860679E1,7.369686182E0,1.122415729E1,1.930039733E0,1.356536158E1
3.100857379E1,7.444879621E0,1.121218219E1,1.489551290E0,1.354097578E1
3.101854079E1,7.016254740E0,1.085509624E1,3.534162390E-1,1.293003666E1
3.102850779E1,6.614643996E0,1.037747930E1,-5.122593606E-1,1.231698021E1
3.103847479E1,6.412753673E0,9.783607423E0,-9.315440454E-2,1.169833585E1
3.104844179E1,6.030555099E0,9.442031211E0,6.879190012E-1,1.122465058E1
3.105840779E1,5.731940135E0,9.350787165E0,1.409100620E0,1.105793484E1
3.106837479E1,6.223735410E0,9.472838436E0,1.875796137E0,1.148861008E1
3.107834179E1,6.860702432E0,9.701590868E0,2.066162767E0,1.206064392E1
3.108830879E1,7.173056014E0,9.737710288E0,2.050607858E0,1.226705861E1
3.109827579E1,6.865900022E0,9.375609180E0,1.827425630E0,1.176359278E1
3.110824279E1,5.983200839E0,8.880980344E0,1.783350488E0,1.085591282E1
3.111820979E1,5.138604451E0,8.447424506E0,1.986270944E0,1.008511322E1
3.112817579E1,4.519614109E0,8.196461425E0,2.179481661E0,9.610360654E0
3.113814279E1,4.091944079E0,8.021662422E0,2.097818424E0,9.246183888E0
3.114810979E1,3.743083405E0,7.856179202E0,1.862339355E0,8.899355758E0
3.115807679E1,3.274293416E0,7.453036487E0,1.407977954E0,8.261425553E0
3.116804379E1,2.377657394E0,6.441472857E0,2.596247073E-1,6.871188561E0
3.117801079E1,9.495305192E-1,4.521539598E0,-1.761651471E0,4.944627837E0
3.118797779E1,-1.471797682E0,7.884929377E-1,-5.319402698E0,5.575298610E0
3.119794479E1,-5.721203477E0,-6.162184694E0,-1.069893348E1,1.360778700E1
3.120791079E1,-9.360556692E0,-1.420317918E1,-1.186451161E1,2.073926122E1
3.121787779E1,-8.766024669E0,-1.679290047E1,-4.425085390E0,1.945317648E1
3.122784479E1,-7.537920517E0,-1.563172881E1,3.059571962E0,1.762192305E1
3.123781179E1,-5.535177820E0,-1.549619971E1,5.459435327E0,1.733712297E1
3.124777879E1,-3.774384428E0,-1.717401497E1,2.073393727E0,1.770569766E1
3.125774579E1,-1.672650124E0,-2.024044571E1,-3.270810814E0,2.057113523E1
3.126771279E1,-2.347045758E0,-2.063770087E1,-8.624052519E0,2.248994448E1
3.127767979E1,-3.511443911E0,-1.504565186E1,-9.649580469E0,1.821582503E1
3.128764579E1,-2.472163894E0,-7.951392923E0,-5.954682798E0,1.023691804E1
3.129761279E1,-3.014025953E0,-5.357313706E0,-2.325101742E0,6.572005835E0
3.130757979E1,-4.131210763E0,-4.897805001E0,3.967522931E-1,6.419720288E0
3.131754679E1,-3.098017113E0,-4.381022819E0,8.835327038E-1,5.437986853E0
3.132751379E1,-1.894045589E0,-4.002826080E0,-1.984205854E-1,4.432763929E0
3.133748079E1,-2.271589487E0,-4.779363801E0,-1.434554426E0,5.482735042E0
3.134744779E1,-2.659778825E0,-5.725408210E0,-2.121412523E0,6.659963488E0
3.135741479E1,-2.823580385E0,-5.972224445E0,-2.290552007E0,6.991902424E0
3.136738079E1,-2.698866292E0,-5.560674604E0,-1.719131688E0,6.415636763E0
3.137734779E1,-2.163661288E0,-4.759170442E0,-8.075621697E-1,5.289923451E0
3.138731479E1,-1.399595971E0,-3.687000421E0,-1.215843710E-1,3.945582815E0
3.139728179E1,-3.997808585E-1,-2.567192550E0,-3.456172228E-2,2.598364262E0
3.140724879E1,6.826372844E-1,-1.580472570E0,-1.141972911E-1,1.725377706E0
3.141721579E1,1.507334427E0,-6.951649439E-1,-6.328090668E-2,1.661118854E0
3.142718279E1,2.094883121E0,1.388473982E-1,9.849400878E-2,2.101788515E0
3.143714879E1,2.457414292E0,1.001723936E0,2.096226811E-1,2.662006295E0
3.144711579E1,2.718945046E0,1.910903404E0,2.037216711E-1,3.329521963E0
3.145708279E1,2.891394638E0,3.006787977E0,3.148503435E-1,4.183308216E0
3.146704979E1,2.919513606E0,4.141556534E0,5.674860200E-1,5.098832278E0
3.147701679E1,2.705961303E0,4.905414568E0,7.679335427E-1,5.654647697E0
3.148698379E1,2.446941344E0,5.402361240E0,8.072094364E-1,5.985366821E0
3.149695079E1,2.167231013E0,5.710365663E0,6.263084248E-1,6.139823166E0
3.150691779E1,1.598353063E0,5.870553644E0,5.185253830E-1,6.106308310E0
3.151688379E1,7.517051804E-1,5.764492754E0,4.332166994E-1,5.829417989E0
3.152685079E1,-1.829871520E-1,5.442127569E0,4.576251702E-1,5.464399104E0
3.153681779E1,-8.024867865E-1,5.069758750E0,5.361714028E-1,5.160806002E0
3.154678479E1,-8.890220699E-1,4.708618339E0,6.611585610E-1,4.837207618E0
3.155675179E1,-6.349149415E-1,4.057189983E0,7.673229472E-1,4.177641924E0
3.156671879E1,-1.037705362E-2,3.042566505E0,5.959447110E-1,3.100398155E0
3.157668579E1,5.230661845E-1,2.207038565E0,2.360475643E-1,2.280424503E0
3.158665279E1,9.420995852E-1,1.871356346E0,5.157375768E-2,2.095754293E0
3.159661879E1,1.643999645E0,1.730022127E0,1.725646363E-1,2.392799604E0
3.160658579E1,2.365465364E0,1.726126127E0,2.452298856E-1,2.938549897E0
3.161655279E1,2.799025880E0,1.805599144E0,1.162297833E-1,3.332903165E0
3.162651979E1,3.137357765E0,2.095649691E0,-1.588467760E-1,3.776240679E0
3.163648679E1,3.212738899E0,2.507586619E0,-4.434924500E-1,4.099556981E0
3.164645379E1,2.943960522E0,2.884129180E0,-6.489815882E-1,4.172083626E0
3.165642079E1,2.401119639E0,3.147362058E0,-7.121405804E-1,4.022239134E0
3.166638779E1,1.752711370E0,3.417772978E0,-5.781601122E-1,3.884255191E0
3.167635379E1,1.339307961E0,3.578307114E0,-4.190956736E-1,3.843653054E0
3.168632079E1,1.213872029E0,3.346714690E0,-3.914570546E-1,3.581511293E0
3.169628779E1,1.296037396E0,2.669568526E0,-3.943511340E-1,2.993630214E0
3.170625479E1,1.605617352E0,1.932746848E0,-1.589480790E-1,2.517693776E0
3.171622179E1,1.943792238E0,1.119086909E0,-1.778439412E-1,2.249958276E0
3.172618879E1,2.284284961E0,1.911706227E-1,-4.214243272E-1,2.330687121E0
3.173615579E1,2.434300834E0,-6.389211613E-1,-7.201930735E-1,2.617769826E0
3.174612179E1,1.994299902E0,-1.647574632E0,-1.613937062E0,3.049020680E0
3.175608879E1,7.085079977E-1,-2.847282951E0,-2.367904823E0,3.770408073E0
3.176605579E1,-6.226726261E-1,-3.979981009E0,-2.461454426E0,4.720882113E0
3.177602279E1,-1.402729201E0,-5.540227475E0,-2.220889741E0,6.131404483E0
3.178598979E1,-2.353405775E0,-7.710093536E0,-1.543373741E0,8.207683204E0
3.179595679E1,-4.333658034E0,-1.060441207E1,-1.414621853E0,1.154275974E1
3.180592379E1,-6.483824240E0,-1.428576525E1,-2.084810708E0,1.582622827E1
3.181589079E1,-7.846862249E0,-1.772467884E1,-3.158700102E0,1.963962509E1
3.182585679E1,-8.492670261E0,-1.953171172E1,-4.140340606E0,2.169690373E1
3.183582379E1,-8.079786669E0,-1.861423915E1,-4.402592613E0,2.076428841E1
3.184579079E1,-6.181239601E0,-1.610250451E1,-4.752875622E0,1.789100895E1
3.185575779E1,-4.166105484E0,-1.376277625E1,-4.756337466E0,1.514573178E1
3.186572479E1,-2.610474810E0,-1.213779877E1,-3.733752711E0,1.296463062E1
3.187569179E1,-1.535783178E0,-1.077032097E1,-2.393458032E0,1.113943828E1
3.188565879E1,-1.126303543E0,-9.516150516E0,-1.579478982E0,9.711870786E0
3.189562579E1,-1.341748589E0,-7.988650796E0,-1.051215646E0,8.168468960E0
3.190559179E1,-1.880554601E0,-6.050802253E0,-6.726555026E-1,6.371903871E0
3.191555879E1,-2.418109894E0,-3.654377051E0,-3.260009837E-1,4.394087360E0
3.192552579E1,-2.940232045E0,-1.123584588E0,-2.064287858E-1,3.154365174E0
3.193549279E1,-2.984112475E0,1.218090211E0,-1.139318275E-1,3.225159141E0
3.194545979E1,-2.795212618E0,2.825651761E0,-3.624724066E-1,3.991103570E0
3.195542613E1,-2.076077306E0,4.136251355E0,-5.627579615E-2,4.628373280E0
3.196539313E1,-7.568317267E-1,5.355540245E0,1.126004165E0,5.524716369E0
3.197536013E1,4.653249300E-1,6.312820664E0,1.497440354E0,6.504656766E0
3.198532612E1,1.468488450E0,6.719807339E0,1.677293690E0,7.079942311E0
3.199529313E1,2.858825355E0,7.082992521E0,2.128252012E0,7.929131231E0
3.200526013E1,4.149625107E0,7.655867627E0,2.594135935E0,9.086321528E0
3.201522713E1,4.845349630E0,8.401150226E0,2.907495239E0,1.012473539E1
3.202519413E1,5.114885221E0,9.078845444E0,2.887013612E0,1.081306307E1
3.203516113E1,5.292188587E0,9.636386227E0,2.296246026E0,1.123120409E1
3.204512812E1,5.391843268E0,1.011393944E1,1.620178088E0,1.157534975E1
3.205509413E1,5.320857486E0,1.048727597E1,1.361254169E0,1.183839071E1
3.206506113E1,5.309846009E0,1.075464108E1,1.317410431E0,1.206616507E1
3.207502813E1,5.438188300E0,1.109994138E1,1.305277605E0,1.242925341E1
3.208499513E1,5.585856223E0,1.141623014E1,1.203093930E0,1.276634385E1
3.209496213E1,5.728724751E0,1.155098273E1,9.520400711E-1,1.292864531E1
3.210492913E1,5.427369196E0,1.158092515E1,4.258117855E-1,1.279669799E1
3.211489613E1,4.575383683E0,1.134058354E1,1.070952630E-1,1.222924529E1
3.212486313E1,4.092363324E0,1.070872640E1,7.859312725E-1,1.149095064E1
3.213482913E1,4.391920275E0,1.022623054E1,1.754439515E0,1.126689011E1
3.214479613E1,4.744969309E0,1.003207374E1,2.508391196E0,1.137757723E1
3.215476312E1,4.955862590E0,9.818363857E0,3.205009757E0,1.145569423E1
3.216473013E1,5.040938408E0,9.617107372E0,3.478319142E0,1.140168927E1
3.217469713E1,4.958417823E0,9.412222690E0,3.319881817E0,1.114439135E1
3.218466413E1,4.748113357E0,9.154503152E0,2.986726180E0,1.073638867E1
3.219463113E1,4.644127058E0,8.865382896E0,2.651041038E0,1.035330617E1
3.220459813E1,4.565862077E0,8.533655149E0,2.416223874E0,9.975394956E0
3.221456412E1,4.338693071E0,8.194123124E0,2.238580931E0,9.538299425E0
3.222453113E1,4.087668887E0,7.833045278E0,2.153115250E0,9.094038736E0
3.223449813E1,3.897898380E0,7.506925596E0,1.978111886E0,8.686798623E0
3.224446513E1,3.635189705E0,7.093163168E0,1.724833600E0,8.154913787E0
3.225443213E1,3.133772544E0,5.909236484E0,-6.064755464E-1,6.716205683E0
3.226439913E1,2.131891903E0,3.214194564E0,-5.450166321E0,6.676849759E0
3.227436612E1,1.923567304E-1,5.181276262E-2,-7.275020345E0,7.277747364E0
3.228433313E1,-3.346647447E0,-5.683987704E0,-9.568587177E0,1.162177379E1
3.229429913E1,-7.356344005E0,-1.268313466E1,-9.940651356E0,1.771423866E1
3.230426613E1,-7.129193126E0,-1.386668595E1,-6.842484847E-1,1.560700387E1
3.231423313E1,-5.242611215E0,-1.376247921E1,3.051635244E0,1.504005599E1
3.232420013E1,-4.868125704E0,-1.503751137E1,1.549243176E-1,1.580662511E1
3.233416713E1,-5.846403474E0,-1.758932983E1,-3.945908698E-1,1.853970495E1
3.234413413E1,-7.799846542E0,-2.446124430E1,-4.403545709E0,2.604959296E1
3.235410113E1,-6.815626831E0,-2.754478751E1,-1.237623419E1,3.095705510E1
3.236406813E1,-3.579840547E0,-1.831686379E1,-1.032535254E1,2.132922086E1
3.237403413E1,-1.951929808E0,-7.636111055E0,-3.839569480E0,8.767126999E0
3.238400112E1,-1.356936732E0,-2.640671001E0,-3.789852360E-1,2.993000240E0
3.239396813E1,-1.601873379E0,-9.302388006E-1,4.863117564E-1,1.915161005E0
3.240393513E1,-2.153465498E0,-1.294394621E0,-4.891096491E-1,2.559706884E0
3.241390213E1,-2.202288871E0,-2.870524464E0,-1.455285145E0,3.899723301E0
3.242386913E1,-2.033971506E0,-4.095140167E0,-1.330206478E0,4.762001927E0
3.243383613E1,-1.814683378E0,-5.068254261E0,-9.366663525E-1,5.464212740E0
3.244380313E1,-1.903786466E0,-5.858344658E0,-8.809435567E-1,6.222593237E0
3.245376913E1,-2.077939060E0,-6.209171165E0,-8.652148390E-1,6.604561606E0
3.246373613E1,-1.811422678E0,-5.921014531E0,-7.123563427E-1,6.232745523E0
3.247370313E1,-6.748677966E-1,-4.942126311E0,-8.577780578E-1,5.061209560E0
3.248367013E1,6.315416828E-1,-3.563735268E0,-1.085555466E0,3.778555892E0
3.249363713E1,1.467269013E0,-2.210569113E0,-9.868860412E-1,2.830801692E0
3.250360412E1,1.845420729E0,-1.057791717E0,-5.594051680E-1,2.199416996E0
3.251357113E1,2.042744961E0,3.543120325E-2,9.171942472E-2,2.045109972E0
3.252353713E1,2.053301817E0,1.148434085E0,8.302546290E-1,2.494849083E0
3.253350413E1,2.091374499E0,2.252073235E0,1.163264962E0,3.286162888E0
3.254347113E1,2.108798617E0,3.350346980E0,9.939904082E-1,4.081650821E0
3.255343813E1,2.222382243E0,4.455532719E0,7.533751452E-1,5.035705388E0
3.256340513E1,2.391000155E0,5.454921277E0,4.656371713E-1,5.974099585E0
3.257337213E1,2.230736453E0,6.209300973E0,2.445166714E-1,6.602377761E0
3.258333913E1,1.734108161E0,6.604634732E0,5.538627385E-1,6.850919281E0
3.259330613E1,1.057461642E0,6.737452481E0,9.856110558E-1,6.890785167E0
3.260327213E1,3.773851454E-1,6.691701527E0,1.093728704E0,6.790988982E0
3.261323912E1,-1.160514432E-1,6.475622351E0,9.817663653E-1,6.550650194E0
3.262320613E1,-4.650656059E-1,6.183316532E0,1.079824318E0,6.294101199E0
3.263317313E1,-9.838378876E-1,5.631346391E0,1.321718659E0,5.867447433E0
3.264314013E1,-1.236588754E0,4.803156706E0,1.252829103E0,5.115569064E0
3.265310713E1,-1.031854930E0,3.799034243E0,1.090359539E0,4.084883070E0
3.266307413E1,-6.263797608E-1,2.969103257E0,9.039807093E-1,3.166244918E0
3.267304113E1,2.284857988E-2,2.557728832E0,6.999036737E-1,2.651860477E0
3.268300713E1,6.643796459E-1,2.265620064E0,5.357192668E-1,2.421038976E0
3.269297413E1,1.323563456E0,1.984551424E0,3.029337180E-1,2.404585914E0
3.270294113E1,2.120616717E0,1.819931839E0,-1.815560460E-4,2.794488717E0
3.271290813E1,2.888176331E0,1.724612868E0,-2.639669958E-1,3.374245195E0
3.272287513E1,3.471762367E0,1.591773484E0,-4.614258604E-1,3.847049594E0
3.273284212E1,3.521661336E0,1.675633666E0,-3.023652224E-1,3.911683969E0
3.274280913E1,3.275957533E0,2.096689326E0,2.633819818E-2,3.889562648E0
3.275277613E1,2.832722214E0,2.677440632E0,1.853076196E-1,3.902222751E0
3.276274213E1,2.486399233E0,3.208298816E0,3.223210385E-1,4.071762922E0
3.277270913E1,2.640401737E0,3.359662764E0,1.646228018E-1,4.276231505E0
3.278267613E1,2.897243316E0,2.954626136E0,-1.554458892E-1,4.141014110E0
3.279264313E1,2.691850803E0,2.099814663E0,-7.193221307E-1,3.488940626E0
3.280261013E1,2.210884278E0,1.154177805E0,-1.243546941E0,2.786852112E0
3.281257713E1,1.771171030E0,2.230835563E-1,-1.323809624E0,2.222450227E0
3.282254413E1,1.726531924E0,-7.945407128E-1,-1.124671000E0,2.208413976E0
3.283251113E1,1.426756287E0,-2.124616798E0,-1.442324791E0,2.937674394E0
3.284247712E1,4.865093923E-1,-4.038206413E0,-2.365394321E0,4.705198478E0
3.285244413E1,-9.738713086E-1,-6.348675206E0,-3.622242800E0,7.373923318E0
3.286241113E1,-2.541689335E0,-9.065356502E0,-4.211256514E0,1.031385256E1
3.287237813E1,-4.397204404E0,-1.099990722E1,-2.290601124E0,1.206566280E1
3.288234513E1,-5.492274460E0,-1.196282318E1,-7.919936657E-2,1.316360474E1
3.289231213E1,-5.266897625E0,-1.286568239E1,-9.748819998E-1,1.393615402E1
3.290227913E1,-4.611736992E0,-1.368145786E1,-4.333448411E0,1.507412294E1
3.291224613E1,-4.529200912E0,-1.359941791E1,-6.498072735E0,1.573794071E1
3.292221213E1,-4.766449640E0,-1.235072747E1,-6.498214238E0,1.474741670E1
3.293217913E1,-4.823554718E0,-1.131123403E1,-5.288842810E0,1.338590877E1
3.294214613E1,-4.735895307E0,-1.096402636E1,-3.501715313E0,1.244590650E1
3.295211404E1,-4.588825262E0,-1.076211031E1,-1.963792347E0,1.186325487E1
3.296208104E1,-4.188554699E0,-1.048241343E1,-1.039508643E0,1.133602929E1
3.297204804E1,-3.343947203E0,-9.909282213E0,-6.715328372E-1,1.047982887E1
3.298201504E1,-2.398044296E0,-9.079186921E0,-4.833694375E-1,9.402972807E0
3.299198204E1,-1.773830344E0,-8.115190390E0,-2.946312565E-1,8.312015203E0
3.300194804E1,-1.668052751E0,-6.863949975E0,-1.816539869E-1,7.066060247E0
3.301191504E1,-1.758943333E0,-5.363215300E0,-1.823126757E-1,5.647229225E0
3.302188204E1,-1.721662070E0,-3.355735189E0,-4.598272316E-1,3.799542081E0
3.303184904E1,-1.284062883E0,-1.262537236E0,-7.072767203E-1,1.934698457E0
3.304181604E1,-7.026941112E-1,6.999690163E-1,-6.578045981E-1,1.190143910E0
3.305178304E1,-1.873097062E-1,2.498533375E0,-2.385979736E-1,2.516879604E0
3.306175004E1,1.631589514E-1,3.565369565E0,3.279177010E-1,3.584133228E0
3.307171704E1,9.394493347E-1,4.570952663E0,1.178016318E0,4.812888503E0
3.308168304E1,1.529114721E0,5.474504187E0,1.180061674E0,5.805250509E0
3.309165004E1,2.051963389E0,6.311113277E0,7.534103016E-1,6.678946895E0
3.310161704E1,2.842722123E0,7.639298372E0,3.167226950E-1,8.157221460E0
3.311158404E1,3.575663003E0,8.885865692E0,3.099397056E-1,9.583320804E0
3.312155104E1,4.057471234E0,9.779164708E0,5.705514228E-1,1.060286113E1
3.313151804E1,4.417519385E0,1.047644693E1,5.521993518E-1,1.138311653E1
3.314148504E1,4.459218219E0,1.116397658E1,3.941923821E-1,1.202806667E1
3.315145204E1,4.609402784E0,1.177117601E1,3.153145393E-1,1.264541822E1
3.316141804E1,4.948541876E0,1.227362257E1,3.370931518E-1,1.323795715E1
3.317138504E1,5.145839211E0,1.244858530E1,2.210762803E-1,1.347203815E1
3.318135204E1,4.806716491E0,1.225138561E1,5.333691247E-1,1.317138776E1
3.319131904E1,4.519426414E0,1.179596704E1,1.606166990E0,1.273380641E1
3.320128604E1,4.688414454E0,1.125361206E1,2.356132039E0,1.241677787E1
3.321125304E1,4.921423659E0,1.079408639E1,2.721432159E0,1.217123268E1
3.322122004E1,5.048221115E0,1.036272092E1,2.943540984E0,1.189684643E1
3.323118704E1,5.106492712E0,9.919144127E0,3.225094943E0,1.161322201E1
3.324115304E1,5.140097246E0,9.662072461E0,3.254445627E0,1.141786584E1
3.325112004E1,5.412047153E0,9.494081370E0,3.123014252E0,1.136578433E1
3.326108704E1,6.002838712E0,9.233996049E0,3.208602287E0,1.147152493E1
3.327105404E1,6.362622569E0,9.009491619E0,3.339655346E0,1.152420075E1
3.328102104E1,6.130248957E0,8.689717920E0,3.298532463E0,1.113424745E1
3.329098804E1,5.969038882E0,8.328144230E0,2.910884285E0,1.065179134E1
3.330095504E1,5.838095750E0,7.979430907E0,2.453077705E0,1.018686752E1
3.331092204E1,5.586619284E0,7.623130236E0,2.042544548E0,9.669251153E0
3.332088804E1,5.525851511E0,7.133717701E0,1.258368756E0,9.110897601E0
3.333085504E1,5.509185777E0,6.251809062E0,-1.730518556E-1,8.334638049E0
3.334082204E1,5.093779112E0,5.399645793E0,-6.964500158E-1,7.455722832E0
3.335078904E1,4.567868257E0,4.563950037E0,-6.624601512E-1,6.491064150E0
3.336075604E1,3.831060027E0,3.346466768E0,-4.602657728E-1,5.107612490E0
3.337072304E1,1.798852334E0,4.356631744E-1,-2.603741156E0,3.194548502E0
3.338069004E1,-1.551451962E0,-4.341119666E0,-6.430735030E0,7.912438067E0
3.339065704E1,-3.250471567E0,-6.190871719E0,-2.429495884E0,7.402358293E0
3.340062304E1,-4.352294864E0,-6.783263077E0,3.398793208E0,8.746823642E0
3.341059004E1,-5.777881708E0,-8.056386112E0,4.901404839E0,1.105952276E1
3.342055704E1,-7.381416281E0,-1.285715482E1,-1.214654679E0,1.487505033E1
3.343052404E1,-9.551933137E0,-2.018562222E1,-8.741012034E0,2.398132737E1
3.344049104E1,-1.187268718E1,-2.444414704E1,-7.129094893E0,2.809450159E1
3.345045804E1,-1.272127137E1,-2.690915540E1,-8.033871993E0,3.082979872E1
3.346042504E1,-9.695726695E0,-2.248922872E1,-8.408252839E0,2.589345941E1
3.347039204E1,-3.727064373E0,-1.242900414E1,-4.285324949E0,1.366510749E1
3.348035804E1,-2.197716056E0,-5.583281109E0,-1.526936341E0,6.191487575E0
3.349032504E1,-2.167822166E0,-2.561731251E0,-1.287765925E0,3.594476460E0
3.350029204E1,-2.841992098E0,-3.200460039E0,-2.520386174E0,4.967112844E0
3.351025904E1,-3.127749035E0,-5.910757930E0,-2.969520164E0,7.316961345E0
3.352022604E1,-2.749693799E0,-7.661843482E0,-1.798820759E0,8.336691049E0
3.353019304E1,-2.490436150E0,-8.062122231E0,-1.183962352E0,8.520672152E0
3.354016004E1,-2.453413627E0,-8.033256281E0,-1.247343830E0,8.491661294E0
3.355012704E1,-1.239570250E0,-7.574229387E0,-2.029637258E0,7.938823125E0
3.356009304E1,4.228297055E-1,-6.124140955E0,-2.205700429E0,6.522959588E0
3.357006004E1,1.135568456E0,-4.514952124E0,-2.124085286E0,5.117230374E0
3.358002704E1,1.853036142E0,-3.367628426E0,-1.561476721E0,4.148840044E0
3.358999404E1,1.903957497E0,-2.483796637E0,-2.864469087E-1,3.142666339E0
3.359996104E1,1.690856015E0,-1.758265933E0,2.553783131E-1,2.452694689E0
3.360992804E1,1.941202799E0,-6.924231845E-1,3.181765321E-1,2.085414702E0
3.361989504E1,2.359073773E0,5.396582437E-1,8.377329254E-1,2.560909319E0
3.362986204E1,2.704352150E0,1.868659025E0,1.159669217E0,3.485719409E0
3.363982804E1,2.855364680E0,3.101178995E0,1.016808290E0,4.336394552E0
3.364979504E1,2.661393826E0,4.151837109E0,9.121609640E-1,5.015257331E0
3.365976204E1,2.321093768E0,5.113121701E0,1.202595381E0,5.742623570E0
3.366972904E1,2.275497181E0,6.252920033E0,1.771145887E0,6.885771860E0
3.367969604E1,2.324665540E0,7.617725655E0,2.092587212E0,8.234848831E0
3.368966304E1,2.122741303E0,8.548194836E0,1.799755436E0,8.989815639E0
3.369963004E1,1.814219986E0,8.998735081E0,1.523540132E0,9.305364138E0
3.370959704E1,1.538549788E0,9.126210229E0,1.507191463E0,9.376911789E0
3.371956304E1,1.364569979E0,9.017752565E0,1.693054276E0,9.276224735E0
3.372953004E1,1.221889439E0,8.762939093E0,1.807484432E0,9.030454879E0
3.373949704E1,1.011053461E0,8.315162827E0,1.673387019E0,8.541919342E0
3.374946404E1,6.818619436E-1,7.599910943E0,1.486006708E0,7.773789165E0
3.375943104E1,6.513245675E-1,6.586054620E0,1.352667826E0,6.755001805E0
3.376939804E1,1.046720891E0,5.498328667E0,1.198047709E0,5.723858931E0
3.377936504E1,1.514111935E0,4.356349908E0,1.109333754E0,4.743515664E0
3.378933204E1,1.896177776E0,3.482647251E0,1.193859057E0,4.141210147E0
3.379929804E1,2.210515904E0,2.938905897E0,1.209152741E0,3.871123710E0
3.380926504E1,2.552493235E0,2.646954419E0,1.012039886E0,3.813897500E0
3.381923204E1,2.831431442E0,2.565630759E0,7.420983513E-1,3.892322592E0
3.382919904E1,3.025061696E0,2.598761083E0,4.592428024E-1,4.014406728E0
3.383916604E1,2.872578006E0,2.623517025E0,-3.666438103E-2,3.890487149E0
3.384913304E1,2.445291845E0,2.618243421E0,-6.668328452E-1,3.644079700E0
3.385910004E1,1.845566032E0,2.384279950E0,-1.452994498E0,3.346953521E0
3.386906604E1,1.031809322E0,1.875030736E0,-2.275606816E0,3.123900946E0
3.387903304E1,3.807440785E-1,1.391506932E0,-2.678436413E0,3.042249039E0
3.388900004E1,3.586828262E-2,9.813165683E-1,-2.595205976E0,2.774772567E0
3.389896704E1,-9.337184787E-2,1.882060844E-1,-2.136980443E0,2.147283224E0
3.390893404E1,1.794086561E-1,-9.459666413E-1,-2.209668642E0,2.410326920E0
3.391890104E1,-1.353937402E-1,-2.574136704E0,-1.530317785E0,2.997729767E0
3.392886804E1,-7.724958327E-1,-3.689674353E0,-2.015339354E-1,3.775057956E0
3.393883504E1,-4.694188580E-1,-4.163299990E0,1.240182745E-1,4.191515407E0
3.394880204E1,-3.090516597E-1,-5.142328543E0,-1.487794787E0,5.362144077E0
3.395876813E1,-8.390418246E-1,-7.855470520E0,-4.275270077E0,8.982780332E0
3.396873513E1,-3.793999205E0,-1.187279711E1,-6.685411677E0,1.414399061E1
3.397870213E1,-7.878741269E0,-1.567580746E1,-5.945855842E0,1.852454332E1
3.398866913E1,-9.569132137E0,-1.815768504E1,-2.948271089E0,2.073552792E1
3.399863613E1,-8.732355232E0,-1.994293938E1,-2.259420261E0,2.188789252E1
3.400860312E1,-6.933321342E0,-2.048783439E1,-5.401984094E0,2.229358058E1
3.401857013E1,-5.855861346E0,-1.874051562E1,-7.938583428E0,2.117827057E1
3.402853713E1,-4.573165834E0,-1.532966165E1,-8.185546428E0,1.796985093E1
3.403850313E1,-1.991640004E0,-1.311856161E1,-5.786449049E0,1.447571349E1
3.404847013E1,2.041999733E-1,-1.207421381E1,-2.333298662E0,1.229929345E1
3.405843713E1,1.546662800E0,-1.078815381E1,2.571421257E-1,1.090149304E1
3.406840413E1,1.311996786E0,-9.560118070E0,1.128098638E0,9.715441298E0
3.407837113E1,2.365432620E-2,-7.905686992E0,4.307320713E-1,7.917447598E0
3.408833813E1,-1.330022583E0,-5.436621830E0,-4.081995334E-1,5.611812885E0
3.409830513E1,-2.611300729E0,-3.012766171E0,-5.160188279E-1,4.020189912E0
3.410827213E1,-3.702003207E0,-1.338421231E0,-4.318494742E-1,3.960138016E0
3.411823812E1,-4.089097070E0,5.326942098E-1,-1.121167056E-1,4.125172496E0
3.412820513E1,-4.277369812E0,2.334050614E0,2.994195414E-1,4.881939864E0
3.413817213E1,-3.492441629E0,4.055542238E0,1.649031758E-1,5.354602173E0
3.414813913E1,-2.081121114E0,5.680153685E0,9.556665874E-1,6.124419123E0
3.415810613E1,-1.087756358E0,6.750029258E0,2.014424264E-1,6.840079526E0
3.416807313E1,7.529599929E-1,7.054102013E0,-1.093125272E-1,7.095016081E0
3.417804012E1,2.544345725E0,7.316255495E0,7.723022899E-1,7.784455052E0
3.418800713E1,3.601728137E0,7.792977233E0,1.532584459E0,8.720765726E0
3.419797313E1,4.101177417E0,8.389630042E0,2.217533001E0,9.598072778E0
3.420794013E1,4.504607230E0,8.935102172E0,2.669793936E0,1.035641525E1
3.421790713E1,4.818793330E0,9.450987976E0,2.546219172E0,1.090986595E1
3.422787413E1,5.292513108E0,1.003552945E1,2.099049847E0,1.153813488E1
3.423784112E1,5.797283354E0,1.052267034E1,1.668870192E0,1.212931214E1
3.424780813E1,6.327726386E0,1.092200593E1,1.340874138E0,1.269363140E1
3.425777513E1,6.971202528E0,1.135260542E1,1.324335873E0,1.338779967E1
3.426774213E1,7.380349165E0,1.167633768E1,1.576794087E0,1.390297432E1
3.427770813E1,7.166485498E0,1.169875474E1,1.703870455E0,1.382470800E1
3.428767513E1,6.444304079E0,1.160764927E1,1.445148704E0,1.335496280E1
3.429764213E1,5.912296917E0,1.150780455E1,1.309886234E0,1.300386952E1
3.430760913E1,5.820319630E0,1.125712740E1,1.524289598E0,1.276410971E1
3.431757613E1,5.996716093E0,1.092992189E1,1.711025108E0,1.258377540E1
3.432754313E1,6.142693001E0,1.072596165E1,1.895026460E0,1.250480132E1
3.433751013E1,6.151167955E0,1.033069221E1,1.839302495E0,1.216318636E1
3.434747713E1,5.905131154E0,9.681093453E0,1.567370714E0,1.144774193E1
3.435744313E1,5.587213361E0,8.938758436E0,1.366469593E0,1.062946822E1
3.436741013E1,5.453661202E0,8.316110076E0,1.328667637E0,1.003321808E1
3.437737713E1,5.553690689E0,7.875942791E0,1.392967274E0,9.737264141E0
3.438734413E1,5.795877099E0,7.589123415E0,1.457647712E0,9.659799294E0
3.439731113E1,6.060917936E0,7.379628203E0,1.338347117E0,9.642863249E0
3.440727812E1,6.205593254E0,7.100610766E0,9.658198388E-1,9.479497289E0
3.441724513E1,6.246237835E0,6.569577751E0,1.524554770E-1,9.066315767E0
3.442721213E1,5.884150175E0,5.974783772E0,-2.991496924E-1,8.391111663E0
3.443717813E1,4.906843627E0,5.367610652E0,-4.987981930E-1,7.289523862E0
3.444714513E1,3.837621188E0,4.189431197E0,-1.820619471E0,5.966014197E0
3.445711213E1,3.322936987E0,3.076218401E0,-2.631211083E0,5.237203608E0
3.446707912E1,2.517125766E0,1.108594666E0,-3.422761530E0,4.390922539E0
3.447704613E1,-1.462680995E-2,-2.674736295E0,-4.995506712E0,5.666525876E0
3.448701313E1,-3.567032221E0,-5.696348133E0,-3.462091949E0,7.560303008E0
3.449698013E1,-6.503835751E0,-7.289765269E0,1.394261263E0,9.868359622E0
3.450694713E1,-9.126132461E0,-1.100942999E1,1.140665474E0,1.434555541E1
3.451691313E1,-1.175302041E1,-1.821696528E1,-2.384889815E0,2.181006676E1
3.452688013E1,-1.545406701E1,-2.749606617E1,-4.043774424E0,3.179959046E1
3.453684713E1,-1.704472718E1,-3.466164418E1,-7.080442550E0,3.926938971E1
3.454681413E1,-5.608990147E0,-2.825410622E1,-7.967486215E0,2.988705615E1
3.455678113E1,1.657163189E0,-1.696078923E1,-5.956911757E0,1.805268287E1
3.456674813E1,7.838563880E-1,-8.788082705E0,-2.949444626E0,9.302905571E0
3.457671513E1,1.014748608E0,-4.742327537E0,-2.719033046E0,5.559903409E0
3.458668213E1,-4.982605416E-1,-4.446768327E0,-3.026175883E0,5.401828634E0
3.459664913E1,-1.897947144E0,-4.766017531E0,-1.623274189E0,5.380719799E0
3.460661513E1,-2.268409186E0,-4.002347778E0,-3.758508360E-1,4.615813235E0
3.461658213E1,-3.330433995E0,-3.877469378E0,-4.529416966E-1,5.131443808E0
3.462654913E1,-3.943237983E0,-3.796204190E0,-8.237955022E-1,5.535244446E0
3.463651612E1,-4.019719271E0,-3.780947635E0,-7.973424062E-1,5.575792585E0
3.464648313E1,-3.333318134E0,-3.864922423E0,-8.925724992E-1,5.181247030E0
3.465645013E1,-1.973131520E0,-3.629932181E0,-9.068245026E-1,4.229891998E0
3.466641713E1,-6.025283834E-1,-3.094767523E0,-9.846021187E-1,3.303039177E0
3.467638413E1,4.609108669E-1,-2.809533327E0,-9.234902367E-1,2.993117197E0
3.468635013E1,1.753977292E0,-2.378665454E0,-4.344516313E-1,2.987178251E0
3.469631712E1,2.631903686E0,-1.620538861E0,2.452382179E-1,3.100516892E0
3.470628413E1,2.760412330E0,-3.870079082E-1,1.057423050E0,2.981240490E0
3.471625113E1,2.705405526E0,1.201255492E0,1.544836714E0,3.338975036E0
3.472621813E1,2.710125690E0,2.818612883E0,1.580136063E0,4.217367641E0
3.473618513E1,2.488865881E0,4.338412405E0,1.434663623E0,5.203319640E0
3.474615213E1,2.223812765E0,5.825400860E0,1.150241751E0,6.340638334E0
3.475611912E1,1.756524632E0,7.116456136E0,7.669428782E-1,7.370042612E0
3.476608513E1,1.030789275E0,7.849225109E0,5.377966364E-1,7.934865251E0
3.477605213E1,3.502906099E-1,7.989655348E0,7.924881940E-1,8.036500086E0
3.478601913E1,5.019922346E-2,7.768348761E0,1.292769095E0,7.875342174E0
3.479598613E1,-6.443046927E-2,7.383078060E0,1.661479311E0,7.567992232E0
3.480595313E1,-2.744969541E-1,6.926299421E0,1.889949761E0,7.184767382E0
3.481592013E1,-5.271706375E-1,6.424983124E0,1.805381773E0,6.694603825E0
3.482588713E1,-7.972511896E-1,5.839285659E0,1.400775354E0,6.057642945E0
3.483585413E1,-8.741166401E-1,5.188992832E0,1.040066614E0,5.363903902E0
3.484582013E1,-6.469406176E-1,4.686714669E0,8.870870800E-1,4.813600527E0
3.485578713E1,-2.250952908E-1,4.153916379E0,1.002193028E0,4.279027931E0
3.486575412E1,2.142411044E-1,3.706820728E0,1.302243923E0,3.934750106E0
3.487572113E1,8.570959800E-1,3.504463797E0,1.438896569E0,3.884109082E0
3.488568813E1,1.736871555E0,3.437651757E0,1.294853042E0,4.063350441E0
3.489565513E1,2.629886104E0,3.286339265E0,1.040303864E0,4.335730482E0
3.490562213E1,3.400141284E0,2.897648528E0,2.336491826E-1,4.473468417E0
3.491558913E1,3.839761561E0,2.255343583E0,-1.406712324E0,4.670030309E0
3.492555512E1,3.557865541E0,1.387235541E0,-3.613348601E0,5.257291866E0
3.493552213E1,2.448733516E0,9.559548551E-1,-5.231819594E0,5.855090245E0
3.494548913E1,1.951683056E0,1.354968851E0,-4.658010103E0,5.228964090E0
3.495545563E1,1.800393952E0,2.125248882E0,-2.098391451E0,3.487312414E0
3.496542263E1,1.055586732E0,2.532341391E0,9.361202225E-1,2.898851038E0
3.497538963E1,6.489760333E-1,2.246797292E0,2.242558938E0,3.240113972E0
3.498535663E1,4.662078595E-1,1.183544276E0,2.354143108E0,2.675839419E0
3.499532363E1,7.672716379E-2,-7.553754777E-1,1.522301838E0,1.701141398E0
3.500528963E1,-2.890459961E-1,-3.706073454E0,-1.084149796E0,3.872196898E0
3.501525663E1,-1.534788859E-1,-7.751558481E0,-5.131733973E0,9.297575395E0
3.502522363E1,-9.575581616E-1,-1.155376601E1,-7.146852887E0,1.361924861E1
3.503519062E1,-2.619760481E0,-1.328028858E1,-4.117964188E0,1.414873983E1
3.504515763E1,-3.096560279E0,-1.344769670E1,2.816337731E-1,1.380248346E1
3.505512463E1,-3.712737818E0,-1.413258107E1,8.347844669E-1,1.463595350E1
3.506509163E1,-4.249700203E0,-1.518309768E1,-1.796886500E0,1.586868640E1
3.507505863E1,-4.643923868E0,-1.629833478E1,-5.453212720E0,1.780278839E1
3.508502463E1,-5.122218214E0,-1.662715997E1,-8.116663889E0,1.919843225E1
3.509499162E1,-5.351541334E0,-1.474873726E1,-7.318419549E0,1.731252466E1
3.510495863E1,-5.011813427E0,-1.255713184E1,-4.253827168E0,1.417373908E1
3.511492563E1,-4.218542437E0,-1.161197504E1,-1.752716633E0,1.247822424E1
3.512489263E1,-3.547876450E0,-1.100227534E1,-6.176598081E-1,1.157665727E1
3.513485963E1,-3.094269340E0,-1.009809933E1,-4.052380648E-1,1.056931080E1
3.514482663E1,-2.649739155E0,-8.796134906E0,-4.808852479E-1,9.199149825E0
3.515479362E1,-2.275471161E0,-6.952322454E0,-3.922651398E-1,7.325737399E0
3.516476063E1,-2.645051735E0,-4.813692219E0,-3.729412615E-1,5.505180891E0
3.517472663E1,-3.480338770E0,-2.455683224E0,-6.544355786E-1,4.309457504E0
3.518469363E1,-3.862887592E0,2.425302261E-1,-1.001533316E0,3.997973292E0
3.519466063E1,-3.586946960E0,2.690541903E0,-1.171324618E0,4.634350611E0
3.520462763E1,-2.959396294E0,4.405495171E0,-6.427142501E-1,5.345979399E0
3.521459463E1,-1.647578140E0,5.719470363E0,6.061443016E-2,5.952354918E0
3.522456163E1,-3.341180885E-1,6.504060869E0,5.116991973E-1,6.532708378E0
3.523452863E1,1.629153564E0,6.406807639E0,6.779529338E-1,6.645370241E0
3.524449563E1,3.522449833E0,6.507748708E0,1.051074290E0,7.474169066E0
3.525446163E1,5.115386328E0,7.169754092E0,1.857694327E0,9.001309862E0
3.526442862E1,6.012388970E0,7.610083929E0,2.469704847E0,1.000807876E1
3.527439563E1,6.272097731E0,7.982160387E0,2.505941212E0,1.045628212E1
3.528436263E1,6.093102765E0,8.415705115E0,2.067370656E0,1.059358369E1
3.529432963E1,6.120885226E0,8.969378550E0,1.720615565E0,1.099433970E1
3.530429663E1,6.188150425E0,9.413566965E0,1.670461804E0,1.138854211E1
3.531426363E1,6.218931338E0,9.827361553E0,1.691572445E0,1.175217254E1
3.532423063E1,6.374893536E0,1.035225441E1,1.665519737E0,1.227120185E1
3.533419663E1,6.623946916E0,1.076524325E1,1.488855472E0,1.272728665E1
3.534416363E1,6.485880706E0,1.096858836E1,1.135587825E0,1.279320675E1
3.535413063E1,5.955130695E0,1.106639824E1,6.903352900E-1,1.258591731E1
3.536409763E1,5.369173028E0,1.087457566E1,2.854027422E-1,1.213119407E1
3.537406463E1,5.144817703E0,1.047067222E1,2.590656403E-1,1.166924337E1
3.538403162E1,5.482927101E0,1.009215856E1,6.383979817E-1,1.150311723E1
3.539399863E1,5.943763123E0,9.817765102E0,1.202345486E0,1.153960425E1
3.540396563E1,6.079613823E0,9.696024318E0,1.721620263E0,1.157318315E1
3.541393163E1,6.144725493E0,9.575334279E0,2.149037694E0,1.157855954E1
3.542389863E1,6.134918543E0,9.403669383E0,2.394032521E0,1.148031424E1
3.543386563E1,6.031329855E0,9.199786913E0,2.338800892E0,1.124646650E1
3.544383263E1,5.828926147E0,8.866407913E0,2.034149262E0,1.080404242E1
3.545379963E1,5.647349051E0,8.505801938E0,1.748485880E0,1.035849510E1
3.546376663E1,5.309019213E0,8.110699144E0,1.495773751E0,9.808489421E0
3.547373363E1,4.905758969E0,7.673451374E0,1.136267198E0,9.178204083E0
3.548370063E1,4.498821995E0,7.165679167E0,4.635906458E-1,8.473563215E0
3.549366662E1,4.182118669E0,6.658570619E0,-6.199320361E-2,7.863238671E0
3.550363363E1,3.852193327E0,5.863667378E0,-1.049053346E0,7.093835456E0
3.551360063E1,3.381538075E0,4.384596637E0,-3.342975103E0,6.467995823E0
3.552356763E1,2.768321858E0,2.563403555E0,-6.012284889E0,7.098042919E0
3.553353463E1,1.289290586E0,1.209531641E-1,-6.813527681E0,6.935492725E0
3.554350163E1,-3.668177649E-1,-2.515126019E0,-2.528823998E0,3.585437906E0
3.555346863E1,-2.559434757E0,-5.140496610E0,2.652378296E0,6.325387127E0
3.556343563E1,-6.935538606E0,-9.768100607E0,5.057556195E0,1.300370562E1
3.557340163E1,-1.244783686E1,-1.765263413E1,3.985193217E0,2.196465112E1
3.558336863E1,-1.490698748E1,-2.652093069E1,6.314878884E-1,3.042986719E1
3.559333563E1,-1.118410737E1,-3.232917114E1,-5.729369699E0,3.468551919E1
3.560330263E1,-2.057553619E0,-3.175045818E1,-1.325433980E1,3.446741425E1
3.561326962E1,1.616441717E0,-2.598276933E1,-1.304525039E1,2.911864942E1
3.562323663E1,-2.872368675E0,-1.706465683E1,-7.249396677E0,1.876184337E1
3.563320363E1,-4.421758032E0,-9.162700363E0,-2.529909826E0,1.048367616E1
3.564317063E1,-3.407633906E0,-4.761909277E0,-9.372735858E-2,5.856324242E0
3.565313763E1,-3.529443980E0,-2.621887406E0,6.336460957E-1,4.442158906E0
3.566310363E1,-3.665321285E0,-1.644572087E0,-6.699005869E-1,4.072832462E0
3.567307063E1,-3.368009372E0,-1.996485007E0,-2.531563711E0,4.662430089E0
3.568303763E1,-3.275962796E0,-2.847824403E0,-2.153234825E0,4.845457283E0
3.569300463E1,-3.393704961E0,-3.149189313E0,-6.426054919E-1,4.674138264E0
3.570297163E1,-3.263122018E0,-3.386337177E0,2.618219447E-1,4.709967676E0
3.571293863E1,-2.361360034E0,-3.220128903E0,4.817766559E-1,4.022108913E0
3.572290563E1,-8.565323085E-1,-2.552585036E0,4.578127196E-1,2.731104254E0
3.573287262E1,5.788746420E-1,-1.754827770E0,6.052480696E-1,1.944438628E0
3.574283863E1,-1.037082633E-1,-1.073709592E0,2.353077746E0,2.588548352E0
3.575280563E1,-6.856196567E-1,3.837200189E-1,2.988430059E0,3.089988606E0
3.576277263E1,2.444773489E0,2.351178278E0,9.578543231E-1,3.524548427E0
3.577273963E1,2.044977720E0,2.802846451E0,1.225232438E0,3.679548428E0
3.578270663E1,3.285025103E0,3.045627522E0,-3.399604802E-1,4.492528248E0
3.579267363E1,4.416317198E0,3.726032925E0,-1.657397954E0,6.011168516E0
3.580264063E1,4.672186384E0,4.918864918E0,-7.885492171E-1,6.829814606E0
3.581260763E1,4.126989073E0,5.387438561E0,4.853775175E-1,6.803831596E0
3.582257363E1,3.012589000E0,5.564923775E0,9.085963552E-1,6.392934885E0
3.583254063E1,2.555677629E0,6.336159825E0,-5.602297716E-1,6.855090581E0
3.584250762E1,9.260138950E-1,6.586292601E0,1.071645087E0,6.736852021E0
3.585247463E1,6.223425508E-1,6.925029405E0,-5.110466480E-3,6.952939568E0
3.586244163E1,2.208206838E-1,7.012071642E0,-1.425621343E-1,7.016996113E0
3.587240863E1,1.596494526E-2,6.676491750E0,-4.145092638E-1,6.689365807E0
3.588237563E1,-8.309182879E-1,5.650015966E0,-5.136229312E-1,5.733839388E0
3.589234263E1,-1.711154332E0,4.440310662E0,4.704317419E-1,4.781810740E0
3.590230963E1,-2.575900809E0,2.775328869E0,8.012474692E-1,3.870363396E0
3.591227563E1,-2.983386251E0,1.015823911E0,6.588467912E-1,3.219715956E0
3.592224263E1,-2.817163943E0,-3.892011988E-1,1.190797162E0,3.083162035E0
3.593220963E1,-2.405213567E0,-1.642565907E0,2.016225061E0,3.542349299E0
3.594217663E1,-1.782940013E0,-2.704972247E0,2.160335684E0,3.893944044E0
3.595214363E1,-5.725236887E-1,-3.182610244E0,1.613223263E0,3.613762670E0
3.596211037E1,6.150668603E-1,-2.823197100E0,8.154211199E-1,3.002275922E0
3.597207738E1,1.549091148E0,-1.693774068E0,4.512857652E-1,2.339276132E0
3.598204438E1,2.477988013E0,-3.145942354E-1,4.409196751E-1,2.536494488E0
3.599201038E1,3.048487396E0,9.851283681E-1,3.542067826E-1,3.223230638E0
3.600197738E1,3.749903013E0,2.218923030E0,3.032167232E-1,4.367760571E0
3.601194438E1,4.117359879E0,3.129414030E0,-2.312493391E-1,5.176809905E0
3.602191138E1,3.984614927E0,3.753820063E0,-1.142984333E0,5.592381815E0
3.603187838E1,3.779449871E0,4.288477768E0,-1.252513354E0,5.851843521E0
3.604184538E1,3.162996051E0,4.447895671E0,-9.820002539E-1,5.545506687E0
3.605181238E1,2.762261512E0,4.548016375E0,-5.645360997E-1,5.351003888E0
3.606177938E1,2.406025453E0,4.584326414E0,1.038129285E-2,5.177365636E0
3.607174537E1,2.298127075E0,4.599103498E0,6.089595897E-1,5.177255336E0
3.608171238E1,2.499843443E0,4.640339232E0,1.058272651E0,5.376049333E0
3.609167938E1,2.577465523E0,4.535481699E0,1.271637257E0,5.369449141E0
3.610164638E1,2.763159352E0,4.271293970E0,7.279093516E-1,5.138954544E0
3.611161338E1,3.003227315E0,3.721760364E0,-5.734642133E-1,4.816610397E0
3.612158038E1,2.313471923E0,2.647644975E0,-1.971437874E0,4.030973027E0
3.613154738E1,1.320016827E0,1.488857226E0,-3.174550442E0,3.746586549E0
3.614151438E1,6.601243347E-1,5.426754069E-1,-4.128195062E0,4.215715266E0
3.615148038E1,-1.246944173E0,-1.379089200E-1,-3.677349007E0,3.885458063E0
3.616144738E1,-3.358623129E0,-5.750432539E-1,-9.044306526E-1,3.525481368E0
3.617141438E1,-4.251429517E0,-1.742954999E0,2.598172561E0,5.278545796E0
3.618138138E1,-4.156021669E0,-4.681790144E0,2.747998399E0,6.836897707E0
3.619134837E1,-3.602112299E0,-8.651011106E0,-7.508775070E-1,9.401011818E0
3.620131538E1,-3.468536750E0,-1.259874647E1,-4.511339715E0,1.382430273E1
3.621128238E1,-4.199401869E0,-1.589916291E1,-5.532402731E0,1.735009618E1
3.622124938E1,-5.277712635E0,-1.869057689E1,-5.184757694E0,2.010158271E1
3.623121638E1,-5.384761705E0,-2.119133630E1,-5.149173878E0,2.246291130E1
3.624118238E1,-4.484588411E0,-2.159322244E1,-4.747067582E0,2.255910990E1
3.625114938E1,-3.361990248E0,-1.852005571E1,-4.826280982E0,1.943163477E1
3.626111638E1,-2.954304247E0,-1.520255254E1,-5.373701112E0,1.639274781E1
3.627108338E1,-2.854912106E0,-1.312451758E1,-4.303839865E0,1.410413140E1
3.628105038E1,-2.810694876E0,-1.167072903E1,-2.418446985E0,1.224560360E1
3.629101738E1,-2.989849763E0,-1.040397888E1,-7.838499561E-1,1.085340494E1
3.630098438E1,-3.267507722E0,-9.082820381E0,3.784320894E-1,9.660095426E0
3.631095138E1,-3.356209399E0,-7.720821422E0,7.781743562E-1,8.454630701E0
3.632091738E1,-3.512767428E0,-6.089533040E0,5.897036853E-1,7.054764212E0
3.633088438E1,-4.095211211E0,-4.223956667E0,1.658622654E-1,5.885581965E0
3.634085138E1,-4.088261795E0,-2.158145902E0,1.044982222E-1,4.624110521E0
3.635081838E1,-3.384298838E0,1.157029492E-1,2.159236407E-1,3.393153226E0
3.636078537E1,-2.396126409E0,2.053536290E0,6.380037332E-1,3.219546836E0
3.637075238E1,-1.090687568E0,3.775023236E0,9.534269576E-1,4.043441946E0
3.638071938E1,-8.351870477E-2,5.248864228E0,1.229414367E0,5.391568486E0
3.639068638E1,8.145270807E-1,6.225935717E0,1.948121371E0,6.574260931E0
3.640065238E1,2.075811258E0,6.862226216E0,2.083253155E0,7.465861285E0
3.641061938E1,3.116765918E0,7.383679739E0,1.688632757E0,8.190508950E0
3.642058637E1,4.243582261E0,8.001710553E0,1.986069946E0,9.272531262E0
3.643055338E1,5.228490189E0,8.680560595E0,2.341028681E0,1.040046428E1
3.644052038E1,5.673534636E0,9.032834288E0,2.318529326E0,1.091589065E1
3.645048738E1,5.945009750E0,9.260504985E0,2.077705317E0,1.119897106E1
3.646045438E1,6.249362587E0,9.599455213E0,1.533580678E0,1.155664064E1
3.647042138E1,6.686467685E0,1.004475518E1,8.768519676E-1,1.209854645E1
3.648038738E1,6.973547262E0,1.048502596E1,4.089415450E-1,1.259894297E1
3.649035438E1,7.069453878E0,1.092824023E1,2.053368913E-1,1.301713394E1
3.650032138E1,7.198807152E0,1.129548514E1,2.012436211E-1,1.339594371E1
3.651028838E1,7.291424124E0,1.135266038E1,2.729621331E-1,1.349526850E1
3.652025538E1,7.392088035E0,1.111348938E1,2.712033637E-1,1.335013719E1
3.653022238E1,7.682436206E0,1.074012478E1,1.645922501E-1,1.320595309E1
3.654018938E1,7.777956321E0,1.014536121E1,3.552255137E-1,1.278871157E1
3.655015638E1,7.170252274E0,9.395732372E0,8.302298514E-1,1.184827355E1
3.656012338E1,6.421374807E0,9.073639083E0,1.445632854E0,1.120958674E1
3.657008938E1,6.102993915E0,8.851551892E0,1.938354328E0,1.092491296E1
3.658005638E1,5.989245105E0,8.607164006E0,2.144655790E0,1.070298452E1
3.659002337E1,5.817603598E0,8.318373533E0,2.127259154E0,1.037135870E1
3.659999038E1,5.659892498E0,7.979161350E0,2.124410537E0,1.001072021E1
3.660995738E1,5.526037452E0,7.701124492E0,2.181635921E0,9.726455863E0
3.661992438E1,5.209876163E0,7.453225937E0,2.268620417E0,9.372300950E0
3.662989138E1,4.738443816E0,7.193885550E0,2.241193467E0,8.900999229E0
3.663985838E1,4.178891006E0,7.006682848E0,2.292289946E0,8.474156464E0
3.664982437E1,3.682336682E0,6.844578150E0,2.443146940E0,8.147197092E0
3.665979138E1,3.234585559E0,6.597764838E0,2.508666307E0,7.764435024E0
3.666975838E1,2.581817021E0,6.098723109E0,2.176860939E0,6.971293010E0
3.667972538E1,1.414785867E0,4.401555902E0,-9.750275955E-1,4.725038859E0
3.668969238E1,-7.242185891E-1,1.034080088E0,-5.769605559E0,5.906112300E0
3.669965938E1,-3.497252719E0,-2.631835858E0,-9.371752356E0,1.034345584E1
3.670962637E1,-6.980406631E0,-7.416029459E0,-1.209785995E1,1.581397436E1
3.671959338E1,-7.742073712E0,-9.865683035E0,-5.375864582E0,1.364446141E1
3.672955938E1,-7.556195405E0,-1.141150559E1,1.817310824E0,1.380656248E1
3.673952638E1,-9.187979046E0,-1.469995862E1,4.070511110E0,1.780665053E1
3.674949338E1,-1.247078835E1,-1.950524021E1,5.469631702E0,2.378848100E1
3.675946038E1,-1.203297691E1,-2.584646372E1,-1.391978803E0,2.854417322E1
3.676942738E1,-6.518221071E0,-2.444619357E1,-9.074575807E0,2.687845814E1
3.677939438E1,1.647397462E-1,-1.659879279E1,-9.708499353E0,1.923023715E1
3.678936138E1,6.749724618E-1,-1.037261324E1,-6.493710712E0,1.225622177E1
3.679932838E1,-8.658071619E-1,-6.222789330E0,-3.843906653E0,7.365347748E0
3.680929438E1,-1.540693670E0,-3.826395119E0,-2.067891204E0,4.614239983E0
3.681926137E1,-1.602917692E0,-2.231256562E0,-1.198590331E0,2.997410509E0
3.682922838E1,-2.093681811E0,-1.856851158E0,-1.370361646E0,3.115973490E0
3.683919538E1,-2.363074146E0,-2.182077386E0,-1.062281209E0,3.387332653E0
3.684916238E1,-2.114559294E0,-2.774195679E0,-2.781190118E-1,3.499267475E0
3.685912938E1,-1.390060916E0,-3.458616949E0,-2.927811974E-1,3.738986678E0
3.686909638E1,-4.557591775E-1,-4.148473790E0,-8.970038116E-1,4.268743030E0
3.687906338E1,2.974320728E-1,-4.654910493E0,-1.419151691E0,4.875515261E0
3.688903038E1,9.016698897E-1,-4.603945577E0,-1.405177138E0,4.897330523E0
3.689899638E1,1.319918594E0,-4.032131740E0,-8.136885899E-1,4.319995439E0
3.690896338E1,1.484055200E0,-3.206039452E0,-7.333548635E-2,3.533622348E0
3.691893038E1,1.554866151E0,-2.249354280E0,1.873447895E-2,2.734511730E0
3.692889738E1,1.759934728E0,-1.212439461E0,-1.300642955E-1,2.141097012E0
3.693886437E1,1.988615239E0,-1.355150700E-1,-1.399367344E-1,1.998133427E0
3.694883138E1,2.232450272E0,9.740215820E-1,-6.073152065E-2,2.436440144E0
3.695879838E1,2.558835710E0,2.169362031E0,2.600478995E-1,3.364728328E0
3.696876538E1,2.941687125E0,3.392901846E0,7.313802588E-1,4.549749791E0
3.697873138E1,3.386493590E0,4.393953352E0,1.208247739E0,5.677589937E0
3.698869838E1,3.494386121E0,5.202342026E0,1.523019729E0,6.449394236E0
3.699866538E1,3.131849103E0,5.858427688E0,1.800685436E0,6.882740866E0
3.700863238E1,2.484659101E0,6.252557505E0,1.912455986E0,6.994676126E0
3.701859938E1,1.650930349E0,6.368955104E0,1.902777675E0,6.849067310E0
3.702856638E1,6.949795872E-1,6.267807044E0,1.702151520E0,6.531900302E0
3.703853338E1,-2.454377541E-1,6.200987987E0,1.146903430E0,6.310933305E0
3.704850038E1,-1.190382887E0,6.325229625E0,4.206600961E-1,6.449999701E0
3.705846737E1,-1.922072463E0,6.307216693E0,-2.850555637E-1,6.599742543E0
3.706843338E1,-2.048286075E0,6.016187906E0,-6.660683218E-1,6.390120482E0
3.707840038E1,-1.303845768E0,5.344131743E0,-7.634911206E-1,5.553618330E0
3.708836738E1,-1.497758442E-1,4.348695318E0,-6.103312004E-1,4.393869359E0
3.709833438E1,1.298032758E0,3.391927115E0,-3.642362192E-1,3.650031044E0
3.710830138E1,2.669442810E0,2.511208384E0,-3.915514871E-1,3.685838444E0
3.711826838E1,3.586463980E0,1.494188717E0,-7.901971087E-1,3.964812136E0
3.712823538E1,4.106909443E0,4.836436719E-1,-1.139008081E0,4.289283830E0
3.713820238E1,4.013127705E0,-6.922869444E-2,-7.973181403E-1,4.092151366E0
3.714816838E1,3.347969210E0,-1.612363869E-1,7.584101826E-2,3.352707393E0
3.715813538E1,2.438174029E0,9.146799445E-2,8.872553337E-1,2.596205119E0
3.716810237E1,1.647199826E0,4.416407830E-1,1.084243059E0,2.020865373E0
3.717806938E1,1.141063377E0,2.695531332E-1,6.688501346E-1,1.349831480E0
3.718803638E1,8.579786173E-1,-6.762035930E-1,9.559086621E-2,1.096593006E0
3.719800338E1,-2.953367230E-1,-2.192744461E0,-5.604719925E-1,2.282428730E0
3.720797038E1,-1.605061574E0,-4.285923704E0,-1.896371319E0,4.953946793E0
3.721793738E1,-2.274950174E0,-6.651320071E0,-3.185838784E0,7.717838152E0
3.722790338E1,-3.186556822E0,-8.629422017E0,-3.710643053E0,9.919170358E0
3.723787038E1,-4.362240101E0,-1.003678075E1,-2.928307526E0,1.132877273E1
3.724783738E1,-4.686504754E0,-1.162582242E1,-1.785282116E0,1.266137062E1
3.725780438E1,-4.883872548E0,-1.406203909E1,-2.496176654E0,1.509384154E1
3.726777138E1,-5.111244160E0,-1.667786469E1,-5.005706595E0,1.814753663E1
3.727773838E1,-5.049804541E0,-1.802681617E1,-6.467718669E0,1.980651438E1
3.728770537E1,-4.297507038E0,-1.758845275E1,-6.407204665E0,1.920610602E1
3.729767238E1,-3.495429849E0,-1.643518302E1,-5.596970025E0,1.771043038E1
3.730763938E1,-3.474111193E0,-1.499384904E1,-1.841159570E0,1.550080082E1
3.731760538E1,-6.744165670E0,-1.268400356E1,1.140602792E1,1.834298748E1
3.732757238E1,-4.215230282E0,-1.009034125E1,2.460225341E0,1.120874041E1
3.733753938E1,-6.483893237E0,-9.201123587E0,7.179667461E-1,1.127905240E1
3.734750638E1,-1.099627376E-1,-6.177597955E0,-1.764329145E1,1.869386374E1
3.735747338E1,3.237430522E0,-1.987042923E0,-1.967311611E1,2.003648655E1
3.736744038E1,-2.721375149E0,-5.951758021E-1,2.048056426E0,3.457550008E0
3.737740738E1,-5.365814388E0,8.893755341E-1,1.135263348E1,1.258829774E1
3.738737438E1,-2.483122453E0,3.891410310E0,7.933691647E0,9.178912488E0
3.739734037E1,-7.689398485E-1,6.900469930E0,3.075241331E0,7.593738407E0
3.740730738E1,-1.672848052E0,8.344257987E0,2.203489305E0,8.790928681E0
3.741727438E1,-1.334811160E0,8.731127901E0,1.419526205E0,8.945913587E0
3.742724138E1,4.059780300E-1,8.770536380E0,2.335939264E-1,8.783034367E0
3.743720838E1,2.077536187E0,8.438193507E0,-8.421152674E-2,8.690590190E0
3.744717538E1,3.315736726E0,8.130598388E0,5.144087970E-1,8.795757875E0
3.745714238E1,4.140319263E0,8.146286468E0,1.307622192E0,9.231148499E0
3.746710938E1,4.605887437E0,8.557284917E0,2.004374070E0,9.922642776E0
3.747707638E1,4.956996365E0,9.224923509E0,2.294195992E0,1.072074447E1
3.748704238E1,5.438025162E0,9.967610528E0,2.204084698E0,1.156647598E1
3.749700938E1,6.173818315E0,1.059718258E1,1.921890907E0,1.241410391E1
3.750697638E1,6.856970739E0,1.114713426E1,1.819572819E0,1.321315614E1
3.751694337E1,7.310716428E0,1.148595000E1,1.585925099E0,1.370725284E1
3.752691038E1,7.406548784E0,1.143317654E1,1.359624989E0,1.369025459E1
3.753687738E1,6.825444306E0,1.117686618E1,1.201319811E0,1.315112911E1
3.754684438E1,6.098476941E0,1.094204200E1,1.403679081E0,1.260515843E1
3.755681138E1,5.686688533E0,1.061321564E1,1.664274280E0,1.215518744E1
3.756677738E1,5.686117845E0,1.019147937E1,1.855826872E0,1.181703352E1
3.757674438E1,5.910634553E0,9.914209077E0,1.865322604E0,1.169215852E1
3.758671138E1,5.934406409E0,9.768619255E0,1.753277088E0,1.156361025E1
3.759667838E1,5.892229273E0,9.581473271E0,1.592765172E0,1.136045319E1
3.760664538E1,5.740998641E0,9.303039971E0,1.470382948E0,1.103030571E1
3.761661238E1,5.553326408E0,8.991108558E0,1.212048136E0,1.063712969E1
3.762657938E1,5.342400967E0,8.765149341E0,1.188015057E0,1.033346364E1
3.763654637E1,5.283403730E0,8.316358582E0,1.692675230E0,9.997065794E0
3.764651238E1,5.295629674E0,5.900956242E0,3.678573414E0,8.740530909E0
3.765647938E1,5.754350173E0,7.369527723E0,1.283819200E0,9.437726236E0
3.766644638E1,5.510249970E0,6.791504143E0,7.360369813E-1,8.776624277E0
3.767641338E1,4.372503426E0,6.033258852E0,-3.237445432E0,8.124041575E0
3.768638038E1,3.211079167E0,5.245790346E0,-5.130379758E0,8.009378393E0
3.769634738E1,2.073851564E0,4.484001642E0,-6.556253700E0,8.209238309E0
3.770631438E1,1.078341172E0,3.341495465E0,-8.445423589E0,9.146233718E0
3.771628138E1,-2.544653288E0,-7.256359541E-1,-6.496591051E0,7.014805997E0
3.772624838E1,-7.560284947E0,-8.734924498E0,6.324033870E0,1.317005007E1
3.773621438E1,-7.605046552E0,-1.178415566E1,2.447721655E0,1.423707832E1
3.774618137E1,-7.214960085E0,-1.170725542E1,-4.493161891E0,1.446734192E1
3.775614838E1,-6.850952200E0,-1.349985503E1,-4.606432983E0,1.582405943E1
3.776611538E1,-4.434032799E0,-1.489546145E1,-4.001385034E0,1.604825538E1
3.777608238E1,-2.499342629E-1,-1.538050202E1,-1.557821918E0,1.546121336E1
3.778604938E1,1.225967287E0,-1.648685837E1,-2.595040207E0,1.673480590E1
3.779601638E1,-1.715778602E0,-1.585119820E1,-6.668899140E0,1.728232034E1
3.780598338E1,-4.266109537E0,-1.388101748E1,-5.378427417E0,1.548579408E1
3.781594938E1,-3.616866870E0,-1.131162579E1,-2.027575237E0,1.204764148E1
3.782591638E1,-3.095884926E0,-8.739780026E0,-6.516508421E-1,9.294778491E0
3.783588338E1,-3.786446357E0,-7.440819315E0,-2.325735581E0,8.666718761E0
3.784585038E1,-3.538619723E0,-7.089987545E0,-3.547797220E0,8.681970862E0
3.785581738E1,-2.154287324E0,-6.786713519E0,-3.255907431E0,7.829518980E0
3.786578437E1,-1.416104122E0,-6.326530046E0,-2.975989815E0,7.133501853E0
3.787575138E1,-1.800353899E0,-5.830234753E0,-1.696809065E0,6.333409228E0
3.788571838E1,-2.435198089E0,-5.484912815E0,-1.992546907E-1,6.004511700E0
3.789568538E1,-2.684422792E0,-5.274709505E0,4.698296249E-1,5.937122701E0
3.790565138E1,-2.765175472E0,-4.935967439E0,5.818885893E-1,5.687579826E0
3.791561838E1,-2.661506677E0,-4.309473365E0,4.036996624E-1,5.081156551E0
3.792558538E1,-2.262688563E0,-3.424984349E0,8.251327604E-2,4.105738151E0
3.793555238E1,-1.924475084E0,-2.319406847E0,1.000794813E-1,3.015504663E0
3.794551938E1,-1.519570603E0,-1.213221819E0,1.955914101E-1,1.954292199E0
3.795548679E1,-9.275391412E-1,2.442674339E-2,4.699512470E-1,1.040086390E0
3.796545379E1,-4.219666564E-1,1.192679965E0,8.811110795E-1,1.541719201E0
3.797542079E1,-1.676317790E-1,2.318007608E0,1.191332913E0,2.611615170E0
3.798538679E1,9.319964737E-2,3.489425928E0,1.662620834E0,3.866404986E0
3.799535379E1,2.272739634E-1,4.732652149E0,2.072666041E0,5.171614287E0
3.800532079E1,2.779155287E-1,5.856098742E0,1.973488200E0,6.185934464E0
3.801528779E1,1.859341487E-1,6.690337372E0,1.180088864E0,6.796160341E0
3.802525479E1,-1.633627269E-1,7.199102436E0,1.549617398E-1,7.202622884E0
3.803522179E1,-5.507849103E-1,7.416072144E0,-7.541342600E-1,7.474637686E0
3.804518879E1,-5.878799388E-1,7.276954604E0,-8.951163304E-1,7.355331698E0
3.805515579E1,-4.916680983E-1,6.861663129E0,-2.587872398E-1,6.884121531E0
3.806512179E1,-5.938821056E-1,6.093311511E0,3.388227582E-1,6.131552983E0
3.807508879E1,-4.113554218E-1,4.940970317E0,8.284112942E-1,5.026794826E0
3.808505579E1,4.204893574E-1,3.143191824E0,1.173621697E0,3.381398236E0
3.809502279E1,1.336564448E0,1.270154403E0,7.650463338E-1,1.996244630E0
3.810498979E1,2.256072730E0,-7.207453430E-2,-1.151022939E-1,2.260156508E0
3.811495679E1,3.223574959E0,-1.025438488E0,-7.891282377E-1,3.473569200E0
3.812492379E1,3.825074233E0,-1.775723380E0,-9.767140786E-1,4.328782369E0
3.813489079E1,3.916200458E0,-2.444047265E0,-9.045315170E-1,4.704058920E0
3.814485779E1,4.078901864E0,-2.675848435E0,-1.017881985E0,4.983341148E0
3.815482379E1,4.082640282E0,-2.427196174E0,-9.678309886E-1,4.847260026E0
3.816479079E1,3.628951311E0,-1.840712258E0,-7.646320586E-1,4.140310546E0
3.817475779E1,2.722983718E0,-1.131563113E0,-5.563602304E-1,3.000768587E0
3.818472479E1,1.968048535E0,-7.529132152E-1,-3.719520588E-1,2.139729348E0
3.819469179E1,1.303142348E0,-7.165651685E-1,-4.087823546E-1,1.542319238E0
3.820465879E1,8.610413888E-1,-5.589341748E-1,-5.052425556E-1,1.144145850E0
3.821462579E1,8.166867498E-1,-1.140236288E-1,-6.246600947E-1,1.034494499E0
3.822459279E1,6.852185377E-1,9.441440642E-2,-7.334371631E-1,1.008151078E0
3.823455879E1,3.021712410E-1,-1.305519533E-1,-6.649886334E-1,7.419980822E-1
3.824452579E1,1.963117871E-1,-3.562743580E-1,-7.448323631E-1,8.486724840E-1
3.825449279E1,-3.958184928E-2,-1.032007835E0,-7.245438404E-1,1.261574679E0
3.826445979E1,-1.243270075E-1,-2.082136776E0,-4.094888444E-1,2.125660338E0
3.827442679E1,4.302989388E-1,-1.942121104E0,-1.734715395E-1,1.996768373E0
3.828439379E1,4.197672263E-1,-1.738709920E0,-1.307576291E-1,1.793436441E0
3.829436079E1,3.800412431E-1,-1.806276836E0,-1.220310983E-1,1.849853763E0
3.830432779E1,8.546962827E-1,-1.464512343E0,-2.750729048E-1,1.717837956E0
3.831429479E1,1.722114353E0,-3.550481969E-1,-5.798354857E-1,1.851471376E0
3.832426079E1,5.999459606E-1,4.613336205E-1,-5.064833347E-1,9.106531906E-1
3.833422779E1,-2.127214423E0,1.123472321E-1,1.384341462E-1,2.134672601E0
3.834419479E1,-2.430495758E0,2.252645677E-1,8.302578449E-2,2.442324105E0
3.835416179E1,-2.440253884E0,9.334085763E-1,-1.019647698E-1,2.614667742E0
3.836412879E1,-2.192762588E0,1.048213978E0,1.191099755E-1,2.433340810E0
3.837409579E1,-1.485490107E0,9.708056134E-1,3.134926200E-1,1.802060493E0
3.838406279E1,-8.152053577E-1,1.193776318E0,5.838151006E-1,1.559006653E0
3.839402979E1,-3.410923550E-1,1.338325921E0,8.202509201E-1,1.606322458E0
3.840399579E1,-3.366435009E-1,1.189601991E0,8.413568835E-1,1.495447475E0
3.841396279E1,-3.609550542E-1,1.006575955E0,6.298410201E-1,1.241041262E0
3.842392979E1,-2.669739264E-1,7.285613161E-1,4.415454733E-1,8.927704485E-1
3.843389679E1,-3.270619610E-1,9.874485433E-2,9.214592063E-1,9.827548736E-1
3.844386379E1,-2.147147289E-1,-7.473425728E-1,6.770749743E-1,1.031045031E0
3.845383079E1,-5.831594816E-1,-4.276255918E-1,-5.972077096E-1,9.378676218E-1
3.846379779E1,-1.011138538E0,2.799775493E-1,5.677656631E-1,1.192957006E0
3.847376479E1,-7.981893754E-1,8.011188304E-1,1.417318296E0,1.813198503E0
3.848373179E1,-3.421346211E-1,5.998161525E-1,9.728537469E-1,1.193012962E0
3.849369779E1,2.392996395E-1,4.654752034E-1,5.243654358E-1,7.408715089E-1
3.850366479E1,4.480768132E-1,4.374220169E-1,2.077210204E-1,6.597415204E-1
3.851363179E1,5.980894697E-1,3.162162530E-1,-1.308536696E-1,6.890764945E-1
3.852359879E1,7.790198636E-1,2.616623157E-1,2.870412782E-2,8.222913366E-1
3.853356579E1,5.722596869E-1,7.237742007E-2,6.298164618E-1,8.540423969E-1
3.854353279E1,3.247455865E-1,-2.869462609E-2,8.999531472E-1,9.571827123E-1
3.855349979E1,1.760210717E-1,-1.011346114E-1,6.657079871E-1,6.959732404E-1
3.856346679E1,1.925830176E-1,1.482555681E-1,7.132083551E-1,7.534813136E-1
3.857343279E1,5.281760663E-2,1.034191185E-1,-4.198066950E-2,1.234811332E-1
3.858339979E1,6.213192880E-2,-3.746808082E-1,-6.184426041E-1,7.257529464E-1
3.859336679E1,-2.390634120E-3,-4.685613638E-1,1.730448389E-1,4.994997328E-1
3.860333379E1,-5.517827377E-1,-5.005485570E-1,7.554953456E-1,1.061030756E0
3.861330079E1,-1.285293722E0,-4.925904965E-1,1.484627789E0,2.024535754E0
3.862326779E1,-1.866194132E0,-6.453262013E-1,1.343569558E0,2.388368816E0
3.863323479E1,-1.292640456E0,-4.775040954E-1,3.011440314E-2,1.378345525E0
3.864320179E1,-8.551845253E-3,-1.745855802E-1,-1.286020238E0,1.297844872E0
3.865316879E1,7.936680159E-1,-1.720227456E-1,-1.193724278E0,1.443772280E0
3.866313479E1,6.824203527E-1,-2.904931819E-1,-5.786544943E-1,9.407044436E-1
3.867310179E1,1.432512286E0,1.249327791E-1,-1.211216809E0,1.880091968E0
3.868306879E1,9.317549837E-1,1.696745038E-1,2.477336633E-1,9.789426718E-1
3.869303579E1,1.358052088E0,5.299050879E-1,-7.045675591E-2,1.459475601E0
3.870300279E1,6.964343745E-1,3.619251072E-1,1.043050448E-1,7.917639570E-1
3.871296979E1,3.674092108E-1,3.887667507E-1,3.078689142E-1,6.171809969E-1
3.872293679E1,4.898873287E-1,5.302804792E-1,-4.845112525E-2,7.235568347E-1
3.873290379E1,-1.075297111E-1,2.845547497E-1,7.943223193E-2,3.143938992E-1
3.874286979E1,-6.536146295E-1,-2.743010724E-1,6.893412633E-1,9.887590907E-1
3.875283679E1,-1.140511107E-1,-2.060260588E-1,3.073949973E-1,3.872287143E-1
3.876280379E1,5.664589566E-1,3.853619170E-1,-1.816496015E-1,7.087849704E-1
3.877277079E1,-1.695072734E-1,2.285776001E-1,5.688646473E-2,2.902008010E-1
3.878273779E1,-6.512061614E-1,1.339597106E-1,3.623754159E-1,7.571859816E-1
3.879270479E1,5.885491526E-1,9.720037079E-1,-1.131974173E-1,1.141925991E0
3.880267179E1,-7.984402210E-1,-4.167901164E-1,7.608492024E-1,1.179030236E0
3.881263879E1,-5.404277372E-1,-2.829110974E-1,6.008867776E-1,8.562509841E-1
3.882260579E1,-4.739875799E-1,-2.302867413E-1,1.615773527E-1,5.511836808E-1
3.883257179E1,-1.950689614E-2,-1.197176474E-1,-3.164163009E-1,3.388688678E-1
3.884253879E1,7.718096620E-1,2.655512989E-1,-8.231429529E-1,1.159211787E0
3.885250579E1,1.206934308E0,5.558105922E-1,-1.102122894E0,1.726351850E0
3.886247279E1,4.120304829E-1,7.483208120E-2,-4.052974141E-1,5.827820802E-1
3.887243979E1,1.949105018E-1,1.419926155E-1,-7.285623394E-2,2.519127575E-1
3.888240679E1,3.776541173E-2,2.114668930E-1,6.518242121E-2,2.244843451E-1
3.889237379E1,1.357822877E-1,4.105277485E-1,1.024198294E-2,4.325213985E-1
3.890234079E1,5.050988603E-1,7.996383154E-1,-1.711292911E-1,9.611615517E-1
3.891230679E1,6.518382454E-1,8.929171926E-1,-2.478857640E-1,1.132979066E0
3.892227379E1,6.917528012E-1,6.590408456E-1,-2.284765164E-1,9.823738050E-1
3.893224079E1,6.171016914E-1,1.849638033E-1,-2.013898015E-2,6.445399014E-1
3.894220779E1,4.257354793E-1,-2.386079139E-1,4.220181850E-1,6.452005761E-1
3.895217479E1,1.539627430E-1,-4.331336689E-1,6.533363020E-1,7.988476857E-1
3.896214137E1,-3.318645716E-2,-5.937560982E-1,5.649896244E-1,8.202810011E-1
3.897210838E1,-4.760569096E-2,-6.492590386E-1,3.557960558E-1,7.418857286E-1
3.898207538E1,1.641605794E-2,-6.140476906E-1,1.144369539E-1,6.248358742E-1
3.899204238E1,1.319544080E-1,-4.992229933E-1,-9.424542189E-2,5.248978589E-1
3.900200838E1,9.824930280E-2,-3.249017072E-1,-1.935638150E-1,3.907441558E-1
3.901197538E1,-6.731840909E-2,-1.829757500E-1,-1.804344770E-1,2.656473108E-1
3.902194238E1,-2.046738902E-1,-1.688020992E-1,-1.208724725E-1,2.915402282E-1
3.903190938E1,-2.298335820E-1,-1.387409788E-1,-1.733043822E-1,3.195417712E-1
3.904187638E1,-2.073741344E-1,-1.011211628E-1,-2.631621265E-1,3.499768935E-1
3.905184338E1,-2.061169830E-1,-1.267027313E-1,-3.127394986E-1,3.954033217E-1
3.906181038E1,-1.545091653E-1,-1.422042847E-1,-2.402819717E-1,3.191090200E-1
3.907177738E1,-1.021616748E-1,-1.189212567E-1,-6.652837716E-2,1.703094186E-1
3.908174338E1,-1.714064491E-1,-1.311664957E-1,2.086591331E-1,3.002056865E-1
3.909171038E1,4.331588119E-2,-8.300005674E-2,2.125895584E-1,2.322920474E-1
3.910167738E1,1.238685858E-1,-1.675408548E-1,4.233961545E-2,2.126170445E-1
3.911164438E1,-6.550606459E-2,-3.652819937E-1,4.828287162E-2,3.742368437E-1
3.912161138E1,8.808567256E-2,-1.408290195E-1,5.405093059E-3,1.661960092E-1
3.913157838E1,3.888240534E-1,2.670101792E-1,-3.306050813E-1,5.760019966E-1
3.914154538E1,3.529203951E-1,3.212501210E-1,-4.969361472E-1,6.889847458E-1
3.915151238E1,5.752575544E-1,4.857206029E-1,-2.133461881E-1,7.825358483E-1
3.916147938E1,6.211359778E-1,4.414454859E-1,-7.138507448E-2,7.653625604E-1
3.917144538E1,5.762100658E-1,1.627209949E-1,2.732169986E-2,5.993685322E-1
3.918141238E1,4.672621125E-1,-2.011752087E-1,2.832940900E-1,5.822893506E-1
3.919137937E1,2.778398073E-1,-3.607229197E-1,3.422890242E-1,5.696294931E-1
3.920134638E1,-3.640116861E-1,-3.465673953E-1,1.060352798E0,1.173440038E0
3.921131338E1,-6.102972865E-1,1.929031527E-1,1.071457903E0,1.248077097E0
3.922128038E1,-1.672987508E0,-3.784820831E-1,4.377189823E-1,1.770235521E0
3.923124738E1,-1.553638820E0,-8.375961006E-1,-5.997746372E-1,1.864159443E0
3.924121438E1,-1.318242490E0,-1.255796565E0,-8.831985354E-1,2.023568118E0
3.925118138E1,-1.508039894E0,-1.580326390E0,-8.377492976E-1,2.339538353E0
3.926114838E1,-1.440845446E0,-1.342061123E0,-4.056763136E-1,2.010407154E0
3.927111438E1,-1.402557878E0,-1.093271452E0,-6.700277638E-1,1.900354775E0
3.928108138E1,-6.547975212E-2,-1.217723590E-1,-1.076733187E0,1.085573794E0
3.929104838E1,1.328177201E0,1.193468170E0,-9.324776995E-1,2.014431833E0
3.930101538E1,1.943833169E0,1.969110097E0,4.225234576E-3,2.766929673E0
3.931098237E1,2.439530291E0,2.699943057E0,1.411955230E0,3.903154893E0
3.932094938E1,2.187219427E0,2.789865632E0,1.759504373E0,3.957667837E0
3.933091638E1,1.005587191E0,1.681989005E0,1.419606897E0,2.419829819E0
3.934088338E1,9.640479863E-2,5.161150146E-1,1.270974183E0,1.375152343E0
3.935084938E1,-3.827183908E-1,-1.063006264E-1,1.345679380E0,1.403077397E0
3.936081638E1,-6.106147903E-1,-4.229501581E-1,1.299134374E0,1.496491690E0
3.937078338E1,-8.017497450E-1,-4.717533588E-1,1.011514513E0,1.374232694E0
3.938075038E1,-1.073610190E0,-3.072729367E-1,6.094576994E-1,1.272200528E0
3.939071738E1,-1.161727145E0,-7.461456478E-2,2.716183698E-1,1.195388569E0
3.940068438E1,-9.576791990E-1,3.626302814E-1,2.857148739E-1,1.063147759E0
3.941065138E1,-6.691796252E-1,7.178223199E-1,2.805541579E-1,1.020676682E0
3.942061838E1,-4.520000026E-1,8.888399291E-1,2.085058264E-1,1.018732105E0
3.943058537E1,-2.557230064E-1,9.975987250E-1,-2.711728485E-1,1.064956424E0
3.944055138E1,-1.135286620E-1,1.192343751E0,-8.050703788E-1,1.443159967E0
3.945051838E1,-1.179947653E-1,1.097355732E0,-1.210570107E0,1.638167376E0
3.946048538E1,-1.421776798E-1,8.404741001E-1,-1.670765859E0,1.875651823E0
3.947045238E1,-1.404240999E-1,5.540038025E-1,-1.864576499E0,1.950201185E0
3.948041938E1,-6.951696217E-2,2.884396398E-1,-1.532342384E0,1.560802106E0
3.949038638E1,-3.465703189E-2,-2.605262017E-1,-7.965042078E-1,8.387454708E-1
3.950035338E1,6.619340479E-2,-1.037019483E0,8.981557131E-2,1.043004225E0
3.951032038E1,3.725179231E-1,-1.740061796E0,6.906824684E-1,1.908828680E0
3.952028638E1,6.908894598E-1,-2.153119635E0,7.033592319E-1,2.368114570E0
3.953025338E1,1.164471828E0,-2.066924660E0,3.243636902E-1,2.394448577E0
3.954022037E1,1.477922640E0,-1.548115833E0,2.849372307E-1,2.159191327E0
3.955018738E1,1.500846064E0,-1.010200644E0,2.075772520E-1,1.821025141E0
3.956015438E1,1.363717455E0,-4.239319056E-1,3.164771120E-1,1.462737612E0
3.957012138E1,1.016207196E0,-1.202737176E-1,5.950771303E-1,1.183748125E0
3.958008838E1,7.319120631E-1,9.824374795E-2,1.033556178E0,1.270269843E0
3.959005538E1,3.203733310E-1,9.742981553E-2,9.673598492E-1,1.023678034E0
3.960002238E1,6.070111513E-2,-5.438846111E-2,7.200167799E-1,7.246149967E-1
3.960998838E1,2.403974542E-1,-4.165772778E-1,4.803429186E-1,6.797476619E-1
3.961995538E1,3.279358274E-1,-7.636387628E-1,5.199508611E-1,9.803239082E-1
3.962992238E1,5.986355996E-1,-1.097193180E0,9.973608164E-1,1.599039103E0
3.963988938E1,1.046141140E0,-1.048015172E0,1.563408641E0,2.153367982E0
3.964985638E1,1.334858522E0,-5.870329696E-1,1.744301612E0,2.273552968E0
3.965982337E1,1.256831230E0,-3.737575328E-1,1.294194646E0,1.842351545E0
3.966979038E1,1.135419937E0,-2.634451318E-1,6.372645720E-1,1.328415562E0
3.967975738E1,9.319520348E-1,-3.502949953E-1,3.970470659E-1,1.071861722E0
3.968972438E1,6.112325487E-1,-4.962777507E-1,4.552631874E-1,9.094841418E-1
3.969969038E1,3.346726969E-1,-5.565052414E-1,6.049167152E-1,8.874841577E-1
3.970965738E1,4.832349515E-1,-8.495022011E-1,4.032217621E-1,1.057240653E0
3.971962438E1,8.121574965E-1,-1.332148338E0,-2.230957989E-1,1.576068123E0
3.972959138E1,7.282730484E-1,-1.646684686E0,-1.049277002E0,2.083970805E0
3.973955838E1,1.925722003E-2,-1.292841015E0,-1.476121405E0,1.962331046E0
3.974952538E1,-2.860697341E0,-1.301391399E-1,3.864191302E-1,2.889609872E0
3.975949238E1,-9.509640811E0,-2.394145373E0,3.115980856E-1,9.811334965E0
3.976945938E1,-8.865850089E0,-2.291539602E0,-1.202286941E0,9.235796957E0
3.977942637E1,6.561351303E0,2.950596820E0,-1.203887675E1,1.402468915E1
3.978939238E1,1.807898736E1,4.155282288E0,-1.433596828E1,2.344432003E1
3.979935938E1,-8.202664737E0,-8.209249871E0,7.324270273E0,1.372298901E1
3.980932638E1,4.140942577E0,-2.108624078E0,7.057858264E-1,4.700195162E0
3.981929338E1,2.415170791E0,-9.661553228E-1,3.631568817E0,4.467079373E0
3.982926038E1,-1.717736250E0,-5.490669984E-1,3.576150076E0,4.005114451E0
3.983922738E1,-1.877721333E0,1.831083648E0,2.655969071E0,3.732676846E0
3.984919438E1,-3.213688195E0,3.581458763E0,3.135964665E0,5.743597572E0
3.985916138E1,-3.023242627E0,5.093825305E0,2.804300069E0,6.553712771E0
3.986912838E1,-2.812741694E0,5.330155143E0,2.187517051E0,6.411497527E0
3.987909438E1,-2.304818044E0,4.870183924E0,1.818703923E0,5.686700416E0
3.988906137E1,-1.913559502E0,3.600231834E0,1.610934809E0,4.383889847E0
3.989902838E1,-1.531939218E0,2.204389776E0,1.100242576E0,2.901155938E0
3.990899538E1,-3.071752882E-1,1.662676821E0,4.964847422E-1,1.762199752E0
3.991896238E1,5.215023467E-1,2.000281604E0,2.950057706E-1,2.088089940E0
3.992892938E1,-6.834898084E-2,1.048487043E0,1.845077205E-1,1.066789464E0
3.993889638E1,1.099903072E0,-3.589839578E-1,1.342942444E-1,1.164770876E0
3.994886338E1,2.887724341E0,-1.905653774E0,-2.951732203E-1,3.472404845E0
3.995883004E1,3.254448550E0,-4.133311375E0,-4.629872131E-1,5.281103621E0
3.996879604E1,3.879186998E0,-4.719080177E0,2.248757279E-1,6.112968066E0
3.997876304E1,3.682301891E0,-4.254723546E0,4.781994756E-1,5.647184644E0
3.998873004E1,1.888838059E0,-3.917726288E0,1.130772570E-1,4.350755676E0
3.999869704E1,4.193149441E-1,-3.020190380E0,4.525896943E-1,3.082565877E0
4.000866404E1,-6.858400968E-1,-1.902823137E0,7.802091873E-1,2.167911185E0
4.001863104E1,-1.524378476E0,-1.038034560E0,8.362838392E-1,2.024997814E0
4.002859804E1,-1.768592116E0,-5.076944393E-1,4.553225367E-1,1.895518485E0
4.003856504E1,-2.150449504E0,-1.660843134E-1,-1.135504429E-1,2.159840450E0
4.004853204E1,-2.728174291E0,1.568346030E-1,-2.974864519E-1,2.748823429E0
4.005849804E1,-3.074856876E0,8.927610719E-1,-4.220961723E-1,3.229540574E0
4.006846504E1,-2.247400433E0,1.667337052E0,-9.296792221E-1,2.948749736E0
4.007843204E1,-1.361088255E0,1.914852614E0,-7.095398851E-1,2.454112593E0
4.008839904E1,-9.752053508E-1,1.642469428E0,3.549479172E-2,1.910495009E0
4.009836604E1,-7.867449126E-1,1.185579107E0,8.163578439E-1,1.640428452E0
4.010833304E1,-1.515554443E0,3.656544614E-1,7.762343962E-1,1.741593607E0
4.011830004E1,-2.144128371E0,-3.420913517E-2,7.314586115E-1,2.265720291E0
4.012826704E1,-1.836516881E0,2.000595599E-1,6.244928643E-1,1.950079337E0
4.013823404E1,-8.978551662E-1,4.087653977E-1,6.375502816E-1,1.174607769E0
4.014820004E1,-1.186952618E-1,1.256098866E-1,1.154997877E0,1.167855515E0
4.015816704E1,-7.845150769E-1,-8.549021047E-1,-1.658121255E-1,1.172098620E0
4.016813404E1,4.657152316E-1,-9.560764772E-1,-1.314913670E0,1.691144839E0
4.017810104E1,2.189467389E0,-8.090242660E-1,-8.575970864E-1,2.486716806E0
4.018806804E1,2.681631624E0,-7.628944123E-1,-1.901061371E-1,2.794511835E0
4.019803504E1,2.935059598E0,-9.825538391E-1,7.686793551E-1,3.189177769E0
4.020800204E1,2.999559357E0,-1.249216109E0,1.816272651E0,3.722464716E0
4.021796904E1,2.722049333E0,-1.420118528E0,2.488765893E0,3.952245548E0
4.022793604E1,2.155853501E0,-1.228384234E0,2.394938547E0,3.448530526E0
4.023790204E1,1.573822824E0,-8.673327005E-1,1.590225141E0,2.399583358E0
4.024786904E1,1.156416996E0,-4.109528410E-1,3.662882996E-1,1.280761346E0
4.025783604E1,7.716725448E-1,4.414051402E-1,-2.006365339E-1,9.113572477E-1
4.026780304E1,4.145953640E-1,1.345815620E0,-2.944551091E-1,1.438684402E0
4.027777004E1,9.171065390E-2,2.126540532E0,-2.593357086E-2,2.128675181E0
4.028773704E1,-1.602283269E-1,2.501667482E0,3.299608643E-1,2.528416002E0
4.029770404E1,-4.530671194E-1,2.346396425E0,3.018437970E-1,2.408724906E0
4.030767104E1,-3.106918037E-1,2.040508109E0,6.646285911E-1,2.168394314E0
4.031763804E1,1.416873908E-1,1.556723519E0,8.989053261E-1,1.803190011E0
4.032760404E1,1.006457841E-1,1.001894674E0,1.171858323E0,1.545048362E0
4.033757104E1,-8.107088488E-1,2.137794667E-1,9.080282982E-1,1.235906909E0
4.034753804E1,-1.717746482E0,-2.499380636E-1,-5.299887031E-2,1.736643571E0
4.035750504E1,-1.978291688E0,-4.529294175E-1,-1.589659131E0,2.577944765E0
4.036747204E1,-1.761405303E0,-1.127628522E0,-2.005028958E0,2.897280768E0
4.037743904E1,-8.191419956E-1,-1.192592842E0,-1.596141208E0,2.154283651E0
4.038740604E1,4.403494254E-1,-7.002455896E-1,-1.754020854E0,1.939288699E0
4.039737304E1,7.633358771E-1,-3.464557135E-1,-1.855294483E0,2.035885763E0
4.040734004E1,-5.237330595E-1,-5.626249373E-2,-1.543925864E0,1.631308941E0
4.041730604E1,-2.322539785E0,4.037403005E-1,-1.335546301E0,2.709406061E0
4.042727304E1,-4.220857642E0,9.946669310E-1,-1.590883391E0,4.619081240E0
4.043724004E1,-5.622467394E0,7.540826583E-1,-2.504831411E0,6.201206386E0
4.044720704E1,-5.637672493E0,-4.200347364E-2,-2.716918108E0,6.258335197E0
4.045717404E1,-1.679887515E-1,-1.803859597E0,-3.249610564E-1,1.840578538E0
4.046714104E1,5.619737914E0,-9.902376652E-1,3.521574504E0,6.705483714E0
4.047710804E1,2.528549471E0,7.558912021E-1,2.617449661E0,3.716984889E0
4.048707504E1,-2.222054799E0,1.338946896E0,-1.313000753E0,2.907623995E0
4.049704204E1,-4.205466894E0,6.536473739E-1,-2.676403921E0,5.027558516E0
4.050700904E1,-2.795457909E0,3.836744106E-1,-9.847678873E-1,2.988571359E0
4.051697504E1,-1.374129592E0,4.500145805E-1,1.705773139E-1,1.455967678E0
4.052694204E1,-1.658634056E0,6.242487431E-3,-4.895883898E-1,1.729393735E0
4.053690904E1,-2.235746347E0,-2.617851073E-1,-6.442365727E-1,2.341395723E0
4.054687604E1,-1.865089300E0,-4.364233124E-1,-1.863529555E-1,1.924513141E0
4.055684304E1,-1.107298045E0,-6.270384496E-1,2.692195496E-1,1.300678802E0
4.056681004E1,-1.038383346E0,-3.929188585E-1,9.512715277E-1,1.462033763E0
4.057677704E1,-1.118973473E0,-2.123276031E-1,1.168685331E0,1.631873172E0
4.058674404E1,-1.047902906E0,1.808730912E-1,1.302347126E0,1.681345774E0
4.059671104E1,-5.737793782E-1,6.714468831E-1,1.282954251E0,1.557573530E0
4.060667704E1,3.941751328E-1,1.025525612E0,1.290681639E0,1.694973719E0
4.061664404E1,1.138837342E0,6.588297611E-1,1.451716297E0,1.959205796E0
4.062661104E1,1.317687004E0,-4.653681993E-2,1.853735762E0,2.274818892E0
4.063657804E1,1.100025279E0,-4.428248441E-1,2.312776689E0,2.599054726E0
4.064654504E1,1.450340447E-1,1.153638107E-1,1.397311463E0,1.409547093E0
4.065651204E1,-1.278003121E0,4.166603082E-1,1.400090060E0,1.940914724E0
4.066647904E1,-2.412839798E0,2.881776845E-1,7.439114267E-1,2.541308025E0
4.067644604E1,-2.565666427E0,3.715794450E-1,9.007898837E-2,2.593998790E0
4.068641204E1,-2.265727653E0,3.328147441E-1,4.115451640E-1,2.326726643E0
4.069637904E1,-1.992692795E0,-7.960984111E-2,1.337274592E0,2.401138404E0
4.070634604E1,-1.722923900E0,-5.662993276E-1,1.964334676E0,2.673531824E0
4.071631304E1,-8.300964618E-1,-9.275104898E-1,1.363581215E0,1.846263680E0
4.072628004E1,7.019184780E-1,-9.272140360E-1,-1.474667788E-1,1.172246505E0
4.073624704E1,1.317175080E0,-8.826220000E-1,-5.026713887E-1,1.663325077E0
4.074621404E1,1.989343510E0,-3.440390593E-1,-3.232446063E-1,2.044587379E0
4.075618104E1,2.149811573E0,-7.841116190E-4,-1.674972931E-1,2.156326913E0
4.076614804E1,2.578765652E0,-1.594828069E-2,-3.778337730E-1,2.606347060E0
4.077611504E1,2.338680439E0,-3.590348285E-1,-4.599851064E-1,2.410377253E0
4.078608104E1,2.527780855E0,-7.573828268E-1,-2.493907642E-1,2.650566081E0
4.079604804E1,2.806692165E0,-8.372265565E-1,-8.526789933E-2,2.930143312E0
4.080601504E1,2.708142315E0,-6.393661344E-1,-4.348296538E-1,2.816363023E0
4.081598204E1,2.142970623E0,-5.555878133E-1,-9.235867158E-1,2.398752453E0
4.082594904E1,1.553678435E0,-4.085987520E-1,-9.832973126E-1,1.883545387E0
4.083591604E1,1.027980273E0,2.324315000E-1,-6.434717569E-1,1.234837538E0
4.084588304E1,1.243281770E-1,5.877042300E-1,-4.900405258E-1,7.752376890E-1
4.085585004E1,-1.866387382E-1,7.658168507E-1,-2.844530082E-1,8.379874589E-1
4.086581704E1,1.474695562E-1,1.178802769E0,-2.767922786E-1,1.219810314E0
4.087578304E1,5.186863276E-1,1.333971500E0,-1.896673036E-1,1.443776006E0
4.088575004E1,9.216205895E-1,1.267027897E0,-1.873009354E-2,1.566874283E0
4.089571704E1,1.209486617E0,1.189966273E0,8.140113562E-2,1.698677060E0
4.090568404E1,1.279562866E0,9.804786623E-1,-6.012224078E-2,1.613144203E0
4.091565104E1,1.391887586E0,8.207637209E-1,-2.313304693E-2,1.616025766E0
4.092561804E1,1.740022766E0,8.831511730E-1,-3.256577522E-1,1.978304373E0
4.093558504E1,1.913291992E0,1.309031371E0,-3.548216173E-1,2.345239381E0
4.094555204E1,1.179040166E0,1.765894210E0,4.745284474E-1,2.175705707E0
4.095551904E1,4.746323816E-1,1.221112636E0,7.489990890E-1,1.509102914E0
4.096548550E1,2.117864433E-1,1.011295828E0,8.632229850E-1,1.346375382E0
4.097545250E1,-1.776851892E-2,9.059009349E-1,7.365515363E-1,1.167681630E0
4.098541950E1,6.408184366E-1,1.946519380E0,1.137507685E0,2.343823734E0
4.099538650E1,1.271775836E0,1.874040803E0,1.146130574E0,2.538317947E0
4.100535350E1,8.977566406E-1,1.096417254E-1,5.336876518E-1,1.050147991E0
4.101532050E1,5.021205810E-1,-1.135094247E0,3.594657683E-1,1.292199546E0
4.102528750E1,3.310366789E-1,-1.434276391E0,4.103880000E-1,1.528120532E0
4.103525450E1,9.785023034E-2,-1.174178206E0,9.159654549E-1,1.492401367E0
4.104522150E1,2.328675561E-1,-3.261483335E-1,1.029219882E0,1.104487936E0
4.105518750E1,4.973806087E-1,2.442914075E-1,3.539030197E-1,6.575052160E-1
4.106515450E1,6.223400657E-1,5.456259120E-1,-2.779242995E-1,8.730731409E-1
4.107512150E1,4.854861295E-1,7.314293754E-1,-8.326493561E-1,1.209954819E0
4.108508850E1,2.682787326E-1,1.653651059E-1,-1.773539737E0,1.801322374E0
4.109505550E1,5.224947654E-1,4.236249268E-2,-1.365825084E0,1.462967368E0
4.110502250E1,-1.506684217E-1,-2.240126789E-2,-1.003832734E0,1.015324060E0
4.111498950E1,-9.627063426E-1,-8.164794660E-1,-1.421004089E0,1.900709036E0
4.112495650E1,-8.259002075E-1,-1.452655360E0,-3.257334736E-1,1.702474975E0
4.113492350E1,-7.048192817E-1,-1.655740269E0,1.408129982E0,2.284967418E0
4.114489050E1,-4.057409254E-1,-1.652168790E0,2.077900760E0,2.685509072E0
4.115485650E1,1.394742197E-1,-2.123484192E0,9.285311213E-1,2.321811408E0
4.116482350E1,7.073710066E-1,-2.336830965E0,-1.111368585E-1,2.444075306E0
4.117479050E1,8.778705525E-1,-2.034825785E0,-1.633621421E-1,2.222129580E0
4.118475750E1,7.667980134E-1,-1.165051872E0,-7.181889403E-1,1.568795847E0
4.119472450E1,4.489667594E-2,-4.922063345E-1,-1.138248235E0,1.240923782E0
4.120469150E1,-4.918864918E-1,1.934370035E-1,-1.794820386E0,1.871029239E0
4.121465850E1,-6.444286537E-1,5.984379637E-1,-2.558797995E0,2.705709420E0
4.122462550E1,-6.641747010E-1,5.792140728E-1,-3.016463073E0,3.142557310E0
4.123459250E1,-4.998375356E-1,3.666759700E-1,-2.889385242E0,2.955137206E0
4.124455850E1,-1.422504777E-1,1.457167071E-1,-1.996861860E0,2.007218435E0
4.125452550E1,2.163499027E-1,-2.227356470E-1,-6.842938006E-1,7.514495688E-1
4.126449250E1,4.824847537E-1,-6.787102944E-1,3.519078036E-1,9.040344592E-1
4.127445950E1,4.252674097E-1,-5.799864900E-1,1.092254183E0,1.307767525E0
4.128442650E1,1.281803226E-1,-2.035257894E-1,1.231147920E0,1.254423431E0
4.129439350E1,3.162758946E-2,-3.623870373E-1,5.519710180E-1,6.610572395E-1
4.130436050E1,-7.159096956E-2,-3.372697377E-1,-2.068733203E-1,4.020854556E-1
4.131432750E1,-2.832859039E-1,8.397888064E-2,-6.127370372E-1,6.802573282E-1
4.132429450E1,-5.701988357E-1,8.266360795E-1,-6.236032104E-1,1.182089203E0
4.133426050E1,-6.429563248E-1,1.160792175E0,-2.717706898E-1,1.354507518E0
4.134422750E1,-4.416021913E-1,8.013497955E-1,1.559110352E-1,9.281606763E-1
4.135419450E1,-1.480550086E-1,7.296564996E-2,5.083545899E-1,5.344798039E-1
4.136416150E1,-1.409904027E-1,-6.812298596E-1,5.214197548E-1,8.693854013E-1
4.137412850E1,-2.553642797E-1,-1.015710475E0,6.312373352E-1,1.222840651E0
4.138409550E1,-1.951829821E-1,-1.214428684E0,2.497955377E-1,1.255122000E0
4.139406250E1,-7.737737417E-2,-1.334973128E0,-4.063206768E-1,1.397582557E0
4.140402950E1,-5.624489361E-1,-1.068880962E0,2.644309723E-1,1.236438051E0
4.141399650E1,-6.509740269E-1,-4.671135932E-1,6.646787310E-1,1.041037996E0
4.142396250E1,-4.692677075E-1,1.960074395E-1,6.871377401E-1,8.548621944E-1
4.143392950E1,-9.764364821E-1,1.770466733E0,1.702843830E0,2.643417819E0
4.144389650E1,-4.688028538E-1,1.573958772E0,1.035793469E0,1.941646322E0
4.145386350E1,-4.666779757E-1,1.413782485E0,-1.896871841E-1,1.500849918E0
4.146383050E1,-5.045667636E-1,7.481190830E-1,-1.393778576E0,1.660388057E0
4.147379750E1,-3.214050722E-1,2.109447366E-1,-2.523322645E0,2.552441199E0
4.148376450E1,-3.987602270E-1,-1.580250961E-1,-2.402239673E0,2.440233001E0
4.149373150E1,-2.923198521E-2,-6.388849086E-1,-1.154353733E0,1.319682149E0
4.150369850E1,3.868131959E-1,-1.015919221E0,-5.304360151E-2,1.088361124E0
4.151366550E1,4.390761942E-1,-1.252941955E0,7.288156700E-1,1.514537463E0
4.152363150E1,3.293689799E-1,-1.046917650E0,4.330028374E-1,1.179835560E0
4.153359850E1,-1.927517098E-1,3.122664589E-1,-8.401861247E-1,9.168294755E-1
4.154356550E1,-3.163805598E-1,8.794504702E-1,5.141377786E-1,1.066708697E0
4.155353250E1,5.967352545E-1,1.873846675E0,9.899100749E-1,2.201662164E0
4.156349950E1,3.868248904E-1,3.117279303E0,7.395945735E-1,3.227082875E0
4.157346650E1,-4.827642506E-1,3.084143717E0,2.004423187E0,3.709813486E0
4.158343350E1,-7.619483328E-1,2.327506995E0,1.660164711E0,2.958716096E0
4.159340050E1,7.726744652E-2,8.912910819E-2,2.528523890E-1,2.790135962E-1
4.160336750E1,3.500371331E-1,-2.067080780E0,-5.188175976E-1,2.159750135E0
4.161333350E1,-6.774508041E-1,-3.462756193E0,-1.177668993E0,3.719747881E0
4.162330050E1,-1.316403540E0,-3.951191073E0,-1.547094909E0,4.442784243E0
4.163326750E1,-2.724369800E-1,-3.569162654E0,-1.185891421E0,3.770872899E0
4.164323450E1,9.925958472E-1,-2.284052242E0,-5.486771353E-1,2.550134851E0
4.165320150E1,1.754686267E0,-6.235710508E-1,1.516940672E0,2.401847987E0
4.166316850E1,1.407506084E0,-8.187768370E-1,8.915819809E-2,1.630772231E0
4.167313550E1,4.705564338E-1,-9.900143015E-1,1.142953782E-1,1.102095780E0
4.168310250E1,6.592998773E-1,6.952105522E-1,-8.954671633E-1,1.311432606E0
4.169306950E1,4.244967467E-1,1.112859625E0,-2.257508222E0,2.552449295E0
4.170303550E1,-1.682050985E-1,1.130638084E0,-2.261311251E0,2.533804256E0
4.171300250E1,-1.134362760E0,9.068236256E-1,5.912134364E-2,1.453479719E0
4.172296950E1,-1.235444747E0,2.067557913E-1,1.380288903E0,1.863939145E0
4.173293650E1,-5.933403611E-1,-2.195769811E-1,2.124014973E0,2.216237000E0
4.174290350E1,-2.844828290E-1,-7.090210909E-1,1.213807125E0,1.434213765E0
4.175287050E1,-6.537035072E-1,-1.325436904E0,7.586165893E-1,1.661207510E0
4.176283750E1,-6.071783817E-1,-8.678881860E-1,4.617872183E-1,1.155483849E0
4.177280450E1,-4.866041172E-1,-2.378138620E-1,-6.049543932E-2,5.449758691E-1
4.178277150E1,6.580047190E-2,-7.226012492E-1,-3.697861040E-1,8.143856765E-1
4.179273750E1,7.817288786E-1,-1.152019013E0,-4.224636698E-1,1.454896353E0
4.180270450E1,9.636205548E-1,-2.070562797E0,-7.217286985E-1,2.395138239E0
4.181267150E1,7.548182380E-1,-3.105586626E0,-9.208417404E-1,3.326013887E0
4.182263850E1,1.076098765E0,-3.031675481E0,-3.982981507E-1,3.241556137E0
4.183260550E1,1.682281365E0,-3.295355086E0,-8.457339630E-3,3.699933413E0
4.184257250E1,2.291468266E0,-3.462569082E0,-3.720225178E-2,4.152300021E0
4.185253950E1,3.086893662E0,-3.224364626E0,-1.056803465E0,4.587185770E0
4.186250650E1,3.462183750E0,-2.613394910E0,-2.355785884E0,4.936220862E0
4.187247350E1,3.366283566E0,-1.946379046E0,-3.297944233E0,5.098695187E0
4.188244050E1,2.669757975E0,-2.156253158E0,-2.960114332E0,4.532031795E0
4.189240650E1,1.719034039E0,-2.640417232E0,-2.263094067E0,3.879236515E0
4.190237350E1,1.118986337E0,-2.648151344E0,-1.096277506E0,3.076793840E0
4.191234050E1,7.903634620E-1,-2.552089192E0,3.056550121E-1,2.689099967E0
4.192230750E1,9.319292307E-2,-2.671131486E0,1.009404253E0,2.857013350E0
4.193227450E1,-3.736826885E-1,-2.734194877E0,1.144789588E0,2.987641809E0
4.194224150E1,-3.877961129E-1,-2.809948479E0,1.125962065E0,3.051882510E0
4.195220850E1,-1.037347512E0,-1.974604726E0,1.048894594E0,2.464819173E0
4.196217625E1,-1.026576941E0,-1.503254825E0,1.053315016E0,2.103118591E0
4.197214325E1,-5.541868204E-1,-1.575932792E0,9.394866838E-1,1.916591356E0
4.198210925E1,-4.775000024E-1,-1.528523567E0,1.753416252E-1,1.610942343E0
4.199207625E1,-2.175177087E0,-1.215782315E0,-6.449654281E-1,2.574005128E0
4.200204325E1,-3.554217170E0,-6.391117805E-1,-1.398221875E0,3.872460197E0
4.201201025E1,-4.145301091E0,-3.930545139E-1,-1.386044025E0,4.388522647E0
4.202197725E1,-4.118589256E0,-1.051016548E0,-2.634152525E0,5.000617239E0
4.203194425E1,-4.377281771E0,-9.598333132E-1,-3.540619763E0,5.711205126E0
4.204191125E1,-3.499030564E0,-1.423947870E0,-4.386597847E0,5.789048549E0
4.205187825E1,-2.331110634E0,-1.571029317E0,-4.804418535E0,5.566385484E0
4.206184525E1,-2.420387676E0,-1.784953794E0,-4.375186713E0,5.309104946E0
4.207181125E1,-2.797175236E0,-6.887283289E-1,-3.659290466E0,4.657138900E0
4.208177825E1,3.103643596E-2,-4.349311030E-1,-3.158399262E0,3.188356038E0
4.209174525E1,1.673697653E0,-2.439528537E-1,-3.804271009E0,4.163322560E0
4.210171225E1,3.122167575E0,-6.663370013E-2,-5.483686069E0,6.310561253E0
4.211167925E1,4.153288972E0,8.181295502E-1,-6.158402131E0,7.472955376E0
4.212164625E1,5.232997808E0,1.840059124E0,-5.372079095E0,7.722002165E0
4.213161325E1,6.176325601E0,2.637788908E0,-4.505201600E0,8.087136063E0
4.214158025E1,6.554144025E0,3.046391169E0,-3.797724466E0,8.164558419E0
4.215154725E1,7.198035319E0,2.924091391E0,-3.491436785E0,8.517755206E0
4.216151425E1,7.693686249E0,2.889459502E0,-3.782164441E0,9.046908431E0
4.217148025E1,7.673963590E0,3.092087159E0,-3.410635867E0,8.948919331E0
4.218144725E1,7.397803103E0,3.242235471E0,-2.688837148E0,8.512897674E0
4.219141425E1,7.618348968E0,3.681850194E0,-1.621825249E0,8.615426802E0
4.220138125E1,8.017751804E0,4.212165172E0,2.144173980E-2,9.056883524E0
4.221134825E1,7.874863395E0,4.392481023E0,1.811900980E0,9.197301136E0
4.222131525E1,8.526596975E0,4.555161672E0,3.271244677E0,1.020555709E1
4.223128225E1,9.205944616E0,4.437229764E0,4.398841624E0,1.112601599E1
4.224124925E1,9.831382098E0,4.085533776E0,4.631957833E0,1.161045622E1
4.225121625E1,1.032738503E1,3.539098025E0,4.665736029E0,1.187220237E1
4.226118225E1,1.002185164E1,3.027832106E0,4.913110088E0,1.156477100E1
4.227114925E1,9.217922053E0,2.329780977E0,5.380978557E0,1.092487513E1
4.228111625E1,8.242762603E0,1.465953682E0,5.900997757E0,1.024275012E1
4.229108325E1,7.106087853E0,1.635325885E-1,6.202926924E0,9.433956217E0
4.230105025E1,5.302917643E0,-1.699488844E0,6.221115857E0,8.349340116E0
4.231101725E1,3.152505854E0,-3.667951070E0,6.259324488E0,7.910202352E0
4.232098425E1,1.590681809E0,-4.642618769E0,6.233706082E0,7.933679422E0
4.233095125E1,6.635870558E-1,-4.838102298E0,5.618063271E0,7.443803903E0
4.234091825E1,2.123018754E-1,-4.939290411E0,4.320393040E0,6.565626998E0
4.235088525E1,-1.898117298E-1,-5.133764126E0,3.057350020E0,5.978206399E0
4.236085125E1,-1.011347283E0,-5.709525418E0,2.005376868E0,6.135392425E0
4.237081825E1,-2.640186852E0,-6.544099093E0,1.149953776E0,7.149700220E0
4.238078525E1,-3.713822184E0,-7.185407088E0,7.111828065E-1,8.119626298E0
4.239075225E1,-3.987941993E0,-7.335819109E0,3.211068642E-1,8.355898094E0
4.240071925E1,-4.021276969E0,-7.129267970E0,-4.077357030E-1,8.195326635E0
4.241068625E1,-3.928944756E0,-6.787188313E0,-1.355893296E0,7.958704588E0
4.242065325E1,-3.708576062E0,-6.214040726E0,-2.315586276E0,7.598011474E0
4.243062025E1,-3.563538802E0,-5.670059052E0,-2.884488784E0,7.291683892E0
4.244058725E1,-3.460842984E0,-5.287411412E0,-3.272399502E0,7.116372117E0
4.245055325E1,-3.156471435E0,-4.959310693E0,-3.388137535E0,6.785097673E0
4.246052025E1,-2.705961596E0,-4.623900662E0,-3.294051742E0,6.289154345E0
4.247048725E1,-2.098460740E0,-4.300043268E0,-3.203091871E0,5.757925591E0
4.248045425E1,-1.118822615E0,-4.104388708E0,-3.027651427E0,5.221536544E0
4.249042125E1,-3.461806020E-1,-3.836161431E0,-2.931425554E0,4.840375121E0
4.250038825E1,-2.622733498E-1,-3.701655006E0,-2.960386813E0,4.747096710E0
4.251035525E1,-3.853858906E-1,-3.846006095E0,-2.817797781E0,4.783332469E0
4.252032225E1,-4.508361143E-1,-3.928145442E0,-2.544152766E0,4.701732991E0
4.253028925E1,-5.361692101E-1,-3.751595782E0,-2.232790287E0,4.398556672E0
4.254025625E1,-5.588002735E-1,-3.277103003E0,-2.003615102E0,3.881511988E0
4.255022225E1,-3.275784163E-1,-2.359670189E0,-2.019656353E0,3.123197529E0
4.256018925E1,2.778649503E-1,-1.425886806E0,-2.091570674E0,2.546572205E0
4.257015625E1,8.999410142E-1,-9.376799673E-1,-2.258705147E0,2.605932941E0
4.258012325E1,1.372809145E0,-8.295807374E-1,-2.299194776E0,2.803409668E0
4.259009025E1,1.640902228E0,-1.073781513E0,-2.099378461E0,2.872795987E0
4.260005725E1,1.536692128E0,-1.368639057E0,-1.643347680E0,2.633474351E0
4.261002425E1,1.351672483E0,-1.585876567E0,-1.107926913E0,2.359984117E0
4.261999125E1,1.200841728E0,-1.804387600E0,-5.858740515E-1,2.245235817E0
4.262995825E1,8.109423720E-1,-1.806046456E0,-4.244628328E-1,2.024746904E0
4.263992525E1,1.093838267E-1,-1.891280149E0,-4.483276588E-1,1.946767349E0
4.264989125E1,-3.098605489E-1,-1.968555197E0,-3.812881619E-1,2.028941543E0
4.265985825E1,-4.559488100E-1,-1.779711181E0,-4.790705645E-1,1.898623135E0
4.266982525E1,-4.985389421E-1,-1.528738160E0,-7.151121354E-1,1.759820106E0
4.267979225E1,-6.147655825E-1,-1.584402484E0,-8.702902222E-1,1.909364560E0
4.268975925E1,-7.547986498E-1,-1.633073537E0,-9.584241343E-1,2.038437392E0
4.269972625E1,-8.492746713E-1,-1.760015420E0,-1.210568937E0,2.298782046E0
4.270969325E1,-6.474640895E-1,-1.819533643E0,-1.407234188E0,2.389606764E0
4.271966025E1,-3.136299930E-1,-1.767496932E0,-1.463325943E0,2.315973228E0
4.272962725E1,6.533664152E-2,-1.702798660E0,-1.547886622E0,2.302117536E0
4.273959425E1,7.045662434E-1,-1.650960755E0,-1.385505935E0,2.267534278E0
4.274956025E1,1.156288357E0,-1.401940119E0,-1.011895167E0,2.079992955E0
4.275952725E1,1.045489395E0,-1.136711002E0,-8.248936093E-1,1.750888187E0
4.276949425E1,7.813599924E-1,-1.016960610E0,-5.765828258E-1,1.406122354E0
4.277946125E1,5.918794708E-1,-1.095287572E0,-5.688989997E-2,1.246279517E0
4.278942825E1,-3.505995987E-2,-1.321112888E0,-5.651626289E-1,1.437350778E0
4.279939525E1,-5.822300667E-1,-1.431337581E0,-6.847194779E-1,1.690136055E0
4.280936225E1,-6.248207469E-1,-1.578689754E0,-3.228130817E-1,1.728256518E0
4.281932925E1,-7.139683469E-1,-1.432364352E0,-2.041444248E-1,1.613410482E0
4.282929625E1,6.977475860E-1,-6.467991149E-1,5.339759195E-1,1.091022947E0
4.283926225E1,2.087866609E0,-7.161114246E-1,9.488341159E-1,2.402558787E0
4.284922925E1,3.293552974E0,-4.276980972E-1,1.971990436E0,3.862533254E0
4.285919625E1,2.791929699E0,-1.220115101E-1,2.143724914E0,3.522117937E0
4.286916325E1,2.186650201E0,-2.271643281E-3,1.987488481E0,2.954920426E0
4.287913025E1,1.514450635E0,4.547496557E-2,1.583723037E0,2.191758964E0
4.288909725E1,7.054612329E-1,2.433108294E-1,1.448019102E0,1.628998168E0
4.289906425E1,-1.688493155E-1,-5.411013365E-3,1.020638509E0,1.034525174E0
4.290903125E1,2.283690372E-1,2.251382679E-1,-3.763583744E-1,4.944545306E-1
4.291899825E1,2.577281921E0,1.165697404E0,-1.826982411E0,3.367357609E0
4.292896525E1,2.948933871E0,8.401583505E-1,-2.540778923E0,3.982164558E0
4.293893125E1,1.380000489E0,1.912097991E-2,-3.161797079E0,3.449888075E0
4.294889825E1,2.997988064E-2,-3.002445835E-1,-3.022907581E0,3.037929533E0
4.295886525E1,-2.727456034E-1,-2.669142848E-1,-1.989222180E0,2.025497046E0
4.296883204E1,-1.802214921E-1,-1.423674220E-1,-8.070993626E-1,8.391410193E-1
4.297879904E1,6.921027571E-2,-1.952326834E-2,9.531253874E-2,1.193972375E-1
4.298876604E1,9.548963629E-2,-1.864641988E-1,6.118444598E-1,6.467154019E-1
4.299873304E1,-2.272366874E-2,-5.486565238E-1,9.161721539E-1,1.068134712E0
4.300870004E1,5.464296117E-2,-7.551737487E-1,1.092486756E0,1.329210501E0
4.301866704E1,1.696493608E-1,-6.234617078E-1,1.099465992E0,1.275268942E0
4.302863404E1,1.176157196E-1,-2.450989079E-1,8.994076020E-1,9.395961721E-1
4.303860004E1,2.568708149E-1,-7.174475133E-2,9.157265961E-1,9.537741471E-1
4.304856704E1,4.058347001E-1,-2.127790082E-1,1.187581193E0,1.272920186E0
4.305853404E1,6.584671607E-1,-2.777637935E-1,1.303437924E0,1.486499966E0
4.306850104E1,8.035484216E-1,-5.381707120E-1,1.223653252E0,1.559693900E0
4.307846804E1,9.601419731E-1,-6.547723782E-1,1.219827418E0,1.684808122E0
4.308843504E1,1.195257053E0,-6.232991552E-1,1.095876971E0,1.737264400E0
4.309840204E1,1.160057984E0,-4.376974207E-1,9.276747966E-1,1.548513509E0
4.310836904E1,9.062982532E-1,8.596576452E-2,1.203857503E0,1.509317569E0
4.311833604E1,3.693669317E-1,6.165198934E-1,1.544654866E0,1.703668795E0
4.312830304E1,-6.783764184E-2,4.821058542E-1,1.508286354E0,1.584915053E0
4.313826904E1,-1.829451983E-1,5.109940231E-2,1.116569683E0,1.132611121E0
4.314823604E1,1.419168209E-1,-5.176540017E-2,7.362270159E-1,7.515652065E-1
4.315820304E1,6.829251867E-1,8.189259410E-2,3.579139173E-1,7.753680286E-1
4.316817004E1,1.104140184E0,-1.180026591E-2,-1.354261923E-1,1.112476986E0
4.317813704E1,1.294132227E0,-3.149281114E-1,-5.833626723E-1,1.454052937E0
4.318810404E1,1.316702333E0,-4.316782969E-1,-7.847536433E-1,1.592447634E0
4.319807104E1,1.259458530E0,-3.490191329E-1,-9.559039843E-1,1.619198126E0
4.320803804E1,1.013163136E0,-2.103032970E-1,-1.099336769E0,1.509724594E0
4.321800504E1,8.722617571E-1,-1.040278137E-2,-1.196072520E0,1.480384499E0
4.322797204E1,7.336599420E-1,7.170908332E-2,-1.189804305E0,1.399654738E0
4.323793904E1,4.931187194E-1,1.046786088E-1,-1.105407348E0,1.214927606E0
4.324790504E1,2.161505858E-1,1.884487438E-1,-8.362138188E-1,8.840178480E-1
4.325787204E1,-3.846353274E-2,1.983311230E-1,-4.485673946E-1,4.919627884E-1
4.326783904E1,-1.828191542E-1,2.033234757E-1,1.806672692E-2,2.740249725E-1
4.327780604E1,-1.863477296E-1,1.219419283E-1,4.182028037E-1,4.738025910E-1
4.328777304E1,-9.745667618E-2,2.224280834E-3,5.486764044E-1,5.572688291E-1
4.329774004E1,4.292663936E-2,-4.413770735E-2,4.827531409E-1,4.866635682E-1
4.330770704E1,2.044027255E-1,-1.469990015E-2,3.374089015E-1,3.947674354E-1
4.331767404E1,3.315787524E-1,1.052972442E-1,9.041900396E-2,3.594545520E-1
4.332764104E1,3.620162873E-1,1.082190979E-1,-9.858230174E-2,3.904940916E-1
4.333760804E1,3.466021497E-1,1.229727924E-2,-2.586866677E-1,4.326696954E-1
4.334757404E1,3.833797109E-1,1.348987734E-1,-5.120763427E-1,6.537582600E-1
4.335754104E1,3.372850501E-1,2.308702934E-1,-7.561940879E-1,8.595881548E-1
4.336750804E1,2.255290446E-1,2.098185629E-1,-8.326458478E-1,8.877985623E-1
4.337747504E1,-2.162625600E-2,1.997970200E-1,-5.423093712E-1,5.783476448E-1
4.338744204E1,-1.734783369E-1,3.580226755E-1,-2.105576509E-1,4.501216435E-1
4.339740904E1,-7.527131673E-2,4.610342431E-1,4.104979277E-2,4.689386206E-1
4.340737604E1,-7.681246005E-2,3.085610783E-1,2.428307730E-1,4.000960852E-1
4.341734304E1,1.333748429E-1,1.865992695E-1,3.457844532E-1,4.149397837E-1
4.342731004E1,4.645886193E-1,1.622122872E-1,2.581440461E-1,5.556921448E-1
4.343727704E1,5.975067581E-1,5.518368244E-2,2.552970368E-1,6.521013278E-1
4.344724304E1,7.708644596E-1,4.125853837E-2,1.811555117E-1,7.929385862E-1
4.345721004E1,8.490074535E-1,-7.345155358E-2,1.784043968E-2,8.523655719E-1
4.346717704E1,6.519339935E-1,-1.698060662E-1,-6.326804280E-2,6.766497449E-1
4.347714404E1,4.184889518E-1,-2.582481265E-2,1.067210412E-1,4.326537928E-1
4.348711104E1,2.330995078E-1,9.605162680E-2,1.952964181E-1,3.189074889E-1
4.349707804E1,1.258646060E-2,1.927476168E-2,2.145980769E-1,2.158292613E-1
4.350704504E1,-4.126087725E-3,1.308998626E-1,1.462996745E-1,1.963552734E-1
4.351701204E1,4.063703416E-2,1.504529518E-1,6.063036382E-2,1.672229059E-1
4.352697904E1,1.884663403E-1,6.742307425E-2,-1.340608674E-1,2.409102500E-1
4.353694604E1,2.898883423E-1,2.612711370E-2,-3.235983628E-1,4.352399080E-1
4.354691204E1,2.832230646E-1,2.795553803E-3,-4.552554399E-1,5.361722065E-1
4.355687904E1,2.105188766E-1,-1.524778426E-2,-4.828221381E-1,5.269420360E-1
4.356684604E1,1.474404846E-1,-1.154304689E-1,-3.690505242E-1,4.138371408E-1
4.357681304E1,1.471272748E-1,-2.859890717E-1,-1.433023918E-1,3.520962363E-1
4.358678004E1,1.569193510E-1,-3.291350913E-1,6.216935098E-2,3.698900097E-1
4.359674704E1,1.186285487E-1,-2.101056612E-1,5.823066652E-2,2.482094518E-1
4.360671404E1,-2.371684573E-2,-1.083576769E-1,-6.320664704E-2,1.276673613E-1
4.361668104E1,-8.878974128E-2,1.861811936E-2,-1.969201899E-1,2.168128541E-1
4.362664804E1,-4.762829410E-2,1.070157409E-1,-3.321668726E-1,3.522153524E-1
4.363661504E1,4.597680286E-2,8.595231593E-2,-5.547692031E-1,5.632677300E-1
4.364658204E1,1.405236122E-1,8.893615007E-3,-7.075060773E-1,7.213811970E-1
4.365654804E1,2.403629556E-1,-5.099766076E-2,-8.290913254E-1,8.647355305E-1
4.366651504E1,2.310726070E-1,-1.022736490E-2,-8.696522909E-1,8.998856904E-1
4.367648204E1,9.477520703E-2,2.654460490E-2,-6.983265334E-1,7.052282632E-1
4.368644904E1,-3.677223475E-2,2.726556659E-2,-4.089682961E-1,4.115223877E-1
4.369641604E1,-2.106380136E-1,8.768776953E-2,-8.401805699E-2,2.431389553E-1
4.370638304E1,-2.291654646E-1,2.634960026E-1,5.023518384E-2,3.528038084E-1
4.371635004E1,-9.719472092E-2,3.565012300E-1,1.806555748E-2,3.699544636E-1
4.372631704E1,5.300138393E-3,2.981255525E-1,-8.798714697E-2,3.108836994E-1
4.373628404E1,9.385954220E-2,2.053635693E-1,-1.675063562E-1,2.811444266E-1
4.374625104E1,1.435346541E-1,9.161592901E-2,-1.270412850E-1,2.124503789E-1
4.375621704E1,1.646153649E-1,3.846883178E-3,1.828892112E-2,1.656728750E-1
4.376618404E1,2.465626305E-1,2.278426051E-2,1.687769562E-1,2.996630011E-1
4.377615104E1,2.423816155E-1,4.742384255E-2,1.590477741E-1,2.937585110E-1
4.378611804E1,1.945818883E-1,1.292877853E-2,2.152512109E-1,2.904519726E-1
4.379608504E1,2.531301683E-1,6.421996951E-3,2.965017807E-1,3.899095153E-1
4.380605204E1,2.786434705E-1,-6.354753971E-3,2.863323033E-1,3.995857286E-1
4.381601904E1,2.361594471E-1,-2.577452660E-2,1.796545315E-1,2.978445255E-1
4.382598604E1,1.299629194E-1,-4.794716835E-3,7.415672779E-2,1.497082830E-1
4.383595304E1,4.009963393E-2,6.084320247E-2,-1.114929539E-1,1.331936736E-1
4.384592004E1,1.569317764E-2,6.618171036E-2,-2.581417072E-1,2.669521223E-1
4.385588704E1,4.256710868E-2,9.360105872E-2,-4.304533052E-1,4.425643060E-1
4.386585304E1,8.418751661E-2,1.322815597E-1,-5.158080357E-1,5.391139756E-1
4.387582004E1,1.064597163E-1,1.247509307E-1,-5.319007427E-1,5.566101562E-1
4.388578704E1,5.313702906E-3,3.248420656E-2,-3.998478091E-1,4.012003608E-1
4.389575404E1,1.503578614E-2,2.952843904E-4,-2.165317512E-1,2.170533605E-1
4.390572104E1,9.843358146E-3,-4.151289225E-2,-9.426296353E-2,1.034684407E-1
4.391568804E1,7.450991789E-2,-6.632496715E-2,1.511329830E-2,1.008917287E-1
4.392565504E1,1.864628649E-1,-8.745095730E-2,8.270535707E-2,2.219374822E-1
4.393562204E1,2.400165446E-1,-7.080978155E-3,-2.412619650E-2,2.413299719E-1
4.394558904E1,1.871718581E-1,1.555300891E-2,-1.513083994E-1,2.411833997E-1
4.395555604E1,1.062618520E-1,9.549672604E-3,-2.368742144E-1,2.597925536E-1
4.396552142E1,1.445060777E-2,2.782222152E-2,-2.509578180E-1,2.529085260E-1
4.397548842E1,9.161326122E-3,8.597512007E-2,-1.939141363E-1,2.123166113E-1
4.398545542E1,-9.253401496E-3,1.193054187E-1,-1.330773658E-1,1.789664596E-1
4.399542242E1,-6.812746273E-2,9.854955733E-2,-1.207835948E-1,1.701236116E-1
4.400538942E1,-1.759251591E-1,1.050732958E-1,-1.135821640E-1,2.342882137E-1
4.401535642E1,-1.906213133E-1,1.348718762E-1,2.643760085E-2,2.350018188E-1
4.402532342E1,-9.580598893E-2,1.520469028E-1,1.553301144E-1,2.375384023E-1
4.403529042E1,4.067021711E-2,5.397213936E-2,1.926558155E-1,2.041649373E-1
4.404525742E1,2.083346857E-1,-2.546287000E-2,1.474059677E-1,2.564765454E-1
4.405522442E1,3.299275352E-1,-8.016006410E-2,1.370727682E-1,3.661512777E-1
4.406519142E1,3.459434243E-1,-1.240013176E-1,1.104533190E-1,3.837357363E-1
4.407515742E1,2.255030428E-1,-9.118440449E-2,9.769001663E-2,2.621250794E-1
4.408512442E1,5.775696896E-2,3.934532940E-2,3.634804666E-2,7.877247556E-2
4.409509142E1,-8.654445615E-2,1.293895268E-1,-6.338381767E-2,1.680746884E-1
4.410505842E1,-8.315785848E-2,2.386774957E-1,-1.726530755E-1,3.060902822E-1
4.411502542E1,-6.095992751E-2,2.245646560E-1,-1.911595130E-1,3.011434158E-1
4.412499242E1,3.384883706E-2,1.661889786E-1,-1.957753050E-1,2.590221813E-1
4.413495942E1,9.938337028E-2,1.230499756E-1,-1.155953604E-1,1.959097704E-1
4.414492642E1,1.163768773E-1,7.917246938E-2,1.518171072E-2,1.415709780E-1
4.415489342E1,1.015987341E-1,7.075306356E-2,9.341628671E-2,1.550964261E-1
4.416486042E1,7.772762239E-2,8.909519434E-2,7.314866781E-2,1.390333217E-1
4.417482642E1,5.428459994E-2,6.905269325E-2,1.859473050E-2,8.978227129E-2
4.418479342E1,-1.002636686E-2,6.908075988E-2,-1.074671459E-1,1.281478321E-1
4.419476042E1,-5.727117497E-2,9.593117416E-2,-1.900380170E-1,2.204477842E-1
4.420472742E1,-1.046085884E-1,5.229164958E-2,-1.711643744E-1,2.073031993E-1
4.421469442E1,-9.301721424E-2,8.708842993E-3,-1.071911573E-1,1.421899796E-1
4.422466142E1,-2.780592240E-2,2.447469056E-2,-5.703491092E-2,6.800853521E-2
4.423462842E1,6.090554841E-2,1.066356719E-2,-2.603589714E-2,6.708998011E-2
4.424459542E1,1.501726143E-1,-6.015089214E-2,2.830870986E-2,1.642294948E-1
4.425456242E1,-5.648713645E-2,-7.132375181E-2,-1.111013659E0,1.114732804E0
4.426452942E1,-1.809263374E-1,2.360333848E-1,-1.414147936E0,1.445081480E0
4.427449642E1,-3.810867984E-1,2.265644038E-1,-7.539148432E-1,8.746120098E-1
4.428446242E1,-2.297734288E-1,3.243573314E-1,-6.270109677E-1,7.423922553E-1
4.429442942E1,2.443405241E-4,2.028258777E-1,4.442129731E-2,2.076334463E-1
4.430439642E1,3.461870340E-1,-7.615238249E-2,9.070727170E-1,9.738714297E-1
4.431436342E1,4.484642643E-2,-1.837604463E-1,1.413297751E0,1.425899588E0
4.432433042E1,-6.903646722E-2,-4.936570287E-2,1.306318848E0,1.309072931E0