"Time (s)","Linear Acceleration x (m/s^2)","Linear Acceleration y (m/s^2)","Linear Acceleration z (m/s^2)","Absolute acceleration (m/s^2)"
1.498208265E-3,-9.468080556E-1,2.793793792E-1,-2.817056939E0,2.985013924E0
1.150020829E-2,-1.246012127E0,2.280139285E-1,-3.629019431E0,3.843737582E0
2.150220831E-2,-1.932397477E0,-1.037632272E-1,-3.154693297E0,3.700948070E0
3.150420834E-2,-3.189478675E0,-1.399525512E0,-2.468181648E0,4.268883522E0
4.150620825E-2,-4.761122827E0,-2.830752288E0,6.664112610E-1,5.579027967E0
5.150820827E-2,-5.634655330E0,-2.797096007E0,1.941567957E0,6.583522833E0
6.151020830E-2,-6.203356694E0,-4.093961076E0,7.200635576E-1,7.467304942E0
7.151220832E-2,-5.353368005E0,-6.062316005E0,7.041158617E-2,8.087965265E0
8.151520824E-2,-2.041067103E0,-7.591265835E0,3.205443621E-2,7.860935019E0
9.151720826E-2,2.789366572E0,-7.276797314E0,6.942720741E-1,7.823960553E0
1.015192083E-1,9.959194046E0,-5.287316687E0,1.636081930E0,1.139377145E1
1.115212083E-1,1.421460698E1,-4.812501434E0,-1.442062544E0,1.507629815E1
1.215232083E-1,1.060350693E1,-3.618262308E0,-2.522778854E0,1.148436304E1
1.315252082E-1,-7.572353600E0,-4.041762397E0,9.965756961E0,1.315266871E1
1.415272083E-1,-8.576380754E0,-1.023783141E0,2.078768897E1,2.251067416E1
1.515292083E-1,4.785957706E0,4.739493976E0,1.247967962E1,1.418134683E1
1.615312083E-1,1.527041298E0,2.220978034E0,3.027615759E0,4.053523867E0
1.715332083E-1,2.582433318E0,1.082131629E0,-9.703360820E-1,2.963363430E0
1.815362083E-1,2.207695792E0,-3.848947245E-1,-8.669385982E-1,2.402841483E0
1.915382083E-1,3.899613369E-1,-2.505154469E0,-4.957620263E-1,2.583340618E0
2.015402083E-1,-9.581376207E-1,-3.631203951E0,6.688863873E-1,3.814587636E0
2.115422083E-1,-1.244807308E0,-1.837636038E0,-1.397327836E0,2.622780304E0
2.215442082E-1,-1.643683310E0,3.316833079E-2,-6.663034968E0,6.862858730E0
2.315462083E-1,-6.653511608E-1,1.733653248E0,-1.471378144E1,1.483049595E1
2.415482083E-1,-1.718535272E0,2.680794303E0,-1.592372589E1,1.623899837E1
2.515502083E-1,-4.062630817E0,1.074446634E0,-1.193808244E1,1.265611382E1
2.615522083E-1,-4.316849627E0,-3.044759211E-1,-1.014936304E0,4.444996287E0
2.715542082E-1,-5.400804126E-1,2.905844862E0,4.948381662E-2,2.956022643E0
2.815572083E-1,1.946023536E0,5.314348365E0,-1.755299056E0,5.925401330E0
2.915592083E-1,3.925117169E0,6.621936643E0,-1.168681238E0,7.786039143E0
3.015612083E-1,5.757069129E0,8.143010858E0,-1.229646063E-1,9.973344027E0
3.115632082E-1,5.709701419E0,8.860680565E0,-7.910861778E-1,1.057062759E1
3.215652083E-1,4.627568913E0,7.922799454E0,-3.446057714E0,9.801043771E0
3.315672083E-1,2.842180670E0,5.409905317E0,-5.214846881E0,8.033660094E0
3.415692083E-1,-1.975838488E-1,1.468834020E0,-5.377558520E0,5.578050591E0
3.515712083E-1,-2.554022282E0,-9.506796433E-1,-4.479717972E0,5.243538377E0
3.615732082E-1,-3.483303893E0,-1.159311514E0,-4.773482087E0,6.021921656E0
3.715762083E-1,-3.656851008E0,-1.127103588E0,-6.220028275E0,7.302853794E0
3.815782083E-1,-4.310779633E0,-1.732111630E0,-8.257473028E0,9.474644719E0
3.915802083E-1,-3.577999551E0,-1.814616135E0,-7.621859636E0,8.613225692E0
4.015822082E-1,-2.102921289E0,-1.451236533E0,-4.759081564E0,5.401594464E0
4.115842083E-1,6.672807419E-1,-1.282546115E0,-2.430714736E0,2.828172954E0
4.215862083E-1,3.010866410E0,-6.460889706E-1,-1.880631199E-1,3.085144281E0
4.315882083E-1,3.362004574E0,1.333659843E0,8.133886278E-2,3.617780997E0
4.415902083E-1,3.314109446E0,2.143681352E0,-3.883738178E-1,3.966046568E0
4.515922082E-1,3.415801297E0,2.580080983E0,1.526058381E0,4.544597954E0
4.615942083E-1,7.870281517E0,2.153883281E0,6.784284586E0,1.061164745E1
4.715972083E-1,1.205719023E1,1.961876507E0,6.127855107E0,1.366657981E1
4.815992083E-1,1.220946692E1,2.232556983E0,3.514818631E0,1.289997454E1
4.916012083E-1,1.182649184E1,2.819236196E0,1.448841805E0,1.224390234E1
5.016032082E-1,1.110938697E1,2.404508978E0,-6.261116660E-1,1.138385515E1
5.116052083E-1,7.648567963E0,8.802831137E-1,1.708178391E0,7.886276920E0
5.216072083E-1,6.677888650E0,8.407196832E-1,5.421387495E0,8.642479319E0
5.316092083E-1,7.845218012E0,5.170905640E0,1.304524045E0,9.486173822E0
5.416112082E-1,4.142672768E0,9.440885741E0,3.295699780E0,1.082375620E1
5.516132083E-1,7.109762828E0,7.845257188E0,3.178363996E0,1.105435595E1
5.616152083E-1,5.998986567E0,4.925296270E0,4.414826450E0,8.929561902E0
5.716172083E-1,1.172445676E0,2.081398857E0,2.435305385E0,3.411387164E0
5.816202083E-1,1.146630219E0,2.513271866E0,6.606640327E-1,2.840382597E0
5.916222082E-1,-2.511018934E0,1.067205150E0,7.215535451E0,7.714148998E0
6.016242083E-1,-5.653095694E0,-4.082031294E0,6.532667202E0,9.554905085E0
6.116262083E-1,-9.190214437E0,-8.762123991E0,5.595249774E0,1.387593882E1
6.216282083E-1,-1.180554244E1,-9.789697298E0,8.928946808E0,1.774641081E1
6.316302083E-1,-1.349165256E1,-6.052596763E0,8.852576909E0,1.723446356E1
6.416320833E-1,-1.274609280E1,-4.851322853E0,6.904858850E0,1.528644141E1
6.516340832E-1,-1.210935557E1,-2.911877727E0,3.542618049E0,1.294857780E1
6.616360833E-1,-1.270467814E1,-1.537827657E0,1.085910685E0,1.284340152E1
6.716380833E-1,-9.195110310E0,-4.212021038E0,-1.103402630E0,1.017392118E1
6.816410833E-1,-4.019933864E0,-7.405845364E0,-2.413004982E0,8.765215734E0
6.916430832E-1,3.676723355E-1,-9.462219307E0,-5.004067621E-1,9.482572652E0
7.016450833E-1,-1.936063973E0,-7.067119085E0,5.722949456E0,9.297562387E0
7.116470833E-1,3.851505986E0,-9.771804818E0,-3.295679607E0,1.100835010E1
7.216490833E-1,9.204012111E0,-1.305207058E1,-1.029026574E1,1.899894614E1
7.316510833E-1,9.337461945E0,-1.205270307E1,-7.191860660E0,1.685760086E1
7.416530832E-1,8.033528761E0,-8.877183162E0,-4.320740950E0,1.272834505E1
7.516550833E-1,7.750391961E0,-7.115606536E0,-7.154719146E0,1.272361733E1
7.616570833E-1,6.345545776E0,-4.706985211E0,-7.551798298E0,1.092937869E1
7.716590833E-1,3.826605619E0,2.040947235E-1,-9.741612720E0,1.046821779E1
7.816620832E-1,9.408474040E-1,4.762765017E0,-1.059108861E1,1.165076317E1
7.916640833E-1,-2.044649692E0,8.671495657E0,-7.520949558E0,1.165933581E1
8.016660833E-1,-2.724690228E0,1.022679187E1,-4.195664329E0,1.138484993E1
8.116680833E-1,-3.538829638E0,9.313650329E0,-4.830115879E-1,9.975003651E0
8.216700833E-1,-4.060649196E0,7.066737846E0,1.865479894E0,8.361080726E0
8.316720832E-1,-4.233828521E0,4.784396499E0,2.469928796E0,6.849547581E0
8.416740833E-1,-4.163248535E0,3.528192675E0,1.964553362E0,5.800021709E0
8.516760833E-1,-4.477808272E0,4.138540833E0,1.742543355E0,6.341509638E0
8.616780833E-1,-5.081201166E0,5.470319334E0,2.923652265E0,8.018150752E0
8.716800833E-1,-6.135973381E0,6.477708637E0,2.289611190E0,9.211579556E0
8.816820832E-1,-7.483774130E0,6.575673473E0,1.243201663E0,1.003951728E1
8.916850833E-1,-7.936822831E0,6.290983652E0,2.096108990E0,1.034230655E1
9.016870833E-1,-6.885909778E0,4.598986554E0,2.994269089E0,8.805230160E0
9.116890833E-1,-5.215439789E0,2.948374878E0,2.826987265E0,6.624619507E0
9.216910832E-1,-3.997598085E0,1.826169648E0,1.636105026E0,4.689618928E0
9.316930833E-1,-2.932634173E0,1.079554177E0,3.005632567E-1,3.139445601E0
9.416950833E-1,-2.137306425E0,1.394982517E0,1.557521079E0,2.989971052E0
9.516970833E-1,-1.234793952E0,1.623168062E0,3.251041378E0,3.837793728E0
9.616990833E-1,9.730526984E-2,1.409596463E0,3.632370178E0,3.897504793E0
9.717010832E-1,1.184123735E0,6.451624793E-1,2.968120632E0,3.260080326E0
9.817030833E-1,1.622282501E0,-7.397142953E-1,1.435527695E0,2.289042926E0
9.917060833E-1,2.005921243E0,-2.427602848E0,-3.669029881E-1,3.170424802E0
1.001708083E0,2.795984159E0,-4.049462303E0,-2.057127650E0,5.333614771E0
1.011710083E0,3.955419779E0,-5.436888463E0,-4.140539703E0,7.896149114E0
1.021712083E0,5.382195947E0,-6.880843166E0,-6.765029705E0,1.104896659E1
1.031714083E0,6.746694006E0,-9.222835468E0,-1.013543848E1,1.527434736E1
1.041716083E0,8.828575258E0,-1.095226761E1,-1.352265450E1,1.951302364E1
1.051718083E0,1.195448973E1,-8.850771874E0,-1.302245092E1,1.976942628E1
1.061720083E0,1.399992763E1,-3.551466640E0,-9.011715315E0,1.702415642E1
1.071722083E0,1.295888350E1,2.323370674E-1,-3.030935516E0,1.331064282E1
1.081724083E0,1.036036099E1,1.693805350E0,-1.952516284E0,1.067793876E1
1.091726083E0,9.048166857E0,-4.902443013E-1,-9.214853434E0,1.292374507E1
1.101729083E0,9.128920999E0,-3.384929752E0,-1.275784454E1,1.604859948E1
1.111731083E0,9.926391166E0,-5.145409441E0,-1.324726701E1,1.733489438E1
1.121733083E0,1.038848142E1,-6.291678886E0,-1.253051648E1,1.745049033E1
1.131735083E0,1.103064837E1,-6.849214407E0,-1.146072745E1,1.731863780E1
1.141737083E0,1.216969416E1,-6.654105100E0,-1.076433108E1,1.755703262E1
1.151739083E0,1.308175572E1,-6.021908821E0,-1.040761117E1,1.776834514E1
1.161741083E0,1.351828546E1,-5.115652961E0,-9.830024375E0,1.747979766E1
1.171743083E0,1.334976636E1,-4.590155211E0,-9.479632316E0,1.700438813E1
1.181745083E0,1.275298082E1,-4.056368742E0,-9.693557963E0,1.652445803E1
1.191747083E0,1.190129176E1,-3.523644126E0,-9.240170708E0,1.547377033E1
1.201750083E0,1.091617860E1,-2.963717971E0,-7.350894985E0,1.349007919E1
1.211752083E0,9.735863737E0,-2.289985704E0,-5.562300130E0,1.144422387E1
1.221754083E0,8.256772531E0,-1.897279977E0,-4.887061912E0,9.780456946E0
1.231756083E0,6.767016004E0,-1.544715092E0,-3.754202471E0,7.891304487E0
1.241758083E0,5.367535223E0,-1.148723229E0,-2.719422471E0,6.125786317E0
1.251760083E0,3.864720109E0,-9.750144392E-1,-1.678464303E0,4.324807174E0
1.261762083E0,2.174284801E0,-8.254575732E-1,-3.699667829E-1,2.354945864E0
1.271764083E0,4.246049201E-1,-4.514161581E-1,1.222683783E0,1.370774059E0
1.281766083E0,-1.341006285E0,-8.731807932E-2,2.952718774E0,3.244144026E0
1.291768083E0,-2.990650247E0,3.279656482E-1,4.715998694E0,5.593942621E0
1.301770083E0,-4.397264045E0,7.711916113E-1,6.203899316E0,7.643234545E0
1.311773083E0,-5.356447148E0,1.219069912E0,7.574380245E0,9.356756575E0
1.321775083E0,-5.808220571E0,1.643257194E0,8.476783960E0,1.040632436E1
1.331777083E0,-5.958233228E0,1.979056357E0,8.702543787E0,1.073086556E1
1.341779083E0,-6.050538543E0,1.974856595E0,8.931769259E0,1.096747817E1
1.351781083E0,-6.175015240E0,1.797689176E0,9.151629830E0,1.118547398E1
1.361783083E0,-6.201609546E0,1.640514704E0,9.675844408E0,1.160918664E1
1.371785083E0,-6.125310398E0,1.658924370E0,1.044321136E1,1.222015225E1
1.381787083E0,-5.997715382E0,1.641129539E0,1.215581638E1,1.365392866E1
1.391789083E0,-6.962441645E0,1.010457483E0,1.499944950E1,1.656744106E1
1.401791083E0,-7.448034779E0,1.093624770E0,1.534136076E1,1.708878542E1
1.411793083E0,-7.184408968E0,2.131861205E0,1.150094577E1,1.372706516E1
1.421796083E0,-8.039223365E0,3.684576750E0,9.796511058E0,1.319760763E1
1.431798083E0,-8.540435581E0,4.969328728E0,1.005375405E1,1.409649738E1
1.441800083E0,-1.055858394E1,6.357475265E0,6.177261155E0,1.378621565E1
1.451802083E0,-1.318786865E1,8.528581520E0,3.949384868E0,1.619426513E1
1.461804083E0,-1.172463919E1,6.646677382E0,1.229506665E1,1.824319458E1
1.471806083E0,-9.296984010E0,3.140159458E0,1.863430562E1,2.106019608E1
1.481808083E0,-8.752947956E0,2.044029887E0,1.791121671E1,2.004005590E1
1.491810083E0,-8.504467603E0,1.586663163E0,1.623071173E1,1.839237539E1
1.501812083E0,-8.290423842E0,1.100464039E0,1.435482321E1,1.661334096E1
1.511814083E0,-8.057935039E0,8.111601077E-1,1.169304902E1,1.422377212E1
1.521816083E0,-7.809593266E0,6.783572687E-1,9.024370444E0,1.195362612E1
1.531819083E0,-7.607489519E0,7.270927148E-1,7.217128817E0,1.051139900E1
1.541821083E0,-7.695822821E0,6.766041273E-1,6.181219720E0,9.893986015E0
1.551823083E0,-7.899954967E0,5.713138998E-1,5.357245878E0,9.562205365E0
1.561825083E0,-8.224359076E0,4.667952123E-1,4.581130619E0,9.425748656E0
1.571827083E0,-8.531256621E0,3.952564292E-1,3.891754126E0,9.385324574E0
1.581829083E0,-8.775945055E0,3.716846949E-1,3.282942909E0,9.377263741E0
1.591831083E0,-9.057522402E0,3.775136014E-1,2.709281645E0,9.461576804E0
1.601833083E0,-9.261317748E0,3.969076463E-1,2.184604845E0,9.523761885E0
1.611835083E0,-9.391634059E0,3.836385233E-1,1.724778929E0,9.556402627E0
1.621837083E0,-9.489751507E0,3.441492062E-1,1.208522558E0,9.572583200E0
1.631839083E0,-9.621333740E0,3.010183894E-1,7.741619968E-1,9.657121818E0
1.641841958E0,-9.745472467E0,2.965803893E-1,3.722056087E-1,9.757086171E0
1.651843958E0,-9.793462320E0,2.933013986E-1,5.399786711E-2,9.798002128E0
1.661845958E0,-9.790907671E0,2.493900333E-1,-6.072800319E-2,9.794271607E0
1.671847958E0,-9.715609567E0,1.390338695E-1,-4.677947938E-2,9.716716935E0
1.681849958E0,-9.575933034E0,3.190117520E-2,5.677408855E-2,9.576154471E0
1.691851958E0,-9.183962594E0,7.719370765E-2,1.122274227E0,9.252601106E0
1.701853958E0,-7.904964277E0,8.685962107E-2,4.266574098E0,8.983298912E0
1.711855958E0,-4.699182102E0,-3.499103947E-1,1.133580052E1,1.227620149E1
1.721857958E0,6.346316439E-1,-2.836742175E0,1.987044560E1,2.008194393E1
1.731859958E0,6.529266461E0,-1.004952885E1,2.372836598E1,2.658307174E1
1.741861958E0,1.797548229E1,-1.726993620E1,2.175123760E1,3.308300163E1
1.751864958E0,4.436393847E1,-1.645069334E1,2.235687816E1,5.233177189E1
1.761866958E0,7.247150411E1,-1.085415601E1,2.041000093E1,7.606904593E1
1.771868958E0,7.944618456E1,-7.027660904E0,9.817216634E0,8.035833498E1
1.781870958E0,5.288848190E1,-1.085959626E1,-4.519169136E0,5.418067218E1
1.791872958E0,3.022343910E1,-7.849498758E0,-2.591447152E1,4.057869805E1
1.801874958E0,1.993871301E1,-6.257973781E-1,-3.265043822E1,3.826218780E1
1.811876958E0,1.265227773E1,2.253997554E0,-1.029579369E1,1.646705816E1
1.821878958E0,-4.833103806E-1,5.558802910E0,2.885213839E0,6.281587189E0
1.831880958E0,-2.880981390E1,-5.510038885E-1,-7.664781708E-1,2.882527487E1
1.841882958E0,-3.080150887E1,-5.384527817E0,-1.056563100E1,3.300543360E1
1.851884958E0,-7.129834566E0,-1.779201596E0,-1.329740455E1,1.519279655E1
1.861887958E0,-8.623321617E-1,-1.313358164E0,-1.159064323E1,1.169664639E1
1.871889958E0,-2.108973742E-1,-3.228331377E0,-4.261375923E0,5.350320172E0
1.881891958E0,3.527642745E-1,-4.236598932E0,5.056707180E-1,4.281228330E0
1.891893958E0,4.668387741E-1,-3.624417672E0,3.071583313E0,4.773779001E0
1.901895958E0,2.369256699E-1,-2.248381303E0,4.830379003E0,5.333283564E0
1.911897958E0,1.862045825E-2,-1.047576047E0,5.885776286E0,5.978304507E0
1.921899958E0,-4.439802539E-1,-1.899222422E-1,6.193621080E0,6.212417485E0
1.931901958E0,-1.092263977E0,5.037254955E-1,5.975090750E0,6.094956066E0
1.941903958E0,-1.782028432E0,1.179435437E0,5.859141049E0,6.236683984E0
1.951905958E0,-2.490425041E0,1.700133646E0,6.254144440E0,6.943125663E0
1.961907958E0,-3.214225554E0,2.018505621E0,6.855504257E0,7.836041697E0
1.971909958E0,-3.974843060E0,2.036930197E0,7.299949365E0,8.557904107E0
1.981912958E0,-4.639153417E0,2.030840761E0,7.388427678E0,8.957394832E0
1.991914958E0,-5.016805780E0,2.176855822E0,7.212997760E0,9.051761054E0
2.001916958E0,-5.271768356E0,2.253264167E0,6.893391291E0,8.965912363E0
2.011918958E0,-5.328039036E0,2.209508136E0,6.411947926E0,8.624558098E0
2.021920958E0,-5.244114534E0,2.153572794E0,5.804700547E0,8.113763706E0
2.031922958E0,-4.941025280E0,2.080505403E0,5.053193003E0,7.367292113E0
2.041924958E0,-4.384382045E0,1.966343341E0,4.072718726E0,6.298916563E0
2.051926958E0,-3.572057025E0,1.909523461E0,3.054491901E0,5.073045635E0
2.061928958E0,-2.465808848E0,1.831460063E0,2.044281317E0,3.689653823E0
2.071930958E0,-1.108840833E0,1.688326948E0,1.121506487E0,2.310357695E0
2.081932958E0,4.695185530E-1,1.437117407E0,4.484235531E-1,1.576971083E0
2.091934958E0,2.140760960E0,1.061198305E0,-8.418806478E-2,2.390833947E0
2.101937958E0,3.303313147E0,3.136083949E-1,-9.625192317E-1,3.454948805E0
2.111939958E0,3.814581989E0,-7.435817899E-1,-2.126387919E0,4.430064922E0
2.121941958E0,3.632971564E0,-2.009256495E0,-3.615978386E0,5.505533011E0
2.131943958E0,3.102993386E0,-3.181309823E0,-4.345787498E0,6.215719517E0
2.141945958E0,2.537168267E0,-3.199920341E0,-2.567960290E0,4.824016278E0
2.151947958E0,1.954307871E0,-1.960554159E0,-4.468168844E-1,2.804057273E0
2.161949958E0,1.052764866E0,-6.648468384E-1,2.197961055E-1,1.264375541E0
2.171951958E0,-1.595605749E-1,1.676903974E-1,2.065985012E-1,3.102621265E-1
2.181953958E0,-1.391395251E0,6.752100049E-1,-1.119366114E-1,1.550618941E0
2.191955958E0,-2.454766381E0,9.895756142E-1,-4.361818224E-1,2.682422872E0
2.201957958E0,-3.273755472E0,1.225666156E0,-5.202010489E-1,3.534167730E0
2.211960958E0,-3.821450129E0,1.467760910E0,-2.558274158E-1,4.101615638E0
2.221962958E0,-4.159519765E0,1.629367864E0,1.201854430E-1,4.468880045E0
2.231964958E0,-4.329877224E0,1.719022637E0,4.774368525E-1,4.683035506E0
2.241966958E0,-4.251922145E0,1.767863991E0,7.733995199E-1,4.669296717E0
2.251968958E0,-3.877668183E0,1.892508064E0,9.682158085E-1,4.422141920E0
2.261970958E0,-3.305975384E0,1.953780452E0,1.063095142E0,3.984583112E0
2.271972958E0,-2.812528855E0,1.794810738E0,1.284897573E0,3.575279838E0
2.281974958E0,-2.503492983E0,1.397274626E0,1.680957556E0,3.323472852E0
2.291976958E0,-2.252817001E0,8.761498632E-1,2.004282854E0,3.140059359E0
2.301978958E0,-2.047594349E0,2.181413434E-1,2.240592227E0,3.043103973E0
2.311980958E0,-2.050304534E0,-5.986988957E-1,2.416701153E0,3.225311382E0
2.321982958E0,-2.136434605E0,-1.177415078E0,2.182405561E0,3.273156446E0
2.331985958E0,-2.229415859E0,-1.206405281E0,1.515778391E0,2.953522119E0
2.341987958E0,-2.193102311E0,-6.836522149E-1,7.144221640E-1,2.405717591E0
2.351989958E0,-2.229853815E0,-8.612539351E-2,6.897956651E-2,2.232582317E0
2.361991958E0,-2.531326314E0,-1.382924974E-1,-2.050594958E-1,2.543381041E0
2.371993958E0,-3.002077460E0,-7.020783994E-1,-7.819423020E-2,3.084071577E0
2.381995958E0,-3.038085199E0,-1.238400222E0,3.775436050E-1,3.302443937E0
2.391997958E0,-2.691396182E0,-1.781293291E0,9.674674380E-1,3.369363803E0
2.401999958E0,-1.795240801E0,-2.397954249E0,1.316793550E0,3.272158212E0
2.412001958E0,-2.811218494E-1,-2.933114522E0,6.601926009E-1,3.019610002E0
2.422003958E0,1.525095930E0,-3.178216938E0,-5.249878719E-1,3.564069691E0
2.432005958E0,3.284200353E0,-2.874035717E0,-1.082610955E0,4.496454130E0
2.442007958E0,4.840939075E0,-3.057003281E0,-3.815723073E0,6.880385364E0
2.452010958E0,6.386597323E0,-4.114497959E0,-7.483323895E0,1.066385743E1
2.462012958E0,8.173122849E0,-4.136647797E0,-9.553648126E0,1.323570869E1
2.472014958E0,1.205668503E1,5.619161086E-1,-7.984726145E0,1.447187808E1
2.482016958E0,1.442649136E1,4.222469135E0,-3.988588110E0,1.555190451E1
2.492018958E0,1.226986749E1,3.648450898E0,-6.968571281E-1,1.281976802E1
2.502020958E0,8.516931528E0,-5.119509199E-1,-9.448346204E-1,8.584458565E0
2.512022958E0,8.074568614E0,-3.281070923E0,-1.717669884E0,8.883381931E0
2.522024958E0,9.713654843E0,-4.659704918E0,-4.959161004E-1,1.078489096E1
2.532026958E0,1.231734221E1,-4.874082263E0,1.409408183E0,1.332141240E1
2.542028958E0,1.443982301E1,-4.327701475E0,2.820788924E0,1.533604704E1
2.552030958E0,1.544536869E1,-4.020160443E0,3.201701987E0,1.627796055E1
2.562033958E0,1.645414437E1,-4.107250335E0,3.045591562E0,1.723032211E1
2.572035958E0,1.839565853E1,-4.330782665E0,3.204860361E0,1.916838703E1
2.582037958E0,2.051705878E1,-4.573451470E0,4.396785451E0,2.147551819E1
2.592039958E0,2.204707631E1,-4.751088420E0,6.276439873E0,2.341025656E1
2.602041958E0,2.256841405E1,-4.820440198E0,7.244879118E0,2.418797697E1
2.612043958E0,2.235813648E1,-4.771636121E0,6.467613419E0,2.375888890E1
2.622045958E0,2.154073316E1,-4.583328879E0,4.867933331E0,2.255453089E1
2.632047958E0,2.028558154E1,-4.158956679E0,3.574755515E0,2.101381965E1
2.642050000E0,1.767161887E1,-3.428537994E0,3.622605620E0,1.836203305E1
2.652052000E0,1.419711913E1,-2.581511797E0,4.483628590E0,1.511043745E1
2.662054000E0,1.063982515E1,-1.412373599E0,4.681617651E0,1.170974903E1
2.672056000E0,7.275966425E0,3.269067905E-1,3.064685937E0,7.901826078E0
2.682059000E0,4.321442615E0,2.156254620E0,8.140537485E-1,4.897650842E0
2.692061000E0,1.589249241E0,2.668100582E0,1.186240719E0,3.324400835E0
2.702063000E0,-4.583796072E-1,3.440211376E0,3.268221082E0,4.767225106E0
2.712065000E0,-2.018651801E0,4.276414962E0,5.855874209E0,7.526881345E0
2.722067000E0,-3.797495840E0,3.995700371E0,8.368454935E0,1.002085995E1
2.732069000E0,-5.341661879E0,3.132544629E0,1.002621015E1,1.178435732E1
2.742071000E0,-6.554064503E0,2.136453316E0,1.060637440E1,1.264971827E1
2.752073000E0,-7.346086820E0,1.239690995E0,1.061561300E1,1.296892689E1
2.762075000E0,-7.670361705E0,8.119686314E-1,1.061615328E1,1.312236458E1
2.772077000E0,-7.763026625E0,8.357245530E-1,1.064266105E1,1.319959288E1
2.782079000E0,-7.826096447E0,1.035646557E0,1.034973192E1,1.301680837E1
2.792081000E0,-7.794604513E0,1.397930391E0,1.002693521E1,1.277691272E1
2.802084000E0,-7.637683371E0,1.806488797E0,9.643450833E0,1.243357362E1
2.812086000E0,-7.598818098E0,2.046646223E0,9.259151355E0,1.215165343E1
2.822088000E0,-7.972390859E0,2.076307540E0,9.422048936E0,1.251579303E1
2.832090000E0,-8.441291946E0,2.089777479E0,8.920564824E0,1.245789133E1
2.842092000E0,-9.552544171E0,1.967646978E0,6.964293458E0,1.198432802E1
2.852094000E0,-1.069727755E1,1.872268512E0,4.490039477E0,1.175149314E1
2.862096000E0,-1.208440551E1,1.763975154E0,1.351661081E0,1.228704409E1
2.872098000E0,-1.274513386E1,1.839412422E0,-2.321952724E-1,1.287927753E1
2.882100000E0,-1.262598397E1,2.256411577E0,-8.115059705E-1,1.285166940E1
2.892102000E0,-1.208352842E1,2.716286024E0,-1.517462097E0,1.247768248E1
2.902104000E0,-1.170394005E1,2.906382806E0,-2.453865325E0,1.230653195E1
2.912106000E0,-1.133168408E1,2.893050862E0,-3.351385153E0,1.216587809E1
2.922108000E0,-1.088857974E1,2.678612414E0,-4.046754165E0,1.192108856E1
2.932111000E0,-1.083998002E1,2.177050388E0,-4.751757049E0,1.203428063E1
2.942113000E0,-1.083979525E1,1.941148566E0,-5.077889303E0,1.212658973E1
2.952115000E0,-1.082452934E1,1.685216083E0,-5.150198311E0,1.210516135E1
2.962117000E0,-1.101280968E1,1.468010148E0,-5.036564106E0,1.219852486E1
2.972119000E0,-1.121401237E1,1.273056084E0,-5.033179738E0,1.235749342E1
2.982121000E0,-1.102828025E1,1.261739383E0,-4.977770938E0,1.216524373E1
2.992123000E0,-1.069541346E1,1.367897776E0,-4.909979489E0,1.184782309E1
3.002125000E0,-1.007748205E1,1.611373204E0,-4.797512974E0,1.127689225E1
3.012127000E0,-9.171384648E0,1.976350412E0,-4.757674724E0,1.051930255E1
3.022129000E0,-8.238234519E0,2.187809850E0,-5.371742295E0,1.007524864E1
3.032131000E0,-7.430306606E0,2.366717253E0,-6.125784023E0,9.916452829E0
3.042133000E0,-6.771120749E0,2.525635219E0,-6.723167149E0,9.870556518E0
3.052136000E0,-6.244811114E0,2.667447448E0,-7.483703964E0,1.010538306E1
3.062138000E0,-5.812515351E0,2.697817009E0,-8.516011761E0,1.065767365E1
3.072140000E0,-5.374848336E0,2.770711908E0,-9.337482995E0,1.112449674E1
3.082142000E0,-4.991517742E0,2.888629197E0,-9.871631992E0,1.143278383E1
3.092144000E0,-4.608229247E0,2.978849981E0,-1.043660634E1,1.179118637E1
3.102146000E0,-4.139729864E0,3.059818715E0,-1.116382221E1,1.229352595E1
3.112148000E0,-4.105007343E0,2.900240598E0,-1.145535269E1,1.250949983E1
3.122150000E0,-4.318688284E0,2.646437818E0,-1.173775683E1,1.278396015E1
3.132152000E0,-4.635884531E0,2.400944807E0,-1.182270752E1,1.292410053E1
3.142154000E0,-4.930774527E0,2.273590111E0,-1.148838712E1,1.270687956E1
3.152156000E0,-5.172216001E0,2.157690403E0,-1.109965721E1,1.243422038E1
3.162158000E0,-5.325438194E0,2.036623511E0,-1.069359848E1,1.211862929E1
3.172160000E0,-4.988059698E0,1.822299668E0,-9.657913921E0,1.102165219E1
3.182163000E0,-5.287979761E0,5.302720007E-1,-8.461956591E0,9.992428519E0
3.192165000E0,-9.460363401E0,-3.635703091E0,-6.296369523E0,1.193151633E1
3.202167000E0,-1.530974018E1,-1.100594037E1,-8.618333942E-1,1.887489403E1
3.212169000E0,-9.506840580E0,-1.275316910E1,9.003878292E0,1.827821556E1
3.222171000E0,-7.232695860E-1,-7.642673970E0,1.550094063E1,1.729776704E1
3.232173000E0,3.442542368E0,-5.173908185E0,3.107554448E1,3.169084866E1
3.242175000E0,1.007921750E1,-1.511914083E1,5.839026276E1,6.115228393E1
3.252177000E0,1.770980352E1,-1.323346875E1,5.486215575E1,5.914911639E1
3.262179000E0,2.473508578E1,4.640028160E0,4.410801753E1,5.078259092E1
3.272181000E0,4.435087345E1,1.171034041E1,5.075727003E1,6.841368656E1
3.282183000E0,4.417733276E1,9.436807308E0,3.704673748E1,5.842217747E1
3.292185000E0,3.597515101E1,1.314996116E1,1.526883423E1,4.123433360E1
3.302187000E0,2.281067823E1,9.501376941E0,6.375695774E0,2.551965325E1
3.312190000E0,1.253330327E1,6.351077827E0,5.218806031E0,1.498852283E1
3.322192000E0,6.082101814E0,3.869784383E0,3.815294180E0,8.156203977E0
3.332194000E0,1.384410167E0,1.756630467E0,1.738256761E0,2.832645172E0
3.342196000E0,-1.738335698E0,2.718722121E-1,3.190802193E-1,1.788166012E0
3.352198000E0,-3.721341119E0,-8.182840629E-1,-8.054247200E-1,3.894441874E0
3.362200000E0,-4.971545407E0,-1.631795628E0,-1.482167426E0,5.438367493E0
3.372202000E0,-5.347353559E0,-2.209086698E0,-1.874420872E0,6.081752028E0
3.382204000E0,-5.117646861E0,-2.431867807E0,-2.256175641E0,6.098739128E0
3.392206000E0,-4.662866507E0,-2.353585723E0,-2.445616073E0,5.767384832E0
3.402208000E0,-4.174272290E0,-1.819138079E0,-2.164438090E0,5.041686697E0
3.412210000E0,-3.856907644E0,-1.328088470E0,-1.643211440E0,4.397692508E0
3.422212000E0,-3.423933604E0,-9.076741031E-1,-1.425881544E0,3.818420063E0
3.432215000E0,-2.793431557E0,-3.810137813E-1,-1.119113806E0,3.033289810E0
3.442217000E0,-2.372465943E0,-1.164622101E-1,-1.039415672E0,2.592786732E0
3.452219000E0,-2.555626173E0,-1.573497427E-1,-2.024206656E0,3.263954146E0
3.462221000E0,-3.132792551E0,-1.598171215E-1,-3.727697627E0,4.871925726E0
3.472223000E0,-3.298026094E0,6.350587830E-2,-4.778273880E0,5.806281976E0
3.482225000E0,-3.272438094E0,2.088809618E-1,-4.899928710E0,5.895912457E0
3.492227000E0,-3.210691789E0,1.018799852E-1,-4.321496994E0,5.384631609E0
3.502229000E0,-3.169243216E0,-5.484337449E-2,-3.936041522E0,5.053665326E0
3.512231000E0,-3.077068878E0,-4.038145602E-2,-3.786090261E0,4.878981760E0
3.522233000E0,-2.946046224E0,8.440236524E-2,-3.563919455E0,4.624698260E0
3.532235000E0,-2.682419536E0,2.603287120E-1,-3.180691772E0,4.168926211E0
3.542237000E0,-2.076336338E0,4.705921018E-1,-2.436025470E0,3.235251088E0
3.552239000E0,-1.339054777E0,6.836185934E-1,-1.663970810E0,2.242587999E0
3.562242000E0,-7.702475783E-1,8.312716059E-1,-1.090501626E0,1.572732530E0
3.572244000E0,-3.857637669E-1,8.845478535E-1,-1.013868603E0,1.399702873E0
3.582246000E0,-1.251162355E-1,8.582345791E-1,-1.387516208E0,1.636282950E0
3.592248000E0,7.782161638E-2,8.766635410E-1,-1.986040125E0,2.172314560E0
3.602250000E0,1.749640413E-1,8.773528547E-1,-2.621737132E0,2.770174369E0
3.612252000E0,2.349463874E-1,8.786743985E-1,-3.078871282E0,3.210407587E0
3.622254000E0,3.357668571E-1,8.644180828E-1,-3.173287443E0,3.306011373E0
3.632256000E0,4.944110271E-1,8.101394031E-1,-2.972409273E0,3.120253996E0
3.642258083E0,6.491330311E-1,7.633765883E-1,-2.754011675E0,2.930648020E0
3.652260083E0,7.461234283E-1,7.101737233E-1,-2.609434590E0,2.805386920E0
3.662262083E0,8.273171340E-1,7.060641539E-1,-2.601769475E0,2.819961814E0
3.672264083E0,8.921481375E-1,7.948541236E-1,-2.568709318E0,2.833017638E0
3.682266083E0,9.526868463E-1,9.073133299E-1,-2.402303993E0,2.738958594E0
3.692269083E0,9.313477251E-1,9.946574293E-1,-2.293093792E0,2.667401568E0
3.702271083E0,8.021031361E-1,1.143618903E0,-2.465153959E0,2.833410962E0
3.712273083E0,5.887325359E-1,1.241206008E0,-2.865650225E0,3.177915915E0
3.722275083E0,4.699592869E-1,1.160249188E0,-3.071744696E0,3.317025081E0
3.732277083E0,5.454278741E-1,9.422755864E-1,-2.689447889E0,2.901465974E0
3.742279083E0,7.650212639E-1,5.164903327E-1,-1.708124304E0,1.941573701E0
3.752281083E0,1.277577444E0,-4.214234501E-3,-4.806563294E-1,1.365010033E0
3.762283083E0,1.807394970E0,-5.957194470E-1,3.347279531E-1,1.932252840E0
3.772285083E0,2.179213858E0,-1.407816571E0,4.120994800E-1,2.626927201E0
3.782287083E0,2.615316889E0,-2.239921844E0,4.301609445E-1,3.470183098E0
3.792289083E0,3.397409172E0,-2.767496524E0,4.680661047E-1,4.406870996E0
3.802291083E0,4.792921740E0,-2.962892929E0,9.966216552E-1,5.722245017E0
3.812294083E0,5.925750191E0,-3.114373237E0,2.044232200E0,6.999480071E0
3.822296083E0,6.053893091E0,-2.998315654E0,2.889519728E0,7.347710023E0
3.832298083E0,5.374492825E0,-2.751702025E0,3.699822780E0,7.081364683E0
3.842300083E0,4.417153057E0,-2.334161126E0,4.238715624E0,6.551813446E0
3.852302083E0,3.234096732E0,-1.417652611E0,4.256253762E0,5.530354119E0
3.862304083E0,2.311390899E0,-2.548560105E-1,4.437032129E0,5.009464401E0
3.872306083E0,1.863096569E0,5.649698170E-1,5.019756870E0,5.384076406E0
3.882308083E0,1.561729613E0,6.097771767E-1,6.610227009E0,6.819525548E0
3.892310083E0,1.635999192E0,2.203705944E-1,8.615279356E0,8.772006324E0
3.902312083E0,2.422034983E0,-3.654329981E-1,1.136325670E1,1.162425902E1
3.912314083E0,3.025459014E0,-1.463702943E0,1.370590857E1,1.411197216E1
3.922316083E0,3.332975487E0,-2.555724406E0,1.412242913E1,1.473375232E1
3.932318083E0,3.717991249E0,-3.194328064E0,1.381523279E1,1.465905344E1
3.942320083E0,4.112689708E0,-3.607870929E0,1.423596803E1,1.525102406E1
3.952323083E0,4.670082849E0,-3.798763809E0,1.526494467E1,1.640910771E1
3.962325083E0,5.308817484E0,-3.579044448E0,1.750076089E1,1.863517464E1
3.972327083E0,6.076588474E0,-3.253480544E0,2.092066868E1,2.202690267E1
3.982329083E0,7.063341783E0,-3.029310867E0,2.324284594E1,2.448055165E1
3.992331083E0,7.790568180E0,-2.400621456E0,2.465000645E1,2.596302667E1
4.002333083E0,8.512573598E0,-1.460826697E0,2.496909603E1,2.642070552E1
4.012335083E0,8.957528583E0,-5.407163704E-1,2.256353748E1,2.428256403E1
4.022337083E0,9.343275247E0,4.649457746E-1,1.925803396E1,2.140992384E1
4.032339083E0,9.255356512E0,1.341822264E0,1.670183944E1,1.914193177E1
4.042341083E0,8.236003221E0,1.991525691E0,1.406134210E1,1.641704192E1
4.052343083E0,6.251816663E0,2.456397754E0,9.848261840E0,1.192087928E1
4.062345083E0,4.089069588E0,2.562944548E0,5.342433127E0,7.199358760E0
4.072347083E0,1.620738836E0,2.246617490E0,1.429094004E0,3.117113119E0
4.082350083E0,-1.340409869E0,1.675728537E0,-1.355481652E0,2.538128298E0
4.092352083E0,-3.800225905E0,1.223163547E0,-3.219965765E0,5.128940000E0
4.102354083E0,-5.684912733E0,9.008053789E-1,-4.513009679E0,7.314160204E0
4.112356083E0,-7.435352168E0,7.091332843E-1,-5.470768400E0,9.258328076E0
4.122358083E0,-9.181013843E0,6.463012245E-1,-6.071828840E0,1.102614284E1
4.132360083E0,-1.075756235E1,6.302668436E-1,-6.037745420E0,1.235219631E1
4.142362083E0,-1.205135237E1,8.458357045E-1,-5.124548914E0,1.312293921E1
4.152364083E0,-1.309450032E1,1.248531546E0,-3.759933327E0,1.368071154E1
4.162366083E0,-1.392502947E1,1.741634551E0,-1.996616569E0,1.417484442E1
4.172368083E0,-1.514406050E1,1.941594855E0,6.701476318E-1,1.528271759E1
4.182370083E0,-1.659186501E1,1.653026284E0,4.106437865E0,1.717222502E1
4.192372083E0,-1.743164914E1,1.836282115E0,6.729181595E0,1.877541500E1
4.202374083E0,-1.702074190E1,2.825887404E0,8.915868341E0,1.942122558E1
4.212377083E0,-1.630716642E1,3.895054002E0,1.013439534E1,1.959084202E1
4.222379083E0,-1.591131226E1,4.876538970E0,9.044112983E0,1.894060373E1
4.232381083E0,-1.557630188E1,6.018133274E0,7.455563654E0,1.828727803E1
4.242383083E0,-1.544881621E1,6.689866671E0,7.877732039E0,1.858706272E1
4.252385083E0,-1.528601569E1,6.583085988E0,6.708593549E0,1.794448451E1
4.262387083E0,-1.481988034E1,6.350078537E0,4.767692758E0,1.681318664E1
4.272389083E0,-1.421350302E1,5.928523525E0,3.049969665E0,1.569947051E1
4.282391083E0,-1.343364467E1,5.692708826E0,1.538792447E0,1.467097901E1
4.292393083E0,-1.270179313E1,5.588195693E0,7.702039435E-1,1.389808238E1
4.302395083E0,-1.185746337E1,5.537771060E0,5.298097783E-1,1.309759689E1
4.312397083E0,-1.113853417E1,5.615308063E0,3.412370005E-1,1.247858449E1
4.322399083E0,-1.056452705E1,5.828368322E0,3.349277817E-2,1.206566330E1
4.332401083E0,-1.021946648E1,6.336596028E0,-8.916835763E-2,1.202488650E1
4.342404083E0,-9.852516274E0,6.898781254E0,-3.796527687E-1,1.203367757E1
4.352406083E0,-9.315733107E0,7.370082039E0,-6.818748075E-1,1.189814884E1
4.362408083E0,-9.196092643E0,7.839549136E0,-2.311543511E0,1.230324689E1
4.372410083E0,-9.171602165E0,8.125935234E0,-5.853844056E0,1.358000736E1
4.382412083E0,-9.010344143E0,7.756342673E0,-9.271677845E0,1.507684195E1
4.392414083E0,-9.077669569E0,6.350870250E0,-1.178496842E1,1.617476796E1
4.402416083E0,-9.568053326E0,4.529489764E0,-1.289950737E1,1.668715711E1
4.412418083E0,-1.009010034E1,3.297979024E0,-1.238734858E1,1.631358928E1
4.422420083E0,-1.001646518E1,2.995379475E0,-1.066423377E1,1.493411380E1
4.432422083E0,-9.929720571E0,3.241063104E0,-8.446231674E0,1.343289508E1
4.442424083E0,-9.922568257E0,3.571071477E0,-6.568032331E0,1.242372573E1
4.452426083E0,-9.961831141E0,3.797218097E0,-5.392745494E0,1.194732811E1
4.462428083E0,-1.001642542E1,3.887146228E0,-4.635400089E0,1.170152204E1
4.472431083E0,-1.004053232E1,3.889334256E0,-4.071485548E0,1.151156831E1
4.482433083E0,-1.001494023E1,3.811681478E0,-3.523421055E0,1.128017905E1
4.492435083E0,-1.002010215E1,3.698173866E0,-3.085999038E0,1.111765835E1
4.502437083E0,-1.015082952E1,3.517672073E0,-2.572152159E0,1.104668835E1
4.512439083E0,-1.040292872E1,3.296746139E0,-2.002352688E0,1.109499334E1
4.522441083E0,-1.059507992E1,3.058931400E0,-1.637303998E0,1.114870146E1
4.532443083E0,-1.077826617E1,2.770943750E0,-1.349400548E0,1.121026461E1
4.542445083E0,-1.097151664E1,2.479443093E0,-9.402709416E-1,1.128742331E1
4.552447083E0,-1.118851383E1,2.227753788E0,-3.893666750E-1,1.141478581E1
4.562449083E0,-1.143699360E1,1.972177839E0,1.713917580E-1,1.160705317E1
4.572451083E0,-1.178964269E1,1.733670790E0,5.388916006E-1,1.192860819E1
4.582453083E0,-1.196832073E1,1.815931758E0,7.742573065E-1,1.213003643E1
4.592456083E0,-1.215930717E1,1.673999077E0,2.839204438E0,1.259809928E1
4.602458083E0,-1.114925329E1,-6.840090412E-1,1.151988607E1,1.604622985E1
4.612460083E0,8.402525491E0,-2.432477379E0,4.172686759E1,4.263391678E1
4.622462083E0,5.499040156E1,-1.054451671E1,7.388198818E1,9.270209962E1
4.632464083E0,6.650321367E1,-2.708318024E1,4.270643058E1,8.354648582E1
4.642465833E0,6.053931566E1,-3.137826653E1,7.796338212E0,6.863226093E1
4.652467833E0,6.200026354E1,-2.363722894E1,1.956767444E1,6.917835755E1
4.662469833E0,5.412036394E1,-1.066577392E1,2.005371605E1,5.869347539E1
4.672471833E0,4.520905292E1,1.042170588E0,-9.591621113E0,4.622708925E1
4.682473833E0,3.615154747E1,1.007555247E1,-2.412291739E1,4.461352133E1
4.692475833E0,2.324918432E1,7.322657027E0,-1.154573310E1,2.697127788E1
4.702478833E0,1.222210393E1,4.828248863E0,-8.709155234E0,1.576518939E1
4.712480833E0,2.602256548E-1,1.658903759E0,-4.518196160E0,4.820142696E0
4.722482833E0,-1.109489757E1,-8.808643270E-1,1.704054350E0,1.125950600E1
4.732484833E0,-1.879979703E1,-3.037521527E0,4.925748260E0,1.967033048E1
4.742486833E0,-1.738591923E1,-2.790638634E0,-5.237098460E0,1.837076623E1
4.752488833E0,-1.066117918E1,3.220851034E-1,-1.311626131E1,1.690564377E1
4.762490833E0,-6.634650244E0,1.934166844E0,-1.617204779E1,1.758677671E1
4.772492833E0,-4.409197043E0,2.425589944E0,-1.524164819E1,1.605092971E1
4.782494833E0,-3.306448424E0,1.451092399E0,-9.543474555E0,1.020373348E1
4.792496833E0,-2.563917525E0,3.053793159E-1,-4.135766037E0,4.875601533E0
4.802498833E0,-1.939058917E0,-4.159984034E-1,-1.163353402E0,2.299216234E0
4.812501833E0,-1.582137857E0,-1.030021536E0,9.781257427E-1,2.126225419E0
4.822503833E0,-1.147240668E0,-1.543725451E0,2.124191705E0,2.865560995E0
4.832505833E0,-8.571012425E-1,-1.723705672E0,2.797913740E0,3.396189788E0
4.842507833E0,-1.019045143E0,-1.335406114E0,3.352379765E0,3.749694998E0
4.852509833E0,-1.365504949E0,-5.981663606E-1,3.275898476E0,3.599155121E0
4.862511833E0,-1.373537269E0,2.793343556E-1,3.027988519E0,3.336667017E0
4.872513833E0,-1.293229855E0,8.400083694E-1,3.064943215E0,3.431025274E0
4.882515833E0,-1.458599639E0,1.121615245E0,3.404117098E0,3.869566757E0
4.892517833E0,-1.719612329E0,1.269698321E0,3.829259962E0,4.385479705E0
4.902519833E0,-1.832292852E0,1.309964002E0,4.318046845E0,4.870198285E0
4.912521833E0,-1.883283496E0,1.274040463E0,4.768903717E0,5.283216680E0
4.922524833E0,-1.981532507E0,1.169199302E0,4.940841093E0,5.450266855E0
4.932526833E0,-1.970362571E0,1.064331828E0,4.752691727E0,5.253875669E0
4.942528833E0,-1.707207461E0,1.008696740E0,4.276585701E0,4.713938023E0
4.952530833E0,-1.347448162E0,1.019395683E0,3.410318947E0,3.805924255E0
4.962532833E0,-1.009620016E0,1.059825671E0,2.498757908E0,2.895920253E0
4.972534833E0,-6.761164695E-1,1.223740375E0,1.393162864E0,1.973721549E0
4.982536833E0,-3.801906395E-1,1.373304842E0,-2.779941738E-2,1.425231181E0
4.992538833E0,2.684690595E-2,1.448983893E0,-1.368317021E0,1.993129837E0
5.002540833E0,2.095273715E-1,1.342910138E0,-2.042937919E0,2.453753187E0
5.012542833E0,4.684584528E-1,1.120610694E0,-2.722427940E0,2.981079592E0
5.022544833E0,5.932368654E-1,6.595232409E-1,-3.533951890E0,3.643585713E0
5.032547833E0,6.477335000E-1,1.483681270E-1,-3.480365083E0,3.543234807E0
5.042549833E0,6.558780867E-1,-1.974400073E-1,-2.701786684E0,2.787258493E0
5.052551833E0,2.829023266E-1,-3.787019384E-1,-1.314677735E0,1.397077818E0
5.062553833E0,-6.753124774E-2,-2.497056368E-1,2.623695365E-1,3.684442266E-1
5.072555833E0,-2.508648473E-1,1.396861812E-1,1.229961812E0,1.263032644E0
5.082557833E0,-7.760652655E-1,4.779353276E-1,1.098105930E0,1.427072566E0
5.092559833E0,-1.539829159E0,5.609222281E-1,2.144179827E-1,1.652780280E0
5.102561833E0,-2.103696629E0,4.972437108E-1,-5.880553553E-1,2.240223185E0
5.112563833E0,-2.381778511E0,3.074325657E-1,-9.722916833E-1,2.590894590E0
5.122565833E0,-2.463622574E0,8.496413648E-2,-1.008056178E0,2.663237193E0
5.132567833E0,-2.419942703E0,-2.605946141E-1,-7.517753470E-1,2.547390510E0
5.142570833E0,-2.217799196E0,-5.335633984E-1,-6.760539043E-1,2.379153642E0
5.152572833E0,-1.979776588E0,-6.048278010E-1,-1.025929070E0,2.310381454E0
5.162574833E0,-1.909125266E0,-3.171778277E-1,-1.917851066E0,2.724612590E0
5.172576833E0,-2.139303249E0,2.826693150E-1,-3.022408229E0,3.713687095E0
5.182578833E0,-2.583136153E0,7.882944247E-1,-3.878254659E0,4.725977115E0
5.192580833E0,-2.829541914E0,1.243143775E0,-4.461917878E0,5.427745853E0
5.202582833E0,-3.063797745E0,1.644651317E0,-4.675528945E0,5.826860690E0
5.212584833E0,-3.215940542E0,2.029198717E0,-4.401053041E0,5.816286519E0
5.222586833E0,-3.281239908E0,2.367524754E0,-3.831855834E0,5.572685880E0
5.232588833E0,-3.186841289E0,2.628277243E0,-3.019337271E0,5.116658697E0
5.242591833E0,-2.910358036E0,2.711964347E0,-2.315897348E0,4.603076693E0
5.252593833E0,-2.467896888E0,2.505416132E0,-1.939741287E0,4.016244677E0
5.262595833E0,-2.028116689E0,1.691598173E0,-2.332053789E0,3.523242336E0
5.272597833E0,-1.311755589E0,3.912116177E-1,-3.839989311E0,4.076673541E0
5.282599833E0,2.647174859E-1,-5.568898420E-1,-4.843870869E0,4.882958799E0
5.292601833E0,2.568802873E0,-1.538223660E0,-5.525625224E0,6.284696838E0
5.302603833E0,5.791627927E0,-2.499385022E0,-5.508463061E0,8.374547440E0
5.312605833E0,9.365953088E0,-3.871941128E0,-4.656353002E0,1.115323400E1
5.322607833E0,1.202069191E1,-7.936869609E0,-3.734372224E0,1.488074155E1
5.332609833E0,1.478499351E1,-1.090899705E1,-1.962053093E0,1.847841719E1
5.342611833E0,1.856839230E1,-5.918973852E0,2.905501338E0,1.970434932E1
5.352614833E0,1.746688680E1,-3.464764127E0,3.873175183E0,1.822356197E1
5.362616833E0,1.392390447E1,-4.216489187E0,3.525931849E0,1.496950541E1
5.372618833E0,1.092795255E1,-5.804742063E0,4.077290956E0,1.302841045E1
5.382620833E0,9.810811594E0,-7.232454370E0,5.652646043E0,1.343550623E1
5.392622833E0,1.023931427E1,-7.604119184E0,6.892155774E0,1.449717202E1
5.402624833E0,1.104434255E1,-7.403497707E0,7.277534648E0,1.515756548E1
5.412626833E0,1.159365103E1,-7.228651925E0,7.286692557E0,1.548425140E1
5.422628833E0,1.278470547E1,-6.520798523E0,7.368192219E0,1.613256843E1
5.432630833E0,1.461052195E1,-5.801567025E0,8.073690362E0,1.767229492E1
5.442632833E0,1.678700063E1,-5.004009148E0,8.959671003E0,1.967534503E1
5.452635833E0,1.903663031E1,-4.171225599E0,1.002330292E1,2.191481275E1
5.462637833E0,2.083965902E1,-3.512502549E0,1.041131713E1,2.355895979E1
5.472639833E0,2.203401830E1,-2.637776922E0,9.937858726E0,2.431495149E1
5.482641833E0,2.176899676E1,-2.024386458E0,8.428913975E0,2.343147352E1
5.492643833E0,2.002854730E1,-1.393752556E0,6.246508561E0,2.102627219E1
5.502645833E0,1.686460253E1,-4.468471438E-1,4.496874872E0,1.745956399E1
5.512647833E0,1.252691577E1,2.278276947E-1,2.299748508E0,1.273830316E1
5.522649833E0,8.345168399E0,9.791598228E-1,1.081609619E0,8.471745330E0
5.532651833E0,4.453417781E0,1.707635770E0,1.187530761E0,4.915198792E0
5.542653833E0,7.537663239E-1,2.259485896E0,1.824154698E0,3.000163420E0
5.552656833E0,-2.553025916E0,2.572464400E0,2.482925402E0,4.393225805E0
5.562658833E0,-5.341164865E0,2.606417427E0,3.146375048E0,6.724665781E0
5.572660833E0,-7.303363554E0,2.476674728E0,3.715369942E0,8.560199222E0
5.582662833E0,-8.065790189E0,2.333567780E0,4.346718374E0,9.454970681E0
5.592664833E0,-8.269598984E0,1.999786052E0,4.787209010E0,9.762314362E0
5.602666833E0,-8.266689409E0,1.636485095E0,5.451656191E0,1.003677201E1
5.612668833E0,-8.364825568E0,1.320807371E0,6.235117600E0,1.051625078E1
5.622670833E0,-8.465004745E0,1.007935725E0,6.901476236E0,1.096825483E1
5.632672833E0,-8.369056613E0,8.720606129E-1,7.451755362E0,1.123967332E1
5.642674375E0,-8.200017702E0,8.469072068E-1,7.979185908E0,1.147279172E1
5.652677375E0,-8.090906319E0,8.340441363E-1,8.671704987E0,1.188935920E1
5.662679375E0,-7.817042034E0,8.795561586E-1,9.799382041E0,1.256613121E1
5.672681375E0,-7.723843263E0,7.811063694E-1,1.339004432E1,1.547776369E1
5.682683375E0,-7.838359228E0,5.944691661E-1,1.668582509E1,1.844478321E1
5.692685375E0,-7.888426597E0,4.299748568E-1,1.826320389E1,1.989866249E1
5.702687375E0,-7.960658421E0,6.275164595E-1,1.560333005E1,1.752797102E1
5.712689375E0,-8.548639224E0,1.288221861E0,1.163562469E1,1.449574110E1
5.722691375E0,-9.390394449E0,1.521581753E0,8.290006936E0,1.261819852E1
5.732693375E0,-9.679477283E0,2.582306433E0,4.228083047E0,1.087369639E1
5.742695375E0,-1.065605702E1,3.896839742E0,5.923217762E-1,1.136167929E1
5.752698375E0,-1.212453962E1,4.473972206E0,-1.096809602E0,1.297011487E1
5.762700375E0,-1.281933970E1,4.153417026E0,-1.749368225E0,1.358847426E1
5.772702375E0,-1.268126121E1,3.581095651E0,-2.192493616E0,1.335835545E1
5.782704375E0,-1.213390569E1,3.369681383E0,-2.872573328E0,1.291658227E1
5.792706375E0,-1.184515147E1,2.988572146E0,-3.140573441E0,1.261357913E1
5.802708375E0,-1.199135292E1,2.417132093E0,-2.612478066E0,1.250840173E1
5.812710375E0,-1.243834215E1,1.867968177E0,-2.470937733E0,1.281823676E1
5.822712375E0,-1.247075092E1,1.473000746E0,-2.966209762E0,1.290301361E1
5.832714375E0,-1.224236219E1,1.330415808E0,-2.962628928E0,1.266580469E1
5.842716375E0,-1.178556601E1,1.387365934E0,-3.885188872E0,1.248675470E1
5.852719375E0,-1.133755001E1,1.678425127E0,-4.787037102E0,1.242066324E1
5.862721375E0,-1.059052026E1,2.096211609E0,-5.307234058E0,1.202996076E1
5.872723375E0,-9.978806777E0,2.442516756E0,-5.761511258E0,1.177868774E1
5.882725375E0,-9.848575251E0,2.542542443E0,-5.914640481E0,1.176613482E1
5.892727375E0,-9.862981621E0,2.624529762E0,-6.031004165E0,1.185493881E1
5.902729375E0,-9.838665390E0,2.853799380E0,-6.326642897E0,1.204034542E1
5.912731375E0,-9.752130107E0,3.108116424E0,-6.737062472E0,1.225367047E1
5.922733375E0,-9.662940772E0,3.370579808E0,-6.847453226E0,1.231344177E1
5.932735375E0,-9.572714142E0,3.663294932E0,-6.835085780E0,1.231969900E1
5.942737375E0,-9.468881625E0,3.988802118E0,-7.023232223E0,1.244572426E1
5.952740375E0,-9.323978266E0,4.316365186E0,-7.378475717E0,1.264948548E1
5.962742375E0,-9.130951737E0,4.562132138E0,-7.517670439E0,1.267685679E1
5.972744375E0,-8.833130239E0,4.846281383E0,-7.544517345E0,1.258691285E1
5.982746375E0,-8.427024740E0,5.078432509E0,-7.303142529E0,1.225320829E1
5.992748375E0,-8.137419165E0,4.826767471E0,-7.026610744E0,1.178509794E1
6.002750375E0,-7.929358276E0,4.198006431E0,-7.089889897E0,1.143523150E1
6.012752375E0,-7.745317748E0,3.364419182E0,-7.190153273E0,1.109087767E1
6.022754375E0,-7.624675655E0,2.657608046E0,-6.994445795E0,1.068273520E1
6.032756375E0,-7.792604181E0,2.201375536E0,-6.809145193E0,1.057994293E1
6.042758375E0,-7.864946517E0,2.130518977E0,-6.884669584E0,1.066748190E1
6.052760375E0,-7.455506936E0,1.359294621E0,-6.513690648E0,9.993019133E0
6.062763375E0,-7.598123449E0,-8.189415531E0,-1.945254627E0,1.133940132E1
6.072765375E0,3.026267391E0,-1.920389576E1,1.183318105E1,2.275899999E1
6.082767375E0,1.547005330E1,-1.506405071E1,2.896374770E1,3.612681627E1
6.092769375E0,2.735747546E1,-1.444525157E1,5.846700162E1,6.614746431E1
6.102771375E0,4.404969974E1,-2.348177019E1,7.625671085E1,9.114195263E1
6.112773375E0,3.531542838E1,-9.499036885E0,1.787613810E1,4.070586563E1
6.122775375E0,3.111751579E1,8.739293538E0,1.180441626E1,3.440958128E1
6.132777375E0,4.349876573E1,1.307487706E1,7.737053293E0,4.607555777E1
6.142779375E0,6.200377187E1,3.674184962E1,3.067611299E0,7.213765645E1
6.152782375E0,4.576614288E1,2.997325779E1,6.938376260E-1,5.471213236E1
6.162784375E0,2.016453482E1,2.465495437E0,3.969489350E0,2.069888833E1
6.172786375E0,1.019928423E1,2.854269789E0,-1.750607250E0,1.073484423E1
6.182788375E0,3.502430136E0,4.012191566E0,-3.228310912E0,6.227896062E0
6.192790375E0,-1.287733473E0,2.494978852E0,-9.144124344E-1,2.952850668E0
6.202792375E0,-9.316830629E0,-2.180309188E0,-1.262107758E0,9.651424616E0
6.212794375E0,-3.467263460E1,-1.800644330E1,-6.985072124E0,3.968897609E1
6.222796375E0,-3.175449509E1,-1.170617953E1,-4.787169541E0,3.418039775E1
6.232798375E0,-1.536463852E1,-4.132180889E-1,-2.136764242E0,1.551800978E1
6.242800375E0,-8.403984371E0,4.694208168E0,-4.498494844E0,1.062539409E1
6.252803375E0,-4.863395306E0,7.209091235E0,-6.139450135E0,1.064502035E1
6.262805375E0,-4.125266776E0,5.917646534E0,-4.822628227E0,8.677217843E0
6.272807375E0,-4.016157732E0,4.227750632E0,-3.482825591E0,6.792162574E0
6.282809375E0,-3.567041869E0,3.030117198E0,-2.720321188E0,5.413459642E0
6.292811375E0,-2.493718777E0,2.116183797E0,-2.534738749E0,4.137845784E0
6.302813375E0,-3.730663919E-1,1.411219358E0,-2.895181880E0,3.242344326E0
6.312815375E0,-3.468275964E-2,2.088648820E-1,-3.093503062E0,3.100740013E0
6.322817375E0,-4.715019286E-1,-9.085453382E-1,-1.953590710E0,2.205512494E0
6.332819375E0,-3.305448550E-1,-1.368260303E0,-3.976822928E-1,1.462719168E0
6.342821375E0,6.527363777E-2,-1.071744051E0,5.819429684E-1,1.221291765E0
6.352824375E0,4.887453675E-1,-3.678332801E-1,1.292717932E0,1.430137408E0
6.362826375E0,9.094443476E-1,4.980020946E-1,1.938056997E0,2.197989998E0
6.372828375E0,9.295312876E-1,1.020462508E0,2.812456642E0,3.132935446E0
6.382830375E0,7.269311124E-1,1.187401684E0,3.944428476E0,4.182925723E0
6.392832375E0,5.303588319E-1,1.093728266E0,5.016995230E0,5.162147145E0
6.402834375E0,2.906253290E-1,7.307907133E-1,5.682472690E0,5.736637868E0
6.412836375E0,-4.814831257E-2,1.965585396E-2,6.228026097E0,6.228243225E0
6.422838375E0,-2.326788372E-1,-7.786052960E-1,5.822778969E0,5.879210880E0
6.432840375E0,-3.937707978E-1,-1.372356863E0,4.582918990E0,4.800163046E0
6.442842375E0,-6.434352118E-1,-1.715654933E0,3.447176871E0,3.903909464E0
6.452845375E0,-8.317652571E-1,-1.696095851E0,2.193598155E0,2.894900248E0
6.462847375E0,-1.112926868E0,-1.506201091E0,6.787512249E-1,1.991971677E0
6.472849375E0,-1.542262770E0,-1.319033618E0,-7.074622232E-1,2.149168894E0
6.482851375E0,-1.931686163E0,-9.892212729E-1,-1.683193531E0,2.746472396E0
6.492853375E0,-2.294770773E0,-6.128474034E-1,-2.355522759E0,3.345152061E0
6.502855375E0,-2.677624235E0,-2.376239736E-1,-2.686265835E0,3.800284309E0
6.512857375E0,-3.121698629E0,4.649691269E-2,-2.167188621E0,3.800509283E0
6.522859375E0,-3.571064168E0,2.823021099E-1,-7.403417015E-1,3.657909186E0
6.532861375E0,-3.903314071E0,3.902570598E-1,4.889832030E-1,3.953133679E0
6.542863375E0,-4.223640332E0,4.540629002E-1,1.177033986E0,4.408029013E0
6.552866375E0,-4.664419236E0,6.966451666E-1,1.238976319E0,4.876185355E0
6.562868375E0,-5.282375790E0,8.034249723E-1,1.066233196E0,5.448471244E0
6.572870375E0,-5.868373218E0,7.974676828E-1,7.593835978E-1,5.970797466E0
6.582872375E0,-6.323851436E0,9.441706690E-1,3.356582451E-1,6.402751104E0
6.592874375E0,-6.591950952E0,1.259191897E0,1.973888442E-2,6.711167649E0
6.602876375E0,-6.788962943E0,1.354866817E0,-1.262215054E-1,6.923988287E0
6.612878375E0,-6.964744864E0,8.553418154E-1,4.614270298E-1,7.032225504E0
6.622880375E0,-6.905864571E0,-2.249027713E-1,1.679509200E0,7.110717115E0
6.632882375E0,-6.642307173E0,-1.509039768E0,2.539173278E0,7.269446095E0
6.642884250E0,-5.979472069E0,-2.607765795E0,2.969993203E0,7.167662680E0
6.652887250E0,-3.693822953E0,-2.223145013E0,2.214832903E0,4.846873894E0
6.662889250E0,-6.808264017E-2,-6.527942652E-1,1.331580573E0,1.484547885E0
6.672891250E0,3.425329919E0,6.901383850E-1,-2.973133743E-2,3.494289627E0
6.682893250E0,5.934879448E0,5.353517693E-1,-7.852979021E0,9.857924482E0
6.692895250E0,1.275558049E1,5.497090811E0,-1.116957821E1,1.782364493E1
6.702897250E0,1.917934915E1,7.868012213E0,-5.293938074E0,2.139576665E1
6.712899250E0,2.112818637E1,2.754446708E0,-5.321845080E0,2.196154072E1
6.722901250E0,2.230171085E1,8.975076954E-1,-5.370817266E0,2.295686183E1
6.732903250E0,2.081271739E1,-2.309468773E0,-4.171973165E0,2.135200719E1
6.742905250E0,1.765185294E1,-6.145348222E0,-3.047803856E0,1.893785429E1
6.752908250E0,1.504486015E1,-7.578820036E0,-1.396817666E0,1.690376968E1
6.762910250E0,1.496952930E1,-6.394223261E0,2.031968835E-1,1.627925636E1
6.772912250E0,1.595763273E1,-5.403811349E0,1.535964734E0,1.691763598E1
6.782914250E0,1.808945856E1,-4.254464807E0,3.135598045E0,1.884571455E1
6.792916250E0,2.091652885E1,-3.572257000E0,5.198572326E0,2.184690719E1
6.802918250E0,2.397306026E1,-3.404123530E0,6.636257644E0,2.510648504E1
6.812920250E0,2.619626053E1,-3.164588248E0,7.276100911E0,2.737152406E1
6.822922250E0,2.700865396E1,-2.895523065E0,6.794000319E0,2.800017648E1
6.832924250E0,2.611572332E1,-1.838829455E0,5.026771774E0,2.665859586E1
6.842926250E0,2.394934162E1,1.272704593E-1,3.987081283E0,2.427929115E1
6.852929250E0,2.025215184E1,1.196040214E0,3.330206831E0,2.055895046E1
6.862931250E0,1.658975299E1,1.908079053E0,1.709827014E0,1.678642840E1
6.872933250E0,1.276758249E1,1.957961504E0,3.893742033E-1,1.292270823E1
6.882935250E0,8.826448626E0,1.623258109E0,-3.938861342E-1,8.983112407E0
6.892937250E0,4.186229846E0,1.242109403E0,-7.448271006E-1,4.429686615E0
6.902939250E0,1.522802067E-1,8.091939083E-1,-6.954900491E-1,1.077817448E0
6.912941250E0,-2.992157659E0,7.286973370E-1,-5.513058972E-1,3.128569235E0
6.922943250E0,-5.302149319E0,1.066941148E0,-1.340473457E-1,5.410094223E0
6.932945250E0,-6.777067367E0,1.222536433E0,4.301175289E-1,6.899872356E0
6.942947250E0,-7.759714177E0,1.062081161E0,1.214115420E0,7.925607659E0
6.952949250E0,-8.417972081E0,7.216890105E-1,2.164081118E0,8.721601691E0
6.962952250E0,-8.883798702E0,1.765786037E-1,3.367408278E0,9.502236468E0
6.972954250E0,-9.074592764E0,-1.991795540E-1,4.378588039E0,1.007769515E1
6.982956250E0,-9.234221751E0,-3.685465673E-1,5.227734729E0,1.061771578E1
6.992958250E0,-9.471408207E0,-4.929180868E-1,6.831939978E0,1.168871017E1
7.002960250E0,-9.694586488E0,-7.877835973E-1,1.012777980E1,1.404199180E1
7.012962250E0,-1.031398906E1,-1.176756316E0,1.598470534E1,1.905974634E1
7.022964250E0,-1.141105068E1,-1.870305748E0,2.441197098E1,2.701211670E1
7.032966250E0,-1.276250009E1,-2.877371261E0,2.830985124E1,3.118666944E1
7.042968250E0,-1.375204193E1,-3.332201316E0,2.272024519E1,2.676624301E1
7.052970250E0,-1.391278540E1,-2.367197748E0,1.504718734E1,2.062976174E1
7.062973250E0,-1.426350841E1,-9.297407641E-1,7.704759121E0,1.623808496E1
7.072975250E0,-1.473336260E1,6.540251771E-1,3.778521041E0,1.522422226E1
7.082977250E0,-1.492924432E1,1.448204020E0,2.576844549E0,1.521905906E1
7.092979250E0,-1.460482208E1,1.496008955E0,2.029191408E0,1.482081269E1
7.102981250E0,-1.403851691E1,1.235120957E0,1.616403272E0,1.418514153E1
7.112983250E0,-1.365654872E1,7.276172832E-1,1.177616295E0,1.372652651E1
7.122985250E0,-1.352232939E1,6.507708362E-1,7.295974427E-1,1.355762543E1
7.132987250E0,-1.308896417E1,1.386085394E0,7.637406506E-1,1.318429048E1
7.142989250E0,-1.271585802E1,2.198038823E0,4.829198597E-1,1.291346706E1
7.152991250E0,-1.246686720E1,2.889818521E0,-1.276758541E-1,1.279805181E1
7.162993250E0,-1.207630477E1,3.824090146E0,-6.871157400E-1,1.268593436E1
7.172996250E0,-1.137557679E1,4.734142020E0,-7.090550047E-1,1.234174246E1
7.182998250E0,-1.067108904E1,5.554009362E0,-4.029204844E-1,1.203667339E1
7.193000250E0,-1.010661405E1,6.546064342E0,-2.163873067E-1,1.204331472E1
7.203002250E0,-9.605096607E0,7.394371957E0,-1.189569247E-1,1.212224271E1
7.213004250E0,-9.195133114E0,7.983617513E0,-6.470881501E-2,1.217755348E1
7.223006250E0,-9.035645045E0,8.401253137E0,-8.489759517E-1,1.236708114E1
7.233008250E0,-9.218444209E0,9.066903090E0,-1.919055008E0,1.307177178E1
7.243010250E0,-9.559990016E0,8.962186475E0,-2.582415776E0,1.335601238E1
7.253012250E0,-9.835963976E0,7.696523902E0,-2.650035317E0,1.276735504E1
7.263014250E0,-9.935561939E0,6.570966464E0,-3.038707927E0,1.229336151E1
7.273016250E0,-1.003124344E1,5.829181085E0,-3.346692470E0,1.207499679E1
7.283019250E0,-1.018066669E1,5.159381363E0,-3.373665676E0,1.190154656E1
7.293021250E0,-1.043218818E1,4.576024830E0,-3.207618785E0,1.183466822E1
7.303023250E0,-1.067923772E1,4.161495540E0,-2.846892357E0,1.180969769E1
7.313025250E0,-1.077675759E1,3.767087980E0,-2.291372956E0,1.164387590E1
7.323027250E0,-1.081441249E1,3.391728895E0,-1.700777278E0,1.146071488E1
7.333029250E0,-1.090307849E1,3.145835935E0,-1.190505971E0,1.141011432E1
7.343031250E0,-1.086197491E1,3.152782135E0,-7.775411028E-1,1.133697950E1
7.353033250E0,-1.075941007E1,3.112528148E0,-6.108784997E-1,1.121721485E1
7.363035250E0,-1.065309365E1,3.023739932E0,-6.450771099E-1,1.109267921E1
7.373037250E0,-1.060926292E1,2.819995750E0,-8.150363731E-1,1.100786628E1
7.383039250E0,-1.054338585E1,2.606006075E0,-1.015390633E0,1.090803699E1
7.393042250E0,-1.056368622E1,2.353277136E0,-1.040690804E0,1.087255339E1
7.403044250E0,-1.095409428E1,1.838981482E0,-9.988547069E-1,1.115220808E1
7.413046250E0,-1.168137564E1,1.112120829E0,-6.040086061E-1,1.174973089E1
7.423048250E0,-1.146787743E1,7.686398864E-1,2.475535691E-2,1.149363445E1
7.433050250E0,-8.201485353E0,-1.753989279E-1,5.053287143E0,9.634876114E0
7.443052250E0,2.090229907E1,-5.006990059E0,5.693909142E1,6.086079352E1
7.453054250E0,6.115031227E1,-1.857175445E1,9.012697998E1,1.104859415E2
7.463056250E0,5.270004719E1,-3.150317709E1,3.352964895E1,6.995700465E1
7.473058250E0,4.433480062E1,-2.036182923E1,-1.279716121E1,5.043754525E1
7.483060250E0,4.951182245E1,-1.437684265E1,8.626937535E0,5.227368571E1
7.493062250E0,6.141697805E1,-6.772236983E0,2.476014227E1,6.656555439E1
7.503065250E0,6.192706108E1,4.650540869E0,7.851559317E0,6.259580982E1
7.513067250E0,4.558610009E1,8.923018316E0,-1.670558049E1,4.936384504E1
7.523069250E0,2.218552434E1,4.549260370E0,-1.687582217E1,2.824334672E1
7.533071250E0,9.715707800E0,2.123495448E0,-1.165558007E1,1.532177397E1
7.543073250E0,-5.421980987E0,-5.427064703E-1,-9.540845647E0,1.098727190E1
7.553075250E0,-2.092733919E1,-1.669596270E0,4.846862304E-1,2.099942851E1
7.563077250E0,-2.870573580E1,1.576303651E0,1.972836820E0,2.881659394E1
7.573079250E0,-2.113593276E1,4.831833791E0,-5.582440864E0,2.238834334E1
7.583081250E0,-8.245631247E0,3.379768415E0,-1.495455926E1,1.740839199E1
7.593083250E0,-4.578701393E0,1.527010600E0,-1.528347800E1,1.602750659E1
7.603086250E0,-5.052036424E0,2.362946822E-1,-1.098479684E1,1.209316620E1
7.613088250E0,-4.980923756E0,-8.499339449E-1,-8.164622751E0,9.601721400E0
7.623090250E0,-4.120727583E0,-1.108552419E0,-6.289465131E0,7.600437876E0
7.633092250E0,-3.531003724E0,-1.127868477E0,-4.421420063E0,5.769664633E0
7.643094458E0,-3.039932919E0,-1.113793644E0,-2.719530644E0,4.228188189E0
7.653096458E0,-2.525125342E0,-9.439257438E-1,-1.476324888E0,3.073562913E0
7.663098458E0,-2.224879589E0,-7.374903068E-1,-5.104139793E-1,2.398854637E0
7.673100458E0,-2.340650366E0,-5.675195684E-1,1.638494345E-1,2.414035881E0
7.683102458E0,-2.551086980E0,-1.278209382E-1,5.025962520E-1,2.603264482E0
7.693104458E0,-2.727717331E0,4.834400426E-1,7.027464437E-1,2.857972827E0
7.703106458E0,-2.939873026E0,1.041662173E0,8.493759012E-1,3.232545887E0
7.713108458E0,-3.104604878E0,1.562132924E0,1.042988906E0,3.628588787E0
7.723111458E0,-3.138366117E0,2.012610020E0,1.584321792E0,4.050927859E0
7.733113458E0,-2.881827716E0,2.333272495E0,2.757333478E0,4.620820212E0
7.743115458E0,-2.219560377E0,2.625669969E0,4.226474478E0,5.448272897E0
7.753117458E0,-1.460524542E0,2.745898663E0,5.376859193E0,6.211578398E0
7.763119458E0,-9.357620806E-1,2.525895420E0,5.606799780E0,6.220289552E0
7.773121458E0,-4.371366727E-1,2.099871235E0,4.883459442E0,5.333734508E0
7.783123458E0,9.260118484E-2,1.672352355E0,3.728880811E0,4.087773169E0
7.793125458E0,-1.554774642E-2,9.727644306E-1,2.441572723E0,2.628267440E0
7.803127458E0,-4.046682537E-1,2.442984241E-1,1.047000096E0,1.148759033E0
7.813129458E0,-7.993512172E-1,-4.398987512E-1,-2.809110573E-1,9.546644970E-1
7.823131458E0,-1.125603046E0,-8.812901504E-1,-1.206179432E0,1.870434006E0
7.833134458E0,-1.253653561E0,-1.138780624E0,-1.725145842E0,2.417560079E0
7.843136458E0,-1.071408713E0,-1.434990629E0,-1.704416585E0,2.472276406E0
7.853138458E0,-9.413368160E-1,-1.432874814E0,-1.469853190E0,2.258254555E0
7.863140458E0,-1.130521140E0,-1.071169854E0,-4.153534555E-1,1.611831690E0
7.873142458E0,-1.557069674E0,-7.201122357E-1,5.709730071E-1,1.808048057E0
7.883144458E0,-1.869438459E0,-3.259344716E-1,8.668298399E-1,2.086247206E0
7.893146458E0,-2.250895606E0,7.815768510E-2,8.271547276E-1,2.399338366E0
7.903148458E0,-2.676856495E0,3.715085475E-1,4.071954203E-1,2.733018003E0
7.913150458E0,-3.047185805E0,6.300464036E-1,-9.984179199E-2,3.113240785E0
7.923152458E0,-3.396307849E0,8.574991456E-1,-5.456153870E-1,3.545124531E0
7.933154458E0,-3.748354086E0,1.089199013E0,-8.934603989E-1,4.004345680E0
7.943157458E0,-4.076110404E0,1.289334148E0,-1.236842816E0,4.450487470E0
7.953159458E0,-4.433710325E0,1.434041041E0,-1.617954977E0,4.932751693E0
7.963161458E0,-4.740061741E0,1.513306189E0,-2.028406126E0,5.373333448E0
7.973163458E0,-5.059026770E0,1.619912040E0,-2.426921355E0,5.840189564E0
7.983165458E0,-5.383350188E0,1.643399282E0,-2.849506647E0,6.308796127E0
7.993167458E0,-5.624339672E0,1.711244525E0,-3.352756618E0,6.767756756E0
8.003169458E0,-5.664871402E0,1.690961411E0,-3.711661638E0,6.980440574E0
8.013171458E0,-5.542128990E0,1.455513479E0,-3.613498582E0,6.774295921E0
8.023173458E0,-5.228720570E0,1.191157058E0,-3.314730420E0,6.304427943E0
8.033175458E0,-4.453899007E0,9.146315588E-1,-3.111401097E0,5.509499436E0
8.043177458E0,-3.169336479E0,6.320372343E-1,-2.764823762E0,4.253047756E0
8.053179458E0,-1.770962577E0,2.223805748E-1,-2.342261274E0,2.944817387E0
8.063182458E0,2.663593841E-1,1.712728402E-1,-1.571620470E0,1.603206977E0
8.073184458E0,3.224737678E0,6.186631903E-1,-9.548234189E-1,3.419556257E0
8.083186458E0,6.386406119E0,-1.385611770E0,-4.073096749E0,7.700403899E0
8.093188458E0,1.045785980E1,-1.075015743E1,-1.036642923E1,1.823171883E1
8.103190458E0,2.326899001E1,2.106161377E0,-2.869971317E0,2.353972275E1
8.113192458E0,2.362553217E1,5.362869730E0,-2.275200142E0,2.433316005E1
8.123194458E0,1.955853641E1,-6.528854817E-3,-3.631465906E0,1.989281111E1
8.133196458E0,1.781893830E1,-4.637405392E0,-1.475442251E0,1.847151917E1
8.143198458E0,1.726906029E1,-9.438805887E0,3.197432351E0,1.993828161E1
8.153200458E0,1.682343346E1,-1.194992305E1,7.650729094E0,2.200823096E1
8.163202458E0,1.641483705E1,-1.233485929E1,9.262850888E0,2.252545306E1
8.173205458E0,1.791233002E1,-9.896813611E0,8.587626704E0,2.219337331E1
8.183207458E0,1.887186981E1,-6.618869194E0,7.499634118E0,2.135887196E1
8.193209458E0,1.848682130E1,-5.261900595E0,7.463374364E0,2.061921717E1
8.203211458E0,1.905664182E1,-4.406595617E0,7.239394430E0,2.085623442E1
8.213213458E0,1.956593664E1,-3.788579421E0,6.793996226E0,2.105558348E1
8.223215458E0,2.016169775E1,-3.310496451E0,6.693316528E0,2.150009138E1
8.233217458E0,2.086392029E1,-2.354407549E0,5.698353728E0,2.175586449E1
8.243219458E0,2.096950229E1,-1.233530661E0,4.473529864E0,2.147682690E1
8.253221458E0,1.973554566E1,-5.600145210E-1,2.666595801E0,1.992275362E1
8.263223458E0,1.765641026E1,2.415565185E-2,1.323934900E0,1.770599363E1
8.273225458E0,1.446838666E1,5.775735634E-1,3.952226615E-1,1.448530306E1
8.283228458E0,1.053154641E1,6.447170676E-1,-5.602252400E-1,1.056612428E1
8.293230458E0,6.707155718E0,4.997007473E-1,-4.927051020E-1,6.743767269E0
8.303232458E0,3.109651610E0,6.038628277E-1,7.880391937E-1,3.264290003E0
8.313234458E0,-3.032120454E-1,4.706189259E-1,2.363349842E0,2.428753218E0
8.323236458E0,-3.215686188E0,3.364321972E-1,3.999797807E0,5.143170888E0
8.333238458E0,-5.336048552E0,2.940086924E-1,5.477044802E0,7.652311743E0
8.343240458E0,-6.760505129E0,3.276858224E-1,6.383304756E0,9.303676005E0
8.353242458E0,-7.651608515E0,1.534505634E-1,6.855190846E0,1.027444896E1
8.363244458E0,-7.899793584E0,3.725379864E-2,7.205368897E0,1.069230880E1
8.373246458E0,-7.815611220E0,1.006652809E-1,7.488089960E0,1.082429691E1
8.383248458E0,-7.552631527E0,9.681448745E-2,8.066115294E0,1.105051275E1
8.393250458E0,-7.164904996E0,2.001429559E-1,9.110174240E0,1.159185902E1
8.403253458E0,-6.799506058E0,2.957676263E-1,1.055122346E1,1.255583839E1
8.413255458E0,-6.617208585E0,3.543769731E-1,1.179376380E1,1.352796722E1
8.423257458E0,-6.497499708E0,2.144549663E-1,1.299105371E1,1.452690504E1
8.433259458E0,-6.209013875E0,-1.977904748E-1,1.544793211E1,1.665021264E1
8.443261458E0,-5.585418266E0,-1.757124118E-1,1.805365255E1,1.889873388E1
8.453263458E0,-4.932087811E0,2.309886264E-1,2.088177300E1,2.145756952E1
8.463265458E0,-4.733771306E0,1.255005437E-1,2.330207122E1,2.377836967E1
8.473267458E0,-5.440863985E0,-2.147560979E-1,1.824716381E1,1.904227162E1
8.483269458E0,-7.136150143E0,5.743806182E-1,1.033669614E1,1.257385537E1
8.493271458E0,-9.246554698E0,1.678989383E0,5.733794872E0,1.100882295E1
8.503273458E0,-1.109992384E1,2.463977500E0,2.798622422E0,1.170947402E1
8.513276458E0,-1.303259117E1,2.830085413E0,8.786739600E-1,1.336524911E1
8.523278458E0,-1.443741747E1,2.557426531E0,2.326472439E-1,1.466402327E1
8.533280458E0,-1.481583640E1,2.409302525E0,-1.289615107E-1,1.501100856E1
8.543282458E0,-1.422004372E1,2.742272805E0,-2.226753841E-1,1.448375945E1
8.553284458E0,-1.341291395E1,3.241812717E0,1.572515094E-1,1.380001226E1
8.563286458E0,-1.301589152E1,3.607135934E0,6.698312974E-1,1.352307419E1
8.573288458E0,-1.278179941E1,3.916358917E0,8.751457500E-1,1.339694530E1
8.583290458E0,-1.232782509E1,4.411655213E0,6.953011841E-1,1.311188076E1
8.593292458E0,-1.186816144E1,5.005662156E0,3.570356655E-1,1.288554943E1
8.603294458E0,-1.153530518E1,5.622116561E0,2.044537425E-1,1.283406644E1
8.613296458E0,-1.114374989E1,6.337049772E0,2.495919085E-1,1.282199897E1
8.623298458E0,-1.059165579E1,7.030175791E0,4.742770171E-1,1.272130035E1
8.633301458E0,-1.009988624E1,7.464547901E0,7.439482641E-1,1.258096326E1
8.643303458E0,-9.736728541E0,7.841402119E0,9.649367630E-1,1.253884256E1
8.653305708E0,-9.450821915E0,8.298997614E0,9.696870410E-1,1.261474095E1
8.663307708E0,-9.293927085E0,8.783672735E0,4.318390954E-1,1.279517379E1
8.673309708E0,-9.154824749E0,9.078283526E0,-3.292093509E-1,1.289707047E1
8.683311708E0,-9.162248958E0,9.145454586E0,-1.328574520E0,1.301350283E1
8.693313708E0,-9.370406327E0,8.817536300E0,-2.371053548E0,1.308340002E1
8.703315708E0,-9.805205283E0,8.006366106E0,-3.393543870E0,1.310572733E1
8.713317708E0,-1.028376480E1,7.156625923E0,-4.152750444E0,1.319918366E1
8.723319708E0,-1.042940023E1,6.558272159E0,-4.076809146E0,1.297704495E1
8.733321708E0,-1.028073477E1,6.327281413E0,-3.035920560E0,1.244768297E1
8.743323708E0,-1.008534772E1,6.289800761E0,-2.289006003E0,1.210435380E1
8.753326708E0,-9.902948509E0,6.240327469E0,-1.951262495E0,1.186665502E1
8.763328708E0,-9.744271449E0,6.097378249E0,-1.889366355E0,1.164897218E1
8.773330708E0,-9.678254045E0,5.834135431E0,-1.917011406E0,1.146214074E1
8.783332708E0,-9.509823244E0,5.632935079E0,-1.680735946E0,1.117996284E1
8.793334708E0,-9.017020494E0,5.418182051E0,-1.628020666E0,1.064489580E1
8.803336708E0,-8.354871268E0,5.181639374E0,-1.994401059E0,1.003149521E1
8.813338708E0,-7.976528349E0,5.083628930E0,-2.452377501E0,9.771511808E0
8.823340708E0,-7.712398508E0,5.160420413E0,-2.707880067E0,9.666625267E0
8.833342708E0,-7.342410675E0,5.190521294E0,-3.140024972E0,9.524298539E0
8.843344708E0,-2.550826194E0,1.821886270E0,9.056814889E0,9.583938637E0
8.853346708E0,4.082211622E1,-1.244983310E1,9.130387012E1,1.007861112E2
8.863348708E0,6.347035646E1,-3.327523894E1,7.792119797E1,1.058652009E2
8.873351708E0,3.770528832E1,-3.178775172E1,1.536057939E1,5.165362839E1
8.883353708E0,2.854722013E1,-3.372539736E1,1.351383806E1,4.620573583E1
8.893355708E0,4.466717507E1,-3.147496310E1,2.249424797E1,5.909163243E1
8.903357708E0,4.700646362E1,2.670192131E0,2.459937658E1,5.312124694E1
8.913359708E0,3.015818885E1,-6.278114516E-1,7.973276128E0,3.120069926E1
8.923361708E0,2.379719941E1,2.676666753E0,-8.864764845E-1,2.396366176E1
8.933363708E0,9.575306212E0,2.925579800E0,-1.496925565E1,1.800900111E1
8.943365708E0,1.484679975E0,6.449110490E-1,-1.901249300E1,1.908127551E1
8.953367708E0,-3.306337911E0,-1.414513095E0,-1.808599233E1,1.844006063E1
8.963369708E0,-5.730418105E0,-2.922414410E0,-1.475760281E1,1.609860362E1
8.973371708E0,-7.341742339E0,-4.223629223E0,-9.864611825E0,1.300195335E1
8.983374708E0,-7.576809179E0,-4.300686169E0,-5.612139457E0,1.036339945E1
8.993376708E0,-5.608826424E0,-3.060168963E0,-3.389137409E0,7.232552822E0
9.003378708E0,-3.286510588E0,-1.686598949E0,-2.137779319E0,4.268005187E0
9.013380708E0,-1.145140933E0,-6.056162980E-1,-1.363906320E0,1.881052712E0
9.023382708E0,7.800711930E-1,-8.240130186E-2,-6.327447474E-1,1.007803034E0
9.033384708E0,1.649363295E0,-1.893688032E-1,-1.468142295E-1,1.666677606E0
9.043386708E0,1.577667076E0,-7.555810073E-1,-6.648225725E-2,1.750530192E0
9.053388708E0,1.329007214E0,-1.262293699E0,-6.930985379E-1,1.959599740E0
9.063390708E0,1.163452658E0,-1.578438324E0,-1.563931382E0,2.508180814E0
9.073392708E0,9.567758042E-1,-1.633884839E0,-1.488856641E0,2.408670526E0
9.083394708E0,4.803236228E-1,-1.775823075E0,-7.632269727E-1,1.991676125E0
9.093396708E0,4.721802056E-2,-1.706168995E0,-2.456770514E-1,1.724412769E0
9.103399708E0,-7.131761223E-1,-1.833354999E0,-1.964225918E-1,1.976965495E0
9.113401708E0,-1.567595832E0,-1.725158998E0,-3.171677412E-1,2.352472239E0
9.123403708E0,-2.145917035E0,-1.203149990E0,-2.100379796E-1,2.469138670E0
9.133405708E0,-2.431710809E0,-4.548587063E-1,-2.474046113E-1,2.486226648E0
9.143407708E0,-2.723551190E0,2.211870119E-1,-5.620644817E-1,2.789726019E0
9.153409708E0,-3.002258139E0,7.794937804E-1,-4.749319053E-1,3.137949140E0
9.163411708E0,-3.174982551E0,1.201056687E0,-3.336219522E-1,3.410917028E0
9.173413708E0,-3.120579472E0,1.637101099E0,-3.291915169E-1,3.539277229E0
9.183415708E0,-2.818943835E0,2.157525804E0,-4.806592530E-1,3.582233278E0
9.193417708E0,-2.377498350E0,2.390560445E0,-1.176094338E0,3.570780802E0
9.203419708E0,-2.196031181E0,2.379871150E0,-2.084513084E0,3.851173125E0
9.213422708E0,-2.159849780E0,2.136300119E0,-2.993277401E0,4.264790601E0
9.223424708E0,-1.959662166E0,1.686307758E0,-3.228758224E0,4.136277231E0
9.233426708E0,-1.592054150E0,1.248419718E0,-2.704806186E0,3.377745507E0
9.243428708E0,-1.282255801E0,8.792294455E-1,-2.090471397E0,2.605243754E0
9.253430708E0,-9.672224396E-1,5.940110368E-1,-1.621471492E0,1.979277181E0
9.263432708E0,-5.507930964E-1,3.214354777E-1,-1.352689022E0,1.495480321E0
9.273434708E0,-1.435824734E-1,7.077089757E-2,-1.182055575E0,1.192845266E0
9.283436708E0,2.093952245E-1,-8.969979644E-2,-1.078751646E0,1.102541395E0
9.293438708E0,4.815182090E-1,-1.871889612E-1,-1.015381862E0,1.139254062E0
9.303440708E0,5.089375573E-1,-3.261006787E-1,-9.676633197E-1,1.140934437E0
9.313442708E0,3.006480414E-1,-5.243440935E-1,-9.770972174E-1,1.148932089E0
9.323444708E0,9.120662391E-2,-5.681461707E-1,-1.162372677E0,1.297003840E0
9.333447708E0,-2.966818750E-2,-6.112307945E-1,-1.082869840E0,1.243820878E0
9.343449708E0,1.183768809E-2,-7.078276742E-1,-8.443051958E-1,1.101821860E0
9.353451708E0,3.060882908E-1,-6.369787163E-1,-4.968285584E-1,8.638695175E-1
9.363453708E0,1.017693851E0,-3.706149468E-1,-3.015490973E-1,1.124272241E0
9.373455708E0,1.669683539E0,-4.307792875E-1,-1.519749820E-1,1.731043128E0
9.383457708E0,2.037442414E0,-1.345459524E0,-2.726387089E-1,2.456779352E0
9.393459708E0,2.797868716E0,-2.363032923E0,-5.622583169E-1,3.705148899E0
9.403461708E0,4.590734963E0,-1.989839061E0,-2.981109345E-1,5.012302577E0
9.413463708E0,6.785810124E0,-3.795912999E-1,5.911184192E-1,6.822076633E0
9.423465708E0,7.465098124E0,-3.486086583E-1,2.285091877E-1,7.476726185E0
9.433467708E0,7.063106725E0,-1.376432810E0,-2.567687809E-1,7.200553736E0
9.443469708E0,6.671895838E0,-1.930834808E0,5.115933627E-1,6.964484540E0
9.453472708E0,6.381951710E0,-2.448479162E0,1.825658602E0,7.075124534E0
9.463474708E0,6.480236973E0,-3.054909977E0,3.401829375E0,7.930850477E0
9.473476708E0,7.136674054E0,-3.414187465E0,4.718075041E0,9.211353032E0
9.483478708E0,7.351950992E0,-3.812978098E0,5.258011027E0,9.810028814E0
9.493480708E0,7.079452032E0,-4.050626484E0,5.976545538E0,1.011164243E1
9.503482708E0,7.454596524E0,-4.439548185E0,6.654740108E0,1.093463138E1
9.513484708E0,8.790806338E0,-4.446841710E0,5.854981924E0,1.146008249E1
9.523486708E0,1.081403709E1,-4.126796408E0,6.244225223E0,1.315158528E1
9.533488708E0,1.325747157E1,-3.793250469E0,7.612773648E0,1.575130548E1
9.543490708E0,1.596536743E1,-3.509388907E0,7.969236871E0,1.818564004E1
9.553492708E0,1.913945009E1,-2.761396124E0,7.616693621E0,2.078359642E1
9.563494708E0,2.194363672E1,-1.676879123E0,6.445448964E0,2.293205025E1
9.573497708E0,2.336339448E1,-9.572061592E-1,4.422350940E0,2.379751317E1
9.583499708E0,2.282908527E1,-7.522581808E-1,1.792199079E0,2.291167833E1
9.593501708E0,2.090686692E1,-6.831958397E-1,-6.164859796E-1,2.092710911E1
9.603503708E0,1.791841698E1,-6.525416654E-1,-2.239738533E0,1.806964046E1
9.613505708E0,1.483616600E1,-6.846371783E-1,-4.388439428E0,1.548673466E1
9.623507708E0,1.192919351E1,-9.514494292E-1,-4.309535053E0,1.271939488E1
9.633509708E0,8.957204647E0,-2.360496656E-1,-1.831161416E0,9.145511832E0
9.643511708E0,5.529614779E0,9.877551567E-1,2.389937131E0,6.104432762E0
9.653513958E0,9.239062661E-1,2.136854435E0,6.127115434E0,6.554486494E0
9.663515958E0,-3.527006568E0,2.335666784E0,7.505580152E0,8.615616523E0
9.673517958E0,-5.893513321E0,1.265082821E0,7.151473941E0,9.352941427E0
9.683520958E0,-7.111027581E0,1.315848640E-1,5.827756703E0,9.194932084E0
9.693522958E0,-7.647112007E0,-2.011324327E-1,5.569532551E0,9.462476902E0
9.703524958E0,-7.886633840E0,-1.711836702E-1,5.890938208E0,9.845377095E0
9.713526958E0,-7.967949899E0,-2.592139038E-1,6.276055711E0,1.014614669E1
9.723528958E0,-7.721563434E0,-2.437822794E-1,6.854612557E0,1.032800489E1
9.733530958E0,-7.485613664E0,-1.492797811E-2,7.692881672E0,1.073382798E1
9.743532958E0,-7.458180867E0,-1.986613445E-2,8.097093843E0,1.100853238E1
9.753534958E0,-7.400895696E0,-1.934380998E-1,8.810082854E0,1.150774675E1
9.763536958E0,-7.079005305E0,-3.249157770E-1,1.046294922E1,1.263689806E1
9.773538958E0,-6.568304812E0,-2.378420017E-1,1.372622648E1,1.521868885E1
9.783540958E0,-6.063569648E0,-1.071596555E-1,1.730757122E1,1.833931246E1
9.793542958E0,-5.053241535E0,1.821067806E-1,1.984838289E1,2.048235133E1
9.803544958E0,-4.882233281E0,3.159519589E-1,1.843660775E1,1.907470925E1
9.813547958E0,-6.312516024E0,8.133861427E-1,1.368301322E1,1.509086831E1
9.823549958E0,-7.340972845E0,1.864688620E0,1.108934857E1,1.342909519E1
9.833551958E0,-8.038544503E0,2.281376264E0,1.093702392E1,1.376377011E1
9.843553958E0,-8.798994779E0,2.491015317E0,1.122094015E1,1.447539168E1
9.853555958E0,-9.400679117E0,2.830812514E0,1.157747998E1,1.517973353E1
9.863557958E0,-9.910914756E0,3.163423482E0,1.155547106E1,1.554871026E1
9.873559958E0,-1.029475289E1,3.620169670E0,1.101673433E1,1.550664376E1
9.883561958E0,-1.060360282E1,3.917179866E0,9.732786933E0,1.491669643E1
9.893563958E0,-1.085558975E1,4.130441854E0,8.463661054E0,1.437142780E1
9.903565958E0,-1.131210409E1,4.231201367E0,7.114450541E0,1.401720980E1
9.913567958E0,-1.186824096E1,4.076787219E0,5.747952150E0,1.380269146E1
9.923570958E0,-1.247489192E1,3.829834159E0,4.545692106E0,1.381860611E1
9.933572958E0,-1.284294608E1,3.804896076E0,3.528361368E0,1.385163644E1
9.943574958E0,-1.276654753E1,4.203682031E0,3.019116831E0,1.377573029E1
9.953576958E0,-1.245220706E1,4.812157910E0,2.827379029E0,1.364581975E1
9.963578958E0,-1.197376215E1,5.431139481E0,2.382773123E0,1.336210552E1
9.973580958E0,-1.156039909E1,5.772660145E0,2.263606283E0,1.311832099E1
9.983582958E0,-1.161917413E1,6.176583463E0,5.853088011E0,1.440187592E1
9.993584958E0,-1.298320909E1,7.627161891E0,1.176766885E1,1.911060823E1
1.000358696E1,-1.469982414E1,6.579213377E0,4.170210230E0,1.663615135E1
1.001358896E1,-1.462959557E1,4.421636117E0,-2.214078028E0,1.544273531E1
1.002359096E1,-1.343161919E1,4.247222738E0,-2.218255278E0,1.426071357E1
1.003359296E1,-1.201877987E1,4.637079117E0,-5.334853381E-2,1.288240732E1
1.004359496E1,-1.133654195E1,4.715262530E0,1.724736536E0,1.239861283E1
1.005359796E1,-1.108854282E1,4.652592365E0,2.932114063E0,1.237738625E1
1.006359996E1,-1.086043826E1,4.605633668E0,3.763731970E0,1.238251424E1
1.007360196E1,-1.060975877E1,4.596452663E0,4.456294319E0,1.239164708E1
1.008360396E1,-1.042898391E1,4.633400926E0,5.110520275E0,1.250398045E1
1.009360596E1,-1.025467139E1,4.863022254E0,6.198882405E0,1.293187589E1
1.010360796E1,-1.015271233E1,5.195206668E0,8.270598857E0,1.408795746E1
1.011360996E1,-9.947091479E0,5.499950684E0,1.117566750E1,1.594018916E1
1.012361196E1,-9.374701107E0,5.607302640E0,1.419766876E1,1.791370040E1
1.013361396E1,-8.097348197E0,5.501550483E0,1.623834586E1,1.896095941E1
1.014361596E1,-6.198799374E0,5.357924155E0,1.684495940E1,1.873192788E1
1.015361796E1,-4.174460571E0,4.461761758E0,1.882095225E1,1.978791760E1
1.016361996E1,-1.601803797E0,1.692784427E0,2.419880723E1,2.431077057E1
1.017362296E1,2.759163072E0,-3.717374952E0,3.225904899E1,3.258953972E1
1.018362496E1,1.231905661E1,-1.210339375E1,4.091142893E1,4.440716511E1
1.019362696E1,3.104054305E1,-2.137410155E1,5.698038680E1,6.831641098E1
1.020362896E1,4.316823432E1,-2.742217373E1,5.524937708E1,7.528589333E1
1.021363096E1,3.755723215E1,-2.827248519E1,2.800820508E1,5.472055059E1
1.022363296E1,6.837887415E1,-7.486256156E1,6.108428551E1,1.183696054E2
1.023363496E1,8.292433296E1,-1.508784303E1,2.816337147E1,8.886654881E1
1.024363696E1,4.206199257E1,4.446456671E0,-3.216202497E-2,4.229637373E1
1.025363896E1,1.749086857E1,1.163829803E-1,-8.463098552E0,1.943111076E1
1.026364096E1,4.477921708E0,-4.167795914E0,-9.582355615E0,1.136854629E1
1.027364296E1,-1.187929103E0,-7.697717904E0,-9.601081908E0,1.236312300E1
1.028364596E1,-1.323592692E0,-8.383455967E0,-9.009356548E0,1.237750932E1
1.029364796E1,7.054367477E-1,-5.868646867E0,-6.191000358E0,8.559622801E0
1.030364996E1,2.465221787E0,-2.232140661E0,-2.066434371E0,3.915344353E0
1.031365196E1,8.012860608E-1,-1.199818246E0,9.987944806E-1,1.754768814E0
1.032365396E1,-1.413530470E0,-1.340694044E0,1.668937435E0,2.565322800E0
1.033365596E1,-2.288145878E0,-1.057639105E0,1.313180409E0,2.842297455E0
1.034365796E1,-1.645550911E0,-2.050039655E-1,4.755539759E-1,1.725113333E0
1.035365996E1,-7.754542315E-1,9.987634903E-1,-4.754004134E-1,1.350875023E0
1.036366196E1,-7.800109667E-1,1.384144703E0,-7.346289718E-1,1.750415206E0
1.037366396E1,-3.478420883E-1,1.645419933E0,-5.047369176E-1,1.755893001E0
1.038366596E1,-1.160619682E-1,1.391297017E0,-4.133665717E-1,1.456039043E0
1.039366796E1,-5.432127661E-1,7.955446798E-1,-2.832180762E-1,1.004083625E0
1.040367096E1,-1.646047339E0,9.109809959E-1,-4.059603056E-2,1.881756163E0
1.041367296E1,-2.599023038E0,1.587580445E0,4.459764934E-1,3.078023303E0
1.042367496E1,-3.313283819E0,1.707151328E0,6.146569705E-1,3.777567804E0
1.043367696E1,-3.488379861E0,1.869838409E0,1.056025419E-3,3.957914962E0
1.044367896E1,-3.461297897E0,2.208162400E0,-7.562882280E-1,4.174749837E0
1.045368096E1,-3.522196648E0,2.561188629E0,-8.145288348E-1,4.430464270E0
1.046368296E1,-3.593884097E0,2.653464124E0,-4.201212752E-1,4.487023138E0
1.047368496E1,-3.531099034E0,2.592191151E0,-2.457590586E-1,4.387312716E0
1.048368696E1,-3.366278889E0,2.558619363E0,-4.801325102E-2,4.228554348E0
1.049368896E1,-3.117936530E0,2.543913031E0,3.168378486E-1,4.036509375E0
1.050369096E1,-2.832133400E0,2.401138642E0,7.542943275E-1,3.788852901E0
1.051369296E1,-2.607764626E0,1.991383311E0,1.030692211E0,3.439239781E0
1.052369596E1,-2.323515685E0,1.429120317E0,1.048778892E0,2.922507003E0
1.053369796E1,-2.030546792E0,8.317985862E-1,9.590674742E-1,2.394748334E0
1.054369996E1,-1.789519300E0,3.357038534E-1,8.415206055E-1,2.005799924E0
1.055370196E1,-1.590204676E0,-1.447595179E-1,6.129133308E-1,1.710371007E0
1.056370396E1,-1.287647519E0,-3.287871820E-1,2.905177402E-1,1.360344699E0
1.057370596E1,-9.639439058E-1,-2.206540382E-1,3.918423861E-2,9.896521928E-1
1.058370796E1,-7.630826926E-1,1.319430059E-1,-1.145223963E-1,7.828279069E-1
1.059370996E1,-6.659236032E-1,5.562859708E-1,4.090668216E-2,8.686666122E-1
1.060371196E1,-8.068023241E-1,9.992996800E-1,2.504289374E-1,1.308527605E0
1.061371396E1,-1.052099453E0,1.357893044E0,5.280477199E-1,1.797114679E0
1.062371596E1,-1.331800429E0,1.643252370E0,8.019248691E-1,2.262090677E0
1.063371796E1,-1.508782783E0,1.879206818E0,8.266363719E-1,2.547777745E0
1.064372096E1,-1.577660059E0,2.083065314E0,5.922790915E-1,2.679359417E0
1.065372275E1,-1.600986357E0,2.112337060E0,1.119294485E-1,2.652857586E0
1.066372475E1,-1.630476789E0,2.079704919E0,-7.458132336E-1,2.745881368E0
1.067372675E1,-1.659352094E0,2.026997825E0,-1.307839708E0,2.927902706E0
1.068372875E1,-1.652379289E0,1.869352798E0,-1.361680870E0,2.842360285E0
1.069373075E1,-1.779950332E0,1.598940708E0,-1.513912545E0,2.831389370E0
1.070373275E1,-2.003796950E0,1.263487701E0,-1.670844796E0,2.898849034E0
1.071373475E1,-2.233651582E0,1.034853967E0,-1.787700232E0,3.042366553E0
1.072373675E1,-2.248492985E0,9.065371120E-1,-1.672462721E0,2.945277880E0
1.073373875E1,-1.908644625E0,9.432538256E-1,-1.419788160E0,2.558994041E0
1.074374075E1,-1.444473935E0,1.040578684E0,-1.045173426E0,2.064387666E0
1.075374275E1,-1.132650111E0,1.069552222E0,-8.157473946E-1,1.758488567E0
1.076374575E1,-8.366020739E-1,8.511104777E-1,-8.985784668E-1,1.493899373E0
1.077374775E1,-4.387873417E-1,4.544192880E-1,-1.120680860E0,1.286451247E0
1.078374975E1,7.041275561E-2,-4.033760190E-2,-1.311635136E0,1.314142994E0
1.079375175E1,7.792841578E-1,-5.481127328E-1,-1.152532983E0,1.495340644E0
1.080375375E1,1.852575674E0,-1.138346176E0,-1.506778942E0,2.645420841E0
1.081375575E1,3.288048406E0,-1.959168077E0,-2.642687706E0,4.651171915E0
1.082375775E1,4.967312608E0,-3.118576800E0,-3.779454256E0,6.977391366E0
1.083375975E1,6.775576912E0,-5.538120139E0,-4.594864851E0,9.883926354E0
1.084376175E1,1.015559150E1,-1.209202794E1,-6.028601544E0,1.690258012E1
1.085376375E1,1.743713149E1,-7.305862069E0,-4.365541731E0,1.940327626E1
1.086376575E1,1.716461381E1,-2.535662609E-1,-3.060036231E0,1.743708935E1
1.087376775E1,1.300269903E1,-1.415788665E0,-1.778831760E0,1.319995765E1
1.088377075E1,1.048002075E1,-3.673782790E0,1.085497871E0,1.115821762E1
1.089377275E1,9.043112524E0,-5.813509378E0,4.748514183E0,1.175258109E1
1.090377475E1,9.131590837E0,-6.043920665E0,6.938948117E0,1.296394728E1
1.091377675E1,9.937371068E0,-5.478525317E0,7.749003832E0,1.374091132E1
1.092377875E1,1.116723231E1,-5.437180824E0,7.909232744E0,1.472501190E1
1.093378075E1,1.354743967E1,-5.411987511E0,7.060274919E0,1.620710376E1
1.094378275E1,1.696339826E1,-5.609217603E0,5.965421210E0,1.883630677E1
1.095378475E1,2.001028761E1,-6.428765688E0,5.338957542E0,2.168513560E1
1.096378675E1,2.251070671E1,-7.004011256E0,4.529948478E0,2.400642671E1
1.097378875E1,2.537284861E1,-6.738171104E0,3.351281365E0,2.646536384E1
1.098379075E1,2.743638247E1,-5.530088403E0,2.649347684E0,2.811327096E1
1.099379375E1,2.723011141E1,-3.907276145E0,1.255130568E0,2.753763111E1
1.100379575E1,2.512669019E1,-2.459575716E0,-4.465869427E-2,2.524682290E1
1.101379775E1,2.139233784E1,-1.327391628E0,-9.904013872E-3,2.143348280E1
1.102379975E1,1.627537043E1,-5.044213142E-1,3.035678485E-1,1.628601476E1
1.103380175E1,1.057161855E1,6.352532029E-1,2.421491631E0,1.086399039E1
1.104380375E1,5.496007322E0,1.805611276E0,5.562038174E0,8.025122879E0
1.105380575E1,-2.735906357E-1,3.046884966E0,9.063975390E0,9.566295505E0
1.106380775E1,-4.949248220E0,2.950494493E0,9.856422215E0,1.141707207E1
1.107380975E1,-6.568711193E0,2.007969669E-1,7.184641687E0,9.736907226E0
1.108381175E1,-7.042322212E0,2.498181957E-1,5.624399314E0,9.016128821E0
1.109381375E1,-7.064156885E0,1.279512872E0,6.276519980E0,9.535940895E0
1.110381575E1,-7.127397446E0,1.133397970E0,7.034005133E0,1.007777820E1
1.111381875E1,-7.042155567E0,1.156157672E0,7.565740984E0,1.040043712E1
1.112382075E1,-6.836499637E0,9.032303654E-1,7.944372756E0,1.051981991E1
1.113382275E1,-6.789897328E0,2.162320814E-1,8.843282760E0,1.115137265E1
1.114382475E1,-6.826407927E0,-6.686764723E-1,9.669947491E0,1.185558341E1
1.115382675E1,-6.480880752E0,-9.017410795E-1,9.907840290E0,1.187351050E1
1.116382875E1,-5.527531416E0,-3.836030746E-1,1.041376712E1,1.179607140E1
1.117383075E1,-4.241895924E0,2.292951997E-1,1.219513774E1,1.291385464E1
1.118383275E1,-2.459965140E0,5.008309776E-1,1.500485817E1,1.521341609E1
1.119383475E1,-2.681288100E0,1.386830914E-1,1.782778630E1,1.802882424E1
1.120383675E1,-3.939497226E0,-6.502586201E-1,1.875529972E1,1.917560278E1
1.121383875E1,-3.816717392E0,4.699670345E-2,1.706613267E1,1.748777929E1
1.122384075E1,-3.364777908E0,2.108607413E0,1.400730681E1,1.455927882E1
1.123384375E1,-3.435334505E0,3.519673282E0,1.271955112E1,1.363732393E1
1.124384575E1,-4.875414843E0,3.918336445E0,1.286198462E1,1.430222635E1
1.125384775E1,-6.625097648E0,4.262154188E0,1.293657871E1,1.514638393E1
1.126384975E1,-7.625401880E0,5.114676476E0,1.240467154E1,1.543316381E1
1.127385175E1,-8.325899484E0,6.004356065E0,1.154103896E1,1.544566199E1
1.128385375E1,-8.806369287E0,6.770495682E0,1.055177544E1,1.532095678E1
1.129385575E1,-9.238767961E0,7.461878647E0,9.535049302E0,1.522995836E1
1.130385775E1,-1.043405929E1,8.624253663E0,8.343588481E0,1.590166071E1
1.131385975E1,-1.710997509E1,1.826517441E1,2.074850794E1,3.250951285E1
1.132386175E1,-2.508399148E1,2.285970129E1,2.194401328E1,4.041425850E1
1.133386375E1,-2.280027253E1,6.622407344E0,-9.325373411E-1,2.376085714E1
1.134386575E1,-2.278630002E1,3.304398975E0,-2.923149989E0,2.320946632E1
1.135386875E1,-1.917530405E1,5.007882929E0,-2.160002393E0,1.993581669E1
1.136387075E1,-1.314455833E1,5.822493625E0,2.581818776E0,1.460639017E1
1.137387275E1,-1.011200635E1,5.711888863E0,7.158671279E0,1.364276076E1
1.138387475E1,-8.607852223E0,5.360961784E0,9.020970288E0,1.357250662E1
1.139387675E1,-7.968643963E0,4.818209193E0,9.581157521E0,1.336087594E1
1.140387875E1,-7.706816756E0,4.477596018E0,9.947725317E0,1.335668857E1
1.141388075E1,-7.406544106E0,4.442212177E0,1.016572823E1,1.333912197E1
1.142388275E1,-7.080907989E0,4.662269507E0,1.020435493E1,1.326668288E1
1.143388475E1,-6.690140321E0,5.076307046E0,9.935778286E0,1.300947966E1
1.144388675E1,-6.417837242E0,5.455680245E0,9.551496350E0,1.273515466E1
1.145388875E1,-6.273471826E0,5.512325732E0,9.225625759E0,1.244404895E1
1.146389075E1,-6.386013771E0,5.068420322E0,8.460236340E0,1.174928319E1
1.147389275E1,-6.732520940E0,4.899521744E0,7.741907651E0,1.136966515E1
1.148389575E1,-7.103971746E0,4.860913163E0,7.361139892E0,1.132613225E1
1.149389775E1,-7.459339786E0,4.525827068E0,6.876719710E0,1.110919145E1
1.150389975E1,-7.761210480E0,4.153579579E0,7.041334618E0,1.127248884E1
1.151390175E1,-7.888328363E0,3.870218538E0,7.941286011E0,1.184349355E1
1.152390375E1,-7.782346995E0,3.768552707E0,9.141372060E0,1.258298841E1
1.153390575E1,-7.487098857E0,3.580316218E0,1.011868504E1,1.308675286E1
1.154390775E1,-7.216910716E0,2.896165089E0,1.177261676E1,1.410907786E1
1.155390975E1,-7.017139424E0,9.782985279E-1,1.661515096E1,1.806268405E1
1.156391175E1,-5.816211376E0,-2.975700378E0,2.592330081E1,2.673388547E1
1.157391375E1,-8.450565630E-1,-8.432181399E0,3.418347058E1,3.521825470E1
1.158391575E1,1.394772135E1,-1.377459231E1,4.286647589E1,4.713611226E1
1.159391875E1,4.282720131E1,-2.181566924E1,6.247481888E1,7.882382629E1
1.160392075E1,6.147954326E1,-3.000761603E1,5.764262841E1,8.945872718E1
1.161392275E1,6.459127706E1,-7.589880512E1,5.699597782E1,1.148094211E2
1.162392475E1,9.546300865E1,-5.709166165E1,4.794461896E1,1.211252671E2
1.163392675E1,6.123039574E1,5.479837432E0,4.053769362E-1,6.147645330E1
1.164392875E1,3.074624333E1,3.745055671E0,-2.580334869E1,4.031339386E1
1.165393058E1,1.679811735E1,-3.232510967E0,-3.744142453E1,4.116413663E1
1.166393258E1,2.575737671E0,-1.297764722E1,-2.860267044E1,3.151454439E1
1.167393458E1,2.603618950E-1,-1.203998538E1,-1.355168241E1,1.812945483E1
1.168393658E1,1.331644308E0,-1.024794827E1,-4.297500021E0,1.119206088E1
1.169393858E1,3.415870294E0,-7.959495410E0,2.111482489E0,8.915160983E0
1.170394058E1,5.015186686E0,-5.873007721E0,4.973421779E0,9.185817404E0
1.171394358E1,5.438927972E0,-2.970344036E0,4.512723750E0,7.666130499E0
1.172394558E1,4.660771158E0,5.444102758E-1,5.540249110E0,7.260408427E0
1.173394758E1,1.867108344E0,1.910550817E0,6.314149736E0,6.856003565E0
1.174394958E1,-6.510944796E-1,2.225631541E0,5.559120998E0,6.023386593E0
1.175395158E1,-1.696619908E0,2.629998663E0,5.275174359E0,6.133748984E0
1.176395358E1,-1.918328784E0,2.728521323E0,5.325648694E0,6.283895921E0
1.177395558E1,-1.294261889E0,2.940006343E0,4.269233412E0,5.342761931E0
1.178395758E1,-4.045618343E-1,2.927760519E0,1.796005032E0,3.458480303E0
1.179395958E1,2.328215092E-1,2.049715719E0,-1.578128421E-1,2.068923700E0
1.180396158E1,2.032971632E-1,1.156568146E0,-1.579733190E0,1.968384252E0
1.181396358E1,-9.360924482E-2,8.488022894E-1,-2.458803298E0,2.602871814E0
1.182396658E1,-3.464288163E-1,8.629127902E-1,-3.012912351E0,3.153136889E0
1.183396858E1,-9.524582201E-1,8.610346645E-1,-3.115672488E0,3.369862372E0
1.184397058E1,-1.613352633E0,4.835483623E-1,-2.878169113E0,3.334753841E0
1.185397258E1,-1.888905010E0,3.420983684E-1,-2.625391642E0,3.252333732E0
1.186397458E1,-2.061883190E0,7.310884827E-1,-2.288698440E0,3.166069047E0
1.187397658E1,-2.449847703E0,1.354363080E0,-2.114717900E0,3.508288032E0
1.188397858E1,-2.936821949E0,2.144663976E0,-1.829310480E0,4.070735015E0
1.189398058E1,-3.529785749E0,2.610580645E0,-1.339732908E0,4.590141937E0
1.190398258E1,-3.915761039E0,2.711997676E0,-8.434921405E-1,4.837312777E0
1.191398458E1,-3.936489419E0,2.778257740E0,-5.015987170E-1,4.844199241E0
1.192398658E1,-3.835250142E0,2.662885743E0,-2.225789416E-1,4.674360439E0
1.193398858E1,-3.421418132E0,2.542714936E0,1.767122857E-1,4.266465576E0
1.194399058E1,-2.923934686E0,2.393159532E0,7.798981154E-1,3.858088602E0
1.195399358E1,-2.610193559E0,2.170726771E0,1.596170590E0,3.751389833E0
1.196399558E1,-2.541972340E0,1.834549878E0,2.244554154E0,3.855544058E0
1.197399758E1,-2.473893208E0,1.506186034E0,2.669781364E0,3.939095900E0
1.198399958E1,-2.372967927E0,1.246916399E0,2.961953866E0,3.994865204E0
1.199400158E1,-2.256818835E0,1.026949409E0,3.088970593E0,3.961009425E0
1.200400358E1,-2.140652786E0,8.959858114E-1,3.004875353E0,3.796638094E0
1.201400558E1,-1.991560482E0,8.278324199E-1,2.736936636E0,3.484600668E0
1.202400758E1,-1.827454281E0,8.011480665E-1,2.381253285E0,3.106733748E0
1.203400958E1,-1.761219361E0,7.731878507E-1,1.959221871E0,2.745589815E0
1.204401158E1,-1.767099906E0,7.450066102E-1,1.382659218E0,2.364196151E0
1.205401358E1,-1.772303928E0,7.857336366E-1,9.029325959E-1,2.138627091E0
1.206401558E1,-1.893775740E0,8.427217698E-1,3.538425010E-1,2.102800764E0
1.207401858E1,-1.912699084E0,1.054296836E0,-2.589436528E-1,2.199320673E0
1.208402058E1,-1.807960834E0,1.369547714E0,-7.627163646E-1,2.392931167E0
1.209402258E1,-1.960341613E0,1.502877095E0,-1.695392869E0,2.995986612E0
1.210402458E1,-2.198439649E0,1.412818279E0,-2.819762446E0,3.844509414E0
1.211402658E1,-2.289722287E0,1.346440102E0,-3.955387620E0,4.764537787E0
1.212402858E1,-2.319472336E0,1.324621510E0,-4.525328593E0,5.254823778E0
1.213403058E1,-2.340903550E0,1.328581244E0,-4.329701807E0,5.098163914E0
1.214403258E1,-1.968117825E0,1.544939625E0,-3.825587618E0,4.571153776E0
1.215403458E1,-1.378351867E0,1.702173593E0,-3.274277043E0,3.939306914E0
1.216403658E1,-9.896634686E-1,1.554789260E0,-2.811810232E0,3.362005385E0
1.217403858E1,-7.139608186E-1,1.193794152E0,-2.368634555E0,2.746873529E0
1.218404058E1,-5.214073294E-1,7.911978596E-1,-1.450310626E0,1.732414664E0
1.219404358E1,-1.630572098E-1,2.746685699E-1,-2.210118878E-1,3.884285410E-1
1.220404558E1,7.778755635E-1,-1.121750316E-1,6.385720825E-1,1.012644032E0
1.221404758E1,1.869994529E0,-6.569358480E-1,7.359779245E-1,2.114262934E0
1.222404958E1,2.868500742E0,-1.736246780E0,-2.666932601E-1,3.363625230E0
1.223405158E1,4.608482432E0,-3.336040890E0,-2.030648534E0,6.040762585E0
1.224405358E1,7.426240452E0,-9.667850094E0,-5.074949908E0,1.320497971E1
1.225405558E1,1.569442499E1,-1.225259014E1,-4.015447880E0,2.031169030E1
1.226405758E1,2.452320841E1,9.891416046E-1,9.240191174E-1,2.456053671E1
1.227405958E1,1.961212497E1,1.790211611E0,-1.824894955E0,1.977803188E1
1.228406158E1,1.120851599E1,-2.730889738E0,-3.735765030E0,1.212619189E1
1.229406358E1,7.149947818E0,-3.807931366E0,-1.373227367E0,8.216315992E0
1.230406658E1,5.913361695E0,-4.643944041E0,3.102463628E0,8.133839398E0
1.231406858E1,6.035566748E0,-5.076712843E0,6.665942788E0,1.032646467E1
1.232407058E1,5.831104819E0,-5.309463601E0,9.643732669E0,1.245767903E1
1.233407258E1,5.730870679E0,-5.354541541E0,1.220129369E1,1.450467378E1
1.234407458E1,6.625555485E0,-5.355612166E0,1.307988228E1,1.560973695E1
1.235407658E1,8.071923333E0,-5.832186554E0,1.267701730E1,1.612070451E1
1.236407858E1,9.752240034E0,-6.464170579E0,1.106831847E1,1.610587969E1
1.237408058E1,1.169777825E1,-7.018916978E0,9.670347440E0,1.672180705E1
1.238408258E1,1.349026092E1,-7.636061354E0,8.173206464E0,1.752420830E1
1.239408458E1,1.471486551E1,-7.737454412E0,7.223609287E0,1.812666541E1
1.240408658E1,1.606158336E1,-7.326457132E0,6.964317432E0,1.897770143E1
1.241408858E1,1.759258088E1,-6.312628291E0,6.654088143E0,1.983998657E1
1.242409158E1,1.895145275E1,-4.653728186E0,6.172608526E0,2.046743373E1
1.243409358E1,1.934644503E1,-2.654949317E0,5.292255830E0,2.023219373E1
1.244409558E1,1.711501422E1,-2.337432205E0,4.547617010E0,1.786247804E1
1.245409758E1,1.381477203E1,-2.781132815E0,4.046746271E0,1.466147269E1
1.246409958E1,1.106996271E1,-3.136668085E0,3.266383302E0,1.196043565E1
1.247410158E1,8.076851367E0,-2.897017028E0,2.131814135E0,8.841542126E0
1.248410358E1,4.478562562E0,-2.259873421E0,1.993052691E0,5.397852307E0
1.249410558E1,1.101940534E0,-5.751449955E-1,2.698918040E0,2.971400897E0
1.250410758E1,-2.313078405E0,6.270891742E-1,3.439209455E0,4.191865243E0
1.251410958E1,-5.117032903E0,1.271149161E0,3.958932202E0,6.593405046E0
1.252411158E1,-6.955431418E0,1.959681316E0,3.761985992E0,8.146834703E0
1.253411458E1,-8.215377168E0,2.297963060E0,3.418453009E0,9.190151099E0
1.254411658E1,-8.786195224E0,2.592018659E0,3.324088304E0,9.745016690E0
1.255411858E1,-8.987623617E0,2.628256778E0,3.686248177E0,1.006347542E1
1.256412058E1,-9.142629211E0,2.463712621E0,4.441555535E0,1.045872671E1
1.257412258E1,-9.244037472E0,2.263354999E0,5.306258157E0,1.089639299E1
1.258412458E1,-9.478655831E0,2.184553535E0,5.806062364E0,1.132817508E1
1.259412658E1,-9.999079074E0,2.067933304E0,6.682346567E0,1.220293760E1
1.260412858E1,-9.962695359E0,2.208634124E0,7.975324992E0,1.295141584E1
1.261413058E1,-9.826262276E0,2.747065183E0,8.438255487E0,1.324031545E1
1.262413258E1,-1.013845564E1,3.288315039E0,9.805881221E0,1.448297639E1
1.263413458E1,-1.060883959E1,3.690851982E0,1.128743235E1,1.592406967E1
1.264413758E1,-1.082481936E1,3.618319319E0,1.081239870E1,1.572186104E1
1.265414008E1,-1.026847082E1,3.760720362E0,9.155655053E0,1.426220636E1
1.266414208E1,-9.481733220E0,4.053085822E0,7.477766701E0,1.273765145E1
1.267414408E1,-8.235440719E0,4.499361986E0,8.173317561E0,1.244467204E1
1.268414608E1,-6.900878066E0,5.282278726E0,9.678199666E0,1.300738772E1
1.269414808E1,-6.142653825E0,5.886882579E0,1.058106297E1,1.357742524E1
1.270415008E1,-6.007887198E0,6.284458745E0,1.111260645E1,1.410954118E1
1.271415208E1,-6.282588805E0,6.564117036E0,1.108110048E1,1.433001544E1
1.272415408E1,-6.624560289E0,6.721267388E0,1.108837559E1,1.456064241E1
1.273415608E1,-6.841678516E0,6.916516444E0,1.094158943E1,1.464121388E1
1.274415808E1,-7.118041901E0,7.055745081E0,1.059692530E1,1.458577680E1
1.275416008E1,-7.697994477E0,7.017091477E0,1.028426532E1,1.463778689E1
1.276416308E1,-8.315973836E0,7.014246807E0,9.938377959E0,1.473521074E1
1.277416508E1,-8.786526176E0,6.868059983E0,9.640227263E0,1.474134566E1
1.278416708E1,-9.165447970E0,6.476649122E0,9.324369444E0,1.459096590E1
1.279416908E1,-9.517858488E0,6.000910885E0,8.967840148E0,1.438828407E1
1.280417108E1,-9.917905687E0,5.478144663E0,8.681020771E0,1.427357852E1
1.281417308E1,-9.830961099E0,5.222663439E0,8.534929258E0,1.402743836E1
1.282417508E1,-9.467867718E0,5.339336441E0,8.620314978E0,1.387295437E1
1.283417708E1,-8.994195887E0,5.751298512E0,8.952934425E0,1.393298349E1
1.284417908E1,-8.455284333E0,6.033044844E0,9.366619086E0,1.398652982E1
1.285418108E1,-7.842092675E0,5.924921640E0,9.962656767E0,1.399491493E1
1.286418308E1,-7.479091680E0,5.541513278E0,1.046389880E1,1.400494056E1
1.287418508E1,-7.259006576E0,5.301867483E0,1.067300225E1,1.395406580E1
1.288418708E1,-6.788616203E0,5.317750860E0,1.085531025E1,1.386367717E1
1.289419008E1,-6.211494849E0,5.444055396E0,1.104923784E1,1.379514640E1
1.290419208E1,-5.772592317E0,5.495998551E0,1.125550889E1,1.379185639E1
1.291419408E1,-5.451746238E0,5.470577196E0,1.138484930E1,1.375730881E1
1.292419608E1,-5.160737917E0,5.378494660E0,1.144206314E1,1.365584964E1
1.293419808E1,-4.997418167E0,5.080816419E0,1.155589673E1,1.357673131E1
1.294420008E1,-4.941051008E0,4.634059615E0,1.165672612E1,1.348212733E1
1.295420208E1,-4.893029580E0,4.228258756E0,1.174441564E1,1.340713278E1
1.296420408E1,-4.791820709E0,3.770974332E0,1.223086305E1,1.366659446E1
1.297420608E1,-4.458545789E0,3.094251798E0,1.434594129E1,1.533815687E1
1.298420808E1,-3.573728160E0,1.185723825E0,1.867725927E1,1.905301781E1
1.299421008E1,-5.302208376E-1,-1.795649229E0,2.458397034E1,2.465516351E1
1.300421308E1,7.861717685E0,-4.484376157E0,3.138924526E1,3.266804176E1
1.301421508E1,3.616628713E1,-6.119987093E0,4.257947584E1,5.620023425E1
1.302421708E1,8.022503368E1,-1.360545224E1,4.826275895E1,9.460686160E1
1.303421908E1,8.075105856E1,-3.166911405E1,3.092007637E1,9.208538085E1
1.304422108E1,6.500354319E1,-9.524038410E1,2.813859798E1,1.186927634E2
1.305422308E1,8.815809617E1,-3.754303978E1,3.105397995E1,1.007257635E2
1.306422508E1,5.491718506E1,2.551395420E0,-1.199072609E1,5.626885769E1
1.307422708E1,2.345688444E1,-3.022821043E0,-2.503687227E1,3.444136826E1
1.308422908E1,1.442693809E1,-1.301921449E0,-2.473038696E1,2.866048815E1
1.309423108E1,6.244700017E0,-4.503680154E0,-2.102894976E1,2.239410952E1
1.310423308E1,4.267334236E0,-7.189119485E0,-1.029563114E1,1.326248849E1
1.311423608E1,4.457412599E0,-7.433120871E0,-3.865697764E0,9.490175560E0
1.312423808E1,4.947236778E0,-4.751880133E0,4.017341208E-1,6.871455947E0
1.313424008E1,4.146345989E0,-1.588262815E0,4.671856309E0,6.445231198E0
1.314424208E1,1.432236298E0,3.759946775E-1,5.433392998E0,5.631556826E0
1.315424408E1,-7.440628695E-1,1.654711744E0,4.073579144E0,4.459343847E0
1.316424608E1,-1.699904289E0,2.236537768E0,3.131409100E0,4.206839518E0
1.317424808E1,-2.242332358E0,1.872994151E0,2.126112954E0,3.613380382E0
1.318425008E1,-2.038826450E0,1.223693013E0,9.354828760E-1,2.555262431E0
1.319425208E1,-9.893097121E-1,8.988345748E-1,5.342308581E-2,1.337718702E0
1.320425408E1,-3.007316566E-1,5.007777679E-1,-1.032553965E0,1.186332834E0
1.321425608E1,-1.006568938E-1,-1.871991938E-1,-1.393133043E0,1.409253357E0
1.322425808E1,2.074030781E-1,-6.308058107E-1,-1.777296866E0,1.897291795E0
1.323426108E1,4.576680011E-1,-7.033101153E-1,-2.193561171E0,2.348577384E0
1.324426308E1,1.475778759E-1,-6.123806494E-1,-2.012579468E0,2.108854050E0
1.325426508E1,-4.230442983E-1,-6.694833881E-1,-2.004909529E0,2.155652269E0
1.326426708E1,-9.091040397E-1,-8.263337785E-1,-2.463048377E0,2.752436189E0
1.327426908E1,-1.257596338E0,-7.284414482E-1,-2.825980960E0,3.177789149E0
1.328427108E1,-1.798733343E0,-3.589067745E-1,-2.650703069E0,3.223427131E0
1.329427308E1,-2.500385188E0,1.585624552E-1,-2.240054868E0,3.360790673E0
1.330427508E1,-2.969281012E0,6.784565252E-1,-1.854763117E0,3.566101402E0
1.331427708E1,-3.300699441E0,1.169098729E0,-1.376250962E0,3.762376291E0
1.332427908E1,-3.536541038E0,1.687319911E0,-6.813966514E-1,3.977244321E0
1.333428108E1,-3.684197851E0,2.015063950E0,2.451368783E-1,4.206410419E0
1.334428308E1,-3.793253685E0,2.289616452E0,1.126111754E0,4.571569173E0
1.335428608E1,-3.803182257E0,2.629065447E0,2.028225448E0,5.048750229E0
1.336428808E1,-3.727995250E0,3.034932965E0,2.839821319E0,5.583310112E0
1.337429008E1,-3.522165658E0,3.368318397E0,3.536279082E0,6.021336189E0
1.338429208E1,-3.256285746E0,3.664623712E0,3.922084218E0,6.278185122E0
1.339429408E1,-2.998523523E0,3.914779292E0,4.028051553E0,6.367247406E0
1.340429608E1,-2.722142011E0,4.130690069E0,3.991861966E0,6.356698792E0
1.341429808E1,-2.484776046E0,4.213222348E0,3.653880038E0,6.105423317E0
1.342430008E1,-2.369094146E0,4.161742292E0,2.875833151E0,5.585975500E0
1.343430208E1,-2.248407615E0,4.037471418E0,2.039925141E0,5.051515301E0
1.344430408E1,-2.085933373E0,3.842909410E0,1.071544368E0,4.501919380E0
1.345430608E1,-1.895644510E0,3.565473061E0,1.589869630E-1,4.041205651E0
1.346430808E1,-1.708828894E0,3.199269546E0,-5.070641094E-1,3.662312907E0
1.347431108E1,-1.622102407E0,2.757808272E0,-1.022525990E0,3.358910848E0
1.348431308E1,-1.608107681E0,2.239139194E0,-1.078027176E0,2.960050208E0
1.349431508E1,-1.722904896E0,1.771928537E0,-9.024943471E-1,2.631088761E0
1.350431708E1,-2.261755639E0,1.156177552E0,-1.409081908E0,2.904788620E0
1.351431908E1,-2.640638257E0,6.007768500E-1,-2.143190478E0,3.453573316E0
1.352432108E1,-2.739312944E0,4.767079970E-1,-2.391768479E0,3.667648072E0
1.353432308E1,-2.744223436E0,6.794675088E-1,-2.785072669E0,3.968509561E0
1.354432508E1,-2.549348018E0,1.024455864E0,-3.050035738E0,4.105046058E0
1.355432708E1,-2.279244077E0,1.411757302E0,-3.413451886E0,4.340468410E0
1.356432908E1,-1.944550914E0,1.712693611E0,-3.684193758E0,4.504207068E0
1.357433108E1,-1.390958464E0,1.930175827E0,-3.445828503E0,4.187371281E0
1.358433308E1,-9.998256370E-1,1.724836524E0,-2.817266854E0,3.451333781E0
1.359433608E1,-6.943387324E-1,1.435109912E0,-2.089658634E0,2.628368304E0
1.360433808E1,-1.919582427E-1,1.074655672E0,-1.473777257E0,1.834053484E0
1.361434008E1,5.157627198E-1,4.615847585E-1,-9.602613294E-1,1.183711744E0
1.362434208E1,1.437816880E0,-2.139525443E-1,-7.531740010E-1,1.637181770E0
1.363434408E1,2.672845890E0,-8.316240469E-1,-6.004149073E-1,2.862900936E0
1.364434608E1,4.144981248E0,-1.742707369E0,-1.203939364E0,4.654822071E0
1.365434821E1,6.667396406E0,-2.942173905E0,-2.688399484E0,7.767757328E0
1.366435021E1,9.209275775E0,-5.901733922E0,-3.467894726E0,1.147464672E1
1.367435221E1,1.238060323E1,-1.278855762E1,-6.338070695E0,1.889438230E1
1.368435421E1,1.993231382E1,-9.899417961E0,-3.640964708E0,2.255110273E1
1.369435621E1,2.205013089E1,1.362590697E0,3.762962769E0,2.241037292E1
1.370435921E1,1.502992987E1,-1.128732769E0,2.717558963E0,1.531528505E1
1.371436121E1,9.571408458E0,-4.795102167E0,1.704161062E0,1.084015819E1
1.372436321E1,7.627435541E0,-6.392108324E0,3.645015659E0,1.059825273E1
1.373436521E1,7.318481530E0,-6.798845322E0,6.205478064E0,1.175978008E1
1.374436721E1,7.423736674E0,-6.288917831E0,8.013976257E0,1.260500572E1
1.375436921E1,8.023472135E0,-5.567450357E0,8.918963272E0,1.322575194E1
1.376437121E1,9.578443828E0,-5.225585293E0,9.197140464E0,1.427027402E1
1.377437321E1,1.168302105E1,-5.208810216E0,9.265816596E0,1.579493722E1
1.378437521E1,1.405641173E1,-4.905700496E0,1.007585302E1,1.797696921E1
1.379437721E1,1.569680715E1,-4.663200676E0,1.069491996E1,1.955802925E1
1.380437921E1,1.686235954E1,-4.666628021E0,1.083140917E1,2.057756086E1
1.381438121E1,1.754117918E1,-4.798862511E0,9.688725824E0,2.060566564E1
1.382438421E1,1.748472431E1,-4.432735302E0,7.979367757E0,1.972397111E1
1.383438621E1,1.702230662E1,-3.681707522E0,6.463410441E0,1.857658654E1
1.384438821E1,1.618159629E1,-3.113027208E0,5.541503922E0,1.738514488E1
1.385439021E1,1.503677696E1,-2.371728902E0,5.073452436E0,1.604586173E1
1.386439221E1,1.272595499E1,-1.828115894E0,4.366720530E0,1.357793012E1
1.387439421E1,9.095764947E0,-1.653617145E0,3.499760882E0,9.885125991E0
1.388439621E1,5.237386728E0,-2.151478614E0,2.666862434E0,6.258692771E0
1.389439821E1,1.998363132E0,-1.952681468E0,1.782522522E0,3.314182654E0
1.390440021E1,-7.869036645E-1,-1.252729116E0,1.597265189E0,2.177109023E0
1.391440221E1,-3.323355063E0,-6.579158413E-1,2.003782478E0,3.936074993E0
1.392440421E1,-5.494239124E0,-1.259002009E-1,2.133081958E0,5.895129604E0
1.393440621E1,-6.696693295E0,7.984358355E-1,2.579472288E0,7.220587106E0
1.394440921E1,-7.508644677E0,1.536567874E0,3.329488208E0,8.356211908E0
1.395441121E1,-8.038126427E0,2.028912495E0,3.793436118E0,9.116913949E0
1.396441321E1,-8.328903199E0,2.287003039E0,4.177710746E0,9.594492090E0
1.397441521E1,-8.509017906E0,2.341471023E0,4.794440554E0,1.004353187E1
1.398441721E1,-8.673921082E0,2.376806039E0,5.396128693E0,1.048829437E1
1.399441921E1,-8.776617485E0,2.503304995E0,5.905164483E0,1.087044240E1
1.400442121E1,-8.803884221E0,2.628859041E0,6.918895091E0,1.150175580E1
1.401442321E1,-8.929491768E0,2.670256158E0,8.801995570E0,1.281956385E1
1.402442521E1,-9.395637063E0,2.615979379E0,9.317610063E0,1.348848402E1
1.403442721E1,-9.783161865E0,2.673716833E0,9.252256903E0,1.372819273E1
1.404442921E1,-9.963854277E0,2.801867919E0,9.814869561E0,1.426395879E1
1.405443121E1,-9.785132377E0,3.078413738E0,1.076712371E1,1.487132811E1
1.406443421E1,-9.341429281E0,3.327159262E0,1.162805137E1,1.528214214E1
1.407443621E1,-8.624304534E0,3.521309333E0,1.289379581E1,1.590686073E1
1.408443821E1,-7.676715875E0,3.881669433E0,1.374072056E1,1.621131474E1
1.409444021E1,-6.725943407E0,4.560959479E0,1.340454308E1,1.567553639E1
1.410444221E1,-6.490349733E0,5.060502607E0,1.221375761E1,1.472783763E1
1.411444421E1,-7.011029084E0,5.133926679E0,1.075984276E1,1.383061633E1
1.412444621E1,-7.880988938E0,5.192961338E0,9.019443580E0,1.305477677E1
1.413444821E1,-8.660387117E0,5.398299179E0,7.264784210E0,1.252681239E1
1.414445021E1,-9.259384074E0,5.640755146E0,5.966005347E0,1.237527906E1
1.415445221E1,-9.764567719E0,5.974663319E0,5.079601368E0,1.252380671E1
1.416445421E1,-1.017279400E1,6.300270785E0,4.323302615E0,1.272281790E1
1.417445621E1,-1.042388514E1,6.572376228E0,3.436344320E0,1.279304393E1
1.418445921E1,-1.060313504E1,6.705271745E0,2.401287600E0,1.277314856E1
1.419446121E1,-1.072433496E1,6.733950584E0,1.316796473E0,1.273151223E1
1.420446321E1,-1.090527003E1,6.685622177E0,4.648116541E-1,1.279994173E1
1.421446521E1,-1.105076279E1,6.621823792E0,-1.085675919E-1,1.288331073E1
1.422446721E1,-1.103845089E1,6.666631590E0,-4.102184308E-1,1.290192443E1
1.423446921E1,-1.111488102E1,6.773366665E0,-8.348701286E-1,1.304285567E1
1.424447121E1,-1.130311692E1,6.819436292E0,-1.253225545E0,1.326030685E1
1.425447321E1,-1.138149534E1,6.768497688E0,-1.372162004E0,1.331291950E1
1.426447521E1,-1.130194280E1,6.796892352E0,-1.597000895E0,1.328465538E1
1.427447721E1,-1.083639685E1,7.066678205E0,-1.691497162E0,1.304709163E1
1.428447921E1,-1.033924552E1,7.437320926E0,-1.442246731E0,1.281771493E1
1.429448121E1,-1.021713695E1,7.620214815E0,-9.550743375E-1,1.278161681E1
1.430448421E1,-1.034800699E1,7.641126212E0,-4.455023938E-1,1.287115111E1
1.431448621E1,-1.040004955E1,7.516234363E0,-9.855189621E-2,1.283216747E1
1.432448821E1,-1.017941305E1,7.310922834E0,9.032479070E-2,1.253308427E1
1.433449021E1,-9.807824836E0,7.003549325E0,1.510699061E-1,1.205263263E1
1.434449221E1,-9.485074904E0,6.806288828E0,3.018606808E-1,1.167832751E1
1.435449421E1,-9.152816230E0,6.824543250E0,6.051189923E-1,1.143304878E1
1.436449621E1,-9.013381187E0,6.839843659E0,8.968693256E-1,1.135028089E1
1.437449821E1,-9.030180237E0,6.824599383E0,1.280047308E0,1.139112957E1
1.438450021E1,-9.316328938E0,6.697032434E0,2.565658826E0,1.175699084E1
1.439450221E1,-1.035639657E1,5.693219288E0,7.299290383E0,1.389054844E1
1.440450421E1,-1.027951271E1,3.228698582E0,2.039549984E1,2.306662719E1
1.441450621E1,-4.682151502E0,-1.539374830E0,3.808580641E1,3.840339656E1
1.442450821E1,1.844463481E1,-1.026435672E1,4.986320269E1,5.414702720E1
1.443451121E1,4.548810544E1,-3.208816529E1,6.608548390E1,8.640665061E1
1.444451321E1,4.076101984E1,-4.267083741E1,4.821689339E1,7.620452685E1
1.445451521E1,3.051789318E1,-3.809225706E1,3.012188933E1,5.735581984E1
1.446451721E1,2.987560461E1,-6.103393865E1,2.733490053E1,7.324541081E1
1.447451921E1,6.600232246E1,-5.071379013E0,1.978464590E1,6.909021399E1
1.448452121E1,5.106273793E1,4.554472870E0,7.112941375E0,5.175654898E1
1.449452321E1,2.708946249E1,-2.521395111E0,2.915583107E0,2.736232877E1
1.450452521E1,1.420564203E1,-6.868385088E0,-9.463218597E0,1.839911643E1
1.451452721E1,4.699245252E0,-1.058648217E1,-1.594878823E1,1.971091973E1
1.452452921E1,-1.761187202E-1,-1.107775354E1,-1.859904808E1,2.164883902E1
1.453453121E1,-1.498569451E0,-9.779690373E0,-1.687643964E1,1.956277764E1
1.454453421E1,-8.699721336E-1,-7.605457027E0,-1.031829963E1,1.284784555E1
1.455453621E1,-8.515767932E-2,-5.931989170E0,-4.412097262E0,7.393399055E0
1.456453821E1,1.146520291E0,-3.447216048E0,-3.728207723E-1,3.651958733E0
1.457454021E1,2.049807521E0,-9.132783669E-1,2.089020995E0,3.065908832E0
1.458454221E1,2.197756110E0,1.378461210E0,4.747518987E0,5.410103859E0
1.459454421E1,6.125700992E-1,2.773751290E0,6.016531137E0,6.653389007E0
1.460454621E1,-1.024138067E0,3.087293612E0,5.659222991E0,6.527407257E0
1.461454821E1,-1.045797324E0,3.436253103E0,5.966719877E0,6.964429159E0
1.462455021E1,-1.530625641E-1,4.006571807E0,4.425277179E0,5.971526095E0
1.463455221E1,2.141074955E-2,3.094649994E0,7.950672546E-1,3.195222832E0
1.464455421E1,-4.126099420E-1,1.828972219E0,-2.611094030E0,3.214529262E0
1.465455546E1,-9.058670211E-1,1.187918285E0,-4.873721197E0,5.097538937E0
1.466455746E1,-1.904984853E0,1.027022791E0,-5.391005362E0,5.809189437E0
1.467456046E1,-3.227545511E0,8.462151888E-1,-4.918921051E0,5.943813126E0
1.468456246E1,-4.312129755E0,6.483082813E-1,-3.944422921E0,5.879901260E0
1.469456446E1,-4.747690603E0,5.288560975E-1,-2.795986497E0,5.535141853E0
1.470456646E1,-4.856468695E0,6.178343475E-1,-1.668939043E0,5.172268844E0
1.471456846E1,-4.824161074E0,8.747197804E-1,-3.566219750E-1,4.915775015E0
1.472457046E1,-4.469067269E0,1.516368083E0,8.848155829E-1,4.801544859E0
1.473457246E1,-3.884621692E0,2.167935310E0,2.038505145E0,4.893437690E0
1.474457446E1,-3.480817072E0,2.599057829E0,2.920736843E0,5.234681728E0
1.475457646E1,-3.111533829E0,2.867591793E0,3.671981263E0,5.602514780E0
1.476457846E1,-2.717019850E0,3.054060669E0,4.462026637E0,6.051377128E0
1.477458046E1,-2.344511282E0,3.152791783E0,5.121693134E0,6.455119653E0
1.478458346E1,-2.079213753E0,3.173610209E0,5.570468105E0,6.739810569E0
1.479458546E1,-1.828378726E0,3.191024972E0,5.639692122E0,6.732884699E0
1.480458746E1,-1.745540637E0,3.224079866E0,5.390155177E0,6.518847746E0
1.481458946E1,-1.745961052E0,3.204775869E0,4.914910446E0,6.121708344E0
1.482459146E1,-1.903537667E0,3.086214216E0,4.065627515E0,5.447706024E0
1.483459346E1,-2.268070632E0,2.773692818E0,2.684855194E0,4.477271899E0
1.484459546E1,-2.247290797E0,2.604467381E0,8.926531908E-1,3.553926840E0
1.485459746E1,-1.700939246E0,2.839205022E0,-9.666996986E-1,3.448012150E0
1.486459946E1,-1.472396144E0,3.268794694E0,-1.902441022E0,4.058602099E0
1.487460146E1,-1.966487621E0,2.965209889E0,-1.776543744E0,3.976889604E0
1.488460346E1,-2.227396815E0,2.534092047E0,-1.438028550E0,3.667539391E0
1.489460546E1,-3.615790105E0,1.594384558E0,-1.144574338E0,4.114128172E0
1.490460846E1,-5.283187968E0,5.509553567E-1,-2.790994729E0,6.000439858E0
1.491461046E1,-6.092893435E0,2.502535209E-1,-3.450791035E0,7.006706502E0
1.492461246E1,-5.982182838E0,5.343299684E-1,-3.786629959E0,7.100041301E0
1.493461446E1,-5.248480650E0,1.032337910E0,-3.617908552E0,6.457672412E0
1.494461646E1,-4.636023695E0,1.306178514E0,-3.310295307E0,5.844388165E0
1.495461846E1,-4.179601443E0,1.241680802E0,-3.027683587E0,5.308267828E0
1.496462046E1,-3.586218982E0,1.093312090E0,-2.596054991E0,4.560241159E0
1.497462246E1,-2.965440854E0,9.452047491E-1,-1.855430285E0,3.623516664E0
1.498462446E1,-2.369687639E0,5.788585621E-1,-8.629519665E-1,2.587505138E0
1.499462646E1,-1.701492977E0,1.237004784E-1,8.988164485E-2,1.708349750E0
1.500462946E1,-3.371530858E-1,-6.624456793E-2,1.235540056E0,1.282427299E0
1.501463146E1,1.732753654E0,-4.077289787E-1,1.881114179E0,2.589839513E0
1.502463346E1,3.792341227E0,-1.169311276E0,1.535202842E0,4.255113231E0
1.503463546E1,5.748748541E0,-2.063291200E0,1.429743630E0,6.272913773E0
1.504463746E1,7.006565319E0,-3.540497264E0,9.540410614E-1,7.908051138E0
1.505463946E1,8.026941288E0,-7.242530876E0,-6.713954276E-1,1.083221177E1
1.506464146E1,1.255356387E1,-1.990171183E1,-5.375879785E0,2.413649070E1
1.507464346E1,2.810263995E1,-2.444508903E0,7.676055139E-1,2.821919939E1
1.508464546E1,2.666447282E1,5.882711760E0,2.189699231E0,2.739334209E1
1.509464846E1,1.484070227E1,-8.652709723E-2,1.945706617E0,1.496795594E1
1.510465046E1,6.042029675E0,-3.982675698E0,2.339764513E0,7.605414275E0
1.511465246E1,4.650925616E0,-5.328386360E0,3.341840743E0,7.822449095E0
1.512465446E1,5.480902795E0,-4.893302353E0,3.137392263E0,7.989238610E0
1.513465646E1,6.525006180E0,-4.255621678E0,3.426248517E0,8.510299667E0
1.514465846E1,7.748074710E0,-4.586987482E0,3.313298437E0,9.594324489E0
1.515466046E1,9.978374083E0,-5.445152918E0,3.662773653E0,1.194292889E1
1.516466246E1,1.273491760E1,-6.007046953E0,4.135373104E0,1.467528706E1
1.517466446E1,1.524709896E1,-5.721518058E0,4.124099087E0,1.679934490E1
1.518466646E1,1.744857332E1,-5.284733972E0,4.552628366E0,1.879115614E1
1.519466946E1,1.895799929E1,-5.240957623E0,5.845606499E0,2.051936864E1
1.520467146E1,1.989625755E1,-4.798529804E0,7.624894341E0,2.184092412E1
1.521467346E1,2.035532245E1,-3.445632037E0,8.072933732E0,2.216717824E1
1.522467546E1,1.964956586E1,-1.854836500E0,8.051879078E0,2.131615851E1
1.523467746E1,1.768574808E1,-7.780676445E-1,6.910235950E0,1.900374793E1
1.524467946E1,1.535781248E1,1.923470825E-2,4.421889594E0,1.598173588E1
1.525468146E1,1.276071786E1,1.264037924E-1,2.177722964E0,1.294582463E1
1.526468346E1,1.006245237E1,-5.632235460E-1,1.082580403E0,1.013618018E1
1.527468546E1,6.998048850E0,-1.096537853E0,5.233071994E-1,7.102741259E0
1.528468846E1,3.803361767E0,-6.912019935E-1,8.223524094E-2,3.866533792E0
1.529469046E1,1.250097869E0,-1.165249215E-1,3.083505785E-1,1.292827451E0
1.530469246E1,-1.161207912E0,5.973623684E-1,7.881345765E-1,1.525254643E0
1.531469446E1,-3.151976096E0,1.877292001E0,1.611790842E0,4.007124690E0
1.532469646E1,-5.759667631E0,2.039278732E0,2.527690516E0,6.612234744E0
1.533469846E1,-8.139504282E0,1.931490720E0,2.793155276E0,8.819518284E0
1.534470046E1,-9.401321141E0,1.868923027E0,1.751601423E0,9.744014574E0
1.535470246E1,-9.681884581E0,2.143740263E0,5.448903322E-1,9.931335098E0
1.536470446E1,-9.871421492E0,2.078768633E0,3.491536188E-1,1.009396600E1
1.537470746E1,-1.010901842E1,1.795059099E0,4.955833939E-1,1.027910957E1
1.538470946E1,-1.035783031E1,1.655064038E0,7.130888526E-1,1.051343814E1
1.539471146E1,-1.050986260E1,1.593697802E0,1.065569391E0,1.068328239E1
1.540471346E1,-1.071891225E1,1.545651085E0,1.483117160E0,1.093086244E1
1.541471546E1,-1.100778225E1,1.527585528E0,2.561198570E0,1.140458354E1
1.542471746E1,-1.120692789E1,1.512115695E0,4.009348942E0,1.199819176E1
1.543471946E1,-1.154289837E1,1.494209475E0,5.514336004E0,1.287940474E1
1.544472146E1,-1.207009152E1,1.548088936E0,7.164685725E0,1.412148754E1
1.545472346E1,-1.222212264E1,1.821989620E0,8.963122029E0,1.526556532E1
1.546472646E1,-1.169900617E1,2.377957210E0,1.075391368E1,1.606760982E1
1.547472846E1,-1.159183840E1,2.658571082E0,1.169605098E1,1.668041745E1
1.548473046E1,-1.073977629E1,2.852567664E0,1.236180209E1,1.662209638E1
1.549473246E1,-9.383777155E0,3.258106568E0,1.208049957E1,1.563998088E1
1.550473446E1,-8.301406667E0,3.816391118E0,1.125083346E1,1.449342773E1
1.551473646E1,-7.961653032E0,4.352879293E0,1.195031131E1,1.500484647E1
1.552473846E1,-8.361664563E0,4.575819885E0,1.268338258E1,1.586580460E1
1.553474046E1,-9.245858880E0,4.436274622E0,1.099547737E1,1.503552332E1
1.554474246E1,-1.018344061E1,4.373648896E0,9.668944693E0,1.470781285E1
1.555474546E1,-1.101770497E1,4.196153156E0,8.904356343E0,1.477447414E1
1.556474746E1,-1.152954216E1,4.089725060E0,8.113072529E0,1.467917366E1
1.557474946E1,-1.166544198E1,4.250727266E0,7.327907826E0,1.441698484E1
1.558475146E1,-1.160398190E1,4.500724679E0,6.665135288E0,1.411853204E1
1.559475346E1,-1.147015199E1,4.759400530E0,6.041846657E0,1.381014812E1
1.560475546E1,-1.128793989E1,4.947589365E0,5.463565215E0,1.348134905E1
1.561475746E1,-1.106344189E1,5.010163928E0,5.001367376E0,1.313450283E1
1.562475946E1,-1.079523947E1,5.085586578E0,4.708000580E0,1.282831460E1
1.563476146E1,-1.052459056E1,5.187489513E0,4.500098442E0,1.256693837E1
1.564476446E1,-1.030222329E1,5.250254695E0,4.454397190E0,1.239123212E1
1.565476708E1,-1.017101879E1,5.203861717E0,4.654300044E0,1.233662470E1
1.566476908E1,-1.006629516E1,5.126621752E0,5.178729799E0,1.242705883E1
1.567477108E1,-1.001696337E1,4.996860927E0,5.963344279E0,1.268343996E1
1.568477308E1,-9.918243656E0,4.918162082E0,6.896522475E0,1.304307854E1
1.569477508E1,-9.840254663E0,4.885915565E0,7.786671011E0,1.346606951E1
1.570477708E1,-9.727502219E0,4.859335877E0,8.388215600E0,1.373315716E1
1.571477908E1,-9.461405960E0,4.811034660E0,8.686088553E0,1.371540709E1
1.572478208E1,-9.152878795E0,4.663018535E0,8.512820351E0,1.334117845E1
1.573478408E1,-8.918141738E0,4.377924087E0,7.971600900E0,1.273757796E1
1.574478608E1,-8.859194788E0,4.265970080E0,7.470824887E0,1.234896990E1
1.575478808E1,-8.800878752E0,4.334022023E0,7.162308247E0,1.214651691E1
1.576479008E1,-8.769399097E0,4.404823618E0,7.456430211E0,1.232490094E1
1.577479208E1,-9.035003021E0,3.996014951E0,9.249549057E0,1.353342428E1
1.578479408E1,-8.783625957E0,2.321197557E0,1.264231759E1,1.556818027E1
1.579479608E1,-7.260109946E0,-2.616699171E-1,1.827979128E1,1.967049660E1
1.580479908E1,-2.479442800E0,-3.565331558E0,2.486491970E1,2.524130459E1
1.581480108E1,2.432637710E1,-1.183152161E1,3.383621379E1,4.332028267E1
1.582480308E1,8.056977616E1,-1.720856383E1,6.294116006E1,1.036784121E2
1.583480508E1,8.057145081E1,-3.466723879E1,3.963699320E1,9.625314208E1
1.584480708E1,5.993692615E1,-3.583716140E1,1.082700856E1,7.066796563E1
1.585480908E1,4.364775278E1,-4.621595281E1,7.979050838E0,6.406797850E1
1.586481108E1,7.487506993E1,-7.001669446E0,1.306619161E1,7.632840123E1
1.587481308E1,5.552649768E1,1.206812335E1,-5.124417352E0,5.705340655E1
1.588481608E1,2.333090267E1,-2.030572374E0,-1.074714729E1,2.576733239E1
1.589481808E1,1.154486655E1,-5.988287331E0,-1.428136347E1,1.931581920E1
1.590482008E1,5.050039015E0,-6.522714071E0,-1.443935875E1,1.662960534E1
1.591482208E1,2.003329173E0,-3.787722512E0,-1.039591908E1,1.124434538E1
1.592482408E1,-2.656162030E-1,-2.610143273E0,-4.967541819E0,5.617817333E0
1.593482608E1,-1.489040244E0,-4.998632634E-1,-1.895426409E0,2.461655013E0
1.594482808E1,-2.799329935E0,1.126238931E0,1.025997774E0,3.187057208E0
1.595483008E1,-4.061831503E0,2.004375532E0,3.253515627E0,5.576859364E0
1.596483308E1,-5.009460508E0,2.928728233E0,5.044024569E0,7.688584232E0
1.597483508E1,-5.125431259E0,3.901840865E0,5.068691633E0,8.196709254E0
1.598483708E1,-5.108853818E0,4.565444586E0,5.694440771E0,8.909002598E0
1.599483908E1,-4.121680094E0,5.357014913E0,6.213091139E0,9.180869080E0
1.600484108E1,-2.813962592E0,5.537717265E0,4.241267056E0,7.521505449E0
1.601484308E1,-1.373525575E0,4.701281253E0,1.378505064E0,5.088113023E0
1.602484508E1,3.697305554E-1,3.608146918E0,-1.874484022E0,4.082782778E0
1.603484708E1,7.325537950E-1,1.755135626E0,-3.652288133E0,4.117808244E0
1.604485008E1,-7.055326420E-1,-4.367992884E-1,-4.024075154E0,4.108740777E0
1.605485208E1,-1.636341546E0,-1.639719483E0,-5.437606502E0,5.910487129E0
1.606485408E1,-1.761055055E0,-2.111356774E0,-6.158330795E0,6.744196061E0
1.607485608E1,-1.525668372E0,-1.945425658E0,-5.845344543E0,6.346684001E0
1.608485808E1,-1.822704588E0,-1.680467851E0,-4.442758892E0,5.087664571E0
1.609486008E1,-1.966634971E0,-1.062363947E0,-2.861879940E0,3.631339568E0
1.610486208E1,-2.097028465E0,-6.713656068E-2,-1.101282430E0,2.369569305E0
1.611486408E1,-2.342278231E0,8.817235753E-1,6.439617535E-1,2.584258213E0
1.612486608E1,-2.647675381E0,1.541727457E0,1.859062575E0,3.583744150E0
1.613486908E1,-2.969740604E0,1.986494747E0,2.561967186E0,4.396498208E0
1.614487108E1,-3.077742185E0,2.356993041E0,3.029181936E0,4.919741493E0
1.615487308E1,-3.017985395E0,2.673455170E0,3.431226836E0,5.294234222E0
1.616487508E1,-2.923082746E0,2.939943193E0,4.014696805E0,5.771089079E0
1.617487708E1,-2.743604216E0,3.176029202E0,4.875536173E0,6.433146863E0
1.618487908E1,-2.437951543E0,3.436546049E0,5.676257100E0,7.069183201E0
1.619488108E1,-2.182506571E0,3.534859963E0,6.330380437E0,7.571808659E0
1.620488308E1,-1.877984750E0,3.580883982E0,6.677912039E0,7.806668048E0
1.621488608E1,-1.530500511E0,3.554170977E0,6.486397015E0,7.553006645E0
1.622488808E1,-1.254728864E0,3.422933146E0,5.603018385E0,6.684656376E0
1.623489008E1,-1.261795224E0,3.007090863E0,4.247955979E0,5.355357378E0
1.624489208E1,-1.327989213E0,2.538268713E0,2.470934517E0,3.783104651E0
1.625489408E1,-9.154839367E-1,2.309357822E0,1.007961161E0,2.680900985E0
1.626489608E1,-5.554509884E-1,2.101771434E0,-4.445462644E-1,2.218916479E0
1.627489808E1,-7.403785390E-1,1.595206676E0,-2.365035009E0,2.947241985E0
1.628490008E1,-4.319706577E-1,1.472055544E0,-4.242154956E0,4.511033678E0
1.629490308E1,-1.183716184E-1,1.580067943E0,-4.269969576E0,4.554477657E0
1.630490508E1,-3.901905477E-1,1.609624156E0,-3.184634550E0,3.589573206E0
1.631490708E1,-1.594346259E0,8.788154626E-1,-2.248160863E0,2.892833192E0
1.632490908E1,-2.493330522E0,2.360401091E-1,-2.368070884E0,3.446762501E0
1.633491108E1,-4.116419939E0,-4.724462539E-1,-3.492829008E0,5.419222550E0
1.634491308E1,-4.822785809E0,-7.828161684E-1,-4.443753503E0,6.604468889E0
1.635491508E1,-4.499680659E0,-8.252549672E-1,-5.062540947E0,6.823305110E0
1.636491708E1,-4.006782891E0,-6.854117882E-1,-4.819979730E0,6.305259952E0
1.637492008E1,-3.160587583E0,-5.091033259E-1,-3.388501232E0,4.661592074E0
1.638492208E1,-1.973034164E0,-4.706096435E-1,-1.823409178E0,2.727482040E0
1.639492408E1,-7.845741338E-1,-3.779283518E-1,-8.529438722E-1,1.218974840E0
1.640492608E1,1.010874828E0,4.306579578E-1,-9.669715941E-2,1.103034240E0
1.641492808E1,3.232654516E0,7.554055908E-1,4.082268691E-1,3.344748421E0
1.642493008E1,5.404783157E0,5.335812324E-1,6.121444219E-1,5.465446980E0
1.643493208E1,7.816579519E0,9.094320685E-2,-3.294508410E-1,7.824047795E0
1.644493408E1,1.105563001E1,-1.358049749E0,-3.190698697E0,1.158670843E1
1.645493608E1,1.343793302E1,-1.076137707E1,-6.480243405E0,1.839507637E1
1.646493908E1,2.263946240E1,-1.255310779E1,-1.926122537E0,2.595834588E1
1.647494108E1,3.205016540E1,3.911967366E0,4.737174386E0,3.263368524E1
1.648494308E1,2.250410872E1,-1.464057138E0,4.884324245E0,2.307455299E1
1.649494508E1,1.177252789E1,-5.362063399E0,4.649918141E0,1.374648593E1
1.650494708E1,8.972627263E0,-5.960109015E0,4.684197443E0,1.174617577E1
1.651494908E1,9.784828906E0,-5.005934637E0,5.664111848E0,1.236464400E1
1.652495108E1,1.228496266E1,-4.055027683E0,6.586413054E0,1.451703806E1
1.653495408E1,1.572271850E1,-4.491631382E0,6.796542689E0,1.770795364E1
1.654495608E1,1.884114386E1,-5.469948621E0,6.738689167E0,2.074413101E1
1.655495808E1,2.168117626E1,-6.425713441E0,7.274422175E0,2.375458725E1
1.656496008E1,2.314946591E1,-7.532655684E0,8.833026159E0,2.589712387E1
1.657496208E1,2.276222820E1,-7.707157064E0,9.369149176E0,2.579341503E1
1.658496408E1,2.150970082E1,-6.774479975E0,7.797847964E0,2.386141741E1
1.659496608E1,1.993822419E1,-6.325100986E0,5.208420791E0,2.155614375E1
1.660496808E1,1.798077168E1,-5.624430889E0,3.458583620E0,1.915474285E1
1.661497108E1,1.557850044E1,-4.294852695E0,1.790899390E0,1.625862098E1
1.662497308E1,1.250270245E1,-3.216541051E0,1.110457588E0,1.295750057E1
1.663497508E1,8.990070677E0,-1.869035440E0,1.318165306E0,9.276433799E0
1.664497708E1,5.481046636E0,-4.968893695E-1,1.553724482E0,5.718638915E0
1.665497837E1,1.741075704E0,4.737143688E-1,1.784840358E0,2.537992319E0
1.666498037E1,-1.745961637E0,7.777127185E-1,2.027084656E0,2.786088892E0
1.667498237E1,-4.441223413E0,8.939503956E-1,2.327817482E0,5.093363029E0
1.668498437E1,-6.508493643E0,1.044761489E0,2.502870839E0,7.050984223E0
1.669498637E1,-7.948737702E0,1.301808598E0,2.674291906E0,8.486988505E0
1.670498937E1,-8.955448143E0,1.407956319E0,2.695137230E0,9.457597852E0
1.671499137E1,-9.395285060E0,1.328878867E0,2.921442602E0,9.928349676E0
1.672499337E1,-9.499495307E0,1.235999940E0,3.493786197E0,1.019679601E1
1.673499537E1,-9.624335700E0,1.158188921E0,4.304019375E0,1.060631048E1
1.674499737E1,-9.843327960E0,9.714191325E-1,5.834313186E0,1.148363927E1
1.675499937E1,-1.009749122E1,7.396862286E-1,7.558094580E0,1.263452644E1
1.676500137E1,-1.041403375E1,4.701291485E-1,9.189666553E0,1.389687345E1
1.677500337E1,-1.106032883E1,-4.336558253E-2,1.026922979E1,1.509270801E1
1.678500537E1,-1.165403640E1,-5.295811522E-1,1.021028986E1,1.550312999E1
1.679500837E1,-1.193687324E1,-5.473072788E-1,9.288569866E0,1.513492709E1
1.680501037E1,-1.193048106E1,-2.627276784E-1,9.020186176E0,1.495891583E1
1.681501238E1,-1.124643986E1,1.575888938E-1,1.044577945E1,1.534996913E1
1.682501437E1,-9.705913714E0,8.759683071E-1,1.191250087E1,1.539089856E1
1.683501637E1,-8.470555506E0,1.596871671E0,1.205869998E1,1.482270403E1
1.684501837E1,-8.293858497E0,2.084183886E0,1.095217172E1,1.389539408E1
1.685502037E1,-9.215903009E0,2.366808178E0,9.549030579E0,1.348030542E1
1.686502237E1,-1.021253402E1,2.770132449E0,9.205400240E0,1.402529424E1
1.687502437E1,-1.092613757E1,3.166937951E0,8.730522130E0,1.433987430E1
1.688502737E1,-1.154325622E1,3.525526930E0,7.619262303E0,1.427337600E1
1.689502937E1,-1.199548105E1,3.847210037E0,6.449043832E0,1.415212906E1
1.690503138E1,-1.216944975E1,4.222295473E0,5.307773756E0,1.393182502E1
1.691503337E1,-1.209956383E1,4.635369684E0,4.240724727E0,1.363340908E1
1.692503537E1,-1.203808737E1,4.995447071E0,3.296240355E0,1.344378070E1
1.693503737E1,-1.203697523E1,5.241926506E0,2.404443927E0,1.334720633E1
1.694503937E1,-1.205463031E1,5.469466810E0,1.739250787E0,1.335118618E1
1.695504137E1,-1.196179290E1,5.745087014E0,1.321429807E0,1.333554239E1
1.696504437E1,-1.184089587E1,6.049769050E0,1.085909881E0,1.334112892E1
1.697504637E1,-1.165594025E1,6.294525896E0,7.524138629E-1,1.326831286E1
1.698504837E1,-1.141820884E1,6.456510726E0,4.932734513E-1,1.312651296E1
1.699505038E1,-1.094152745E1,6.802606251E0,3.247520185E-1,1.288789892E1
1.700505237E1,-1.062364941E1,7.001077707E0,1.427075107E-2,1.272309788E1
1.701505437E1,-1.059328014E1,7.002514368E0,-3.107163620E-1,1.270233586E1
1.702505637E1,-1.069189344E1,7.040228325E0,-4.832302737E-1,1.281073423E1
1.703505837E1,-1.064350188E1,7.152057493E0,-3.534022788E-1,1.282813127E1
1.704506038E1,-1.049619999E1,7.362092988E0,-1.907068654E-1,1.282212917E1
1.705506337E1,-1.033413038E1,7.646717319E0,2.207943714E-1,1.285749924E1
1.706506537E1,-1.006604490E1,7.891688758E0,8.557692468E-1,1.281937410E1
1.707506737E1,-9.761330116E0,8.134513099E0,1.544827359E0,1.280001408E1
1.708506937E1,-9.532213987E0,8.141606941E0,1.972999080E0,1.269021641E1
1.709507137E1,-9.322426414E0,7.909506978E0,1.895726956E0,1.237181133E1
1.710507337E1,-9.079088688E0,7.652862743E0,1.538031725E0,1.197337468E1
1.711507537E1,-8.844636390E0,7.382529591E0,1.159271314E0,1.157900022E1
1.712507737E1,-8.499139620E0,7.200389993E0,8.538180310E-1,1.117183940E1
1.713508038E1,-7.902630653E0,7.246164921E0,7.205184710E-1,1.074605156E1
1.714508237E1,-7.487594116E0,7.181229252E0,7.628885651E-1,1.040269764E1
1.715508437E1,-7.440543326E0,6.920655103E0,1.237409265E0,1.023661730E1
1.716508637E1,-7.779643242E0,6.523800484E0,2.404777365E0,1.043387636E1
1.717508837E1,-8.115587416E0,5.315399694E0,5.158545796E0,1.098757606E1
1.718509037E1,-7.806105986E0,1.826014112E0,1.308820169E1,1.534831071E1
1.719509237E1,5.922510833E0,-4.074493648E0,4.023948562E1,4.087656830E1
1.720509437E1,3.292481531E1,-2.037742960E1,7.381653211E1,8.335564475E1
1.721509737E1,5.476245370E1,-2.980068541E1,6.483959194E1,8.995098593E1
1.722509938E1,6.475738008E1,-2.872432059E1,4.189181053E1,8.230144992E1
1.723510137E1,5.353727491E1,-7.694125141E1,2.397987578E1,9.675345170E1
1.724510337E1,6.935781032E1,-2.741726441E1,1.427747039E1,7.593456657E1
1.725510537E1,4.717745024E1,4.851726603E0,1.991224852E0,4.746805282E1
1.726510737E1,2.010676901E1,-2.269363452E0,-6.131212578E0,2.114294062E1
1.727510937E1,1.178030936E1,-4.239714913E0,-1.413383939E1,1.888163889E1
1.728511137E1,4.464460832E0,-6.241063049E0,-1.679329691E1,1.846339892E1
1.729511437E1,8.317711043E-1,-5.012168938E0,-1.354590770E1,1.446738733E1
1.730511637E1,-9.990295386E-1,-3.916354239E0,-9.370277689E0,1.020480252E1
1.731511838E1,-2.050748338E0,-1.557139841E0,-6.936527370E0,7.399031368E0
1.732512037E1,-3.585710274E0,-1.296690238E-1,-4.890828688E0,6.065833618E0
1.733512237E1,-4.049482768E0,5.785308257E-1,-3.097428591E0,5.130991374E0
1.734512437E1,-4.924999816E0,7.454667860E-1,-1.329234670E0,5.155405777E0
1.735512637E1,-5.032210270E0,1.016358055E0,1.362631627E0,5.311580635E0
1.736512838E1,-3.770187589E0,1.412992526E0,2.858142400E0,4.937594588E0
1.737513137E1,-2.726468951E0,1.451383882E0,1.835692424E0,3.593036987E0
1.738513337E1,-2.132880083E0,6.066103247E-1,3.961759038E-1,2.252578274E0
1.739513537E1,-1.578331320E0,2.391195452E-1,-1.204120628E0,1.999553550E0
1.740513737E1,-1.880661020E0,4.091144764E-1,-1.422635901E0,2.393356103E0
1.741513937E1,-2.186401986E0,6.863967517E-1,-7.027793343E-1,2.396954931E0
1.742514137E1,-2.966281391E0,3.554440534E-1,-1.200914015E0,3.219838542E0
1.743514337E1,-3.921708242E0,-2.649882120E-1,-2.146491670E0,4.478553425E0
1.744514537E1,-4.473096585E0,-5.753923327E-2,-1.918276159E0,4.867410733E0
1.745514837E1,-4.986561057E0,2.776810554E-1,-1.164600613E0,5.128273835E0
1.746515037E1,-5.470336291E0,3.357529700E-1,-5.475519848E-1,5.507914521E0
1.747515237E1,-5.597468208E0,4.905074260E-1,9.206923440E-2,5.619672999E0
1.748515437E1,-5.375248870E0,7.609016812E-1,6.830800648E-1,5.471642364E0
1.749515637E1,-5.045100456E0,1.049004521E0,1.023827726E0,5.253729372E0
1.750515837E1,-4.820779045E0,1.231359589E0,1.317509980E0,5.147036971E0
1.751516037E1,-4.593690730E0,1.412737003E0,1.639636598E0,5.078014232E0
1.752516237E1,-4.309849341E0,1.534962814E0,2.012270150E0,4.998013939E0
1.753516537E1,-3.975074610E0,1.572599002E0,2.346714659E0,4.876613115E0
1.754516738E1,-3.645771704E0,1.520391845E0,2.653582238E0,4.758649112E0
1.755516937E1,-3.354632404E0,1.455875129E0,3.037451946E0,4.753866351E0
1.756517137E1,-3.153657171E0,1.407221909E0,3.586973273E0,4.979177071E0
1.757517337E1,-2.819859509E0,1.512622064E0,4.275257213E0,5.340173911E0
1.758517537E1,-2.291084688E0,1.839901834E0,4.964281411E0,5.768743168E0
1.759517737E1,-1.850573587E0,2.257362334E0,5.209564506E0,5.971588537E0
1.760517937E1,-1.659487749E0,2.664219200E0,4.743600476E0,5.688032086E0
1.761518237E1,-1.545603284E0,3.062159940E0,3.795917677E0,5.116121971E0
1.762518437E1,-1.584402484E0,3.350434104E0,2.540320501E0,4.493213567E0
1.763518638E1,-1.757248517E0,3.538144636E0,1.072441624E0,4.093472958E0
1.764518837E1,-2.649618410E0,3.351924559E0,-3.222517490E-1,4.284824636E0
1.765519033E1,-3.277302393E0,3.122507591E0,-1.515891535E0,4.773750284E0
1.766519233E1,-2.903802722E0,3.543487530E0,-2.169195385E0,5.068903505E0
1.767519433E1,-2.913966937E0,3.912475781E0,-1.903899609E0,5.236745532E0
1.768519633E1,-3.368156430E0,3.353776957E0,-1.197886911E0,4.901757915E0
1.769519933E1,-3.401127124E0,2.604971703E0,-1.034787601E0,4.407304014E0
1.770520133E1,-3.867001693E0,1.793371154E0,-1.035954705E0,4.386694010E0
1.771520333E1,-4.403494254E0,1.121601504E0,-1.057239155E0,4.665458842E0
1.772520533E1,-4.618280611E0,9.278168839E-1,-2.206173177E0,5.201592070E0
1.773520733E1,-4.109758791E0,1.246688358E0,-2.673209002E0,5.058695044E0
1.774520933E1,-3.125655732E0,1.765201315E0,-2.380061769E0,4.307012127E0
1.775521133E1,-1.934077674E0,1.542242597E0,-1.968542333E0,3.161380647E0
1.776521333E1,-6.398955998E-1,1.081458615E0,-8.328300351E-1,1.507522796E0
1.777521633E1,8.054887471E-1,6.657698214E-1,1.179602083E0,1.575919621E0
1.778521833E1,3.243216341E0,6.123864967E-1,3.533163686E0,4.834947269E0
1.779522033E1,6.652838008E0,-2.448936707E-1,6.004484119E0,8.965157891E0
1.780522233E1,1.091334270E1,-7.227899389E0,7.734636639E0,1.520421594E1
1.781522433E1,1.937969230E1,-2.419583684E1,1.082418786E1,3.283556056E1
1.782522633E1,3.038366216E1,-1.552535158E0,1.198200088E1,3.269779254E1
1.783522833E1,2.196017031E1,3.612332647E0,4.050580291E0,2.262090245E1
1.784523133E1,1.111476290E1,-1.735385486E0,9.307153487E-1,1.128785844E1
1.785523333E1,5.379148378E0,-4.614968748E0,1.007522035E0,7.158790015E0
1.786523533E1,3.340354089E0,-5.189903244E0,1.066524534E0,6.263428430E0
1.787523733E1,2.950975134E0,-5.382761958E0,7.698064059E-1,6.186677819E0
1.788523933E1,4.084590036E0,-5.542839426E0,1.629642976E0,7.075498632E0
1.789524133E1,6.847567831E0,-5.822327564E0,3.508882538E0,9.648882844E0
1.790524333E1,1.051181323E1,-6.496539010E0,5.123762464E0,1.337745036E1
1.791524533E1,1.446049175E1,-6.429795967E0,6.772919937E0,1.721396359E1
1.792524833E1,1.745753242E1,-5.983773866E0,8.299383531E0,2.023488955E1
1.793525033E1,1.891168233E1,-6.512276791E0,4.419846577E0,2.048405529E1
1.794525233E1,2.054073064E1,-8.438982296E0,1.098730120E0,2.223387608E1
1.795525433E1,2.237251596E1,-1.081201279E1,8.282889705E0,2.619227658E1
1.796525633E1,2.200957928E1,-1.141654706E1,1.207131710E1,2.757672612E1
1.797525833E1,1.906195109E1,-1.058577934E1,1.342643973E1,2.560636615E1
1.798526033E1,1.636720797E1,-6.945179495E0,1.273411536E1,2.186958411E1
1.799526233E1,1.382133612E1,-3.306191146E0,9.599216647E0,1.714949539E1
1.800526533E1,1.120737812E1,-1.147560511E0,6.970559335E0,1.324805333E1
1.801526733E1,8.634849987E0,2.721870115E-1,6.132612401E0,1.059451060E1
1.802526933E1,5.518348948E0,1.258588611E0,4.988240962E0,7.544452817E0
1.803527133E1,2.372811221E0,1.904039796E0,4.122097585E0,5.123210823E0
1.804527333E1,-1.035024413E0,1.678491785E0,3.721697214E0,4.211845244E0
1.805527533E1,-3.689319427E0,1.687995849E0,2.783520234E0,4.920202507E0
1.806527733E1,-5.580738155E0,1.843417326E0,1.614026232E0,6.094908241E0
1.807528033E1,-7.132988554E0,1.866381973E0,5.753063421E-1,7.395531405E0
1.808528233E1,-8.188716788E0,2.447126409E0,-4.267099178E-1,8.557195315E0
1.809528433E1,-8.982216112E0,2.744088073E0,-1.024050944E0,9.447693156E0
1.810528633E1,-9.441940579E0,2.804590675E0,-6.993071115E-1,9.874462071E0
1.811528833E1,-9.660110720E0,2.778117991E0,4.591241039E-2,1.005175540E1
1.812529033E1,-9.876865250E0,2.673656314E0,6.783180924E-1,1.025480476E1
1.813529233E1,-1.000823698E1,2.669553908E0,1.334731199E0,1.044379399E1
1.814529433E1,-1.020152605E1,2.749982066E0,2.767262343E0,1.092205457E1
1.815529733E1,-1.060504825E1,2.778855910E0,5.040503376E0,1.206630693E1
1.816529933E1,-1.099241576E1,2.628855532E0,7.185791835E0,1.339327033E1
1.817530133E1,-1.129400696E1,2.730221694E0,8.615154226E0,1.446477052E1
1.818530333E1,-1.133707521E1,3.239457459E0,9.168345850E0,1.493592731E1
1.819530533E1,-1.103071386E1,4.001559866E0,1.004776299E1,1.544819312E1
1.820530733E1,-1.040479749E1,4.743171290E0,1.094446859E1,1.582841993E1
1.821530933E1,-9.666833848E0,5.302952726E0,1.087600939E1,1.548730334E1
1.822531133E1,-9.049260871E0,5.631912986E0,1.123991554E1,1.549010224E1
1.823531433E1,-8.330759690E0,5.538416008E0,1.099209183E1,1.486276191E1
1.824531633E1,-8.092705507E0,5.722629613E0,1.042229236E1,1.438278659E1
1.825531833E1,-8.484016966E0,5.940362967E0,9.411232756E0,1.399420445E1
1.826532033E1,-8.977998515E0,5.727331359E0,8.279956157E0,1.348942014E1
1.827532233E1,-9.275262773E0,5.503794644E0,7.907362804E0,1.337343043E1
1.828532433E1,-9.280176188E0,5.609474881E0,7.495165091E0,1.318200964E1
1.829532633E1,-9.078162489E0,5.831436356E0,6.926014076E0,1.282140223E1
1.830532833E1,-8.886003687E0,5.884537845E0,6.615515231E0,1.254407784E1
1.831533133E1,-8.761577277E0,5.760777433E0,6.385064768E0,1.227684182E1
1.832533333E1,-8.571946226E0,5.555402754E0,6.393246192E0,1.205049205E1
1.833533533E1,-8.346555358E0,5.366223108E0,6.785627106E0,1.202106784E1
1.834533733E1,-8.022625458E0,5.225109329E0,7.601504309E0,1.222485806E1
1.835533933E1,-7.905225647E0,5.010636967E0,8.537310829E0,1.266825764E1
1.836534133E1,-8.204410130E0,4.711228828E0,9.400264549E0,1.333690355E1
1.837534333E1,-8.780355025E0,4.495524750E0,9.969495671E0,1.402480735E1
1.838534533E1,-9.432693792E0,4.411341802E0,1.037471005E1,1.469932847E1
1.839534833E1,-1.018002584E1,4.428686982E0,1.053477174E1,1.530449640E1
1.840535033E1,-1.099545281E1,4.275312762E0,9.767005423E0,1.531576562E1
1.841535233E1,-1.157251569E1,3.973478320E0,8.345149103E0,1.481057605E1
1.842535433E1,-1.148872275E1,3.732708398E0,7.610844067E0,1.427756316E1
1.843535633E1,-1.070492454E1,3.677383798E0,7.894900049E0,1.380029014E1
1.844535833E1,-9.718646026E0,3.741524538E0,9.061790285E0,1.380460538E1
1.845536033E1,-8.991228426E0,3.723938452E0,1.011944635E1,1.403969731E1
1.846536333E1,-8.363391246E0,3.707190857E0,1.097038462E1,1.428421912E1
1.847536533E1,-7.763678005E0,3.744774420E0,1.156012310E1,1.441993335E1
1.848536733E1,-7.297797589E0,3.778077822E0,1.207619368E1,1.460705909E1
1.849536933E1,-6.941745425E0,3.896109717E0,1.246569191E1,1.479057049E1
1.850537133E1,-6.614456885E0,4.100410847E0,1.264884191E1,1.485118213E1
1.851537333E1,-6.394553044E0,4.184573038E0,1.254296988E1,1.468764970E1
1.852537533E1,-6.175314617E0,4.087932012E0,1.235204192E1,1.440203591E1
1.853537733E1,-6.026663193E0,3.758818263E0,1.257767545E1,1.444462889E1
1.854538033E1,-5.545697545E0,2.935512757E0,1.412681104E1,1.545764492E1
1.855538233E1,-3.908505814E0,1.642404816E0,1.853963569E1,1.901820188E1
1.856538433E1,1.103930926E0,-2.512352684E-1,2.749383955E1,2.751714004E1
1.857538633E1,1.304573220E1,-2.339254928E0,3.536616817E1,3.776809624E1
1.858538833E1,4.661715600E1,-5.986014519E0,4.451830496E1,6.473693752E1
1.859539033E1,9.085879878E1,-2.125372141E1,6.153428255E1,1.117743706E2
1.860539333E1,8.941259056E1,-4.307332699E1,3.646121835E1,1.057324136E2
1.861539533E1,9.982802530E1,-9.106548148E1,4.368271445E1,1.420096338E2
1.862539733E1,6.125626382E1,-7.691642647E0,1.587348311E1,6.374526406E1
1.863539933E1,2.140120924E1,2.978015876E0,-9.981132799E-1,2.163045458E1
1.864540133E1,1.462139192E1,3.772880816E0,-6.322187904E0,1.637039374E1
1.865540475E1,9.722889351E0,2.744588595E0,-1.455995523E1,1.772172791E1
1.866540675E1,5.425409210E0,2.145211861E-1,-1.450015459E1,1.548339651E1
1.867540875E1,1.893531619E0,-2.219519154E0,-1.075908262E1,1.114762693E1
1.868541175E1,6.114696532E-1,-3.373624161E0,-6.821785119E0,7.634918947E0
1.869541375E1,8.816601330E-1,-1.661775472E0,-3.653101189E0,4.109010903E0
1.870541575E1,9.539790809E-1,1.813163102E-2,-1.286650568E0,1.601834738E0
1.871541775E1,1.298076612E0,1.533187307E0,7.420239455E-1,2.141556851E0
1.872541975E1,1.740480457E0,2.453508060E0,2.139583915E0,3.691448679E0
1.873542175E1,1.138463413E0,1.997960259E0,2.528093973E0,3.417484935E0
1.874542375E1,1.658796608E-2,5.308257321E-1,1.675367618E0,1.757528882E0
1.875542575E1,-2.693718696E-1,-5.490509185E-1,5.978789699E-1,8.552645076E-1
1.876542875E1,-7.460754812E-2,-1.594767258E0,2.292038369E-1,1.612880434E0
1.877543075E1,2.278426051E-2,-2.637961694E0,9.789993167E-3,2.638078252E0
1.878543275E1,2.032386911E-1,-3.487987513E0,-5.746807265E-1,3.540850292E0
1.879543475E1,3.806069613E-1,-4.012526026E0,-1.513452369E0,4.305318205E0
1.880543675E1,7.525571197E-1,-3.994625653E0,-2.913983309E0,5.001467290E0
1.881543875E1,8.743873662E-1,-3.444375470E0,-4.132534865E0,5.450332105E0
1.882544075E1,5.561690265E-1,-2.735028397E0,-5.154472041E0,5.861594180E0
1.883544375E1,1.592220211E-1,-2.182769404E0,-5.945980972E0,6.335970616E0
1.884544575E1,-5.460246921E-2,-1.743772732E0,-5.372872562E0,5.649025078E0
1.885544775E1,1.311121166E-2,-1.055035924E0,-4.253046564E0,4.381971906E0
1.886544975E1,-1.021906185E-1,-1.862139380E-1,-3.412842021E0,3.419445747E0
1.887545175E1,-5.089048129E-1,6.096643254E-1,-2.832200643E0,2.941434205E0
1.888545375E1,-1.071318666E0,1.210317507E0,-2.651379592E0,3.105222358E0
1.889545575E1,-1.765978410E0,1.682482510E0,-2.636876158E0,3.592010999E0
1.890545775E1,-2.368172625E0,2.206036060E0,-2.655593095E0,4.186527364E0
1.891546075E1,-2.663626000E0,2.796058418E0,-2.366809639E0,4.529308337E0
1.892546275E1,-2.888107626E0,3.179531392E0,-1.795455979E0,4.655560944E0
1.893546475E1,-3.144272974E0,3.330527258E0,-1.254097949E0,4.748855232E0
1.894546675E1,-3.270424313E0,3.407115550E0,-6.820052004E-1,4.771712759E0
1.895546875E1,-3.327816489E0,3.330442766E0,-2.067598844E-1,4.712638459E0
1.896547075E1,-3.275869240E0,3.202579947E0,5.545499325E-3,4.581251832E0
1.897547275E1,-3.281519989E0,3.108487430E0,-9.366830170E-2,4.521044270E0
1.898547575E1,-3.377029579E0,2.995741125E0,-2.540048021E-1,4.521428105E0
1.899547775E1,-3.579730327E0,2.742405244E0,-2.458555377E-1,4.516159949E0
1.900547975E1,-3.748813677E0,2.387073165E0,2.718955278E-4,4.444290984E0
1.901548175E1,-3.876657200E0,2.143754150E0,1.866811305E-1,4.433847397E0
1.902548375E1,-4.165328097E0,1.880882922E0,1.076793998E-1,4.571572331E0
1.903548575E1,-4.473076412E0,1.405277710E0,2.465829313E-2,4.688691296E0
1.904548775E1,-4.589566397E0,9.720583794E-1,-3.093527913E-2,4.691478892E0
1.905549075E1,-4.561069407E0,5.627082601E-1,1.107655603E-1,4.596984199E0
1.906549275E1,-4.381709282E0,2.026457834E-1,5.179872930E-2,4.386698606E0
1.907549475E1,-4.034232937E0,-6.438807696E-2,-5.106882137E-1,4.066937874E0
1.908549675E1,-3.675948599E0,-2.100828570E-1,-1.278956217E0,3.897750879E0
1.909549875E1,-3.457098427E0,-2.711263266E-1,-1.882036285E0,3.945516392E0
1.910550075E1,-3.176906577E0,-1.703597975E-1,-2.404929392E0,3.988162891E0
1.911550275E1,-2.819411028E0,-1.190405399E-2,-2.747687911E0,3.936878092E0
1.912550475E1,-2.641681692E0,2.410397708E-1,-3.063955620E0,4.052703588E0
1.913550775E1,-2.261605366E0,6.450046045E-1,-3.468734386E0,4.190824264E0
1.914550975E1,-1.758618812E0,9.337982932E-1,-3.304348104E0,3.857905620E0
1.915551175E1,-1.098202409E0,1.099429740E0,-2.102181031E0,2.614184265E0
1.916551375E1,-1.250801289E-1,1.294018937E0,-6.539999610E-1,1.455282102E0
1.917551575E1,9.022449633E-1,1.333109328E0,-5.686984402E-1,1.707232957E0
1.918551775E1,2.386312442E0,1.415863802E0,-6.407109940E-1,2.847747874E0
1.919551975E1,4.405711226E0,8.299704543E-1,-1.368094681E0,4.687304707E0
1.920552275E1,6.667198770E0,-2.360156093E0,-2.356653026E0,7.454910442E0
1.921552475E1,1.246363837E1,-1.236354456E1,-3.790693774E0,1.796020253E1
1.922552675E1,2.206594176E1,-7.630693610E0,-2.933018920E0,2.353159304E1
1.923552875E1,2.439436385E1,3.075246593E0,-3.491462513E0,2.483409832E1
1.924553075E1,2.186884382E1,3.384251475E0,-7.080347241E0,2.323425930E1
1.925553275E1,1.464954861E1,6.253547439E-1,-5.715529339E0,1.573745909E1
1.926553475E1,7.007792065E0,-2.713433168E0,-1.430485057E0,7.649716118E0
1.927553775E1,4.132741564E0,-3.860820016E0,2.918655235E0,6.364277839E0
1.928553975E1,3.087770452E0,-3.889312036E0,6.341348060E0,8.054425473E0
1.929554175E1,3.315823849E0,-3.578795064E0,8.651523907E0,9.932337481E0
1.930554375E1,3.967336405E0,-3.440915088E0,1.026098639E1,1.152681641E1
1.931554575E1,4.693471419E0,-3.584281507E0,1.226489619E1,1.361262012E1
1.932554775E1,6.030377344E0,-3.788751622E0,1.574724406E1,1.728281763E1
1.933554975E1,8.278132995E0,-4.032731080E0,1.794043642E1,2.016555640E1
1.934555275E1,1.078602893E1,-5.187576052E0,1.812227079E1,2.171787430E1
1.935555475E1,1.387999188E1,-6.143757194E0,1.897747403E1,2.430112029E1
1.936555675E1,1.744582513E1,-6.323425174E0,2.003155744E1,2.730578352E1
1.937555875E1,1.980111634E1,-6.508159182E0,1.882586158E1,2.808653428E1
1.938556075E1,2.014069221E1,-6.631331365E0,1.702641487E1,2.719413249E1
1.939556275E1,1.947887511E1,-5.502393651E0,1.573074322E1,2.563511642E1
1.940556475E1,1.798245334E1,-3.956724878E0,1.420178170E1,2.325327726E1
1.941556675E1,1.580563904E1,-2.742494414E0,1.158668817E1,1.978865442E1
1.942556975E1,1.259643916E1,-1.705180231E0,1.058887017E1,1.654394423E1
1.943557175E1,8.680738351E0,-2.639424375E-1,9.032100463E0,1.253011264E1
1.944557375E1,4.815918254E0,1.244831282E0,7.631602267E0,9.109556889E0
1.945557575E1,1.373510957E0,2.271429565E0,6.039270959E0,6.596871860E0
1.946557775E1,-2.235522106E0,2.181013777E0,4.182870036E0,5.220228149E0
1.947557975E1,-5.291757647E0,1.757421010E0,1.946979409E0,5.906094854E0
1.948558175E1,-7.298655961E0,1.633826513E0,-2.675575516E-1,7.484073419E0
1.949558475E1,-8.576163238E0,1.505643997E0,-1.833207942E0,8.898212803E0
1.950558675E1,-9.418659890E0,1.507807175E0,-2.469049959E0,9.852961194E0
1.951558875E1,-9.970166931E0,1.252898685E0,-2.669059233E0,1.039701212E1
1.952559075E1,-1.033558049E1,6.587068965E-1,-2.553805350E0,1.066677273E1
1.953559275E1,-1.042627314E1,3.883610270E-1,-2.343399142E0,1.069343329E1
1.954559475E1,-1.046312346E1,3.457189643E-1,-2.050596310E0,1.066777481E1
1.955559675E1,-1.055389681E1,3.691151360E-1,-1.169193893E0,1.062487638E1
1.956559975E1,-1.082080583E1,2.672588320E-1,4.324065676E-1,1.083273934E1
1.957560175E1,-1.123487641E1,-1.126569153E-1,2.580999581E0,1.152808303E1
1.958560375E1,-1.165019361E1,-5.259041306E-1,6.279026681E0,1.324499009E1
1.959560575E1,-1.190790145E1,-7.621507195E-1,9.687620700E0,1.536974253E1
1.960560775E1,-1.183528839E1,-5.136583069E-1,1.288208033E1,1.750102539E1
1.961560975E1,-1.026121794E1,7.966908802E-1,1.521084857E1,1.836565338E1
1.962561175E1,-7.392842910E0,2.400741616E0,1.492225339E1,1.682531821E1
1.963561475E1,-6.000884573E0,3.174698376E0,1.402042796E1,1.557760334E1
1.964561675E1,-5.606523791E0,3.672178022E0,1.464638760E1,1.610697583E1
1.965561800E1,-5.529107240E0,4.209708756E0,1.485263878E1,1.639797406E1
1.966562000E1,-5.898099293E0,4.740542090E0,1.406751910E1,1.597358470E1
1.967562200E1,-6.614327077E0,5.061977860E0,1.257964947E1,1.508709791E1
1.968562400E1,-7.054203170E0,5.530659091E0,1.175910385E1,1.478602366E1
1.969562600E1,-7.308935366E0,6.111817364E0,1.128899473E1,1.477214438E1
1.970562900E1,-7.510818087E0,6.722036297E0,1.091960740E1,1.486055134E1
1.971563100E1,-7.652380348E0,7.300831710E0,1.008965244E1,1.461718698E1
1.972563300E1,-7.991795429E0,7.591124332E0,9.010951084E0,1.423696605E1
1.973563500E1,-8.275288324E0,7.650037369E0,7.828445858E0,1.372180867E1
1.974563700E1,-8.436608326E0,7.709067934E0,6.849478117E0,1.332371716E1
1.975563900E1,-8.567926850E0,7.583789000E0,6.123633417E0,1.297775452E1
1.976564100E1,-8.797749322E0,7.215304486E0,5.860999294E0,1.279891889E1
1.977564300E1,-9.146768455E0,6.766197394E0,5.759304519E0,1.275203470E1
1.978564600E1,-9.189998090E0,6.500630892E0,5.914658607E0,1.271603135E1
1.979564800E1,-9.072386025E0,6.507299641E0,6.403418593E0,1.287077723E1
1.980565000E1,-9.037485749E0,6.534047729E0,6.959116918E0,1.314531235E1
1.981565200E1,-9.179824519E0,6.563898935E0,7.329984173E0,1.345669407E1
1.982565400E1,-9.380990957E0,6.471608237E0,7.614490390E0,1.370639152E1
1.983565600E1,-9.502095564E0,6.357444275E0,7.970730835E0,1.393698202E1
1.984565900E1,-9.440854751E0,6.384623303E0,8.362738697E0,1.413607271E1
1.985566100E1,-9.253250345E0,6.522488369E0,8.528237704E0,1.417379042E1
1.986566300E1,-8.921840102E0,6.498334690E0,8.326882986E0,1.382622743E1
1.987566500E1,-8.402398607E0,6.404226678E0,8.067405190E0,1.329275924E1
1.988566700E1,-7.687329741E0,6.377808373E0,8.205783057E0,1.292696228E1
1.989566900E1,-7.027116528E0,6.388357335E0,8.806782686E0,1.295186849E1
1.990567100E1,-6.470501359E0,6.466361530E0,9.431174101E0,1.313880756E1
1.991567300E1,-6.195734848E0,6.480908234E0,9.914003255E0,1.336700275E1
1.992567600E1,-6.194636741E0,6.360617559E0,1.014668034E1,1.348280764E1
1.993567800E1,-6.144578728E0,6.363727693E0,1.025236993E1,1.354119519E1
1.994568000E1,-5.921002252E0,6.305008199E0,1.058961745E1,1.367301700E1
1.995568200E1,-5.392632642E0,5.591709870E0,1.206302458E1,1.434797087E1
1.996568400E1,-4.000963742E0,3.523546185E0,1.566021761E1,1.654283846E1
1.997568600E1,-4.086852908E-1,1.040410284E0,2.156669246E1,2.159564078E1
1.998568900E1,1.311219165E1,-2.297801677E0,2.998613102E1,3.280819282E1
1.999569100E1,6.390026247E1,-9.033134251E0,5.653193343E1,8.579452520E1
2.000569300E1,9.515956155E1,-2.316937685E1,5.903727355E1,1.143571679E2
2.001569500E1,7.975733128E1,-3.254250798E1,2.339880288E1,8.926225795E1
2.002569700E1,5.314940337E1,-6.377305512E1,1.303420383E1,8.403423176E1
2.003569900E1,8.111451213E1,-4.109436317E-1,1.694175655E1,8.286589206E1
2.004570100E1,4.322668309E1,4.155024426E0,7.113400381E0,4.400466820E1
2.005570400E1,1.648871077E1,-7.134577242E0,1.182961893E-1,1.796646235E1
2.006570600E1,1.249789370E1,-1.891252521E0,-2.538342388E0,1.289253137E1
2.007570800E1,6.869420630E0,-1.335989374E0,-6.099548151E0,9.283226543E0
2.008571000E1,2.161836664E0,-1.325382086E0,-6.907562603E0,7.358301200E0
2.009571200E1,-4.593935144E-1,-8.598169819E-1,-6.946106279E0,7.014179929E0
2.010571400E1,-2.228376224E0,-2.786011147E-1,-7.278812265E0,7.617374033E0
2.011571700E1,-2.925504663E0,4.399161467E-1,-7.583614168E0,8.140227736E0
2.012571900E1,-2.340235214E0,1.396795739E0,-7.244185638E0,7.739894363E0
2.013572100E1,-2.497390829E0,1.354539373E0,-4.740213768E0,5.526424200E0
2.014572300E1,-2.542245405E0,9.765484563E-1,-1.789228109E0,3.258526632E0
2.015572500E1,-2.423809467E0,6.625637931E-1,-1.455722809E-1,2.516949424E0
2.016572700E1,-2.468585690E0,5.137846068E-1,8.432496272E-1,2.658751562E0
2.017572900E1,-2.555233240E0,1.845445579E-1,1.008083367E0,2.753090206E0
2.018573200E1,-2.462891672E0,1.598073274E-2,5.360787244E-1,2.520609285E0
2.019573400E1,-2.236558818E0,4.128555250E-1,4.808574736E-2,2.274853241E0
2.020573600E1,-2.256835792E0,5.088972116E-1,-1.343167270E0,2.675141581E0
2.021573800E1,-2.707963098E0,5.535062045E-2,-3.490922230E0,4.418446090E0
2.022574000E1,-3.478759437E0,-1.527792665E-1,-4.639510097E0,5.800876026E0
2.023574200E1,-4.064280902E0,-9.448895842E-2,-5.050402127E0,6.483353226E0
2.024574500E1,-4.483375990E0,-1.407141218E-1,-4.986035392E0,6.706788327E0
2.025574700E1,-4.508773372E0,-2.120288104E-2,-4.568440699E0,6.418733310E0
2.026574900E1,-4.230120217E0,2.717148489E-1,-4.182558087E0,5.954959123E0
2.027575100E1,-3.896740631E0,5.543075654E-1,-3.886623779E0,5.531517769E0
2.028575300E1,-3.255911524E0,8.074624747E-1,-3.317975040E0,4.718253264E0
2.029575500E1,-2.628643278E0,9.560288224E-1,-2.743053701E0,3.917665146E0
2.030575800E1,-2.210559758E0,1.228533922E0,-2.117297253E0,3.298305277E0
2.031576000E1,-2.148625465E0,1.606133661E0,-1.363932194E0,3.009413191E0
2.032576200E1,-2.384560032E0,1.898498829E0,9.521532878E-2,3.049506568E0
2.033576400E1,-2.741532547E0,2.057257750E0,1.962958826E0,3.949875633E0
2.034576600E1,-3.031860253E0,2.364590621E0,3.514477154E0,5.209128052E0
2.035576800E1,-3.271732335E0,2.810379419E0,4.461953546E0,6.205762999E0
2.036577000E1,-3.554512455E0,3.349732730E0,4.429099796E0,6.593344611E0
2.037577300E1,-3.746533263E0,3.805463549E0,4.060282283E0,6.708498828E0
2.038577500E1,-3.927198778E0,4.112935875E0,3.306895736E0,6.578350185E0
2.039577700E1,-4.107657301E0,4.312896617E0,2.215980127E0,6.354879516E0
2.040577900E1,-4.134712368E0,4.174672825E0,1.152870367E0,5.987724914E0
2.041578100E1,-4.569758661E0,3.687391308E0,-6.291919792E-1,5.905542433E0
2.042578300E1,-5.243667222E0,3.617144613E0,-2.698309345E0,6.918139519E0
2.043578600E1,-5.820149476E0,4.021751471E0,-3.908858986E0,8.082561685E0
2.044578800E1,-5.798784919E0,4.455154989E0,-3.805151015E0,8.243390489E0
2.045579000E1,-5.812166272E0,4.532805720E0,-3.210293886E0,8.039501932E0
2.046579200E1,-6.912718678E0,3.952758419E0,-2.837015240E0,8.453320892E0
2.047579400E1,-7.411144111E0,3.583651177E0,-2.891406040E0,8.725127029E0
2.048579600E1,-7.410690951E0,3.502705832E0,-3.088710977E0,8.759419160E0
2.049579900E1,-7.098117514E0,3.381064743E0,-3.297965868E0,8.525928096E0
2.050580100E1,-6.147406442E0,3.313798374E0,-3.361112289E0,7.750415566E0
2.051580300E1,-5.348662165E0,3.110151547E0,-3.469171758E0,7.093404140E0
2.052580500E1,-4.897462939E0,2.577116152E0,-3.258180828E0,6.422025631E0
2.053580700E1,-4.433390775E0,1.932477291E0,-2.691411969E0,5.534719562E0
2.054580900E1,-3.563439107E0,1.283163581E0,-1.672306015E0,4.140194978E0
2.055581200E1,-2.352506473E0,5.971542075E-1,1.412658066E-1,2.431221068E0
2.056581400E1,-1.592014681E0,-4.548452577E-1,1.555665173E0,2.271891081E0
2.057581600E1,-1.120012524E0,-1.893738903E0,2.363700090E0,3.229203184E0
2.058581800E1,-1.241673785E-1,-3.038919889E0,3.508579068E0,4.643337022E0
2.059582000E1,1.397970445E0,-4.143642528E0,5.571133518E0,7.082487095E0
2.060582200E1,4.005488318E0,-9.018006334E0,1.048518618E1,1.439817711E1
2.061582500E1,1.591519948E1,-2.781801854E1,1.987733596E1,3.771265325E1
2.062582700E1,3.544022199E1,-3.984369636E0,1.902747123E1,4.042189008E1
2.063582900E1,2.894547164E1,5.185630683E0,6.140789148E0,3.004064556E1
2.064583100E1,1.778365386E1,2.719618060E0,4.114892646E0,1.845499955E1
2.065583221E1,1.035965932E1,-3.549195582E0,4.079591836E0,1.168599162E1
2.066583421E1,7.094722036E0,-6.178325348E0,4.877640293E0,1.059708260E1
2.067583721E1,5.733340543E0,-6.684893614E0,3.780692112E0,9.583977737E0
2.068583921E1,4.714295985E0,-7.077856911E0,3.654459497E0,9.256117939E0
2.069584121E1,4.649041643E0,-7.026897258E0,4.821596485E0,9.707660168E0
2.070584321E1,4.809125544E0,-7.628919564E0,5.820087495E0,1.073319713E1
2.071584521E1,6.164836991E0,-8.347638263E0,6.074629072E0,1.202453317E1
2.072584821E1,8.505604886E0,-8.259054115E0,4.677308838E0,1.274497969E1
2.073585021E1,1.234946447E1,-6.276828128E0,5.786504597E0,1.501304364E1
2.074585221E1,1.522618932E1,-5.987598529E0,1.026794925E1,1.931628741E1
2.075585421E1,1.816272066E1,-6.005669934E0,1.388668460E1,2.363879232E1
2.076585621E1,2.041031435E1,-3.926621950E0,1.521803947E1,2.576020219E1
2.077585821E1,2.004214792E1,-2.258309875E0,1.385145630E1,2.446733533E1
2.078586121E1,1.850605864E1,-1.115023679E0,1.154428416E1,2.184005451E1
2.079586321E1,1.696038344E1,5.795419554E-1,9.554059185E0,1.947486899E1
2.080586521E1,1.380672977E1,1.498453091E0,8.159911650E0,1.610761642E1
2.081586721E1,9.559092468E0,1.107696387E0,6.734682071E0,1.174560270E1
2.082586921E1,5.837863616E0,3.556139150E-1,4.826135679E0,7.582789621E0
2.083587121E1,2.552252330E0,-3.241041470E-1,3.218001101E0,4.120020211E0
2.084587421E1,-6.027426839E-2,-6.479774751E-1,2.383427426E0,2.470674825E0
2.085587621E1,-1.876009560E0,-3.708789486E-1,1.724877747E0,2.575299265E0
2.086587821E1,-3.759276685E0,-9.801804543E-2,1.509069296E0,4.052043789E0
2.087588021E1,-5.621670418E0,7.660391910E-1,1.604606953E0,5.896164669E0
2.088588221E1,-7.167379537E0,1.141100214E0,1.872531052E0,7.495319317E0
2.089588521E1,-8.279022356E0,1.440991918E0,1.912496917E0,8.618370689E0
2.090588721E1,-9.117956885E0,1.718938437E0,1.729596157E0,9.438399757E0
2.091588921E1,-9.542474096E0,1.778313696E0,2.086719385E0,9.928525030E0
2.092589121E1,-9.856894670E0,1.818466672E0,2.588471445E0,1.035207119E1
2.093589321E1,-1.005386398E1,1.863829225E0,3.241780558E0,1.072675074E1
2.094589521E1,-1.025226468E1,1.921910057E0,4.241765531E0,1.126033943E1
2.095589821E1,-1.058656871E1,1.955122827E0,5.513163638E0,1.209516084E1
2.096590021E1,-1.083285460E1,2.057395745E0,6.994835805E0,1.305799924E1
2.097590221E1,-1.095796748E1,2.146860922E0,7.993084155E0,1.373227794E1
2.098590421E1,-1.090040632E1,2.285612864E0,8.685636563E0,1.412385098E1
2.099590621E1,-1.085363678E1,2.264229596E0,1.002081551E1,1.494472852E1
2.100590821E1,-1.112597903E1,2.257674137E0,1.257621364E1,1.694242166E1
2.101591121E1,-1.125243793E1,2.164207564E0,1.584871898E1,1.955717380E1
2.102591321E1,-1.121819664E1,1.671867182E0,1.623234194E1,1.980232311E1
2.103591521E1,-1.080233331E1,1.663812642E0,1.386701340E1,1.765652112E1
2.104591721E1,-1.010728882E1,2.458107772E0,1.089930470E1,1.506633413E1
2.105591921E1,-1.022322975E1,3.240459964E0,9.031896980E0,1.402106167E1
2.106592221E1,-1.060976812E1,3.776635314E0,7.144978269E0,1.333719867E1
2.107592421E1,-1.109790538E1,3.934346122E0,5.263911452E0,1.289772643E1
2.108592621E1,-1.131794078E1,4.136105760E0,4.094970013E0,1.272681947E1
2.109592821E1,-1.141430056E1,4.346316963E0,2.999347980E0,1.257667749E1
2.110593021E1,-1.137334549E1,4.528078539E0,1.873516892E0,1.238412486E1
2.111593221E1,-1.124569960E1,4.680217535E0,7.037357926E-1,1.220104257E1
2.112593521E1,-1.122152488E1,4.904119409E0,-3.431988144E-1,1.225115477E1
2.113593721E1,-1.140366330E1,5.104697033E0,-1.037728751E0,1.253707899E1
2.114593921E1,-1.153693538E1,5.225200546E0,-1.320529336E0,1.273371103E1
2.115594121E1,-1.157762148E1,5.278175150E0,-1.375042927E0,1.279809341E1
2.116594321E1,-1.154034314E1,5.252243918E0,-1.393141229E0,1.275564300E1
2.117594521E1,-1.152453812E1,5.144206669E0,-1.353542715E0,1.269290821E1
2.118594821E1,-1.154284341E1,4.988673656E0,-1.238580608E0,1.263559182E1
2.119595021E1,-1.159651383E1,4.865832718E0,-1.050116589E0,1.261975459E1
2.120595221E1,-1.169523120E1,4.787833200E0,-8.060972229E-1,1.266300013E1
2.121595421E1,-1.181845777E1,4.697629374E0,-6.156252694E-1,1.273273970E1
2.122595621E1,-1.183916393E1,4.710849344E0,-3.942928811E-1,1.274807322E1
2.123595921E1,-1.168395543E1,4.854405505E0,-3.465059996E-2,1.265232263E1
2.124596121E1,-1.147743412E1,5.037076907E0,3.594366784E-1,1.253925167E1
2.125596321E1,-1.135350823E1,5.216792250E0,7.548802916E-1,1.251746439E1
2.126596521E1,-1.141615062E1,5.256891285E0,1.068847705E0,1.261371620E1
2.127596721E1,-1.149617795E1,5.010949209E0,1.157309062E0,1.259408924E1
2.128596921E1,-1.134710786E1,5.001471457E0,1.364314456E0,1.247529268E1
2.129597221E1,-1.130285848E1,5.041592127E0,1.779698317E0,1.250358297E1
2.130597421E1,-1.127928250E1,5.024616491E0,2.086721578E0,1.252291466E1
2.131597621E1,-1.107629524E1,5.065709553E0,2.354202604E0,1.240516019E1
2.132597821E1,-1.076258627E1,5.174429757E0,2.581995946E0,1.221780216E1
2.133598021E1,-1.065086236E1,5.182421147E0,2.756955163E0,1.216137984E1
2.134598221E1,-1.080679122E1,4.929586372E0,3.162238544E0,1.229175785E1
2.135598521E1,-1.111299237E1,4.474818006E0,4.657116648E0,1.285345599E1
2.136598721E1,-1.139950710E1,3.808654082E0,8.888046119E0,1.494831000E1
2.137598921E1,-9.778828493E0,2.291263613E0,1.983392155E1,2.223195493E1
2.138599121E1,4.345805039E0,-3.147930408E0,4.805459340E1,4.835327738E1
2.139599321E1,3.564344080E1,-2.678478747E1,8.025475625E1,9.180798229E1
2.140599621E1,5.305906155E1,-4.729397355E1,6.970597692E1,9.955353919E1
2.141599821E1,4.696002269E1,-3.847917901E1,3.799931206E1,7.162289205E1
2.142600021E1,4.265496573E1,-5.412132288E1,9.565623808E0,6.957057460E1
2.143600221E1,7.101181922E1,-4.940905646E1,1.317882886E1,8.750779885E1
2.144600421E1,6.447491747E1,9.099866769E-1,1.122593835E1,6.545123949E1
2.145600621E1,3.489345821E1,5.851867113E-1,5.652226213E0,3.535312618E1
2.146600921E1,1.718456451E1,-2.344797796E0,-5.523234297E0,1.820201778E1
2.147601121E1,1.082058130E1,-4.040790297E0,-1.228797047E1,1.686437619E1
2.148601321E1,5.410304098E0,-4.362767812E0,-1.414487309E1,1.576015761E1
2.149601521E1,2.314320354E0,-3.654953879E0,-1.133730676E1,1.213463189E1
2.150601721E1,-3.783090055E-1,-3.674854000E0,-6.200522549E0,7.217627692E0
2.151602021E1,-3.047757663E0,-2.618036429E0,-1.495080417E0,4.286981102E0
2.152602221E1,-7.072951682E0,-2.624626241E0,-8.201231584E-3,7.544227970E0
2.153602421E1,-4.910968253E0,-1.016496926E0,2.659220123E0,5.676471338E0
2.154602621E1,-2.476685838E0,1.117209368E0,2.935499893E0,3.999911141E0
2.155602821E1,-3.614539386E0,2.082828501E0,1.789360110E0,4.539259757E0
2.156603021E1,-3.697181593E0,2.862824265E0,1.309319054E0,4.855845023E0
2.157603321E1,-3.084286389E0,3.300564371E0,1.391694774E0,4.726876563E0
2.158603521E1,-2.662508013E0,3.478860009E0,2.281519228E0,4.939306213E0
2.159603721E1,-2.352443615E0,3.668520296E0,2.754117217E0,5.155307340E0
2.160603921E1,-2.661506969E0,3.322048795E0,2.512218198E0,4.942759130E0
2.161604121E1,-3.327252232E0,2.495422071E0,1.304010952E0,4.358690548E0
2.162604321E1,-4.130257375E0,1.662320725E0,4.795979834E-1,4.477985083E0
2.163604621E1,-4.729689950E0,7.604341963E-1,-9.216673672E-3,4.790439660E0
2.164604821E1,-5.196680167E0,-5.880690962E-2,-3.416351227E-1,5.208229792E0
2.165605021E1,-5.394869202E0,-7.680300218E-1,-3.859103858E-1,5.462912287E0
2.166605233E1,-5.263106291E0,-1.311645076E0,-2.376089171E-1,5.429287120E0
2.167605433E1,-5.168938052E0,-1.573360017E0,2.456210643E-2,5.403145901E0
2.168605633E1,-5.121285583E0,-1.652332512E0,3.169351682E-1,5.390567378E0
2.169605933E1,-4.746779022E0,-1.317017790E0,4.805250594E-1,4.949479900E0
2.170606133E1,-4.231832281E0,-7.678125054E-1,6.671711066E-1,4.352362323E0
2.171606333E1,-3.894262581E0,-2.721279547E-1,1.087127198E0,4.052305544E0
2.172606533E1,-3.654085275E0,1.602967393E-1,1.456166028E0,3.936807557E0
2.173606733E1,-3.478834866E0,5.101529011E-1,1.784649739E0,3.943034707E0
2.174607033E1,-3.380311037E0,8.784099582E-1,2.078320591E0,4.064175591E0
2.175607233E1,-3.346972552E0,1.220464180E0,2.380510250E0,4.284692186E0
2.176607433E1,-3.314469634E0,1.585980062E0,2.676322644E0,4.545739171E0
2.177607633E1,-3.341508329E0,2.188246491E0,2.870161936E0,4.918529268E0
2.178607833E1,-3.332332878E0,2.955714303E0,4.143651592E0,6.083628684E0
2.179608033E1,-2.991058967E0,3.345359305E0,6.067675563E0,7.546823793E0
2.180608333E1,-2.861163071E0,3.122115535E0,7.468639197E0,8.585710861E0
2.181608533E1,-2.855964312E0,2.748042253E0,8.383261839E0,9.272936290E0
2.182608733E1,-2.758497074E0,2.860591214E0,8.635456928E0,9.505966787E0
2.183608933E1,-2.518235568E0,3.285712443E0,7.694761552E0,8.737663988E0
2.184609133E1,-2.096775280E0,3.710948278E0,6.124560785E0,7.461759076E0
2.185609333E1,-1.888332567E0,3.931228094E0,4.705661402E0,6.415886801E0
2.186609633E1,-2.335858573E0,3.448056877E0,3.452071283E0,5.409447998E0
2.187609833E1,-2.350367269E0,3.011259928E0,1.915115446E0,4.273122959E0
2.188610033E1,-2.031657763E0,2.827147479E0,7.714167291E-1,3.565877158E0
2.189610233E1,-2.531034538E0,2.216544968E0,3.811343801E-1,3.385922451E0
2.190610433E1,-3.588243288E0,1.929633498E0,-1.425018495E0,4.316208178E0
2.191610733E1,-5.367618254E0,1.955526723E0,-5.496121343E0,7.927342575E0
2.192610933E1,-6.623946916E0,2.544252169E0,-8.005014814E0,1.069720309E1
2.193611133E1,-7.126081823E0,2.881771583E0,-8.069030131E0,1.114427642E1
2.194611333E1,-6.623766822E0,3.385541079E0,-5.248439720E0,9.103971375E0
2.195611533E1,-4.838527098E0,3.893586936E0,-1.044023278E0,6.297725646E0
2.196611733E1,-3.343132685E0,3.053376253E0,9.757342315E-1,4.631597995E0
2.197612033E1,-2.377611786E0,1.779352162E0,3.065794569E0,4.268281652E0
2.198612233E1,-2.711470842E-1,9.434859601E-1,5.148820122E0,5.241568004E0
2.199612433E1,3.382568647E0,5.940215617E-2,7.909718063E0,8.602844826E0
2.200612633E1,8.692489500E0,-1.806715962E0,8.961781263E0,1.261495619E1
2.201612833E1,2.421386264E1,-1.939107098E1,1.504130153E0,3.105780393E1
2.202613033E1,5.087549137E1,-1.950403100E1,2.939817477E0,5.456523962E1
2.203613333E1,3.194912551E1,4.005124621E0,4.239030204E0,3.247702298E1
2.204613533E1,1.458301899E1,1.566167649E0,4.249276865E0,1.527002547E1
2.205613733E1,7.465605077E0,-1.836707793E0,6.464852364E0,1.004505205E1
2.206613933E1,5.026926141E0,-4.517839772E0,7.983872452E0,1.046054884E1
2.207614133E1,4.079075527E0,-7.099265322E0,7.328503073E0,1.098842038E1
2.208614433E1,5.674708173E0,-7.496712849E0,7.075636139E0,1.176722751E1
2.209614633E1,1.014964605E1,-5.967105793E0,5.373024005E0,1.294183346E1
2.210614833E1,1.436215562E1,-5.178460827E0,4.039204533E0,1.579250277E1
2.211615033E1,1.905570744E1,-5.806414951E0,2.381425340E0,2.006254289E1
2.212615233E1,2.332451283E1,-7.916477444E0,-9.818235219E-1,2.465091259E1
2.213615433E1,2.590414767E1,-1.014762408E1,-2.048462661E0,2.789615279E1
2.214615733E1,2.816190031E1,-1.079654924E1,5.895309001E-2,3.016059648E1
2.215615933E1,2.716192586E1,-1.015676795E1,2.835989639E0,2.913714106E1
2.216616133E1,2.352846605E1,-8.948448442E0,5.371943439E0,2.573948758E1
2.217616333E1,1.834667874E1,-6.990496586E0,5.249754758E0,2.032308019E1
2.218616533E1,1.278216778E1,-5.323643099E0,7.879244714E0,1.593133661E1
2.219616733E1,8.947054465E0,-2.443572617E-1,1.111817066E1,1.427316408E1
2.220617033E1,5.280169635E0,5.027542437E0,1.688779142E1,1.839439788E1
2.221617233E1,-4.597583807E-1,7.180173830E0,1.553778159E1,1.712276061E1
2.222617433E1,-5.780274389E0,3.071866026E0,6.703017644E0,9.369011603E0
2.223617633E1,-7.647286254E0,-1.555475577E-1,1.983334473E0,7.901822430E0
2.224617833E1,-8.688937901E0,-9.535097688E-1,7.810256048E-1,8.775922956E0
2.225618133E1,-9.375584621E0,-6.329476458E-1,-1.199836957E-1,9.397691515E0
2.226618333E1,-9.831260476E0,1.297526389E-2,-6.795376754E-1,9.854725890E0
2.227618533E1,-1.002846601E1,5.176637227E-1,-5.296255910E-1,1.005577493E1
2.228618733E1,-1.000560574E1,1.031393439E0,-1.287337616E-2,1.005863233E1
2.229618933E1,-1.006265819E1,1.168354744E0,9.681223261E-1,1.017641408E1
2.230619133E1,-1.052505132E1,7.273882185E-1,2.098748131E0,1.075688350E1
2.231619433E1,-1.069181859E1,6.313029702E-1,3.237615878E0,1.118908776E1
2.232619633E1,-1.074670641E1,3.124575166E-1,3.772246978E0,1.139382181E1
2.233619833E1,-1.088470888E1,-2.505847657E-1,5.098534652E0,1.202226001E1
2.234620033E1,-1.027476711E1,-6.082349735E-1,5.970424672E0,1.189902347E1
2.235620233E1,-8.655724547E0,7.950926900E-2,6.379902261E0,1.075318753E1
2.236620433E1,-7.263788429E0,1.799896062E0,8.760462213E0,1.152162950E1
2.237620733E1,-6.580020878E0,3.161758195E0,1.160269668E1,1.370824423E1
2.238620933E1,-6.283241939E0,3.601578740E0,1.315849224E1,1.501986740E1
2.239621133E1,-6.172074090E0,3.847766984E0,1.455774732E1,1.627353116E1
2.240621333E1,-6.324249632E0,3.983030332E0,1.589247954E1,1.756221996E1
2.241621533E1,-6.433844579E0,4.347594580E0,1.542461926E1,1.726889730E1
2.242621833E1,-6.760474139E0,4.697607739E0,1.351762355E1,1.582711836E1
2.243622033E1,-7.465674659E0,4.761999909E0,1.205501974E1,1.495782211E1
2.244622233E1,-8.074935819E0,4.660217426E0,1.107930656E1,1.448009837E1
2.245622433E1,-8.434671144E0,4.555510459E0,1.033935779E1,1.409959830E1
2.246622633E1,-8.465193025E0,4.603485401E0,9.664480929E0,1.364748191E1
2.247622833E1,-8.247207071E0,4.761783562E0,8.912683947E0,1.304327192E1
2.248623133E1,-7.854698687E0,4.952497517E0,8.286404466E0,1.244540164E1
2.249623333E1,-7.661410788E0,4.878140230E0,7.788076681E0,1.196443086E1
2.250623533E1,-8.133332546E0,4.699876751E0,7.509733429E0,1.202647230E1
2.251623733E1,-8.339943911E0,4.715993724E0,7.038732607E0,1.188860875E1
2.252623933E1,-8.054638379E0,4.776944223E0,6.775165853E0,1.155851495E1
2.253624233E1,-7.564386769E0,4.850612416E0,7.041101899E0,1.141601962E1
2.254624433E1,-6.989000283E0,4.998043234E0,7.597184971E0,1.146925371E1
2.255624633E1,-6.365330415E0,5.234360794E0,8.142732530E0,1.158533803E1
2.256624833E1,-5.991215617E0,5.312012402E0,8.549259614E0,1.171332490E1
2.257625033E1,-5.721328023E0,5.290862439E0,8.817065014E0,1.176721952E1
2.258625233E1,-5.480834967E0,5.269180378E0,9.312113680E0,1.202161699E1
2.259625533E1,-5.667631872E0,6.660513064E0,1.093817465E1,1.400457604E1
2.260625733E1,-7.591416108E0,9.534130120E0,1.417485527E1,1.869373578E1
2.261625933E1,-1.011110588E1,8.016067806E0,1.354796358E1,1.870933250E1
2.262626133E1,-1.001073842E1,2.837015240E0,9.452825171E0,1.405771827E1
2.263626333E1,-8.876495529E0,9.509443760E-1,8.962298741E0,1.264987221E1
2.264626533E1,-7.872899315E0,1.890534629E0,1.027411690E1,1.308106046E1
2.265626833E1,-6.870960202E0,2.468458221E0,1.181978158E1,1.389282608E1
2.266627021E1,-6.204327332E0,2.675539995E0,1.330850958E1,1.492543531E1
2.267627221E1,-5.943224595E0,2.555507767E0,1.475711983E1,1.611288690E1
2.268627421E1,-6.100321738E0,1.713638229E0,1.527616196E1,1.653818629E1
2.269627621E1,-6.605317687E0,4.090179974E-1,1.455810283E1,1.599174398E1
2.270627921E1,-6.811505129E0,-4.096763939E-1,1.452572563E1,1.604871153E1
2.271628121E1,-6.450730754E0,-1.254900187E0,1.627417876E1,1.755094289E1
2.272628321E1,-5.341526223E0,-2.699551001E0,1.938440866E1,2.028730582E1
2.273628521E1,-3.002488520E0,-5.188325665E0,2.325596709E1,2.401611263E1
2.274628721E1,1.308098740E0,-9.105878291E0,2.747905077E1,2.897803259E1
2.275629021E1,9.850687265E0,-1.359222934E1,3.159001993E1,3.577309181E1
2.276629221E1,2.833801610E1,-1.846391425E1,4.048561130E1,5.275456386E1
2.277629421E1,7.079684751E1,-2.638555362E1,5.479235870E1,9.333056107E1
2.278629621E1,9.082557724E1,-3.324690333E1,2.926784034E1,1.010507226E2
2.279629821E1,9.901130493E1,-9.160030057E1,4.237468296E1,1.413841127E2
2.280630121E1,9.952081727E1,-2.830268021E1,2.929305821E1,1.075337995E2
2.281630321E1,4.460633128E1,5.102909539E0,-1.371547462E1,4.694548669E1
2.282630521E1,1.738372770E1,1.607028723E0,-2.660735722E1,3.182338744E1
2.283630721E1,7.273654436E0,-2.778188158E0,-2.567320604E1,2.682793109E1
2.284630921E1,5.019112507E0,-6.293054152E0,-8.922086270E0,1.201655709E1
2.285631221E1,4.891757811E0,-6.500496991E0,2.193901041E0,8.426087905E0
2.286631421E1,3.770929601E0,-5.454526590E0,7.615075697E0,1.009758131E1
2.287631621E1,2.104934485E0,-2.895752860E0,8.819284617E0,9.518188639E0
2.288631821E1,6.597273088E-1,-1.297862604E-1,7.302060210E0,7.332950832E0
2.289632021E1,-6.367851734E-1,1.539109659E0,5.394409611E0,5.645707126E0
2.290632221E1,-1.661692150E0,2.092493072E0,3.550620548E0,4.443720776E0
2.291632521E1,-2.023544751E0,2.313685931E0,2.272628244E0,3.822658118E0
2.292632721E1,-2.162749414E0,2.022336132E0,1.326035074E0,3.244333133E0
2.293632921E1,-2.153565193E0,1.663723765E0,4.487919277E-1,2.758121462E0
2.294633121E1,-1.843572131E0,1.608857001E0,-7.142204350E-1,2.548978204E0
2.295633321E1,-1.958792101E0,1.119464639E0,-2.208781327E0,3.157337886E0
2.296633621E1,-2.449502133E0,6.037434348E-1,-3.489180930E0,4.305688144E0
2.297633821E1,-2.928244084E0,2.727714407E-1,-4.247719166E0,5.166443243E0
2.298634021E1,-3.056284658E0,-1.288404733E-2,-4.533806471E0,5.467763988E0
2.299634221E1,-2.920804671E0,-4.900662535E-1,-4.921572179E0,5.743965317E0
2.300634421E1,-2.751089237E0,-8.692535108E-1,-4.050348156E0,4.972867768E0
2.301634721E1,-2.406961300E0,-1.051256576E0,-2.956971454E0,3.955032651E0
2.302634921E1,-2.005385638E0,-1.103311121E0,-2.056244720E0,3.076850555E0
2.303635121E1,-1.814547722E0,-9.146074390E-1,-2.020319427E0,2.865446002E0
2.304635321E1,-1.889686198E0,-6.348091069E-1,-2.163368342E0,2.941778223E0
2.305635521E1,-1.968053505E0,-3.140656471E-1,-2.154081502E0,2.934610527E0
2.306635821E1,-1.918469117E0,1.190557426E-1,-1.812923658E0,2.642232051E0
2.307636021E1,-1.824879752E0,7.961659464E-1,-1.261929125E0,2.357229612E0
2.308636221E1,-1.895908805E0,1.395151794E0,-9.337272495E-1,2.532343835E0
2.309636421E1,-2.367300805E0,1.580352995E0,-7.549021456E-1,2.944742084E0
2.310636621E1,-3.198935085E0,1.704966223E0,-4.938514486E-1,3.658412874E0
2.311636821E1,-3.994429479E0,1.890970246E0,-1.260396570E-1,4.421212653E0
2.312637121E1,-4.577593346E0,1.967276118E0,4.167383686E-1,4.999820700E0
2.313637321E1,-5.076742664E0,1.994972332E0,1.094244721E0,5.563326540E0
2.314637521E1,-5.367297826E0,2.233434066E0,1.597293255E0,6.028885422E0
2.315637721E1,-5.614321053E0,2.438876865E0,1.736425413E0,6.362695534E0
2.316637921E1,-5.769649413E0,2.640760756E0,1.662813646E0,6.559529018E0
2.317638221E1,-5.872880836E0,2.832473415E0,1.631387785E0,6.721239549E0
2.318638421E1,-5.966997035E0,3.023022479E0,1.323083984E0,6.818670673E0
2.319638621E1,-6.093832498E0,3.262049931E0,7.220606741E-1,6.949614081E0
2.320638821E1,-6.285983114E0,3.401358674E0,1.190563273E-1,7.148216487E0
2.321639021E1,-6.691659427E0,3.306496079E0,-1.617737460E-1,7.465747984E0
2.322639321E1,-7.124677321E0,3.151006043E0,-4.370413631E-1,7.802619507E0
2.323639521E1,-7.298050774E0,3.205808195E0,-8.398098564E-1,8.015237481E0
2.324639721E1,-7.457971537E0,3.588164643E0,-1.563025648E0,8.422547959E0
2.325639921E1,-7.843957937E0,3.792778891E0,-2.192571384E0,8.984443060E0
2.326640121E1,-8.103663189E0,3.836292701E0,-2.677539450E0,9.357121153E0
2.327640321E1,-7.618332596E0,3.956058003E0,-3.012393118E0,9.097466612E0
2.328640621E1,-6.570968803E0,4.332894972E0,-2.788971008E0,8.350447242E0
2.329640821E1,-6.413534861E0,4.439861889E0,-2.779091552E0,8.280649302E0
2.330641021E1,-6.339502679E0,4.286481821E0,-3.061472307E0,8.242319655E0
2.331641221E1,-5.773053662E0,4.194429105E0,-3.029248302E0,7.752272530E0
2.332641421E1,-5.139206715E0,4.079517576E0,-2.531652589E0,7.033006053E0
2.333641721E1,-4.871996561E0,3.730461313E0,-1.953460025E0,6.439619412E0
2.334641921E1,-4.753629620E0,3.212980974E0,-1.063923107E0,5.835424036E0
2.335642121E1,-4.243070045E0,3.008543019E0,5.174505186E-1,5.227114839E0
2.336642321E1,-3.651501390E0,2.837721584E0,2.648560649E0,5.329258832E0
2.337642521E1,-2.100338573E0,2.221889323E0,6.845238301E0,7.497032858E0
2.338642821E1,2.176585096E-1,7.774127564E-1,1.049829680E1,1.052929160E1
2.339643021E1,3.647356299E0,-1.451779447E0,1.132485921E1,1.198596294E1
2.340643221E1,1.013204710E1,-3.777045788E0,1.310030309E1,1.698653568E1
2.341643421E1,2.712730567E1,-2.841214243E1,1.657121147E1,4.263502785E1
2.342643621E1,4.992212391E1,-2.736243390E1,1.490886560E1,5.884892113E1
2.343643921E1,3.218789306E1,5.077515081E0,1.558177722E0,3.262314419E1
2.344644121E1,1.783399371E1,3.042035870E0,2.793004417E-1,1.809373711E1
2.345644321E1,1.126739745E1,-2.271504702E0,2.866087596E0,1.184603043E1
2.346644521E1,8.523592091E0,-5.211009938E0,6.047596809E0,1.167817083E1
2.347644721E1,8.160743124E0,-6.071679736E0,8.326337441E0,1.314499594E1
2.348645021E1,7.960284199E0,-6.360281929E0,6.817620732E0,1.225965999E1
2.349645221E1,8.093040553E0,-6.714822003E0,5.218975015E0,1.173983987E1
2.350645421E1,8.697014660E0,-7.233019795E0,2.913002146E0,1.168076285E1
2.351645621E1,1.021088043E1,-7.146810202E0,1.920675856E0,1.261062928E1
2.352645821E1,1.351248268E1,-5.848036602E0,3.836417831E0,1.521528252E1
2.353646121E1,1.767526987E1,-4.334363208E0,6.297434301E0,1.925771399E1
2.354646321E1,2.072682881E1,-3.313276510E0,8.029866650E0,2.247349532E1
2.355646521E1,2.095011994E1,-2.566077779E0,7.733412232E0,2.247883327E1
2.356646721E1,1.823268961E1,-1.309457779E0,5.436971494E0,1.907108569E1
2.357646921E1,1.333934078E1,-5.056653093E-1,1.919984715E0,1.348629123E1
2.358647221E1,9.691577511E0,-1.290130392E0,5.582044423E-1,9.792992560E0
2.359647421E1,6.891227821E0,-2.236321859E0,1.733069111E0,7.449408358E0
2.360647621E1,4.253103867E0,-2.009448869E0,1.617340434E0,4.974190119E0
2.361647821E1,1.597865113E0,-2.230104953E0,2.116780213E0,3.465155046E0
2.362648021E1,-5.668068659E-1,-1.657040251E0,3.482863598E0,3.898383159E0
2.363648321E1,-3.438134737E0,-1.033242913E0,3.756395761E0,5.196043736E0
2.364648521E1,-5.763849560E0,-3.645190783E-1,3.687667004E0,6.852278733E0
2.365648721E1,-7.360797830E0,5.283924133E-2,3.703519975E0,8.240157576E0
2.366649112E1,-8.519883787E0,9.606244415E-3,3.659545405E0,9.272582412E0
2.367649312E1,-9.275513619E0,7.789953053E-3,3.264166038E0,9.833107011E0
2.368649512E1,-9.917595785E0,2.744139236E-1,3.353177032E0,1.047271719E1
2.369649812E1,-1.036078199E1,5.484274592E-1,4.019954037E0,1.112684171E1
2.370650013E1,-1.087538959E1,7.881706099E-1,4.953245376E0,1.197622442E1
2.371650212E1,-1.138679058E1,9.062403658E-1,5.854644540E0,1.283577555E1
2.372650412E1,-1.189135851E1,8.919129333E-1,6.245230359E0,1.346115961E1
2.373650612E1,-1.186126055E1,1.208934348E0,6.224787909E0,1.344987021E1
2.374650912E1,-1.084175757E1,2.177801609E0,6.387556851E0,1.277056810E1
2.375651112E1,-9.096969473E0,3.252197080E0,6.908824432E0,1.187701539E1
2.376651312E1,-8.558842031E0,3.844647202E0,8.340588275E0,1.255390385E1
2.377651512E1,-8.288751538E0,4.459781013E0,9.724547036E0,1.353365671E1
2.378651712E1,-7.935372722E0,5.133281731E0,1.093055573E1,1.444983634E1
2.379652013E1,-7.497720324E0,5.863220651E0,1.249281130E1,1.570552453E1
2.380652212E1,-7.208571417E0,6.498038236E0,1.319350771E1,1.637854232E1
2.381652412E1,-7.132279871E0,6.881752993E0,1.203015504E1,1.558693590E1
2.382652612E1,-7.055927514E0,7.168119210E0,1.078712002E1,1.474889841E1
2.383652812E1,-7.224675819E0,7.356964395E0,9.625556599E0,1.410575080E1
2.384653112E1,-7.305467382E0,7.741753870E0,8.476049550E0,1.360691084E1
2.385653312E1,-7.299090993E0,8.030035050E0,7.691784149E0,1.330119302E1
2.386653512E1,-7.431159130E0,8.132041481E0,6.957325916E0,1.302906783E1
2.387653712E1,-7.639567344E0,8.325839258E0,6.165170867E0,1.287213737E1
2.388653913E1,-7.760055655E0,8.598356345E0,5.563406423E0,1.284919012E1
2.389654212E1,-7.824513606E0,8.603886057E0,5.097383335E0,1.269776300E1
2.390654412E1,-7.576864142E0,8.696032913E0,4.941636314E0,1.254789337E1
2.391654612E1,-7.165324241E0,8.750845882E0,5.149170370E0,1.242711272E1
2.392654812E1,-6.728643066E0,8.706178417E0,5.474322923E0,1.228984913E1
2.393655012E1,-6.306510349E0,8.597627782E0,5.898803882E0,1.218553091E1
2.394655212E1,-5.984183171E0,8.417628849E0,6.320963497E0,1.210873665E1
2.395655512E1,-5.753191255E0,8.216148416E0,6.736345019E0,1.208232795E1
2.396655712E1,-5.606170619E0,7.891167771E0,7.115512980E0,1.201375057E1
2.397655913E1,-5.539332851E0,7.599953628E0,7.518218324E0,1.204022883E1
2.398656112E1,-5.427922928E0,7.444082646E0,7.912584953E0,1.214436966E1
2.399656312E1,-5.326248618E0,7.186623893E0,8.371950400E0,1.225177705E1
2.400656612E1,-5.191409487E0,6.884803485E0,8.868489522E0,1.236937177E1
2.401656812E1,-4.929533163E0,6.680243908E0,9.596691819E0,1.268946215E1
2.402657012E1,-4.794879680E0,6.321306143E0,1.029120948E1,1.299456713E1
2.403657212E1,-4.739910298E0,5.897553163E0,1.095164196E1,1.331113611E1
2.404657412E1,-4.720557184E0,5.412043059E0,1.164996089E1,1.368559312E1
2.405657712E1,-4.788043700E0,4.928283028E0,1.274553147E1,1.447970678E1
2.406657913E1,-4.871354536E0,4.441428650E0,1.437361148E1,1.581319356E1
2.407658112E1,-4.873191147E0,3.789464105E0,1.692830210E1,1.801875252E1
2.408658312E1,-4.025403349E0,2.887956183E0,2.085950447E1,2.143975489E1
2.409658512E1,-1.830354500E0,5.573729682E-1,2.565565972E1,2.572690688E1
2.410658812E1,2.911709912E0,-4.811776087E0,2.770254539E1,2.826768941E1
2.411659012E1,2.261338616E1,-1.632077640E1,3.223531164E1,4.262450342E1
2.412659212E1,8.778439828E1,-2.988417429E1,4.093305895E1,1.013640951E2
2.413659412E1,1.070921850E2,-5.547252554E1,1.647356648E1,1.217263964E2
2.414659712E1,7.655758518E1,-5.609005232E1,-7.740476253E0,9.522117827E1
2.415659913E1,5.216575201E1,-3.516006084E1,-8.375175725E0,6.346368355E1
2.416660112E1,4.463851903E1,-3.377734403E1,-3.691941786E1,6.705631787E1
2.417660312E1,6.676878953E1,5.160078936E0,-3.560709217E1,7.584565038E1
2.418660512E1,4.259338285E1,4.258772743E-1,-9.634555464E0,4.367152726E1
2.419660812E1,1.618436202E1,-3.799780347E0,-1.030989835E1,1.956184830E1
2.420661012E1,-3.141991975E0,-5.769642981E0,-5.019688457E-2,6.569886866E0
2.421661212E1,-5.571741044E0,-8.110836554E-1,6.329403952E0,8.471334567E0
2.422661412E1,-5.087295134E0,7.713071523E0,1.030292730E1,1.383916020E1
2.423661612E1,-6.812061199E0,9.485030465E0,4.213145750E0,1.241453091E1
2.424661912E1,-7.236593614E0,6.456680295E0,-3.695581795E0,1.037855155E1
2.425662112E1,-7.432292320E0,4.405428220E0,-6.836342347E0,1.101736555E1
2.426662312E1,-7.604766471E0,3.720019356E0,-6.818543422E0,1.087030595E1
2.427662512E1,-7.930696118E0,3.366256084E0,-6.242351190E0,1.063929365E1
2.428662712E1,-7.887755336E0,3.403850173E0,-5.777079470E0,1.035265799E1
2.429663012E1,-8.158224143E0,2.784340013E0,-4.520979434E0,9.733880291E0
2.430663212E1,-8.660564872E0,2.154380587E0,-2.996139613E0,9.414010420E0
2.431663412E1,-8.799781229E0,1.901806306E0,-2.136388997E0,9.252954926E0
2.432663612E1,-8.625552329E0,1.868019048E0,-1.653987858E0,8.979160539E0
2.433663813E1,-8.340077813E0,1.856257081E0,-1.220082357E0,8.630827842E0
2.434664112E1,-7.900599915E0,1.890908850E0,-7.879392064E-1,8.161854170E0
2.435664312E1,-7.353611602E0,1.930241316E0,-5.172259855E-1,7.620299065E0
2.436664512E1,-6.907058573E0,1.861684174E0,-2.153014787E-1,7.156792635E0
2.437664712E1,-6.594027298E0,1.618490582E0,2.179736380E-1,6.793248139E0
2.438664912E1,-6.094424821E0,1.446421643E0,4.645589447E-1,6.280920671E0
2.439665212E1,-5.449730119E0,1.300221956E0,6.522919893E-1,5.640533693E0
2.440665412E1,-4.548953099E0,1.126955800E0,1.015719831E0,4.795277932E0
2.441665612E1,-3.455308009E0,9.147910416E-1,1.498912683E0,3.875917352E0
2.442665812E1,-2.206556754E0,4.905588815E-1,1.927246811E0,2.970491709E0
2.443666012E1,-8.662480420E-1,-4.138451663E-1,2.664936361E0,2.832585268E0
2.444666312E1,3.712221801E-1,-1.651657450E0,4.556736327E0,4.861031187E0
2.445666512E1,1.261506371E0,-2.337219805E0,6.678693227E0,7.187415249E0
2.446666713E1,1.078241184E0,-2.702177570E0,8.610594567E0,9.088823162E0
2.447666912E1,9.300113440E-1,-3.027660198E0,9.681633736E0,1.018654402E1
2.448667112E1,1.551163402E0,-3.236751660E0,9.741841346E0,1.038201050E1
2.449667412E1,2.139627770E0,-3.229667466E0,9.558084408E0,1.031337658E1
2.450667612E1,2.717589369E0,-3.181031495E0,9.122671494E0,1.003630353E1
2.451667812E1,3.346500097E0,-3.247736531E0,7.978473133E0,9.241368352E0
2.452668012E1,3.883162227E0,-2.893873273E0,6.233620713E0,7.893762005E0
2.453668212E1,3.557931907E0,-2.196371928E0,3.456229531E0,5.424799689E0
2.454668512E1,3.038165891E0,-1.325539961E0,1.276090497E0,3.551888951E0
2.455668713E1,2.914213690E0,-4.429414961E-1,4.254527664E-1,2.978229114E0
2.456668912E1,2.941787404E0,1.069177708E0,3.264734387E-1,3.147036544E0
2.457669112E1,2.342815005E0,2.856854843E0,1.631882898E0,4.038990410E0
2.458669412E1,1.481050608E0,4.316653161E0,2.471888198E0,5.190109505E0
2.459669612E1,1.665392268E-1,4.859459546E0,1.990291636E0,5.253888387E0
2.460669812E1,-1.423100023E0,4.502051120E0,1.197154328E0,4.871022115E0
2.461670012E1,-2.268736045E0,4.124801338E0,1.135354229E-1,4.708931897E0
2.462670212E1,-2.161525007E0,3.773141602E0,-1.947996386E0,4.764816663E0
2.463670512E1,-1.543015891E0,3.135271770E0,-4.763130176E0,5.907472911E0
2.464670713E1,-9.884893477E-1,2.485393219E0,-6.056679289E0,6.621001031E0
2.465670912E1,-9.757336468E-1,1.767986052E0,-5.911292950E0,6.246696340E0
2.466670975E1,-1.369084030E0,1.038863988E0,-4.894322984E0,5.187294761E0
2.467671175E1,-1.595236205E0,5.953088263E-1,-3.575725569E0,3.960427311E0
2.468671475E1,-1.452081748E0,2.468741226E-1,-2.758133962E0,3.126786080E0
2.469671675E1,-1.152648758E0,1.676577991E-1,-2.014153100E0,2.326697446E0
2.470671875E1,-6.571679825E-1,1.319924149E-1,-8.980013466E-1,1.120579392E0
2.471672075E1,2.266111815E-1,-3.185782358E-1,3.750205314E-1,5.417426685E-1
2.472672375E1,7.526571071E-1,-1.069490241E0,1.121708362E0,1.722942758E0
2.473672575E1,5.046603191E-1,-1.830196918E0,1.671025621E0,2.529155872E0
2.474672775E1,-1.444665724E-1,-2.539868804E0,1.892845594E0,3.170909739E0
2.475672975E1,-2.011722851E-1,-2.671233813E0,1.354122759E0,3.001601042E0
2.476673175E1,-1.030971708E0,-1.763286352E0,3.358779542E-1,2.069998894E0
2.477673475E1,7.344512165E-2,-2.279662737E0,1.303055370E0,2.626825019E0
2.478673675E1,1.634928274E-1,-2.294025692E0,1.132039661E0,2.563356700E0
2.479673875E1,1.048803962E0,-2.674770793E0,2.892030523E0,4.076546221E0
2.480674075E1,2.717862434E0,-2.777404338E0,5.220109960E0,6.507710739E0
2.481674275E1,3.093893949E0,-1.814914927E0,5.355618013E0,6.445831231E0
2.482674575E1,-1.238366600E0,-4.198887899E0,2.464579178E1,2.503156535E1
2.483674775E1,-2.548755695E0,-7.557783508E0,2.701698040E1,2.816972625E1
2.484674975E1,6.650138934E0,-4.695271777E-1,-6.789956385E-1,6.701181887E0
2.485675175E1,4.930117884E0,1.615200792E0,-4.723014768E0,7.015825287E0
2.486675375E1,3.852603509E0,2.305716030E0,-9.088505044E0,1.013705106E1
2.487675675E1,4.273287871E0,3.085156454E0,-1.400707175E1,1.496586913E1
2.488675875E1,2.978295665E0,1.346011648E0,-1.525478571E1,1.560097688E1
2.489676075E1,1.580100102E0,2.768772094E-1,-1.905638922E1,1.912379009E1
2.490676275E1,7.569413620E-1,1.953871815E0,-1.152042986E1,1.170943549E1
2.491676575E1,2.197708163E0,3.789266469E0,-3.012100757E0,5.316127586E0
2.492676775E1,1.847561102E0,2.061080806E0,-1.309832293E0,3.062220885E0
2.493676975E1,8.813397056E-1,-5.872300208E-2,-2.156676496E0,2.330549630E0
2.494677175E1,8.229271907E-1,-9.683345801E-1,3.319804195E-1,1.313427584E0
2.495677375E1,-6.583380103E-1,-1.302673693E0,1.054463847E-1,1.463381914E0
2.496677675E1,-1.532444125E0,-1.977103826E0,7.632487535E-2,2.502628622E0
2.497677875E1,-7.050408912E-1,-9.811374973E-1,1.714600096E0,2.097514466E0
2.498678075E1,5.899133080E-1,-2.833883764E-1,3.185041516E0,3.251583636E0
2.499678275E1,5.704023188E-1,3.094856693E-1,4.778755106E0,4.822617603E0
2.500678475E1,5.888678259E-1,9.135796447E-1,6.785636462E0,6.872136151E0
2.501678775E1,4.624568707E-1,3.662539472E-1,3.986762609E0,4.030171760E0
2.502678975E1,7.159260678E-1,-3.505585586E-1,2.299300611E0,2.433562150E0
2.503679175E1,-9.541018724E-1,-1.738789442E-1,3.928426108E0,4.046365772E0
2.504679375E1,-2.275693647E0,-9.008273059E-1,2.144558727E0,3.254136374E0
2.505679575E1,-1.104001093E0,-4.556929578E-1,4.850258075E-2,1.195335512E0
2.506679875E1,-3.018502289E-1,-4.494428690E-1,2.844518387E-1,6.115760801E-1
2.507680075E1,1.432655543E-1,-7.000168173E-1,1.074317191E0,1.290234859E0
2.508680275E1,3.723834372E-1,-9.957504201E-1,1.127615731E0,1.549743708E0
2.509680475E1,5.979432893E-1,-1.124485351E0,1.266942089E0,1.796425824E0
2.510680775E1,3.818839931E-1,-1.013886290E0,2.240844681E0,2.489012992E0
2.511680975E1,6.060510385E-1,-5.990055822E-1,2.963686981E0,3.083755190E0
2.512681175E1,5.290280056E-1,-9.670519933E-2,2.892990636E0,2.942552862E0
2.513681375E1,-9.470793664E-2,3.552724376E-2,2.051524848E0,2.054017035E0
2.514681575E1,-5.090995252E-1,5.858646959E-2,1.368856573E0,1.461637102E0
2.515681875E1,-5.930415684E-1,3.811712176E-2,1.108348059E0,1.257611481E0
2.516682075E1,-9.739245182E-1,1.447565943E-2,7.987811136E-1,1.259678443E0
2.517682275E1,-1.446892344E0,1.445218286E-1,4.585844059E-1,1.524691336E0
2.518682475E1,-1.404297132E0,7.638159335E-1,-1.739277319E-1,1.608016191E0
2.519682675E1,-1.343139349E0,7.941938268E-1,-7.887390324E-1,1.748392521E0
2.520682975E1,-8.459839314E-1,6.088277350E-1,-1.306858546E0,1.671597823E0
2.521683175E1,1.492677212E-1,4.703039803E-1,-1.113101626E0,1.217563927E0
2.522683375E1,7.561432171E-1,4.724943472E-1,-7.167012624E-1,1.143968606E0
2.523683575E1,8.462300992E-1,7.276748782E-1,-4.040812663E-1,1.186969999E0
2.524683875E1,3.543044311E-1,7.783018255E-1,1.094844353E-1,8.621323582E-1
2.525684075E1,-7.369538248E-2,7.593119694E-1,3.818239130E-2,7.638347801E-1
2.526684275E1,-1.291392660E-1,7.110907128E-1,-3.196345353E-1,7.902488140E-1
2.527684475E1,1.582782805E-2,4.625597817E-1,-2.167656398E-1,5.110767206E-1
2.528684675E1,1.600581729E-1,-2.273327279E-1,5.286573652E-1,5.973084611E-1
2.529684975E1,1.083740491E0,-1.071695811E0,3.244755621E0,3.584893918E0
2.530685175E1,4.796270440E0,-9.987808858E-1,1.180129619E1,1.277780752E1
2.531685375E1,3.238306727E0,-1.356029536E0,7.055580189E0,7.880777777E0
2.532685575E1,2.897590640E0,9.874236926E-2,2.444510365E-1,2.909559740E0
2.533685775E1,-6.563499570E-3,3.491756921E-1,-3.395121449E0,3.413036243E0
2.534686075E1,-2.120117365E0,6.618472168E-1,-3.793737835E0,4.396064847E0
2.535686275E1,-3.191789787E0,3.675267398E-1,-3.305925683E0,4.609961233E0
2.536686475E1,-3.654720283E0,-9.205192664E-1,-2.369572449E0,4.451877093E0
2.537686675E1,-1.701253826E0,-1.077289550E0,-9.273344886E-1,2.216927290E0
2.538686875E1,7.530348372E-1,-1.735095464E-1,7.070862472E-2,7.759940324E-1
2.539687175E1,5.639961094E-1,-6.159009656E-1,3.711064053E-1,9.138629957E-1
2.540687375E1,2.652051437E-1,1.248579347E-1,1.522492164E-1,3.303075779E-1
2.541687575E1,8.937387264E-1,1.595137241E0,7.724581182E-2,1.830081595E0
2.542687775E1,1.996977342E0,2.673087380E0,3.209449329E-1,3.352062096E0
2.543688075E1,3.476546851E0,3.270752634E0,5.680523594E-1,4.806962064E0
2.544688275E1,2.787546042E0,2.372802889E0,-1.722273616E-1,3.664733107E0
2.545688475E1,7.408024621E-1,9.889072774E-1,-1.034508689E0,1.611500580E0
2.546688675E1,-1.358102959E0,-7.801594859E-1,-6.841949826E-1,1.709156296E0
2.547688875E1,-2.360700468E0,-2.110931536E0,-6.590420151E-1,3.234698599E0
2.548689175E1,-7.755565578E-1,-2.282553893E0,-1.459528762E0,2.818113634E0
2.549689375E1,1.703435422E0,-1.673014990E0,-1.937953793E0,3.075115657E0
2.550689575E1,2.191271548E0,-1.241989097E0,-1.146809728E0,2.767558575E0
2.551689775E1,1.202755888E0,-1.155421215E0,5.606824923E-1,1.759541067E0
2.552689975E1,8.962968832E-1,-1.252154627E0,3.444682449E0,3.773205068E0
2.553690275E1,8.267132628E-1,-3.215245016E-1,2.979033583E0,3.108291157E0
2.554690475E1,1.409228674E0,1.420044707E0,1.181862617E-1,2.004100900E0
2.555690675E1,1.936382062E0,1.682414828E0,-2.872889078E-1,2.581207094E0
2.556690875E1,1.613973607E0,7.853101520E-1,4.908783587E-1,1.860802086E0
2.557691075E1,5.336209935E-1,2.723742686E-2,7.569103718E-1,9.265023222E-1
2.558691375E1,-2.143589258E-1,1.830876511E-1,3.265423628E-1,4.313939635E-1
2.559691575E1,-3.774810398E-1,8.191163410E-1,-9.780544066E-1,1.330426224E0
2.560691775E1,-3.530373394E-2,4.622076331E-1,-1.663928125E0,1.727292406E0
2.561691975E1,-3.766127282E-1,1.307157850E-1,-1.258871470E0,1.320485192E0
2.562692275E1,-9.459046608E-1,-1.996895774E-1,-7.220656443E-1,1.206644251E0
2.563692475E1,-1.115895499E0,-5.997439759E-1,1.537221154E0,1.991975020E0
2.564692675E1,-2.202156724E0,-1.340809088E0,1.307880931E0,2.890988720E0
2.565692875E1,-2.035781804E0,-1.137689314E0,5.972825539E-1,2.407382599E0
2.566693050E1,-3.883732331E-1,2.874162309E-2,1.834992512E0,1.875861767E0
2.567693350E1,2.749027508E-1,4.247945161E-1,2.559231566E0,2.608771380E0
2.568693550E1,-1.984702867E-1,3.300843137E-1,2.443695263E0,2.473861889E0
2.569693750E1,-2.190980941E-1,1.281161495E-1,2.189802142E0,2.204461645E0
2.570693950E1,-4.556647450E-1,-1.045761363E-1,1.490289209E0,1.561898990E0
2.571694150E1,3.922984689E-1,2.435257877E-1,1.559438381E0,1.626361265E0
2.572694450E1,2.336202389E-1,-7.919169210E-2,1.181003953E0,1.206490811E0
2.573694650E1,-2.570681584E-1,2.820978959E-1,3.552227363E-1,5.213889655E-1
2.574694850E1,7.276093894E-1,1.141817229E-1,1.567801946E0,1.732182390E0
2.575695050E1,7.776586318E-1,9.469029267E-1,2.120656478E0,2.449196195E0
2.576695250E1,9.210370374E-1,-5.582854262E-1,1.893635407E0,2.178496476E0
2.577695550E1,8.016608673E-1,-9.964507703E-1,2.103456016E0,2.461727340E0
2.578695750E1,1.811268604E-1,-1.032746338E0,1.845273671E0,2.122358796E0
2.579695950E1,-3.206694925E-1,6.423107922E-2,1.447820005E0,1.484296911E0
2.580696150E1,-9.645526010E-1,6.151155384E-1,1.881207150E0,2.201742307E0
2.581696450E1,-9.530645764E-1,-1.871369210E-1,1.704153753E0,1.961502569E0
2.582696650E1,2.437025928E-1,-6.722916596E-1,8.856543660E-2,7.205628813E-1
2.583696850E1,-1.186984777E-1,-1.078669201E0,3.256153598E-1,1.132979230E0
2.584697050E1,-1.031558184E0,7.059428242E-1,1.842824857E0,2.226762451E0
2.585697250E1,-2.037216711E-1,6.685703453E-1,1.103005020E0,1.305798185E0
2.586697550E1,-5.684838474E-1,3.368504924E-1,4.076444864E-1,7.764123687E-1
2.587697750E1,-2.684632123E-2,-8.194785029E-2,-2.952174398E-1,3.075540797E-1
2.588697950E1,9.806628495E-1,-3.974820256E-1,-1.036160820E0,1.480986438E0
2.589698150E1,1.109792760E0,-3.042750692E-1,-8.601944196E-1,1.436717692E0
2.590698350E1,1.045820128E0,-5.596998677E-1,-1.995724869E-1,1.202843655E0
2.591698650E1,4.297159714E-1,-7.358995718E-1,-4.711891025E-2,8.534777018E-1
2.592698850E1,1.466598630E-1,-4.728880110E-1,-5.601603359E-2,4.982669791E-1
2.593699050E1,-9.741168916E-2,-3.346013609E-1,7.088930368E-2,3.556295843E-1
2.594699250E1,-3.412668943E-1,4.479794571E-1,3.120053807E-1,6.438136724E-1
2.595699550E1,-2.891810668E-1,5.765497890E-1,6.870440385E-1,9.423719326E-1
2.596699750E1,-8.955677354E-1,5.801294544E-1,1.191164075E0,1.599207180E0
2.597699950E1,-1.312476550E0,7.025610870E-1,1.539361089E0,2.141452624E0
2.598700150E1,-5.783001530E-1,7.432556614E-1,7.392140660E-1,1.197204026E0
2.599700350E1,1.734108746E-1,3.558460495E-1,-6.247782084E-1,7.396252782E-1
2.600700650E1,5.898671150E-2,-5.451622277E-2,9.653723806E-2,1.255822002E-1
2.601700850E1,-4.363560694E-1,-1.822325689E-1,1.430098848E0,1.506252981E0
2.602701050E1,-8.330124682E-1,-2.248654953E-1,2.060925124E0,2.234253036E0
2.603701250E1,-9.125135511E-1,3.117752928E-1,1.962315048E0,2.186450357E0
2.604701450E1,-6.247685605E-1,9.606870067E-1,-9.086576048E-1,1.462502623E0
2.605701750E1,1.251146860E0,2.196123860E0,-1.817834442E0,3.113334311E0
2.606701950E1,1.373296949E0,-3.224324280E-1,5.439632562E-1,1.511887299E0
2.607702150E1,6.338586420E-1,-6.227088788E-1,2.399422485E-1,9.203887268E-1
2.608702350E1,-4.128280431E-1,-8.908370456E-1,6.748733515E-1,1.191415828E0
2.609702650E1,-1.338225934E0,-1.385351568E0,1.047552658E0,2.192581627E0
2.610702850E1,-1.763352426E0,-1.893861694E0,1.348805301E0,2.918115768E0
2.611703050E1,-2.018229632E0,-1.518806664E0,1.295416129E0,2.838684111E0
2.612703250E1,-2.027423210E0,-3.375147361E-1,3.777008951E-2,2.055672067E0
2.613703450E1,-1.608999381E0,5.890733555E-1,-1.367569016E0,2.192289087E0
2.614703750E1,-9.372712469E-1,1.183467677E0,-1.883085861E0,2.413521388E0
2.615703950E1,4.613482386E-1,1.888373205E0,-1.112928622E0,2.239956624E0
2.616704150E1,3.220648720E0,3.001810535E0,-1.749767005E0,4.737629073E0
2.617704350E1,5.163181468E0,2.238234337E0,-2.156832617E0,6.026612876E0
2.618704550E1,4.662954508E0,-1.755538791E-1,-3.832382083E-1,4.681969183E0
2.619704850E1,2.784761013E0,-1.722195921E0,1.933522189E-1,3.279975270E0
2.620705050E1,1.556758018E0,-2.047575054E0,-4.596969849E-1,2.612925648E0
2.621705250E1,1.132436687E0,-1.802262722E0,1.473673761E-1,2.133607488E0
2.622705450E1,3.630384171E-1,-1.195978087E0,1.860127938E0,2.241034677E0
2.623705750E1,1.262998581E-3,-3.931749666E-1,3.155465130E0,3.179866087E0
2.624705950E1,3.080319053E-1,3.229984385E-1,3.551768941E0,3.579703096E0
2.625706150E1,9.675937378E-1,9.240822673E-1,2.928480896E0,3.219653092E0
2.626706350E1,1.237215868E0,1.232611478E0,2.577767825E0,3.113666828E0
2.627706550E1,5.856226212E-1,8.838654104E-1,2.642912824E0,2.847658707E0
2.628706850E1,1.271997446E-1,3.349986792E-1,2.419304772E0,2.445698156E0
2.629707050E1,3.494120657E-2,2.484020001E-1,1.953906752E0,1.969943156E0
2.630707250E1,5.736352444E-2,4.607263872E-1,1.642238463E0,1.706606735E0
2.631707450E1,2.683743346E-1,2.780064529E-1,1.323185726E0,1.378453059E0
2.632707750E1,8.024537498E-1,-7.889735788E-2,1.223671963E0,1.465445286E0
2.633707950E1,1.223704122E0,-1.850848407E-2,1.126931534E0,1.663661331E0
2.634708150E1,1.269353335E0,-9.531429291E-2,8.190908325E-1,1.513688375E0
2.635708350E1,1.034536756E0,-4.327825436E-1,6.840523106E-1,1.313580828E0
2.636708550E1,5.586687112E-1,-3.115074903E-2,5.666080606E-1,7.963201569E-1
2.637708850E1,1.951180780E-1,1.972189826E-1,2.936530173E-1,4.039783237E-1
2.638709050E1,-4.067948860E-1,3.393753201E-1,2.483721793E-2,5.303532545E-1
2.639709250E1,-1.041851038E0,6.924117824E-1,1.273073334E-1,1.257415929E0
2.640709450E1,-1.597506094E0,1.003184862E0,2.455818880E-1,1.902292315E0
2.641709650E1,-1.019367909E0,1.089781249E0,3.192737621E-1,1.525997982E0
2.642709950E1,4.451999831E-1,1.555254991E0,1.124593817E0,1.970211249E0
2.643710150E1,1.997009502E0,2.082504566E0,3.020421345E0,4.177058453E0
2.644710350E1,1.600495775E0,1.759861053E0,5.240162401E0,5.754824032E0
2.645710550E1,-3.604825991E-1,9.923721913E-1,5.695463449E0,5.792499821E0
2.646710850E1,-1.120469776E0,6.011095566E-1,3.685252689E0,3.898444895E0
2.647711050E1,-8.769092703E-1,4.391200483E-2,1.499341283E0,1.737504652E0
2.648711250E1,-3.796790081E-1,-5.009125462E-1,5.534757990E-1,8.374992467E-1
2.649711450E1,5.931813169E-1,-8.441581383E-1,-4.331678751E-1,1.118973389E0
2.650711650E1,1.444193269E0,-1.724593572E0,-1.026802351E0,2.472698982E0
2.651711950E1,1.824576282E0,-2.441233585E0,-1.571267298E0,3.428932917E0
2.652712150E1,2.777337973E0,-1.101390896E0,-1.702644002E0,3.438846422E0
2.653712350E1,4.020516247E0,1.080777122E0,-7.137332158E-1,4.223984515E0
2.654712550E1,2.650912399E0,1.053849524E0,-9.078995132E-1,2.993696193E0
2.655712850E1,3.207952076E-1,1.222943107E0,-2.998755072E0,3.254386485E0
2.656713050E1,-2.626814854E-1,1.899135006E0,-4.009095465E0,4.443935393E0
2.657713250E1,4.933412790E-2,1.625773289E0,-4.690865607E0,4.964855767E0
2.658713450E1,3.028717375E-1,1.298077489E0,-4.609968209E0,4.798806450E0
2.659713650E1,5.860447901E-1,6.951684523E-1,-3.376454798E0,3.496734859E0
2.660713950E1,8.588273406E-2,-3.156408870E-1,-1.073859719E0,1.122577263E0
2.661714150E1,-2.206821048E-1,-6.267747402E-2,4.330776087E-1,4.900870048E-1
2.662714350E1,8.950444096E-1,1.050779444E0,-1.060529310E0,1.740679279E0
2.663714550E1,9.577949739E-1,8.577953070E-2,-1.424717363E0,1.718880131E0
2.664714850E1,-9.274678051E-2,-2.349676713E0,4.662802919E-1,2.397290122E0
2.665715050E1,-4.255439830E-1,-3.300835682E0,1.212930043E0,3.542287844E0
2.666715300E1,7.956341422E-1,-3.263690659E0,8.453312360E-2,3.360335736E0
2.667715500E1,3.349669288E0,-1.198564019E0,1.054553456E0,3.710649948E0
2.668715700E1,4.555980867E0,1.329733146E0,1.013438247E0,4.853061815E0
2.669716000E1,2.634424421E0,3.877545977E-1,-6.836038291E-1,2.749156207E0
2.670716200E1,8.445478553E-1,-5.234323664E-1,-1.483212909E0,1.785262741E0
2.671716400E1,-1.079349232E0,-8.960980779E-1,-6.947380972E-1,1.565454424E0
2.672716600E1,-2.035261402E0,-8.635442895E-1,1.152329500E0,2.493162849E0
2.673716900E1,-1.195017098E0,-1.517311531E-1,1.806640094E0,2.171413511E0
2.674717100E1,-7.055373198E-1,5.337797454E-1,1.564664915E0,1.797464888E0
2.675717300E1,-1.235074033E0,1.816604188E-1,1.875866303E0,2.253282664E0
2.676717500E1,-5.659473252E-1,9.608671010E-2,2.611169752E0,2.673525108E0
2.677717700E1,-1.755772680E-1,1.726533678E-1,1.462295956E0,1.482884360E0
2.678718000E1,1.404097742E-1,4.143044651E-1,5.181267491E-1,6.780991245E-1
2.679718200E1,6.488865709E-1,1.281693591E0,1.762937858E0,2.274146463E0
2.680718400E1,4.285938907E-1,1.732237052E0,2.317289278E0,2.924750848E0
2.681718600E1,1.543647391E-1,2.092253628E0,1.024674549E0,2.334804414E0
2.682718900E1,-2.929975444E-1,1.882092419E0,1.807444817E0,2.625828669E0
2.683719100E1,-1.499035474E0,1.738444456E-1,2.222054799E0,2.686048543E0
2.684719300E1,-1.894430628E0,-1.802086721E0,2.163959788E0,3.393980837E0
2.685719500E1,-1.150165445E0,-2.231536059E0,1.030072114E0,2.713610565E0
2.686719700E1,-3.251110375E-2,-2.140746927E0,9.310609192E-2,2.143017294E0
2.687720000E1,9.164054579E-1,-1.506872205E0,9.465308976E-1,2.001595250E0
2.688720200E1,9.393733209E-1,-1.283956464E0,2.276234515E0,2.777086603E0
2.689720400E1,5.044036263E-1,-1.229801306E0,1.532276895E0,2.028473997E0
2.690720600E1,-3.277118790E-1,-1.132553047E0,-8.831146279E-1,1.473079402E0
2.691720900E1,-8.001066774E-1,-6.299494860E-1,-1.178202113E0,1.557294856E0
2.692721100E1,-8.090751368E-1,-7.149051440E-1,-6.476093929E-1,1.259003522E0
2.693721300E1,-1.633595109E-1,2.413672149E-2,4.094290566E-1,4.414760056E-1
2.694721500E1,-8.949338973E-2,5.206854907E-1,5.409925783E-1,7.561715525E-1
2.695721700E1,-4.537614763E-1,3.792468989E-1,-5.793451966E-1,8.278698838E-1
2.696722000E1,-8.047704166E-1,4.874885085E-1,-1.160905026E0,1.494322907E0
2.697722200E1,-5.179247278E-1,1.721403916E0,-1.168722607E0,2.144152513E0
2.698722400E1,-5.079218960E-1,3.875555000E-1,-8.325066841E-1,1.049405211E0
2.699722600E1,-6.948258054E-1,4.869660598E-1,4.225814912E-1,9.478892129E-1
2.700722900E1,2.852365351E-1,1.071915666E0,1.172490407E0,1.614031236E0
2.701723100E1,3.537682414E-2,2.961767925E0,1.501050425E-1,2.965780215E0
2.702723300E1,-1.152235944E0,-3.015368181E-1,-2.296266198E0,2.586776097E0
2.703723500E1,-8.632069051E-2,9.872821900E-1,2.053788597E0,2.280400181E0
2.704723700E1,9.363514799E-1,1.800726220E0,3.086246668E0,3.693817471E0
2.705724000E1,9.647952604E-1,9.150214219E-1,2.001726159E0,2.403123324E0
2.706724200E1,8.566124153E-1,4.743761274E-1,2.583453949E0,2.762797830E0
2.707724400E1,8.490531349E-1,-4.283176097E-1,1.581563076E0,1.845450883E0
2.708724600E1,1.046564478E0,-2.142440280E-1,-3.990353385E-1,1.140362623E0
2.709724900E1,1.252665966E0,-1.280357210E0,-1.333812163E0,2.233280434E0
2.710725100E1,1.158789504E-1,-2.572812894E-1,-2.265016924E0,2.282525631E0
2.711725300E1,-7.370093733E-1,4.400863007E-2,-2.140515962E0,2.264272103E0
2.712725500E1,5.003386420E-1,4.644956486E-1,-3.793989265E-1,7.810496205E-1
2.713725800E1,1.232406533E0,-4.051363233E-1,6.207465532E-1,1.438154229E0
2.714726000E1,1.306600683E0,-1.546860582E0,9.489425817E-1,2.236174195E0
2.715726200E1,1.290133170E0,-1.791537028E0,1.735443958E0,2.808169199E0
2.716726400E1,7.709635699E-1,-8.485191379E-1,1.867199707E0,2.191073777E0
2.717726600E1,-4.217356914E-1,-4.701585600E0,2.563002728E-1,4.727415571E0
2.718726900E1,8.817460871E-1,-1.476183532E0,-2.033622135E-1,1.731458972E0
2.719727100E1,-6.093032598E-2,-6.764317806E-1,4.684673698E-1,8.250661398E-1
2.720727300E1,1.101574498E-1,-3.583315547E-1,8.161587462E-1,8.981376653E-1
2.721727500E1,3.553867507E-1,-2.269897887E-1,9.952819119E-1,1.080930243E0
2.722727800E1,2.213393319E-1,4.761174282E-1,1.335665438E0,1.435158900E0
2.723728000E1,-5.312055087E-1,1.776081522E0,1.663957800E0,2.491064115E0
2.724728200E1,-1.811779650E0,1.961658406E0,1.350895242E0,2.992585363E0
2.725728400E1,-2.858769806E0,2.711063291E0,5.887375791E-1,3.983596479E0
2.726728600E1,-2.285846753E0,1.742383287E0,2.750764132E-2,2.874326280E0
2.727728900E1,-3.093872899E-1,-4.666317827E-1,-2.604481414E-1,6.174940891E-1
2.728729100E1,1.545045460E0,-1.939528887E0,-4.654676020E-3,2.479709548E0
2.729729300E1,1.882349696E0,-1.646770201E0,-3.841196761E-1,2.530343929E0
2.730729500E1,1.036185086E0,-8.344124378E-1,-7.440655008E-1,1.524321855E0
2.731729800E1,1.372458458E-1,-4.652534477E-1,-7.399651408E-1,8.847856251E-1
2.732730000E1,3.262003738E-1,4.166127996E-1,-4.687774184E-1,7.069124250E-1
2.733730200E1,1.621923482E0,-1.482978143E-1,7.122940698E-1,1.777636314E0
2.734730400E1,1.833896744E0,-1.046049192E0,7.638755751E-1,2.245195331E0
2.735730600E1,1.471252429E0,7.636367163E-1,4.099570602E-2,1.658133104E0
2.736730900E1,-2.554753768E-1,8.055239765E-1,-1.372925066E0,1.612159974E0
2.737731100E1,-1.341902663E0,2.371867481E-1,-1.683136228E0,2.165619513E0
2.738731300E1,-1.190995383E0,5.501887867E-1,-1.330212325E0,1.868326131E0
2.739731500E1,-4.496426976E-1,5.601122425E-1,3.578273785E-1,8.024616580E-1
2.740731800E1,6.411881268E-2,2.923444104E-1,1.800469674E0,1.825176025E0
2.741732000E1,1.432930362E-1,-1.144112700E0,2.485753992E0,2.740164169E0
2.742732200E1,2.117054594E-1,-2.525562129E0,1.697499621E0,3.050375097E0
2.743732400E1,2.497456902E-1,-2.421769958E0,1.087249259E0,2.666355863E0
2.744732600E1,-3.397056878E-1,9.699577671E-1,1.965546658E0,2.218015259E0
2.745732900E1,-9.556163013E-2,3.375651683E0,1.657859154E0,3.762001234E0
2.746733100E1,-7.799846542E-1,-1.579696937E0,1.285841460E0,2.181102183E0
2.747733300E1,-1.755658075E0,-5.683377255E0,1.064386499E0,6.042849569E0
2.748733500E1,-2.825444770E-1,-5.068471193E0,-1.075102691E-1,5.077478712E0
2.749733800E1,6.468616802E-1,-4.479936951E0,-8.541377275E-1,4.606280101E0
2.750734000E1,3.669010878E-2,-5.049862429E0,-1.627383758E0,5.305736010E0
2.751734200E1,-4.990417296E-1,-6.196437099E0,-2.052439206E0,6.546554977E0
2.752734400E1,-5.853998423E-2,-6.456475058E0,-3.218143773E-1,6.464755340E0
2.753734600E1,2.581381989E-1,-4.543171079E0,-2.215735129E-1,4.555889991E0
2.754734900E1,1.826967793E0,-2.181047399E0,3.656300493E-1,2.868530008E0
2.755735100E1,3.619330010E0,-2.058249146E-1,1.092087683E0,3.786102102E0
2.756735300E1,3.637401999E0,1.117261701E0,2.180772872E0,4.385742506E0
2.757735500E1,3.855435900E0,2.042547325E0,1.335257010E0,4.562816766E0
2.758735800E1,6.144923714E0,1.958229598E-1,-2.239358318E0,6.543176580E0
2.759736000E1,2.955445915E0,-2.304715717E0,-2.335939118E0,4.416218593E0
2.760736200E1,4.279290622E-1,-4.943350133E-1,-7.014214647E-1,9.588964797E-1
2.761736400E1,2.863317770E0,5.461419287E-1,-1.545452134E0,3.299285068E0
2.762736600E1,3.649950124E0,9.631872761E-1,-1.141723528E0,3.943779691E0
2.763736900E1,3.239017748E0,1.876414480E0,4.821248576E-1,3.774203446E0
2.764737100E1,3.699381316E-1,-3.686657774E-1,1.457255656E0,1.548018968E0
2.765737300E1,-8.108244483E0,-8.324445866E0,4.092189077E0,1.232014769E1
2.766737496E1,-1.334990903E1,-9.371716104E0,9.480616987E-1,1.633854201E1
2.767737796E1,-1.038451934E1,-6.411245091E0,-9.355134277E-1,1.223999555E1
2.768737996E1,-5.946362795E0,-5.033370357E0,-4.206475246E-1,7.801986413E0
2.769738196E1,-4.120028840E0,-5.596741984E0,4.922420025E-2,6.949861977E0
2.770738396E1,-3.266221334E0,-4.942014629E0,-8.468358707E-1,5.984048913E0
2.771738596E1,-1.656112736E0,-4.450966043E0,-2.316232978E0,5.283819009E0
2.772738896E1,-4.553682911E-1,-3.562733055E0,-3.410650192E0,4.953075998E0
2.773739096E1,2.567173254E-1,-2.375857036E0,3.346460921E0,4.112104222E0
2.774739296E1,1.723544582E0,-2.366245383E-1,5.691616566E0,5.951562504E0
2.775739496E1,2.871451832E0,6.508155674E-1,3.646247667E0,4.686567889E0
2.776739796E1,3.541441589E0,2.343771025E0,1.671069914E0,4.563720610E0
2.777739996E1,3.353648318E0,2.178878374E0,3.647582002E0,5.412884856E0
2.778740196E1,3.024957615E0,1.952249066E0,2.455897232E0,4.358104657E0
2.779740396E1,2.222760558E0,1.905545016E0,-9.715499640E-2,2.929369454E0
2.780740696E1,3.696286969E0,3.639723344E0,-1.592850541E0,5.426536301E0
2.781740896E1,5.783102102E0,5.890530657E0,-4.154174241E0,9.241200407E0
2.782741096E1,7.470732501E0,7.425075102E0,-6.676204067E0,1.247057678E1
2.783741296E1,9.004615626E0,8.383969937E0,-7.441992851E0,1.437905811E1
2.784741496E1,1.055878859E1,9.481736729E0,-5.928100187E0,1.537965278E1
2.785741796E1,1.267252781E1,1.031595723E1,-3.570485879E0,1.672603671E1
2.786741996E1,1.388762015E1,1.039074546E1,-3.271782621E0,1.765044323E1
2.787742196E1,1.399127842E1,9.105539153E0,-4.779748255E0,1.736412130E1
2.788742396E1,1.324726701E1,7.518253407E0,-5.205078523E0,1.609680279E1
2.789742696E1,1.212771115E1,6.106594630E0,-4.574786974E0,1.432831294E1
2.790742896E1,1.077937246E1,5.099638606E0,-3.336211044E0,1.238270926E1
2.791743096E1,9.396678452E0,4.136552195E0,-1.929073627E0,1.044652837E1
2.792743296E1,6.781660355E0,3.314489515E0,-1.335364891E0,7.665504374E0
2.793743496E1,3.448317078E0,3.484851066E0,3.706611690E0,6.146059538E0
2.794743796E1,1.199084421E0,1.885341424E0,7.987795933E0,8.294407731E0
2.795743996E1,-1.485789192E-1,1.736200149E0,8.291156498E0,8.472292649E0
2.796744196E1,-3.690499395E-1,-4.458846921E-1,7.285880964E0,7.308835231E0
2.797744396E1,-3.310424531E-1,-3.125017801E0,4.491133491E0,5.481387178E0
2.798744696E1,-1.939585751E-1,-5.320463968E0,1.369548883E0,5.497328525E0
2.799744896E1,-1.474116980E0,-6.290381974E0,1.292034684E0,6.588723691E0
2.800745096E1,-2.396815211E0,-6.407115787E0,1.936086193E0,7.109450444E0
2.801745296E1,-2.732213840E0,-5.694162444E0,1.106727650E0,6.411967287E0
2.802745496E1,-2.696295564E0,-5.040354272E0,-7.987881303E-1,5.771762593E0
2.803745796E1,-2.419983049E0,-4.963813049E0,-2.344047014E0,5.999192808E0
2.804745996E1,-1.830507113E0,-4.764661854E0,-3.525114409E0,6.203159717E0
2.805746196E1,-1.152520119E0,-4.570184046E0,-5.307605941E0,7.098279064E0
2.806746396E1,-9.088572872E-1,-4.416946358E0,-6.542979936E0,7.946447202E0
2.807746696E1,-7.420198524E-1,-4.275227977E0,-7.073283219E0,8.298162641E0
2.808746896E1,-7.923827979E-1,-3.479043904E0,-6.685219304E0,7.577847592E0
2.809747096E1,-5.355672392E-1,-3.789023225E0,-5.784832293E0,6.935979666E0
2.810747296E1,-2.179654884E-1,-4.462385948E0,-5.103788375E0,6.782997352E0
2.811747496E1,3.290315956E-2,-5.079486762E0,-4.941131115E0,7.086398597E0
2.812747796E1,6.107182860E-2,-5.694662966E0,-5.011208240E0,7.585850255E0
2.813747996E1,1.400235656E-1,-5.982237802E0,-4.873707456E0,7.717499601E0
2.814748196E1,6.272363779E-1,-5.876538270E0,-4.345116237E0,7.335336572E0
2.815748396E1,2.046833919E0,-5.182831036E0,-2.668197938E0,6.178231695E0
2.816748696E1,1.952066165E1,-7.761067808E-1,1.480976465E1,2.451505052E1
2.817748896E1,2.940929150E1,3.703920509E0,5.612844631E0,3.016835227E1
2.818749096E1,1.194282804E1,-1.647406232E-1,-5.940629016E0,1.333976590E1
2.819749296E1,-3.710080259E-1,-4.433456556E0,-4.286527137E0,6.177985018E0
2.820749596E1,-7.581808987E-1,-6.323419912E0,5.648410320E-2,6.368961305E0
2.821749796E1,-5.629019491E-1,-4.794761274E0,1.499216153E0,5.055120508E0
2.822749996E1,-2.801311118E-1,-3.302090494E0,3.740060395E-1,3.334989593E0
2.823750196E1,-3.265691869E-1,-3.683476889E0,-7.987559706E-1,3.783207703E0
2.824750396E1,7.468299182E-1,-4.326121557E0,-6.545291340E-1,4.438636169E0
2.825750696E1,3.222694661E0,-1.528331194E0,4.128099167E-1,3.590538838E0
2.826750896E1,3.529067127E0,6.524375850E-1,-8.267869377E-1,3.682874723E0
2.827751096E1,3.218069806E0,3.441864091E-1,-2.177460424E0,3.900739860E0
2.828751296E1,1.761204159E0,7.608747840E-2,-2.566283893E0,3.113429365E0
2.829751596E1,-1.084812753E1,-2.781935638E-1,-4.231528811E0,1.164753616E1
2.830751796E1,-6.799470974E0,2.370433744E0,-3.784375273E0,8.134694700E0
2.831751996E1,5.053688847E0,1.737360383E0,-3.515224428E0,6.396483006E0
2.832752196E1,4.463738117E0,-3.786884898E-1,-1.564527798E-1,4.482503811E0
2.833752396E1,3.221876636E0,-1.789384230E0,3.571982766E0,5.132391826E0
2.834752696E1,2.146749678E0,-9.550052673E-1,4.626237502E0,5.188703371E0
2.835752896E1,4.695632842E-1,-8.103977770E-1,3.096902926E0,3.235435360E0
2.836753096E1,8.794864306E-1,1.926014364E-1,1.965943245E0,2.162296126E0
2.837753296E1,1.462817528E0,7.848588932E-1,1.727354627E0,2.395744688E0
2.838753496E1,6.222235599E-1,3.249262655E-1,8.496665078E-1,1.102121777E0
2.839753796E1,-2.641491365E-1,8.112953246E-2,9.756792676E-1,1.014054634E0
2.840753996E1,-1.246877807E-1,-1.831558442E-1,1.861992030E0,1.875128643E0
2.841754196E1,4.035783327E-1,-3.003369695E-1,2.799675506E0,2.844514142E0
2.842754396E1,-1.479430345E-1,-2.018026149E-1,2.185078177E0,2.199358560E0
2.843754696E1,-1.326104071E0,-1.436239886E-1,1.258168781E0,1.833621700E0
2.844754896E1,-8.934136212E-1,5.585143447E-2,2.899949992E-1,9.409592875E-1
2.845755096E1,4.835466081E-1,1.149317014E-1,-2.221310449E-1,5.443976665E-1
2.846755296E1,1.159059645E0,-4.556150436E-2,-7.771247810E-1,1.396215612E0
2.847755596E1,8.087400913E-1,1.272471070E-2,-1.352638736E0,1.576024747E0
2.848755796E1,4.458978483E-1,2.397124529E-1,-1.477827623E0,1.562133616E0
2.849755996E1,5.158483815E-1,3.525970441E-1,-9.780263400E-1,1.160585951E0
2.850756196E1,5.668325937E-1,1.125448680E-1,-8.949572861E-2,5.847863046E-1
2.851756396E1,6.180454320E-1,-1.812619311E-1,6.385486937E-1,9.069622251E-1
2.852756696E1,8.470355532E-1,-3.029500902E-1,1.175856941E0,1.480502459E0
2.853756896E1,1.258874540E0,-4.343405342E-1,1.453845853E0,1.971569063E0
2.854757096E1,1.113169235E0,-6.675801194E-1,1.106980834E0,1.705935382E0
2.855757296E1,6.801913941E-1,-5.825598496E-1,5.288625294E-1,1.040063405E0
2.856757596E1,5.487299064E-1,-3.337117070E-1,-1.428743756E-1,6.579370036E-1
2.857757796E1,6.075052410E-1,-1.120209575E-1,-6.868893796E-1,9.238118492E-1
2.858757996E1,5.543791938E-1,-9.723159492E-2,-8.359448469E-1,1.007766868E0
2.859758196E1,3.906817138E-1,-2.291225606E-1,-3.126447737E-1,5.503418064E-1
2.860758396E1,-2.550073072E-1,-3.800637549E-1,2.697542775E-1,5.312669336E-1
2.861758696E1,-2.750144327E-1,-3.430801159E-1,5.855372518E-1,7.322504881E-1
2.862758896E1,1.503558880E-1,-4.561132264E-1,9.178222382E-1,1.035878289E0
2.863759096E1,1.489870548E-3,-7.137520730E-1,1.247149118E0,1.436949952E0
2.864759296E1,-2.673627663E-1,-6.890791619E-1,1.451848444E0,1.629164462E0
2.865759596E1,-1.406243670E-1,-7.222586024E-1,9.452597129E-1,1.197893412E0
2.866759775E1,-4.035181063E-1,-7.781018507E-1,1.853754473E-1,8.958981018E-1
2.867759975E1,-3.937260666E-1,-3.998092175E-1,-4.473926890E-1,7.176544043E-1
2.868760175E1,-1.506786543E-1,1.372926235E-2,-8.604674846E-1,8.736686108E-1
2.869760375E1,-3.174102545E-2,1.391660714E-1,-5.851606911E-1,6.023186221E-1
2.870760675E1,-8.733050466E-2,-4.329629302E-2,-1.778448182E-1,2.028052401E-1
2.871760875E1,3.389747858E-2,-2.583656555E-1,-5.395810604E-3,2.606356955E-1
2.872761075E1,-1.038465500E-1,-3.617900366E-1,-1.303244966E-1,3.983222451E-1
2.873761275E1,-3.409897363E-1,-4.499952847E-1,-8.350291729E-2,5.707385511E-1
2.874761575E1,-3.218506300E-1,-5.747485542E-1,3.294151729E-1,7.365039612E-1
2.875761775E1,-3.109870881E-1,-6.018287641E-1,4.860100400E-1,8.337365227E-1
2.876761975E1,-1.729542071E-1,-4.627328593E-1,5.334420687E-1,7.270455952E-1
2.877762175E1,3.491255522E-2,-4.545859337E-1,6.606839132E-1,8.027269092E-1
2.878762375E1,5.448610961E-2,-6.439076668E-1,3.211138809E-1,7.215954157E-1
2.879762675E1,-1.297666723E-1,-8.563925600E-1,2.442627561E-1,8.999510543E-1
2.880762875E1,-8.159614027E-2,-6.856836838E-1,7.779100621E-1,1.040175038E0
2.881763075E1,9.661646783E-2,-6.451502001E-1,1.124247077E0,1.299801913E0
2.882763275E1,2.143893313E-1,-8.441204238E-1,1.122486480E0,1.420731493E0
2.883763575E1,4.813287592E-1,-8.314536005E-1,7.767552370E-1,1.235451805E0
2.884763775E1,3.603697479E-1,-6.913893968E-1,6.269209206E-2,7.821866475E-1
2.885763975E1,-3.915909559E-1,-3.280995494E-1,-1.439846449E0,1.527792717E0
2.886764175E1,-1.334475530E0,3.723039150E-2,-1.566550934E0,2.058225661E0
2.887764475E1,-8.537718379E-1,-2.086561364E-1,-9.759236813E-2,8.843008565E-1
2.888764675E1,-4.774678427E-1,-7.618834287E-1,-2.849716562E-1,9.432129900E-1
2.889764875E1,-2.847243190E-1,-6.703347427E-1,-1.374881544E0,1.555864989E0
2.890765075E1,-5.367393136E-1,-1.538536924E-1,-1.718894291E0,1.807306735E0