"Time (s)","Linear Acceleration x (m/s^2)","Linear Acceleration y (m/s^2)","Linear Acceleration z (m/s^2)","Absolute acceleration (m/s^2)"
2.512000035E-3,-2.054617440E0,-4.736595511E-2,-1.713072803E0,2.675502717E0
1.251100004E-2,-1.581585295E0,-8.107237592E-2,-1.978807704E0,2.534494961E0
2.251000004E-2,-1.817459051E0,-4.514065102E-2,-1.388562859E0,2.287641120E0
3.251000005E-2,-2.287828959E0,5.213346778E-1,-4.327185166E-1,2.386042017E0
4.250900005E-2,-1.888189895E0,1.440029613E0,-7.669553035E-1,2.495429182E0
5.250900006E-2,-9.509484690E-1,1.336674814E0,-3.057057660E0,3.469380937E0
6.250800006E-2,-8.226798534E-2,4.318977137E-1,-5.258360106E0,5.276708696E0
7.250800007E-2,-8.626514196E-2,9.439832658E-2,-6.024161754E0,6.025518862E0
8.250700007E-2,-2.089760376E0,-6.567125574E-1,-5.403495015E0,5.830619880E0
9.250600007E-2,-3.454487645E0,-1.764631943E0,-4.394933345E0,5.861983444E0
1.025060001E-1,-2.386018327E0,-2.584737121E0,-7.707688576E-1,3.601115671E0
1.125050001E-1,3.177903235E-2,-3.139953636E0,-1.516674185E-1,3.143775079E0
1.225050001E-1,2.487492077E0,-2.569198438E0,-1.647239587E0,3.937231985E0
1.325040000E-1,3.558135097E0,-1.816003679E0,-1.768929500E0,4.368902186E0
1.425040000E-1,3.478536366E0,-1.128565831E0,-2.041873434E0,4.188451170E0
1.525030000E-1,2.306962218E0,-4.328950294E-1,3.698208364E0,4.380207516E0
1.625020000E-1,1.541556134E0,7.469975140E-1,1.153767681E1,1.166414964E1
1.725020000E-1,1.679693095E0,4.786463490E-1,1.337083388E1,1.348442323E1
1.825010000E-1,3.273852535E0,-1.499757167E0,9.073822101E0,9.762255349E0
1.925010000E-1,3.121012166E0,-2.487837648E0,2.546025630E0,4.734163031E0
2.025000000E-1,3.256856726E0,-2.544419107E0,-2.386297240E0,4.772378741E0
2.125000000E-1,-1.460039516E0,-3.669440940E0,-8.272967564E0,9.167251743E0
2.224990000E-1,-4.170347932E0,-3.370524552E0,-7.593725173E0,9.296069042E0
2.324980000E-1,1.577586969E0,-1.916016941E0,-7.346794333E0,7.754694612E0
2.424980000E-1,3.225861513E0,-1.544936994E0,-5.366425422E0,6.449149915E0
2.524970000E-1,1.229738449E0,2.586055668E0,7.122341359E-1,2.950799559E0
2.624970000E-1,-1.312530637E0,4.914896997E0,1.078478114E1,1.192436385E1
2.724960000E-1,-2.462128902E0,2.464618354E0,8.316266196E0,9.016468589E0
2.824960001E-1,-1.483360843E0,-2.355541324E0,5.551229011E0,6.210078732E0
2.924950001E-1,-2.101796577E0,-5.356162974E0,5.137691701E0,7.713747900E0
3.024950001E-1,-2.474458634E0,-6.301392281E0,3.885965967E0,7.805845355E0
3.124940001E-1,-2.140181209E0,-6.422981037E0,1.971318591E0,7.051323138E0
3.224930001E-1,-3.073630423E0,-6.891903759E0,2.289562073E0,7.885913764E0
3.324930001E-1,-8.506526408E-1,-5.688558472E0,2.277724385E-2,5.751854154E0
3.424920001E-1,2.877778812E0,-5.304053757E0,-9.499942034E-1,6.108771246E0
3.524920001E-1,4.916077550E0,-4.848978412E0,-1.189980306E0,7.006886844E0
3.624910001E-1,6.603755311E0,-4.242018423E0,-2.309437929E0,8.181552912E0
3.724910000E-1,6.374155033E0,-3.845737123E0,-1.954444111E0,7.696713467E0
3.824900000E-1,7.072408476E0,-4.632539631E0,-4.505670839E0,9.580211626E0
3.924900000E-1,8.491176882E0,-2.855668443E0,-4.506305847E0,1.002804664E1
4.024890000E-1,8.186560920E0,-2.568277209E0,-7.160690907E0,1.117547859E1
4.124880000E-1,6.209143099E0,-1.210477720E0,-6.638683069E0,9.170105082E0
4.224880000E-1,4.200276905E0,-1.381947320E0,-5.148745862E0,6.786876191E0
4.324870000E-1,3.538593118E0,-5.696532905E-1,-4.324706531E0,5.616870366E0
4.424870000E-1,3.655985620E0,2.321549267E-1,-4.599421002E0,5.880034040E0
4.524860000E-1,3.279123800E0,-2.229589521E0,-1.502653731E0,4.240482351E0
4.624860000E-1,1.984628608E0,-2.600463207E0,-1.498834330E-1,3.274694588E0
4.724850000E-1,5.257031326E-1,8.018330678E-1,-9.458146137E-1,1.346798179E0
4.824840000E-1,1.851008620E0,4.102825162E0,-5.392419804E0,7.024072790E0
4.924840000E-1,2.430383199E0,2.436158786E0,-6.147785926E0,7.045346260E0
5.024830000E-1,3.028376482E0,2.214466867E0,-5.515380317E0,6.670408358E0
5.124830001E-1,3.644288265E0,1.847996281E0,-6.417919688E0,7.608260007E0
5.224820001E-1,3.805779298E0,2.342287879E-1,-2.917484037E0,4.801096989E0
5.324820001E-1,5.568636757E0,1.736242834E0,-3.966189766E-1,5.846499904E0
5.424810001E-1,7.347271466E0,4.204434275E0,1.971915007E-2,8.465226188E0
5.524800001E-1,8.048582418E0,5.900984309E0,8.583157092E-1,1.001688577E1
5.624800001E-1,7.285489785E0,5.936410249E0,3.145979192E0,9.910424468E0
5.724790001E-1,5.288993669E0,5.737766885E0,4.150962365E0,8.838886322E0
5.824790001E-1,3.049844827E0,5.087674034E0,3.401258102E0,6.837728952E0
5.924780001E-1,1.989883793E0,4.269083430E0,3.657450932E-1,4.724243888E0
6.024780000E-1,1.267511901E0,3.954186309E0,-2.634140246E0,4.917404867E0
6.124770000E-1,-2.400897445E-1,2.504280603E0,-4.775611058E0,5.397733358E0
6.224770000E-1,-5.729324090E-1,2.502566199E0,-5.409867895E0,5.988134916E0
6.324760000E-1,4.792471504E-1,2.491243066E0,-4.351413104E0,5.036940127E0
6.424750000E-1,1.892029177E0,1.229712136E0,-2.666772387E0,3.493371052E0
6.524750000E-1,3.411441028E0,1.537333275E0,-4.369045383E-1,3.767254844E0
6.624740000E-1,3.812268538E0,1.454243756E0,1.505552196E0,4.349126777E0
6.724740000E-1,4.691369637E0,2.153634775E0,4.739350719E0,7.007748359E0
6.824730000E-1,5.126836345E0,3.150301746E0,5.930799261E0,8.448859798E0
6.924730000E-1,4.539468038E0,3.845375766E0,8.348447517E0,1.025135410E1
7.024720000E-1,2.708625295E0,2.603685023E0,7.815127655E0,8.671334785E0
7.124710000E-1,2.238279068E-1,1.008505244E0,6.338778208E0,6.422405385E0
7.224710000E-1,-7.782380909E-1,8.150927988E-1,5.662614961E0,5.773667725E0
7.324700000E-1,-5.231322581E-1,1.658946882E0,6.413882770E0,6.645574791E0
7.424700001E-1,2.996844202E-1,1.020528581E0,7.326563551E0,7.403365641E0
7.524690001E-1,6.249913394E-2,1.064588521E0,7.022404257E0,7.102916050E0
7.624690001E-1,2.370063615E0,2.415144186E0,7.351010760E0,8.092433637E0
7.724680001E-1,5.786150841E0,4.792469165E0,1.935275184E0,7.758388511E0
7.824680001E-1,1.000824166E1,7.432521531E0,-3.858516798E0,1.304972909E1
7.924670001E-1,1.478619570E1,1.136742460E1,-6.775627783E0,1.984336305E1
8.024660001E-1,1.199397481E1,1.087536503E1,-7.052486427E0,1.765974408E1
8.124660001E-1,7.795904349E0,6.471696530E0,-3.388197176E0,1.068357902E1
8.224650001E-1,7.033316331E0,4.060110960E0,-2.744504687E0,8.572301068E0
8.324650000E-1,6.204198693E0,2.541997483E0,-1.480139027E0,6.866195756E0
8.424640000E-1,3.716147622E0,1.929639637E0,-3.844602764E-2,4.187450343E0
8.524640000E-1,1.565868564E0,1.387136723E0,-5.622010142E-1,2.166140030E0
8.624630000E-1,2.250681013E-1,1.543095121E0,2.252674913E-1,1.575608976E0
8.724617501E-1,1.710204159E0,2.460257209E0,1.906723230E0,3.551514786E0
8.824617501E-1,4.705010607E0,3.207299235E0,7.216478607E0,9.192467388E0
8.924607501E-1,6.529834226E0,3.030351964E0,9.888393620E0,1.223119358E1
9.024607501E-1,6.378625814E0,2.218047410E0,1.125404592E1,1.312479147E1
9.124597501E-1,5.736631941E0,1.101991990E0,1.091800644E1,1.238249558E1
9.224597501E-1,4.355916629E0,-2.426191038E-1,9.383245059E0,1.034785782E1
9.324587501E-1,3.611704071E0,-8.065251660E-1,8.661353661E0,9.418807589E0
9.424587500E-1,2.177391427E0,-1.427573728E0,6.959153756E0,7.430263870E0
9.524577500E-1,1.764794934E-1,-1.997236666E0,3.738491002E0,4.242218086E0
9.624567500E-1,-4.499964541E-1,-1.392349809E0,1.119695020E0,1.842512343E0
9.724567500E-1,-8.952093011E-1,-7.139339215E-1,-2.162849402E0,2.447247203E0
9.824557500E-1,-1.812817531E0,-5.831428170E-3,-4.889715378E0,5.214945627E0
9.924557500E-1,-3.213963599E0,9.918178752E-1,-7.224983382E0,7.969545130E0
1.002454750E0,-4.248184312E0,2.141490108E0,-9.844765205E0,1.093400438E1
1.012454750E0,-4.176362670E0,3.418153632E-1,-9.259037919E0,1.016310120E1
1.022453750E0,-7.583444014E0,-3.518962553E0,-5.569394556E0,1.004539080E1
1.032452750E0,-1.266848154E1,-2.190224896E0,-6.649046674E0,1.447402264E1
1.042452750E0,-9.539048213E0,3.427688979E0,-7.523085546E0,1.262296751E1
1.052451750E0,-7.720567068E0,-2.597886339E0,-8.988806509E0,1.213073830E1
1.062451750E0,-4.781402725E-1,-3.896952593E0,-5.428576062E0,6.699574292E0
1.072450750E0,4.197281084E0,1.392546567E-1,-2.126058136E0,4.707088650E0
1.082450750E0,3.961734188E0,-1.423563123E-1,-1.737710046E0,4.328422264E0
1.092449750E0,2.881812806E0,-8.136125761E-1,-4.929612100E-1,3.034768727E0
1.102449750E0,5.208097440E-1,-2.707609926E0,-3.716700768E-1,2.782181329E0
1.112448750E0,-1.809585190E0,-3.564245730E0,-2.880834859E0,4.927236109E0
1.122447750E0,-2.403697676E0,-1.834313650E0,-1.655032756E0,3.446970048E0
1.132447750E0,-4.930752307E-1,8.676203835E-1,-1.356454629E0,1.684000437E0
1.142446750E0,2.491650617E0,4.244278665E0,-1.114482812E0,5.046216020E0
1.152446750E0,4.871290509E0,7.606788438E0,-1.599869539E0,9.173455407E0
1.162445750E0,6.170318756E0,9.416314571E0,-1.418366702E0,1.134687524E1
1.172445750E0,7.086704918E0,1.079292163E1,-1.304998546E0,1.297734815E1
1.182444750E0,7.747821525E0,1.225243343E1,-3.318092569E0,1.487146939E1
1.192443750E0,7.112271284E0,1.182443362E1,-2.539562702E-1,1.380094660E1
1.202443750E0,6.864090309E0,1.013069873E1,1.223947366E0,1.229816408E1
1.212442750E0,6.526366827E0,8.988051049E0,-5.014174533E-1,1.111890035E1
1.222442750E0,5.333217915E0,7.762465292E0,-8.096799143E0,1.242003370E1
1.232441750E0,1.430159367E0,2.748127037E0,-3.142103657E0,4.412524608E0
1.242441750E0,-1.877960776E0,-3.321278132E0,1.567375392E0,4.124838267E0
1.252440750E0,-5.333396839E0,-5.614530383E0,-3.819693625E-2,7.743999760E0
1.262439750E0,-8.323306829E0,-5.879837269E0,-1.135360880E0,1.025372943E1
1.272439750E0,-7.730050083E0,-3.550929281E0,-4.699682039E-1,8.519603462E0
1.282438750E0,-6.683105536E0,-2.812417758E0,2.018085206E0,7.526371047E0
1.292438750E0,-7.354115632E0,-4.965136274E0,3.693361607E0,9.611270202E0
1.302437750E0,-5.329127203E0,-2.381942818E0,1.504614887E0,6.028027396E0
1.312437750E0,-3.860808907E0,-9.455128974E-1,5.549259084E-1,4.013450238E0
1.322436750E0,-3.309566744E0,-2.237176868E0,4.311901421E0,5.877983178E0
1.332436750E0,-2.922015045E0,-3.742389341E0,8.144266255E0,9.427233037E0
1.342435750E0,-3.347142706E0,-3.905547708E0,5.237275631E0,7.340689561E0
1.352434750E0,-3.990016000E0,-3.833967263E0,-2.824722639E-1,5.540696999E0
1.362434750E0,-4.535120341E0,-6.037491651E0,-5.647619192E0,9.429433943E0
1.372433750E0,-3.016704855E0,-4.860420243E0,-6.159971523E0,8.406511898E0
1.382433750E0,1.854264350E0,-2.613657449E0,-5.732682731E0,6.567583485E0
1.392432750E0,7.195109957E0,-1.745244768E0,-5.983466302E0,9.519314870E0
1.402432750E0,1.074150706E1,-4.780411622E-1,-3.498016073E0,1.130683925E1
1.412431750E0,1.447375207E1,-3.980422766E0,6.330941185E-2,1.501123820E1
1.422430750E0,1.229025439E1,-6.145370441E0,-9.770448849E-2,1.374137828E1
1.432430750E0,6.273113392E0,-7.297976514E0,1.160701031E0,9.693278069E0
1.442429750E0,1.186119390E0,-7.303055406E0,-7.806699479E-1,7.439821438E0
1.452429750E0,-9.878420609E-1,-6.973470079E0,-4.358658389E0,8.282693996E0
1.462428750E0,2.387191279E0,-7.725687475E0,-2.995642015E0,8.623154889E0
1.472428750E0,4.379519500E0,-7.420483868E0,1.548878310E0,8.754587135E0
1.482427750E0,2.964174639E0,-3.619671487E0,2.057897290E0,5.111095207E0
1.492427750E0,4.246128724E0,-5.936277518E-1,2.613651310E0,5.021272370E0
1.502426750E0,6.251997927E0,-1.724600881E0,-1.408893336E0,6.636769297E0
1.512425750E0,5.245454716E0,-4.660017452E-1,-2.245980144E0,5.725065905E0
1.522425750E0,4.555355800E0,3.280901939E-2,-4.201797473E-1,4.574810806E0
1.532424750E0,3.271342326E0,-9.591155675E-1,1.053414199E0,3.568089791E0
1.542424750E0,1.951683640E0,-1.997500230E0,1.222209282E0,3.048421186E0
1.552423750E0,1.271850096E0,-2.528182266E0,4.688461232E-1,2.868645138E0
1.562423750E0,1.305374522E0,-1.593410266E0,2.153144778E0,2.979763640E0
1.572422750E0,2.372313039E0,-4.526332560E-1,6.263535068E0,6.713018514E0
1.582421750E0,3.301006420E0,1.130844052E0,8.460956132E0,9.152225431E0
1.592421750E0,3.116935487E0,2.166082912E0,6.920085000E0,7.892704126E0
1.602420750E0,1.262419707E0,2.226034122E0,3.933647964E0,4.692815544E0
1.612420750E0,-1.919660779E0,1.972696195E0,1.153504205E0,2.984493213E0
1.622419750E0,-4.641485871E0,1.641343839E0,-6.207009450E-1,4.962123573E0
1.632419750E0,-6.061276370E0,1.348600649E0,-8.497527543E-1,6.267365849E0
1.642418750E0,-6.252481492E0,1.314744831E0,2.836852688E-1,6.395510621E0
1.652418750E0,-6.206801873E0,1.324329149E0,9.078281772E-1,6.411114505E0
1.662417750E0,-6.238730595E0,1.477549003E0,1.665674103E0,6.624151320E0
1.672416750E0,-6.785132432E0,1.293985462E0,2.338816387E0,7.292632075E0
1.682416750E0,-7.623931890E0,9.117732936E-1,2.726235354E0,8.147884830E0
1.692415750E0,-8.495502067E0,3.740267971E-1,2.381005509E0,8.830777919E0
1.702415750E0,-9.899608580E0,-3.110574009E-1,2.694955382E0,1.026458919E1
1.712414750E0,-9.851040437E0,-3.808981526E-1,2.853469890E0,1.026305858E1
1.722414750E0,-8.924806979E0,4.060058042E-2,2.695075542E0,9.322942679E0
1.732413750E0,-8.244371756E0,3.095970587E-1,2.345288962E0,8.577056390E0
1.742412750E0,-7.602579612E0,4.063735941E-1,1.881219722E0,7.842406767E0
1.752412750E0,-6.820622107E0,4.159340841E-1,8.552780807E-1,6.886609303E0
1.762411750E0,-5.583581071E0,2.059903908E-1,-7.084392929E-1,5.632112912E0
1.772411750E0,-3.171809267E0,-3.407709043E-1,-3.167378247E0,4.495418089E0
1.782410750E0,-4.689344162E-1,-1.594142922E0,-7.183484523E0,7.373170352E0
1.792410750E0,2.994639802E0,-2.558735430E0,-9.419950955E0,1.021031197E1
1.802409750E0,7.056429205E0,-2.524182771E0,-9.952203115E0,1.245837223E1
1.812408750E0,1.113681626E1,-3.133923402E0,-1.306436377E1,1.745072357E1
1.822408750E0,1.528598295E1,-5.421369368E0,-1.435119911E1,2.165662569E1
1.832407750E0,1.514206894E1,-8.923839265E0,-1.369103443E1,2.227917374E1
1.842407750E0,1.009488570E1,-1.116205284E1,-1.218766032E1,1.936587734E1
1.852406750E0,4.355830675E0,-1.054171823E1,-1.241861598E1,1.686188326E1
1.862406750E0,1.193116753E0,-5.345930346E0,-1.074889911E1,1.206405118E1
1.872406375E0,-1.370558113E-1,-7.223186825E-1,-7.599911528E0,7.635390219E0
1.882406375E0,3.474263513E-1,1.344680383E0,-4.330089770E0,4.547367131E0
1.892405375E0,2.057521167E0,1.197049444E0,-1.221500014E0,2.675515466E0
1.902404375E0,2.828190038E0,-1.012867852E-1,1.901833203E-1,2.836386362E0
1.912404375E0,2.438812838E0,-5.004719585E-2,1.289650775E0,2.759259303E0
1.922403375E0,6.737097555E-1,-2.446220090E0,1.877369038E0,3.156325723E0
1.932403375E0,-3.345484436E-2,-3.033166521E0,1.296972366E0,3.298993133E0
1.942402375E0,6.864759815E-1,-2.395498857E0,3.064157349E-1,2.510688083E0
1.952402375E0,1.504707858E0,-1.821727372E0,-6.075727764E-1,2.439668222E0
1.962401375E0,2.512019393E0,-1.345041887E0,-1.143398463E0,3.070299522E0
1.972400375E0,3.142687209E0,-8.773581903E-1,-8.467519632E-1,3.370938916E0
1.982400375E0,3.901929451E0,-7.142318371E-1,-2.795553803E-2,3.966857959E0
1.992399375E0,4.680152339E0,-7.291381440E-1,8.570167503E-1,4.813517015E0
2.002399375E0,4.884079832E0,-3.354005291E-1,1.789737694E0,5.212474492E0
2.012398375E0,4.751663201E0,2.113249518E-1,2.921575626E0,5.581985808E0
2.022398375E0,4.092832856E0,7.464875637E-1,4.132802668E0,5.864177893E0
2.032397375E0,3.040094887E0,1.201154628E0,5.338252952E0,6.259544228E0
2.042396375E0,1.722497345E0,1.643189659E0,6.045368435E0,6.497195463E0
2.052396375E0,3.691622061E-1,1.994224035E0,6.232115639E0,6.553813819E0
2.062395375E0,-9.078217453E-1,2.199270685E0,6.431047271E0,6.857062117E0
2.072395375E0,-1.930332533E0,2.519940616E0,6.763377281E0,7.471248667E0
2.082394375E0,-3.263802341E0,2.474169781E0,6.169185566E0,7.404915420E0
2.092394375E0,-4.824538804E0,1.969292384E0,4.984406358E0,7.211005056E0
2.102393375E0,-6.190364181E0,1.541110430E0,3.625093610E0,7.337365585E0
2.112393375E0,-7.185110634E0,1.358183650E0,2.305468400E0,7.667180851E0
2.122392375E0,-7.949200217E0,1.362202734E0,1.151034926E0,8.146794571E0
2.132391375E0,-8.495365827E0,1.379116390E0,4.754979157E-1,8.619704219E0
2.142391375E0,-8.799915715E0,1.373203539E0,9.556630790E-2,8.906926377E0
2.152390375E0,-8.903713734E0,1.355536323E0,-2.588650078E-1,9.010028194E0
2.162390375E0,-8.904165139E0,1.291315185E0,-6.231586759E-1,9.018867914E0
2.172389375E0,-8.823009878E0,1.194532363E0,-1.072543657E0,8.967873816E0
2.182389375E0,-8.686021895E0,1.097696333E0,-1.467567075E0,8.877255585E0
2.192388375E0,-8.485354224E0,9.603257950E-1,-1.720005262E0,8.711020609E0
2.202387375E0,-8.088486741E0,8.641810513E-1,-1.892285285E0,8.351716605E0
2.212387375E0,-7.423827891E0,8.101149179E-1,-2.004094573E0,7.732134362E0
2.222386375E0,-6.378256854E0,8.524239086E-1,-1.803634771E0,6.682954841E0
2.232386375E0,-4.813210409E0,1.110983545E0,-1.236100219E0,5.092074492E0
2.242385375E0,-2.769564099E0,1.366903457E0,-5.144415414E-1,3.131063791E0
2.252385375E0,-2.572424054E-1,1.520870878E0,1.120200804E-1,1.546534959E0
2.262384375E0,2.735376599E0,1.782391106E0,9.695306280E-1,3.405758775E0
2.272383375E0,6.743997855E0,2.359078451E0,2.091726794E0,7.444600673E0
2.282383375E0,1.211756156E1,3.192003211E0,3.566675541E0,1.302863604E1
2.292382375E0,1.828837148E1,4.227626379E0,1.615072884E0,1.884000575E1
2.302382375E0,2.318624489E1,3.759682189E0,-9.206273814E0,2.522880576E1
2.312381375E0,2.137118963E1,-1.682848545E0,-1.740000985E1,2.761014430E1
2.322381375E0,1.372412148E1,-8.105448929E0,-1.488581237E1,2.180910871E1
2.332380375E0,9.505485195E0,-8.029726317E0,-7.086745849E0,1.431966202E1
2.342379375E0,9.727793410E0,-2.519416121E0,2.725094855E0,1.041170323E1
2.352379375E0,8.843538283E0,1.006438253E0,7.482756715E0,1.162810111E1
2.362378375E0,2.851829161E0,1.571234993E0,8.412025462E0,9.020192977E0
2.372378375E0,-1.348461485E0,2.623754129E0,8.509583917E0,9.006411746E0
2.382377375E0,-2.982298669E0,2.279796054E0,6.436749476E0,7.451397132E0
2.392377375E0,-2.908879859E0,5.035168595E-1,4.478884159E0,5.364281366E0
2.402376375E0,-1.664998165E0,-9.648711281E-1,2.848577524E0,3.437672046E0
2.412376375E0,2.765709615E-1,-1.847062627E0,3.643798415E-1,1.902867445E0
2.422375375E0,2.333534889E0,-2.406196776E0,-2.402496951E0,4.123973764E0
2.432374375E0,3.853075379E0,-3.060857180E0,-4.074815830E0,6.388987447E0
2.442374375E0,5.226066518E0,-3.527029664E0,-4.133600228E0,7.539121988E0
2.452373375E0,6.374595328E0,-3.931208214E0,-2.952406533E0,8.050252664E0
2.462373375E0,6.283750062E0,-4.499669549E0,-1.534069651E0,7.879461313E0
2.472372375E0,4.665601543E0,-5.137509853E0,-5.566538338E-1,6.962162648E0
2.482372375E0,2.303902954E0,-5.367170357E0,-3.856362976E-2,5.840888085E0
2.492371375E0,-1.149328709E-2,-4.865436569E0,3.359341606E-1,4.877033614E0
2.502370375E0,-2.048412375E0,-4.111539268E0,5.302442265E-1,4.624057455E0
2.512370375E0,-3.722407651E0,-3.262617988E0,5.102642906E-1,4.976079230E0
2.522369375E0,-5.083892055E0,-2.317265596E0,6.268999437E-1,5.622159888E0
2.532369375E0,-6.156185451E0,-1.480925770E0,8.252736783E-1,6.385361156E0
2.542368375E0,-7.070943164E0,-5.840187299E-1,1.065974311E0,7.174650955E0
2.552368375E0,-7.917038777E0,4.405976397E-1,7.235637009E-1,7.962234216E0
2.562367375E0,-8.612414805E0,7.160845274E-1,2.036632172E-1,8.644532638E0
2.572366375E0,-9.034605995E0,8.201683281E-1,-1.040582009E-1,9.072354142E0
2.582366375E0,-9.109835102E0,1.460860757E0,-2.282378769E-1,9.229046661E0
2.592365375E0,-9.078796912E0,2.055545539E0,-1.729091835E-1,9.310194328E0
2.602365375E0,-8.986004523E0,2.529239443E0,3.974937201E-3,9.335167125E0
2.612364375E0,-9.037859970E0,2.686688004E0,1.310934055E-1,9.429654859E0
2.622364375E0,-9.043638189E0,2.757632856E0,3.947730106E-1,9.462968688E0
2.632363375E0,-8.886075023E0,2.868489633E0,8.874307501E-1,9.379663929E0
2.642363375E0,-8.401688755E0,3.102084728E0,1.495501417E0,9.080078638E0
2.652362375E0,-7.412601821E0,3.533559835E0,2.151910431E0,8.489018163E0
2.662361375E0,-5.907216271E0,3.983737552E0,2.975856791E0,7.721469588E0
2.672361375E0,-4.013744001E0,4.133307282E0,3.846161631E0,6.927288740E0
2.682360375E0,-2.124920853E0,3.609586210E0,4.197686296E0,5.930006027E0
2.692360375E0,-4.095945328E-1,2.171557660E0,3.328878928E0,3.995605745E0
2.702359375E0,1.554172964E0,6.270989683E-1,2.091817572E0,2.680374502E0
2.712359375E0,3.664844736E0,-5.186440815E-1,3.838317007E-1,3.721210206E0
2.722358375E0,5.623372543E0,-7.682398199E0,-9.572515336E0,1.350091148E1
2.732357375E0,1.183971941E1,-1.402829247E1,-1.444574040E1,2.335918151E1
2.742357375E0,2.034941910E1,-6.404839466E0,-5.611298043E0,2.205918158E1
2.752356375E0,2.326698091E1,-3.452349611E-1,-5.222872185E0,2.384847965E1
2.762356375E0,1.833760971E1,1.913840753E0,-6.625538528E0,1.959154096E1
2.772355375E0,1.036880437E1,2.685098730E0,-4.462712223E0,1.160334691E1
2.782355375E0,2.770100874E0,1.926291376E0,-2.153659041E0,4.002787101E0
2.792354375E0,-1.745577475E0,9.055989262E-1,-1.151949138E0,2.279064930E0
2.802353375E0,-4.091512554E0,-1.053057227E-1,-4.562570679E-1,4.118219857E0
2.812353375E0,-5.018228408E0,-1.835532941E0,4.696828598E-1,5.363991006E0
2.822352375E0,-3.528708107E0,-2.514630759E0,9.697282639E-1,4.440216399E0
2.832352375E0,-1.683325678E-1,-1.385463396E0,-3.206784095E-1,1.432019315E0
2.842351375E0,3.080955230E0,4.411292978E-1,-3.179221197E0,4.449081659E0
2.852351375E0,6.207271405E0,2.013815715E0,-4.723524646E0,8.055889591E0
2.862350375E0,8.412546449E0,2.402697072E0,-3.867699265E0,9.565719450E0
2.872348500E0,9.208155448E0,2.167130733E0,-1.664490773E0,9.605056580E0
2.882348500E0,8.615078212E0,1.451863793E0,1.845777409E-1,8.738509599E0
2.892347500E0,7.613215113E0,5.246496105E-1,1.816102936E0,7.844394906E0
2.902347500E0,5.663230673E0,-3.474108562E-1,2.479420581E0,6.191962724E0
2.912346500E0,3.000730847E0,-3.665115901E-1,2.271874831E0,3.781551481E0
2.922346500E0,1.486759245E0,9.064031377E-1,2.205843394E0,2.810296208E0
2.932345500E0,8.384807843E-1,2.614877179E0,2.173138893E0,3.501880257E0
2.942345500E0,3.650796801E-1,3.827071642E0,1.953249525E0,4.312185551E0
2.952344500E0,-7.062986273E-1,3.993618177E0,2.097849706E0,4.566050513E0
2.962343500E0,-2.186699610E0,3.448984246E0,2.513787006E0,4.795442902E0
2.972343500E0,-3.648164969E0,2.862954658E0,2.628903480E0,5.330736396E0
2.982342500E0,-4.952188784E0,2.381397858E0,2.330719163E0,5.968876052E0
2.992342500E0,-6.119935053E0,1.792241618E0,1.793090780E0,6.624266723E0
3.002341500E0,-7.057811487E0,1.153784360E0,1.095756519E0,7.234957061E0
3.012341500E0,-7.687725012E0,7.182183225E-1,7.353727376E-1,7.756141211E0
3.022340500E0,-8.294233303E0,3.072200925E-1,6.058370304E-1,8.322002690E0
3.032339500E0,-8.753608691E0,-4.353376307E-2,3.582109559E-1,8.761043054E0
3.042339500E0,-9.070518424E0,-3.334803034E-1,2.379205737E-1,9.079764303E0
3.052338500E0,-9.288540630E0,-5.761111747E-1,6.126060596E-1,9.326530829E0
3.062338500E0,-9.493215398E0,-8.014968529E-1,1.536142197E0,9.650039826E0
3.072337500E0,-9.491647759E0,-9.993151751E-1,2.628704382E0,9.899499721E0
3.082337500E0,-9.326812411E0,-1.138586350E0,3.698446054E0,1.009773796E1
3.092336500E0,-9.145696660E0,-1.382182378E0,4.598676359E0,1.032966697E1
3.102335500E0,-8.754789829E0,-1.599056776E0,5.319485144E0,1.036823272E1
3.112335500E0,-8.110508525E0,-1.741041643E0,6.036475990E0,1.025917233E1
3.122334500E0,-7.111638615E0,-1.826049342E0,6.453128697E0,9.775107670E0
3.132334500E0,-4.976495075E0,-1.651165553E0,6.583007051E0,8.415927326E0
3.142333500E0,-1.285212153E0,-1.225949819E0,6.840647067E0,7.067473065E0
3.152333500E0,2.608541721E0,-8.803404895E-1,6.258217610E0,6.837015207E0
3.162332500E0,6.334330816E0,-7.596527890E-1,5.567365572E0,8.467371414E0
3.172331500E0,9.637321197E0,-7.820765687E-1,1.776739626E0,9.830890464E0
3.182331500E0,1.319348900E1,3.879125456E-1,-5.624761841E0,1.434770274E1
3.192330500E0,1.907334381E1,2.271961223E0,-2.381038839E1,3.059230045E1
3.202330500E0,2.187022844E1,9.172187325E-1,-4.831049094E1,5.303820997E1
3.212329500E0,1.398345017E1,-3.171861015E0,-2.745569933E1,3.097439276E1
3.222329500E0,6.478338967E0,-1.247819648E0,-2.809981808E0,7.170908409E0
3.232328500E0,2.229249213E0,5.154291362E0,9.612267047E0,1.113247274E1
3.242327500E0,4.924747217E-1,1.076668166E1,1.253363305E1,1.653045441E1
3.252327500E0,-8.109035611E-1,7.473383628E0,3.359672412E0,8.233858522E0
3.262326500E0,-1.709719425E0,2.563142330E-1,1.053483781E0,2.024516133E0
3.272326500E0,-2.464730036E-1,-2.190144789E0,1.071637047E0,2.450691555E0
3.282325500E0,3.688285055E0,-2.087855937E0,9.599701381E-1,4.345587616E0
3.292325500E0,6.211015377E0,-2.579284300E0,1.862603357E0,6.978446158E0
3.302324500E0,6.638193072E0,-3.413175312E0,3.698350159E0,8.330256111E0
3.312323500E0,6.944994723E0,-3.611381305E0,5.386480787E0,9.502063034E0
3.322323500E0,6.308338189E0,-3.638069167E0,4.722058456E0,8.679200080E0
3.332322500E0,5.091410404E0,-4.753752412E0,1.290250114E0,7.084163130E0
3.342322500E0,5.336769513E0,-4.789547019E0,1.561484322E-1,7.172534547E0
3.352321500E0,5.580010176E0,-4.532478861E0,1.736973882E-1,7.190969961E0
3.362321500E0,5.215258525E0,-4.219810698E0,4.578334773E-1,6.724234923E0
3.372320500E0,3.960717942E0,-3.857021373E0,8.751220688E-1,5.597297483E0
3.382320500E0,2.015387301E0,-3.408879655E0,1.299277046E0,4.167777264E0
3.392319500E0,1.996180952E-1,-2.564873545E0,1.703074064E0,3.085269024E0
3.402318500E0,-1.233905175E0,-1.416028693E0,2.002132394E0,2.745212808E0
3.412318500E0,-2.421279961E0,-3.413304828E-1,2.270034127E0,3.336488886E0
3.422317500E0,-3.576369932E0,5.979959142E-1,2.335945112E0,4.313312018E0
3.432317500E0,-4.632301065E0,1.365542225E0,1.999923462E0,5.227103651E0
3.442316500E0,-5.539208305E0,1.994764902E0,1.712527843E0,6.131449036E0
3.452316500E0,-6.239708834E0,2.563087220E0,1.920650128E0,7.013720792E0
3.462315500E0,-6.946024418E0,2.867798492E0,2.149395543E0,7.816100345E0
3.472314500E0,-7.749807240E0,2.767393321E0,1.928111175E0,8.451957806E0
3.482314500E0,-8.497557364E0,2.479412687E0,1.076081223E0,8.917057767E0
3.492313500E0,-9.022480039E0,2.199419935E0,-8.539803643E-2,9.287081723E0
3.502313500E0,-9.357485150E0,1.935694429E0,-1.191809242E0,9.629633977E0
3.512312500E0,-9.579454227E0,1.709706561E0,-2.156931435E0,9.967015252E0
3.522312500E0,-9.724121359E0,1.504941308E0,-2.725750912E0,1.021044086E1
3.532311500E0,-9.848408021E0,1.330766056E0,-3.021998339E0,1.038723028E1
3.542310500E0,-9.836548698E0,1.274469356E0,-3.006763419E0,1.036448690E1
3.552310500E0,-9.703808132E0,1.198351545E0,-2.666171293E0,1.013451568E1
3.562309500E0,-9.513636214E0,1.084860963E0,-2.115019178E0,9.806095219E0
3.572309500E0,-9.261050531E0,1.027523824E0,-1.719504156E0,9.475207474E0
3.582308500E0,-8.464425870E0,1.125488880E0,-9.614426132E-1,8.592880916E0
3.592308500E0,-6.453905207E0,1.450938471E0,-5.485170677E-2,6.615219088E0
3.602307500E0,-2.340451561E0,2.149945328E0,3.645737498E-1,3.198889251E0
3.612306500E0,2.726866561E0,9.218864916E-1,-1.217968077E0,3.125559499E0
3.622306500E0,6.968859549E0,-7.047390579E0,-5.685025585E0,1.142585810E1
3.632305500E0,1.471377910E1,-7.807602289E0,-2.850374959E0,1.689907058E1
3.642305500E0,2.328683805E1,-2.099903979E0,-1.016097561E0,2.340339457E1
3.652304500E0,2.518587570E1,-9.935856347E-1,-3.588980037E0,2.545970002E1
3.662304500E0,1.788527847E1,-3.384093016E0,-6.608879811E0,1.936524112E1
3.672303500E0,8.993257409E0,-4.589212640E0,-6.564547391E0,1.204295786E1
3.682302500E0,2.608079206E0,-3.851348112E0,-4.997785957E0,6.827358486E0
3.692302500E0,-1.662072219E0,-2.734929287E0,-3.539323435E0,4.771701231E0
3.702301500E0,-3.869109029E0,-1.888052778E0,-2.605758738E0,5.032367889E0
3.712301500E0,-4.609334371E0,-2.066891769E0,-1.665279709E0,5.318943639E0
3.722300500E0,-3.159251202E0,-1.298536057E0,-1.154018468E0,3.605388006E0
3.732300500E0,7.632370591E-2,6.484601627E-1,-1.145503753E0,1.318523696E0
3.742299500E0,2.010181525E0,1.061546507E0,-2.347417641E0,3.267733210E0
3.752298500E0,4.534908671E0,1.929717698E0,-4.815774997E0,6.890638278E0
3.762298500E0,6.920081491E0,2.298156603E0,-5.422504313E0,9.086946938E0
3.772297500E0,8.723504301E0,2.353054503E0,-4.730632521E0,1.019878801E1
3.782297500E0,9.975126539E0,2.475727187E0,-3.443170359E0,1.083917878E1
3.792296500E0,1.030208647E1,2.059326934E0,-1.608188957E0,1.062826819E1
3.802296500E0,9.157601007E0,1.595227873E0,1.318373029E0,9.388531067E0
3.812295500E0,6.639212242E0,1.592398990E0,5.024473819E0,8.477040220E0
3.822294500E0,3.633474424E0,1.781760776E0,7.178883349E0,8.240944970E0
3.832294500E0,1.922359269E0,2.266249225E0,7.462664512E0,8.032603086E0
3.842293500E0,9.984956878E-1,2.672868694E0,6.295106524E0,6.911554590E0
3.852293500E0,-2.664277965E-1,2.464749040E0,5.101996204E0,5.672418960E0
3.862292500E0,-1.849824559E0,1.893149503E0,4.277113996E0,5.029867800E0
3.872292875E0,-3.154582785E0,1.612239177E0,3.522862061E0,4.996124980E0
3.882291875E0,-4.296359230E0,1.483990442E0,2.864484290E0,5.372727474E0
3.892290875E0,-5.405531600E0,1.207482484E0,2.052811528E0,5.906929913E0
3.902290875E0,-6.359389059E0,8.041286847E-1,8.240004471E-1,6.462772538E0
3.912289875E0,-7.096044091E0,3.673801940E-1,-3.039721835E-1,7.112046754E0
3.922289875E0,-7.675537661E0,-2.121241931E-1,-1.434024669E0,7.811229212E0
3.932288875E0,-8.067818588E0,-7.756298672E-1,-3.000277687E0,8.642509165E0
3.942288875E0,-8.514186260E0,-1.432319328E0,-4.622404945E0,9.793341299E0
3.952287875E0,-8.894497937E0,-2.135511037E0,-4.031004982E0,9.996074335E0
3.962286875E0,-8.818000569E0,-2.469640820E0,-8.406106326E-1,9.195808069E0
3.972286875E0,-8.775730462E0,-2.632591903E0,2.596420442E0,9.522887398E0
3.982285875E0,-8.694914925E0,-2.747932033E0,5.190362835E0,1.049249934E1
3.992285875E0,-8.567608761E0,-2.838329110E0,6.973578837E0,1.140573688E1
4.002284875E0,-8.223621157E0,-2.967168413E0,8.258400981E0,1.202635523E1
4.012284875E0,-7.557818007E0,-3.100295480E0,9.018008088E0,1.216786403E1
4.022283875E0,-6.347297602E0,-3.011906922E0,9.163168725E0,1.154657660E1
4.032282875E0,-4.402443509E0,-2.710246435E0,8.791991569E0,1.019931666E1
4.042282875E0,-1.781594569E0,-2.005390316E0,8.140497140E0,8.571077132E0
4.052281875E0,1.170875698E0,-1.303626205E0,7.487481265E0,7.689783279E0
4.062281875E0,4.066335028E0,-1.147661375E0,5.826846877E0,7.197523999E0
4.072280875E0,6.633702995E0,-1.057767305E0,3.785828014E0,7.710861226E0
4.082280875E0,8.916242563E0,1.388895347E-1,5.879365106E-1,8.936685128E0
4.092279875E0,1.185324870E1,2.650289086E0,-7.053882158E0,1.404566803E1
4.102278875E0,1.940125566E1,7.287925735E0,-2.849916303E1,3.523811681E1
4.112278875E0,2.095973042E1,1.000939590E1,-4.617887210E1,5.169126168E1
4.122277875E0,9.660700119E0,6.503803591E0,-1.986266413E1,2.302507360E1
4.132277875E0,9.082778281E-1,6.014616174E0,1.294116878E0,6.218948048E0
4.142276875E0,-3.603685200E0,8.871308464E0,7.531195049E0,1.218218206E1
4.152276875E0,-4.264216501E0,8.416186926E0,2.763703435E0,9.831266521E0
4.162275875E0,-1.235648814E0,3.608895653E0,-1.888388993E0,4.256403273E0
4.172274875E0,1.496344001E0,-1.319735576E-1,-1.844085809E0,2.378469016E0
4.182274875E0,3.244855024E0,-1.332559690E0,2.566258165E-1,3.517194373E0
4.192273875E0,5.197894633E0,-1.479205665E0,1.768488328E0,5.686273735E0
4.202273875E0,6.010331919E0,-1.838641905E0,3.961623675E0,7.429613447E0
4.212272875E0,6.033512036E0,-2.299511257E0,5.772201723E0,8.660792818E0
4.222272875E0,6.246931314E0,-2.746823108E0,5.771087828E0,8.937261480E0
4.232271875E0,6.148564190E0,-3.493439457E0,4.645198268E0,8.460899940E0
4.242270875E0,6.131192697E0,-4.327903496E0,3.533422717E0,8.295019510E0
4.252270875E0,6.574815102E0,-4.828575137E0,2.909167835E0,8.660634444E0
4.262269875E0,7.015081789E0,-5.120969834E0,2.641943355E0,9.078302112E0
4.272269875E0,6.806743741E0,-5.252414657E0,2.283699947E0,8.895780209E0
4.282268875E0,5.629979312E0,-5.309624984E0,2.255476899E0,8.060766748E0
4.292268875E0,3.708439822E0,-4.823111207E0,1.221465808E0,6.205393327E0
4.302267875E0,1.980715651E0,-3.619580271E0,1.918414445E0,4.550264806E0
4.312266875E0,1.905619276E-1,-2.265320102E0,3.266781205E0,3.979930710E0
4.322266875E0,-1.535055492E0,-8.599998535E-1,2.691640595E0,3.215730742E0
4.332265875E0,-3.045780720E0,3.746369541E-1,2.006356422E0,3.666415025E0
4.342265875E0,-4.433121511E0,1.107871950E0,1.379081014E0,4.773029544E0
4.352264875E0,-5.770413644E0,1.459589573E0,9.263485750E-1,6.023802539E0
4.362264875E0,-6.958477818E0,1.707852994E0,1.841498709E-1,7.167362595E0
4.372263875E0,-7.984344322E0,1.751980468E0,-9.483850497E-1,8.229132641E0
4.382262875E0,-8.831352686E0,1.638982733E0,-2.018321434E0,9.206121663E0
4.392262875E0,-9.420055620E0,1.564484528E0,-2.848813752E0,9.964978651E0
4.402261875E0,-9.778938421E0,1.530877803E0,-3.441086996E0,1.047913657E1
4.412261875E0,-9.970968000E0,1.438040536E0,-3.658431510E0,1.071784888E1
4.422260875E0,-1.004807289E1,1.364477886E0,-3.419050595E0,1.070119039E1
4.432260875E0,-1.005159058E1,1.338729379E0,-2.821014919E0,1.052543561E1
4.442259875E0,-9.998745782E0,1.290952950E0,-2.217049729E0,1.032263466E1
4.452258875E0,-9.958348539E0,1.258383081E0,-1.669561332E0,1.017544440E1
4.462258875E0,-9.878543401E0,1.194677740E0,-1.078012631E0,1.000874547E1
4.472257875E0,-9.766346442E0,1.135771208E0,-4.254017495E-1,9.841365033E0
4.482257875E0,-9.392502955E0,1.173691133E0,2.682152903E-1,9.469350668E0
4.492256875E0,-8.689046075E0,1.231177156E0,7.853898203E-1,8.810911193E0
4.502256875E0,-7.360385016E0,1.371714400E0,1.143004287E0,7.573858117E0
4.512255875E0,-4.759534138E0,1.883071535E0,1.724965455E0,5.401354408E0
4.522254875E0,-7.714126360E-1,2.449149545E0,3.170610003E0,4.079972885E0
4.532254875E0,4.268993091E0,2.751350023E0,6.171063107E0,7.992261809E0
4.542253875E0,9.829550750E0,1.985034989E0,9.296129732E0,1.367400672E1
4.552253875E0,1.280556600E1,-3.821333477E0,6.113731742E0,1.469567372E1
4.562252875E0,1.389246984E1,-1.757296698E1,-2.180286384E-1,2.240217452E1
4.572252875E0,1.590090889E1,-1.449800866E1,-2.283158203E0,2.163894568E1
4.582251875E0,1.521426568E1,-6.442955126E0,-6.143827361E0,1.762759670E1
4.592250875E0,1.301489866E1,-4.137887991E0,-1.000078295E1,1.692706011E1
4.602250875E0,1.160278205E1,-3.307590385E0,-1.093673975E1,1.628425564E1
4.612249875E0,1.142317078E1,-3.101791198E0,-1.155397651E1,1.654098886E1
4.622249875E0,1.098695329E1,-1.361133424E0,-1.046840116E1,1.523657605E1
4.632248875E0,6.735243988E0,-1.007362406E0,-3.640649543E0,7.722215983E0
4.642248875E0,4.246352672E0,5.498515485E-1,1.207001112E0,4.448673895E0
4.652247875E0,5.377330479E0,3.633291407E0,5.242605368E0,8.342745386E0
4.662246875E0,2.985872487E0,2.098169256E0,-1.046579096E0,3.796455787E0
4.672246875E0,1.133535379E0,1.139660045E0,-3.001316153E0,3.404647724E0
4.682245875E0,5.645545185E-2,8.174729079E-1,-2.769093983E0,2.887789927E0
4.692245875E0,-1.288685399E-1,7.029401328E-1,-2.313094193E0,2.420978454E0
4.702244875E0,6.123812342E-1,1.174663817E0,-1.919935598E0,2.332594813E0
4.712244875E0,1.545309754E0,1.788417100E0,-1.128099734E0,2.618974412E0
4.722243875E0,1.816640441E0,1.846486091E0,3.757631278E-1,2.617420735E0
4.732242875E0,1.755565104E0,1.871213235E0,1.291592635E0,2.872570163E0
4.742242875E0,1.598030005E0,2.288673589E0,2.002299478E0,3.435248156E0
4.752241875E0,1.061676022E0,3.078254693E0,2.687714775E0,4.222158055E0
4.762241875E0,2.779216683E-1,3.638212716E0,2.894528453E0,4.657480777E0
4.772240875E0,-8.200983077E-1,3.846773835E0,2.963909175E0,4.924935306E0
4.782240875E0,-2.136604174E0,3.585830142E0,3.029774551E0,5.157789162E0
4.792239875E0,-3.543693936E0,3.092759589E0,2.882604811E0,5.516551376E0
4.802238875E0,-4.800115569E0,2.799056870E0,2.366052571E0,6.039373611E0
4.812238875E0,-5.898291666E0,2.522747279E0,1.445361689E0,6.575953834E0
4.822237875E0,-6.778484148E0,2.325260787E0,4.821625721E-1,7.182420610E0
4.832237875E0,-7.515532697E0,1.777279616E0,-1.661544800E-1,7.724607555E0
4.842236875E0,-8.180867486E0,8.726709160E-1,-9.737740986E-1,8.284707801E0
4.852236875E0,-8.633922034E0,-1.523280077E-2,-1.725939163E0,8.804754836E0
4.862235875E0,-8.886950936E0,-5.808787751E-1,-2.299366100E0,9.197956379E0
4.872234625E0,-8.956507659E0,-9.540220580E-1,-2.208261802E0,9.273920839E0
4.882234625E0,-8.876958044E0,-1.437150444E0,-1.305849024E0,9.086860139E0
4.892233625E0,-8.638366503E0,-1.873908656E0,5.906287149E-2,8.839479504E0
4.902233625E0,-8.167097293E0,-2.299196823E0,1.615811680E0,8.637049937E0
4.912232625E0,-7.510068474E0,-2.824637269E0,3.132313664E0,8.613425166E0
4.922232625E0,-6.609168663E0,-3.427926668E0,4.387331380E0,8.641786175E0
4.932231625E0,-5.440973328E0,-3.843788539E0,5.056013115E0,8.363143530E0
4.942230625E0,-3.928893886E0,-3.883854538E0,4.924156648E0,7.400530517E0
4.952230625E0,-2.104983017E0,-3.639026063E0,4.786464075E0,6.370533928E0
4.962229625E0,-4.263731182E-2,-3.389693187E0,4.601480099E0,5.715370236E0
4.972229625E0,2.425551937E0,-2.986951298E0,3.366699888E0,5.112714386E0
4.982228625E0,5.244487002E0,-2.269387279E0,3.838711694E-2,5.714563510E0
4.992228625E0,9.461645696E0,-4.107123743E-1,-5.189545394E0,1.079920392E1
5.002227625E0,1.477219045E1,2.405709996E0,-1.053279187E1,1.830149600E1
5.012226625E0,1.842531093E1,5.190797868E0,-1.786213168E1,2.618190622E1
5.022226625E0,1.668349789E1,5.169314028E0,-1.958262694E1,2.624004930E1
5.032225625E0,9.251213760E0,2.791268379E0,-1.428000341E1,1.724223398E1
5.042225625E0,2.834645364E0,2.178720207E0,-7.337463931E0,8.162132872E0
5.052224625E0,-3.720033681E-1,4.584330800E0,-5.702745572E-1,4.634618480E0
5.062224625E0,-1.898280435E0,8.264113711E0,3.320411282E0,9.106271197E0
5.072223625E0,-2.467650720E0,8.361696138E0,1.529482511E-1,8.719555927E0
5.082222625E0,-2.388198754E0,3.475932893E0,-2.562067173E0,4.934550736E0
5.092222625E0,-6.838277775E-1,8.000391421E-1,3.466591966E-1,1.108086484E0
5.102221625E0,2.848296858E0,7.619741336E-1,4.988311129E0,5.794536003E0
5.112221625E0,5.992106733E0,8.248093363E-1,7.648566209E0,9.751216262E0
5.122220625E0,7.287148640E0,-1.423164598E-1,7.790500352E0,1.066839655E1
5.132219625E0,7.046381934E0,-1.793294263E0,6.856722232E0,9.994100382E0
5.142219625E0,6.177321382E0,-3.347407292E0,4.870709296E0,8.549166280E0
5.152218625E0,5.817593073E0,-4.261205184E0,3.021715626E0,7.818761035E0
5.162218625E0,6.062049957E0,-4.667499256E0,1.595736727E0,7.815393444E0
5.172217625E0,6.409423683E0,-4.792284686E0,5.566865051E-1,8.022256810E0
5.182217625E0,6.437723038E0,-4.645402921E0,3.171415749E-1,7.945100691E0
5.192216625E0,5.364040343E0,-4.516606886E0,4.259673214E-1,7.025248374E0
5.202215625E0,3.014756563E0,-4.440925205E0,4.346375728E-1,5.385116863E0
5.212215625E0,7.617062581E-1,-3.819444534E0,9.837427242E-1,4.016976813E0
5.222214625E0,-1.058661783E0,-2.641817640E0,1.104522811E0,3.052856998E0
5.232214625E0,-2.406477150E0,-1.249640909E0,1.498505716E0,3.098104914E0
5.242213625E0,-3.612589340E0,-1.291883826E-1,1.626173969E0,3.963828093E0
5.252213625E0,-4.844919859E0,6.943862410E-1,1.823528022E0,5.223090574E0
5.262212625E0,-5.887167338E0,1.375519037E0,1.813495224E0,6.311858428E0
5.272211625E0,-6.716070968E0,1.856878932E0,1.533132781E0,7.134711258E0
5.282211625E0,-7.477267349E0,2.144871991E0,1.140936712E0,7.862044228E0
5.292210625E0,-8.114417973E0,2.260133622E0,5.315890495E-1,8.440057461E0
5.302210625E0,-8.752653841E0,2.196097547E0,-3.256068814E-1,9.029829098E0
5.312209625E0,-9.337628006E0,2.147699412E0,-9.687625962E-1,9.630286107E0
5.322209625E0,-9.725369740E0,2.127850162E0,-1.116654468E0,1.001785806E1
5.332208625E0,-9.840709577E0,2.161972173E0,-8.874500459E-1,1.011440835E1
5.342207625E0,-9.892565024E0,2.110056646E0,-4.742273523E-1,1.012620726E1
5.352207625E0,-9.975401359E0,2.059348276E0,1.225101314E-2,1.018575955E1
5.362206625E0,-1.001297089E1,2.011072494E0,4.937909299E-1,1.022486323E1
5.372206625E0,-9.924610105E0,1.910663084E0,8.659971964E-1,1.014388832E1
5.382205625E0,-9.532937288E0,1.756497881E0,1.085276993E0,9.753973769E0
5.392205625E0,-8.627257962E0,1.636498252E0,1.083990167E0,8.847753452E0
5.402204625E0,-7.534773545E0,1.398887288E0,1.091680425E0,7.740895567E0
5.412203625E0,-5.977713811E0,1.161385229E0,1.316938999E0,6.230265355E0
5.422203625E0,-3.182858750E0,1.087500397E0,2.324866977E0,4.088796081E0
5.432202625E0,1.474485354E0,1.440468008E0,5.134019650E0,5.532378594E0
5.442202625E0,6.948075621E0,8.018788223E-1,8.980409322E0,1.138272885E1
5.452201625E0,1.149966289E1,-4.901295789E0,8.451624561E0,1.508956277E1
5.462201625E0,1.410761814E1,-1.660556737E1,8.760275102E-1,2.180681502E1
5.472200625E0,1.752280957E1,-1.336686830E1,-2.558273208E0,2.218708600E1
5.482199625E0,1.802226820E1,-5.452837329E0,-5.043969020E0,1.949300412E1
5.492199625E0,1.429099267E1,-2.907299357E0,-8.617805353E0,1.693964079E1
5.502198625E0,9.347728486E0,-1.097424583E0,-1.052413448E1,1.411884468E1
5.512198625E0,4.648840499E0,-1.882287423E-1,-1.003061311E1,1.105714011E1
5.522197625E0,3.046305799E-1,-1.366993358E0,-8.719997141E0,8.831750720E0
5.532196625E0,-3.600527703E0,-4.683272413E0,-9.351485907E0,1.106106364E1
5.542196625E0,-4.053538397E0,-4.881462033E0,-1.069073101E1,1.243187736E1
5.552195625E0,-1.249298555E0,-1.691868460E-1,-5.241550530E0,5.391031722E0
5.562195625E0,1.698569369E-1,1.942902146E0,-3.304603627E-1,1.978111265E0
5.572194625E0,3.973743784E0,3.616403478E0,3.367993877E0,6.341324509E0
5.582194625E0,5.560525500E0,2.972508091E0,1.680661687E0,6.525325424E0
5.592193625E0,4.980420311E0,1.777405916E0,-1.100482239E0,5.401371995E0
5.602192625E0,5.024568543E0,1.205657276E0,-1.830687207E0,5.481907895E0
5.612192625E0,4.957671719E0,7.728340942E-1,-1.627101191E0,5.274773900E0
5.622191625E0,4.866257519E0,1.013552122E0,-8.843995535E-1,5.048753580E0
5.632191625E0,4.742047455E0,1.467035709E0,-2.215755594E-1,4.968732592E0
5.642190625E0,4.639122427E0,1.721169150E0,2.158428761E-1,4.952824273E0
5.652190625E0,4.604176542E0,1.926277196E0,9.904176132E-1,5.088213097E0
5.662189625E0,4.201436700E0,2.388767396E0,1.790633634E0,5.154090495E0
5.672188625E0,2.886128343E0,2.975041105E0,2.384572896E0,4.781923701E0
5.682188625E0,9.647005355E-1,3.219778655E0,2.816224880E0,4.385059211E0
5.692187625E0,-7.689111972E-1,3.311891889E0,3.008447709E0,4.539890961E0
5.702187625E0,-2.279867390E0,3.227689353E0,2.943070868E0,4.927214224E0
5.712186625E0,-3.724901488E0,2.771047538E0,2.391428025E0,5.222310174E0
5.722186625E0,-5.013923687E0,2.094316234E0,1.479480192E0,5.631558654E0
5.732185625E0,-6.061814899E0,1.446224007E0,3.657806151E-1,6.242672441E0
5.742184625E0,-6.849662304E0,6.949043043E-1,-9.801349922E-1,6.954238296E0
5.752184625E0,-7.388123038E0,-5.664767906E-2,-2.455683809E0,7.785753268E0
5.762183625E0,-7.712295597E0,-7.060498282E-1,-3.053916828E0,8.324927491E0
5.772183625E0,-7.821791142E0,-1.095447713E0,-2.430088792E0,8.263519462E0
5.782182625E0,-7.902845246E0,-1.218333747E0,-7.179223073E-1,8.028369233E0
5.792182625E0,-8.094901137E0,-1.416559620E0,1.163578958E0,8.299878407E0
5.802181625E0,-8.342272857E0,-1.598648932E0,2.588110964E0,8.879612221E0
5.812180625E0,-8.427406563E0,-2.002688318E0,3.990165397E0,9.536947194E0
5.822180625E0,-8.112629895E0,-2.411749585E0,5.379390453E0,1.002841670E1
5.832179625E0,-7.259998848E0,-2.458233780E0,6.249283065E0,9.889592278E0
5.842179625E0,-6.230194829E0,-2.493939217E0,6.476978320E0,9.326645087E0
5.852178625E0,-5.236264063E0,-2.660495109E0,6.531549214E0,8.783953022E0
5.862178625E0,-4.000425798E0,-2.714855503E0,6.586197292E0,8.170180031E0
5.872177625E0,-2.384631953E0,-2.656680093E0,6.519958863E0,7.433322423E0
5.882176625E0,-4.824584413E-1,-2.676117992E0,6.284345309E0,6.847435258E0
5.892176625E0,1.535303414E0,-2.622666255E0,5.321566168E0,6.128180916E0
5.902175625E0,3.661895986E0,-2.043207476E0,3.240380734E0,5.299457170E0
5.912175625E0,6.066926535E0,-6.802948898E-1,-9.859282672E-1,6.184048291E0
5.922174625E0,9.684914609E0,1.298880312E0,-1.357278852E1,1.672439085E1
5.932173625E0,1.767910798E1,4.897713785E0,-4.112189595E1,4.502831094E1
5.942173625E0,1.767957576E1,3.202747470E0,-3.376009942E1,3.824355244E1
5.952172625E0,7.469914475E0,-1.810701278E0,-7.449748013E0,1.070406497E1
5.962172625E0,1.044309792E0,-8.083516900E-1,3.226478979E0,3.486284842E0
5.972171625E0,-1.984677140E0,3.632143891E0,9.515701450E0,1.037689677E1
5.982171625E0,-2.461738016E0,6.886769904E0,5.103010111E0,8.917873399E0
5.992170625E0,-1.008849353E0,5.861191083E0,-3.061184917E0,6.688960384E0
6.002169625E0,9.939307666E-1,2.395608346E0,-2.365836370E0,3.510558281E0
6.012169625E0,2.604187884E0,2.945378472E-1,1.295280766E0,2.923405436E0
6.022168625E0,5.230943096E0,-9.983506769E-2,2.974247053E0,6.018212214E0
6.032168625E0,6.628197257E0,-7.669607853E-1,4.009028222E0,7.784184929E0
6.042167625E0,6.202214148E0,-1.608254007E0,6.278763556E0,8.970886973E0
6.052167625E0,5.151259580E0,-2.294544193E0,6.865273785E0,8.884390382E0
6.062166625E0,4.669170098E0,-3.144195206E0,5.690211480E0,8.004100174E0
6.072165625E0,4.514191986E0,-4.139400666E0,4.341582765E0,7.507456831E0
6.082165625E0,4.900558455E0,-4.793834198E0,3.485482566E0,7.690572684E0
6.092164625E0,5.687993047E0,-5.185527188E0,2.920081078E0,8.232243352E0
6.102164625E0,6.463827932E0,-5.451541586E0,2.475077561E0,8.810583757E0
6.112163625E0,6.638256807E0,-5.606914385E0,1.958011790E0,8.907174216E0
6.122163625E0,5.681653495E0,-5.718466396E0,9.746083501E-1,8.119846415E0
6.132162625E0,3.861115885E0,-5.349854997E0,1.108553150E-1,6.598594795E0
6.142161625E0,1.792554005E0,-4.260233377E0,5.009312573E-1,4.649061240E0
6.152161625E0,-1.482263321E-1,-2.785847425E0,6.829431669E-1,2.872164392E0
6.162160625E0,-1.640114170E0,-1.018354440E0,1.253725628E-1,1.934615862E0
6.172160625E0,-3.101456153E0,2.887318544E-1,-4.180080914E-1,3.142789703E0
6.182159625E0,-4.696137457E0,1.065565444E0,-9.623493701E-1,4.910728361E0
6.192158625E0,-6.215455168E0,1.493352711E0,-1.500532946E0,6.566093541E0
6.202158625E0,-7.560647475E0,1.671678902E0,-2.051400887E0,8.010377406E0
6.212157625E0,-8.579223086E0,1.785371139E0,-2.333969337E0,9.068518717E0
6.222157625E0,-9.322644516E0,1.814138563E0,-2.348853863E0,9.783655450E0
6.232156625E0,-9.883412962E0,1.714793492E0,-2.500355367E0,1.033799523E1
6.242156625E0,-1.014394384E1,1.549914290E0,-2.940734906E0,1.067472495E1
6.252155625E0,-1.020854856E1,1.364985132E0,-3.317651689E0,1.082055732E1
6.262155625E0,-1.022053067E1,1.268715696E0,-3.231539744E0,1.079406021E1
6.272154625E0,-1.009263102E1,1.291110971E0,-2.718706772E0,1.053183435E1
6.282153625E0,-9.971500096E0,1.301917356E0,-1.923139288E0,1.023837232E1
6.292153625E0,-9.951911924E0,1.187069708E0,-8.892680915E-1,1.006183299E1
6.302152625E0,-9.766670963E0,1.026401963E0,1.771172784E-1,9.822053411E0
6.312152625E0,-8.964745216E0,1.070001873E0,8.301653127E-1,9.066462113E0
6.322151625E0,-8.004665151E0,9.935756213E-1,9.637854463E-1,8.123468414E0
6.332150625E0,-6.313040519E0,7.411369228E-1,4.905702835E-1,6.375297933E0
6.342150625E0,-2.690102777E0,8.314480457E-1,6.423151776E-2,2.816395656E0
6.352149625E0,1.985401610E0,1.375321255E0,1.143104786E0,2.672080960E0
6.362149625E0,6.560199986E0,6.398152006E-1,2.091957028E0,6.915335968E0
6.372148625E0,1.098008165E1,-7.125314083E0,-3.110970888E-1,1.309309265E1
6.382148625E0,1.885259855E1,-7.174279252E0,2.906638622E0,2.037987495E1
6.392147625E0,2.379225500E1,-3.337777221E0,3.542073673E0,2.428494267E1
6.402146625E0,1.901818585E1,-3.461750179E0,-9.541018724E-1,1.935420931E1
6.412146625E0,9.671372457E0,-4.872485096E0,-5.077567706E0,1.196069605E1
6.422145625E0,4.414291137E0,-3.725480655E0,-6.486923264E0,8.685928033E0
6.432145625E0,1.672608901E0,-1.302870306E0,-7.218195934E0,7.523127283E0
6.442144625E0,-1.155249014E0,-7.674056853E-1,-7.583229421E0,7.709012922E0
6.452144625E0,-3.394697526E0,-1.731904784E0,-7.282798312E0,8.219648212E0
6.462143625E0,-4.475876352E0,-3.332195176E0,-6.938274518E0,8.903743432E0
6.472142625E0,-3.654503351E0,-3.618566363E0,-6.394923173E0,8.206367020E0
6.482142625E0,-4.221455812E-2,-4.309707838E-1,-2.779776846E0,2.813303610E0
6.492141625E0,3.737978786E0,1.948218434E0,3.036183100E0,5.194848245E0
6.502141625E0,4.821729802E0,1.505840610E0,3.926311755E-1,5.066635320E0
6.512140625E0,4.997930968E0,1.122912450E0,-2.941727178E0,5.907114788E0
6.522140625E0,6.086508860E0,1.537434870E0,-3.866746169E0,7.372992745E0
6.532139625E0,7.124862678E0,1.769484985E0,-4.105627148E0,8.411356583E0
6.542138625E0,7.639610614E0,2.053649141E0,-3.153845451E0,8.516329388E0
6.552138625E0,7.081157665E0,2.078253348E0,-1.887145582E0,7.617299344E0
6.562137625E0,5.918648747E0,1.822995049E0,-5.613431545E-1,6.218425852E0
6.572137625E0,4.905371298E0,1.657677451E0,6.149528396E-1,5.214281264E0
6.582136625E0,4.205217510E0,2.090616993E0,1.667968697E0,4.983638559E0
6.592136625E0,3.180930923E0,2.528300088E0,2.341572618E0,4.689731890E0
6.602135625E0,1.731033111E0,2.560474392E0,2.686800270E0,4.095290030E0
6.612134625E0,2.680609238E-1,2.454971326E0,3.094067026E0,3.958786636E0
6.622134625E0,-1.044377620E0,2.463083460E0,3.214932482E0,4.182498728E0
6.632133625E0,-2.375222613E0,2.062222183E0,3.088171571E0,4.408088752E0
6.642133625E0,-3.567867495E0,1.507857168E0,2.608957458E0,4.670114637E0
6.652132625E0,-4.791540627E0,8.101896892E-1,1.674486004E0,5.139958394E0
6.662131625E0,-5.906702886E0,8.015874848E-3,4.553557196E-1,5.924234302E0
6.672131625E0,-6.670010696E0,-7.054420833E-1,-6.620685339E-1,6.739809045E0
6.682130625E0,-6.999866164E0,-1.205735921E0,-1.049004814E0,7.179995580E0
6.692130625E0,-7.278756716E0,-1.466403333E0,-4.020367143E-1,7.435877325E0
6.702129625E0,-7.764497784E0,-1.761216145E0,1.171958895E0,8.047533523E0
6.712129625E0,-8.403817726E0,-1.984055288E0,2.673264258E0,9.039190757E0
6.722128625E0,-8.880596182E0,-2.110447532E0,4.100750278E0,1.000675423E1
6.732127625E0,-9.102290440E0,-2.158236241E0,5.470896454E0,1.083699142E1
6.742127625E0,-9.165130466E0,-2.059186162E0,6.461977288E0,1.140162333E1
6.752126625E0,-9.004548967E0,-1.815581364E0,7.121872412E0,1.162322264E1
6.762126625E0,-8.536385799E0,-1.714435789E0,7.535012112E0,1.151458120E1
6.772125625E0,-7.578138251E0,-1.721565738E0,7.765180739E0,1.098590005E1
6.782125625E0,-6.227340803E0,-1.815919187E0,7.776416749E0,1.012669706E1
6.792124625E0,-4.342396697E0,-1.867333754E0,7.526566393E0,8.887775093E0
6.802123625E0,-1.949874512E0,-1.783066898E0,7.170272155E0,7.641605914E0
6.812123625E0,4.397819531E-1,-1.845423798E0,6.631389252E0,6.897414050E0
6.822122625E0,2.814809854E0,-2.219775847E0,5.388576429E0,6.472041042E0
6.832122625E0,5.412621934E0,-1.586326802E0,2.706895981E0,6.256212494E0
6.842121625E0,8.592284596E0,-2.788805020E-1,-3.097763636E0,9.137902848E0
6.852120625E0,1.702804157E1,4.417366481E0,-2.140914274E1,2.770954202E1
6.862120625E0,2.501197951E1,9.117413678E0,-4.123511208E1,4.908218434E1
6.872119917E0,1.607173646E1,3.141342934E0,-2.198855737E1,2.741651699E1
6.882119917E0,7.968062165E0,-6.620509923E-2,-7.935255193E0,1.124556236E1
6.892118917E0,5.011011189E0,2.062913908E0,2.062780738E-1,5.422951002E0
6.902118917E0,4.451633795E0,4.642080241E0,9.308853858E0,1.131462384E1
6.912117917E0,5.821735241E0,5.857671059E0,1.151602925E1,1.417123287E1
6.922116917E0,5.338008538E0,4.633368766E0,3.330981879E0,7.813954284E0
6.932116917E0,3.101506439E0,1.837386070E0,-2.812903662E0,4.572500057E0
6.942115917E0,-8.939340234E-2,-3.919969719E-1,4.569903088E-1,6.086813195E-1
6.952115917E0,-1.019304174E0,-1.208702652E0,4.342626493E0,4.621509273E0
6.962114917E0,-8.330370265E-1,-1.396318752E0,6.369804704E0,6.574045080E0
6.972114917E0,-3.713853174E-1,-1.273913725E0,6.027611611E0,6.171943370E0
6.982113917E0,5.421836561E-1,-1.534083392E0,4.090062152E0,4.401815919E0
6.992112917E0,1.847862234E0,-2.206007116E0,2.369290905E0,3.727546327E0
7.002112917E0,3.653008218E0,-2.887596579E0,1.490967778E0,4.889342283E0
7.012111917E0,5.813041016E0,-3.386798815E0,1.230881580E0,6.839365579E0
7.022111917E0,7.734655350E0,-3.976003733E0,1.103977704E0,8.766542410E0
7.032110917E0,8.421699681E0,-4.838686435E0,5.902270111E-1,9.730687532E0
7.042110917E0,7.124903024E0,-5.781947862E0,-1.875517809E-1,9.177708856E0
7.052109917E0,4.091213762E0,-6.483447679E0,-4.573145369E-1,7.679990914E0
7.062108917E0,6.656797743E-1,-6.361384714E0,-1.327414432E-1,6.397496802E0
7.072108917E0,-1.955266230E0,-5.353712990E0,4.520187137E-1,5.717484563E0
7.082107917E0,-3.751644314E0,-3.923604494E0,5.377318785E-1,5.455150123E0
7.092107917E0,-5.053401749E0,-2.325990958E0,3.748462844E-1,5.575626683E0
7.102106917E0,-6.066530678E0,-8.036430734E-1,3.859184258E-1,6.131685714E0
7.112106917E0,-6.972767243E0,4.394262962E-1,3.743961950E-1,6.996624258E0
7.122105917E0,-7.954770275E0,9.748947175E-1,1.091663468E-1,8.015030076E0
7.132104917E0,-8.808656133E0,1.184445332E0,-1.450553139E-1,8.889115516E0
7.142104917E0,-9.341619315E0,1.380067732E0,-2.738882224E-1,9.446981165E0
7.152103917E0,-9.680016396E0,1.557240851E0,-4.526469970E-1,9.814917514E0
7.162103917E0,-9.893105307E0,1.690257698E0,-6.488140655E-1,1.005740838E1
7.172102917E0,-1.007512211E1,1.676306973E0,-1.157951013E0,1.027905352E1
7.182101917E0,-1.020101267E1,1.633610604E0,-1.587068814E0,1.045218305E1
7.192101917E0,-1.017563107E1,1.715236127E0,-1.505440514E0,1.042841569E1
7.202100917E0,-1.001121906E1,1.845439147E0,-1.062972350E0,1.023523634E1
7.212100917E0,-9.599149988E0,2.071764254E0,-2.717201296E-1,9.823936047E0
7.222099917E0,-9.046753585E0,2.257398148E0,7.676774347E-1,9.355689471E0
7.232099917E0,-8.203661102E0,2.424485697E0,1.957341406E0,8.775498376E0
7.242098917E0,-6.562997879E0,2.874703469E0,3.057368731E0,7.790016993E0
7.252097917E0,-3.251323214E0,3.765919706E0,3.684666213E0,6.191124209E0
7.262097917E0,2.773965883E-1,3.521686771E0,2.807808398E0,4.512539704E0
7.272096917E0,2.692729931E0,1.452677871E0,5.145713496E-1,3.102555585E0
7.282096917E0,4.988866614E0,-1.856738307E0,-5.305295706E-1,5.349554080E0
7.292095917E0,6.726118823E0,-9.024789104E0,-3.200949451E0,1.170186183E1
7.302095917E0,1.289361688E1,-1.141534838E1,-2.388482344E0,1.738563726E1
7.312094917E0,2.172020058E1,-6.037858272E0,-1.083621207E0,2.256982677E1
7.322093917E0,2.352044367E1,-7.416020688E-1,-5.184072400E0,2.409638668E1
7.332093917E0,1.548122148E1,-3.164635903E-1,-8.161087525E0,1.750347729E1
7.342092917E0,6.840916039E0,-1.330111460E-1,-7.168927295E0,9.910062703E0
7.352092917E0,8.837920278E-1,3.536806794E-1,-5.223617120E0,5.309647275E0
7.362091917E0,-2.877223619E0,4.447860003E-2,-3.775445698E0,4.747039531E0
7.372090917E0,-5.765252892E0,-1.090964872E0,-3.447786444E0,6.805554835E0
7.382090917E0,-7.345840067E0,-3.189013529E0,-3.995978698E0,8.949805548E0
7.392089917E0,-5.226175861E0,-3.613453850E0,-4.791581558E0,7.957965613E0
7.402089917E0,-7.853921592E-1,-1.315055611E0,-5.307834567E0,5.524429373E0
7.412088917E0,2.415668389E0,-6.021820821E-1,-4.974819263E0,5.562994133E0
7.422088917E0,5.828485267E0,2.793134518E-1,-5.866946497E0,8.274679311E0
7.432087917E0,8.680521419E0,1.061608195E0,-5.407015039E0,1.028174478E1
7.442086917E0,1.091142598E1,1.893814478E0,-3.309962600E0,1.155861595E1
7.452086917E0,1.177727700E1,2.952794788E0,-7.473162603E-1,1.216477423E1
7.462085917E0,9.647843261E0,3.154519050E0,1.419278283E0,1.024920587E1
7.472085917E0,6.714683424E0,2.724327115E0,2.949355456E0,7.823530489E0
7.482084917E0,4.824809530E0,2.796315696E0,3.875624874E0,6.791070360E0
7.492084917E0,3.821927846E0,3.210979764E0,4.521325589E0,6.734976510E0
7.502083917E0,2.574084663E0,3.391360520E0,4.808478842E0,6.422515613E0
7.512082917E0,9.597806883E-1,3.288480807E0,4.447427016E0,5.613812613E0
7.522082917E0,-6.576252347E-1,2.990813676E0,3.846979949E0,4.916979980E0
7.532081917E0,-2.065603774E0,2.620454838E0,3.443462720E0,4.794886652E0
7.542081917E0,-3.352850173E0,2.284016574E0,3.191898838E0,5.162030045E0
7.552080917E0,-4.469112293E0,2.020263294E0,2.884641104E0,5.689954548E0
7.562079917E0,-5.503636184E0,1.649470884E0,2.524121375E0,6.275504296E0
7.572079917E0,-6.376526663E0,1.228781844E0,2.039740662E0,6.806654029E0
7.582078917E0,-7.058980345E0,7.040493496E-1,1.294912976E0,7.211219634E0
7.592078917E0,-7.650361889E0,1.316935491E-1,5.525177327E-1,7.671418126E0
7.602077917E0,-8.133119123E0,-4.005526909E-1,-3.111358997E-1,8.148918620E0
7.612077917E0,-8.410953083E0,-7.643824556E-1,-1.345984604E0,8.552197779E0
7.622076917E0,-8.473359831E0,-9.888888587E-1,-1.785244986E0,8.715665646E0
7.632075917E0,-8.639666339E0,-1.018873015E0,-6.722321641E-1,8.725470345E0
7.642075917E0,-8.839326534E0,-8.937882815E-1,1.468615919E0,9.004964396E0
7.652074917E0,-8.906809250E0,-7.466849072E-1,3.268640912E0,9.516974455E0
7.662074917E0,-8.861141911E0,-5.376785957E-1,4.655961823E0,1.002431617E1
7.672073917E0,-8.533746951E0,-5.179428542E-1,5.687198410E0,1.026826799E1
7.682073917E0,-7.701201675E0,-7.241020102E-1,6.646020740E0,1.019815781E1
7.692072917E0,-6.630144964E0,-1.165451456E0,7.230220149E0,9.878926194E0
7.702071917E0,-4.882571250E0,-1.688017776E0,7.018380788E0,8.714733209E0
7.712071917E0,-2.616745949E0,-2.134312943E0,6.153748916E0,7.019350171E0
7.722070917E0,-1.761058563E-1,-2.520021307E0,5.546429032E0,6.094620224E0
7.732070917E0,2.626217853E0,-2.322934618E0,5.192213479E0,6.265151735E0
7.742069917E0,5.991533121E0,-1.224745438E0,4.269272296E0,7.458227434E0
7.752069917E0,9.189480026E0,-2.200521404E-1,2.297200291E0,9.474813733E0
7.762068917E0,1.197707986E1,3.231628183E-1,-3.607619791E0,1.251278533E1
7.772067917E0,1.624966958E1,1.799222170E0,-1.822413280E1,2.448280985E1
7.782067917E0,1.885971345E1,2.590596616E0,-3.986427213E1,4.417646630E1
7.792066917E0,1.200791925E1,-1.135798105E0,-3.056964338E1,3.286309873E1
7.802066917E0,5.578643682E0,-2.336350470E0,-1.059290358E1,1.219792627E1
7.812065917E0,2.818101252E0,6.622753061E-1,2.100100299E0,3.576412240E0
7.822064917E0,1.231219549E0,5.438147954E0,1.148763166E1,1.276930052E1
7.832064917E0,1.452684011E0,9.770635375E0,1.100647832E1,1.478912342E1
7.842063917E0,1.049729576E0,6.789726589E0,5.333089861E0,8.697365509E0
7.852063917E0,3.012082046E-1,2.054145131E0,2.587821527E0,3.317688783E0
7.862062917E0,2.248395921E0,5.593899652E-1,2.366412613E0,3.311813704E0
7.872062917E0,4.770623383E0,-3.608359902E-1,3.001425496E0,5.647796480E0
7.882061792E0,5.242991869E0,-1.926672760E0,3.921318525E0,6.824790886E0
7.892060792E0,4.750640523E0,-3.234294367E0,4.196121874E0,7.115945771E0
7.902060792E0,4.496018255E0,-4.110660139E0,2.573030118E0,6.613031901E0
7.912059792E0,5.021430928E0,-4.429477526E0,4.825286078E-1,6.713261024E0
7.922059792E0,6.162109265E0,-4.379618318E0,-9.570333740E-1,7.620272967E0
7.932058792E0,7.515537960E0,-4.302950504E0,-1.112978615E0,8.731403969E0
7.942058792E0,7.969060285E0,-4.447210962E0,-7.953028974E-1,9.160573883E0
7.952057792E0,6.665459808E0,-4.642999130E0,-3.822079289E-1,8.132150901E0
7.962056792E0,3.478661204E0,-4.847743480E0,3.585717291E-2,5.966823808E0
7.972056792E0,2.861989868E-1,-4.442304563E0,6.369988891E-1,4.496859713E0
7.982055792E0,-1.854949644E0,-3.433718920E0,1.215584386E0,4.087653263E0
7.992055792E0,-3.224992032E0,-2.047767719E0,1.629918672E0,4.153379481E0
8.002054792E0,-4.259794836E0,-6.493449926E-1,1.836143829E0,4.683900631E0
8.012053792E0,-5.147829604E0,5.055330160E-1,2.084787611E0,5.576921430E0
8.022053792E0,-5.852762321E0,1.548718535E0,2.429369584E0,6.523434101E0
8.032052792E0,-6.417308069E0,2.357923041E0,2.918758146E0,7.433760356E0
8.042052792E0,-6.994245821E0,2.894185807E0,3.332559458E0,8.270534361E0
8.052051792E0,-7.771874047E0,2.849931447E0,3.363085724E0,8.935014328E0
8.062051792E0,-8.514255842E0,2.554577183E0,3.032383579E0,9.392218444E0
8.072050792E0,-8.993352719E0,2.271599427E0,2.375170573E0,9.575071401E0
8.082049792E0,-9.232656451E0,2.170306502E0,1.619471598E0,9.621583223E0
8.092049792E0,-9.420015859E0,2.044002112E0,9.113985602E-1,9.682215178E0
8.102048792E0,-9.536132791E0,1.941473963E0,4.058107265E-1,9.740217251E0
8.112048792E0,-9.631330140E0,1.842471101E0,3.454336202E-1,9.812061170E0
8.122047792E0,-9.638963680E0,1.744090820E0,6.692956924E-1,9.818321156E0
8.132046792E0,-9.554493633E0,1.633396304E0,1.273331780E0,9.776385114E0
8.142046792E0,-9.291455467E0,1.589908222E0,2.063623906E0,9.649740747E0
8.152045792E0,-8.611134265E0,1.641809131E0,2.700935914E0,9.172907138E0
8.162045792E0,-7.598647360E0,1.674357365E0,2.630044271E0,8.213406550E0
8.172044792E0,-6.585888559E0,1.619451718E0,1.928383656E0,7.050901751E0
8.182044792E0,-5.594624122E0,1.408195471E0,7.977718111E-1,5.824025534E0
8.192043792E0,-3.450098140E0,1.195387811E0,-7.231093723E-1,3.722232712E0
8.202042792E0,1.784203012E0,1.495962470E0,-1.925666454E0,3.021502175E0
8.212042792E0,8.261899955E0,1.172947805E0,-5.036241925E-1,8.359930307E0
8.222041792E0,1.343548420E1,-3.127703719E0,-7.352791091E-1,1.381431872E1
8.232041792E0,1.784908069E1,-1.069796986E1,-4.144248592E0,2.121817705E1
8.242040792E0,2.258236083E1,-9.215436401E0,-4.219562484E0,2.475261595E1
8.252040792E0,2.004248472E1,-5.189174096E0,-4.078814156E0,2.110131386E1
8.262039792E0,1.235300671E1,-3.390469989E0,-4.513031899E0,1.358158748E1
8.272038792E0,5.497143436E0,-2.049011276E0,-3.959061133E0,7.077513562E0
8.282038792E0,3.164413708E-1,-1.686483905E0,-3.037698990E0,3.488836233E0
8.292037792E0,-3.089681615E0,-2.017279021E0,-1.917765404E0,4.158529942E0
8.302037792E0,-5.364345567E0,-3.022111775E0,-5.635987911E-1,6.182799248E0
8.312036792E0,-5.756440553E0,-3.455577274E0,1.030337870E-2,6.713994958E0
8.322035792E0,-2.814163152E0,-2.364133223E0,-1.209262523E0,3.869231964E0
8.332035792E0,7.675604904E-1,-1.247530649E0,-3.432051001E0,3.731548727E0
8.342034792E0,3.752247747E0,2.573198810E-2,-5.214260405E0,6.424059220E0
8.352034792E0,6.158783369E0,8.199894033E-1,-5.676433686E0,8.415752765E0
8.362033792E0,8.441234059E0,1.385695385E0,-5.695692075E0,1.027693983E1
8.372033792E0,1.012123092E1,1.581776938E0,-5.157605563E0,1.146918605E1
8.382032792E0,1.099444942E1,1.744031032E0,-3.604088073E0,1.170081250E1
8.392031792E0,1.119193446E1,2.390074980E0,-1.321998156E0,1.152039645E1
8.402031792E0,9.853378154E0,3.117476354E0,1.524998281E0,1.044669037E1
8.412030792E0,6.481944360E0,3.371390817E0,4.645403213E0,8.658039602E0
8.422030792E0,2.464908961E0,2.453510691E0,6.199802756E0,7.108659868E0
8.432029792E0,6.690524483E-1,2.148071003E0,5.823694643E0,6.243177036E0
8.442029792E0,-5.846800500E-1,2.314477205E0,4.832456227E0,5.389924738E0
8.452028792E0,-2.003858930E0,2.487399399E0,4.245187030E0,5.312647108E0
8.462027792E0,-3.415706572E0,2.300862402E0,3.605480002E0,5.473619025E0
8.472027792E0,-4.632143775E0,1.967698579E0,3.066815201E0,5.893551486E0
8.482026792E0,-5.743050429E0,1.388203840E0,2.397787018E0,6.376450480E0
8.492026792E0,-6.682393345E0,6.786635166E-1,1.484587297E0,6.878878137E0
8.502025792E0,-7.320729200E0,1.338676900E-1,4.938128570E-1,7.338586220E0
8.512024792E0,-7.818660543E0,-3.934182107E-1,-7.341378057E-1,7.862899522E0
8.522024792E0,-8.135132319E0,-9.267456009E-1,-1.876382320E0,8.400002731E0
8.532023792E0,-8.490538951E0,-1.337902875E0,-2.495484052E0,8.950233317E0
8.542023792E0,-8.806159372E0,-1.513782444E0,-1.334328180E0,9.034401578E0
8.552022792E0,-9.041840755E0,-1.405474176E0,1.292233782E0,9.241217996E0
8.562022792E0,-9.172913695E0,-1.280213661E0,3.335657020E0,9.844181044E0
8.572021792E0,-9.092322691E0,-1.222508294E0,4.783495443E0,1.034633689E1
8.582020792E0,-8.842676988E0,-1.331190710E0,5.823219264E0,1.067121772E1
8.592020792E0,-8.255963277E0,-1.669648017E0,6.771560460E0,1.080752910E1
8.602019792E0,-7.396171145E0,-1.943446083E0,7.271549438E0,1.055252394E1
8.612019792E0,-6.134689332E0,-1.968737045E0,7.174744690E0,9.642992281E0
8.622018792E0,-4.210346687E0,-1.873561039E0,7.043379389E0,8.417032934E0
8.632017792E0,-1.780090665E0,-1.831945528E0,6.918419713E0,7.374908712E0
8.642017792E0,9.364438659E-1,-1.611152618E0,6.655227181E0,6.911207470E0
8.652016792E0,3.626153710E0,-1.256451161E0,6.069867100E0,7.181291448E0
8.662016792E0,6.557330757E0,-3.767105960E-1,5.144075106E0,8.342781684E0
8.672015792E0,9.656960825E0,6.296673578E-1,2.527208705E0,1.000200766E1
8.682015792E0,1.305367272E1,1.972407927E0,-6.174725218E0,1.457449814E1
8.692014792E0,1.962435501E1,5.254067665E0,-2.784064259E1,3.446479241E1
8.702013792E0,2.072300473E1,5.566213086E0,-4.256908650E1,4.767129932E1
8.712013792E0,1.144611643E1,6.186278147E-1,-1.866538942E1,2.190417868E1
8.722012792E0,5.451298342E0,9.378197157E-1,-4.688049003E-1,5.551210450E0
8.732012792E0,2.117186741E0,5.067478920E0,1.086380625E1,1.217308953E1
8.742011792E0,-1.249488589E0,9.140086257E0,1.381376982E1,1.661091916E1
8.752010792E0,-3.459599866E0,8.081408687E0,5.151947798E0,1.018923764E1
8.762010792E0,-4.326934320E0,2.381403413E0,-1.101493222E0,5.060309293E0
8.772009792E0,-1.387495158E0,-1.127641971E0,-2.476806291E0,3.054715802E0
8.782009792E0,3.960316823E0,-2.440098202E0,-3.824730124E0,6.022188065E0
8.792008792E0,7.849277149E0,-3.308217791E0,-3.835125304E0,9.341501101E0
8.802008792E0,9.098531265E0,-3.386415530E0,-2.851804018E-1,9.712487281E0
8.812007792E0,9.261845167E0,-2.743581997E0,3.154187805E0,1.016159037E1
8.822006792E0,7.978440388E0,-2.684045062E0,3.705593982E0,9.197338511E0
8.832006792E0,5.607029575E0,-2.781845883E0,2.456044874E0,6.723808712E0
8.842005792E0,4.248934218E0,-2.404374638E0,1.709822921E0,5.172809083E0
8.852005792E0,3.802889897E0,-1.900920307E0,1.353942080E0,4.461908643E0
8.862004792E0,3.370460817E0,-1.696052582E0,1.130769061E0,3.938938836E0
8.872004792E0,2.477676941E0,-2.162383233E0,1.248236116E0,3.517510152E0
8.882004125E0,1.599152085E0,-1.842283551E0,9.436148912E-1,2.615665334E0
8.892003125E0,6.940674216E-1,-1.001622340E0,1.095558298E0,1.638665580E0
8.902003125E0,-1.241819966E-1,-3.574085717E-1,2.196763837E0,2.229110453E0
8.912002125E0,-9.888553834E-1,3.956799138E-1,2.804321703E0,2.999769621E0
8.922002125E0,-2.013840128E0,7.991905649E-1,3.139097896E0,3.814209383E0
8.932001125E0,-2.898432639E0,1.169849658E0,3.505230660E0,4.696392441E0
8.942000125E0,-3.670667394E0,1.736804020E0,3.866139521E0,5.606899510E0
8.952000125E0,-4.460699319E0,2.385973889E0,4.380148076E0,6.691517539E0
8.961999125E0,-5.184627301E0,3.194260236E0,4.725318279E0,7.707936919E0
8.971999125E0,-5.984144579E0,3.672155803E0,4.621648315E0,8.405614060E0
8.981998125E0,-6.847569585E0,3.762620122E0,4.136801286E0,8.840794325E0
8.991998125E0,-7.636372426E0,3.602950497E0,3.464432005E0,9.126758747E0
9.001997125E0,-8.256664943E0,3.442910450E0,2.447850148E0,9.274595338E0
9.011996125E0,-8.606219680E0,3.281809134E0,1.369289267E0,9.311940801E0
9.021996125E0,-8.757818686E0,3.184828677E0,6.815209778E-1,9.343821097E0
9.031995125E0,-8.833219117E0,3.179164187E0,1.453921866E-1,9.389035296E0
9.041995125E0,-8.940544176E0,3.217156763E0,-4.194026524E-1,9.511010797E0
9.051994125E0,-8.841098240E0,3.386629538E0,-7.829877841E-1,9.499860398E0
9.061993125E0,-8.546561708E0,3.547470068E0,-9.495638484E-1,9.302146657E0
9.071993125E0,-8.042627614E0,3.544549384E0,-1.179237290E0,8.867823287E0
9.081992125E0,-7.392546456E0,3.262185878E0,-1.447488614E0,8.208947746E0
9.091992125E0,-6.839120944E0,2.556477528E0,-1.648015074E0,7.484992072E0
9.101991125E0,-5.781392376E0,1.442085055E0,-1.724865468E0,6.203165966E0
9.111990125E0,-3.580014501E0,2.837797013E-1,-1.647943007E0,3.951297369E0
9.121990125E0,2.068019843E-1,-7.737687716E-1,-1.685355247E0,1.865986999E0
9.131989125E0,5.117105409E0,-2.171150109E0,-9.519230537E-3,5.558664514E0
9.141989125E0,1.000401529E1,-3.699740042E0,2.137832674E0,1.087836049E1
9.151988125E0,1.430050024E1,-5.005069249E0,3.040676100E0,1.545317884E1
9.161988125E0,1.623115963E1,-6.897679054E0,1.534323421E0,1.770261754E1
9.171987125E0,1.517052149E1,-8.885889666E0,-9.296440657E-1,1.760590797E1
9.181986125E0,1.121401120E1,-9.779822520E0,-3.704290638E0,1.533364748E1
9.191986125E0,6.102816160E0,-8.685627792E0,-7.239084527E0,1.284869021E1
9.201985125E0,2.554982979E0,-6.882321342E0,-9.941991538E0,1.235870061E1
9.211985125E0,1.261239738E0,-4.208579074E0,-1.186939520E1,1.265643733E1
9.221984125E0,2.808574968E0,5.283598150E-1,-1.110656978E1,1.146835428E1
9.231984125E0,2.879937311E0,9.254274192E-1,-6.546399972E0,7.211505212E0
9.241983125E0,6.985171527E-1,-2.417694595E0,-3.633182648E0,4.419636809E0
9.251982125E0,-4.878332019E-1,-4.197971348E0,-1.129706622E0,4.374606465E0
9.261982125E0,-9.757482648E-2,-4.309496169E0,-2.559580645E-1,4.318193211E0
9.271981125E0,1.515324647E0,-3.585490419E0,-2.539322966E-1,3.900824521E0
9.281981125E0,3.182482190E0,-2.797198918E0,-9.257189029E-1,4.336988605E0
9.291980125E0,4.928844361E0,-1.674352541E0,-2.056805468E0,5.597089592E0
9.301979125E0,6.631103908E0,-3.058209269E-1,-3.072225922E0,7.314618075E0
9.311979125E0,7.932844386E0,6.657698214E-1,-3.487703631E0,8.691222360E0
9.321978125E0,8.521338574E0,1.347952485E0,-3.091189904E0,9.164368064E0
9.331978125E0,8.083873873E0,1.960683821E0,-2.113251857E0,8.582489805E0
9.341977125E0,6.792363684E0,2.764710033E0,-7.405466464E-1,7.370768977E0
9.351977125E0,4.939337189E0,3.531358066E0,9.030594805E-1,6.138652790E0
9.361976125E0,2.687936384E0,3.796633376E0,2.412277296E0,5.240086712E0
9.371975125E0,5.988361591E-1,3.945080733E0,3.481237780E0,5.295402082E0
9.381975125E0,-1.082430714E0,4.174793570E0,4.220500377E0,6.034333521E0
9.391974125E0,-2.485915668E0,4.406154737E0,4.851399451E0,7.009283338E0
9.401974125E0,-4.030731917E0,4.230128403E0,5.276732057E0,7.873035456E0
9.411973125E0,-5.694958250E0,3.534522286E0,5.242553912E0,8.509392974E0
9.421972125E0,-7.206980975E0,2.756330388E0,4.769876693E0,9.071364597E0
9.431972125E0,-8.325663841E0,2.079380983E0,4.127024157E0,9.522228314E0
9.441971125E0,-9.093249475E0,1.429712932E0,3.562180786E0,9.870177153E0
9.451971125E0,-9.609200767E0,9.241317493E-1,3.026972858E0,1.011698194E1
9.461970125E0,-9.976743879E0,5.079326402E-1,2.547217585E0,1.030930315E1
9.471970125E0,-1.021891684E1,8.697744247E-2,2.212595758E0,1.045607032E1
9.481969125E0,-1.033312583E1,-3.071454674E-1,1.931272326E0,1.051654128E1
9.491968125E0,-1.034145811E1,-6.815975764E-1,1.843110494E0,1.052650879E1
9.501968125E0,-1.017432130E1,-1.023369597E0,2.010194389E0,1.042137134E1
9.511967125E0,-9.792491682E0,-1.249146381E0,2.370812058E0,1.015253711E1
9.521967125E0,-9.273370029E0,-1.492906715E0,2.813628716E0,9.805134814E0
9.531966125E0,-8.647742513E0,-1.899404855E0,3.288187569E0,9.444753404E0
9.541965125E0,-7.321252525E0,-2.375100699E0,3.824353563E0,8.594621693E0
9.551965125E0,-4.568520221E0,-2.277035291E0,4.305872065E0,6.678083630E0
9.561964125E0,-4.270911562E-1,-1.353380163E0,4.760389001E0,4.967428728E0
9.571964125E0,4.055591354E0,-2.190541669E-1,4.778590214E0,6.271421721E0
9.581963125E0,8.639337725E0,1.122982178E0,4.254187356E0,9.695223327E0
9.591962125E0,1.261469417E1,2.037787692E0,1.228895427E0,1.283718317E1
9.601962125E0,1.766749073E1,2.756948732E0,-1.533356759E1,2.355545139E1
9.611961125E0,2.552242506E1,2.906286912E0,-4.598226532E1,5.267076427E1
9.621961125E0,1.673041829E1,-5.044305820E0,-3.031639112E1,3.499193461E1
9.631960125E0,6.207433373E0,-9.790381422E0,-7.026777974E0,1.355578866E1
9.641960125E0,3.769902245E0,-6.776100238E0,5.575467474E0,9.550577728E0
9.651959125E0,3.740743350E0,-1.691068561E0,1.531140079E1,1.585218811E1
9.661958125E0,5.617893117E0,2.974153497E0,1.965637202E1,2.065863677E1
9.671958125E0,5.529458658E0,4.075636194E0,1.531553361E1,1.678544885E1
9.681957125E0,3.896203857E0,2.480395312E0,5.002232180E0,6.808457401E0
9.691957125E0,2.554411122E0,2.940507193E-1,-2.127518478E0,3.337336794E0
9.701956125E0,1.138953409E0,-9.563910574E-1,-2.195497623E0,2.651812311E0
9.711955125E0,7.860084558E-1,-6.598517083E-1,1.026206520E0,1.451314367E0
9.721955125E0,1.018313656E0,1.472590085E-2,1.992820264E0,2.237970545E0
9.731954125E0,1.383189268E0,2.582131163E-1,8.445311907E-1,1.641072667E0
9.741954125E0,1.773472202E0,-1.456630041E-1,-3.355076793E-1,1.810797273E0
9.751953125E0,2.966838046E0,-7.150853844E-1,-6.293445915E-2,3.052447517E0
9.761953125E0,5.157618427E0,-1.320991558E0,1.085500210E0,5.433632049E0
9.771952125E0,6.708787676E0,-2.190444605E0,1.677350408E0,7.253921977E0
9.781951125E0,6.794506103E0,-3.274889832E0,1.252910087E0,7.645913960E0
9.791951125E0,5.439752430E0,-4.139650634E0,2.419721094E-1,6.840041255E0
9.801950125E0,3.521782081E0,-4.464803479E0,-5.467781058E-1,5.712826396E0
9.811950125E0,1.364084076E0,-4.129167161E0,-9.721884799E-1,4.455995652E0
9.821949125E0,-8.545331454E-1,-3.430525171E0,-7.919752470E-1,3.622975936E0
9.831948125E0,-2.759802758E0,-2.588731646E0,-3.802137360E-1,3.802973216E0
9.841948125E0,-4.251614581E0,-1.805739623E0,-6.983914375E-3,4.619195916E0
9.851947125E0,-5.270082604E0,-9.244928880E-1,8.171665138E-1,5.412598162E0
9.861947125E0,-6.009824966E0,8.282376319E-2,1.429929279E0,6.178151312E0
9.871946125E0,-6.628681991E0,9.314749020E-1,2.009764911E0,6.989007471E0
9.881946125E0,-7.196447216E0,1.633359612E0,2.441531793E0,7.772888372E0
9.891945125E0,-7.729632007E0,2.099175562E0,2.821613382E0,8.492069894E0
9.901944125E0,-8.262411586E0,2.265138546E0,3.047386657E0,9.093121757E0
9.911944125E0,-8.799499978E0,2.150781333E0,2.957572255E0,9.529128704E0
9.921943125E0,-9.151296539E0,2.029326771E0,2.735467815E0,9.764588043E0
9.931943125E0,-9.284921204E0,1.980328273E0,2.551034062E0,9.830525755E0
9.941942125E0,-9.246671643E0,1.975920057E0,2.670654061E0,9.825354429E0
9.951941125E0,-9.092614467E0,1.920365953E0,2.994230497E0,9.763649907E0
9.961941125E0,-8.762049147E0,1.706482991E0,3.194132767E0,9.480932105E0
9.971940125E0,-8.154230495E0,1.391513510E0,3.203660512E0,8.870807488E0
9.981940125E0,-7.077254648E0,1.159359753E0,3.054943014E0,7.795147543E0
9.991939125E0,-4.738220453E0,9.212362812E-1,2.506413375E0,5.438889349E0
1.000193913E1,-1.503221496E0,6.435758373E-1,2.422898763E0,2.923063999E0
1.001193813E1,1.459328787E0,3.541906296E-1,1.740440111E0,2.298743851E0
1.002193713E1,4.233656028E0,2.260019016E-1,1.530438530E-1,4.242445361E0
1.003193713E1,6.808251738E0,-3.213266464E-1,-1.882506255E0,7.071023430E0
1.004193613E1,8.355344308E0,-3.814823479E0,-4.494105631E0,1.022553872E1
1.005193613E1,9.829167173E0,-7.989554191E0,-5.488631644E0,1.380473038E1
1.006193513E1,1.230350068E1,-6.791771361E0,-6.052775688E0,1.530164634E1
1.007193413E1,1.255881116E1,-5.024152222E0,-7.197593855E0,1.532224529E1
1.008193413E1,9.928157026E0,-4.232910508E0,-7.249519469E0,1.300159090E1
1.009193313E1,6.007455674E0,-3.297304548E0,-6.709262470E0,9.590408951E0
1.010193313E1,1.790453686E0,-2.284104428E0,-6.202048087E0,6.847500122E0
1.011193213E1,-2.152240798E0,-1.288704403E0,-4.778644009E0,5.397067542E0
1.012193213E1,-5.500835953E0,-6.891553219E-1,-4.072631310E0,6.878986628E0
1.013193113E1,-6.401237581E0,-7.964979221E-1,-6.041437937E0,8.837942287E0
1.014193013E1,-3.520244848E0,-1.444681073E0,-8.241436454E0,9.077472226E0
1.015193013E1,9.522728634E-1,-1.853062601E0,-7.826008154E0,8.098584335E0
1.016192913E1,3.662550874E0,-2.163813754E0,-6.540035863E0,7.801822733E0
1.017192913E1,5.154320013E0,-1.477951876E0,-6.589750060E0,8.495655501E0
1.018192813E1,6.156417586E0,-6.254130699E-1,-5.570175744E0,8.325831899E0
1.019192713E1,6.710940036E0,-2.676158045E-1,-3.903559362E0,7.768275876E0
1.020192712E1,7.225724809E0,-1.911551276E-1,-2.183039545E0,7.550715261E0
1.021192612E1,7.647612528E0,-1.372762513E-1,-6.000810313E-1,7.672347711E0
1.022192612E1,8.050264077E0,3.225151661E-1,1.110863678E0,8.132944476E0
1.023192513E1,8.091171198E0,1.103812228E0,3.136611660E0,8.747787463E0
1.024192513E1,7.527569776E0,1.809491196E0,5.627601249E0,9.571230900E0
1.025192413E1,5.683605881E0,2.237568632E0,7.211385682E0,9.450617580E0
1.026192313E1,3.165882529E0,2.600693588E0,7.150368817E0,8.241006829E0
1.027192313E1,1.372825078E0,3.243141205E0,5.957247387E0,6.920361985E0
1.028192213E1,-1.258537155E-1,3.591998954E0,4.773370990E0,5.975229389E0
1.029192213E1,-1.780269590E0,3.462556218E0,4.283470797E0,5.788503904E0
1.030192113E1,-3.332100744E0,3.327754508E0,4.117302284E0,6.255319618E0
1.031192013E1,-4.675245940E0,3.238137158E0,3.802079765E0,6.840999005E0
1.032192013E1,-5.856468871E0,3.030133863E0,3.317296763E0,7.381354664E0
1.033191913E1,-6.945978225E0,2.698348521E0,2.840780847E0,7.974818748E0
1.034191913E1,-7.856919460E0,2.265931428E0,2.382743887E0,8.517223554E0
1.035191813E1,-8.510262778E0,1.808099267E0,2.026685876E0,8.933154603E0
1.036191713E1,-8.903192162E0,1.394170047E0,1.783160453E0,9.186413990E0
1.037191713E1,-9.140724773E0,1.032399964E0,1.746308669E0,9.363134786E0
1.038191613E1,-9.260186312E0,6.136305649E-1,1.963735337E0,9.485981735E0
1.039191613E1,-9.342635561E0,1.347224799E-1,2.425788165E0,9.653364056E0
1.040191513E1,-9.351904567E0,-4.118433354E-1,3.319231022E0,9.932020366E0
1.041191513E1,-9.257534600E0,-9.117690544E-1,4.409961274E0,1.029470874E1
1.042191413E1,-9.181009165E0,-1.676505778E0,4.327298894E0,1.028723076E1
1.043191312E1,-8.726928431E0,-2.329973350E0,3.956247160E0,9.861031753E0
1.044191312E1,-7.900476539E0,-2.726951346E0,4.046690723E0,9.285984007E0
1.045191212E1,-6.717222869E0,-3.039824746E0,4.083340778E0,8.428243558E0
1.046191212E1,-4.609608021E0,-3.091715861E0,3.968865452E0,6.823421872E0
1.047191113E1,-1.172567883E0,-2.598276933E0,3.815563152E0,4.762822758E0
1.048191013E1,3.626124474E0,-1.452439013E0,3.145980946E0,5.015531268E0
1.049191013E1,9.065888014E0,2.601204780E-1,5.719076845E-1,9.087632615E0
1.050190913E1,1.367240169E1,1.189312773E0,-5.618184893E0,1.482946507E1
1.051190913E1,1.653778762E1,1.393532116E0,-1.930930937E1,2.546153529E1
1.052190813E1,1.722492901E1,1.004446034E-1,-3.145797811E1,3.586520118E1
1.053190813E1,1.097496182E1,-4.244449111E0,-1.640265262E1,2.018693013E1
1.054190713E1,3.862683524E0,-5.839461660E0,-1.480471734E0,7.156216391E0
1.055190613E1,1.565293783E0,-2.213558502E0,6.454215694E0,7.000491847E0
1.056190613E1,2.587444382E0,3.386832144E0,6.885685830E0,8.098034931E0
1.057190513E1,5.281545485E0,5.468059970E0,1.534268457E0,7.755538811E0
1.058190513E1,5.777934333E0,2.828186529E0,-2.694001409E0,6.974296222E0
1.059190413E1,6.213004015E0,1.511237298E0,-2.017427102E0,6.704869065E0
1.060190313E1,5.903681629E0,9.437825601E-1,1.881445424E0,6.267696482E0
1.061190313E1,6.114809968E0,6.439979332E-1,6.243858018E0,8.763070081E0
1.062190213E1,5.427943978E0,8.237935653E-2,6.908493479E0,8.786162094E0
1.063190213E1,3.888417705E0,-8.890111794E-1,3.956719323E0,5.618341475E0
1.064190113E1,3.598491118E0,-1.653351535E0,1.691278184E0,4.306173652E0
1.065190013E1,4.312917960E0,-1.962073412E0,1.365545587E0,4.931096040E0
1.066190013E1,5.123288255E0,-2.195323960E0,1.784600038E0,5.852548772E0
1.067189912E1,5.276287084E0,-2.610099711E0,1.935494455E0,6.196609128E0
1.068189912E1,4.612939180E0,-3.027677447E0,1.711220697E0,5.777050707E0
1.069189812E1,3.393220519E0,-3.063200452E0,1.085674750E0,4.698492542E0
1.070189813E1,1.639116050E0,-2.763901071E0,5.661753666E-1,3.262882943E0
1.071189713E1,-4.800932425E-1,-2.426676357E0,4.216380429E-1,2.509387635E0
1.072189613E1,-2.381080939E0,-2.003828671E0,6.228340092E-1,3.173767159E0
1.073189613E1,-3.859492114E0,-1.445225741E0,7.212078577E-1,4.183837663E0
1.074189513E1,-4.945923493E0,-7.025214721E-1,3.188194335E-2,4.995669332E0
1.075189513E1,-5.524934083E0,2.655235246E-1,1.311216475E0,5.684600954E0
1.076189413E1,-5.888275385E0,1.354713182E0,2.675644367E0,6.608033565E0
1.077189313E1,-6.252602529E0,2.249498267E0,3.472908421E0,7.497757914E0
1.078189313E1,-6.667139128E0,2.755190766E0,4.047797308E0,8.272030184E0
1.079189213E1,-7.120967263E0,2.970146400E0,4.356948663E0,8.860753131E0
1.080189213E1,-7.578631756E0,2.944109334E0,4.319753062E0,9.206720674E0
1.081189113E1,-7.924471757E0,2.892274352E0,4.097112433E0,9.378103958E0
1.082189113E1,-8.092140666E0,2.879394105E0,3.768434886E0,9.379485725E0
1.083189013E1,-8.151020374E0,2.865349093E0,3.550729891E0,9.341147752E0
1.084188913E1,-8.032161098E0,2.925364037E0,3.485004556E0,9.231393362E0
1.085188913E1,-7.619683303E0,2.941311441E0,3.613765215E0,8.931415658E0
1.086188813E1,-6.829689969E0,2.926437586E0,3.904468896E0,8.393663049E0
1.087188813E1,-5.712867687E0,2.826796646E0,4.257233756E0,7.664964170E0
1.088188692E1,-4.121066136E0,2.749717480E0,4.529209975E0,6.712516318E0
1.089188592E1,-2.048622875E0,2.672243042E0,3.946589899E0,5.187804005E0
1.090188592E1,-3.350495499E-1,2.258123641E0,2.379539613E0,3.297512600E0
1.091188492E1,2.125965750E-1,8.793955064E-1,7.995716572E-2,9.082548699E-1
1.092188492E1,1.001424558E0,-6.064280377E-1,-1.748778241E0,2.104478901E0
1.093188392E1,2.403739484E0,-1.807829272E0,-3.002980270E0,4.250188312E0
1.094188292E1,4.245808881E0,-2.676928708E0,-3.673153045E0,6.219718133E0
1.095188292E1,6.241516208E0,-3.578253612E0,-4.015380052E0,8.239156538E0
1.096188192E1,7.961084098E0,-4.501087207E0,-3.611724536E0,9.832761575E0
1.097188192E1,9.286198820E0,-5.072612776E0,-3.063308333E0,1.101584072E1
1.098188092E1,9.588751885E0,-5.569284044E0,-2.853937082E0,1.145015477E1
1.099188092E1,7.146410252E0,-6.552531947E0,-3.220893134E0,1.021670235E1
1.100187992E1,3.174529976E0,-6.871542585E0,-5.042711284E0,9.095310614E0
1.101187892E1,5.012449604E-1,-5.895092654E0,-7.720987483E0,9.727127615E0
1.102187892E1,-1.223472573E0,-4.291108138E0,-9.554621102E0,1.054520169E1
1.103187792E1,-2.325396150E0,-1.263333334E0,-1.053769534E1,1.086492069E1
1.104187792E1,-1.883640177E0,4.957816730E0,-1.133719216E1,1.251638818E1
1.105187692E1,1.987550461E-1,9.228199119E0,-1.027042379E1,1.380872070E1
1.106187592E1,3.695849597E-1,4.293658693E0,-4.997351509E0,6.598910525E0
1.107187592E1,2.316280925E-1,-1.829304487E0,-8.761035240E-1,2.041461208E0
1.108187492E1,1.769168651E0,-4.224085305E0,6.660680294E-2,4.580097253E0
1.109187492E1,3.472306450E0,-4.709964660E0,-5.709420168E-1,5.879341287E0
1.110187392E1,5.641560892E0,-3.994999290E0,-1.191065842E0,7.014689335E0
1.111187392E1,7.928182985E0,-2.521340439E0,-1.752147406E0,8.501956457E0
1.112187292E1,9.377665645E0,-4.897317928E-1,-2.046461451E0,9.610850881E0
1.113187192E1,9.389637235E0,1.241169463E0,-1.482616493E0,9.586654302E0
1.114187192E1,8.065918243E0,2.032433689E0,-2.748612356E-1,8.322582081E0
1.115187092E1,5.893854799E0,2.138855937E0,8.453609106E-1,6.326678764E0
1.116187092E1,3.715024372E0,2.011995185E0,1.985002245E0,4.667950794E0
1.117186992E1,1.711211050E0,1.661099681E0,3.052319076E0,3.873518704E0
1.118186892E1,4.662920594E-2,1.344309231E0,4.012966614E0,4.232403884E0
1.119186892E1,-1.313217977E0,1.013462879E0,4.607056296E0,4.896592302E0
1.120186792E1,-2.481924359E0,6.335725670E-1,4.887128278E0,5.517733731E0
1.121186792E1,-3.540884934E0,2.993023047E-1,4.938805093E0,6.084344149E0
1.122186692E1,-4.675266990E0,2.774743197E-2,4.702511214E0,6.631176598E0
1.123186692E1,-5.776894698E0,-1.805992588E-1,4.155928698E0,7.118768980E0
1.124186592E1,-6.760192303E0,-4.128357541E-1,3.325564434E0,7.545197952E0
1.125186492E1,-7.640595869E0,-7.946485209E-1,2.316240287E0,8.023412029E0
1.126186492E1,-8.372460278E0,-1.090799907E0,1.532968328E0,8.581254421E0
1.127186392E1,-8.889754091E0,-1.226774934E0,8.918746340E-1,9.018211846E0
1.128186392E1,-9.242024276E0,-1.410351193E0,6.626403916E-1,9.372470085E0
1.129186292E1,-9.383625128E0,-1.650406877E0,1.071337669E0,9.587701904E0
1.130186192E1,-9.412168311E0,-1.962488856E0,1.939820809E0,9.808321956E0
1.131186192E1,-9.339670438E0,-2.222707202E0,2.857802969E0,1.001683129E1
1.132186092E1,-9.092330292E0,-2.458046669E0,3.424756015E0,1.002204656E1
1.133186092E1,-8.472124899E0,-2.672806129E0,3.977004776E0,9.733311867E0
1.134185992E1,-7.408205885E0,-2.678769119E0,4.861382110E0,9.256908471E0
1.135185892E1,-5.940494530E0,-2.440478271E0,5.649178644E0,8.553281756E0
1.136185892E1,-4.255691260E0,-2.268661932E0,5.547164612E0,7.350426538E0
1.137185792E1,-2.248608175E0,-2.234896308E0,4.461846250E0,5.473488119E0
1.138185792E1,-1.456389391E-1,-2.636889899E0,2.894447762E0,3.918191788E0
1.139185692E1,2.683380818E0,-2.345893857E0,8.957791123E-1,3.675074261E0
1.140185692E1,7.731014873E0,-6.569608448E-1,-1.806936986E0,7.966505495E0
1.141185592E1,2.065490571E1,6.571954059E0,-2.287765692E1,3.151512171E1
1.142185492E1,3.060750293E1,1.133668579E1,-3.395533561E1,4.709888000E1
1.143185492E1,1.863915413E1,4.848389012E0,-1.158109589E1,2.247324465E1
1.144185392E1,6.760999804E0,2.747669493E0,-2.336564624E0,7.662919824E0
1.145185392E1,-2.237647569E-1,4.421591386E0,1.641284490E0,4.721689934E0
1.146185292E1,-5.559519778E0,5.647388227E0,4.107117311E0,8.925786607E0
1.147185192E1,-8.055383314E0,5.767619260E0,3.949194834E-1,9.915169876E0
1.148185192E1,-8.578344834E0,3.255443162E0,-6.808772725E0,1.142564205E1
1.149185092E1,-6.431543115E0,7.403468178E-1,-6.490391833E0,9.167226756E0
1.150185092E1,-1.191350309E0,9.947898687E-1,2.523188452E0,2.962330570E0
1.151184992E1,2.751306753E0,6.101383884E-1,5.679882374E0,6.340585263E0
1.152184892E1,6.000465912E0,2.394633615E-1,5.268858197E0,7.988979945E0
1.153184892E1,8.058338497E0,-1.796985318E-1,5.579390371E0,9.802994839E0
1.154184792E1,9.304657311E0,-9.435470635E-1,7.462715968E0,1.196490946E1
1.155184792E1,9.439037436E0,-1.942486263E0,8.404643937E0,1.278697464E1
1.156184692E1,7.751907560E0,-3.911753358E0,6.811214522E0,1.103569338E1
1.157184692E1,5.551019681E0,-5.946727077E0,4.431391612E0,9.263617762E0
1.158184592E1,5.621621886E0,-6.252498448E0,3.368452006E0,9.057750184E0
1.159184492E1,6.724694442E0,-5.545876470E0,2.391179080E0,9.038583880E0
1.160184492E1,7.248580406E0,-4.881356491E0,1.152884693E0,8.814686733E0
1.161184392E1,6.865272031E0,-4.200952551E0,1.543226391E-3,8.048600175E0
1.162184392E1,5.254934807E0,-3.312588000E0,-8.989790010E-1,6.276602770E0
1.163184292E1,2.601839057E0,-2.473369590E0,-1.508821374E0,3.894055154E0
1.164184192E1,-2.947265661E-1,-1.747616107E0,-2.014600850E0,2.683214936E0
1.165184192E1,-2.768171877E0,-1.046290390E0,-2.110089390E0,3.634553117E0
1.166184092E1,-4.630006617E0,-3.661783719E-1,-1.705949725E0,4.947859369E0
1.167184092E1,-6.027618628E0,2.079492811E-1,-1.385439277E0,6.188284998E0
1.168183992E1,-6.996674169E0,7.276357750E-1,-1.145628591E0,7.127086931E0
1.169183892E1,-7.685569144E0,1.142991423E0,-8.299818563E-1,7.814299223E0
1.170183892E1,-8.156488690E0,1.543689344E0,-2.783695650E-1,8.305948119E0
1.171183792E1,-8.505362812E0,1.849786845E0,3.589020967E-1,8.711585312E0
1.172183792E1,-8.929858974E0,1.848822346E0,7.707811368E-1,9.151755510E0
1.173183692E1,-9.269217337E0,1.720439418E0,9.351346743E-1,9.473794313E0
1.174183692E1,-9.352136702E0,1.831306427E0,9.311971593E-1,9.575138238E0
1.175183592E1,-9.108633499E0,2.269086732E0,8.019725239E-1,9.421205801E0
1.176183492E1,-8.774238253E0,2.889166557E0,9.749062657E-1,9.288971016E0
1.177183492E1,-8.362134095E0,3.698001665E0,1.502533571E0,9.265965145E0
1.178183392E1,-8.062536213E0,4.026332472E0,2.290487834E0,9.298504067E0
1.179183392E1,-8.065653949E0,3.222975035E0,3.519433254E0,9.371699532E0
1.180183292E1,-7.902066981E0,2.017631024E0,4.562435024E0,9.345015295E0
1.181183192E1,-7.063782079E0,1.301797634E0,4.754906652E0,8.613990458E0
1.182183192E1,-5.457613919E0,9.895743717E-1,4.781913772E0,7.323353497E0
1.183183092E1,-1.866923572E0,1.357827847E0,3.549776795E0,4.234384888E0
1.184183092E1,3.577203160E0,2.214955987E0,1.695541243E-1,4.210838524E0
1.185182992E1,7.640238605E0,-4.390820414E-1,-4.187867067E0,8.723776106E0
1.186182892E1,1.030354008E1,-7.947758878E0,-8.086162473E0,1.532043841E1
1.187182892E1,1.564769639E1,-9.043694907E0,-7.571972362E0,1.959524394E1
1.188182804E1,1.859035444E1,-6.414923574E0,-8.636350383E0,2.147880515E1
1.189182804E1,1.581689376E1,-6.886081102E0,-9.541256121E0,1.971364526E1
1.190182704E1,1.005194024E1,-7.491362647E0,-8.559019786E0,1.517955324E1
1.191182704E1,4.229644253E0,-6.941081766E0,-7.516374696E0,1.107088051E1
1.192182604E1,1.581145585E-2,-5.330718815E0,-7.041493077E0,8.831729040E0
1.193182504E1,-3.120221037E0,-4.302744974E0,-6.285057499E0,8.231120301E0
1.194182504E1,-5.093019558E0,-4.263160493E0,-5.920132771E0,8.897266863E0
1.195182404E1,-4.686290161E0,-3.794824832E0,-5.187247438E0,7.954215673E0
1.196182404E1,-2.115260083E0,-2.397966382E0,-2.634658017E0,4.143186075E0
1.197182304E1,1.569288601E0,-4.090902105E-2,-1.026279610E0,1.875523953E0
1.198182204E1,3.899256688E0,1.157958030E0,-4.973232329E-1,4.097853086E0
1.199182204E1,4.941837459E0,5.796248397E-1,-3.480847478E-1,4.987873837E0
1.200182104E1,5.514707887E0,-5.266445343E-1,-4.556939811E-2,5.539985029E0
1.201182104E1,6.368604856E0,-1.260395254E0,3.560097715E-1,6.501881801E0
1.202182004E1,7.603964818E0,-3.246765894E-1,2.768823257E-1,7.615928023E0
1.203182004E1,8.301352288E0,1.142811621E0,1.828288387E-1,8.381640329E0
1.204181904E1,7.807443244E0,2.082479130E0,4.914877117E-1,8.095335046E0
1.205181804E1,6.577001376E0,2.793559318E0,1.001030456E0,7.215468296E0
1.206181804E1,4.935271620E0,3.225620315E0,1.724885056E0,6.143025382E0
1.207181704E1,3.310132170E0,3.332565597E0,2.696209610E0,5.415950027E0
1.208181704E1,1.738829203E0,3.335811971E0,3.633270064E0,5.229896736E0
1.209181604E1,7.900231540E-2,3.093482890E0,4.071854800E0,5.114281892E0
1.210181504E1,-1.545478154E0,2.639871979E0,4.142059687E0,5.149182968E0
1.211181504E1,-3.038086953E0,2.111362914E0,4.062594857E0,5.494770483E0
1.212181404E1,-4.408208864E0,1.709768249E0,3.836515187E0,6.088880163E0
1.213181404E1,-5.775736365E0,1.261655183E0,3.493792336E0,6.867131078E0
1.214181304E1,-7.000561983E0,7.945078222E-1,3.114739273E0,7.703292250E0
1.215181204E1,-8.059834800E0,2.799862836E-1,2.652955416E0,8.489846981E0
1.216181204E1,-8.907758837E0,-1.566334953E-1,2.062437068E0,9.144744295E0
1.217181104E1,-9.485633898E0,-3.548091554E-1,1.449305051E0,9.602271872E0
1.218181104E1,-9.836927598E0,-3.651520028E-1,9.086501496E-1,9.885551357E0
1.219181004E1,-1.009360165E1,-3.429094503E-1,4.851105921E-1,1.011106886E1
1.220181004E1,-1.030348980E1,-3.383765426E-1,2.688127296E-1,1.031254871E1
1.221180904E1,-1.038836681E1,-2.328437287E-1,3.930755639E-1,1.039840803E1
1.222180804E1,-1.038590864E1,-1.221810063E-1,8.501405708E-1,1.042136102E1
1.223180804E1,-1.031244890E1,-1.462160593E-1,1.554492806E0,1.042997744E1
1.224180704E1,-9.846918150E0,-2.852339769E-1,2.279677355E0,1.011138390E1
1.225180704E1,-8.766453270E0,-4.462200299E-2,2.997231288E0,9.264776816E0
1.226180604E1,-7.606406030E0,2.128595535E-1,3.878371603E0,8.540754544E0
1.227180504E1,-6.070441296E0,2.013292097E-1,4.482544516E0,7.548774491E0
1.228180504E1,-3.156844488E0,4.003727429E-2,4.724188889E0,5.682009395E0
1.229180404E1,5.953336769E-1,-1.102673044E-1,5.438088312E0,5.471689461E0
1.230180404E1,4.312786397E0,-4.224152841E-2,5.640017227E0,7.100120082E0
1.231180304E1,9.136731125E0,3.189765774E-1,2.968070639E0,9.612026062E0
1.232180204E1,1.692328753E1,2.399032768E0,-5.081739694E0,1.783191233E1
1.233180204E1,3.041735148E1,6.289644055E0,-2.857710875E1,4.220694301E1
1.234180104E1,3.010990488E1,2.628615797E0,-3.084528347E1,4.318503798E1
1.235180104E1,1.439799320E1,-5.699540713E0,-1.347298240E1,2.052579419E1
1.236180004E1,7.100074577E0,-5.585370319E0,-4.793683047E0,1.022676966E1
1.237180004E1,4.001079517E0,-2.340680771E0,5.253219234E0,7.005978596E0
1.238179904E1,6.433282077E-1,9.899380685E-1,1.285316701E1,1.290727511E1
1.239179804E1,-2.365619146E0,4.010691170E0,1.421396028E1,1.495722114E1
1.240179804E1,-3.927546102E0,5.820445345E0,7.052397550E0,9.951859806E0
1.241179704E1,-4.267831249E0,3.232841919E0,1.852534159E0,5.665468494E0
1.242179704E1,-2.159967309E0,4.335649741E-1,5.283611307E-1,2.265524850E0
1.243179604E1,1.704458685E0,-1.268028831E-1,-8.140524329E-1,1.893129616E0
1.244179504E1,4.486540504E0,-9.832286809E-1,-7.924436089E-1,4.660874510E0
1.245179504E1,6.531187271E0,-1.782173151E0,2.095240971E0,7.086789332E0
1.246179404E1,8.441027067E0,-2.355996822E0,3.819474062E0,9.559813863E0
1.247179404E1,8.213597276E0,-3.616394708E0,2.379233218E0,9.284516228E0
1.248179304E1,6.736162001E0,-4.700566138E0,1.038395333E-1,8.214741820E0
1.249179304E1,6.235957260E0,-4.757492291E0,-2.350440359E-1,7.847046677E0
1.250179204E1,5.793880860E0,-4.404233049E0,3.528106137E-1,7.286343356E0
1.251179104E1,4.492688266E0,-4.113079425E0,1.193355904E0,6.206912962E0
1.252179104E1,2.325244122E0,-3.899310483E0,1.743838513E0,4.863368712E0
1.253179004E1,3.743445933E-1,-3.299023337E0,1.867415907E0,3.809321596E0
1.254179004E1,-1.093383134E0,-2.213462170E0,2.007488297E0,3.181966486E0
1.255178904E1,-2.202833247E0,-9.611714485E-1,2.254777426E0,3.295503923E0
1.256178804E1,-2.954614441E0,3.528297633E-1,2.484380189E0,3.876387528E0
1.257178804E1,-3.560998186E0,1.536033293E0,2.538038918E0,4.634840656E0
1.258178704E1,-4.363047894E0,2.291698646E0,2.405642753E0,5.484084852E0
1.259178704E1,-5.335476694E0,2.577967215E0,2.075120702E0,6.278483291E0
1.260178604E1,-6.510881061E0,2.527108718E0,1.406177596E0,7.124267407E0
1.261178504E1,-7.641633165E0,2.354605623E0,5.734165585E-1,8.016703289E0
1.262178504E1,-8.526950147E0,2.238425541E0,-1.919863824E-1,8.817952511E0
1.263178404E1,-9.180898068E0,2.180103658E0,-9.414420658E-1,9.483040359E0
1.264178404E1,-9.607536650E0,2.074069957E0,-1.706919193E0,9.975976132E0
1.265178304E1,-9.834131459E0,1.931711891E0,-2.194374665E0,1.025948013E1
1.266178204E1,-9.947451668E0,1.822713944E0,-2.494507274E0,1.041617239E1
1.267178204E1,-9.935409912E0,1.746406318E0,-2.404558387E0,1.037035227E1
1.268178104E1,-9.925150387E0,1.728944485E0,-2.178933923E0,1.030755123E1
1.269178104E1,-9.800796483E0,1.692353487E0,-2.016091452E0,1.014811789E1
1.270178004E1,-9.485083090E0,1.726396853E0,-1.747006534E0,9.797922185E0
1.271178004E1,-8.871984987E0,1.768924384E0,-1.443275549E0,9.161018251E0
1.272177904E1,-7.770296468E0,1.804766208E0,-1.108465296E0,8.053780701E0
1.273177804E1,-5.825493831E0,1.942369318E0,-9.839602406E-1,6.219112051E0
1.274177804E1,-2.742613113E0,2.268288733E0,-1.574281100E0,3.891711891E0
1.275177704E1,1.397361165E0,7.990756671E-1,-2.647568377E0,3.098509070E0
1.276177704E1,5.798022442E0,-6.088799214E0,-3.704075460E0,9.187530415E0
1.277177604E1,1.411901202E1,-7.908266199E0,-7.116060992E-2,1.618308495E1
1.278177504E1,2.361410905E1,-3.160209268E0,1.129665692E0,2.385139856E1
1.279177504E1,2.625077997E1,-1.561522036E0,-2.916791142E0,2.645844800E1
1.280177404E1,2.007019818E1,-3.473589329E0,-6.791631027E0,2.147102536E1
1.281177404E1,1.059218905E1,-5.702431576E0,-6.940307010E0,1.388812645E1
1.282177304E1,3.320174763E0,-6.164003763E0,-5.797789139E0,9.090261918E0
1.283177304E1,-8.149860871E-1,-5.885998480E0,-5.537875725E0,8.122637993E0
1.284177204E1,-2.414092564E0,-6.839284666E0,-6.343810322E0,9.635745277E0
1.285177104E1,-1.036404356E0,-6.155244634E0,-6.221191871E0,8.812740708E0
1.286177104E1,1.512311577E0,-1.990718190E0,-2.202693499E0,3.331951961E0
1.287177004E1,1.293544436E0,6.985611530E-1,-7.873041987E-2,1.472223954E0
1.288176950E1,1.010569603E0,1.528267167E0,-1.394146073E0,2.302280333E0
1.289176850E1,1.808308159E0,1.270122390E0,-2.239786188E0,3.146399760E0
1.290176750E1,2.333204522E0,4.628151588E-1,-2.333614265E0,3.332235998E0
1.291176750E1,3.353845954E0,1.628775541E-1,-2.354622142E0,4.101104389E0
1.292176650E1,4.707262954E0,5.328805898E-1,-2.446487893E0,5.331752925E0
1.293176650E1,5.605115781E0,9.112951376E-1,-2.025800607E0,6.029232941E0
1.294176550E1,5.870901554E0,1.149237638E0,-1.204691170E0,6.102418620E0
1.295176450E1,5.691278012E0,1.483639463E0,-2.101699805E-1,5.885236010E0
1.296176450E1,5.301304396E0,2.076765085E0,9.365039460E-1,5.770079823E0
1.297176350E1,4.592870366E0,2.551676379E0,2.322262627E0,5.744424623E0
1.298176350E1,3.416282523E0,2.614012375E0,4.243850356E0,6.042707408E0
1.299176250E1,1.466278787E0,2.635096850E0,6.615654395E0,7.270529002E0
1.300176250E1,-1.333030098E0,2.501213154E0,8.497770202E0,8.957964886E0
1.301176150E1,-3.888783156E0,2.210190506E0,9.390096241E0,1.040103283E1
1.302176050E1,-5.642127487E0,1.871483377E0,9.068950785E0,1.084351977E1
1.303176050E1,-6.595614817E0,1.634483740E0,7.360355780E0,1.001741030E1
1.304175950E1,-6.686258939E0,1.809635915E0,4.929726706E0,8.501943668E0
1.305175950E1,-6.406807639E0,2.222000274E0,1.959933916E0,7.058739993E0
1.306175850E1,-6.501540719E0,2.241702759E0,-1.180593771E0,6.977754985E0
1.307175750E1,-6.854735933E0,1.863978622E0,-3.538640188E0,7.936233073E0
1.308175750E1,-7.357085432E0,1.077610562E0,-5.384033142E0,9.180183193E0
1.309175650E1,-8.272496279E0,4.621361509E-2,-6.193615233E0,1.033427308E1
1.310175650E1,-9.031442066E0,-6.140631127E-1,-5.067407584E0,1.037413317E1
1.311175550E1,-9.400058727E0,-8.033178221E-1,-2.546388742E0,9.771925052E0
1.312175450E1,-9.560655429E0,-8.130232499E-1,-1.307835031E-1,9.596053530E0
1.313175450E1,-9.575424326E0,-9.442123304E-1,1.646336192E0,9.761696103E0
1.314175350E1,-9.494067337E0,-1.210901936E0,2.950721365E0,1.001550571E1
1.315175350E1,-9.063714019E0,-1.531439574E0,3.952537687E0,1.000593690E1
1.316175250E1,-7.946657848E0,-1.811058104E0,4.687906916E0,9.402434454E0
1.317175250E1,-6.209374648E0,-1.988719612E0,5.329944059E0,8.421380106E0
1.318175150E1,-3.955505733E0,-2.209941123E0,5.773084652E0,7.338826321E0
1.319175050E1,-9.123252708E-1,-2.359638322E0,5.780042839E0,6.309447332E0
1.320175050E1,2.671336139E0,-2.299460679E0,4.769905930E0,5.930898647E0
1.321174950E1,7.242640219E0,-1.297319252E0,2.895725963E0,7.907218439E0
1.322174950E1,1.378156336E1,1.305681501E0,-5.490172970E0,1.489222253E1
1.323174850E1,2.388212437E1,5.697630427E0,-2.413915393E1,3.443134632E1
1.324174750E1,2.649755586E1,5.730174860E0,-2.375625019E1,3.604600940E1
1.325174750E1,1.775032473E1,1.170209774E0,-1.370770718E1,2.245761908E1
1.326174650E1,8.873766634E0,-3.760139368E-1,-7.214204625E0,1.144245905E1
1.327174650E1,4.258012605E0,1.809110689E0,2.424667546E0,5.223271536E0
1.328174550E1,1.044001644E0,4.226566279E0,1.052174063E1,1.138687085E1
1.329174450E1,6.859240043E-1,7.045627643E0,1.238465301E1,1.426502684E1
1.330174450E1,2.817233525E0,6.738119064E0,5.066556230E0,8.888703240E0
1.331174350E1,3.013264353E0,2.225734013E0,-2.600354157E0,4.560207857E0
1.332174350E1,8.091242534E-1,-1.515256966E0,-1.079390455E0,2.028735932E0
1.333174250E1,-4.475189888E-1,-2.997669244E0,1.152017551E0,3.242443304E0
1.334174150E1,-1.440461576E-2,-2.878996202E0,3.552641931E0,4.572755330E0
1.335174150E1,1.513018506E0,-2.247620288E0,4.618441702E0,5.354533193E0
1.336174050E1,2.924200149E0,-2.087985453E0,3.184153616E0,4.800985734E0
1.337174050E1,4.002404496E0,-2.327239484E0,1.376365275E0,4.830079372E0
1.338173950E1,5.156211587E0,-2.795390374E0,8.814095798E-1,5.931071414E0
1.339173950E1,6.476044520E0,-3.194303213E0,1.290421730E0,7.335387780E0
1.340173850E1,7.480103248E0,-3.745413521E0,1.852087724E0,8.567980858E0
1.341173750E1,7.144440910E0,-4.505107460E0,1.870256485E0,8.650831663E0
1.342173750E1,4.978059205E0,-5.246490258E0,1.636091285E0,7.415087874E0
1.343173650E1,2.215474343E0,-5.149135287E0,1.984671292E0,5.946498205E0
1.344173650E1,-8.376077950E-2,-4.255783061E0,2.339363394E0,4.857090325E0
1.345173550E1,-1.937947361E0,-3.090797263E0,2.446787416E0,4.392657096E0
1.346173450E1,-3.301815090E0,-1.819623544E0,2.133748687E0,4.331962164E0
1.347173450E1,-4.258578030E0,-5.009005594E-1,1.652733046E0,4.595423238E0
1.348173350E1,-5.146830314E0,6.362855288E-1,1.026339471E0,5.286595716E0
1.349173350E1,-6.146769095E0,1.387146810E0,4.749412608E-1,6.319217972E0
1.350173250E1,-7.156614228E0,1.814801053E0,1.013825150E-1,7.383827496E0
1.351173250E1,-8.046466895E0,1.966394943E0,-2.290178955E-1,8.286421892E0
1.352173150E1,-8.807439328E0,2.018916680E0,-5.580213513E-1,9.053087866E0
1.353173050E1,-9.340147571E0,2.032807618E0,-9.968374175E-1,9.610637247E0
1.354173050E1,-9.733547071E0,1.945358415E0,-1.493829113E0,1.003782264E1
1.355172950E1,-9.989714173E0,1.803078116E0,-1.943580130E0,1.033552048E1
1.356172950E1,-1.013298382E1,1.632408709E0,-2.239073705E0,1.050502596E1
1.357172850E1,-1.021071787E1,1.520129012E0,-2.441683967E0,1.060808052E1
1.358172750E1,-1.024841370E1,1.495118717E0,-2.253043873E0,1.059913063E1
1.359172750E1,-1.012193375E1,1.500932896E0,-1.768348287E0,1.038428611E1
1.360172650E1,-9.859205489E0,1.509120459E0,-1.278563284E0,1.005565023E1
1.361172650E1,-9.309950795E0,1.536816089E0,-8.505489989E-1,9.474197649E0
1.362172550E1,-8.468940505E0,1.575497467E0,-2.937584133E-1,8.619248201E0
1.363172450E1,-7.306819843E0,1.617843879E0,2.729981665E-1,7.488762450E0
1.364172450E1,-4.904703546E0,1.772114478E0,2.221357226E-2,5.215074308E0
1.365172350E1,-7.492411637E-1,2.140123175E0,-1.017430872E0,2.485287731E0
1.366172350E1,2.872363998E0,-1.690761582E0,-2.278619594E0,4.037481507E0
1.367172250E1,7.124310116E0,-9.306662321E0,-1.770415862E0,1.185344383E1
1.368172150E1,1.572103918E1,-7.582575118E0,2.018397447E0,1.757044241E1
1.369172150E1,2.287688509E1,-3.932504834E0,3.699205899E-1,2.321536790E1
1.370172050E1,2.311665601E1,-3.932231769E0,-3.946938393E0,2.377857343E1
1.371172050E1,1.770330961E1,-5.175193988E0,-6.956566948E0,1.971252464E1
1.372171950E1,1.076930589E1,-5.106236604E0,-7.445741501E0,1.405313731E1
1.373171950E1,4.560914163E0,-3.579720386E0,-6.723315668E0,8.878023970E0
1.374171850E1,-4.120825231E-2,-2.050667061E0,-5.652220366E0,6.012863592E0
1.375171750E1,-2.934722214E0,-1.573723860E0,-4.532936113E0,5.624652084E0
1.376171750E1,-4.765374922E0,-2.712378330E0,-4.219916825E0,6.919067305E0
1.377171650E1,-5.619128634E0,-3.892494383E0,-3.431280923E0,7.648516713E0
1.378171650E1,-3.544354087E0,-2.598099763E0,-1.457891249E0,4.630120427E0
1.379171550E1,-7.082270390E-1,-1.233329663E0,-9.087698713E-1,1.687764875E0
1.380171450E1,1.935948783E0,-1.013278034E0,-2.754204926E0,3.515718253E0
1.381171450E1,4.989254285E0,-7.878303020E-1,-3.722321697E0,6.274473182E0
1.382171350E1,7.393588430E0,-3.202458617E-1,-3.847811716E0,8.341064817E0
1.383171350E1,8.994194718E0,4.241219401E-2,-2.856161363E0,9.436895419E0
1.384171250E1,1.014193357E1,-3.743833311E-1,3.939480416E-1,1.015648435E1
1.385171150E1,7.697347775E0,-1.699946681E0,2.586860830E0,8.296434803E0
1.386171150E1,4.042912837E0,-2.143161681E0,2.639205104E0,5.282394322E0
1.387171050E1,3.090321885E0,-6.700533454E-1,2.428314893E0,3.986950471E0
1.388171125E1,3.331752834E0,1.065650375E0,2.309652522E0,4.191739787E0
1.389171025E1,3.302382855E0,2.736276485E0,2.776718752E0,5.109120135E0
1.390171025E1,2.788068198E0,4.159541400E0,3.448532256E0,6.080089116E0
1.391170925E1,1.649122390E0,4.865643561E0,4.167111790E0,6.615051972E0
1.392170825E1,7.882397532E-2,4.921150010E0,4.683717678E0,6.794199138E0
1.393170825E1,-1.906363626E0,4.401884808E0,4.681473809E0,6.702761309E0
1.394170725E1,-3.680981297E0,3.922856051E0,4.382532570E0,6.938660868E0
1.395170725E1,-5.147477601E0,3.450562702E0,3.839624152E0,7.290104405E0
1.396170625E1,-6.373553354E0,2.951387948E0,3.162424486E0,7.702843748E0
1.397170525E1,-7.402638166E0,2.589305258E0,2.403171719E0,8.202364772E0
1.398170525E1,-8.105773450E0,2.277575574E0,1.813226252E0,8.612705913E0
1.399170425E1,-8.747931045E0,1.963093020E0,1.322416817E0,9.062495131E0
1.400170425E1,-9.374795247E0,1.484447548E0,5.446690151E-1,9.507209622E0
1.401170325E1,-9.831452265E0,9.281251053E-1,-1.697832620E-1,9.876623725E0
1.402170225E1,-1.020229438E1,2.959780895E-1,-4.058059756E-1,1.021465085E1
1.403170225E1,-1.044068887E1,-2.487562682E-1,-2.222536902E-1,1.044601648E1
1.404170125E1,-1.041650361E1,-6.011031977E-1,4.510565543E-1,1.044357815E1
1.405170125E1,-1.002710010E1,-8.175506759E-1,1.400096785E0,1.015733216E1
1.406170025E1,-9.400002594E0,-1.038893808E0,2.381434110E0,9.752465203E0
1.407170025E1,-8.483725775E0,-1.416273984E0,3.331538826E0,9.223805395E0
1.408169925E1,-7.051211734E0,-1.618386501E0,4.116574598E0,8.323758058E0
1.409169825E1,-5.000039474E0,-1.481238304E0,4.626677213E0,6.971413320E0
1.410169825E1,-2.131051658E0,-1.197396257E0,5.139881483E0,5.691530605E0
1.411169725E1,1.686812373E0,-8.006264218E-1,5.412906693E0,5.725897093E0
1.412169725E1,5.947985982E0,-2.620350757E-1,4.974145664E0,7.758177925E0
1.413169625E1,1.031819555E1,7.122477306E-1,3.160756860E0,1.081493597E1
1.414169525E1,1.487400801E1,1.936653665E0,-4.236128815E0,1.558626091E1
1.415169525E1,2.172020058E1,3.529755636E0,-2.462362148E1,3.302346170E1
1.416169425E1,2.274017718E1,1.850435155E0,-2.926048688E1,3.710412189E1
1.417169425E1,1.379650182E1,-2.766543135E0,-1.483387740E1,2.044605444E1
1.418169325E1,7.567386975E0,-3.024122048E0,-6.237130212E0,1.026218559E1
1.419169225E1,5.464203147E0,2.148527963E-1,5.452389432E0,7.722190639E0
1.420169225E1,4.902792676E0,4.356402533E0,1.634872141E1,1.761522951E1
1.421169125E1,4.634883195E0,6.167387547E0,1.740383510E1,1.903712919E1
1.422169125E1,3.019827268E0,3.511170846E0,3.379695033E0,5.733237824E0
1.423169025E1,1.848737562E-1,-1.401750669E0,-4.311764889E0,4.537664565E0
1.424169025E1,-2.394266995E0,-4.117471853E0,-2.307849825E0,5.292660930E0
1.425168925E1,-1.817182478E0,-3.789090175E0,2.063334177E0,4.681528003E0
1.426168825E1,-4.711861789E-2,-2.773252523E0,4.138751917E0,4.982210067E0
1.427168825E1,1.414072507E0,-2.672407641E0,2.898783765E0,4.188592958E0
1.428168725E1,2.823859005E0,-2.975090806E0,6.568145183E-1,4.154124492E0
1.429168725E1,4.458181508E0,-3.405390037E0,-2.900268665E-1,5.617488695E0
1.430168625E1,6.483483932E0,-3.912092496E0,-5.731525567E-1,7.593980211E0
1.431168525E1,8.347886769E0,-4.421049934E0,-3.613845322E-1,9.453226688E0
1.432168525E1,9.276014140E0,-4.698579254E0,-1.377633244E-1,1.039904150E1
1.433168425E1,8.393422546E0,-5.602288653E0,-1.525301751E-1,1.009249452E1
1.434168425E1,5.508131524E0,-6.263458470E0,-2.607463494E-1,8.344963364E0
1.435168325E1,2.130702580E0,-5.956946256E0,3.988722011E-1,6.339100978E0
1.436168225E1,-4.451491123E-1,-4.741681420E0,1.235863115E0,4.920270120E0
1.437168225E1,-2.399027213E0,-3.196682737E0,1.687105903E0,4.338252923E0
1.438168125E1,-3.823289663E0,-1.718288227E0,2.022881677E0,4.654257036E0
1.439168125E1,-5.065590854E0,-5.411348118E-1,2.239306132E0,5.564847665E0
1.440168025E1,-5.951631137E0,5.060879168E-1,2.527699286E0,6.485931070E0
1.441167925E1,-6.679290227E0,1.316403833E0,2.714550278E0,7.329025870E0
1.442167925E1,-7.397708963E0,1.779061409E0,2.776589237E0,8.099420053E0
1.443167825E1,-8.152385699E0,2.067510843E0,2.662630219E0,8.821881508E0
1.444167825E1,-8.780047461E0,2.137097241E0,2.438048022E0,9.359513673E0
1.445167725E1,-9.240621529E0,2.040585292E0,1.768989872E0,9.627169872E0
1.446167725E1,-9.508137492E0,1.919757551E0,9.640270094E-1,9.747794401E0
1.447167625E1,-9.664057590E0,1.837494243E0,4.892505670E-1,9.849353295E0
1.448167525E1,-9.712902306E0,1.797895145E0,2.635515511E-1,9.881414756E0
1.449167525E1,-9.738920662E0,1.750837045E0,6.502045333E-2,9.895263194E0
1.450167425E1,-9.795945632E0,1.713181561E0,3.424304903E-2,9.944682724E0
1.451167425E1,-9.802130817E0,1.732606012E0,3.517158687E-2,9.954141308E0
1.452167325E1,-9.723284038E0,1.745157060E0,1.293748357E-1,9.879502188E0
1.453167225E1,-9.334976293E0,1.793900619E0,3.483612480E-1,9.512161552E0
1.454167225E1,-8.543545130E0,1.905976248E0,1.035161165E0,8.814559971E0
1.455167125E1,-7.437176499E0,2.052198447E0,2.043583159E0,7.981186934E0
1.456167125E1,-6.092378295E0,2.118214974E0,2.504548405E0,6.919296979E0
1.457167025E1,-4.353084238E0,2.024650898E0,1.427289407E0,5.008563536E0
1.458166925E1,-3.776219577E-1,2.003592882E0,-5.555012745E-1,2.113188218E0
1.459166925E1,4.189989021E0,-4.632517119E0,-4.284188835E0,7.574331445E0
1.460166825E1,1.211266744E1,-1.322185267E1,-6.885743718E0,1.920800789E1
1.461166825E1,2.368374705E1,-5.917886855E0,-2.676583430E0,2.455820348E1
1.462166725E1,2.953777822E1,-9.341453254E-1,-4.528125901E0,2.989743958E1
1.463166625E1,2.607704516E1,-3.280697286E-2,-8.112630479E0,2.730985415E1
1.464166625E1,1.727005782E1,-5.948781788E-1,-7.738179467E0,1.893378459E1
1.465166525E1,8.610210990E0,-6.598939544E-1,-4.729037985E0,9.845557048E0
1.466166525E1,1.939411504E0,-1.588982315E0,-2.292337747E0,3.397203869E0
1.467166425E1,-2.595501260E0,-3.121868198E0,-1.165971346E0,4.224000120E0
1.468166425E1,-5.314367076E0,-5.229982399E0,-1.775331616E0,7.664660179E0
1.469166325E1,-5.275629857E0,-5.583528446E0,-1.596285195E0,7.845775087E0
1.470166225E1,-2.843457118E0,-2.258332241E0,8.737055808E-2,3.632209590E0
1.471166225E1,-5.813833898E-1,-7.679452372E-1,-2.676970808E-1,9.997040864E-1
1.472166125E1,1.536031977E0,-5.179646350E-1,-2.053502668E0,2.616210008E0
1.473166125E1,3.288169443E0,-2.732291315E-1,-3.033457128E0,4.482027955E0
1.474166025E1,4.749041310E0,2.913383970E-1,-3.410050560E0,5.853777947E0
1.475165925E1,5.787643050E0,1.002072868E0,-3.435019341E0,6.804433847E0
1.476165925E1,6.562384506E0,8.913448763E-1,-3.113712502E0,7.318100275E0
1.477165825E1,6.868323108E0,3.856076463E-1,-1.923641564E0,7.143035240E0
1.478165825E1,6.568187867E0,1.765867898E-1,-5.816365743E-1,6.596254684E0
1.479165725E1,5.759072970E0,4.985144569E-1,4.799767368E-1,5.800501340E0
1.480165625E1,4.381114621E0,1.046782287E0,1.702163068E0,4.815316977E0
1.481165625E1,2.874267266E0,1.845570271E0,3.054397177E0,4.582235705E0
1.482165525E1,1.439025500E0,2.628283675E0,4.292602394E0,5.234988517E0
1.483165525E1,-3.959734440E-3,3.049077672E0,5.141667223E0,5.977761467E0
1.484165425E1,-1.362711149E0,3.127411943E0,5.431364014E0,6.413844572E0
1.485165325E1,-2.778087001E0,2.981015497E0,5.182366183E0,6.592506354E0
1.486165325E1,-4.269431632E0,2.729891033E0,4.588900691E0,6.836545990E0
1.487165225E1,-5.745658287E0,2.304086557E0,3.858197540E0,7.294319178E0
1.488165200E1,-7.011010373E0,1.747318337E0,3.270225800E0,7.931063270E0
1.489165100E1,-8.020515198E0,1.212210104E0,2.744013521E0,8.563161074E0
1.490165100E1,-8.795169531E0,8.123254578E-1,2.460442858E0,9.168896268E0
1.491165000E1,-9.426127369E0,4.153579140E-1,2.355394120E0,9.724828062E0
1.492164900E1,-9.913453617E0,2.392965697E-2,2.198996597E0,1.015444343E1
1.493164900E1,-1.015307953E1,-4.379905855E-1,1.863782740E0,1.033201557E1
1.494164800E1,-1.020994487E1,-7.912533351E-1,1.636255007E0,1.037045740E1
1.495164800E1,-1.005628005E1,-1.052200171E0,1.811414784E0,1.027215250E1
1.496164700E1,-9.706188533E0,-1.356815987E0,2.438664611E0,1.009941239E1
1.497164600E1,-9.186029584E0,-1.747885517E0,3.285699871E0,9.911310052E0
1.498164600E1,-8.439661158E0,-2.113985390E0,3.908034528E0,9.537795792E0
1.499164500E1,-7.199169679E0,-2.182555834E0,4.435814446E0,8.733157724E0
1.500164500E1,-5.249439594E0,-2.117268894E0,4.813957683E0,7.430587607E0
1.501164400E1,-2.526451491E0,-1.926898755E0,4.921386237E0,5.857980748E0
1.502164300E1,5.189649475E-1,-1.656309057E0,4.708848134E0,5.018559062E0
1.503164300E1,3.255221552E0,-1.575114182E0,3.698518267E0,5.172667533E0
1.504164200E1,5.621171651E0,-1.701623516E0,1.325266750E0,6.020749561E0
1.505164200E1,8.662468725E0,-8.191267928E-1,-1.827751905E0,8.891007263E0
1.506164100E1,1.287851119E1,1.068546062E0,-7.614724864E0,1.499939585E1
1.507164000E1,2.043647245E1,4.591410901E0,-2.304538079E1,3.114193372E1
1.508164000E1,2.273231619E1,4.749588025E0,-2.704694387E1,3.564903867E1
1.509163900E1,1.443253505E1,3.022008243E-1,-1.411998383E1,2.019315073E1
1.510163900E1,7.223468953E0,-5.572245951E-1,-5.084542265E0,8.851077506E0
1.511163800E1,2.448160781E0,1.528838732E0,3.869423025E0,4.827346437E0
1.512163800E1,-1.956010580E0,4.994112151E0,1.187924308E1,1.303393838E1
1.513163700E1,-4.515419317E0,8.639953437E0,7.999652917E0,1.261079909E1
1.514163600E1,-3.201951079E0,7.479128518E0,-4.376781249E0,9.238293576E0
1.515163600E1,-1.111651590E0,2.097733639E0,-5.130320116E0,5.653002757E0
1.516163500E1,-1.392491603E0,-1.693776699E0,7.753320247E-2,2.194065580E0
1.517163500E1,-2.470711738E-1,-2.437678185E0,3.695967711E0,4.434354116E0
1.518163400E1,2.381833475E0,-1.989164147E0,6.258934479E0,6.985997818E0
1.519163300E1,5.314799185E0,-1.585630691E0,7.391523778E0,9.240992308E0
1.520163300E1,7.166619399E0,-2.162604842E0,6.223531927E0,9.734970106E0
1.521163200E1,7.175805960E0,-3.514784718E0,3.866604667E0,8.876741206E0
1.522163200E1,6.768365541E0,-4.537493141E0,2.134309435E0,8.423472732E0
1.523163100E1,6.985211872E0,-4.941767292E0,9.809306520E-1,8.612576491E0
1.524163000E1,7.549764637E0,-4.897046033E0,7.085173532E-1,9.026738212E0
1.525163000E1,7.588682535E0,-4.651078228E0,6.919334802E-1,8.927452226E0
1.526162900E1,6.567718336E0,-4.163133929E0,5.424739704E-1,7.794926957E0
1.527162900E1,4.291800740E0,-3.554093210E0,2.434567174E-1,5.577670061E0
1.528162800E1,1.709238784E0,-2.826794892E0,1.142911389E-2,3.303391773E0
1.529162700E1,-4.994019181E-1,-1.995226394E0,9.456672639E-2,2.058949612E0
1.530162700E1,-2.320639440E0,-1.157981711E0,4.112308761E-1,2.625909345E0
1.531162600E1,-3.714157230E0,-2.443261984E-1,7.688164723E-1,3.800754923E0
1.532162600E1,-4.843959746E0,6.989976476E-1,1.013781040E0,4.998029185E0
1.533162500E1,-5.824581665E0,1.476528956E0,1.358523520E0,6.160476888E0
1.534162400E1,-6.831698488E0,1.931173362E0,1.730029875E0,7.307156639E0
1.535162400E1,-7.774974241E0,2.129271181E0,1.777375949E0,8.254882523E0
1.536162300E1,-8.594911165E0,2.127364989E0,1.641773025E0,9.005198410E0
1.537162300E1,-9.186680380E0,1.924485025E0,1.398762742E0,9.489745846E0
1.538162200E1,-9.511862168E0,1.662242080E0,1.272031360E0,9.739437069E0
1.539162100E1,-9.712126381E0,1.463235896E0,1.143901323E0,9.888122590E0
1.540162100E1,-9.756746483E0,1.288433677E0,1.069352832E0,9.899377696E0
1.541162000E1,-9.776487853E0,1.158263693E0,9.808961535E-1,9.893606359E0
1.542162000E1,-9.794782037E0,1.126510315E0,6.682110339E-1,9.881967750E0
1.543161900E1,-9.843754807E0,1.101103651E0,3.021174467E-1,9.909753422E0
1.544161900E1,-9.757363949E0,1.092489606E0,2.145803891E-2,9.818357563E0
1.545161800E1,-9.257728143E0,1.127290991E0,-2.652662471E-2,9.326147061E0
1.546161700E1,-8.455931035E0,1.104861365E0,-1.977879167E-2,8.527829707E0
1.547161700E1,-7.596302041E0,1.024956385E0,-1.310362490E-1,7.666257939E0
1.548161600E1,-6.290239887E0,9.632334691E-1,-4.892331715E-1,6.382341705E0
1.549161600E1,-4.006775290E0,1.155168469E0,-1.089683162E0,4.309996730E0
1.550161500E1,3.154853511E-1,1.295679839E0,-1.219994795E0,1.807402708E0
1.551161400E1,5.444236659E0,1.545500227E-1,8.895310700E-2,5.447156246E0
1.552161400E1,9.464648826E0,-5.651125183E0,-3.844053125E-1,1.103007528E1
1.553161300E1,1.496132215E1,-1.208908211E1,-2.302237229E0,1.937233499E1
1.554161300E1,2.293561452E1,-7.835881178E0,-1.310434118E0,2.427263242E1
1.555161200E1,2.479495425E1,-3.005864117E0,-2.318953688E0,2.508390962E1
1.556161100E1,1.914762567E1,-2.537365319E0,-3.543493377E0,1.963736583E1
1.557161100E1,1.118585686E1,-2.759318316E0,-4.164865290E0,1.225085034E1
1.558161000E1,4.489570531E0,-3.008170551E0,-4.663156822E0,7.137952449E0
1.559161000E1,2.053173763E-1,-3.696973725E0,-4.249911580E0,5.636622959E0
1.560160900E1,-1.777451232E0,-4.425299398E0,-4.222807689E0,6.369828288E0
1.561160800E1,-1.062363070E0,-2.184729098E0,-3.773691825E0,4.488029246E0
1.562160800E1,-9.234349805E-1,6.001526597E-1,-6.480735156E-1,1.277855493E0
1.563160700E1,-1.499968690E0,1.117731379E0,-1.238098652E0,2.243238234E0
1.564160700E1,2.893243235E-1,1.117254100E0,-2.262669851E0,2.540007902E0
1.565160600E1,2.663966308E0,1.360361007E0,-3.559611812E0,4.649530601E0
1.566160500E1,4.907507286E0,2.036225754E0,-4.508250046E0,6.968081627E0
1.567160500E1,6.411647379E0,2.528390427E0,-3.966138310E0,7.951869803E0
1.568160400E1,6.943079760E0,2.161749833E0,-2.400779039E0,7.657888670E0
1.569160400E1,6.791886551E0,1.609916517E0,-7.555432197E-1,7.020854625E0
1.570160300E1,5.830397891E0,1.354336182E0,7.145695138E-1,6.028132020E0
1.571160300E1,4.343098948E0,9.510817125E-1,2.311287549E0,5.010899623E0
1.572160200E1,2.507003651E0,7.811091468E-1,2.633727432E0,3.719101907E0
1.573160100E1,7.986916512E-1,1.187721673E0,2.893243528E0,3.227917167E0
1.574160100E1,-4.546280336E-1,1.829172924E0,3.018494103E0,3.558632727E0
1.575160000E1,-1.470070707E0,2.349157188E0,3.163803259E0,4.205864767E0
1.576160000E1,-2.504352524E0,2.638312234E0,3.015131662E0,4.724774275E0
1.577159900E1,-3.638638101E0,2.642647652E0,2.648127663E0,5.218798134E0
1.578159800E1,-4.955281962E0,2.298784887E0,2.549694173E0,6.028280986E0
1.579159800E1,-6.199992206E0,1.824367829E0,2.403888588E0,6.895426142E0
1.580159700E1,-7.255756109E0,1.389349310E0,2.228621807E0,7.716413893E0
1.581159700E1,-8.261528656E0,8.588261712E-1,2.103450608E0,8.568252015E0
1.582159600E1,-9.071362177E0,2.978703216E-1,1.868209082E0,9.266528134E0
1.583159500E1,-9.605500649E0,-1.444348513E-1,1.382049353E0,9.705491464E0
1.584159500E1,-9.870063769E0,-6.405785546E-1,8.198720205E-1,9.924751373E0
1.585159400E1,-9.884804599E0,-1.274083586E0,8.992403716E-2,9.966982356E0
1.586159400E1,-9.707926911E0,-2.077901784E0,7.295793164E-1,9.954587219E0
1.587159300E1,-9.449431447E0,-2.693511997E0,3.076116367E0,1.029607952E1
1.588159200E1,-9.021038700E0,-3.094937969E0,4.784806682E0,1.067015254E1
1.589159200E1,-8.104429175E0,-3.361739110E0,5.875522023E0,1.055958433E1
1.590159100E1,-6.688418316E0,-3.414491521E0,6.664656401E0,1.004048489E1
1.591159100E1,-4.975814459E0,-3.232974066E0,6.727257861E0,8.970331609E0
1.592159000E1,-2.946466931E0,-2.662478484E0,6.376740671E0,7.512208773E0
1.593158900E1,-7.509894812E-1,-1.956668977E0,5.646611717E0,6.023019389E0
1.594158900E1,1.861649968E0,-1.270676706E0,4.295157627E0,4.850643146E0
1.595158800E1,5.259593868E0,-1.138272355E-1,-3.769816145E-1,5.274315068E0
1.596158800E1,1.221823190E1,2.975871702E0,-1.547047430E1,1.993681464E1
1.597158700E1,1.979683617E1,5.640239421E0,-2.702408126E1,3.397098749E1
1.598158600E1,1.815541281E1,2.628504699E0,-1.594966648E1,2.430884432E1
1.599158600E1,1.365992373E1,-9.077955790E-2,-8.417951031E0,1.604567408E1
1.600158500E1,9.321955714E0,-3.367181260E-1,-8.019184372E0,1.230120138E1
1.601158500E1,4.863249711E0,4.412185409E-1,-4.613169267E0,6.717678337E0
1.602158400E1,6.563751000E-1,1.006157441E0,3.114774356E0,3.338412850E0
1.603158300E1,-1.392198073E0,3.404293684E0,7.041270883E0,7.943986821E0
1.604158300E1,2.567854455E0,7.176880678E0,5.493618150E0,9.395814661E0
1.605158200E1,4.766844327E0,5.168574940E0,3.054423197E0,7.665929351E0
1.606158200E1,2.880641901E0,5.018875694E-1,4.135877134E0,5.065122758E0
1.607158100E1,2.134527243E0,-1.847414191E0,5.444871082E0,6.133169397E0
1.608158000E1,1.844289000E0,-3.275242126E0,6.756454763E0,7.731642378E0
1.609158000E1,1.600531443E0,-3.989434495E0,6.886089873E0,8.117605695E0
1.610157900E1,1.577245492E0,-4.333304862E0,4.723612646E0,6.601344620E0
1.611157900E1,2.116765741E0,-4.671218378E0,2.101580814E0,5.542347901E0
1.612157800E1,3.433215474E0,-4.597543753E0,9.115777043E-1,5.809935539E0
1.613157800E1,5.999114621E0,-3.895757130E0,1.299370601E0,7.270121306E0
1.614157700E1,8.672487929E0,-3.514647893E0,1.431427628E0,9.466455607E0
1.615157600E1,9.928594397E0,-3.682460935E0,8.257534423E-1,1.062164648E1
1.616157600E1,9.065704996E0,-4.159361306E0,5.023050606E-3,9.974332999E0
1.617157500E1,6.367144221E0,-4.594283346E0,-4.636466329E-1,7.865299307E0
1.618157500E1,3.107673497E0,-4.288915139E0,-5.154925784E-1,5.321481019E0
1.619157400E1,2.674697703E-1,-3.218322406E0,-2.167614006E-1,3.236684212E0
1.620157300E1,-2.004621407E0,-1.954949018E0,2.431169942E-2,2.800164943E0
1.621157300E1,-3.807549543E0,-8.361227484E-1,6.604196191E-2,3.898832686E0
1.622157200E1,-5.242525261E0,4.363455445E-2,-1.287195090E-1,5.244286777E0
1.623157200E1,-6.399947686E0,7.095784767E-1,-4.264304574E-1,6.453268546E0
1.624157100E1,-7.434503152E0,1.181469026E0,-7.444137025E-1,7.564513067E0
1.625157000E1,-8.308318661E0,1.466635467E0,-9.993563980E-1,8.495757281E0
1.626157000E1,-9.045708688E0,1.591773191E0,-1.333773864E0,9.281031208E0
1.627156900E1,-9.691147740E0,1.567920060E0,-1.563865308E0,9.940945254E0
1.628156900E1,-1.002158267E1,1.540213613E0,-1.746538757E0,1.028857496E1
1.629156800E1,-1.025315346E1,1.433144955E0,-2.233697921E0,1.059105598E1
1.630156700E1,-1.034609612E1,1.295923668E0,-2.788657597E0,1.079341161E1
1.631156700E1,-1.021860343E1,1.393697884E0,-3.246081769E0,1.081199781E1
1.632156600E1,-9.718288177E0,1.633074707E0,-2.971226381E0,1.029272774E1
1.633156600E1,-9.190167074E0,1.892127410E0,-1.951797661E0,9.583779583E0
1.634156500E1,-8.712751856E0,2.131973326E0,-8.509284101E-1,9.010074047E0
1.635156400E1,-8.210028720E0,2.175107212E0,1.399846085E-1,8.494425152E0
1.636156400E1,-7.086604346E0,2.546632863E0,1.041105518E0,7.601920862E0
1.637156300E1,-4.577423776E0,3.155768892E0,2.084441164E0,5.937725212E0
1.638156300E1,-1.207550020E0,2.941952004E0,3.156668487E0,4.480827443E0
1.639156200E1,1.623273019E0,2.062569069E0,2.347836594E0,3.521582475E0
1.640156100E1,4.222496617E0,-5.202596672E-1,-7.658969575E-1,4.322816900E0
1.641156100E1,7.965344380E0,-5.223858025E0,-3.935543339E0,1.030649820E1
1.642156000E1,1.427255756E1,-4.914577739E0,-2.288513668E0,1.526749058E1
1.643156000E1,1.907843089E1,-3.520812027E0,-2.630775758E0,1.957814147E1
1.644155900E1,1.863389515E1,-3.678195099E0,-5.507890034E0,1.977594549E1
1.645155800E1,1.308278483E1,-5.296764618E0,-7.917446913E0,1.618335379E1
1.646155800E1,6.616195847E0,-5.859676069E0,-7.705581239E0,1.172543532E1
1.647155700E1,2.340081432E0,-4.330136840E0,-5.917619637E0,7.697031138E0
1.648155700E1,-4.534112281E-1,-2.549551793E0,-4.259224440E0,4.984655346E0
1.649155600E1,-2.401886501E0,-2.447255340E0,-3.080516981E0,4.609523005E0
1.650155500E1,-3.046590559E0,-4.314111961E0,-2.690622303E0,5.927286430E0
1.651155500E1,-6.206345791E-1,-3.480365083E0,-2.345928940E0,4.242818754E0
1.652155400E1,2.183276065E0,-3.226097448E-1,-2.024434698E0,2.994846785E0
1.653155400E1,3.345279783E0,6.368607487E-1,-3.090939935E0,4.598956199E0
1.654155300E1,4.847249975E0,5.348202574E-1,-3.459011636E0,5.978848260E0
1.655155300E1,6.149584529E0,3.769363716E-1,-2.844306426E0,6.785981871E0
1.656155200E1,7.379212466E0,1.017735951E0,-1.930840509E0,7.695239318E0
1.657155100E1,8.379871624E0,2.142548161E0,-4.278546564E-1,8.660012740E0
1.658155100E1,8.382876508E0,2.627773798E0,1.565727646E0,8.923526026E0
1.659155000E1,7.117007529E0,2.754535001E0,5.190428324E0,9.229290624E0
1.660155000E1,3.388864928E0,1.823214612E0,6.641780924E0,7.676051776E0
1.661154900E1,6.685414016E-1,1.015096518E0,6.036550834E0,6.157703673E0
1.662154800E1,6.565043235E-1,1.814764215E0,4.649579587E0,5.034178922E0
1.663154800E1,8.438134450E-1,2.849441743E0,4.139036969E0,5.095386777E0
1.664154700E1,2.103395498E-1,3.307952912E0,4.004058673E0,5.198007412E0
1.665154700E1,-1.108625071E0,3.221018849E0,3.658606342E0,4.998941122E0
1.666154600E1,-2.562345209E0,2.984149312E0,3.102558353E0,5.009653523E0
1.667154500E1,-3.833459725E0,2.726987306E0,2.566030709E0,5.358767286E0
1.668154500E1,-5.020158573E0,2.321496934E0,2.077031426E0,5.908079185E0
1.669154400E1,-6.134227402E0,1.843098361E0,1.587101412E0,6.598836889E0
1.670154400E1,-7.050295476E0,1.445809732E0,1.181405510E0,7.293336072E0
1.671154300E1,-7.782207246E0,1.208511667E0,7.025160635E-1,7.906755270E0
1.672154200E1,-8.410523313E0,7.984299152E-1,-2.328294030E-1,8.451544371E0
1.673154200E1,-8.618098299E0,4.729226558E-1,-1.851640120E0,8.827448400E0
1.674154100E1,-8.569569333E0,-1.937695639E-1,-3.687246004E0,9.331176147E0
1.675154100E1,-8.766976596E0,-1.174999520E0,-4.202738875E0,9.793034083E0
1.676154000E1,-9.032651855E0,-1.899709495E0,-2.328003423E0,9.519311721E0
1.677153900E1,-9.150156332E0,-2.210887202E0,2.939114642E-1,9.418055376E0
1.678153900E1,-9.096649631E0,-2.370610330E0,2.178988448E0,9.649705617E0
1.679153800E1,-8.703859996E0,-2.226001962E0,3.230912923E0,9.547306524E0
1.680153800E1,-7.578155792E0,-1.752885033E0,4.325088354E0,8.899856202E0
1.681153700E1,-6.264248428E0,-1.393340912E0,5.401274242E0,8.387846607E0
1.682153600E1,-4.938856548E0,-1.199937530E0,5.894848241E0,7.783404773E0
1.683153600E1,-3.286576661E0,-1.249397957E0,5.805626746E0,6.787332563E0
1.684153500E1,-1.517258906E0,-1.494588959E0,5.291304488E0,5.703838526E0
1.685153500E1,6.856047463E-1,-1.452873753E0,4.589035177E0,4.862112696E0
1.686153400E1,3.861919293E0,-7.327153243E-1,1.574619507E0,4.234467967E0
1.687153300E1,1.109477361E1,2.017465109E0,-1.307095124E1,1.726308006E1
1.688153300E1,2.318954506E1,5.080836300E0,-3.200201943E1,3.984594264E1
1.689153175E1,2.389325045E1,1.438586173E-1,-2.074881200E1,3.164524153E1
1.690153175E1,1.636193846E1,-4.798979748E0,-8.134134200E0,1.889199237E1
1.691153075E1,8.541107426E0,-5.006788330E0,-4.116349772E0,1.072206980E1
1.692152975E1,3.519805137E0,-2.543601082E0,4.511096763E0,6.261703336E0
1.693152975E1,8.750592113E-2,5.510973709E-1,1.155851979E1,1.157198105E1
1.694152875E1,-2.445849377E-1,4.746620855E0,1.045758615E1,1.148700742E1
1.695152875E1,3.064141561E0,7.701580575E0,1.836872684E0,8.489841466E0
1.696152775E1,2.199250073E0,3.443409218E0,-2.349875810E0,4.713351700E0
1.697152675E1,1.312546132E0,-3.077385943E-1,5.347044826E-1,1.450306614E0
1.698152675E1,1.658358652E0,-1.483961644E0,3.221606787E0,3.915487948E0
1.699152575E1,1.715481271E0,-2.054718597E0,6.857342037E0,7.361242036E0
1.700152575E1,2.630243077E0,-2.046754397E0,7.946923311E0,8.617480625E0
1.701152475E1,2.895973885E0,-2.780167440E0,5.683754400E0,6.958524256E0
1.702152375E1,2.759767674E0,-3.877350972E0,2.840799266E0,5.542590427E0
1.703152375E1,3.481794142E0,-4.396081738E0,1.480596864E0,5.800051049E0
1.704152275E1,5.042790222E0,-4.538211764E0,1.163283674E0,6.883191711E0
1.705152275E1,6.835864044E0,-4.606520106E0,9.055603346E-1,8.292713925E0
1.706152175E1,7.799699777E0,-4.703412563E0,4.783069181E-1,9.120646022E0
1.707152075E1,7.329996452E0,-4.794187077E0,-7.104864031E-2,8.758888378E0
1.708152075E1,5.115051867E0,-4.781433131E0,-7.312738395E-1,7.039930384E0
1.709151975E1,2.182152230E0,-4.286516027E0,-8.800256900E-1,4.889831615E0
1.710151975E1,-3.520655322E-1,-3.416784214E0,-8.830196106E-1,3.546560043E0
1.711151875E1,-2.248272545E0,-2.082091314E0,-5.097953439E-1,3.106400645E0
1.712151775E1,-3.619903037E0,-7.414614433E-1,-6.284835890E-2,3.695593726E0
1.713151775E1,-4.730511484E0,5.284448920E-1,2.793741167E-1,4.768127808E0
1.714151675E1,-5.713884518E0,1.538063153E0,1.961213871E-1,5.920521780E0
1.715151675E1,-6.464110352E0,2.402821033E0,4.836770010E-1,6.913191376E0
1.716151575E1,-7.106317649E0,3.000958888E0,9.156225157E-1,7.768131652E0
1.717151475E1,-7.778363872E0,3.195791622E0,1.161482731E0,8.489114839E0
1.718151475E1,-8.386654978E0,3.072249895E0,1.077911986E0,8.996476832E0
1.719151375E1,-8.857997863E0,2.800994638E0,6.799756318E-1,9.315152385E0
1.720151375E1,-9.093838874E0,2.668969478E0,8.343099654E-2,9.477777391E0
1.721151275E1,-9.249961871E0,2.493601248E0,-9.334166162E-1,9.625544576E0
1.722151275E1,-9.415818143E0,2.260016970E0,-2.176285572E0,9.924793544E0
1.723151175E1,-9.579899200E0,2.047764211E0,-3.016323617E0,1.025017147E1
1.724151075E1,-9.684939167E0,1.874194584E0,-3.333247383E0,1.041254965E1
1.725151075E1,-9.558352211E0,1.710990317E0,-3.229811600E0,1.023334099E1
1.726150975E1,-9.071323586E0,1.532017425E0,-2.761686730E0,9.605358014E0
1.727150975E1,-8.394374472E0,1.350940120E0,-2.133915917E0,8.766080032E0
1.728150875E1,-7.208704149E0,1.231413384E0,-1.530812898E0,7.471625162E0
1.729150775E1,-4.756742093E0,1.387141986E0,-1.149598265E0,5.086485466E0
1.730150775E1,-6.393333900E-1,1.775547963E0,-1.204807091E-1,1.890987402E0
1.731150675E1,3.964760706E0,1.856947345E0,2.142119268E0,4.874038968E0
1.732150675E1,7.270823214E0,-1.065937035E0,3.297509785E0,8.054480912E0
1.733150575E1,1.044115898E1,-7.009884199E0,1.360795602E0,1.264942853E1
1.734150475E1,1.658833095E1,-6.808285067E0,1.417006494E0,1.798703357E1
1.735150475E1,2.071782877E1,-3.758825864E0,3.147847816E-1,2.105840189E1
1.736150375E1,1.845313315E1,-2.759726159E0,-2.344051691E0,1.880502034E1
1.737150375E1,1.198266746E1,-3.576181651E0,-4.293481815E0,1.322147423E1
1.738150275E1,6.104888998E0,-3.644356678E0,-4.816157405E0,8.587571101E0
1.739150175E1,2.012023982E0,-2.958958046E0,-4.808278867E0,5.993598158E0
1.740150175E1,-6.756223798E-1,-2.654861316E0,-4.445040475E0,5.221411594E0
1.741150075E1,-1.853897730E0,-3.880767792E0,-4.030407397E0,5.894190295E0
1.742150075E1,-1.678674803E0,-5.618529879E0,-3.880357318E0,7.031571660E0
1.743149975E1,2.162861681E-1,-4.091471624E0,-2.553237001E0,4.827622493E0
1.744149875E1,1.674545499E0,-5.316852728E-1,-1.892633779E0,2.582412531E0
1.745149875E1,2.251076285E0,8.772541098E-1,-2.298457443E0,3.334640285E0
1.746149775E1,3.062845818E0,1.256837662E0,-2.619128104E0,4.221433103E0
1.747149775E1,4.147020172E0,1.311679282E0,-2.661347340E0,5.099122328E0
1.748149675E1,5.268784522E0,1.307818805E0,-2.347798441E0,5.914612234E0
1.749149575E1,6.249701141E0,1.381587423E0,-1.793967862E0,6.647245207E0
1.750149575E1,6.685314029E0,1.438106902E0,-6.312185510E-1,6.867314758E0
1.751149475E1,6.255061283E0,1.470024806E0,7.929094128E-1,6.474215777E0
1.752149475E1,5.387949023E0,1.893580443E0,2.123060707E0,6.092867004E0
1.753149375E1,4.116098927E0,2.629453118E0,3.312595017E0,5.901659073E0
1.754149275E1,2.608620073E0,3.219531025E0,4.387952939E0,6.035263847E0
1.755149275E1,1.318083445E0,3.595630952E0,5.119289929E0,6.393202272E0
1.756149175E1,-1.127986372E-1,3.621491725E0,5.244678791E0,6.374525980E0
1.757149175E1,-1.661612628E0,3.369424398E0,4.788785127E0,6.086578702E0
1.758149075E1,-3.095557482E0,2.999189813E0,4.297828635E0,6.086784589E0
1.759148975E1,-4.296921147E0,2.474670011E0,3.875772808E0,6.293579098E0
1.760148975E1,-5.256973146E0,1.931489697E0,3.345187105E0,6.523549331E0
1.761148875E1,-6.043218414E0,1.334229070E0,2.468644162E0,6.662946796E0
1.762148875E1,-6.551841391E0,8.209406722E-1,1.273241733E0,6.724709192E0
1.763148775E1,-6.933181593E0,2.053299843E-1,-3.859524858E-1,6.946950895E0
1.764148675E1,-7.075950719E0,-4.550269965E-1,-2.238937319E0,7.435655214E0
1.765148675E1,-7.114303776E0,-1.064886144E0,-3.239518855E0,7.889346179E0
1.766148575E1,-7.482309988E0,-1.614567685E0,-2.338780719E0,8.003854497E0
1.767148575E1,-8.201056752E0,-1.980287635E0,-5.051362824E-1,8.451865689E0
1.768148475E1,-8.835760902E0,-2.195416054E0,1.130045761E0,9.174286118E0
1.769148375E1,-9.177842313E0,-2.213843847E0,2.347557389E0,9.728562062E0
1.770148375E1,-9.276935077E0,-2.134483828E0,3.139999244E0,1.002382865E1
1.771148275E1,-8.844095523E0,-1.920284239E0,3.617930771E0,9.746534781E0
1.772148275E1,-7.742664866E0,-1.722736935E0,4.446119286E0,9.093110495E0
1.773148175E1,-6.256968060E0,-1.442731611E0,5.304123924E0,8.328556562E0
1.774148075E1,-4.767192237E0,-1.284633279E0,5.798525888E0,7.615727605E0
1.775148075E1,-3.242781016E0,-1.364168276E0,5.886111331E0,6.857323851E0
1.776147975E1,-1.612211841E0,-1.497619425E0,5.725108248E0,6.133429336E0
1.777147975E1,3.397805321E-1,-1.438147540E0,5.283754563E0,5.486509040E0
1.778147875E1,2.816016719E0,-1.011433091E0,3.041949624E0,4.266896363E0
1.779147775E1,8.895607738E0,1.282680309E0,-9.445257704E0,1.303802128E1
1.780147775E1,2.226372500E1,6.149106227E0,-3.160978352E1,3.914924486E1
1.781147675E1,2.536926310E1,3.743737124E0,-2.623724952E1,3.668798631E1
1.782147675E1,1.740092553E1,-1.245696670E0,-1.133449542E1,2.080420044E1
1.783147575E1,9.350600638E0,-2.021120642E0,-7.686148603E0,1.227173750E1
1.784147475E1,4.893300306E0,1.896233764E-1,-2.695501512E0,5.589818719E0
1.785147475E1,3.714528528E0,3.539286890E0,5.816709559E0,7.756183596E0
1.786147375E1,5.246424769E0,5.697781870E0,1.578635024E1,1.758404234E1
1.787147375E1,4.320254461E0,4.730899739E0,1.260974158E1,1.414395962E1
1.788147275E1,2.583540196E0,2.312463863E0,3.995238733E0,5.290000151E0
1.789147163E1,7.589218140E-1,-1.438648939E-1,2.452666938E0,2.571426557E0
1.790147163E1,-5.020746803E-1,-1.296979236E0,3.662619871E0,3.917782337E0
1.791147063E1,-8.330650932E-1,-1.479663064E0,4.944036012E0,5.227513015E0
1.792147063E1,-2.414245176E-1,-1.183187157E0,4.515258811E0,4.673946916E0
1.793146963E1,6.189447337E-1,-9.689437138E-1,2.251797831E0,2.528346886E0
1.794146862E1,1.293017601E0,-1.301943084E0,-9.042134285E-3,1.834947430E0
1.795146862E1,2.317211802E0,-1.734682066E0,-8.682074440E-1,3.021982225E0
1.796146762E1,4.322817296E0,-1.939413989E0,-1.362294535E-1,4.739898149E0
1.797146763E1,6.701399719E0,-2.085189753E0,1.264706845E0,7.131357368E0
1.798146663E1,7.718787761E0,-2.793764848E0,1.237671659E0,8.301604523E0
1.799146563E1,6.989247036E0,-3.648957852E0,6.252728829E-1,7.909199309E0
1.800146563E1,4.823779251E0,-4.315731932E0,6.058899477E-1,6.500883863E0
1.801146463E1,1.985175322E0,-4.393665084E0,8.805371752E-1,4.901077397E0
1.802146463E1,-4.646256030E-1,-3.775155383E0,1.121323762E0,3.965481320E0
1.803146363E1,-2.224452158E0,-2.858534748E0,1.156421527E0,3.802199239E0
1.804146263E1,-3.300232249E0,-1.780028246E0,1.148720598E0,3.921682352E0
1.805146263E1,-4.183805006E0,-7.431192020E-1,1.054176968E0,4.378097710E0
1.806146163E1,-4.918887722E0,2.427462807E-1,1.155012202E0,5.058501296E0
1.807146163E1,-5.709593246E0,9.498751395E-1,1.186500628E0,5.908426318E0
1.808146063E1,-6.614497815E0,1.374955804E0,1.120892456E0,6.848246835E0
1.809146063E1,-7.578303727E0,1.488925492E0,8.669432759E-1,7.771690752E0
1.810145963E1,-8.409940930E0,1.437234644E0,4.315490735E-1,8.542773816E0
1.811145863E1,-9.039954443E0,1.348492768E0,9.068848751E-4,9.139978660E0
1.812145863E1,-9.436264687E0,1.321326896E0,-4.148658343E-1,9.537353389E0
1.813145763E1,-9.542003396E0,1.352524423E0,-5.566736412E-1,9.653446880E0
1.814145763E1,-9.414725298E0,1.405451080E0,-4.772326384E-1,9.531007091E0
1.815145663E1,-9.032774062E0,1.443136239E0,-2.146501172E-1,9.149848312E0
1.816145563E1,-8.349332201E0,1.333416160E0,-1.420931876E-2,8.455149245E0
1.817145563E1,-7.522590287E0,1.198249365E0,8.596868813E-4,7.617425215E0
1.818145462E1,-6.649454809E0,1.135254314E0,-1.639085644E-1,6.747660160E0
1.819145362E1,-5.716321052E0,1.077795407E0,-4.218521972E-1,5.832317600E0
1.820145362E1,-4.592104965E0,9.476092704E-1,-7.754483843E-1,4.752547900E0
1.821145262E1,-3.024505625E0,9.360600693E-1,-1.364528026E0,3.447575882E0
1.822145263E1,-8.528994334E-1,9.708849894E-1,-1.743052209E0,2.169858546E0
1.823145163E1,2.116305565E0,1.028887103E0,-1.828868284E0,2.980288093E0
1.824145163E1,5.119111589E0,-4.472431464E-1,-2.298500273E0,5.629248031E0
1.825145063E1,7.772397373E0,-4.957134359E0,-2.506410159E0,9.553294398E0
1.826144963E1,1.177985211E1,-6.698155099E0,-1.538616446E0,1.363809144E1
1.827144963E1,1.567102093E1,-5.342476396E0,-2.087873479E0,1.668778495E1
1.828144863E1,1.590677832E1,-5.130400808E0,-4.256204646E0,1.724708344E1
1.829144863E1,1.204956078E1,-6.159227757E0,-6.476086035E0,1.500225623E1
1.830144763E1,7.144802853E0,-5.841891178E0,-6.911245179E0,1.153001345E1
1.831144663E1,3.322439389E0,-4.084170790E0,-6.238969746E0,8.163565277E0
1.832144663E1,2.985570771E-1,-2.339023524E0,-5.172948073E0,5.685029388E0
1.833144563E1,-1.282504892E0,-1.163665351E0,-4.394279627E0,4.723201169E0
1.834144563E1,-1.614320347E0,-1.042331533E0,-4.055608019E0,4.487810336E0
1.835144463E1,-8.503810376E-1,-9.737672281E-1,-1.861209380E0,2.266157735E0
1.836144363E1,4.345773464E-1,-6.663313003E-1,1.967371135E0,2.122122536E0
1.837144363E1,1.110618387E0,5.740854800E-2,2.764271200E-1,1.145941052E0
1.838144263E1,3.082525207E0,1.499023633E0,-2.415871726E0,4.193503273E0
1.839144263E1,5.055702628E0,2.092328180E0,-3.471349261E0,6.479832711E0
1.840144163E1,6.563350466E0,2.506406651E0,-3.039083319E0,7.654780928E0
1.841144063E1,7.638165767E0,2.945974303E0,-1.530313108E0,8.328397150E0
1.842144062E1,7.783174376E0,3.044990761E0,1.401181443E-1,8.358792089E0
1.843143962E1,7.613047298E0,2.871300974E0,2.856958923E0,8.623518582E0
1.844143962E1,5.173574894E0,1.849438789E0,4.111323506E0,6.862163069E0
1.845143862E1,2.710713043E0,1.597667769E0,4.164377632E0,5.219439488E0
1.846143762E1,1.803588871E0,2.768228011E0,3.261423694E0,4.642510489E0
1.847143763E1,9.607893330E-1,3.725209929E0,2.815829608E0,4.767515238E0
1.848143663E1,-1.738535088E-1,4.203642855E0,2.995941392E0,5.164930117E0
1.849143663E1,-1.481446465E0,4.192125009E0,3.012057488E0,5.370389747E0
1.850143563E1,-2.711765542E0,3.861376086E0,2.825857583E0,5.499942610E0
1.851143463E1,-3.856807657E0,3.379659949E0,2.614117333E0,5.755925304E0
1.852143463E1,-4.998367755E0,2.629337928E0,2.454053020E0,6.157879049E0
1.853143363E1,-5.994881821E0,1.951565234E0,2.249701897E0,6.693905701E0
1.854143363E1,-6.845269876E0,1.343455391E0,2.096385856E0,7.284052836E0
1.855143263E1,-7.482211754E0,9.096252459E-1,1.892369485E0,7.771227258E0
1.856143163E1,-8.065303116E0,4.446443515E-1,1.547861040E0,8.224518025E0
1.857143163E1,-8.482342324E0,-5.215921015E-2,8.602625397E-1,8.526013342E0
1.858143063E1,-8.640688432E0,-5.236166999E-1,-2.137975931E-2,8.656565608E0
1.859143063E1,-8.717946523E0,-1.116599796E0,-8.362896864E-1,8.828859899E0
1.860142963E1,-8.862531209E0,-1.708550859E0,-8.574029589E-1,9.066352370E0
1.861142863E1,-9.020589634E0,-2.127619928E0,5.295340821E-2,9.268258087E0
1.862142863E1,-8.907720246E0,-2.302536460E0,9.675938840E-1,9.251237325E0
1.863142763E1,-8.297144047E0,-1.952508683E0,1.351072851E0,8.630196252E0
1.864142763E1,-7.021170495E0,-1.287157668E0,1.927976689E0,7.393964031E0
1.865142663E1,-5.606289318E0,-6.871337932E-1,2.499316317E0,6.176505065E0
1.866142563E1,-4.270712172E0,-6.623528548E-2,2.997754029E0,5.218227553E0
1.867142562E1,-2.950532500E0,6.700762957E-2,3.415784340E0,4.514168219E0
1.868142462E1,-1.376250377E0,-4.538301811E-2,3.646173992E0,3.897526074E0
1.869142462E1,5.818932670E-1,-1.361083431E-1,3.600072205E0,3.649334890E0
1.870142362E1,3.618414336E0,-1.022115954E-1,1.563859461E0,3.943225321E0
1.871142262E1,9.808379152E0,1.208419062E0,-1.021305559E1,1.421165306E1
1.872142263E1,2.060779587E1,3.366800460E0,-2.694358615E1,3.408773138E1
1.873142163E1,2.446151327E1,6.618068710E-1,-2.246552879E1,3.321902472E1
1.874142163E1,1.822069347E1,-3.051944270E0,-1.154587461E1,2.178566627E1
1.875142063E1,9.087817996E0,-4.096238566E0,-5.737553462E0,1.150161406E1
1.876141963E1,3.189165557E0,-2.399720839E0,3.666781042E0,5.419845041E0
1.877141963E1,-9.951183361E-1,-5.842684060E-3,1.165948601E1,1.170187628E1
1.878141863E1,-3.138513467E0,2.803058705E0,1.311050414E1,1.376926737E1
1.879141863E1,-3.473568279E0,4.968470356E0,7.879967430E0,9.942095401E0
1.880141763E1,-2.829125592E0,4.895530142E0,1.521461593E0,5.855340499E0
1.881141663E1,1.314202648E-1,2.719263719E0,1.842086646E0,3.287088327E0
1.882141663E1,3.353986287E0,5.783198874E-1,1.167756793E0,3.598240380E0
1.883141563E1,6.005544219E0,-7.113944026E-1,-1.832731394E0,6.319141376E0
1.884141563E1,6.032530873E0,-2.587337378E0,-4.511407542E-1,6.579458293E0
1.885141463E1,5.062635087E0,-3.435297376E0,3.867401350E0,7.237978674E0
1.886141363E1,5.152931299E0,-3.467583362E0,4.667530247E0,7.769341925E0
1.887141363E1,4.881894143E0,-4.063896155E0,3.665551957E0,7.333785757E0
1.888141263E1,4.592523626E0,-4.785504254E0,2.417546514E0,7.059522319E0
1.889141288E1,5.001721718E0,-5.060013780E0,1.611025149E0,7.294954532E0
1.890141188E1,5.815148352E0,-4.948402712E0,1.158161220E0,7.722951325E0
1.891141088E1,6.336773783E0,-4.561925439E0,8.326958415E-1,7.852340291E0
1.892141088E1,5.704253569E0,-4.190809093E0,4.734651312E-1,7.094050949E0
1.893140988E1,3.760972962E0,-3.897110468E0,-1.389594600E0,5.591364840E0
1.894140988E1,1.503157176E0,-3.133386336E0,3.217804635E-1,3.490148148E0
1.895140888E1,-4.593519992E-1,-2.221578690E0,1.325919738E0,2.627637586E0
1.896140788E1,-2.127395394E0,-1.143229259E0,1.635405992E0,2.916733971E0
1.897140788E1,-3.409868127E0,-2.027441628E-2,1.695482332E0,3.808184874E0
1.898140688E1,-4.550789709E0,8.250396435E-1,1.643726141E0,4.908381914E0
1.899140688E1,-5.443325078E0,1.483296524E0,1.696114854E0,5.891244528E0
1.900140588E1,-6.204410362E0,2.003610424E0,1.995173038E0,6.818348636E0
1.901140488E1,-6.964271824E0,2.138476745E0,2.276502317E0,7.632602939E0
1.902140488E1,-7.750030019E0,2.003199803E0,2.136955007E0,8.285067981E0
1.903140388E1,-8.559369450E0,1.623656158E0,1.549906250E0,8.848800714E0
1.904140387E1,-9.202589484E0,1.294536123E0,9.359760886E-1,9.340210288E0
1.905140287E1,-9.594864564E0,1.194928805E0,4.243236325E-1,9.678291760E0
1.906140187E1,-9.804791885E0,1.206559282E0,5.200740181E-2,9.878888297E0
1.907140188E1,-9.855269144E0,1.200450038E0,-4.465357795E-2,9.928212534E0
1.908140088E1,-9.773092960E0,1.166608985E0,-5.322252631E-2,9.842619324E0
1.909140088E1,-9.541014631E0,1.217166643E0,-1.887802809E-1,9.620191933E0
1.910139988E1,-8.854562039E0,1.254383878E0,-3.453616995E-1,8.949638122E0
1.911139888E1,-7.883701462E0,1.159484153E0,-4.609213918E-1,7.981829412E0
1.912139888E1,-6.794820684E0,1.171672528E0,-5.597916690E-1,6.917786593E0
1.913139788E1,-5.275446839E0,1.327380811E0,-7.699683738E-1,5.494099605E0
1.914139788E1,-2.886134191E0,1.702193035E0,-1.178128585E0,3.551790908E0
1.915139688E1,1.318301547E-1,1.907035764E0,-1.267752806E0,2.293765849E0
1.916139588E1,3.446392175E0,1.480107452E0,-8.115748215E-1,3.837576160E0
1.917139588E1,6.827303721E0,-1.224048085E-1,-3.912769604E-1,6.839602086E0
1.918139488E1,9.767774917E0,-4.880040283E0,-2.117898932E0,1.112248695E1
1.919139488E1,1.420184952E1,-6.940091248E0,-2.288013731E0,1.597161242E1
1.920139388E1,1.799945354E1,-5.536816210E0,-2.494843197E0,1.899633923E1
1.921139288E1,1.747233874E1,-5.095192968E0,-3.950704000E0,1.862395432E1
1.922139288E1,1.313337027E1,-5.542355862E0,-4.943378785E0,1.508774724E1
1.923139188E1,7.583555696E0,-5.626961564E0,-4.368783427E0,1.040477208E1
1.924139188E1,2.495682272E0,-5.169820397E0,-3.183185610E0,6.564155967E0
1.925139088E1,-1.937525777E0,-4.858557028E0,-2.589390335E0,5.836482231E0
1.926138988E1,-5.672669249E0,-5.243634478E0,-3.329395529E0,8.411881688E0
1.927138988E1,-7.575760188E0,-6.184097135E0,-4.397581257E0,1.072258927E1
1.928138887E1,-5.840096667E0,-5.640621829E0,-5.710529970E0,9.926403993E0
1.929138887E1,-6.218864679E-1,-2.164703115E0,-6.800878984E0,7.164121531E0
1.930138787E1,3.302668784E0,4.018316232E-1,-6.198818670E0,7.035228685E0
1.931138687E1,4.780137972E0,1.175738389E0,-5.045519117E0,7.049066814E0
1.932138688E1,5.239858931E0,8.543473502E-1,-3.059688907E0,6.127620029E0
1.933138588E1,5.557384375E0,1.161362132E0,-1.198183219E0,5.802493095E0
1.934138588E1,5.809193548E0,2.301797226E0,9.034620613E-2,6.249252962E0
1.935138488E1,5.661054924E0,2.583292859E0,1.513239238E0,6.403970475E0
1.936138388E1,5.283014306E0,1.936415099E0,2.843243402E0,6.304282404E0
1.937138388E1,4.985604452E0,1.514764484E0,3.142399819E0,6.084853311E0
1.938138288E1,5.077641966E0,1.939211529E0,3.111753684E0,6.263066364E0
1.939138288E1,5.192737389E0,2.686169940E0,3.165972576E0,6.648564724E0
1.940138188E1,4.835322239E0,3.461718604E0,3.097377720E0,6.705041804E0
1.941138088E1,3.740585475E0,3.869414254E0,3.002470393E0,6.162724627E0
1.942138088E1,1.915150822E0,3.612344049E0,2.851353782E0,4.984681594E0
1.943137988E1,-1.957735509E-1,2.938117692E0,2.610475395E0,3.935154970E0
1.944137988E1,-2.045080631E0,2.410534241E0,2.275114481E0,3.894762639E0
1.945137888E1,-3.721897189E0,2.066929045E0,1.886107117E0,4.656405740E0
1.946137788E1,-5.178819847E0,1.806593170E0,1.531607974E0,5.694714819E0
1.947137788E1,-6.406401258E0,1.578400902E0,1.287063089E0,6.722340208E0
1.948137688E1,-7.515719808E0,1.152141658E0,8.139303723E-1,7.646957388E0
1.949137688E1,-8.429245512E0,5.896362231E-1,3.747224696E-1,8.458148007E0
1.950137588E1,-9.077306457E0,8.597698387E-2,2.465092564E-1,9.081060035E0
1.951137488E1,-9.440170627E0,-3.439411550E-1,1.894532955E-1,9.448333691E0
1.952137487E1,-9.614303632E0,-7.793006761E-1,2.840556899E-1,9.650017177E0
1.953137387E1,-9.775183339E0,-1.287834483E0,6.734469232E-1,9.882624030E0
1.954137387E1,-9.832003073E0,-1.707225149E0,1.510757095E0,1.009283355E1
1.955137287E1,-9.768936174E0,-1.939390893E0,2.651942679E0,1.030660715E1
1.956137187E1,-9.449121544E0,-1.956232920E0,3.580832527E0,1.029247817E1
1.957137188E1,-8.617504807E0,-1.850447288E0,4.438953524E0,9.868629725E0
1.958137088E1,-7.192418484E0,-1.555344307E0,5.090207047E0,8.947635853E0
1.959137088E1,-5.423368531E0,-9.183750924E-1,5.243533906E0,7.599407007E0
1.960136988E1,-3.578568485E0,-6.229360431E-1,5.394154673E0,6.503161258E0
1.961136888E1,-1.523466895E0,-5.102470413E-1,5.642531530E0,5.866810504E0
1.962136888E1,8.764900249E-1,4.605033159E-2,5.719597832E0,5.786549469E0
1.963136788E1,3.417454305E0,7.388231796E-1,5.250637103E0,6.308252025E0
1.964136788E1,6.076568593E0,1.265706427E0,4.335467162E0,7.571193707E0
1.965136688E1,9.839893305E0,2.148448733E0,-5.076028719E0,1.127853713E1
1.966136588E1,2.061364776E1,5.914446938E0,-3.084402047E1,3.756669742E1
1.967136588E1,2.438360497E1,3.982356732E0,-3.227447395E1,4.064555357E1
1.968136488E1,1.608191296E1,-1.615811972E0,-1.465876382E1,2.182013129E1
1.969136488E1,7.843672593E0,-2.891994855E0,-8.117777199E0,1.165268813E1
1.970136388E1,3.146603674E0,-1.198497433E0,1.769659817E-1,3.371769230E0
1.971136288E1,8.082723141E-2,1.548623079E0,1.071934728E1,1.083093591E1
1.972136288E1,-2.662738978E0,3.934573871E0,1.630578998E1,1.698381104E1
1.973136188E1,-5.005538780E0,4.847902232E0,1.211161728E1,1.397314738E1
1.974136188E1,-6.395133088E0,1.852896101E0,3.935969309E0,7.734520385E0
1.975136088E1,-4.552493003E0,-1.562883999E0,1.821972224E0,5.146589329E0
1.976135988E1,-4.598425806E-1,-2.774022309E0,4.770158529E-1,2.852051734E0
1.977135987E1,5.178683022E0,-2.416342573E0,-1.289504302E0,5.858352210E0
1.978135887E1,9.827244608E0,-2.376414130E0,-1.469920141E0,1.021678746E1
1.979135887E1,1.102074552E1,-3.155592014E0,1.096978587E0,1.151598693E1
1.980135787E1,1.050091753E1,-3.914015061E0,2.594278607E0,1.150300240E1
1.981135687E1,8.498920934E0,-4.948077607E0,1.896795973E0,1.001563598E1
1.982135688E1,6.605461528E0,-5.420336750E0,3.150327766E-1,8.550521513E0
1.983135588E1,6.121223195E0,-5.251605987E0,-8.719952703E-2,8.065751211E0
1.984135588E1,5.862128976E0,-4.894271821E0,5.372684866E-2,7.636840928E0
1.985135488E1,5.448775853E0,-4.172314350E0,4.562322173E-1,6.877900346E0
1.986135388E1,4.277678545E0,-3.419703144E0,8.332871412E-1,5.539609263E0
1.987135388E1,2.179931458E0,-2.757799501E0,9.196198185E-1,3.633629021E0
1.988135288E1,-3.902022421E-2,-1.976168856E0,1.039645468E0,2.233299941E0
1.989135312E1,-1.789405864E0,-1.046683323E0,1.337460533E0,2.467046819E0
1.990135212E1,-3.158665311E0,-1.088068892E-1,1.520775422E0,3.507386972E0
1.991135112E1,-4.329010667E0,7.857156564E-1,1.540817192E0,4.661737880E0
1.992135112E1,-5.255316045E0,1.587524166E0,1.699316643E0,5.746847550E0
1.993135012E1,-5.946022487E0,2.253525683E0,2.001368455E0,6.666261105E0
1.994135013E1,-6.623714781E0,2.672733623E0,2.183274311E0,7.468854614E0
1.995134913E1,-7.419828980E0,2.744378680E0,2.125320218E0,8.191609271E0
1.996134813E1,-8.194151191E0,2.604617654E0,1.738096547E0,8.772065120E0
1.997134813E1,-8.932009580E0,2.346640838E0,9.102524328E-1,9.279874883E0
1.998134713E1,-9.420948490E0,2.116570736E0,2.040561090E-2,9.655804395E0
1.999134713E1,-9.656062692E0,1.933948451E0,-4.309374912E-1,9.857251668E0
2.000134613E1,-9.692054644E0,1.814032436E0,-6.324202269E-1,9.880616997E0
2.001134513E1,-9.668558777E0,1.722935594E0,-5.908002575E-1,9.838626979E0
2.002134513E1,-9.626977472E0,1.718148040E0,-5.473391461E-1,9.794401875E0
2.003134413E1,-9.475260352E0,1.670412395E0,-4.337583708E-1,9.631146486E0
2.004134413E1,-8.986399795E0,1.448601485E0,-2.852131462E-1,9.106875099E0
2.005134313E1,-8.200258023E0,1.233121648E0,-1.728349239E-1,8.294256600E0
2.006134213E1,-7.154144949E0,1.166669138E0,-5.641466752E-2,7.248868149E0
2.007134213E1,-5.410037464E0,1.152292662E0,-8.462982193E-2,5.532038137E0
2.008134113E1,-2.161130905E0,1.547504506E0,-3.483293076E-1,2.680781657E0
2.009134113E1,2.757309505E0,2.252279349E0,-1.947182746E-1,3.565590159E0
2.010134013E1,7.275611499E0,1.077857899E0,2.060078593E-1,7.357903205E0
2.011133913E1,1.071319835E1,-5.326860237E0,-5.705760542E-1,1.197804725E1
2.012133913E1,1.559126374E1,-8.709294983E0,-5.985794298E-1,1.786890096E1
2.013133813E1,2.089973565E1,-4.682161442E0,-1.101689104E0,2.144610232E1
2.014133812E1,2.047597156E1,-2.363783267E0,-3.805083772E0,2.096023724E1
2.015133712E1,1.441269427E1,-3.113428034E0,-5.559126846E0,1.575827026E1
2.016133612E1,8.076819207E0,-2.883063233E0,-4.923333360E0,9.888694225E0
2.017133613E1,2.563089559E0,-2.161689022E0,-3.728468875E0,5.014360145E0
2.018133513E1,-2.185091625E0,-2.439133704E0,-2.742847002E0,4.271675117E0
2.019133513E1,-5.418642227E0,-3.629886573E0,-2.536421578E0,6.997942165E0
2.020133413E1,-6.785372168E0,-4.937181906E0,-2.850155103E0,8.862303580E0
2.021133313E1,-5.556526004E0,-4.325507015E0,-2.532810338E0,7.483322817E0
2.022133313E1,-2.537660603E0,-1.867739112E0,-1.770547425E0,3.614278477E0
2.023133213E1,-2.586603552E-1,-1.165180803E0,-2.338998528E0,2.625921856E0
2.024133213E1,2.245923133E0,-1.161428352E0,-2.863944007E0,3.820374565E0
2.025133113E1,4.783827565E0,-1.213002110E0,-2.886380943E0,5.717304893E0
2.026133013E1,6.894539099E0,-9.931242894E-1,-2.871809682E0,7.534471189E0
2.027133013E1,8.556883214E0,-2.765276921E-1,-3.143085405E0,9.120071478E0
2.028132913E1,9.402091219E0,2.960725951E-1,-2.597700398E0,9.758843458E0
2.029132913E1,8.937283768E0,9.704996578E-1,-1.312013597E0,9.085058636E0
2.030132813E1,7.506477115E0,1.493350080E0,-2.096355450E-1,7.656450888E0
2.031132713E1,5.878005921E0,1.896608278E0,9.411432731E-1,6.247705757E0
2.032132713E1,4.470858271E0,2.339968288E0,2.435613680E0,5.603234715E0
2.033132613E1,3.117883905E0,2.762018560E0,3.754020038E0,5.607371311E0
2.034132613E1,1.613982963E0,3.015307370E0,4.568730429E0,5.707041026E0
2.035132513E1,-4.773725331E-2,2.955173728E0,4.957953554E0,5.772056311E0
2.036132413E1,-1.678968918E0,2.817249312E0,4.969073789E0,5.953782381E0
2.037132413E1,-3.194396476E0,2.641877866E0,4.558337587E0,6.161341499E0
2.038132312E1,-4.399808169E0,2.334688399E0,4.226690240E0,6.532533370E0
2.039132312E1,-5.682117764E0,1.972665204E0,3.651540567E0,7.036449304E0
2.040132212E1,-6.939468520E0,1.229294353E0,2.833015745E0,7.595614929E0
2.041132112E1,-7.930414283E0,3.369313301E-1,2.072256736E0,8.203611485E0
2.042132113E1,-8.557940390E0,-4.507515489E-1,1.530995478E0,8.705484928E0
2.043132013E1,-9.014572265E0,-1.233293410E0,9.473506773E-1,9.147731908E0
2.044132013E1,-9.279244727E0,-1.799836128E0,3.464562982E-1,9.458531850E0
2.045131913E1,-9.332037483E0,-2.212282055E0,6.294317150E-1,9.611311032E0
2.046131813E1,-9.398735502E0,-2.475986511E0,2.080842202E0,9.939650020E0
2.047131813E1,-9.428097880E0,-2.580569810E0,3.690879757E0,1.044849097E1
2.048131713E1,-9.353624818E0,-2.585311317E0,4.920617913E0,1.088056122E1
2.049131713E1,-9.161604010E0,-2.428734869E0,5.380951660E0,1.089900830E1
2.050131613E1,-8.753816852E0,-2.094280273E0,5.411657728E0,1.050244537E1
2.051131513E1,-7.834663787E0,-1.871370672E0,5.338104433E0,9.663298805E0
2.052131513E1,-6.328256729E0,-1.449369224E0,5.298321147E0,8.379720243E0
2.053131413E1,-4.257044306E0,-6.482893509E-1,5.425355415E0,6.926556626E0
2.054131413E1,-1.668580754E0,2.738851161E-1,5.552015462E0,5.803796213E0
2.055131313E1,1.579257519E0,1.173177893E0,5.450576795E0,5.794755222E0
2.056131213E1,5.113418155E0,1.960721828E0,5.607685633E0,7.838214941E0
2.057131213E1,8.344804702E0,2.519711697E0,5.562326442E0,1.034041527E1
2.058131113E1,1.163799515E1,3.692024057E0,2.045912690E0,1.237981145E1
2.059131113E1,1.747003728E1,7.568970401E0,-1.177592044E1,2.238668840E1
2.060131013E1,2.063952988E1,9.417828416E0,-2.695714467E1,3.523312837E1
2.061130913E1,1.340692874E1,4.323202920E0,-2.104968165E1,2.532834221E1
2.062130912E1,7.046552673E0,4.605574758E-1,-1.224634414E1,1.413644095E1
2.063130812E1,4.331496318E0,6.595396131E-2,-6.071932336E0,7.458858664E0
2.064130812E1,1.978035287E0,6.108167385E-1,-1.704330923E0,2.681504164E0
2.065130712E1,3.933141303E-1,1.917330079E0,3.027503200E0,3.605083392E0
2.066130612E1,-2.079509622E-1,3.176867108E0,3.299674132E0,4.585147501E0
2.067130613E1,2.875537866E-1,2.064532710E0,4.735530149E0,5.173995388E0
2.068130513E1,1.086652404E-1,-1.271812528E0,6.672341981E0,6.793339587E0
2.069130513E1,1.260497727E0,-2.872007318E0,5.557576164E0,6.381530645E0
2.070130413E1,3.621585866E0,-3.453225816E0,4.192145767E0,6.527996542E0
2.071130313E1,6.194018691E0,-3.363297686E0,4.812390337E0,8.534444306E0
2.072130313E1,7.693138365E0,-3.719164200E0,4.301202186E0,9.566446597E0
2.073130213E1,6.847893521E0,-5.115683366E0,2.129973432E0,8.809123044E0
2.074130213E1,5.883849628E0,-5.840672033E0,1.056137832E0,8.357545296E0
2.075130113E1,5.854860302E0,-5.778343638E0,1.263717788E0,8.322597372E0
2.076130013E1,5.687383182E0,-5.786675920E0,1.369590983E0,8.228470400E0
2.077130013E1,5.432501882E0,-5.472123785E0,1.308316256E0,7.820991424E0
2.078129913E1,5.218003208E0,-4.712780972E0,1.548651438E0,7.199734942E0
2.079129813E1,3.988210965E0,-3.998050952E0,1.163407927E0,5.765739859E0
2.080129813E1,2.039965487E0,-3.154608513E0,5.271533883E-1,3.793534599E0
2.081129713E1,-9.149723053E-3,-2.234613303E0,2.660693622E-1,2.250416236E0
2.082129713E1,-1.954343539E0,-1.379805192E0,1.193229604E-1,2.395320230E0
2.083129613E1,-3.674768046E0,-4.965230414E-1,-2.084953380E-1,3.714017451E0
2.084129513E1,-5.110435490E0,3.840261206E-1,-6.276704606E-1,5.163138306E0
2.085129513E1,-6.266522411E0,1.119517995E0,-8.334130025E-1,6.420062375E0
2.086129413E1,-7.269866025E0,1.602654129E0,-7.606935203E-1,7.483188285E0
2.087129412E1,-8.090350249E0,1.880532235E0,-4.545917809E-1,8.318462738E0
2.088129312E1,-8.825897233E0,2.072875517E0,-2.114715707E-1,9.068516698E0
2.089129167E1,-9.453283592E0,2.116177073E0,-1.508417916E-1,9.688422438E0
2.090129167E1,-9.825427294E0,1.949795428E0,-1.719455624E-1,1.001849734E1
2.091129067E1,-1.002696912E1,1.727582522E0,-6.279091001E-2,1.017490019E1
2.092129067E1,-1.007422749E1,1.586842527E0,1.709579676E-1,1.019987036E1
2.093128967E1,-1.011088018E1,1.460882538E0,4.362911654E-1,1.022518585E1
2.094128867E1,-1.001545946E1,1.386657106E0,7.004028797E-1,1.013522621E1
2.095128867E1,-9.835054150E0,1.361594916E0,1.040271120E0,9.983205640E0
2.096128767E1,-9.365161960E0,1.261859543E0,1.379890269E0,9.550007602E0
2.097128767E1,-8.416026127E0,1.274256225E0,1.636567249E0,8.667847314E0
2.098128667E1,-7.247420903E0,1.266178882E0,1.896065510E0,7.597590613E0
2.099128567E1,-5.329390912E0,1.358860758E0,1.860157174E0,5.805953390E0
2.100128567E1,-2.313845560E0,1.901833788E0,1.674331491E0,3.431361097E0
2.101128467E1,1.313937770E0,2.676326153E0,8.423164847E-1,3.098169007E0
2.102128467E1,4.376495320E0,1.402900524E0,-6.813682924E-1,4.646084795E0
2.103128367E1,6.531483725E0,-5.533556972E0,-2.191937546E0,8.836578671E0
2.104128267E1,1.146633142E1,-8.516956671E0,-1.423901677E0,1.435419114E1
2.105128267E1,1.754054300E1,-5.900238204E0,-2.067380158E0,1.862142638E1
2.106128167E1,1.927600129E1,-4.100164095E0,-4.427964267E0,2.019857517E1
2.107128167E1,1.559303427E1,-3.872850955E0,-6.048732923E0,1.716766910E1
2.108128067E1,9.991621535E0,-3.572117836E0,-4.819476285E0,1.165417858E1
2.109127967E1,4.335732041E0,-3.190207531E0,-3.041994063E0,6.183019028E0
2.110127967E1,-5.815354174E-1,-3.094308224E0,-2.215091058E0,3.849617542E0
2.111127867E1,-4.087356353E0,-3.149093711E0,-2.801077083E0,5.871056633E0
2.112127867E1,-6.303577386E0,-4.369109702E0,-3.473524425E0,8.419594965E0
2.113127767E1,-5.793395541E0,-6.321992022E0,-4.508481596E0,9.688003990E0
2.114127667E1,-1.964920567E0,-5.747982556E0,-5.651716336E0,8.297114790E0
2.115127667E1,2.968301604E0,-1.849541992E0,-5.567388961E0,6.574757778E0
2.116127567E1,5.534645723E0,1.655170165E0,-4.964398355E0,7.616898489E0
2.117127567E1,6.540235253E0,2.601144700E0,-3.826281098E0,8.011308130E0
2.118127467E1,6.972974820E0,2.155858471E0,-2.609334018E0,7.751046871E0
2.119127367E1,7.255771312E0,2.201303177E0,-2.069646685E0,7.859732209E0
2.120127367E1,7.314436426E0,2.396544047E0,-1.446119342E0,7.831708929E0
2.121127267E1,7.258318943E0,2.473321058E0,-4.139046617E-1,7.679311688E0
2.122127267E1,7.075293492E0,2.381958313E0,6.092808942E-1,7.490308846E0
2.123127167E1,6.510249562E0,2.407428931E0,1.573192056E0,7.117162121E0
2.124127067E1,5.666779933E0,2.739137528E0,2.484335750E0,6.766623480E0
2.125127067E1,4.319870884E0,3.146860367E0,3.164590294E0,6.211171094E0
2.126126967E1,2.769794480E0,3.429630839E0,3.507217251E0,5.633356193E0
2.127126967E1,1.163756129E0,3.337560874E0,3.512125404E0,4.982837120E0
2.128126867E1,-6.245206386E-1,2.912268906E0,3.244099563E0,4.404034308E0
2.129126767E1,-2.520569776E0,2.258085488E0,3.072177097E0,4.570612015E0
2.130126767E1,-4.256413976E0,1.478121738E0,3.044168057E0,5.437725900E0
2.131126667E1,-5.587998642E0,7.932417539E-1,3.059448878E0,6.419905665E0
2.132126667E1,-6.534373419E0,5.480636162E-1,2.963873800E0,7.196037633E0
2.133126567E1,-7.359571669E0,3.520520105E-1,2.604870254E0,7.814895060E0
2.134126467E1,-8.165826693E0,-1.215795836E-1,2.259902657E0,8.473645449E0
2.135126467E1,-8.898643028E0,-7.831126953E-1,1.581336789E0,9.071920374E0
2.136126367E1,-9.443797655E0,-1.310998374E0,9.250236690E-1,9.579128335E0
2.137126267E1,-9.729835843E0,-1.660130651E0,5.396863103E-1,9.885190975E0
2.138126267E1,-9.791563144E0,-1.992009840E0,3.641303846E-1,9.998770072E0
2.139126167E1,-9.575497416E0,-2.180771264E0,1.013162259E0,9.872811749E0
2.140126167E1,-9.219338248E0,-2.155868119E0,2.405843897E0,9.768932897E0
2.141126067E1,-8.964848712E0,-1.965179307E0,3.971084763E0,9.999997816E0
2.142125967E1,-8.333821877E0,-1.560388408E0,5.292701973E0,9.995003413E0
2.143125967E1,-7.323558667E0,-1.240374388E0,6.344961054E0,9.768908381E0
2.144125867E1,-6.098824850E0,-1.212535283E0,6.856940918E0,9.256540667E0
2.145125867E1,-4.513895532E0,-1.237191164E0,6.765635476E0,8.226768396E0
2.146125767E1,-2.664362165E0,-1.283895068E0,6.546882952E0,7.183932675E0
2.147125667E1,-6.804451632E-1,-1.535915617E0,6.198406441E0,6.422015635E0
2.148125667E1,1.536973379E0,-1.562180141E0,5.333768138E0,5.766435338E0
2.149125567E1,4.216448257E0,-1.095183565E0,4.390317553E0,6.184880853E0
2.150125567E1,7.156975002E0,-1.852314230E-1,1.186645639E-1,7.160354959E0
2.151125467E1,1.344181323E1,3.086715322E0,-2.121034910E1,2.529998149E1
2.152125367E1,2.267695943E1,6.419024811E0,-4.109651904E1,4.737480602E1
2.153125367E1,1.962905149E1,1.495637365E0,-2.456645910E1,3.148090701E1
2.154125267E1,1.009996342E1,-2.828837032E0,-9.683890761E0,1.427547969E1
2.155125267E1,3.629674319E0,-1.725974684E0,7.593404746E-1,4.090247209E0
2.156125167E1,1.859057897E-1,2.295022496E0,1.048854131E1,1.073830471E1
2.157125067E1,-1.044042574E0,6.869837537E0,1.283202933E1,1.459265806E1
2.158125067E1,-8.631127650E-1,7.671018932E0,5.162507284E0,9.286601993E0
2.159124967E1,-7.807915699E-1,1.578768984E0,4.765756745E0,5.080805481E0
2.160124967E1,5.998506510E-1,-2.156744909E0,4.492311413E0,5.019186312E0
2.161124867E1,4.231691363E0,-2.919147862E0,1.402499990E0,5.328756165E0
2.162124767E1,7.306312889E0,-3.629377573E0,1.438329681E0,8.283923097E0
2.163124767E1,8.196099483E0,-4.375223258E0,3.648461423E0,9.981477648E0
2.164124667E1,8.749628491E0,-4.736974703E0,3.379418459E0,1.050787311E1
2.165124667E1,8.176728242E0,-5.043477269E0,1.120009600E0,9.672123304E0
2.166124567E1,6.675567890E0,-5.168572016E0,-6.593802765E-1,8.468301228E0
2.167124467E1,5.509126720E0,-5.166123202E0,-7.491467312E-1,7.589501102E0
2.168124467E1,4.629831201E0,-5.056458088E0,-4.617683610E-1,6.871414364E0
2.169124367E1,4.108606889E0,-4.388534153E0,5.362481475E-2,6.011884746E0
2.170124367E1,3.565587666E0,-3.495729226E0,9.502821788E-1,5.082969058E0
2.171124267E1,2.121983796E0,-2.756278933E0,1.435500798E0,3.763050801E0
2.172124167E1,4.646098155E-1,-1.959972069E0,1.604001181E0,2.574912150E0
2.173124167E1,-8.808526325E-1,-9.818568510E-1,1.698029087E0,2.150173717E0
2.174124067E1,-1.904452756E0,1.628312150E-1,1.696430165E0,2.555646613E0
2.175124067E1,-2.719885570E0,1.190931794E0,1.684519680E0,3.413751984E0
2.176123967E1,-3.440184771E0,2.005468669E0,1.787518383E0,4.364859426E0
2.177123867E1,-4.328255791E0,2.508012881E0,1.751756959E0,5.300243319E0
2.178123867E1,-5.497753301E0,2.692980192E0,1.409907535E0,6.282139200E0
2.179123767E1,-6.755166621E0,2.665445654E0,8.366208581E-1,7.310048637E0
2.180123767E1,-7.890247419E0,2.577230465E0,3.335321975E-1,8.307187547E0
2.181123667E1,-8.812893611E0,2.393796148E0,7.280127011E-2,9.132505342E0
2.182123567E1,-9.346490631E0,2.143858815E0,-3.124588323E-1,9.594302906E0
2.183123567E1,-9.725279108E0,1.877927593E0,-6.257584941E-1,9.924678305E0
2.184123467E1,-9.897571410E0,1.712371722E0,-7.514771390E-1,1.007267862E1
2.185123467E1,-9.901759186E0,1.633002201E0,-8.955408382E-1,1.007539203E1
2.186123367E1,-9.744954404E0,1.665921148E0,-7.622898102E-1,9.915670192E0
2.187123267E1,-9.537197569E0,1.598807684E0,3.709239721E-2,9.670351562E0
2.188123267E1,-9.086580725E0,1.561702277E0,1.309996161E0,9.312408562E0
2.189123212E1,-8.280506380E0,1.747619907E0,2.158422475E0,8.733827845E0
2.190123112E1,-7.106045753E0,2.098530761E0,2.615847816E0,7.857631793E0
2.191123113E1,-5.407108009E0,2.451858853E0,2.938196629E0,6.624305872E0
2.192123013E1,-2.858983229E0,2.917055729E0,2.671308657E0,4.880459934E0
2.193123013E1,7.166166240E-1,3.722812863E0,1.506526927E0,4.079521832E0
2.194122913E1,4.599947836E0,4.103255517E0,1.554165801E-1,6.166066838E0
2.195122813E1,7.864636030E0,2.269646164E0,-1.064722933E0,8.254539874E0
2.196122813E1,9.401480770E0,-4.499239194E0,-6.136645811E0,1.209501616E1
2.197122713E1,1.216726172E1,-9.667665907E0,-9.319365982E0,1.812061269E1
2.198122713E1,1.632359241E1,-5.058099402E0,-7.734265341E0,1.875800894E1
2.199122613E1,1.454228494E1,-3.404255385E0,-7.420057021E0,1.667705766E1
2.200122513E1,8.792164646E0,-3.796965790E0,-4.811755914E0,1.071784042E1
2.201122513E1,2.841925147E0,-4.204751487E0,-1.990938338E0,5.451633615E0
2.202122413E1,-2.009567567E0,-5.008096352E0,-1.231709253E0,5.535024712E0
2.203122413E1,-4.554939478E0,-6.170436870E0,-1.630781721E0,7.840995717E0
2.204122313E1,-4.074980721E0,-6.416515771E0,-3.319439768E0,8.294324740E0
2.205122213E1,-1.138300860E-1,-3.709075999E0,-4.630793653E0,5.934176599E0
2.206122213E1,3.539625444E0,-1.812267747E0,-5.101666421E0,6.468404976E0
2.207122113E1,5.730572471E0,-9.562163718E-1,-4.959693686E0,7.638872433E0
2.208122113E1,6.434996481E0,-8.715241309E-1,-3.845172575E0,7.546793104E0
2.209122013E1,6.609080370E0,-4.759466895E-1,-2.812589959E0,7.198411690E0
2.210121913E1,7.082259865E0,6.144726370E-1,-2.197696907E0,7.440823416E0
2.211121912E1,7.217041694E0,1.264971724E0,-1.108376272E0,7.410421191E0
2.212121812E1,6.873531223E0,1.207488624E0,3.033623189E-2,6.978852380E0
2.213121812E1,6.538220302E0,1.247547314E0,1.141134421E0,6.753287110E0
2.214121712E1,6.147091277E0,1.612699938E0,2.666947803E0,6.892034739E0
2.215121612E1,5.247066209E0,1.585121984E0,4.958783859E0,7.391471630E0
2.216121613E1,4.013029472E0,1.825837088E0,6.106508092E0,7.531767899E0
2.217121513E1,2.799568502E0,2.701763587E0,5.953787005E0,7.112291472E0
2.218121513E1,1.416966879E0,3.268473682E0,5.016223397E0,6.152496446E0
2.219121413E1,-1.482210696E-2,3.545016577E0,4.199243994E0,5.495544773E0
2.220121313E1,-1.657372811E0,3.301889350E0,3.488621643E0,5.081322553E0
2.221121313E1,-3.345275105E0,2.683529045E0,2.820062115E0,5.132732606E0
2.222121213E1,-4.857948040E0,1.919387130E0,2.280858785E0,5.699651122E0
2.223121113E1,-6.126883884E0,1.186702211E0,1.402168453E0,6.396330560E0
2.224121113E1,-7.047045593E0,7.210451590E-1,1.620953429E-1,7.085692106E0
2.225121013E1,-7.683309780E0,3.386493152E-1,-9.128485966E-1,7.744754682E0
2.226121013E1,-8.234471251E0,-2.562333953E-1,-1.914958741E0,8.458087214E0
2.227120913E1,-8.760327142E0,-8.860629402E-1,-1.725127715E0,8.972430262E0
2.228120813E1,-9.138920907E0,-1.062823685E0,-2.608442903E-2,9.200551610E0
2.229120813E1,-9.303197261E0,-7.603380096E-1,1.826272852E0,9.511196859E0
2.230120713E1,-9.303868521E0,-3.235495386E-1,3.212074363E0,9.848049324E0
2.231120713E1,-9.229479659E0,9.740620740E-2,4.192115946E0,1.013738718E1
2.232120613E1,-9.067169724E0,1.306791303E-1,5.187016473E0,1.044680735E1
2.233120513E1,-8.885786170E0,-1.436432113E-1,6.242447085E0,1.086029350E1
2.234120513E1,-8.287106717E0,-3.760016942E-1,6.968084793E0,1.083382300E1
2.235120413E1,-7.153628055E0,-4.625498414E-1,7.138161001E0,1.011640693E1
2.236120412E1,-5.706834530E0,-5.989057410E-1,7.035884428E0,9.079114391E0
2.237120312E1,-2.776188995E0,-4.314711593E-1,6.890429091E0,7.441196527E0
2.238120212E1,1.140500582E0,-4.312270381E-2,7.181573653E0,7.271698652E0
2.239120212E1,5.110408593E0,6.083107681E-1,7.078613541E0,8.751747691E0
2.240120113E1,9.159486149E0,1.344694709E0,6.238689079E0,1.116358508E1
2.241120113E1,1.253951301E1,2.192929818E0,-3.382606069E0,1.317157362E1
2.242120013E1,1.909224669E1,5.210940356E0,-4.093693683E1,4.546977655E1
2.243119913E1,2.077937423E1,3.592659982E0,-4.351235466E1,4.835302066E1
2.244119913E1,1.191335574E1,-2.561952860E0,-1.463593161E1,1.904474052E1
2.245119813E1,5.777137358E0,-2.258907753E0,6.588508111E-1,6.237953565E0
2.246119813E1,2.201221170E0,9.886763124E-1,1.091420691E1,1.117778010E1
2.247119713E1,-4.518055826E-1,5.003800403E0,1.763070356E1,1.833258996E1
2.248119613E1,-3.040933378E0,7.562339659E0,6.774498686E0,1.059858903E1
2.249119613E1,-4.258366946E0,4.073909804E0,-7.243376384E0,9.337929726E0
2.250119513E1,-1.216859372E0,-5.375039832E-1,-4.474229483E0,4.667803202E0
2.251119513E1,2.311987315E0,-2.292645603E0,3.125079489E-1,3.270958639E0
2.252119413E1,4.694494389E0,-2.562233234E0,3.731532816E0,6.521323016E0
2.253119313E1,6.413530768E0,-2.877812433E0,6.428727096E0,9.525949474E0
2.254119313E1,7.679966342E0,-3.419794945E0,6.627551140E0,1.070520035E1
2.255119213E1,7.602140486E0,-4.656545083E0,4.633691240E0,1.004724075E1
2.256119213E1,6.781966165E0,-5.781785309E0,2.448022787E0,9.242127568E0
2.257119113E1,6.855726451E0,-5.976030398E0,1.316981538E0,9.189579145E0
2.258119013E1,7.266766416E0,-5.915325190E0,1.702320358E-1,9.371549775E0
2.259119013E1,7.366329880E0,-5.784075664E0,-9.438560888E-1,9.413246598E0
2.260118912E1,6.914847064E0,-5.316584340E0,-1.313225871E0,8.820756269E0
2.261118912E1,5.309433780E0,-4.764598120E0,-1.036466629E0,7.208727029E0
2.262118812E1,2.562068051E0,-4.024375117E0,-7.749104404E-1,4.833246731E0
2.263118712E1,-1.684348941E-2,-2.606802174E0,-3.794015577E-1,2.634320941E0
2.264118713E1,-2.175221525E0,-1.440568141E0,1.234142572E-2,2.609018506E0
2.265118613E1,-3.577634684E0,-1.091081670E-1,3.336503112E-1,3.594815302E0
2.266118613E1,-4.597084454E0,1.044750672E0,8.481023777E-1,4.789986126E0
2.267118513E1,-5.373237428E0,2.018314856E0,1.497764436E0,5.931995753E0
2.268118413E1,-6.064542625E0,2.822825217E0,2.173514138E0,7.033575418E0
2.269118413E1,-6.594522557E0,3.468778825E0,2.933680240E0,8.007910717E0
2.270118313E1,-7.281587938E0,3.578358277E0,3.351190149E0,8.778191515E0
2.271118213E1,-8.153810080E0,3.219830695E0,3.285962119E0,9.362129863E0
2.272118213E1,-8.852426636E0,2.770090641E0,2.635658183E0,9.642901719E0
2.273118113E1,-9.230843815E0,2.401900535E0,1.780051489E0,9.702895805E0
2.274118113E1,-9.348159426E0,2.197451470E0,1.308702757E0,9.691727427E0
2.275118013E1,-9.398948341E0,2.055176434E0,1.094714545E0,9.683097646E0
2.276117913E1,-9.381054107E0,1.994232367E0,9.360316372E-1,9.636248965E0
2.277117913E1,-9.387678418E0,1.909891836E0,7.585265422E-1,9.609971666E0
2.278117813E1,-9.344561634E0,1.877757001E0,6.102575254E-1,9.550875234E0
2.279117813E1,-9.254499895E0,1.878519185E0,4.700155663E-1,9.454920268E0
2.280117713E1,-9.092222704E0,1.816302472E0,3.033014713E-1,9.276823818E0
2.281117613E1,-8.649599589E0,1.590067851E0,-6.897616781E-2,8.794807930E0
2.282117613E1,-8.202066566E0,1.219595576E0,-6.392725790E-1,8.316849088E0
2.283117513E1,-7.798123952E0,7.799606806E-1,-1.207583787E0,7.929522964E0
2.284117512E1,-6.641228946E0,4.086144664E-1,-2.106719055E0,6.979337567E0
2.285117412E1,-2.452188928E0,-6.351273416E-1,-4.614065938E0,5.263669990E0
2.286117312E1,4.947929088E0,-7.870352853E0,-8.070970822E0,1.231117485E1
2.287117312E1,1.670267442E1,-7.094658301E0,-1.415077643E0,1.820208653E1
2.288117212E1,2.703423670E1,-1.072521146E0,-5.323118019E-1,2.706073930E1
2.289117225E1,2.969134715E1,-5.378961852E-1,-5.003246087E0,3.011474555E1
2.290117125E1,2.320807372E1,-4.408324931E0,-7.430173874E0,2.476399601E1
2.291117025E1,1.237684815E1,-6.848495200E0,-5.474956176E0,1.516784104E1
2.292117025E1,3.586987891E0,-6.366636683E0,-3.073632469E0,7.927657998E0
2.293116925E1,-1.768117322E0,-5.101728986E0,-2.504114834E0,5.951845816E0
2.294116925E1,-5.917513803E0,-5.229032811E0,-2.953413423E0,8.431038168E0
2.295116825E1,-8.251047522E0,-7.421196059E0,-3.730374190E0,1.170767388E1
2.296116725E1,-6.090697805E0,-7.894424086E0,-4.260101230E0,1.084283145E1
2.297116725E1,1.395747918E-1,-2.770251147E0,-3.716587625E0,4.637542034E0
2.298116625E1,3.366150835E0,1.325664653E-1,-4.102029941E0,5.308031174E0
2.299116525E1,4.793926291E0,4.313251251E-1,-3.750817225E0,6.102163592E0
2.300116525E1,5.633392916E0,-5.832186846E-1,-2.794498966E0,6.315416396E0
2.301116425E1,6.783354878E0,-5.982697101E-1,-2.531415192E0,7.264977146E0
2.302116425E1,7.961168883E0,-1.774637260E-1,-2.256738582E0,8.276748902E0
2.303116325E1,8.640094939E0,3.455514416E-2,-1.110880050E0,8.711285158E0
2.304116225E1,8.700056382E0,3.099987625E-1,6.998871553E-1,8.733666029E0
2.305116225E1,7.991144634E0,7.789317168E-1,4.109678099E0,9.019677448E0
2.306116125E1,5.374479377E0,6.338558646E-1,6.210200275E0,8.237316874E0
2.307116125E1,2.366462315E0,3.205237506E-1,6.676426846E0,7.090666738E0
2.308116025E1,8.156620252E-1,1.281508527E0,6.473530802E0,6.649373631E0
2.309115925E1,3.568199033E-1,2.678077978E0,5.260020715E0,5.913310412E0
2.310115925E1,-5.864400619E-1,3.347641181E0,4.419030013E0,5.574804004E0
2.311115825E1,-2.024918847E0,3.477666593E0,3.743450611E0,5.496169916E0
2.312115825E1,-3.531386717E0,3.328681877E0,2.938812341E0,5.673396968E0
2.313115725E1,-4.985169420E0,2.881315208E0,2.407363296E0,6.240936589E0
2.314115625E1,-6.115402291E0,2.570927752E0,1.767699831E0,6.865316991E0
2.315115625E1,-7.046784223E0,2.519614341E0,8.320634651E-1,7.529804375E0
2.316115525E1,-7.893642313E0,2.280914041E0,4.970864207E-2,8.216728593E0
2.317115525E1,-8.684741355E0,1.736243857E0,-5.673225904E-1,8.874746760E0
2.318115425E1,-9.181582192E0,1.194128832E0,-7.130811051E-1,9.286327578E0
2.319115325E1,-9.440913223E0,8.029764909E-1,-3.377518407E-1,9.481017352E0
2.320115325E1,-9.636946975E0,4.676508062E-1,2.868477353E-1,9.652550228E0
2.321115225E1,-9.695989820E0,3.006061607E-1,1.032736690E0,9.755466556E0
2.322115125E1,-9.614245160E0,2.631320134E-1,1.913488751E0,9.806344255E0
2.323115125E1,-9.385807893E0,4.293595836E-2,2.891764182E0,9.821279621E0
2.324115025E1,-8.736704975E0,-2.644594775E-1,3.905696227E0,9.573631268E0
2.325115025E1,-7.706985741E0,-3.892720963E-1,4.321014599E0,8.844225751E0
2.326114925E1,-6.623770330E0,-7.629916222E-1,4.532822970E0,8.062442166E0
2.327114925E1,-5.048262631E0,-1.187923182E0,4.938610965E0,7.161424114E0
2.328114825E1,-2.806863488E0,-1.160753145E0,5.298802373E0,6.107629416E0
2.329114725E1,1.208093226E-2,-1.006705617E0,5.713707347E0,5.801728518E0
2.330114725E1,3.132757468E0,-1.133609639E0,5.971694688E0,6.838156009E0
2.331114625E1,7.058155888E0,-7.234049490E-1,5.237924087E0,8.819111520E0
2.332114525E1,1.161771350E1,4.558172111E-1,1.906425314E0,1.178191384E1
2.333114525E1,1.655145139E1,1.693898760E0,-1.668138939E1,2.356031808E1
2.334114425E1,2.255957306E1,2.407060702E0,-3.990481439E1,4.590340390E1
2.335114425E1,1.578553865E1,-3.131911960E0,-2.582780643E1,3.043136027E1
2.336114325E1,6.044536961E0,-6.923719629E0,-8.636072055E0,1.261174298E1
2.337114225E1,1.849462616E0,-4.770817218E0,1.959056687E0,5.478969976E0
2.338114225E1,-1.055829391E0,-8.665957320E-1,1.229882290E1,1.237444175E1
2.339114125E1,-3.525310290E0,4.351767445E0,1.588468871E1,1.684307062E1
2.340114125E1,-4.540586318E0,5.199911923E0,1.631514085E0,7.093507336E0
2.341114025E1,-1.496877267E0,2.342014083E0,-5.718217889E0,6.357962515E0
2.342113925E1,2.632711771E0,6.037546176E-2,-3.202962062E0,4.146538609E0
2.343113925E1,6.228541821E0,-7.032338823E-1,-1.856317892E0,6.537215556E0
2.344113825E1,7.542733360E0,-1.609806443E0,1.076674423E0,7.787395658E0
2.345113825E1,7.191396976E0,-2.356325582E0,5.033755689E0,9.088847949E0
2.346113725E1,6.851500084E0,-2.606700140E0,6.066633589E0,9.515355071E0
2.347113625E1,5.412485694E0,-3.264955412E0,4.252582588E0,7.618359003E0
2.348113625E1,4.260519891E0,-3.878877095E0,2.336945278E0,6.217638659E0
2.349113525E1,4.134349256E0,-4.321640251E0,1.569439751E0,6.183248286E0
2.350113525E1,4.402557530E0,-4.792346374E0,1.134608928E0,6.605787916E0
2.351113425E1,4.522140107E0,-5.084398423E0,7.319135249E-1,6.843723831E0
2.352113325E1,4.004414184E0,-5.227694968E0,5.679958972E-1,6.609595069E0
2.353113325E1,2.768289991E0,-5.107468028E0,9.802471125E-1,5.891565457E0
2.354113225E1,1.405044991E0,-4.326757150E0,1.583705203E0,4.816959729E0
2.355113225E1,-3.918324459E-1,-3.190264834E0,1.694762540E0,3.633667904E0
2.356113125E1,-2.201227602E0,-2.040840961E0,1.359484656E0,3.295244045E0
2.357113025E1,-3.659091076E0,-9.741648388E-1,1.213415508E0,3.976219540E0
2.358113025E1,-4.935699052E0,1.030878738E-1,1.403544888E0,5.132415658E0
2.359112925E1,-5.961697703E0,1.040217910E0,1.732517280E0,6.294879580E0
2.360112825E1,-6.693856811E0,1.869043041E0,1.715729924E0,7.158545248E0
2.361112825E1,-7.302819763E0,2.559567196E0,1.912267706E0,7.971156033E0
2.362112725E1,-7.777168701E0,3.038324935E0,2.366330752E0,8.678438376E0
2.363112725E1,-8.319655827E0,3.072725859E0,2.557586160E0,9.230361003E0
2.364112625E1,-8.858558026E0,2.864372023E0,2.210148114E0,9.568878308E0
2.365112525E1,-9.200787372E0,2.681003340E0,1.583908979E0,9.713446084E0
2.366112525E1,-9.291814486E0,2.641353664E0,1.100695077E0,9.722453151E0
2.367112425E1,-9.282660086E0,2.730508792E0,4.445860255E-1,9.686129942E0
2.368112425E1,-9.253150942E0,2.888797305E0,-5.096140802E-1,9.706990200E0
2.369112325E1,-9.057582044E0,3.184897674E0,-1.017342433E0,9.654965112E0
2.370112225E1,-8.593162848E0,3.628329752E0,-7.451539600E-1,9.357482511E0
2.371112225E1,-7.791644652E0,4.011718234E0,1.530567169E-1,8.765103304E0
2.372112125E1,-6.416057934E0,4.239535403E0,1.189192101E0,7.781621791E0
2.373112125E1,-4.286334763E0,4.316068439E0,2.016722220E0,6.408453869E0
2.374112025E1,-9.281677169E-1,4.487285439E0,1.997494236E0,4.998720751E0
2.375111925E1,3.543509164E0,4.955040472E0,6.473651254E-1,6.126007254E0
2.376111925E1,7.182159544E0,3.135524370E0,-2.854975548E0,8.340612338E0
2.377111825E1,1.005712672E1,-5.178335112E0,-1.043684374E1,1.539118773E1
2.378111825E1,1.593030635E1,-6.993243608E0,-8.428486544E0,1.933182614E1
2.379111725E1,1.917435797E1,-2.302297309E0,-5.299778858E0,2.002608879E1
2.380111625E1,1.601443843E1,-1.935304420E0,-5.697538626E0,1.710758860E1
2.381111625E1,9.457307062E0,-3.529974030E0,-3.380941367E0,1.064575681E1
2.382111525E1,1.749421434E0,-5.262291774E0,-7.872220454E-1,5.601063168E0
2.383111525E1,-4.241990649E0,-5.393082293E0,-6.820914468E-1,6.895293325E0
2.384111425E1,-9.625469475E0,-5.423209487E0,-2.202793486E0,1.126557424E1
2.385111325E1,-1.148809008E1,-5.302303101E0,-5.124192234E0,1.365093323E1
2.386111325E1,-7.292024049E0,-4.534947263E0,-9.481085933E0,1.279180800E1
2.387111225E1,-1.989683526E0,-4.362035448E0,-9.817292647E0,1.092544867E1
2.388111225E1,2.618498944E0,-3.864319282E0,-7.597767938E0,8.917150772E0
2.389111117E1,5.904180397E0,-3.604896158E0,-5.333501505E0,8.735036392E0
2.390111017E1,7.918832703E0,-3.744447269E0,-4.375565321E0,9.791545771E0
2.391111017E1,9.553554570E0,-2.797488647E0,-3.137304555E0,1.043738605E1
2.392110917E1,1.029271338E1,-1.291311384E0,-1.940754025E0,1.055338619E1
2.393110817E1,1.006641912E1,6.210400835E-1,-1.060689597E0,1.014118075E1
2.394110817E1,8.521074280E0,1.503091541E0,1.710570779E-1,8.654319823E0
2.395110717E1,6.583103530E0,1.560416182E0,1.708857838E0,6.977990101E0
2.396110717E1,5.317390671E0,1.623562603E0,3.210199454E0,6.419967259E0
2.397110617E1,4.494013830E0,1.747076555E0,4.808199345E0,6.809347820E0
2.398110517E1,4.571547325E0,1.739361300E0,6.749042248E0,8.335106114E0
2.399110517E1,4.672586042E0,1.874123833E0,9.600070925E0,1.084005361E1
2.400110417E1,3.231830351E0,1.249135125E0,1.190888846E1,1.240268884E1
2.401110417E1,5.830328894E-1,-1.733421698E-2,1.255977010E1,1.257330716E1
2.402110317E1,-1.675017954E0,-6.759278237E-1,1.142549213E1,1.156738665E1
2.403110217E1,-3.107912648E0,-2.911125483E-1,8.540464817E0,9.093041671E0
2.404110217E1,-4.141739552E0,6.196202333E-1,5.571087910E0,6.969573606E0
2.405110117E1,-5.182627553E0,1.227121966E0,3.258321161E0,6.243565765E0
2.406110117E1,-6.125641935E0,1.571619593E0,1.537228317E0,6.508190852E0
2.407110017E1,-6.873492047E0,2.080662985E0,2.637784231E-1,7.186350286E0
2.408109917E1,-7.534886397E0,2.432680132E0,-5.865107401E-1,7.939549136E0
2.409109917E1,-8.130415370E0,2.495784599E0,-1.094352018E0,8.574975288E0
2.410109817E1,-8.532503248E0,2.506158436E0,-1.313898593E0,8.989481147E0
2.411109817E1,-8.710763218E0,2.555945431E0,-1.674278866E0,9.231113834E0
2.412109717E1,-8.791796857E0,2.623566141E0,-2.206003608E0,9.436378711E0
2.413109617E1,-9.103986717E0,2.341496166E0,-2.777419249E0,9.802001638E0
2.414109617E1,-9.557876247E0,1.788466509E0,-2.863099669E0,1.013651570E1
2.415109517E1,-1.003875945E1,8.103919297E-1,-2.366287483E0,1.034566299E1
2.416109517E1,-9.889741988E0,4.886800249E-1,-1.587489814E0,1.002825651E1
2.417109417E1,-8.791549519E0,6.488721722E-1,-4.614821398E-1,8.827533280E0
2.418109317E1,-7.839743264E0,2.564044263E-1,3.832779694E-1,7.853293556E0
2.419109317E1,-6.397771937E0,-2.635082817E-1,1.242946432E0,6.522717087E0
2.420109217E1,-3.767837593E0,-6.765687516E-1,2.447631754E0,4.543704063E0
2.421109117E1,-7.390237391E-2,-9.315726967E-1,3.405971543E0,3.531845325E0
2.422109117E1,4.847528302E0,-1.393392367E0,3.316214443E0,6.036335905E0
2.423109017E1,1.066286786E1,-1.924945054E0,-7.711248069E-1,1.086263310E1
2.424109017E1,1.771710670E1,-2.052241863E0,-1.151895285E1,2.123190621E1
2.425108917E1,2.222504918E1,-3.208190350E0,-2.401025323E1,3.287457310E1
2.426108817E1,1.678106687E1,-6.765914973E0,-2.016560603E1,2.709305220E1
2.427108817E1,8.034211131E0,-8.073126106E0,-1.283964240E1,1.716334264E1
2.428108717E1,4.772047180E0,-4.937602905E0,-8.207768186E0,1.070139315E1
2.429108717E1,4.102671965E0,-4.111946600E-1,2.461357362E0,4.802007743E0
2.430108617E1,3.251590431E0,4.947415702E0,1.487376126E1,1.600870190E1
2.431108517E1,3.387163973E0,1.071989926E1,1.848559806E1,2.163576797E1
2.432108517E1,1.586012222E0,9.682533622E0,8.641998793E0,1.307482448E1
2.433108417E1,-2.088320206E0,2.749318115E0,-2.551378756E0,4.292943621E0
2.434108417E1,-2.513001140E0,-1.515556343E0,-7.544944192E0,8.095570926E0
2.435108317E1,3.378749245E-1,-2.781680992E0,-7.163706901E0,7.692243182E0
2.436108217E1,2.391101897E0,-3.040090209E0,-2.673237361E0,4.701671485E0
2.437108217E1,3.856951498E0,-2.591486562E0,1.681023045E0,4.941428532E0
2.438108117E1,4.852095562E0,-2.546487560E0,3.047291348E0,6.270041052E0
2.439108117E1,5.349725774E0,-3.094921012E0,2.447551794E0,6.647451520E0
2.440108017E1,5.491334812E0,-3.909367986E0,1.728516761E0,6.958856678E0
2.441107917E1,5.898121512E0,-4.686932770E0,1.341480202E0,7.652107245E0
2.442107917E1,6.522188991E0,-5.256558579E0,1.067460965E0,8.444514802E0
2.443107817E1,6.705791563E0,-5.576376132E0,8.516297105E-1,8.762926703E0
2.444107817E1,5.721544955E0,-5.628242104E0,5.312914628E-1,8.043348586E0
2.445107717E1,3.397011854E0,-5.317460253E0,6.895238426E-1,6.347481092E0
2.446107617E1,8.893147230E-1,-4.317244899E0,1.422185811E0,4.631640819E0
2.447107617E1,-9.440914392E-1,-2.843537225E0,1.419873530E0,3.315577391E0
2.448107517E1,-2.324962286E0,-1.503275875E0,2.621248012E0,3.812640703E0
2.449107517E1,-3.430805252E0,-3.664143071E-1,3.204763297E0,4.709054248E0
2.450107417E1,-4.234207420E0,6.717202404E-1,3.991625446E0,5.857712375E0
2.451107317E1,-4.774556220E0,1.620789707E0,4.982575010E0,7.088681126E0
2.452107317E1,-5.151823252E0,2.437155152E0,5.732363473E0,8.083377947E0
2.453107217E1,-5.619451985E0,2.880415029E0,6.092515705E0,8.774609904E0
2.454107117E1,-6.243702482E0,3.033509168E0,5.805132072E0,9.049063870E0
2.455107117E1,-6.965451792E0,2.920476935E0,4.833690866E0,8.967233218E0
2.456107017E1,-7.662117131E0,2.677873911E0,3.209006914E0,8.727930625E0
2.457107017E1,-8.218015432E0,2.476004637E0,1.462956984E0,8.706699704E0
2.458106917E1,-8.694638937E0,2.351932569E0,-7.179328322E-2,9.007412909E0
2.459106817E1,-8.982182783E0,2.269355996E0,-1.260688346E0,9.349808516E0
2.460106817E1,-9.201136451E0,2.138055161E0,-2.046072319E0,9.665329989E0
2.461106717E1,-9.412505111E0,2.062058314E0,-2.523290486E0,9.960639127E0
2.462106717E1,-9.585687359E0,2.062502557E0,-2.706791900E0,1.017182586E1
2.463106617E1,-9.502541707E0,2.139293309E0,-2.709668146E0,1.011025105E1
2.464106517E1,-8.877084929E0,2.338141033E0,-2.500247778E0,9.514240867E0
2.465106517E1,-8.014921752E0,2.579095142E0,-2.173334044E0,8.695635877E0
2.466106417E1,-7.098620374E0,2.770935564E0,-2.066903025E0,7.895605311E0
2.467106417E1,-5.364931458E0,2.943222603E0,-2.152080000E0,6.486639898E0
2.468106317E1,-1.398316015E0,3.152671330E0,-2.291204556E0,4.140560652E0
2.469106217E1,3.796153904E0,2.276629494E-1,-4.697011031E0,6.043552557E0
2.470106217E1,9.522979479E0,-7.778695409E0,-6.725555152E0,1.401528924E1
2.471106117E1,1.870430849E1,-5.671398064E0,-1.134943389E0,1.957815130E1
2.472106117E1,2.441804039E1,-9.159818271E-1,-1.709087487E0,2.449491170E1
2.473106017E1,2.256672538E1,-1.310351380E0,-5.154449236E0,2.318496198E1
2.474105917E1,1.598542104E1,-3.607000279E0,-6.874628745E0,1.777089354E1
2.475105917E1,8.920989332E0,-5.315231295E0,-6.085376254E0,1.203609316E1
2.476105817E1,3.666610011E0,-5.698708654E0,-4.231435255E0,7.989014559E0
2.477105817E1,1.462037802E-2,-5.416155991E0,-2.957778955E0,6.171176210E0
2.478105717E1,-2.495031477E0,-6.384387075E0,-3.169558966E0,7.551932497E0
2.479105617E1,-4.044589233E0,-8.725223383E0,-5.606312706E0,1.113188966E1
2.480105617E1,-1.674169523E0,-6.052490344E0,-6.275751071E0,8.878092952E0
2.481105517E1,1.261748446E0,-3.954267293E-2,-4.336417627E0,4.516424537E0
2.482105417E1,1.388354114E0,1.366213632E0,-3.861566706E0,4.325016099E0
2.483105417E1,1.174210950E0,8.842795394E-1,-3.690969804E0,3.972905706E0
2.484105317E1,1.256955484E0,8.902517393E-2,-2.929588651E0,3.189098969E0
2.485105317E1,2.011611754E0,-4.410258020E-1,-2.283038335E0,3.074630001E0
2.486105217E1,3.236066074E0,-4.009570259E-1,-1.761603523E0,3.706229505E0
2.487105117E1,4.586859428E0,-2.626205282E-1,-7.075130939E-1,4.648529201E0
2.488105117E1,5.775847462E0,1.433181792E-1,8.542767450E-1,5.840440288E0
2.489104992E1,6.325727808E0,5.106165853E-1,2.766290828E0,6.922999822E0
2.490104992E1,5.911507543E0,7.974409318E-1,4.386966806E0,7.404546659E0
2.491104892E1,4.495497853E0,1.049094130E0,5.746352352E0,7.370933780E0
2.492104792E1,3.140983331E0,1.908361620E0,6.135821353E0,7.152336963E0
2.493104792E1,1.908394364E0,3.035872028E0,5.750796236E0,6.777178274E0
2.494104692E1,4.868637335E-1,3.696801817E0,5.458490417E0,6.610483916E0
2.495104692E1,-1.063558826E0,3.768761161E0,5.018950539E0,6.365892127E0
2.496104592E1,-2.523797439E0,3.619219790E0,4.006487607E0,5.959886605E0
2.497104492E1,-3.894780645E0,3.150301746E0,3.111017227E0,5.896791123E0
2.498104492E1,-5.245068800E0,2.315449744E0,2.591142161E0,6.291746334E0
2.499104392E1,-6.336146961E0,1.606838689E0,2.307615059E0,6.932083103E0
2.500104392E1,-7.191049651E0,1.086126374E0,2.097314394E0,7.568988918E0
2.501104292E1,-7.905922050E0,5.834291844E-1,1.962398225E0,8.166700672E0
2.502104192E1,-8.490323188E0,1.846207910E-1,1.816267681E0,8.684382590E0
2.503104192E1,-8.904130055E0,-1.557475325E-1,1.371069160E0,9.010417303E0
2.504104092E1,-9.070549999E0,-4.130533071E-1,9.397680080E-1,9.128453003E0
2.505104092E1,-9.066894904E0,-6.630399026E-1,6.501087852E-1,9.114320959E0
2.506103992E1,-8.905349200E0,-9.595709194E-1,8.134237111E-1,8.993757772E0
2.507103892E1,-8.593398491E0,-1.300921283E0,1.424537123E0,8.807281068E0
2.508103892E1,-8.022055939E0,-1.607740183E0,2.156359577E0,8.460974921E0
2.509103792E1,-7.096650447E0,-1.764887174E0,2.520951015E0,7.735145010E0
2.510103792E1,-5.781062009E0,-1.646748713E0,2.707469008E0,6.592635869E0
2.511103692E1,-4.067685151E0,-1.231558102E0,3.020923036E0,5.214285554E0
2.512103592E1,-2.350424572E0,-8.803638784E-1,3.242408549E0,4.100335282E0
2.513103592E1,-7.482225788E-1,-9.097001633E-1,3.164403183E0,3.376512835E0
2.514103492E1,5.611303890E-1,-1.464297751E0,2.751613147E0,3.167082274E0
2.515103492E1,1.620901973E0,-2.018126137E0,1.705608248E0,3.099879966E0
2.516103392E1,3.259038030E0,-2.081171401E0,7.211020231E-2,3.867531921E0
2.517103292E1,6.242055906E0,-1.141655408E0,-4.277656910E0,7.652776467E0
2.518103292E1,1.222426389E1,1.638460869E0,-1.386054170E1,1.855348479E1
2.519103192E1,1.928369154E1,4.209381312E0,-2.302211355E1,3.032486377E1
2.520103092E1,1.865981235E1,2.687377390E0,-1.811079154E1,2.614213771E1
2.521103092E1,1.129984482E1,1.948912608E-2,-9.180863569E0,1.455936567E1
2.522102992E1,4.493043777E0,8.587862274E-2,-1.682945901E0,4.798658607E0
2.523102992E1,8.995181143E-2,2.751282487E0,7.955151513E0,8.417961882E0
2.524102892E1,-2.178572565E0,7.368082876E0,1.311846337E1,1.520292422E1
2.525102792E1,-7.945418823E-1,1.152922524E1,5.428372579E0,1.276798968E1
2.526102792E1,1.487091367E0,9.175608677E0,-5.103528759E-1,9.309333777E0
2.527102692E1,3.035582006E-1,2.981794931E0,-5.570674512E-1,3.048536163E0
2.528102692E1,8.545015705E-1,7.529189162E-2,8.993043986E-1,1.242815434E0
2.529102592E1,2.452422232E0,-1.542178278E0,1.857311919E0,3.441263752E0
2.530102492E1,3.806294146E0,-2.686665784E0,2.995044137E0,5.538622350E0
2.531102492E1,5.046927711E0,-3.162626799E0,4.816983617E0,7.660092608E0
2.532102392E1,5.203727816E0,-3.744199639E0,5.071738032E0,8.174370972E0
2.533102392E1,4.622528028E0,-4.396725225E0,4.017116968E0,7.538977836E0
2.534102292E1,4.293247342E0,-5.274660389E0,3.144910028E0,7.492961633E0
2.535102192E1,4.530056067E0,-5.931047768E0,2.767012082E0,7.959591162E0
2.536102192E1,5.252224038E0,-6.242841772E0,2.696714517E0,8.592508360E0
2.537102092E1,5.912765864E0,-6.115427434E0,2.894055706E0,8.985255216E0
2.538102092E1,6.091355617E0,-5.544022318E0,3.056697764E0,8.785453769E0
2.539101992E1,5.422594360E0,-4.982150502E0,2.974569819E0,7.941940495E0
2.540101892E1,4.106111882E0,-4.606618047E0,2.421597758E0,6.629119121E0
2.541101892E1,2.738427676E0,-3.700355462E0,1.844196614E0,4.959100506E0
2.542101792E1,1.198552909E0,-2.516412406E0,1.421426258E0,3.128787797E0
2.543101792E1,-3.729786837E-1,-1.489818508E0,1.052046243E0,1.861578250E0
2.544101692E1,-1.803868952E0,-7.659020738E-1,1.132232620E0,2.263294035E0
2.545101592E1,-3.017574336E0,2.620795146E-2,1.690773861E0,3.459068947E0
2.546101592E1,-3.991601180E0,1.016907985E0,2.533789454E0,4.836018076E0
2.547101492E1,-4.978729296E0,1.867110683E0,2.995506359E0,6.103024337E0
2.548101492E1,-6.016293740E0,2.382559407E0,3.071304985E0,7.162771392E0
2.549101392E1,-6.950553671E0,2.450694526E0,2.713620279E0,7.853651063E0
2.550101292E1,-7.691993480E0,2.326394562E0,2.317528575E0,8.363600543E0
2.551101292E1,-8.261963689E0,2.394736672E0,2.085823299E0,8.851297451E0
2.552101192E1,-8.792786205E0,2.368035947E0,1.806798992E0,9.283598769E0
2.553101192E1,-9.126716598E0,2.411983473E0,1.443835419E0,9.549831457E0
2.554101092E1,-9.156179549E0,2.623961121E0,1.171034816E0,9.596463850E0
2.555100992E1,-8.936386805E0,2.929632213E0,8.017210937E-1,9.438459130E0
2.556100992E1,-8.471831369E0,3.085262289E0,-1.097907563E-1,9.016807869E0
2.557100892E1,-7.659240886E0,3.378981380E0,-7.030200204E-1,8.400935856E0
2.558100792E1,-6.493236503E0,3.936703134E0,-4.170315333E-1,7.604844979E0
2.559100792E1,-5.160720375E0,4.319593726E0,6.266649587E-1,6.759040887E0
2.560100692E1,-3.511467007E0,4.375184959E0,1.526271805E0,5.813961609E0
2.561100692E1,-1.932532255E0,3.879660915E0,1.949564756E0,4.752604808E0
2.562100592E1,-4.640783036E-1,3.425886282E0,1.470329007E0,3.756851458E0
2.563100492E1,8.833803838E-1,2.858394707E0,6.336687537E-1,3.058155865E0
2.564100492E1,2.079037167E0,1.752450146E0,-3.751959479E-1,2.744858658E0
2.565100392E1,3.117141894E0,2.200963600E-1,-1.980613178E0,3.699708712E0
2.566100392E1,4.127225009E0,-2.240946130E0,-3.701193953E0,5.979520257E0
2.567100292E1,5.745882236E0,-4.520350859E0,-4.892476434E0,8.796877867E0
2.568100192E1,7.514148077E0,-5.279034106E0,-5.375498546E0,1.064079917E1
2.569100192E1,8.080736842E0,-5.663070459E0,-6.019910828E0,1.155889274E1
2.570100092E1,7.686257946E0,-5.719050533E0,-6.675242200E0,1.167668440E1
2.571100092E1,5.687262145E0,-5.698172464E0,-6.849858770E0,1.057046287E1
2.572099992E1,2.006364462E0,-5.922517265E0,-6.663943040E0,9.138372172E0
2.573099892E1,-1.984787652E0,-6.054296549E0,-7.110308958E0,9.547270930E0
2.574099892E1,-5.666964705E0,-6.675657352E0,-8.475626796E0,1.218667878E1
2.575099792E1,-6.168335381E0,-7.853576607E0,-1.009939975E1,1.420298920E1
2.576099792E1,-9.026083678E-1,-6.890063640E0,-1.070819430E1,1.276530862E1
2.577099692E1,5.646593590E0,-2.822547475E0,-9.084766334E0,1.106271995E1
2.578099592E1,8.323998554E0,-1.065568806E0,-5.813755546E0,1.020902260E1
2.579099592E1,7.870289703E0,-1.734067523E0,-4.049879794E0,9.019422184E0
2.580099492E1,7.520017512E0,-1.548088351E-1,-1.547444572E0,7.679141479E0
2.581099492E1,7.586501523E0,1.064789957E0,4.276726034E0,8.773777327E0
2.582099392E1,5.250360530E0,9.850774974E-1,7.520392903E0,9.224585237E0
2.583099292E1,3.063602448E0,1.676217510E0,5.057802948E0,6.146278204E0
2.584099292E1,3.956455321E0,3.658043255E0,1.436045174E0,5.576472443E0
2.585099192E1,4.561656759E0,4.751322894E0,1.024321085E-1,6.587433033E0
2.586099192E1,4.461483430E0,5.010046983E0,2.599867961E-1,6.713642700E0
2.587099092E1,3.863668780E0,4.550090090E0,1.185945143E0,6.085862482E0
2.588098992E1,3.178623027E0,3.712816463E0,2.506221294E0,5.492703853E0
2.589098992E1,2.886735284E0,2.978117909E0,3.997465353E0,5.760395484E0
2.590098913E1,2.951283867E0,2.368129794E0,5.829997357E0,6.950322609E0
2.591098913E1,3.105131713E0,1.794620411E0,7.398672584E0,8.222095924E0
2.592098813E1,2.820035511E0,1.241254832E0,8.151900380E0,8.714745759E0
2.593098713E1,2.537664111E0,9.338930181E-1,8.239353676E0,8.671726720E0
2.594098713E1,2.108894219E0,1.825424713E-1,7.045147587E0,7.356280385E0
2.595098613E1,1.189789102E0,-1.152672439E0,5.231279311E0,5.487306725E0
2.596098513E1,-2.913609087E-1,-1.504442394E0,4.633304739E0,4.880138410E0
2.597098513E1,-1.628653042E0,-1.538277015E0,2.840721205E0,3.617803736E0
2.598098413E1,-3.319298265E0,-2.339339859E0,5.898475268E-1,4.103434178E0
2.599098413E1,-4.866365107E0,-2.085942729E0,-4.326120973E-2,5.294765146E0
2.600098313E1,-5.550683466E0,-8.515181749E-1,-1.267924129E0,5.756978525E0
2.601098213E1,-5.920184811E0,6.522992983E-2,-3.906717443E0,7.093326745E0
2.602098213E1,-5.605815108E0,4.681101049E-1,-7.504224767E0,9.378575556E0
2.603098113E1,-5.081912187E0,3.464973749E-1,-8.214126449E0,9.665286609E0
2.604098113E1,-5.203253022E0,-7.153132796E-2,-3.093814134E0,6.053977588E0
2.605098013E1,-6.115301719E0,-5.591661631E-1,1.590821557E0,6.343523874E0
2.606097913E1,-6.539404948E0,-6.227879624E-1,4.353582421E0,7.880695516E0
2.607097912E1,-6.924699622E0,-5.876783560E-1,5.974246997E0,9.164521695E0
2.608097812E1,-7.302995764E0,-4.622927101E-1,7.162391278E0,1.023949757E1
2.609097812E1,-7.229187530E0,-6.059143598E-1,7.150120896E0,1.018589777E1
2.610097712E1,-7.228949549E0,-3.651841991E-1,6.477792252E0,9.713540217E0
2.611097612E1,-7.077775050E0,5.747447535E-1,5.019584962E0,8.696060279E0
2.612097613E1,-5.954775184E0,1.518275445E0,3.577870035E0,7.110953650E0
2.613097513E1,-4.249051162E0,2.428276886E0,2.973864937E0,5.726677665E0
2.614097513E1,-2.336999364E0,2.911298268E0,1.934298699E0,4.204608792E0
2.615097413E1,-4.290721929E-1,2.624065786E0,1.008176046E0,2.843632032E0
2.616097313E1,1.135559685E0,1.212696520E0,-9.902984762E-1,1.934119882E0
2.617097313E1,4.382995670E0,-2.636537312E-1,-6.764789969E0,8.064896010E0
2.618097213E1,1.143515173E1,1.778726364E0,-1.829934787E1,2.165162107E1
2.619097113E1,1.705097669E1,5.861896842E0,-1.758799433E1,2.518799684E1
2.620097113E1,1.150970607E1,5.481433137E0,-1.336338336E1,1.846887809E1
2.621097013E1,3.914748886E0,4.594732412E0,-4.864733442E0,7.752577393E0
2.622097013E1,8.195983708E-1,4.154087410E0,-4.867795044E0,6.451636404E0
2.623096913E1,1.260946208E-1,3.277392732E0,-2.553864992E0,4.156853301E0
2.624096813E1,1.287318320E0,2.230805157E0,-1.311670658E0,2.890356383E0
2.625096813E1,5.936971582E0,6.493784679E-1,-5.860436207E0,8.367439065E0
2.626096713E1,1.085445773E1,-4.981126801E-1,-4.054660478E0,1.159774290E1
2.627096713E1,1.033765040E1,-2.000483333E0,-5.580655709E-1,1.054421105E1
2.628096613E1,8.922540599E0,-2.705963642E0,4.817608684E-1,9.336276747E0
2.629096513E1,6.136489690E0,-2.494029849E0,9.131976753E0,1.128138688E1
2.630096513E1,1.286602621E0,-3.824429870E0,1.448934075E1,1.504069830E1
2.631096413E1,-2.580631206E0,-5.929363770E0,1.285706360E1,1.439170235E1
2.632096412E1,-3.108338910E0,-6.021621723E0,9.791403515E0,1.190769842E1
2.633096312E1,-2.761298475E0,-4.667481715E0,6.035071489E0,8.113707087E0
2.634096212E1,-2.505430166E0,-2.517840296E0,8.581256747E-1,3.654186605E0
2.635096212E1,-2.174376018E0,-9.221668656E-1,-2.371879760E0,3.347255053E0
2.636096112E1,4.563751817E-3,-2.527173731E-1,4.043127429E-1,4.768183015E-1
2.637096113E1,3.229585020E0,-7.858039494E-1,3.918508354E0,5.138328032E0
2.638096013E1,5.764528422E0,-2.710992540E0,5.432076205E0,8.371781195E0
2.639095913E1,7.519864900E0,-3.902534053E0,4.811025889E0,9.742900505E0
2.640095913E1,7.208588959E0,-2.467868822E0,-3.816596062E0,8.521768408E0
2.641095813E1,8.267275300E0,-4.562447011E0,2.126099067E0,9.679052684E0
2.642095813E1,6.759236868E0,-3.701942104E0,6.925146350E0,1.036095123E1
2.643095713E1,4.662756287E0,-1.595864634E0,6.250638449E0,7.959809115E0
2.644095613E1,2.631097940E0,-4.296703631E-1,2.125936514E0,3.409823903E0
2.645095613E1,1.036224847E0,1.149001995E0,-2.349745710E0,2.813409394E0
2.646095513E1,-2.567512393E-1,1.061430439E-1,-4.477605958E0,4.486216965E0
2.647095513E1,-1.410700418E0,1.684168262E0,-6.678756961E-1,2.296204771E0
2.648095413E1,-1.934478793E0,1.909578718E0,4.350724887E0,5.130059076E0
2.649095313E1,-2.996213872E0,-2.611995086E0,5.984066226E0,7.183930992E0
2.650095313E1,-3.542320426E0,-3.612400475E0,5.356520823E0,7.368160321E0
2.651095213E1,-3.640753623E0,-2.734704169E0,3.675910592E0,5.852009272E0
2.652095213E1,-3.783111690E0,-3.825854251E0,-6.931382990E-1,5.424899585E0
2.653095113E1,-3.769408155E0,-3.793824666E0,-2.570558208E0,5.933743585E0
2.654095013E1,-2.400476153E0,-2.117868818E0,-1.510769666E0,3.539785174E0
2.655095013E1,4.324501294E-1,2.459613723E-1,-6.982943738E-1,8.573943920E-1
2.656094913E1,2.209607247E0,-4.933725616E-1,-7.485092385E-1,2.384543300E0
2.657094812E1,3.456328349E0,-2.561643250E0,-9.121418144E-1,4.397752208E0
2.658094812E1,6.593218628E0,-2.441657216E0,-6.259900439E-1,7.058617809E0
2.659094712E1,7.878978665E0,-1.725665951E0,-5.468980907E0,9.745048996E0
2.660094712E1,6.620954896E0,-3.271166909E0,-8.624397504E0,1.135419786E1
2.661094613E1,6.955204546E0,-4.870522185E0,-5.582512785E0,1.016175701E1
2.662094513E1,6.812818998E0,-5.839763961E0,-4.105877994E0,9.867906562E0
2.663094513E1,5.923551638E0,-6.113597256E0,-5.529709504E0,1.015097151E1
2.664094413E1,4.890252737E0,-4.490686472E0,-7.623222038E0,1.010912217E1
2.665094413E1,4.543907536E0,-4.390060568E0,-8.830936364E0,1.085841446E1
2.666094313E1,6.100377871E0,-4.468823732E0,-8.913876779E0,1.168940524E1
2.667094213E1,6.701943510E0,-3.175284852E0,-8.219729251E0,1.107079174E1
2.668094213E1,3.844476464E0,-4.457994104E0,-6.192096711E0,8.543756340E0
2.669094113E1,-7.390880585E-2,-5.933890100E0,-4.250748024E0,7.299683075E0
2.670094113E1,-8.281095779E-1,-6.462457345E0,-5.239974121E0,8.361007666E0
2.671094013E1,-4.277822971E-3,-6.455893845E0,-4.640471964E0,7.950632911E0
2.672093913E1,-8.284446234E-1,-6.104236448E0,-2.308977753E0,6.578708184E0
2.673093913E1,-3.300464383E0,-7.177901602E0,-1.096281599E0,7.976037230E0
2.674093813E1,-3.497130804E0,-6.949150339E0,1.188303325E-1,7.780407120E0
2.675093813E1,-3.693671510E0,-6.209991530E0,-1.041406649E0,7.300118617E0
2.676093713E1,-5.781573640E0,-5.519902554E0,-3.957530040E-1,8.003282976E0
2.677093613E1,-8.446817565E0,-5.386049262E0,-5.291860266E-1,1.003186381E1
2.678093613E1,-7.821575380E0,-5.477205600E0,-2.615913013E0,9.900496124E0
2.679093513E1,-5.703548979E0,-4.763614910E0,-3.346078220E0,8.149769164E0
2.680093513E1,-4.717990841E0,-3.882587446E0,-2.458236119E0,6.586110207E0
2.681093412E1,-5.154192544E0,-3.764112917E0,-1.449066923E0,6.544772095E0
2.682093312E1,-4.718718234E0,-3.513749176E0,-1.430474532E-1,5.884997674E0
2.683093312E1,-1.242304700E0,-2.769888327E0,-3.087688006E-1,3.051383373E0
2.684093212E1,1.309613169E0,-2.450894939E0,-3.342919847E0,4.347077841E0
2.685093112E1,2.488886638E0,-3.902522651E0,-1.504387431E0,4.866972496E0
2.686093113E1,3.815208226E0,-4.119019903E0,-2.016163519E0,5.965488589E0
2.687093013E1,2.435116813E0,6.338457781E-1,6.324329739E0,6.806519008E0
2.688093013E1,1.589394252E0,2.543533839E0,7.039160038E0,7.651503938E0
2.689092913E1,3.121862935E0,4.095017083E0,4.498780480E0,6.837705676E0
2.690092813E1,9.276287790E0,8.263046594E0,1.679089370E-1,1.242399483E1
2.691092813E1,1.093604276E1,1.125699642E1,-2.768431494E0,1.593678803E1
2.692092713E1,1.047537806E1,1.282815263E1,-1.917203194E0,1.667245373E1
2.693092713E1,1.090797612E1,1.407400483E1,-1.492052729E0,1.786862548E1
2.694092613E1,1.075469721E1,1.430046165E1,-2.107300268E0,1.801686515E1
2.695092513E1,9.758821660E0,1.347619252E1,-1.799221732E0,1.673557779E1
2.696092513E1,8.134581512E0,1.228730740E1,1.060953307E0,1.477413149E1
2.697092413E1,6.408164778E0,1.121608696E1,3.528354936E0,1.339083534E1
2.698092413E1,4.782886748E0,9.319471816E0,4.506066695E0,1.140320997E1
2.699092313E1,3.074180061E0,7.458587249E0,4.512051028E0,9.243360389E0
2.700092213E1,1.693871132E0,6.772376146E0,4.798248553E0,8.470977940E0
2.701092213E1,-4.959491372E-2,5.944533201E0,4.954710689E0,7.738804342E0
2.702092113E1,-1.800248356E0,4.859151690E0,4.410453025E0,6.804729618E0
2.703092113E1,-3.172009242E0,4.038847560E0,4.586627294E0,6.885570577E0
2.704092013E1,-3.517468590E0,5.199107346E0,6.102723774E0,8.754800965E0
2.705091913E1,-4.138399038E0,5.541433171E0,6.183268000E0,9.277210321E0
2.706091912E1,-4.550184522E0,4.091105003E0,4.819141824E0,7.788802684E0
2.707091812E1,-4.043928498E0,2.330678671E0,2.312939826E0,5.209137299E0
2.708091812E1,-3.943111975E0,1.084736345E0,3.246713269E-1,4.102462243E0
2.709091712E1,-4.367163749E0,-4.212372163E-1,3.672530901E-1,4.402775810E0
2.710091612E1,-4.744502116E0,-1.995741826E0,-6.803124315E-1,5.191927462E0
2.711091613E1,-4.873418019E0,-4.196871779E0,-1.221048317E0,6.546365015E0
2.712091513E1,-5.119633745E0,-5.076469014E0,-1.985364772E0,7.478158905E0
2.713091513E1,-4.569988457E0,-3.688736460E0,-1.876184977E0,6.165358159E0
2.714091413E1,-3.442917759E0,-1.873510168E0,-1.352826431E0,4.146548251E0
2.715091313E1,-2.170992819E0,-1.493025560E0,-2.027378771E0,3.324545055E0
2.716091313E1,-6.890855938E-1,-3.035861503E0,-2.994890063E0,4.319798665E0
2.717091213E1,-4.047735035E-2,-4.907482728E0,-3.247161165E0,5.884647889E0
2.718091113E1,-4.976354742E-1,-6.047955244E0,-4.018488432E0,7.278300143E0
2.719091113E1,-6.046056068E-1,-5.424775956E0,-3.550014777E0,6.511247732E0
2.720091013E1,5.603527093E-1,-3.820230984E0,2.929063278E-1,3.872202738E0
2.721091013E1,2.107728285E0,-1.937669473E0,1.617178466E0,3.288213451E0
2.722090913E1,3.725637068E0,-6.007331420E-1,1.033007124E0,3.912589371E0
2.723090813E1,4.511796382E0,-3.593245581E-1,-9.763955516E-1,4.630201832E0
2.724090813E1,4.383764286E0,-1.420171007E0,-2.169153285E0,5.093083642E0
2.725090713E1,3.690903438E0,-4.021415256E0,-2.816583899E0,6.142287335E0
2.726090713E1,2.286472697E0,-6.098440688E0,-3.818197907E0,7.549673601E0
2.727090613E1,1.257086461E0,-6.765930176E0,-4.204830424E0,8.064656001E0
2.728090513E1,1.102281134E0,-6.196413125E0,-3.402878366E0,7.154728541E0
2.729090513E1,1.044128821E0,-5.279291968E0,-1.791529573E0,5.671922680E0
2.730090413E1,7.770791727E-1,-4.468247489E0,-2.114624491E0,5.004070783E0
2.731090412E1,5.988773820E-1,-4.511770947E0,-3.396342933E0,5.678897473E0
2.732090312E1,1.320350996E-1,-4.554709098E0,-1.880784981E0,4.929519285E0
2.733090212E1,9.410245746E-2,-4.429704983E0,1.003708481E0,4.542969538E0
2.734090212E1,9.321382686E-1,-4.158212620E0,3.413680512E0,5.460112507E0
2.735090112E1,2.133213228E0,-3.888922319E0,4.326149624E0,6.195957234E0
2.736090113E1,3.214573463E0,-3.562749135E0,3.376654188E0,5.867576796E0
2.737090013E1,3.832591413E0,-2.785579331E0,1.728009515E0,5.043235671E0
2.738089913E1,3.895263625E0,-2.677826841E0,6.628257483E-1,4.773172244E0
2.739089913E1,3.664559977E0,-2.298874934E0,-4.474558389E-1,4.349027767E0
2.740089813E1,3.375067254E0,-1.707045201E0,-1.401808557E0,4.033627340E0
2.741089713E1,3.032598464E0,-1.136500795E0,-1.232099555E0,3.465019021E0
2.742089713E1,2.450212131E0,-7.144587091E-1,-4.410812044E-1,2.590085590E0
2.743089613E1,1.110376604E0,-1.048135333E0,-1.882394135E-1,1.538492105E0
2.744089613E1,3.880341311E-1,-1.914386006E0,-2.118654976E0,2.881691027E0
2.745089513E1,1.479645961E-1,-2.179775629E0,-3.842327612E0,4.420044886E0
2.746089413E1,2.570663311E-1,-1.912944083E0,-5.140801835E0,5.491200385E0
2.747089413E1,3.992619181E-1,-1.163106795E0,-6.057116661E0,6.180686834E0
2.748089313E1,-3.272321150E-1,-7.718801209E-1,-5.299420424E0,5.365327260E0
2.749089313E1,-1.845349977E0,-1.021100439E0,-1.844933363E0,2.802095958E0
2.750089213E1,-2.454067639E0,-1.826494461E0,3.662227523E0,4.771838264E0
2.751089113E1,-2.392516192E0,-1.219066696E0,4.558138490E0,5.290263115E0
2.752089113E1,-3.796202436E-1,5.548548648E-1,6.003543302E0,6.041068418E0
2.753089013E1,1.560677552E0,5.125347644E-1,5.988884917E0,6.210084448E0
2.754089013E1,3.336592575E0,6.706481534E-1,5.739017605E0,6.672251646E0
2.755088913E1,3.014044372E0,1.178704828E0,4.155724338E0,5.267243427E0
2.756088813E1,1.257583913E0,1.758117121E0,2.287420238E0,3.147186753E0
2.757088812E1,-2.550075996E-1,1.837947110E0,1.176507736E0,2.197100113E0
2.758088712E1,-7.205303116E-1,1.605437842E0,4.136946005E-1,1.807688529E0
2.759088712E1,-1.406060944E-1,9.611942527E-1,-1.468311864E-1,9.824580716E-1
2.760088613E1,5.649245010E-1,4.238924369E-1,-8.617433470E-1,1.114193020E0
2.761088513E1,9.368917626E-1,2.479242826E-1,-1.174327894E0,1.522589448E0
2.762088513E1,1.450366467E0,4.831896356E-1,-1.367451487E0,2.051087195E0
2.763088413E1,1.747854819E0,1.000715876E0,-1.511807547E0,2.518330954E0
2.764088313E1,1.669003070E0,1.178602209E0,-1.078440574E0,2.310348131E0
2.765088313E1,1.179825300E0,6.424832851E-1,3.048364019E-1,1.377569506E0
2.766088213E1,1.112012071E0,-1.143136507E-1,1.760714162E0,2.085606103E0
2.767088213E1,1.081433033E0,-3.622832492E-1,2.212322109E0,2.488998929E0
2.768088113E1,6.319356389E-1,-3.576081079E-1,1.517693939E0,1.682444978E0
2.769088013E1,1.069338799E-1,-1.668649167E-1,3.153602207E-1,3.724658694E-1
2.770088013E1,2.221839622E-1,1.101461940E0,-8.256671959E-1,1.394385325E0
2.771087913E1,1.538876209E0,2.164309159E0,-1.491946895E0,3.046026864E0
2.772087913E1,1.479409295E0,1.660446400E0,-1.211676984E0,2.532566924E0
2.773087813E1,2.068208416E-1,2.753845614E-1,-1.356769794E0,1.399798482E0
2.774087713E1,-3.149355666E-1,2.938369122E-1,-1.271542532E0,1.342514415E0
2.775087713E1,-2.691768649E-1,2.589313737E-1,-4.341516691E-1,5.727035120E-1
2.776087613E1,-9.880405739E-2,1.379036576E-1,3.471795988E-1,3.864108362E-1
2.777087613E1,4.263510449E-1,4.115635827E-1,4.951960158E-1,7.722557156E-1
2.778087513E1,8.234674734E-1,3.710210359E-1,-3.954039252E-1,9.859510905E-1
2.779087413E1,1.154907829E0,2.336959603E-1,-1.558015754E0,1.953417258E0
2.780087412E1,1.399964053E0,1.623514509E-1,-2.278782731E0,2.679385765E0
2.781087312E1,1.142698258E0,3.680097198E-1,-2.521694781E0,2.792872183E0
2.782087312E1,2.310810855E-1,3.707935792E-1,-2.172920646E0,2.216409367E0
2.783087212E1,-6.780612534E-1,4.327629554E-1,-1.259955690E0,1.494837509E0
2.784087112E1,-1.078109622E0,6.448484838E-1,-1.271722627E-1,1.262664923E0
2.785087113E1,-9.160028771E-1,7.365146989E-1,7.840040302E-1,1.412861455E0
2.786087013E1,-3.723720351E-1,1.223125248E0,6.670673186E-1,1.442107871E0
2.787086913E1,4.779952615E-2,1.455830982E0,1.312390012E-1,1.462515750E0
2.788086913E1,1.341661173E-1,1.365803157E0,-6.385405076E-1,1.513655440E0
2.789086813E1,6.088851839E-2,1.173570095E0,-1.283710588E0,1.740369804E0
2.790086750E1,-2.668055266E-1,1.005969014E0,-1.241760909E0,1.620224985E0
2.791086650E1,-2.956808317E-1,5.274323004E-1,-1.725478256E-1,6.287962610E-1
2.792086550E1,-1.332796794E-1,1.156573409E-1,1.515873116E0,1.526109891E0
2.793086550E1,6.263306442E-1,2.534762138E-1,2.517825678E0,2.606911278E0
2.794086450E1,1.364370882E0,1.621643400E-1,2.675474213E0,3.007651483E0
2.795086450E1,1.545788349E0,1.975563669E-1,2.021588273E0,2.552510388E0
2.796086350E1,1.284440905E0,5.840099591E-1,8.751001418E-1,1.660318141E0
2.797086250E1,3.552671751E-1,8.452278864E-1,-5.748807013E-2,9.186565321E-1
2.798086250E1,-6.015323102E-1,9.052162260E-1,-7.326029116E-1,1.310711472E0
2.799086150E1,-1.062689053E0,7.908411795E-1,-1.095310961E0,1.718849585E0
2.800086150E1,-9.753448069E-1,4.714838022E-1,-6.524995655E-1,1.264654163E0
2.801086050E1,-9.069896865E-1,2.784970343E-2,5.933082014E-1,1.084168123E0
2.802085950E1,-8.163632526E-1,-3.341800690E-1,1.923075553E0,2.115737427E0
2.803085950E1,-7.037878329E-1,-5.519625396E-1,2.875927876E0,3.011800310E0
2.804085850E1,-9.501536863E-1,-9.377033561E-1,3.422954196E0,3.674057027E0
2.805085850E1,-8.317504929E-1,-1.152033046E0,3.027650843E0,3.344496770E0
2.806085750E1,-8.747244582E-1,-1.105479854E0,1.917551104E0,2.379964458E0
2.807085650E1,-1.051830773E0,-1.014849765E0,9.051852357E-1,1.719194094E0
2.808085650E1,-8.987226006E-1,-9.935091823E-1,6.613961041E-2,1.341319222E0
2.809085550E1,-8.171469256E-1,-1.048917398E0,-5.658473378E-1,1.445039797E0
2.810085450E1,-1.035412522E0,-1.075082518E0,-1.024100060E0,1.810155365E0
2.811085450E1,-1.313328782E0,-1.211388132E0,-1.200297133E0,2.152442079E0
2.812085350E1,-1.265836819E0,-1.204279087E0,-1.114474626E0,2.072362098E0
2.813085350E1,-1.265334544E0,-1.277738242E0,-7.040953964E-1,1.931174992E0
2.814085250E1,-1.188349079E0,-1.342881487E0,-1.941380847E-1,1.803661226E0
2.815085150E1,-8.118763916E-1,-1.352374442E0,2.020101911E-1,1.590241498E0
2.816085150E1,-4.014638333E-1,-1.471122621E0,3.582612419E-1,1.566437388E0
2.817085050E1,-2.399232450E-1,-1.465533267E0,3.787089550E-1,1.532570192E0
2.818085050E1,-3.362610930E-1,-1.288332227E0,2.856107569E-1,1.361780069E0
2.819084950E1,-5.543077116E-1,-1.149015883E0,1.915033293E-1,1.290026381E0
2.820084850E1,-6.427043098E-1,-9.772153312E-1,2.676171201E-1,1.199848972E0
2.821084850E1,-8.578317060E-1,-8.778074026E-1,5.502218235E-1,1.345052091E0
2.822084750E1,-8.811819769E-1,-7.992974228E-1,7.177749574E-1,1.389445550E0
2.823084750E1,-7.463912308E-1,-8.058024502E-1,8.390584892E-1,1.382185446E0
2.824084650E1,-6.282280657E-1,-8.179593962E-1,1.059323103E0,1.478476754E0
2.825084550E1,-2.094022411E-1,-6.913163066E-1,1.026082851E0,1.254836066E0
2.826084550E1,2.484122327E-1,-6.606722188E-1,6.379025763E-1,9.513759062E-1
2.827084450E1,4.896138252E-1,-4.890938616E-1,8.396016955E-2,6.971253929E-1
2.828084450E1,5.621739708E-1,-4.533673739E-1,-7.676458597E-1,1.053974248E0
2.829084350E1,2.614227261E-1,-4.320425785E-1,-1.658860928E0,1.734019091E0
2.830084250E1,-3.966328637E-1,-4.054640597E-1,-2.023755836E0,2.101738903E0
2.831084250E1,-9.491590749E-1,-3.751813298E-1,-1.643981518E0,1.935029512E0
2.832084150E1,-9.878974633E-1,-2.536510456E-1,-9.985465586E-1,1.427366624E0
2.833084150E1,-7.289282289E-1,-2.273695654E-1,-6.538227904E-1,1.005245007E0
2.834084050E1,-4.492911337E-1,-2.937208450E-1,-5.650404221E-1,7.793620059E-1
2.835083950E1,8.483140469E-3,-3.147415853E-1,-3.540442300E-1,4.737948353E-1
2.836083950E1,4.790455677E-1,-3.903203559E-1,-1.402495605E-1,6.336438868E-1
2.837083850E1,5.637864867E-1,-4.249259323E-1,-2.576844549E-1,7.515440964E-1
2.838083850E1,4.424710876E-1,-3.935690689E-1,-4.479651314E-1,7.425294838E-1
2.839083750E1,1.196607833E-1,-3.397366780E-1,-4.561798847E-1,5.812398822E-1
2.840083650E1,-2.344498126E-1,-3.042657137E-1,-4.441445607E-1,5.872041638E-1
2.841083650E1,-5.593436261E-1,-2.855669028E-1,-1.728162128E-1,6.513671709E-1
2.842083550E1,-7.271049209E-1,-3.374492472E-1,5.102806628E-1,9.502315061E-1
2.843083450E1,-5.781780924E-1,-2.824287021E-1,9.990570205E-1,1.188347932E0
2.844083450E1,-2.009322569E-1,-7.899354458E-2,1.004412485E0,1.027354950E0
2.845083350E1,-9.014959350E-2,1.015673053E-1,7.984665334E-1,8.099331279E-1
2.846083350E1,-1.730598955E-1,2.817036474E-1,2.858931774E-1,4.370830370E-1
2.847083250E1,-4.032497191E-1,2.087958848E-1,-1.357425267E-1,4.739536803E-1
2.848083150E1,-4.330076614E-1,4.550537109E-2,7.219615638E-2,4.413373524E-1
2.849083150E1,-2.863668019E-1,1.594067931E-2,7.860359377E-1,8.367272828E-1
2.850083050E1,-1.199236156E-1,2.900417769E-1,1.521375346E0,1.553412003E0
2.851083050E1,-2.466302937E-1,6.590905470E-1,1.442709830E0,1.605191112E0
2.852082950E1,-3.477197354E-1,6.531082606E-1,9.278583992E-1,1.186752132E0
2.853082850E1,-2.765686226E-1,4.780168962E-1,7.862598860E-1,9.608303516E-1
2.854082850E1,-1.037012467E-1,2.949984616E-1,1.173581790E0,1.214525528E0
2.855082750E1,-3.265047213E-1,-1.290813786E-1,1.860189918E0,1.893032981E0
2.856082750E1,-6.296761286E-1,-5.469555688E-1,2.226770579E0,2.377847689E0
2.857082650E1,-5.548551571E-1,-9.301645410E-1,2.026789956E0,2.298031298E0
2.858082550E1,-5.730060840E-1,-1.331433808E0,1.442317482E0,2.044830476E0
2.859082550E1,-6.535748684E-1,-1.607917646E0,8.957478297E-1,1.953182900E0
2.860082450E1,-5.701517656E-1,-1.781295776E0,8.390099573E-1,2.049884238E0
2.861082450E1,-1.874234346E-1,-1.771761891E0,1.092925297E0,2.090156321E0
2.862082350E1,6.149332514E-1,-9.784771603E-1,1.091350057E0,1.589529932E0
2.863082250E1,1.133277517E0,-3.882545346E-1,8.797287977E-1,1.486264536E0
2.864082250E1,1.257071551E0,-3.310015225E-1,3.625870121E-1,1.349540749E0
2.865082150E1,1.232234625E0,-2.852417976E-1,-3.047329062E-1,1.301010069E0
2.866082150E1,1.093500955E0,-2.941775125E-1,-7.102870131E-1,1.336709538E0
2.867082050E1,6.602041492E-1,-1.085137975E-1,-8.869711590E-1,1.111018722E0
2.868081950E1,-1.839212447E-1,2.466297090E-2,-1.027630609E0,1.044250906E0
2.869081950E1,-1.036919496E0,-2.374630290E-1,-1.102145771E0,1.531768923E0
2.870081850E1,-9.215305424E-1,-5.745842475E-1,-7.151682687E-1,1.300319672E0
2.871081850E1,5.819704503E-2,-1.054733623E0,2.634989262E-2,1.056666565E0
2.872081750E1,7.184658059E-1,-1.251422848E0,7.997342098E-1,1.649796068E0
2.873081650E1,6.498472685E-1,-9.941699177E-1,1.183361843E0,1.676609838E0
2.874081650E1,3.880913973E-1,-8.533432370E-1,9.899534905E-1,1.363384585E0
2.875081550E1,2.779941738E-1,-7.851331276E-1,5.615467107E-1,1.004514558E0
2.876081450E1,1.368266004E-1,-6.298959839E-1,-3.094580412E-2,6.453279104E-1
2.877081450E1,7.298699230E-2,-6.479480928E-1,-3.192766857E-1,7.260175164E-1
2.878081350E1,6.762620652E-1,-6.441093957E-1,-5.599971986E-1,1.088946352E0
2.879081350E1,8.382504040E-1,-6.921740931E-1,-7.878368801E-1,1.342555647E0
2.880081250E1,5.153417203E-1,-6.590004998E-1,-8.192481226E-1,1.170908294E0
2.881081150E1,3.153529117E-1,-6.228652918E-1,3.251110375E-2,6.989031424E-1
2.882081150E1,9.894000515E-1,-2.903399849E-1,1.856804965E0,2.123896054E0
2.883081050E1,1.262886314E0,1.319266337E-1,3.491989932E0,3.715680310E0
2.884081050E1,1.053565350E0,1.100329041E-2,3.242411472E0,3.409303913E0
2.885080950E1,9.334000978E-1,4.162749767E-2,1.966669469E0,2.177328040E0
2.886080850E1,5.260099652E-1,3.066168791E-1,5.516163844E-1,8.215722912E-1
2.887080850E1,1.828915501E-1,3.125044405E-1,-4.296890742E-1,5.619083955E-1
2.888080750E1,2.885364112E-1,2.111552364E-1,-3.850362271E-1,5.254452309E-1
2.889080750E1,1.619082320E-1,1.516902226E-1,2.169048035E-1,3.102771229E-1
2.890080738E1,-1.197693953E-1,6.556190550E-2,6.014153659E-2,1.491981097E-1
2.891080638E1,-3.443299583E-1,-1.528900713E-1,-9.676814461E-1,1.038434338E0
2.892080637E1,-7.209511650E-1,-3.146082687E-1,-1.889673334E0,2.046854722E0
2.893080537E1,-3.217512274E-1,-1.557902902E-1,-4.751535147E-1,5.946135967E-1
2.894080537E1,2.930215180E-2,-1.082307923E-1,6.045114666E-1,6.148224409E-1
2.895080437E1,4.744290447E-1,-3.147854394E-1,9.204686880E-1,1.082328692E0
2.896080337E1,5.123464841E-1,-6.402221668E-1,6.325149518E-1,1.035595726E0
2.897080338E1,6.464558834E-1,-6.923044860E-1,-1.561814690E-1,9.599913342E-1