"Time (s)","Linear Acceleration x (m/s^2)","Linear Acceleration y (m/s^2)","Linear Acceleration z (m/s^2)","Absolute acceleration (m/s^2)"
7.035166607E-3,1.663173249E-1,8.566007209E-1,-3.384209960E0,3.494896751E0
1.703816664E-2,-1.071575359E-1,1.570289059E0,-3.315698719E0,3.670306317E0
2.704116667E-2,-9.471875399E-2,1.837751228E0,-2.429579499E0,3.047811963E0
3.704416659E-2,-3.750883591E-1,1.710522832E0,-1.065891865E0,2.050050025E0
4.704616661E-2,-6.241657126E-1,1.642815583E0,4.343721092E-1,1.810277605E0
5.704916664E-2,-5.090720433E-1,1.559013873E0,1.381119938E0,2.144101417E0
6.705216668E-2,-4.793477225E-1,1.384494951E0,2.212846604E0,2.653919856E0
7.705416658E-2,-5.244209844E-1,1.152631216E0,2.554299440E0,2.850968558E0
8.705716662E-2,-6.993337163E-1,1.054631882E0,2.391697143E0,2.705832825E0
9.706016665E-2,-9.620535010E-1,1.145264309E0,1.778875614E0,2.324129025E0
1.070621667E-1,-1.036064048E0,1.510935727E0,7.764219457E-1,1.989770470E0
1.170651666E-1,-8.006124616E-1,2.182381441E0,-3.106684148E-1,2.345268414E0
1.270681666E-1,-5.947340450E-1,2.755250115E0,-6.346316439E-1,2.889267919E0
1.370711667E-1,-5.860377735E-1,3.071067588E0,3.813472188E-1,3.149654283E0
1.470731667E-1,-5.689367142E-1,2.919442270E0,2.158331843E0,3.674946053E0
1.570761666E-1,-7.266966391E-1,2.517204704E0,4.205051449E0,4.954479308E0
1.670791666E-1,-6.844089907E-1,1.854688858E0,5.124992718E0,5.493071708E0
1.770812083E-1,-5.441456893E-1,9.405199599E-1,4.034081787E0,4.177856890E0
1.870842082E-1,-9.192419422E-1,5.715618217E-1,1.596813199E0,1.929119244E0
1.970872083E-1,-1.505261005E0,8.460266161E-1,-2.447966069E-1,1.743988849E0
2.070892083E-1,-2.097074950E0,1.427942687E0,-1.055894880E0,2.748027959E0
2.170922083E-1,-2.432606311E0,1.797932859E0,-8.911554265E-1,3.153457471E0
2.270952082E-1,-2.252740402E0,1.308743688E0,2.688959062E-1,2.619151460E0
2.370972083E-1,-2.055081709E0,5.025032812E-1,1.602600773E0,2.654091109E0
2.471002083E-1,-1.709599849E0,-2.852271795E-1,2.084920051E0,2.711268671E0
2.571032083E-1,-1.122841991E0,-1.136556051E0,2.005848738E0,2.564364045E0
2.671062083E-1,-4.789328626E-1,-2.007736219E0,1.760540500E0,2.712910663E0
2.771082083E-1,-1.372899923E-1,-2.413046497E0,1.098256204E0,2.654770918E0
2.871112083E-1,-6.206848651E-2,-2.158303776E0,2.626978576E-2,2.159355874E0
2.971142083E-1,1.464768451E-1,-1.436572008E0,-9.673808992E-1,1.738108283E0
3.071162082E-1,3.886562383E-1,-3.655611983E-1,-1.496084384E0,1.588381927E0
3.171192083E-1,5.090840301E-1,1.117709890E-1,-2.081577197E0,2.145838515E0
3.271222083E-1,5.924410594E-1,5.995588750E-2,-2.225260243E0,2.303554702E0
3.371242083E-1,4.809264708E-1,-8.796024978E-2,-2.261631094E0,2.313871751E0
3.471272083E-1,3.826645964E-1,-3.664745334E-1,-2.498149797E0,2.553720460E0
3.571302083E-1,4.965329817E-1,-8.866776288E-1,-2.190780966E0,2.415007963E0
3.671332083E-1,6.793491027E-1,-1.695604246E0,-9.724141824E-1,2.069342481E0
3.771352083E-1,9.232896772E-1,-2.394137479E0,4.825958508E-1,2.610987716E0
3.871382083E-1,8.788493764E-1,-2.922601228E0,1.322655968E0,3.326167911E0
3.971412083E-1,6.579886392E-1,-3.073222287E0,1.271134982E0,3.390195926E0
4.071432083E-1,4.539705142E-1,-2.555279725E0,9.492346501E-1,2.763438099E0
4.171462082E-1,5.040212184E-1,-1.903708113E0,6.685940266E-2,1.970434508E0
4.271492083E-1,4.679526687E-1,-1.264663868E0,-1.474133352E0,1.997854734E0
4.371512083E-1,4.178584027E-1,-6.102244887E-1,-2.991607436E0,3.081670752E0
4.471542083E-1,4.906381112E-1,-2.168907702E-2,-3.924985607E0,3.955592014E0
4.571572082E-1,5.662566429E-1,4.967382190E-1,-4.099415651E0,4.168045600E0
4.671602083E-1,6.056304775E-1,9.807277536E-1,-3.576952314E0,3.758085026E0
4.771622083E-1,7.759893979E-1,1.324398146E0,-2.714340656E0,3.118306462E0
4.871652083E-1,1.096695728E0,1.310304602E0,-1.528692552E0,2.292714676E0
4.971682082E-1,1.315638432E0,1.029511659E0,-2.746571678E-1,1.692995954E0
5.071702083E-1,1.333418061E0,7.576439050E-1,4.833980888E-1,1.608011730E0
5.171732083E-1,1.344199596E0,5.517511627E-1,7.109506720E-1,1.617638018E0
5.271762083E-1,1.397036937E0,4.958617213E-1,6.911151624E-1,1.635613407E0
5.371782082E-1,1.305722139E0,6.124993479E-1,4.073012549E-1,1.498652751E0
5.471812083E-1,9.771030647E-1,8.799907529E-1,-1.188200998E-1,1.320315243E0
5.571842083E-1,5.142903909E-1,1.237348600E0,-7.276795560E-1,1.524809398E0
5.671862083E-1,-1.810039227E-1,1.167069746E0,-1.513515519E0,1.919776924E0
5.771892082E-1,-9.820908858E-1,9.024639416E-1,-1.967266470E0,2.376779552E0
5.871922083E-1,-1.593828488E0,7.271398580E-1,-1.656850655E0,2.411260192E0
5.971952083E-1,-1.707974177E0,9.121136016E-1,-3.180955482E-1,1.962221137E0
6.071972083E-1,-1.272715338E0,1.303523294E0,1.465092387E0,2.337835112E0
6.172002082E-1,-7.249697370E-1,1.523345858E0,3.083979410E0,3.515265669E0
6.272032083E-1,-3.362507873E-1,1.462561128E0,4.518154060E0,4.760868172E0
6.372052083E-1,6.322345778E-2,1.007742475E0,5.197430949E0,5.294603911E0
6.472082083E-1,5.109817805E-1,2.421916723E-1,4.830273753E0,4.863260606E0
6.572112083E-1,8.103670791E-1,-4.992335182E-1,4.044475213E0,4.154961932E0
6.672132083E-1,9.610983583E-1,-1.033804100E0,3.176135622E0,3.475672375E0
6.772162083E-1,1.232347330E0,-9.549614131E-1,2.566095028E0,3.002578048E0
6.872192083E-1,1.714540162E0,-2.085731059E-1,2.213738304E0,2.807808396E0
6.972222083E-1,1.914372411E0,3.064034557E-1,2.087602168E0,2.848997652E0
7.072242083E-1,1.813513642E0,4.959216553E-1,1.977368120E0,2.728507779E0
7.172272083E-1,1.335621438E0,3.311693376E-1,1.816195468E0,2.278623210E0
7.272302083E-1,6.505352665E-1,-1.357635766E-1,1.341428454E0,1.497016426E0
7.372322083E-1,-1.056051732E-1,-6.878655723E-1,9.013512164E-1,1.138747344E0
7.472352083E-1,-6.490608910E-1,-1.272483057E0,6.782302380E-1,1.581293593E0
7.572382083E-1,-9.191076755E-1,-1.611695532E0,6.661341029E-1,1.971308208E0
7.672402083E-1,-7.663689009E-1,-1.769849267E0,5.501346999E-1,2.005576204E0
7.772432083E-1,-1.539334338E-1,-1.576708425E0,4.237898183E-1,1.639909378E0
7.872462083E-1,5.183390030E-1,-1.248774059E0,2.370876378E-1,1.372706276E0
7.972492083E-1,1.058837053E0,-1.046934899E0,-2.394867504E-1,1.508165273E0
8.072512083E-1,1.510083934E0,-9.219641134E-1,-1.116870815E0,2.092312532E0
8.172542083E-1,1.804274895E0,-1.021592482E0,-2.243800009E0,3.055110077E0
8.272572083E-1,1.818554381E0,-1.262072967E0,-3.462103643E0,4.109273640E0
8.372592083E-1,1.674231796E0,-1.433441994E0,-4.313687453E0,4.844141565E0
8.472622082E-1,1.108008628E0,-1.360069962E0,-4.138311914E0,4.494785748E0
8.572652083E-1,4.093964584E-1,-1.295762869E0,-3.457894818E0,3.715325483E0
8.672672083E-1,-1.010967506E-1,-1.182002657E0,-2.828939066E0,3.067612602E0
8.772702083E-1,-2.365501325E-1,-9.288044786E-1,-2.309778237E0,2.500741736E0
8.872732082E-1,-7.682525083E-2,-6.668191043E-1,-2.291524399E0,2.387809437E0
8.972752083E-1,1.347713041E-1,-4.884562227E-1,-2.555932567E0,2.605675358E0
9.072782083E-1,1.988914324E-1,-3.317686772E-1,-2.818631594E0,2.845050495E0
9.172812083E-1,1.441031680E-1,-9.725527614E-2,-2.856746669E0,2.862031769E0
9.272832082E-1,7.210172385E-2,2.624016961E-1,-2.717470670E0,2.731062092E0
9.372862083E-1,-1.103635642E-1,5.605722722E-1,-2.661663675E0,2.722292215E0
9.472892083E-1,-3.647710933E-1,7.388193789E-1,-2.586900006E0,2.714951872E0
9.572922083E-1,-4.918296276E-1,9.249953100E-1,-2.434732066E0,2.650553327E0
9.672942082E-1,-5.367413601E-1,1.221156783E0,-2.224172076E0,2.593502766E0
9.772972083E-1,-7.483219814E-1,1.669347909E0,-1.847572796E0,2.600044897E0
9.873002083E-1,-1.105277979E0,2.440390416E0,-1.475382902E0,3.058414541E0
9.973022083E-1,-1.359565494E0,2.734341057E0,-9.756091011E-1,3.205753026E0
1.007305208E0,-1.270846568E0,2.635374885E0,-3.583466113E-1,2.947653996E0
1.017308208E0,-8.455999155E-1,2.229077598E0,5.931544197E-1,2.456757684E0
1.027310208E0,-2.901882496E-1,1.772338134E0,1.579254595E0,2.391534394E0
1.037313208E0,1.062399615E-1,1.480494830E0,2.157175848E0,2.618503296E0
1.047316208E0,1.491512154E-1,1.386788814E0,2.506234158E0,2.868211804E0
1.057318208E0,-2.082047313E-1,1.512413026E0,2.784312531E0,3.175395825E0
1.067321208E0,-4.738870078E-1,1.981297741E0,3.301678265E0,3.879586190E0
1.077324208E0,-6.375453115E-1,2.356758568E0,4.197720210E0,4.856092043E0
1.087326208E0,-1.075900325E0,2.195266658E0,4.972230116E0,5.540742688E0
1.097329208E0,-1.577308057E0,2.399356119E0,5.426489190E0,6.139348127E0
1.107332208E0,-1.086718551E0,2.529723592E0,5.447274288E0,6.103544530E0
1.117335208E0,-2.180113160E-1,2.496198289E0,4.974644431E0,5.570064816E0
1.127337208E0,2.334228954E-1,2.868365672E0,3.296522191E0,4.375964628E0
1.137340208E0,4.222791901E-1,3.345948997E0,1.726011522E0,3.788510285E0
1.147343208E0,1.171684076E-1,3.574396789E0,9.491843641E-1,3.700134024E0
1.157345208E0,-4.773750181E-1,3.026105131E0,6.096178401E-1,3.123592977E0
1.167348208E0,-8.885298805E-1,1.586692838E0,1.272096848E0,2.219303923E0
1.177351792E0,-1.182945959E0,2.945529038E-1,1.508165901E0,1.939249066E0
1.187353792E0,-1.480027345E0,-3.181315085E-1,1.667710689E0,2.252320479E0
1.197356792E0,-1.696647097E0,-8.056860906E-1,2.610982348E0,3.216359786E0
1.207359792E0,-1.571615939E0,-1.230454148E0,3.213169547E0,3.782651531E0
1.217361792E0,-1.172059102E0,-1.607726735E0,3.249538059E0,3.810250042E0
1.227364792E0,-8.159535089E-1,-1.919750826E0,2.953122817E0,3.615543906E0
1.237367792E0,-5.084321386E-1,-2.062821376E0,2.251237668E0,3.095449290E0
1.247369792E0,-1.874928702E-1,-2.051537127E0,1.369348909E0,2.473676332E0
1.257372792E0,1.877806994E-1,-1.846930187E0,4.781157142E-1,1.917030867E0
1.267375792E0,6.037957674E-1,-1.517482562E0,-2.391014189E-1,1.650603570E0
1.277377792E0,8.913295273E-1,-1.347087974E0,-8.904835814E-1,1.844471562E0
1.287380792E0,1.005424638E0,-1.370502857E0,-1.638957590E0,2.361215527E0
1.297383792E0,9.927513832E-1,-1.525038042E0,-2.379720876E0,2.995724918E0
1.307385792E0,8.373414543E-1,-1.691794347E0,-2.886147054E0,3.448645189E0
1.317388792E0,6.686172692E-1,-1.824239190E0,-3.212800003E0,3.754594723E0
1.327391792E0,5.797312590E-1,-1.773021089E0,-3.484098530E0,3.952041837E0
1.337393792E0,7.062563811E-1,-1.745459946E0,-3.652690129E0,4.109449316E0
1.347396792E0,1.020398919E0,-1.573092361E0,-3.642708932E0,4.096969843E0
1.357399792E0,1.307745422E0,-1.134281484E0,-3.364283234E0,3.783542553E0
1.367401792E0,1.656197667E0,-3.380114570E-1,-2.735298246E0,3.215446929E0
1.377404792E0,1.932681067E0,6.169084409E-1,-2.131945113E0,2.942961450E0
1.387407792E0,1.934351031E0,1.400413996E0,-2.726693484E0,3.624600754E0
1.397409792E0,1.317070708E0,2.073930063E0,-3.924217867E0,4.629832289E0
1.407412792E0,-4.910453698E-1,2.723333089E0,-4.585825641E0,5.356068098E0
1.417415792E0,-2.632542202E0,3.181085290E0,-3.973548487E0,5.730503437E0
1.427417792E0,-3.632352051E0,3.407761083E0,-3.208523349E0,5.924646749E0
1.437420792E0,-4.612117353E0,2.269033815E0,-1.835798258E0,5.458048752E0
1.447423792E0,-4.565360678E0,5.526602586E-1,1.080957216E-1,4.599960453E0
1.457425792E0,-3.375211095E0,-3.288233982E-1,2.319795687E0,4.108725690E0
1.467428792E0,-1.511607865E0,-9.451457653E-2,1.990338414E0,2.501067441E0
1.477431792E0,-9.596608204E-1,-1.151035730E-1,2.903912065E0,3.060539659E0
1.487433792E0,-9.044897094E-1,-4.348716076E-1,3.401970878E0,3.546917084E0
1.497436792E0,-4.137902024E-1,-7.860742369E-1,2.708544896E0,2.850500042E0
1.507439792E0,1.592802009E-1,-1.065816655E0,2.082613324E0,2.344912276E0
1.517441792E0,5.266432187E-1,-1.241792776E0,1.850327420E0,2.289784693E0
1.527444792E0,5.028152302E-1,-1.291085389E0,1.754657031E0,2.235742815E0
1.537447792E0,2.642096552E-1,-1.418390091E0,1.951860811E0,2.427220183E0
1.547449792E0,1.519153404E-1,-1.757712348E0,2.504653655E0,3.063645035E0
1.557452792E0,-1.186084306E-1,-2.067254589E0,2.664437594E0,3.374438796E0
1.567455792E0,-7.832357061E-1,-2.206205921E0,2.529292653E0,3.446465445E0
1.577457792E0,-1.565618303E0,-2.138231016E0,2.526650881E0,3.661578515E0
1.587460792E0,-1.649464745E0,-2.118319639E0,2.671280006E0,3.787314207E0
1.597463792E0,-7.696353748E-1,-1.526263180E0,2.657995716E0,3.160183402E0
1.607465792E0,8.170510313E-1,-6.246788789E-1,1.163057386E0,1.552578041E0
1.617468792E0,1.864869445E0,1.149981185E0,-5.367627025E-1,2.255728036E0
1.627471792E0,2.412138717E0,1.542105480E0,-1.237373743E0,3.118909470E0
1.637473792E0,2.843050736E0,2.923055264E-1,-1.233271337E0,3.112770181E0
1.647476792E0,2.871036972E0,-1.049276563E0,-7.340272933E-1,3.143665165E0
1.657479792E0,2.555401055E0,-1.504233064E0,-2.503906381E-1,2.975817053E0
1.667481792E0,1.738087192E0,-1.298612217E0,4.536117876E-1,2.216552375E0
1.677484792E0,9.511022508E-1,-8.734168015E-1,1.293400594E0,1.827659021E0
1.687487792E0,4.283524007E-1,-8.545596041E-1,2.234691217E0,2.430556054E0
1.697489792E0,3.218564773E-1,-8.614396573E-1,2.506467462E0,2.669840634E0
1.707492792E0,3.601624641E-1,-1.010149335E0,2.271957861E0,2.512351727E0
1.717495792E0,3.344563499E-1,-1.253165903E0,1.615982126E0,2.072120668E0
1.727497792E0,3.680187830E-1,-1.461142885E0,5.770909488E-1,1.613508698E0
1.737500792E0,3.210901996E-1,-1.521057550E0,-5.564765900E-1,1.651175697E0
1.747503792E0,3.319408777E-1,-1.474875802E0,-1.585902879E0,2.191011483E0
1.757505792E0,3.724614975E-1,-1.363500085E0,-2.682804868E0,3.032375637E0
1.767508792E0,3.644011107E-1,-6.299484627E-1,-4.003877410E0,4.069478781E0
1.777511792E0,7.576047286E-1,-3.560509944E-1,-4.866083272E0,4.937560495E0
1.787513792E0,1.055098490E0,-1.915034755E-1,-5.413332955E0,5.518521549E0
1.797516792E0,1.418135152E0,5.145725191E-2,-5.524308431E0,5.703660123E0
1.807519792E0,1.761034005E0,2.351957712E-1,-5.483477324E0,5.764120174E0
1.817521792E0,1.707860010E0,3.559276181E-1,-5.353651595E0,5.630724259E0
1.827524792E0,1.461652470E0,3.396267503E-1,-5.088763370E0,5.305401673E0
1.837527792E0,1.166994024E0,2.986601342E-1,-4.705515221E0,4.857257089E0
1.847529792E0,7.743222106E-1,1.387988663E-1,-4.450620473E0,4.519608678E0
1.857532792E0,4.065419939E-1,-8.237411231E-3,-4.391328537E0,4.410114575E0
1.867535792E0,1.794937330E-1,3.422989279E-2,-4.411231290E0,4.415014289E0
1.877537792E0,-1.305402589E-1,1.498799247E-1,-4.311460249E0,4.316039183E0
1.887540792E0,-5.543467417E-1,1.710098617E-1,-3.842609448E0,3.886153889E0
1.897543792E0,-8.655919844E-1,5.861833692E-3,-2.964427823E0,3.088222169E0
1.907545792E0,-1.028310640E0,-1.498968816E-1,-1.801710160E0,2.079916188E0
1.917548792E0,-1.201371559E0,-1.369898839E-1,-4.999381077E-1,1.308433400E0
1.927550792E0,-1.218414146E0,-2.789209574E-2,9.607571733E-1,1.551890894E0
1.937553792E0,-1.093828984E0,2.287191027E-1,2.652335612E0,2.878134547E0
1.947556792E0,-1.214828341E0,3.889797355E-1,3.488875120E0,3.714749351E0
1.957558792E0,-1.676968293E0,3.438841081E-1,3.443315370E0,3.845373801E0
1.967561792E0,-1.856972196E0,3.529069465E-1,3.190029191E0,3.707988037E0
1.977564792E0,-2.105806012E0,4.484725235E-1,2.235066608E0,3.103396415E0
1.987566792E0,-1.946057157E0,1.119309103E0,1.505480860E0,2.703047160E0
1.997569792E0,-1.662432407E0,1.839512556E0,1.832831966E0,3.083303580E0
2.007572792E0,-1.719984797E0,2.596288295E0,2.100973581E0,3.756747343E0
2.017574792E0,-1.391524182E0,3.631949471E0,3.537854322E0,5.257738079E0
2.027577792E0,-1.257502198E0,2.788317289E0,4.568743000E0,5.498130381E0
2.037580792E0,-2.289190775E0,6.492586000E-1,4.263389120E0,4.882460232E0
2.047582792E0,-2.798722994E0,5.148815444E-1,5.740231487E0,6.406887772E0
2.057585792E0,-2.471070465E0,1.462274614E0,6.480436363E0,7.088052747E0
2.067588792E0,-1.890240806E0,2.278239525E0,5.263014489E0,6.038435820E0
2.077590792E0,-6.635586968E-1,3.189051244E0,3.680458556E0,4.914888927E0
2.087593792E0,3.930843347E-1,4.367275723E0,2.331086075E0,4.966042169E0
2.097596792E0,6.547931358E-1,4.540769043E0,1.353706437E0,4.783289524E0
2.107598792E0,2.154795447E-1,4.109213246E0,7.688234890E-1,4.186066709E0
2.117601792E0,-7.654797587E-1,3.483119998E0,5.187544477E-1,3.603774460E0
2.127603792E0,-2.030963991E0,1.108825046E0,8.145411140E-1,2.453117392E0
2.137606792E0,-2.717980255E0,-6.497212610E-1,1.074346354E0,2.993956324E0
2.147609792E0,-2.742818058E0,-1.623529420E0,1.038735641E0,3.352293306E0
2.157611792E0,-3.076268102E0,-2.160812817E0,9.600344574E-1,3.879974694E0
2.167614792E0,-2.978314376E0,-2.324488662E0,3.109379715E-1,3.790816071E0
2.177617792E0,-2.378128387E0,-2.166406263E0,-3.605586129E-1,3.237099510E0
2.187619042E0,-1.386805771E0,-1.425433647E0,-6.134161913E-1,2.081194549E0
2.197622042E0,-1.335872430E-1,-4.740036598E-1,-5.266967207E-1,7.210648075E-1
2.207625042E0,7.807906929E-1,1.058462977E-2,-5.652819121E-1,9.639967742E-1
2.217627042E0,1.381404990E0,-1.364745981E-1,-7.172925621E-1,1.562502378E0
2.227630042E0,1.756561177E0,-5.774832970E-1,-9.738964516E-1,2.089848900E0
2.237633042E0,1.976365030E0,-9.751527259E-1,-1.343720562E0,2.581187037E0
2.247635042E0,1.918875791E0,-1.437592932E0,-1.667843421E0,2.920695022E0
2.257638042E0,1.684912905E0,-2.066382623E0,-1.903609003E0,3.276064083E0
2.267641042E0,1.561063615E0,-2.659226263E0,-2.337563036E0,3.869445034E0
2.277643042E0,1.461495180E0,-3.363004740E0,-3.008430460E0,4.743039413E0
2.287646042E0,1.517907947E0,-3.938600264E0,-3.567659335E0,5.526735899E0
2.297648042E0,1.435727963E0,-4.280458896E0,-4.068732387E0,6.077682649E0
2.307651042E0,1.294551326E0,-4.203964159E0,-4.546594917E0,6.326191834E0
2.317654042E0,8.769423071E-1,-3.803942395E0,-5.028449340E0,6.365870587E0
2.327656042E0,3.383511803E-1,-3.084935722E0,-5.551100373E0,6.359718962E0
2.337659042E0,9.367882669E-2,-2.410540673E0,-5.480445542E0,5.987884885E0
2.347662042E0,1.466481686E-3,-1.910824467E0,-5.038739271E0,5.388890956E0
2.357664042E0,8.413353950E-2,-1.690518046E0,-4.508710222E0,4.815952406E0
2.367667042E0,3.458885336E-1,-1.745609927E0,-3.795462763E0,4.191936364E0
2.377670042E0,6.978546631E-1,-1.575697441E0,-2.901824609E0,3.374968092E0
2.387672042E0,1.038404396E0,-1.021083482E0,-2.088979188E0,2.546513148E0
2.397675042E0,1.292552748E0,-1.117619258E-1,-1.200476643E0,1.767576732E0
2.407677042E0,1.174641013E0,7.293606305E-1,-1.040248901E-1,1.386567566E0
2.417680042E0,7.102431589E-1,1.046341992E0,8.877897692E-1,1.545136752E0
2.427683042E0,2.966941541E-1,9.620839065E-1,1.611083329E0,1.899795346E0
2.437685042E0,2.277043185E-1,8.262908015E-1,2.051095077E0,2.222970257E0
2.447688042E0,3.147676054E-1,1.147617521E0,2.185561742E0,2.488530640E0
2.457691042E0,3.077719966E-1,1.873028650E0,1.636097717E0,2.505948057E0
2.467693042E0,-1.703703225E-2,2.090836263E0,1.829838191E0,2.778523771E0
2.477696042E0,-3.909477621E-1,1.724275776E0,2.804773108E0,3.315527001E0
2.487699042E0,-8.114374119E-1,1.046756559E0,3.659816716E0,3.892093057E0
2.497701042E0,-1.306787794E0,2.732965207E-1,4.528025329E0,4.720741330E0
2.507704042E0,-1.373490199E0,-4.212193823E-1,6.260614969E0,6.423332537E0
2.517706042E0,-1.172597703E0,-1.067713857E0,7.840868853E0,7.999638906E0
2.527709042E0,-1.169056045E0,-1.546706361E0,8.845088380E0,9.055085922E0
2.537712042E0,-1.509064326E0,-1.655352598E0,9.406130476E0,9.669165315E0
2.547714042E0,-1.268637928E0,-1.089512277E0,8.101742964E0,8.272527924E0
2.557717042E0,1.772636050E-1,8.256926313E-1,5.025626305E0,5.096087760E0
2.567720042E0,7.979016924E-1,1.863828348E0,1.244231358E0,2.378784331E0
2.577722042E0,1.086255670E0,3.203399142E0,-2.186368657E0,4.027645137E0
2.587725042E0,1.630718571E0,4.768420152E0,-4.387046621E0,6.681560586E0
2.597728042E0,1.444827400E0,3.919569038E0,-4.763727762E0,6.335901660E0
2.607730042E0,5.505671015E-1,2.274210501E0,-3.487733159E0,4.199933348E0
2.617733042E0,2.247099593E-1,7.846802607E-1,-1.779832218E0,1.958065475E0
2.627735042E0,-4.108633786E-1,-7.816666058E-1,-1.019169104E0,1.348524030E0
2.637738042E0,-1.363510171E0,-1.788483174E0,4.673164916E-1,2.297001688E0
2.647741042E0,-1.724149184E0,-1.945766989E0,2.365636688E0,3.514958965E0
2.657743042E0,-1.523665116E0,-1.604795672E0,2.798803686E0,3.567944311E0
2.667746042E0,-3.829353225E-1,-6.773992024E-1,3.184294242E0,3.277993130E0
2.677749042E0,6.798288667E-1,5.336373657E-2,3.810878947E0,3.871409734E0
2.687751042E0,1.148069218E0,4.001147345E-2,3.323208883E0,3.516159997E0
2.697754042E0,1.013260492E0,-3.118301104E-1,2.024680281E0,2.285446364E0
2.707757042E0,9.505514431E-1,-8.542273360E-1,2.568254989E-1,1.303538156E0
2.717759042E0,1.079044592E0,-1.501003501E0,-1.440991334E0,2.343886679E0
2.727762042E0,1.478399481E0,-1.667933468E0,-2.561026661E0,3.395073583E0
2.737764042E0,1.962077651E0,-1.516987011E0,-3.542937307E0,4.324743121E0
2.747767042E0,2.229386623E0,-1.342044604E0,-4.068607256E0,4.829576942E0
2.757770042E0,2.374885229E0,-1.268831179E0,-3.997806830E0,4.820007455E0
2.767772042E0,2.486426715E0,-1.245517745E0,-4.155372335E0,5.000075150E0
2.777775042E0,2.602586916E0,-1.119619737E0,-4.114210861E0,4.995371660E0
2.787778042E0,2.333385785E0,-1.215113832E0,-3.746917425E0,4.578272713E0
2.797780042E0,2.068963584E0,-1.121416879E0,-3.380225667E0,4.118751229E0
2.807783042E0,2.132239228E0,-8.597111472E-1,-3.496750735E0,4.184831309E0
2.817785042E0,1.930857612E0,-4.665850049E-1,-3.311675250E0,3.861749040E0
2.827788042E0,1.183781673E0,2.075469196E-1,-2.668088595E0,2.926279468E0
2.837791042E0,4.324986613E-1,9.283282229E-1,-1.851969318E0,2.116279456E0
2.847793042E0,-2.309492308E-1,1.482145792E0,-1.420340137E0,2.065783096E0
2.857796042E0,-1.231134764E0,1.585612565E0,-1.325600041E0,2.405634112E0
2.867799042E0,-2.518543716E0,1.321748188E0,-1.080361969E0,3.042575013E0
2.877801042E0,-3.593641437E0,1.042617900E0,-9.289945132E-1,3.855430154E0
2.887804042E0,-4.204659685E0,1.172034616E0,-1.166446432E0,4.518121899E0
2.897806042E0,-4.544768246E0,1.210241493E0,-1.539632692E0,4.948744458E0
2.907809042E0,-5.247597136E0,9.167668158E-1,-9.765738916E-1,5.415850225E0
2.917812042E0,-5.492420640E0,6.667597550E-1,4.312087655E-1,5.549521967E0
2.927814042E0,-5.729893025E0,5.921112764E-1,2.888977107E0,6.444257797E0
2.937817042E0,-5.242728159E0,1.368836400E0,4.796219569E0,7.236272093E0
2.947820042E0,-4.169459155E0,1.811819119E0,4.318841774E0,6.270524096E0
2.957822042E0,-3.307770479E0,2.010863018E0,4.043164267E0,5.597507741E0
2.967825042E0,-2.077086243E0,1.877431603E0,4.636687646E0,5.416448007E0
2.977827042E0,-7.990980327E-1,1.280323296E0,5.672849928E0,5.870179870E0
2.987830042E0,3.302086401E-1,1.080889096E0,7.227362614E0,7.315198517E0
2.997833042E0,2.047550203E0,2.078172364E0,7.062848278E0,7.641667881E0
3.007835042E0,3.858569715E0,2.616185786E0,4.323832957E0,6.358342532E0
3.017838042E0,4.971897410E0,3.487366539E0,1.938699898E0,6.374954629E0
3.027841042E0,4.472984611E0,4.408574899E0,1.350743653E0,6.423988823E0
3.037843042E0,2.042118432E0,4.371519924E0,1.104700420E0,4.949827993E0
3.047846042E0,-6.551603410E-1,3.847244536E0,4.569201422E-1,3.929287672E0
3.057848042E0,-1.660566268E0,3.685094229E0,8.757298869E-1,4.135734837E0
3.067851042E0,-1.549045540E0,3.538381741E0,2.463589829E0,4.581371222E0
3.077854042E0,-1.244122015E0,2.446039996E0,2.013502743E0,3.403695719E0
3.087856042E0,-9.530116591E-1,1.118088205E0,9.496053636E-1,1.749314952E0
3.097859042E0,-8.767572427E-1,-1.441806436E-1,4.298545504E-1,9.870492668E-1
3.107862042E0,-7.524539164E-1,-1.297251570E0,-1.420183432E-1,1.506392294E0
3.117864042E0,-2.140583789E-1,-1.995695048E0,-1.868857831E-1,2.015823904E0
3.127867042E0,5.445596722E-1,-2.458608001E0,-1.595675915E-1,2.523244015E0
3.137869042E0,1.257601016E0,-2.754860691E0,-1.319285048E0,3.303230355E0
3.147872042E0,1.703463196E0,-2.834189281E0,-2.668973279E0,4.249451036E0
3.157875042E0,2.085362977E0,-2.851487099E0,-3.751173613E0,5.152768275E0
3.167877042E0,2.475571359E0,-2.569054888E0,-4.982196695E0,6.127869163E0
3.177880042E0,3.121406853E0,-2.075384996E0,-6.076980822E0,7.140034981E0
3.187882458E0,4.443010614E0,-2.344569755E0,-6.780076929E0,8.438411807E0
3.197885458E0,4.557145925E0,-2.765671023E0,-6.891500886E0,8.712594312E0
3.207888458E0,4.572325589E0,-3.200802101E0,-7.043101646E0,8.986466279E0
3.217890458E0,4.879977718E0,-4.088976617E0,-7.082254018E0,9.523247044E0
3.227893458E0,4.052230667E0,-5.075835761E0,-6.173562791E0,8.960890558E0
3.237896458E0,3.628974700E0,-5.409447480E0,-5.354774260E0,8.432389151E0
3.247898458E0,3.614322162E0,-5.231279896E0,-5.232185630E0,8.234402255E0
3.257901458E0,3.066010624E0,-5.068710344E0,-4.428512735E0,7.396213271E0
3.267903458E0,2.392768938E0,-4.917425918E0,-2.957887128E0,6.217356119E0
3.277906458E0,1.817537696E0,-4.439017843E0,-2.008463028E0,5.200215998E0
3.287909458E0,1.663808549E0,-3.794619010E0,-2.088143620E0,4.639799144E0
3.297911458E0,1.458076021E0,-3.313615648E0,-2.282328483E0,4.279609521E0
3.307914458E0,9.214872730E-1,-2.893286212E0,-2.538918339E0,3.958074056E0
3.317917458E0,4.113732558E-1,-2.541393758E0,-2.960263436E0,3.923145396E0
3.327919458E0,-7.626698792E-2,-2.145527025E0,-2.461378412E0,3.266111841E0
3.337922458E0,-2.752185005E-1,-1.721945368E0,-1.442037985E0,2.262811222E0
3.347924458E0,-4.812413433E-1,-1.394693957E0,-6.368296123E-1,1.606958749E0
3.357927458E0,-3.751544327E-1,-9.395311958E-1,-4.911895037E-2,1.012853586E0
3.367930458E0,-5.526416937E-1,-2.508133918E-1,6.741518050E-1,9.070837091E-1
3.377932458E0,-9.317772031E-1,9.741259548E-1,2.111897934E0,2.505442679E0
3.387935458E0,-1.627867761E0,2.841373462E0,3.340638263E0,4.677950471E0
3.397937458E0,-2.253072524E0,3.836926247E0,4.575612894E0,6.382364152E0
3.407940458E0,-2.121261081E0,4.589851741E0,5.227166380E0,7.272534354E0
3.417943458E0,1.358881223E-1,3.851279114E0,6.433266875E0,7.499182561E0
3.427945458E0,1.216590400E0,2.959798290E0,6.394258345E0,7.150317329E0
3.437948458E0,4.055954759E-1,2.625867605E0,6.014966422E0,6.575675587E0
3.447950458E0,-4.037837161E-1,1.491649856E0,6.618438839E0,6.796454461E0
3.457953458E0,-7.832435998E-1,2.215697122E-1,6.221425175E0,6.274447775E0
3.467956458E0,-1.011087374E0,-6.363226587E-1,7.207010211E0,7.305354227E0
3.477958458E0,-6.829416320E-1,-8.147130221E-1,7.610962180E0,7.684849504E0
3.487961458E0,-5.146024860E-2,-6.537771821E-3,5.303908162E0,5.304161827E0
3.497964458E0,1.251786253E0,2.536871229E0,1.748199366E0,3.325490261E0
3.507966458E0,2.461937114E0,3.299300203E0,-5.112045228E-1,4.148234111E0
3.517969458E0,2.943774581E0,4.432158474E0,-2.991074170E0,6.103798998E0
3.527971458E0,3.014368892E0,5.243688272E0,-2.701246401E0,6.624154183E0
3.537974458E0,3.031208873E0,4.968636417E0,-1.187416887E0,5.940162788E0
3.547977458E0,3.031817861E0,3.774563060E0,1.073968624E0,4.959098148E0
3.557979458E0,2.703425951E0,1.896737355E0,4.011613276E0,5.196072126E0
3.567982458E0,1.930708216E0,5.273662269E-2,4.430608377E0,4.833291421E0
3.577984458E0,1.024240101E0,-1.262534897E0,4.324778452E0,4.620256574E0
3.587987458E0,3.117563989E-1,-1.876113056E0,4.221057032E0,4.629720804E0
3.597990458E0,-1.925572168E-2,-2.461982430E0,2.923786751E0,3.822336619E0
3.607992458E0,7.529459596E-3,-2.813739814E0,1.009028862E0,2.989201846E0
3.617995458E0,1.043014268E-1,-2.600132255E0,-1.625748146E-1,2.607296895E0
3.627997458E0,4.051590543E-3,-2.212042612E0,-8.212800300E-1,2.359586790E0
3.638000458E0,-3.976093487E-1,-2.008274748E0,-2.090296565E0,2.925850370E0
3.648003458E0,-6.200910804E-1,-2.060863436E0,-2.596975928E0,3.372825969E0
3.658005458E0,-5.449776385E-1,-2.171669342E0,-2.226330283E0,3.157482365E0
3.668008458E0,-2.701773966E-1,-2.174645575E0,-1.412804246E0,2.607315677E0
3.678011458E0,-1.316669625E-3,-2.354068556E0,-1.367388922E0,2.722387365E0
3.688013458E0,3.374383933E-1,-3.030739050E0,-1.520124627E0,3.407348344E0
3.698016458E0,2.765914633E-1,-3.583404132E0,-1.887881162E0,4.059726997E0
3.708018458E0,-3.002271880E-1,-3.549190904E0,-2.779224869E0,4.517851625E0
3.718021458E0,-9.229260535E-1,-3.189739461E0,-3.840577540E0,5.077033206E0
3.728024458E0,-1.753800122E0,-3.005289921E0,-4.687478900E0,5.837811303E0
3.738026458E0,-2.555380590E0,-2.792455656E0,-5.384656456E0,6.581968072E0
3.748029458E0,-2.688507072E0,-2.350131041E0,-4.841612674E0,6.016011924E0
3.758031458E0,-2.475564927E0,-1.779504774E0,-3.986265596E0,5.018502999E0
3.768034458E0,-2.111568443E0,-1.929687877E0,-2.416265389E0,3.744429867E0
3.778037458E0,-1.967860401E0,-2.356196943E0,-5.556638271E-1,3.119759747E0
3.788039458E0,-2.136897266E0,-1.875230711E0,1.705246890E-1,2.848139536E0
3.798042458E0,-2.200397443E0,-7.531354094E-1,2.767990029E-1,2.342131410E0
3.808044458E0,-2.164211365E0,1.625777382E-1,-6.752025497E-1,2.272914612E0
3.818047458E0,-2.268603898E0,1.413467905E0,-3.127903109E0,4.114393397E0
3.828050458E0,-2.418464527E0,2.663516073E0,-4.393334717E0,5.678439792E0
3.838052458E0,-2.470710276E0,3.539157082E0,-3.931821586E0,5.838601126E0
3.848055458E0,-2.124262164E0,4.353478925E0,-2.324342481E0,5.372879718E0
3.858057458E0,-8.105467348E-1,5.023201464E0,-1.388772190E-1,5.090071300E0
3.868060458E0,5.027859941E-2,5.221198711E0,2.038304878E0,5.605187838E0
3.878063458E0,6.379956932E-1,5.377524022E0,3.651213707E0,6.531168705E0
3.888065458E0,7.367033447E-1,5.227324255E0,4.430687315E0,6.891925766E0
3.898068458E0,-5.251252815E-2,4.498319135E0,4.135646753E0,6.110745181E0
3.908070458E0,-4.954729180E-1,4.237592958E0,4.055625268E0,5.886491638E0
3.918073458E0,-1.206940959E-1,4.622494115E0,3.926718721E0,6.066394219E0
3.928076458E0,2.860463013E-1,3.920891971E0,4.838779113E0,6.234500753E0
3.938078458E0,9.995372231E-1,3.538549556E0,5.582535589E0,6.684692306E0
3.948081458E0,1.815773737E0,4.299755877E0,5.781456696E0,7.430355065E0
3.958083458E0,2.611279679E0,5.233414714E0,5.150020555E0,7.792953410E0
3.968086458E0,3.128397491E0,5.464935803E0,3.994712484E0,7.457219456E0
3.978089458E0,2.401651589E0,4.484013922E0,3.022991781E0,5.917160680E0
3.988091458E0,9.825718924E-1,3.382707226E0,2.061097324E0,4.081210345E0
3.998094458E0,-1.210560751E-1,2.632705924E0,2.022367122E0,3.322012016E0
4.008096458E0,-7.309909804E-1,2.182183805E0,2.424841501E0,3.343071982E0
4.018099458E0,-9.744016510E-1,2.019800195E0,2.508049718E0,3.364426369E0
4.028102458E0,-1.344839866E0,1.620770996E0,2.473096817E0,3.248338152E0
4.038104458E0,-1.409362282E0,9.335512483E-1,2.349592513E0,2.894547452E0
4.048107458E0,-1.386143428E0,-2.734508872E-1,2.267834989E0,2.671936475E0
4.058109458E0,-1.364398948E0,-7.266136086E-1,2.594814797E0,3.020366808E0
4.068112458E0,-9.182167060E-1,-1.010545045E0,2.303004822E0,2.677340923E0
4.078115458E0,-7.874811501E-1,-1.788563865E0,2.024449900E0,2.813802527E0
4.088117458E0,-1.027922093E0,-2.471766576E0,1.272868681E0,2.964194412E0
4.098120458E0,-1.161911771E0,-3.240435698E0,9.544877887E-2,3.443773068E0
4.108122458E0,-1.382895446E0,-3.972667311E0,-9.340605408E-1,4.308938904E0
4.118125458E0,-1.559898849E0,-4.469145037E0,-1.954931769E0,5.121357242E0
4.128128458E0,-1.455576628E0,-4.786827772E0,-2.707388316E0,5.688793803E0
4.138130458E0,-8.669784323E-1,-5.208622520E0,-3.494963826E0,6.332153844E0
4.148133458E0,1.594453117E-1,-5.748140430E0,-4.647984467E0,7.393936760E0
4.158135458E0,8.906794631E-1,-5.709752875E0,-5.109671259E0,7.713840041E0
4.168138458E0,1.052142795E0,-5.430601537E0,-4.895176678E0,7.386554828E0
4.178141458E0,7.536555192E-1,-5.491445909E0,-4.624424865E0,7.218675789E0
4.188142833E0,5.672220913E-1,-5.861581677E0,-4.564146504E0,7.450591517E0
4.198145833E0,6.903492502E-1,-5.962043273E0,-3.564354488E0,6.980484582E0
4.208147833E0,1.061173162E0,-5.685485761E0,-2.297440612E0,6.223268448E0
4.218150833E0,1.638419354E0,-5.652269483E0,-1.421956893E0,6.054298447E0
4.228153833E0,1.935265828E0,-5.459853988E0,-1.372009392E0,5.952954658E0
4.238155833E0,1.685088321E0,-5.265376180E0,-1.580967829E0,5.750058108E0
4.248158833E0,1.396710370E0,-4.629904291E0,-1.762524460E0,5.147164858E0
4.258160833E0,1.267073359E0,-4.269332814E0,-1.552366759E0,4.716197635E0
4.268163833E0,9.655134447E-1,-4.122499289E0,-1.594516997E0,4.524345373E0
4.278165833E0,4.930669350E-1,-3.425400086E0,-2.265409564E0,4.136249660E0
4.288168833E0,4.161710059E-2,-2.486768777E0,-2.918359365E0,3.834393344E0
4.298171833E0,1.169407727E-2,-1.302526343E0,-4.366233457E0,4.556391799E0
4.308173833E0,2.234071083E-1,-6.763439262E-1,-3.232144346E0,3.309699219E0
4.318176833E0,5.523489309E-1,-1.781775248E-1,-1.695790772E0,1.792356805E0
4.328178833E0,8.707145108E-1,6.168707263E-1,-1.042427573E0,1.491753498E0
4.338181833E0,1.268538233E0,1.696579562E0,-1.586431468E-1,2.124320858E0
4.348184833E0,1.517206428E0,2.837454951E0,4.899510634E-1,3.254707051E0
4.358186833E0,1.517645700E0,3.394802191E0,1.207472252E0,3.909721170E0
4.368189833E0,1.609570362E0,3.106631523E0,1.902779283E0,3.982768531E0
4.378191833E0,1.633271758E0,3.170767293E0,1.754318478E0,3.974792470E0
4.388194833E0,1.994820889E0,3.394059595E0,2.668149991E0,4.755835919E0
4.398197833E0,3.256229905E0,3.185297039E0,4.456662986E0,6.372675685E0
4.408199833E0,3.623835582E0,2.894204518E0,4.779726328E0,6.659909000E0
4.418202833E0,3.126716709E0,2.543769189E0,4.482173803E0,6.028018005E0
4.428204833E0,2.696355790E0,2.862593300E0,3.529939531E0,5.284434505E0
4.438207833E0,2.257603239E0,3.165002523E0,2.355161401E0,4.545415116E0
4.448210833E0,1.211018588E0,2.691823028E0,7.995166934E-1,3.058055621E0
4.458212833E0,-2.962073734E-1,3.004018151E0,2.955942929E-2,3.018731128E0
4.468215833E0,-7.339963031E-1,3.398080140E0,5.013665825E-1,3.512416214E0
4.478217833E0,2.885659397E-1,2.543887303E0,1.880134771E0,3.176403574E0
4.488220833E0,1.908354018E0,2.587178918E0,3.927949560E0,5.075834667E0
4.498222833E0,1.912541209E0,2.406781206E0,5.583462372E0,6.373810612E0
4.508225833E0,1.046095532E0,1.283651531E0,6.977858999E0,7.171652064E0
4.518228833E0,6.119318756E-1,3.417919743E-1,7.577050669E0,7.609400713E0
4.528230833E0,6.967135790E-1,3.121185243E-1,6.666753212E0,6.710322360E0
4.538233833E0,8.543021804E-1,6.123531675E-1,5.096729617E0,5.203985146E0
4.548235833E0,1.088267113E0,6.737091708E-1,3.331478015E0,3.568887098E0
4.558238833E0,1.617013575E0,5.786404610E-1,1.659320519E0,2.388075013E0
4.568241833E0,1.934093754E0,3.094247121E-1,1.308612710E-1,1.963055520E0
4.578243833E0,2.022696905E0,2.194693923E-2,-1.075041003E0,2.290741713E0
4.588246833E0,1.853269739E0,-4.431353313E-1,-1.943679387E0,2.721923438E0
4.598248833E0,1.565687885E0,-9.831432384E-1,-2.451553336E0,3.070515094E0
4.608251833E0,1.080600682E0,-1.776574150E0,-3.027033961E0,3.672444438E0
4.618253833E0,2.951159906E-1,-2.833313368E0,-3.522940414E0,4.530548228E0
4.628256833E0,-5.456321977E-1,-3.647104869E0,-3.883245258E0,5.355248094E0
4.638259833E0,-1.338937979E0,-4.178558884E0,-4.467569797E0,6.261971666E0
4.648261833E0,-2.071489873E0,-4.539241458E0,-4.681602448E0,6.842016135E0
4.658264833E0,-2.622377402E0,-4.764748101E0,-4.527021947E0,7.076271293E0
4.668266833E0,-2.864129949E0,-4.493715622E0,-4.531117921E0,6.994837387E0
4.678269833E0,-2.868514776E0,-4.104957642E0,-4.475017980E0,6.716013712E0
4.688272833E0,-2.803287623E0,-3.743966920E0,-4.122596937E0,6.234702503E0
4.698274833E0,-2.663008534E0,-3.307335446E0,-3.628094986E0,5.585083297E0
4.708277833E0,-2.503786221E0,-2.708425612E0,-3.082540995E0,4.806929761E0
4.718279833E0,-2.563297135E0,-2.082973512E0,-2.970974951E0,4.442517644E0
4.728282833E0,-2.889624978E0,-1.429579323E0,-3.360428749E0,4.656834862E0
4.738284833E0,-3.571538085E0,-7.232035124E-1,-3.844451321E0,5.297047628E0
4.748287833E0,-4.400275946E0,-7.015196979E-2,-4.181443900E0,6.070570220E0
4.758290833E0,-4.908475585E0,6.156346250E-1,-4.319756863E0,6.567529057E0
4.768292833E0,-4.873778792E0,1.340595226E0,-4.032655651E0,6.466314783E0
4.778295833E0,-4.246389509E0,2.449122648E0,-3.584227420E0,6.072619847E0
4.788297833E0,-3.226390978E0,3.521487381E0,-2.863963888E0,5.568910241E0
4.798300833E0,-2.084986416E0,4.392604984E0,-2.104975415E0,5.298402439E0
4.808303833E0,-1.058755338E0,5.182522888E0,-1.178522687E0,5.419263979E0
4.818305833E0,-3.887541792E-1,5.557686092E0,-4.672837472E-1,5.590828079E0
4.828308833E0,-1.585074914E-1,5.429836721E0,1.517896253E-1,5.434270102E0
4.838310833E0,-5.444705021E-1,5.063550176E0,1.223927486E-1,5.094209310E0
4.848313833E0,-6.119786534E-1,4.744954106E0,2.202360207E0,5.266829960E0
4.858315833E0,2.562936947E-1,4.423365431E0,4.837233694E0,6.559777284E0
4.868318833E0,1.152304064E0,3.400681567E0,7.371142139E0,8.199157042E0
4.878321833E0,2.259422308E0,2.299479536E0,9.516987838E0,1.004816664E1
4.888323833E0,3.205979810E0,1.866593204E0,8.901563712E0,9.643667003E0
4.898326833E0,3.449135689E0,2.910663260E0,6.330528957E0,7.774580020E0
4.908328833E0,2.685577325E0,3.786804206E0,5.020088992E0,6.837653483E0
4.918331833E0,1.336850376E0,4.313978645E0,2.792423204E0,5.309916009E0
4.928333833E0,2.295996934E-2,4.311441538E0,1.739939590E0,4.649348887E0
4.938336833E0,-9.124088860E-1,4.001815681E0,7.681545675E-1,4.175773002E0
4.948339833E0,-1.410724099E0,4.088384294E0,2.639240187E-1,4.332976403E0
4.958341833E0,-1.336898031E0,3.914588088E0,9.820895702E-1,4.251563967E0
4.968344833E0,-7.352692419E-1,3.266705484E0,2.035504646E0,3.918579429E0
4.978346833E0,-2.915363252E-2,2.600342755E0,2.980862592E0,3.955777316E0
4.988349833E0,1.062178883E-1,1.871472121E0,3.378918815E0,3.864037072E0
4.998351833E0,-4.081990948E-1,7.399973005E-1,2.804860232E0,2.929413495E0
5.008354833E0,-9.092540208E-1,3.267003107E-1,2.493935709E0,2.674545062E0
5.018357833E0,-9.839305660E-1,8.550617337E-2,1.778054080E0,2.033938784E0
5.028359833E0,-9.429907009E-1,-5.457937270E-1,9.826836473E-1,1.467238701E0
5.038362833E0,-9.505701542E-1,-1.118855944E0,1.218407714E-1,1.473182750E0
5.048364833E0,-1.001295042E0,-1.467514889E0,-3.976498407E-1,1.820526601E0
5.058367833E0,-8.897708058E-1,-1.734067816E0,-6.983060682E-1,2.070341672E0
5.068370833E0,-7.688503861E-1,-2.232708426E0,-7.313030756E-1,2.472027917E0
5.078372833E0,-5.060928869E-1,-2.950648860E0,-5.504814398E-1,3.043926497E0
5.088375833E0,-2.953984112E-1,-3.813240053E0,-4.639683759E-1,3.852703801E0
5.098377833E0,-2.689558402E-1,-4.465640801E0,-2.661290038E-1,4.481641401E0
5.108380833E0,-4.825914654E-1,-4.994693949E0,-1.946070313E-1,5.021726204E0
5.118382833E0,-9.277996346E-1,-5.562250428E0,-4.206276441E-1,5.654765212E0
5.128385833E0,-1.490210856E0,-5.999808100E0,-7.290577447E-1,6.224945850E0
5.138388833E0,-2.119920314E0,-6.314744983E0,-1.189099715E0,6.766389323E0
5.148390833E0,-2.599491108E0,-6.282780594E0,-1.434262358E0,6.948941971E0
5.158393833E0,-2.987131685E0,-6.093089316E0,-1.556291994E0,6.962092925E0
5.168395833E0,-3.303748180E0,-5.826981363E0,-1.490945851E0,6.862316181E0
5.178398833E0,-3.461187969E0,-5.510148813E0,-1.415730193E0,6.659268284E0
5.188400917E0,-3.373435881E0,-5.236518416E0,-1.676222481E0,6.450652414E0
5.198403917E0,-3.232881095E0,-5.115081103E0,-2.061052301E0,6.392457388E0
5.208405917E0,-3.110034603E0,-5.144677370E0,-2.566086257E0,6.536422504E0
5.218408917E0,-2.952772276E0,-5.208199766E0,-3.280899600E0,6.827042632E0
5.228411917E0,-2.619282179E0,-4.804327319E0,-3.980782077E0,6.766744126E0
5.238413917E0,-2.007843516E0,-3.966579775E0,-4.583796072E0,6.385638349E0
5.248416917E0,-1.299638404E0,-2.758102972E0,-5.280191270E0,6.097262651E0
5.258418917E0,-9.400510132E-1,-1.336724954E0,-5.936433054E0,6.157253195E0
5.268421917E0,-2.425904524E-1,1.233604628E-1,-6.778206990E0,6.783668471E0
5.278423917E0,1.119398566E0,1.356304355E0,-6.934995984E0,7.154493969E0
5.288426917E0,3.058162199E0,2.120553567E0,-6.054276084E0,7.106571773E0
5.298429917E0,5.139108481E0,2.542554138E0,-4.477910306E0,7.275073761E0
5.308431917E0,6.840986790E0,2.874552611E0,-3.209866747E0,8.084886982E0
5.318434917E0,8.055873896E0,2.759239086E0,-1.077224354E0,8.583176386E0
5.328436917E0,8.698264795E0,2.309211642E0,8.419715720E-1,9.038870780E0
5.338439917E0,8.626700138E0,1.226436526E0,2.527909201E0,9.072729840E0
5.348441917E0,8.014478533E0,-7.150676966E-2,3.629795941E0,8.798431562E0
5.358444917E0,6.864365712E0,-9.375232619E-1,3.952783855E0,7.976400611E0
5.368447917E0,5.142356610E0,-1.047835371E0,3.167385263E0,6.129773232E0
5.378449917E0,3.374491303E0,-7.570726320E-1,2.048042246E0,4.019306851E0
5.388452917E0,2.135416605E0,-5.469163924E-1,9.200020802E-1,2.388624174E0
5.398454917E0,1.654236950E0,-4.988540339E-1,1.289264274E-1,1.732621498E0
5.408457917E0,1.474487109E0,-8.931738853E-1,-1.228692967E-1,1.728284897E0
5.418459917E0,1.414554610E0,-1.180881746E0,2.804599446E-1,1.863894907E0
5.428462917E0,1.474850221E0,-1.576290349E0,9.458923817E-1,2.356817098E0
5.438465917E0,1.791924553E0,-1.847981809E0,2.382469652E0,3.507448077E0
5.448467917E0,2.084551676E0,-1.857677662E0,4.333267440E0,5.154951861E0
5.458470917E0,2.023803783E0,-2.385618378E0,5.689446664E0,6.492823742E0
5.468472917E0,1.592146828E0,-2.965873255E0,6.544071611E0,7.359090225E0
5.478475917E0,1.007294286E0,-3.068885700E0,6.625337968E0,7.370739747E0
5.488477917E0,1.025768271E-1,-2.946759877E0,6.182194451E0,6.849338947E0
5.498480917E0,-8.595974189E-1,-2.742271051E0,4.542439300E0,5.375194232E0
5.508482917E0,-1.474966873E0,-2.762445114E0,2.335788991E0,3.906730154E0
5.518485917E0,-1.761945878E0,-2.717523295E0,7.799688667E-1,3.331326698E0
5.528488917E0,-1.650699384E0,-2.205553957E0,1.910554326E-1,2.761481286E0
5.538490917E0,-1.450669645E0,-1.394928723E0,3.391770995E-1,2.040909029E0
5.548493917E0,-1.318513801E0,-7.177289106E-1,7.560414755E-1,1.680836739E0
5.558495917E0,-1.375349906E0,-2.627270937E-1,7.886028653E-1,1.607018161E0
5.568498917E0,-1.579276230E0,-1.081237882E-2,3.959389454E-1,1.628188554E0
5.578500917E0,-2.031063101E0,-5.637037486E-2,-4.303597498E-1,2.076921870E0
5.588503917E0,-2.678902436E0,-3.062157601E-1,-1.610986850E0,3.140949694E0
5.598505917E0,-3.295117105E0,-6.567162850E-1,-2.849775619E0,4.405711531E0
5.608508917E0,-3.884402422E0,-8.039708099E-1,-3.979943587E0,5.619154936E0
5.618511917E0,-4.346662241E0,-6.776960948E-1,-4.253070538E0,6.118934028E0
5.628513917E0,-4.640326953E0,-3.863024417E-1,-4.540371725E0,6.503602018E0
5.638516917E0,-4.786422560E0,-5.347541839E-2,-4.656633668E0,6.678093864E0
5.648518917E0,-4.762327353E0,3.496585259E-1,-4.790589285E0,6.764005367E0
5.658521917E0,-4.499881511E0,8.543448651E-1,-4.709800646E0,6.569707823E0
5.668523917E0,-4.070508186E0,1.473133771E0,-4.102267338E0,5.963871001E0
5.678526917E0,-3.278761858E0,2.243426080E0,-3.245932665E0,5.130235742E0
5.688529917E0,-2.236609104E0,3.112720521E0,-2.166952393E0,4.403082102E0
5.698531917E0,-1.331475908E0,3.904489069E0,-1.228871891E0,4.304415072E0
5.708534917E0,-5.354605275E-1,4.800254733E0,-5.672799057E-1,4.863226292E0
5.718536917E0,-2.968485206E-1,5.131187843E0,3.076255238E-1,5.148965060E0
5.728539917E0,-3.315798122E-1,5.022237843E0,1.355817867E0,5.212586711E0
5.738541917E0,-4.713621801E-1,4.548023684E0,2.230799895E0,5.087550482E0
5.748544917E0,-6.821601516E-1,3.771603492E0,2.848065893E0,4.775124575E0
5.758546917E0,-8.339854449E-1,3.358112082E0,3.431724434E0,4.873313152E0
5.768549917E0,-7.743853605E-1,3.238856657E0,3.895382908E0,5.124829083E0
5.778551917E0,-4.455262578E-1,3.068365298E0,3.903444464E0,4.985001297E0
5.788554917E0,-1.197194016E-1,2.801154267E0,3.719252493E0,4.657642866E0
5.798557917E0,3.725062287E-1,2.686957268E0,3.604489192E0,4.511190817E0
5.808559917E0,1.135131084E0,2.588239895E0,4.409330944E0,5.237337846E0
5.818562917E0,1.798482497E0,2.076514970E0,5.840229399E0,6.454047811E0
5.828564917E0,2.269590908E0,2.093631817E0,6.145105562E0,6.877256680E0
5.838567917E0,2.115429652E0,2.249561563E0,5.501220700E0,6.308644785E0
5.848569917E0,1.745120515E0,2.816494437E0,3.894253226E0,5.113051409E0
5.858572917E0,1.370789370E0,2.842181548E0,2.412019726E0,3.971762657E0
5.868574917E0,1.134035901E0,3.059642421E0,1.376773703E0,3.541603450E0
5.878577917E0,9.686272332E-1,3.609784430E0,9.788928974E-1,3.863549360E0
5.888580917E0,7.537803572E-1,3.800280577E0,7.862780124E-1,3.953296144E0
5.898582917E0,8.116148749E-1,3.305917497E0,1.471850599E0,3.708659244E0
5.908585917E0,1.572272142E0,2.679425469E0,3.348060719E0,4.567370262E0
5.918587917E0,2.640127795E0,2.069014162E0,5.400384296E0,6.357298555E0
5.928590917E0,3.226758476E0,1.207154455E0,7.382355929E0,8.146678538E0
5.938592917E0,3.274316804E0,2.146778914E-1,8.743629833E0,9.339073818E0
5.948595917E0,2.925884147E0,-6.777873114E-1,8.793421798E0,9.292172006E0
5.958597917E0,2.321713573E0,-1.369587767E0,7.897588599E0,8.344940398E0
5.968600917E0,1.697222756E0,-1.985622050E0,6.871174795E0,7.350938924E0
5.978603917E0,1.284994052E0,-2.215288109E0,5.369325641E0,5.948812399E0
5.988605917E0,9.765627819E-1,-2.332934673E0,3.712815294E0,4.492355335E0
5.998608917E0,7.821756059E-1,-2.674711444E0,2.181713689E0,3.539174283E0
6.008610917E0,5.740658918E-1,-3.156041080E0,7.661875641E-1,3.298058570E0
6.018613917E0,3.869620076E-1,-3.765960637E0,-3.718396461E-1,3.804006287E0
6.028615917E0,1.590398803E-1,-4.515702322E0,-1.310628830E0,4.704743253E0
6.038618917E0,-1.809783411E-1,-5.318772368E0,-2.139519011E0,5.735820278E0
6.048620917E0,-5.478633490E-1,-6.039249909E0,-2.738925274E0,6.653901515E0
6.058623917E0,-9.355933884E-1,-6.798438941E0,-3.124983010E0,7.540532198E0
6.068625917E0,-1.373026223E0,-7.548803939E0,-3.358523726E0,8.375519300E0
6.078628917E0,-1.776467730E0,-8.080787128E0,-3.686775303E0,9.057994830E0
6.088631917E0,-2.184633788E0,-8.560185721E0,-4.004334077E0,9.699695653E0
6.098633917E0,-2.779929166E0,-9.156794676E0,-4.433162441E0,1.054646027E1
6.108636917E0,-3.561729673E0,-9.600318262E0,-5.396452628E0,1.157470215E1
6.118638917E0,-4.233617436E0,-9.646895428E0,-6.508725777E0,1.238344133E1
6.128641917E0,-4.409969460E0,-9.040364918E0,-7.395203431E0,1.248459300E1
6.138643917E0,-3.979121468E0,-7.960982357E0,-7.831550730E0,1.185511850E1
6.148646917E0,-3.308299068E0,-6.703025245E0,-7.693045979E0,1.072652537E1
6.158648917E0,-2.652731176E0,-5.352479228E0,-7.523320019E0,9.606579031E0
6.168651917E0,-2.312255410E0,-4.251113475E0,-7.328920564E0,8.782457941E0
6.178653917E0,-1.973576493E0,-3.123184991E0,-7.374817114E0,8.248467502E0
6.188656833E0,-1.312203778E0,-1.920527921E0,-7.221120712E0,7.586493958E0
6.198659833E0,-6.009984595E-1,-9.873584962E-1,-6.440278271E0,6.543184252E0
6.208661833E0,1.165662906E-1,-2.840431184E-1,-5.723104992E0,5.731334831E0
6.218664833E0,9.974528369E-1,4.167252123E-2,-4.586779906E0,4.694166451E0
6.228666833E0,2.029607729E0,5.371468645E-1,-3.515536669E0,4.094732270E0
6.238669833E0,3.415932859E0,7.205284113E-1,-1.534711676E0,3.813541453E0
6.248671833E0,5.204670972E0,7.492481804E-1,8.410734397E-1,5.325164532E0
6.258674833E0,6.934829924E0,8.448747146E-1,2.853120226E0,7.546255653E0
6.268676833E0,7.830637980E0,9.878408915E-1,3.685370218E0,8.710721809E0
6.278679833E0,7.834636890E0,8.155982906E-1,4.688990990E0,9.166971816E0
6.288681833E0,7.168751294E0,9.584685731E-1,5.108820489E0,8.854925404E0
6.298684833E0,6.490490066E0,1.004842256E0,5.172116598E0,8.359842066E0
6.308687833E0,5.797780368E0,8.545629662E-1,4.324849788E0,7.283464886E0
6.318689833E0,4.595406888E0,3.704696435E-1,2.411698129E0,5.203008754E0
6.328692833E0,3.100164503E0,8.484134495E-2,8.569913149E-2,3.102509039E0
6.338694833E0,1.839976678E0,-5.683318198E-2,-1.456727945E0,2.347509424E0
6.348697833E0,1.075253842E0,-3.054336950E-1,-1.581330941E0,1.936509260E0
6.358699833E0,8.974768513E-1,-8.369657707E-1,-2.554970115E-1,1.253497157E0
6.368702833E0,1.248633726E0,-8.725677127E-1,7.819908339E-1,1.712299699E0
6.378704833E0,1.839363890E0,-1.010315542E0,3.056815000E0,3.707845056E0
6.388707833E0,2.388405746E0,-8.254894406E-1,5.354352676E0,5.920726932E0
6.398709833E0,2.233863836E0,-1.175586215E0,5.058153196E0,5.653057964E0
6.408712833E0,1.715287728E0,-1.230773114E0,4.601868646E0,5.063023749E0
6.418715833E0,9.090929300E-1,-1.027581493E0,5.493197735E0,5.661942691E0
6.428717833E0,1.518422502E-1,-9.663178754E-1,5.326936836E0,5.416002433E0
6.438720833E0,-9.545579553E-3,-1.031174314E0,4.613664234E0,4.727505606E0
6.448722833E0,2.799465591E-1,-9.894561848E-1,3.944159212E0,4.076001166E0
6.458725833E0,2.171427852E-1,-9.547702092E-1,2.565434877E0,2.745941232E0
6.468727833E0,-5.319796801E-3,-6.772215933E-1,9.533657080E-1,1.169428732E0
6.478730833E0,8.746732950E-2,-1.079606509E-1,-5.256658566E-1,5.437192554E-1
6.488732833E0,2.130310231E-1,3.984865773E-1,-1.201232103E0,1.283406535E0
6.498735833E0,-1.469112933E-1,6.443693045E-1,-2.101402767E0,2.202881821E0
6.508737833E0,-1.045475727E0,6.516379783E-1,-3.007679093E0,3.250197698E0
6.518740833E0,-2.016765490E0,7.574307740E-1,-3.480477934E0,4.093259223E0
6.528742833E0,-2.830078688E0,8.531263053E-1,-3.038732486E0,4.239229293E0
6.538745833E0,-3.321327249E0,7.624930009E-1,-2.117997165E0,4.012296382E0
6.548747833E0,-3.488223740E0,7.300789610E-1,-1.118181760E0,3.735110521E0
6.558750833E0,-3.455821980E0,5.895642292E-1,-5.742410159E-1,3.552470166E0
6.568753833E0,-3.415966773E0,2.739721665E-1,-7.163184160E-1,3.501000116E0
6.578755833E0,-3.406086733E0,7.205903918E-2,-1.079940970E0,3.573918275E0
6.588758833E0,-3.339822577E0,1.370675057E-1,-1.495104976E0,3.661767501E0
6.598760833E0,-3.313662134E0,3.997609779E-1,-1.964053425E0,3.872682718E0
6.608763833E0,-3.388083740E0,9.744408274E-1,-2.317705307E0,4.219052530E0
6.618765833E0,-3.425247474E0,1.689581906E0,-2.192581324E0,4.403909642E0
6.628768833E0,-3.337348035E0,2.440288967E0,-2.064505666E0,4.621156327E0
6.638770833E0,-2.977154288E0,3.213840222E0,-1.840550875E0,4.751825350E0
6.648773833E0,-2.594537054E0,3.915688826E0,-1.691630479E0,4.992580013E0
6.658775833E0,-2.113802372E0,4.484097537E0,-1.326162543E0,5.131666228E0
6.668778833E0,-1.433785810E0,5.029142236E0,-7.812611014E-1,5.287568655E0
6.678780833E0,-5.797321361E-1,5.342282853E0,-1.182564282E-1,5.374947443E0
6.688783833E0,6.939709425E-2,5.423947406E0,4.940780282E-1,5.446846291E0
6.698785833E0,3.584834361E-1,5.401133909E0,9.238893092E-1,5.491295779E0
6.708788833E0,2.272532058E-1,5.267673551E0,1.419333247E0,5.460268814E0
6.718791833E0,3.615274966E-2,5.022162414E0,2.145272672E0,5.461283473E0
6.728793833E0,1.898164076E-1,4.505642480E0,3.128528177E0,5.488582055E0
6.738796833E0,7.701069528E-1,3.858826408E0,4.408682488E0,5.909322063E0
6.748798833E0,1.485706161E0,3.092811629E0,6.061952308E0,6.965635101E0
6.758801833E0,1.996606629E0,2.347770520E0,7.828172209E0,8.413010435E0
6.768803833E0,2.033843452E0,1.828819022E0,8.996644117E0,9.403228359E0
6.778806833E0,1.440234119E0,1.339231947E0,8.711318119E0,8.930558768E0
6.788808833E0,8.421656996E-1,1.602000849E0,6.166805749E0,6.426907727E0
6.798811833E0,3.526414829E-1,1.867629038E0,3.735446357E0,4.191175698E0
6.808813833E0,2.595988333E-2,2.011721097E0,1.589282570E0,2.563886654E0
6.818816833E0,3.615976632E-2,2.304639411E0,-4.537831110E-1,2.349167822E0
6.828818833E0,4.033508760E-1,2.197371071E0,-6.791891813E-1,2.335043789E0
6.838821833E0,1.215811551E0,1.671284507E0,1.133584496E0,2.357202460E0
6.848823833E0,2.466964842E0,1.770141335E0,2.972844890E0,4.249367320E0
6.858826833E0,3.518654990E0,9.418946403E-1,5.326783639E0,6.453117261E0
6.868828833E0,3.980923580E0,-1.807105386E-1,7.032291314E0,8.082915933E0
6.878831833E0,3.746770075E0,-8.492688972E-1,7.156135342E0,8.122180537E0
6.888834833E0,2.985508205E0,-1.282068690E0,6.424149896E0,7.199073639E0
6.898836833E0,1.959280928E0,-1.761631882E0,5.545894012E0,6.139956762E0
6.908839833E0,1.159241493E0,-2.136428758E0,4.285024402E0,4.926418862E0
6.918841833E0,7.535675186E-1,-2.377600676E0,3.129943787E0,4.002174046E0
6.928844833E0,4.557717490E-1,-2.606905962E0,2.287910820E0,3.498317095E0
6.938846833E0,2.817890167E-1,-2.587457538E0,1.507867109E0,3.007990156E0
6.948849833E0,2.439715648E-1,-2.583362733E0,7.302985239E-1,2.695667091E0
6.958851833E0,1.631881875E-1,-2.771126183E0,4.439732373E-2,2.776282015E0
6.968854833E0,2.542603254E-2,-2.859233783E0,-7.149250245E-1,2.947368673E0
6.978856833E0,-2.117557454E-1,-3.168521962E0,-1.058845970E0,3.347465714E0
6.988859833E0,-4.120667356E-1,-3.511233996E0,-1.570493127E0,3.868463756E0
6.998861833E0,-7.363767046E-1,-3.885937608E0,-1.742586624E0,4.321963661E0
7.008864833E0,-1.029066685E0,-4.191430945E0,-1.853976082E0,4.697265047E0
7.018866833E0,-1.226477457E0,-4.443331919E0,-2.005558131E0,5.026898538E0
7.028869833E0,-1.334142823E0,-4.544432032E0,-2.116120793E0,5.187462460E0
7.038871833E0,-1.234252499E0,-4.484190508E0,-2.048587207E0,5.082130782E0
7.048874833E0,-1.094131578E0,-4.289737258E0,-2.175758300E0,4.932838314E0
7.058876833E0,-9.872093922E-1,-4.125395415E0,-2.403495655E0,4.875475472E0
7.068879833E0,-9.533604455E-1,-4.067199832E0,-2.904107362E0,5.087715615E0
7.078881833E0,-1.075752609E0,-3.798995651E0,-3.727033968E0,5.429585051E0
7.088884833E0,-1.262423800E0,-3.573526431E0,-3.739430065E0,5.324203435E0
7.098887833E0,-1.438020363E0,-3.502626017E0,-3.503376800E0,5.158482392E0
7.108889833E0,-1.629547666E0,-3.129986472E0,-3.626076527E0,5.059710653E0
7.118892833E0,-1.818401915E0,-2.927340104E0,-3.579691150E0,4.968912792E0
7.128894833E0,-1.807335474E0,-2.603504929E0,-3.883789049E0,5.012835206E0
7.138897833E0,-1.641881491E0,-2.037393297E0,-4.436797071E0,5.150913950E0
7.148899833E0,-1.217486193E0,-1.268555190E0,-4.745915973E0,5.061148420E0
7.158902833E0,-4.936926967E-1,-4.757177711E-1,-4.723166211E0,4.772665810E0
7.168904833E0,3.687792134E-1,1.950350475E-1,-4.180355149E0,4.201119607E0
7.178907833E0,1.490790315E0,7.689544666E-1,-3.213520964E0,3.624977755E0
7.188910542E0,2.921816239E0,1.154808134E0,-1.358457885E0,3.422864267E0
7.198913542E0,4.484066547E0,1.174740708E0,1.256713994E0,4.802728244E0
7.208915542E0,5.516073212E0,1.086191643E0,3.274982802E0,6.506334477E0
7.218918542E0,5.522489362E0,1.114402120E0,4.575733931E0,7.257900650E0
7.228920542E0,4.781158896E0,6.779121494E-1,5.860430360E0,7.593661125E0
7.238923542E0,3.801459668E0,2.967736763E-1,5.724518849E0,6.878174632E0
7.248925542E0,2.500007458E0,8.982960463E-2,4.110873270E0,4.812212141E0
7.258928542E0,1.029474821E0,1.160403335E-1,1.892683480E0,2.157668770E0
7.268930542E0,7.991974354E-3,5.821218932E-1,-3.523152083E-1,6.804820175E-1
7.278933542E0,-3.413855928E-1,1.213718832E0,-2.081638008E0,2.433695610E0
7.288935542E0,-6.742424369E-3,1.760620607E0,-2.376587938E0,2.957701913E0
7.298938542E0,8.239317423E-1,2.102068180E0,-1.580744466E0,2.756139912E0
7.308940542E0,1.625480928E0,2.784824163E0,-7.471326578E-1,3.309930675E0
7.318943542E0,2.254848908E0,2.748587213E0,9.276315272E-1,3.674176849E0
7.328945542E0,2.714831237E0,1.600586407E0,1.659932722E0,3.561960434E0
7.338948542E0,2.630799732E0,2.485715693E-1,2.411811565E0,3.577671041E0
7.348951542E0,2.316717712E0,-7.724733210E-1,2.815882818E0,3.727343831E0
7.358953542E0,1.783891355E0,-1.434769896E0,3.135748318E0,3.882492825E0
7.368956542E0,1.192108693E0,-1.752208217E0,2.927790924E0,3.614321025E0
7.378958542E0,6.797692251E-1,-1.929022756E0,1.994734350E0,2.856952944E0
7.388961542E0,3.881989861E-1,-2.046007415E0,7.136690426E-1,2.201401439E0
7.398963542E0,3.117443025E-1,-2.081980070E0,-3.766413796E-1,2.138617369E0
7.408966542E0,3.743668127E-1,-2.065839416E0,-1.148346961E0,2.393019797E0
7.418968542E0,6.818467408E-1,-1.884869261E0,-1.883300453E0,2.750357742E0
7.428971542E0,6.906175643E-1,-1.671397358E0,-2.415028703E0,3.017098836E0
7.438973542E0,5.734417015E-1,-1.665241410E0,-2.702417014E0,3.225666141E0
7.448976542E0,3.181774092E-1,-1.706098244E0,-3.021325909E0,3.484310310E0
7.458978542E0,1.165379316E-2,-1.781139071E0,-3.543459463E0,3.965942154E0
7.468981542E0,-2.848190439E-1,-2.058994666E0,-4.126653736E0,4.620590003E0
7.478983542E0,-6.467982379E-1,-2.446923510E0,-4.567370074E0,5.221747985E0
7.488986542E0,-1.232120312E0,-2.769067671E0,-5.133955915E0,5.961825187E0
7.498988542E0,-1.909292496E0,-2.882663283E0,-5.291327292E0,6.320861488E0
7.508991542E0,-2.518488460E0,-2.772514020E0,-4.975544318E0,6.227813370E0
7.518993542E0,-2.927571654E0,-2.326872572E0,-4.854014618E0,6.127517415E0
7.528996542E0,-3.294891694E0,-1.815401416E0,-4.486285565E0,5.854805868E0
7.538998542E0,-3.581706978E0,-1.324231793E0,-3.977511730E0,5.513874706E0
7.549001542E0,-3.524645170E0,-7.348295313E-1,-3.612395797E0,5.100245230E0
7.559003542E0,-3.069516614E0,2.858095622E-1,-3.375587071E0,4.571455723E0
7.569006542E0,-2.668701676E0,1.324987838E0,-2.589017283E0,3.947223315E0
7.579008542E0,-2.306678335E0,2.044704655E0,-1.295324328E0,3.343568032E0
7.589011542E0,-1.632138860E0,2.617625955E0,3.014666516E-1,3.099471735E0
7.599013542E0,-8.552698946E-1,2.992458206E0,1.876662694E0,3.634302626E0
7.609016542E0,-3.417136216E-1,3.235908199E0,2.964114997E0,4.401573331E0
7.619018542E0,-1.143101424E-1,3.503735234E0,3.373706607E0,4.865297901E0
7.629021542E0,-1.880294985E-1,3.666904711E0,3.083593494E0,4.794798649E0
7.639023542E0,-4.772482798E-1,3.795185021E0,2.533165264E0,4.587823178E0
7.649026542E0,-7.892156535E-1,4.121300025E0,1.846750678E0,4.584589765E0
7.659028542E0,-1.190666184E0,4.317449552E0,1.394712376E0,4.690765311E0
7.669031542E0,-1.474047690E0,4.241512347E0,1.444356991E0,4.716928100E0
7.679033542E0,-1.410118035E0,3.729124932E0,2.077516891E0,4.495651462E0
7.689036542E0,-7.884789044E-1,2.796161914E0,3.309771981E0,4.403954019E0
7.699038542E0,-4.530451924E-2,2.364116997E0,4.880183832E0,5.422849427E0
7.709041542E0,4.880372697E-1,2.565130237E0,5.265703039E0,5.877559188E0
7.719043542E0,7.221290866E-1,2.942204896E0,4.431031716E0,5.367688714E0
7.729046542E0,6.643276057E-1,3.009734974E0,3.043894992E0,4.331874018E0
7.739048542E0,5.844733509E-1,3.202101352E0,1.544954828E0,3.603046987E0
7.749051542E0,5.734376085E-1,3.193373213E0,1.032593726E0,3.404807333E0
7.759053542E0,7.539285842E-1,2.758362588E0,1.363353758E0,3.167918236E0
7.769056542E0,1.129792576E0,1.985219176E0,2.024004343E0,3.051904327E0
7.779058542E0,1.423501142E0,1.054000967E0,2.978892081E0,3.465699290E0
7.789061542E0,1.767542248E0,4.065919876E-1,4.277773270E0,4.646382119E0
7.799063542E0,1.875867765E0,-1.258525461E-1,4.801514808E0,5.156477789E0
7.809066542E0,1.542418891E0,-6.224097937E-1,4.593834572E0,4.885669459E0
7.819068542E0,9.906645119E-1,-9.039497191E-1,4.034663000E0,4.251711043E0
7.829071542E0,4.247446686E-1,-9.870649660E-1,3.310677715E0,3.480702833E0
7.839074542E0,-2.759008706E-2,-1.058990396E0,2.512567277E0,2.726759284E0
7.849076542E0,-2.826275074E-1,-1.072772868E0,1.755073353E0,2.076295357E0
7.859079542E0,-1.566942698E-1,-1.174876363E0,8.963518471E-1,1.486046499E0
7.869081542E0,-6.693717062E-2,-1.483160284E0,-6.826741219E-1,1.634101884E0
7.879084542E0,-1.123340759E-1,-2.024649290E0,-1.104675862E0,2.309141064E0
7.889086542E0,1.218396020E-1,-2.298497788E0,-1.113543749E0,2.556935011E0
7.899089542E0,2.720694825E-1,-2.467492846E0,-1.882069030E0,3.115241015E0
7.909091542E0,4.732356280E-2,-2.879525667E0,-2.339838188E0,3.710626677E0
7.919094542E0,-4.093594748E-1,-3.307824858E0,-2.817548690E0,4.364385534E0
7.929096542E0,-8.310641760E-1,-3.515212734E0,-2.690568801E0,4.504059136E0
7.939099542E0,-8.118087101E-1,-3.866354991E0,-1.777074087E0,4.331942590E0
7.949101542E0,-8.215808693E-1,-4.198988471E0,-1.710198897E0,4.607741266E0
7.959104542E0,-1.156417873E0,-4.467084478E0,-1.603971360E0,4.885168386E0
7.969106542E0,-1.722478049E0,-4.719832129E0,-1.872085494E0,5.361758112E0
7.979109542E0,-1.701159978E0,-4.379309000E0,-2.296317362E0,5.229279684E0
7.989111542E0,-1.489299275E0,-3.585807922E0,-2.572673730E0,4.657754922E0
7.999114542E0,-1.406491884E0,-2.708720312E0,-2.511709490E0,3.952729401E0
8.009116542E0,-1.380595736E0,-2.069035504E0,-2.602896819E0,3.600281149E0
8.019119542E0,-1.196477732E0,-1.599440353E0,-2.963723234E0,3.573992699E0
8.029121542E0,-9.307293820E-1,-1.117625105E0,-3.254228110E0,3.564455590E0
8.039124542E0,-1.175716608E0,-5.313984668E-1,-3.339018000E0,3.579627785E0
8.049126542E0,-1.453484202E0,-3.618666351E-2,-3.002311934E0,3.335836139E0
8.059129542E0,-1.885593439E0,-2.378179550E-2,-2.458055440E0,3.098074359E0
8.069131542E0,-1.686293432E0,4.432879436E-1,-2.555740778E0,3.093848844E0
8.079134542E0,-8.684983429E-1,1.566470827E0,-2.743271509E0,3.276226305E0
8.089136542E0,-7.812523305E-2,2.838772328E0,-2.270180308E0,3.635718707E0
8.099139542E0,1.147255286E0,3.491805160E0,-1.234936039E0,3.877365728E0
8.109141542E0,2.086937925E0,3.380467742E0,4.527095622E-1,3.998476961E0
8.119144542E0,2.547915157E0,3.165911180E0,1.785037994E0,4.438606301E0
8.129146542E0,2.715016302E0,2.721888826E0,2.931592784E0,4.834690120E0
8.139149542E0,2.805908638E0,2.146915154E0,3.674656364E0,5.097594272E0
8.149151542E0,2.985511129E0,1.866526546E0,4.305335875E0,5.561754673E0
8.159154542E0,3.308901331E0,1.590922714E0,5.205869066E0,6.370316776E0
8.169156542E0,3.647145507E0,1.615435996E0,5.503109350E0,6.796728355E0
8.179159542E0,3.047445129E0,2.120517315E0,4.062018029E0,5.503045154E0
8.189161542E0,2.534614204E0,2.766410111E0,1.878318041E0,4.195875681E0
8.199164542E0,2.094556847E0,2.653391619E0,-4.686391318E-1,3.412810880E0
8.209166542E0,1.921702627E0,2.299561397E0,-1.840387738E0,3.516809723E0
8.219169542E0,2.465361828E0,2.696810703E0,-3.026197225E0,4.744329937E0
8.229171542E0,2.775555741E0,3.037275360E0,-2.586023508E0,4.859657279E0
8.239173542E0,3.110761997E0,2.912903913E0,-3.577466869E-1,4.276661326E0
8.249176542E0,3.456183338E0,2.430330282E0,1.221374007E0,4.398120395E0
8.259179542E0,3.178946378E0,1.040500331E0,2.179136821E0,3.992114515E0
8.269181542E0,2.488655966E0,-4.220759994E-1,3.120128067E0,4.013322292E0
8.279183542E0,2.368353597E0,-1.787224268E0,3.501824364E0,4.589775944E0
8.289186542E0,2.256614767E0,-2.495767642E0,3.673586324E0,4.981606449E0
8.299188542E0,1.576717781E0,-2.329944699E0,3.063291961E0,4.159139201E0
8.309191542E0,9.460794926E-1,-2.034942144E0,1.620886186E0,2.768271656E0
8.319193542E0,5.411311573E-1,-2.063359612E0,9.894365966E-2,2.135431026E0
8.329196542E0,1.258224329E-1,-2.387849675E0,-1.124254678E0,2.642272874E0
8.339198542E0,-2.921151996E-2,-2.407966436E0,-2.170278874E0,3.241799818E0
8.349201542E0,-2.598891476E-1,-2.425837281E0,-3.021004897E0,3.883130113E0
8.359203542E0,-5.403379825E-1,-2.523547179E0,-3.676999344E0,4.492280008E0
8.369206542E0,-6.083446088E-1,-2.672850568E0,-3.269749544E0,4.266787480E0
8.379208542E0,-7.354698014E-1,-2.803653367E0,-2.783284591E0,4.018465023E0
8.389211542E0,-9.469539437E-1,-2.808109530E0,-2.889848927E0,4.139254489E0
8.399213542E0,-1.122013295E0,-3.178762776E0,-2.298234079E0,4.079868441E0
8.409216542E0,-1.521647680E0,-3.190695773E0,-2.752805979E0,4.480389709E0
8.419218542E0,-1.769207681E0,-3.098882208E0,-3.097750772E0,4.725381107E0
8.429221542E0,-1.876951693E0,-3.193315326E0,-3.184443930E0,4.884761363E0
8.439223542E0,-2.024124795E0,-3.080823668E0,-3.771019063E0,5.273437250E0
8.449226542E0,-2.173627574E0,-3.073232228E0,-3.754358007E0,5.316447799E0
8.459228542E0,-2.369801367E0,-2.806006286E0,-3.542695817E0,5.102972021E0
8.469231542E0,-2.457752554E0,-2.346584705E0,-3.312057073E0,4.745179601E0
8.479233542E0,-2.223791715E0,-1.836191191E0,-2.828317507E0,4.039335044E0
8.489236542E0,-1.812983154E0,-1.261574199E0,-2.356225594E0,3.229593849E0
8.499238542E0,-1.611401563E0,-7.871486628E-1,-2.135499051E0,2.788650966E0
8.509241542E0,-1.728654756E0,-4.300510168E-1,-2.252391323E0,2.871664642E0
8.519243542E0,-1.794659734E0,-1.548225760E-2,-2.447552086E0,3.035054279E0
8.529246542E0,-1.708789425E0,5.077184129E-1,-2.205015428E0,2.835459808E0
8.539248542E0,-1.489678175E0,9.629843777E-1,-1.569212002E0,2.368312962E0
8.549251542E0,-1.217840681E0,1.282265157E0,-6.938247621E-1,1.899666459E0
8.559253542E0,-1.127019973E0,1.875677438E0,2.103705400E-1,2.198316546E0
8.569256542E0,-1.134091303E0,2.322432781E0,8.680191636E-1,2.726410529E0
8.579258542E0,-1.192792817E0,2.540291850E0,1.163297122E0,3.037942985E0
8.589261542E0,-1.227112172E0,2.670526884E0,1.496179694E0,3.297888991E0
8.599263542E0,-1.022689858E0,2.937248796E0,1.944295684E0,3.667916403E0
8.609266542E0,-3.754146338E-1,3.347254972E0,2.393753024E0,4.132203473E0
8.619268542E0,3.237433738E-1,3.469316184E0,3.274299263E0,4.781422405E0
8.629271542E0,8.299119821E-1,3.156524645E0,4.487214687E0,5.548648248E0
8.639273542E0,9.414137068E-1,2.785154530E0,5.968576367E0,6.653363764E0
8.649276542E0,8.313808027E-1,2.775142928E0,7.029858872E0,7.603389249E0
8.659278542E0,9.030565569E-1,3.098792161E0,6.296386480E0,7.075486323E0
8.669281542E0,3.142151897E-1,3.662953747E0,4.040915428E0,5.463053984E0
8.679283542E0,1.145452005E-1,3.792159086E0,1.496750967E0,4.078462283E0
8.689285542E0,2.143339290E-1,4.105021377E0,-2.889044935E-1,4.120753007E0
8.699288542E0,2.171728984E-1,4.149291816E0,-3.896789163E-1,4.173204560E0
8.709290542E0,2.589566629E-1,3.359914779E0,6.137658548E-1,3.425316686E0
8.719293542E0,5.155332166E-1,1.903848739E0,2.431771036E0,3.131121985E0
8.729295542E0,3.129371345E-1,6.829179507E-1,3.989863973E0,4.059965652E0
8.739298542E0,7.960560188E-1,-1.728635752E-1,5.511053377E0,5.570933165E0
8.749300542E0,1.451266646E0,-9.707693607E-1,6.483658764E0,6.714640645E0
8.759303542E0,1.513830099E0,-1.613191250E0,6.568172665E0,6.930725772E0
8.769305542E0,7.699677891E-1,-2.055196899E0,5.656626828E0,6.067463371E0
8.779308542E0,1.911127353E-1,-2.296727251E0,4.114741788E0,4.716203995E0
8.789310542E0,2.327852565E-1,-2.358801293E0,2.613839883E0,3.528497052E0
8.799313542E0,4.510088995E-1,-2.201995926E0,1.192842518E0,2.544615562E0
8.809315542E0,9.475073826E-1,-1.906043199E0,-1.590454352E-1,2.134494405E0
8.819318542E0,1.149567275E0,-1.599995838E0,-1.229146711E0,2.322131185E0
8.829320542E0,8.715111208E-1,-1.549919699E0,-2.048765547E0,2.712788781E0
8.839323542E0,4.102052745E-1,-1.850333852E0,-2.656155598E0,3.262999584E0
8.849325542E0,-6.996719778E-2,-2.341957803E0,-2.711027623E0,3.583201437E0
8.859328542E0,-3.583243918E-1,-2.896859154E0,-2.421356560E0,3.792513272E0
8.869330542E0,-5.049561882E-1,-3.440662488E0,-2.213703806E0,4.122332307E0
8.879333542E0,-7.867370188E-1,-3.834349086E0,-2.070641735E0,4.428176289E0
8.889335542E0,-1.158827218E0,-3.956476956E0,-2.238457993E0,4.691192238E0
8.899338542E0,-1.335216372E0,-3.995115357E0,-2.216447904E0,4.759872980E0
8.909340542E0,-1.209651801E0,-3.761401563E0,-2.969038938E0,4.942326518E0
8.919343542E0,-5.564375599E-1,-3.136434782E0,-3.021687267E0,4.390608140E0
8.929345542E0,-8.226418465E-2,-2.612821882E0,-2.893958935E0,3.899821009E0
8.939348542E0,5.615519732E-3,-2.144742914E0,-3.831889747E0,4.391279169E0
8.949350542E0,3.252645269E-2,-1.876358639E0,-4.164604504E0,4.567899998E0
8.959353542E0,-4.726668401E-1,-1.487724620E0,-4.197065907E0,4.477957203E0
8.969355542E0,-8.328769590E-1,-1.200369639E0,-4.520344427E0,4.750587862E0
8.979357542E0,-6.653708951E-1,-9.180824393E-1,-4.762261865E0,4.895378623E0
8.989360542E0,-4.163121065E-1,-4.384423560E-1,-4.204054499E0,4.247307582E0
8.999362542E0,-1.402233942E-1,4.534808099E-2,-4.386178309E0,4.388653462E0
9.009365542E0,2.601379466E-1,6.092395252E-1,-4.725481124E0,4.771689051E0
9.019367542E0,-1.495587663E-1,1.307388303E0,-4.243820828E0,4.443157348E0
9.029370542E0,-1.190867329E-1,1.803665469E0,-3.841787329E0,4.245788579E0
9.039372542E0,2.990362564E-1,1.754773391E0,-3.385798064E0,3.825216447E0
9.049375542E0,5.517391759E-1,1.378720826E0,-2.614272577E0,3.006610773E0
9.059377542E0,8.314531620E-1,1.174998570E0,-1.471550052E0,2.058493516E0
9.069380542E0,1.364156874E0,1.169499848E0,-8.149381399E-2,1.798692612E0
9.079382542E0,2.088252963E0,1.208724725E0,1.063044856E0,2.636641854E0
9.089385542E0,2.549262356E0,1.115247627E0,2.360461902E0,3.648876022E0
9.099387542E0,2.918888831E0,1.046603655E0,3.796790081E0,4.902132815E0
9.109390542E0,3.602281576E0,6.021018291E-1,5.807554573E0,6.860513777E0
9.119392542E0,3.964930276E0,1.186844444E-1,7.687561290E0,8.650627531E0
9.129395542E0,3.661248406E0,-1.785529160E-1,7.966637199E0,8.769488542E0
9.139397542E0,2.363407729E0,3.321966934E-1,6.227850680E0,6.669495846E0
9.149400542E0,1.568846551E0,9.192711782E-1,3.319695876E0,3.785065350E0
9.159402542E0,1.058619683E0,1.037035271E0,9.231122142E-1,1.745924954E0
9.169405542E0,6.500079207E-1,1.631443334E0,-8.913401985E-1,1.969417426E0
9.179407542E0,8.674616316E-1,2.415680083E0,-1.447789307E0,2.946878658E0
9.189409542E0,2.698949615E0,3.423337773E0,-4.392194510E-1,4.381379264E0
9.199412542E0,3.013165535E0,3.159498247E0,1.607549856E0,4.652506019E0
9.209414542E0,2.538285963E0,2.747301118E0,3.418700346E0,5.067353463E0
9.219417542E0,2.315197875E0,1.055574161E0,5.123423325E0,5.720475905E0
9.229419542E0,2.126701330E0,-6.329853603E-1,6.151431080E0,6.539390900E0
9.239422542E0,1.635519866E0,-1.892677048E0,6.305841427E0,6.783862303E0
9.249424542E0,7.939827423E-1,-2.669055725E0,6.286170809E0,6.875333483E0
9.259427542E0,1.968786746E-1,-2.715383214E0,4.852082698E0,5.563701441E0
9.269429542E0,1.287571505E-1,-2.536693766E0,2.490043802E0,3.556924486E0
9.279432542E0,1.828911115E-1,-2.106776358E0,4.991107267E-1,2.172801716E0
9.289434542E0,-9.215474993E-2,-1.667001129E0,-8.309086400E-1,1.864884562E0
9.299437542E0,-2.058541507E-1,-1.527652332E0,-1.846197531E0,2.405107670E0
9.309439542E0,-2.088654667E-1,-1.740272881E0,-2.658833038E0,3.184582799E0
9.319442542E0,-2.880689263E-1,-1.905849364E0,-3.223470002E0,3.755796101E0
9.329444542E0,-5.223905388E-1,-1.904508889E0,-3.877672276E0,4.351596060E0
9.339446542E0,-7.578085041E-1,-1.738920127E0,-4.390723935E0,4.782946122E0
9.349449542E0,-8.338658693E-1,-1.722241237E0,-4.908543997E0,5.268325288E0
9.359451542E0,-8.401507491E-1,-1.872080816E0,-5.210611743E0,5.600090588E0
9.369454542E0,-9.811434907E-1,-2.051804052E0,-5.067756663E0,5.554700713E0
9.379456542E0,-9.788124982E-1,-2.096772064E0,-5.068051947E0,5.571326371E0
9.389459542E0,-9.601370761E-1,-2.048748882E0,-5.480763631E0,5.929418619E0
9.399461542E0,-1.238246440E0,-2.041798005E0,-5.577856647E0,6.067510042E0
9.409464542E0,-1.574716279E0,-1.960212389E0,-5.443915063E0,5.996530262E0
9.419466542E0,-1.859545555E0,-1.760881685E0,-5.392326833E0,5.969573071E0
9.429469542E0,-1.807414996E0,-1.396577053E0,-5.097155879E0,5.585532605E0
9.439471542E0,-1.639616279E0,-7.629452831E-1,-4.669727338E0,5.007672160E0
9.449474542E0,-1.571848219E0,-1.202573454E-1,-4.315904717E0,4.594801648E0
9.459476542E0,-1.326934376E0,6.943776163E-1,-3.873330134E0,4.152782373E0
9.469479542E0,-1.216474333E0,1.783379724E0,-3.772225344E0,4.346255525E0
9.479481542E0,-1.385977805E0,2.583377643E0,-3.364990162E0,4.462951189E0
9.489483542E0,-1.362470244E0,2.975236694E0,-2.571356937E0,4.161758649E0
9.499486542E0,-1.247304069E0,2.993462465E0,-1.657778023E0,3.642089091E0
9.509488542E0,-1.018330320E0,3.094721622E0,-3.812197495E-1,3.280187046E0
9.519491542E0,-7.593112385E-1,3.346138447E0,1.107139294E0,3.605406146E0
9.529493542E0,-6.953900617E-1,3.497635126E0,2.398263566E0,4.297521024E0
9.539496542E0,-6.542019823E-1,3.859174610E0,3.149410338E0,5.023942115E0
9.549498542E0,-7.292124036E-1,4.085042903E0,4.187685803E0,5.895425229E0
9.559501542E0,-6.802334940E-1,3.888175922E0,4.758376974E0,6.182457524E0
9.569503542E0,-3.326062909E-1,3.326118165E0,4.615148842E0,5.698533832E0
9.579506542E0,-1.183745420E-1,2.840153148E0,4.538377240E0,5.355123753E0
9.589508542E0,-1.034296435E-1,2.731120995E0,4.984361919E0,5.684503789E0
9.599511542E0,-8.279365003E-3,2.946018742E0,5.707038013E0,6.422567855E0
9.609513542E0,2.646537513E-2,3.215483290E0,6.141969116E0,6.932807355E0
9.619516542E0,6.130045474E-2,3.271024530E0,5.822345690E0,6.678552879E0
9.629518542E0,2.407860017E-1,3.483465276E0,4.734255456E0,5.882659513E0
9.639520542E0,6.149800292E-1,3.596990430E0,4.085977580E0,5.478298401E0
9.649523542E0,1.054249181E0,3.370278092E0,4.034942497E0,5.361993725E0
9.659525542E0,1.403665340E0,3.028327366E0,4.347560374E0,5.481087868E0
9.669528542E0,1.607434666E0,2.607020275E0,4.992766707E0,5.857313404E0
9.679530542E0,1.593168045E0,1.898555547E0,5.392099961E0,5.934428327E0
9.689533542E0,1.662402002E0,1.126147715E0,5.350304648E0,5.714678374E0
9.699535542E0,1.500605159E0,2.703965941E-1,4.927010089E0,5.157553546E0
9.709538542E0,1.110673351E0,-1.938118100E-1,4.217028885E0,4.365145007E0
9.719540542E0,6.373798352E-1,-3.952709010E-1,2.969592084E0,3.062836804E0
9.729543542E0,2.853879780E-1,-5.136933902E-1,1.851995046E0,1.942990696E0
9.739545542E0,8.843533605E-2,-6.089638290E-1,8.384421927E-1,1.040020704E0
9.749547542E0,9.969882756E-2,-8.087272274E-1,1.214835066E-1,8.238554649E-1
9.759550542E0,2.578356054E-1,-1.066082484E0,-3.009807479E-1,1.137365585E0
9.769552542E0,1.709032962E-1,-1.275209321E0,-8.253374130E-1,1.528577311E0
9.779555542E0,-3.584927917E-2,-1.636585083E0,-1.576246787E0,2.272498589E0
9.789557542E0,-3.441144884E-1,-2.161727614E0,-2.237204935E0,3.129946801E0
9.799560542E0,-6.533822027E-1,-2.759774106E0,-2.630209163E0,3.867979015E0
9.809562542E0,-9.477792782E-1,-3.389464853E0,-2.992010309E0,4.619402909E0
9.819565542E0,-1.196429200E0,-3.949398317E0,-3.498306679E0,5.409929715E0
9.829567542E0,-1.427094841E0,-4.424202753E0,-3.543399237E0,5.845155929E0
9.839570542E0,-1.542738441E0,-4.695266806E0,-3.367432544E0,5.980399169E0
9.849572542E0,-1.527721037E0,-4.751670218E0,-3.122264054E0,5.887345264E0
9.859574542E0,-1.425424876E0,-4.644570862E0,-2.771641030E0,5.593377206E0
9.869577542E0,-1.139585201E0,-4.343162098E0,-2.549815210E0,5.163648811E0
9.879579542E0,-8.998417577E-1,-3.949594783E0,-2.452649104E0,4.735451591E0
9.889582542E0,-8.554672381E-1,-3.493850516E0,-2.893094716E0,4.616146950E0
9.899584542E0,-7.681881890E-1,-3.188569726E0,-3.248873815E0,4.616521532E0
9.909587542E0,-6.691907349E-1,-2.770630631E0,-3.302328476E0,4.362291106E0
9.919589542E0,-5.435086352E-1,-2.138990423E0,-3.370327501E0,4.028621244E0
9.929592542E0,-1.388397968E-1,-1.456613340E0,-3.351318203E0,3.656820013E0
9.939594542E0,2.607489806E-1,-9.759219271E-1,-3.277276080E0,3.429424463E0
9.949597542E0,8.270749131E-1,-6.864134163E-1,-2.957933906E0,3.147155745E0
9.959599542E0,1.407332714E0,-3.610310680E-1,-2.091747259E0,2.546828498E0
9.969601542E0,1.535760958E0,-1.920313329E-1,-1.250809475E0,1.989965351E0
9.979604542E0,1.457459140E0,-2.446457487E-1,-9.694823885E-1,1.767465640E0
9.989606542E0,1.419645488E0,-4.952860630E-1,-7.691643816E-1,1.688879937E0
9.999609542E0,1.402997881E0,-7.734772879E-1,-3.112993294E-1,1.632047009E0
1.000961154E1,1.196667474E0,-8.103480756E-1,-2.481090546E-2,1.445438559E0
1.001961454E1,1.375641975E0,-1.057712195E0,3.047896242E-1,1.761829346E0
1.002961654E1,1.914493302E0,-7.232748485E-1,1.308249598E0,2.428976764E0
1.003961954E1,2.197865453E0,-2.840793711E-1,1.731866924E0,2.812592519E0
1.004962154E1,2.014888241E0,-9.016698897E-2,2.068042063E0,2.888719904E0
1.005962454E1,1.675476961E0,-8.532257080E-3,2.640899042E0,3.127561925E0
1.006962654E1,1.345137928E0,1.006223953E-1,3.374342784E0,3.633966171E0
1.007962854E1,7.067207962E-1,4.083420593E-1,3.219092776E0,3.320957064E0
1.008963154E1,9.269298613E-3,6.697336489E-1,2.678042895E0,2.760533070E0
1.009963354E1,-4.263389120E-1,6.947164625E-1,1.345805095E0,1.573399881E0
1.010963654E1,-5.142813277E-1,8.746423048E-1,-2.667078781E-1,1.049103206E0
1.011963854E1,-5.005970889E-1,1.249509639E0,-7.969450879E-1,1.564286821E0
1.012964154E1,-1.508046618E-1,1.633514417E0,-1.985539019E-1,1.652433070E0
1.013964354E1,3.728053138E-1,1.816254525E0,1.532783264E0,2.405657672E0
1.014964654E1,2.418063408E-1,1.711092351E0,3.226456175E0,3.660099287E0
1.015964854E1,2.462996337E-1,1.102667928E0,3.746365448E0,3.913028768E0
1.016965054E1,2.501412544E-1,1.674654257E-1,4.824161659E0,4.833544355E0
1.017965354E1,-2.317356813E-1,-3.909693968E-1,5.885568709E0,5.903090507E0
1.018965479E1,-4.369060001E-1,-6.717176092E-1,6.294547530E0,6.345346327E0
1.019965779E1,-7.627248430E-1,-8.089359730E-1,5.555242540E0,5.665407865E0
1.020965979E1,-1.049922534E0,-1.010508208E0,3.605421823E0,3.888769816E0
1.021966279E1,-9.371484554E-1,-1.285489896E0,1.475101066E0,2.169482578E0
1.022966479E1,-6.750581235E-1,-1.289585286E0,-7.936039889E-1,1.657872423E0
1.023966779E1,-3.636383414E-1,-1.050062867E0,-2.672303853E0,2.894144563E0
1.024966979E1,1.205228090E-2,-9.865270221E-1,-2.829424385E0,2.996501823E0
1.025967279E1,3.309491900E-1,-8.582788718E-1,-1.656989234E0,1.895200071E0
1.026967479E1,1.785315737E-1,-6.596936873E-1,-4.780525643E-1,8.340284995E-1
1.027967679E1,8.643646538E-3,-7.101162744E-1,2.563495356E-1,7.550198144E-1
1.028967979E1,-4.867894739E-2,-8.146919721E-1,8.707913285E-1,1.193469810E0
1.029968179E1,-1.341243097E-1,-8.862238848E-1,9.160119402E-1,1.281584948E0
1.030968479E1,-3.071381584E-1,-1.185258679E0,2.362918317E-1,1.246998723E0
1.031968679E1,-7.036872607E-1,-1.518528922E0,-8.093949795E-1,1.859092811E0
1.032968979E1,-1.238191769E0,-1.803863105E0,-2.051034851E0,2.998963974E0
1.033969179E1,-1.555435670E0,-2.044677758E0,-3.055089487E0,3.991698765E0
1.034969479E1,-1.570220647E0,-2.235479422E0,-3.480283806E0,4.424402389E0
1.035969679E1,-1.727125416E0,-2.275524663E0,-3.674575673E0,4.654404481E0
1.036969879E1,-1.898639162E0,-2.112085045E0,-3.506521432E0,4.512363733E0
1.037970179E1,-1.756157719E0,-1.880812463E0,-2.973353598E0,3.932222918E0
1.038970379E1,-2.063754299E0,-1.560257576E0,-2.875155458E0,3.867816493E0
1.039970679E1,-2.346630606E0,-1.323010309E0,-3.480553363E0,4.401281994E0
1.040970879E1,-2.398323793E0,-9.643274832E-1,-3.984661705E0,4.749675085E0
1.041971179E1,-2.503894979E0,-4.202803195E-1,-4.144628077E0,4.860459598E0
1.042971379E1,-2.498481042E0,1.832032067E-1,-3.940733913E0,4.669620402E0
1.043971679E1,-2.085066231E0,7.791987884E-1,-3.487824960E0,4.137580802E0
1.044971879E1,-1.493316020E0,1.330602334E0,-2.273482815E0,3.028071898E0
1.045972079E1,-9.126527148E-1,2.171989185E0,-1.065768489E0,2.585794746E0
1.046972379E1,-6.699061418E-1,2.726107008E0,-7.440242779E-1,2.904135979E0
1.047972579E1,-5.351903862E-1,2.705915403E0,-4.248271143E-1,2.790857394E0
1.048972879E1,-4.646308655E-1,2.524579797E0,5.411130309E-2,2.567550004E0
1.049973079E1,-2.969394448E-1,2.577733326E0,5.439734888E-1,2.651186393E0
1.050973379E1,-2.452310550E-1,2.700194487E0,4.166281486E-1,2.743130976E0
1.051973579E1,-2.471676528E-1,2.699991004E0,2.992663443E-2,2.711445901E0
1.052973779E1,-1.611434162E-2,2.854739905E0,-2.925145644E-1,2.869732456E0
1.053974079E1,5.377280778E-1,3.094915457E0,2.097162366E-2,3.141352095E0
1.054974279E1,7.709808192E-1,3.839864765E0,1.115231840E0,4.072187974E0
1.055974579E1,1.758412406E0,4.423840225E0,3.185250846E0,5.727844226E0
1.056974779E1,2.591877156E0,4.720633197E0,4.328527687E0,6.909294965E0
1.057975079E1,2.888366073E0,4.851716663E0,4.313759959E0,7.105655362E0
1.058975279E1,2.980132568E0,4.718590765E0,4.325018772E0,7.060600280E0
1.059975579E1,3.158067725E0,4.505391342E0,4.676966191E0,7.221215663E0
1.060975779E1,3.042069492E0,4.636416920E0,4.590205790E0,7.198648334E0
1.061975979E1,2.859227351E0,4.541874459E0,4.225638326E0,6.830799654E0
1.062976279E1,3.172696289E0,3.451229576E0,4.336077027E0,6.385808587E0
1.063976479E1,2.520816236E0,2.626610202E0,4.405795133E0,5.715297578E0
1.064976779E1,1.820263083E0,2.367787879E0,4.011602751E0,5.001273214E0
1.065976979E1,1.420248044E0,2.165493513E0,3.109456898E0,4.046626850E0
1.066977279E1,1.089973330E0,1.896879442E0,2.179819776E0,3.088334136E0
1.067977479E1,8.865524983E-1,1.635598365E0,1.370147638E0,2.310511176E0
1.068977779E1,6.970226043E-1,1.304588656E0,5.110314453E-1,1.564910608E0
1.069977979E1,4.090823168E-1,7.794087034E-1,-6.136910105E-1,1.073053086E0
1.070978179E1,9.245471209E-2,7.581499815E-3,-1.595776488E0,1.598470504E0
1.071978479E1,-6.675327569E-2,-8.566299570E-1,-1.892942512E0,2.078822320E0
1.072978679E1,-1.677832219E-1,-1.530839649E0,-1.699472764E0,2.293431690E0
1.073978979E1,-3.238822451E-1,-2.078618506E0,-1.405808637E0,2.530188239E0
1.074979179E1,-4.581153131E-1,-2.543197331E0,-1.101966262E0,2.809279614E0
1.075979479E1,-6.019717285E-1,-3.164694960E0,-9.861545545E-1,3.369000587E0
1.076979679E1,-1.057130982E0,-3.888011323E0,-9.051624316E-1,4.129585571E0
1.077979879E1,-1.682155650E0,-4.525735559E0,-7.684960449E-1,4.889019959E0
1.078980179E1,-2.399237420E0,-4.989516824E0,-7.959878987E-1,5.593318789E0
1.079980379E1,-3.029914007E0,-5.342219703E0,-8.846796352E-1,6.205026052E0
1.080980679E1,-3.396552848E0,-5.602530143E0,-7.659618616E-1,6.596333286E0
1.081980879E1,-3.409752937E0,-5.807818868E0,-4.988721603E-1,6.753225046E0
1.082981179E1,-3.227901607E0,-5.741167626E0,-5.691913605E-2,6.586622372E0
1.083981379E1,-2.865887622E0,-5.307031744E0,4.086221409E-1,6.045235301E0
1.084981579E1,-2.578872364E0,-4.712740626E0,3.155917704E-1,5.381459378E0
1.085981879E1,-1.946914067E0,-4.191833818E0,-3.063502461E-1,4.632040114E0
1.086982079E1,-1.334122943E0,-3.627219073E0,-1.402257038E0,4.111316946E0
1.087982379E1,-1.070781891E0,-3.030544630E0,-2.327352628E0,3.968292437E0
1.088982579E1,-8.438011658E-1,-2.463206252E0,-2.669068004E0,3.728714183E0
1.089982879E1,-6.543098634E-1,-2.093905467E0,-2.928251685E0,3.658854934E0
1.090983079E1,-5.931316155E-1,-1.850205798E0,-3.147797676E0,3.699148120E0
1.091983279E1,-2.227689761E-1,-1.381057958E0,-2.804446249E0,3.133985620E0
1.092983579E1,1.379071659E-1,-7.380531013E-1,-2.517181900E0,2.626774730E0
1.093983779E1,1.205397660E-1,-9.708541453E-2,-2.882924069E0,2.887075787E0
1.094984079E1,1.342661047E-1,5.146315759E-1,-3.639027525E0,3.677688727E0
1.095984279E1,3.540442300E-1,9.219071031E-1,-4.427304701E0,4.536109229E0
1.096984579E1,5.238117045E-1,1.144485460E0,-4.692256660E0,4.858137321E0
1.097984779E1,8.945263463E-1,1.691312975E0,-4.437361912E0,4.832276658E0
1.098984979E1,1.329766182E0,2.337892234E0,-3.421349720E0,4.351971060E0
1.099985279E1,2.008527932E0,2.532311570E0,-1.852914228E0,3.725597600E0
1.100985479E1,2.471742602E0,2.215602397E0,3.357541394E-1,3.336335761E0
1.101985779E1,2.230563667E0,1.703156510E0,2.722263633E0,3.909843432E0
1.102985979E1,1.764006729E0,1.372619841E0,4.246272565E0,4.798607680E0
1.103986279E1,2.531779473E0,8.980843771E-1,4.772651197E0,5.476738290E0
1.104986479E1,2.401511695E0,1.015633877E0,3.735855662E0,4.555808174E0
1.105986779E1,1.704381502E0,1.874797432E0,1.114906735E0,2.768176068E0
1.106986979E1,1.721472328E0,2.527311616E0,-8.203316116E-1,3.166025100E0
1.107987179E1,1.845373659E0,2.855204174E0,-1.166866847E0,3.594325118E0
1.108987479E1,2.040265449E0,2.842975892E0,-2.276636803E-1,3.506711533E0
1.109987679E1,2.231122077E0,2.660612930E0,8.507909274E-1,3.574998194E0
1.110987979E1,2.469696077E0,2.198478241E0,2.733042390E0,4.289781579E0
1.111988179E1,2.774826009E0,1.546901951E0,4.390040395E0,5.418950055E0
1.112988479E1,2.788188651E0,4.450690055E-1,5.658773925E0,6.324065521E0
1.113988679E1,2.131927571E0,-5.379707372E-1,5.340740358E0,5.775641545E0
1.114988879E1,1.159640273E0,-9.961439377E-1,4.712044807E0,4.953830293E0
1.115989179E1,5.163997740E-1,-1.246932771E0,3.826430202E0,4.057471892E0
1.116989379E1,-5.134147704E-2,-1.507605738E0,1.537068104E0,2.153622382E0
1.117989679E1,-5.345840299E-1,-1.676062267E0,1.933761925E-1,1.769847213E0
1.118989867E1,-6.638817555E-1,-1.908749875E0,-9.739824057E-2,2.023252700E0
1.119990167E1,-7.644427550E-1,-2.189588134E0,3.135037297E-1,2.340289194E0
1.120990367E1,-1.206488750E0,-2.348516040E0,1.222963865E0,2.909773756E0
1.121990567E1,-1.598894808E0,-2.656209392E0,2.186486186E0,3.793762616E0
1.122990867E1,-2.029015991E0,-2.958356075E0,2.425653679E0,4.330424035E0
1.123991067E1,-2.823233353E0,-3.150264031E0,1.965836826E0,4.664689106E0
1.124991367E1,-3.134651381E0,-3.368126024E0,1.331313940E0,4.789854799E0
1.125991567E1,-3.384236273E0,-3.089366450E0,7.824814153E-1,4.648603809E0
1.126991767E1,-3.420825809E0,-3.211727623E0,4.900212300E-1,4.717771121E0
1.127992067E1,-3.290365072E0,-3.473616811E0,-3.377071095E-1,4.796515626E0
1.128992267E1,-3.271791977E0,-3.493799061E0,-9.202681285E-1,4.874233072E0
1.129992567E1,-3.198692425E0,-3.016899567E0,-1.515842126E0,4.650923949E0
1.130992767E1,-2.977454250E0,-2.572995912E0,-1.621045815E0,4.255975953E0
1.131993067E1,-2.428044605E0,-1.919318132E0,-1.945980851E0,3.655957354E0
1.132993267E1,-1.821127594E0,-1.274490114E0,-2.161795734E0,3.100675984E0
1.133993467E1,-1.655854290E0,-6.870876002E-1,-2.258598143E0,2.883610301E0
1.134993767E1,-1.532019618E0,-1.027221304E-1,-2.437760924E0,2.881026599E0
1.135993967E1,-1.463107842E0,2.789262199E-1,-2.729935180E0,3.109828047E0
1.136994267E1,-1.281689790E0,5.602673399E-1,-3.099473362E0,3.400494572E0
1.137994467E1,-1.162654513E0,7.911428958E-1,-3.399414475E0,3.678816572E0
1.138994767E1,-1.330165547E0,1.102517070E0,-3.573571454E0,3.969294296E0
1.139994967E1,-5.817786616E-1,1.430508446E0,-4.727676169E0,4.973504075E0
1.140995167E1,-3.767594934E-2,1.474851390E0,-4.920912028E0,5.137312652E0
1.141995467E1,1.308489919E-1,1.530514544E0,-3.698307182E0,4.004631349E0
1.142995667E1,3.804613656E-1,2.227662864E0,-2.411718010E0,3.305089476E0
1.143995967E1,8.561154020E-1,2.939612825E0,-1.661885692E0,3.483693614E0
1.144996167E1,1.368791669E0,3.069105263E0,-1.442905712E0,3.657181243E0
1.145996467E1,1.780369577E0,3.157509316E0,-1.664912796E0,3.988924107E0
1.146996667E1,2.029447516E0,3.437799107E0,-1.779781932E0,4.370897350E0
1.147996867E1,2.175562418E0,3.403858944E0,-1.695242888E0,4.381001711E0
1.148997167E1,2.655325878E0,3.071960458E0,-1.375760673E0,4.287238505E0
1.149997367E1,3.527108894E0,2.823670140E0,-4.957368833E-1,4.545257448E0
1.150997667E1,4.402715405E0,2.457674786E0,1.986474574E0,5.419423357E0
1.151997867E1,4.717393840E0,2.798670369E0,4.270716850E0,6.951646056E0
1.152998067E1,5.864287183E0,3.967583742E0,-5.155367249E-1,7.099110017E0
1.153998367E1,6.334055997E0,4.626929812E0,-4.611120111E-1,7.857567636E0
1.154998567E1,5.183200580E0,3.776005569E0,-7.892536604E-1,6.461169217E0
1.155998867E1,4.389740433E0,3.456082181E0,-1.369549468E0,5.752390012E0
1.156999067E1,2.715926421E0,2.632116525E0,-7.997757250E-1,3.865738601E0
1.157999367E1,2.057195477E0,2.098780875E0,7.684027818E-1,3.037659828E0
1.158999567E1,2.336396517E0,1.704316598E0,2.316462774E0,3.705326373E0
1.159999767E1,2.802511990E0,9.867240733E-1,3.911465675E0,4.911950893E0
1.161000067E1,3.100293142E0,7.785485780E-1,5.115409716E0,6.032028848E0
1.162000267E1,2.747811288E0,1.072617332E0,5.857907871E0,6.558662931E0
1.163000567E1,2.338072329E0,7.565244555E-1,5.497933395E0,6.022141071E0
1.164000767E1,2.130755789E0,3.283474714E-1,5.117067987E0,5.552685573E0
1.165000967E1,1.821716993E0,4.183016217E-1,4.505284338E0,4.877624014E0
1.166001267E1,1.518424256E0,9.052185649E-1,3.649491118E0,4.055097815E0
1.167001467E1,1.085960678E0,1.011668295E0,2.769199233E0,3.141854186E0
1.168001767E1,5.779943436E-1,9.391651601E-1,1.692263147E0,2.019867129E0
1.169001967E1,-4.812960148E-2,5.533582699E-1,8.153532922E-1,9.865712466E-1
1.170002267E1,-6.950772357E-1,-2.670739138E-1,2.035351449E-1,7.719374290E-1
1.171002467E1,-1.393689698E0,-1.390389529E0,-8.575175643E-2,1.970509422E0
1.172002667E1,-2.210529352E0,-2.530661486E0,-8.556347609E-2,3.361251059E0
1.173002967E1,-2.823688266E0,-3.180611665E0,-1.288363802E-1,4.255126884E0
1.174003167E1,-2.990484771E0,-3.364356324E0,1.491911227E-1,4.503792916E0
1.175003467E1,-2.632507119E0,-3.393316414E0,4.241815817E-1,4.315625103E0
1.176003667E1,-2.032253594E0,-3.424180942E0,1.201930261E-1,3.983656129E0
1.177003867E1,-1.567225703E0,-3.794167605E0,-2.820907331E-1,4.114787893E0
1.178004167E1,-1.255058647E0,-4.490405513E0,-8.307361472E-1,4.735930365E0
1.179004367E1,-1.447813280E0,-5.304274782E0,-9.107459378E-1,5.573235364E0
1.180004667E1,-1.795888672E0,-5.321917001E0,-1.543233992E0,5.824910973E0
1.181004867E1,-1.636948195E0,-5.225517465E0,-1.118746601E0,5.589027297E0
1.182005067E1,-1.399902365E0,-5.007603432E0,-1.283104817E0,5.355574361E0
1.183005367E1,-1.618907196E0,-4.954927036E0,-1.556394905E0,5.440085251E0
1.184005567E1,-1.763430194E0,-4.613052031E0,-2.694669453E0,5.625938015E0
1.185005867E1,-1.987171269E0,-4.303573524E0,-3.340956352E0,5.799274444E0
1.186006067E1,-2.589756663E0,-4.183124390E0,-4.204367909E0,6.471636482E0
1.187006367E1,-3.000657464E0,-3.587240490E0,-4.860683953E0,6.745256707E0
1.188006567E1,-3.366879982E0,-2.793925354E0,-4.742141011E0,6.452116015E0
1.189006767E1,-3.082043104E0,-1.866394984E0,-4.304987966E0,5.613852627E0
1.190007067E1,-2.667590997E0,-4.939879811E-1,-3.723069556E0,4.606659611E0
1.191007267E1,-1.784986539E0,8.087933010E-1,-3.229716582E0,3.777749694E0
1.192007567E1,-5.917458254E-1,1.657906078E0,-2.395734646E0,2.972937970E0
1.193007767E1,2.927101538E-1,2.548615361E0,-1.456309285E0,2.949907834E0
1.194007967E1,1.048465408E0,3.216952695E0,-5.490886331E-2,3.383944346E0
1.195008267E1,1.865937439E0,3.503857441E0,1.746202542E0,4.336814823E0
1.196008467E1,2.686035747E0,3.511188680E0,3.351756159E0,5.547747591E0
1.197008767E1,3.333366373E0,3.658570089E0,3.850452903E0,6.270761839E0
1.198008967E1,3.686908620E0,3.579737343E0,4.411815426E0,6.772881955E0
1.199009167E1,5.046114948E0,3.876097621E0,2.661027498E0,6.896990372E0
1.200009467E1,4.446426265E0,3.219395662E0,1.885324759E0,5.804279836E0
1.201009667E1,4.110335619E0,2.936723131E0,-1.026572263E-1,5.052696325E0
1.202009967E1,3.821039069E0,2.414053972E0,-2.003335605E0,4.943819343E0
1.203010167E1,3.319013506E0,1.775457332E0,-3.234225955E0,4.962692507E0
1.204010367E1,3.495173741E0,1.680344768E0,-3.834040353E0,5.453408425E0
1.205010667E1,3.497826038E0,1.744334357E0,-4.023533995E0,5.609484392E0
1.206010867E1,3.097720659E0,1.223912283E0,-3.375126311E0,4.741868004E0
1.207011167E1,2.731178883E0,8.409752065E-1,-1.440260432E0,3.200144918E0
1.208011367E1,2.710189717E0,1.209443933E-1,8.150451440E-1,2.832676197E0
1.209011567E1,2.602909098E0,-1.279429257E0,2.817158096E0,4.043322239E0
1.210011867E1,2.281023092E0,-2.907463664E0,4.117349061E0,5.532537808E0
1.211012067E1,1.528058714E0,-3.792637973E0,4.610807869E0,6.162679242E0
1.212012367E1,3.726205418E-1,-3.876466581E0,3.987114612E0,5.573412074E0
1.213012567E1,-4.678111660E-1,-3.477880016E0,2.791201136E0,4.483893450E0
1.214012867E1,-1.104713138E0,-3.193067989E0,1.537127745E0,3.711985453E0
1.215013067E1,-1.398720935E0,-2.997131885E0,7.538826835E-1,3.392279306E0
1.216013267E1,-1.313982208E0,-2.761446410E0,-1.968815982E-2,3.058189520E0
1.217013567E1,-1.107619350E0,-2.737446513E0,-2.033334160E-1,2.960030154E0
1.218013767E1,-6.358388016E-1,-2.529668044E0,2.718627834E-1,2.622483702E0
1.219014096E1,-5.366893199E-1,-2.625593956E0,7.194215333E-1,2.774769610E0
1.220014296E1,-6.839581704E-1,-2.764165365E0,1.399449205E0,3.172832650E0
1.221014496E1,-7.511406317E-1,-2.611382883E0,1.684027344E0,3.196792283E0
1.222014796E1,-1.048093233E0,-2.409166285E0,1.517386376E0,3.033981382E0
1.223014996E1,-1.373167433E0,-2.483542868E0,1.286113794E0,3.115712225E0
1.224015296E1,-1.701327209E0,-2.862209138E0,1.288070857E0,3.570137526E0
1.225015496E1,-1.816524958E0,-2.837363734E0,9.775562239E-1,3.507992596E0
1.226015696E1,-1.741878234E0,-2.939522778E0,5.986578190E-1,3.468908348E0
1.227015996E1,-1.336117428E0,-3.050691796E0,4.757990474E-1,3.364270344E0
1.228016196E1,-1.297719055E0,-2.715690778E0,1.066000038E-1,3.011712919E0
1.229016496E1,-1.244097456E0,-2.311475099E0,-9.623990715E-1,2.795873314E0
1.230016696E1,-1.159819491E0,-1.901712751E0,-1.922452240E0,2.942365588E0
1.231016896E1,-1.251581015E0,-1.375155779E0,-2.298442824E0,2.956407934E0
1.232017196E1,-1.297966392E0,-9.840478027E-1,-3.165554500E0,3.560028389E0
1.233017396E1,-1.376943565E0,-6.604991412E-1,-3.665325378E0,3.970748395E0
1.234017696E1,-1.434987997E0,6.095956206E-2,-4.022690826E0,4.271410552E0
1.235017896E1,-1.241458023E0,5.661724430E-1,-4.480301524E0,4.683467840E0
1.236018096E1,-8.703229666E-1,1.316332789E0,-4.649097192E0,4.909612895E0
1.237018396E1,-3.749272683E-1,2.227564046E0,-4.764478544E0,5.272842481E0
1.238018596E1,2.477991521E-2,3.077781946E0,-4.322015058E0,5.305956079E0
1.239018896E1,4.446921524E-1,3.655922470E0,-3.983651891E0,5.425219130E0
1.240019096E1,8.740912047E-1,4.266091118E0,-3.490850310E0,5.581183095E0
1.241019296E1,1.309133405E0,5.008654177E0,-2.407461821E0,5.709318642E0
1.242019596E1,1.759717796E0,5.616031948E0,-1.632093544E0,6.107384948E0
1.243019796E1,1.906193180E0,5.685166503E0,-1.088677880E0,6.094252220E0
1.244020096E1,1.724362607E0,5.472084024E0,-9.283852333E-1,5.811972910E0
1.245020296E1,9.768364316E-1,4.854166646E0,-4.488118082E-1,4.971777879E0
1.246020496E1,2.368882477E-1,3.718177190E0,4.237313461E-1,3.749734113E0
1.247020796E1,4.138916516E-1,2.823180728E0,1.571247418E0,3.257372280E0
1.248020996E1,1.387121228E0,2.403828362E0,2.967792311E0,4.063285284E0
1.249021196E1,2.949910064E0,2.962657287E0,3.581979166E0,5.505441156E0
1.250021496E1,4.044687467E0,3.889228129E0,3.622416755E0,6.678884285E0
1.251021696E1,3.751155194E0,4.432469546E0,3.291487738E0,6.674716706E0
1.252021996E1,2.580103787E0,4.415809075E0,2.389569926E0,5.645028766E0
1.253022196E1,1.224314279E0,4.219440862E0,1.695271540E0,4.709200806E0
1.254022396E1,1.321590605E-1,3.831979210E0,1.245269238E0,4.031404986E0
1.255022696E1,-7.229360023E-1,3.329909207E0,1.167880754E0,3.602065692E0
1.256022896E1,-6.309160307E-1,2.930319260E0,1.960308868E0,3.581569051E0
1.257023196E1,-1.025089117E0,2.551251286E0,2.509864694E0,3.722782777E0
1.258023396E1,-1.225653876E0,1.758567064E0,3.079775847E0,3.752306599E0
1.259023596E1,-1.183594562E0,1.327905014E0,3.074847229E0,3.552310979E0
1.260023896E1,-1.287123023E0,1.525816306E0,2.279628239E0,3.030099996E0
1.261024096E1,-1.375179752E0,1.302997629E0,1.799249067E0,2.612703462E0
1.262024396E1,-1.265585097E0,1.073646442E0,1.422472032E0,2.185829134E0
1.263024596E1,-1.041008162E0,8.802369207E-1,1.212635928E0,1.824554993E0
1.264024796E1,-8.750925404E-1,5.966253269E-1,1.059989101E0,1.498441066E0
1.265025096E1,-8.323026162E-1,2.170539075E-1,7.897962821E-1,1.167740644E0
1.266025296E1,-9.492118460E-1,-2.216849023E-1,6.431808579E-1,1.167830870E0
1.267025596E1,-9.034793106E-1,-8.009287959E-1,6.373161006E-1,1.365259540E0
1.268025796E1,-9.674861491E-1,-1.478354457E0,8.131026989E-1,1.944915769E0
1.269025996E1,-1.225973719E0,-2.212142599E0,9.009173530E-1,2.684816291E0
1.270026296E1,-1.430931784E0,-3.046533841E0,9.508303553E-1,3.497572384E0
1.271026496E1,-1.572522988E0,-4.075130410E0,1.020007594E0,4.485524707E0
1.272026796E1,-1.726869308E0,-5.000331835E0,1.018451065E0,5.387266342E0
1.273026996E1,-1.723394893E0,-5.425708587E0,8.155304629E-1,5.750955883E0
1.274027196E1,-1.394856802E0,-5.273448846E0,1.059299129E-1,5.455832601E0
1.275027496E1,-8.366541141E-1,-4.474811574E0,-1.033708205E0,4.668241787E0
1.276027696E1,-3.091104242E-1,-3.215750508E0,-2.466438593E0,4.064470435E0
1.277027896E1,4.069966149E-1,-1.745466378E0,-3.441735452E0,3.880443537E0
1.278028196E1,2.701470934E0,-5.594189090E-1,-3.740515016E0,4.647832539E0
1.279028396E1,2.437596324E0,-4.177332723E-1,-4.401986257E0,5.049144475E0
1.280028696E1,-7.249465674E-2,-7.845688713E-1,-3.734414616E0,3.816628920E0
1.281028896E1,-1.533711802E0,-2.120203319E0,-2.868939283E0,3.883084678E0
1.282029096E1,-1.259657774E0,-3.652844496E0,-2.257342746E0,4.474997977E0
1.283029396E1,-3.156072655E-1,-4.549125007E0,-1.347563353E0,4.755005075E0
1.284029596E1,-5.815474042E-1,-4.105365193E0,-7.959408286E-1,4.222054305E0
1.285029896E1,-7.353379467E-1,-3.212160317E0,-1.089430416E0,3.470670603E0
1.286030096E1,-1.071745805E0,-2.829454790E0,-1.795576431E0,3.518316103E0
1.287030296E1,-1.562614296E0,-2.219046407E0,-3.029638311E0,4.067510134E0
1.288030596E1,-2.103537878E0,-1.577675262E0,-3.748969213E0,4.579159420E0
1.289030796E1,-2.489012646E0,-1.381660221E0,-3.848572438E0,4.787032351E0
1.290030996E1,-2.641272680E0,-1.308830227E0,-3.073914598E0,4.258909354E0
1.291031296E1,-2.043817633E0,-9.079936534E-1,-1.063009772E0,2.476213393E0
1.292031496E1,-8.489551941E-1,-4.974121106E-1,1.590132170E0,1.869936910E0
1.293031796E1,6.480469108E-2,-4.769690752E-1,3.607671831E0,3.639642179E0
1.294031996E1,8.096136653E-1,-5.255857497E-1,5.212730189E0,5.301346121E0
1.295032196E1,1.662387968E0,-1.274928655E0,6.299200160E0,6.638441043E0
1.296032496E1,1.794604624E0,-1.673239231E0,6.293064677E0,6.754479869E0
1.297032696E1,1.528327978E0,-1.222010769E0,4.996315967E0,5.365842894E0
1.298032996E1,1.493955998E0,-1.555751127E-1,1.965510259E0,2.473729718E0
1.299033196E1,2.869059151E0,1.047832739E0,-3.903674260E-1,3.079259747E0
1.300033396E1,4.253990013E0,1.971847764E0,-1.983387244E0,5.091015575E0
1.301033696E1,4.764487315E0,3.081764485E0,-3.352202886E0,6.590514085E0
1.302033896E1,4.121309088E0,3.264378877E0,-2.975480815E0,6.041096269E0
1.303034096E1,3.238460801E0,2.546134388E0,-2.620376485E0,4.882294707E0
1.304034396E1,3.434249555E0,3.596269761E0,-3.105822269E0,5.862879682E0
1.305034596E1,2.632720250E0,3.098530791E0,-1.350928425E0,4.284520578E0
1.306034896E1,2.213921030E0,6.494210064E-1,2.394709629E-1,2.319599171E0
1.307035096E1,1.872004218E0,-7.235104913E-1,8.565206140E-1,2.182084962E0
1.308035296E1,1.128605299E0,-1.583521893E0,2.087402778E0,2.852812974E0
1.309035596E1,1.392350686E0,-2.200552833E0,3.282718084E0,4.190144535E0
1.310035796E1,1.358221073E0,-2.043373244E0,3.158051353E0,3.999178296E0
1.311036096E1,9.165837979E-1,-1.710494766E0,2.254284067E0,2.974510860E0
1.312036296E1,4.380754432E-1,-1.846282901E0,1.522575780E0,2.432880525E0
1.313036496E1,1.340213987E-1,-2.044944391E0,8.959068739E-1,2.236606453E0
1.314036796E1,-3.018742025E-1,-2.510588579E0,1.773875660E-1,2.534886466E0
1.315036996E1,-1.676209617E-1,-2.656091863E0,-1.500880855E-1,2.665604473E0
1.316037196E1,1.809762946E-1,-2.680795180E0,4.348650295E-1,2.721860174E0
1.317037496E1,1.938439697E-2,-2.703467758E0,7.319907081E-1,2.800879161E0
1.318037696E1,-8.032729447E-2,-2.313728031E0,5.667922479E-1,2.383493933E0
1.319037967E1,-5.955102628E-1,-1.983000158E0,1.226102650E-1,2.074115565E0
1.320038167E1,-1.091533952E0,-1.906736678E0,-1.096142435E-1,2.199796902E0
1.321038367E1,-1.478165592E0,-2.115221491E0,-3.403026885E-1,2.602871759E0
1.322038667E1,-1.768938271E0,-2.200606043E0,-1.008117281E0,2.998017681E0
1.323038867E1,-1.806191759E0,-2.121820074E0,-9.391891336E-1,2.940497462E0
1.324039067E1,-1.953619069E0,-1.975888774E0,-7.644638050E-1,2.881868981E0
1.325039367E1,-2.204917780E0,-1.683990507E0,-1.103688852E0,2.985902798E0
1.326039567E1,-2.364855208E0,-1.239708536E0,-1.868966589E0,3.259210567E0
1.327039867E1,-2.773875836E0,-5.275498295E-1,-2.565517323E0,3.815045886E0
1.328040067E1,-3.018977960E0,-6.948480248E-2,-3.127045323E0,4.347121865E0
1.329040267E1,-3.074892252E0,5.890865117E-1,-3.322732919E0,4.565363001E0
1.330040567E1,-3.049300159E0,1.328254677E0,-3.128203071E0,4.565977048E0
1.331040767E1,-2.758068766E0,1.951613474E0,-2.902618076E0,4.454315903E0
1.332040967E1,-2.522501112E0,2.496252961E0,-2.473916012E0,4.326031800E0
1.333041267E1,-2.221827635E0,3.118700176E0,-1.883111004E0,4.267190631E0
1.334041467E1,-1.820242910E0,3.862345555E0,-1.150917397E0,4.422172350E0
1.335041767E1,-1.325797092E0,4.575681891E0,-3.012228227E-1,4.773398987E0
1.336041967E1,-9.042800868E-1,5.098649257E0,4.769375002E-1,5.200136162E0
1.337042167E1,-5.202250224E-1,5.340310587E0,1.389827612E0,5.542668314E0
1.338042467E1,-3.210472226E-2,5.628633868E0,1.847475148E0,5.924163599E0
1.339042667E1,3.371019226E-1,5.885542982E0,2.251891971E0,6.310647458E0
1.340042867E1,5.337081170E-1,5.701254532E0,2.542349485E0,6.265196605E0
1.341043167E1,7.742555523E-1,5.153656939E0,2.904237755E0,5.966091555E0
1.342043367E1,1.242829780E0,4.337390896E0,3.576867530E0,5.757739745E0
1.343043667E1,1.552688355E0,3.577710114E0,4.160338376E0,5.702566631E0
1.344043867E1,1.355135497E0,3.053893147E0,4.687498780E0,5.756326987E0
1.345044067E1,1.296392030E0,2.658656452E0,4.528683141E0,5.409071770E0
1.346044367E1,1.143654571E0,2.442416477E0,3.401706583E0,4.341077251E0
1.347044567E1,6.746926725E-1,2.498720486E0,1.162594872E0,2.837329925E0
1.348044767E1,3.212585995E-1,2.860473100E0,-7.517098582E-1,2.974992631E0
1.349045067E1,-1.332907891E-1,3.401665068E0,-1.632322755E0,3.775389946E0
1.350045267E1,-7.969696462E-2,3.616611055E0,-1.172730435E0,3.802831024E0
1.351045567E1,4.843125933E-1,3.651723000E0,5.582254922E-1,3.725755662E0
1.352045767E1,1.246126148E0,3.208573635E0,2.527979368E0,4.270650399E0
1.353045967E1,1.977462552E0,2.356989825E0,4.610136024E0,5.542482598E0
1.354046267E1,2.473207914E0,1.411323146E0,6.028517929E0,6.667204724E0
1.355046467E1,2.608988448E0,6.226828587E-1,6.244577225E0,6.796270991E0
1.356046667E1,2.139646481E0,-1.026244819E-1,5.369218637E0,5.780754935E0
1.357046967E1,1.682004207E0,-6.620170784E-1,4.330054979E0,4.692204268E0
1.358047167E1,1.573172321E0,-9.637258047E-1,3.448957933E0,3.911387146E0
1.359047467E1,1.438615025E0,-8.955642271E-1,2.671419754E0,3.163563178E0
1.360047667E1,1.116867891E0,-7.311311674E-1,1.945710125E0,2.359604747E0
1.361047867E1,9.750033295E-1,-6.964226800E-1,1.448381045E0,1.879745646E0
1.362048167E1,1.116361522E0,-8.794101244E-1,1.112459090E0,1.804768806E0
1.363048367E1,9.874473739E-1,-1.233888218E0,1.025849547E0,1.884117763E0
1.364048567E1,7.953119606E-1,-1.818289356E0,9.634252578E-1,2.206101884E0
1.365048867E1,5.285988200E-1,-2.535969003E0,6.854193896E-1,2.679618487E0
1.366049067E1,-2.754740238E-2,-3.204761251E0,4.344247341E-1,3.234188984E0
1.367049367E1,-4.021761703E-1,-3.941279458E0,3.877686310E-1,3.980677574E0
1.368049567E1,-6.639463672E-1,-4.626501212E0,1.450436926E-1,4.676149689E0
1.369049767E1,-9.370394048E-1,-5.111036584E0,-1.525292981E-1,5.198461599E0
1.370050067E1,-1.149540085E0,-5.404081491E0,-4.097114772E-1,5.540162693E0
1.371050267E1,-1.264911205E0,-5.494168957E0,-6.708726865E-1,5.677672327E0
1.372050467E1,-1.117019919E0,-5.291985689E0,-1.298157304E0,5.562199063E0
1.373050767E1,-9.917102864E-1,-5.020667281E0,-1.798662007E0,5.424552908E0
1.374050967E1,-1.161224869E0,-4.962474037E0,-2.165056726E0,5.537333509E0
1.375051167E1,-1.408163019E0,-5.207895711E0,-2.486611487E0,5.940398767E0
1.376051467E1,-1.447109860E0,-5.259428392E0,-3.369989532E0,6.411906378E0
1.377051667E1,-1.443891553E0,-4.883902661E0,-3.766505597E0,6.334342305E0
1.378051967E1,-1.656247807E0,-4.386558378E0,-3.759834509E0,6.010108713E0
1.379052167E1,-1.643782128E0,-3.765743120E0,-4.046366202E0,5.766794636E0
1.380052367E1,-1.582764386E0,-3.183101994E0,-4.560737577E0,5.782526148E0
1.381052667E1,-1.490062337E0,-2.548807150E0,-4.878205134E0,5.702068834E0
1.382052867E1,-1.086738066E0,-1.777788616E0,-4.734395204E0,5.172623120E0
1.383053067E1,-7.060568449E-1,-9.405971432E-1,-4.038793473E0,4.206553455E0
1.384053367E1,-7.281525958E-1,4.799336135E-2,-3.420084967E0,3.497068879E0
1.385053567E1,5.145608246E-1,4.285073519E-1,-2.253214611E0,2.350610023E0
1.386053867E1,1.342696130E0,4.610699111E-1,-9.460102031E-1,1.705975869E0
1.387054067E1,1.567744643E0,7.241911072E-1,-1.182985282E-1,1.730973879E0
1.388054267E1,2.001244056E0,1.013451111E0,8.623836172E-1,2.403282428E0
1.389054567E1,2.495005165E0,8.616655791E-1,1.933543239E0,3.272018918E0
1.390054767E1,2.538171942E0,7.967392659E-1,2.571858628E0,3.700211760E0
1.391054967E1,2.347806188E0,6.326856905E-1,3.139727056E0,3.971192651E0
1.392055267E1,2.285130176E0,4.471383351E-1,3.785648797E0,4.444422282E0
1.393055467E1,2.074677775E0,3.988467658E-1,3.744393182E0,4.299284465E0
1.394055667E1,1.506620775E0,4.931407195E-1,2.571525922E0,3.020900444E0
1.395055967E1,8.334244046E-1,8.677402514E-1,5.321165049E-1,1.315567314E0
1.396056167E1,3.432470539E-1,1.375964448E0,-1.741604877E0,2.245948408E0
1.397056467E1,2.952484301E-1,1.745824812E0,-3.082282548E0,3.554650702E0
1.398056667E1,6.822110224E-1,2.121480351E0,-3.141784399E0,3.851869672E0
1.399056867E1,9.606387672E-1,2.436316661E0,-1.943753062E0,3.261386466E0
1.400057167E1,1.284465756E0,2.465235236E0,-9.697899520E-2,2.781481974E0
1.401057367E1,2.336776878E0,2.821939364E0,1.563112772E0,3.983364092E0
1.402057567E1,2.880937770E0,1.446180153E0,3.654275894E0,4.872881261E0
1.403057867E1,2.694889893E0,-2.587229204E-1,4.316789986E0,5.095492603E0
1.404058067E1,1.910154084E0,-1.148905955E0,4.676677923E0,5.180732565E0
1.405058267E1,1.525044474E0,-1.834345225E0,4.355197422E0,4.965715219E0
1.406058567E1,1.429070030E0,-2.216108181E0,3.430125221E0,4.326561643E0
1.407058767E1,1.653966224E0,-2.275428768E0,1.993342128E0,3.447693894E0
1.408059067E1,1.952358994E0,-1.854147406E0,3.035084993E-1,2.709554512E0
1.409059267E1,1.655601690E0,-1.279071407E0,-9.519290471E-1,2.298523337E0
1.410059467E1,1.536323461E0,-8.237884855E-1,-1.645647975E0,2.397305675E0
1.411059767E1,1.639324796E0,-6.236727923E-1,-1.923195421E0,2.602889580E0
1.412059967E1,1.832911780E0,-5.510404336E-1,-1.738540351E0,2.585678577E0
1.413060167E1,2.212051383E0,-5.237544018E-1,-1.387475862E0,2.663189678E0
1.414060467E1,2.340141073E0,-4.738519245E-1,-1.171540527E0,2.659568216E0
1.415060667E1,2.151803719E0,-4.394568479E-1,-8.135172665E-1,2.342048657E0
1.416060867E1,1.664350294E0,-6.340299654E-1,-6.232132012E-1,1.886915629E0
1.417061167E1,1.079361511E0,-1.149514065E0,-6.386825949E-1,1.701269912E0
1.418061367E1,5.565973350E-1,-1.812135161E0,-9.115744883E-1,2.103473908E0
1.419061642E1,5.506469160E-2,-2.131023592E0,-1.478441581E0,2.594240385E0
1.420061942E1,-4.894166279E-1,-2.306640621E0,-1.656146066E0,2.881482150E0
1.421062142E1,-7.667316476E-1,-2.354621118E0,-1.656593378E0,2.979332081E0
1.422062342E1,-9.933238256E-1,-2.222398031E0,-1.551566859E0,2.886711788E0
1.423062642E1,-1.469375765E0,-1.797006075E0,-1.751255121E0,2.907781022E0
1.424062842E1,-1.928772788E0,-1.414822120E0,-1.800239586E0,2.993785006E0
1.425063142E1,-2.101755354E0,-1.129196160E0,-1.746822347E0,2.956999805E0
1.426063342E1,-2.510229852E0,-7.652724749E-1,-2.011043989E0,3.306235593E0
1.427063542E1,-2.989756792E0,-3.572350556E-1,-2.657863569E0,4.016279536E0
1.428063842E1,-2.539192281E0,6.555898190E-2,-3.251983364E0,4.126401728E0
1.429064042E1,-2.606049345E0,6.900000983E-1,-2.958657206E0,4.002654842E0
1.430064242E1,-3.895748067E0,2.167403213E0,-2.636175662E0,5.179180612E0
1.431064542E1,-3.963945605E0,3.165642208E0,-2.262005900E0,5.554351991E0
1.432064742E1,-3.409524896E0,3.586862175E0,-1.917328910E0,5.307220593E0
1.433064942E1,-2.823304981E0,3.746506366E0,-1.431598951E0,4.904776908E0
1.434065242E1,-2.830798773E0,4.039608575E0,-8.328107393E-1,5.002542640E0
1.435065442E1,-2.716535993E0,4.405412725E0,-1.224868888E-1,5.177087223E0
1.436065642E1,-2.277295492E0,4.420245942E0,1.163178424E0,5.106626380E0
1.437065942E1,-1.870155620E0,4.246543876E0,2.494878865E0,5.268304992E0
1.438066142E1,-1.357426144E0,3.959323381E0,3.735089092E0,5.609789470E0
1.439066442E1,-9.121361133E-1,3.526576797E0,4.958098565E0,6.152355450E0
1.440066642E1,-9.256753412E-1,3.333536820E0,5.427916496E0,6.436739862E0
1.441066842E1,-1.176804775E0,3.302841277E0,4.353896416E0,5.590173878E0
1.442067142E1,-1.573906147E0,3.512393791E0,2.289971963E0,4.478622812E0
1.443067342E1,-1.903168415E0,3.874345796E0,3.443214798E-1,4.330261267E0
1.444067542E1,-2.160308494E0,3.961867504E0,-8.615825486E-1,4.594088745E0
1.445067842E1,-2.196143448E0,3.747164177E0,-6.141014850E-1,4.386502713E0
1.446068042E1,-1.733480463E0,3.204301075E0,7.030236018E-1,3.710356058E0
1.447068242E1,-9.962997660E-1,2.315648841E0,2.321276786E0,3.426830708E0
1.448068542E1,-1.888565871E-1,1.713534733E0,3.977583650E0,4.335093977E0
1.449068742E1,3.102190563E-1,1.298236826E0,5.138158309E0,5.308702810E0
1.450068942E1,8.157725376E-1,5.774406123E-1,5.344094905E0,5.436752050E0
1.451069242E1,9.167390415E-1,3.941374183E-2,4.582047755E0,4.673021029E0
1.452069442E1,6.981274357E-1,-1.289316899E-1,3.490451530E0,3.561917626E0
1.453069642E1,6.584643102E-1,-2.298522931E-1,2.182434651E0,2.291163095E0
1.454069942E1,6.829042098E-1,-7.009759068E-2,7.506228608E-1,1.017205245E0
1.455070142E1,7.042497629E-1,2.145162159E-1,-5.621279240E-1,9.262681784E-1
1.456070442E1,4.895826888E-1,2.222567600E-1,-1.632335034E0,1.718606104E0
1.457070642E1,2.020098987E-1,-1.077378720E-1,-2.473065242E0,2.483639897E0
1.458070842E1,3.458452642E-2,-5.550136167E-1,-2.450142403E0,2.512455770E0
1.459071142E1,1.377019286E-2,-1.031247697E0,-1.277728302E0,1.642026505E0
1.460071342E1,1.676396728E-1,-1.663472627E0,1.699914229E-1,1.680518171E0
1.461071542E1,3.870967859E-1,-2.371811932E0,1.479084190E0,2.821883379E0
1.462071842E1,4.474181244E-1,-3.027303518E0,2.416013374E0,3.898957578E0
1.463072042E1,3.696893325E-1,-3.576804380E0,2.696839939E0,4.494790922E0
1.464072242E1,1.168235680E-1,-4.020375913E0,2.458146071E0,4.713762016E0
1.465072542E1,-3.276691943E-1,-4.204726928E0,1.382223308E0,4.438201992E0
1.466072742E1,-6.837877241E-1,-4.222680219E0,1.921032536E-1,4.281996911E0
1.467072942E1,-7.481614754E-1,-4.087271569E0,-6.709823218E-1,4.209008404E0
1.468073242E1,-6.876486406E-1,-3.796458544E0,-1.057135367E0,4.000436640E0
1.469073442E1,-7.659852505E-1,-3.505076585E0,-9.406149772E-1,3.709049987E0
1.470073642E1,-9.739683723E-1,-3.324368386E0,-1.081155729E0,3.628903039E0
1.471073942E1,-1.214700872E0,-3.093471195E0,-1.614616801E0,3.694868016E0
1.472074142E1,-1.323702620E0,-2.750057788E0,-2.074887690E0,3.690550825E0
1.473074342E1,-1.468073005E0,-2.490249624E0,-2.523895088E0,3.837528886E0
1.474074642E1,-1.824643817E0,-2.067850859E0,-3.064766044E0,4.122878016E0
1.475074842E1,-2.273632504E0,-1.538974881E0,-3.514706073E0,4.459933544E0
1.476075042E1,-2.548167465E0,-8.564481086E-1,-3.723023655E0,4.592119982E0
1.477075342E1,-2.580161090E0,-1.938252586E-1,-3.576761110E0,4.414523703E0
1.478075542E1,-2.407617065E0,3.440045607E-1,-3.252761044E0,4.061454601E0
1.479075842E1,-2.052720311E0,7.879889077E-1,-2.687199050E0,3.472121243E0
1.480076042E1,-1.310004932E0,1.095442523E0,-1.660851612E0,2.382128318E0
1.481076242E1,-5.833486390E-1,1.320667915E0,-3.227744901E-1,1.479406214E0
1.482076542E1,5.010829926E-2,1.486911272E0,1.123702117E0,1.864436221E0
1.483076742E1,6.831068158E-1,1.465979995E0,2.513204039E0,2.988632933E0
1.484076942E1,1.358368715E0,1.012128471E0,3.818174518E0,4.177083463E0
1.485077242E1,2.019963332E0,3.807326764E-1,5.271381855E0,5.657974540E0
1.486077442E1,2.343191274E0,4.733964264E-2,6.501906754E0,6.911409251E0
1.487077642E1,2.177444052E0,1.939743626E-1,6.187763924E0,6.562568935E0
1.488077942E1,1.783375046E0,6.649313307E-1,3.506086984E0,3.989386691E0
1.489078142E1,1.534897617E0,1.343253370E0,6.421400535E-1,2.138360157E0
1.490078342E1,1.520485108E0,1.939102187E0,-8.876792568E-1,2.619153817E0
1.491078642E1,1.950098168E0,2.231502730E0,-4.625691372E-1,2.999409526E0
1.492078842E1,2.521176133E0,2.174164349E0,1.773776257E0,3.772214458E0
1.493079042E1,3.017849740E0,1.634942307E0,3.820842310E0,5.136077235E0
1.494079342E1,3.245793502E0,7.059238207E-1,5.116576236E0,6.100234116E0
1.495079542E1,3.222332134E0,-7.027417660E-2,5.303284264E0,6.205899356E0
1.496079742E1,3.092496172E0,-9.245389348E-1,4.841045202E0,5.818421045E0
1.497080042E1,2.858918618E0,-1.757648467E0,3.381315881E0,4.764036196E0
1.498080242E1,3.281191083E0,-1.967792135E0,7.826644331E-1,3.905250879E0
1.499080442E1,2.206757314E0,-2.201511776E0,1.044722021E-1,3.118869408E0
1.500080742E1,2.468133993E0,-2.328785196E0,-1.695870295E0,3.793534230E0
1.501080942E1,2.528005973E0,-2.354850329E0,-3.005975214E0,4.579521947E0
1.502081142E1,2.632519982E0,-1.812930967E0,-4.082560467E0,5.184995672E0
1.503081442E1,2.463607956E0,-2.151104684E0,-4.072231945E0,5.222996127E0
1.504081642E1,2.502303367E0,-2.156779407E0,-3.985851613E0,5.176894111E0
1.505081842E1,2.443364895E0,-2.028386246E0,-3.663811533E0,4.848494377E0
1.506082142E1,1.918860295E0,-2.165189458E0,-3.094739456E0,4.236446922E0
1.507082342E1,1.322142875E0,-2.668541754E0,-2.351249614E0,3.794410577E0
1.508082542E1,7.612355572E-1,-2.913616104E0,-1.867360359E0,3.543398522E0
1.509082842E1,1.053346664E-1,-3.129978286E0,-1.688679389E0,3.558018766E0
1.510083042E1,-4.953138372E-1,-3.248732897E0,-1.968439422E0,3.830712074E0
1.511083242E1,-8.591214556E-1,-3.325841884E0,-2.451442823E0,4.220057562E0
1.512083542E1,-1.103391813E0,-3.085355844E0,-3.191619633E0,4.574202670E0
1.513083742E1,-1.253181691E0,-2.519417875E0,-3.516195066E0,4.503505137E0
1.514083942E1,-1.247961589E0,-2.198502799E0,-3.551480674E0,4.359339131E0
1.515084242E1,-1.439866329E0,-1.872566720E0,-3.661592515E0,4.357405296E0
1.516084442E1,-1.735771694E0,-1.362726352E0,-3.524831403E0,4.158649169E0
1.517084642E1,-1.915151699E0,-6.530585593E-1,-3.315939040E0,3.884551869E0
1.518084942E1,-1.940000027E0,1.719841540E-2,-2.933173286E0,3.516731638E0
1.519085096E1,-2.060110022E0,6.498080921E-1,-2.719080994E0,3.472708642E0
1.520085296E1,-2.132733610E0,1.289366015E0,-2.539539898E0,3.558128759E0
1.521085596E1,-1.933659014E0,1.877704083E0,-2.190592686E0,3.473255839E0
1.522085796E1,-1.767024477E0,2.506898401E0,-2.018044860E0,3.671432984E0
1.523086096E1,-1.737937503E0,2.866179398E0,-1.509509007E0,3.676143162E0
1.524086296E1,-1.662505790E0,3.101535675E0,-6.147856092E-1,3.572311631E0
1.525086496E1,-1.675835395E0,3.298745302E0,2.763943756E-1,3.710328650E0
1.526086796E1,-1.786439572E0,3.483431947E0,1.138020778E0,4.076856113E0
1.527086996E1,-1.885069821E0,3.679427692E0,2.079959857E0,4.627948723E0
1.528087196E1,-1.739136474E0,3.922348512E0,2.884875870E0,5.170292285E0
1.529087496E1,-1.405318056E0,4.100340680E0,3.123880810E0,5.342877862E0
1.530087696E1,-6.310739055E-1,4.111970792E0,3.197069238E0,5.246695130E0
1.531087896E1,4.101655135E-1,4.285150702E0,3.651334160E0,5.644731476E0
1.532088096E1,1.118032072E0,4.703125464E0,4.566184258E0,6.649768682E0
1.533088396E1,1.699802547E0,5.060737665E0,5.268337795E0,7.500385159E0
1.534088596E1,1.794815708E0,4.862356841E0,4.357752655E0,6.771549725E0
1.535088896E1,1.178047016E0,4.718493116E0,2.558073233E0,5.495062395E0
1.536089096E1,4.784650853E-1,4.537377951E0,1.125369743E0,4.699274897E0
1.537089296E1,1.393230692E-1,4.359805613E0,3.425176138E-1,4.375458172E0
1.538089596E1,-1.075662562E-1,3.987830896E0,8.060006708E-1,4.069889782E0
1.539089796E1,-1.186414674E-1,3.337056259E0,2.041019155E0,3.913537973E0
1.540089996E1,3.127079237E-1,2.519674568E0,3.307640671E0,4.169776131E0
1.541090296E1,9.150775552E-1,1.683717442E0,4.700787163E0,5.076383684E0
1.542090496E1,1.224728262E0,8.483906454E-1,5.799666680E0,5.987976252E0
1.543090696E1,1.093233445E0,-2.026528001E-2,5.868371463E0,5.969367946E0
1.544090996E1,7.190280157E-1,-7.442914957E-1,5.207096397E0,5.308938124E0
1.545091196E1,3.538267136E-1,-1.257539620E0,4.165737110E0,4.365771972E0
1.546091396E1,3.150538266E-2,-1.458599054E0,2.870135039E0,3.219655095E0
1.547091696E1,-3.002837598E-1,-1.658141136E0,1.563464774E0,2.298700603E0
1.548091896E1,-4.560611862E-1,-1.680527785E0,5.269148219E-1,1.819286858E0
1.549092096E1,-4.545593289E-1,-1.607452208E0,-3.096515840E-1,1.698944051E0
1.550092296E1,-3.963970748E-1,-1.485102144E0,-8.905420536E-1,1.776435805E0
1.551092596E1,-4.610324889E-1,-1.580249791E0,-1.155116283E0,2.010978365E0
1.552092796E1,-5.684379467E-1,-1.903443527E0,-1.281182252E0,2.363820408E0
1.553092996E1,-6.820601642E-1,-2.407839552E0,-1.291418973E0,2.816142812E0
1.554093296E1,-9.052323058E-1,-2.851720403E0,-1.260757928E0,3.246731485E0
1.555093496E1,-1.117339177E0,-3.196350031E0,-1.153699502E0,3.577166881E0
1.556093696E1,-1.347257251E0,-3.547611571E0,-9.594947594E-1,3.914240686E0
1.557093996E1,-1.560209921E0,-3.923252492E0,-7.647368699E-1,4.290802675E0
1.558094196E1,-1.794992587E0,-4.223547361E0,-6.978441381E-1,4.641910936E0
1.559094396E1,-1.743599069E0,-4.293537948E0,-6.240095919E-1,4.675894973E0
1.560094696E1,-1.681439074E0,-4.140609870E0,-6.695962393E-1,4.518876694E0
1.561094896E1,-1.573479885E0,-3.924110863E0,-9.942897856E-1,4.343166724E0
1.562095096E1,-1.530677389E0,-3.548633664E0,-1.611080990E0,4.187046227E0
1.563095396E1,-1.448864317E0,-3.294962153E0,-1.981730143E0,4.108921727E0
1.564095596E1,-1.350772305E0,-3.020163483E0,-2.159612968E0,3.950936782E0
1.565095796E1,-1.245726491E0,-2.671640779E0,-2.214361618E0,3.686854528E0
1.566096096E1,-1.110033665E0,-2.262518116E0,-2.267363119E0,3.389999776E0
1.567096296E1,-1.132734018E0,-1.793082594E0,-2.438753781E0,3.231988791E0
1.568096496E1,-1.220545749E0,-1.315913544E0,-2.707534497E0,3.248400134E0
1.569096796E1,-1.197429951E0,-8.231979167E-1,-2.906038113E0,3.249084611E0
1.570096996E1,-9.424422321E-1,-1.951958460E-1,-2.793082770E0,2.954252890E0
1.571097196E1,-5.799867824E-1,5.993489599E-1,-2.511362166E0,2.646231995E0
1.572097496E1,-7.018705308E-2,1.345702184E0,-2.233853896E0,2.608820388E0
1.573097696E1,4.547590113E-1,1.650677750E0,-1.617966671E0,2.355707736E0
1.574097896E1,1.020042093E0,1.746902454E0,-5.989519340E-1,2.109715022E0
1.575098196E1,1.445963806E0,2.019645828E0,4.647051251E-1,2.527000485E0
1.576098396E1,1.816532560E0,2.262349716E0,1.565556908E0,3.296814403E0
1.577098596E1,2.166202488E0,2.393897451E0,2.727084370E0,4.226129125E0
1.578098896E1,2.543467180E0,2.240956509E0,3.952421035E0,5.206989861E0
1.579099096E1,2.775459554E0,1.685300868E0,5.150235148E0,6.088377192E0
1.580099296E1,2.653855303E0,1.098340988E0,5.566501354E0,6.263803814E0
1.581099596E1,2.008589328E0,7.869978046E-1,4.563866130E0,5.048036320E0
1.582099796E1,1.176233502E0,9.647362036E-1,2.287027890E0,2.746768604E0
1.583099996E1,7.710685274E-1,1.302940911E0,1.369704419E-1,1.520185052E0
1.584100296E1,5.919338134E-1,1.498847778E0,-9.736818588E-1,1.882813497E0
1.585100496E1,6.669091514E-1,1.467417825E0,-8.552500141E-1,1.824701476E0
1.586100696E1,8.702849597E-1,1.553029248E0,2.182256895E-1,1.793576931E0
1.587100996E1,9.676016316E-1,1.400269570E0,1.613746735E0,2.345460789E0
1.588101196E1,9.022084183E-1,8.531859469E-1,2.729211879E0,2.998416878E0
1.589101396E1,9.329910851E-1,1.532257015E-1,3.421408777E0,3.549646250E0
1.590101696E1,1.028529326E0,-3.600148219E-1,4.032591916E0,4.177233631E0
1.591101896E1,1.009168903E0,-1.394581398E0,3.688746985E0,4.070642881E0
1.592102096E1,8.048148555E-1,-1.667970890E0,2.794160997E0,3.352191748E0
1.593102396E1,6.494286078E-1,-1.742560896E0,1.815002051E0,2.598558916E0
1.594102596E1,7.748774037E-1,-1.743861317E0,3.888825256E-1,1.947489898E0
1.595102796E1,9.222199291E-1,-1.518024307E0,-8.499571145E-1,1.969089762E0
1.596102996E1,8.698525581E-1,-1.181863201E0,-1.847165245E0,2.359123469E0
1.597103296E1,7.835885856E-1,-8.406968790E-1,-2.530655054E0,2.779387939E0
1.598103496E1,7.977941036E-1,-4.532556921E-1,-2.704314435E0,2.855736808E0
1.599103696E1,8.905326980E-1,-3.119238120E-1,-2.596156733E0,2.762313294E0
1.600103996E1,8.199199677E-1,-4.624825984E-1,-2.078247793E0,2.281506694E0
1.601104196E1,5.460255691E-1,-7.836754167E-1,-1.233156146E0,1.559796513E0
1.602104396E1,2.273470536E-1,-1.219387123E0,-7.105688488E-1,1.429510310E0
1.603104696E1,-7.127843589E-2,-1.710690063E0,-6.458097661E-1,1.829921135E0
1.604104896E1,-4.795409730E-1,-2.161423851E0,-9.548526549E-1,2.411110989E0
1.605105096E1,-8.746382117E-1,-2.299314644E0,-1.623363651E0,2.947397051E0
1.606105396E1,-1.097549568E0,-2.312811772E0,-2.144073408E0,3.339275988E0
1.607105596E1,-1.343611512E0,-2.194923719E0,-2.672578672E0,3.710210073E0
1.608105796E1,-1.429258311E0,-1.946909974E0,-2.835003798E0,3.724309909E0
1.609106096E1,-1.585581282E0,-1.727296155E0,-2.928244084E0,3.751297565E0
1.610106296E1,-1.870669006E0,-1.511269603E0,-3.223388726E0,4.021638126E0
1.611106496E1,-2.125200642E0,-1.373081186E0,-3.361885875E0,4.207624788E0
1.612106796E1,-2.213440389E0,-1.182800510E0,-3.500601711E0,4.307266853E0
1.613106996E1,-2.306214651E0,-8.990263635E-1,-3.507821853E0,4.293214247E0
1.614107196E1,-2.566567483E0,-5.683411753E-1,-3.628451666E0,4.480618465E0
1.615107496E1,-2.653013596E0,-1.727951628E-1,-3.715357078E0,4.568612210E0
1.616107696E1,-2.407286990E0,4.855808544E-1,-3.453912864E0,4.237963365E0
1.617107896E1,-1.763963460E0,1.439001526E0,-2.934960780E0,3.714335373E0
1.618108196E1,-7.883014414E-1,2.229963743E0,-1.807764367E0,2.976939614E0
1.619108792E1,2.793910736E-1,3.099006754E0,-3.264921498E-1,3.128657757E0
1.620108992E1,7.754328892E-1,3.883961542E0,5.400079072E-1,3.997256805E0
1.621109192E1,8.972070023E-1,4.316473652E0,1.127949534E0,4.550735692E0
1.622109492E1,8.123539630E-1,4.197375809E0,1.530636166E0,4.541005364E0
1.623109692E1,6.353145987E-1,3.929538249E0,1.706078948E0,4.330773703E0
1.624109892E1,4.666180417E-1,3.629668472E0,1.947705780E0,4.145573955E0
1.625110192E1,6.255778152E-1,3.536249846E0,2.385079849E0,4.311034269E0
1.626110392E1,8.901798186E-1,3.567064088E0,2.908633692E0,4.687911717E0
1.627110592E1,9.136856255E-1,3.295751528E0,3.887433034E0,5.177734557E0
1.628110892E1,8.465464336E-1,3.230144014E0,4.525527399E0,5.624132773E0
1.629111092E1,7.177001131E-1,3.695501103E0,4.025541928E0,5.511516096E0
1.630111292E1,3.803824282E-1,4.220050142E0,2.597399851E0,4.969909454E0
1.631111592E1,7.525775850E-2,4.528560349E0,6.719900894E-1,4.578765472E0
1.632111792E1,-7.464847863E-3,4.872018780E0,-9.978565872E-2,4.873046264E0
1.633111992E1,7.406083345E-2,5.002945540E0,5.975035787E-2,5.003850436E0
1.634112292E1,1.097016594E-1,4.514149302E0,4.720965904E-1,4.540094004E0
1.635112492E1,3.700866508E-1,3.859626015E0,5.470999950E-1,3.915736905E0
1.636112692E1,7.174182773E-1,3.072935774E0,6.127864462E-1,3.214518702E0
1.637112892E1,1.024311730E0,2.382837442E0,6.707124728E-1,2.678989365E0
1.638113192E1,1.161207620E0,1.603725193E0,1.268040050E0,2.351225893E0
1.639113392E1,1.108664247E0,7.239999032E-1,2.159343996E0,2.532997980E0
1.640113592E1,6.622351795E-1,-1.533777291E-1,1.936659805E0,2.052493937E0
1.641113892E1,2.918503207E-1,-6.883377349E-1,1.673749108E0,1.833145255E0
1.642114092E1,3.117267609E-2,-9.290985936E-1,9.836607170E-1,1.353434276E0
1.643114292E1,-5.887853801E-2,-9.268053156E-1,-1.453793228E-1,9.399840013E-1
1.644114592E1,-1.466247797E-1,-1.057596420E0,-1.587272882E0,1.912967385E0
1.645114792E1,-4.008032441E-2,-1.472314283E0,-2.437101358E0,2.847591756E0
1.646114992E1,1.381843239E-3,-2.277286429E0,-2.550136222E0,3.418951614E0
1.647115292E1,-6.789932996E-3,-3.068818164E0,-2.650791362E0,4.055167799E0
1.648115492E1,-3.734958699E-1,-3.784653016E0,-2.903790443E0,4.784882083E0
1.649115692E1,-7.351297858E-1,-4.310753905E0,-3.054794202E0,5.334302452E0
1.650115992E1,-1.176666635E0,-4.710267254E0,-3.211869126E0,5.821276943E0
1.651116192E1,-1.468977131E0,-4.736318353E0,-3.464738984E0,6.049381917E0
1.652116392E1,-1.837508423E0,-4.786441855E0,-3.141456370E0,6.012920336E0
1.653116592E1,-2.116380556E0,-4.678398466E0,-2.918673946E0,5.906364065E0
1.654116892E1,-2.318297922E0,-4.527851374E0,-3.034751117E0,5.923314753E0
1.655117092E1,-2.400213321E0,-4.164808280E0,-3.308047637E0,5.835223317E0
1.656117292E1,-2.124511255E0,-3.497911407E0,-3.514888213E0,5.394754067E0
1.657117592E1,-1.763544214E0,-2.589551718E0,-3.600679146E0,4.772919087E0
1.658117792E1,-1.534659635E0,-1.536712593E0,-3.733838958E0,4.319516078E0
1.659117992E1,-1.074025050E0,-5.095029831E-1,-3.859977432E0,4.038879656E0
1.660118292E1,-4.137454712E-1,3.294455785E-1,-3.903376637E0,3.939044157E0
1.661118492E1,-7.204295933E-2,6.676923859E-1,-3.481625158E0,3.545802737E0
1.662118692E1,-4.107704079E-1,7.215089893E-1,-2.467482905E0,2.603416878E0
1.663118992E1,-1.029631234E0,5.386659712E-1,-1.280037367E0,1.728813804E0
1.664119192E1,-1.279699983E0,4.430037689E-1,-4.491813523E-1,1.426761463E0
1.665119392E1,-1.249276920E0,7.357674247E-1,9.229186714E-2,1.452778137E0
1.666119592E1,-9.666225153E-1,1.293727453E0,5.436045295E-1,1.703994042E0
1.667119892E1,-3.538670594E-1,1.602686727E0,6.205059403E-1,1.754666425E0
1.668120092E1,6.156881270E-1,1.647543642E0,5.100438505E-1,1.831288249E0
1.669120292E1,1.594454724E0,1.748112828E0,6.980721796E-1,2.466878411E0
1.670120592E1,2.280413812E0,1.631387200E0,1.533506564E0,3.195833809E0
1.671120792E1,2.743766184E0,1.144532822E0,2.732610866E0,4.037990886E0
1.672120992E1,3.114681385E0,5.514906693E-1,4.301801233E0,5.339557654E0
1.673121292E1,3.476956448E0,2.456450379E-1,6.771775053E0,7.616200167E0
1.674121492E1,3.633353387E0,6.701622498E-1,9.567579117E0,1.025616617E1
1.675121692E1,3.282960743E0,6.742231411E-1,8.694538949E0,9.318122967E0
1.676121992E1,3.253824945E0,9.817299664E-2,6.883755664E0,7.614663929E0
1.677122192E1,2.936319381E0,-2.419560295E-1,4.335221579E0,5.241627645E0
1.678122392E1,2.508456684E0,-1.254835868E-1,1.606924204E0,2.981661695E0
1.679122592E1,2.114226880E0,3.627372855E-1,-4.559787405E-1,2.193045884E0
1.680122892E1,1.937299782E0,1.165777511E0,-9.619938594E-1,2.457152791E0
1.681123092E1,2.200338825E0,1.722083070E0,3.652790701E-1,2.817887479E0
1.682123292E1,2.451053984E0,1.507004060E0,2.267471877E0,3.663353052E0
1.683123592E1,2.422226626E0,6.942390373E-1,3.354522477E0,4.195470261E0
1.684123792E1,2.097605000E0,-1.748212230E-1,3.226505291E0,3.852381808E0
1.685123992E1,1.692875351E0,-8.465759620E-1,2.594589679E0,3.211606049E0
1.686124292E1,1.435393794E0,-1.194951901E0,2.306791479E0,2.968089001E0
1.687124492E1,1.360761103E0,-1.265548259E0,2.681018543E0,3.262076579E0
1.688124692E1,1.275839944E0,-1.177733313E0,3.217090105E0,3.655747811E0
1.689124892E1,1.291034226E0,-1.025265703E0,3.082710564E0,3.495860918E0
1.690125192E1,1.455398873E0,-9.532511026E-1,2.237935252E0,2.834647727E0
1.691125392E1,1.705903240E0,-7.311989951E-1,1.096224296E0,2.155566176E0
1.692125592E1,1.955331134E0,-4.957593951E-1,1.520369625E-1,2.022921763E0
1.693125892E1,2.068639940E0,-4.144015288E-1,-7.665535998E-1,2.244683553E0
1.694126092E1,1.921948210E0,-5.335897109E-1,-1.787843488E0,2.678616666E0
1.695126292E1,1.655307283E0,-7.737696487E-1,-2.573601683E0,3.156293284E0
1.696126592E1,1.308218900E0,-1.129595818E0,-3.095977312E0,3.545771978E0
1.697126792E1,1.002917937E0,-1.450634269E0,-3.644999871E0,4.049223164E0
1.698126992E1,6.952272168E-1,-1.598592507E0,-4.296215388E0,4.636410848E0
1.699127192E1,1.604978836E-1,-1.580243652E0,-4.785413330E0,5.042133508E0
1.700127492E1,-1.772367078E-1,-1.666961076E0,-4.733735054E0,5.021794464E0
1.701127692E1,-4.432895516E-1,-1.771708682E0,-4.549553608E0,4.902437690E0
1.702127892E1,-6.178037958E-1,-1.913753922E0,-4.315186095E0,4.760773743E0
1.703128192E1,-6.870215267E-1,-1.940139483E0,-4.005166721E0,4.503054547E0
1.704128392E1,-7.969510813E-1,-1.729277484E0,-3.964239135E0,4.397808950E0
1.705128592E1,-9.209089833E-1,-1.330641803E0,-4.388597302E0,4.677442383E0
1.706128892E1,-8.880637112E-1,-8.589741057E-1,-5.313588227E0,5.455338075E0
1.707129092E1,-9.679710294E-1,-4.182551363E-1,-6.018479429E0,6.110155474E0
1.708129292E1,-1.294608629E0,7.028236270E-2,-6.104228262E0,6.240396926E0
1.709129492E1,-1.587637894E0,5.429812163E-1,-5.371977938E0,5.627927651E0
1.710129792E1,-1.635947882E0,8.051393759E-1,-4.095800902E0,4.483320189E0
1.711129992E1,-1.409439758E0,6.599430710E-1,-2.392433892E0,2.854082202E0
1.712130192E1,-1.117404373E0,4.803528589E-1,-5.621413726E-1,1.339900864E0
1.713130492E1,-1.027985243E0,5.750783372E-1,8.433865982E-1,1.448713121E0
1.714130692E1,-1.015462554E0,6.396953326E-1,1.438960011E0,1.873760985E0
1.715130892E1,-9.706462768E-1,7.892776340E-1,1.413107716E0,1.887322653E0
1.716131192E1,-1.023133662E0,1.095256582E0,8.143282753E-1,1.705731518E0
1.717131392E1,-1.214919704E0,1.408881349E0,-2.441797256E-3,1.860371604E0
1.718131592E1,-1.350009097E0,1.715831519E0,-6.954017562E-1,2.291328428E0
1.719131792E1,-1.474721290E0,2.029874947E0,-9.803242958E-1,2.693739206E0
1.720131692E1,-1.329877864E0,2.127257400E0,-4.511898708E-1,2.548994209E0
1.721131892E1,-8.962723249E-1,1.884003289E0,8.318956500E-1,2.246068308E0
1.722132092E1,-6.585189816E-1,1.560247636E0,2.466369011E0,2.991821524E0
1.723132392E1,-8.109933159E-1,1.569844671E0,4.132495104E0,4.494400765E0
1.724132592E1,-1.202709402E0,1.813052589E0,4.674232618E0,5.155785116E0
1.725132792E1,-1.675480177E0,2.355469549E0,3.748024303E0,4.733197312E0
1.726132992E1,-1.633877676E0,3.093168309E0,1.497242718E0,3.805125780E0
1.727133292E1,-1.129439185E0,3.712806523E0,-6.700464749E-1,3.938213736E0
1.728133492E1,-5.129350794E-1,4.200340347E0,-1.299779906E0,4.426667961E0
1.729133692E1,2.131371501E-1,3.627859928E0,-3.356828034E-2,3.634270481E0
1.730133992E1,9.153139289E-1,2.033023673E0,3.078240368E0,3.800861561E0
1.731134192E1,1.084534396E0,4.852662742E-1,6.023885765E0,6.139942827E0
1.732134392E1,7.691408466E-1,-9.274362302E-1,8.040554191E0,8.130327626E0
1.733134692E1,3.722850578E-1,-2.276297372E0,8.252768943E0,8.569032682E0
1.734134892E1,-1.971688427E-1,-3.262660672E0,7.219877594E0,7.925305211E0
1.735135092E1,-8.705793670E-1,-3.542468068E0,5.853901359E0,6.897474144E0
1.736135292E1,-1.004892396E0,-2.956990457E0,4.032601272E0,5.100536669E0
1.737135592E1,-3.594048111E-1,-1.638884500E0,2.559218118E0,3.060181628E0
1.738135792E1,2.230546126E-1,-3.647762096E-1,1.197903868E0,1.271923237E0
1.739135992E1,7.420352013E-1,5.298974866E-1,-2.954831958E-1,9.584977336E-1
1.740136292E1,1.104470186E0,9.288822466E-1,-1.245073941E0,1.906013048E0
1.741136492E1,1.100828248E0,6.624655598E-1,-1.429051904E0,1.921684884E0
1.742136692E1,8.975455561E-1,-3.971165746E-1,-1.367933882E0,1.683607052E0
1.743136892E1,5.733281194E-1,-1.330338040E0,-1.134175649E0,1.839798586E0
1.744137192E1,1.892558058E-1,-1.984926523E0,-7.239203811E-1,2.121275979E0
1.745137392E1,2.665570199E-2,-2.240931365E0,-4.886974204E-1,2.293754363E0
1.746137592E1,-3.202286124E-2,-2.347231407E0,-5.490137887E-1,2.410795902E0
1.747137892E1,3.534524918E-2,-2.206219662E0,-7.081545335E-1,2.317355676E0
1.748138092E1,2.444782260E-1,-1.891066725E0,-9.824076587E-1,2.145000646E0
1.749138292E1,2.091625053E-1,-1.633953836E0,-1.773968046E0,2.420850412E0
1.750138592E1,8.109393753E-2,-1.492079334E0,-2.730078437E0,3.112266897E0
1.751138792E1,-8.849468529E-2,-1.413419958E0,-3.299593733E0,3.590669309E0
1.752138992E1,-2.492070155E-1,-1.429609728E0,-3.295600669E0,3.600954302E0
1.753139192E1,-2.687800582E-1,-1.494571125E0,-3.056745418E0,3.413162481E0
1.754139492E1,-1.445544268E-1,-1.488680640E0,-3.242171152E0,3.570537748E0
1.755139692E1,-5.010698363E-3,-1.275299953E0,-3.688297918E0,3.902557701E0
1.756139892E1,-2.942311607E-2,-1.139716471E0,-3.925390819E0,4.087604731E0
1.757140092E1,1.459896259E-2,-1.041359287E0,-3.817466421E0,3.956980183E0
1.758140392E1,-1.863528094E-1,-9.116703826E-1,-3.285840497E0,3.415057544E0
1.759140592E1,-5.657744669E-1,-7.933759475E-1,-2.796831420E0,2.961724520E0
1.760140792E1,-8.243569080E-1,-6.489871430E-1,-2.126719456E0,2.371430849E0
1.761141092E1,-1.976570267E0,-1.466932506E0,-1.796995550E0,3.047607916E0
1.762141292E1,-1.640288709E0,-1.615079316E0,-2.377553313E0,3.309348577E0
1.763141492E1,-9.762854046E-1,-5.542552328E-1,-2.320377485E0,2.577689610E0
1.764141792E1,-3.544652295E-1,1.255946839E-1,-1.976496300E0,2.011953590E0
1.765141992E1,9.299894169E-2,-2.652115756E-1,-1.833729513E0,1.855141480E0
1.766142192E1,4.679866556E-1,-8.217928308E-1,-6.061504412E-1,1.123286840E0
1.767142392E1,9.706450342E-1,-4.743009907E-1,1.443303323E0,1.802841561E0
1.768142692E1,1.626958373E0,1.062035626E-1,3.363369314E0,3.737716668E0
1.769142892E1,2.239862494E0,6.132010138E-1,3.964977638E0,4.595002410E0
1.770143092E1,3.162271289E0,7.997622764E-1,4.524719313E0,5.577872737E0
1.771143292E1,3.598318917E0,6.126601464E-1,5.229743832E0,6.377575718E0
1.772143592E1,3.064612847E0,3.308144116E-1,6.035141070E0,6.776740944E0
1.773143792E1,1.705224963E0,5.298091936E-1,5.167817141E0,5.467615930E0
1.774143992E1,6.300139515E-1,1.011578248E0,1.657948762E0,2.041813466E0
1.775144292E1,1.440008417E-1,1.405653686E0,-1.665024478E0,2.183782278E0
1.776144492E1,-2.174951530E-1,1.998215198E0,-3.052762295E0,3.655068501E0
1.777144692E1,1.951671946E-1,2.585852770E0,-2.826354597E0,3.835753523E0
1.778144892E1,1.057894190E0,2.722002847E0,-1.041114289E0,3.100380392E0
1.779145192E1,1.199274821E0,2.141331064E0,2.092413842E0,3.225175112E0
1.780145392E1,7.003689659E-1,1.175092710E0,3.953805948E0,4.183771150E0
1.781145592E1,3.973204597E-1,1.933691758E-1,4.278793024E0,4.301549132E0
1.782145892E1,-1.445582275E-1,-5.293589580E-1,4.368552462E0,4.402881852E0
1.783146092E1,-3.823314148E-1,-4.872595900E-1,4.108225066E0,4.154649493E0
1.784146292E1,-2.455196882E-1,2.465420008E-1,3.119615266E0,3.138958789E0
1.785146492E1,3.551296194E-1,9.702442807E-1,1.761827472E0,2.042431652E0
1.786146792E1,1.180594940E0,1.336185256E0,4.876332271E-1,1.848507943E0
1.787146992E1,1.784923097E0,1.360217897E0,-5.322854894E-1,2.306397847E0
1.788147192E1,2.136088450E0,1.077283995E0,-1.214076097E0,2.682796198E0
1.789147492E1,2.348574220E0,6.864327121E-1,-1.618352587E0,2.933607989E0
1.790147692E1,2.383516596E0,2.188566041E-1,-1.632817429E0,2.897437201E0
1.791147892E1,2.238466764E0,-3.533677071E-1,-1.615635386E0,2.783142090E0
1.792148092E1,2.140859047E0,-8.084869069E-1,-1.503105721E0,2.737929025E0
1.793148392E1,1.934402487E0,-1.192546649E0,-1.420088707E0,2.679688868E0
1.794148592E1,1.734045596E0,-1.488700520E0,-1.789021118E0,2.902367986E0
1.795148792E1,1.599904037E0,-1.560505498E0,-2.542436024E0,3.385092506E0
1.796149092E1,1.328674507E0,-1.696768427E0,-3.255792241E0,3.904431092E0
1.797149292E1,9.926100998E-1,-1.912876255E0,-3.590911957E0,4.187961206E0
1.798149492E1,6.646105378E-1,-2.167858711E0,-3.677388768E0,4.320243826E0
1.799149692E1,2.295937731E-1,-2.169810512E0,-3.820261390E0,4.399453153E0
1.800149992E1,-3.415322118E-2,-2.057103091E0,-3.674993164E0,4.211699696E0
1.801150192E1,-2.638682144E-1,-1.838375126E0,-3.613946478E0,4.063232542E0
1.802150392E1,-5.973906543E-1,-1.605794522E0,-3.980019016E0,4.333128547E0
1.803150692E1,-9.693692449E-1,-1.293483624E0,-4.661375175E0,4.933679676E0
1.804150892E1,-1.450406959E0,-1.007271774E0,-4.858827462E0,5.169766056E0
1.805151092E1,-1.981461902E0,-7.135193539E-1,-4.434614890E0,4.909288172E0
1.806151292E1,-2.424554695E0,-5.148233646E-1,-3.256804394E0,4.092711011E0
1.807151592E1,-2.877845178E0,-5.271949035E-1,-1.810989692E0,3.440873580E0
1.808151792E1,-3.108251202E0,-2.471220446E-1,-8.666246027E-1,3.236252932E0
1.809151992E1,-3.253240808E0,2.789800143E-1,-8.576409405E-1,3.375937438E0
1.810152192E1,-3.352518051E0,8.465984738E-1,-1.652330173E0,3.832271032E0
1.811152492E1,-3.561174480E0,1.270677145E0,-2.402495781E0,4.479795761E0
1.812152692E1,-3.570906878E0,2.138199295E0,-3.092195333E0,5.185069347E0
1.813152892E1,-3.789254774E0,3.062920663E0,-3.320313342E0,5.896135634E0
1.814153192E1,-4.340443143E0,3.686763609E0,-2.894940097E0,6.388454488E0
1.815153392E1,-4.812404078E0,3.871484753E0,-2.482390966E0,6.656567592E0
1.816153592E1,-5.029309466E0,3.426822714E0,-1.585303540E0,6.288899341E0
1.817153792E1,-4.875276556E0,2.622677949E0,2.903879321E-1,5.543562598E0
1.818154092E1,-4.284561303E0,1.970448525E0,2.935312198E0,5.554834889E0
1.819154292E1,-3.655281031E0,1.791101557E0,5.812640482E0,7.096190074E0
1.820154571E1,-3.059221714E0,2.323278873E0,7.177011656E0,8.140390563E0
1.821154771E1,-2.375829847E0,3.293541865E0,6.378774918E0,7.561795747E0
1.822155071E1,-1.928574129E0,4.550973896E0,4.413349151E0,6.626342302E0
1.823155271E1,-1.733205936E0,5.200493721E0,2.855041037E0,6.180646979E0
1.824155471E1,-1.433445210E0,4.950270898E0,2.461384259E0,5.711248515E0
1.825155771E1,-1.032187856E0,3.984496813E0,2.764753010E0,4.958375322E0
1.826155971E1,-5.422990655E-1,2.560810314E0,3.620022320E0,4.467258594E0
1.827156171E1,3.098796985E-1,1.016869978E0,5.656760729E0,5.755779002E0
1.828156371E1,8.569307231E-1,-1.726992685E-1,7.888199725E0,7.936488531E0
1.829156671E1,9.113137025E-1,-1.265578372E0,8.874969406E0,9.010952405E0
1.830156871E1,8.581253824E-1,-1.974626945E0,7.816136300E0,8.107250915E0
1.831157071E1,6.874794368E-1,-2.064975198E0,5.610913296E0,6.018230517E0
1.832157371E1,6.161185551E-1,-1.516354342E0,3.158392830E0,3.557299233E0
1.833157571E1,7.762641440E-1,-6.170683622E-1,1.277845831E0,1.617482412E0
1.834157771E1,1.138163231E0,-6.974675775E-2,-5.819499850E-2,1.141782295E0
1.835157971E1,1.698191785E0,5.000304937E-2,-1.092552829E0,2.019907753E0
1.836158271E1,2.165391625E0,-1.177588302E-1,-2.041457697E0,2.978311192E0
1.837158471E1,2.254949480E0,-5.982420820E-1,-2.887684287E0,3.712332325E0
1.838158671E1,2.123352045E0,-1.369262955E0,-3.477395282E0,4.298346530E0
1.839158871E1,1.893004785E0,-2.228360437E0,-3.659454773E0,4.684086526E0
1.840159171E1,1.671626861E0,-3.187661653E0,-3.095416564E0,4.747328394E0
1.841159371E1,1.407221909E0,-3.969202251E0,-2.391429341E0,4.842909694E0
1.842159571E1,1.142967669E0,-4.496001883E0,-1.742849164E0,4.955595951E0
1.843159871E1,9.775852407E-1,-4.744352428E0,-1.218054543E0,4.994818288E0
1.844160071E1,9.253074051E-1,-4.534452589E0,-1.006689391E0,4.736124745E0
1.845160271E1,1.070514674E0,-3.832922950E0,-1.320414730E0,4.192945870E0
1.846160471E1,1.255490317E0,-3.176648422E0,-1.788352196E0,3.855587467E0
1.847160771E1,1.324378412E0,-2.824201067E0,-2.632677273E0,4.081798558E0
1.848160971E1,1.326561470E0,-2.773087631E0,-3.305141571E0,4.513728077E0
1.849161171E1,1.199279718E0,-2.506541721E0,-3.726586071E0,4.648490829E0
1.850161371E1,1.018755852E0,-2.071318257E0,-4.105031902E0,4.709512684E0
1.851161671E1,9.133990388E-1,-1.703752926E0,-4.377722651E0,4.785554037E0
1.852161871E1,9.196244963E-1,-1.357173836E0,-4.351300837E0,4.649886989E0
1.853162071E1,9.191511641E-1,-9.975390834E-1,-4.267114965E0,4.477520878E0
1.854162271E1,8.964012560E-1,-5.144643456E-1,-4.420916618E0,4.540122522E0
1.855162571E1,6.843423325E-1,-3.897052288E-2,-4.802952638E0,4.851617996E0
1.856162771E1,4.961881787E-1,2.991540778E-1,-5.022102188E0,5.055413559E0
1.857162971E1,3.466397546E-1,5.439302194E-1,-5.096424977E0,5.137077646E0
1.858163271E1,2.619898329E-1,8.967295772E-1,-4.902485697E0,4.990704221E0
1.859163471E1,4.471633320E-1,1.286564029E0,-4.068276304E0,4.290230079E0
1.860163671E1,7.820419239E-1,1.462855827E0,-2.769645960E0,3.228385895E0
1.861163871E1,1.042982766E0,1.569247670E0,-1.924179507E0,2.693105657E0
1.862164171E1,1.375961232E0,1.565662158E0,-1.310483235E0,2.462099432E0
1.863164371E1,1.938005980E0,1.359119790E0,5.736644804E-2,2.367776317E0
1.864164571E1,2.479577286E0,7.824188501E-1,2.489429845E0,3.599686615E0
1.865164771E1,2.492730013E0,-3.713449717E-2,5.142997465E0,5.715374424E0
1.866165071E1,2.055934672E0,-1.109222656E0,6.809349845E0,7.198922669E0
1.867165271E1,1.474673196E0,-1.821405337E0,7.288108168E0,7.655631856E0
1.868165471E1,8.419361964E-1,-1.744286994E0,6.181155986E0,6.477505924E0
1.869165671E1,1.676455200E-2,-9.360129261E-1,3.135581088E0,3.272349310E0
1.870165971E1,-1.427942687E-1,2.867036015E-1,-1.610428441E-1,3.585023792E-1
1.871166171E1,5.275306799E-1,1.177765473E0,-1.352790763E0,1.869615729E0
1.872166371E1,1.450024843E0,1.438143155E0,-3.884094858E-1,2.078867410E0
1.873166671E1,2.000975376E0,1.075547957E0,1.169635504E0,2.555142476E0
1.874166871E1,2.306515783E0,-4.595794559E-1,3.606427544E0,4.305525283E0
1.875167071E1,2.624863638E0,-1.723581419E0,5.503049124E0,6.335944420E0
1.876167271E1,2.550263399E0,-2.467868237E0,6.336007213E0,7.262176288E0
1.877167571E1,2.141470227E0,-3.495365530E0,6.282505190E0,7.501556264E0
1.878167771E1,1.495390027E0,-4.265844950E0,5.236267571E0,6.917522862E0
1.879167971E1,9.984421858E-1,-4.477037024E0,3.247944108E0,5.620488256E0
1.880168171E1,3.341350454E-1,-4.102030526E0,1.124099143E0,4.266368426E0
1.881168471E1,-1.341772270E-1,-3.568302528E0,-6.560751379E-1,3.630595137E0
1.882168671E1,-8.107924640E-2,-3.059495949E0,-1.579574438E0,3.444146441E0
1.883168871E1,1.329171520E-1,-2.564132702E0,-2.291287587E0,3.441284977E0
1.884169071E1,1.350817913E-1,-1.696336318E0,-3.159684480E0,3.588789491E0
1.885169371E1,1.011479430E0,-6.733723712E-1,-2.239964821E0,2.548325604E0
1.886169571E1,2.159106599E0,-6.295112371E-2,-8.479184827E-1,2.320489152E0
1.887169771E1,2.427958651E0,5.008625525E-1,-2.313602901E-1,2.489854231E0
1.888170071E1,2.202016391E0,8.629192221E-1,5.313800481E-1,2.424019498E0
1.889170271E1,1.949033098E0,1.126871307E0,6.371985716E-1,2.339784387E0
1.890170471E1,1.291961594E0,7.915247190E-1,4.586172965E-1,1.583036944E0
1.891170671E1,3.127663958E-1,-9.053477883E-2,-3.372331926E-1,4.687702963E-1
1.892170971E1,-7.363082922E-1,-6.275249380E-1,-1.670574363E0,1.930480808E0
1.893171171E1,-1.625565712E0,-6.866543216E-1,-2.759517413E0,3.275499107E0
1.894171371E1,-2.035820981E0,-3.578607076E-1,-3.281750370E0,3.878468363E0
1.895171571E1,-2.362196771E0,2.181596160E-3,-3.445722669E0,4.177676753E0
1.896171871E1,-2.624135075E0,1.865700334E-1,-3.555485432E0,4.422936799E0
1.897172071E1,-2.718810852E0,4.285400963E-1,-3.833702384E0,4.719412361E0
1.898172271E1,-2.687943985E0,4.856024891E-1,-3.843899928E0,4.715550796E0
1.899172471E1,-2.560599230E0,8.008521974E-1,-3.846211917E0,4.689496644E0
1.900172771E1,-2.283590897E0,1.626034074E0,-3.642786700E0,4.596593210E0
1.901172971E1,-1.914538034E0,2.522402294E0,-3.273002935E0,4.554175823E0
1.902173171E1,-1.483748513E0,3.208177779E0,-3.138277239E0,4.726806357E0
1.903173471E1,-1.194431791E0,3.645644234E0,-2.993738161E0,4.866195369E0
1.904173671E1,-1.141007536E0,4.033454965E0,-2.819384131E0,5.051691205E0
1.905173871E1,-1.152359321E0,4.277362211E0,-2.538537101E0,5.105676262E0
1.906174071E1,-1.046187333E0,4.422292467E0,-2.081533343E0,4.998395709E0
1.907174371E1,-1.000032921E0,4.504605476E0,-1.632289426E0,4.894477001E0
1.908174571E1,-8.261250329E-1,4.559256477E0,-1.101462232E0,4.762617058E0
1.909174771E1,-5.958154875E-1,4.602969092E0,-4.085847187E-1,4.659319911E0
1.910174971E1,-3.001030809E-1,4.584176141E0,2.733988470E-1,4.602116870E0
1.911175271E1,3.121711493E-2,4.383514318E0,9.457327527E-1,4.484482436E0
1.912175471E1,2.298587251E-1,3.968447961E0,1.683588803E0,4.316930102E0
1.913175671E1,6.942399144E-1,3.426767750E0,2.797485723E0,4.477793278E0
1.914175871E1,1.225831924E0,3.017239875E0,4.470053110E0,5.530621590E0
1.915176171E1,1.625234760E0,3.075989190E0,5.420627941E0,6.440986322E0
1.916176371E1,1.569739421E0,3.277136917E0,4.785577052E0,6.008781569E0
1.917176571E1,1.349132161E0,3.416602950E0,3.183587898E0,4.860922259E0
1.918176771E1,1.342760450E0,3.639666041E0,1.707440765E0,4.238576233E0
1.919177071E1,1.622550888E0,3.949791250E0,1.457002764E0,4.511804446E0
1.920177192E1,2.525453956E0,4.133185660E0,2.593617872E0,5.494360295E0
1.921177392E1,3.429353389E0,3.963833923E0,4.101634669E0,6.655512827E0
1.922177592E1,4.243796854E0,3.677653647E0,5.461630372E0,7.833540349E0
1.923177892E1,4.717903132E0,3.259272503E0,6.180978815E0,8.431249393E0
1.924178092E1,4.491407726E0,2.361115621E0,5.952995292E0,7.822132911E0
1.925178292E1,3.873326041E0,1.490852296E0,5.103130563E0,6.577783573E0
1.926178592E1,3.041201765E0,7.998692805E-1,4.165119644E0,5.218900333E0
1.927178792E1,2.147908012E0,3.201034820E-1,3.211896023E0,3.877144713E0
1.928178992E1,1.365525999E0,-8.750884473E-2,2.428299544E0,2.787285010E0
1.929179192E1,7.839215845E-1,-2.566933519E-1,1.664743811E0,1.857901097E0
1.930179492E1,4.385645628E-1,-4.308667034E-1,1.201167784E0,1.349366161E0
1.931179692E1,2.891658640E-1,-7.176153284E-1,6.525808418E-1,1.012151378E0
1.932179892E1,1.196246767E-1,-9.918123204E-1,2.873672605E-2,9.994135988E-1
1.933180092E1,-7.930110812E-2,-1.561806504E0,1.988754988E-2,1.563944927E0
1.934180392E1,-2.029650414E-1,-2.483465685E0,1.560738802E-1,2.496628861E0
1.935180592E1,-6.255971110E-1,-3.450331444E0,1.193130201E-1,3.508617166E0
1.936180792E1,-1.125201343E0,-4.328752804E0,2.882513595E-1,4.481882166E0
1.937180992E1,-1.559506794E0,-5.071655002E0,-1.171904808E-1,5.307304354E0
1.938181292E1,-1.916888614E0,-5.561776804E0,-5.039662546E-1,5.904388636E0
1.939181492E1,-2.186426252E0,-5.864725140E0,-1.248486961E0,6.382333462E0
1.940181692E1,-2.194666733E0,-5.891098421E0,-1.877370207E0,6.560954319E0
1.941181892E1,-2.205828191E0,-5.683460870E0,-2.916978253E0,6.758414577E0
1.942182192E1,-2.060699421E0,-5.374883419E0,-3.650046603E0,6.816061479E0
1.943182392E1,-2.107008200E0,-5.158486154E0,-3.973873592E0,6.844058320E0
1.944182592E1,-2.040580029E0,-4.955197762E0,-4.224653655E0,6.823902858E0
1.945182792E1,-2.114529766E0,-4.846238406E0,-3.935595964E0,6.591371512E0
1.946183092E1,-2.134257394E0,-4.775035107E0,-3.450110419E0,6.265722369E0
1.947183292E1,-2.296865830E0,-4.372630895E0,-3.399879329E0,5.996221564E0
1.948183492E1,-2.816503500E0,-3.825510435E0,-3.837022433E0,6.106550844E0
1.949183692E1,-3.002076291E0,-3.008788310E0,-4.477833999E0,6.173837257E0
1.950183992E1,-2.675519822E0,-1.976703292E0,-4.482977210E0,5.582369290E0
1.951184192E1,-1.750247646E0,-1.036026626E0,-3.608410335E0,4.142142336E0
1.952184392E1,-6.937306219E-1,-1.641389447E-1,-2.270051669E0,2.379356709E0
1.953184592E1,3.147684824E-1,3.456154686E-1,-9.819948453E-1,1.087585917E0
1.954184892E1,1.273070410E0,4.927711755E-1,-8.753281832E-2,1.367915821E0
1.955185092E1,2.008353685E0,5.358166230E-1,9.894874674E-1,2.302101089E0
1.956185292E1,2.476044983E0,4.375962639E-1,2.035011726E0,3.234742953E0
1.957185492E1,2.645338249E0,4.521049601E-1,2.445446504E0,3.630760519E0
1.958185792E1,2.995506652E0,2.235168350E-1,2.741612654E0,4.066873470E0
1.959185992E1,3.180716915E0,-2.335734612E-1,2.809309963E0,4.250145777E0
1.960186192E1,3.073471963E0,-4.431365007E-1,2.742828290E0,4.143151807E0
1.961186392E1,2.944662480E0,-7.285466981E-1,2.846378387E0,4.159770106E0
1.962186692E1,2.545519261E0,-9.981980646E-1,2.232721875E0,3.530030404E0
1.963186892E1,1.390828948E0,-1.119158830E0,8.563925600E-1,1.979982289E0
1.964187092E1,2.016698831E-1,-1.134598403E0,-1.422297201E0,1.830550082E0
1.965187292E1,-2.507788932E-1,-8.300040758E-1,-3.781564516E0,3.879694190E0
1.966187592E1,-7.287034035E-2,-3.112472892E-1,-5.308180722E0,5.317797245E0
1.967187792E1,4.751096606E-1,4.102406502E-2,-5.591209348E0,5.611509079E0
1.968187992E1,1.189678590E0,3.293508536E-1,-3.988795102E0,4.175439318E0
1.969188192E1,1.748101133E0,7.094882834E-1,-1.234811493E0,2.254770636E0
1.970188492E1,2.572938024E0,7.135848427E-1,1.354967682E0,2.994186171E0
1.971188692E1,2.959022073E0,3.274540168E-1,3.423178729E0,4.536649685E0
1.972188892E1,2.995430930E0,-1.127243775E-1,4.347423549E0,5.280663287E0
1.973189092E1,3.570184162E0,-4.318005037E-1,4.878213320E0,6.060497655E0
1.974189392E1,4.141170618E0,-4.374565154E-1,4.318428376E0,5.999123763E0
1.975189592E1,4.230759317E0,8.736207962E-2,3.705954756E0,5.625038416E0
1.976189792E1,4.283943252E0,6.067486113E-1,3.283697492E0,5.431664836E0
1.977189992E1,4.052382402E0,1.141351352E0,2.283113179E0,4.789268403E0
1.978190292E1,3.726570868E0,1.322406877E0,1.977688547E0,4.421237652E0
1.979190492E1,3.493230711E0,1.186339245E0,1.365832393E0,3.933898795E0
1.980190692E1,2.648277644E0,1.235019069E0,5.478156942E-1,2.973003299E0
1.981190892E1,1.717871613E0,1.377223354E0,2.389569926E-1,2.214707089E0
1.982191192E1,1.093224090E0,1.208100243E0,-1.934656549E-1,1.640754115E0
1.983191392E1,5.108443344E-1,7.678335553E-1,-5.429478872E-1,1.070197510E0
1.984191592E1,-2.311784416E-1,2.776012409E-1,-7.272474468E-1,8.120312615E-1
1.985191792E1,-1.020446720E0,-1.555838835E-1,-9.550304103E-1,1.406272000E0
1.986192092E1,-1.688656000E0,-6.688910651E-1,-1.418259113E0,2.304437731E0
1.987192292E1,-2.205927594E0,-1.064558700E0,-2.035400566E0,3.184691074E0
1.988192492E1,-2.361771094E0,-1.346145988E0,-2.493559733E0,3.688890329E0
1.989192692E1,-2.401275467E0,-1.314324270E0,-2.863512483E0,3.961473955E0
1.990192992E1,-2.444927856E0,-9.767335206E-1,-2.970584942E0,3.969389813E0
1.991193192E1,-2.573315755E0,-6.926570731E-1,-2.783147766E0,3.853263459E0
1.992193392E1,-2.767287194E0,-3.385011613E-1,-3.134797561E0,4.195165932E0
1.993193592E1,-3.059531032E0,1.214297122E-1,-3.039002627E0,4.314048247E0
1.994193892E1,-3.298792080E0,2.356615019E-1,-2.965935236E0,4.442334673E0
1.995194092E1,-3.468374197E0,4.114340669E-1,-3.139220980E0,4.696126694E0
1.996194292E1,-3.681191797E0,8.029495937E-1,-3.321586865E0,5.022831910E0
1.997194492E1,-3.600207860E0,1.532042422E0,-3.423696792E0,5.199072066E0
1.998194792E1,-3.326830648E0,2.347819637E0,-3.194927403E0,5.175675832E0
1.999194992E1,-2.859985442E0,3.167958875E0,-2.642963110E0,5.020033283E0
2.000195192E1,-2.419291908E0,3.753459874E0,-2.117363327E0,4.942131304E0
2.001195392E1,-2.202466042E0,4.037439843E0,-1.427095426E0,4.815431290E0
2.002195692E1,-2.137011141E0,4.049154739E0,-3.700667703E-1,4.593410512E0
2.003195892E1,-2.288813045E0,3.767906590E0,7.175106633E-1,4.466610211E0
2.004196092E1,-2.386221226E0,3.375173088E0,1.758147819E0,4.491873648E0
2.005196292E1,-2.592133849E0,2.998614739E0,2.586295989E0,4.732840076E0
2.006196592E1,-2.548900121E0,2.748479040E0,2.974374522E0,4.785178435E0
2.007196792E1,-2.008381752E0,2.620574121E0,3.258505933E0,4.638843272E0
2.008196992E1,-1.333604879E0,2.583074173E0,3.893396609E0,4.858941377E0
2.009197192E1,-8.579596138E-1,2.913346547E0,4.666613696E0,5.567851128E0
2.010197492E1,-5.469479674E-1,3.474968687E0,5.094663795E0,6.191135489E0
2.011197692E1,-5.747017765E-1,3.787774844E0,4.317967615E0,5.772552705E0
2.012197892E1,-5.994407612E-1,3.769956624E0,2.827200104E0,4.750259214E0
2.013198092E1,-4.145874703E-1,3.700344937E0,1.960926919E0,4.208285851E0
2.014198392E1,2.218170494E-1,3.655128418E0,2.825947046E0,4.625488435E0
2.015198592E1,1.207859337E0,3.405029556E0,4.456572939E0,5.737089228E0
2.016198792E1,2.333536643E0,2.954308632E0,6.022789412E0,7.102628039E0
2.017198992E1,3.185915675E0,2.320179849E0,7.503309678E0,8.475432103E0
2.018199292E1,3.222340320E0,1.549081793E0,8.070218285E0,8.826752218E0
2.019199492E1,2.830623649E0,8.636010075E-1,7.315559676E0,7.891492274E0
2.020199779E1,2.460659205E0,2.587936717E-1,6.111464192E0,6.593315740E0
2.021199979E1,2.088182797E0,-4.498847723E-2,4.863567799E0,5.293092016E0
2.022200179E1,1.741545820E0,-7.881520450E-2,3.652101022E0,4.046855020E0
2.023200479E1,1.636775994E0,-3.370978296E-2,2.666155798E0,3.128667247E0
2.024200679E1,1.700049884E0,4.740571618E-2,1.873413396E0,2.530236089E0
2.025200879E1,1.907359407E0,1.094663090E-1,1.301687853E0,2.311794551E0
2.026201079E1,2.184057253E0,-5.596603990E-2,8.778103262E-1,2.354525271E0
2.027201379E1,2.252263854E0,-6.626415610E-1,5.944241425E-1,2.421802298E0
2.028201579E1,2.154362168E0,-1.535546658E0,5.391284859E-1,2.699970262E0
2.029201779E1,1.787890851E0,-2.476795181E0,4.064586711E-1,3.081602946E0
2.030201979E1,1.483899372E0,-3.374406518E0,1.594395375E-1,3.689715119E0
2.031202279E1,1.449992537E0,-4.111698897E0,9.148495138E-2,4.360838873E0
2.032202479E1,1.295686563E0,-4.729376539E0,-6.154486835E-2,4.904038528E0
2.033202679E1,1.015025182E0,-5.166750024E0,-2.889787531E-1,5.273432530E0
2.034202879E1,7.003236499E-1,-5.580034735E0,-5.553793600E-1,5.651166878E0
2.035203179E1,1.938454315E-1,-5.970963201E0,-1.175036285E0,6.088570265E0
2.036203379E1,-3.310509315E-1,-6.058984846E0,-1.807377574E0,6.331469481E0
2.037203579E1,-7.513856301E-1,-6.113905989E0,-2.265353723E0,6.563250285E0
2.038203779E1,-8.864621589E-1,-5.984485472E0,-2.803000233E0,6.667585157E0
2.039204079E1,-8.804789954E-1,-5.765345278E0,-3.148646984E0,6.627852387E0
2.040204279E1,-9.047540036E-1,-5.664021217E0,-2.929235771E0,6.440507616E0
2.041204479E1,-1.107695071E0,-5.312119991E0,-2.842092378E0,6.125609868E0
2.042204679E1,-1.525885596E0,-4.973815296E0,-2.941975685E0,5.976820759E0
2.043204979E1,-1.939617034E0,-4.780919160E0,-3.369248397E0,6.162072461E0
2.044205179E1,-1.956891755E0,-4.432512231E0,-4.123269075E0,6.362227431E0
2.045205379E1,-1.902445115E0,-3.839094102E0,-4.632209263E0,6.309936893E0
2.046205579E1,-1.872050411E0,-2.970860345E0,-4.761329818E0,5.916151246E0
2.047205779E1,-1.614572362E0,-1.980675890E0,-4.883310923E0,5.511501290E0
2.048206079E1,-1.272103573E0,-1.100974574E0,-4.911000997E0,5.191177449E0
2.049206279E1,-9.529531869E-1,-4.396843046E-1,-4.609165971E0,4.727140046E0
2.050206479E1,-7.574521163E-1,-1.184289211E-1,-3.776909548E0,3.853933685E0
2.051206679E1,-4.744422010E-1,-9.910562754E-2,-2.601719189E0,2.646480695E0
2.052206979E1,9.771866798E-3,3.941666543E-2,-1.739513035E0,1.739987001E0
2.053207179E1,5.328620249E-1,7.217235821E-1,-7.203184962E-1,1.150515364E0
2.054207379E1,1.020077468E0,9.508788872E-1,5.540833247E-1,1.500578898E0
2.055207579E1,1.493063128E0,1.024144499E0,1.336700980E0,2.250528598E0
2.056207879E1,1.519328528E0,9.501281047E-1,2.074413773E0,2.741221461E0
2.057208079E1,1.328010848E0,8.848059350E-1,2.264348879E0,2.770157072E0
2.058208279E1,1.172352413E0,1.018006677E0,1.433235295E0,2.113033645E0
2.059208479E1,7.472019473E-1,1.366794845E0,-8.662825406E-2,1.560110045E0
2.060208779E1,5.516731024E-1,1.696954368E0,-1.315960029E0,2.217148650E0
2.061208979E1,8.661565331E-1,2.145870257E0,-1.406945044E0,2.708224632E0
2.062209179E1,1.369094262E0,2.635957561E0,-3.973159647E-1,2.996756803E0
2.063209379E1,1.987678808E0,3.022173171E0,1.180908351E0,3.805120530E0
2.064209679E1,2.629024517E0,3.405525400E0,3.027859588E0,5.260922623E0
2.065209879E1,2.712396457E0,3.029864014E0,5.118252633E0,6.537100312E0
2.066210079E1,2.461692408E0,2.282218555E0,5.842490517E0,6.738185697E0
2.067210279E1,2.132803484E0,1.452298095E0,5.881435897E0,6.422562469E0
2.068210479E1,1.948334355E0,6.276711184E-1,5.412140123E0,5.786297478E0
2.069210779E1,1.593331182E0,1.497232193E-1,4.454747438E0,4.733486668E0
2.070210979E1,1.224388831E0,5.434694588E-2,3.225648674E0,3.450636314E0
2.071211179E1,1.160744228E0,-6.211087883E-2,1.805095114E0,2.146987027E0
2.072211379E1,1.223135773E0,-4.859661859E-1,3.027676570E-1,1.350515645E0
2.073211679E1,1.159558412E0,-6.987679982E-1,-1.027572722E0,1.699634704E0
2.074211879E1,7.184175664E-1,-7.017284435E-1,-1.822142086E0,2.080564440E0
2.075212079E1,1.813367754E-1,-6.648547322E-1,-2.564973532E0,2.655937511E0
2.076212279E1,-4.887114537E-1,-6.652032262E-1,-3.452052864E0,3.549366591E0
2.077212579E1,-1.131008797E0,-7.955283076E-1,-3.985897222E0,4.218936222E0
2.078212779E1,-1.379475117E0,-1.097143478E0,-3.774937282E0,4.166152529E0
2.079212979E1,-1.549011042E0,-1.305796691E0,-3.143180130E0,3.739534935E0
2.080213179E1,-1.849713462E0,-1.404876591E0,-2.700871595E0,3.562278133E0
2.081213479E1,-1.894708079E0,-1.505359823E0,-2.074958149E0,3.187707361E0
2.082213679E1,-1.791204760E0,-1.523116647E0,-1.562782989E0,2.823223244E0
2.083213879E1,-2.002588623E0,-1.229780549E0,-1.822987593E0,2.974223454E0
2.084214079E1,-2.391322629E0,-9.096466613E-1,-2.420053216E0,3.521723801E0
2.085214279E1,-2.595838937E0,-6.611037433E-1,-2.776576665E0,3.858084489E0
2.086214579E1,-2.971070260E0,-2.664394909E-1,-3.346262700E0,4.482825287E0
2.087214779E1,-3.262375328E0,3.476502997E-1,-3.663417431E0,4.917782100E0
2.088214979E1,-3.203351195E0,7.634656852E-1,-3.588404086E0,4.870419142E0
2.089215179E1,-2.841139866E0,1.136589965E0,-2.956030052E0,4.254647595E0
2.090215479E1,-2.341260815E0,1.798826898E0,-1.596566446E0,3.356531667E0
2.091215679E1,-1.744705947E0,2.472413862E0,-3.289643526E-1,3.043853921E0
2.092215879E1,-1.116355675E0,2.740970045E0,5.323644269E-1,3.007088071E0
2.093216079E1,-1.040647388E0,2.899605006E0,8.453366446E-1,3.194565733E0
2.094216279E1,-1.350198693E0,3.075429026E0,7.881444436E-1,3.449995923E0
2.095216579E1,-1.638992674E0,3.032066075E0,5.092170542E-1,3.484110170E0
2.096216779E1,-2.010717714E0,2.910203084E0,2.077211666E-1,3.543362217E0
2.097216979E1,-2.311267230E0,2.798613651E0,-7.538171947E-2,3.630410030E0
2.098217179E1,-2.497208396E0,2.756907801E0,-1.557037514E-1,3.723014109E0
2.099217479E1,-2.530794510E0,2.670454379E0,2.641432893E-1,3.688633774E0
2.100217679E1,-2.065759310E0,2.536965369E0,1.145351433E0,3.466321496E0
2.101217879E1,-1.310380616E0,2.623179640E0,2.605437434E0,3.922559497E0
2.102218079E1,-7.299988541E-1,2.959808523E0,4.571021075E0,5.494324207E0
2.103218379E1,-3.924645299E-1,3.377207919E0,5.902714500E0,6.811872004E0
2.104218579E1,-4.695153370E-1,3.731173212E0,5.909455755E0,7.004553198E0
2.105218779E1,-3.877323782E-1,4.061704618E0,4.775146789E0,6.280908188E0
2.106218979E1,-2.797951162E-2,4.379226555E0,4.241671391E0,6.096735541E0
2.107219179E1,7.672368470E-1,4.546094980E0,4.766610439E0,6.631455875E0
2.108219479E1,1.819877459E0,4.344630334E0,5.665488868E0,7.367871525E0
2.109219679E1,2.708397253E0,3.856529329E0,6.833572521E0,8.300960640E0
2.110219879E1,3.100277939E0,3.295559739E0,7.577993240E0,8.826008092E0
2.111220079E1,3.068011833E0,2.646725793E0,7.406772147E0,8.442637483E0
2.112220379E1,2.897768396E0,1.741247027E0,6.789488608E0,7.584600084E0
2.113220579E1,2.508321029E0,8.808216423E-1,5.959532479E0,6.525607138E0
2.114220779E1,1.874602720E0,3.295256853E-1,4.818705037E0,5.180988397E0
2.115220979E1,1.272282205E0,1.760228258E-1,3.678082833E0,3.895892628E0
2.116221179E1,7.857277894E-1,5.981701612E-3,2.601923257E0,2.717978767E0
2.117221479E1,7.145642513E-1,-5.677763343E-2,1.479018701E0,1.643569921E0
2.118221679E1,7.713085556E-1,3.444653213E-2,5.490593970E-1,9.474015373E-1
2.119221879E1,1.120441124E0,1.132746005E-1,2.770878553E-2,1.126493331E0
2.120222042E1,1.290244559E0,-4.956860125E-2,-4.911971051E-1,1.381471196E0
2.121222342E1,1.311839204E0,-5.215675431E-1,-9.502742851E-1,1.701756744E0
2.122222542E1,1.198472217E0,-1.189197364E0,-1.012393935E0,1.968620711E0
2.123222742E1,9.146527550E-1,-1.935579824E0,-7.692444885E-1,2.274817795E0
2.124222942E1,6.099528855E-1,-2.694347271E0,-5.241344708E-1,2.811808437E0
2.125223242E1,2.710485587E-1,-3.402274348E0,-2.813101298E-1,3.424627491E0
2.126223442E1,-1.608197728E-1,-4.033242711E0,-1.812853199E-1,4.040516568E0
2.127223642E1,-4.835568407E-1,-4.535765873E0,-3.757338917E-1,4.576917656E0
2.128223842E1,-7.398104820E-1,-4.810910114E0,-4.125245726E-1,4.884910664E0
2.129224042E1,-7.337302548E-1,-4.760987756E0,-5.864529258E-1,4.852761228E0
2.130224342E1,-6.398093534E-1,-4.697901562E0,-5.801817870E-1,4.776635427E0
2.131224542E1,-6.994012517E-1,-4.858342143E0,-4.003974473E-1,4.924730308E0
2.132224742E1,-1.040531029E0,-4.891720389E0,-9.748466241E-1,5.095287933E0
2.133224942E1,-1.466095769E0,-4.906194586E0,-1.373291686E0,5.301519799E0
2.134225242E1,-1.840029596E0,-5.155751996E0,-1.668828092E0,5.722977788E0
2.135225442E1,-2.195721864E0,-5.154227627E0,-2.142916244E0,5.998278666E0
2.136225642E1,-2.335194914E0,-5.165317456E0,-2.017567728E0,6.016994203E0
2.137225842E1,-2.226772040E0,-5.068867634E0,-2.160620736E0,5.943081252E0
2.138226042E1,-1.980022171E0,-4.755502483E0,-2.582460215E0,5.762325262E0
2.139226342E1,-1.893848830E0,-4.343036968E0,-3.016725320E0,5.616873254E0
2.140226542E1,-1.800952654E0,-3.992627952E0,-3.444015574E0,5.571871471E0
2.141226742E1,-1.577224734E0,-3.622951190E0,-3.592106543E0,5.340097622E0
2.142226942E1,-1.358649089E0,-3.274759439E0,-3.271962131E0,4.824490948E0
2.143227242E1,-9.913495132E-1,-2.970822923E0,-2.572565849E0,4.052981340E0
2.144227442E1,-2.761660418E-1,-2.648195783E0,-1.422396019E0,3.018678357E0
2.145227642E1,5.695363462E-1,-2.494912194E0,-3.313225347E-1,2.580452117E0
2.146227842E1,1.189091529E0,-2.552730047E0,7.129200143E-1,2.904931033E0
2.147228042E1,1.922637012E0,-2.506141772E0,2.184437322E0,3.840448681E0
2.148228342E1,2.493925769E0,-2.154919993E0,4.041784324E0,5.215301184E0
2.149228542E1,2.781157081E0,-1.723500727E0,5.878072579E0,6.727334295E0
2.150228742E1,2.761520085E0,-1.188516748E0,6.508048085E0,7.168908921E0
2.151228942E1,2.431165264E0,-1.999221504E-2,4.744444229E0,5.331108259E0
2.152229242E1,2.677234810E0,1.299339026E0,2.425731154E0,3.839275943E0
2.153229442E1,3.194975935E0,2.442456822E0,1.485857019E0,4.287334561E0
2.154229642E1,3.438152279E0,3.322001433E0,1.694136010E0,5.072147615E0
2.155229842E1,3.023734378E0,3.701002749E0,2.375364701E0,5.336923120E0
2.156230042E1,2.282926068E0,3.419392657E0,3.097456073E0,5.147643315E0
2.157230342E1,2.043015980E0,2.614345667E0,3.676308203E0,4.952167158E0
2.158230542E1,1.661154206E0,2.310179356E0,3.701495669E0,4.668772016E0
2.159230742E1,1.047606452E0,2.283081604E0,3.406620584E0,4.232612041E0
2.160230942E1,7.426800030E-1,2.640314906E0,2.438554975E0,3.670066315E0
2.161231142E1,2.130661064E-1,2.264630715E0,8.983130032E-1,2.445591072E0
2.162231442E1,-6.879892409E-2,1.951671361E0,-2.754985821E-1,1.972220541E0
2.163231642E1,2.510794401E-2,2.105533240E0,-5.209471536E-1,2.169167253E0
2.164231842E1,2.906036943E-1,2.276629202E0,-6.433270383E-1,2.383560511E0
2.165232042E1,6.419815940E-1,2.410513483E0,-5.139983225E-1,2.546941282E0
2.166232342E1,9.146261501E-1,2.501725077E0,-1.912454671E-1,2.670532566E0
2.167232542E1,7.529746109E-1,2.635262327E0,-8.558101773E-2,2.742061707E0
2.168232742E1,4.982886082E-1,2.434124832E0,1.225213873E-1,2.487622706E0
2.169232942E1,3.826821381E-1,2.020286390E0,1.080290633E-1,2.059046623E0
2.170233142E1,-7.545480967E-2,1.619880172E0,-3.621239126E-1,1.661577241E0
2.171233442E1,-7.692035580E-1,1.309008274E0,-9.173731720E-1,1.773908203E0
2.172233642E1,-1.257743104E0,1.060670594E0,-1.637564784E0,2.321326828E0
2.173233842E1,-1.671148852E0,4.933865950E-1,-2.093961015E0,2.724122161E0
2.174234042E1,-1.974068536E0,2.102775693E-2,-2.608515408E0,3.271351615E0
2.175234342E1,-2.356488719E0,-2.720320603E-1,-2.867083377E0,3.721183631E0
2.176234542E1,-2.643183550E0,-5.599796569E-1,-2.930070169E0,3.985637677E0
2.177234742E1,-2.940477628E0,-7.017395532E-1,-3.478207460E0,4.608337468E0
2.178234942E1,-3.188844545E0,-6.894703406E-1,-3.736191877E0,4.960164173E0
2.179235142E1,-3.231800530E0,-5.302208376E-1,-3.495511125E0,4.790017414E0
2.180235442E1,-3.264113998E0,-3.390525538E-1,-3.190540237E0,4.577001620E0
2.181235642E1,-3.340079269E0,1.806514817E-1,-3.054667318E0,4.529873829E0
2.182235842E1,-3.444010604E0,4.542362702E-1,-3.062593803E0,4.631092791E0
2.183236042E1,-3.249731017E0,5.994273126E-1,-3.208647895E0,4.606027149E0
2.184236242E1,-2.927643574E0,8.939539039E-1,-3.178175130E0,4.412601006E0
2.185236542E1,-2.301520799E0,1.497663717E0,-2.557604871E0,3.752510796E0
2.186236742E1,-1.726560575E0,2.137707544E0,-1.785470688E0,3.276997184E0
2.187236942E1,-1.303913303E0,2.502229984E0,-1.156887404E0,3.049546403E0
2.188237142E1,-9.383570749E-1,2.648972878E0,-7.056764835E-1,2.897507654E0
2.189237442E1,-6.260900313E-1,2.657723821E0,-1.549892217E-1,2.734868606E0
2.190237642E1,-2.751243603E-1,2.490281199E0,2.738683784E-1,2.520356672E0
2.191237842E1,-6.862233818E-2,2.426961701E0,4.540064746E-1,2.470014980E0
2.192238042E1,-9.507572651E-4,2.433013569E0,5.870610362E-1,2.502837708E0
2.193238242E1,1.937153310E-1,2.437559779E0,1.171347569E0,2.711324111E0
2.194238542E1,4.026942337E-1,2.591173151E0,2.190971586E0,3.417118294E0
2.195238742E1,6.976886022E-1,3.084392808E0,3.022652643E0,4.374548820E0
2.196238942E1,1.093286655E0,3.640194629E0,3.490290731E0,5.160273446E0
2.197239142E1,2.125987385E0,4.205031568E0,3.797525661E0,6.051719921E0
2.198239342E1,3.482122171E0,4.617793538E0,3.901293858E0,6.976337559E0
2.199239642E1,4.468595399E0,4.728347429E0,3.968388319E0,7.620611530E0
2.200239842E1,5.204609576E0,4.542291951E0,4.173626173E0,8.070906544E0
2.201240042E1,5.725924519E0,4.053857655E0,4.409646109E0,8.286431819E0
2.202240242E1,5.742227141E0,3.279089887E0,4.709034076E0,8.117918757E0
2.203240542E1,5.274392586E0,2.275831057E0,4.518604295E0,7.308653018E0
2.204240742E1,4.590515108E0,1.206698080E0,3.975313177E0,6.191289370E0
2.205240942E1,4.000359140E0,5.094380790E-1,3.493269303E0,5.335291072E0
2.206241142E1,3.604363477E0,-2.669856209E-1,3.394596369E0,4.958427362E0
2.207241342E1,3.304696598E0,-9.726755530E-1,2.888474246E0,4.495597937E0
2.208241642E1,2.757638118E0,-1.039910347E0,2.010630591E0,3.567718724E0
2.209241842E1,1.979673677E0,-1.150428570E0,1.595361335E0,2.790657907E0
2.210242042E1,1.188596855E0,-1.685901377E0,1.525154986E0,2.565370084E0
2.211242242E1,3.233656436E-1,-1.938870052E0,1.131413425E0,2.268012071E0
2.212242442E1,-4.975419188E-1,-2.072300590E0,7.255336279E-1,2.251305563E0
2.213242742E1,-1.052355561E0,-2.371274573E0,3.855782640E-1,2.622797347E0
2.214242942E1,-1.460905781E0,-2.763633853E0,6.672199309E-2,3.126718663E0
2.215243142E1,-1.854784752E0,-3.213463662E0,-1.151866400E-1,3.712121111E0
2.216243342E1,-2.303348054E0,-3.571949437E0,-6.555787092E-1,4.300467240E0
2.217243542E1,-2.612936488E0,-3.840814353E0,-9.971163297E-1,4.751161222E0
2.218243842E1,-2.813201285E0,-4.182426233E0,-1.189618363E0,5.178994353E0
2.219244042E1,-2.961620575E0,-4.406700867E0,-1.650084257E0,5.559944875E0
2.220244242E1,-3.130727314E0,-4.778674414E0,-1.986420195E0,6.048392172E0
2.221244442E1,-3.198763177E0,-4.900506415E0,-2.451872594E0,6.344976611E0
2.222244642E1,-3.217005905E0,-4.743239118E0,-2.843554766E0,6.397909661E0
2.223244942E1,-3.195397519E0,-4.635724609E0,-3.014420348E0,6.386488706E0
2.224245142E1,-3.010368812E0,-4.481385598E0,-3.182752916E0,6.266981202E0
2.225245342E1,-2.860403518E0,-4.142741180E0,-3.111547278E0,5.918271642E0
2.226245542E1,-2.321544004E0,-3.666248068E0,-2.929676067E0,5.235832629E0
2.227245842E1,-1.941776411E0,-3.374003060E0,-2.859206593E0,4.830057414E0
2.228246042E1,-1.970359355E0,-3.287067243E0,-2.909975628E0,4.811973109E0
2.229246242E1,-2.094709751E0,-3.411103059E0,-2.926058394E0,4.958351616E0
2.230246442E1,-2.192098929E0,-3.676115245E0,-2.799577273E0,5.114367401E0
2.231246642E1,-2.225499686E0,-3.316324956E0,-2.987318503E0,4.987477509E0
2.232246942E1,-1.951555586E0,-2.675390013E0,-3.230837494E0,4.626509682E0
2.233247142E1,-1.629770445E0,-2.145936915E0,-3.919365263E0,4.756324317E0
2.234247342E1,-1.384499629E0,-1.772987468E0,-4.706623269E0,5.216572282E0
2.235247542E1,-1.216138995E0,-1.714303057E0,-5.309734912E0,5.710614140E0
2.236247742E1,-1.069560408E0,-1.698758819E0,-5.436789061E0,5.795551422E0
2.237248042E1,-5.944364217E-1,-1.503708569E0,-4.173465959E0,4.475747115E0
2.238248242E1,3.310167253E-1,-1.246387811E0,-2.032321422E0,2.406945161E0
2.239248442E1,1.706492347E0,-1.043922706E0,5.145479608E-1,2.065587168E0
2.240248642E1,2.853464043E0,-8.825261056E-1,3.094532465E0,4.300841841E0
2.241248842E1,3.357795748E0,-8.725168419E-1,4.583441146E0,5.748392007E0
2.242249142E1,3.386465231E0,-1.171270385E0,4.859579414E0,6.037841763E0
2.243249342E1,3.265926050E0,-1.426707171E0,4.723506519E0,5.917202054E0
2.244249542E1,3.134757800E0,-1.306600099E0,4.763813131E0,5.850455181E0
2.245249742E1,3.017110067E0,-1.162073300E0,4.797339311E0,5.785138890E0
2.246249942E1,2.789791957E0,-6.730776715E-1,4.179025492E0,5.069539109E0
2.247250242E1,2.387032819E0,4.902305603E-2,2.680333834E0,3.589501136E0
2.248250442E1,1.979437450E0,7.752910942E-1,6.134787565E-1,2.212601429E0
2.249250642E1,1.590468970E0,1.359095231E0,-1.493049679E0,2.570200136E0
2.250250842E1,1.330035739E0,1.741613063E0,-3.070662376E0,3.772423433E0
2.251251042E1,1.575111843E0,1.712847100E0,-2.851745546E0,3.680662327E0
2.252251342E1,1.960238702E0,1.864687597E0,-1.182333902E0,2.952542812E0
2.253251542E1,2.217274700E0,1.606906955E0,1.306780193E0,3.034160762E0
2.254251742E1,2.453202835E0,1.240345298E0,3.197397267E0,4.216634902E0
2.255251942E1,2.357865154E0,1.281831001E0,4.352629325E0,5.113511595E0
2.256252142E1,2.135760421E0,1.128126997E0,5.300594544E0,5.824984603E0
2.257252442E1,1.499114411E0,5.570437700E-2,4.765317619E0,4.995868194E0
2.258252642E1,5.986531413E-1,-6.151650935E-2,3.657907015E0,3.707081547E0
2.259252842E1,3.314698845E-1,-1.154123425E-1,2.974380954E0,2.995018256E0
2.260253042E1,1.396116292E-1,-2.897891772E-1,1.861774514E0,1.889357963E0
2.261253242E1,-1.402548230E-1,-5.895630598E-2,4.319911230E-1,4.579995543E-1
2.262253542E1,-4.691472548E-1,2.490609813E-1,-6.119730985E-1,8.103342473E-1
2.263253742E1,-7.951581788E-1,6.099812445E-1,-1.181723453E0,1.549459250E0
2.264253942E1,-9.421525025E-1,8.083249390E-1,-1.467996699E0,1.922512641E0
2.265254142E1,-7.832649422E-1,9.856657273E-1,-1.340436766E0,1.838970261E0
2.266254342E1,-5.757881892E-1,1.227992763E0,-1.091766379E0,1.741106571E0
2.267254642E1,-6.641811329E-1,1.463417160E0,-1.285182332E0,2.057770636E0
2.268254842E1,-1.135034605E0,1.558696662E0,-1.837729594E0,2.663660808E0
2.269255042E1,-1.698302152E0,1.344320779E0,-2.543604882E0,3.340861319E0
2.270255242E1,-2.208134333E0,8.908890858E-1,-3.181039681E0,3.973481351E0
2.271255442E1,-2.678686674E0,5.282281065E-1,-3.926831573E0,4.782718205E0
2.272255742E1,-3.062303197E0,2.072171366E-1,-3.927851327E0,4.984842611E0
2.273255942E1,-2.993581456E0,6.309604695E-1,-4.256078346E0,5.241549764E0
2.274256142E1,-2.504208682E0,1.460752291E0,-3.257055824E0,4.360420968E0
2.275256342E1,-1.769515391E0,2.409017473E0,-3.077655646E0,4.290281364E0
2.276256542E1,-1.189600237E0,3.550274685E0,-3.177847102E0,4.911039734E0
2.277256842E1,-1.012033162E0,3.891577248E0,-3.088712146E0,5.070377433E0
2.278257042E1,-1.174444254E0,3.561983735E0,-2.984748652E0,4.793304909E0
2.279257242E1,-1.832515631E0,2.882001379E0,-2.603231279E0,4.294282079E0
2.280257442E1,-2.285050654E0,2.372668842E0,-1.800017976E0,3.753808551E0
2.281257642E1,-2.340203054E0,2.355054689E0,-8.577192932E-1,3.429069161E0
2.282257942E1,-2.315359989E0,2.706493985E0,-1.842890346E-1,3.566505855E0
2.283258142E1,-1.804959166E0,3.337209456E0,7.463520545E-1,3.866766858E0
2.284258342E1,-8.536484617E-1,3.785380702E0,1.985034404E0,4.358690668E0
2.285258542E1,1.016801566E-2,3.949477547E0,2.986042641E0,4.951255087E0
2.286258742E1,5.993474981E-1,3.834783827E0,3.425564393E0,5.176801699E0
2.287259042E1,9.553558078E-1,3.624214481E0,3.671059742E0,5.246362069E0
2.288259242E1,8.799392974E-1,3.319645297E0,3.851571475E0,5.160323720E0
2.289259442E1,6.289879113E-1,2.495061006E0,4.500046402E0,5.183760492E0
2.290259642E1,5.775759754E-1,2.037404991E0,5.001106591E0,5.430992565E0
2.291259842E1,5.039612845E-1,1.770814642E0,5.365360644E0,5.672464748E0
2.292260142E1,6.859307286E-1,1.405621526E0,4.362638004E0,4.634531604E0
2.293260342E1,4.443191001E-1,1.595413375E0,2.294778959E0,2.829977698E0
2.294260542E1,2.443516338E-1,2.376314873E0,7.791379774E-1,2.512694984E0
2.295260742E1,2.471691146E-1,3.152454398E0,-3.191439539E-1,3.178193538E0
2.296260942E1,7.206076410E-1,3.233849979E0,-1.271599835E-1,3.315604126E0
2.297261242E1,1.405331797E0,2.582964830E0,1.200420510E0,3.176109912E0
2.298261442E1,1.964681416E0,1.620915422E0,2.918917190E0,3.873940814E0
2.299261642E1,2.579534853E0,5.296945882E-1,4.514962065E0,5.226801973E0
2.300261842E1,2.888401448E0,-5.587049639E-1,5.659737546E0,6.378686641E0
2.301262042E1,2.933295201E0,-1.157731158E0,5.705676196E0,6.519148949E0
2.302262342E1,2.312183489E0,-1.468651587E0,4.950049288E0,5.657394977E0
2.303262542E1,1.533294895E0,-1.699296178E0,3.864597318E0,4.491515687E0
2.304262742E1,8.374610299E-1,-1.944970745E0,2.807113749E0,3.516267876E0
2.305262942E1,-5.298162103E-3,-2.024250803E0,1.972344192E0,2.826262726E0
2.306263142E1,-8.957472450E-1,-1.792514829E0,1.246812319E0,2.360087604E0
2.307263442E1,-1.765272359E0,-1.329266538E0,6.351070225E-1,2.299238343E0
2.308263642E1,-2.048034645E0,-2.313199443E-1,-2.970344621E-1,2.082350666E0
2.309263842E1,-1.712644202E0,5.694854754E-1,-1.115876788E-1,1.808290817E0
2.310264042E1,-1.292288746E0,8.382387096E-1,-4.008383274E-1,1.591642454E0
2.311264242E1,-9.056275776E-1,6.875644407E-1,-9.127065092E-1,1.458060130E0
2.312264442E1,-7.128071630E-1,3.487998623E-1,-9.753740430E-1,1.257421934E0
2.313264742E1,-8.137400454E-1,3.026089051E-1,-1.046992494E0,1.360124367E0
2.314264942E1,-1.199447533E0,2.491124368E-1,-9.598549479E-1,1.556294609E0
2.315265142E1,-1.333498752E0,-1.223661438E-1,-5.493424022E-1,1.447400936E0
2.316265342E1,-1.228715917E0,-4.269680724E-1,-3.686874121E-1,1.352026238E0
2.317265542E1,-1.038941025E0,-6.566528428E-1,-3.965078795E-1,1.291437148E0
2.318265842E1,-7.728766327E-1,-7.875608915E-1,-1.345632602E0,1.740206179E0
2.319266042E1,-1.002620606E-1,-4.690946299E-1,-2.534734656E0,2.579725185E0
2.320266221E1,9.650507107E-1,3.018417504E-1,-3.069744948E0,3.231990929E0
2.321266421E1,1.613579505E0,1.069054331E0,-3.679596092E0,4.157636755E0
2.322266621E1,1.591898029E0,9.129453680E-1,-3.498853394E0,3.950896563E0
2.323266921E1,1.227953879E0,-1.981641850E-1,-3.765897487E0,3.965995922E0
2.324267121E1,6.832706109E-1,-1.139990998E0,-4.908957980E0,5.085696280E0
2.325267321E1,1.114962155E-2,-1.626650079E0,-4.430138261E0,4.719347392E0
2.326267521E1,-9.189387275E-2,-1.414369838E0,-5.258206909E0,5.445881601E0
2.327267721E1,3.552444806E-1,-1.911750666E0,-6.712096031E0,6.988077159E0
2.328267921E1,1.605938071E0,-1.480250709E0,-5.371630613E0,5.798671804E0
2.329268221E1,3.050948781E0,-1.301146108E0,-3.499143416E0,4.821335324E0
2.330268421E1,3.367577555E0,-1.718657479E0,-2.649247112E0,4.616586659E0
2.331268621E1,3.264898987E0,-1.838781508E0,-2.707065550E0,4.622649318E0
2.332268821E1,2.994048064E0,-2.755808817E0,-2.036954756E0,4.550603336E0
2.333269021E1,2.984477049E0,-3.667899614E0,6.432872772E-2,4.729136181E0
2.334269321E1,2.978785661E0,-3.768842145E0,2.193335030E0,5.280914095E0
2.335269521E1,2.229345546E0,-4.491211844E0,4.548064907E0,6.769480023E0
2.336269721E1,2.252365888E0,-4.227438099E0,4.823650612E0,6.797940144E0
2.337269921E1,2.592180626E0,-2.877541707E0,4.145739048E0,5.673341073E0
2.338270121E1,1.913329122E0,-1.523462510E0,3.710653578E0,4.444177801E0
2.339270421E1,1.382712574E0,-7.902323382E-1,3.255870593E0,3.624507488E0
2.340270621E1,1.387716913E0,-3.806674799E-1,3.121177642E0,3.436919527E0
2.341270821E1,1.906893238E0,1.900831868E-1,7.873439598E-1,2.071782795E0
2.342271021E1,2.058486397E0,2.569060443E-1,6.277746141E-2,2.075405495E0
2.343271221E1,1.681701760E0,-9.837808773E-2,1.538269706E0,2.281243684E0
2.344271421E1,8.122674242E-1,-8.901410808E-1,3.260085851E0,3.475671053E0
2.345271721E1,-1.625990805E-1,-1.622221397E0,3.745686001E0,4.085119869E0
2.346271921E1,-2.073073299E-1,-1.904018600E0,3.329878217E0,3.841399758E0
2.347272121E1,-3.898733363E-2,-1.870257069E0,3.137088500E0,3.652493091E0
2.348272321E1,1.628303379E-3,-1.861398245E0,2.344274470E0,2.993397546E0
2.349272521E1,7.938106880E-1,-1.667908325E0,5.990525061E-1,1.941885036E0
2.350272821E1,1.791059457E0,-8.707024509E-1,-1.305687933E0,2.381352077E0
2.351273021E1,1.901488218E0,-5.109998703E-2,-2.911736809E0,3.477999410E0
2.352273221E1,2.230967710E0,6.418199185E-1,-3.278395237E0,4.017091617E0
2.353273421E1,2.024721504E0,9.921839109E-1,-2.373426349E0,3.273694963E0
2.354273621E1,2.820644206E-1,2.108213603E-2,-1.900488344E0,1.921421541E0
2.355273821E1,-2.450157021E0,-1.956173717E0,-2.703818007E0,4.140110729E0
2.356274121E1,-2.933594871E0,-2.886751949E0,-3.486448526E0,5.393944661E0
2.357274321E1,-1.792261937E0,-3.169865068E0,-3.579956029E0,5.106499052E0
2.358274521E1,-1.152799323E0,-2.769204203E0,-3.696462386E0,4.760385737E0
2.359274721E1,-1.647645091E0,-2.011020308E0,-4.275296974E0,5.003708749E0
2.360274921E1,-2.047120140E0,-1.482516213E0,-5.240374070E0,5.818081779E0
2.361275221E1,-1.951393911E0,-6.846367398E-1,-5.798701889E0,6.156428287E0
2.362275421E1,-2.129419993E0,2.550771815E-1,-4.545477514E0,5.026018275E0
2.363275621E1,-2.111526636E0,1.183669991E0,-2.502330557E0,3.481562522E0
2.364275821E1,-1.507220114E0,1.970610931E0,-9.761324269E-1,2.666055969E0
2.365276021E1,-7.740061685E-1,2.277798937E0,-2.445030767E-1,2.418105726E0
2.366276221E1,-2.986602804E-1,2.367025694E0,-6.996047348E-1,2.486253282E0
2.367276521E1,-2.413344705E-1,2.475117907E0,-8.375961006E-1,2.624122369E0
2.368276721E1,-4.152008432E-1,2.531918637E0,-8.888446069E-1,2.715335791E0
2.369276921E1,-5.343135962E-1,2.542781010E0,-3.737388217E-1,2.625053712E0
2.370277121E1,-5.986674669E-1,2.504474730E0,4.411531252E-1,2.612549041E0
2.371277321E1,-5.892063797E-1,2.278561999E0,1.762636726E0,2.940390649E0
2.372277621E1,-6.135965779E-1,1.931642016E0,3.539888569E0,4.079038210E0
2.373277821E1,-7.340559447E-1,1.534874959E0,4.261662437E0,4.588730325E0
2.374278021E1,-7.625915265E-1,1.005817279E0,3.870320572E0,4.070945292E0
2.375278221E1,-7.708135888E-1,8.155040042E-1,3.458133969E0,3.635641747E0
2.376278421E1,-5.402301013E-1,1.056945625E0,3.131686258E0,3.349095614E0
2.377278621E1,-1.464879549E-1,1.531770088E0,2.798210194E0,3.193392962E0
2.378278921E1,2.194391330E-1,2.039506773E0,2.140867379E0,2.964971256E0
2.379279121E1,1.238552834E-1,2.194493071E0,1.581472444E0,2.707802626E0
2.380279321E1,3.730465114E-1,2.084403449E0,2.294754986E0,3.122467275E0
2.381279521E1,8.975459947E-1,1.461008692E0,4.225029046E0,4.559715523E0
2.382279721E1,9.103247921E-1,3.746544957E-1,5.544300646E0,5.631014728E0
2.383280021E1,5.190975331E-1,-1.384509569E-1,7.036337587E0,7.056817807E0
2.384280221E1,5.478702195E-1,3.209808567E-1,7.447498004E0,7.474517845E0
2.385280421E1,8.437476638E-1,1.522404748E0,5.553608243E0,5.819982033E0
2.386280621E1,6.234392691E-1,2.880832812E0,3.235077310E0,4.376482539E0
2.387280821E1,1.920162032E-1,3.744927033E0,8.059322584E-1,3.835475917E0
2.388281021E1,-5.107295462E-1,3.944704757E0,-1.499557046E0,4.250907153E0
2.389281321E1,-1.294436867E0,3.305026673E0,-1.834847501E0,3.995676847E0
2.390281521E1,-1.821381509E0,1.996512196E0,2.191413635E-1,2.711367642E0
2.391281721E1,-1.666444474E0,5.759042564E-1,2.078828421E0,2.725844915E0
2.392281921E1,-1.347352268E0,-6.337408206E-1,3.689259785E0,3.978394566E0
2.393282121E1,-7.769413977E-1,-1.423512837E0,4.308506820E0,4.603613554E0
2.394282321E1,1.884190327E-1,-1.994065721E0,3.273664840E0,3.837796414E0
2.395282621E1,1.064618926E0,-2.379559785E0,1.783504854E0,3.158576862E0
2.396282821E1,1.705124390E0,-2.481648662E0,6.433147591E-1,3.078941888E0
2.397283021E1,2.103963409E0,-2.418241748E0,-1.654352725E-1,3.209661042E0
2.398283221E1,2.153714297E0,-2.282209200E0,-6.660697836E-1,3.207898543E0
2.399283421E1,1.984967454E0,-2.084516885E0,-9.841401887E-1,3.042012220E0
2.400283721E1,1.669609864E0,-1.872609112E0,-1.313247798E0,2.831763013E0
2.401283921E1,1.027366607E0,-1.719364699E0,-9.897418213E-1,2.234118616E0
2.402284121E1,-4.555195878E-1,-1.582217379E0,-8.101451772E-1,1.835005487E0
2.403284321E1,-4.233323468E-1,-1.558268061E0,-1.591858268E0,2.267470479E0
2.404284521E1,6.724305309E-2,-1.604668348E0,-1.815687929E0,2.424088446E0
2.405284721E1,-4.114453959E-1,-1.763799738E0,-1.922332372E0,2.641143422E0
2.406285021E1,-7.744900987E-1,-2.011658824E0,-2.083814927E0,2.998147892E0
2.407285221E1,-6.902532828E-1,-2.230361646E0,-2.084949287E0,3.130171911E0
2.408285421E1,-5.697588328E-1,-2.151047966E0,-2.355830907E0,3.240612866E0
2.409285621E1,-3.269088736E-1,-1.853185831E0,-3.103743584E0,3.629654442E0
2.410285821E1,-1.748810839E-2,-1.454300766E0,-3.716339995E0,3.990799358E0
2.411286021E1,1.462969519E-1,-1.113079188E0,-3.966644095E0,4.122452359E0
2.412286321E1,2.543060616E-1,-9.106658310E-1,-3.561041456E0,3.684426696E0
2.413286521E1,4.602487062E-1,-8.843463439E-1,-2.918164068E0,3.083760506E0
2.414286721E1,6.029296121E-1,-9.741396958E-1,-2.300503383E0,2.569978226E0
2.415286921E1,6.579450043E-1,-9.344651681E-1,-1.965189539E0,2.273342628E0
2.416287121E1,6.014629111E-1,-9.037298638E-1,-2.270615340E0,2.516779554E0
2.417287321E1,1.554964859E-1,-8.368260223E-1,-2.772930926E0,2.900621118E0
2.418287621E1,-4.123661496E-1,-7.511894560E-1,-2.195969785E0,2.357247280E0
2.419287821E1,-7.378609472E-1,-6.640402150E-1,-1.480804440E0,1.782742263E0
2.420287979E1,-5.344959197E-1,-4.033333343E-1,-1.102898308E0,1.290251272E0
2.421288179E1,-3.225811117E-2,-2.848178744E-2,-7.795659935E-1,7.807528010E-1
2.422288379E1,3.032234658E-1,5.269481510E-1,-1.018804237E0,1.186415146E0
2.423288579E1,4.085985693E-1,1.018605432E0,-1.246193683E0,1.660574754E0
2.424288879E1,4.676975473E-1,1.264870859E0,-8.824144238E-1,1.611612392E0
2.425289079E1,5.807442892E-1,1.058094603E0,-1.762713325E-1,1.219794942E0
2.426289279E1,7.103831267E-1,6.281254470E-1,6.575293404E-1,1.153919667E0
2.427289479E1,7.120188852E-1,1.240785009E-1,1.362154495E0,1.542021801E0
2.428289679E1,7.124589613E-1,-2.085321754E-1,2.368541000E0,2.482150259E0
2.429289979E1,5.534653471E-1,-1.969663829E-1,3.622855881E0,3.670177704E0
2.430290179E1,1.884503518E-1,1.164420372E-1,5.085013551E0,5.089836450E0
2.431290379E1,-9.293866055E-3,6.560909253E-1,5.630894986E0,5.668996386E0
2.432290579E1,1.580027487E-1,7.725791556E-1,4.750250514E0,4.815259429E0
2.433290779E1,5.424819006E-1,6.895434308E-1,2.962160858E0,3.089361375E0
2.434290979E1,6.583587679E-1,9.785455728E-1,1.148904786E0,1.646502327E0
2.435291279E1,4.124087247E-1,1.390753226E0,-2.766575003E-1,1.476758228E0
2.436291479E1,-8.793479612E-2,1.435394379E0,-1.180352281E0,1.860462592E0
2.437291679E1,-7.540664323E-1,1.019963740E0,-7.086515468E-1,1.452972550E0
2.438291879E1,-1.243420933E0,2.512776607E-1,7.818727201E-1,1.490154700E0
2.439292079E1,-1.205221366E0,-7.169955236E-1,2.176005052E0,2.588752423E0
2.440292279E1,-9.015835702E-1,-1.511381285E0,2.903054863E0,3.394827516E0
2.441292579E1,-5.141847390E-1,-1.838894359E0,2.921998672E0,3.490557928E0
2.442292779E1,-1.929919573E-1,-1.696987697E0,2.686799101E0,3.183693225E0
2.443292979E1,1.733092427E-1,-1.371074422E0,2.184685829E0,2.585098322E0
2.444293179E1,5.325278565E-1,-1.148359825E0,1.277143580E0,1.798169049E0
2.445293379E1,8.220816833E-1,-1.181743626E0,4.151493877E-1,1.498227388E0
2.446293579E1,9.511155532E-1,-1.457720802E0,-4.448778015E-1,1.796520802E0
2.447293879E1,8.967995245E-1,-1.625689089E0,-1.531781636E0,2.406962688E0
2.448294079E1,7.554137038E-1,-1.629848213E0,-2.402816793E0,3.000097266E0
2.449294279E1,7.715002712E-1,-1.394142857E0,-2.689173070E0,3.125779707E0
2.450294479E1,9.602287312E-1,-1.081755653E0,-2.585633499E0,2.962724270E0
2.451294679E1,1.123906258E0,-8.431714207E-1,-2.265091476E0,2.665472325E0
2.452294879E1,1.200660538E0,-7.238706797E-1,-1.772536647E0,2.259969171E0
2.453295179E1,1.210771470E0,-9.148071215E-1,-1.581806905E0,2.192020234E0
2.454295379E1,7.946094176E-1,-1.151239286E0,-1.914029911E0,2.370710130E0
2.455295579E1,3.161977247E-1,-1.190161862E0,-2.318130400E0,2.624918057E0
2.456295779E1,5.875784417E-1,-1.104589615E0,-3.082283717E0,3.326535669E0
2.457295979E1,5.573478252E-1,-9.643994039E-1,-3.908219885E0,4.063851065E0
2.458296179E1,4.789380885E-1,-8.632270780E-1,-4.366771401E0,4.476967182E0
2.459296479E1,4.047917761E-1,-5.946884367E-1,-4.963537645E0,5.015397958E0
2.460296679E1,-1.983286745E-1,-1.919863093E-1,-5.228535798E0,5.235816994E0
2.461296879E1,-1.057123965E0,2.154646343E-1,-4.695550396E0,4.817896804E0
2.462297079E1,-1.688789170E0,4.518617159E-1,-3.979200990E0,4.346289037E0
2.463297279E1,-1.901234156E0,6.519978744E-1,-2.817885489E0,3.461252833E0
2.464297479E1,-1.730836352E0,9.486189383E-1,-1.631121737E0,2.560513715E0
2.465297779E1,-1.192066008E0,1.636731263E0,-5.224498880E-1,2.091139517E0
2.466297979E1,-6.329736659E-1,2.453620911E0,-2.537036705E-1,2.546620661E0
2.467298179E1,-7.429266094E-1,3.124190127E0,-1.261250263E-1,3.213784595E0
2.468298379E1,-8.736971755E-1,3.351475200E0,5.475742042E-1,3.506503997E0
2.469298579E1,-6.002338629E-1,3.212614061E0,1.207733037E0,3.484219982E0
2.470298779E1,-3.378924296E-1,2.867071683E0,1.921993818E0,3.468188514E0
2.471298979E1,-1.971722049E-1,2.458347216E0,2.693858444E0,3.652289861E0
2.472299279E1,-2.877703163E-1,2.207077741E0,3.273676534E0,3.958656585E0
2.473299479E1,-4.257224327E-1,2.100359039E0,3.753175115E0,4.321929098E0
2.474299679E1,-3.845657090E-1,1.885726171E0,4.562054370E0,4.951383044E0
2.475299879E1,-5.364739962E-1,1.275015632E0,5.409037591E0,5.583113546E0
2.476300079E1,-9.887502066E-1,7.198491110E-1,6.052547062E0,6.174879404E0
2.477300279E1,-1.464748279E0,2.800187722E-1,6.961309624E0,7.119250643E0
2.478300579E1,-1.496253076E0,-2.436613700E-1,6.863924248E0,7.029338533E0
2.479300779E1,-1.101254948E0,-7.179763940E-1,5.566197883E0,5.719336626E0
2.480300979E1,-6.695110162E-1,-1.068569305E0,3.976746329E0,4.171881677E0
2.481301179E1,-4.663769171E-1,-1.090640205E0,2.599143491E0,2.857017741E0
2.482301379E1,-5.746299288E-1,-6.515523165E-1,1.829596701E0,2.025375043E0
2.483301579E1,-7.619194622E-1,-2.255537125E-1,1.754471675E0,1.926023520E0
2.484301879E1,-9.272553319E-1,-1.922047028E-1,2.384678146E0,2.565820523E0
2.485302079E1,-8.767531496E-1,-5.449321398E-1,3.410056992E0,3.562883076E0
2.486302279E1,-5.750314133E-1,-1.136424488E0,4.056559653E0,4.251799380E0
2.487302479E1,-3.623450470E-1,-1.679443712E0,3.918574135E0,4.278673669E0
2.488302679E1,-2.832577277E-1,-2.025399781E0,3.214500373E0,3.809920191E0
2.489302879E1,-4.969922439E-1,-2.439983743E0,2.231755330E0,3.343838185E0
2.490303179E1,-7.536100571E-1,-2.256957414E0,1.289621539E0,2.706456835E0
2.491303379E1,-1.000083499E0,-1.553808682E0,3.960874647E-1,1.889807849E0
2.492303579E1,-1.082884093E0,-7.543878829E-1,-6.627988511E-1,1.476834911E0
2.493303779E1,-6.591435374E-1,-1.308881682E-1,-1.990816716E0,2.101178981E0
2.494303979E1,-2.523508075E-1,1.617503572E-1,-3.139764771E0,3.154039779E0
2.495304179E1,-1.941460149E-1,1.304180521E-1,-3.692450611E0,3.699850410E0
2.496304379E1,-1.327588752E-1,-1.578748226E-4,-4.044676942E0,4.046855138E0
2.497304679E1,-1.002343229E-1,-3.405576271E-1,-4.356973806E0,4.371412491E0
2.498304879E1,-3.132053390E-1,-8.682062745E-1,-4.426035270E0,4.521246281E0
2.499305079E1,-1.054673616E0,-1.417237020E0,-4.060802978E0,4.428432909E0
2.500305279E1,-2.150747712E0,-1.723358055E0,-3.059735684E0,4.117968087E0
2.501305479E1,-3.098902674E0,-1.619565300E0,-1.536676925E0,3.819367161E0
2.502305679E1,-3.675994500E0,-1.131864830E0,-3.699808162E-1,3.864057370E0
2.503305979E1,-3.684654811E0,-5.561251724E-1,9.204394519E-2,3.727523088E0
2.504306179E1,-3.045986542E0,-1.275219262E-2,2.135461628E-1,3.053489576E0
2.505306379E1,-1.967911564E0,4.443375188E-1,9.005121410E-2,2.019460566E0
2.506306579E1,-9.962195130E-1,6.639799887E-1,-3.872745413E-1,1.258294208E0
2.507306779E1,-7.518870288E-1,6.715989107E-1,-9.293038309E-1,1.371125381E0
2.508306979E1,-8.610378805E-1,5.334192646E-1,-7.572085798E-1,1.264629265E0
2.509307279E1,-6.569057348E-1,1.363728565E-1,-5.945916653E-2,6.735414560E-1
2.510307479E1,-1.236490411E-1,-2.832274318E-1,4.906422043E-1,5.798591520E-1
2.511307679E1,4.646644139E-1,-6.333008176E-1,9.447053969E-1,1.228597261E0
2.512307879E1,8.750523408E-1,-7.704876065E-1,9.786174935E-1,1.522189196E0
2.513308079E1,1.035992274E0,-7.486774921E-1,4.657745808E-1,1.360420501E0
2.514308279E1,8.763300305E-1,-6.493555176E-1,-3.785639441E-1,1.154524824E0
2.515308479E1,8.223626420E-1,-4.877045631E-1,-1.018401364E0,1.396881310E0
2.516308779E1,8.774979387E-1,-3.356874812E-1,-1.508568190E0,1.777207557E0
2.517308979E1,1.285444288E0,-7.688913167E-2,-1.460624530E0,1.947229563E0
2.518309179E1,2.091160930E0,2.020090216E-1,-7.947383487E-1,2.246190269E0
2.519309379E1,2.811770471E0,3.046902215E-1,4.693852365E-2,2.828620254E0
2.520309958E1,3.324151454E0,2.025884807E-1,1.073492661E0,3.499058655E0
2.521310158E1,3.607161954E0,-1.777313823E-1,2.033950456E0,4.144895688E0
2.522310458E1,3.535597882E0,-6.228547668E-1,3.165298392E0,4.786179515E0
2.523310658E1,3.061342499E0,-7.119786125E-1,4.079792980E0,5.150091475E0
2.524310858E1,2.178422584E0,-2.933998328E-1,4.132737179E0,4.680932066E0
2.525311058E1,1.449521252E0,4.931296098E-1,3.574062036E0,3.888214000E0
2.526311258E1,1.529071451E0,8.971868294E-1,2.557901325E0,3.112211898E0
2.527311458E1,1.998884558E0,6.741377717E-1,7.713635194E-1,2.246108388E0
2.528311658E1,2.229956142E0,5.460422337E-1,-9.840840554E-1,2.497856670E0
2.529311958E1,1.813187660E0,8.861876321E-1,-2.150712921E0,2.949329429E0
2.530312158E1,1.123421889E0,1.428264869E0,-2.765514318E0,3.309091525E0
2.531312358E1,6.390019991E-1,1.755342325E0,-2.676772295E0,3.264147692E0
2.532312558E1,4.382352184E-1,1.498353689E0,-1.806701928E0,2.387736531E0
2.533312758E1,2.195550540E-1,7.967819506E-1,-6.758322948E-1,1.067621276E0
2.534312958E1,-2.719846979E-2,3.001960516E-3,2.948095965E-1,2.960767920E-1
2.535313258E1,2.748995349E-2,-6.625871819E-1,1.077259437E0,1.265015955E0
2.536313458E1,4.344814521E-1,-1.099008740E0,1.909953817E0,2.246000428E0
2.537313658E1,9.092752900E-1,-1.187899867E0,2.488633454E0,2.903650136E0
2.538313858E1,1.157437481E0,-1.100580472E0,2.513719178E0,2.978208019E0
2.539314058E1,1.354913887E0,-1.068442420E0,1.988943853E0,2.633108144E0
2.540314258E1,1.681477519E0,-1.285798629E0,1.507537910E0,2.598714165E0
2.541314458E1,2.277889277E0,-1.419501062E0,1.591136722E0,3.120172894E0
2.542314758E1,2.486234341E0,-1.051815278E0,2.255320194E0,3.517690401E0
2.543314958E1,2.570636560E0,-4.841333762E-1,1.793423486E0,3.171580876E0
2.544315158E1,2.595153351E0,-8.564036697E-2,-4.522119641E-2,2.596959789E0
2.545315358E1,2.727401289E0,1.403016007E-1,-2.233721164E0,3.528159941E0
2.546315558E1,2.258248333E0,3.161963725E-1,-3.212231069E0,3.939301222E0
2.547315758E1,2.159740730E0,1.622090712E-1,-3.501967621E0,4.117592624E0
2.548316058E1,2.363753007E0,-4.470459491E-2,-3.121897434E0,3.916065675E0
2.549316258E1,2.539587260E0,-2.645388535E-1,-2.709191013E0,3.722794677E0
2.550316458E1,2.592650743E0,-5.829007423E-1,-2.505127864E0,3.652023653E0
2.551316658E1,2.594932911E0,-8.644368669E-1,-2.566961585E0,3.751029151E0
2.552316858E1,2.562991326E0,-9.391417712E-1,-2.938456830E0,4.010665823E0
2.553317058E1,2.518582892E0,-9.008565420E-1,-3.504279610E0,4.408489297E0
2.554317258E1,2.430582297E0,-7.779533315E-1,-4.119343547E0,4.845816024E0
2.555317558E1,2.371099449E0,-5.865523285E-1,-4.545858752E0,5.160522069E0
2.556317758E1,2.271338933E0,-5.198250729E-1,-4.802985383E0,5.338339371E0
2.557317958E1,1.991794955E0,-5.826159829E-1,-4.775751976E0,5.207158098E0
2.558318158E1,1.121639219E0,-5.503311664E-1,-4.079733923E0,4.266751436E0
2.559318358E1,2.585536435E-1,-4.065615821E-1,-3.098393966E0,3.135631910E0
2.560318558E1,-7.884312496E-2,-3.556481212E-1,-2.821232436E0,2.844653631E0
2.561318758E1,-1.940647021E-1,-2.520114863E-1,-2.772501156E0,2.790686933E0
2.562319058E1,-3.950772120E-1,-6.154545307E-2,-2.088154145E0,2.126090680E0
2.563319258E1,-9.097198977E-1,1.324458665E-1,-9.852581763E-1,1.347540676E0
2.564319458E1,-1.534347686E0,1.863004768E-1,-1.093125272E-1,1.549477305E0
2.565319658E1,-2.048010379E0,1.561633426E-1,3.708163834E-1,2.087160342E0
2.566319858E1,-2.566346458E0,4.533404768E-2,6.672310406E-1,2.652053276E0
2.567320058E1,-3.027597633E0,-1.308864141E-1,9.636959839E-1,3.179966766E0
2.568320258E1,-3.318510645E0,-1.193685687E-1,9.524588048E-1,3.454553449E0
2.569320558E1,-3.455495120E0,7.753115594E-2,7.741497177E-1,3.542000196E0
2.570320758E1,-3.323583397E0,3.422743696E-1,9.944242716E-1,3.486006020E0
2.571320958E1,-3.081737295E0,6.147668982E-1,2.071471455E0,3.763779627E0
2.572321158E1,-2.922841256E0,1.010806416E0,3.896606730E0,4.974763776E0
2.573321358E1,-2.957082551E0,1.244395664E0,5.126507147E0,6.047638656E0
2.574321558E1,-2.982352463E0,1.195116500E0,5.046204996E0,5.982216522E0
2.575321858E1,-2.806526104E0,1.081470602E0,4.656773416E0,5.543618501E0
2.576322058E1,-2.385859137E0,1.139732843E0,4.112892898E0,4.889499235E0
2.577322258E1,-2.312325722E0,1.412170992E0,3.267104264E0,4.244413673E0
2.578322458E1,-2.657556006E0,1.674735534E0,2.412222040E0,3.960575488E0
2.579322658E1,-3.025686471E0,1.692088900E0,2.047972080E0,4.026429324E0
2.580322858E1,-3.072234108E0,1.430655211E0,2.629622687E0,4.289558511E0
2.581323058E1,-2.657028879E0,8.170448917E-1,3.973392366E0,4.849248572E0
2.582323358E1,-2.048783965E0,2.257025242E-3,5.242340489E0,5.628468232E0
2.583323558E1,-1.569623208E0,-7.025692731E-1,5.884891602E0,6.131008870E0
2.584323758E1,-1.544397150E0,-1.226743505E0,5.686811909E0,6.019127169E0
2.585323958E1,-1.858492472E0,-1.462372847E0,4.853801195E0,5.399251305E0
2.586324158E1,-2.076346132E0,-1.394156306E0,3.493206153E0,4.296204638E0
2.587324358E1,-1.930475789E0,-1.196384761E0,1.910774181E0,2.968018066E0
2.588324558E1,-1.431277647E0,-1.059876834E0,5.482279229E-1,1.863450687E0
2.589324858E1,-7.986955981E-1,-8.962781721E-1,-5.800899857E-1,1.333316771E0
2.590325058E1,-2.003193225E-1,-6.920922321E-1,-1.503870537E0,1.667556920E0
2.591325258E1,3.111986111E-1,-4.457513756E-1,-2.097129622E0,2.166446748E0
2.592325458E1,5.097111440E-1,-2.740853101E-1,-2.353882030E0,2.423982017E0
2.593325658E1,3.989548662E-1,-2.173316503E-1,-2.054602822E0,2.104231638E0
2.594325858E1,3.030001204E-1,-5.132381845E-1,-1.135352694E0,1.282282436E0
2.595326058E1,3.441133920E-1,-1.029577147E0,-8.068163574E-2,1.088555306E0
2.596326358E1,4.433879310E-1,-1.302856711E0,7.148688912E-1,1.550827521E0
2.597326558E1,6.781483769E-1,-1.326423914E0,9.653273571E-1,1.775145776E0
2.598326758E1,1.025691088E0,-1.188623752E0,6.245340872E-1,1.689648324E0
2.599326958E1,1.420688924E0,-9.895687437E-1,-2.882560372E-1,1.755190833E0
2.600327158E1,1.709592102E0,-6.942761672E-1,-1.448967521E0,2.346109850E0
2.601327358E1,1.902475520E0,-3.574829775E-1,-2.469163980E0,3.137511425E0
2.602327558E1,1.954781788E0,-1.968085080E-1,-3.188675560E0,3.745338070E0
2.603327858E1,1.828027016E0,-9.025060415E-2,-3.790771542E0,4.209486528E0
2.604328058E1,1.541857412E0,-9.885419726E-2,-4.189174504E0,4.465006098E0
2.605328258E1,1.412256362E0,-3.420837504E-1,-4.075475981E0,4.326776374E0
2.606328458E1,1.444817898E0,-5.649199694E-1,-3.678531899E0,3.992271316E0
2.607328658E1,1.363077770E0,-5.915885353E-1,-3.613752351E0,3.907321852E0
2.608328858E1,1.280341861E0,-3.908185387E-1,-3.820190054E0,4.047945955E0
2.609329058E1,1.327240185E0,-6.437667489E-2,-3.677006945E0,3.909743078E0
2.610329358E1,1.371307141E0,4.180700719E-1,-3.292474748E0,3.591052189E0
2.611329558E1,1.123076611E0,9.071300197E-1,-3.204788148E0,3.514947086E0
2.612329758E1,9.744373190E-1,1.219191826E0,-3.202070947E0,3.562192463E0
2.613329958E1,1.018979800E0,1.302772511E0,-2.793678601E0,3.246563749E0
2.614330158E1,1.134972990E0,1.242767799E0,-2.128598167E0,2.713589071E0
2.615330358E1,1.518419871E0,1.036417805E0,-1.657544135E0,2.475320854E0
2.616330558E1,1.901643754E0,6.872840667E-1,-8.131734502E-1,2.179417219E0
2.617330858E1,1.904812360E0,3.848122787E-1,2.945628440E-1,1.965491767E0
2.618331058E1,1.583343845E0,2.885191619E-1,1.541245939E0,2.228376109E0
2.619331258E1,1.303681315E0,3.040125293E-1,2.944988170E0,3.234959646E0
2.620331129E1,1.249517241E0,1.890363890E-1,4.327382802E0,4.508133761E0
2.621331329E1,1.082578795E0,5.416568220E-2,5.565540072E0,5.670109969E0
2.622331529E1,6.505473264E-1,2.119545507E-1,6.472248507E0,6.508312938E0
2.623331729E1,3.003319628E-1,4.702722591E-1,6.350491351E0,6.374958485E0
2.624332029E1,2.057315053E-1,3.679109019E-1,4.717259939E0,4.736055871E0
2.625332229E1,2.247253814E-1,2.988962156E-1,2.562517117E0,2.589659132E0
2.626332429E1,4.953768410E-2,4.451771790E-1,9.450708479E-1,1.045846839E0
2.627332629E1,-4.879749238E-1,6.288721365E-1,4.151406169E-2,7.970715825E-1
2.628332829E1,-1.032547387E0,8.118128031E-1,1.083337033E-1,1.317926525E0
2.629333029E1,-1.274395097E0,8.620924258E-1,1.070117648E0,1.874149939E0
2.630333229E1,-1.271088789E0,5.481992716E-1,2.129826667E0,2.540147787E0
2.631333529E1,-1.199727761E0,-8.373212814E-2,2.970772052E0,3.204971818E0
2.632333729E1,-1.364191080E0,-8.509447092E-1,3.717373198E0,4.050183662E0
2.633333929E1,-1.607436420E0,-1.589321746E0,4.293241494E0,4.851980831E0
2.634334129E1,-1.796758884E0,-2.131500140E0,4.280257752E0,5.108056554E0
2.635334329E1,-1.624519938E0,-2.402299315E0,3.603321503E0,4.625368405E0
2.636334529E1,-1.054075081E0,-2.408145069E0,2.347118556E0,3.524088884E0
2.637334729E1,-3.649545497E-1,-2.122860294E0,9.337933230E-1,2.347700496E0
2.638334929E1,3.688976195E-1,-1.529158575E0,-1.920757717E-1,1.584709596E0
2.639335229E1,1.212202357E0,-8.160622671E-1,-1.146250150E0,1.857224161E0
2.640335429E1,2.043706974E0,-1.694862235E-1,-1.991485637E0,2.858579861E0
2.641335629E1,2.704175856E0,3.694741550E-1,-2.612117878E0,3.777861567E0
2.642335829E1,3.115557883E0,8.203336582E-1,-2.981514557E0,4.389655714E0
2.643336029E1,3.252638837E0,1.252476224E0,-3.057615484E0,4.636525482E0
2.644336229E1,3.101493867E0,1.599986775E0,-3.170315303E0,4.714882927E0
2.645336429E1,2.988696107E0,1.657162312E0,-3.357287625E0,4.790602420E0
2.646336729E1,2.756621872E0,1.534574558E0,-2.968040818E0,4.331645128E0
2.647336929E1,2.442940972E0,1.275790242E0,-2.486703288E0,3.712047222E0
2.648337129E1,2.298181308E0,7.793768361E-1,-2.395713596E0,3.410060001E0
2.649337329E1,2.268266222E0,1.737424117E-1,-2.627562128E0,3.475528854E0
2.650337529E1,2.180963784E0,-2.716101837E-1,-3.076648756E0,3.781024026E0
2.651337729E1,1.924851645E0,-2.768180063E-1,-3.498650495E0,4.002778704E0
2.652337929E1,1.580557939E0,-5.761904776E-2,-4.020780541E0,4.320666559E0
2.653338229E1,1.301564330E0,2.074925405E-1,-4.469927979E0,4.660190876E0
2.654338429E1,1.176785333E0,6.732878789E-1,-4.361649240E0,4.567507458E0
2.655338629E1,9.467878097E-1,9.158473411E-1,-3.827818331E0,4.048132493E0
2.656338829E1,7.330315125E-1,1.077603838E0,-3.244559155E0,3.496531043E0
2.657339029E1,5.676676492E-1,1.260083159E0,-2.705295598E0,3.037874323E0
2.658339229E1,2.227890759E-1,1.287033561E0,-2.289493076E0,2.635881049E0
2.659339429E1,-3.802141745E-1,1.281465257E0,-1.888539559E0,2.313719449E0
2.660339629E1,-1.210354052E0,1.136160779E0,-1.180894318E0,2.037235783E0
2.661339929E1,-2.118088381E0,9.848710907E-1,2.392820978E-1,2.348089730E0
2.662340129E1,-2.749295311E0,7.467984894E-1,1.659890622E0,3.297206328E0
2.663340329E1,-2.951210485E0,3.501280573E-1,1.982918297E0,3.572701772E0
2.664340529E1,-3.040149558E0,5.951529980E-2,1.619439000E0,3.445088400E0
2.665340729E1,-3.145826579E0,-2.992429554E-2,1.253639528E0,3.386551697E0
2.666340929E1,-3.130965881E0,1.291261098E-1,1.063006264E0,3.309018467E0
2.667341129E1,-3.288080565E0,3.666189596E-1,9.003460801E-1,3.428776215E0
2.668341429E1,-3.347975057E0,2.675911000E-1,7.687983459E-1,3.445517795E0
2.669341629E1,-3.237240195E0,-1.073794377E-1,1.209080821E0,3.457330018E0
2.670341829E1,-3.382100869E0,-4.451596373E-1,2.352751763E0,4.143937048E0
2.671342029E1,-3.906021625E0,-5.376283827E-1,3.788979371E0,5.468309966E0
2.672342229E1,-4.101107543E0,-5.014776796E-1,5.094332843E0,6.559176019E0
2.673342429E1,-3.580479940E0,-5.063109881E-1,5.739782420E0,6.783899295E0
2.674342629E1,-2.645259896E0,-5.538342333E-1,5.537675750E0,6.161978983E0
2.675342829E1,-1.789053131E0,-5.469479674E-1,4.863271345E0,5.210688185E0
2.676343129E1,-1.265034874E0,-4.031190339E-1,4.211247743E0,4.415588946E0
2.677343329E1,-1.059790588E0,-3.530674526E-1,3.855863916E0,4.014411446E0
2.678343529E1,-9.906541331E-1,-4.316813667E-1,3.879109522E0,4.026814510E0
2.679343729E1,-1.311589235E0,-5.838323499E-1,3.907389581E0,4.162789914E0
2.680343929E1,-1.634052069E0,-9.075467800E-1,3.802375342E0,4.236959471E0
2.681344129E1,-1.485933472E0,-1.374277088E0,3.614234746E0,4.142381996E0
2.682344329E1,-1.149047750E0,-1.627533008E0,3.166372526E0,3.741001122E0
2.683344529E1,-1.045812526E0,-1.485234291E0,2.297046509E0,2.928492343E0
2.684344829E1,-1.045032800E0,-1.081033230E0,1.398069847E0,2.053125835E0
2.685345029E1,-9.307149102E-1,-6.536608225E-1,5.231948233E-1,1.251892782E0
2.686345229E1,-7.899075253E-1,-2.476485863E-1,-3.002410752E-1,8.805841380E-1
2.687345429E1,-5.039434505E-1,1.469773668E-1,-8.630466914E-1,1.010153919E0
2.688345629E1,1.299470589E-2,4.293937898E-1,-1.090793987E0,1.172339290E0
2.689345829E1,5.245290117E-1,5.319736867E-1,-1.191456143E0,1.406305240E0
2.690346029E1,8.044672385E-1,4.464189814E-1,-1.490481582E0,1.751568666E0
2.691346329E1,7.401426038E-1,2.268345451E-1,-1.924278325E0,2.074153335E0
2.692346529E1,4.787499909E-1,-7.808707997E-2,-2.118928626E0,2.173742779E0
2.693346729E1,1.908839630E-1,-4.893707272E-1,-1.974922230E0,2.043584647E0
2.694346929E1,-4.362666070E-2,-8.466415970E-1,-1.583295606E0,1.795976129E0
2.695347129E1,-8.629277006E-2,-1.163301946E0,-1.089707574E0,1.596302120E0
2.696347329E1,7.945518225E-2,-1.435929691E0,-6.482381147E-1,1.577472617E0
2.697347529E1,2.265312208E-1,-1.585562864E0,-5.407405633E-1,1.690481099E0
2.698347729E1,3.524064249E-1,-1.624790372E0,-6.652377248E-1,1.790719205E0
2.699348029E1,5.829457659E-1,-1.622183391E0,-1.052601728E0,2.019721544E0
2.700348229E1,8.555514380E-1,-1.665582887E0,-1.742815835E0,2.558034724E0
2.701348429E1,1.078740975E0,-1.586113087E0,-2.532212752E0,3.176718155E0
2.702348629E1,1.107866395E0,-1.342499956E0,-3.138997031E0,3.589286342E0
2.703348829E1,9.528257176E-1,-1.129099097E0,-3.428262883E0,3.733058801E0
2.704349029E1,9.928094168E-1,-1.192907130E0,-3.186714989E0,3.544552211E0
2.705349229E1,1.171726907E0,-1.548690906E0,-2.619164942E0,3.260584681E0
2.706349429E1,1.222500181E0,-1.926887938E0,-2.148608508E0,3.134313695E0
2.707349729E1,1.190291963E0,-1.919316671E0,-1.699642333E0,2.826544799E0
2.708349929E1,1.051315487E0,-1.615634217E0,-1.391090026E0,2.377113720E0
2.709350129E1,8.759624599E-1,-1.166884389E0,-1.445275589E0,2.053716372E0
2.710350329E1,6.159005271E-1,-5.252205911E-1,-1.445857971E0,1.657014002E0
2.711350529E1,5.774417818E-1,1.904300728E-1,-1.001682420E0,1.171780822E0
2.712350729E1,7.394353831E-1,7.334367245E-1,-6.220455122E-1,1.213109531E0
2.713350929E1,1.477808035E0,1.228249163E0,-3.588939106E-1,1.954819028E0
2.714351129E1,1.946250992E0,1.819234850E0,-1.148334682E-2,2.664139680E0
2.715351429E1,2.003758066E0,2.335430264E0,7.645936131E-1,3.170786070E0
2.716351629E1,2.263802750E0,2.475640356E0,2.377873741E0,4.111919453E0
2.717351829E1,2.479568515E0,2.080936050E0,4.188318472E0,5.293445616E0
2.718352029E1,2.102024618E0,1.291423066E0,6.111448404E0,6.590605634E0
2.719352229E1,1.273963572E0,1.129682064E-2,7.113156552E0,7.226348105E0
2.720352392E1,7.657408369E-1,-1.423007930E0,7.098359588E0,7.279973863E0
2.721352592E1,1.077625765E0,-2.800616323E0,6.413157715E0,7.080488751E0
2.722352792E1,1.613013202E0,-3.828025030E0,4.721467010E0,6.288707177E0
2.723353092E1,1.680120234E0,-4.077858721E0,2.222701501E0,4.938839713E0
2.724353292E1,1.316226954E0,-3.522312715E0,2.084298491E-2,3.760262583E0
2.725353492E1,7.578345242E-1,-2.490006965E0,-1.341272333E0,2.928047015E0
2.726353692E1,2.688456202E-1,-1.559352427E0,-1.652426067E0,2.287874530E0
2.727353892E1,-1.485008588E-1,-8.930712667E-1,-1.198627169E0,1.502110476E0
2.728354092E1,-3.656746343E-1,-3.360491315E-1,-5.435372865E-1,7.362606459E-1
2.729354292E1,-2.819147319E-1,8.989070803E-2,-1.417482018E-2,2.962383854E-1
2.730354492E1,-4.100067616E-3,2.775243500E-1,2.209317809E-1,3.547498093E-1
2.731354792E1,2.838674095E-1,4.665221474E-1,2.347657084E-2,5.466029359E-1
2.732354992E1,2.657392868E-1,8.154813462E-1,-4.927863783E-1,9.891742057E-1
2.733355192E1,-8.974335819E-2,1.288717851E0,-1.117624521E0,1.708195580E0
2.734355392E1,-4.272694963E-1,1.630882878E0,-1.371202476E0,2.173139299E0
2.735355592E1,-4.871344596E-1,1.660652515E0,-1.207320224E0,2.110139540E0
2.736355792E1,-1.825690761E-1,1.301229431E0,-8.270687735E-1,1.552601770E0
2.737355992E1,2.068815064E-1,6.742678723E-1,-5.956605363E-1,9.231731126E-1
2.738356192E1,5.056283256E-1,9.618962109E-3,-6.160258037E-1,7.970196478E-1
2.739356492E1,7.541040006E-1,-5.403464609E-1,-7.333928704E-1,1.182587098E0
2.740356692E1,1.010264086E0,-9.596973655E-1,-7.817353106E-1,1.597736728E0
2.741356892E1,1.122840529E0,-1.260892414E0,-7.693778050E-1,1.855414439E0
2.742357092E1,1.079971375E0,-1.532132176E0,-8.051879078E-1,2.040121257E0
2.743357292E1,9.489095449E-1,-1.767538447E0,-1.051370890E0,2.264950824E0
2.744357492E1,8.234332672E-1,-1.898999350E0,-1.560344700E0,2.592087279E0
2.745357692E1,6.445169467E-1,-1.963416079E0,-2.262040983E0,3.063859364E0
2.746357892E1,4.832115626E-1,-1.863603230E0,-2.896819977E0,3.478228916E0
2.747358192E1,5.214766189E-1,-1.638579276E0,-3.353857064E0,3.768983565E0
2.748358392E1,6.464801493E-1,-1.289480913E0,-3.604955800E0,3.882834522E0
2.749358592E1,7.744935340E-1,-7.882762983E-1,-3.685371972E0,3.847490913E0
2.750358792E1,8.441373807E-1,-1.882888225E-1,-3.662683021E0,3.763411685E0
2.751358992E1,7.312814409E-1,5.416614997E-1,-3.565666019E0,3.679965201E0
2.752359192E1,4.675869253E-1,1.210469534E0,-3.336162804E0,3.579644715E0
2.753359392E1,1.015243283E-1,1.896230986E0,-2.929984215E0,3.491533566E0
2.754359592E1,-4.312894571E-1,2.683525829E0,-2.616197480E0,3.772507220E0
2.755359892E1,-1.175521604E0,3.263283693E0,-2.403260012E0,4.219778453E0
2.756360092E1,-1.803629801E0,3.710123820E0,-2.455326544E0,4.800700747E0
2.757360292E1,-2.161926711E0,4.213934247E0,-1.840788272E0,5.081305974E0
2.758360492E1,-2.332781475E0,4.483062872E0,-5.450569779E-1,5.082992154E0
2.759360692E1,-2.442320875E0,4.392356477E0,9.964497471E-1,5.123537721E0
2.760360892E1,-2.320145935E0,3.861881578E0,2.342907976E0,5.078033504E0
2.761361092E1,-2.166616178E0,3.148388537E0,3.180632715E0,4.972222894E0
2.762361292E1,-2.192256073E0,2.413631803E0,3.417884660E0,4.723721067E0
2.763361492E1,-2.313934291E0,1.798989159E0,3.090130681E0,4.259056412E0
2.764361792E1,-2.446472544E0,1.319654592E0,2.431654676E0,3.693191115E0
2.765361992E1,-2.524131900E0,1.004950429E0,1.821540408E0,3.270959595E0
2.766362192E1,-2.378714570E0,7.810722363E-1,1.794929729E0,3.080605392E0
2.767362392E1,-1.887370554E0,7.117982259E-1,2.388608644E0,3.126383786E0
2.768362592E1,-1.426581455E0,7.528597131E-1,3.129771879E0,3.520994804E0
2.769362792E1,-1.231121315E0,9.643976498E-1,3.655117893E0,3.975626911E0
2.770362992E1,-1.260704426E0,1.064410180E0,3.539753498E0,3.905406446E0
2.771363192E1,-1.231030099E0,8.135418248E-1,3.034348243E0,3.374100572E0
2.772363492E1,-1.242577473E0,2.762365007E-1,2.426479306E0,2.740092553E0
2.773363692E1,-1.442852502E0,-1.779848590E-1,1.800418510E0,2.314089187E0
2.774363892E1,-1.571963702E0,-4.668528074E-1,1.121958477E0,1.986910226E0
2.775364092E1,-1.509673606E0,-6.228822488E-1,4.468594229E-1,1.693156826E0
2.776364292E1,-1.363168694E0,-6.088769978E-1,-1.394046378E-1,1.499464484E0
2.777364492E1,-1.123363270E0,-4.562775332E-1,-5.578407454E-1,1.334661201E0
2.778364692E1,-7.737769577E-1,-1.968839371E-1,-8.035764152E-1,1.132797034E0
2.779364892E1,-5.252317008E-1,1.574585009E-1,-8.546916050E-1,1.015460122E0
2.780365092E1,-2.518036178E-1,6.193727499E-1,-9.506005597E-1,1.162182898E0
2.781365392E1,9.664365739E-2,9.682541808E-1,-1.170372838E0,1.522047547E0
2.782365592E1,3.569239837E-1,1.143897522E0,-1.601985646E0,2.000563491E0
2.783365792E1,4.668235713E-1,1.252881728E0,-1.966548432E0,2.378013795E0
2.784365992E1,5.558531307E-1,9.886805516E-1,-2.320831228E0,2.583160763E0
2.785366192E1,7.388367744E-1,5.117933375E-1,-2.395663310E0,2.558713523E0
2.786366392E1,1.077304022E0,-1.586592266E-1,-2.699229112E0,2.910600368E0
2.787366592E1,1.088018021E0,-1.039719143E0,-3.149236676E0,3.490342497E0
2.788366792E1,9.139683384E-1,-1.946879568E0,-3.113939958E0,3.784481502E0
2.789367092E1,1.124734004E0,-2.546029723E0,-3.216606540E0,4.253686820E0
2.790367292E1,1.138066533E0,-3.282212884E0,-3.121470587E0,4.670299292E0
2.791367492E1,8.366185923E-1,-4.226645216E0,-2.795271383E0,5.135951962E0
2.792367692E1,2.223440297E-1,-5.107141169E0,-1.296665679E0,5.273866671E0
2.793367892E1,-7.335996426E-1,-5.489947852E0,3.692762268E-1,5.551041415E0
2.794368092E1,-1.574230229E0,-5.550330294E0,1.974064443E0,6.097646892E0
2.795368292E1,-1.863899392E0,-5.331694715E0,3.307684525E0,6.545369844E0
2.796368492E1,-1.767454101E0,-4.789201156E0,3.612202254E0,6.253666672E0
2.797368692E1,-1.251408522E0,-4.080785837E0,2.701308382E0,5.051326886E0
2.798368992E1,-4.947633219E-1,-3.273432121E0,1.107107719E0,3.490821693E0
2.799369192E1,1.735921383E-1,-2.188474240E0,3.578560299E-1,2.224323418E0
2.800369392E1,2.686953467E-1,-6.793096340E-1,-5.322422200E-1,9.038476359E-1
2.801369592E1,-9.436667852E-2,9.372256386E-1,-9.119726837E-1,1.311103025E0
2.802369792E1,-3.016191177E-2,2.004193976E0,-4.507443130E-1,2.054476495E0
2.803369992E1,9.649137396E-1,2.159837501E0,-3.975896144E-1,2.398756773E0
2.804370192E1,1.812662288E0,1.969401873E0,1.783658051E-1,2.682555250E0
2.805370392E1,2.385708425E0,1.674076552E0,1.958057106E0,3.511142922E0
2.806370592E1,3.174105176E0,1.327024423E0,3.251703867E0,4.733868981E0
2.807370892E1,2.991244031E0,1.322061306E0,2.906985946E0,4.375609014E0
2.808371092E1,2.013426729E0,1.345180027E0,1.657193887E0,2.934226999E0
2.809371292E1,9.597561300E-1,1.393980889E0,3.259939671E-1,1.723538980E0
2.810371492E1,1.182453185E-1,1.419867098E0,-7.737602931E-1,1.621329554E0
2.811371692E1,-2.478099695E-1,1.514342900E0,-1.316806414E0,2.022034453E0
2.812371892E1,-2.110124181E-1,1.687397679E0,-1.325705876E0,2.156231258E0
2.813372092E1,2.137506692E-1,1.532861032E0,-8.078121382E-1,1.745827237E0
2.814372292E1,9.861918305E-1,9.532347304E-1,-3.150538266E-2,1.371941459E0
2.815372492E1,1.842878652E0,4.333377367E-1,1.021295151E0,2.151052557E0
2.816372792E1,2.501775656E0,5.845970196E-1,2.660454471E0,3.698466317E0
2.817372992E1,2.471878550E0,8.860133851E-1,3.279614382E0,4.201318100E0
2.818373192E1,1.346597246E0,9.085006070E-1,2.078681071E0,2.638107749E0
2.819373392E1,-1.559699459E-1,7.093070197E-1,3.269225049E-1,7.964429650E-1
2.820373679E1,-7.321365961E-1,2.114101750E-1,-5.168073249E-1,9.207649366E-1
2.821373879E1,-2.862277843E-1,-5.597288114E-1,-3.731277877E-1,7.310588436E-1
2.822374079E1,7.290381566E-2,-1.068254725E0,2.462905705E-1,1.098700218E0
2.823374279E1,5.772488236E-2,-1.309317300E0,9.409269261E-1,1.613377648E0
2.824374479E1,3.167080039E-1,-1.098801164E0,1.818196970E0,2.147907861E0
2.825374779E1,8.162976176E-1,-4.873654246E-1,2.904887965E0,3.056507966E0
2.826374979E1,1.021341052E0,-5.652678788E-2,2.951170431E0,3.123417957E0
2.827375179E1,9.105325145E-1,1.910946089E-1,2.479204234E0,2.648025725E0
2.828375379E1,8.771339495E-1,-1.633115637E-1,8.269939291E-1,1.216533432E0
2.829375579E1,4.499337427E-1,-3.337771958E-1,-7.966246605E-1,9.738883093E-1
2.830375779E1,-1.955308914E-3,-4.999995035E-1,-1.426652207E0,1.511734053E0
2.831375979E1,-2.607128741E-1,-8.276885784E-1,-1.343833998E0,1.599665403E0
2.832376179E1,-1.526459500E-1,-1.101290908E0,-6.984154111E-1,1.312983830E0
2.833376379E1,3.610873474E-1,-9.767504776E-1,6.429592484E-1,1.223855450E0
2.834376679E1,1.169985460E0,-5.748903492E-1,2.023495635E0,2.407052030E0
2.835376879E1,1.854873922E0,-1.863703510E-1,2.610023990E0,3.207415845E0
2.836377079E1,2.090294226E0,-5.131428748E-2,2.119265426E0,2.977120934E0
2.837377279E1,1.885970438E0,-3.462677255E-1,9.570710886E-1,2.143075104E0
2.838377479E1,1.205912507E0,-9.660605979E-1,-4.470137894E-2,1.545799556E0
2.839377679E1,5.640823558E-1,-1.360224036E0,-1.025394049E0,1.794388834E0
2.840377879E1,2.066275911E-1,-1.219577157E0,-2.040330353E0,2.386003218E0
2.841378079E1,8.101273432E-2,-4.843301350E-1,-2.694986372E0,2.739359467E0
2.842378279E1,6.846479957E-1,1.538402438E-2,-3.112966982E0,3.187403798E0
2.843378579E1,1.034114441E0,1.797399008E-1,-3.092232170E0,3.265516636E0
2.844378779E1,6.825840747E-1,2.476371843E-1,-2.479925196E0,2.584042215E0
2.845378979E1,1.046300623E0,-5.915163222E-1,-1.817510507E0,2.178986231E0
2.846379179E1,1.067292127E0,-1.071011395E0,-9.754149735E-1,1.799336617E0
2.847379379E1,1.020759692E0,-9.022478870E-1,-1.193102134E0,1.810937410E0
2.848379579E1,1.179685844E0,-3.869862735E-1,-2.468947633E0,2.763533876E0
2.849379779E1,7.285012360E-1,4.689037183E-1,-3.906824155E0,4.001732091E0
2.850379979E1,4.309753154E-1,1.142024952E0,-4.697021556E0,4.853037421E0
2.851380179E1,2.574106590E-1,1.310587315E0,-4.759909530E0,4.943747373E0
2.852380479E1,-3.012894809E-2,1.300509054E0,-4.322110952E0,4.513632089E0
2.853380679E1,-5.455361572E-1,1.372955764E0,-3.690633881E0,3.975348497E0
2.854380879E1,-1.149745177E0,1.440375330E0,-2.854428833E0,3.397699078E0
2.855381079E1,-1.375339966E0,1.316984169E0,-1.653818874E0,2.522126918E0
2.856381279E1,-1.210543794E0,1.060211003E0,9.192115366E-2,1.611804314E0
2.857381479E1,-9.594358487E-1,7.049064052E-1,2.097397424E0,2.411739236E0
2.858381679E1,-6.711939910E-1,8.112736899E-1,2.762994168E0,2.956823151E0
2.859381879E1,-4.233743736E-1,1.320827544E0,2.052499579E0,2.477213309E0
2.860382179E1,-3.169187960E-1,2.002079623E0,1.193595639E0,2.352324571E0
2.861382379E1,-3.956962860E-1,2.555654824E0,1.822232133E-1,2.592518550E0
2.862382579E1,-1.867132902E-1,2.916501705E0,-7.484845340E-1,3.016798493E0
2.863382779E1,-6.991097680E-1,2.884013990E0,-2.888132769E-1,2.981560711E0
2.864382979E1,-1.465099404E0,2.808182620E0,8.572000605E-1,3.281340859E0
2.865383179E1,-1.695138808E0,2.623315003E0,1.519138786E0,3.473191592E0
2.866383379E1,-1.676229205E0,2.294721072E0,2.650930526E0,3.886247779E0
2.867383579E1,-1.692884706E0,1.900828067E0,4.579739274E0,5.239562748E0
2.868383779E1,-1.579394928E0,1.247542928E0,5.453208627E0,5.812773523E0
2.869383979E1,-1.199137923E0,7.285753495E-1,5.786247904E0,5.953941435E0
2.870384279E1,-7.225769833E-1,8.216636074E-1,5.435471098E0,5.544510316E0
2.871384479E1,-1.436102477E-1,1.545301568E0,4.180535243E0,4.459311130E0
2.872384679E1,6.062100828E-2,2.098223636E0,2.019426557E0,2.912782339E0
2.873384879E1,-2.347002196E-1,2.361605033E0,1.889609599E-1,2.380749623E0
2.874385079E1,-7.662536377E-1,2.234379560E0,-1.018462175E0,2.572326157E0
2.875385279E1,-1.242182786E0,1.633185219E0,-1.235716642E0,2.395267762E0
2.876385479E1,-1.408889243E0,7.874152958E-1,-6.695599866E-1,1.747370116E0
2.877385679E1,-1.224948995E0,-2.345090157E-1,6.180559570E-1,1.391936666E0
2.878385979E1,-8.914252755E-1,-1.038409367E0,2.205553372E0,2.595649959E0
2.879386179E1,-5.625870766E-1,-1.594134589E0,2.666999259E0,3.157634297E0
2.880386379E1,-2.762647136E-1,-1.896778870E0,2.378209956E0,3.054500756E0
2.881386579E1,-1.488150005E-1,-1.508661745E0,1.600752468E0,2.204680165E0
2.882386779E1,-1.037822306E-2,-7.342582583E-1,7.367480028E-1,1.040211765E0
2.883386979E1,1.773102365E-1,-2.178999996E-1,6.649336696E-2,2.886878897E-1
2.884387179E1,4.709601840E-1,-1.123928404E-1,-4.580539173E-1,6.665200947E-1
2.885387379E1,9.807131356E-1,-4.292125261E-1,-5.827235717E-1,1.218847163E0
2.886387579E1,1.385989938E0,-1.123140784E0,-6.858620238E-1,1.911235214E0
2.887387879E1,1.265899823E0,-2.210042279E0,-9.775679183E-1,2.728081427E0
2.888388079E1,7.851398519E-1,-3.029635388E0,-1.264756839E0,3.375610320E0
2.889388279E1,2.734891865E-1,-3.099826534E0,-1.432185427E0,3.425620524E0
2.890388479E1,1.683550796E-1,-2.660580770E0,-1.590884707E0,3.104504408E0
2.891388679E1,4.726607005E-1,-1.969590154E0,-1.795759449E0,2.706925472E0
2.892388879E1,9.590673280E-1,-1.264382032E0,-1.778189735E0,2.383365435E0
2.893389079E1,1.270051492E0,-8.691324735E-1,-1.378971671E0,2.066394183E0
2.894389279E1,1.378710739E0,-6.440947777E-1,-1.091227266E0,1.872559300E0
2.895389479E1,1.448161920E0,-3.775324953E-1,-1.170775126E0,1.900110031E0
2.896389779E1,1.417422962E0,-4.583749294E-2,-1.159692898E0,1.831959756E0
2.897389979E1,1.551663339E0,-6.637349904E-2,-6.173396730E-1,1.671278801E0
2.898390179E1,1.645478405E0,-1.675344229E-2,-4.952825546E-2,1.646308874E0
2.899390379E1,1.428186809E0,3.624063331E-1,4.006588179E-1,1.526952324E0
2.900390579E1,9.505265924E-1,1.033664351E0,8.866016150E-2,1.407061981E0
2.901390779E1,6.381785649E-1,1.349923874E0,-3.948846924E-1,1.544506480E0
2.902390979E1,4.576153761E-1,1.283825778E0,-7.502860612E-1,1.555811568E0
2.903391179E1,2.012722725E-1,1.122351995E0,-9.108681446E-1,1.459405805E0
2.904391379E1,-4.162194282E-2,4.842722476E-1,-1.369620219E0,1.453310545E0
2.905391679E1,-1.695151672E-1,-4.536965722E-1,-1.819301509E0,1.882666713E0
2.906391879E1,-6.679303676E-2,-1.097220662E0,-2.496972753E0,2.728227890E0
2.907392079E1,1.669459006E-1,-1.065101906E0,-3.093164216E0,3.275664493E0
2.908392279E1,2.492118394E-1,-4.059195578E-1,-3.114899486E0,3.151107113E0
2.909392479E1,-1.982247037E-1,8.053984076E-1,-1.937714058E0,2.107770243E0
2.910392679E1,-9.479938710E-1,1.930676934E0,-3.357547241E-1,2.176909974E0
2.911392879E1,-8.054244277E-1,2.265051715E0,-1.622654969E-1,2.409460079E0
2.912393079E1,-6.293393290E-1,2.006249857E0,-3.383257449E-1,2.129687956E0
2.913393279E1,-1.171594321E0,1.407814817E0,9.808446980E-1,2.077650628E0
2.914393579E1,-1.947997848E0,9.993844646E-1,3.575219200E0,4.192333151E0
2.915393779E1,-2.312436966E0,5.701894802E-1,5.523986249E0,6.015555240E0
2.916393979E1,-1.908622698E0,-1.437537968E-2,5.864261456E0,6.167058430E0
2.917394179E1,-6.938727093E-1,-4.789284772E-1,4.053682823E0,4.140431892E0
2.918394379E1,5.194897351E-1,-1.979680109E-1,1.722322513E0,1.809822024E0
2.919394579E1,1.283539265E0,9.556098694E-1,1.906449580E-1,1.611523741E0
2.920394754E1,1.373851265E0,2.089831712E0,-5.011280161E-1,2.550684843E0
2.921394954E1,8.537908414E-1,2.403986236E0,-4.978494823E-1,2.599223487E0
2.922395154E1,4.593367964E-2,1.707578174E0,-6.743827701E-2,1.709526556E0
2.923395454E1,-8.506962025E-1,7.030697948E-1,6.219601429E-1,1.266817108E0
2.924395654E1,-1.617486615E0,-1.140692371E-1,1.125868510E0,1.974045248E0
2.925395854E1,-2.012820666E0,-6.967887157E-1,1.182318699E0,2.436152510E0
2.926396054E1,-1.883995103E0,-9.329162407E-1,1.261595249E0,2.451814192E0
2.927396254E1,-1.236767094E0,-8.178494686E-1,1.641456690E0,2.211978903E0
2.928396454E1,-3.108169341E-1,-4.851446521E-1,1.782635958E0,1.873436270E0
2.929396654E1,6.521446395E-1,-3.078272527E-1,1.831007634E0,1.967902235E0
2.930396854E1,1.322010435E0,-4.393872660E-1,1.840109995E0,2.307981273E0
2.931397054E1,1.482099014E0,-6.784857613E-1,1.753176516E0,2.393864723E0
2.932397354E1,1.559240453E0,-1.101171041E0,1.181703572E0,2.245046054E0
2.933397554E1,1.542355156E0,-1.350920239E0,6.427411473E-1,2.148711498E0
2.934397754E1,1.201706605E0,-1.298689985E0,1.204403633E-1,1.773471264E0
2.935397954E1,9.920555645E-1,-1.120841659E0,-8.275692952E-1,1.710359964E0
2.936398154E1,1.020670376E0,-1.153524671E0,-1.478253300E0,2.134858310E0
2.937398354E1,1.271967625E0,-1.142845316E0,-1.815290903E0,2.493848055E0
2.938398554E1,1.555399709E0,-9.632363927E-1,-2.011212974E0,2.718836190E0
2.939398754E1,1.948050765E0,-9.807739466E-1,-1.701859598E0,2.766431891E0
2.940398954E1,2.325269558E0,-1.307075477E0,-1.380273846E0,3.003411512E0
2.941399154E1,2.415150618E0,-1.937252712E0,-1.697444950E0,3.530895061E0
2.942399454E1,2.316255490E0,-2.398329055E0,-2.068085332E0,3.923518662E0
2.943399654E1,2.183410551E0,-2.472782822E0,-2.353815372E0,4.052453988E0
2.944399854E1,1.853251905E0,-1.987643432E0,-2.599277977E0,3.760520580E0
2.945400054E1,1.706818914E0,-1.642912647E0,-3.313757443E0,4.073497412E0
2.946400254E1,1.461915887E0,-1.468068035E0,-4.104691009E0,4.597924542E0
2.947400454E1,1.151333427E0,-1.039534371E0,-4.399744434E0,4.665185040E0
2.948400654E1,9.160619339E-1,-5.084861523E-1,-3.788486450E0,3.930694241E0
2.949400854E1,8.581095949E-1,3.235498309E-2,-2.709356489E0,2.842184285E0
2.950401054E1,1.052078695E0,5.072909814E-1,-1.819431317E0,2.162069388E0
2.951401354E1,1.231498753E0,8.494887525E-1,-8.029835075E-1,1.697940762E0
2.952401554E1,1.362601222E0,8.260829329E-1,6.065492213E-1,1.704991806E0
2.953401754E1,1.203325114E0,1.000347501E-1,1.296984937E0,1.772051977E0
2.954401954E1,8.245088625E-1,-8.789996499E-1,9.378711712E-1,1.527107587E0
2.955402154E1,1.955384928E-1,-9.539872670E-1,3.450371790E-1,1.033139711E0
2.956402354E1,-3.850262868E-1,-2.974899602E-1,-3.102444917E-1,5.770590634E-1
2.957402554E1,-1.010757591E0,3.971224219E-1,-9.002595413E-1,1.410604256E0
2.958402754E1,-1.750957498E0,9.338453633E-1,-1.209961411E0,2.324204367E0
2.959402954E1,-2.372825547E0,1.172125833E0,-1.419304011E0,3.003099053E0
2.960403254E1,-2.646580490E0,1.341441903E0,-9.141238743E-1,3.104750734E0
2.961403454E1,-2.376920937E0,1.432137480E0,9.381740570E-2,2.776611713E0
2.962403654E1,-2.090835679E0,1.226418400E0,1.172157993E0,2.692517463E0
2.963403854E1,-1.991825361E0,1.085491147E0,2.354718182E0,3.269611141E0
2.964404054E1,-2.063933809E0,1.096006195E0,2.241138357E0,3.237862486E0
2.965404254E1,-2.105298766E0,1.112174331E0,6.838383025E-1,2.477266530E0
2.966404454E1,-1.981512334E0,1.297086094E0,-7.709729254E-1,2.490626973E0
2.967404654E1,-1.416918639E0,1.841505141E0,-1.619140792E0,2.832033989E0
2.968404854E1,-1.053836076E0,2.568456718E0,-2.328106334E0,3.623205693E0
2.969405154E1,-1.526884008E0,3.073751460E0,-1.929230917E0,3.937163287E0
2.970405354E1,-1.955891882E0,2.774119080E0,-1.053243753E0,3.553951621E0
2.971405554E1,-2.407624959E0,1.642161865E0,6.064585894E-1,2.976767635E0
2.972405754E1,-2.874358483E0,2.298031765E-1,2.427630622E0,3.769368200E0
2.973405954E1,-3.137829927E0,-8.188510966E-1,3.786441094E0,4.985341506E0
2.974406154E1,-2.935579416E0,-1.447622661E0,4.341199188E0,5.436841754E0
2.975406354E1,-2.556716386E0,-1.552845646E0,3.852024634E0,4.877112062E0
2.976406554E1,-2.172029530E0,-9.357492167E-1,2.285247413E0,3.288722338E0
2.977406754E1,-1.810658739E0,8.166338325E-2,2.279092634E-1,1.826772183E0
2.978406954E1,-1.255808260E0,7.208926928E-1,-1.492177275E0,2.079262773E0
2.979407254E1,-5.891958547E-1,7.297576565E-1,-2.787952423E0,2.941492258E0
2.980407454E1,-7.352873683E-4,4.039560628E-1,-3.189756126E0,3.215233302E0
2.981407654E1,4.634874424E-1,-1.987644017E-2,-2.627421795E0,2.668063150E0
2.982407854E1,7.900827956E-1,-4.160486895E-1,-2.005891423E0,2.195661116E0
2.983408054E1,9.361260697E-1,-1.150822088E0,-1.567292946E0,2.158038617E0
2.984408254E1,9.404579794E-1,-1.922313661E0,-1.227681398E0,2.467175032E0
2.985408454E1,1.133885043E0,-2.071731071E0,-1.572803947E0,2.837512498E0
2.986408654E1,9.130067638E-1,-1.993004744E0,-1.993618702E0,2.963134285E0
2.987408854E1,4.439530644E-1,-1.783649281E0,-1.489370611E0,2.365739609E0
2.988409054E1,6.690270129E-1,-1.478439826E0,-1.347803673E0,2.109491931E0
2.989409354E1,7.069462064E-1,-1.281393337E0,-1.333744043E0,1.980054291E0
2.990409554E1,8.245609027E-1,-1.010735080E0,-1.605863519E0,2.068884658E0
2.991409754E1,7.866917029E-1,-7.547217590E-1,-1.537398471E0,1.884697012E0
2.992409954E1,6.868955192E-1,-6.789611399E-1,-1.162943366E0,1.511704652E0
2.993410154E1,6.489789569E-1,-1.094944341E0,-9.809879547E-1,1.606989161E0
2.994410354E1,6.041337365E-1,-1.700611217E0,-1.045647050E0,2.085769363E0
2.995410554E1,4.052633540E-1,-1.831145044E0,-1.293347969E0,2.278174604E0
2.996410754E1,3.516003862E-2,-1.498011042E0,-1.478663190E0,2.105164635E0
2.997410954E1,-2.438582750E-1,-8.086219776E-1,-1.273807744E0,1.528372510E0
2.998411254E1,-3.388778682E-1,-1.417230588E-1,-8.883978796E-1,9.613399125E-1
2.999411454E1,-1.205156462E-1,3.442793798E-1,-4.583392614E-1,5.857705958E-1
3.000411654E1,2.290470584E-1,6.613440639E-1,3.382029533E-1,7.773157424E-1
3.001411854E1,6.026371416E-1,6.999310094E-1,1.399289576E0,1.676629435E0
3.002412054E1,7.840118509E-1,5.526911026E-1,1.574031862E0,1.843290086E0
3.003412254E1,3.603445318E-1,4.535094613E-1,1.128255928E0,1.268258827E0
3.004412454E1,-6.023784754E-1,3.243590856E-1,8.357448721E-1,1.080063950E0
3.005412654E1,-1.297591878E0,4.048319757E-1,8.198954093E-1,1.587407349E0
3.006412854E1,-1.371401866E0,9.226479453E-1,1.121228744E0,1.997292219E0
3.007413054E1,-1.141397399E0,1.606586235E0,1.948123856E0,2.771117809E0
3.008413354E1,-6.302040591E-1,2.221634969E0,2.846081933E0,3.665105928E0
3.009413554E1,4.685290579E-1,2.498134595E0,3.672865362E0,4.466557500E0
3.010413754E1,1.016853094E0,2.556007996E0,5.057842124E0,5.757511098E0
3.011413954E1,1.089491300E0,2.456324664E0,6.020827671E0,6.593245634E0
3.012414154E1,9.417888788E-1,2.060103883E0,6.535628816E0,6.917039708E0
3.013414354E1,7.522420279E-1,1.472064022E0,5.688185420E0,5.923537282E0
3.014414554E1,8.471011882E-1,9.410637510E-1,3.234008439E0,3.473037861E0
3.015414754E1,1.015326898E0,1.021838942E0,9.241460019E-1,1.711458257E0
3.016414954E1,8.977616107E-1,1.798622246E0,-3.659263569E-1,2.043262096E0
3.017415154E1,3.335047156E-1,2.538500263E0,-1.029288880E0,2.759464546E0
3.018415354E1,-5.589908928E-2,2.871446570E0,-1.212544711E0,3.117466084E0
3.019415654E1,1.607250479E-1,2.954630814E0,-3.866085434E-1,2.984148447E0
3.020415829E1,6.373915297E-1,2.552334775E0,6.426440835E-1,2.708075366E0
3.021416029E1,7.471197939E-1,1.277471609E0,4.181010622E-1,1.537832955E0
3.022416229E1,7.267086259E-1,-1.574970925E-1,3.576157093E-2,7.444391520E-1
3.023416429E1,2.190355289E-1,-1.110133653E0,-5.080201292E-1,1.240345815E0
3.024416629E1,-3.208133340E-1,-1.678681819E0,-1.205109977E0,2.091215891E0
3.025416829E1,-9.546972652E-1,-1.777645944E0,-1.879331363E0,2.757418783E0
3.026417029E1,-1.338569165E0,-1.752435674E0,-2.276853150E0,3.169677976E0
3.027417229E1,-1.553071202E0,-1.917048243E0,-2.055033177E0,3.210960212E0
3.028417429E1,-1.562868066E0,-2.379176500E0,-1.505697792E0,3.220273785E0
3.029417629E1,-1.080400853E0,-2.816621906E0,-1.546008496E0,3.389803422E0
3.030417929E1,-2.440981570E-1,-3.085522490E0,-1.870171115E0,3.616292708E0
3.031418129E1,6.411878344E-1,-3.210102682E0,-2.092146624E0,3.884965710E0
3.032418329E1,1.467661800E0,-3.118954530E0,-1.903348217E0,3.937593549E0
3.033418529E1,1.831078386E0,-2.436910154E0,-1.101926501E0,3.241237598E0
3.034418729E1,1.992047262E0,-1.299771720E0,-2.383044434E-1,2.390491127E0
3.035418929E1,2.096082239E0,-2.768036807E-1,4.452257109E-1,2.160649662E0
3.036419129E1,2.152322513E0,3.007123607E-1,1.312183605E0,2.538650417E0
3.037419329E1,2.225248402E0,1.296889043E-1,1.915943120E0,2.939283535E0
3.038419529E1,2.053904226E0,-4.358239728E-1,2.236272889E0,3.067471522E0
3.039419729E1,1.669637639E0,-1.285990418E0,2.053103596E0,2.942226296E0
3.040419929E1,1.373611967E0,-2.249257216E0,1.020340301E0,2.826139096E0
3.041420229E1,1.164431628E0,-2.597339625E0,-1.216536605E-1,2.849012769E0
3.042420429E1,1.285660196E0,-2.059956533E0,-9.086707610E-1,2.592686948E0
3.043420629E1,1.434046450E0,-1.450558548E0,-1.606444733E0,2.596396349E0
3.044420829E1,1.554170917E0,-1.112608779E0,-2.034909400E0,2.791809771E0
3.045421029E1,1.821304472E0,-7.633259368E-1,-1.801145904E0,2.672815563E0
3.046421229E1,1.818067161E0,-4.179291540E-1,-1.530426836E0,2.412931678E0
3.047421429E1,1.847055610E0,-2.156844896E-1,-6.867776978E-1,1.982371769E0
3.048421629E1,1.825142585E0,-1.831026345E-1,-7.449686033E-1,1.979810660E0
3.049421829E1,1.627796425E0,-7.864914358E-2,-2.173264462E0,2.716428779E0
3.050422029E1,9.228794950E-1,4.627071315E-1,-2.726267222E0,2.915190803E0
3.051422229E1,-2.301051852E-1,1.115620095E0,-2.350527483E0,2.611998476E0
3.052422529E1,-1.366635801E0,1.177674256E0,-2.419597718E0,3.018122459E0
3.053422729E1,-2.124198722E0,7.773849821E-1,-2.381555148E0,3.284562763E0
3.054422929E1,-2.450539136E0,1.774513006E-1,-2.273119118E0,3.347193085E0
3.055423129E1,-2.452391242E0,-1.285329098E-1,-2.865837920E0,3.774092010E0
3.056423329E1,-2.092345722E0,2.419987142E-1,-3.090287386E0,3.739832901E0
3.057423529E1,-1.666294493E0,1.160165938E0,-2.179505196E0,2.978718724E0
3.058423729E1,-1.393386520E0,1.968315461E0,-8.623754311E-1,2.561148791E0
3.059423929E1,-1.592295055E0,2.468541251E0,4.314385611E-1,2.969046764E0
3.060424129E1,-2.238496000E0,2.086738535E0,1.503655359E0,3.409739212E0
3.061424329E1,-2.863514822E0,9.837495947E-1,1.481360218E0,3.370743018E0
3.062424529E1,-3.122517824E0,1.274073207E-1,9.151161468E-1,3.256345766E0
3.063424829E1,-2.985436285E0,2.107038313E-1,1.704767418E-1,2.997713834E0
3.064425029E1,-2.874256741E0,1.189601991E0,-1.585145080E-1,3.114744221E0
3.065425229E1,-2.680645491E0,1.988445085E0,1.123836018E0,3.521758297E0
3.066425429E1,-2.435218554E0,2.264823673E0,3.127596715E0,4.565257593E0
3.067425629E1,-2.000269325E0,1.996852797E0,4.893414327E0,5.651017805E0
3.068425829E1,-1.314119033E0,8.731471717E-1,6.143909222E0,6.343257471E0
3.069426029E1,-1.028198959E0,-4.028369057E-1,6.292495158E0,6.388659169E0
3.070426229E1,-1.073000910E0,-1.337471643E0,5.245909629E0,5.519033356E0
3.071426429E1,-1.189028964E0,-1.471361187E0,3.568083842E0,4.038553692E0
3.072426629E1,-1.172871353E0,-1.096284522E0,1.736703740E0,2.365080727E0
3.073426829E1,-7.461392158E-1,-4.951691186E-1,5.368340385E-1,1.044081879E0
3.074427029E1,-1.352344036E-2,1.629613155E-1,2.154915315E-1,2.705103952E-1
3.075427329E1,4.031269276E-1,7.079147977E-1,-7.170265138E-1,1.085256514E0
3.076427529E1,6.408606827E-1,8.627093071E-1,-1.058439004E0,1.508397457E0
3.077427729E1,6.718591118E-1,5.722921389E-1,-1.397598562E0,1.652935177E0
3.078427929E1,1.094101757E-1,-6.861713415E-1,-1.458031290E0,1.615133721E0
3.079428129E1,-6.031683612E-1,-1.832703912E0,-1.244265856E0,2.295825172E0
3.080428329E1,-1.011494048E0,-2.190047141E0,-1.096390357E0,2.649811032E0
3.081428529E1,-7.462737018E-1,-2.051709620E0,-1.626121198E0,2.722261367E0
3.082428729E1,-7.725048959E-2,-1.525566630E0,-1.841775282E0,2.392792797E0
3.083428929E1,7.580067247E-1,-9.206365031E-1,-1.464435745E0,1.888575605E0
3.084429129E1,1.099458391E0,-8.759245992E-1,-1.286125488E0,1.905300876E0
3.085429329E1,9.679925179E-1,-1.365873908E0,-1.447709200E0,2.213251675E0
3.086429629E1,6.892364520E-1,-1.640574346E0,-1.720663658E0,2.475321089E0
3.087429829E1,5.904886740E-1,-1.752178397E0,-1.393546441E0,2.315335330E0
3.088430029E1,8.653446472E-1,-1.873475377E0,-7.555064553E-1,2.197617198E0
3.089430229E1,1.261580631E0,-1.875406128E0,-6.017147434E-1,2.338972951E0
3.090430429E1,1.610504454E0,-1.598570287E0,-3.913026881E-1,2.302665706E0
3.091430629E1,2.047199662E0,-1.046939870E0,-4.377143776E-1,2.340663031E0
3.092430829E1,2.158449080E0,-4.552443302E-1,-4.237635058E-1,2.246269204E0
3.093431029E1,1.670489286E0,-3.105485469E-1,-5.170026219E-1,1.776025497E0
3.094431229E1,9.852453125E-1,-3.890637892E-1,-7.248302078E-1,1.283533322E0
3.095431429E1,2.690543658E-1,-4.760019457E-1,-1.035792738E0,1.171253474E0
3.096431629E1,-6.023479968E-2,-6.733273476E-1,-1.124391503E0,1.311965777E0
3.097431829E1,2.555759490E-1,-7.350610811E-1,-4.246207076E-1,8.865306559E-1
3.098432129E1,1.046503960E0,-1.960583103E-1,1.836812165E-1,1.080438887E0
3.099432329E1,1.818026816E0,1.075201217E0,-2.479453325E-1,2.126677232E0
3.100432529E1,1.915803079E0,2.125502066E0,-9.497369260E-1,3.014972752E0
3.101432729E1,1.563398993E0,1.389386732E0,-5.948527434E-1,2.174502630E0
3.102432929E1,4.299261788E-1,1.489917326E-1,-2.289772573E-1,5.093776987E-1
3.103433129E1,-1.091919576E0,-1.999502170E-1,-2.100121057E-1,1.129767026E0
3.104433329E1,-1.713465444E0,-1.423001790E-1,1.269686919E0,2.137362402E0
3.105433529E1,-1.341809692E0,1.130676091E-1,2.434932625E0,2.782469124E0
3.106433729E1,-8.818297023E-1,9.048028278E-1,3.699262617E0,3.909070950E0
3.107433929E1,-7.793429223E-1,1.774381444E0,4.692632928E0,5.077066938E0
3.108434129E1,-3.446594489E-1,2.063822127E0,4.278201579E0,4.762474216E0
3.109434329E1,2.593897954E-1,2.022602180E0,2.575330997E0,3.284894578E0
3.110434629E1,7.134950879E-1,1.937439238E0,4.735589790E-1,2.118254978E0
3.111434829E1,8.697949630E-1,2.354361502E0,-1.932393676E-1,2.517320562E0
3.112435029E1,5.751008490E-1,3.075827222E0,1.091177564E0,3.313928569E0
3.113435229E1,1.241282022E-1,3.196538896E0,3.101600287E0,4.455692209E0
3.114435429E1,4.754809588E-2,2.447874268E0,4.950180851E0,5.522557352E0
3.115435629E1,2.446480876E-1,1.736704910E0,5.580670912E0,5.849776445E0
3.116435829E1,1.952797535E-1,1.125400148E0,4.782184498E0,4.916700951E0
3.117436029E1,-3.816805100E-1,4.356298453E-1,2.590316534E0,2.654278267E0
3.118436229E1,-1.048576798E0,-4.999544799E-2,1.911033797E-1,1.067020781E0
3.119436429E1,-1.295000977E0,1.253485161E-1,-4.399100071E-1,1.373412027E0
3.120436608E1,-1.479515714E0,-1.176471484E-1,-1.556739599E0,2.150870935E0
3.121436908E1,-1.594134297E0,-5.269645232E-1,-1.581898121E0,2.306806761E0
3.122437108E1,-1.162650712E0,-6.939411217E-1,-5.617162800E-1,1.465890903E0
3.123437308E1,-3.423661709E-2,-6.632332993E-1,5.323948324E-2,6.662469495E-1
3.124437508E1,1.187248487E0,-6.533936048E-1,2.231572312E-1,1.373419573E0
3.125437708E1,2.255776569E0,-3.655012643E-1,-4.581293464E-2,2.285654814E0
3.126437908E1,2.875281466E0,-1.265132815E-1,-4.772409707E-1,2.917363204E0
3.127438108E1,3.084624650E0,-4.346866894E-1,-5.985642636E-1,3.172087787E0
3.128438308E1,3.035937517E0,-8.674081296E-1,-2.996867591E-1,3.171612464E0
3.129438508E1,2.809446203E0,-9.615126336E-1,-4.941078490E-1,3.010255318E0
3.130438708E1,2.207696084E0,-9.800196558E-1,-1.271163633E0,2.729508657E0
3.131438908E1,9.880817968E-1,-1.181159781E0,-1.503777566E0,2.152391933E0
3.132439108E1,2.074217892E-1,-1.921945286E0,-2.040201715E0,2.810572988E0