"Time (s)","Linear Acceleration x (m/s^2)","Linear Acceleration y (m/s^2)","Linear Acceleration z (m/s^2)","Absolute acceleration (m/s^2)"
8.722916664E-4,6.130605344E-1,1.657574540E-1,2.046939461E0,2.143193857E0
1.089329167E-2,2.705215783E-1,1.900099504E-1,1.210374810E0,1.254708287E0
2.091429167E-2,-4.267137185E-2,2.288281533E-1,5.538324791E-1,6.007608381E-1
3.093629167E-2,-5.991773441E-1,3.431353721E-1,-1.310331792E-1,7.027980274E-1
4.095729167E-2,-7.452497081E-1,1.886735693E-1,-2.934395939E-1,8.228618587E-1
5.097829167E-2,-4.626982145E-1,-6.011230052E-3,9.471436858E-2,4.723310113E-1
6.100029167E-2,-4.635571705E-1,-2.526783612E-1,5.152543044E-1,7.377117342E-1
7.102129167E-2,-4.623840728E-1,-2.249178278E-1,7.919240838E-1,9.442090948E-1
8.104229167E-2,-3.431836116E-1,-1.756222916E-1,7.126843715E-1,8.102698279E-1
9.106429167E-2,-7.413231567E-2,-3.875440979E-1,2.409508932E-1,4.623238702E-1
1.010852917E-1,3.021256328E-2,-4.844038099E-1,-1.303788757E-1,5.025519886E-1
1.111062917E-1,-1.892474735E-1,-3.822941753E-1,-4.195605272E-1,5.983263981E-1
1.211282917E-1,-4.218010341E-1,-2.415622196E-1,-4.938102257E-1,6.929047245E-1
1.311492917E-1,-3.908447050E-1,-2.275274402E-1,-5.206430984E-1,6.896358135E-1
1.411702917E-1,-1.933646442E-1,-3.344879249E-1,-6.187938756E-1,7.295052556E-1
1.511922917E-1,-1.772808543E-1,-3.049431136E-1,-5.445365757E-1,6.487980318E-1
1.612132917E-1,-1.951840053E-1,-2.326574948E-1,-4.635567319E-1,5.541760998E-1
1.712342917E-1,-2.169739468E-1,-1.519638723E-1,-5.469742799E-1,6.077430172E-1
1.812562917E-1,-3.906980860E-1,-1.109450698E-1,-6.676619804E-1,7.814898099E-1
1.912772917E-1,-4.381691448E-1,-9.144606739E-2,-4.949147648E-1,6.673044336E-1
2.012982917E-1,-6.065929292E-1,-9.134549528E-2,-2.541182381E-1,6.639842319E-1
2.113202917E-1,-5.035053478E-1,-2.059661248E-1,-3.151310098E-1,6.286869119E-1
2.213412917E-1,-1.474066986E-1,-7.256950110E-2,-3.146059299E-1,3.549252856E-1
2.313622917E-1,-7.197863996E-2,2.065587401E-2,-3.259436810E-1,3.344351550E-1
2.413842917E-1,-1.763546553E-1,3.210092157E-2,-4.741483784E-1,5.069005014E-1
2.514052917E-1,-1.957405141E-1,2.006255704E-1,-7.122493386E-1,7.654175911E-1
2.614262917E-1,-2.289012435E-1,3.640289354E-1,-1.005591869E0,1.093676301E0
2.714482917E-1,-3.371258962E-1,3.965587503E-1,-1.119588016E0,1.234661912E0
2.814692917E-1,-2.829429647E-1,4.339242125E-1,-1.279959599E0,1.380812630E0
2.914902917E-1,-2.049142107E-1,3.286886564E-1,-1.233963062E0,1.293325522E0
3.015122917E-1,-1.774817061E-1,2.384716737E-1,-1.181326427E0,1.218154597E0
3.115332917E-1,-3.282764277E-1,1.369800898E-1,-1.367243326E0,1.412757329E0
3.215542917E-1,-5.535211149E-1,1.001411694E-1,-1.644217161E0,1.737775575E0
3.315762917E-1,-9.561653548E-1,1.103430989E-1,-1.709107221E0,1.961498223E0
3.415972917E-1,-1.436622879E0,3.282422215E-2,-1.748451966E0,2.263193983E0
3.516182917E-1,-1.807376989E0,-2.326048699E-1,-1.751786633E0,2.527740694E0
3.616402917E-1,-1.671871567E0,-4.146453577E-1,-1.676471572E0,2.403672657E0
3.716612917E-1,-1.342448793E0,-3.961260563E-1,-1.740013264E0,2.233098917E0
3.816822917E-1,-1.115079228E0,-4.429280475E-1,-9.078971744E-1,1.504614309E0
3.917042917E-1,-1.356653434E0,-5.216280618E-1,4.856621307E-1,1.532472538E0
4.017252917E-1,-2.069589821E0,-5.790968361E-1,3.911202550E-2,2.149438280E0
4.117462917E-1,-2.159617061E0,-4.707815516E-1,-6.633607686E-2,2.211330277E0
4.217682917E-1,-1.965563176E0,2.044362009E-2,8.946590781E-2,1.967704421E0
4.317892917E-1,-1.637434391E0,3.307921922E-1,2.303112996E-1,1.686314963E0
4.418102917E-1,-1.230965779E0,7.050172099E-1,2.464735883E-1,1.439817782E0
4.518322917E-1,-7.500521725E-1,1.079224101E0,2.931250137E-1,1.346560506E0
4.618532917E-1,-3.722097749E-1,1.185514787E0,2.882086748E-1,1.275558571E0
4.718742917E-1,-1.574058759E-1,9.907870111E-1,-4.015984654E-2,1.004016098E0
4.818962917E-1,5.949366510E-2,9.630580527E-1,-3.507586795E-1,1.026670327E0
4.919172917E-1,1.567901641E-1,8.192867142E-1,-1.077092206E-1,8.410797536E-1
5.019382917E-1,1.438941300E-2,7.316100544E-1,1.034471852E-1,7.390275008E-1
5.119602917E-1,-1.021216214E-2,7.101674375E-1,4.969876027E-1,8.668556713E-1
5.219812917E-1,-1.868916303E-1,5.890040660E-1,1.440783173E0,1.567708654E0
5.320022917E-1,-6.568212426E-1,6.314028114E-1,2.198063089E0,2.379404337E0
5.420242917E-1,-1.184355285E0,7.904353827E-1,2.152677585E0,2.580989407E0
5.520452917E-1,-1.624191617E0,9.837779537E-1,1.580151558E0,2.470363620E0
5.620662917E-1,-1.282482088E0,1.345148453E0,1.306126474E0,2.271596582E0
5.720882917E-1,-1.012212086E0,1.437918330E0,1.152634140E0,2.102557464E0
5.821092917E-1,-1.090120388E0,1.217919472E0,1.431905345E0,2.173026281E0
5.921302917E-1,-1.079444541E0,8.264752811E-1,2.014440637E0,2.430274262E0
6.021522917E-1,-7.752893400E-1,5.414287806E-1,2.423600137E0,2.601548829E0
6.121732917E-1,-2.130737078E-1,4.710297659E-1,2.415544428E0,2.470247827E0
6.221942917E-1,2.794542235E-1,1.836522728E-1,2.136120025E0,2.162135884E0
6.322162917E-1,4.660265958E-1,3.742218018E-5,1.642147831E0,1.706994519E0
6.422372917E-1,2.592403990E-1,-1.093335772E-1,1.269298371E0,1.300106830E0
6.522582917E-1,2.045619160E-1,-1.213162762E-1,1.270563124E0,1.292630600E0
6.622802917E-1,1.544290584E-1,-8.301420701E-1,1.233878278E0,1.495138721E0
6.723012917E-1,-4.496070296E-1,-3.422492850E0,1.211452451E0,3.658308466E0
6.823222917E-1,-4.783396626E-1,-3.403866545E0,1.595167792E0,3.789416390E0
6.923442917E-1,6.802978134E-1,-7.114365757E-1,1.335011719E0,1.658675196E0
7.023652917E-1,1.572365406E0,4.233121008E-1,1.190393119E0,2.017067644E0
7.123862917E-1,1.334613524E0,-5.469146383E-1,3.086920559E-1,1.474991412E0
7.224082500E-1,1.171820024E0,4.082701385E-2,-1.945152301E-1,1.188555925E0
7.324292500E-1,1.315779642E0,1.779267377E0,-3.374299514E-1,2.238510094E0
7.424502500E-1,1.827247875E0,2.144845240E0,-4.238880515E-1,2.849364312E0
7.524722500E-1,2.052676749E0,6.545232868E-1,4.512904429E-1,2.201260010E0
7.624932500E-1,1.446191263E0,-3.719203377E0,3.158574679E0,5.089257011E0
7.725142500E-1,4.809457666E-1,-4.257018578E0,1.752073147E0,4.628528526E0
7.825362500E-1,1.140519294E0,1.049647715E0,-2.749091828E0,3.155954762E0
7.925572500E-1,3.191223192E0,-8.327820879E-1,-1.361120707E0,3.567923913E0
8.025782500E-1,3.412167252E0,-1.728519393E0,-4.082830024E-1,3.846733635E0
8.126002500E-1,2.460842223E0,-8.897871780E-1,-1.404153875E0,2.969699273E0
8.226212500E-1,1.552829273E0,2.824363035E-1,-1.210670094E0,1.989163416E0
8.326422500E-1,1.114636009E0,9.428196698E-1,-1.809361827E0,2.324889800E0
8.426642500E-1,5.595592421E-1,6.468184108E-1,-1.535975551E0,1.758039105E0
8.526852500E-1,5.739392996E-2,2.102804929E-1,-5.887105358E-1,6.277675078E-1
8.627062500E-1,-4.072696799E-1,9.064763010E-2,-2.057395452E-1,4.652035527E-1
8.727282500E-1,-5.698643750E-1,-7.893331826E-2,4.165948194E-1,7.103007238E-1
8.827492500E-1,-2.114154375E-1,-4.254001415E-1,9.138882315E-1,1.029977411E0
8.927702500E-1,5.657274699E-1,-4.570020032E-1,1.248374110E0,1.444761683E0
9.027922500E-1,1.663261542E0,-1.022295610E0,1.388373702E0,2.395643715E0
9.128132500E-1,1.817640899E0,-3.748983246E-1,1.713987892E0,2.526286145E0
9.228342500E-1,1.010867811E0,1.528086780E0,1.480727257E0,2.355728369E0
9.328562500E-1,9.021557933E-1,1.888438402E0,1.151039604E0,2.388509335E0
9.428772500E-1,5.881983197E-1,1.321821570E0,8.632966599E-1,1.684776142E0
9.528982500E-1,-2.585223609E-1,8.600833225E-1,8.788584396E-1,1.256570448E0
9.629202500E-1,-1.282940510E0,8.935574627E-1,3.945826837E-1,1.612475360E0
9.729412500E-1,-1.887484721E0,1.665058976E-1,1.062482938E-1,1.897791212E0
9.829622500E-1,-2.667344829E0,-4.387931889E-1,-1.428147340E-1,2.706965820E0
9.929842500E-1,-2.606751888E0,4.939669311E-2,-3.644277155E-2,2.607474547E0
1.003005250E0,-1.453618396E0,1.098704685E0,1.239246606E0,2.203608535E0
1.013026250E0,-8.157397932E-1,5.641691869E-1,1.645747962E0,1.921511029E0
1.023048250E0,-3.890643740E-1,5.846981764E-1,1.893129038E0,2.019202962E0
1.033069250E0,-6.679654509E-1,8.303420448E-1,1.650936927E0,1.965003433E0
1.043090250E0,-1.382868841E0,4.657365739E-1,1.366321951E0,1.999017874E0
1.053112250E0,-1.213549848E0,-1.593073905E-2,-1.881980883E0,2.239376937E0
1.063133250E0,-1.355131404E0,-3.810449177E-1,-5.772462509E0,5.941624337E0
1.073154250E0,-1.796845277E0,-4.149371338E-1,-4.366776955E0,4.740207459E0
1.083176250E0,-2.853010299E0,-2.687123036E-1,3.526502538E-1,2.887254105E0
1.093197250E0,-2.150007162E0,1.262068874E-1,2.005747581E0,2.943039642E0
1.103218250E0,9.095905280E-1,1.086676962E0,5.743076742E-1,1.529068688E0
1.113240250E0,2.451088482E0,2.118954939E-1,-1.587538930E0,2.927971021E0
1.123261250E0,2.540509951E0,-1.066976523E0,-5.578786793E-1,2.811380148E0
1.133282250E0,2.799642761E0,-1.766998165E0,4.194756695E-1,3.337100829E0
1.143304250E0,3.114341077E0,-1.410980499E0,4.474925302E-2,3.419355028E0
1.153325250E0,2.522355516E0,2.634579957E-2,-1.744939544E0,3.067211349E0
1.163346250E0,2.100144446E-2,-1.483982402E-1,-2.971612297E0,2.975389511E0
1.173368250E0,-1.485472857E0,-4.037631047E-1,-1.738906971E0,2.322380612E0
1.183389250E0,-1.290293384E0,-1.487963187E0,-7.736621330E-1,2.115997296E0
1.193410250E0,-5.904167533E-1,-2.111874545E0,-1.891363764E-1,2.200994913E0
1.203432250E0,-9.174795914E-1,-2.297952828E0,-7.274689101E-1,2.579063205E0
1.213453250E0,-1.564060605E0,-1.881855022E0,-1.639554006E0,2.945471310E0
1.223474250E0,-1.943834338E0,5.993337572E-2,-1.146984414E0,2.257799192E0
1.233496250E0,-1.155396364E0,1.971888694E0,-1.683715980E-1,2.291644557E0
1.243517250E0,3.645920223E-1,2.347902083E0,7.219194639E-1,2.483292018E0
1.253538250E0,2.066031790E-1,1.429841863E0,1.620214195E0,2.170766377E0
1.263560250E0,2.757313013E-2,7.030113226E-1,1.644146263E0,1.788351792E0
1.273581250E0,4.872742081E-1,4.851961076E-1,2.263223290E0,2.365381804E0
1.283602250E0,1.165909658E0,1.016144924E0,2.529919474E0,2.965196179E0
1.293624250E0,1.524202475E0,1.227080889E0,1.970576725E0,2.777065596E0
1.303645250E0,2.237321879E0,1.283141654E0,9.154506806E-1,2.736806834E0
1.313666250E0,3.025066373E0,2.679480726E-1,-6.894843739E-1,3.114195150E0
1.323688250E0,3.327259834E0,-1.665862969E0,-1.726938305E0,4.102203474E0
1.333709250E0,2.144850503E0,-2.930981165E0,-2.833961824E0,4.606774782E0
1.343730250E0,-4.428780538E-1,-2.456604745E0,-3.783446735E0,4.532716299E0
1.353752250E0,-7.013062745E-1,2.219041729E-1,-1.449214858E0,1.625206343E0
1.363773250E0,-2.152172971E-1,-3.397641599E-1,8.033416495E-2,4.101362547E-1
1.373794250E0,3.511252999E-3,9.916877747E-2,1.179003328E-1,1.541014724E-1
1.383816250E0,3.712876689E-1,2.458491057E-1,3.956951165E-1,5.957104507E-1
1.393837250E0,3.639885896E-1,1.766397071E-1,7.529506373E-1,8.547654309E-1
1.403858250E0,-4.983114123E-1,9.665564418E-2,8.344479597E-1,9.767087460E-1
1.413880250E0,-2.512776607E-1,-1.210584140E-1,1.178349536E0,1.210910084E0
1.423901250E0,7.300131798E-2,-3.863840103E-2,1.352525446E0,1.355045092E0
1.433922250E0,5.249688685E-2,2.964070559E-2,9.216182506E-1,9.235879462E-1
1.443944250E0,-2.026469529E-2,-1.058170617E-2,4.881549449E-1,4.886899637E-1
1.453965250E0,-1.084945017E-1,3.835130274E-2,1.814583244E-1,2.148697345E-1
1.463986250E0,6.743710756E-2,1.832926691E-2,-4.873420358E-2,8.519828695E-2
1.474008250E0,-7.047941387E-2,5.755122006E-2,1.337913839E-1,1.618011901E-1
1.484029250E0,3.468860686E-2,7.046947360E-2,2.093303934E-1,2.235809915E-1
1.494050250E0,-2.811399758E-2,1.187569499E-2,4.802610576E-2,5.690286307E-2
1.504072250E0,-3.368756354E-2,2.173059225E-1,-1.440994404E-1,2.629094228E-1
1.514093250E0,5.119529665E-2,5.476736069E-2,-1.763655458E-1,1.916382737E-1
1.524114250E0,2.086286545E-2,5.256529927E-2,6.262718797E-2,8.438325968E-2
1.534136250E0,4.791208506E-3,3.626384676E-2,5.833416224E-2,6.885417013E-2
1.544157250E0,1.280657172E-2,8.467177570E-2,-1.331340837E-1,1.582971956E-1
1.554178250E0,3.487045527E-2,1.545120889E-1,-1.819665936E-1,2.412504414E-1
1.564200250E0,5.690159440E-2,1.825518268E-1,-1.805023777E-1,2.629525990E-1
1.574221250E0,4.177601695E-2,1.774922311E-1,-1.496846277E-1,2.359114568E-1
1.584242250E0,6.977073133E-2,1.366301340E-1,-1.412277266E-1,2.085210282E-1
1.594263250E0,6.819607615E-3,1.143984354E-1,-1.104321959E-1,1.591501773E-1
1.604285250E0,-5.841836214E-2,1.501272619E-2,-6.692255259E-2,9.009281341E-2
1.614306250E0,-5.874639094E-2,-1.223500639E-1,6.719846807E-2,1.514473859E-1
1.624328250E0,-5.730797589E-2,-2.529096186E-2,2.511877598E-1,2.588805275E-1
1.634349250E0,1.215870023E-2,6.012341022E-2,2.774791802E-1,2.841783840E-1
1.644370250E0,1.199673235E-2,4.447509170E-2,9.082494691E-2,1.018387272E-1
1.654392250E0,-2.951908350E-2,5.972346067E-2,9.444349632E-3,6.728643092E-2
1.664413250E0,-9.369636834E-2,-2.024890780E-2,3.191995025E-2,1.010342067E-1
1.674434250E0,-1.021432561E-1,-7.217218280E-2,2.708887835E-1,2.983668912E-1
1.684455250E0,-5.285239756E-2,-2.386307180E-2,4.258704038E-1,4.298004455E-1
1.694477250E0,5.192970693E-2,1.371739250E-1,4.783917028E-1,5.003718632E-1
1.704498250E0,1.454547518E-1,3.917786515E-1,2.669300723E-1,4.958823047E-1
1.714519250E0,1.194176853E-1,2.989973724E-1,8.420165956E-2,3.327911233E-1
1.724540625E0,-6.931874156E-2,-2.865544975E-2,1.989707353E-1,2.126395453E-1
1.734561625E0,-1.757895219E-1,-1.946900618E-1,1.832833135E-1,3.199983581E-1
1.744582625E0,-1.583519554E-1,-2.369028658E-1,2.024436159E-1,3.495450289E-1
1.754604625E0,-1.068596202E-1,-1.032834631E-1,1.885480734E-1,2.400767131E-1
1.764625625E0,-4.695080280E-2,4.783724070E-2,1.831651998E-1,1.950442767E-1
1.774646625E0,4.821380138E-2,1.779272640E-1,2.482412016E-1,3.092028074E-1
1.784668625E0,5.920305848E-2,1.665830809E-1,3.332374247E-1,3.772295140E-1
1.794689625E0,-8.671420813E-4,9.878636956E-2,3.098411800E-1,3.252092489E-1
1.804710625E0,-5.023869216E-2,-1.810824215E-2,1.604837772E-1,1.691356774E-1
1.814732625E0,-6.187991381E-2,-4.099541366E-2,1.318763477E-1,1.513311559E-1
1.824753625E0,-5.128358960E-2,-1.118455410E-2,1.160040808E-1,1.273265391E-1
1.834774625E0,-2.344090283E-2,4.958789706E-2,1.132075037E-1,1.257949695E-1
1.844796625E0,1.373394012E-2,1.173197043E-1,1.417546338E-1,1.845180488E-1
1.854817625E0,2.585287929E-2,1.261647874E-1,1.393045773E-1,1.897147601E-1
1.864838625E0,1.607808888E-2,9.787478864E-2,1.291655054E-1,1.628548648E-1
1.874860625E0,-3.005936623E-2,2.686561704E-2,2.787993354E-1,2.816991237E-1
1.884881625E0,-1.031010300E-1,-5.332894564E-2,3.673565859E-1,3.852592114E-1
1.894902625E0,-7.760483086E-2,3.532302976E-3,1.477490531E-1,1.669274382E-1
1.904924625E0,-3.426526845E-2,1.802579641E-2,1.889865415E-1,1.929117695E-1
1.914945625E0,-6.791014731E-2,3.921493649E-2,3.130539326E-1,3.227264540E-1
1.924966625E0,-1.854853749E-2,4.304486275E-2,3.322808933E-1,3.355704107E-1
1.934988625E0,7.383279204E-3,4.374769807E-2,2.400001359E-1,2.440664646E-1
1.945009625E0,-1.131260812E-2,7.213125229E-2,1.170039546E-1,1.379159819E-1
1.955030625E0,9.943774939E-3,1.095335519E-1,9.887758613E-2,1.478960943E-1
1.965052625E0,6.391123652E-2,1.420955265E-1,4.035704389E-2,1.609486744E-1
1.975073625E0,4.598952055E-2,1.267243659E-1,-2.469045281E-2,1.370537099E-1
1.985094625E0,7.825913429E-3,7.711308002E-2,-4.287587821E-2,8.857772273E-2
1.995116625E0,-3.191761136E-2,3.892432988E-2,-1.703586280E-2,5.314186667E-2
2.005137625E0,-5.716238022E-2,-1.387602746E-2,3.408685528E-2,6.798525982E-2
2.015158625E0,-5.671214461E-2,-1.070683658E-2,1.265103579E-1,1.390531350E-1
2.025180625E0,-3.055111706E-2,5.840374410E-2,2.673036363E-1,2.753100108E-1
2.035201625E0,1.891281903E-2,8.846427977E-2,4.045196613E-1,4.145114955E-1
2.045222625E0,4.468559146E-2,1.112269056E-1,4.080443629E-1,4.252862903E-1
2.055244625E0,4.462945819E-2,1.543758488E-1,2.822502159E-1,3.247905103E-1
2.065265625E0,6.934680820E-2,1.714795393E-1,1.448782164E-1,2.349551229E-1
2.075286625E0,9.059091210E-3,1.811695451E-1,1.348082878E-2,1.818961350E-1
2.085308625E0,4.758405626E-2,1.817992902E-1,-1.421663509E-1,2.356406069E-1
2.095329625E0,8.874143779E-2,6.845803142E-2,-2.599081510E-1,2.830437984E-1
2.105350625E0,-2.641421199E-2,-1.062766528E-1,-3.523953152E-1,3.690188284E-1
2.115372625E0,-1.133219630E-1,-2.187554473E-1,-4.070474857E-1,4.757977182E-1
2.125393625E0,-1.859356105E-2,-3.072010159E-2,-4.540110793E-1,4.554289245E-1
2.135414625E0,5.817044020E-2,9.677551210E-2,-4.895400041E-1,5.023929891E-1
2.145436625E0,4.141056597E-2,8.000452816E-2,-4.483797721E-1,4.573401136E-1
2.155457625E0,1.250620025E-1,2.479798311E-1,-3.804093985E-1,4.710051078E-1
2.165478625E0,2.420250267E-1,4.495298463E-1,-4.862209053E-1,7.050276342E-1
2.175500625E0,2.759862399E-1,4.493140841E-1,-5.624397267E-1,7.709669234E-1
2.185521625E0,1.064134777E-1,2.234554392E-1,-4.213346455E-1,4.886502277E-1
2.195542625E0,6.155363917E-3,7.860587418E-2,-2.853998186E-1,2.960909124E-1
2.205564625E0,3.709473610E-2,1.196580058E-1,-3.688195592E-1,3.895149870E-1
2.215585625E0,3.164162278E-2,3.725904286E-2,-4.161030686E-1,4.189644284E-1
2.225606625E0,1.973961532E-2,5.192853749E-2,-3.799848906E-1,3.840244035E-1
2.235627625E0,2.732579291E-2,7.059226513E-2,-2.663389188E-1,2.768869562E-1
2.245649625E0,7.348429799E-2,1.238691705E-1,-1.791165876E-1,2.298396516E-1
2.255670625E0,9.259241402E-2,2.162727195E-1,-1.873044437E-1,3.007161435E-1
2.265691625E0,9.755962372E-2,1.886820477E-1,-2.340115638E-1,3.160383004E-1
2.275713625E0,1.409290069E-1,1.682676637E-1,-1.354238534E-1,2.579042685E-1
2.285734625E0,7.440406501E-2,1.426732314E-1,-4.552254729E-2,1.672241554E-1
2.295755625E0,2.719072223E-2,1.306273824E-1,-2.259071767E-2,1.353262315E-1
2.305777625E0,4.113983989E-2,1.335773027E-1,-2.711628717E-1,3.050650508E-1
2.315798625E0,6.430241525E-2,1.032846326E-1,-1.885403989E-1,2.243880522E-1
2.325819625E0,4.443123758E-2,3.183165729E-2,2.093532707E-1,2.163704722E-1
2.335841625E0,-1.262530804E-2,8.997695446E-3,2.506941086E-1,2.511730340E-1
2.345862625E0,-1.456968266E-1,-3.787943244E-2,2.049368687E-1,2.542863284E-1
2.355883625E0,-1.705954403E-1,-8.284042776E-2,2.613937823E-1,3.229427970E-1
2.365905625E0,-2.459450001E-1,-1.227394885E-1,2.683747731E-1,3.841600499E-1
2.375926625E0,-9.069241977E-1,-4.147073382E-1,3.512292342E-1,1.057286930E0
2.385947625E0,-7.715249026E-1,-6.589794499E-1,5.499798949E-1,1.154115452E0
2.395969625E0,-8.149498343E-2,-6.079437822E-1,6.522009189E-1,8.953229101E-1
2.405990625E0,5.442032844E-1,-1.078033608E-1,8.050331028E-1,9.776794341E-1
2.416011625E0,7.144508153E-1,7.569957411E-1,6.041578563E-1,1.203531983E0
2.426033625E0,4.069252789E-1,1.195383718E0,2.302708076E-1,1.283571214E0
2.436054625E0,1.142253578E-1,6.977926826E-1,-1.304781322E-1,7.190178046E-1
2.446075625E0,-2.541199923E-1,-2.170661867E-2,-3.822791187E-1,4.595492056E-1
2.456097625E0,-4.875618911E-1,-4.869549501E-1,6.057583854E-2,6.917450060E-1
2.466118625E0,-4.518336493E-1,-6.975886148E-1,6.022689132E-1,1.026407018E0
2.476139625E0,-3.325779319E-2,-4.870952833E-1,1.002251793E0,1.114843735E0
2.486161625E0,-2.723703218E-1,-3.309284323E-1,1.257640339E0,1.328667920E0
2.496182625E0,-6.512003142E-1,-1.957864147E-1,1.261781337E0,1.433347938E0
2.506203625E0,-3.874862105E-1,1.540630227E-1,1.227023733E0,1.295942985E0
2.516225625E0,2.458876973E-1,4.754143006E-1,8.207754153E-1,9.798733588E-1
2.526246625E0,3.467474896E-1,7.341500849E-1,7.008822052E-1,1.072588474E0
2.536267625E0,3.505060798E-1,7.142818308E-1,7.104272000E-1,1.066658264E0
2.546289625E0,2.251470387E-2,3.172301602E-1,6.480416483E-1,7.218724710E-1
2.556310625E0,-1.338433510E-1,-2.728895545E-2,5.812566514E-1,5.970913033E-1
2.566331625E0,-2.548257512E-1,-2.483014280E-1,5.613477592E-1,6.646059504E-1
2.576353625E0,-1.736856937E-2,-4.642513812E-2,5.434663890E-1,5.457221607E-1
2.586374625E0,3.212764335E-1,2.958042079E-1,9.983300655E-1,1.089670407E0
2.596395625E0,-4.853376102E-1,1.083073908E-1,1.011477091E0,1.127106469E0
2.606417625E0,-4.409554893E-1,-3.079670012E-2,8.693106674E-1,9.752390562E-1
2.616438625E0,2.184689337E-1,9.066984951E-2,7.775609833E-1,8.127427510E-1
2.626459625E0,2.105453718E-1,2.118539786E-1,8.366729714E-1,8.883879349E-1
2.636480625E0,1.518048280E-1,5.173616409E-3,4.762555687E-1,4.998908269E-1
2.646502625E0,1.217226577E-1,-2.735970676E-2,-1.158286643E-1,1.702387689E-1
2.656523625E0,-1.075115848E-1,3.764028132E-1,-4.885208344E-1,6.260115209E-1
2.666544625E0,3.819611764E-1,1.340496408E0,-8.656656593E-3,1.393879441E0
2.676566625E0,7.223176593E-1,1.581656047E0,3.412984693E-1,1.771965941E0
2.686587625E0,4.230518997E-2,-2.166978121E-2,-2.627510673E-1,2.670157896E-1
2.696608625E0,-5.574729556E-1,-2.515787923E0,-1.535028010E0,2.999379263E0
2.706630625E0,-1.196376575E0,-2.298214198E0,-2.550545527E0,3.635710095E0
2.716651625E0,-5.511281419E-1,1.643921292E-1,-1.562511678E0,1.664995419E0
2.726673250E0,-2.648069483E-1,-6.154124308E-1,6.003570199E-2,6.726510725E-1
2.736695250E0,5.853998423E-2,-3.297548962E-1,-1.260472438E0,1.304207034E0
2.746716250E0,-1.639348769E-1,9.552303851E-2,-1.194976021E0,1.209945034E0
2.756737250E0,4.588818830E-1,6.711118376E-1,5.476902714E-1,9.802695112E-1
2.766759250E0,9.467946070E-1,1.178020996E0,1.358200461E0,2.031960134E0
2.776780250E0,-3.222839087E-1,-2.350580692E-3,5.315832388E-1,6.216535875E-1
2.786801250E0,-1.096247685E-1,-2.544363266E-1,-9.794745491E-1,1.017902661E0
2.796823250E0,3.011433005E-2,6.029999614E-2,1.702909465E-1,1.831446665E-1
2.806844250E0,1.478240436E-1,2.152658290E-1,1.103050482E0,1.133539453E0
2.816865250E0,-1.460809886E-1,2.036936045E-2,5.538767718E-2,1.575511373E-1
2.826887250E0,3.246871144E-1,3.909325594E-1,-7.397946214E-1,8.975221836E-1
2.836908250E0,1.927236432E-1,3.532940322E-1,-1.987608933E-1,4.488484918E-1
2.846929250E0,1.591974628E-1,3.057818967E-1,3.064057946E-2,3.461000515E-1
2.856951250E0,6.643314064E-2,1.186639792E-1,-3.078396781E-1,3.365408883E-1
2.866972250E0,-1.416604936E-2,-1.888065934E-2,-3.974247229E-1,3.981250641E-1
2.876993250E0,-8.341287017E-2,-8.611662269E-2,-2.752489060E-1,3.002261479E-1
2.887015250E0,-8.773571670E-2,-7.999107957E-2,-1.053340816E-1,1.587179812E-1
2.897036250E0,1.453302062E-1,3.345770949E-1,-2.816119923E-1,4.608340433E-1
2.907057250E0,4.214509320E-1,6.363717753E-1,-6.028755619E-1,9.726504344E-1
2.917079250E0,6.630239689E-1,1.110783863E0,-8.737640530E-1,1.561058998E0
2.927100250E0,1.171245827E0,1.698832494E0,-6.964400755E-1,2.177814824E0
2.937121250E0,1.263882680E0,1.589398929E0,-7.817855966E-1,2.175954297E0
2.947143250E0,7.334759009E-1,8.496074510E-1,-6.181378180E-1,1.281371952E0
2.957164250E0,2.242711258E-1,9.168901920E-2,-1.472868307E-1,2.835451015E-1
2.967185250E0,-5.848332471E-1,-7.876977164E-1,-1.928856111E-1,9.998512280E-1
2.977206250E0,-1.138393246E0,-1.249498529E0,-3.718567492E-1,1.730740651E0
2.987228250E0,-1.229425623E0,-1.602944005E0,-4.074117672E-1,2.060801104E0
2.997249250E0,-9.848751837E-1,-1.618579459E0,-2.560193141E-1,1.911890290E0
3.007270250E0,-7.311001772E-1,-1.122384154E0,5.069696769E-2,1.340456579E0
3.017292250E0,-3.908641469E-1,-3.011930019E-1,5.199944960E-1,7.168586203E-1
3.027313250E0,-1.047821045E-3,4.252434361E-1,1.092591275E0,1.172428579E0
3.037334250E0,2.719861597E-1,7.748239017E-1,1.368473434E0,1.595947396E0
3.047356250E0,5.764594495E-2,6.185020995E-1,1.481181586E0,1.606165244E0
3.057377250E0,6.980756879E-2,4.321256089E-1,1.425733609E0,1.491416093E0
3.067398250E0,-1.231832922E-2,1.340444952E-1,1.285506853E0,1.292535314E0
3.077420250E0,-2.257943255E-1,-2.059243172E-1,1.091278136E0,1.133258961E0
3.087441250E0,-2.969181025E-1,-2.842986417E-1,8.427830194E-1,9.376936040E-1
3.097462250E0,-1.901502836E-1,-2.246786767E-1,2.340353912E-1,3.760454792E-1
3.107484250E0,-2.866860598E-1,-4.586672902E-1,-1.596189009E-1,5.639528114E-1
3.117505250E0,2.528569937E-2,1.133716643E-1,-9.323575392E-2,1.489476642E-1
3.127526250E0,8.585876048E-2,5.128002280E-1,1.444414294E-1,5.396286937E-1
3.137548250E0,2.100793487E-1,1.508540708E-1,3.959923013E-1,4.729695403E-1
3.147569250E0,-4.455636799E-2,6.927079439E-2,4.408746515E-1,4.485021418E-1
3.157590250E0,-2.117323565E-1,-1.196925044E-3,6.132559776E-2,2.204378651E-1
3.167612250E0,-2.111347711E-1,-1.889229530E-1,3.442777719E-1,4.458665248E-1
3.177633250E0,-6.593905091E-3,-7.164944172E-2,4.738491471E-1,4.792808533E-1
3.187654250E0,4.922946274E-2,1.184254128E-1,4.610270803E-1,4.785332665E-1
3.197676250E0,1.757737345E-1,3.551242107E-1,3.438640814E-1,5.246447533E-1
3.207697250E0,1.717145973E-1,3.977387184E-1,1.511065243E-1,4.588193247E-1
3.217718250E0,9.678018987E-2,2.781374305E-1,-5.226314440E-2,2.990957567E-1
3.227739250E0,1.424726719E-1,1.649721730E-1,-7.206240132E-2,2.295806389E-1
3.237761250E0,-6.477779388E-2,-3.705906808E-2,-2.827903524E-2,7.980752434E-2
3.247782250E0,-1.929540235E-1,-1.350636649E-1,9.892831072E-2,2.554608765E-1
3.257803250E0,-2.493030560E-1,-2.066113651E-1,2.473214346E-1,4.074409920E-1
3.267825250E0,-3.171459603E-1,-2.132982409E-1,4.711658598E-1,6.066918223E-1
3.277846250E0,-3.027618098E-1,-2.121299672E-1,7.435721420E-1,8.303995224E-1
3.287867250E0,-2.476336759E-1,-1.618287098E-1,9.081566446E-1,9.551227459E-1
3.297889250E0,-2.037088072E-1,-6.519820869E-2,9.243869072E-1,9.488093796E-1
3.307910250E0,-2.397463667E-1,-2.188846707E-2,8.939996584E-1,9.258470795E-1
3.317931250E0,-2.217123842E-1,-2.169843256E-2,9.319591977E-1,9.582145634E-1
3.327953250E0,-2.084427130E-1,-2.041262984E-2,9.090022981E-1,9.328184272E-1
3.337974250E0,-1.881142831E-1,5.899314344E-2,1.037267259E0,1.055836418E0
3.347995250E0,-1.178558940E-1,1.527590936E-1,8.809463342E-1,9.018269214E-1
3.358017250E0,1.638389826E-3,9.285553873E-2,3.169782914E-1,3.303030012E-1
3.368038250E0,-9.166504562E-2,7.068055809E-2,1.997164746E-1,2.308352055E-1
3.378059250E0,-1.016228539E-1,1.242182493E-2,1.646950150E-1,1.939225467E-1
3.388081250E0,-4.178829610E-2,-2.857943594E-2,7.970748961E-2,9.442631916E-2
3.398102250E0,2.712874174E-2,-4.224788725E-2,2.110844851E-3,5.025244543E-2
3.408123250E0,1.836084187E-2,-4.447860003E-2,-1.867232305E-1,1.928238346E-1
3.418145250E0,7.992617548E-2,8.510622382E-2,-2.310088724E-1,2.588365546E-1
3.428166250E0,8.334387302E-2,4.740747035E-2,-6.823039931E-1,6.890082789E-1
3.438187250E0,3.566000479E-1,2.175900972E-1,-1.102724207E0,1.179198763E0
3.448209250E0,2.563086051E-1,8.726402181E-1,-8.293912876E-1,1.230887874E0
3.458230250E0,2.732889193E-1,6.631298035E-1,-3.947338343E-1,8.186835589E-1
3.468251250E0,2.668832946E-1,1.092148787E-1,-3.479017299E-1,4.518740935E-1
3.478273250E0,3.163501543E-1,-1.269290185E-1,-1.032749993E0,1.087548134E0
3.488294250E0,1.333603710E-1,-6.778443217E-2,-1.204992009E0,1.214242751E0
3.498315250E0,1.040804386E-4,-8.722700894E-2,-6.762035930E-1,6.818063223E-1
3.508336250E0,5.788743496E-2,1.582431972E-2,-3.192052035E-1,3.247973617E-1
3.518358250E0,1.089236873E-1,2.269473964E-1,-3.405343113E-1,4.234773991E-1
3.528379250E0,1.926242405E-1,2.945441329E-1,-3.320412306E-1,4.838509306E-1
3.538400250E0,1.074484348E-1,2.180520272E-1,7.823939994E-2,2.553688635E-1
3.548422250E0,-2.017874122E-3,1.184078711E-1,4.277706027E-2,1.259141479E-1
3.558443250E0,-3.331860423E-2,-7.634124756E-3,-3.774664948E-1,3.790110341E-1
3.568464250E0,-3.806128085E-2,1.546763957E-2,1.012514826E-1,1.092692624E-1
3.578486250E0,-4.996972024E-2,2.754330933E-2,3.965862322E-1,4.006697473E-1
3.588507250E0,-5.492406607E-2,6.550050974E-3,2.283267546E-1,2.349311879E-1
3.598528250E0,-5.825347066E-2,3.473246098E-3,3.088855988E-1,3.143498742E-1
3.608550250E0,-5.180633068E-2,2.235215127E-2,2.710916819E-1,2.769010916E-1
3.618571250E0,-4.844593585E-2,3.170067966E-2,3.291725135E-1,3.342252017E-1
3.628592250E0,-4.725018024E-2,5.337455392E-2,3.980866277E-1,4.044185774E-1
3.638614250E0,-5.047550440E-2,3.342736244E-2,3.426917146E-1,3.479982419E-1
3.648635250E0,-5.775002539E-2,7.672131658E-3,3.242169982E-1,3.294094549E-1
3.658656250E0,-6.651149333E-2,-1.271827877E-2,2.794869679E-1,2.875734664E-1
3.668678250E0,-6.596185505E-2,-7.221311331E-3,2.755954997E-1,2.834713268E-1
3.678699250E0,-4.508261740E-2,2.073013365E-2,2.446164396E-1,2.495984442E-1
3.688720250E0,-3.085985005E-2,3.851034701E-2,2.181683137E-1,2.236801070E-1
3.698742250E0,-1.673297703E-2,4.971302748E-2,1.806117207E-1,1.880743770E-1
3.708763250E0,-1.281241894E-2,6.133553803E-2,1.546231860E-1,1.668368543E-1
3.718784250E0,-1.311764359E-2,5.953693449E-2,1.068338194E-1,1.230048133E-1
3.728806250E0,-1.213121831E-2,4.526680470E-2,8.298711978E-2,9.530536246E-2
3.738827250E0,-7.621260881E-3,4.212217212E-2,5.088539422E-2,6.649574682E-2
3.748848250E0,1.092844605E-2,6.183839858E-2,3.080854073E-2,6.994701319E-2
3.758870250E0,1.793341041E-2,9.138788760E-2,4.049927741E-3,9.321885605E-2
3.768891250E0,2.492141783E-2,8.220834374E-2,1.713541165E-2,8.759515501E-2
3.778912250E0,2.186975598E-2,7.934028447E-2,-7.119058147E-3,8.260658542E-2
3.788933250E0,1.749194562E-2,7.081621349E-2,-2.069563508E-2,7.582356867E-2
3.798955250E0,9.783561230E-3,8.275271952E-2,6.337139234E-3,8.356967149E-2
3.808976250E0,8.123536706E-3,6.473277032E-2,-1.055078901E-2,6.608814229E-2
3.818997250E0,-1.040921330E-2,-5.144497275E-2,4.971529327E-2,7.229486378E-2
3.829019250E0,-2.051466376E-1,-1.559423178E-1,2.855370820E-1,3.846226392E-1
3.839040250E0,-2.034427589E-1,-1.762824422E-1,4.934510605E-1,5.621017743E-1
3.849061250E0,-2.452848494E-2,1.042084926E-1,6.965600165E-1,7.047388971E-1
3.859083250E0,4.471716642E-2,3.084739548E-1,2.525406593E-1,4.011640442E-1
3.869104250E0,2.004583400E-1,2.962526894E-1,1.953101590E-2,3.582326934E-1
3.879125250E0,8.507874191E-2,2.104956704E-1,-1.573842412E-1,2.762546271E-1
3.889147250E0,2.888641477E-2,1.099335015E-2,-1.269986004E-1,1.307054827E-1
3.899168250E0,-7.865323663E-2,-1.133441824E-1,4.617487729E-2,1.454831764E-1
3.909189250E0,-9.731930315E-2,-5.723196208E-2,-1.821178173E-1,2.142742253E-1
3.919211250E0,-3.143755496E-2,1.336790442E-2,-1.409259371E-1,1.450073808E-1
3.929232250E0,5.048836827E-2,7.962445915E-2,-6.359431744E-2,1.137249622E-1
3.939253250E0,1.472059929E-1,2.218275744E-1,1.427663483E-1,3.020915545E-1
3.949275250E0,1.463043523E-1,2.729322392E-1,-1.224773870E-1,3.330130343E-1
3.959296250E0,-5.762723386E-2,7.869884491E-2,-2.013915557E-1,2.237698929E-1
3.969317250E0,-3.195386410E-2,-3.987216353E-2,1.117284505E-1,1.228579892E-1
3.979339250E0,-2.837478340E-2,-5.025389493E-2,-6.221262038E-2,8.485866144E-2
3.989360250E0,-4.156317830E-2,7.828193843E-2,-2.160838544E-2,9.122763834E-2
3.999381250E0,4.757119238E-2,1.134891933E-1,4.275908008E-2,1.302733828E-1
4.009402250E0,5.349149823E-2,1.353133410E-1,4.520599365E-2,1.523634553E-1
4.019424250E0,8.782517910E-3,1.075893527E-1,2.694272719E-2,1.112587614E-1
4.029445250E0,-3.121828437E-3,3.326013207E-2,5.240318522E-2,6.214560338E-2
4.039466250E0,-1.676279783E-2,1.446308792E-2,4.361496627E-2,4.891255040E-2
4.049488250E0,-2.737140119E-2,3.103585124E-2,3.315195858E-2,5.302329699E-2
4.059509250E0,-6.082858443E-3,4.964110672E-2,6.119301215E-2,7.903053448E-2
4.069530250E0,1.244287491E-2,8.072665930E-2,9.807140127E-2,1.276307894E-1
4.079552250E0,2.634170651E-3,8.289889991E-2,1.228494161E-1,1.482266694E-1
4.089573250E0,-1.667918265E-2,5.422064602E-2,1.608082976E-1,1.705209142E-1
4.099594250E0,-2.662354231E-2,3.326071680E-2,1.523057882E-1,1.581522729E-1
4.109616250E0,-3.783090055E-2,1.925429642E-2,1.615099635E-1,1.669951295E-1
4.119637250E0,-4.677012384E-2,1.711655438E-2,1.703258105E-1,1.774578898E-1
4.129658250E0,-3.309056282E-2,2.881917179E-2,1.788943204E-1,1.841974698E-1
4.139680250E0,-2.162241876E-2,5.076084852E-2,1.759865000E-1,1.844327545E-1
4.149701250E0,-1.505482614E-2,6.507190883E-2,1.704219241E-1,1.830427091E-1
4.159722250E0,-1.935603797E-2,5.161921978E-2,1.485210317E-1,1.584225266E-1
4.169744250E0,-1.690430045E-2,3.773792982E-2,1.198724525E-1,1.268042254E-1
4.179765250E0,-2.047519505E-2,4.031889081E-2,9.727998063E-2,1.072764709E-1
4.189786250E0,-3.389630914E-2,1.610790968E-2,1.046808015E-1,1.112047424E-1
4.199807250E0,2.127860248E-2,1.491373283E-1,3.497588056E-1,3.808227195E-1
4.209829250E0,-3.477806926E-2,-8.029981256E-3,4.626148917E-1,4.639897981E-1
4.219850250E0,-2.508993459E-1,-6.105194807E-2,4.267759913E-1,4.988141627E-1
4.229871250E0,-4.846493930E-1,2.238144583E-1,4.576492900E-1,7.031506371E-1
4.239893250E0,3.938257617E-1,-6.021053374E-2,2.443003245E-1,4.673400127E-1
4.249914250E0,2.176456457E-1,-4.160352409E-2,-2.514484725E-1,3.351519277E-1
4.259935250E0,-8.119502127E-2,7.226398408E-2,-9.993542053E-2,1.476543367E-1
4.269957250E0,-8.559095800E-2,-7.339600503E-2,-1.149335287E-1,1.610046635E-1
4.279978250E0,-6.660563350E-3,9.094174504E-3,-1.520738000E-1,1.524910088E-1
4.289999250E0,5.856863558E-2,8.078220785E-2,-2.089759791E-1,2.315750635E-1
4.300021250E0,1.759234232E-1,2.948721617E-1,-1.713649338E-1,3.837506784E-1
4.310042250E0,8.709252298E-2,2.269210839E-1,-1.368738167E-1,2.789493280E-1
4.320063250E0,6.705236077E-2,9.652232766E-2,-2.022129433E-1,2.338859835E-1
4.330085250E0,4.239933014E-2,1.047136921E-1,-2.783146012E-1,3.003692357E-1
4.340106250E0,6.373465061E-5,4.926396132E-2,-2.867649972E-2,5.700248752E-2
4.350127250E0,2.289184928E-3,-1.770653844E-2,1.448226678E-1,1.459190426E-1
4.360149250E0,-4.208708882E-2,-5.752490759E-3,2.106137842E-1,2.148547888E-1
4.370170250E0,-4.940838754E-2,-8.588390350E-3,3.455902525E-1,3.492099252E-1
4.380191250E0,-4.403304219E-2,5.984098971E-2,-7.591681279E-2,1.062224803E-1
4.390212250E0,-7.634592533E-2,1.203824759E-2,-4.297001839E-2,8.843100248E-2
4.400234250E0,-6.292481124E-2,2.951089740E-2,7.199909791E-1,7.233377046E-1
4.410255250E0,1.225459456E-2,1.890913528E-1,3.482718587E-2,1.926620037E-1
4.420276250E0,7.570156217E-2,1.221606141E-1,2.817295213E-1,3.162680277E-1
4.430298250E0,1.781705081E-2,5.767693520E-3,7.742473662E-2,7.965741289E-2
4.440319250E0,-8.565235376E-2,4.539953649E-2,-6.021645404E-2,1.141203968E-1
4.450340250E0,2.777018130E-2,-3.880095363E-2,-2.800442076E-1,2.840800154E-1
4.460362250E0,3.513533413E-2,1.157526505E-1,-2.053186188E-1,2.383042237E-1
4.470383250E0,1.513563466E-1,3.200467640E-1,-2.779924927E-1,4.501316483E-1
4.480404250E0,2.501900786E-1,3.787487161E-1,-2.679849100E-1,5.271257700E-1
4.490426250E0,3.364493734E-1,4.682029295E-1,-1.902216196E-1,6.071214282E-1
4.500447250E0,3.502382773E-1,4.504373342E-1,-2.074832580E-1,6.071325599E-1
4.510468250E0,2.899938297E-1,3.827096200E-1,-9.082538545E-2,4.886842796E-1
4.520490250E0,1.147059989E-1,2.357971573E-1,2.611619402E-1,3.700855639E-1
4.530511250E0,-5.513865888E-2,-1.831347942E-3,4.486036474E-1,4.519832496E-1
4.540532250E0,-2.559045625E-1,-2.309889919E-1,5.650053388E-1,6.618716585E-1
4.550553250E0,-4.697799236E-1,-4.910602802E-1,8.271137240E-1,1.070490770E0
4.560575250E0,-5.521484810E-1,-5.620431393E-1,1.048349048E0,1.311409990E0
4.570596250E0,-6.019983333E-1,-6.002570325E-1,1.343726410E0,1.590066402E0
4.580617250E0,-5.571800101E-1,-7.050379676E-1,1.454429843E0,1.709647411E0
4.590639250E0,-4.821672499E-1,-5.392442608E-1,1.520768990E0,1.684045115E0
4.600660250E0,-4.626878357E-1,-3.913845491E-1,1.601584088E0,1.712405761E0
4.610681250E0,-3.440805745E-1,-2.577294785E-1,1.687847769E0,1.741736494E0
4.620703250E0,-2.158137131E-1,-1.811800700E-1,1.763787605E0,1.786154666E0
4.630724250E0,-1.885750437E-1,-1.277441204E-1,1.971398259E0,1.984512586E0
4.640745250E0,-3.000457782E-1,-2.940213919E-2,2.182573376E0,2.203297187E0
4.650767250E0,-2.665119964E-1,-1.999630809E-2,2.203960590E0,2.220106029E0
4.660788250E0,-6.294673830E-1,1.852912474E-1,2.261790723E0,2.355049746E0
4.670809250E0,-8.022438347E-1,2.058032799E-1,2.191059148E0,2.342368534E0
4.680831250E0,-5.460398948E-1,-1.842673999E-1,1.908514817E0,1.993625553E0
4.690852250E0,-5.656292367E-1,-3.845918387E-1,1.566574323E0,1.709386564E0
4.700873250E0,-4.688595718E-1,-3.970388067E-1,1.245519499E0,1.388808099E0
4.710894250E0,-3.317961591E-1,-9.769352496E-2,1.383147753E0,1.425738553E0
4.720916250E0,-3.792702878E-1,5.420719743E-2,1.262292237E0,1.319153541E0
4.730941125E0,-3.920324206E-2,2.103746331E-1,1.335622754E0,1.352657577E0
4.740962125E0,1.552435756E-3,4.655605727E-1,1.439596773E0,1.513006254E0
4.750984125E0,-1.670871109E-1,4.812784731E-1,1.185736397E0,1.290549447E0
4.761005125E0,-3.466486716E-1,3.563269830E-1,8.454606056E-1,9.807843066E-1
4.771026125E0,-2.320847601E-1,2.279174495E-1,5.199718380E-1,6.133354807E-1
4.781048125E0,-1.671818358E-1,2.233308935E-1,2.563542134E-1,3.788719268E-1
4.791069125E0,2.125638306E-2,2.968344873E-1,5.913055758E-2,3.034122106E-1
4.801090125E0,9.127035856E-2,2.224187279E-1,-5.353591880E-2,2.463056302E-1
4.811112125E0,2.243927479E-1,4.617014104E-1,-4.886518486E-1,7.087319146E-1
4.821133125E0,-2.527166605E-2,7.161406606E-1,-9.133853710E-1,1.160934511E0
4.831154125E0,2.076580167E-2,6.391848707E-1,-1.146441354E0,1.312751421E0
4.841176125E0,3.155508399E-2,5.395582563E-1,-1.608690502E0,1.697057443E0
4.851197125E0,1.986228991E-1,4.939049506E-1,-2.234741503E0,2.297272892E0
4.861218125E0,2.420425683E-1,5.506732285E-1,-2.812006699E0,2.875622938E0
4.871240125E0,9.689128697E-2,4.686806470E-1,-3.326330127E0,3.360583518E0
4.881261125E0,2.437546331E-1,6.055101711E-1,-4.038095316E0,4.090510074E0
4.891282125E0,4.906439584E-1,7.677084249E-1,-5.006236353E0,5.088468349E0
4.901303125E0,5.137346131E-1,6.598688114E-1,-5.798302524E0,5.858298581E0
4.911325125E0,2.861101091E-1,3.462580776E-1,-4.724912775E0,4.746214742E0
4.921346125E0,-1.425276357E-1,-8.067403436E-3,-2.798748722E0,2.802387129E0
4.931367125E0,-3.221757352E-1,-4.708090335E-1,-3.124019973E0,3.175682469E0
4.941389125E0,-3.939649254E-1,-5.383806270E-1,-3.407454396E0,3.472147394E0
4.951410125E0,-2.187162709E-1,-2.258498740E-1,-3.022248015E0,3.038556901E0
4.961431125E0,-8.316904128E-2,2.102015555E-1,-3.220501370E0,3.228425446E0
4.971453125E0,-1.155503368E-1,5.568198216E-1,-3.110512905E0,3.162070639E0
4.981474125E0,-3.477806926E-2,5.963855910E-1,-2.736810336E0,2.801252595E0
4.991495125E0,1.001043320E-2,7.114529479E-1,-2.142599909E0,2.257653622E0
5.001517125E0,1.010685378E-1,7.613992792E-1,-1.064373197E0,1.312567718E0
5.011538125E0,3.463592345E-1,7.141876906E-1,-1.654024915E-1,8.107939078E-1
5.021559125E0,4.426570290E-1,7.237677687E-1,4.865316482E-1,9.780071948E-1
5.031581125E0,6.861128694E-1,5.783790904E-1,8.121314764E-1,1.210301936E0
5.041602125E0,9.362321967E-1,4.181238663E-1,1.208193798E0,1.584642088E0
5.051623125E0,7.378502029E-1,3.289181596E-1,1.730078845E0,1.909393330E0
5.061644125E0,-5.831252754E-2,-2.698840857E-2,2.166961164E0,2.167913608E0
5.071666125E0,-8.229014629E-1,-3.022788298E-1,2.466492387E0,2.617656204E0
5.081687125E0,-1.110499104E0,-5.150736254E-1,3.109891346E0,3.342145012E0
5.091708125E0,-1.209881305E0,-7.729492843E-1,3.408585248E0,3.698610112E0
5.101730125E0,-8.379685682E-1,-1.297812318E0,3.439686003E0,3.770669428E0
5.111751125E0,-9.062178540E-1,-1.381992343E0,3.651293229E0,4.007876730E0
5.121772125E0,-1.059065825E0,-1.787442954E0,4.026003274E0,4.530482877E0
5.131794125E0,-1.028784850E0,-2.127549176E0,4.317388156E0,4.921859837E0
5.141815125E0,-1.151264137E0,-2.732496260E0,4.340217440E0,5.256370645E0
5.151836125E0,-1.531605050E0,-1.973121872E0,4.268057536E0,4.945233977E0
5.161857125E0,-1.615575160E0,8.007849544E-1,2.580524202E0,3.148085894E0
5.171879125E0,-1.782657593E0,8.130296087E-1,1.069438859E0,2.232170404E0
5.181900125E0,-4.346732408E-1,1.396490514E0,-2.927648252E-1,1.491589027E0
5.191921125E0,2.451245188E0,2.405846820E0,-5.626734692E-1,3.480417120E0
5.201943125E0,2.162283976E0,1.831574230E0,-1.052847896E0,3.023015852E0
5.211964125E0,1.847952281E0,1.413396569E0,-2.109949057E0,3.140780558E0
5.221985125E0,1.323910781E0,1.026164712E0,-2.869609959E0,3.322712008E0
5.232007125E0,7.895869517E-1,6.795604795E-1,-3.914299235E0,4.050554098E0
5.242028125E0,1.796820134E-1,8.767899871E-3,-4.959821155E0,4.963082549E0
5.252049125E0,-3.660666901E-1,-7.171832192E-1,-6.011580884E0,6.065266797E0
5.262071125E0,-5.654777938E-1,-1.259142927E0,-5.117862623E0,5.300728618E0
5.272092125E0,-7.341658723E-1,-6.595717728E-1,-2.813119424E0,2.981220446E0
5.282113125E0,-6.217344403E-1,2.539451605E-1,-1.566738045E0,1.704614314E0
5.292135125E0,-2.758523387E-1,5.357616591E-1,-1.836580616E0,1.932915783E0
5.302156125E0,-6.623725891E-3,7.649421072E-1,-2.083026722E0,2.219049487E0
5.312177125E0,3.589541370E-1,1.265908740E0,-1.501275542E0,1.996296888E0
5.322198125E0,7.550082725E-1,1.007474087E0,-1.020440288E0,1.620598627E0
5.332220125E0,9.067593062E-1,1.127528535E0,-1.038330502E0,1.780916412E0
5.342241125E0,9.838144988E-1,1.157335886E0,-7.628727776E-1,1.699791809E0
5.352262125E0,8.636571407E-1,9.759692895E-1,-2.840852183E-1,1.333838117E0
5.362284125E0,1.656071806E-1,2.530043435E-1,2.149289563E-1,3.709870514E-1
5.372305125E0,-8.494057220E-1,-7.986407804E-1,9.079017060E-1,1.477701825E0
5.382326125E0,-1.188590423E0,-1.419261326E0,1.702374737E0,2.514981044E0
5.392348125E0,-1.196152042E0,-1.525999909E0,2.160164360E0,2.902716916E0
5.402369125E0,-1.286236001E0,-1.435922382E0,2.521111228E0,3.173685234E0
5.412390125E0,-1.315906527E0,-7.013390189E-1,2.838958855E0,3.206738809E0
5.422412125E0,-1.554008657E0,3.719916737E-1,3.290275025E0,3.657763039E0
5.432433125E0,-1.226648195E0,1.142738312E0,4.067045465E0,4.399019829E0
5.442454125E0,-4.307614535E-1,1.849497700E0,4.857748650E0,5.215737639E0
5.452475125E0,3.346472615E-1,2.909312553E0,5.456188368E0,6.192421161E0
5.462497125E0,6.391059333E-1,3.029030201E0,4.651546006E0,5.587518286E0
5.472518125E0,5.947542179E-1,2.925650843E0,3.215506094E0,4.387783595E0
5.482539125E0,4.315414721E-1,2.649821894E0,1.853244596E0,3.262253767E0
5.492561125E0,2.469922364E-1,1.981236053E0,8.252843495E-1,2.160415636E0
5.502582125E0,2.497035903E-1,1.521719162E0,-6.111065412E-1,1.658744193E0
5.512603125E0,5.900203121E-1,1.510725812E0,-2.133276524E0,2.679792002E0
5.522625125E0,1.157231805E0,1.019896497E0,-4.044978658E0,4.329113842E0
5.532646125E0,1.930892696E0,-1.197105723E0,-6.609312505E0,6.988878343E0
5.542667125E0,1.014548634E0,-3.975129574E0,-7.649685366E0,8.680360031E0
5.552689125E0,-2.116797316E-1,-4.573101515E0,-3.877974578E0,5.999729377E0
5.562710125E0,-1.763055387E0,-2.141239262E0,-5.844309586E-1,2.834577468E0
5.572731125E0,-2.120868732E0,-2.126703084E0,-4.996868236E-1,3.044772095E0
5.582753125E0,-2.268952977E0,-3.227493471E0,-4.752594955E-1,3.973755567E0
5.592774125E0,-9.908837825E-1,-1.993836218E0,5.286138766E-1,2.288376316E0
5.602795125E0,2.359790057E-1,-3.432637185E-1,7.506433260E-1,8.584762516E-1
5.612816125E0,6.429305971E-1,8.681366926E-1,1.336357164E0,1.718392138E0
5.622838125E0,4.730426699E-1,1.169715026E0,1.487311807E0,1.950409962E0
5.632859125E0,2.361550069E-1,1.217496133E0,1.655531377E0,2.068538170E0
5.642880125E0,-1.253906161E-1,9.420121694E-1,1.751659749E0,1.992842595E0
5.652902125E0,-1.882803440E-1,5.488693625E-1,1.745568119E0,1.839487734E0
5.662923125E0,-1.191370189E-2,3.409681016E-1,1.536697390E0,1.574115641E0
5.672944125E0,-1.340614522E-1,1.117999327E-1,8.040244581E-1,8.227557518E-1
5.682966125E0,-3.071407896E-1,-3.050311142E-1,4.708808081E-1,6.396156508E-1
5.692987125E0,-4.163615155E-1,-5.408949298E-1,5.594224173E-1,8.825404680E-1
5.703008125E0,-3.951121491E-1,-6.325745934E-1,5.403096235E-1,9.209770442E-1
5.713029125E0,-4.103599334E-1,-6.466745692E-1,8.777815287E-1,1.164939348E0
5.723051125E0,-4.354187608E-1,-4.779233408E-1,8.333599390E-1,1.054745943E0
5.733071875E0,-2.500514996E-1,-2.336792958E-1,7.048559730E-1,7.835519819E-1
5.743092875E0,-1.022414893E-1,-3.462697721E-1,1.000331421E0,1.063493784E0
5.753114875E0,-5.350564849E-1,2.378150314E-1,9.950670268E-1,1.154556113E0
5.763135875E0,-3.836440051E-1,4.815854520E-1,1.230202572E0,1.375683698E0
5.773156875E0,-7.052794576E-2,2.053945595E-1,1.948482875E0,1.960547533E0
5.783178875E0,1.859426272E-1,-7.928239703E-3,1.453258792E0,1.465127515E0
5.793199875E0,-5.948664844E-2,-2.349229985E-1,5.104094477E-1,5.650179474E-1
5.803220875E0,-4.378020859E-1,-3.876838464E-1,3.096890062E-1,6.617225338E-1
5.813242875E0,-3.983626163E-1,-4.898773885E-1,9.213451856E-1,1.116937590E0
5.823263875E0,-1.486315441E-1,-3.045867258E-1,1.263113771E0,1.307792341E0
5.833284875E0,-1.312998122E-1,-1.556107807E-1,9.616389334E-1,9.829566593E-1
5.843305875E0,-8.262349606E-2,1.511622190E-2,4.517186053E-1,4.594614681E-1
5.853327875E0,1.142662883E-2,4.228033930E-1,-5.644603783E-1,7.053430340E-1
5.863348875E0,2.980928081E-1,1.141051975E0,-1.029971250E0,1.565790442E0
5.873369875E0,7.256897485E-1,1.851710286E0,-8.968220363E-1,2.181684294E0
5.883391875E0,1.020716277E0,1.550616687E0,-1.078543558E0,2.146981610E0
5.893412875E0,1.013089753E0,1.010670760E0,-1.530665987E0,2.095410365E0
5.903433875E0,8.800305140E-1,1.307454962E-1,-2.061058733E0,2.244885563E0
5.913455875E0,6.838201761E-2,-5.275118226E-1,-2.697317072E0,2.749266122E0
5.923476875E0,-6.536426961E-2,-6.980704254E-1,-3.556920923E0,3.625363604E0
5.933497875E0,-2.063587654E-1,-5.387215197E-1,-3.615210062E0,3.660949140E0
5.943519875E0,1.050785583E-1,-5.733481461E-1,-2.891334704E0,2.949506056E0
5.953540875E0,4.889909506E-1,-2.209732962E-1,-2.693879494E0,2.746803247E0
5.963561875E0,7.910855931E-1,2.901926351E-1,-2.825238948E0,2.948220360E0
5.973582875E0,7.836678153E-1,4.867187226E-1,-2.597473526E0,2.756428682E0
5.983604875E0,6.941779339E-1,1.096987942E0,-2.503453222E0,2.820025458E0
5.993625875E0,6.431375885E-1,1.595595224E0,-2.271304142E0,2.849275800E0
6.003646875E0,4.402380359E-1,1.334777831E0,-2.345621084E0,2.734479778E0
6.013668875E0,-1.465522742E-1,1.051758560E0,-2.505450631E0,2.721204972E0
6.023689875E0,-2.314737260E-1,5.629360092E-1,-1.618900618E0,1.729542207E0
6.033710875E0,4.131046164E-1,-5.271025175E-1,-1.029657400E0,1.228286143E0
6.043732875E0,8.669602329E-1,-2.158189171E0,-6.890079720E-1,2.425723094E0
6.053753875E0,2.692660350E-1,-2.688435152E0,-6.968017258E-1,2.790290380E0
6.063774875E0,-5.022828412E-1,-2.529614834E0,-1.833251796E0,3.164182581E0
6.073795875E0,-9.838308710E-1,-2.349312431E0,-2.819313964E0,3.799437236E0
6.083817875E0,-7.680440551E-1,-1.649496612E0,-2.299143906E0,2.932028895E0
6.093838875E0,-4.517500341E-1,-8.039728564E-1,-1.324569323E0,1.613980898E0
6.103859875E0,1.113976443E-1,-2.850985408E-2,-9.636538839E-1,9.704901107E-1
6.113881875E0,4.135630381E-1,5.156583470E-1,-1.152269858E0,1.328406468E0
6.123902875E0,1.454372102E-1,1.067755957E0,-1.431922302E0,1.792109440E0
6.133923875E0,3.423544765E-1,1.378408000E0,-1.350697168E0,1.959999500E0
6.143945875E0,6.799089736E-1,1.317061352E0,-1.267062396E0,1.949967675E0
6.153966875E0,9.433143443E-1,9.563933963E-1,-1.126910191E0,1.753412918E0
6.163987875E0,1.337926556E0,1.317175373E0,-9.148945373E-1,2.088547449E0
6.174009875E0,9.165867215E-1,1.126011182E0,-4.003664571E-1,1.506096179E0
6.184030875E0,4.321495825E-1,5.433390659E-1,1.874716741E-1,7.191079410E-1
6.194051875E0,3.628431201E-2,-6.242124903E-1,4.254966205E-1,7.563102263E-1
6.204072875E0,-1.225681651E-1,-1.891562569E0,-3.017964345E-1,1.919404334E0
6.214094875E0,-2.338634831E-1,-3.015831281E0,-6.845846996E-1,3.101384635E0
6.224115875E0,-8.408880830E-3,-3.786467407E0,-3.861814043E-1,3.806119048E0
6.234136875E0,1.518755794E-1,-3.761400978E0,-1.491156936E-2,3.764495433E0
6.244158875E0,-1.441315269E-1,-3.574052095E0,3.305045092E-1,3.592193690E0
6.254179875E0,-4.328062248E-1,-3.425043991E0,5.716273105E-1,3.499286406E0
6.264200875E0,-4.369478077E-1,-3.807831379E0,1.011707472E0,3.964095761E0
6.274222875E0,-5.526788235E-3,-4.098396481E0,1.253504457E0,4.285808872E0
6.284243875E0,3.593862462E-1,-3.690740593E0,1.309191877E0,3.932519290E0
6.294264875E0,3.711847579E-1,-2.818794439E0,1.358450283E0,3.150994666E0
6.304285875E0,4.611734068E-1,-1.409642364E0,1.920915592E0,2.426868191E0
6.314307875E0,8.107766765E-1,-1.703554121E-1,2.565426106E0,2.695884065E0
6.324328875E0,1.292139350E0,8.609577736E-1,2.981597003E0,3.361665223E0
6.334349875E0,1.896500543E0,1.392588667E0,3.336764483E0,4.082892935E0
6.344371875E0,2.758825103E0,1.306097238E0,3.586259328E0,4.709380204E0
6.354392875E0,3.499695393E0,8.078127229E-1,4.255218805E0,5.568421349E0
6.364413875E0,4.017670991E0,5.368767232E-2,5.205165061E0,6.575584071E0
6.374435875E0,4.465634369E0,-1.107279919E-1,6.220595455E0,7.658326111E0
6.384456875E0,4.907427764E0,1.189409910E-1,7.330411019E0,8.822240074E0
6.394477875E0,5.532443077E0,5.436730881E-1,7.920520794E0,9.676681067E0
6.404499875E0,5.965162763E0,9.790298684E-1,8.100579953E0,1.010747554E1
6.414520875E0,6.756618485E0,1.211954435E0,8.375970946E0,1.082947904E1
6.424541875E0,6.076416566E0,1.441950716E0,7.665712000E0,9.887628664E0
6.434563875E0,5.648737180E0,1.547201036E0,6.633256268E0,8.848850292E0
6.444584875E0,5.338046545E0,1.895371445E0,5.582340292E0,7.952967809E0
6.454605875E0,5.116037707E0,2.423348999E0,4.646784618E0,7.323869843E0
6.464626875E0,4.877125738E0,2.981941404E0,3.751518599E0,6.837559638E0
6.474648875E0,4.442646040E0,3.467279599E0,2.822915264E0,6.303013743E0
6.484669875E0,4.037669638E0,3.556784683E0,2.027762933E0,5.750244856E0
6.494690875E0,3.492592780E0,3.470756938E0,1.372097100E0,5.111458549E0
6.504712875E0,2.888035120E0,2.918734172E0,9.288167578E-1,4.209804816E0
6.514733875E0,2.229687755E0,2.274275990E0,1.076996897E0,3.362106643E0
6.524754875E0,1.584851550E0,1.415631375E0,1.184418435E0,2.432820103E0
6.534776875E0,1.054725437E0,3.993079649E-1,1.452364168E0,1.838818717E0
6.544797875E0,5.916388214E-1,-4.108563620E-1,1.711481191E0,1.856881071E0
6.554818875E0,2.725615257E-1,-1.043407567E0,1.843328887E0,2.135614788E0
6.564840875E0,-1.954548776E-2,-1.356761461E0,1.960968434E0,2.384655298E0
6.574861875E0,-3.653737950E-1,-1.454080618E0,2.099085515E0,2.579536481E0
6.584882875E0,-4.888412619E-1,-1.343971262E0,2.094991879E0,2.536575547E0
6.594904875E0,-5.011186606E-1,-8.735114533E-1,2.120567601E0,2.347541080E0
6.604925875E0,-4.550174582E-1,-9.123001277E-2,2.115018593E0,2.165333104E0
6.614946875E0,-3.834247345E-1,8.227131826E-1,2.277280582E0,2.451505324E0
6.624967875E0,-3.470685017E-1,1.553169727E0,2.324583387E0,2.817176010E0
6.634989875E0,-3.446699739E-1,1.810136729E0,2.245468805E0,2.904741386E0
6.645010875E0,-2.717370683E-1,1.695270370E0,2.123030448E0,2.730392086E0
6.655031875E0,-2.514197481E-1,1.520959317E0,1.985559484E0,2.513757267E0
6.665053875E0,-2.601712757E-1,1.515398030E0,1.968693191E0,2.497973811E0
6.675074875E0,-3.396723586E-1,1.595469509E0,1.794470723E0,2.425082563E0
6.685095875E0,-5.573963571E-1,1.624618464E0,1.818900390E0,2.501694322E0
6.695117875E0,-7.764260387E-1,1.347664217E0,1.935765181E0,2.483188086E0
6.705138875E0,-9.978367066E-1,1.334540726E0,1.876887812E0,2.509857546E0
6.715159875E0,-1.197392237E0,1.348398043E0,1.591664726E0,2.405269641E0
6.725182000E0,-1.385946815E0,1.132804185E0,1.410536696E0,2.278970747E0
6.735203000E0,-1.392396879E0,1.069247582E0,1.469883011E0,2.289675856E0
6.745224000E0,-1.254904280E0,1.230412048E0,1.701918654E0,2.446472086E0
6.755245000E0,-1.282877945E0,1.390914317E0,1.773574528E0,2.593450417E0
6.765267000E0,-1.451119881E0,1.330312605E0,1.528651037E0,2.492439473E0
6.775288000E0,-1.621605978E0,9.474340001E-1,1.022158200E0,2.138233972E0
6.785309000E0,-1.873869479E0,6.181936589E-1,4.993908083E-1,2.035421677E0
6.795331000E0,-2.136810581E0,5.279293138E-1,-1.237797081E-1,2.204538554E0
6.805352000E0,-1.849107106E0,1.878953049E-1,1.997420561E-1,1.869331063E0
6.815373000E0,-2.076853232E0,-9.962866098E-2,4.807066154E-1,2.134086237E0
6.825394000E0,-2.109482449E0,7.464058489E-2,-8.537636518E-1,2.276927709E0
6.835416000E0,-2.051748211E0,6.449496406E-1,1.962664711E-1,2.159664624E0
6.845437000E0,-2.159303066E0,7.909323961E-1,4.232799411E-1,2.338232172E0
6.855458000E0,-2.140687285E0,7.119221869E-1,5.034452677E-4,2.255964429E0
6.865480000E0,-2.208501538E0,7.464116961E-2,-4.408712894E-1,2.253312637E0
6.875501000E0,-2.141930403E0,-3.635468325E-1,-7.568320191E-1,2.300614452E0
6.885522000E0,-2.520773259E0,-8.951528755E-1,-2.590427631E-1,2.687508074E0
6.895544000E0,-2.783136656E0,-1.260144847E0,-1.769051707E0,3.530348230E0
6.905565000E0,-2.947205434E0,-1.299175889E0,-1.697940209E0,3.640999700E0
6.915586000E0,-2.723305607E0,-1.044561515E0,-4.713557482E-1,2.954602922E0
6.925608000E0,-2.678418286E0,-1.181344261E0,-7.606718856E-1,3.024586004E0
6.935629000E0,-2.730587729E0,-1.459818783E0,-1.429154815E0,3.410229276E0
6.945650000E0,-2.947874356E0,-1.784063556E0,-1.449365716E0,3.738115430E0
6.955671000E0,-3.168676329E0,-1.914331919E0,-4.831460738E-1,3.733444321E0
6.965693000E0,-4.008812460E0,-2.016916640E0,-1.420047777E0,4.706916800E0
6.975714000E0,-4.587603194E0,-1.597622892E0,-1.368254895E0,5.046842917E0
6.985735000E0,-5.055245960E0,-1.380673796E0,-8.979621702E-1,5.316776082E0
6.995757000E0,-5.109110511E0,-1.235100492E0,1.873465437E-1,5.259618063E0
7.005778000E0,-5.166005089E0,-1.646528273E0,1.028609433E0,5.518759036E0
7.015799000E0,-4.907654051E0,-1.489849498E0,-2.459350598E-1,5.134705821E0
7.025821000E0,-5.225333278E0,-5.941820678E-1,-5.205682540E-1,5.284709216E0
7.035842000E0,-5.307887192E0,1.583700818E-1,4.576855427E-1,5.329936546E0
7.045863000E0,-4.855675812E0,5.838927955E-1,-5.455037051E-1,4.920984930E0
7.055884000E0,-4.664776500E0,6.292919666E-1,-2.025303594E0,5.124256319E0
7.065906000E0,-4.734675286E0,3.255238509E-1,-1.982965659E0,5.143468542E0
7.075927000E0,-4.570189016E0,4.760437533E-1,-7.227866060E-1,4.651415460E0
7.085948000E0,-4.293833817E0,8.518195988E-1,-8.250438827E-1,4.454582235E0
7.095970000E0,-3.891158879E0,1.291944053E0,-1.453636522E0,4.350091493E0
7.105991000E0,-3.510518004E0,1.080161118E0,-1.815639398E0,4.097197960E0
7.116012000E0,-2.781195381E0,1.182860115E-1,-1.724494754E0,3.274587223E0
7.126034000E0,-1.852657535E0,-1.016037846E0,-3.951076760E0,4.480589293E0
7.136055000E0,-1.286800842E0,-6.373918220E-1,-6.062841085E0,6.230583180E0
7.146076000E0,-1.495761618E0,2.615188251E0,-8.916433766E-1,3.141900749E0
7.156097000E0,-2.120055969E0,1.365226914E0,3.588989685E0,4.386265929E0
7.166119000E0,-3.230674941E0,-3.452392368E-1,2.339060216E0,4.003455182E0
7.176140000E0,-2.591229869E0,-1.308072135E0,2.527539657E0,3.848893564E0
7.186161000E0,-2.804052731E0,-1.541487429E0,5.386609426E0,6.265337686E0
7.196183000E0,-3.135895084E0,-9.515564333E-1,7.179590278E0,7.892136224E0
7.206204000E0,-3.640024475E0,-1.557207815E-1,6.615091308E0,7.552050063E0
7.216225000E0,-4.362357337E0,2.965376680E-1,6.164969139E0,7.558104300E0
7.226247000E0,-5.016022253E0,4.898754881E-1,6.558656906E0,8.271422952E0
7.236268000E0,-5.303071425E0,4.021820907E-1,6.170466106E0,8.146101456E0
7.246289000E0,-5.095656068E0,-3.126472222E-1,5.113940896E0,7.226053593E0
7.256310000E0,-4.683771181E0,-1.576574378E0,1.838568669E0,5.272915132E0
7.266332000E0,-3.577918859E0,-2.520305190E0,1.326075420E0,4.572955022E0
7.276353000E0,-2.801985741E0,-3.177217357E0,1.057138583E0,4.366162641E0
7.286374000E0,-2.748168553E0,-3.942844173E0,9.179488304E-1,4.892962356E0
7.296396000E0,-3.243180381E0,-3.938307318E0,1.143248774E0,5.228336377E0
7.306417000E0,-4.209239810E0,-3.131737713E0,1.923595371E0,5.587996066E0
7.316438000E0,-5.008276446E0,-2.311242233E0,3.087094222E0,6.320982863E0
7.326460000E0,-5.601971149E0,-1.632420257E0,4.011277646E0,7.080764436E0
7.336481000E0,-6.191081634E0,-3.186877249E-1,4.657559282E0,7.753961061E0
7.346502000E0,-5.690957000E0,1.811738428E0,4.261700736E0,7.336993994E0
7.356524000E0,-5.234808106E0,4.100953761E0,3.037095850E0,7.310607968E0
7.366545000E0,-4.327523135E0,6.752105019E0,3.092591482E0,8.595493048E0
7.376566000E0,-2.837563124E0,9.247255780E0,1.740585414E0,9.828180987E0
7.386587000E0,-1.390273170E0,1.089233833E1,-2.227322556E0,1.120432325E1
7.396609000E0,7.683867019E-1,1.078312871E1,-4.984577097E0,1.190429720E1
7.406630000E0,2.897097135E0,1.084330592E1,-8.103898247E0,1.384354080E1
7.416651000E0,4.675551749E0,1.134714880E1,-1.364709845E1,1.835379704E1
7.426673000E0,4.963069868E0,1.109595007E1,-1.359761463E1,1.823862095E1
7.436694000E0,3.199159033E0,1.018196361E1,-1.016800630E1,1.474094141E1
7.446715000E0,1.701704646E0,9.685803385E0,-5.928772616E0,1.148307148E1
7.456737000E0,1.047265559E0,8.388962874E0,-9.745022231E-1,8.510059803E0
7.466758000E0,1.464056845E0,3.679603693E0,2.296108031E0,4.577669481E0
7.476779000E0,-7.370766163E-1,7.186841995E-2,3.139339094E0,3.225507240E0
7.486800000E0,-8.174758315E-1,-4.691823381E-1,3.831597971E0,3.945825872E0
7.496822000E0,1.462222574E0,-1.542647517E-1,3.823102552E0,4.096096384E0
7.506843000E0,4.876291341E-1,-1.968278039E-1,4.755490204E0,4.784475984E0
7.516864000E0,1.230844157E0,8.934992829E-1,4.522494448E0,4.771401716E0
7.526886000E0,1.726944153E0,1.099110774E0,3.445016325E0,4.007308084E0
7.536907000E0,1.568418535E0,5.366232464E-1,4.613177746E0,4.901970025E0
7.546928000E0,4.208085569E0,2.271073762E0,2.672777478E0,5.478092700E0
7.556950000E0,4.627292340E0,3.519000560E0,1.104651303E0,5.917385727E0
7.566971000E0,4.809853522E0,3.438076850E0,-2.874491215E-1,5.919264340E0
7.576992000E0,4.577859394E0,2.771594545E0,-1.103667802E0,5.464120750E0
7.587013000E0,2.571372725E0,1.192795448E0,-1.050936441E0,3.023108677E0
7.597035000E0,2.540112340E-1,-7.241004753E-1,-8.141733241E-1,1.118803561E0
7.607056000E0,-1.696936242E0,-2.640329816E0,-2.377828717E-1,3.147614151E0
7.617077000E0,-2.932924195E0,-3.214765252E0,7.424209714E-3,4.351645100E0
7.627099000E0,-4.470615027E0,-4.724240345E0,-2.045186466E-1,6.507432169E0
7.637120000E0,-4.471010883E0,-5.463559953E0,-4.902399158E-1,7.076776163E0
7.647141000E0,-3.990842797E0,-3.728626165E0,2.912626755E-1,5.469397887E0
7.657163000E0,-3.908694679E0,-2.088079009E0,4.013938129E-1,4.449616279E0
7.667184000E0,-4.478456143E0,-1.538531662E0,4.731701392E-1,4.758943063E0
7.677205000E0,-4.395245587E0,-1.487088443E0,4.197850603E-1,4.658952168E0
7.687226000E0,-3.345082732E0,-1.282204345E0,-1.060717079E-1,3.583975122E0
7.697248000E0,-2.738248751E0,-5.871224320E-1,1.005115613E0,2.975395162E0
7.707269000E0,-2.686334247E0,-7.464906335E-1,3.399039084E-1,2.808767456E0
7.717290000E0,-2.245081134E0,-3.498897833E-1,5.940037277E-1,2.348542652E0
7.727307917E0,-1.322000495E0,7.153600574E-2,1.474557860E0,1.981697149E0
7.737328917E0,-7.244980860E-1,2.196108949E-1,1.556994245E0,1.731287816E0
7.747349917E0,-2.150138140E-2,3.066890922E-1,2.911650270E-2,3.088175504E-1
7.757371917E0,7.000035149E-1,8.956381944E-1,2.400705948E-1,1.161811769E0
7.767392917E0,1.803994668E-1,2.200959215E0,-1.302169079E-1,2.212175824E0
7.777413917E0,-1.883738995E-1,4.247830263E0,3.452973801E-1,4.266002456E0
7.787434917E0,2.082503396E-1,5.252526923E0,5.072547287E-1,5.281071354E0
7.797456917E0,-3.055620414E-1,4.731479782E0,-1.634413719E-2,4.741364384E0
7.807477917E0,-5.481115633E-1,4.041930797E0,-1.370850474E-1,4.081228144E0
7.817498917E0,-6.557436007E-1,4.038696117E0,-1.601093361E-1,4.094716229E0
7.827520917E0,-1.123067694E0,3.551699652E0,3.056503344E-1,3.737549142E0
7.837541917E0,-1.398618901E0,3.242745056E0,1.588267493E-1,3.535075143E0
7.847562917E0,-1.903563395E0,2.903176193E0,-2.683050451E-1,3.481949627E0
7.857584917E0,-2.183020542E0,2.197411563E0,-4.225624877E-1,3.126140643E0
7.867605917E0,-2.407749504E0,1.978387874E0,-2.085593650E-1,3.123263240E0
7.877626917E0,-2.756955748E0,2.153913248E0,1.921877459E-1,3.503866922E0
7.887647917E0,-2.576667379E0,2.647825654E0,3.315134463E-1,3.709460424E0
7.897669917E0,-2.144109076E0,3.178690855E0,5.927176327E-2,3.834682832E0
7.907690917E0,-1.619610908E0,3.386580421E0,-9.088204497E-1,3.862385410E0
7.917711917E0,-1.352955655E0,2.745591977E0,-1.831620715E0,3.567015384E0
7.927733917E0,-5.534681976E-1,2.193041792E0,-1.474369287E0,2.699911877E0
7.937754917E0,-2.289009511E-2,1.820725890E0,-9.752807799E-1,2.065608705E0
7.947775917E0,1.030372953E-1,9.949462818E-1,-9.171258348E-1,1.357075748E0
7.957797917E0,2.219462729E-1,1.110572998E0,-5.829779255E-1,1.273772269E0
7.967818917E0,3.668426156E-2,1.315773795E0,8.356606722E-2,1.318935064E0
7.977839917E0,-3.005965859E-1,1.085261498E0,1.052649968E0,1.541500172E0
7.987860917E0,-3.312471056E-1,1.295986525E0,1.947995217E0,2.363046991E0
7.997882917E0,-8.591699874E-1,1.274275813E0,2.380706717E0,2.833675420E0
8.007903917E0,-1.113764774E0,1.651269780E0,2.349846721E0,3.080412873E0
8.017924917E0,-1.000000761E0,2.176855530E0,1.858788341E0,3.032127243E0
8.027946917E0,-1.215102868E0,2.326128806E0,1.593706281E0,3.070382698E0
8.037967917E0,-1.740133717E0,1.852200868E0,4.430803674E-1,2.579735184E0
8.047988917E0,-2.110189378E0,1.577690465E0,1.010749698E-2,2.634788146E0
8.058010917E0,-2.699363013E0,4.360245323E-1,-8.368067265E-2,2.735631650E0
8.068031917E0,-2.407234365E0,-8.846530303E-1,-1.457258872E0,2.949744344E0
8.078052917E0,-2.435141371E0,-1.886333843E0,-2.417133116E0,3.915443955E0
8.088074917E0,-2.291363600E0,-2.688065023E0,-1.552338400E0,3.858211402E0
8.098095917E0,-1.391761871E0,-3.161911100E0,-1.565481917E0,3.792811166E0
8.108116917E0,-6.839838982E-1,-3.796933630E0,-1.651829943E0,4.196794149E0
8.118137917E0,-4.189149946E-1,-4.055128840E0,-1.017597372E0,4.201792961E0
8.128159917E0,-2.051852292E-1,-4.137034005E0,-1.211168861E-1,4.143889554E0
8.138180917E0,-9.819755495E-2,-4.207700822E0,2.045353112E-1,4.213813435E0
8.148201917E0,-1.424855357E-1,-4.027729372E0,3.669244766E-2,4.030415904E0
8.158223917E0,9.082947850E-2,-3.653009972E0,2.098741114E-2,3.654199272E0
8.168244917E0,7.130913377E-1,-2.862781581E0,-2.250222006E-1,2.958826224E0
8.178265917E0,1.286500295E0,-1.541103267E0,-5.676184595E-1,2.086210201E0
8.188287917E0,1.698808520E0,-1.543062669E-1,-5.538742867E-1,1.793470808E0
8.198308917E0,2.222402709E0,7.026131272E-1,-7.839592990E-1,2.459132202E0
8.208329917E0,3.208397049E0,1.135210022E0,-1.257287021E0,3.628124043E0
8.218351917E0,3.972074988E0,1.207983298E0,-1.747406776E0,4.504446004E0
8.228372917E0,3.059072025E0,1.225987752E0,-1.716024185E0,3.715603131E0
8.238393917E0,1.462666377E0,1.223248624E0,-1.128087821E0,2.215471115E0
8.248414917E0,5.697480154E-1,1.086709122E0,-8.057252669E-1,1.467904194E0
8.258436917E0,-3.474713749E-1,8.363883582E-1,-4.771211028E-1,1.023682758E0
8.268457917E0,-6.291153806E-1,8.394809505E-1,-5.097275162E-1,1.166334673E0
8.278478917E0,-8.170846528E-1,8.552248710E-1,-7.555500171E-1,1.403528674E0
8.288500917E0,-5.870171821E-1,1.242691201E0,6.440067771E-1,1.517766557E0
8.298521917E0,3.467486590E-1,1.048015757E0,4.991329461E-1,1.211488901E0
8.308542917E0,9.521091413E-1,1.031044506E0,2.667932475E-1,1.428545844E0
8.318564917E0,8.930850077E-1,1.034774153E0,5.306213719E-1,1.466259669E0
8.328585917E0,6.315460682E-2,6.523311657E-1,-1.310493760E0,1.465236618E0
8.338606917E0,-9.233478570E-1,5.318755996E-1,7.315545058E-1,1.292530430E0
8.348627917E0,-1.089196528E0,-4.299960530E-1,-6.161383626E-1,1.323205261E0
8.358649917E0,-1.645020568E0,-1.785388827E-2,-2.147245084E0,2.705008850E0
8.368670917E0,-2.788732442E0,-3.660883248E-1,-1.880724755E-1,2.818939614E0
8.378691917E0,-3.123712410E0,-1.286804058E0,9.126535919E-1,3.499482888E0
8.388713917E0,-5.895291460E-1,-1.117842037E0,9.691255622E-1,1.592582742E0
8.398734917E0,1.593803052E0,-1.497434506E0,-2.370048997E-1,2.199702160E0
8.408755917E0,1.541399136E0,-5.090787676E-1,-3.473187625E-2,1.623662154E0
8.418777917E0,1.782413179E0,5.386425823E-2,3.218458938E0,3.679453225E0
8.428798917E0,1.881538687E0,2.717581183E-1,3.961932408E0,4.394422455E0
8.438819917E0,1.451197064E0,7.237663069E-1,3.669033097E0,4.011435460E0
8.448841917E0,7.320515192E-1,6.944983613E-1,2.886843165E0,3.058118844E0
8.458862917E0,7.112260759E-2,4.284085339E-1,2.252807060E0,2.294282448E0
8.468883917E0,-5.052853864E-1,1.645093659E-1,1.505471212E0,1.596502497E0
8.478904917E0,-8.718058205E-1,-2.329840618E-1,6.282434146E-1,1.099552977E0
8.488926917E0,-1.114618467E0,-6.718787000E-1,-6.727060810E-2,1.303196320E0
8.498947917E0,-1.372351454E0,-1.069068950E0,-6.911112155E-1,1.871868490E0
8.508968917E0,-1.460802285E0,-1.171043806E0,-9.618598120E-1,2.104866079E0
8.518990917E0,-1.654612341E0,-1.078425372E0,-1.098797071E0,2.260110237E0
8.529011917E0,-1.989239722E0,-1.125186432E0,-9.688516201E-1,2.482295841E0
8.539032917E0,-2.335505401E0,-1.233571883E0,-6.372621600E-1,2.717055047E0
8.549054917E0,-2.704372907E0,-1.432839730E0,-6.157189710E-1,3.121821963E0
8.559075917E0,-2.961285530E0,-1.814959659E0,-2.980347745E-1,3.485988422E0
8.569096917E0,-2.476405756E0,-1.515361485E0,9.203144677E-1,3.045633698E0
8.579118917E0,-2.109312880E0,-1.018078890E0,9.881342755E-1,2.542065066E0
8.589139917E0,-1.794804599E0,-7.970275337E-1,1.118416672E0,2.259962896E0
8.599160917E0,-1.638742998E0,-7.960457861E-1,1.188658397E0,2.175333604E0
8.609181917E0,-1.669317504E0,-7.725803250E-1,1.377250690E0,2.297894852E0
8.619203917E0,-1.814438379E0,-7.602163875E-1,1.348233297E0,2.384921091E0
8.629224917E0,-2.057926379E0,-7.133167478E-1,1.335660176E0,2.554969642E0
8.639245917E0,-2.250252412E0,-5.599436966E-1,1.289644927E0,2.653367087E0
8.649267917E0,-2.271906990E0,-3.451453525E-1,1.309890912E0,2.645089958E0
8.659288917E0,-1.870151820E0,-1.814902648E-1,1.169831386E0,2.213348598E0
8.669309917E0,-1.091409114E0,3.712221801E-2,9.900603484E-1,1.474032363E0
8.679331917E0,-2.121229506E-1,6.598290503E-2,9.434504382E-1,9.692515769E-1
8.689352917E0,7.762336653E-1,-5.485419184E-2,6.075830090E-1,9.872713905E-1
8.699373917E0,1.927608315E0,-6.450724322E-1,2.926519740E-1,2.053640045E0
8.709395917E0,2.918492682E0,-8.278800747E-1,1.631945609E0,3.444739674E0
8.719416917E0,3.616197656E0,-8.389374518E-1,8.975639749E-1,3.819204450E0
8.729443292E0,4.830093659E0,-1.848677628E0,2.178234011E-1,5.176375253E0
8.739464292E0,5.779573308E0,-2.441092667E0,-8.509739453E-1,6.331394608E0
8.749486292E0,6.030504813E0,-2.007866612E0,-1.930646820E0,6.642733908E0
8.759507292E0,4.711604512E0,-4.797245756E-1,-2.307953028E0,5.268396333E0
8.769528292E0,3.611257344E0,2.488165677E-1,-2.035200299E0,4.152725556E0
8.779550292E0,2.649283365E0,8.791703886E-1,-1.596217368E0,3.215517502E0
8.789571292E0,1.976365322E0,7.964483669E-1,-1.170597371E0,2.431182448E0
8.799592292E0,1.421437660E0,5.734504724E-1,-7.791286218E-1,1.719410328E0
8.809614292E0,1.182977096E0,9.472781718E-2,-6.279933000E-1,1.342677829E0
8.819635292E0,1.079439864E0,-4.923835051E-1,-7.421733418E-1,1.399447464E0
8.829656292E0,1.049765244E0,-9.771226528E-1,-8.646953139E-1,1.674656303E0
8.839678292E0,9.773930866E-1,-1.230835679E0,-1.021688084E0,1.874593357E0
8.849699292E0,8.732781494E-1,-1.095546604E0,-9.901256910E-1,1.715571616E0
8.859720292E0,6.032297570E-1,-8.388085207E-1,-8.719791904E-1,1.351973958E0
8.869742292E0,3.108748215E-1,-7.525053719E-1,-1.014151315E0,1.300542341E0
8.879763292E0,9.736549616E-2,-6.623901308E-1,-7.405802679E-1,9.983485656E-1
8.889784292E0,-2.077159041E-1,-5.165488780E-1,-7.229169989E-1,9.124569181E-1
8.899805292E0,-3.635412776E-1,-3.988947129E-1,-5.523741835E-1,7.722671113E-1
8.909827292E0,-6.166666585E-1,-6.821244836E-2,-3.431239700E-1,7.089885504E-1
8.919848292E0,-7.293448430E-1,-1.112669590E-1,-6.074157786E-1,9.556558818E-1
8.929869292E0,-8.642348456E-1,7.263908297E-2,-4.430780286E-1,9.739078212E-1
8.939891292E0,-9.969719034E-1,2.781041014E-1,-4.748436123E-1,1.138758677E0
8.949912292E0,-9.532499331E-1,3.776590875E-1,-5.944434384E-1,1.185189783E0
8.959933292E0,-9.891003817E-1,5.789000773E-1,-6.198218161E-1,1.302928988E0
8.969955292E0,-9.949399960E-1,7.943921936E-1,-6.871185905E-1,1.446753784E0
8.979976292E0,-1.030413884E0,9.019704366E-1,-7.258090317E-1,1.549871669E0
8.989997292E0,-1.127203429E0,9.481953076E-1,-8.095981702E-1,1.680806684E0
9.000019292E0,-1.224669498E0,9.930036905E-1,-7.879330668E-1,1.762586232E0
9.010040292E0,-1.367263792E0,9.041675279E-1,-7.350014395E-1,1.796428766E0
9.020061292E0,-1.476914873E0,8.991912550E-1,-6.449041785E-1,1.845460336E0
9.030083292E0,-1.455306487E0,8.021742529E-1,-4.159633201E-1,1.713016634E0
9.040104292E0,-1.431439907E0,4.920437819E-1,-4.071097586E-1,1.567439200E0
9.050125292E0,-1.343325291E0,2.799465591E-1,-7.652970332E-1,1.571169138E0
9.060147292E0,-1.238926764E0,2.357755226E-1,-3.525701469E-1,1.309517213E0
9.070168292E0,-1.210312829E0,1.947184208E-1,-4.048017164E-1,1.290982896E0
9.080189292E0,-1.265771915E0,2.136321169E-1,-4.546742266E-1,1.361817123E0
9.090210292E0,-1.316536272E0,3.168711412E-1,-5.250217858E-1,1.452350836E0
9.100232292E0,-1.409842631E0,3.920482081E-1,-5.768044353E-1,1.572914937E0
9.110253292E0,-1.522065318E0,4.666908395E-1,-5.455781110E-1,1.682895911E0
9.120274292E0,-1.529531627E0,4.252332035E-1,-5.008866723E-1,1.664685476E0
9.130296292E0,-1.586886381E0,6.843265450E-1,-3.739067830E-1,1.768139556E0
9.140317292E0,-1.462251225E0,6.791432807E-1,-2.591453817E-1,1.632963738E0
9.150338292E0,-1.389801300E0,6.568990105E-1,-1.935662270E-2,1.537347925E0
9.160360292E0,-1.281790947E0,5.290546104E-1,1.689288376E-1,1.396933701E0
9.170381292E0,-1.180674462E0,3.457467386E-1,3.917628640E-1,1.291127854E0
9.180402292E0,-9.711371505E-1,3.263795909E-1,5.865591989E-1,1.180543390E0
9.190424292E0,-5.855162019E-1,3.645537230E-1,8.401010478E-1,1.086967529E0
9.200445292E0,1.034080088E-1,5.828677055E-1,8.576011795E-1,1.042068981E0
9.210466292E0,8.678753221E-1,7.374406055E-1,8.940167615E-1,1.447857794E0
9.220488292E0,1.503120924E0,8.922181579E-1,8.610978144E-1,1.948567473E0
9.230509292E0,1.958821337E0,1.030811495E0,9.122536424E-1,2.394109453E0
9.240530292E0,2.079777424E0,9.279449379E-1,7.051397091E-1,2.384067523E0
9.250552292E0,2.026528001E0,9.807721925E-1,5.723102653E-1,2.322987058E0
9.260573292E0,1.816443974E0,1.024290680E0,5.930912697E-1,2.168039982E0
9.270594292E0,1.523221312E0,9.604425931E-1,4.284678832E-1,1.851009959E0
9.280615292E0,1.110393269E0,8.728439936E-1,2.821100289E-1,1.440283277E0
9.290637292E0,6.330616665E-1,8.068429622E-1,1.607709485E-1,1.038079928E0
9.300658292E0,1.143855715E-1,7.141564080E-1,3.812150717E-2,7.242628552E-1
9.310679292E0,-4.101085031E-1,6.120543748E-1,-2.039755864E-1,7.644642450E-1
9.320701292E0,-8.321862566E-1,5.203177008E-1,-2.835262245E-1,1.021592676E0
9.330722292E0,-1.095213897E0,4.819549960E-1,-3.418811443E-1,1.244450407E0
9.340743292E0,-9.499883562E-1,6.076827040E-1,-3.370150915E-1,1.177002684E0
9.350765292E0,-6.512196100E-1,8.274041113E-1,-1.392833081E-1,1.062113169E0
9.360786292E0,-1.410137916E-1,8.295126173E-1,7.071607992E-2,8.443795566E-1
9.370807292E0,3.197725296E-1,5.719287345E-1,1.971993944E-1,6.842839682E-1
9.380829292E0,6.171472996E-1,8.901421040E-2,3.322975579E-1,7.065521821E-1
9.390850292E0,8.906888187E-1,-3.830411571E-1,4.794708064E-1,1.081637349E0
9.400871292E0,1.534909312E0,-7.060691240E-1,5.934763089E-1,1.790724527E0
9.410893292E0,2.190596779E0,-2.085754448E-1,5.535370485E-1,2.269057344E0
9.420914292E0,2.892027014E0,-3.003875479E-1,3.683383334E-1,2.930823444E0
9.430935292E0,3.751051406E0,-5.195818287E-1,-2.198640794E-1,3.793242959E0
9.440957292E0,4.212076294E0,-1.240180407E0,-6.258622822E-1,4.435238183E0
9.450978292E0,4.164791030E0,-2.582886769E0,-1.831932810E0,5.231898911E0
9.460999292E0,3.158460073E0,-3.366493481E0,-2.597978725E0,5.297040858E0
9.471020292E0,1.731675135E0,-4.031322486E0,-1.638775742E0,4.683571894E0
9.481042292E0,1.159502864E-1,-5.940250701E0,-9.003443259E-1,6.009213157E0
9.491063292E0,-1.106191460E0,-8.363821017E0,-6.403721479E-1,8.460924183E0
9.501084292E0,-3.255884627E0,-1.030215312E1,5.068033236E-1,1.081628371E1
9.511106292E0,-3.007634654E0,-7.710239716E0,1.342525392E0,8.384273202E0
9.521127292E0,-1.053953020E0,-2.415103986E0,2.283837357E0,3.487041340E0
9.531148292E0,-2.106781036E-1,-7.590190239E-1,2.262371059E0,2.395583008E0
9.541170292E0,1.328234797E0,6.290890682E-1,1.714316506E0,2.258061517E0
9.551191292E0,1.670996824E0,1.215995446E0,4.871397221E-1,2.123247611E0
9.561212292E0,7.782275659E-1,3.556970917E-1,-4.477290501E-1,9.657224589E-1
9.571234292E0,-4.570943892E-1,-1.190639141E0,-1.104294331E0,1.687015949E0
9.581255292E0,-7.977981967E-1,-1.354125683E0,-1.760027699E0,2.359626205E0
9.591276292E0,-1.191711082E0,-1.305360927E0,-1.650749086E0,2.418494366E0
9.601298292E0,-1.627468981E0,-1.648389734E0,-1.167052935E0,2.593811202E0
9.611319292E0,-2.099476109E0,-2.354430645E0,-7.271164691E-1,3.237258401E0
9.621340292E0,-2.154041741E0,-2.350561689E0,-3.353641301E-1,3.205854827E0
9.631362292E0,-1.176076797E0,-1.781303816E0,2.072987053E-1,2.144568178E0
9.641383292E0,-7.373093355E-1,-1.523290163E0,6.081756243E-1,1.798309086E0
9.651404292E0,-7.876064998E-1,-1.548162464E0,8.898386335E-1,1.951651559E0
9.661426292E0,-5.494780576E-1,-8.729448581E-1,1.355022061E0,1.702951452E0
9.671447292E0,-3.948741674E-1,-2.862475187E-1,1.525054414E0,1.601141535E0
9.681468292E0,-2.038836390E-1,-7.003093243E-2,1.887734982E0,1.900004271E0
9.691490292E0,-1.897696298E-1,8.828696296E-2,2.093190937E0,2.103629102E0
9.701511292E0,-1.201287067E-1,-3.936778271E-1,2.093366061E0,2.133446649E0
9.711532292E0,-9.327232826E-1,-1.059530387E0,2.172403752E0,2.590736464E0
9.721554292E0,-2.781305893E0,-2.083528559E0,1.582260064E0,3.818415985E0
9.731570375E0,-3.941888738E0,-2.457574798E0,8.859973052E-1,4.728969437E0
9.741591375E0,-4.042436289E0,-2.037206040E0,-1.867738089E-1,4.530605263E0
9.751613375E0,-3.595745850E0,-1.256027530E0,-1.309542125E0,4.027641239E0
9.761634375E0,-2.376944034E0,-5.878251942E-1,-2.246594979E0,3.323039331E0
9.771655375E0,-1.282905427E0,-2.438727468E-3,-2.738751612E0,3.024336733E0
9.781677375E0,-8.499185228E-1,-1.358669993E-1,-2.943642726E0,3.066896450E0
9.791698375E0,-7.111336899E-1,-7.706799068E-1,-2.269447798E0,2.500010390E0
9.801719375E0,-5.984683692E-1,-9.236026494E-1,-1.183650695E0,1.616241075E0
9.811741375E0,-3.502008551E-1,-7.141564811E-1,-1.490281315E-1,8.092400771E-1
9.821762375E0,2.572763193E-1,1.941939986E-1,6.206597221E-1,6.993717925E-1
9.831783375E0,2.930454916E-1,4.199950484E-1,9.993382716E-1,1.122919624E0
9.841804375E0,1.801568073E-1,3.535288710E-1,6.924594373E-1,7.980847136E-1
9.851826375E0,2.729550433E-1,7.279325212E-1,4.978698014E-1,9.231817536E-1
9.861847375E0,-7.044427210E-1,-2.247055739E-2,-4.789468959E-1,8.521353192E-1
9.871868375E0,-9.310275900E-1,-2.864624769E-1,-7.918511398E-1,1.255349096E0
9.881890375E0,-6.553717178E-1,-3.829907980E-1,-5.409270895E-1,9.320923538E-1
9.891911375E0,-1.836581200E-1,-6.070946203E-1,-4.227735722E-1,7.622543384E-1
9.901932375E0,-1.767461264E-1,-8.508806822E-1,2.107539712E-1,8.942339542E-1
9.911954375E0,3.431596380E-1,-1.232071342E0,1.375454571E0,1.878199565E0
9.921975375E0,2.523266512E-1,-1.559991089E0,2.421738091E0,2.891722033E0
9.931996375E0,-1.234569418E-1,-2.087733584E0,2.618899478E0,3.351493341E0
9.942018375E0,2.202593511E-1,-2.056147218E0,3.014016305E0,3.655208592E0
9.952039375E0,1.677601254E-1,-1.685026048E0,3.523757562E0,3.909517055E0
9.962060375E0,2.853534794E-1,4.657548465E-1,3.905941225E0,3.943948661E0
9.972082375E0,2.420106425E0,1.904079558E0,4.069848620E0,5.103538171E0
9.982103375E0,2.415805798E0,1.811142889E-1,6.645951743E0,7.073725652E0
9.992124375E0,1.763161806E0,-7.316482075E-1,5.604141635E0,5.920342230E0
1.000214637E1,1.051032336E0,-3.099000907E-1,4.703848765E0,4.829792981E0
1.001216737E1,-1.717479265E-1,-2.698403485E0,2.225349998E0,3.501865407E0
1.002218838E1,-1.299323239E0,-3.912127872E0,1.585705828E0,4.416723711E0
1.003221037E1,-1.828671672E0,-3.777415332E0,2.323946479E0,4.797252746E0
1.004223137E1,-1.741410749E0,-4.617125786E0,1.478921929E0,5.151463092E0
1.005225237E1,-5.667144799E-1,-4.948975155E0,3.113138013E-1,4.991035631E0
1.006227438E1,4.920355958E-1,-4.783432586E0,3.682342529E-2,4.808812982E0
1.007229538E1,1.732704830E0,-4.745921820E0,-3.288614416E-1,5.063021805E0
1.008231638E1,2.997889684E0,-4.559526619E0,-1.332248033E0,5.617073114E0
1.009233837E1,3.276372101E0,-2.044099761E0,-2.143405948E0,4.416689601E0
1.010235937E1,3.515452470E0,2.356891300E-1,-1.218209786E0,3.728000874E0
1.011238037E1,4.384287905E0,1.903503899E0,1.624417904E-1,4.782436080E0
1.012240238E1,4.926737024E0,2.340275852E0,1.738891622E0,5.724803302E0
1.013242337E1,5.665386541E0,1.784640822E0,2.643597533E0,6.501550234E0
1.014244437E1,7.456672286E0,2.020449820E-1,8.860402822E-1,7.511847385E0
1.015246637E1,7.974864231E0,-1.392598315E0,1.282221741E0,8.196455464E0
1.016248737E1,6.622466401E0,-1.825189070E0,1.811549709E0,7.104230340E0
1.017250837E1,6.480615288E0,-1.382931114E0,1.992091848E0,6.919487185E0
1.018252937E1,4.901564176E0,-1.299922140E0,1.251611713E0,5.223184931E0
1.019255137E1,3.598782309E0,-1.584915869E0,6.886995314E-1,3.992179789E0
1.020257237E1,1.966815650E0,-1.494180239E0,2.358398420E-1,2.481241386E0
1.021259337E1,9.336693621E-1,-7.351522976E-1,-5.924077302E-2,1.189830596E0
1.022261537E1,-8.119326711E-2,-5.651363164E-2,-1.827658349E-1,2.078208065E-1
1.023263637E1,-2.031342598E0,6.753680259E-2,-4.008764805E-1,2.071621569E0
1.024265737E1,-4.004648657E0,3.449561951E-1,-6.742741580E-1,4.075641212E0
1.025267937E1,-4.937857259E0,2.257130492E0,-1.231899726E0,5.567283835E0
1.026270037E1,-5.417854022E0,4.290422844E0,-3.284840038E0,7.651865424E0
1.027272137E1,-5.813108844E0,6.765522625E0,-5.804939114E0,1.064245502E1
1.028274337E1,-6.572734662E0,8.697031617E0,-7.169298009E0,1.304752980E1
1.029276437E1,-7.150302159E0,9.568878953E0,-6.773485948E0,1.373209297E1
1.030278537E1,-5.919863214E0,1.232658314E1,-4.602898341E0,1.442830917E1
1.031280737E1,-6.198742656E0,9.976388369E0,-1.827959919E0,1.188672255E1
1.032282837E1,-5.557269770E0,7.613660671E0,-4.927409162E-1,9.438954906E0
1.033284937E1,-3.950243239E0,8.234917978E0,-9.194104882E-1,9.179521306E0
1.034287137E1,-3.305060880E0,7.419305069E0,-1.587728965E0,8.275892604E0
1.035289238E1,-2.769103923E0,6.661418213E0,-1.842810239E0,7.445695315E0
1.036291338E1,-2.606677628E0,5.884195783E0,-1.620860604E0,6.636694762E0
1.037293537E1,-2.583396354E0,5.252343906E0,-1.396577053E0,6.017597585E0
1.038295637E1,-2.312940996E0,4.972755781E0,-1.221660594E0,5.618758823E0
1.039297737E1,-2.342899205E0,4.249966251E0,-1.010231123E0,4.957010868E0
1.040299938E1,-2.580103202E0,3.303965988E0,-9.907171369E-2,4.193201521E0
1.041302038E1,-2.998648653E0,1.947058785E0,7.340822572E-1,3.649905261E0
1.042304137E1,-3.016653399E0,8.802237645E-1,1.415601554E0,3.446580823E0
1.043306337E1,-2.655389612E0,2.809587121E-1,1.225647664E0,2.938068070E0
1.044308437E1,-2.552888507E0,-1.297723294E0,1.144626816E0,3.084071339E0
1.045310537E1,-1.822582966E0,-2.204541804E0,1.402741773E0,3.185827634E0
1.046312637E1,-1.506242167E0,-3.226370221E0,1.469108840E0,3.851819187E0
1.047314837E1,-9.344248223E-1,-4.413411716E0,1.231842277E0,4.676407609E0
1.048316937E1,-4.340013957E-1,-5.881091496E0,1.140425226E0,6.006343655E0
1.049319037E1,2.636012524E-1,-7.223775347E0,9.772872519E-1,7.294347556E0
1.050321237E1,1.385153933E0,-7.793656095E0,4.125338916E-1,7.926532089E0
1.051323337E1,2.924036427E0,-7.414010416E0,-5.083527992E-1,7.985985352E0
1.052325437E1,4.097516475E0,-5.610899262E0,-1.296457518E0,7.067717729E0
1.053327637E1,4.811277319E0,-3.295825787E0,-1.380729344E0,5.993101917E0
1.054329737E1,4.949847559E0,-1.918354657E0,-6.134729093E-1,5.343914713E0
1.055331837E1,4.834000769E0,-8.374069431E-1,5.140258044E-1,4.932852760E0
1.056334037E1,3.641317880E0,5.786128329E-1,1.737361552E0,4.075832905E0
1.057336137E1,2.754593473E0,7.579400665E-1,1.705388977E0,3.327252607E0
1.058338237E1,1.674403996E0,6.922385587E-1,1.114321429E0,2.127095487E0
1.059340437E1,7.407439899E-1,8.284006231E-1,7.455597568E-1,1.338210971E0
1.060342537E1,9.643988192E-2,1.111384518E0,7.710881156E-1,1.356116912E0
1.061344637E1,-4.808896333E-1,1.489180869E0,6.126882130E-1,1.680565782E0
1.062346837E1,-7.724616265E-1,2.104367305E0,3.456610769E-1,2.268157909E0
1.063348937E1,-7.014612257E-1,2.638553724E0,1.326955426E-1,2.733426735E0
1.064351038E1,-6.114953810E-1,2.849661891E0,-2.390020162E-1,2.924315553E0
1.065353237E1,-3.829347378E-1,2.697976053E0,-8.110263526E-1,2.843145713E0
1.066355337E1,-1.100598013E-1,2.555936075E0,-1.182557266E0,2.818397429E0
1.067357437E1,8.774273336E-2,2.438071264E0,-1.074367404E0,2.665737346E0
1.068359637E1,8.742230594E-2,2.367757912E0,-5.416696858E-1,2.430499174E0
1.069361738E1,6.256520748E-4,2.307901865E0,-9.754559040E-2,2.309962457E0
1.070363838E1,-1.219021672E-1,2.020733118E0,1.386059082E-1,2.029146143E0
1.071366037E1,-2.551385772E-1,1.819172724E0,5.205366790E-1,1.909304461E0
1.072368137E1,-4.185419422E-1,1.311033019E0,7.856482673E-1,1.584685500E0
1.073370225E1,-5.992150587E-1,7.664786093E-1,8.674683559E-1,1.303475927E0
1.074372425E1,-6.074836063E-1,3.772011774E-1,8.894994950E-1,1.141282792E0
1.075374525E1,-6.234342259E-1,-9.783122689E-5,8.062889385E-1,1.019201695E0
1.076376625E1,-5.346764159E-1,-1.028989082E-1,6.804065716E-1,8.714471629E-1
1.077378825E1,-5.316697776E-1,5.985001635E-2,2.154535429E-1,5.767798592E-1
1.078380925E1,-6.304386055E-1,4.835788043E-2,-6.477424901E-2,6.355997351E-1
1.079383025E1,-6.022749066E-1,-1.098033461E-1,5.027556617E-2,6.142633560E-1
1.080385125E1,-7.836134362E-1,4.388597558E-2,-1.692605209E-1,8.028854963E-1
1.081387325E1,-8.265594810E-1,2.142216259E-1,6.643368881E-2,8.564490152E-1
1.082389425E1,-8.537858713E-1,3.728774538E-1,1.283311808E-1,9.404556350E-1
1.083391525E1,-8.227745783E-1,7.825405452E-1,1.934960604E-2,1.135650527E0
1.084393725E1,-8.176512480E-1,1.221340970E0,-3.003106205E-1,1.500137926E0
1.085395825E1,-9.479792529E-1,1.368681449E0,-4.659061432E-1,1.728878858E0
1.086397925E1,-1.098269652E0,1.569479074E0,-4.692659533E-1,1.972224969E0
1.087400125E1,-1.207443600E0,1.749619509E0,-4.278431082E-1,2.168441422E0
1.088402225E1,-1.367779516E0,1.853085551E0,-1.833920717E-1,2.310493349E0
1.089404325E1,-1.542492566E0,1.877388626E0,2.769159289E-1,2.445517082E0
1.090406525E1,-1.740488643E0,1.760320498E0,5.457919729E-1,2.534939418E0
1.091408625E1,-1.858491887E0,1.583935876E0,5.323948324E-1,2.499257732E0
1.092410725E1,-1.675529585E0,1.404770610E0,4.109926021E-1,2.224790952E0
1.093412925E1,-1.296855714E0,1.038423619E0,1.796802592E-1,1.671060547E0
1.094415025E1,-7.603134513E-1,5.017110566E-1,-1.351583898E-2,9.110286529E-1
1.095417125E1,1.853462112E-1,2.590861056E-2,-1.554231034E-1,2.432710734E-1
1.096419325E1,1.241458023E0,-6.776591843E-1,-2.444132488E-2,1.414580281E0
1.097421425E1,2.407910303E0,-1.121454155E0,8.405018013E-2,2.657584595E0
1.098423525E1,3.780795023E0,-1.621377937E0,-1.743815124E-1,4.117485438E0
1.099425725E1,4.538338063E0,-2.446780254E0,8.051867384E-1,5.218387842E0
1.100427825E1,5.239004068E0,-2.998308930E0,1.381804647E0,6.192447347E0
1.101429925E1,5.811718960E0,-3.445464222E0,1.284843779E0,6.877363195E0
1.102432125E1,4.808526204E0,-3.193605348E0,1.041505467E0,5.865643444E0
1.103434225E1,2.771153957E0,-2.337376802E0,8.799077225E-1,3.730531084E0
1.104436325E1,1.653625331E0,-1.849665222E0,8.235569358E-1,2.614189013E0
1.105438525E1,3.926574880E-1,-1.490291255E0,2.973017529E-1,1.569565628E0
1.106440625E1,7.309428871E-2,-6.651707742E-1,-2.807826378E-1,7.256954069E-1
1.107442725E1,-4.979254961E-1,-6.290046490E-1,-3.461960971E-1,8.737438903E-1
1.108444925E1,-9.199377608E-1,-4.171034541E-1,-1.376849717E0,1.707622885E0
1.109447025E1,-8.970353866E-1,-1.796420331E-1,-1.920309820E0,2.127095097E0
1.110449125E1,-6.704820925E-1,2.433115603E-1,-1.133492183E0,1.339235334E0
1.111451225E1,-4.923384815E-1,3.894704631E-1,-5.785265134E-1,8.536845721E-1
1.112453425E1,-3.450319165E-1,2.534819148E-1,-3.544875220E-1,5.558430604E-1
1.113455525E1,-1.624496841E-1,1.404458807E-1,-2.223714385E-1,3.091342782E-1
1.114457625E1,-4.543169618E-2,-1.857324198E-2,-3.189088959E-1,3.226637386E-1
1.115459825E1,9.290640950E-3,-2.255117588E-1,-4.466652954E-1,5.004515515E-1
1.116461925E1,5.478724122E-2,-5.088365467E-1,-3.451225483E-1,6.172729108E-1
1.117464025E1,4.107552052E-2,-7.794452485E-1,2.168264508E-2,7.808279138E-1
1.118466225E1,-5.054917932E-2,-1.138832518E0,5.168570262E-1,1.251653270E0
1.119468325E1,-4.587023735E-2,-1.233019029E0,6.550360876E-1,1.396965383E0
1.120470425E1,1.587577522E-2,-9.317546913E-1,2.008635521E-1,9.532916718E-1
1.121472625E1,2.991552472E-2,-4.557391508E-1,-3.859910774E-1,5.979817924E-1
1.122474725E1,-5.858208418E-2,-7.397619501E-2,-5.798678646E-1,5.874955987E-1
1.123476825E1,-3.165413582E-1,9.983389825E-3,-4.515934018E-1,5.515747457E-1
1.124479025E1,-5.465813470E-1,-2.414651558E-2,-4.183127314E-1,6.887087660E-1
1.125481125E1,-6.667930841E-1,1.464139876E-1,-5.975538647E-1,9.072599925E-1
1.126483225E1,-6.553880900E-1,5.010069788E-1,-8.590109432E-1,1.190983351E0
1.127485425E1,-7.841350079E-1,8.202025343E-1,-5.767804251E-1,1.272900454E0
1.128487525E1,-1.048951312E0,5.679637375E-1,-1.583852845E-1,1.203315237E0
1.129489625E1,-1.235192147E0,1.640372032E-1,3.882914086E-1,1.305135266E0
1.130491825E1,-1.582824905E0,-5.111590607E-1,8.679811567E-1,1.876168850E0
1.131493925E1,-1.648873299E0,-8.543347786E-1,8.736055934E-1,2.052281122E0
1.132496025E1,-1.383772820E0,-2.517230724E-1,-1.898936091E-1,1.419243216E0
1.133498225E1,-1.035448337E0,5.476000781E-1,-8.637179518E-1,1.455344565E0
1.134500325E1,-9.212370121E-1,9.630549829E-1,-8.891586024E-1,1.602109719E0
1.135502425E1,-9.260586262E-1,1.002151659E0,-8.403220725E-1,1.602508569E0
1.136504525E1,-1.154177805E0,6.979526040E-1,-3.524420929E-1,1.394087397E0
1.137506725E1,-1.229920882E0,5.445968020E-1,-1.956314635E-1,1.359250794E0
1.138508825E1,-1.318971053E0,-8.331858382E-2,1.644704819E-1,1.331794715E0
1.139510925E1,-1.172112969E0,-1.461336136E-1,2.515249979E-1,1.207670762E0
1.140513125E1,-9.280256295E-1,-4.130414665E-2,7.650263985E-2,9.320891886E-1
1.141515225E1,-6.474586809E-1,2.756976798E-2,2.788772861E-2,6.486451734E-1
1.142517325E1,-4.805434781E-1,7.966422021E-2,5.737872720E-2,4.904699182E-1
1.143519525E1,-4.633169961E-1,-4.624811366E-2,2.380729119E-1,5.229533806E-1
1.144521625E1,-4.156686205E-1,-1.618943448E-1,5.544949687E-1,7.116564137E-1
1.145523725E1,-3.856548625E-1,-3.768200120E-1,8.127419257E-1,9.753319600E-1
1.146525925E1,-3.939561546E-1,-6.592870134E-1,8.966143870E-1,1.180583829E0
1.147528025E1,-3.715811992E-1,-8.929366346E-1,9.803593791E-1,1.377139402E0
1.148530125E1,-5.493178439E-1,-8.956668457E-1,5.162682116E-1,1.170684440E0
1.149532325E1,-7.833772087E-1,-9.522100058E-1,2.705120766E-1,1.262363074E0
1.150534425E1,-1.118381150E0,-8.252782099E-1,-9.337298077E-2,1.393046674E0
1.151536525E1,-1.421030109E0,-5.836911397E-1,-4.763012866E-1,1.608379567E0
1.152538725E1,-1.592098004E0,-3.737608950E-1,-5.975012398E-1,1.741114871E0
1.153540825E1,-1.661143096E0,-2.228033285E-1,-4.078468366E-1,1.724928042E0
1.154542925E1,-1.788179703E0,-3.705247535E-1,-2.120726280E-1,1.838436848E0
1.155545125E1,-1.848773230E0,-2.474617678E-1,-1.481930029E-1,1.871138944E0
1.156547225E1,-1.700431123E0,3.502189815E-3,-5.297074521E-1,1.781030110E0
1.157549325E1,-1.585697642E0,1.844438396E-1,-1.013278034E0,1.890816997E0
1.158551525E1,-1.422444550E0,3.491910410E-1,-1.027658676E0,1.789235936E0
1.159553625E1,-1.263711941E0,1.074867341E-1,-4.597034534E-1,1.349017618E0
1.160555725E1,-9.465998948E-1,-8.967202216E-2,-1.440988191E-1,9.616948071E-1
1.161557925E1,-5.214500141E-1,-2.267579466E-1,9.551549194E-2,5.765869343E-1
1.162560025E1,9.437990785E-3,-6.668498021E-1,1.063480071E-1,6.753426041E-1
1.163562125E1,6.214859337E-1,-1.220365216E0,4.629708409E-2,1.370284440E0
1.164564325E1,1.363795808E0,-1.777961402E0,1.342415464E-1,2.244795435E0
1.165566425E1,2.047442906E0,-2.240813252E0,1.084518079E-1,3.037273165E0
1.166568525E1,2.783358850E0,-2.383510895E0,-7.839712858E-2,3.665290819E0
1.167570625E1,3.268677750E0,-2.160918797E0,-1.107176131E-1,3.919959524E0
1.168572825E1,3.499046937E0,-1.582086986E0,3.955641389E-3,3.840096919E0
1.169574925E1,3.613455312E0,-9.961673266E-1,-3.634980083E-2,3.748430331E0
1.170577025E1,3.537580088E0,-4.828301780E-1,-3.456242394E-1,3.587067601E0
1.171579225E1,3.401542277E0,-5.073190480E-3,-6.717316425E-1,3.467237949E0
1.172581325E1,3.138072587E0,4.015839936E-1,-9.213030857E-1,3.295082493E0
1.173583379E1,2.716809935E0,7.959055991E-1,-1.329106032E0,3.127466193E0
1.174585579E1,2.196389616E0,7.396941224E-1,-1.212874494E0,2.615786550E0
1.175587679E1,1.577084693E0,5.938609095E-1,-8.942217064E-1,1.907747198E0
1.176589779E1,9.360345608E-1,3.551268420E-1,-7.199939758E-1,1.233153315E0
1.177591979E1,4.978921670E-1,6.676277742E-2,-2.378103902E-1,5.557946204E-1
1.178594079E1,1.381188351E-1,-3.628157844E-1,4.731745977E-2,3.910895652E-1
1.179596179E1,-2.241705537E-2,-7.840755124E-1,1.736897868E-1,8.033959644E-1
1.180598379E1,-9.338938951E-2,-1.161052815E0,2.338909650E-1,1.188053113E0
1.181600479E1,-1.339538634E-1,-1.290956165E0,7.730717104E-2,1.300187624E0
1.182602579E1,-1.403817075E-1,-1.307778459E0,-9.870509326E-2,1.318989847E0
1.183604779E1,-1.725998658E-1,-1.057597297E0,-1.824062312E-1,1.087002663E0
1.184606879E1,-1.280382353E-1,-6.057149698E-1,-1.751311255E-1,6.433936007E-1
1.185608979E1,-2.887355089E-3,4.253529252E-1,-3.195374715E-1,5.320128227E-1
1.186611079E1,1.629981530E-1,1.554259941E0,-4.786980969E-1,1.634455331E0
1.187613279E1,3.625525135E-1,2.345814481E0,-4.463267781E-1,2.415263442E0
1.188615379E1,5.094117665E-1,2.904571631E0,-4.390826626E-1,2.981414143E0
1.189617579E1,6.041898698E-1,3.083053503E0,-3.512954905E-1,3.161277088E0
1.190619679E1,5.986461246E-1,2.728250012E0,-3.763408327E-1,2.818396306E0
1.191621779E1,5.805910921E-1,2.185099812E0,-4.296370339E-1,2.301376802E0
1.192623879E1,5.997758067E-1,1.791660551E0,-6.236242604E-1,1.989644633E0
1.193626079E1,5.652848357E-1,1.423358470E0,-8.223377913E-1,1.738314046E0
1.194628179E1,4.418302327E-1,1.105678659E0,-1.192780538E0,1.685367812E0
1.195630279E1,2.101653028E-1,8.537238908E-1,-6.002237034E-1,1.064557387E0
1.196632479E1,-2.353527689E-1,7.474887532E-1,-9.770843536E-1,1.252527124E0
1.197634579E1,-6.960981596E-1,5.852118543E-1,-8.039746106E-1,1.213837195E0
1.198636679E1,-1.240369856E0,5.676941809E-1,-6.986323428E-1,1.532606020E0
1.199638879E1,-1.682777209E0,5.886143491E-1,-4.799417996E-1,1.846225912E0
1.200640979E1,-1.927780223E0,7.187751237E-1,-3.395185769E-1,2.085245101E0
1.201643079E1,-2.004478735E0,8.230976370E-1,-1.005551340E-1,2.169224759E0
1.202645279E1,-1.934946570E0,1.043642625E0,8.990151624E-2,2.200293262E0
1.203647379E1,-1.597417216E0,1.456088552E0,4.146084289E-2,2.161863695E0
1.204649479E1,-1.119847632E0,1.766562255E0,-3.655972500E-2,2.091921971E0
1.205651679E1,-6.569077814E-1,1.825786071E0,-8.173471928E-2,1.942087324E0
1.206653779E1,-3.941765946E-1,1.616682330E0,-9.317829589E-2,1.666649075E0
1.207655879E1,-2.904516667E-1,1.308896300E0,4.813644272E-1,1.424529188E0
1.208657979E1,-2.676948881E-1,1.153253360E0,5.318323302E-1,1.297882696E0
1.209660179E1,-2.427167523E-1,1.118058676E0,6.773379529E-1,1.329568850E0
1.210662279E1,-2.432383239E-1,1.156946754E0,7.003490853E-1,1.374110445E0
1.211664379E1,-2.289301872E-1,1.228313775E0,6.175495881E-1,1.393747199E0
1.212666579E1,-2.540574270E-1,1.310516271E0,5.413773251E-1,1.440516394E0
1.213668679E1,-3.534986848E-1,1.341263270E0,5.325006670E-1,1.485767627E0
1.214670779E1,-4.597092640E-1,1.258108262E0,5.977053076E-1,1.466772185E0
1.215672979E1,-5.572232795E-1,1.166347907E0,6.769771796E-1,1.459165284E0
1.216675079E1,-6.035700649E-1,1.160638686E0,6.655534744E-1,1.467767151E0
1.217677179E1,-6.175636214E-1,1.273317455E0,5.807928210E-1,1.529719735E0
1.218679379E1,-6.486205226E-1,1.393688821E0,5.218838775E-1,1.623403799E0
1.219681479E1,-7.103536713E-1,1.391486175E0,4.580761367E-1,1.628087792E0
1.220683579E1,-7.734281713E-1,1.307866606E0,3.603381729E-1,1.561585666E0
1.221685779E1,-8.602371043E-1,1.149123764E0,2.221263671E-1,1.452526565E0
1.222687879E1,-9.403761184E-1,9.303422964E-1,5.081756651E-2,1.323792453E0
1.223689979E1,-1.003918396E0,7.831997457E-1,-1.605727279E-1,1.283369622E0
1.224692179E1,-9.695092857E-1,8.631478482E-1,-3.316914940E-1,1.339773007E0
1.225694279E1,-8.738809973E-1,1.124868928E0,-3.947811967E-1,1.478123911E0
1.226696379E1,-7.846261740E-1,1.406384880E0,-3.193369120E-1,1.641807762E0
1.227698479E1,-7.274842590E-1,1.599962802E0,-2.036427337E-1,1.769345833E0
1.228700679E1,-6.992708588E-1,1.750708991E0,-9.797946294E-2,1.887739834E0
1.229702779E1,-6.778601092E-1,1.894974127E0,-2.976214495E-3,2.012568043E0
1.230704879E1,-6.699032182E-1,2.058398834E0,1.110046931E-1,2.167509660E0
1.231707079E1,-6.809445155E-1,2.242499296E0,2.599210149E-1,2.357975289E0
1.232709179E1,-6.501162404E-1,2.436860745E0,4.090712436E-1,2.555050038E0
1.233711279E1,-4.763317287E-1,2.550456650E0,4.985219486E-1,2.642015362E0
1.234713479E1,-1.526789868E-1,2.577955520E0,5.364112848E-1,2.637594094E0
1.235715579E1,3.006918955E-1,2.362168704E0,5.827059935E-1,2.451489930E0
1.236717679E1,7.903283787E-1,1.793624046E0,6.466938651E-1,2.063957150E0
1.237719879E1,1.274642726E0,1.035964938E0,6.180430931E-1,1.754968574E0
1.238721979E1,1.890019489E0,2.688321716E-1,3.142667183E-1,1.934737185E0
1.239724079E1,2.602619076E0,-4.473576057E-1,-7.453966925E-1,2.743969954E0
1.240726279E1,3.404512662E0,-1.134823813E0,2.906112957E-1,3.600414765E0
1.241728379E1,4.102188401E0,-1.784302415E0,1.708234086E-1,4.476702516E0
1.242730479E1,4.667458618E0,-2.489507320E0,1.096411407E-1,5.291014820E0
1.243732679E1,4.977324795E0,-3.201027803E0,1.555587405E-1,5.919842873E0
1.244734779E1,4.697627327E0,-3.983763573E0,2.659780725E-1,6.165129280E0
1.245736879E1,3.683492677E0,-4.442602771E0,3.602738535E-1,5.782269012E0
1.246738979E1,2.483114852E0,-4.196515099E0,-8.708265580E-2,4.876902883E0
1.247741179E1,1.594871923E0,-3.282515770E0,-5.563760179E-1,3.691623018E0
1.248743279E1,7.892559993E-1,-2.141888888E0,-7.735492086E-1,2.410184935E0
1.249745379E1,3.519503421E-1,-1.425327228E0,-1.120918257E0,1.847128715E0
1.250747579E1,3.381678700E-2,-7.385846132E-1,-1.361916951E0,1.549667251E0
1.251749679E1,-1.469352669E-1,-2.491562909E-1,-1.501377869E0,1.528988010E0
1.252751779E1,-2.514934230E-1,-2.091256678E-2,-1.606370473E0,1.626072684E0
1.253753979E1,-3.284474587E-1,-3.500669539E-2,-1.434573576E0,1.472108877E0
1.254756079E1,-3.948759216E-1,-1.646453136E-1,-1.266456186E0,1.336767124E0
1.255758179E1,-4.369185716E-1,-2.644280487E-1,-1.214125798E0,1.317164183E0
1.256760379E1,-5.124096340E-1,-2.985892367E-1,-1.111013220E0,1.259392528E0
1.257762479E1,-6.007774347E-1,-2.808096081E-1,-1.032176235E0,1.226855876E0
1.258764579E1,-6.989030689E-1,-2.659471554E-1,-1.008968197E0,1.255870301E0
1.259766779E1,-7.696923852E-1,-2.622137082E-1,-1.061709352E0,1.337314153E0
1.260768879E1,-8.566258639E-1,-2.795354998E-1,-1.085585872E0,1.410831192E0
1.261770979E1,-9.975835222E-1,-2.800985867E-1,-1.056156251E0,1.479558761E0
1.262773179E1,-1.142802631E0,-2.425506914E-1,-9.108260447E-1,1.481361798E0
1.263775279E1,-1.247860724E0,-2.206043369E-1,-8.638617933E-1,1.533649197E0
1.264777379E1,-1.297076154E0,-2.398177028E-1,-8.455500680E-1,1.566803752E0
1.265779479E1,-1.379673922E0,-2.541030353E-1,-8.464204261E-1,1.638443170E0
1.266781679E1,-1.439959885E0,-3.075062406E-1,-8.298317291E-1,1.690167227E0
1.267783779E1,-1.572645487E0,-4.066469514E-1,-7.896707131E-1,1.806143795E0
1.268785879E1,-1.667103748E0,-3.420814115E-1,-7.594163422E-1,1.863590024E0
1.269788079E1,-1.540647769E0,-2.830812514E-2,-5.960464525E-1,1.652170776E0
1.270790179E1,-1.402225463E0,2.404977340E-1,-4.125210643E-1,1.481299780E0
1.271792279E1,-1.206144349E0,5.015648031E-1,6.414439425E-2,1.307847830E0
1.272794479E1,-8.106895530E-1,1.087789688E0,-3.586519821E-1,1.403258779E0
1.273796587E1,-3.522812945E-1,1.581304044E0,-7.591381609E-2,1.621846940E0
1.274798687E1,1.133716643E-2,1.950031802E0,1.865188703E-2,1.950153956E0
1.275800888E1,2.324040180E-1,1.741725914E0,-6.047190428E-3,1.757173115E0
1.276802987E1,4.014569628E-1,1.285032059E0,-9.432158187E-2,1.349582027E0
1.277805087E1,4.148324686E-1,7.318948138E-1,1.343947434E-1,8.519494953E-1
1.278807187E1,3.560492402E-1,3.146147007E-1,6.031343012E-1,7.678049600E-1
1.279809387E1,2.404316604E-1,3.988736629E-2,9.483445577E-1,9.791607557E-1
1.280811487E1,1.077992678E-1,-3.088382363E-2,1.173797406E0,1.179141570E0
1.281813587E1,-9.384020984E-2,5.183907509E-2,1.119515364E0,1.124636797E0
1.282815787E1,-3.405196202E-1,-6.062510133E-2,1.005784827E0,1.063593970E0
1.283817887E1,-5.922264665E-1,-1.074694848E-1,8.550981326E-1,1.045693404E0
1.284819987E1,-7.041889518E-1,-1.908554578E-1,6.932042263E-1,1.006399516E0
1.285822187E1,-7.938068873E-1,-5.078628391E-1,5.354176967E-1,1.083847843E0
1.286824287E1,-7.993149644E-1,-8.770028257E-1,3.505351697E-1,1.237300802E0
1.287826387E1,-7.704911149E-1,-1.185661553E0,1.790760957E-1,1.425313342E0
1.288828587E1,-7.792268550E-1,-1.464146308E0,1.463881136E-1,1.665037051E0
1.289830687E1,-7.847741085E-1,-1.602867406E0,2.405164450E-1,1.800806065E0
1.290832787E1,-7.931981921E-1,-1.616636429E0,4.119049139E-1,1.847252656E0
1.291834987E1,-7.494580954E-1,-1.537807192E0,6.240433596E-1,1.820980096E0
1.292837087E1,-7.651531917E-1,-1.729248540E0,3.354177783E-1,1.920485618E0
1.293839187E1,-7.046994138E-1,-1.699555210E0,4.814234841E-1,1.901803814E0
1.294841288E1,-6.742845368E-1,-1.629626604E0,3.852975976E-1,1.805213767E0
1.295843487E1,-6.312531227E-1,-1.465118700E0,3.154923677E-1,1.626219156E0
1.296845587E1,-7.043930197E-1,-1.323530712E0,2.572587776E-1,1.521211737E0
1.297847687E1,-9.368099016E-1,-1.269446306E0,2.076720500E-1,1.591299593E0
1.298849888E1,-1.214524578E0,-1.234115674E0,2.166276455E-1,1.745004008E0
1.299851988E1,-1.407931176E0,-1.162011319E0,1.219267255E-1,1.829591930E0
1.300854088E1,-1.543876601E0,-9.535066259E-1,9.598789215E-2,1.817125070E0
1.301856287E1,-1.626377306E0,-7.521062994E-1,1.126723373E-1,1.795400257E0
1.302858387E1,-1.620959861E0,-5.547323656E-1,2.022873491E-1,1.725154787E0
1.303860487E1,-1.586002867E0,-4.423114586E-1,2.680685252E-1,1.668204200E0
1.304862688E1,-1.734962440E0,-5.030073112E-1,3.413048282E-1,1.838368844E0
1.305864788E1,-1.411527214E0,-3.328252691E-1,4.157681693E-1,1.508656656E0
1.306866887E1,-1.758260670E0,-2.933951551E-1,5.168820962E-1,1.855997953E0
1.307868987E1,-1.890612981E0,-1.865285182E-1,7.041953107E-1,2.026104975E0
1.308871187E1,-1.740419061E0,-1.578549421E-1,7.865871839E-1,1.916427950E0
1.309873287E1,-1.412293784E0,7.604303956E-3,5.669758505E-1,1.521871602E0
1.310875387E1,-1.221886223E0,3.292093509E-1,3.760695219E-1,1.320156439E0
1.311877587E1,-9.865445638E-1,5.699713790E-1,2.812066340E-1,1.173547920E0
1.312879687E1,-5.343431246E-1,6.699970660E-1,2.324426097E-1,8.879460626E-1
1.313881787E1,2.272853655E-1,5.329947567E-1,3.484582387E-1,6.761399205E-1
1.314883987E1,1.267873405E0,4.107733315E-1,4.742360866E-1,1.414615695E0
1.315886087E1,2.735163760E0,3.202797756E-1,3.325122969E-1,2.773853701E0
1.316888187E1,4.309424248E0,1.945476821E-1,1.731861953E-1,4.317288456E0
1.317890387E1,5.972009268E0,4.713031232E-2,-2.725552399E-1,5.978411354E0
1.318892487E1,7.550597865E0,-5.935534921E-1,-7.078026773E-1,7.606892828E0
1.319894587E1,8.107788400E0,-6.117009106E-1,-1.453995103E0,8.259813103E0
1.320896687E1,5.958191128E0,7.684483901E-1,-1.837308594E0,6.282217547E0
1.321898887E1,2.335212455E0,9.378360879E-1,-7.551550376E-1,2.627358535E0
1.322900987E1,1.538741577E0,1.137710584E0,-1.186575472E-1,1.917339465E0
1.323903088E1,8.039447898E-1,1.575962905E0,5.996436596E-2,1.770192653E0
1.324905287E1,3.292742550E-1,1.774446640E0,-2.139124909E-1,1.817371995E0
1.325907387E1,1.648423648E-1,1.397303862E0,-5.162752283E-1,1.498723190E0
1.326909487E1,-1.857642871E-1,8.100203392E-1,-7.803328559E-1,1.139982757E0
1.327911688E1,-4.311058545E-1,-9.920912325E-2,-7.596318121E-1,8.790535808E-1
1.328913788E1,-5.853881478E-1,-9.977773574E-1,-3.359139146E-1,1.204606615E0
1.329915888E1,-7.107267237E-1,-1.638893563E0,-3.233469325E-1,1.815394675E0
1.330918087E1,-7.161073315E-1,-1.961316051E0,-6.447770016E-1,2.185247754E0
1.331920187E1,-5.438308167E-1,-1.826666077E0,-7.472361535E-1,2.047149917E0
1.332922287E1,-3.395565838E-1,-1.632359300E0,-7.480167568E-1,1.827409266E0
1.333924387E1,-9.863901973E-2,-1.158114150E0,-7.634955060E-1,1.390641373E0
1.334926588E1,4.558606267E-2,-5.347705561E-1,-1.088703169E0,1.213808974E0
1.335928687E1,8.924429834E-2,-5.565233678E-2,-1.045404537E0,1.050681861E0
1.336930787E1,7.119920611E-2,3.836460516E-1,-6.445644553E-1,7.534699442E-1
1.337932987E1,-1.268664533E-1,6.563499570E-1,-3.352442622E-1,7.478496362E-1
1.338935087E1,-2.640918338E-1,8.159999943E-1,-2.714904620E-1,8.996152279E-1
1.339937187E1,-5.548171502E-1,1.022951375E0,-1.349724483E-1,1.171524284E0
1.340939387E1,-9.168018991E-1,9.716870812E-1,-1.761940031E-1,1.347496135E0
1.341941487E1,-1.240822431E0,8.546810800E-1,-2.910586077E-1,1.534547219E0
1.342943587E1,-1.479212244E0,8.401872942E-1,-3.116514780E-1,1.729482638E0
1.343945787E1,-1.596903831E0,7.988141504E-1,-3.640780520E-1,1.822294905E0
1.344947887E1,-1.562281882E0,5.596378872E-1,-3.984661120E-1,1.706661796E0
1.345949987E1,-1.421824746E0,4.841208047E-1,-3.283310992E-1,1.537452396E0
1.346952087E1,-1.240210227E0,4.996463317E-1,-2.764598644E-1,1.365356335E0
1.347954287E1,-9.774983364E-1,5.788082761E-1,-1.496567072E-1,1.145826840E0
1.348956387E1,-7.586393934E-1,7.123063490E-1,8.123697504E-2,1.043797639E0
1.349958487E1,-5.835983151E-1,7.459629223E-1,3.307949696E-1,1.003231273E0
1.350960687E1,-5.477414346E-1,6.702695462E-1,4.760380523E-1,9.878735602E-1
1.351962787E1,-6.930043977E-1,5.380084518E-1,3.439911121E-1,9.423577212E-1
1.352964888E1,-8.488777184E-1,4.885208344E-1,2.452999791E-1,1.009662353E0
1.353967087E1,-9.605367333E-1,4.936201912E-1,2.171000274E-1,1.101555324E0
1.354969187E1,-1.064559284E0,5.027015018E-1,1.931620382E-1,1.193024242E0
1.355971287E1,-1.117057925E0,4.784463742E-1,2.745261902E-1,1.245830635E0
1.356973487E1,-1.163738587E0,3.393761972E-1,3.190199929E-1,1.253490111E0
1.357975588E1,-1.155779357E0,2.238492492E-1,3.708650614E-1,1.234291417E0
1.358977688E1,-1.212070502E0,1.136181244E-1,3.137984294E-1,1.257176771E0
1.359979787E1,-1.233388281E0,-3.280083328E-2,3.176751333E-1,1.274064377E0
1.360981987E1,-1.209473169E0,-3.330837160E-2,3.127851069E-1,1.249707693E0
1.361984087E1,-1.110947585E0,9.682228982E-2,2.931244290E-1,1.153039905E0
1.362986187E1,-9.341429865E-1,2.926546052E-1,3.612269497E-1,1.043434112E0
1.363988388E1,-7.536756921E-1,4.568365270E-1,3.414673807E-1,9.451595809E-1
1.364990487E1,-5.285105270E-1,5.390597811E-1,2.202225137E-1,7.863884411E-1
1.365992587E1,-1.622818691E-1,5.737676838E-1,8.442315209E-1,1.033572262E0
1.366994787E1,1.131330979E-1,5.461214635E-1,6.326120887E-1,8.433539029E-1
1.367996887E1,3.627840632E-1,5.056724721E-1,3.959108788E-1,7.376058226E-1
1.368998987E1,6.064527422E-1,6.245662469E-1,3.893071065E-1,9.536393178E-1
1.370001087E1,6.871425641E-1,8.186695406E-1,3.888520470E-1,1.137361259E0
1.371003287E1,6.078005254E-1,1.031057370E0,3.279369968E-1,1.240984872E0
1.372005387E1,5.057964331E-1,1.263320763E0,5.472357235E-1,1.466722986E0
1.373007487E1,3.349980944E-1,1.414977948E0,8.014679823E-1,1.660342508E0
1.374009675E1,7.110389650E-2,1.418414649E0,6.885090584E-1,1.578290406E0
1.375011775E1,-1.924546713E-1,1.328394426E0,7.348277771E-1,1.530242599E0
1.376013875E1,-4.258117855E-1,1.214360272E0,6.766842341E-1,1.453921627E0
1.377016075E1,-4.966993350E-1,1.108749324E0,6.050399818E-1,1.357243041E0
1.378018175E1,-4.182337940E-1,9.575780421E-1,4.945241708E-1,1.156040384E0
1.379020275E1,-1.967219692E-1,7.253389156E-1,3.995425844E-1,8.511464929E-1
1.380022475E1,1.410289943E-2,4.729771811E-1,2.017757177E-2,4.736173983E-1
1.381024575E1,1.549243176E-1,-1.078460455E-2,2.505976295E-1,2.948169327E-1
1.382026675E1,3.459809196E-1,-3.197994268E-1,3.650404307E-1,5.960108943E-1
1.383028775E1,7.356756234E-1,-4.129765624E-1,2.570892084E-1,8.819654897E-1
1.384030975E1,1.427708799E0,-4.394670805E-1,2.419490129E-1,1.513282212E0
1.385033075E1,2.221536736E0,-6.006838793E-1,1.872430480E-1,2.308918914E0
1.386035175E1,2.911817501E0,-8.242977780E-1,1.452436674E-1,3.029726672E0
1.387037375E1,3.342890026E0,-1.124615452E0,7.181828007E-2,3.527723275E0
1.388039475E1,3.509521054E0,-1.415177631E0,4.488973238E-2,3.784373243E0
1.389041575E1,3.397235802E0,-1.567858956E0,-6.697817422E-2,3.742175688E0
1.390043775E1,3.140158873E0,-1.587526651E0,-2.381863296E-1,3.526694110E0
1.391045875E1,2.769293958E0,-1.488624507E0,-3.473368889E-1,3.163168485E0
1.392047975E1,2.247601869E0,-1.265819570E0,-4.690794271E-1,2.621840738E0
1.393050075E1,1.577205731E0,-9.226479453E-1,-6.292147833E-1,1.932554887E0
1.394052275E1,8.323569953E-1,-4.679824895E-1,-7.283578330E-1,1.200970820E0
1.395054375E1,2.828333294E-1,-1.588074535E-1,-9.615290789E-1,1.014767298E0
1.396056475E1,-1.336995095E-1,1.010843253E-1,-1.253110939E0,1.264270788E0
1.397058675E1,-5.228591931E-1,2.640184513E-1,-1.257722054E0,1.387426482E0
1.398060775E1,-8.012281734E-1,2.627034125E-1,-1.171282665E0,1.443219578E0
1.399062875E1,-9.523079467E-1,1.678422788E-1,-1.054829518E0,1.430988039E0
1.400065075E1,-9.442440516E-1,1.168624520E-2,-9.410221627E-1,1.333137693E0
1.401067175E1,-8.749937224E-1,-1.343412414E-1,-9.148091680E-1,1.273003298E0
1.402069275E1,-7.962761664E-1,-2.484990638E-1,-9.089754009E-1,1.233711391E0
1.403071475E1,-7.671038228E-1,-3.285404295E-1,-9.074241346E-1,1.232803978E0
1.404073575E1,-7.785246044E-1,-4.214658424E-1,-8.813911611E-1,1.249233523E0
1.405075675E1,-7.570910507E-1,-5.149101958E-1,-8.696558724E-1,1.262782921E0
1.406077775E1,-6.953426993E-1,-5.955313128E-1,-8.311472064E-1,1.236513119E0
1.407079975E1,-6.156638610E-1,-6.661469668E-1,-7.302850753E-1,1.164521388E0
1.408082075E1,-5.413632917E-1,-6.992463005E-1,-5.991145597E-1,1.068156289E0
1.409084175E1,-4.593952686E-1,-6.799750471E-1,-4.518091641E-1,9.367719030E-1
1.410086375E1,-3.880592376E-1,-6.411156213E-1,-3.647528938E-1,8.334649875E-1
1.411088475E1,-3.543535477E-1,-5.801604447E-1,-3.360266197E-1,7.583313705E-1
1.412090575E1,-3.713093036E-1,-5.063329151E-1,-3.312477634E-1,7.099075297E-1
1.413092775E1,-4.917128295E-1,-5.016873023E-1,-3.103731304E-1,7.679864166E-1
1.414094875E1,-6.528562456E-1,-5.722228494E-1,-1.884096406E-1,8.883459121E-1
1.415096975E1,-8.164952534E-1,-6.282277733E-1,-1.284270021E-1,1.038185017E0
1.416099075E1,-9.511098522E-1,-6.705776945E-1,-1.047509681E-1,1.168442194E0
1.417101275E1,-1.055582639E0,-7.356691915E-1,1.209087253E-1,1.292316829E0
1.418103375E1,-1.144659122E0,-7.818686271E-1,-3.353845954E-2,1.386610214E0
1.419105475E1,-1.195580769E0,-8.168516412E-1,9.529324293E-2,1.451117081E0
1.420107675E1,-1.201709821E0,-8.139058140E-1,2.368905866E-1,1.470600665E0
1.421109775E1,-1.157151698E0,-7.714176062E-1,4.172168901E-1,1.451948728E0
1.422111875E1,-1.061243328E0,-7.329452661E-1,5.933836305E-1,1.419700778E0
1.423114075E1,-9.558478510E-1,-7.025920773E-1,6.774122125E-1,1.366077614E0
1.424116175E1,-8.719882536E-1,-6.275883803E-1,7.540692097E-1,1.312574212E0
1.425118275E1,-8.241960365E-1,-5.099649131E-1,7.333127636E-1,1.215364525E0
1.426120375E1,-8.220518625E-1,-3.563646975E-1,7.016571075E-1,1.138019226E0
1.427122575E1,-8.913700193E-1,-2.487943482E-1,6.720011991E-1,1.143689097E0
1.428124675E1,-9.707319385E-1,-2.381147012E-1,6.687787986E-1,1.202615561E0
1.429126775E1,-1.079676676E0,-2.884273607E-1,6.713626832E-1,1.303694718E0
1.430128975E1,-1.152179226E0,-3.998574570E-1,6.681326813E-1,1.390612899E0
1.431131075E1,-1.172918131E0,-5.250150615E-1,5.978450561E-1,1.417320171E0
1.432133175E1,-1.141077703E0,-6.630827335E-1,5.955260503E-1,1.447890987E0
1.433135375E1,-1.079004831E0,-7.492873567E-1,5.470397687E-1,1.423002276E0
1.434137475E1,-1.013365157E0,-7.331592742E-1,3.629015923E-1,1.302355185E0
1.435139575E1,-1.003163520E0,-6.791976598E-1,2.625002217E-1,1.239577700E0
1.436141775E1,-1.006043859E0,-5.846666014E-1,1.170179788E-1,1.169466753E0
1.437143875E1,-9.730211234E-1,-4.838854542E-1,9.556689262E-3,1.086741262E0
1.438145975E1,-8.845837408E-1,-4.219423905E-1,-1.779237556E-1,9.960826463E-1
1.439148075E1,-7.818966937E-1,-5.012835521E-1,-2.321169198E-1,9.573535938E-1
1.440150275E1,-6.986481303E-1,-5.845908800E-1,-1.908952006E-1,9.307506028E-1
1.441152375E1,-6.432118481E-1,-5.637899950E-1,-9.443134507E-2,8.605218876E-1
1.442154475E1,-6.714615011E-1,-5.321752694E-1,1.069151688E-1,8.634245295E-1
1.443156675E1,-7.384279078E-1,-4.615239474E-1,1.961378324E-1,8.926086367E-1
1.444158775E1,-8.825565112E-1,-4.279314011E-1,2.274695528E-1,1.006863286E0
1.445160875E1,-1.056188411E0,-4.233056688E-1,2.953697598E-1,1.175570050E0
1.446163075E1,-1.278276186E0,-4.319551626E-1,3.486987054E-1,1.393616180E0
1.447165175E1,-1.454006066E0,-4.634745786E-1,3.180171955E-1,1.558870509E0
1.448167275E1,-1.703338943E0,-4.296855658E-1,3.259015810E-1,1.786674308E0
1.449169375E1,-1.879274645E0,-4.969279611E-1,4.221654618E-1,1.989179295E0
1.450171575E1,-1.873025726E0,-6.200036645E-1,5.178013515E-1,2.039791204E0
1.451173675E1,-1.521376516E0,-7.969988823E-1,5.366586220E-1,1.799387728E0
1.452175775E1,-9.224199039E-1,-7.134266755E-1,4.704973769E-1,1.257459296E0
1.453177975E1,-3.272405934E-1,-5.834258223E-1,3.655889726E-1,7.623171210E-1
1.454180075E1,1.799808061E-1,-4.650249678E-1,1.630928779E-1,5.246337752E-1
1.455182175E1,7.844495881E-1,-4.108385280E-1,-3.810806771E-2,8.863417383E-1
1.456184375E1,1.528331779E0,-5.212871692E-1,-4.084554952E-1,1.665645289E0
1.457186475E1,2.415746157E0,-6.494484884E-1,-6.650272250E-1,2.588411490E0
1.458188575E1,3.260212736E0,-6.936236179E-1,-5.602118279E-1,3.379931670E0
1.459190775E1,3.897918845E0,-6.812038395E-1,-6.768672520E-1,4.014468741E0
1.460192875E1,4.128479821E0,-6.674617133E-1,-9.142449117E-1,4.280852080E0
1.461194975E1,3.704842615E0,-6.567320725E-1,-9.184309334E-1,3.873069996E0
1.462197075E1,2.846699399E0,-6.450028503E-1,-9.383506429E-1,3.065979138E0
1.463199275E1,2.002605287E0,-5.706745067E-1,-9.734030197E-1,2.298610617E0
1.464201375E1,1.365284509E0,-5.058984670E-1,-1.107455043E0,1.829314550E0
1.465203475E1,8.816384983E-1,-4.712157074E-1,-1.265613456E0,1.612795122E0
1.466205675E1,4.550186276E-1,-3.855189148E-1,-1.314483899E0,1.443445429E0
1.467207775E1,1.163478971E-1,-2.995113426E-1,-1.383126703E0,1.419958927E0
1.468209875E1,-8.251883090E-2,-1.987363350E-1,-1.544864196E0,1.559779110E0
1.469212075E1,-9.045291781E-2,-1.429775789E-1,-1.631100102E0,1.639851170E0
1.470214175E1,-8.038752079E-3,-1.159368378E-1,-1.570276780E0,1.574571414E0
1.471216275E1,1.161198556E-1,-7.905698687E-2,-1.457556496E0,1.464310338E0
1.472218375E1,2.341032189E-1,-5.556228966E-2,-1.412434117E0,1.432781079E0
1.473220575E1,3.071542382E-1,-1.546705484E-2,-1.402429531E0,1.435754696E0
1.474222725E1,3.246970546E-1,5.128855973E-2,-1.376526366E0,1.415232677E0
1.475224825E1,2.861241424E-1,1.318737164E-1,-1.310910081E0,1.348236976E0
1.476227025E1,2.150839806E-1,2.437771448E-1,-1.222515383E0,1.265002877E0
1.477229125E1,1.814081115E-1,3.587527004E-1,-1.137122646E0,1.206092996E0
1.478231225E1,1.846182328E-1,4.598180223E-1,-1.073149429E0,1.182017852E0
1.479233425E1,2.111868113E-1,5.073611480E-1,-9.520980316E-1,1.099320638E0
1.480235525E1,2.229923397E-1,5.505483904E-1,-7.680632778E-1,9.709533009E-1
1.481237625E1,1.931393802E-1,5.865113980E-1,-6.139950657E-1,8.707975544E-1
1.482239725E1,1.102556831E-1,6.578053290E-1,-4.834962489E-1,8.237917147E-1
1.483241925E1,-3.405593812E-2,7.432275948E-1,-3.685219359E-1,8.302743413E-1
1.484244025E1,-1.682986540E-1,8.188432029E-1,-2.787331887E-1,8.812041865E-1
1.485246125E1,-2.931484026E-1,8.484467787E-1,-2.591404116E-1,9.343188295E-1
1.486248325E1,-3.920698428E-1,8.449124292E-1,-2.721984136E-1,9.704059722E-1
1.487250425E1,-4.701892287E-1,8.397803280E-1,-3.059380539E-1,1.009904452E0
1.488252525E1,-5.822832763E-1,8.585627541E-1,-2.670212889E-1,1.071206883E0
1.489254725E1,-7.127112687E-1,8.920860109E-1,-2.185444359E-1,1.162556009E0
1.490256825E1,-8.004516631E-1,9.529584494E-1,-1.602137820E-1,1.254799238E0
1.491258925E1,-8.578198653E-1,1.003223162E0,-1.101399447E-1,1.324553676E0
1.492261025E1,-8.439748281E-1,1.031286873E0,-8.196985044E-2,1.335127403E0
1.493263225E1,-7.556140441E-1,1.092596976E0,-9.528045215E-2,1.331840493E0
1.494265325E1,-6.886260027E-1,1.116557696E0,-8.473375618E-2,1.314567104E0
1.495267425E1,-6.511482739E-1,1.139104852E0,-1.126647359E-1,1.316908228E0
1.496269625E1,-6.523136240E-1,1.163347993E0,-1.081114360E-1,1.338125442E0
1.497271725E1,-6.833874822E-1,1.178652203E0,-7.143009804E-2,1.364309981E0
1.498273825E1,-6.914472842E-1,1.184423697E0,-3.223511517E-2,1.371859302E0
1.499276025E1,-6.259397578E-1,1.212367248E0,1.794861317E-2,1.364535481E0
1.500278125E1,-5.343051177E-1,1.207986807E0,8.244223237E-2,1.323446563E0
1.501280225E1,-4.239476931E-1,1.201819164E0,1.410968220E-1,1.282189246E0
1.502282425E1,-3.368551701E-1,1.199573833E0,2.173118063E-1,1.264781881E0
1.503284525E1,-2.760610843E-1,1.196637361E0,3.129926831E-1,1.267325971E0
1.504286625E1,-2.624698162E-1,1.190846863E0,3.631162216E-1,1.272344311E0
1.505288725E1,-2.887653297E-1,1.191314056E0,4.033169256E-1,1.290456949E0
1.506290925E1,-3.735458636E-1,1.223274644E0,4.191868901E-1,1.345977346E0
1.507293025E1,-4.616201341E-1,1.242862524E0,4.425997263E-1,1.397746372E0
1.508295125E1,-5.195783204E-1,1.259865935E0,4.861772704E-1,1.446925065E0
1.509297325E1,-5.032061166E-1,1.209097778E0,4.687303118E-1,1.390985959E0
1.510299425E1,-4.728041035E-1,1.092763622E0,4.098073715E-1,1.259213300E0
1.511301525E1,-4.847242373E-1,9.882487348E-1,3.237497691E-1,1.147347838E0
1.512303725E1,-5.275317031E-1,9.047887945E-1,2.797553186E-1,1.084064343E0
1.513305825E1,-5.604591286E-1,8.392175335E-1,2.259007083E-1,1.034133276E0
1.514307925E1,-5.561187404E-1,8.117715803E-1,1.915436385E-1,1.002462028E0
1.515310025E1,-4.966876405E-1,8.150135690E-1,1.419663030E-1,9.649353145E-1
1.516312225E1,-3.765308672E-1,8.190291443E-1,9.780228317E-2,9.067246108E-1
1.517314325E1,-2.090935081E-1,8.142569393E-1,7.989810884E-2,8.444632414E-1
1.518316425E1,-4.841903865E-2,8.161172310E-1,1.081161869E-1,8.246701449E-1
1.519318625E1,6.410068631E-2,8.665290007E-1,2.028229906E-1,8.922547689E-1
1.520320725E1,5.453814983E-2,1.000348086E0,3.223488494E-1,1.052416022E0
1.521322825E1,-6.317741096E-2,1.188279351E0,3.913137978E-1,1.252647472E0
1.522325025E1,-2.103272706E-1,1.344898484E0,3.948765063E-1,1.417362674E0
1.523327125E1,-2.555075365E-1,1.527961650E0,3.843876978E-1,1.596153128E0
1.524329225E1,-1.071870643E-1,1.682472277E0,3.474480591E-1,1.721314086E0
1.525331325E1,1.730442542E-1,1.619223238E0,3.661602455E-1,1.669102014E0
1.526333525E1,4.459045726E-1,1.404137211E0,3.925767964E-1,1.524647085E0
1.527335625E1,6.772484905E-1,1.089294176E0,2.726416326E-1,1.311320243E0
1.528337725E1,8.572836757E-1,7.365228850E-1,4.385452670E-1,1.212321414E0
1.529339925E1,1.152658113E0,4.794895175E-1,1.825735346E-1,1.261690936E0
1.530342025E1,1.772612076E0,3.728594005E-2,-2.443551421E-3,1.773005862E0
1.531344125E1,2.562334099E0,-6.273088834E-1,-1.504723207E-1,2.642293396E0
1.532346325E1,3.221102464E0,-1.396922624E0,-4.567801014E-2,3.511264784E0
1.533348425E1,3.423156509E0,-2.015210130E0,7.396662019E-2,3.972976644E0
1.534350525E1,3.359549913E0,-2.408805512E0,5.189513527E-2,4.134200372E0
1.535352625E1,3.183835235E0,-2.467822921E0,-2.687690216E-1,4.037225974E0
1.536354825E1,3.071513731E0,-2.261893926E0,-6.066426305E-1,3.862431360E0
1.537356925E1,2.892000702E0,-1.911862348E0,-6.251714337E-1,3.522743962E0
1.538359025E1,2.425402833E0,-1.506297716E0,-5.328164166E-1,2.904376877E0
1.539361225E1,1.748090608E0,-1.103514020E0,-5.781007630E-1,2.146570394E0
1.540363325E1,1.083607759E0,-7.161339363E-1,-7.153102098E-1,1.482808918E0
1.541365425E1,4.239804375E-1,-3.391712523E-1,-7.844899338E-1,9.540550330E-1
1.542367625E1,-9.826830626E-2,-6.650126070E-2,-7.860926557E-1,7.949973214E-1
1.543369725E1,-3.928253031E-1,1.404226381E-1,-7.449031144E-1,8.537627808E-1
1.544371825E1,-5.730575395E-1,3.015561140E-1,-7.866693373E-1,1.018911026E0
1.545374025E1,-6.743652284E-1,4.024895811E-1,-8.210952580E-1,1.136205856E0
1.546376125E1,-7.022441679E-1,3.758476201E-1,-9.146523164E-1,1.212846719E0
1.547378225E1,-7.187590438E-1,2.232326603E-1,-1.003713012E0,1.254546609E0
1.548380325E1,-7.731790799E-1,3.303179830E-2,-1.079556223E0,1.328284092E0
1.549382525E1,-8.254058254E-1,-1.413567308E-1,-1.142338216E0,1.416408522E0
1.550384625E1,-8.617766762E-1,-2.492852220E-1,-1.146993989E0,1.456158429E0
1.551386725E1,-8.441654474E-1,-3.090250549E-1,-1.114386917E0,1.431771626E0
1.552388925E1,-7.812768888E-1,-3.476251566E-1,-1.041260469E0,1.347390141E0
1.553391025E1,-6.560844934E-1,-3.723156095E-1,-9.222737235E-1,1.191492592E0
1.554393125E1,-5.340449166E-1,-3.978416294E-1,-7.987719043E-1,1.039960812E0
1.555395325E1,-4.045378608E-1,-4.365879115E-1,-6.774613291E-1,9.017836424E-1
1.556397425E1,-2.942763305E-1,-4.413627478E-1,-5.696823804E-1,7.784199692E-1
1.557399525E1,-2.489107078E-1,-4.292069712E-1,-4.603226370E-1,6.768102354E-1
1.558401625E1,-2.550789356E-1,-3.982015255E-1,-3.534040330E-1,5.903593218E-1
1.559403825E1,-2.942500180E-1,-3.661441657E-1,-2.692058086E-1,5.414022447E-1
1.560405925E1,-3.733488125E-1,-3.720276341E-1,-1.990928690E-1,5.634109218E-1
1.561408025E1,-4.620703697E-1,-4.019645011E-1,-1.234049016E-1,6.247505554E-1
1.562410225E1,-5.417386830E-1,-4.070796454E-1,-4.463296652E-2,6.791073111E-1
1.563412325E1,-6.129484141E-1,-4.196134445E-1,3.904185891E-3,7.428300235E-1
1.564414425E1,-6.676795220E-1,-4.664338544E-1,3.293787740E-2,8.151327428E-1
1.565416625E1,-7.209716302E-1,-4.852890784E-1,5.354938567E-2,8.707313695E-1
1.566418725E1,-7.473583603E-1,-4.643385047E-1,8.361291803E-2,8.838245786E-1
1.567420825E1,-7.589843792E-1,-4.401421416E-1,1.168372359E-1,8.851176940E-1
1.568422925E1,-7.952739537E-1,-4.180911219E-1,1.731973781E-1,9.150181306E-1
1.569425125E1,-8.454337084E-1,-3.539614919E-1,2.302223488E-1,9.450128163E-1
1.570427225E1,-9.175105816E-1,-2.857063589E-1,2.531405836E-1,9.937474256E-1
1.571429325E1,-1.011792841E0,-2.590465638E-1,2.509836189E-1,1.074161372E0
1.572431525E1,-1.092175684E0,-2.677524832E-1,2.450058641E-1,1.150898341E0
1.573433617E1,-1.127289968E0,-3.207861444E-1,2.462578261E-1,1.197634894E0
1.574435717E1,-1.112747943E0,-3.752427256E-1,2.934227101E-1,1.210418099E0
1.575437917E1,-1.070219389E0,-4.299899134E-1,3.556504601E-1,1.206958208E0
1.576440017E1,-9.994382590E-1,-4.809033743E-1,4.113598803E-1,1.182946254E0
1.577442117E1,-9.230116421E-1,-5.343369851E-1,4.427810631E-1,1.154782046E0
1.578444217E1,-8.707860661E-1,-6.160638106E-1,4.673217541E-1,1.164556831E0
1.579446417E1,-8.355115682E-1,-7.001657751E-1,4.936705504E-1,1.196671344E0
1.580448517E1,-7.901319122E-1,-7.526012662E-1,4.912561619E-1,1.196682799E0
1.581450617E1,-7.674616724E-1,-8.029694742E-1,5.012180632E-1,1.218596300E0
1.582452817E1,-7.669266522E-1,-7.829398370E-1,4.873946607E-1,1.199468563E0
1.583454917E1,-7.703390872E-1,-7.317153043E-1,4.566413031E-1,1.156438877E0
1.584457017E1,-8.706375468E-1,-6.343044922E-1,4.673545716E-1,1.174211319E0
1.585459217E1,-9.822258103E-1,-5.287482163E-1,4.543005896E-1,1.204463052E0
1.586461317E1,-1.025059589E0,-4.898180392E-1,3.526069844E-1,1.189537959E0
1.587463417E1,-1.027347019E0,-4.316440907E-1,3.147995458E-1,1.157953917E0
1.588465517E1,-1.017483351E0,-3.243821821E-1,3.684921151E-1,1.129726785E0
1.589467717E1,-9.744203621E-1,-2.357617816E-1,4.098569997E-1,1.083079600E0
1.590469817E1,-8.792557579E-1,-2.249225056E-1,4.131185766E-1,9.971698851E-1
1.591471917E1,-7.609326714E-1,-3.111478865E-1,3.786370343E-1,9.050953218E-1
1.592474117E1,-6.281581914E-1,-4.682926843E-1,3.422380803E-1,8.549898568E-1
1.593476217E1,-5.248454922E-1,-6.135842988E-1,3.780821335E-1,8.915686076E-1
1.594478317E1,-4.719732141E-1,-7.554509068E-1,4.129080769E-1,9.818135604E-1
1.595480517E1,-4.454309481E-1,-8.897614503E-1,4.150605100E-1,1.078127727E0
1.596482617E1,-4.577253038E-1,-1.003578380E0,4.270683521E-1,1.182822639E0
1.597484717E1,-4.071895730E-1,-1.167093719E0,4.249616003E-1,1.307097341E0
1.598486817E1,-3.142410636E-1,-1.261129518E0,5.005292247E-1,1.392739966E0
1.599489017E1,-2.215398914E-1,-1.226860742E0,7.063326142E-1,1.432889725E0
1.600491117E1,-1.758134955E-1,-1.000172962E0,8.367828260E-1,1.315850233E0
1.601493217E1,-2.028878582E-1,-6.851118261E-1,7.625113466E-1,1.044971411E0
1.602495417E1,-2.008120966E-1,-4.543537992E-1,5.177668530E-1,7.175272727E-1
1.603497517E1,-1.293515199E-1,-3.327460393E-1,2.559758254E-1,4.392896147E-1
1.604499617E1,4.883360624E-2,-2.890571058E-1,1.660286918E-1,3.369039299E-1
1.605501717E1,3.786504829E-1,-2.992178124E-1,2.358053434E-1,5.371328024E-1
1.606503917E1,7.797361475E-1,-3.649454865E-1,2.729720002E-1,9.031541290E-1
1.607506017E1,1.181508860E0,-4.191091222E-1,2.061938739E-1,1.270484772E0
1.608508117E1,1.579664485E0,-4.281182197E-1,-3.806954004E-2,1.637093273E0
1.609510317E1,1.887409877E0,-4.211588636E-1,-2.983612684E-1,1.956709043E0
1.610512417E1,2.100869501E0,-4.508510247E-1,-5.083142442E-1,2.208008758E0
1.611514517E1,2.152790437E0,-4.779195401E-1,-5.694253222E-1,2.277533523E0
1.612516717E1,2.050627300E0,-4.911523739E-1,-5.090381294E-1,2.169198653E0
1.613518817E1,1.841561274E0,-4.726278099E-1,-4.744424933E-1,1.959546032E0
1.614520917E1,1.585943810E0,-4.344881764E-1,-5.283373033E-1,1.727176323E0
1.615523117E1,1.350268275E0,-4.107707003E-1,-6.897157775E-1,1.570880274E0
1.616525217E1,1.144075570E0,-4.230314344E-1,-8.789324800E-1,1.503458283E0
1.617527317E1,8.623456103E-1,-3.766808483E-1,-9.506632711E-1,1.337643102E0
1.618529417E1,5.724511832E-1,-2.577879506E-1,-9.983028759E-1,1.179306413E0
1.619531617E1,4.141313875E-1,-1.402033675E-1,-1.238230360E0,1.313155061E0
1.620533717E1,3.884176719E-1,-7.279491127E-3,-1.393570269E0,1.446706388E0
1.621535817E1,4.068861026E-1,1.562288314E-1,-1.314483899E0,1.384857996E0
1.622538017E1,4.248592740E-1,3.858919671E-1,-1.120307881E0,1.258772323E0
1.623540117E1,4.032298386E-1,6.332908773E-1,-1.017688662E0,1.264650881E0
1.624542217E1,3.437005055E-1,8.016412792E-1,-1.013209037E0,1.336918595E0
1.625544317E1,2.523523790E-1,8.707360724E-1,-1.034745501E0,1.375703923E0
1.626546517E1,1.473428178E-1,8.619775280E-1,-1.065718787E0,1.378575968E0
1.627548617E1,3.487513304E-2,8.105027345E-1,-1.028991841E0,1.310326359E0
1.628550717E1,-9.574815631E-2,7.565212396E-1,-9.637586953E-1,1.228951959E0
1.629552917E1,-1.781330860E-1,7.393397811E-1,-8.917992049E-1,1.172032649E0
1.630555017E1,-1.732418901E-1,6.991717485E-1,-8.041108507E-1,1.079559237E0
1.631557117E1,-9.263802230E-2,6.180632660E-1,-7.187806785E-1,9.524860460E-1
1.632559317E1,2.112891376E-2,5.062934464E-1,-5.895911995E-1,7.774299116E-1
1.633561417E1,1.190838093E-1,4.634731168E-1,-4.746536509E-1,6.740062106E-1
1.634563517E1,1.871880841E-1,4.375038779E-1,-4.115305459E-1,6.291314745E-1
1.635565617E1,1.862262172E-1,4.607319421E-1,-3.520509873E-1,6.090106929E-1
1.636567817E1,1.254479188E-1,5.115188107E-1,-2.777510027E-1,5.954278239E-1
1.637569917E1,1.523842871E-2,5.584927100E-1,-2.145297376E-1,5.984724932E-1
1.638572017E1,-1.085781169E-1,6.114427561E-1,-1.863683776E-1,6.483707455E-1
1.639574217E1,-2.324677527E-1,6.580634835E-1,-1.377873711E-1,7.113888979E-1
1.640576317E1,-3.615193105E-1,7.536256984E-1,-9.306019127E-2,8.410161142E-1
1.641578417E1,-4.814702618E-1,8.767040330E-1,-4.314426541E-2,1.001141849E0
1.642580617E1,-5.957102376E-1,9.987819090E-1,-1.629735947E-2,1.163057003E0
1.643582717E1,-6.829267216E-1,1.105952601E0,2.422859587E-2,1.300041187E0
1.644584817E1,-7.398347479E-1,1.192478529E0,6.995024085E-2,1.405081326E0
1.645586917E1,-7.406884414E-1,1.230401523E0,1.173986417E-1,1.440933627E0
1.646589117E1,-7.231298375E-1,1.241378501E0,1.549324306E-1,1.444971073E0
1.647591217E1,-6.356092983E-1,1.180691127E0,3.427356418E-1,1.384015331E0
1.648593317E1,-5.091281766E-1,1.218702706E0,6.375972055E-2,1.322313536E0
1.649595517E1,-4.372653115E-1,1.165213839E0,3.377760335E-1,1.289580123E0
1.650597617E1,-4.065300071E-1,1.158039891E0,3.413983836E-1,1.273921462E0
1.651599717E1,-4.169719648E-1,1.175209070E0,3.799946847E-1,1.303601909E0
1.652601917E1,-4.211796212E-1,1.185377086E0,3.985461458E-1,1.319602265E0
1.653604017E1,-4.099605685E-1,1.223316452E0,3.965412086E-1,1.349746546E0
1.654606117E1,-3.836995536E-1,1.296373611E0,3.997636092E-1,1.409830071E0
1.655608217E1,-3.449787068E-1,1.346652941E0,4.443597382E-1,1.459431406E0
1.656610417E1,-2.799541605E-1,1.334497164E0,4.786255549E-1,1.445108797E0
1.657612517E1,-2.359176099E-1,1.254882061E0,5.057209309E-1,1.373368037E0
1.658614617E1,-2.319555366E-1,1.114300671E0,5.099485044E-1,1.247203605E0
1.659616817E1,-2.805008751E-1,9.749176678E-1,4.785384313E-1,1.121670286E0
1.660618917E1,-3.522672611E-1,9.102796224E-1,4.365806391E-1,1.069253884E0
1.661621017E1,-3.919903207E-1,8.780588329E-1,3.601908596E-1,1.026830649E0
1.662623117E1,-3.857191819E-1,8.141797560E-1,2.360567737E-1,9.313381571E-1
1.663625317E1,-3.797140914E-1,7.118999675E-1,1.590781431E-1,8.223686585E-1
1.664627417E1,-3.781634098E-1,5.837360170E-1,9.617796320E-2,7.021435058E-1
1.665629517E1,-3.954635668E-1,4.694279212E-1,5.454633594E-2,6.162218015E-1
1.666631717E1,-3.989631253E-1,3.982412866E-1,1.330999872E-2,5.638659892E-1
1.667633817E1,-4.208334661E-1,3.767793739E-1,-4.720164835E-2,5.668258095E-1
1.668635917E1,-4.228776526E-1,4.233691111E-1,-1.077864222E-1,6.080171265E-1
1.669638117E1,-3.766425490E-1,4.945957991E-1,-1.519334668E-1,6.399753063E-1
1.670640217E1,-3.098796254E-1,5.332666522E-1,-1.440011340E-1,6.333522174E-1
1.671642317E1,-2.764101630E-1,5.680318576E-1,-2.769062262E-2,6.323207573E-1
1.672644417E1,-2.743016571E-1,6.465646416E-1,1.306432064E-1,7.143912669E-1
1.673646600E1,-2.831479096E-1,7.509216535E-1,2.231262227E-1,8.329714159E-1
1.674648700E1,-3.220506048E-1,8.552921140E-1,2.475377816E-1,9.468453652E-1
1.675650800E1,-3.426906914E-1,9.941362962E-1,2.603659697E-1,1.083297892E0
1.676653000E1,-2.796781719E-1,1.139364761E0,2.822479866E-1,1.206663111E0
1.677655100E1,-1.009907699E-1,1.192249610E0,3.096621090E-1,1.235940488E0
1.678657200E1,1.267974561E-1,1.138566031E0,3.575612937E-1,1.200108445E0
1.679659400E1,3.606141615E-1,9.664266336E-1,4.113562624E-1,1.110512038E0
1.680661500E1,5.218832928E-1,7.034837776E-1,4.813907762E-1,9.994942102E-1
1.681663600E1,6.739038831E-1,4.312020412E-1,4.627860689E-1,9.242578588E-1
1.682665700E1,9.477658296E-1,1.928958437E-1,2.820872247E-1,1.007492966E0
1.683667900E1,1.394841015E0,-1.495337695E-1,3.255829078E-1,1.440120146E0
1.684670000E1,2.033356964E0,-4.981304410E-1,2.124870859E-2,2.093591648E0
1.685672100E1,2.599869130E0,-9.961445224E-1,-8.748165518E-4,2.784173876E0
1.686674300E1,2.893756621E0,-1.537730885E0,-9.086061493E-3,3.276969059E0
1.687676400E1,2.965511897E0,-1.931907772E0,-1.654885552E-1,3.543150422E0
1.688678500E1,2.820046036E0,-2.061062241E0,-4.940517157E-1,3.527708081E0
1.689680600E1,2.565393947E0,-2.015798068E0,-7.741684288E-1,3.353211104E0
1.690682800E1,2.178637469E0,-1.861063200E0,-9.080995611E-1,3.005771493E0
1.691684900E1,1.661901480E0,-1.564682457E0,-9.758365577E-1,2.482419124E0
1.692687000E1,1.075025800E0,-1.174107162E0,-1.052760188E0,1.908536642E0
1.693689200E1,5.364030987E-1,-6.979944116E-1,-1.126331609E0,1.429526977E0
1.694691300E1,9.160832763E-2,-2.277318004E-1,-1.138485120E0,1.164646825E0
1.695693400E1,-2.417987394E-1,1.040491560E-1,-1.077627958E0,1.109312793E0
1.696695600E1,-4.343428731E-1,2.820951185E-1,-9.786075532E-1,1.107205550E0
1.697697700E1,-4.714194828E-1,2.855560854E-1,-9.325163642E-1,1.083219911E0
1.698699800E1,-3.347788239E-1,1.668043980E-1,-9.143759624E-1,9.879190092E-1
1.699701900E1,-1.186604708E-1,2.745793998E-2,-9.041784183E-1,9.123447035E-1
1.700704100E1,5.905746281E-2,-1.013974437E-1,-8.616089342E-1,8.695626377E-1
1.701706200E1,1.483081931E-1,-2.096922630E-1,-8.126128484E-1,8.522357695E-1
1.702708300E1,1.130652702E-1,-2.853166419E-1,-7.873815282E-1,8.450792935E-1
1.703710500E1,3.397232294E-3,-3.269052556E-1,-8.112750055E-1,8.746689213E-1
1.704712600E1,-1.328803146E-1,-3.310453767E-1,-8.423118800E-1,9.147335801E-1
1.705714700E1,-2.502543980E-1,-3.012774941E-1,-8.755142708E-1,9.591249296E-1
1.706716800E1,-3.361201751E-1,-2.587869474E-1,-8.530540191E-1,9.527059441E-1
1.707719000E1,-3.815261436E-1,-2.349753311E-1,-8.093202813E-1,9.250810355E-1
1.708721100E1,-3.972288412E-1,-2.165393525E-1,-7.716131955E-1,8.944646259E-1
1.709723200E1,-4.241196012E-1,-1.882341510E-1,-7.061664802E-1,8.449737449E-1
1.710725400E1,-4.724444997E-1,-1.584642220E-1,-6.327290330E-1,8.053947754E-1
1.711727500E1,-5.166652375E-1,-1.029934412E-1,-5.654450494E-1,7.728380946E-1
1.712729600E1,-5.635248238E-1,-7.392780930E-2,-5.369468898E-1,7.818807521E-1
1.713731800E1,-6.260040772E-1,-7.921603113E-2,-5.230294202E-1,8.195828565E-1
1.714733900E1,-7.076253605E-1,-1.173799306E-1,-4.525112685E-1,8.481026748E-1
1.715736000E1,-7.694742841E-1,-1.906630844E-1,-3.787084434E-1,8.785574373E-1
1.716738100E1,-8.109865916E-1,-2.730863133E-1,-3.246363167E-1,9.152399272E-1
1.717740300E1,-8.483573163E-1,-3.749670294E-1,-2.815346628E-1,9.693153128E-1
1.718742400E1,-8.191686004E-1,-4.560111925E-1,-3.014456016E-1,9.848110755E-1
1.719744500E1,-7.375069714E-1,-4.728093660E-1,-3.167261302E-1,9.315474604E-1
1.720746700E1,-6.292182916E-1,-4.866424164E-1,-3.064882404E-1,8.524503161E-1
1.721748800E1,-5.307739842E-1,-5.072819182E-1,-2.756272209E-1,7.842361454E-1
1.722750900E1,-4.547864932E-1,-5.469693097E-1,-2.376350103E-1,7.499843854E-1
1.723753100E1,-4.171877271E-1,-5.499329710E-1,-2.106798577E-1,7.217048390E-1
1.724755200E1,-4.174011505E-1,-4.956640854E-1,-2.194050729E-1,6.841382843E-1
1.725757300E1,-4.550314915E-1,-3.695162550E-1,-2.053279012E-1,6.210921574E-1
1.726759400E1,-5.569361812E-1,-2.423381451E-1,-1.905595887E-1,6.365678623E-1
1.727761600E1,-6.472364867E-1,-1.267816687E-1,-1.633541753E-1,6.794654132E-1
1.728763700E1,-7.062863481E-1,-6.887932330E-2,-1.535905677E-1,7.260680610E-1
1.729765800E1,-7.942009896E-1,-2.700770438E-2,-1.223021533E-1,8.040164455E-1
1.730768000E1,-8.514768058E-1,-5.746643543E-2,-7.974556960E-2,8.571315523E-1
1.731770100E1,-8.741528928E-1,-1.165548885E-1,-3.287776072E-2,8.825017106E-1
1.732772200E1,-8.552254558E-1,-1.967123213E-1,2.926472962E-2,8.780448405E-1
1.733774300E1,-8.049323845E-1,-2.978393313E-1,1.295889169E-1,8.679963700E-1
1.734776500E1,-7.493405664E-1,-3.672472429E-1,2.250336027E-1,8.643043123E-1
1.735778600E1,-7.279520363E-1,-4.353067866E-1,2.633060046E-1,8.881082240E-1
1.736780700E1,-7.460117465E-1,-4.704921144E-1,2.916362761E-1,9.289499842E-1
1.737782900E1,-7.816791773E-1,-4.890707651E-1,2.943464971E-1,9.679113646E-1
1.738785000E1,-8.125290871E-1,-4.560065147E-1,3.371674480E-1,9.908720133E-1
1.739787100E1,-8.295766443E-1,-3.818939334E-1,4.170935869E-1,1.003995740E0
1.740789300E1,-8.242521697E-1,-3.288172951E-1,5.013010937E-1,1.019222861E0
1.741791400E1,-8.206122780E-1,-2.790203601E-1,5.534477323E-1,1.028377977E0
1.742793500E1,-8.450401908E-1,-2.418826470E-1,5.543908517E-1,1.039206118E0
1.743795600E1,-8.922400850E-1,-2.022788706E-1,5.864107893E-1,1.086686121E0
1.744797800E1,-9.464999074E-1,-1.754889750E-1,6.593278708E-1,1.166778341E0
1.745799900E1,-9.622008508E-1,-1.279388326E-1,6.765988648E-1,1.183209553E0
1.746802000E1,-9.207791752E-1,-1.139499539E-1,6.815058482E-1,1.151203328E0
1.747804200E1,-8.292743433E-1,-1.666710815E-1,6.449280059E-1,1.063676322E0
1.748806300E1,-7.121727401E-1,-2.846450892E-1,5.806319861E-1,9.619492408E-1
1.749808400E1,-6.365933847E-1,-4.356283835E-1,5.298758153E-1,9.358373820E-1
1.750810500E1,-6.004324490E-1,-5.769927156E-1,4.892178226E-1,9.658021524E-1
1.751812700E1,-6.172192204E-1,-6.741386488E-1,5.003953234E-1,1.042025894E0
1.752814800E1,-7.031335294E-1,-6.839008677E-1,5.592715226E-1,1.129115491E0
1.753816900E1,-8.163759702E-1,-5.977968165E-1,6.393035692E-1,1.196887552E0
1.754819100E1,-9.069803309E-1,-4.194283801E-1,6.715392691E-1,1.203951194E0
1.755821200E1,-9.319087654E-1,-2.977451912E-1,6.399572879E-1,1.169038698E0
1.756823300E1,-7.557409286E-1,-2.896821731E-1,6.488456404E-1,1.037333494E0
1.757825500E1,-4.570131129E-1,-2.532531425E-1,7.681364411E-1,9.289950117E-1
1.758827600E1,-1.558505166E-1,-1.192507473E-1,8.906560743E-1,9.120188413E-1
1.759829700E1,8.352338254E-2,7.701221555E-2,8.793364495E-1,8.866451535E-1
1.760831800E1,2.583539611E-1,2.430287012E-1,7.524904615E-1,8.318963959E-1
1.761834000E1,4.832951778E-1,2.496647063E-1,6.382955092E-1,8.386464401E-1
1.762836100E1,8.197147304E-1,9.699916810E-2,5.977152479E-1,1.019119520E0
1.763838200E1,1.258823669E0,-5.237935781E-2,6.056522584E-1,1.397925350E0
1.764840400E1,1.690204927E0,-1.533715895E-1,6.105007696E-1,1.803614906E0
1.765842500E1,2.052894266E0,-2.015777895E-1,4.096057156E-1,2.103041919E0
1.766844600E1,2.357107939E0,-2.667224962E-1,1.442035208E-1,2.376529693E0
1.767846700E1,2.528619638E0,-3.726907083E-1,-8.253286421E-2,2.557269503E0
1.768848900E1,2.505804387E0,-4.969823402E-1,-2.865983516E-1,2.570639160E0
1.769851000E1,2.251786721E0,-5.980035156E-1,-4.595309971E-1,2.374725327E0
1.770853100E1,1.828951169E0,-7.167736217E-1,-6.413115031E-1,2.066423782E0
1.771855300E1,1.373501016E0,-7.819075111E-1,-8.012925658E-1,1.771991584E0
1.772857400E1,9.456152236E-1,-7.879427147E-1,-8.801814453E-1,1.513195708E0
1.773859517E1,5.723120195E-1,-6.940577736E-1,-9.032761198E-1,1.274819591E0
1.774861617E1,2.928197891E-1,-5.595852622E-1,-9.831455042E-1,1.168526498E0
1.775863817E1,1.167776674E-1,-4.443693861E-1,-1.114524327E0,1.205514683E0
1.776865917E1,3.895941317E-2,-3.956237805E-1,-1.234239051E0,1.296681166E0
1.777868017E1,-5.962288857E-2,-3.436171827E-1,-1.227383775E0,1.275969666E0
1.778870217E1,-1.809496897E-1,-2.995116350E-1,-1.255677867E0,1.303524804E0
1.779872317E1,-2.127158582E-1,-3.033582258E-1,-1.379019619E0,1.427924843E0
1.780874417E1,-1.820910662E-1,-3.525423726E-1,-1.437625092E0,1.491378284E0
1.781876617E1,-1.400519246E-1,-3.615362674E-1,-1.329439323E0,1.384821984E0
1.782878717E1,-8.424609840E-2,-3.080497393E-1,-1.167151680E0,1.210055821E0
1.783880817E1,-2.394844115E-2,-1.942117596E-1,-1.147532517E0,1.164097338E0
1.784882917E1,2.594000280E-2,-4.977968574E-2,-1.205461321E0,1.206767541E0
1.785885117E1,9.084175766E-2,7.956803352E-2,-1.221489270E0,1.227444228E0
1.786887217E1,1.633922553E-1,1.616448149E-1,-1.183079934E0,1.205198824E0
1.787889317E1,2.387307054E-1,1.735819057E-1,-1.098033425E0,1.137013821E0
1.788891517E1,2.906709373E-1,1.982384446E-1,-9.699886843E-1,1.031826595E0
1.789893617E1,2.981413400E-1,2.470305356E-1,-8.642594039E-1,9.470251641E-1
1.790895717E1,3.261752307E-1,2.958746669E-1,-7.523905472E-1,8.717933443E-1
1.791897817E1,3.387882596E-1,3.447889647E-1,-6.232167095E-1,7.887052567E-1
1.792900017E1,3.321013838E-1,4.209395930E-1,-4.667721889E-1,7.108851851E-1
1.793902117E1,2.641666782E-1,5.159977779E-1,-3.433537656E-1,6.737429399E-1
1.794904217E1,1.168004715E-1,6.194113415E-1,-2.694215709E-1,6.854930657E-1
1.795906417E1,-8.444198012E-2,7.122563553E-1,-2.009945297E-1,7.448747308E-1
1.796908517E1,-2.553859144E-1,7.708562735E-1,-2.034304798E-1,8.371531041E-1
1.797910617E1,-4.079637444E-1,8.080778942E-1,-1.870677046E-1,9.243476759E-1
1.798912817E1,-5.386004823E-1,7.859882829E-1,-1.994789314E-1,9.734782506E-1
1.799914917E1,-6.175870103E-1,7.384109509E-1,-1.997555413E-1,9.831412533E-1
1.800917017E1,-6.587976015E-1,7.073885483E-1,-1.954865257E-1,9.862189512E-1
1.801919117E1,-6.548250031E-1,7.164414999E-1,-1.746610459E-1,9.862001260E-1
1.802921317E1,-5.842380005E-1,7.277959156E-1,-1.706773013E-1,9.487632356E-1
1.803923417E1,-4.788688356E-1,7.250380763E-1,-1.659393024E-1,8.846080634E-1
1.804925517E1,-3.770360667E-1,7.017570949E-1,-1.410728484E-1,8.090245758E-1
1.805927717E1,-2.777836740E-1,6.721187282E-1,-1.140733667E-1,7.361522175E-1
1.806929817E1,-2.166253066E-1,6.375301087E-1,-7.123078108E-2,6.770856572E-1
1.807931917E1,-2.120878673E-1,5.915592992E-1,-5.834351778E-3,6.284566076E-1
1.808934017E1,-2.500187552E-1,5.774774498E-1,4.305253722E-2,6.307480511E-1
1.809936217E1,-3.316224968E-1,5.759057182E-1,7.984548390E-2,6.693401064E-1
1.810938317E1,-4.140425098E-1,6.101037437E-1,9.813378375E-2,7.438333264E-1
1.811940417E1,-4.728041035E-1,6.261865103E-1,1.087120547E-1,7.921310351E-1
1.812942617E1,-4.983166748E-1,6.102163026E-1,1.149083491E-1,7.961704422E-1
1.813944717E1,-5.167529458E-1,6.046886373E-1,1.735658258E-1,8.141296278E-1
1.814946817E1,-5.065448767E-1,5.933175570E-1,2.073902142E-1,8.072323931E-1
1.815948917E1,-4.677333981E-1,5.447537997E-1,2.409555709E-1,7.573577894E-1
1.816951117E1,-4.386388224E-1,4.894183820E-1,3.176715885E-1,7.299654837E-1
1.817953217E1,-4.028193641E-1,4.492491800E-1,3.900589488E-1,7.184944323E-1
1.818955317E1,-4.015306377E-1,4.062806234E-1,4.514880788E-1,7.281018358E-1
1.819957517E1,-4.285278171E-1,3.742311573E-1,5.230702776E-1,7.728438163E-1
1.820959617E1,-4.901720881E-1,3.581954607E-1,5.528431302E-1,8.211018151E-1
1.821961717E1,-5.485787559E-1,3.513396004E-1,5.716583008E-1,8.667014359E-1
1.822963817E1,-5.738264483E-1,3.323773724E-1,5.650515318E-1,8.712260006E-1
1.823966017E1,-5.561912459E-1,3.039870939E-1,5.546282852E-1,8.422406960E-1
1.824968117E1,-5.199326617E-1,2.888980615E-1,5.419088370E-1,8.046472831E-1
1.825970217E1,-4.559237766E-1,2.974250561E-1,5.461708724E-1,7.711230615E-1
1.826972417E1,-3.735125345E-1,3.195032653E-1,5.381005454E-1,7.287977408E-1
1.827974517E1,-2.970718843E-1,3.352167803E-1,5.036271161E-1,6.739898117E-1
1.828976617E1,-2.111511433E-1,3.437332499E-1,4.423360169E-1,5.986639326E-1
1.829978817E1,-1.534823942E-1,3.725600231E-1,4.334073186E-1,5.917767484E-1
1.830980917E1,-9.278771102E-2,3.935342780E-1,4.351451111E-1,5.939949957E-1
1.831983017E1,-3.841211379E-2,3.960266536E-1,4.424588084E-1,5.950482317E-1
1.832985117E1,4.970133305E-5,3.936368966E-1,4.562629151E-1,6.025992504E-1
1.833987317E1,2.086637378E-2,4.095936558E-1,4.612084901E-1,6.171836354E-1
1.834989417E1,-2.414900064E-4,4.424254793E-1,4.824350524E-1,6.545868490E-1
1.835991517E1,-6.644600451E-2,4.977980268E-1,5.321784854E-1,7.317321144E-1
1.836993717E1,-1.635033524E-1,5.840190223E-1,5.954488671E-1,8.499240660E-1
1.837995817E1,-2.542404449E-1,7.401735941E-1,7.140339088E-1,1.059405294E0
1.838997917E1,-3.634576625E-1,7.810374454E-1,6.220981371E-1,1.062603903E0
1.840000117E1,-3.999717700E-1,9.004644862E-1,7.557982314E-1,1.241790914E0
1.841002217E1,-4.243692774E-1,9.862372926E-1,8.152772784E-1,1.348121034E0
1.842004317E1,-4.205744344E-1,1.036645262E0,8.912501514E-1,1.430329712E0
1.843006417E1,-2.898248452E-1,1.055754255E0,9.419618833E-1,1.444267176E0
1.844008617E1,-2.865544975E-2,9.975788444E-1,9.111564124E-1,1.351366232E0
1.845010717E1,2.009518450E-1,8.018994337E-1,9.050753081E-1,1.225800008E0
1.846012817E1,3.765384686E-1,5.326123488E-1,8.432807636E-1,1.066104863E0
1.847015017E1,4.691186035E-1,3.023247305E-1,7.429179847E-1,9.291930041E-1
1.848017117E1,4.848557997E-1,8.129296213E-2,5.887742704E-1,7.670390040E-1
1.849019217E1,6.079402739E-1,-1.090935490E-1,4.154914498E-1,7.443963487E-1
1.850021317E1,9.879999357E-1,-3.072246972E-1,1.508856457E-1,1.045608610E0
1.851023517E1,1.552702389E0,-7.206278139E-1,-1.408097237E-1,1.717561217E0
1.852025617E1,2.022928455E0,-1.171439955E0,-2.994101675E-1,2.356726023E0
1.853027717E1,2.368348042E0,-1.569722464E0,-3.582834613E-1,2.863820543E0
1.854029917E1,2.541570636E0,-1.872240445E0,-4.136250186E-1,3.183700871E0
1.855032017E1,2.519913719E0,-2.023764607E0,-6.457787758E-1,3.295848686E0
1.856034117E1,2.257868410E0,-1.959656904E0,-9.143694574E-1,3.126387123E0
1.857036317E1,1.827615665E0,-1.694501461E0,-1.090656577E0,2.720486352E0
1.858038417E1,1.414254940E0,-1.265962242E0,-1.253701508E0,2.274762604E0
1.859040517E1,1.039892220E0,-7.577842382E-1,-1.319917717E0,1.843311032E0
1.860042617E1,6.544922966E-1,-3.033968174E-1,-1.221319043E0,1.418460433E0
1.861044817E1,2.855669028E-1,1.312968886E-1,-1.128500926E0,1.171452803E0
1.862046917E1,-3.066221416E-2,4.700184900E-1,-1.120924689E0,1.215865828E0
1.863049017E1,-2.303838050E-1,6.627362859E-1,-1.118319755E0,1.320202695E0
1.864051217E1,-3.193047523E-1,7.410120848E-1,-1.099247307E0,1.363597842E0
1.865053317E1,-2.696572137E-1,7.076645368E-1,-1.074177369E0,1.314291113E0
1.866055417E1,-1.536829537E-1,5.619191784E-1,-1.037166833E0,1.189574148E0
1.867057517E1,-4.532703102E-2,3.511782172E-1,-1.008909579E0,1.069242357E0
1.868059717E1,2.333389878E-2,1.323590353E-1,-9.881262356E-1,9.972245698E-1
1.869061817E1,5.077137351E-2,-6.956286281E-2,-9.717142707E-1,9.755231151E-1
1.870063917E1,4.018323541E-2,-2.008892798E-1,-9.400135911E-1,9.620793868E-1
1.871066117E1,2.544298947E-2,-2.667517322E-1,-9.085444611E-1,9.472364384E-1
1.872068217E1,2.852856517E-3,-2.612869245E-1,-8.893714410E-1,9.269630822E-1
1.873070317E1,-3.713274300E-2,-2.238907644E-1,-8.831008869E-1,9.117966284E-1
1.874072537E1,-7.245928109E-2,-1.948064214E-1,-8.502664322E-1,8.753016023E-1
1.875074637E1,-1.347672111E-1,-1.711784077E-1,-8.264963311E-1,8.547282807E-1
1.876076737E1,-2.103120679E-1,-1.801360497E-1,-8.012071234E-1,8.477104558E-1
1.877078837E1,-2.957024664E-1,-1.956855503E-1,-7.702800304E-1,8.479764787E-1
1.878081037E1,-4.052629155E-1,-1.948333186E-1,-7.176749700E-1,8.469093312E-1
1.879083137E1,-5.069880956E-1,-1.682983616E-1,-6.452215362E-1,8.376587004E-1
1.880085237E1,-6.109814107E-1,-1.382103440E-1,-5.649340028E-1,8.435347123E-1
1.881087437E1,-7.406486803E-1,-1.308413905E-1,-4.745547964E-1,8.893155750E-1
1.882089537E1,-8.642038554E-1,-1.149495354E-1,-3.873038139E-1,9.539737646E-1
1.883091638E1,-9.584966397E-1,-6.629660815E-2,-3.019783195E-1,1.007125590E0
1.884093738E1,-1.013766861E0,-5.332368314E-3,-2.437394303E-1,1.042669935E0
1.885095937E1,-1.017090418E0,3.365628093E-2,-1.708614886E-1,1.031891134E0
1.886098037E1,-9.525237089E-1,1.921599716E-2,-1.339649365E-1,9.620900555E-1
1.887100137E1,-8.475427991E-1,-4.514225900E-2,-1.354291524E-1,8.594810499E-1
1.888102338E1,-7.346932912E-1,-1.279101813E-1,-1.278692508E-1,7.566279085E-1
1.889104438E1,-6.147090107E-1,-2.313445026E-1,-9.767015437E-2,6.640232720E-1
1.890106537E1,-4.947311622E-1,-3.381000423E-1,-4.276883762E-2,6.007493112E-1
1.891108737E1,-3.836790884E-1,-4.327717263E-1,5.800553044E-2,5.812621194E-1
1.892110837E1,-3.105263275E-1,-4.840670103E-1,1.773489743E-1,6.018306483E-1
1.893112937E1,-2.885121453E-1,-4.878074741E-1,2.698565855E-1,6.277085044E-1
1.894115037E1,-3.092218137E-1,-4.504882050E-1,3.400898498E-1,6.435983676E-1
1.895117237E1,-3.498307264E-1,-4.105862206E-1,3.819465584E-1,6.609430801E-1
1.896119337E1,-4.033368427E-1,-3.928475225E-1,4.017972708E-1,6.917014033E-1
1.897121437E1,-4.631111741E-1,-3.832639360E-1,3.892625946E-1,7.161623921E-1
1.898123637E1,-5.031453055E-1,-3.763361549E-1,3.607240891E-1,7.245039465E-1
1.899125737E1,-5.544563770E-1,-3.587570858E-1,3.539395648E-1,7.492674664E-1
1.900127837E1,-5.971691179E-1,-3.247420782E-1,3.834674191E-1,7.804586051E-1
1.901129937E1,-6.477206361E-1,-2.799149841E-1,4.484475267E-1,8.360619624E-1
1.902132137E1,-7.092245740E-1,-2.386897749E-1,5.112255728E-1,9.062692157E-1
1.903134237E1,-7.900927359E-1,-1.816338140E-1,5.722108626E-1,9.923016905E-1
1.904136337E1,-8.732062286E-1,-1.390643299E-1,5.891525853E-1,1.062510600E0
1.905138537E1,-9.571903718E-1,-1.022929448E-1,5.810120916E-1,1.124389748E0
1.906140637E1,-1.010687717E0,-7.268615305E-2,5.533723032E-1,1.154553526E0
1.907142737E1,-1.039099338E0,-7.589393556E-2,5.316674387E-1,1.169682687E0
1.908144937E1,-1.004526506E0,-1.041351101E-1,4.634970903E-1,1.111191782E0
1.909147037E1,-9.571237135E-1,-1.991783845E-1,3.841690850E-1,1.050401693E0
1.910149137E1,-8.998952597E-1,-3.190983456E-1,3.529379368E-1,1.017939301E0
1.911151237E1,-8.319055903E-1,-4.094574156E-1,3.412131000E-1,9.880023613E-1
1.912153438E1,-7.664764166E-1,-4.204165596E-1,3.664964604E-1,9.479218513E-1
1.913155538E1,-7.191069531E-1,-3.753766268E-1,3.726243424E-1,8.926764938E-1
1.914157638E1,-6.746037948E-1,-3.018879434E-1,3.445565379E-1,8.154420998E-1
1.915159837E1,-6.549045253E-1,-2.525061607E-1,2.906206512E-1,7.596839220E-1
1.916161937E1,-6.714538997E-1,-2.238773158E-1,2.551794529E-1,7.523881613E-1
1.917164037E1,-7.099812037E-1,-2.194451264E-1,2.327028290E-1,7.787041028E-1
1.918166137E1,-7.915340745E-1,-2.350168464E-1,2.678597979E-1,8.680483745E-1
1.919168337E1,-9.275262773E-1,-2.386315951E-1,3.293163550E-1,1.012768135E0
1.920170437E1,-1.098566691E0,-2.262632722E-1,3.889322269E-1,1.187144523E0
1.921172537E1,-1.288098339E0,-1.979525158E-1,4.417349597E-1,1.376049528E0
1.922174737E1,-1.447654236E0,-1.687114674E-1,4.657927072E-1,1.530074898E0
1.923176837E1,-1.465771834E0,-1.947745541E-1,4.063207133E-1,1.533466895E0
1.924178937E1,-1.278669704E0,-2.754596981E-1,3.314634526E-1,1.349348834E0
1.925181137E1,-9.522126371E-1,-3.664169383E-1,3.564766717E-1,1.080761720E0
1.926183237E1,-5.715963203E-1,-4.408920470E-1,3.868962264E-1,8.190218803E-1
1.927185337E1,-1.980580580E-1,-4.137153581E-1,4.052751946E-1,6.120746484E-1
1.928187437E1,1.902356529E-1,-3.930857965E-1,4.239547098E-1,6.086408161E-1
1.929189637E1,6.270711941E-1,-3.891362947E-1,4.140717459E-1,8.462273625E-1
1.930191737E1,1.135488934E0,-4.243175295E-1,3.632728904E-1,1.265443668E0
1.931193837E1,1.702988695E0,-4.986935279E-1,-2.128468176E-1,1.787223964E0
1.932196037E1,2.363152206E0,-6.508421722E-1,2.537405445E-1,2.464237843E0
1.933198137E1,2.740791121E0,-6.293872762E-1,5.254109545E-1,2.860790272E0
1.934200237E1,2.968241962E0,-5.885845283E-1,-5.099766076E-2,3.026465406E0
1.935202337E1,2.942081519E0,-5.606076479E-1,-2.089461948E-1,3.002296307E0
1.936204537E1,2.618901232E0,-5.235462409E-1,-3.950723881E-1,2.699782681E0
1.937206638E1,2.153666934E0,-4.656798559E-1,-5.246618531E-1,2.265040629E0
1.938208738E1,1.721321470E0,-3.535007313E-1,-6.461593565E-1,1.872279970E0
1.939210937E1,1.402727154E0,-2.453351355E-1,-8.281931200E-1,1.647342297E0
1.940213037E1,1.077015608E0,-1.473635754E-1,-8.876651504E-1,1.403434381E0
1.941215137E1,7.336290979E-1,-2.383412808E-2,-9.206913938E-1,1.177477117E0
1.942217237E1,5.084580857E-1,1.075747347E-1,-1.085630895E0,1.203618041E0
1.943219438E1,4.265450263E-1,1.782462296E-1,-1.289478866E0,1.369842372E0
1.944221537E1,4.439685595E-1,1.971181181E-1,-1.321656679E0,1.408098012E0
1.945223637E1,5.395904160E-1,1.932127628E-1,-1.188372906E0,1.319363162E0
1.946225837E1,6.424090254E-1,2.253218704E-1,-1.044297586E0,1.246602081E0
1.947227937E1,7.081843543E-1,2.998566207E-1,-9.353573801E-1,1.210922170E0
1.948230037E1,7.326876962E-1,3.787352675E-1,-8.807338610E-1,1.206633249E0
1.949232237E1,7.376607531E-1,4.563763511E-1,-8.978025413E-1,1.248387826E0
1.950234337E1,6.659844142E-1,4.943265349E-1,-8.801006806E-1,1.209326743E0
1.951236437E1,5.094924581E-1,5.294340947E-1,-8.349046272E-1,1.112181982E0
1.952238537E1,2.846564913E-1,5.935087609E-1,-7.531301469E-1,1.000243463E0
1.953240737E1,7.995131850E-2,6.625491750E-1,-6.712322172E-1,9.465285585E-1
1.954242837E1,-7.130562544E-2,7.276278082E-1,-6.050266794E-1,9.489910443E-1
1.955244937E1,-1.605282891E-1,7.517294464E-1,-5.394454050E-1,9.390781848E-1
1.956247137E1,-1.826944989E-1,7.170642284E-1,-4.590151995E-1,8.707774348E-1
1.957249237E1,-2.367590243E-1,6.664980921E-1,-3.589933864E-1,7.931902633E-1
1.958251337E1,-3.223225003E-1,6.063778979E-1,-2.805499917E-1,7.418182035E-1
1.959253437E1,-4.055242860E-1,5.691267487E-1,-2.350236437E-1,7.372864544E-1
1.960255637E1,-4.939154756E-1,5.641952071E-1,-1.870290399E-1,7.728186013E-1
1.961257738E1,-5.666256022E-1,5.765731779E-1,-1.630712797E-1,8.246777824E-1
1.962259838E1,-6.127379143E-1,6.381519601E-1,-1.274600188E-1,8.938298116E-1
1.963262037E1,-6.155767375E-1,7.267498487E-1,-9.739535350E-2,9.573849368E-1
1.964264137E1,-5.810296333E-1,8.138955814E-1,-9.813615918E-2,1.004814489E0
1.965266237E1,-5.168769068E-1,8.899801362E-1,-9.873549879E-2,1.033912510E0
1.966268438E1,-4.399912834E-1,9.479970869E-1,-9.968515970E-2,1.049870438E0
1.967270538E1,-3.796088415E-1,9.882297313E-1,-6.808329798E-2,1.060818651E0
1.968272638E1,-3.225078571E-1,1.039129451E0,-5.267117042E-2,1.089300503E0
1.969274737E1,-2.422548223E-1,1.079629606E0,-4.265602291E-2,1.107297169E0
1.970276937E1,-1.520983583E-1,1.093858220E0,-5.662684835E-2,1.105832861E0
1.971279037E1,-3.980959833E-2,1.079217962E0,-4.266479373E-2,1.080794383E0
1.972281137E1,4.264082015E-2,1.016282041E0,3.207197785E-3,1.017181258E0
1.973283337E1,3.937164187E-2,9.584823141E-1,7.614072461E-2,9.623075821E-1
1.974285462E1,-6.395275176E-2,9.517679563E-1,1.199474796E-1,9.614258136E-1
1.975287562E1,-1.880283290E-1,1.005466154E0,1.258759350E-1,1.030612240E0
1.976289662E1,-3.332439297E-1,1.085574178E0,1.266389966E-1,1.142611153E0
1.977291862E1,-4.400275362E-1,1.164915631E0,1.376270843E-1,1.252834337E0
1.978293962E1,-4.401526666E-1,1.189779162E0,1.452313882E-1,1.276871560E0
1.979296062E1,-3.771500874E-1,1.180849879E0,1.554967235E-1,1.249330963E0
1.980298262E1,-2.950510865E-1,1.119377808E0,1.737225677E-1,1.170573087E0
1.981300362E1,-2.048601240E-1,1.033522264E0,1.994286454E-1,1.072337505E0
1.982302462E1,-1.666766363E-1,9.585045335E-1,2.626762595E-1,1.007725587E0
1.983304562E1,-1.776430893E-1,8.796258867E-1,3.279516149E-1,9.554323782E-1
1.984306763E1,-1.907887995E-1,7.915697426E-1,3.652258605E-1,8.923973064E-1
1.985308863E1,-1.955209512E-1,6.770935392E-1,3.659152472E-1,7.940894605E-1
1.986310963E1,-2.182724673E-1,5.185220209E-1,3.561053735E-1,6.658220431E-1
1.987313162E1,-2.400352192E-1,3.692119074E-1,2.776474339E-1,5.205981527E-1
1.988315262E1,-2.935407507E-1,2.860870126E-1,2.351522277E-1,4.725553103E-1
1.989317362E1,-3.787884772E-1,3.280115488E-1,2.373121891E-1,5.544270572E-1
1.990319563E1,-4.945417124E-1,4.739726695E-1,2.599502510E-1,7.326634492E-1
1.991321663E1,-6.218619096E-1,6.229541695E-1,2.862837714E-1,9.256038730E-1
1.992323762E1,-7.043345475E-1,7.241504690E-1,2.396364391E-1,1.038222847E0
1.993325862E1,-7.839970136E-1,7.985355306E-1,1.831073123E-1,1.133948235E0
1.994328062E1,-8.147685707E-1,8.245079854E-1,1.872202438E-1,1.174185957E0
1.995330162E1,-8.004692048E-1,8.467966944E-1,2.220047450E-1,1.186213175E0
1.996332262E1,-7.456135511E-1,8.759903803E-1,2.908171177E-1,1.186538373E0
1.997334462E1,-6.473774046E-1,9.266056332E-1,3.425187832E-1,1.181107370E0
1.998336562E1,-5.483203089E-1,9.981164959E-1,4.407870895E-1,1.221140843E0
1.999338662E1,-4.563985705E-1,1.119975978E0,5.493131661E-1,1.328303731E0
2.000340762E1,-3.578840965E-1,1.232055408E0,6.412582934E-1,1.434312990E0
2.001342962E1,-2.580364573E-1,1.352058984E0,7.007934737E-1,1.544589850E0
2.002345062E1,-2.244430339E-1,1.423477753E0,7.669371772E-1,1.632438735E0
2.003347162E1,-2.351674122E-1,1.459847727E0,8.200205398E-1,1.690826065E0
2.004349362E1,-2.743472654E-1,1.461356309E0,8.406904471E-1,1.708095170E0
2.005351462E1,-2.937512505E-1,1.448633352E0,8.527859974E-1,1.706479518E0
2.006353562E1,-1.828517890E-1,1.395821300E0,8.110240138E-1,1.624657450E0
2.007355662E1,2.232817769E-2,1.240562814E0,7.447768146E-1,1.447130660E0
2.008357862E1,2.776006562E-1,9.493741062E-1,7.400569421E-1,1.235337037E0
2.009359963E1,5.336625087E-1,5.746307328E-1,6.844230241E-1,1.040879930E0
2.010362063E1,7.305943930E-1,1.924798143E-1,5.585751923E-1,9.395865535E-1
2.011364262E1,9.561220855E-1,-1.674151397E-1,3.589254491E-1,1.034903256E0
2.012366362E1,1.424681110E0,-5.379882789E-1,6.758383613E-2,1.524373717E0
2.013368462E1,2.056240042E0,-1.027349066E0,-1.449067947E-1,2.303164604E0
2.014370663E1,2.671694573E0,-1.562974193E0,-1.941556263E-1,3.101376570E0
2.015372763E1,3.125406933E0,-2.020251307E0,-2.164773721E-1,3.727793757E0
2.016374862E1,3.388849726E0,-2.246747591E0,-9.581551623E-1,4.177348264E0
2.017376962E1,3.530069924E0,-2.537988339E0,9.870341219E-2,4.348852819E0
2.018379162E1,3.190499892E0,-2.288803105E0,-1.967383415E-1,3.931490199E0
2.019381262E1,2.641074459E0,-1.855958581E0,-5.139492059E-1,3.268638912E0
2.020383362E1,1.949757568E0,-1.391504886E0,-7.270323423E-1,2.503281136E0
2.021385462E1,1.199154587E0,-9.953756136E-1,-9.492335538E-1,1.824770856E0
2.022387662E1,5.106525457E-1,-5.182688364E-1,-9.590246433E-1,1.203784398E0
2.023389762E1,2.258954823E-2,-1.181903547E-1,-9.595164672E-1,9.670321083E-1
2.024391862E1,-2.560676998E-1,1.454521206E-1,-9.569068549E-1,1.001198140E0
2.025394062E1,-3.821798623E-1,2.892600042E-1,-9.585690721E-1,1.071721728E0
2.026396162E1,-3.781973237E-1,2.992797929E-1,-9.636246479E-1,1.077577873E0
2.027398262E1,-2.457719225E-1,2.207861853E-1,-9.879239219E-1,1.041702478E0
2.028400462E1,-8.195282042E-2,1.283823439E-1,-9.782700958E-1,9.900558931E-1
2.029402562E1,-1.286796749E-2,4.730222046E-2,-9.181754831E-1,9.194831714E-1
2.030404662E1,-5.116898417E-2,-3.636412650E-2,-8.549056131E-1,8.572072223E-1
2.031406762E1,-1.694330138E-1,-9.547392190E-2,-8.422902453E-1,8.644510820E-1
2.032408962E1,-3.389110512E-1,-1.236575013E-1,-8.884611026E-1,9.589134524E-1
2.033411062E1,-4.865719575E-1,-1.179833633E-1,-9.296680393E-1,1.055914299E0
2.034413163E1,-5.628149718E-1,-1.131389451E-1,-9.485470176E-1,1.108739175E0
2.035415362E1,-5.802250564E-1,-1.243696922E-1,-9.100308964E-1,1.086409301E0
2.036417462E1,-5.312084323E-1,-1.628554809E-1,-8.736647234E-1,1.035371602E0
2.037419562E1,-4.675667524E-1,-2.033910111E-1,-8.276054748E-1,9.720686155E-1
2.038421662E1,-4.111194867E-1,-2.176564631E-1,-7.512754101E-1,8.836335836E-1
2.039423863E1,-3.822874510E-1,-2.102857554E-1,-6.554114058E-1,7.873550057E-1
2.040425963E1,-3.933287483E-1,-1.718949839E-1,-5.679249267E-1,7.118947339E-1
2.041428062E1,-4.468395424E-1,-1.575102487E-1,-4.975694738E-1,6.870592670E-1
2.042430262E1,-5.333765799E-1,-1.773609611E-1,-4.243324399E-1,7.042765835E-1
2.043432362E1,-6.140669864E-1,-2.261773181E-1,-3.559526881E-1,7.449407756E-1
2.044434462E1,-6.833547378E-1,-2.778120330E-1,-2.600250953E-1,7.821548910E-1
2.045436562E1,-7.458234662E-1,-2.962772477E-1,-1.397898962E-1,8.146005557E-1
2.046438762E1,-7.614852333E-1,-2.825514936E-1,-5.012576781E-2,8.137614514E-1
2.047440862E1,-7.319643956E-1,-2.336260861E-1,7.993728518E-3,7.683859215E-1
2.048442962E1,-6.402367848E-1,-1.724598250E-1,4.498898886E-2,6.645822304E-1
2.049445162E1,-5.238999975E-1,-1.294547233E-1,8.976170383E-2,5.470711985E-1
2.050447262E1,-4.513769817E-1,-1.220945406E-1,1.336609179E-1,4.863265338E-1
2.051449362E1,-4.261117476E-1,-1.180190313E-1,1.898883283E-1,4.812040009E-1
2.052451462E1,-4.606904268E-1,-1.371335793E-1,2.533591964E-1,5.433527126E-1
2.053453662E1,-5.275632781E-1,-1.763713199E-1,2.928121877E-1,6.286245558E-1
2.054455762E1,-5.794403601E-1,-2.142273635E-1,3.022618363E-1,6.877548341E-1
2.055457862E1,-6.063550937E-1,-2.360918570E-1,3.254425381E-1,7.275429267E-1
2.056460062E1,-6.307034844E-1,-2.476933175E-1,3.695018927E-1,7.717969380E-1
2.057462162E1,-6.325979823E-1,-2.623204198E-1,3.848643921E-1,7.855652806E-1
2.058464263E1,-6.378938055E-1,-2.654030719E-1,3.608890537E-1,7.794794460E-1
2.059466462E1,-6.403467125E-1,-2.353080377E-1,3.722290707E-1,7.771539525E-1
2.060468562E1,-6.622006810E-1,-2.159139928E-1,4.133162856E-1,8.099129250E-1
2.061470662E1,-6.707960880E-1,-2.472603312E-1,4.283477229E-1,8.334187631E-1
2.062472762E1,-6.696658212E-1,-2.890726009E-1,4.394112762E-1,8.515265999E-1
2.063474963E1,-6.861730957E-1,-3.256618452E-1,4.233004063E-1,8.695242312E-1
2.064477063E1,-7.277912378E-1,-3.602682987E-1,4.095939481E-1,9.095276440E-1
2.065479162E1,-7.890612870E-1,-3.198736864E-1,4.383143020E-1,9.576305745E-1
2.066481262E1,-8.543629915E-1,-2.446381474E-1,4.513062670E-1,9.967252836E-1
2.067483462E1,-8.964401400E-1,-1.770647997E-1,3.979790390E-1,9.966665357E-1
2.068485562E1,-9.352820241E-1,-1.440204298E-1,3.540436453E-1,1.010366890E0
2.069487662E1,-9.771363938E-1,-1.186031681E-1,3.415329792E-1,1.041876681E0
2.070489862E1,-1.006704009E0,-7.562993377E-2,3.608761168E-1,1.072102803E0
2.071491962E1,-9.863890278E-1,-5.338887960E-2,4.038589990E-1,1.067199971E0
2.072494062E1,-8.808766061E-1,-4.254229456E-2,4.444556691E-1,9.875698881E-1
2.073496162E1,-7.203828156E-1,-4.410437822E-2,4.572844237E-1,8.544036759E-1
2.074498325E1,-5.548884863E-1,-5.643118590E-2,4.426155138E-1,7.120352547E-1
2.075500425E1,-4.045630038E-1,-9.846535742E-2,3.875961381E-1,5.688562357E-1
2.076502525E1,-3.228434873E-1,-1.883584043E-1,3.466457480E-1,5.097745388E-1
2.077504725E1,-3.089832473E-1,-2.847558939E-1,3.233884478E-1,5.302232118E-1
2.078506825E1,-3.705064809E-1,-3.616385937E-1,3.006977244E-1,5.987291928E-1
2.079508925E1,-5.109957772E-1,-3.852923352E-1,2.869018038E-1,7.013412243E-1
2.080511125E1,-7.204564905E-1,-3.646139494E-1,3.168553537E-1,8.674089013E-1
2.081513225E1,-9.434114081E-1,-3.378056350E-1,3.642517143E-1,1.066216227E0
2.082515325E1,-1.180426540E0,-2.858879149E-1,4.397392684E-1,1.291707916E0
2.083517425E1,-1.411491546E0,-2.327349705E-1,5.103034669E-1,1.518842842E0
2.084519625E1,-1.640401853E0,-1.612524667E-1,5.936455858E-1,1.751951962E0
2.085521725E1,-1.721269430E0,-2.096934325E-1,6.688366860E-1,1.858516155E0
2.086523825E1,-1.513666377E0,-3.888912964E-1,6.581772119E-1,1.695765191E0
2.087526025E1,-1.059074596E0,-3.654807991E-1,7.320790011E-1,1.338340345E0
2.088528125E1,-5.738603622E-1,-6.465149403E-2,8.427194309E-1,1.021602452E0
2.089530225E1,-1.103930926E-1,2.083371708E-1,7.309978509E-1,7.680812910E-1
2.090532325E1,3.800818813E-1,3.124363205E-1,4.658418238E-1,6.775598097E-1
2.091534525E1,1.009834608E0,1.720116359E-1,2.210738317E-1,1.047963539E0
2.092536625E1,1.815690268E0,-1.193463492E-1,6.327619236E-2,1.820708263E0
2.093538725E1,2.676016250E0,-3.736961371E-1,7.526298445E-2,2.703030945E0
2.094540925E1,3.473062495E0,-5.530363807E-1,-7.528816402E-2,3.517624289E0
2.095543025E1,4.114114966E0,-7.271588615E-1,-6.155165112E-1,4.222980291E0
2.096545125E1,4.298997493E0,-7.200696972E-1,3.085874639E-1,4.369794737E0
2.097547225E1,3.877331384E0,-8.126132870E-1,-3.456803727E-1,3.976623434E0
2.098549425E1,3.152315235E0,-8.621023661E-1,-4.227325686E-1,3.295301906E0
2.099551525E1,2.388282369E0,-7.304183918E-1,-6.408057189E-1,2.578378497E0
2.100553625E1,1.730347817E0,-6.015530679E-1,-8.457963089E-1,2.017756441E0
2.101555725E1,1.198970985E0,-4.908053416E-1,-9.652601141E-1,1.615595368E0
2.102557925E1,6.814304191E-1,-3.708538055E-1,-9.663529587E-1,1.239240897E0
2.103560025E1,2.077685291E-1,-2.557010794E-1,-9.847290764E-1,1.038384398E0
2.104562125E1,-1.443133754E-1,-1.868430984E-1,-1.127715061E0,1.152162294E0
2.105564325E1,-3.192532969E-1,-2.422589153E-1,-1.262826673E0,1.324893677E0
2.106566425E1,-3.400746471E-1,-3.625490052E-1,-1.264208955E0,1.358424392E0
2.107568525E1,-2.615406936E-1,-4.688534322E-1,-1.188025070E0,1.303698831E0
2.108570625E1,-1.754696792E-1,-5.066515884E-1,-1.112245740E0,1.234737230E0
2.109572825E1,-1.083202547E-1,-4.721521389E-1,-1.097272190E0,1.199444529E0
2.110574925E1,-7.787848055E-2,-3.894131604E-1,-1.109657689E0,1.178578744E0
2.111577025E1,-7.726276875E-2,-2.699548370E-1,-1.110369880E0,1.145323719E0
2.112579225E1,-6.403929055E-2,-1.347236493E-1,-1.089591288E0,1.099754821E0
2.113581325E1,-5.170108080E-2,-1.092318356E-2,-1.065845087E0,1.067154191E0
2.114583425E1,-7.868013382E-3,9.713423878E-2,-1.044681675E0,1.049217217E0
2.115585625E1,8.852275193E-2,1.627008221E-1,-1.019359723E0,1.036051195E0
2.116587725E1,1.498980510E-1,2.428579625E-1,-9.100800131E-1,9.537793486E-1
2.117589825E1,1.841194654E-1,3.093136150E-1,-7.939228083E-1,8.717157309E-1
2.118591925E1,1.956566066E-1,3.678486291E-1,-6.962409047E-1,8.113849388E-1
2.119594125E1,1.290591592E-1,4.075617483E-1,-5.973533052E-1,7.345704980E-1
2.120596225E1,3.914710879E-2,4.477113622E-1,-5.636119473E-1,7.208580909E-1
2.121598325E1,-9.332623959E-2,4.840161395E-1,-5.430111102E-1,7.333774445E-1
2.122600425E1,-2.751196826E-1,5.345775980E-1,-4.899481398E-1,7.755728384E-1
2.123602625E1,-4.139156252E-1,5.541201621E-1,-4.054938805E-1,8.017484556E-1
2.124604725E1,-4.848166233E-1,6.151080832E-1,-3.575496358E-1,8.609569410E-1
2.125606825E1,-5.213576281E-1,6.613572201E-1,-3.587517502E-1,9.153742225E-1
2.126609025E1,-5.461685336E-1,6.825057220E-1,-3.226242898E-1,9.317728049E-1
2.127611125E1,-5.561982626E-1,7.009305909E-1,-2.513753092E-1,9.294351762E-1
2.128613225E1,-5.452142680E-1,7.209736767E-1,-1.758235089E-1,9.208558773E-1
2.129615325E1,-5.027436018E-1,7.314878476E-1,-1.589729297E-1,9.017194645E-1
2.130617525E1,-4.277331805E-1,6.804922333E-1,-1.586852467E-1,8.192718480E-1
2.131619625E1,-3.639254397E-1,5.999181864E-1,-1.062374765E-1,7.096689069E-1
2.132621725E1,-3.569029337E-1,5.161977527E-1,-4.088775180E-2,6.288971555E-1
2.133623925E1,-3.751754826E-1,4.828975672E-1,-1.174537517E-2,6.116246046E-1
2.134626025E1,-4.317537260E-1,5.054558328E-1,-1.593424737E-2,6.649441924E-1
2.135628125E1,-4.963485020E-1,5.757732788E-1,-2.088336725E-2,7.604688153E-1
2.136630225E1,-5.495008618E-1,6.647313559E-1,-1.651319481E-2,8.626074763E-1
2.137632425E1,-5.745088184E-1,7.583113647E-1,-1.447127402E-2,9.514756570E-1
2.138634525E1,-5.354669595E-1,7.974418089E-1,1.603010517E-2,9.606743816E-1
2.139636625E1,-5.106203860E-1,7.922070891E-1,-6.410887241E-3,9.425318828E-1
2.140638825E1,-4.494397992E-1,7.400841317E-1,9.372501969E-3,8.659148335E-1
2.141640925E1,-3.993332541E-1,6.712211806E-1,5.309505701E-2,7.828307647E-1
2.142643025E1,-3.692230171E-1,5.741468757E-1,1.029554343E-1,6.903405629E-1
2.143645125E1,-3.805075586E-1,5.256784281E-1,1.722512987E-1,6.714121847E-1
2.144647325E1,-4.397211421E-1,4.987446910E-1,1.770501085E-1,6.880753524E-1
2.145649425E1,-5.274135894E-1,4.904793593E-1,1.512557745E-1,7.359438875E-1
2.146651525E1,-6.101335645E-1,5.025559062E-1,1.187516874E-1,7.993293242E-1
2.147653725E1,-6.592256176E-1,4.741764450E-1,4.515044510E-2,8.133020833E-1
2.148655825E1,-6.445695716E-1,3.654281741E-1,-7.174168155E-4,7.409508741E-1
2.149657925E1,-6.091500628E-1,2.548982567E-1,-1.833456594E-2,6.605854044E-1
2.150660025E1,-5.604246300E-1,1.960343367E-1,-1.275632221E-2,5.938585277E-1
2.151662225E1,-5.255746400E-1,2.136253926E-1,1.106589217E-2,5.674389523E-1
2.152664325E1,-5.009385663E-1,3.090186229E-1,3.506926060E-2,5.896285353E-1
2.153666425E1,-4.645109975E-1,4.479569453E-1,5.511936307E-2,6.476681526E-1
2.154668625E1,-3.974235535E-1,5.637116423E-1,7.954376757E-2,6.942935312E-1
2.155670725E1,-3.339222068E-1,6.204340196E-1,1.167607105E-1,7.141956849E-1
2.156672825E1,-2.960012591E-1,6.452197820E-1,1.434216750E-1,7.242203320E-1
2.157674925E1,-2.733450526E-1,6.637955090E-1,1.510236400E-1,7.335871696E-1
2.158677125E1,-2.459853458E-1,6.857196441E-1,1.463201763E-1,7.430543821E-1
2.159679225E1,-2.129099858E-1,7.311215195E-1,1.637103438E-1,7.788905026E-1
2.160681325E1,-1.822161967E-1,7.812040910E-1,2.132350910E-1,8.300311911E-1
2.161683425E1,-2.054542011E-1,8.234227422E-1,2.754447877E-1,8.922478760E-1
2.162685625E1,-2.810247856E-1,8.480123305E-1,3.216400937E-1,9.495010231E-1
2.163687725E1,-3.702187979E-1,8.994154957E-1,3.522263306E-1,1.034443609E0
2.164689825E1,-4.292043400E-1,9.689736807E-1,4.032888955E-1,1.133917234E0
2.165692025E1,-5.193502790E-1,9.757336468E-1,4.725310020E-1,1.202109150E0
2.166694125E1,-6.587660265E-1,9.269216752E-1,6.013422392E-1,1.286378233E0
2.167696225E1,-7.008718264E-1,8.604344478E-1,6.951327842E-1,1.309495454E0
2.168698325E1,-4.858784777E-1,7.812055528E-1,6.984475708E-1,1.155071002E0
2.169700525E1,-2.122469115E-1,5.806068796E-1,6.888827685E-1,9.255876884E-1
2.170702625E1,3.407114089E-2,3.608176446E-1,7.540078139E-1,8.365871137E-1
2.171704725E1,1.697914481E-1,1.577277651E-1,7.600585127E-1,7.946043836E-1
2.172706925E1,1.903566903E-1,-1.235487431E-2,6.484287339E-1,6.759054190E-1
2.173709025E1,3.453289551E-1,-1.725182971E-1,3.914464565E-1,5.497681133E-1
2.174711150E1,8.101100940E-1,-3.640257195E-1,1.395133229E-1,8.990311763E-1
2.175713250E1,1.432052110E0,-6.823139334E-1,9.781573176E-2,1.589305971E0
2.176715450E1,2.014811935E0,-1.074060425E0,1.699668646E-1,2.289533067E0
2.177717550E1,2.430232049E0,-1.403815614E0,1.846562397E-1,2.812618711E0
2.178719650E1,2.693333364E0,-1.655616893E0,1.290673453E-1,3.164138158E0
2.179721850E1,2.804082552E0,-1.719409431E0,-2.431442568E-1,3.298236935E0
2.180723950E1,2.823173711E0,-1.783625599E0,7.139918089E-2,3.340168847E0
2.181726050E1,2.540426921E0,-1.559987727E0,-2.947910316E-1,2.995702322E0
2.182728150E1,2.136662647E0,-1.312843755E0,-4.063908434E-1,2.540480173E0
2.183730350E1,1.704772680E0,-1.099580890E0,-5.896221167E-1,2.112577162E0
2.184732450E1,1.277996689E0,-8.683787674E-1,-7.325725792E-1,1.709976551E0
2.185734550E1,8.515481418E-1,-6.140535378E-1,-8.008429880E-1,1.320433821E0
2.186736750E1,3.937304521E-1,-2.667222038E-1,-7.739224072E-1,9.083613241E-1
2.187738850E1,-9.166095257E-3,1.545603284E-1,-7.223679453E-1,7.387749054E-1
2.188740950E1,-2.525880218E-1,4.922320622E-1,-7.366105932E-1,9.212427898E-1
2.189743050E1,-3.489945745E-1,7.161678502E-1,-7.375799154E-1,1.085687678E0
2.190745250E1,-3.494372088E-1,7.990337133E-1,-7.596101043E-1,1.156533073E0
2.191747350E1,-3.389858955E-1,7.837888527E-1,-8.093617234E-1,1.176563981E0
2.192749450E1,-3.179458594E-1,7.241007677E-1,-8.671812576E-1,1.173633173E0
2.193751650E1,-2.997844076E-1,6.087217543E-1,-9.482600655E-1,1.166023163E0
2.194753750E1,-2.691455823E-1,4.947220990E-1,-1.006232285E0,1.153123025E0
2.195755850E1,-2.319093436E-1,3.489533517E-1,-1.051095486E0,1.131526449E0
2.196757950E1,-1.622052705E-1,1.962538996E-1,-1.060049327E0,1.090197559E0
2.197760150E1,-8.854146302E-2,5.967756003E-2,-1.047754387E0,1.053181018E0
2.198762250E1,-1.321646154E-2,-6.955730796E-2,-1.025461292E0,1.027902600E0
2.199764350E1,5.458141923E-2,-2.411856589E-1,-9.368414766E-1,9.689280704E-1
2.200766450E1,1.311460304E-1,-4.047305265E-1,-8.246572356E-1,9.279362244E-1
2.201768650E1,1.659474885E-1,-4.871327055E-1,-7.057910889E-1,8.734860634E-1
2.202770750E1,1.470218056E-1,-4.546926454E-1,-5.944772060E-1,7.627345289E-1
2.203772850E1,8.664754987E-2,-3.242801481E-1,-4.830392160E-1,5.882110986E-1
2.204775050E1,-2.213405013E-2,-2.066824088E-1,-4.123555881E-1,4.617842194E-1
2.205777150E1,-1.705352139E-1,-7.912189096E-2,-3.450705081E-1,3.929582527E-1
2.206779250E1,-3.580460644E-1,8.481093943E-3,-2.632294426E-1,4.444757053E-1
2.207781350E1,-5.125102061E-1,2.869550318E-2,-2.061606909E-1,5.531657742E-1
2.208783550E1,-6.154808432E-1,2.361836582E-2,-1.595061958E-1,6.362520900E-1
2.209785650E1,-6.847598237E-1,1.759427190E-2,-9.339684471E-2,6.913237629E-1
2.210787750E1,-7.078446311E-1,1.293637991E-2,-7.936425805E-3,7.080073153E-1
2.211789950E1,-6.826776302E-1,1.754398584E-2,5.982169390E-2,6.855181786E-1
2.212792050E1,-6.303316015E-1,3.608433723E-2,1.109672161E-1,6.410411300E-1
2.213794150E1,-5.278380972E-1,2.417619020E-2,1.567083031E-1,5.511397620E-1
2.214796250E1,-4.516301662E-1,-3.731985390E-3,1.917308591E-1,4.906571685E-1
2.215798450E1,-4.050652796E-1,-4.239406765E-2,2.162943542E-1,4.611489839E-1
2.216800550E1,-4.163001198E-1,-1.066005886E-1,2.088694867E-1,4.778032416E-1
2.217802650E1,-4.801324189E-1,-1.888586336E-1,1.841872200E-1,5.478317763E-1
2.218804850E1,-5.629196370E-1,-3.148646691E-1,1.702054310E-1,6.670743334E-1
2.219806950E1,-6.099920619E-1,-4.466459996E-1,1.646277720E-1,7.737475478E-1
2.220809050E1,-6.315659487E-1,-5.692960256E-1,1.652183408E-1,8.661816279E-1
2.221811150E1,-6.298047674E-1,-6.407858384E-1,1.948613852E-1,9.193647237E-1
2.222813350E1,-6.083104026E-1,-6.768415242E-1,2.065013643E-1,9.331660133E-1
2.223815450E1,-5.634610891E-1,-6.717889452E-1,2.042881932E-1,9.002902042E-1
2.224817550E1,-5.289911681E-1,-6.550989452E-1,2.209445717E-1,8.705186889E-1
2.225819750E1,-5.285461950E-1,-6.377452862E-1,2.967081144E-1,8.798385281E-1
2.226821850E1,-5.849162775E-1,-6.153332010E-1,3.935771819E-1,9.357697356E-1
2.227823950E1,-6.518785912E-1,-5.904828268E-1,4.287084961E-1,9.784715842E-1
2.228826050E1,-7.155857599E-1,-5.333008584E-1,4.361484933E-1,9.933268815E-1
2.229828250E1,-7.624202031E-1,-4.658520564E-1,4.507677019E-1,1.000746834E0
2.230830350E1,-8.033682543E-1,-3.821883407E-1,4.733169043E-1,1.007718895E0
2.231832450E1,-8.344795346E-1,-3.084224993E-1,4.534410489E-1,9.985435977E-1
2.232834550E1,-8.880435383E-1,-2.939354378E-1,3.934164566E-1,1.014788587E0
2.233836750E1,-9.527944350E-1,-2.959503883E-1,3.742744267E-1,1.065591486E0
2.234838850E1,-1.047187207E0,-3.140516138E-1,3.915547031E-1,1.161268508E0
2.235840950E1,-1.094919782E0,-3.117907879E-1,4.354678408E-1,1.218890916E0
2.236843150E1,-1.084910519E0,-2.649393877E-1,4.923747343E-1,1.220514888E0
2.237845250E1,-1.019826915E0,-2.043391371E-1,5.132054400E-1,1.159819488E0
2.238847350E1,-8.817039871E-1,-1.644190264E-1,5.363662247E-1,1.045047494E0
2.239849450E1,-6.859128946E-1,-1.726536602E-1,5.241356403E-1,8.803430892E-1
2.240851650E1,-4.708259904E-1,-1.896287119E-1,4.633544183E-1,6.872652171E-1
2.241853750E1,-3.007480288E-1,-1.888405073E-1,4.778426492E-1,5.953517543E-1
2.242855850E1,-1.843977928E-1,-2.090116471E-1,5.283853966E-1,5.973939588E-1
2.243858050E1,-1.257332629E-1,-2.551745376E-1,5.341928512E-1,6.052147555E-1
2.244860150E1,-1.424212164E-1,-3.348454821E-1,5.080411792E-1,6.249089050E-1
2.245862250E1,-2.427144134E-1,-4.473190141E-1,4.541345286E-1,6.820870596E-1
2.246864350E1,-4.085665923E-1,-4.974524564E-1,3.958775496E-1,7.557146558E-1
2.247866550E1,-6.451624793E-1,-4.827110410E-1,3.510803129E-1,8.789209065E-1
2.248868650E1,-8.905958480E-1,-4.139442766E-1,3.075178985E-1,1.029115196E0
2.249870750E1,-1.107839205E0,-3.709856603E-1,2.427968591E-1,1.193267941E0
2.250872950E1,-1.372135692E0,-2.440668744E-1,2.261627001E-1,1.411904587E0
2.251875050E1,-1.460324568E0,-2.978422549E-1,2.117972606E-1,1.505362392E0
2.252877150E1,-1.325165593E0,-4.228902242E-1,2.422723639E-1,1.411947552E0
2.253879250E1,-1.005436333E0,-4.620361635E-1,2.995669643E-1,1.146350732E0
2.254881450E1,-6.975623024E-1,-3.200599203E-1,3.266143566E-1,8.340913956E-1
2.255883550E1,-5.137422144E-1,-1.361787289E-1,2.681919014E-1,5.953172307E-1
2.256885650E1,-3.553925979E-1,-8.041968048E-3,1.468398841E-1,3.846173728E-1
2.257887750E1,-1.264986634E-2,-1.145837921E-1,-2.359468460E-2,1.176697653E-1
2.258889950E1,6.420985383E-1,-3.667101762E-1,-1.052200609E-1,7.468856321E-1
2.259892050E1,1.467551726E0,-4.672296605E-1,-4.975115132E-1,1.618496009E0
2.260894150E1,2.332102906E0,-7.838005471E-1,7.054373324E-2,2.461305280E0
2.261896350E1,2.980988892E0,-8.567971873E-1,-2.649373412E-3,3.101677484E0
2.262898450E1,3.377999632E0,-7.781994992E-1,-2.060980526E-1,3.472600234E0
2.263900550E1,3.304329978E0,-6.607385847E-1,-4.392516106E-1,3.398251617E0
2.264902650E1,2.886696108E0,-5.151253733E-1,-5.881977350E-1,2.990709806E0
2.265904850E1,2.310715545E0,-5.055069959E-1,-6.595022640E-1,2.455582801E0
2.266906950E1,1.755181527E0,-5.553156254E-1,-7.315681006E-1,1.980966815E0
2.267909050E1,1.305858087E0,-6.048462197E-1,-8.270452385E-1,1.659851837E0
2.268911150E1,8.712240225E-1,-5.602614927E-1,-8.521550828E-1,1.341302547E0
2.269913350E1,4.410227323E-1,-4.013718858E-1,-8.827873300E-1,1.065323383E0
2.270915450E1,1.205491215E-1,-2.708190554E-1,-1.076571658E0,1.116638521E0
2.271917550E1,-7.067529559E-2,-2.361000431E-1,-1.255870533E0,1.279823825E0
2.272919750E1,-1.072309184E-1,-2.989871398E-1,-1.271340950E0,1.310419624E0
2.273921850E1,-7.485430062E-2,-3.793170655E-1,-1.172244970E0,1.234359296E0
2.274923854E1,-4.963701367E-2,-3.555115888E-1,-1.010609365E0,1.072466135E0
2.275925954E1,-7.352055073E-2,-1.999677587E-1,-9.454940401E-1,9.692014010E-1
2.276928154E1,-1.039371818E-1,5.444050133E-2,-9.830860088E-1,9.900630317E-1
2.277930254E1,-1.249473971E-1,2.964374614E-1,-1.030606257E0,1.079646367E0
2.278932354E1,-1.299561220E-1,4.719185427E-1,-9.933676797E-1,1.107418192E0
2.279934554E1,-1.144691867E-1,6.031493577E-1,-9.282560098E-1,1.112902315E0
2.280936654E1,-7.414620280E-2,6.942779213E-1,-8.511435145E-1,1.100892717E0
2.281938754E1,1.564013243E-2,7.416193181E-1,-7.659263398E-1,1.066249026E0
2.282940854E1,1.350724357E-1,6.986288345E-1,-6.822509296E-1,9.857956899E-1
2.283943054E1,2.604630518E-1,6.124505237E-1,-5.676699150E-1,8.747489798E-1
2.284945154E1,3.368645257E-1,5.201104170E-1,-4.428640936E-1,7.616568518E-1
2.285947254E1,3.663070107E-1,4.843242878E-1,-3.448331112E-1,6.983270841E-1
2.286949454E1,3.468118089E-1,5.003231469E-1,-2.694720031E-1,6.657453286E-1
2.287951554E1,2.859650981E-1,5.397667095E-1,-2.124726140E-1,6.467370020E-1
2.288953654E1,1.968049997E-1,6.019267049E-1,-1.623350787E-1,6.537588575E-1
2.289955754E1,9.271871388E-2,6.729212585E-1,-9.893145360E-2,6.864453457E-1
2.290957954E1,-1.336147249E-2,7.422607577E-1,-6.242180452E-2,7.450007000E-1
2.291960054E1,-1.105345953E-1,7.923991701E-1,-6.340252876E-2,8.025797295E-1
2.292962154E1,-1.931504899E-1,8.258478749E-1,-6.162672937E-2,8.503703181E-1
2.293964254E1,-2.546971124E-1,8.515308926E-1,-1.191897170E-1,8.967617681E-1
2.294966454E1,-3.003223515E-1,8.844092014E-1,-1.457080094E-1,9.453062860E-1
2.295968554E1,-3.324101168E-1,8.969965026E-1,-1.545039028E-1,9.690049883E-1
2.296970654E1,-3.145632452E-1,8.753694060E-1,-1.264695004E-1,9.387311472E-1
2.297972854E1,-3.050609350E-1,8.130950975E-1,-1.093558697E-1,8.752968171E-1
2.298974954E1,-3.029875124E-1,7.592881420E-1,-6.334230244E-2,8.199586347E-1
2.299977054E1,-3.260664725E-1,7.238402742E-1,-8.722927473E-2,7.986695396E-1
2.300979154E1,-3.961903757E-1,7.308487469E-1,-5.138825476E-2,8.329150361E-1
2.301981354E1,-4.797424096E-1,7.579336345E-1,-1.480573475E-2,8.971261805E-1
2.302983454E1,-5.601141429E-1,7.727870241E-1,1.188505054E-2,9.544992887E-1
2.303985554E1,-6.010376358E-1,7.737447980E-1,2.525353968E-2,9.800841767E-1
2.304987754E1,-5.437343377E-1,7.868694583E-1,2.191953041E-2,9.567084405E-1
2.305989854E1,-4.098547339E-1,8.156471148E-1,3.023003183E-2,9.133317982E-1
2.306991954E1,-2.369280088E-1,8.436584938E-1,7.993023198E-2,8.799337347E-1
2.307994054E1,-9.607969344E-2,8.070771432E-1,1.103433548E-1,8.202319663E-1
2.308996254E1,-1.683413386E-3,7.021681541E-1,1.416587029E-1,7.163170657E-1
2.309998354E1,8.915249705E-3,5.741957000E-1,1.838089782E-1,6.029642809E-1
2.311000454E1,-5.482875645E-2,4.764235300E-1,2.369964943E-1,5.349326226E-1
2.312002554E1,-1.573017955E-1,4.228621575E-1,2.544972108E-1,5.180010516E-1
2.313004754E1,-2.945897412E-1,3.981132326E-1,2.435715787E-1,5.519097530E-1
2.314006854E1,-3.627782160E-1,3.345165762E-1,1.654095082E-1,5.204514186E-1
2.315008954E1,-4.126877099E-1,2.393949491E-1,8.745563507E-2,4.850459521E-1
2.316011154E1,-4.429406190E-1,2.312904158E-1,1.502980006E-1,5.218056510E-1
2.317013254E1,-5.398184574E-1,2.002475479E-1,6.705649037E-2,5.796547423E-1
2.318015354E1,-5.870423251E-1,2.252066803E-1,-2.199892098E-1,6.661321136E-1
2.319017454E1,-5.879340255E-1,2.997002077E-1,7.611868791E-3,6.599580088E-1
2.320019654E1,-6.203831488E-1,3.352758372E-1,-1.823783107E-3,7.051868295E-1
2.321021754E1,-6.020012569E-1,3.761762336E-1,7.783638060E-2,7.141236407E-1
2.322023854E1,-5.877936924E-1,3.960517967E-1,-1.474744350E-1,7.239524566E-1
2.323025954E1,-5.265335834E-1,4.837150079E-1,8.237678010E-2,7.197247788E-1
2.324028154E1,-5.040837836E-1,6.002336437E-1,1.194270408E-1,7.928705480E-1
2.325030254E1,-4.639636981E-1,7.237610444E-1,1.847994965E-1,8.793424911E-1
2.326032354E1,-4.165942347E-1,8.018894935E-1,2.308930792E-1,9.326784709E-1
2.327034554E1,-3.470111990E-1,8.527462363E-1,3.213126862E-1,9.751075623E-1
2.328036654E1,-2.876625448E-1,8.853380316E-1,4.420495033E-1,1.030524591E0
2.329038754E1,-2.355053812E-1,9.564559615E-1,5.566444051E-1,1.131425554E0
2.330040854E1,-1.804801583E-1,1.014943321E0,6.303444654E-1,1.208311705E0
2.331043054E1,-1.394251031E-1,1.116174411E0,6.380265373E-1,1.293198569E0
2.332045154E1,-1.147276336E-1,1.201564225E0,6.615036929E-1,1.376410605E0
2.333047254E1,-1.193978047E-1,1.260867563E0,6.462699419E-1,1.421867675E0
2.334049354E1,-5.306523621E-2,1.312480643E0,6.530047649E-1,1.466913965E0
2.335051554E1,1.101527721E-1,1.188641586E0,6.656060994E-1,1.366760379E0
2.336053654E1,2.498053318E-1,9.220024127E-1,7.031387919E-1,1.186126179E0
2.337055754E1,3.469129658E-1,6.201469213E-1,7.428109076E-1,1.027958586E0
2.338057954E1,3.677530271E-1,3.532583642E-1,6.824712235E-1,8.519393944E-1
2.339060054E1,3.432210338E-1,1.794428623E-1,5.017443126E-1,6.338357628E-1
2.340062154E1,3.914687490E-1,7.992646784E-2,2.872965091E-1,4.921131028E-1
2.341064254E1,6.207117623E-1,-6.243686110E-2,1.499296260E-1,6.416076264E-1
2.342066454E1,9.774299240E-1,-3.578721097E-1,7.573247932E-2,1.043636484E0
2.343068554E1,1.360054175E0,-7.423323861E-1,2.045180619E-2,1.549588012E0
2.344070654E1,1.717924238E0,-1.083304581E0,-5.946318649E-2,2.031833746E0
2.345072854E1,2.027638972E0,-1.383120271E0,-1.826073754E-1,2.461236871E0
2.346074954E1,2.161031502E0,-1.577183511E0,-3.389186525E-1,2.696744488E0
2.347077054E1,2.057116540E0,-1.624847382E0,-4.298242179E-1,2.656427363E0
2.348079154E1,1.724289517E0,-1.389081800E0,-5.350056873E-1,2.277927494E0
2.349081354E1,1.286221383E0,-1.032457778E0,-6.661153919E-1,1.778776047E0
2.350083454E1,8.537215519E-1,-7.023219359E-1,-8.309525672E-1,1.382960144E0
2.351085554E1,5.337402767E-1,-3.755201760E-1,-9.645976976E-1,1.164621313E0
2.352087654E1,2.758143318E-1,-1.184438315E-1,-9.985003656E-1,1.042643499E0
2.353089854E1,2.360871792E-2,9.235735595E-2,-9.344910420E-1,9.393405987E-1
2.354091954E1,-2.140490234E-1,2.917403930E-1,-8.713298571E-1,9.434750454E-1
2.355094054E1,-3.438595498E-1,4.094395816E-1,-8.229704601E-1,9.814074277E-1
2.356096254E1,-2.957486594E-1,4.574870297E-1,-7.920294068E-1,9.612867591E-1
2.357098354E1,-8.850930333E-2,4.556165054E-1,-7.338080227E-1,8.682709894E-1
2.358100454E1,1.388854051E-1,3.769971827E-1,-7.113297178E-1,8.169492021E-1
2.359102554E1,3.338122791E-1,2.674218231E-1,-7.197285853E-1,8.372301390E-1
2.360104754E1,4.829870296E-1,1.138449964E-1,-7.387717241E-1,8.899555125E-1
2.361106854E1,5.461720419E-1,-3.236667752E-2,-7.796747518E-1,9.524936849E-1
2.362108954E1,5.308271939E-1,-1.303528556E-1,-8.339188597E-1,9.970907889E-1
2.363111154E1,4.689694995E-1,-1.771840829E-1,-8.489152137E-1,9.858923018E-1
2.364113254E1,3.806315196E-1,-2.128482977E-1,-8.373622119E-1,9.441187560E-1
2.365115354E1,2.858259344E-1,-2.659682053E-1,-8.588723642E-1,9.434496748E-1
2.366117454E1,2.178631622E-1,-3.210635948E-1,-9.070146833E-1,9.865200581E-1
2.367119654E1,1.810444146E-1,-3.882741228E-1,-8.852275193E-1,9.834437632E-1
2.368121754E1,1.561574954E-1,-4.239251813E-1,-7.650368321E-1,8.884700767E-1
2.369123854E1,1.439496785E-1,-4.217611268E-1,-6.693261711E-1,8.041153408E-1
2.370125954E1,1.228014690E-1,-3.866889426E-1,-5.966405296E-1,7.215181638E-1
2.371128154E1,2.749126911E-2,-3.117796782E-1,-5.299583707E-1,6.154820974E-1
2.372130254E1,-1.436269122E-1,-2.108286694E-1,-4.544819263E-1,5.211825391E-1
2.373132354E1,-3.435537404E-1,-9.965263456E-2,-3.852397102E-1,5.257085261E-1
2.374134554E1,-5.382011175E-1,1.330884755E-2,-2.950968410E-1,6.139378746E-1
2.375136654E1,-7.025973397E-1,1.417952719E-1,-2.173515308E-1,7.489930633E-1
2.376138754E1,-8.070514154E-1,2.300411582E-1,-1.255712950E-1,8.485393755E-1
2.377140854E1,-8.777653027E-1,3.058818841E-1,-6.440664187E-2,9.317638483E-1
2.378143054E1,-9.040654939E-1,3.418466458E-1,-2.448960096E-3,9.665399857E-1
2.379145154E1,-8.630911303E-1,3.161019400E-1,2.319546595E-2,9.194480764E-1
2.380147254E1,-7.948248875E-1,2.475646788E-1,6.832135275E-2,8.352859865E-1
2.381149354E1,-7.162459105E-1,1.276610899E-1,8.149264455E-2,7.320837448E-1
2.382151554E1,-6.406028205E-1,-3.189305305E-2,9.481435597E-2,6.483663336E-1
2.383153654E1,-5.721705168E-1,-1.753018641E-1,1.380697916E-1,6.141442105E-1
2.384155754E1,-4.956561917E-1,-3.102936083E-1,1.895093556E-1,6.147121112E-1
2.385157954E1,-4.294043148E-1,-3.621490556E-1,2.233748207E-1,6.045132873E-1
2.386160054E1,-3.752620214E-1,-3.727605826E-1,2.757424841E-1,5.964947227E-1
2.387162154E1,-3.033196342E-1,-3.174418294E-1,3.317259195E-1,5.502855633E-1
2.388164254E1,-2.477284008E-1,-2.954346639E-1,3.922457709E-1,5.500070418E-1
2.389166454E1,-2.392879450E-1,-3.058134717E-1,4.476346906E-1,5.925853663E-1
2.390168554E1,-2.277373552E-1,-3.107631397E-1,4.860790372E-1,6.202506448E-1
2.391170654E1,-2.204897314E-1,-3.291643274E-1,4.997064849E-1,6.377079638E-1
2.392172754E1,-2.225543833E-1,-3.269049633E-1,5.211472014E-1,6.542107566E-1
2.393174954E1,-2.164744484E-1,-3.326878595E-1,5.565561122E-1,6.835913287E-1
2.394177054E1,-2.211528057E-1,-3.162402266E-1,5.868873739E-1,7.023910834E-1
2.395179154E1,-2.301662886E-1,-2.721715164E-1,5.835619893E-1,6.838117066E-1
2.396181354E1,-2.378238022E-1,-2.042683858E-1,5.665432296E-1,6.475005524E-1
2.397183454E1,-2.584124333E-1,-1.401636064E-1,5.466947830E-1,6.207237775E-1
2.398185554E1,-3.071097994E-1,-9.067277312E-2,5.282485718E-1,6.177252903E-1
2.399187654E1,-3.795088542E-1,-5.443699300E-2,5.371000868E-1,6.598991285E-1
2.400189854E1,-4.470681685E-1,-4.655260742E-2,5.202565243E-1,6.875346854E-1
2.401191954E1,-4.985365301E-1,-7.408129871E-2,5.152800322E-1,7.207913861E-1
2.402194054E1,-5.458878672E-1,-1.334486639E-1,5.179551333E-1,7.642510253E-1
2.403196154E1,-5.837538511E-1,-1.999326754E-1,5.214815891E-1,8.078890277E-1
2.404198354E1,-6.010189247E-1,-2.614605868E-1,5.165096285E-1,8.344864185E-1
2.405200454E1,-6.083560109E-1,-2.850780755E-1,5.011777174E-1,8.381799626E-1
2.406202554E1,-6.373412436E-1,-2.913579851E-1,5.062513465E-1,8.645135986E-1
2.407204754E1,-6.402712834E-1,-2.594199085E-1,4.956199390E-1,8.502265164E-1
2.408206854E1,-6.204784584E-1,-2.178117067E-1,4.741541890E-1,8.107142850E-1
2.409208954E1,-5.705672103E-1,-1.659223455E-1,4.994293634E-1,7.762131507E-1
2.410211054E1,-5.110074717E-1,-1.028121775E-1,5.233935921E-1,7.386743749E-1
2.411213254E1,-4.581123894E-1,-1.416663408E-2,5.636517084E-1,7.264784259E-1
2.412215354E1,-4.224408656E-1,8.942029953E-2,5.862219608E-1,7.280854773E-1
2.413217454E1,-4.685391444E-1,1.727410761E-1,5.802484453E-1,7.655433805E-1
2.414219554E1,-5.681663436E-1,2.192767265E-1,5.569431978E-1,8.252763188E-1
2.415221754E1,-7.115084964E-1,2.485104659E-1,5.193467706E-1,9.152720144E-1
2.416223854E1,-8.929978842E-1,2.639848298E-1,4.897095734E-1,1.052116285E0
2.417225954E1,-1.051704766E0,2.582057342E-1,4.665130842E-1,1.179146968E0
2.418228154E1,-1.212204403E0,2.618567356E-1,4.544660658E-1,1.320813337E0
2.419230254E1,-1.371412391E0,2.517471921E-1,3.940198892E-1,1.448930733E0
2.420232354E1,-1.498842516E0,1.677145171E-1,2.843062248E-1,1.534759615E0
2.421234454E1,-1.547725239E0,-8.067111075E-3,1.966693260E-1,1.560191436E0
2.422236654E1,-1.394989534E0,-2.630659398E-1,1.821735303E-1,1.431218601E0
2.423238754E1,-1.047154462E0,-3.848152024E-1,2.923806997E-1,1.153300343E0
2.424240854E1,-7.031504864E-1,-2.819503999E-1,4.625679678E-1,8.876292916E-1
2.425242954E1,-4.736870331E-1,-1.136298189E-1,5.283105157E-1,7.186119551E-1
2.426245154E1,-2.613091439E-1,-2.381073922E-2,4.960421079E-1,5.611659227E-1
2.427247254E1,1.166689092E-1,-1.406997961E-1,4.086133701E-1,4.476303756E-1
2.428249354E1,7.993775296E-1,-3.915403774E-1,3.418182868E-1,9.534925502E-1
2.429251554E1,1.683938466E0,-5.724152228E-1,4.317186062E-1,1.830215534E0
2.430253654E1,2.596475991E0,-7.015103424E-1,3.660367962E-1,2.714366826E0
2.431255754E1,3.351533965E0,-7.767955828E-1,-1.804825703E-1,3.445107437E0
2.432257854E1,3.688362238E0,-8.537694991E-1,6.216735562E-1,3.836589158E0
2.433260054E1,3.491885267E0,-9.102474627E-1,-1.679255285E-1,3.612480054E0
2.434262154E1,2.908017395E0,-9.621988043E-1,-3.192520543E-1,3.079661277E0
2.435264254E1,2.203281144E0,-8.486955777E-1,-4.751728106E-1,2.408427118E0
2.436266354E1,1.592403229E0,-7.305484924E-1,-6.578035017E-1,1.871404443E0
2.437268554E1,1.099652519E0,-6.206988984E-1,-8.088329890E-1,1.499571135E0
2.438270654E1,6.777238691E-1,-5.243771303E-1,-8.934341595E-1,1.237944108E0
2.439272754E1,2.924215937E-1,-4.491149864E-1,-8.853602511E-1,1.034928709E0
2.440274954E1,-6.102738976E-2,-3.643011233E-1,-9.308760741E-1,1.001483857E0
2.441277054E1,-2.972350216E-1,-3.099202636E-1,-1.117153893E0,1.196842533E0
2.442279154E1,-3.936848438E-1,-2.928481480E-1,-1.283978391E0,1.374535668E0
2.443281254E1,-3.545114225E-1,-2.633284798E-1,-1.300257039E0,1.373203774E0
2.444283454E1,-2.651876020E-1,-2.157087556E-1,-1.230834802E0,1.277422812E0
2.445285554E1,-1.956484205E-1,-1.444104391E-1,-1.124117854E0,1.150118963E0
2.446287654E1,-1.638290423E-1,-4.445141047E-2,-1.078811288E0,1.092085014E0
2.447289754E1,-1.623789328E-1,1.000636938E-1,-1.043256708E0,1.060549018E0
2.448291954E1,-1.742487806E-1,2.834183434E-1,-9.789788514E-1,1.033967208E0
2.449294054E1,-1.394180864E-1,4.464483637E-1,-8.984327980E-1,1.012884513E0
2.450296154E1,-7.201723158E-2,6.111568272E-1,-8.071818084E-1,1.015008188E0
2.451298354E1,3.810104191E-2,7.526024356E-1,-6.981880275E-1,1.027291895E0
2.452300454E1,1.783482635E-1,8.684091729E-1,-6.028701532E-1,1.072098417E0
2.453302554E1,3.400611985E-1,8.978282690E-1,-4.995182776E-1,1.082245688E0
2.454304654E1,4.499169320E-1,8.238373098E-1,-3.807624241E-1,1.012972449E0
2.455306854E1,4.941721684E-1,6.969536072E-1,-2.665336311E-1,8.949808038E-1
2.456308954E1,4.581199908E-1,5.723196208E-1,-1.860660765E-1,7.563360756E-1
2.457311054E1,3.336269224E-1,5.126967323E-1,-1.279441682E-1,6.249276541E-1
2.458313154E1,1.711287063E-1,5.306906614E-1,-5.885237172E-2,5.606970785E-1
2.459315354E1,4.683035016E-3,6.064638519E-1,-1.910117246E-2,6.067826541E-1
2.460317454E1,-1.423305845E-1,7.115321776E-1,7.998333201E-3,7.256721081E-1
2.461319554E1,-2.530774337E-1,8.341249010E-1,1.219904602E-2,8.717576238E-1
2.462321654E1,-3.190562457E-1,9.334074068E-1,2.287014149E-2,9.866961631E-1
2.463323854E1,-3.621724445E-1,1.019181675E0,4.615558147E-2,1.082603577E0
2.464325954E1,-3.457622337E-1,1.104440511E0,9.663810253E-2,1.161326521E0
2.465328054E1,-3.207016522E-1,1.129210778E0,1.227511098E-1,1.180268769E0
2.466330254E1,-2.846863121E-1,1.125009554E0,1.407874312E-1,1.168979852E0
2.467332354E1,-2.155546814E-1,1.068866928E0,1.430263301E-1,1.099725812E0
2.468334454E1,-1.235925972E-1,9.789928848E-1,1.730202806E-1,1.001817456E0
2.469336554E1,-4.894061029E-2,8.621582070E-1,2.206715798E-1,8.912956319E-1
2.470338754E1,-3.244152188E-2,7.877211052E-1,2.785671278E-1,8.361558686E-1
2.471340854E1,-8.669198871E-2,7.676058063E-1,3.083405652E-1,8.317500099E-1
2.472342954E1,-2.182578492E-1,8.288442805E-1,2.977484802E-1,9.073441947E-1
2.473345054E1,-3.758473277E-1,9.414935213E-1,2.934015870E-1,1.055346273E0
2.474347267E1,-5.040650725E-1,1.050283600E0,2.843208611E-1,1.199172877E0
2.475349367E1,-5.387963641E-1,1.085735853E0,2.687509684E-1,1.241511558E0
2.476351467E1,-4.939833033E-1,1.016507451E0,2.620967638E-1,1.160173097E0
2.477353667E1,-4.057505733E-1,8.788786125E-1,2.569868821E-1,1.001550498E0
2.478355767E1,-3.205642426E-1,7.326593372E-1,2.822089199E-1,8.480524822E-1
2.479357867E1,-3.100041711E-1,6.275682074E-1,3.251040939E-1,7.717752995E-1
2.480359967E1,-3.745328736E-1,5.821292022E-1,3.748287427E-1,7.871758811E-1
2.481362167E1,-4.958327776E-1,5.685727251E-1,3.592033014E-1,8.355549646E-1
2.482364267E1,-6.107668179E-1,5.983373916E-1,2.865620258E-1,9.017546976E-1
2.483366367E1,-6.867835450E-1,6.388083100E-1,2.209674489E-1,9.636256058E-1
2.484368567E1,-7.235110760E-1,6.390810826E-1,2.041836011E-1,9.867035270E-1
2.485370667E1,-6.835944736E-1,5.708680496E-1,2.060938865E-1,9.141479226E-1
2.486372767E1,-5.849075067E-1,4.528440481E-1,1.952917403E-1,7.650643026E-1
2.487374867E1,-4.460560155E-1,3.402676052E-1,2.265965635E-1,6.050570342E-1
2.488377067E1,-2.892547417E-1,2.502599528E-1,2.343271673E-1,4.485616690E-1
2.489379167E1,-1.816852695E-1,2.212282348E-1,2.417198020E-1,3.746730998E-1
2.490381267E1,-1.472907776E-1,2.594839355E-1,2.199160830E-1,3.706609900E-1
2.491383367E1,-1.857099080E-1,3.698577324E-1,1.985521112E-1,4.590270722E-1
2.492385567E1,-2.773591661E-1,4.899206579E-1,2.059283737E-1,5.994638047E-1
2.493387667E1,-3.673033762E-1,5.766731653E-1,2.113130746E-1,7.156234521E-1
2.494389767E1,-4.379301399E-1,6.012162682E-1,2.179239732E-1,7.750707495E-1
2.495391867E1,-4.964420575E-1,6.125496340E-1,2.331431426E-1,8.222089123E-1
2.496394067E1,-5.364586473E-1,6.618194425E-1,2.863375292E-1,8.987669527E-1
2.497396167E1,-5.756952184E-1,7.992863131E-1,3.373498446E-1,1.041195713E0
2.498398267E1,-6.149616104E-1,9.673958096E-1,4.009020621E-1,1.214394869E0
2.499400467E1,-6.846317697E-1,1.087164328E0,4.585409538E-1,1.364150557E0
2.500402567E1,-7.914276552E-1,1.159023392E0,5.186181710E-1,1.496214478E0
2.501404667E1,-7.971146572E-1,1.256297964E0,5.953430325E-1,1.602532270E0
2.502406767E1,-6.290171474E-1,1.269595410E0,7.080358350E-1,1.583934916E0
2.503408967E1,-3.241766524E-1,1.136863614E0,7.877661288E-1,1.420607213E0
2.504411067E1,3.864775658E-2,8.718043587E-1,8.498618048E-1,1.218113942E0
2.505413167E1,3.419264603E-1,4.919125119E-1,8.344204777E-1,1.027204535E0
2.506415267E1,6.092471266E-1,9.330285072E-2,6.669152910E-1,9.081098439E-1
2.507417467E1,9.704477638E-1,-3.478105134E-1,3.490262226E-1,1.088375082E0
2.508419567E1,1.471605016E0,-9.019745296E-1,3.205326676E-2,1.726327543E0
2.509421667E1,1.981297449E0,-1.600410991E0,-1.729677287E-1,2.552797045E0
2.510423767E1,2.333700950E0,-2.162378701E0,-6.549531303E-1,3.248231115E0
2.511425967E1,2.440596238E0,-2.756261976E0,-6.088624529E-1,3.731514916E0
2.512428067E1,2.217307445E0,-2.945462964E0,-4.890337083E-1,3.719053421E0
2.513430167E1,1.862078569E0,-2.726617177E0,-8.766871492E-1,3.416190596E0
2.514432367E1,1.669277158E0,-2.375552396E0,-9.413860057E-1,3.052202980E0
2.515434467E1,1.508205078E0,-2.006055145E0,-9.941050867E-1,2.699478602E0
2.516436567E1,1.315065113E0,-1.568008938E0,-1.037223040E0,2.294314694E0
2.517438667E1,1.037566198E0,-1.114861127E0,-1.132741327E0,1.898041586E0
2.518440867E1,7.202851671E-1,-6.795897156E-1,-1.180984365E0,1.541225802E0
2.519442967E1,3.843801695E-1,-2.877625322E-1,-1.109215055E0,1.208682518E0
2.520445067E1,1.646856594E-1,3.363259971E-2,-1.010997035E0,1.024874394E0
2.521447167E1,1.432257932E-1,2.631600800E-1,-9.315819061E-1,9.785763656E-1
2.522449367E1,2.309357822E-1,3.561346096E-1,-8.981750089E-1,9.934191171E-1
2.523451467E1,3.430157965E-1,3.112893891E-1,-8.947140419E-1,1.007508877E0
2.524453567E1,4.008055830E-1,1.785587633E-1,-9.086790202E-1,1.009071806E0
2.525455767E1,3.537220484E-1,1.050452292E-2,-9.365754282E-1,1.001200862E0
2.526457867E1,2.254434925E-1,-1.128641260E-1,-9.389494709E-1,9.722084078E-1
2.527459967E1,6.775051832E-2,-1.708152956E-1,-9.345025903E-1,9.523985979E-1
2.528462067E1,-7.463619947E-2,-1.993347976E-1,-9.262188399E-1,9.503611225E-1
2.529464267E1,-1.741166335E-1,-2.063786459E-1,-8.998027276E-1,9.394432905E-1
2.530466367E1,-2.422390348E-1,-2.098577392E-1,-8.303009681E-1,8.900110777E-1
2.531468467E1,-2.791180086E-1,-2.176333666E-1,-7.575132928E-1,8.361205259E-1
2.532470567E1,-3.038605016E-1,-2.260115495E-1,-6.973675901E-1,7.935577992E-1
2.533472767E1,-3.273177767E-1,-2.247634614E-1,-6.140647937E-1,7.312531103E-1
2.534474867E1,-4.035876882E-1,-2.157464701E-1,-5.311879671E-1,7.011349498E-1
2.535476967E1,-4.991996044E-1,-1.972958735E-1,-4.744126725E-1,7.163751046E-1
2.536479167E1,-6.038361132E-1,-1.837873435E-1,-4.371132839E-1,7.677654995E-1
2.537481267E1,-7.139000076E-1,-1.879447138E-1,-3.863010529E-1,8.331896182E-1
2.538483367E1,-7.949237055E-1,-2.283726552E-1,-3.297836206E-1,8.904015968E-1
2.539485467E1,-8.273827690E-1,-2.906685984E-1,-2.304961447E-1,9.067408413E-1
2.540487667E1,-8.253023297E-1,-3.362301028E-1,-1.425289513E-1,9.024905093E-1
2.541489767E1,-7.779562551E-1,-3.272610587E-1,-7.524840295E-2,8.473358587E-1
2.542491867E1,-7.107916278E-1,-2.908361211E-1,-6.571685672E-3,7.680192540E-1
2.543493967E1,-6.541595900E-1,-2.457543808E-1,2.689200260E-2,6.993162122E-1
2.544496167E1,-5.657502741E-1,-2.217226169E-1,2.149794616E-2,6.080266878E-1
2.545498267E1,-4.514529955E-1,-2.295976469E-1,3.939444602E-2,5.080126071E-1
2.546500367E1,-3.234931129E-1,-2.701846325E-1,8.934896350E-2,4.308488912E-1
2.547502467E1,-2.418648130E-1,-3.007614774E-1,1.725033867E-1,4.227451625E-1
2.548504667E1,-1.900403559E-1,-3.135937768E-1,2.346809238E-1,4.353521905E-1
2.549506767E1,-1.943140858E-1,-2.963784045E-1,2.224063756E-1,4.184049695E-1
2.550508867E1,-2.333003962E-1,-2.829055426E-1,1.914384983E-1,4.136584575E-1
2.551511067E1,-2.426231968E-1,-2.675852528E-1,1.752585217E-1,4.014765654E-1
2.552513167E1,-2.307673824E-1,-2.746492741E-1,2.271602350E-1,4.246028508E-1
2.553515267E1,-2.184654254E-1,-3.274154252E-1,4.135987061E-1,5.709569970E-1
2.554517367E1,-2.046595645E-1,-4.069203088E-1,6.324050242E-1,7.793624251E-1
2.555519567E1,-1.983480799E-1,-4.568470520E-1,7.985331917E-1,9.411197840E-1
2.556521667E1,-1.813706893E-1,-4.134004855E-1,8.647505701E-1,9.754941500E-1
2.557523767E1,-2.219123590E-1,-3.462645096E-1,8.453044850E-1,9.400446149E-1
2.558525867E1,-3.223353642E-1,-3.400036034E-1,7.753542441E-1,9.059121046E-1
2.559528067E1,-4.878220922E-1,-3.584343195E-1,6.441690373E-1,8.839679314E-1
2.560530167E1,-6.843458408E-1,-3.568491393E-1,5.080294847E-1,9.239937746E-1
2.561532267E1,-8.822629809E-1,-3.073778942E-1,3.893099570E-1,1.012141976E0
2.562534467E1,-1.054437754E0,-2.649095669E-1,2.692216327E-1,1.120043010E0
2.563536567E1,-1.138499081E0,-2.709675747E-1,8.561200798E-2,1.173427884E0
2.564538667E1,-1.189754604E0,-3.106912190E-1,-7.430641651E-2,1.231895488E0
2.565540767E1,-1.217397900E0,-3.989806670E-1,-1.258578086E-1,1.287277518E0
2.566542967E1,-1.268851644E0,-4.545868108E-1,-1.190521977E-1,1.353073201E0
2.567545067E1,-1.320198383E0,-4.785682887E-1,-8.344212452E-2,1.406738770E0
2.568547167E1,-1.363390011E0,-4.253793839E-1,-4.221516112E-2,1.428832412E0
2.569549267E1,-1.399759693E0,-2.989158037E-1,5.458434284E-2,1.432360745E0
2.570551467E1,-1.389348725E0,-1.647856468E-1,1.311109289E-1,1.405216804E0
2.571553567E1,-1.307416370E0,-3.688657522E-2,1.586372813E-1,1.317521905E0
2.572555667E1,-1.147680379E0,6.677227914E-2,1.606884845E-1,1.160796958E0
2.573557767E1,-9.817036539E-1,7.849419236E-2,1.839639294E-1,1.001871314E0
2.574559975E1,-8.584268063E-1,3.179511219E-2,2.238910568E-1,8.877131948E-1
2.575562075E1,-8.563650781E-1,-4.597080946E-2,2.439399898E-1,8.916171717E-1
2.576564175E1,-9.384833747E-1,-1.244959921E-1,2.334062308E-1,9.750532115E-1
2.577566275E1,-1.036534165E0,-1.878412181E-1,2.054880967E-1,1.073271986E0
2.578568475E1,-1.050338271E0,-2.922920778E-1,1.682015902E-1,1.103148638E0
2.579570575E1,-9.402656060E-1,-3.534065911E-1,1.992661293E-1,1.024061824E0
2.580572675E1,-7.516051930E-1,-3.239445180E-1,3.016163403E-1,8.722515885E-1
2.581574875E1,-6.037606841E-1,-1.217510167E-1,4.233787590E-1,7.473953755E-1
2.582576975E1,-5.325836974E-1,1.717052418E-1,3.894613634E-1,6.817684639E-1
2.583579075E1,-4.790711492E-1,4.117925012E-1,2.278262329E-1,6.715556734E-1
2.584581175E1,-3.025630045E-1,5.175879282E-1,1.385942137E-1,6.153454243E-1
2.585583375E1,1.004773843E-1,3.934348753E-1,9.377939880E-2,4.167508626E-1
2.586585475E1,6.735594821E-1,1.666690350E-1,2.360667870E-1,7.329314232E-1
2.587587575E1,1.348065044E0,-3.894245625E-3,3.614093097E-1,1.395675899E0
2.588589675E1,2.018506206E0,-1.577964699E-1,3.428993639E-1,2.053496287E0
2.589591875E1,2.533116732E0,-2.355857804E-1,1.999226620E-1,2.551891476E0
2.590593975E1,2.817892506E0,-2.845433477E-1,7.708559811E-2,2.833271128E0
2.591596075E1,2.837493542E0,-3.191237810E-1,2.197668694E-2,2.855467136E0
2.592598275E1,2.582375430E0,-3.798161253E-1,2.779992901E-2,2.610305727E0
2.593600375E1,2.172167525E0,-4.758885098E-1,-2.654445872E-2,2.223844922E0
2.594602475E1,1.738752020E0,-5.893288788E-1,-1.355086380E-1,1.840904589E0
2.595604575E1,1.368984627E0,-7.069342196E-1,-3.149258456E-1,1.572594413E0
2.596606775E1,1.071582960E0,-7.672657907E-1,-4.826560771E-1,1.403546837E0
2.597608875E1,7.936800027E-1,-7.632639563E-1,-6.078192365E-1,1.257753568E0
2.598610975E1,5.389893222E-1,-7.012624204E-1,-7.631148523E-1,1.168170685E0
2.599613075E1,2.513063121E-1,-5.758633259E-1,-8.904094680E-1,1.089771744E0
2.600615275E1,-7.255692959E-2,-4.219716266E-1,-1.035979264E0,1.120971720E0
2.601617375E1,-3.251022667E-1,-3.113273960E-1,-1.181876065E0,1.264692557E0
2.602619475E1,-4.820006043E-1,-2.327791169E-1,-1.230632488E0,1.342001125E0
2.603621575E1,-5.217236638E-1,-1.561767912E-1,-1.184369464E0,1.303578843E0
2.604623775E1,-4.649776053E-1,-5.586312890E-2,-1.125405484E0,1.218959542E0
2.605625875E1,-3.111911559E-1,6.784290433E-2,-1.085213404E0,1.130986617E0
2.606627975E1,-1.369681031E-1,1.708486247E-1,-1.043906992E0,1.066626139E0
2.607630075E1,3.738066494E-2,2.558171466E-1,-9.934606504E-1,1.026549458E0
2.608632275E1,2.253546149E-1,3.245859575E-1,-9.473821060E-1,1.026486045E0
2.609634375E1,4.410864669E-1,3.536632839E-1,-8.700399613E-1,1.037595549E0
2.610636475E1,6.484351659E-1,3.682763529E-1,-7.595253197E-1,1.064412677E0
2.611638675E1,8.232406014E-1,3.631799197E-1,-6.601009458E-1,1.115956093E0
2.612640775E1,8.860075378E-1,4.037891248E-1,-5.532670534E-1,1.119892605E0
2.613642875E1,8.946701878E-1,4.196137369E-1,-5.093439388E-1,1.111729140E0
2.614644975E1,9.055267131E-1,4.294391057E-1,-4.603600591E-1,1.102872594E0
2.615647175E1,8.872974336E-1,4.268137059E-1,-3.392092592E-1,1.041407508E0
2.616649275E1,8.484415162E-1,4.115480876E-1,-2.243770335E-1,9.693141327E-1
2.617651375E1,7.677166110E-1,3.734271652E-1,-1.640225852E-1,8.693331070E-1
2.618653475E1,6.270507288E-1,3.117571664E-1,-1.272704959E-1,7.117463919E-1
2.619655675E1,4.470751852E-1,2.487519559E-1,-1.001797611E-1,5.213345771E-1
2.620657775E1,2.579212672E-1,2.242296106E-1,-1.254664837E-1,3.640661160E-1
2.621659875E1,6.294410706E-2,2.646976054E-1,-1.998473791E-1,3.375881482E-1
2.622662075E1,-1.172641557E-1,3.152391833E-1,-2.377928120E-1,4.119126684E-1
2.623664175E1,-2.609173805E-1,3.484616008E-1,-2.018634991E-1,4.798460575E-1
2.624666275E1,-3.476403594E-1,3.691893956E-1,-1.762730867E-1,5.368676097E-1
2.625668375E1,-4.098447937E-1,4.165445334E-1,-1.840978307E-1,6.126778227E-1
2.626670575E1,-4.358321589E-1,5.229664895E-1,-1.418696778E-1,6.953924254E-1
2.627672675E1,-4.320437479E-1,6.737802145E-1,-7.365722939E-2,8.037829091E-1
2.628674775E1,-3.781376821E-1,8.164148542E-1,-4.018498957E-2,9.006309756E-1
2.629676875E1,-3.399278820E-1,9.367996690E-1,-6.132866755E-2,9.984516965E-1
2.630679075E1,-3.391051787E-1,1.021280533E0,-1.015187734E-1,1.080884967E0
2.631681175E1,-3.680471420E-1,1.068951420E0,-1.042425527E-1,1.135333584E0
2.632683275E1,-4.338780195E-1,1.103618685E0,-7.334052958E-2,1.188109074E0
2.633685375E1,-4.627176565E-1,1.120622388E0,-2.259956159E-2,1.212605833E0
2.634687575E1,-4.440223539E-1,1.136668610E0,2.756377459E-2,1.220627355E0
2.635689675E1,-3.686301094E-1,1.157190290E0,6.671599969E-2,1.216317619E0
2.636691775E1,-2.778819072E-1,1.139266528E0,1.009591218E-1,1.177004384E0
2.637693875E1,-1.871453995E-1,1.113832601E0,1.523415294E-1,1.139672938E0
2.638696075E1,-1.152468663E-1,1.080801680E0,1.783862704E-1,1.101469824E0
2.639698175E1,-7.313346505E-2,1.043092986E0,1.995116758E-1,1.064516975E0
2.640700275E1,-6.027836144E-2,1.003017340E0,2.312778443E-1,1.031099756E0
2.641702475E1,-7.763465166E-2,9.919891986E-1,2.496784472E-1,1.025869893E0
2.642704575E1,-1.298333305E-1,9.662576491E-1,2.652951177E-1,1.010392022E0
2.643706675E1,-2.165919775E-1,9.707155663E-1,2.865684577E-1,1.035046992E0
2.644708775E1,-2.826544046E-1,9.687851080E-1,3.128407285E-1,1.056554504E0
2.645710975E1,-2.839361143E-1,9.285641581E-1,3.102369634E-1,1.019361607E0
2.646713075E1,-2.640707839E-1,8.396218684E-1,3.321113972E-1,9.407423882E-1
2.647715175E1,-2.647309345E-1,7.139833304E-1,3.509767807E-1,8.384744268E-1
2.648717275E1,-2.680591697E-1,6.104782578E-1,3.346741587E-1,7.460202505E-1
2.649719475E1,-2.604425865E-1,5.565259990E-1,2.828396883E-1,6.764242882E-1
2.650721575E1,-2.027141958E-1,5.164240399E-1,2.322378840E-1,6.014326803E-1
2.651723675E1,-1.099773556E-1,5.151809219E-1,2.355053081E-1,5.770347920E-1
2.652725775E1,-2.239132762E-2,5.471885803E-1,2.513115015E-1,6.025563748E-1
2.653727975E1,4.344773591E-2,5.982286334E-1,2.291272384E-1,6.420782623E-1
2.654730075E1,8.600377142E-2,6.201805428E-1,1.942462581E-1,6.555548513E-1
2.655732175E1,1.198345917E-1,6.177907857E-1,1.665661240E-1,6.509762346E-1
2.656734275E1,1.159988183E-1,5.815944743E-1,1.612866364E-1,6.145903005E-1
2.657736475E1,5.921358347E-2,5.443839633E-1,2.137607557E-1,5.878382504E-1
2.658738575E1,-6.458015800E-2,5.666136155E-1,2.596421027E-1,6.266064215E-1
2.659740675E1,-2.329606730E-1,6.864838752E-1,2.776883644E-1,7.762999509E-1
2.660742875E1,-3.864237714E-1,8.488756719E-1,2.913188819E-1,9.771284094E-1
2.661744975E1,-5.005374473E-1,1.046361580E0,3.106508366E-1,1.200797333E0
2.662747075E1,-4.608383614E-1,1.155705682E0,3.267265866E-1,1.286381701E0
2.663749175E1,-3.559393126E-1,1.149276961E0,3.951027570E-1,1.266347707E0
2.664751375E1,-2.238010097E-1,1.021146047E0,4.708476982E-1,1.146526797E0
2.665753475E1,-1.064175707E-1,8.224050343E-1,5.016911030E-1,9.692103500E-1
2.666755575E1,-4.019259095E-2,6.458126897E-1,4.585661334E-1,7.930777851E-1
2.667757675E1,-2.500737190E-2,5.263602135E-1,4.066885398E-1,6.656395506E-1
2.668759875E1,1.802755058E-2,4.305190864E-1,3.302968600E-1,5.429251256E-1
2.669761975E1,1.637629688E-1,2.994800600E-1,2.646454921E-1,4.319072270E-1
2.670764075E1,4.559419030E-1,1.138119596E-1,2.144103813E-1,5.165345997E-1
2.671766275E1,8.411132008E-1,-1.522468776E-1,1.867512971E-1,8.749437555E-1
2.672768375E1,1.257646624E0,-5.006991228E-1,1.314623648E-1,1.360020955E0
2.673770475E1,1.636825696E0,-8.229020476E-1,8.643281087E-2,1.834076544E0
2.674772937E1,1.941667360E0,-1.091539799E0,6.933796428E-2,2.228528444E0
2.675775137E1,2.138134975E0,-1.278962357E0,5.521752320E-2,2.492070396E0
2.676777237E1,2.199854091E0,-1.350515612E0,1.293279849E-2,2.581359660E0
2.677779337E1,2.100932066E0,-1.271535516E0,-8.571031429E-2,2.457247316E0
2.678781437E1,1.904249273E0,-1.062490247E0,-2.077644360E-1,2.190483253E0
2.679783637E1,1.683555474E0,-7.923529771E-1,-3.439281084E-1,1.892212678E0
2.680785737E1,1.438528486E0,-5.187857303E-1,-4.274572650E-1,1.587835808E0
2.681787837E1,1.184823062E0,-2.505069977E-1,-4.568523145E-1,1.294323561E0
2.682789938E1,9.167223769E-1,-2.355053812E-2,-4.751664517E-1,1.032820266E0
2.683792137E1,6.435018700E-1,1.795323247E-1,-5.261921060E-1,8.504143959E-1
2.684794237E1,3.030974400E-1,3.640078855E-1,-5.589451383E-1,7.326591748E-1
2.685796337E1,-7.186929703E-2,5.438942590E-1,-5.787584285E-1,7.974631524E-1
2.686798437E1,-4.375711209E-1,6.481685328E-1,-6.262794811E-1,1.001906643E0
2.687800638E1,-7.486190200E-1,7.115380248E-1,-6.919174004E-1,1.243167924E0
2.688802738E1,-9.766651082E-1,7.286633500E-1,-7.866335231E-1,1.450385228E0
2.689804837E1,-1.088563274E0,6.747578689E-1,-8.774261642E-1,1.552464124E0
2.690807037E1,-1.086117969E0,5.520598957E-1,-9.364380918E-1,1.536664788E0
2.691809137E1,-9.353726560E-1,3.280118412E-1,-9.774469540E-1,1.392090630E0
2.692811237E1,-7.031194961E-1,4.483031005E-2,-9.592176014E-1,1.190161833E0
2.693813337E1,-4.219128621E-1,-2.876338935E-1,-9.312199634E-1,1.062033116E0
2.694815537E1,-1.496355110E-1,-5.907450745E-1,-9.036328000E-1,1.089918697E0
2.695817637E1,1.115993732E-1,-7.778869656E-1,-8.797317213E-1,1.179614536E0
2.696819737E1,3.082523453E-1,-8.976332644E-1,-8.477492058E-1,1.272573653E0
2.697821837E1,4.126742613E-1,-9.653460681E-1,-8.339749199E-1,1.340786055E0
2.698824037E1,4.453169274E-1,-9.639877599E-1,-7.843864381E-1,1.320167282E0
2.699826137E1,4.199025893E-1,-9.123010048E-1,-7.022197558E-1,1.225448446E0
2.700828237E1,3.488290983E-1,-8.302493665E-1,-5.917183435E-1,1.077555729E0
2.701830337E1,2.359550321E-1,-7.230962160E-1,-5.068005462E-1,9.139965582E-1
2.702832537E1,8.558101773E-2,-5.869733280E-1,-4.233625330E-1,7.287644563E-1
2.703834637E1,-7.618921995E-2,-4.312488189E-1,-3.423218051E-1,5.558458054E-1
2.704836737E1,-2.312889540E-1,-2.431009144E-1,-2.522262984E-1,4.197746305E-1
2.705838837E1,-3.607580030E-1,-5.752490759E-2,-1.454991907E-1,3.932244476E-1
2.706841037E1,-4.773017818E-1,8.383328497E-2,-5.751204371E-2,4.880088582E-1
2.707843138E1,-5.768272394E-1,1.703428406E-1,2.024890780E-3,6.014569375E-1
2.708845238E1,-6.848551333E-1,1.788242269E-1,4.402602553E-2,7.091847070E-1
2.709847437E1,-7.825609374E-1,1.307548517E-1,6.207389519E-2,7.958339151E-1
2.710849537E1,-8.473597813E-1,3.123348713E-2,6.824044190E-2,8.506767233E-1
2.711851637E1,-9.013061929E-1,-7.296506524E-2,7.410695337E-2,9.072863906E-1
2.712853737E1,-8.951584303E-1,-1.473369706E-1,9.153289855E-2,9.118086805E-1
2.713855938E1,-8.523322535E-1,-1.820776176E-1,9.664680026E-2,8.769054300E-1
2.714858037E1,-7.816288912E-1,-2.062114155E-1,1.761058563E-1,8.273331518E-1
2.715860137E1,-6.739401358E-1,-2.581469697E-1,2.419359297E-1,7.611623734E-1
2.716862237E1,-5.778949410E-1,-3.343724424E-1,2.471792742E-1,7.119445811E-1
2.717864437E1,-5.078026128E-1,-4.235898435E-1,2.000022572E-1,6.908637724E-1
2.718866537E1,-5.031792194E-1,-5.501113111E-1,1.600016011E-1,7.625039631E-1
2.719868637E1,-4.910035622E-1,-6.985265082E-1,1.785634410E-1,8.723007986E-1
2.720870737E1,-4.640075523E-1,-8.193463558E-1,2.552846845E-1,9.756032644E-1
2.721872937E1,-3.856004834E-1,-8.840721095E-1,3.275790741E-1,1.018616354E0
2.722875037E1,-2.949294645E-1,-8.947403544E-1,3.822325603E-1,1.016683540E0
2.723877137E1,-2.092098677E-1,-8.887340945E-1,4.218380908E-1,1.005765596E0
2.724879237E1,-1.819080484E-1,-8.474480742E-1,4.651384038E-1,9.836729697E-1
2.725881437E1,-2.341657841E-1,-7.852986038E-1,4.997878343E-1,9.598517546E-1
2.726883537E1,-3.582746905E-1,-6.720538241E-1,5.155939545E-1,9.197033338E-1
2.727885638E1,-5.226422614E-1,-5.221662980E-1,5.117681944E-1,8.987320296E-1
2.728887837E1,-6.569130439E-1,-3.919394499E-1,4.806159836E-1,9.034063334E-1
2.729889937E1,-6.975418371E-1,-3.038143086E-1,4.823316298E-1,9.008393584E-1
2.730892037E1,-6.975780898E-1,-2.563074356E-1,5.118517365E-1,9.023862217E-1
2.731894137E1,-7.167926252E-1,-2.632749778E-1,5.304640087E-1,9.297835479E-1
2.732896338E1,-7.645135063E-1,-2.512045705E-1,5.016653752E-1,9.482894001E-1
2.733898438E1,-8.492794222E-1,-2.189717942E-1,4.600777117E-1,9.904017793E-1
2.734900537E1,-9.159236473E-1,-2.054331511E-1,4.280349699E-1,1.031665083E0
2.735902637E1,-9.344154668E-1,-2.301902622E-1,4.123112223E-1,1.046957671E0
2.736904837E1,-9.220035821E-1,-2.768206376E-1,4.311427651E-1,1.054800623E0
2.737906937E1,-8.869290590E-1,-3.000685823E-1,4.465290552E-1,1.037339148E0
2.738909037E1,-8.383667636E-1,-2.824895132E-1,4.387393945E-1,9.874975502E-1
2.739911137E1,-7.807395297E-1,-2.505958754E-1,4.362800556E-1,9.288125715E-1
2.740913337E1,-7.294477540E-1,-2.145641631E-1,3.955103445E-1,8.570648975E-1
2.741915437E1,-6.904433173E-1,-1.724308813E-1,3.253630525E-1,7.824995202E-1
2.742917537E1,-7.263095534E-1,-1.991772151E-1,2.246009088E-1,7.859024740E-1
2.743919637E1,-8.231920695E-1,-2.681398612E-1,1.782383358E-1,8.839191552E-1
2.744921837E1,-9.596754384E-1,-3.085967463E-1,1.635676718E-1,1.021255738E0
2.745923937E1,-1.098074355E0,-3.160765046E-1,2.005793774E-1,1.160130912E0
2.746926037E1,-1.244739481E0,-2.802202088E-1,2.759412163E-1,1.305390093E0
2.747928237E1,-1.334894190E0,-2.276663116E-1,3.674483871E-1,1.403136760E0
2.748930337E1,-1.296210181E0,-2.108412409E-1,4.041490209E-1,1.374027399E0
2.749932437E1,-1.164579417E0,-2.039260313E-1,4.746910000E-1,1.274033983E0
2.750934537E1,-9.799003726E-1,-2.067666087E-1,5.407592013E-1,1.138146601E0
2.751936738E1,-7.469291747E-1,-1.558233270E-1,5.405773529E-1,9.350978428E-1
2.752938838E1,-4.998860675E-1,-9.574815631E-3,5.586260265E-1,7.496938009E-1
2.753940938E1,-2.281700492E-1,1.401308620E-1,5.645931832E-1,6.248709405E-1
2.754943037E1,1.070443922E-1,1.815218398E-1,5.592270837E-1,5.976149357E-1
2.755945237E1,5.311224782E-1,1.020701659E-1,5.266978902E-1,7.549305088E-1
2.756947337E1,1.028801222E0,-5.262055546E-2,4.752475818E-1,1.134487171E0
2.757949437E1,1.599761950E0,-2.138996270E-1,3.908073559E-1,1.660638954E0
2.758951537E1,2.117898347E0,-3.664102140E-1,2.367232832E-1,2.162356993E0
2.759953737E1,2.458075320E0,-5.300974613E-1,1.424725988E-1,2.518617883E0
2.760955837E1,2.544274389E0,-6.623930544E-1,4.763076089E-2,2.629518095E0
2.761957937E1,2.312876676E0,-6.782673678E-1,-1.449882902E-2,2.410322667E0
2.762960037E1,1.928093049E0,-5.816880298E-1,-8.198841535E-2,2.015595661E0
2.763962237E1,1.546566321E0,-3.963108283E-1,-1.585600432E-1,1.604391144E0
2.764964337E1,1.233347935E0,-2.066794851E-1,-2.480967754E-1,1.274917860E0
2.765966437E1,1.023789573E0,-8.446946204E-2,-3.173640615E-1,1.075174464E0
2.766968637E1,8.903672218E-1,-4.326939583E-2,-3.760876483E-1,9.675060462E-1
2.767970737E1,8.062123400E-1,-8.349180758E-2,-4.402238564E-1,9.223590748E-1
2.768972837E1,7.804062384E-1,-2.027875784E-1,-5.256465608E-1,9.625284442E-1
2.769974937E1,7.599316281E-1,-3.354690877E-1,-5.944004613E-1,1.021443829E0
2.770977137E1,6.845867461E-1,-4.372489393E-1,-6.688203138E-1,1.052219682E0
2.771979237E1,5.597814363E-1,-4.786443025E-1,-7.738480745E-1,1.068314779E0
2.772981338E1,4.009628731E-1,-4.732736349E-1,-8.903121118E-1,1.085087469E0
2.773983438E1,1.791066474E-1,-3.911603084E-1,-9.442136461E-1,1.037605410E0
2.774985375E1,-8.699838281E-2,-2.681451237E-1,-9.911806749E-1,1.030490008E0
2.775987475E1,-3.538688135E-1,-1.054881558E-1,-1.073592136E0,1.135319763E0
2.776989575E1,-5.444120300E-1,7.113664091E-2,-1.085953077E0,1.216856181E0
2.777991675E1,-5.810191083E-1,2.145676714E-1,-1.039302236E0,1.209864302E0
2.778993875E1,-4.876513535E-1,2.826889032E-1,-9.976536888E-1,1.145875098E0
2.779995975E1,-3.320633769E-1,2.580376267E-1,-9.785853338E-1,1.065119129E0
2.780998075E1,-1.492981267E-1,2.007793522E-1,-9.624891186E-1,9.944785479E-1
2.782000175E1,2.120960534E-2,1.560268101E-1,-9.235111405E-1,9.368388546E-1
2.783002375E1,1.491694880E-1,2.048352733E-1,-8.648488764E-1,9.012061941E-1
2.784004475E1,2.480149144E-1,3.035172701E-1,-7.817008851E-1,8.744657825E-1
2.785006575E1,3.421346211E-1,4.073123646E-1,-7.339799309E-1,9.064689737E-1
2.786008675E1,4.301960278E-1,4.733072564E-1,-7.056104831E-1,9.523521067E-1
2.787010875E1,5.101678115E-1,4.973299572E-1,-6.348585159E-1,9.542817285E-1
2.788012975E1,5.125920671E-1,4.861094427E-1,-5.431607258E-1,8.911097529E-1
2.789015075E1,4.522295058E-1,4.593961456E-1,-4.705212043E-1,7.980893109E-1
2.790017275E1,3.444074339E-1,4.471585080E-1,-4.471973920E-1,7.201060472E-1
2.791019375E1,1.925482267E-1,4.730037859E-1,-4.038081282E-1,6.510517687E-1
2.792021475E1,4.602752745E-2,5.034704107E-1,-3.743616233E-1,6.290847421E-1
2.793023575E1,-7.468297720E-2,5.291589832E-1,-3.693762141E-1,6.496349469E-1
2.794025775E1,-1.628584045E-1,5.540532115E-1,-3.469480491E-1,6.736993171E-1
2.795027875E1,-2.404743451E-1,6.204845980E-1,-3.133973835E-1,7.355589487E-1
2.796029975E1,-3.110794741E-1,7.011866990E-1,-2.474886650E-1,8.060296926E-1
2.797032075E1,-3.695522153E-1,7.974087721E-1,-1.702043346E-1,8.952089729E-1
2.798034275E1,-3.832727069E-1,8.842858252E-1,-8.143124878E-2,9.672075458E-1
2.799036375E1,-3.527139884E-1,9.398241413E-1,-2.007882692E-2,1.004031739E0
2.800038475E1,-3.092545581E-1,9.384991622E-1,-5.233258009E-3,9.881530479E-1
2.801040575E1,-2.652846658E-1,8.565203217E-1,2.910334647E-2,8.971343378E-1
2.802042775E1,-2.431933004E-1,7.637872821E-1,4.512932204E-2,8.028391180E-1
2.803044875E1,-2.423290819E-1,7.237823868E-1,7.174051210E-2,7.666361773E-1
2.804046975E1,-2.734046942E-1,7.614346549E-1,1.046435986E-1,8.157715018E-1
2.805049075E1,-2.855002445E-1,8.395750907E-1,1.353080785E-1,8.970535094E-1
2.806051275E1,-2.541527367E-1,9.030606499E-1,1.617491877E-1,9.519847429E-1
2.807053375E1,-1.399969608E-1,8.870872262E-1,1.790926141E-1,9.157494528E-1
2.808055475E1,1.294515073E-2,7.971640661E-1,1.970113333E-1,8.212500172E-1
2.809057575E1,1.931113136E-1,6.762883776E-1,2.435627713E-1,7.442988464E-1
2.810059775E1,3.398103529E-1,5.466512212E-1,3.167331469E-1,7.173691657E-1
2.811061875E1,4.208422369E-1,4.592064035E-1,3.348034552E-1,7.071577356E-1
2.812063975E1,4.332406729E-1,4.401207992E-1,3.467955098E-1,7.082873176E-1
2.813066175E1,3.762396759E-1,4.468386653E-1,3.030669614E-1,6.580810509E-1
2.814068275E1,2.561062914E-1,4.773953372E-1,2.493329499E-1,5.963754358E-1
2.815070375E1,9.140367508E-2,5.002445018E-1,2.408229122E-1,5.626676359E-1
2.816072475E1,-1.140838552E-1,5.568394098E-1,1.840978307E-1,5.974757447E-1
2.817074675E1,-3.331690854E-1,6.490286583E-1,1.083600157E-1,7.375511723E-1
2.818076775E1,-5.475180709E-1,7.100855765E-1,8.391222239E-2,9.005769401E-1
2.819078875E1,-7.022014832E-1,7.261174724E-1,9.892783564E-2,1.014948385E0
2.820080975E1,-7.368596846E-1,6.978809756E-1,1.192258601E-1,1.021868317E0
2.821083175E1,-6.845458156E-1,5.761606568E-1,9.160949707E-2,8.994200220E-1
2.822085275E1,-6.673503238E-1,4.619896781E-1,1.240866870E-1,8.210897778E-1
2.823087375E1,-6.202919322E-1,4.319250494E-1,1.565299630E-1,7.718956917E-1
2.824089475E1,-5.399377406E-1,4.822491109E-1,1.725992811E-1,7.442361725E-1
2.825091675E1,-4.992586613E-1,5.182319990E-1,1.605686349E-1,7.372963462E-1
2.826093775E1,-4.707371128E-1,5.637777159E-1,1.188604091E-1,7.440205233E-1
2.827095875E1,-4.388779736E-1,5.754896888E-1,7.666978799E-2,7.277915320E-1
2.828097975E1,-4.260737407E-1,5.753616348E-1,1.000318265E-1,7.229012447E-1
2.829100175E1,-4.115457487E-1,5.951199612E-1,1.495121165E-1,7.388447364E-1
2.830102275E1,-4.034274745E-1,6.503776109E-1,1.839416917E-1,7.871336036E-1
2.831104375E1,-4.134186119E-1,7.374973235E-1,2.167936881E-1,8.728211466E-1
2.832106475E1,-4.394077313E-1,8.214887756E-1,2.581545528E-1,9.667299188E-1
2.833108675E1,-4.634941667E-1,8.861773995E-1,2.903002238E-1,1.041350779E0
2.834110775E1,-4.767831337E-1,9.745957786E-1,3.344116187E-1,1.135337051E0
2.835112875E1,-5.086890507E-1,1.044503919E0,3.825704197E-1,1.223157028E0
2.836115075E1,-5.205331707E-1,1.063778681E0,4.049980001E-1,1.251640222E0
2.837117175E1,-4.240248764E-1,1.020067236E0,4.125392272E-1,1.179204340E0
2.838119275E1,-2.496439487E-1,8.579599062E-1,3.929480946E-1,9.761278127E-1
2.839121375E1,-5.626483262E-2,6.188798296E-1,3.930329158E-1,7.352909953E-1
2.840123575E1,1.293936199E-1,3.543523782E-1,3.549160498E-1,5.179514642E-1
2.841125675E1,2.218287438E-1,9.598467618E-2,3.824020930E-1,4.523852455E-1
2.842127775E1,1.836978811E-1,-9.994265646E-2,4.183331966E-1,4.676923236E-1
2.843129875E1,1.111333501E-1,-2.227985045E-1,4.119410936E-1,4.813369503E-1
2.844132075E1,1.868430984E-1,-3.903814593E-1,3.616848598E-1,5.640247911E-1
2.845134175E1,4.457127839E-1,-6.648956627E-1,2.920707607E-1,8.520865316E-1
2.846136275E1,8.300146008E-1,-1.056243374E0,2.484563792E-1,1.366127694E0
2.847138375E1,1.242219331E0,-1.525128674E0,1.726752218E-1,1.974574149E0
2.848140575E1,1.577922015E0,-1.921583051E0,4.810263120E-2,2.486892272E0
2.849142675E1,1.741601953E0,-2.234367281E0,-1.256163917E-1,2.835728123E0
2.850144775E1,1.722959275E0,-2.374138539E0,-2.062342928E-1,2.940689554E0
2.851146875E1,1.548199448E0,-2.261774643E0,-2.332033324E-1,2.750805311E0
2.852149075E1,1.224602255E0,-1.943389657E0,-2.131386119E-1,2.306911812E0
2.853151175E1,8.197123915E-1,-1.509369551E0,-3.155818301E-1,1.746343820E0
2.854153275E1,3.999384409E-1,-9.915641060E-1,-3.932299304E-1,1.139201436E0
2.855155375E1,-8.044014573E-3,-4.896978790E-1,-4.262935960E-1,6.493034336E-1
2.856157575E1,-3.911974382E-1,-3.088820904E-2,-4.034087634E-1,5.627860584E-1
2.857159675E1,-6.756258881E-1,2.940108669E-1,-3.633320204E-1,8.215369058E-1
2.858161775E1,-8.431936401E-1,5.406791675E-1,-3.534262524E-1,1.062176818E0
2.859163875E1,-8.511405909E-1,6.866040355E-1,-3.918260870E-1,1.161633802E0
2.860166075E1,-6.831097394E-1,7.129203066E-1,-4.507110570E-1,1.085373086E0
2.861168175E1,-4.454759717E-1,7.189587262E-1,-3.945426303E-1,9.332815109E-1
2.862170275E1,-2.256510687E-1,7.701475909E-1,-3.016549319E-1,8.573455631E-1
2.863172475E1,-3.435765445E-2,8.100840738E-1,-3.184709394E-1,8.711144554E-1
2.864174575E1,1.409535652E-1,8.409067941E-1,-4.011488876E-1,9.422911301E-1
2.865176675E1,2.819673568E-1,8.107737529E-1,-4.897950889E-1,9.883111341E-1
2.866178775E1,4.464933872E-1,7.093991134E-1,-5.633961850E-1,1.009959756E0
2.867180975E1,5.989607048E-1,5.685335487E-1,-6.133431742E-1,1.028675931E0
2.868183075E1,7.304043585E-1,4.465349025E-1,-6.494631064E-1,1.074563294E0
2.869185175E1,8.367219418E-1,3.068232858E-1,-7.011248647E-1,1.133940127E0
2.870187275E1,9.329659420E-1,1.173723292E-1,-7.694519185E-1,1.215013567E0
2.871189475E1,9.951662832E-1,-1.071318081E-1,-8.457191256E-1,1.310371701E0
2.872191575E1,9.434119928E-1,-3.952089205E-1,-8.394761266E-1,1.323229552E0
2.873193675E1,8.097370416E-1,-7.221501365E-1,-8.146140580E-1,1.356750146E0
2.874195775E1,6.962437552E-1,-9.212551385E-1,-8.012521470E-1,1.405514639E0
2.875197904E1,6.834307516E-1,-9.740160272E-1,-7.614103889E-1,1.412632505E0
2.876200004E1,7.188935298E-1,-8.369803888E-1,-6.155878472E-1,1.263444687E0
2.877202104E1,7.559654617E-1,-5.011063814E-1,-3.937936020E-1,9.887693289E-1
2.878204204E1,7.313785046E-1,-5.479922801E-2,-2.271690059E-1,7.678041610E-1
2.879206404E1,5.805992782E-1,3.508797169E-1,-1.254958659E-1,6.898994926E-1
2.880208504E1,3.162794030E-1,6.164011949E-1,-4.939618148E-2,6.945668266E-1
2.881210604E1,-5.808624029E-3,7.967038903E-1,-5.089489594E-3,7.967413205E-1
2.882212704E1,-2.975536948E-1,9.102480474E-1,2.067977451E-2,9.578712660E-1
2.883214904E1,-5.611186945E-1,9.575990921E-1,3.462253332E-2,1.110427364E0
2.884217004E1,-7.899295986E-1,9.489443359E-1,3.464877270E-2,1.235186083E0
2.885219104E1,-9.448012912E-1,8.939135581E-1,1.353973947E-2,1.300736043E0
2.886221304E1,-1.039655408E0,7.715222713E-1,-1.810590327E-2,1.294780988E0
2.887223404E1,-1.089728624E0,5.882336953E-1,-9.398697495E-2,1.241918237E0
2.888225504E1,-1.069285004E0,3.932579970E-1,-1.517628012E-1,1.149371228E0
2.889227604E1,-9.967093635E-1,1.956443274E-1,-1.419511733E-1,1.025600504E0
2.890229804E1,-9.034994835E-1,-1.081939548E-2,-1.121607059E-1,9.104989840E-1
2.891231904E1,-8.220635569E-1,-2.162253571E-1,-8.315033019E-2,8.540818895E-1
2.892234004E1,-7.425256366E-1,-4.211021456E-1,-4.963299371E-2,8.550641918E-1
2.893236104E1,-6.366992193E-1,-5.772581792E-1,2.603180408E-2,8.598200720E-1
2.894238304E1,-5.020875442E-1,-6.712548020E-1,1.476420490E-1,8.511598475E-1
2.895240404E1,-3.882785082E-1,-7.299362889E-1,2.356351894E-1,8.597040934E-1
2.896242504E1,-3.315073067E-1,-7.792669085E-1,2.824134994E-1,8.926989379E-1
2.897244604E1,-3.675793648E-1,-7.645854270E-1,4.020902163E-1,9.388194750E-1
2.898246804E1,-4.176824015E-1,-6.938613072E-1,4.406526035E-1,9.219961058E-1
2.899248904E1,-4.420804936E-1,-6.162898055E-1,4.413672063E-1,8.775268075E-1
2.900251004E1,-4.236828142E-1,-5.718389797E-1,4.465436733E-1,8.401834311E-1
2.901253104E1,-3.743849391E-1,-5.400058606E-1,4.819888368E-1,8.149132781E-1
2.902255304E1,-3.377766913E-1,-5.566522989E-1,5.347606158E-1,8.425697545E-1
2.903257404E1,-3.334047282E-1,-5.691808355E-1,5.956400710E-1,8.887702912E-1
2.904259504E1,-3.661292553E-1,-5.505589154E-1,6.351450294E-1,9.168287514E-1
2.905261604E1,-4.138799572E-1,-4.451400492E-1,6.397789478E-1,8.824757132E-1
2.906263804E1,-4.972548205E-1,-2.705483294E-1,6.600945139E-1,8.695881337E-1
2.907265904E1,-5.770394933E-1,-1.121551511E-1,6.352151229E-1,8.654776757E-1
2.908268004E1,-6.192622375E-1,1.320330530E-2,5.835965244E-1,8.510258218E-1
2.909270104E1,-6.454981095E-1,8.570614815E-2,5.478788441E-1,8.509903531E-1
2.910272304E1,-6.494695383E-1,1.159096482E-1,5.368000516E-1,8.505292606E-1
2.911274404E1,-6.289376253E-1,1.301230600E-1,5.790977132E-1,8.647824632E-1
2.912276504E1,-5.969457543E-1,1.386100012E-1,6.386516047E-1,8.851174149E-1
2.913278704E1,-5.749157846E-1,1.659799406E-1,7.041322339E-1,9.240561145E-1
2.914280804E1,-5.483045214E-1,1.855765915E-1,7.034668207E-1,9.110115737E-1
2.915282904E1,-5.368112344E-1,1.746148163E-1,6.321009690E-1,8.474716930E-1
2.916285004E1,-5.256319427E-1,1.334156272E-1,5.188660564E-1,7.505402410E-1
2.917287204E1,-5.567297745E-1,6.923191041E-2,4.340049406E-1,7.092964032E-1
2.918289304E1,-6.230073792E-1,-4.437919736E-2,3.409417526E-1,7.115820306E-1
2.919291404E1,-6.949965441E-1,-1.897234368E-1,2.202704243E-1,7.533486833E-1
2.920293504E1,-8.050838274E-1,-3.797415733E-1,1.502763293E-1,9.027439320E-1
2.921295704E1,-9.519968748E-1,-5.690460572E-1,1.362424270E-1,1.117440586E0
2.922297804E1,-1.134347557E0,-7.482842669E-1,1.579800725E-1,1.368075812E0
2.923299904E1,-1.216907319E0,-7.052502215E-1,1.242170799E-1,1.411974214E0
2.924302004E1,-1.412078606E0,-7.476749870E-1,2.649157065E-1,1.619618538E0
2.925304204E1,-1.538768474E0,-8.632729787E-1,3.548201555E-1,1.799707197E0
2.926306304E1,-1.403677327E0,-6.824484193E-1,3.786967490E-1,1.606068838E0
2.927308404E1,-1.170120238E0,-6.368956858E-1,3.825446920E-1,1.386058414E0
2.928310504E1,-7.720125604E-1,-4.400351375E-1,4.462279236E-1,9.943609382E-1
2.929312704E1,-3.535600805E-1,-1.724753201E-1,5.177007794E-1,6.502050166E-1
2.930314804E1,-4.940897226E-3,6.705586910E-3,4.926869025E-1,4.927573046E-1
2.931316904E1,2.948709923E-1,7.768523008E-2,3.703502872E-1,4.797324591E-1
2.932319004E1,5.821920598E-1,9.545579553E-4,1.894707640E-1,6.122480511E-1
2.933321204E1,9.250792176E-1,-1.640760872E-1,3.078544423E-2,9.400214172E-1
2.934323304E1,1.345150207E0,-4.228317520E-1,-4.864072122E-2,1.410879757E0
2.935325404E1,1.927904769E0,-6.332113552E-1,-4.993446153E-1,2.089765169E0
2.936327504E1,2.475697074E0,-9.377840477E-1,1.151001012E-1,2.649860931E0
2.937329704E1,2.907674748E0,-1.018196127E0,-1.103081618E-1,3.082768834E0
2.938331804E1,3.155514246E0,-9.859344068E-1,1.790008128E-2,3.306003210E0
2.939333904E1,3.031591866E0,-7.517838255E-1,7.610494696E-2,3.124343151E0
2.940336004E1,2.616531356E0,-4.807551473E-1,1.296444654E-2,2.660362743E0
2.941338204E1,2.091380639E0,-2.653828990E-1,-9.691701472E-2,2.110377684E0
2.942340304E1,1.631450350E0,-1.456623280E-1,-2.416186452E-1,1.655665222E0
2.943342404E1,1.224419822E0,-1.093242216E-1,-4.049068201E-1,1.294258559E0
2.944344504E1,8.559961188E-1,-1.431249288E-1,-6.070673577E-1,1.059124581E0
2.945346704E1,4.912760425E-1,-1.865358272E-1,-7.868399298E-1,9.461843583E-1
2.946348804E1,1.244223171E-1,-1.611805460E-1,-9.562209765E-1,9.776597758E-1
2.947350904E1,-2.046811992E-1,-1.150261340E-1,-1.126073747E0,1.150290176E0
2.948353104E1,-4.079929805E-1,-5.131954998E-2,-1.226630069E0,1.293720717E0
2.949355204E1,-4.389270902E-1,-1.041096747E-2,-1.207436584E0,1.284783438E0
2.950357304E1,-4.133425981E-1,4.676573843E-2,-1.154445607E0,1.227103825E0
2.951359404E1,-3.971417177E-1,1.218249840E-1,-1.144878393E0,1.217911904E0
2.952361604E1,-4.298890489E-1,1.830517638E-1,-1.137068852E0,1.229324252E0
2.953363704E1,-4.761042720E-1,2.616918442E-1,-1.120286758E0,1.245070407E0
2.954365804E1,-4.784601152E-1,3.440425676E-1,-1.161223846E0,1.302202054E0
2.955367904E1,-4.380196023E-1,4.181302983E-1,-1.138252986E0,1.289307558E0
2.956370104E1,-3.730371559E-1,5.019302541E-1,-1.024272553E0,1.200093731E0
2.957372204E1,-2.462040317E-1,6.051362416E-1,-9.259549843E-1,1.133225013E0
2.958374304E1,-7.709904671E-2,6.027818602E-1,-8.426643209E-1,1.038928964E0
2.959376404E1,9.977747262E-2,4.529709327E-1,-6.912187312E-1,8.324190917E-1
2.960378604E1,2.507613516E-1,2.827733955E-1,-4.903119097E-1,6.190701232E-1
2.961380704E1,3.487834901E-1,1.563811514E-1,-2.682861878E-1,4.669930042E-1
2.962382804E1,3.597306472E-1,9.773591727E-2,-1.166583842E-1,3.905990613E-1
2.963384904E1,2.964169961E-1,4.129596055E-2,-1.868945539E-2,2.998627814E-1
2.964387104E1,2.357211435E-1,1.448472261E-2,-2.123723343E-2,2.371187145E-1
2.965389204E1,1.960787755E-1,1.164560705E-2,-4.600413859E-2,2.017396519E-1
2.966391304E1,1.553359616E-1,3.279147774E-2,-3.648721039E-2,1.628983072E-1
2.967393404E1,1.141990453E-1,8.379732460E-2,-1.056189872E-2,1.420386119E-1
2.968395604E1,5.498253822E-2,1.874079394E-1,-1.343324706E-2,1.957684025E-1
2.969397704E1,-4.871900082E-3,3.039256981E-1,-6.314824797E-2,3.104549349E-1
2.970399804E1,-1.232938045E-1,4.342572114E-1,-1.238405192E-1,4.680995215E-1
2.971401904E1,-2.213668138E-1,5.559836698E-1,-1.617386627E-1,6.199036234E-1
2.972404104E1,-2.629633212E-1,6.114456797E-1,-1.925295887E-1,6.928803432E-1
2.973406204E1,-3.366668898E-1,6.416339770E-1,-2.025552978E-1,7.523745103E-1
2.974408304E1,-3.811349648E-1,6.152794066E-1,-1.902199385E-1,7.483423245E-1
2.975410362E1,-4.090805626E-1,5.734665522E-1,-2.065879762E-1,7.340908562E-1
2.976412562E1,-4.458852768E-1,5.661487618E-1,-2.355141521E-1,7.581589651E-1
2.977414662E1,-4.489462942E-1,5.817836317E-1,-2.185688480E-1,7.666794053E-1
2.978416763E1,-4.111808825E-1,6.205433625E-1,-1.947163012E-1,7.694531960E-1
2.979418863E1,-3.418375826E-1,6.229532924E-1,-1.778424063E-1,7.324968661E-1
2.980421062E1,-2.718054807E-1,7.031896627E-1,-1.503599811E-1,7.687405576E-1
2.981423162E1,-2.386552763E-1,7.964632773E-1,-1.148523255E-1,8.393456676E-1
2.982425262E1,-1.850053185E-1,8.139707181E-1,-8.456360221E-2,8.390031589E-1
2.983427362E1,-1.770577830E-1,9.195688015E-1,-8.644530930E-2,9.404408704E-1
2.984429563E1,-1.863601184E-1,9.584139016E-1,-4.616954170E-2,9.774553326E-1
2.985431663E1,-1.989029807E-1,9.526690122E-1,2.299885333E-2,9.734832253E-1
2.986433762E1,-2.171468782E-1,8.779184997E-1,4.940846063E-2,9.057233876E-1
2.987435962E1,-2.492001450E-1,8.923698932E-1,6.771251142E-2,9.289831660E-1
2.988438062E1,-2.493387240E-1,9.415990636E-1,3.589832269E-2,9.747139505E-1
2.989440162E1,-2.610653150E-1,9.702097821E-1,-5.494043827E-3,1.004734942E0
2.990442262E1,-2.838267714E-1,9.485838550E-1,-2.787199594E-2,9.905280482E-1
2.991444462E1,-3.558609599E-1,9.182116628E-1,-2.583182931E-2,9.850974387E-1
2.992446562E1,-4.273209518E-1,8.921541309E-1,2.997575104E-2,9.896669818E-1
2.993448662E1,-4.702687508E-1,8.253596324E-1,8.855264582E-2,9.540507281E-1
2.994450762E1,-4.959263331E-1,8.510838729E-1,1.442525643E-1,9.955377888E-1
2.995452962E1,-5.168166804E-1,9.393484703E-1,2.638877660E-1,1.104133951E0
2.996455062E1,-5.299653143E-1,1.007089341E0,3.875054332E-1,1.202186606E0
2.997457162E1,-4.686911720E-1,9.839884534E-1,4.323781355E-1,1.172542342E0
2.998459263E1,-4.211421990E-1,9.784508479E-1,4.251480534E-1,1.146942754E0
2.999461462E1,-3.637324816E-1,1.068414061E0,4.432732525E-1,1.212559731E0
3.000463562E1,-2.696864498E-1,1.019243363E0,4.922477766E-1,1.163570233E0
3.001465662E1,-1.967740095E-1,9.910945746E-1,5.733715349E-1,1.161784569E0
3.002467762E1,-1.413897675E-1,1.028939216E0,7.032767131E-1,1.254314599E0
3.003469963E1,-1.358132780E-1,1.107049831E0,8.526146740E-1,1.403907532E0
3.004472063E1,-1.380474991E-1,1.198631554E0,8.218577349E-1,1.459871519E0
3.005474163E1,-1.606078112E-1,1.378803272E0,8.812128210E-1,1.644210864E0
3.006476262E1,-2.291950661E-1,1.558783493E0,8.501512420E-1,1.790277490E0
3.007478462E1,-3.606241018E-1,1.703096868E0,7.427794057E-1,1.892699113E0
3.008480562E1,-4.389534026E-1,1.709388472E0,7.074109139E-1,1.901346691E0
3.009482662E1,-4.511483556E-1,1.527128129E0,5.953519495E-1,1.700029149E0
3.010484762E1,-3.864214325E-1,1.152739390E0,5.442396833E-1,1.332038459E0
3.011486962E1,-2.781304139E-1,7.604216248E-1,4.878665310E-1,9.453101748E-1
3.012489062E1,-1.865437210E-1,5.094456804E-1,4.111955005E-1,6.807460618E-1
3.013491162E1,-1.338819426E-1,3.630410483E-1,1.697125107E-1,4.225227966E-1
3.014493262E1,-2.063482404E-3,2.323288813E-1,-1.806745782E-2,2.330394818E-1
3.015495462E1,2.696730012E-1,-1.109629038E-1,-3.583890036E-2,2.938038808E-1
3.016497562E1,7.605841774E-1,-5.745702142E-1,1.259922945E-1,9.615057359E-1
3.017499662E1,1.445304240E0,-1.041754266E0,2.624943745E-1,1.800849687E0
3.018501762E1,2.275365034E0,-1.468263040E0,3.180518402E-1,2.726580159E0
3.019503962E1,3.014677041E0,-1.758864395E0,2.967374235E-1,3.502846659E0
3.020506062E1,3.481198896E0,-1.964514478E0,3.242396562E-1,4.010385797E0
3.021508162E1,3.630699921E0,-2.102316102E0,3.509041290E-1,4.210088908E0
3.022510362E1,3.348222687E0,-2.019276869E0,2.028451735E-1,3.915254832E0
3.023512463E1,2.822521747E0,-1.602360160E0,9.962749153E-2,3.247169957E0
3.024514563E1,2.283237140E0,-1.049842720E0,-6.281853810E-2,2.513819354E0
3.025516663E1,1.786128500E0,-6.267308861E-1,-2.797229031E-1,1.913450163E0
3.026518862E1,1.350513273E0,-2.613848653E-1,-4.090795393E-1,1.435114705E0
3.027520962E1,8.827231568E-1,-1.040512025E-3,-4.546610704E-1,9.929340075E-1
3.028523062E1,3.814618242E-1,2.007644418E-1,-5.286888671E-1,6.821520377E-1
3.029525162E1,-1.094306409E-1,3.723889920E-1,-7.000615485E-1,8.004591172E-1
3.030527362E1,-6.061095107E-1,4.124254623E-1,-8.537656984E-1,1.125335225E0
3.031529462E1,-1.005203029E0,3.610000777E-1,-9.863051203E-1,1.453806031E0
3.032531562E1,-1.327350698E0,2.906946185E-1,-1.060352798E0,1.723575148E0
3.033533662E1,-1.507714496E0,2.660021192E-1,-1.099811124E0,1.885084783E0
3.034535862E1,-1.529046308E0,2.087733731E-1,-1.168639431E0,1.935791067E0
3.035537962E1,-1.386101182E0,6.539204389E-2,-1.211644532E0,1.842182151E0
3.036540062E1,-1.194090314E0,-1.019131681E-1,-1.152422470E0,1.662623085E0
3.037542162E1,-9.399790925E-1,-2.347148377E-1,-1.009676880E0,1.399320961E0
3.038544362E1,-6.408220911E-1,-3.517857429E-1,-8.558668953E-1,1.125572878E0
3.039546462E1,-3.510399306E-1,-4.842590913E-1,-7.267324533E-1,9.412098379E-1
3.040548562E1,-1.005317634E-1,-6.342790568E-1,-6.512201947E-1,9.146060897E-1
3.041550662E1,8.562311769E-2,-8.166829491E-1,-5.854306863E-1,1.008479770E0
3.042552862E1,2.407936031E-1,-9.946894428E-1,-5.045812355E-1,1.141048145E0
3.043554963E1,4.040426016E-1,-1.132491651E0,-4.093970431E-1,1.270194356E0
3.044557063E1,5.839573342E-1,-1.115871525E0,-3.464473812E-1,1.306216375E0
3.045559163E1,6.879594201E-1,-9.542924917E-1,-2.924964380E-1,1.212236153E0
3.046561362E1,6.630532050E-1,-7.721040693E-1,-2.517470460E-1,1.048408709E0
3.047563462E1,4.654868978E-1,-6.443239886E-1,-2.802465212E-1,8.428342464E-1
3.048565562E1,1.131442076E-1,-5.327450806E-1,-2.205487883E-1,5.875888874E-1
3.049567662E1,-1.959647548E-1,-2.101334354E-1,-2.050792484E-1,3.530095522E-1
3.050569862E1,-4.864035577E-1,1.056591868E-2,-1.479608685E-1,5.085198896E-1
3.051571962E1,-7.007531279E-1,9.985260934E-2,-1.575497174E-1,7.251533654E-1
3.052574062E1,-8.640459806E-1,5.234982938E-2,-5.886333525E-2,8.676294448E-1
3.053576162E1,-8.994619811E-1,1.004010782E-1,-8.072665930E-3,9.050841949E-1
3.054578362E1,-9.062991303E-1,1.014424673E-1,1.596465290E-2,9.120984365E-1
3.055580462E1,-8.698160130E-1,-1.467621893E-2,1.099685848E-2,8.700093211E-1
3.056582562E1,-7.781369340E-1,-1.568194002E-1,3.745565549E-2,7.946649222E-1
3.057584662E1,-6.410349298E-1,-3.019972864E-1,8.620652363E-2,7.138345094E-1
3.058586862E1,-5.132908094E-1,-4.549048993E-1,1.735914074E-1,7.074884445E-1
3.059588962E1,-3.715437770E-1,-5.861304519E-1,2.878910248E-1,7.513154644E-1
3.060591062E1,-2.560004568E-1,-7.294413221E-1,3.709128624E-1,8.574364278E-1
3.061593162E1,-1.942579526E-1,-8.286288106E-1,4.320718145E-1,9.544882979E-1
3.062595362E1,-1.217723590E-1,-8.223553330E-1,4.316461372E-1,9.367044298E-1
3.063597463E1,-6.489298403E-2,-6.858202162E-1,3.969918828E-1,7.950868024E-1
3.064599563E1,-7.777732372E-2,-5.100663623E-1,3.808624846E-1,6.413058851E-1
3.065601663E1,-1.379153520E-1,-4.478347385E-1,3.524229433E-1,5.863262984E-1
3.066603862E1,-2.324046028E-1,-4.657339427E-1,2.856592888E-1,5.937349863E-1
3.067605962E1,-3.217214066E-1,-4.998559543E-1,2.323139709E-1,6.382244273E-1
3.068608062E1,-3.590161175E-1,-4.551952136E-1,1.650112031E-1,6.027635956E-1
3.069610162E1,-3.572093278E-1,-2.778266510E-1,1.734428881E-1,4.846324250E-1
3.070612362E1,-3.654375297E-1,-4.103839070E-2,2.173152781E-1,4.271471265E-1
3.071614462E1,-4.064136475E-1,1.292570874E-1,2.615044409E-1,5.002639505E-1
3.072616562E1,-4.820713556E-1,1.673578370E-1,3.028495181E-1,5.933963836E-1
3.073618662E1,-5.705818284E-1,9.546661288E-2,3.003363848E-1,6.518277695E-1
3.074620862E1,-5.816184479E-1,3.381386340E-2,2.916347046E-1,6.515168434E-1
3.075623025E1,-5.671109211E-1,2.333039045E-2,2.517202950E-1,6.209043492E-1
3.076625125E1,-5.673377931E-1,1.421215466E-1,4.356409550E-2,5.864883084E-1
3.077627225E1,-6.641442955E-1,1.610826051E-1,1.906630844E-1,7.094981766E-1
3.078629425E1,-7.642375177E-1,1.618351418E-1,1.246117669E-1,7.910611159E-1
3.079631525E1,-7.918890005E-1,2.158292082E-1,-3.463934407E-2,8.215049120E-1
3.080633625E1,-8.766315275E-1,2.591880664E-1,-7.940299585E-2,9.175871210E-1
3.081635825E1,-9.737754142E-1,2.101767048E-1,8.197650164E-3,9.962329075E-1
3.082637925E1,-1.068487444E0,2.029948622E-2,2.121327446E-1,1.089530995E0
3.083640025E1,-1.176943354E0,-6.183430552E-4,3.889263797E-1,1.239540144E0
3.084642125E1,-1.197012752E0,-1.145501706E-1,5.794112702E-1,1.334795374E0
3.085644325E1,-1.208125386E0,-1.222237641E-1,7.441242653E-1,1.424158179E0
3.086646425E1,-1.095139053E0,-2.095989999E-1,8.247094220E-1,1.386869466E0
3.087648525E1,-9.006472117E-1,-2.658620784E-1,9.105177502E-1,1.308010175E0
3.088650625E1,-7.194829291E-1,-2.416870576E-1,1.031281172E0,1.280472247E0
3.089652825E1,-5.173499465E-1,-1.750723609E-1,1.054714181E0,1.187738735E0
3.090654925E1,-3.281790715E-1,-1.368923816E-1,9.313211203E-1,9.968952082E-1
3.091657025E1,-2.461022902E-1,-1.765113607E-1,8.495043938E-1,9.018759963E-1
3.092659125E1,-3.093025053E-1,-2.061207837E-1,9.037374651E-1,9.771874043E-1
3.093661325E1,-4.685052305E-1,-1.264185566E-1,9.359912914E-1,1.054304747E0
3.094663425E1,-6.443994176E-1,3.962950408E-2,7.081399155E-1,9.582709674E-1
3.095665525E1,-8.527029669E-1,2.079179254E-1,4.672574347E-1,9.943147006E-1
3.096667625E1,-1.061502360E0,4.468041667E-1,5.358008355E-1,1.270237678E0
3.097669825E1,-1.262515601E0,5.952319354E-1,7.643081228E-1,1.591355902E0
3.098671925E1,-1.196137424E0,6.431501600E-1,6.048927051E-1,1.486701736E0
3.099674025E1,-8.874687570E-1,6.301132080E-1,6.128186059E-1,1.249075696E0
3.100676125E1,-4.478832704E-1,6.389284703E-1,6.136448175E-1,9.926676060E-1
3.101678325E1,-2.579557657E-2,6.173662779E-1,6.326722419E-1,8.843532657E-1
3.102680425E1,3.466048175E-1,6.808103219E-1,6.031502348E-1,9.733590292E-1
3.103682525E1,6.610353309E-1,5.045927837E-1,7.490540528E-1,1.119224535E0
3.104684625E1,1.030930778E0,4.868771821E-2,9.026988535E-1,1.371150605E0
3.105686825E1,1.522185770E0,-4.259237596E-1,6.397138976E-1,1.705196305E0
3.106688925E1,2.149803094E0,-7.824401924E-1,1.273248604E0,2.618210841E0
3.107691025E1,2.622484991E0,-9.370703951E-1,8.106527156E-1,2.900463114E0
3.108693125E1,2.938917591E0,-1.028008924E0,6.885470653E-1,3.188751482E0
3.109695325E1,3.019868783E0,-1.005167653E0,5.025009423E-1,3.222185078E0
3.110697425E1,2.845300160E0,-9.209695020E-1,2.992964575E-1,3.005577514E0
3.111699525E1,2.451407155E0,-8.091900346E-1,-7.567071810E-2,2.582617202E0
3.112701625E1,1.837471731E0,-7.261660042E-1,-4.539152580E-1,2.027229264E0
3.113703825E1,1.155829643E0,-7.125226960E-1,-7.071768790E-1,1.530924523E0
3.114705925E1,5.948565441E-1,-7.257666394E-1,-8.442160258E-1,1.262256797E0
3.115708025E1,1.697879398E-1,-6.424186733E-1,-1.013443656E0,1.211857145E0
3.116710125E1,-1.603212976E-1,-5.086998680E-1,-9.848307449E-1,1.119986638E0
3.117712325E1,-3.564895356E-1,-2.991862375E-1,-7.836678153E-1,9.114452471E-1
3.118714425E1,-3.460306209E-1,-1.929125082E-1,-8.441519988E-1,9.324939804E-1
3.119716525E1,-3.121232021E-1,-9.004741341E-2,-1.127284706E0,1.173158232E0
3.120718625E1,-3.204782885E-1,-3.057216704E-2,-1.283217814E0,1.322984864E0
3.121720825E1,-3.226055056E-1,-7.101209521E-2,-1.198323698E0,1.243019193E0
3.122722925E1,-3.238649958E-1,-2.053507054E-1,-9.970204353E-1,1.068226191E0
3.123725025E1,-3.380936104E-1,-3.654889852E-1,-7.219396368E-1,8.769756706E-1
3.124727125E1,-3.629296589E-1,-4.391215101E-1,-5.039887664E-1,7.606249500E-1
3.125729325E1,-3.594464725E-1,-3.299311897E-1,-4.024109361E-1,6.324483521E-1
3.126731425E1,-3.108175188E-1,-8.214431673E-2,-3.451935920E-1,4.717137212E-1
3.127733525E1,-2.374361318E-1,8.681887329E-2,-2.280877496E-1,3.404958957E-1
3.128735625E1,-1.257899809E-1,6.676584721E-2,-1.684536052E-1,2.205842577E-1
3.129737825E1,3.021139383E-2,-6.078005254E-2,-2.479314454E-1,2.570543614E-1
3.130739925E1,2.214767414E-1,-1.163531595E-1,-3.747886893E-1,4.506179827E-1
3.131742025E1,3.916622919E-1,-6.072362691E-2,-4.440545136E-1,5.952067882E-1
3.132744125E1,4.844646209E-1,4.081795067E-2,-3.969054902E-1,6.276193450E-1
3.133746325E1,5.641048676E-1,6.977599382E-2,-3.572783250E-1,6.713648728E-1
3.134748425E1,5.998120594E-1,4.064691961E-2,-2.853368148E-1,6.654650829E-1
3.135750525E1,5.798251069E-1,1.982235342E-2,-1.809732248E-1,6.077346364E-1
3.136752625E1,5.077213365E-1,5.833884001E-2,-1.204071803E-1,5.250545351E-1
3.137754825E1,3.862623882E-1,1.956051511E-1,-1.369967544E-1,4.541234616E-1
3.138756925E1,2.067253858E-1,3.627004480E-1,-1.340335317E-1,4.384654921E-1
3.139759025E1,4.552642107E-3,5.846563688E-1,-2.007816911E-2,5.850187424E-1
3.140761125E1,-1.210414571E-1,6.402718681E-1,3.770793360E-1,7.528531896E-1
3.141763325E1,-2.238074416E-1,8.707001120E-1,-1.257969975E-2,8.990921559E-1
3.142765425E1,-3.055041540E-1,8.919214118E-1,6.157702804E-2,9.448006791E-1
3.143767525E1,-3.349127251E-1,8.936749917E-1,1.533071239E-1,9.666046754E-1
3.144769625E1,-3.577613050E-1,9.403194004E-1,5.583930150E-2,1.007626793E0
3.145771825E1,-3.671069098E-1,9.738666308E-1,-8.677794278E-2,1.044372591E0
3.146773925E1,-3.313003153E-1,9.083477023E-1,-1.653183281E-2,9.670205524E-1
3.147776025E1,-2.965058738E-1,8.645099571E-1,-3.524073020E-2,9.146229323E-1
3.148778125E1,-2.197237462E-1,8.054589263E-1,-7.049695551E-2,8.378618187E-1
3.149780325E1,-1.568872279E-1,7.199021745E-1,-3.852730393E-2,7.378055952E-1
3.150782425E1,-1.496641624E-1,6.564172000E-1,-5.313437954E-2,6.753563239E-1
3.151784525E1,-1.701165533E-1,5.986958259E-1,-7.567466497E-2,6.269792569E-1
3.152786625E1,-2.178953218E-1,6.031552050E-1,1.113064277E-1,6.508945332E-1
3.153788825E1,-2.551298064E-1,6.320009816E-1,2.560560054E-1,7.280667117E-1
3.154790925E1,-2.658992082E-1,7.734451282E-1,3.959136562E-1,9.086624117E-1
3.155793025E1,-2.393931949E-1,8.663284412E-1,4.546081531E-1,1.007225219E0
3.156795125E1,-1.877628654E-1,8.792423093E-1,4.280647177E-1,9.957717282E-1
3.157797325E1,-1.233388281E-1,8.272482830E-1,3.891452117E-1,9.224891241E-1
3.158799425E1,-7.856026590E-2,7.853459662E-1,3.963728088E-1,8.832051888E-1
3.159801525E1,-8.178091228E-2,8.137151948E-1,4.921287127E-1,9.544690700E-1
3.160803625E1,-1.005732787E-1,8.711532712E-1,6.126906981E-1,1.069772358E0
3.161805825E1,-1.068777466E-1,9.116396847E-1,6.826793844E-1,1.143923472E0
3.162807925E1,-9.271812916E-2,9.579774070E-1,6.602833790E-1,1.167172440E0
3.163810025E1,-9.359462678E-2,9.588916191E-1,7.251453727E-1,1.205847794E0
3.164812125E1,-1.268313700E-1,1.038599986E0,6.088103396E-1,1.210547875E0
3.165814325E1,-1.849813449E-1,9.995782998E-1,4.098741759E-1,1.096071036E0
3.166816425E1,-2.157599187E-1,8.221512651E-1,3.884966093E-1,9.345665630E-1
3.167818525E1,-2.536323345E-1,6.584888685E-1,2.676650673E-1,7.547062602E-1
3.168820725E1,-2.770884401E-1,5.397161311E-1,3.263260889E-1,6.888833153E-1
3.169822825E1,-2.690543658E-1,5.411080608E-1,3.817318925E-1,7.147778836E-1
3.170824925E1,-2.478669798E-1,6.184293017E-1,4.204106393E-1,7.878057797E-1
3.171827025E1,-2.199798542E-1,6.734203184E-1,3.974533743E-1,8.123147458E-1
3.172829125E1,-1.894585580E-1,6.658168915E-1,3.589061898E-1,7.797565846E-1
3.173831325E1,-1.868583012E-1,5.527650699E-1,3.360131711E-1,6.733276308E-1
3.174833425E1,-2.177473873E-1,4.083142850E-1,3.389327589E-1,5.735938416E-1
3.175835525E1,-2.440037245E-1,2.761283273E-1,3.687645954E-1,5.213175591E-1
3.176837625E1,-2.920093650E-1,2.307179734E-1,4.441767204E-1,5.794766703E-1
3.177839825E1,-3.481823963E-1,3.433198518E-1,5.251851424E-1,7.175785222E-1
3.178841925E1,-4.051295990E-1,5.864386001E-1,6.144539990E-1,9.410600090E-1
3.179844025E1,-4.892441350E-1,8.374239001E-1,6.889545431E-1,1.189662546E0
3.180846125E1,-5.851764786E-1,1.022965116E0,7.268363144E-1,1.384622753E0
3.181848325E1,-6.873273361E-1,1.119582753E0,7.437740902E-1,1.509663640E0
3.182850425E1,-8.062316358E-1,1.112335422E0,7.872387830E-1,1.583364911E0
3.183852525E1,-8.675449544E-1,1.057292365E0,8.523375160E-1,1.611515012E0
3.184854625E1,-9.613951045E-1,1.051243420E0,8.622250845E-1,1.665180282E0
3.185856825E1,-8.730442607E-1,1.021398354E0,9.258901533E-1,1.631788422E0
3.186858925E1,-6.739641094E-1,9.248184317E-1,9.573225919E-1,1.491972955E0
3.187861025E1,-3.571397460E-1,8.476916108E-1,1.020309822E0,1.373740149E0
3.188863125E1,-6.781951547E-2,6.951555884E-1,1.008159454E0,1.226469023E0
3.189865325E1,6.533094049E-2,5.110995653E-1,9.822081956E-1,1.109154560E0
3.190867425E1,1.205093604E-1,3.807499257E-1,8.701275234E-1,9.574000829E-1
3.191869525E1,2.447580153E-1,2.637614661E-1,7.100566328E-1,7.960257652E-1
3.192871725E1,6.194183582E-1,4.948557079E-2,4.737870204E-1,7.814103051E-1
3.193873825E1,1.230652953E0,-2.774226084E-1,2.400603622E-1,1.284172486E0
3.194875925E1,1.886258560E0,-7.146355873E-1,9.700296879E-2,2.019426887E0
3.195878025E1,2.328326190E0,-1.157901896E0,-2.723399162E-2,2.600496363E0
3.196880225E1,2.646438695E0,-1.629230163E0,-2.052467711E-1,3.114507172E0
3.197882325E1,2.735000623E0,-2.076400073E0,-4.475014472E-1,3.462935635E0
3.198884425E1,2.591642098E0,-2.380579832E0,-6.436233459E-1,3.577432056E0
3.199886525E1,2.169668425E0,-2.387738578E0,-8.015528400E-1,3.324341070E0
3.200888725E1,1.535580572E0,-2.037036032E0,-9.955340731E-1,2.738359286E0
3.201890825E1,8.889165276E-1,-1.553194140E0,-1.239096918E0,2.176682292E0
3.202892925E1,3.675355107E-1,-9.910904816E-1,-1.365398676E0,1.726747300E0
3.203895025E1,-2.028808415E-2,-3.365367892E-1,-1.316315978E0,1.358806966E0
3.204897225E1,-1.078945774E-1,2.343935332E-1,-1.202564099E0,1.229935763E0
3.205899325E1,-4.488205791E-2,6.861809894E-1,-1.068965600E0,1.271041385E0
3.206901425E1,1.671344733E-1,1.004439090E0,-9.651947714E-1,1.403008469E0
3.207903525E1,4.335628545E-1,1.094776818E0,-8.744459845E-1,1.466686336E0
3.208905725E1,6.255398083E-1,9.684529862E-1,-7.936987138E-1,1.399699570E0
3.209907825E1,6.810760778E-1,6.763231686E-1,-7.211656116E-1,1.200565488E0
3.210909925E1,6.294995427E-1,3.534650633E-1,-6.938060510E-1,1.001286204E0
3.211912025E1,5.247835118E-1,5.880427837E-2,-6.973213971E-1,8.747072700E-1
3.212914225E1,4.218397719E-1,-1.682700026E-1,-7.692259236E-1,8.932928458E-1
3.213916325E1,3.530940574E-1,-3.351626936E-1,-8.045219100E-1,9.403536293E-1
3.214918425E1,2.907761872E-1,-4.328933483E-1,-8.453952630E-1,9.932978369E-1
3.215920525E1,2.302335316E-1,-4.932588333E-1,-8.203485686E-1,9.845219803E-1
3.216922725E1,1.495887333E-1,-5.412785071E-1,-8.200987463E-1,9.939422343E-1
3.217924825E1,1.961214602E-2,-5.813845593E-1,-8.072461277E-1,9.950070114E-1
3.218926925E1,-1.574801356E-1,-6.013498771E-1,-7.773786964E-1,9.953588827E-1
3.219929025E1,-3.682132030E-1,-5.838348350E-1,-7.192582498E-1,9.968833971E-1
3.220931225E1,-5.690685689E-1,-5.443076572E-1,-6.834594029E-1,1.042701596E0
3.221933325E1,-7.473080742E-1,-4.557501143E-1,-5.795643210E-1,1.049796326E0
3.222935425E1,-8.795481187E-1,-3.896759927E-1,-4.497095020E-1,1.061927921E0
3.223937525E1,-9.676755989E-1,-3.315228018E-1,-3.255671203E-1,1.073451155E0
3.224939725E1,-1.028247491E0,-2.926800406E-1,-2.539581706E-1,1.098839961E0
3.225941825E1,-1.068824828E0,-2.729360399E-1,-2.055911721E-1,1.122117786E0
3.226943925E1,-1.044167120E0,-2.463388100E-1,-1.862555263E-1,1.088879656E0
3.227946025E1,-9.717785901E-1,-1.825790164E-1,-1.477519767E-1,9.997596571E-1
3.228948225E1,-9.110137403E-1,-1.048385301E-1,-1.045188336E-1,9.229633465E-1
3.229950325E1,-8.476363546E-1,-4.430347592E-2,-6.742234334E-2,8.514669459E-1
3.230952425E1,-8.020578933E-1,-1.571994692E-2,-4.126847863E-2,8.032727234E-1
3.231954525E1,-7.707115549E-1,-2.692145795E-2,-4.170585036E-2,7.723085159E-1
3.232956725E1,-7.250097173E-1,-9.374723911E-2,-3.991367877E-2,7.321343708E-1
3.233958825E1,-6.567621857E-1,-2.062669641E-1,-6.414468661E-3,6.884212188E-1
3.234960925E1,-5.644978005E-1,-3.443097854E-1,2.071778141E-2,6.615407935E-1
3.235963025E1,-4.830981266E-1,-4.099401033E-1,5.418161586E-2,6.359011997E-1
3.236965225E1,-4.284091187E-1,-4.317309219E-1,1.084209730E-1,6.178034228E-1
3.237967325E1,-4.053266501E-1,-4.152879667E-1,1.592939419E-1,6.017710101E-1
3.238969425E1,-3.926264977E-1,-3.687768745E-1,2.363198984E-1,5.882168344E-1
3.239971525E1,-3.962827617E-1,-3.093457747E-1,3.091996673E-1,5.902027362E-1
3.240973725E1,-4.262398016E-1,-2.200716555E-1,3.881872916E-1,6.170909783E-1
3.241975825E1,-4.877682978E-1,-8.683290660E-2,4.680673472E-1,6.815753132E-1
3.242977925E1,-5.898624372E-1,8.486414909E-2,5.277948278E-1,7.960571581E-1
3.243980025E1,-6.660037100E-1,1.440391409E-1,4.985253473E-1,8.442960013E-1
3.244982225E1,-7.718780744E-1,2.420606947E-1,5.429361197E-1,9.742529300E-1
3.245984325E1,-8.684840173E-1,2.811949396E-1,6.184382918E-1,1.102633667E0
3.246986425E1,-9.542030293E-1,2.832964289E-1,6.715614885E-1,1.200731078E0
3.247988525E1,-9.976402402E-1,2.446825862E-1,7.426127601E-1,1.267528827E0
3.248990725E1,-1.024130466E0,2.218971562E-1,8.413996413E-1,1.343887985E0
3.249992825E1,-1.015019335E0,2.036585212E-1,8.963443188E-1,1.369369994E0
3.250994925E1,-9.812855780E-1,2.012541461E-1,8.865473089E-1,1.337681108E0
3.251997025E1,-9.056541824E-1,1.976475835E-1,8.635980839E-1,1.266915828E0
3.252999225E1,-7.776767582E-1,1.988427544E-1,8.614819034E-1,1.177484884E0
3.254001325E1,-6.216894168E-1,2.205084425E-1,8.589226502E-1,1.082991146E0
3.255003425E1,-4.384061033E-1,2.464648175E-1,9.048542833E-1,1.035232385E0
3.256005525E1,-2.745641971E-1,2.846623385E-1,9.389452317E-1,1.018840661E0
3.257007725E1,-1.263782108E-1,3.419042408E-1,9.494615221E-1,1.017028586E0
3.258009825E1,-2.460566819E-2,3.797322178E-1,9.214977980E-1,9.969755202E-1
3.259011925E1,1.122314572E-2,3.874446952E-1,8.918816507E-1,9.724670841E-1
3.260014025E1,-3.154923677E-2,3.836440051E-1,8.948135177E-1,9.740992293E-1
3.261016225E1,-1.783254594E-1,3.595780349E-1,9.162137423E-1,1.000271940E0
3.262018325E1,-3.823932856E-1,3.458125198E-1,9.334291146E-1,1.066349303E0
3.263020425E1,-6.316004473E-1,3.548751193E-1,9.257587371E-1,1.175535927E0
3.264022525E1,-8.516510528E-1,3.582211885E-1,9.072441135E-1,1.294883708E0
3.265024725E1,-9.417297488E-1,3.391186273E-1,9.086871332E-1,1.351875981E0
3.266026825E1,-8.895269769E-1,3.492445430E-1,9.983090886E-1,1.381973600E0
3.267028925E1,-7.348628604E-1,4.289555410E-1,1.110024968E0,1.398635660E0
3.268031025E1,-4.954538780E-1,5.227884418E-1,1.128051276E0,1.338387829E0
3.269033225E1,-1.071186519E-1,5.545502248E-1,1.013767519E0,1.160484786E0
3.270035325E1,4.266368276E-1,5.380145913E-1,9.284203166E-1,1.154748010E0
3.271037425E1,1.030135556E0,4.664505190E-1,9.052390301E-1,1.448520988E0
3.272039525E1,1.636884168E0,3.564067975E-1,8.493642068E-1,1.878253215E0
3.273041725E1,2.154275630E0,1.545924881E-1,6.780687817E-1,2.263753431E0
3.274043825E1,2.506579143E0,-1.539875937E-1,3.235749009E-1,2.532064750E0
3.275045925E1,2.635896749E0,-5.210962576E-1,-1.920741637E-1,2.693767894E0
3.276048025E1,2.480044479E0,-9.706576788E-1,-6.766577755E-1,2.747846919E0
3.277050225E1,2.206481325E0,-1.351737972E0,-9.535960883E-1,2.757734738E0
3.278052325E1,1.879897959E0,-1.544369229E0,-1.074318360E0,2.659558721E0
3.279054425E1,1.595763624E0,-1.504497358E0,-1.363591740E0,2.582509686E0
3.280056525E1,1.452540169E0,-1.435748135E0,-7.518729955E-1,2.176363631E0
3.281058725E1,1.287841646E0,-1.166009645E0,-8.813338584E-1,1.948041059E0
3.282060825E1,1.232297190E0,-8.654890734E-1,-8.767455482E-1,1.742501207E0
3.283062925E1,1.273563330E0,-7.151080424E-1,-1.027806026E0,1.785981045E0
3.284065025E1,1.353494768E0,-7.639971972E-1,-1.179483531E0,1.951107686E0
3.285067225E1,1.453939993E0,-9.325908431E-1,-1.185980226E0,2.095284296E0
3.286069325E1,1.501479025E0,-1.163388339E0,-1.147399712E0,2.219107431E0
3.287071425E1,1.443151295E0,-1.326830880E0,-1.094018288E0,2.245003755E0
3.288073525E1,1.242236288E0,-1.395966019E0,-1.029319870E0,2.133394365E0
3.289075725E1,9.852371264E-1,-1.290782211E0,-9.402236523E-1,1.876387867E0
3.290077825E1,7.202565157E-1,-1.009513304E0,-9.198506373E-1,1.544024532E0
3.291079925E1,4.710797596E-1,-6.487380517E-1,-8.800610657E-1,1.190497660E0
3.292082025E1,2.072042727E-1,-3.133069709E-1,-8.710135227E-1,9.485564957E-1
3.293084225E1,-3.926229894E-2,-3.424217194E-2,-8.606066483E-1,8.621820328E-1
3.294086325E1,-2.677252936E-1,1.871369210E-1,-8.728805387E-1,9.319965101E-1
3.295088425E1,-4.900668383E-1,3.426073685E-1,-8.583909921E-1,1.046126384E0
3.296090525E1,-7.036176789E-1,4.415244234E-1,-8.404109502E-1,1.181656557E0
3.297092725E1,-8.723893726E-1,5.068062472E-1,-8.283604234E-1,1.305410579E0
3.298094825E1,-1.015619259E0,5.860240325E-1,-8.323569953E-1,1.437958558E0
3.299096925E1,-1.119211455E0,6.476422834E-1,-8.603500286E-1,1.553150662E0
3.300099025E1,-1.164051413E0,7.192332530E-1,-8.328639489E-1,1.601865950E0
3.301101125E1,-1.195518789E0,8.496919432E-1,-7.678458345E-1,1.655544864E0
3.302103325E1,-1.169188777E0,9.503397739E-1,-7.081481016E-1,1.664818853E0
3.303105425E1,-1.069275649E0,1.021405956E0,-5.976899587E-1,1.594946340E0
3.304107525E1,-9.673487395E-1,9.525871512E-1,-7.108822596E-1,1.532494519E0
3.305109625E1,-7.866919953E-1,8.684059569E-1,-4.886668687E-1,1.269570207E0
3.306111825E1,-6.231892276E-1,7.392412555E-1,-3.966410498E-1,1.045067734E0
3.307113925E1,-4.439147651E-1,5.874311650E-1,-2.628674269E-1,7.818151805E-1
3.308116025E1,-3.041236264E-1,4.511577111E-1,-2.102933568E-1,5.833161718E-1
3.309118125E1,-2.213457638E-1,3.902943358E-1,-2.065739429E-1,4.939599271E-1
3.310120325E1,-2.039298320E-1,4.118240762E-1,-1.383936542E-1,4.799367142E-1
3.311122425E1,-1.864565974E-1,4.709835729E-1,-7.724464238E-2,5.124044530E-1
3.312124525E1,-1.506593585E-1,5.311847511E-1,6.405624747E-3,5.521743512E-1
3.313126625E1,-8.791464150E-2,5.977284041E-1,1.368915045E-1,6.194735775E-1
3.314128825E1,-3.663222134E-2,6.257956240E-1,2.703833648E-1,6.826926443E-1
3.315130925E1,-1.145644963E-2,6.423064068E-1,3.837130753E-1,7.482810265E-1
3.316133025E1,-3.401325345E-3,6.753542849E-1,4.578621286E-1,8.159367059E-1
3.317135125E1,-3.063941002E-2,7.310577849E-1,5.077645328E-1,8.906228601E-1
3.318137325E1,-1.085196447E-1,7.867867202E-1,4.927886441E-1,9.346927324E-1
3.319139425E1,-2.058646756E-1,8.277520207E-1,5.046789571E-1,9.910875451E-1
3.320141525E1,-3.210074615E-1,8.646923903E-1,5.554610018E-1,1.076696635E0
3.321143625E1,-4.415483969E-1,8.953619134E-1,6.168993777E-1,1.173542835E0
3.322145825E1,-5.416351873E-1,9.265875068E-1,6.575158918E-1,1.258673997E0
3.323147925E1,-6.412781739E-1,9.764376515E-1,6.895119289E-1,1.356500971E0
3.324150025E1,-7.346295565E-1,1.038854632E0,7.234017330E-1,1.463628914E0
3.325152225E1,-7.946640891E-1,1.095267399E0,7.348990401E-1,1.539863075E0
3.326154325E1,-8.422136468E-1,1.140392409E0,7.462105519E-1,1.602076422E0
3.327156425E1,-9.191314298E-1,1.189963349E0,7.581727856E-1,1.683936261E0
3.328158525E1,-9.744139302E-1,1.258991192E0,7.250758640E-1,1.749364552E0
3.329160625E1,-1.019840364E0,1.308621481E0,7.087158662E-1,1.804118269E0
3.330162825E1,-1.029309930E0,1.377643184E0,7.403229904E-1,1.872286785E0
3.331164925E1,-9.590223044E-1,1.415488703E0,7.729036760E-1,1.876356080E0
3.332167025E1,-8.266045046E-1,1.420797390E0,7.884637016E-1,1.823078506E0
3.333169125E1,-6.467377192E-1,1.323902887E0,7.720008659E-1,1.663422336E0
3.334171325E1,-4.168216914E-1,1.191138932E0,7.387788139E-1,1.462308590E0
3.335173425E1,-1.742528737E-1,1.041577096E0,6.984417236E-1,1.266123119E0
3.336175525E1,4.081648886E-2,8.878733844E-1,6.933014363E-1,1.127232014E0
3.337177725E1,2.454602659E-1,6.645021451E-1,6.183290219E-1,9.402896481E-1
3.338179825E1,4.024299395E-1,6.174267966E-1,6.222396398E-1,9.645454238E-1
3.339181925E1,4.448953432E-1,5.884441951E-1,6.259052593E-1,9.674481023E-1
3.340184025E1,3.646107334E-1,6.762556332E-1,7.091420551E-1,1.045535807E0
3.341186125E1,2.463274080E-1,8.106594399E-1,7.603700962E-1,1.138423736E0
3.342188325E1,1.785347897E-1,8.526702225E-1,7.526318910E-1,1.151249731E0
3.343190425E1,2.441651076E-1,7.529632089E-1,7.659893435E-1,1.101503458E0
3.344192525E1,4.276910806E-1,6.491751310E-1,8.655510539E-1,1.163411637E0
3.345194625E1,6.457086092E-1,3.962324756E-1,8.148013882E-1,1.112583069E0
3.346196825E1,8.088833481E-1,9.955878675E-2,7.850126749E-1,1.131569319E0
3.347198925E1,9.425875354E-1,-1.426551050E-1,7.025113857E-1,1.184206058E0
3.348201025E1,1.191343292E0,-3.355237591E-1,5.205150443E-1,1.342687955E0
3.349203125E1,1.602942250E0,-7.216019601E-1,4.402853253E-1,1.812176706E0
3.350205325E1,2.030643856E0,-1.025979940E0,2.857790836E-1,2.292993457E0
3.351207425E1,2.463643624E0,-1.427817557E0,2.387318748E-1,2.857480671E0
3.352209525E1,2.790578408E0,-1.814985679E0,3.143352038E-1,3.343696679E0
3.353211625E1,2.912991037E0,-2.066534066E0,1.880879706E-1,3.576514631E0
3.354213825E1,2.870842552E0,-2.109942040E0,-6.258625746E-2,3.563356481E0
3.355215925E1,2.687138239E0,-1.912474551E0,-2.881566346E-1,3.310786171E0
3.356218025E1,2.392074289E0,-1.498272412E0,-4.393305480E-1,2.856545283E0
3.357220125E1,2.089861532E0,-1.038007078E0,-5.981083269E-1,2.408882208E0
3.358222325E1,1.801693203E0,-5.988156939E-1,-6.962345459E-1,2.022231732E0
3.359224425E1,1.398120718E0,-2.346534419E-1,-7.129293698E-1,1.586843428E0
3.360226525E1,8.752755582E-1,1.132108659E-1,-6.737220347E-1,1.110326701E0
3.361228625E1,3.924785632E-1,4.112112880E-1,-7.005590004E-1,9.021735193E-1
3.362230825E1,6.351596475E-2,6.313039935E-1,-7.654380973E-1,9.942205443E-1
3.363232925E1,-1.076273596E-1,7.797314698E-1,-7.877193511E-1,1.113582772E0
3.364235025E1,-1.047353268E-1,7.643983161E-1,-8.150379811E-1,1.122301735E0
3.365237125E1,-7.356089652E-2,6.740535718E-1,-8.420579647E-1,1.081120270E0
3.366239325E1,-8.602248251E-2,4.674679345E-1,-9.546146733E-1,1.066402978E0
3.367241425E1,-1.061339808E-1,2.132350910E-1,-1.043306994E0,1.070150976E0
3.368243525E1,-1.296707779E-1,-4.020720899E-2,-1.096554225E0,1.104926377E0
3.369245625E1,-1.344953156E-1,-2.365631425E-1,-1.095266668E0,1.128565543E0
3.370247825E1,-8.101492703E-2,-3.661503053E-1,-1.087695547E0,1.150526431E0
3.371249925E1,2.349937499E-2,-4.585456681E-1,-1.029285225E0,1.127051208E0
3.372252025E1,1.217209035E-1,-5.273510242E-1,-9.165054452E-1,1.064376490E0
3.373254125E1,1.718292028E-1,-5.420000535E-1,-7.902243713E-1,9.735213865E-1
3.374256325E1,1.453752297E-1,-5.053134531E-1,-6.743582118E-1,8.551225883E-1
3.375258404E1,3.693276823E-2,-3.893830472E-1,-5.734433095E-1,6.941328519E-1
3.376260504E1,-1.530403447E-1,-2.255072272E-1,-4.942622155E-1,5.644200513E-1
3.377262604E1,-3.719963515E-1,-7.446896911E-2,-4.562197919E-1,5.933493165E-1
3.378264804E1,-5.706707060E-1,5.557953894E-2,-4.273075763E-1,7.150845437E-1
3.379266904E1,-7.620974368E-1,1.542577350E-1,-3.668005157E-1,8.597270324E-1
3.380269004E1,-9.539130074E-1,2.386020666E-1,-2.851540893E-1,1.023813375E0
3.381271104E1,-1.067512713E0,2.650092620E-1,-2.004888918E-1,1.118038057E0
3.382273304E1,-1.146466497E0,2.484025848E-1,-1.116987759E-1,1.178374257E0
3.383275404E1,-1.187733221E0,2.149296141E-1,-3.217722774E-2,1.207451994E0
3.384277504E1,-1.169615039E0,1.323049486E-1,7.361074403E-2,1.179373766E0
3.385279604E1,-1.110244750E0,4.123924255E-2,1.405787587E-1,1.119868951E0
3.386281804E1,-1.030808571E0,-1.325271428E-2,1.282668614E-1,1.038842785E0
3.387283904E1,-9.602548975E-1,-5.562573195E-2,1.121132704E-1,9.683765154E-1
3.388286004E1,-9.286816871E-1,-1.022660476E-1,8.683173716E-2,9.383217844E-1
3.389288104E1,-9.345177931E-1,-1.813180643E-1,3.479911923E-2,9.525810856E-1
3.390290304E1,-9.542199862E-1,-2.980641568E-1,6.226115227E-3,9.997083515E-1
3.391292404E1,-9.552151823E-1,-4.539398164E-1,-1.760011911E-2,1.057736813E0
3.392294504E1,-9.395522457E-1,-6.155036473E-1,-1.124880038E-2,1.123267420E0
3.393296604E1,-9.126737648E-1,-7.296781343E-1,2.983359061E-2,1.168885633E0
3.394298804E1,-8.720233369E-1,-7.703028345E-1,9.738237999E-2,1.167593459E0
3.395300904E1,-8.449583298E-1,-7.454410583E-1,2.026351853E-1,1.144857183E0
3.396303004E1,-8.200907063E-1,-6.665381455E-1,3.237334335E-1,1.105271551E0
3.397305104E1,-8.157918334E-1,-5.667940021E-1,4.211614949E-1,1.078957256E0
3.398307304E1,-8.296883261E-1,-4.414694595E-1,4.676971453E-1,1.049770747E0
3.399309404E1,-8.674742031E-1,-3.260775822E-1,5.160132730E-1,1.060710979E0
3.400311504E1,-9.225766093E-1,-2.667692739E-1,5.370924854E-1,1.100355299E0
3.401313604E1,-1.013763353E0,-2.444375879E-1,5.690036649E-1,1.187952457E0
3.402315704E1,-1.113188238E0,-2.509408611E-1,5.778616118E-1,1.279094763E0
3.403317904E1,-1.196641454E0,-2.687731147E-1,5.994618843E-1,1.365116957E0
3.404320004E1,-1.238394082E0,-2.841907606E-1,5.976485165E-1,1.404125365E0
3.405322104E1,-1.252099371E0,-2.946379808E-1,5.836555813E-1,1.412521933E0
3.406324204E1,-1.241941588E0,-2.891787279E-1,5.434653292E-1,1.386144945E0
3.407326404E1,-1.210540870E0,-2.779742932E-1,4.764942813E-1,1.330310380E0
3.408328504E1,-1.132388740E0,-3.090434736E-1,4.281126283E-1,1.249436893E0
3.409330604E1,-1.044196941E0,-3.500745553E-1,4.008686964E-1,1.172004760E0
3.410332704E1,-9.740496486E-1,-4.005950832E-1,4.222291964E-1,1.134692308E0
3.411334904E1,-8.850866014E-1,-4.215234375E-1,4.041355723E-1,1.060370624E0
3.412337004E1,-7.031902474E-1,-3.470275712E-1,4.377898067E-1,8.980894021E-1
3.413339104E1,-5.893665934E-1,-4.125824600E-1,4.304440228E-1,8.383670583E-1
3.414341204E1,-4.951831520E-1,-4.108575314E-1,4.606512505E-1,7.913342149E-1
3.415343404E1,-4.749219650E-1,-3.727553201E-1,5.380607478E-1,8.087068503E-1
3.416345504E1,-5.449985057E-1,-2.843647152E-1,6.335154104E-1,8.827391674E-1
3.417347604E1,-6.742734271E-1,-1.319184476E-1,6.706837483E-1,9.601373973E-1
3.418349704E1,-8.440865099E-1,1.309834778E-2,6.753439061E-1,1.081084176E0
3.419351904E1,-9.949037433E-1,9.857616216E-2,6.900872219E-1,1.214813192E0
3.420354004E1,-1.033909349E0,9.667055458E-2,7.119768584E-1,1.259057102E0
3.421356104E1,-9.050045568E-1,2.557484418E-2,7.083159167E-1,1.149521100E0
3.422358204E1,-6.074029148E-1,-4.980512112E-2,7.688913167E-1,9.811282830E-1
3.423360404E1,-2.611173552E-1,-4.799102247E-2,8.333866900E-1,8.746535237E-1
3.424362504E1,6.715702593E-2,2.756435931E-2,8.390338578E-1,8.421684360E-1
3.425364604E1,3.824102426E-1,7.383191496E-2,7.200383415E-1,8.186232091E-1
3.426366704E1,7.535710269E-1,2.234805822E-2,5.852186517E-1,9.543844082E-1
3.427368904E1,1.175930616E0,-9.193898767E-2,4.986792022E-1,1.280603974E0
3.428371004E1,1.626895369E0,-2.499105817E-1,4.404649079E-1,1.703893534E0
3.429373104E1,2.104367305E0,-4.769091412E-1,3.159509356E-1,2.180740488E0
3.430375204E1,2.537409173E0,-7.174328953E-1,1.056511469E-1,2.638999324E0
3.431377404E1,2.774926581E0,-9.403866434E-1,-4.100586556E-1,2.958495001E0
3.432379504E1,2.823073724E0,-1.070685997E0,-4.877052940E-2,3.019684142E0
3.433381604E1,2.387581873E0,-1.200600604E0,-1.407004539E-1,2.676151271E0
3.434383704E1,1.865882183E0,-1.241848325E0,-3.404915535E-1,2.267076990E0
3.435385904E1,1.363547301E0,-1.138515745E0,-3.888088506E-1,1.818420102E0
3.436388004E1,9.540650350E-1,-9.964137867E-1,-5.359522784E-1,1.479974787E0
3.437390104E1,6.806170714E-1,-8.785076067E-1,-6.997333735E-1,1.313256261E0
3.438392204E1,4.791056478E-1,-7.558660591E-1,-7.657555280E-1,1.177818853E0
3.439394404E1,3.246046686E-1,-6.523261955E-1,-9.091689438E-1,1.165111937E0
3.440396504E1,2.701068646E-1,-5.719275650E-1,-1.126566083E0,1.291979101E0
3.441398604E1,3.078956652E-1,-6.206652769E-1,-1.256454962E0,1.434818524E0
3.442400704E1,3.920429456E-1,-7.002868125E-1,-1.248599959E0,1.484284726E0
3.443402904E1,4.758031404E-1,-7.254772022E-1,-1.159961359E0,1.448522058E0
3.444405004E1,5.227416641E-1,-6.294784927E-1,-1.101787337E0,1.372383823E0
3.445407104E1,5.402575833E-1,-4.699196720E-1,-1.116635172E0,1.326490430E0
3.446409204E1,5.154180264E-1,-2.783040762E-1,-1.132281736E0,1.274821882E0
3.447411404E1,4.602302510E-1,-1.121683073E-1,-1.085226853E0,1.184107654E0
3.448413504E1,3.984462315E-1,1.317845464E-2,-1.036685023E0,1.110697487E0
3.449415604E1,3.689242244E-1,8.501939267E-2,-1.043047963E0,1.109631666E0
3.450417704E1,3.914067686E-1,7.701923221E-2,-1.010423569E0,1.086318098E0
3.451419904E1,3.942555320E-1,5.252290696E-2,-9.318801141E-1,1.013211048E0
3.452422004E1,3.838989437E-1,3.021285564E-2,-8.069679464E-1,8.941411981E-1
3.453424104E1,3.272967267E-1,3.718653738E-2,-7.151517503E-1,7.873677742E-1
3.454426204E1,2.245476991E-1,7.339922100E-2,-6.438556266E-1,6.858273709E-1
3.455428304E1,5.924165010E-2,1.391192937E-1,-5.964218438E-1,6.152907985E-1
3.456430504E1,-1.203497314E-1,2.346110496E-1,-5.032125485E-1,5.681102634E-1
3.457432604E1,-3.072495478E-1,3.563869169E-1,-4.066181539E-1,6.218940764E-1
3.458434704E1,-4.670229614E-1,4.819722453E-1,-3.066700888E-1,7.378714217E-1
3.459436904E1,-5.847139639E-1,5.712080652E-1,-2.237437069E-1,8.474847017E-1
3.460439004E1,-6.575369418E-1,6.571542415E-1,-1.683629733E-1,9.447500292E-1
3.461441104E1,-7.091783810E-1,7.190014109E-1,-1.453910172E-1,1.020311498E0
3.462443204E1,-7.060641539E-1,7.813219124E-1,-1.339561292E-1,1.061571837E0
3.463445404E1,-6.525948751E-1,8.085111728E-1,-1.108263713E-1,1.044917639E0
3.464447504E1,-5.630330729E-1,8.263016188E-1,-6.435270131E-2,1.001959019E0
3.465449604E1,-4.333546937E-1,8.162587336E-1,-2.717318058E-2,9.245609728E-1
3.466451704E1,-3.003018862E-1,7.738541409E-1,-7.735866308E-4,8.300795460E-1
3.467453804E1,-2.191238219E-1,7.462424192E-1,2.640595280E-2,7.781968079E-1
3.468456004E1,-2.276478928E-1,7.755200127E-1,5.068651579E-2,8.098295969E-1
3.469458104E1,-2.987494504E-1,8.586291200E-1,4.651693940E-2,9.103071050E-1
3.470460204E1,-3.824353856E-1,9.657597587E-1,3.059789479E-2,1.039175138E0
3.471462304E1,-4.172725117E-1,1.085881449E0,3.547856569E-2,1.163835726E0
3.472464504E1,-3.964616865E-1,1.178186472E0,3.626201950E-2,1.243631845E0
3.473466604E1,-3.562117928E-1,1.218630786E0,4.623283781E-2,1.270466571E0
3.474468704E1,-3.089639515E-1,1.190774650E0,3.440794051E-2,1.230685540E0
3.475471137E1,-2.738327104E-1,1.116980450E0,3.111888170E-2,1.150477320E0
3.476473338E1,-2.670481861E-1,1.031948486E0,5.056905985E-2,1.067140872E0
3.477475437E1,-2.818428111E-1,9.258419868E-1,7.583487868E-2,9.707572733E-1
3.478477537E1,-3.366499329E-1,8.577403432E-1,1.163694952E-1,9.287591362E-1
3.479479637E1,-4.177619237E-1,8.424773562E-1,1.265132084E-1,9.488407203E-1
3.480481837E1,-5.200034130E-1,8.405018744E-1,1.342356992E-1,9.974297836E-1
3.481483937E1,-6.433422410E-1,8.124317309E-1,7.498527825E-2,1.039017492E0
3.482486037E1,-7.458486092E-1,7.863815081E-1,3.736955523E-3,1.083835776E0
3.483488137E1,-8.611521935E-1,7.454673707E-1,-2.783311196E-3,1.138996246E0
3.484490337E1,-9.787461323E-1,6.261996666E-1,-4.827344298E-2,1.162927487E0
3.485492437E1,-1.061336884E0,4.795810264E-1,-9.467288990E-2,1.168501989E0
3.486494537E1,-1.111103121E0,2.735555524E-1,-1.341134558E-1,1.152115101E0
3.487496637E1,-1.119134856E0,9.423168093E-2,-1.265571356E-1,1.130203143E0
3.488498837E1,-1.085336196E0,8.545617968E-2,-2.033957619E-2,1.088885263E0
3.489500937E1,-1.032174481E0,1.464595959E-1,-5.345875382E-2,1.043883332E0
3.490503038E1,-8.964173359E-1,3.697366950E-1,1.181266201E-1,9.768434685E-1
3.491505138E1,-7.520612758E-1,5.496517199E-1,2.012693123E-1,9.530070891E-1
3.492507337E1,-5.767249131E-1,6.487886301E-1,3.431549603E-1,9.334311108E-1
3.493509437E1,-4.219584703E-1,6.470476216E-1,4.746266806E-1,9.066366755E-1
3.494511537E1,-2.644368196E-1,5.860839665E-1,6.032244945E-1,8.816467762E-1
3.495513637E1,-1.733687747E-1,5.286008665E-1,7.270796317E-1,9.154891583E-1
3.496515838E1,-1.449138844E-1,5.563149145E-1,8.152106202E-1,9.975242720E-1
3.497517937E1,-1.710842675E-1,6.769163686E-1,9.097314459E-1,1.146776744E0
3.498520037E1,-1.985825533E-1,8.546117905E-1,9.767229956E-1,1.312929607E0
3.499522137E1,-2.175450736E-1,1.033309425E0,1.041131830E0,1.482905835E0
3.500524337E1,-2.382506490E-1,1.171989593E0,1.116498932E0,1.636121280E0
3.501526437E1,-2.111330169E-1,1.255650970E0,1.157711862E0,1.720910591E0
3.502528537E1,-7.827609122E-2,1.277832090E0,1.169915001E0,1.734267311E0
3.503530637E1,1.143253452E-1,1.159868315E0,1.148398928E0,1.636210528E0
3.504532837E1,4.123918408E-1,8.738508841E-1,1.104132071E0,1.467238913E0
3.505534937E1,6.865496564E-1,4.824388531E-1,1.073523066E0,1.362552550E0
3.506537037E1,8.901157916E-1,8.401308686E-2,9.741496360E-1,1.322244998E0
3.507539137E1,1.166271601E0,-2.196199581E-1,6.932405522E-1,1.374410723E0
3.508541337E1,1.687048600E0,-5.462617967E-1,1.873985108E-1,1.783158190E0
3.509543437E1,2.425246128E0,-1.109630207E0,1.379111858E-1,2.670602455E0
3.510545538E1,3.149447760E0,-1.646883199E0,-1.027900312E-1,3.555532485E0
3.511547638E1,3.421214064E0,-2.093338287E0,2.197786369E-1,4.016848703E0
3.512549738E1,3.296840864E0,-2.216430947E0,2.978605275E-1,3.983772925E0
3.513551937E1,2.840701910E0,-1.944828950E0,-2.549334130E-1,3.452091834E0
3.514554037E1,2.410273163E0,-1.550323741E0,-5.663583845E-1,2.921246693E0
3.515556137E1,1.989843155E0,-1.173663358E0,-7.528594939E-1,2.429765189E0
3.516558237E1,1.561628748E0,-7.785669968E-1,-7.860435390E-1,1.913822186E0
3.517560437E1,1.131839102E0,-4.181761989E-1,-8.394701332E-1,1.469911967E0
3.518562537E1,7.205272418E-1,-5.879813880E-2,-9.063050506E-1,1.159312543E0
3.519564637E1,3.654199880E-1,2.413528892E-1,-9.156248546E-1,1.014963969E0
3.520566737E1,2.026405209E-1,4.161644644E-1,-9.244212596E-1,1.033833017E0
3.521568937E1,2.245646560E-1,5.294256163E-1,-8.601986589E-1,1.034728225E0
3.522571037E1,3.437513763E-1,5.434890470E-1,-7.991126508E-1,1.025732120E0
3.523573137E1,4.832507390E-1,4.751745647E-1,-7.982449970E-1,1.047147181E0
3.524575237E1,5.125546449E-1,3.431061360E-1,-8.151422808E-1,1.022199111E0
3.525577437E1,4.396281713E-1,1.784102440E-1,-8.340766615E-1,9.595764802E-1
3.526579537E1,2.726352006E-1,4.755657434E-2,-8.325638406E-1,8.773563296E-1
3.527581637E1,7.038761258E-2,-5.661741972E-2,-8.122326332E-1,8.172403555E-1
3.528583737E1,-7.929175258E-2,-1.284335071E-1,-7.908196179E-1,8.050950353E-1
3.529585937E1,-1.801807809E-1,-1.742572591E-1,-7.713853003E-1,8.110893833E-1
3.530588038E1,-2.240120941E-1,-2.449731928E-1,-7.420436798E-1,8.129096544E-1
3.531590138E1,-2.038906556E-1,-3.279542461E-1,-6.974231386E-1,7.971978558E-1
3.532592238E1,-1.831564289E-1,-3.658023959E-1,-5.957827431E-1,7.227134614E-1
3.533594437E1,-1.969587815E-1,-3.299379140E-1,-4.931899092E-1,6.252104248E-1
3.534596537E1,-2.448679429E-1,-2.528189868E-1,-4.137770462E-1,5.432211276E-1
3.535598637E1,-3.204630858E-1,-1.756813484E-1,-3.713479684E-1,5.210180795E-1
3.536600737E1,-4.302205861E-1,-1.494004530E-1,-3.171652561E-1,5.549811238E-1
3.537602937E1,-5.506100786E-1,-1.432047433E-1,-2.696209610E-1,6.295828140E-1
3.538605037E1,-6.909409153E-1,-1.631668451E-1,-2.307651166E-1,7.465087454E-1
3.539607137E1,-8.053890520E-1,-1.808038017E-1,-1.826426049E-1,8.453992317E-1
3.540609237E1,-8.801690930E-1,-1.682662019E-1,-1.431223706E-1,9.074663410E-1
3.541611437E1,-9.234490138E-1,-8.709018409E-2,-7.417719305E-2,9.305079458E-1
3.542613537E1,-9.352978116E-1,-9.761926532E-4,-1.206397533E-2,9.353761216E-1
3.543615637E1,-8.865367109E-1,3.324609876E-2,2.582788244E-2,8.875357583E-1
3.544617737E1,-8.210245067E-1,9.881794453E-5,2.394076668E-2,8.213734904E-1
3.545619837E1,-8.054206270E-1,-2.757663846E-2,5.848516658E-2,8.080119876E-1
3.546622037E1,-8.467826611E-1,-9.286898732E-2,8.541963458E-2,8.561320213E-1
3.547624137E1,-9.026300025E-1,-2.031799266E-1,9.270935833E-2,9.298483904E-1
3.548626237E1,-9.450983298E-1,-3.536512971E-1,1.069993687E-1,1.014755615E0
3.549628337E1,-9.273806816E-1,-5.449526051E-1,1.117928430E-1,1.081436965E0
3.550630538E1,-8.426422477E-1,-6.925529927E-1,1.397198027E-1,1.099635043E0
3.551632638E1,-7.426034045E-1,-7.131141418E-1,1.964331168E-1,1.048130510E0
3.552634738E1,-6.300216991E-1,-6.257073310E-1,2.183361288E-1,9.143892336E-1
3.553636837E1,-5.514672804E-1,-5.280687699E-1,2.212778630E-1,7.949444507E-1
3.554639037E1,-5.464410138E-1,-4.671147627E-1,2.598314794E-1,7.643993595E-1
3.555641137E1,-5.474958515E-1,-4.403350997E-1,1.744387420E-1,7.239306474E-1
3.556643237E1,-5.648322612E-1,-3.967289042E-1,1.394484919E-1,7.041840588E-1
3.557645337E1,-6.035332274E-1,-3.721548110E-1,1.790680557E-1,7.313117862E-1
3.558647537E1,-6.363004392E-1,-3.327033547E-1,2.483938140E-1,7.597823754E-1
3.559649637E1,-7.093543822E-1,-2.922227883E-1,2.885204045E-1,8.196473762E-1
3.560651737E1,-8.243925029E-1,-2.271479559E-1,2.660431228E-1,8.955434863E-1
3.561653837E1,-9.500088215E-1,-2.063926792E-1,2.203815579E-1,9.968363607E-1
3.562656037E1,-1.081156021E0,-1.882291809E-1,1.936117622E-1,1.114367122E0
3.563658137E1,-1.223205940E0,-1.768510839E-1,2.270041144E-1,1.256598561E0
3.564660237E1,-1.371440458E0,-1.593948063E-1,2.794273994E-1,1.408664369E0
3.565662337E1,-1.487442784E0,-1.114467609E-1,2.987740088E-1,1.521240390E0
3.566664537E1,-1.597006742E0,-1.350736052E-2,3.291163802E-1,1.630622756E0
3.567666637E1,-1.660426227E0,1.034606338E-1,3.806424831E-1,1.706636475E0
3.568668737E1,-1.628095218E0,2.198824981E-1,4.375108945E-1,1.700134740E0
3.569670837E1,-1.567685294E0,3.541073799E-1,5.052958383E-1,1.684741257E0
3.570673038E1,-1.499437178E0,4.300404918E-1,5.904453316E-1,1.667894590E0
3.571675138E1,-1.386338578E0,4.405698654E-1,6.890271217E-1,1.609594618E0
3.572677238E1,-1.244893262E0,3.968917492E-1,7.973104658E-1,1.530681637E0
3.573679337E1,-1.051374398E0,2.969028997E-1,8.601124855E-1,1.390443434E0
3.574681537E1,-8.722654116E-1,2.126535854E-1,8.922938063E-1,1.265802802E0
3.575683337E1,-7.599374753E-1,1.487771398E-1,9.049020843E-1,1.191002681E0
3.576685437E1,-7.222767287E-1,7.124919981E-2,8.512417477E-1,1.118647681E0
3.577687537E1,-7.619606119E-1,-1.269576699E-2,7.809529531E-1,1.091161157E0
3.578689637E1,-8.201398230E-1,-1.225936005E-1,7.128306250E-1,1.093520014E0
3.579691838E1,-8.083272779E-1,-2.715996587E-1,6.422838950E-1,1.067561691E0
3.580693937E1,-6.440374750E-1,-4.651939523E-1,6.187523603E-1,1.006997600E0
3.581696037E1,-3.208951950E-1,-6.291694674E-1,6.605109087E-1,9.670070348E-1
3.582698137E1,1.526474118E-1,-6.853688112E-1,7.477482234E-1,1.025748042E0
3.583700337E1,6.503179693E-1,-5.642177188E-1,8.134611332E-1,1.184472081E0
3.584702437E1,1.120829964E0,-3.584427980E-1,8.518592137E-1,1.452723363E0
3.585704537E1,1.710665504E0,-3.074410442E-1,7.344781137E-1,1.886890183E0
3.586706637E1,2.504939584E0,-4.522069940E-1,6.029580076E-1,2.615869233E0
3.587708837E1,3.271130072E0,-5.845022947E-1,6.189441490E-1,3.380092712E0
3.588710937E1,3.876883487E0,-7.468712872E-1,3.221418214E-1,3.961289897E0
3.589713037E1,4.240814774E0,-7.914644927E-1,4.486381459E-1,4.337303561E0
3.590715137E1,3.977519916E0,-1.056652972E0,-5.703724980E-2,4.115875779E0
3.591717337E1,3.403202886E0,-1.461731408E0,-4.945409815E-1,3.736712375E0
3.592719438E1,2.715556877E0,-1.659220824E0,-7.208681345E-1,3.262960889E0
3.593721538E1,2.085961440E0,-1.618843461E0,-7.064284354E-1,2.733300279E0
3.594723638E1,1.525429806E0,-1.325438950E0,-6.112445354E-1,2.111242379E0
3.595725837E1,1.048339693E0,-9.749246845E-1,-6.263473088E-1,1.562627660E0
3.596727937E1,5.333432508E-1,-5.457688764E-1,-6.948464169E-1,1.032051468E0
3.597730037E1,2.413145900E-3,-2.096715054E-1,-8.759136356E-1,9.006623455E-1
3.598732137E1,-3.919265860E-1,-9.323502302E-2,-1.190355259E0,1.256680095E0
3.599734338E1,-6.091488934E-1,-1.501421723E-1,-1.375127712E0,1.511483136E0
3.600736437E1,-6.132080305E-1,-2.806993881E-1,-1.331340984E0,1.492409143E0
3.601738537E1,-4.978980142E-1,-3.470310795E-1,-1.181180685E0,1.327976210E0
3.602740637E1,-3.869927055E-1,-2.204713127E-1,-1.065286093E0,1.154645147E0
3.603742837E1,-3.288462389E-1,8.579911888E-3,-1.058867605E0,1.108789461E0
3.604744937E1,-2.891869140E-1,2.337585256E-1,-1.113635696E0,1.174076907E0
3.605747037E1,-2.089128292E-1,3.866693544E-1,-1.137026167E0,1.219010363E0
3.606749137E1,-7.612957835E-2,5.002155581E-1,-1.033346263E0,1.150571952E0
3.607751337E1,1.056100702E-1,5.458516145E-1,-9.112322800E-1,1.067451048E0
3.608753437E1,3.236702836E-1,5.335867873E-1,-7.777476557E-1,9.971803888E-1
3.609755537E1,4.889079201E-1,5.082244894E-1,-5.903923412E-1,9.197207198E-1
3.610757637E1,5.507240993E-1,4.909944990E-1,-4.274222548E-1,8.526795503E-1
3.611759837E1,5.230843109E-1,4.988937950E-1,-3.559545884E-1,8.057393400E-1
3.612761937E1,4.217070401E-1,5.479136351E-1,-3.251123531E-1,7.640315578E-1
3.613764038E1,2.929227000E-1,6.075587431E-1,-2.674943286E-1,7.255925512E-1
3.614766138E1,1.545641291E-1,6.682455325E-1,-2.218340063E-1,7.208692587E-1
3.615768237E1,4.140296459E-2,7.120917562E-1,-2.021892621E-1,7.413969061E-1
3.616770437E1,-2.611074150E-2,7.469417462E-1,-2.051121390E-1,7.750320849E-1
3.617772537E1,-8.257496417E-2,7.947325015E-1,-1.902298057E-1,8.213438699E-1
3.618774637E1,-9.899511516E-2,8.524883741E-1,-1.486679430E-1,8.709986327E-1
3.619776737E1,-1.020350826E-1,8.723586747E-1,-1.186370820E-1,8.862818810E-1
3.620778937E1,-1.075408208E-1,8.645558578E-1,-1.079249829E-1,8.778779308E-1
3.621781037E1,-1.651768255E-1,8.658054078E-1,-9.319175363E-2,8.863335099E-1
3.622783137E1,-2.517471921E-1,8.835098997E-1,-1.076261902E-1,9.249593442E-1
3.623785237E1,-3.540489078E-1,9.163797301E-1,-1.462398867E-1,9.932212962E-1
3.624787437E1,-4.305328274E-1,9.468486938E-1,-1.820162219E-1,1.055940751E0
3.625789537E1,-4.389545721E-1,9.554844466E-1,-1.580800599E-1,1.063306611E0
3.626791637E1,-3.972615856E-1,9.771077424E-1,-1.574795508E-1,1.066468995E0
3.627793737E1,-3.223458892E-1,1.010947626E0,-7.380180180E-2,1.063658160E0
3.628795937E1,-2.797272885E-1,1.042755602E0,2.815185830E-2,1.079990337E0
3.629798037E1,-2.714213187E-1,1.079830165E0,7.521383129E-2,1.115956916E0
3.630800137E1,-2.484236348E-1,1.096935610E0,7.380121708E-2,1.127132935E0
3.631802237E1,-2.461753803E-1,1.114362944E0,6.661257707E-2,1.143172919E0
3.632804437E1,-2.387119943E-1,1.100126143E0,7.280777514E-2,1.128078862E0
3.633806538E1,-2.261241084E-1,1.088885163E0,7.753057122E-2,1.114815680E0
3.634808638E1,-2.279051703E-1,1.059827133E0,1.036284488E-1,1.088996407E0
3.635810737E1,-2.616629004E-1,1.010690933E0,1.401004565E-1,1.053371622E0
3.636812937E1,-3.467989451E-1,9.932098049E-1,1.897882678E-1,1.068997105E0
3.637815037E1,-4.244651717E-1,1.029552589E0,2.303645092E-1,1.137197003E0
3.638817137E1,-5.152572280E-1,1.031526901E0,2.777836740E-1,1.186044489E0
3.639819237E1,-5.845104808E-1,9.942047086E-1,3.099182171E-1,1.194213049E0
3.640821337E1,-6.417213929E-1,9.626613191E-1,2.942242172E-1,1.193771775E0
3.641823537E1,-6.755153757E-1,9.510888022E-1,2.694244214E-1,1.197280440E0
3.642825637E1,-6.733595073E-1,9.489519373E-1,2.263661832E-1,1.185396328E0
3.643827737E1,-6.307257038E-1,9.350566140E-1,1.841229737E-1,1.142824157E0
3.644829837E1,-5.285964811E-1,9.366830170E-1,1.445396626E-1,1.085210131E0
3.645832037E1,-4.443983299E-1,9.559531009E-1,1.646816394E-1,1.066984653E0
3.646834137E1,-3.648095387E-1,9.996429116E-1,2.253610468E-1,1.087731378E0
3.647836237E1,-3.197403699E-1,1.050946089E0,2.797278732E-1,1.133564850E0
3.648838338E1,-2.929788333E-1,1.078275098E0,3.062591026E-1,1.158580348E0
3.649840537E1,-2.598450011E-1,1.076602795E0,3.419458292E-1,1.159103081E0
3.650842637E1,-1.982521856E-1,1.056180224E0,3.835539579E-1,1.141023328E0
3.651844737E1,-1.214484233E-1,1.020533259E0,4.625908450E-1,1.127043984E0
3.652846837E1,-4.434762239E-2,9.691800874E-1,5.769091004E-1,1.128760765E0
3.653849038E1,3.199888766E-2,9.238173884E-1,6.981908049E-1,1.158418273E0
3.654851138E1,7.342465639E-2,9.079977465E-1,7.852483177E-1,1.202691152E0
3.655853237E1,8.150200009E-2,9.082795823E-1,8.238961474E-1,1.228991146E0
3.656855337E1,3.353436649E-2,9.243450996E-1,8.542542332E-1,1.259082488E0
3.657857537E1,-5.342191637E-2,9.513709304E-1,8.673883221E-1,1.288535234E0
3.658859637E1,-1.689646518E-1,9.893985897E-1,8.834815407E-1,1.337160520E0
3.659861737E1,-2.063230973E-1,1.000483741E0,8.816232955E-1,1.349368953E0
3.660863837E1,-1.133494449E-1,9.616003418E-1,8.520562649E-1,1.289776412E0
3.661866037E1,7.987647414E-2,8.244866431E-1,8.859239227E-1,1.212855998E0
3.662868137E1,3.156759703E-1,6.143149084E-1,8.744634531E-1,1.114325112E0
3.663870237E1,5.340139264E-1,3.495673093E-1,7.776336350E-1,1.006022986E0
3.664872337E1,7.228860086E-1,7.968936324E-2,6.758773184E-1,9.928367064E-1
3.665874437E1,9.316175741E-1,-1.773980910E-1,5.255096629E-1,1.084224051E0
3.666876637E1,1.297329338E0,-5.080084348E-1,3.589178111E-1,1.438734853E0
3.667878737E1,1.769791380E0,-9.060699195E-1,2.848517152E-1,2.008547915E0
3.668880838E1,2.233126502E0,-1.337378965E0,2.688081249E-1,2.616809943E0
3.669882938E1,2.472715579E0,-1.662442055E0,1.778095888E-1,2.984904047E0
3.670885137E1,2.432851601E0,-1.839908266E0,-2.813680172E-3,3.050251999E0
3.671887237E1,2.132577782E0,-1.797595182E0,-3.185510463E-1,2.807260445E0
3.672889337E1,1.693755941E0,-1.563765028E0,-6.668286060E-1,2.399756372E0
3.673891437E1,1.222404871E0,-1.258053298E0,-8.915004122E-1,1.967674962E0
3.674893638E1,7.814716011E-1,-8.804164302E-1,-9.316146505E-1,1.501245087E0
3.675895687E1,3.833931595E-1,-4.710663110E-1,-8.679421265E-1,1.059347591E0
3.676897788E1,6.730320632E-2,-5.908114403E-2,-8.578319983E-1,8.624940814E-1
3.677899888E1,-1.880593193E-1,3.061645970E-1,-8.090432695E-1,8.852423848E-1
3.678902087E1,-2.953972417E-1,5.148564014E-1,-7.425602813E-1,9.506484186E-1
3.679904187E1,-2.434903389E-1,5.531153181E-1,-7.435344274E-1,9.581584133E-1
3.680906287E1,-3.872493982E-2,4.124120137E-1,-7.617968899E-1,8.671319343E-1
3.681908387E1,2.534130639E-1,1.606113195E-1,-7.596556395E-1,8.167563086E-1
3.682910588E1,5.723751694E-1,-1.354823256E-1,-7.844688839E-1,9.804897882E-1
3.683912687E1,8.547179174E-1,-4.508071706E-1,-8.354764849E-1,1.277415665E0
3.684914787E1,1.058864096E0,-7.625631675E-1,-8.340947878E-1,1.548680043E0
3.685916887E1,1.120963281E0,-9.978451851E-1,-8.153684950E-1,1.707945981E0
3.686919087E1,1.073000325E0,-1.055312205E0,-7.585616255E-1,1.685357317E0
3.687921187E1,9.412836063E-1,-9.957109514E-1,-7.355668652E-1,1.555157143E0
3.688923287E1,7.761751932E-1,-8.894506708E-1,-7.200542021E-1,1.382768412E0
3.689925387E1,6.022877705E-1,-7.612767801E-1,-6.971940739E-1,1.195145377E0
3.690927487E1,4.068714845E-1,-5.889675209E-1,-6.157435293E-1,9.442283831E-1
3.691929687E1,2.019084495E-1,-3.653094757E-1,-5.263197215E-1,6.717369159E-1
3.692931787E1,-8.427007198E-3,-1.286100930E-1,-4.390235692E-1,4.575513794E-1
3.693933887E1,-2.094864410E-1,7.440523446E-2,-3.806753737E-1,4.408338100E-1
3.694935987E1,-4.231320065E-1,2.544591308E-1,-3.182105921E-1,5.874079716E-1
3.695938187E1,-6.260198647E-1,3.632781529E-1,-2.767691821E-1,7.749019729E-1
3.696940288E1,-8.349525744E-1,4.405783439E-1,-2.557085346E-1,9.780807396E-1
3.697942388E1,-1.064811884E0,4.563348359E-1,-2.447017358E-1,1.184037487E0
3.698944488E1,-1.256185990E0,3.804210198E-1,-2.676627284E-1,1.339539746E0
3.699946687E1,-1.408581387E0,2.346967113E-1,-2.871836579E-1,1.456591406E0
3.700948787E1,-1.492185461E0,5.735358417E-2,-2.606722359E-1,1.515868364E0
3.701950887E1,-1.482812959E0,-1.165689218E-1,-2.148834211E-1,1.502829821E0
3.702952987E1,-1.415198681E0,-2.255943507E-1,-1.324881126E-1,1.439177966E0
3.703955187E1,-1.299612091E0,-2.581545711E-1,-4.091647625E-2,1.325635519E0
3.704957287E1,-1.188658251E0,-2.136590141E-1,3.441481099E-2,1.208198241E0
3.705959387E1,-1.108564260E0,-1.332919586E-1,7.829641029E-2,1.119290754E0
3.706961487E1,-1.068107960E0,-1.086400974E-1,1.079583120E-1,1.079033031E0
3.707963687E1,-1.039843104E0,-1.631455028E-1,1.479965365E-1,1.062917264E0
3.708965787E1,-1.046996588E0,-2.753640962E-1,1.781428801E-1,1.097160939E0
3.709967887E1,-1.019942105E0,-3.923861772E-1,1.964816487E-1,1.110339520E0
3.710969987E1,-9.890828401E-1,-4.754692644E-1,2.228145844E-1,1.119822408E0
3.711972187E1,-8.884966975E-1,-5.413802487E-1,3.066678961E-1,1.084695420E0
3.712974287E1,-7.365743405E-1,-5.409001923E-1,3.782025862E-1,9.890156587E-1
3.713976387E1,-5.607778019E-1,-5.012858909E-1,4.477571167E-1,8.753546270E-1
3.714978487E1,-3.980497903E-1,-4.474429750E-1,4.947815944E-1,7.768253843E-1
3.715980587E1,-2.967543805E-1,-3.889532769E-1,5.531300823E-1,7.384447860E-1
3.716982788E1,-2.807792026E-1,-3.191188109E-1,6.391075413E-1,7.675494938E-1
3.717984888E1,-3.687628412E-1,-2.768340862E-1,6.987364233E-1,8.371712689E-1
3.718986988E1,-5.145690107E-1,-2.275666165E-1,7.196232623E-1,9.134689220E-1
3.719989087E1,-6.834021002E-1,-1.500506634E-1,7.099729445E-1,9.968024950E-1
3.720991287E1,-8.528859848E-1,-5.509831309E-2,7.156869167E-1,1.114745751E0
3.721993387E1,-9.814966625E-1,1.601435423E-2,7.037504107E-1,1.207831445E0
3.722995487E1,-1.071546707E0,5.744363129E-2,7.130479952E-1,1.288390298E0
3.723997587E1,-1.102753297E0,5.025331020E-2,7.410871484E-1,1.329586549E0
3.724999787E1,-1.021136107E0,5.955038309E-2,7.926497964E-1,1.294047486E0
3.726001887E1,-8.795989895E-1,1.165823704E-1,8.475059617E-1,1.227009448E0
3.727003987E1,-6.450630766E-1,1.971365368E-1,8.968446942E-1,1.122185186E0
3.728006087E1,-3.627419633E-1,2.550152010E-1,9.363597391E-1,1.036042492E0
3.729008287E1,-7.412339866E-2,2.471582973E-1,9.250604334E-1,9.603740456E-1
3.730010387E1,1.987673253E-1,1.924663657E-1,9.059278321E-1,9.472365009E-1
3.731012487E1,4.016768181E-1,1.129886717E-1,8.529829755E-1,9.495739374E-1
3.732014587E1,4.982465082E-1,-3.718829155E-4,7.535972663E-1,9.034149440E-1
3.733016787E1,4.462261695E-1,-1.412780857E-1,6.359963840E-1,7.896636577E-1
3.734018887E1,1.916518486E-1,-3.026226461E-1,5.396739580E-1,6.477336474E-1
3.735020987E1,-1.774600714E-1,-3.954115266E-1,4.950434766E-1,6.579592662E-1
3.736023087E1,-5.853495562E-1,-3.790989643E-1,5.090608605E-1,8.634194157E-1
3.737025288E1,-9.537481159E-1,-3.145936507E-1,5.114780995E-1,1.127037923E0
3.738027388E1,-1.233546156E0,-2.194293389E-1,4.755862087E-1,1.340137155E0
3.739029488E1,-1.358075477E0,-2.387991178E-1,4.306755725E-1,1.444602183E0
3.740031587E1,-1.269435196E0,-3.762841147E-1,5.045761192E-1,1.416916551E0
3.741033687E1,-1.079656795E0,-4.190506500E-1,6.836752383E-1,1.344869538E0
3.742035887E1,-8.659796548E-1,-2.558367348E-1,7.759366268E-1,1.190567447E0
3.743037987E1,-6.773525709E-1,-6.741985828E-2,5.731534338E-1,8.898633610E-1
3.744040087E1,-4.249832350E-1,6.153054267E-2,3.452752338E-1,5.510097502E-1
3.745042187E1,-4.723848581E-2,9.252049327E-3,2.346826780E-1,2.395684334E-1
3.746044387E1,5.461948460E-1,-2.378322807E-1,2.975338143E-1,6.658974202E-1
3.747046487E1,1.311390138E0,-4.683824390E-1,4.630585492E-1,1.467497674E0
3.748048587E1,2.205449291E0,-6.935958436E-1,3.942141630E-1,2.345311616E0
3.749050687E1,2.880234935E0,-7.617819795E-1,1.220483476E-1,2.981771430E0
3.750052887E1,3.281549810E0,-7.955411714E-1,-2.702423738E-1,3.387401047E0
3.751054987E1,3.245635627E0,-8.480029750E-1,-5.624635541E-1,3.401415135E0
3.752057087E1,2.804191310E0,-9.298715955E-1,-6.925839829E-1,3.034439431E0
3.753059188E1,2.189674088E0,-1.025228865E0,-7.235287638E-1,2.523739430E0
3.754061387E1,1.572663614E0,-1.007786914E0,-7.286683202E-1,2.004959557E0
3.755063487E1,9.320871055E-1,-8.674078372E-1,-7.713430542E-1,1.488674859E0
3.756065587E1,4.256983495E-1,-6.753534079E-1,-9.547706477E-1,1.244551445E0
3.757067687E1,9.328530908E-2,-4.940011373E-1,-1.123095760E0,1.230480946E0
3.758069888E1,-3.041019917E-2,-3.888456881E-1,-1.192269491E0,1.254445012E0
3.759071988E1,4.346995533E-2,-3.405593812E-1,-1.153314317E0,1.203330480E0
3.760074087E1,1.506190127E-1,-3.112972829E-1,-1.014029547E0,1.071376688E0
3.761076187E1,2.632673764E-1,-2.664739895E-1,-9.611389965E-1,1.031555267E0
3.762078387E1,3.656310725E-1,-2.111900273E-1,-1.007935433E0,1.092804258E0
3.763080487E1,4.518061674E-1,-1.486607802E-1,-1.044646153E0,1.147830312E0
3.764082587E1,4.911924273E-1,-9.740204126E-2,-9.967842078E-1,1.115498057E0
3.765084687E1,5.038417089E-1,-2.951352865E-2,-8.876916821E-1,1.021138599E0
3.766086787E1,4.965508157E-1,8.163765550E-2,-8.012895691E-1,9.461989183E-1
3.767088987E1,4.993644959E-1,1.653943419E-1,-7.339178042E-1,9.029703934E-1
3.768091087E1,5.158881426E-1,2.491603839E-1,-6.310215729E-1,8.522967195E-1
3.769093187E1,5.076248574E-1,3.351545075E-1,-4.662821192E-1,7.664401832E-1
3.770095287E1,4.783490181E-1,4.144556156E-1,-2.864216195E-1,6.947147505E-1
3.771097487E1,4.117527401E-1,4.744971648E-1,-1.474463135E-1,6.453125551E-1
3.772099587E1,3.126968139E-1,4.703319007E-1,-4.155389585E-2,5.663198041E-1
3.773101688E1,1.583578026E-1,4.391624406E-1,-1.276140198E-2,4.670157345E-1
3.774103788E1,-4.881138682E-2,3.786589614E-1,-4.213372037E-2,3.841098943E-1
3.775105987E1,-2.700238341E-1,3.049931073E-1,-1.170075361E-1,4.238212241E-1
3.776108492E1,-5.039083672E-1,2.372285557E-1,-1.931510746E-1,5.894984035E-1
3.777110592E1,-7.374192631E-1,1.926461676E-1,-2.316229031E-1,7.965857674E-1
3.778112692E1,-1.003552360E0,2.303186086E-1,-2.169674418E-1,1.052254186E0
3.779114892E1,-1.115814223E0,2.785464433E-1,-1.736799196E-1,1.163096821E0
3.780116992E1,-1.148230017E0,4.151818398E-1,-9.223748803E-2,1.224465551E0
3.781119092E1,-1.073811334E0,5.687572047E-1,2.475550309E-2,1.215388157E0
3.782121192E1,-9.361637843E-1,7.178837156E-1,1.269237560E-1,1.186536683E0
3.783123392E1,-7.635516393E-1,8.350929075E-1,1.840481293E-1,1.146413967E0
3.784125492E1,-5.686423069E-1,8.677493146E-1,1.843123504E-1,1.053714377E0
3.785127592E1,-4.878127366E-1,8.391926828E-1,1.903064042E-1,9.891522392E-1
3.786129692E1,-5.633897531E-1,8.132556036E-1,1.790171850E-1,1.005405313E0
3.787131792E1,-7.061419219E-1,8.235820788E-1,1.173232126E-1,1.091186781E0
3.788133992E1,-8.641377819E-1,8.993114153E-1,5.177344009E-2,1.248269048E0
3.789136092E1,-9.577441031E-1,1.018610987E0,1.219517954E-1,1.403465122E0
3.790138192E1,-9.886478072E-1,1.159923863E0,1.712485743E-1,1.533679866E0
3.791140292E1,-9.153377563E-1,1.277423954E0,2.430236580E-1,1.590193594E0
3.792142492E1,-7.891185898E-1,1.336568248E0,3.418720081E-1,1.589339266E0
3.793144592E1,-6.262461519E-1,1.319747271E0,4.625293031E-1,1.532269708E0
3.794146692E1,-4.920671707E-1,1.247176015E0,5.287954326E-1,1.441250403E0
3.795148792E1,-4.086923075E-1,1.149173465E0,5.586488307E-1,1.341535527E0
3.796150992E1,-3.929381543E-1,1.064175122E0,5.668002878E-1,1.268121307E0
3.797153092E1,-4.397380990E-1,9.552964586E-1,5.632114130E-1,1.192966058E0
3.798155192E1,-4.892441350E-1,8.036152992E-1,5.217780429E-1,1.075829772E0
3.799157292E1,-4.937961924E-1,6.380516803E-1,4.929436684E-1,9.454829912E-1
3.800159492E1,-4.463530540E-1,4.937190092E-1,4.680661777E-1,8.136801925E-1
3.801161592E1,-3.654667658E-1,3.510159570E-1,4.689449412E-1,6.904256055E-1
3.802163692E1,-2.809727454E-1,2.268199271E-1,4.812363001E-1,6.016488507E-1
3.803165792E1,-1.897520882E-1,1.450106558E-1,4.775245607E-1,5.339135242E-1
3.804167892E1,-1.263671011E-1,1.118478799E-1,4.683409238E-1,4.978170481E-1
3.805170092E1,-9.178725243E-2,1.457611459E-1,4.461723751E-1,4.782687525E-1
3.806172192E1,-1.150732040E-1,2.787946576E-1,4.242447317E-1,5.205303985E-1
3.807174292E1,-1.621660942E-1,4.998121002E-1,5.105893958E-1,7.326742173E-1
3.808176392E1,-1.814677531E-1,7.673941371E-1,6.629906398E-1,1.030233418E0
3.809178592E1,-1.132874644E-1,1.021322925E0,8.454839214E-1,1.330705688E0
3.810180692E1,-3.432257116E-2,1.201274203E0,9.994305845E-1,1.563041664E0
3.811182792E1,3.071366966E-2,1.286822476E0,1.075734483E0,1.677516049E0
3.812184892E1,2.629258990E-2,1.244409113E0,1.100308649E0,1.661302039E0
3.813187092E1,-8.303338587E-2,1.173427716E0,1.097436497E0,1.608786503E0
3.814189192E1,-2.185484558E-1,1.108645536E0,1.047390690E0,1.540741902E0
3.815191292E1,-3.541331077E-1,1.065530215E0,9.639765041E-1,1.479870128E0
3.816193392E1,-4.994434333E-1,1.038105896E0,8.943655479E-1,1.458422891E0
3.817195592E1,-6.034262234E-1,9.949806342E-1,8.164261832E-1,1.421499695E0
3.818197692E1,-5.981789321E-1,9.503444517E-1,7.452147710E-1,1.347708302E0
3.819199792E1,-4.384704226E-1,8.453229037E-1,6.445712527E-1,1.149912702E0
3.820201892E1,-1.810526007E-1,6.552954116E-1,5.772920930E-1,8.918846795E-1
3.821204092E1,1.030039662E-1,4.283749124E-1,5.209546819E-1,6.822819529E-1
3.822206192E1,3.381485742E-1,1.749881610E-1,4.329278469E-1,5.765343315E-1
3.823208292E1,6.587052155E-1,-8.253169477E-2,2.664272118E-1,7.153233539E-1
3.824210392E1,1.301670896E0,-4.173877019E-1,4.982412457E-3,1.366961755E0
3.825212592E1,2.271542124E0,-9.894795737E-1,-3.206373328E-1,2.498355809E0
3.826214692E1,3.196628358E0,-1.718252559E0,-4.365361637E-1,3.655323315E0
3.827216792E1,3.832740517E0,-2.455587622E0,-5.717290521E-1,4.587666569E0
3.828218892E1,4.050111344E0,-3.001229906E0,-7.723772804E-1,5.099740142E0
3.829220992E1,3.815142152E0,-3.200128794E0,-9.121393293E-1,5.062423540E0
3.830223192E1,3.135798604E0,-2.919089683E0,-9.829362470E-1,4.395506925E0
3.831225292E1,2.333427885E0,-2.311687353E0,-1.150943710E0,3.480438986E0
3.832227392E1,1.649515908E0,-1.684841276E0,-1.417303532E0,2.751062006E0
3.833229492E1,1.123651831E0,-1.017559950E0,-1.427270842E0,2.082095998E0
3.834231692E1,8.161619622E-1,-4.553758925E-1,-1.300808432E0,1.601745962E0
3.835233792E1,6.388650280E-1,1.149854958E-3,-1.129793746E0,1.297915157E0
3.836235892E1,6.178378558E-1,2.571479729E-1,-9.354591948E-1,1.150188072E0
3.837237992E1,6.091371989E-1,4.686794776E-1,-8.032834697E-1,1.111743186E0
3.838240192E1,6.290031141E-1,5.708993322E-1,-7.091522147E-1,1.106556744E0
3.839242292E1,5.822002459E-1,5.489731506E-1,-6.757691449E-1,1.047374137E0
3.840244392E1,4.213632238E-1,4.272803137E-1,-6.703153007E-1,8.996877431E-1
3.841246492E1,1.932282579E-1,2.447933909E-1,-7.003537631E-1,7.666526967E-1
3.842248692E1,-3.332562089E-2,6.016960323E-2,-7.459373407E-1,7.491017918E-1
3.843250792E1,-2.361146611E-1,-8.125466287E-2,-7.839157373E-1,8.227249459E-1
3.844252892E1,-3.499827540E-1,-1.830833387E-1,-8.035126805E-1,8.953435457E-1
3.845254992E1,-3.817255336E-1,-2.496386862E-1,-7.771382296E-1,9.010980438E-1
3.846257192E1,-3.867997473E-1,-2.760222003E-1,-7.142106409E-1,8.578456383E-1
3.847259292E1,-4.192517942E-1,-2.430629075E-1,-6.320815270E-1,7.964789392E-1
3.848261392E1,-4.905422169E-1,-1.596441901E-1,-5.590622288E-1,7.607026421E-1
3.849263492E1,-5.843765795E-1,-7.897015572E-2,-4.974175192E-1,7.714638427E-1
3.850265692E1,-6.970787376E-1,-1.042792439E-2,-4.370052566E-1,8.228007671E-1
3.851267792E1,-8.344432819E-1,1.807169706E-2,-3.824833328E-1,9.181043932E-1
3.852269892E1,-9.752518362E-1,1.011305183E-2,-3.127506083E-1,1.024222320E0
3.853271992E1,-1.085689952E0,-1.532555223E-2,-2.577733326E-1,1.115976987E0
3.854274092E1,-1.152034215E0,-4.303667665E-2,-1.861005020E-1,1.167762127E0
3.855276292E1,-1.189859269E0,-6.545227021E-2,-1.034085935E-1,1.196136454E0
3.856278392E1,-1.163960781E0,-8.446683079E-2,-3.234796643E-2,1.167469801E0
3.857280492E1,-1.096616060E0,-1.166124836E-1,-9.828146249E-3,1.102842621E0
3.858282592E1,-9.867480469E-1,-1.810821292E-1,1.984501138E-2,1.003422279E0
3.859284792E1,-8.494285262E-1,-2.735415190E-1,8.607803106E-2,8.965284218E-1
3.860286892E1,-7.300891936E-1,-3.355608889E-1,1.753643563E-1,8.224256795E-1
3.861288992E1,-6.352637279E-1,-3.199938467E-1,2.551151884E-1,7.556717708E-1
3.862291092E1,-6.167952973E-1,-2.556238961E-1,3.060923108E-1,7.344879289E-1
3.863293292E1,-6.491713303E-1,-1.977478632E-1,3.152847185E-1,7.482860999E-1
3.864295392E1,-6.873834693E-1,-1.769092637E-1,3.285159443E-1,7.821225269E-1
3.865297492E1,-7.376209921E-1,-2.112695494E-1,3.399886930E-1,8.392329008E-1
3.866299592E1,-7.579119998E-1,-2.848722535E-1,3.525706585E-1,8.831131692E-1
3.867301692E1,-7.372953022E-1,-3.139066029E-1,3.451547080E-1,8.725098798E-1
3.868303892E1,-7.107647306E-1,-2.980884227E-1,3.845274463E-1,8.613388224E-1
3.869305992E1,-6.904006326E-1,-2.793127209E-1,4.694214892E-1,8.803551352E-1
3.870308092E1,-6.710586280E-1,-2.506894308E-1,5.083925968E-1,8.784235342E-1
3.871310192E1,-6.878337049E-1,-2.362748748E-1,5.743282125E-1,9.267113455E-1
3.872312392E1,-7.488868225E-1,-2.388406330E-1,6.296025268E-1,1.007112537E0
3.873314492E1,-8.221547735E-1,-2.078205693E-1,6.415097968E-1,1.063326234E0
3.874316592E1,-8.992544049E-1,-9.666178375E-2,6.637126978E-1,1.121836232E0
3.875318692E1,-1.021002206E0,5.924925148E-2,6.780196651E-1,1.227056088E0
3.876320492E1,-1.127748390E0,1.728393093E-1,6.977728021E-1,1.337376813E0
3.877322592E1,-1.174889227E0,2.563594759E-1,7.121972984E-1,1.397608625E0
3.878324692E1,-1.176171522E0,3.031398323E-1,7.424601477E-1,1.423559018E0
3.879326792E1,-1.108710440E0,3.152236882E-1,7.560192561E-1,1.378466514E0
3.880328992E1,-9.894693410E-1,3.052904382E-1,7.428846556E-1,1.274413371E0
3.881331092E1,-8.686307824E-1,2.544421738E-1,7.402259266E-1,1.169271003E0
3.882333192E1,-7.760038698E-1,1.937834510E-1,7.457720107E-1,1.093576666E0
3.883335292E1,-7.118031961E-1,1.314407301E-1,7.665495068E-1,1.054295311E0
3.884337492E1,-6.581146467E-1,7.569600731E-2,7.768809521E-1,1.020974430E0
3.885339592E1,-6.088080007E-1,1.557230473E-2,7.603719234E-1,9.741946111E-1
3.886341692E1,-5.765155828E-1,-4.531650603E-2,7.262300313E-1,9.283500747E-1
3.887343792E1,-5.738282025E-1,-1.109409767E-1,6.751171803E-1,8.929557175E-1
3.888345892E1,-6.378938055E-1,-1.806950435E-1,6.524329072E-1,9.301762759E-1
3.889348092E1,-7.517285693E-1,-2.180812633E-1,6.491970581E-1,1.016913025E0
3.890350192E1,-9.073229778E-1,-2.182104868E-1,6.459500992E-1,1.134945960E0
3.891352292E1,-1.109284637E0,-1.874368832E-1,6.364682543E-1,1.292569855E0
3.892354392E1,-1.335322791E0,-1.310662159E-1,6.258093649E-1,1.480507572E0
3.893356592E1,-1.480966408E0,-1.169671172E-1,6.146838677E-1,1.607724810E0
3.894358692E1,-1.429874607E0,-1.611501405E-1,6.214484384E-1,1.567389206E0
3.895360792E1,-1.103256742E0,-1.937477830E-1,6.517247363E-1,1.295939341E0
3.896362892E1,-5.825382149E-1,-1.529304171E-1,7.280209603E-1,9.448560753E-1
3.897365092E1,-5.092106223E-2,-3.368025452E-2,7.781672665E-1,7.805585236E-1
3.898367192E1,4.351708388E-1,1.296125981E-1,7.277204865E-1,8.577588187E-1
3.899369292E1,9.614214170E-1,1.909957910E-1,4.871987059E-1,1.094610941E0
3.900371392E1,1.611024857E0,1.060883725E-1,2.936389840E-1,1.640999599E0
3.901373592E1,2.359327542E0,-1.059816608E-1,1.096621176E-1,2.364251328E0
3.902375692E1,3.046263700E0,-4.162980732E-1,-1.307712239E-1,3.077357263E0
3.903377792E1,3.484189162E0,-7.265922663E-1,-3.728799389E-1,3.578624021E0
3.904379892E1,3.578832194E0,-9.992526099E-1,-6.209953523E-1,3.767251104E0
3.905381992E1,3.274661790E0,-1.172249502E0,-7.434607525E-1,3.556727797E0
3.906384192E1,2.793905473E0,-1.203705768E0,-8.421060580E-1,3.156573773E0
3.907386292E1,2.332365446E0,-1.139860897E0,-9.127339911E-1,2.751780292E0
3.908388392E1,1.906454843E0,-1.046419175E0,-8.934025846E-1,2.351112787E0
3.909390492E1,1.460843216E0,-8.594401288E-1,-9.376829640E-1,1.936994986E0
3.910392692E1,1.066342101E0,-6.543931863E-1,-1.111472665E0,1.673525441E0
3.911394792E1,7.903353953E-1,-5.390454555E-1,-1.308447234E0,1.620874518E0
3.912396892E1,6.712457389E-1,-5.461223406E-1,-1.390678967E0,1.637928094E0
3.913398992E1,6.656265646E-1,-5.846505216E-1,-1.344421644E0,1.610075934E0
3.914401192E1,6.617966384E-1,-5.907094064E-1,-1.262268264E0,1.542800558E0
3.915403292E1,6.535076255E-1,-5.410431567E-1,-1.255092561E0,1.514944636E0
3.916405392E1,6.357519704E-1,-4.295081028E-1,-1.228497524E0,1.448400478E0
3.917407492E1,6.085630023E-1,-3.184443346E-1,-1.155392271E0,1.344130582E0
3.918409692E1,5.685885125E-1,-2.055287531E-1,-1.093389054E0,1.249413698E0
3.919411792E1,5.389758736E-1,-5.317574859E-2,-1.027201570E0,1.161234566E0
3.920413892E1,5.245466995E-1,9.232811987E-2,-9.242980295E-1,1.066771095E0
3.921415992E1,5.336572462E-1,2.122325858E-1,-8.427106601E-1,1.019800953E0
3.922418092E1,5.323533171E-1,2.976247385E-1,-7.286308980E-1,9.502018337E-1
3.923420292E1,5.102812475E-1,3.748989093E-1,-5.851291162E-1,8.621555697E-1
3.924422392E1,4.385131073E-1,4.356827626E-1,-4.731754017E-1,7.784652694E-1
3.925424492E1,3.154502678E-1,4.626255628E-1,-3.797083173E-1,6.765424518E-1
3.926426592E1,1.512867647E-1,4.953743559E-1,-2.932425427E-1,5.952097333E-1
3.927428792E1,-3.119372606E-2,5.365071791E-1,-1.729869515E-1,5.645684079E-1
3.928430892E1,-1.718824124E-1,5.613268554E-1,-5.825873315E-2,5.899368460E-1
3.929432992E1,-2.726936728E-1,5.793017811E-1,6.060288191E-2,6.431369232E-1
3.930435092E1,-3.430842090E-1,6.057703722E-1,1.906151372E-1,7.218023613E-1
3.931437292E1,-3.707134724E-1,6.742371744E-1,2.774918979E-1,8.179400952E-1
3.932439392E1,-3.829323989E-1,8.143341225E-1,2.775737590E-1,9.417135854E-1
3.933441492E1,-4.249393809E-1,1.019850304E0,2.352989014E-1,1.129616613E0
3.934443592E1,-5.319048357E-1,1.269909990E0,2.066884752E-1,1.392233552E0
3.935445792E1,-6.421207577E-1,1.467901097E0,1.441940922E-1,1.608677915E0
3.936447892E1,-7.616828692E-1,1.617279331E0,9.760757089E-2,1.790329708E0
3.937449992E1,-8.445279747E-1,1.728098685E0,7.700731851E-2,1.924963037E0
3.938452092E1,-8.845626909E-1,1.777278447E0,2.606447540E-2,1.985409073E0
3.939454192E1,-9.110382986E-1,1.734607806E0,-6.527831554E-2,1.960386768E0
3.940456392E1,-9.550473672E-1,1.655946676E0,-1.032273299E-1,1.914400885E0
3.941458492E1,-9.930946147E-1,1.536522558E0,-9.967682742E-2,1.832231960E0
3.942460592E1,-1.038536836E0,1.437427748E0,-8.590086043E-2,1.775425653E0
3.943462692E1,-1.054161181E0,1.398392906E0,-3.914250411E-2,1.751653690E0
3.944464892E1,-9.624552047E-1,1.387302200E0,-3.867469031E-2,1.688911823E0
3.945466992E1,-8.143639433E-1,1.389614773E0,-1.554825805E-2,1.610732628E0
3.946469092E1,-6.618492633E-1,1.361755714E0,5.298629880E-2,1.515001855E0
3.947471192E1,-5.347752339E-1,1.282433849E0,1.557294426E-1,1.398167653E0
3.948473392E1,-4.588046998E-1,1.209257407E0,2.516231946E-1,1.317618860E0
3.949475492E1,-4.298130351E-1,1.171620926E0,3.274422493E-1,1.290214426E0
3.950477592E1,-4.373600364E-1,1.156811098E0,3.268207633E-1,1.279182368E0
3.951479692E1,-4.063844115E-1,1.178543737E0,3.169547564E-1,1.286302432E0
3.952481892E1,-3.132464522E-1,1.164563629E0,3.476397747E-1,1.255063823E0
3.953483992E1,-2.073849517E-1,1.057961286E0,3.999325937E-1,1.149885508E0
3.954486092E1,-6.837441623E-2,8.616114923E-1,4.156282381E-1,9.590600903E-1
3.955488192E1,8.710012436E-3,6.701268741E-1,4.322489852E-1,7.974867253E-1
3.956490292E1,-1.872103035E-2,5.310552353E-1,4.668686314E-1,7.073446535E-1
3.957492492E1,-1.577958852E-1,5.087440145E-1,5.070851960E-1,7.354287251E-1
3.958494592E1,-3.285720044E-1,5.925708675E-1,4.857234899E-1,8.336828557E-1
3.959496692E1,-4.802177882E-1,7.372081786E-1,3.990146174E-1,9.660733345E-1
3.960498792E1,-5.726552510E-1,8.872755066E-1,2.980822831E-1,1.097289802E0
3.961500992E1,-6.064720380E-1,1.018852184E0,2.603285658E-1,1.213935364E0
3.962503092E1,-6.158398622E-1,1.153143140E0,2.794811207E-1,1.336827414E0
3.963505192E1,-6.253287238E-1,1.317431189E0,3.127879940E-1,1.491474867E0
3.964507292E1,-6.234997147E-1,1.534177240E0,3.663765925E-1,1.696078862E0
3.965509492E1,-6.128478420E-1,1.767475590E0,3.620852844E-1,1.905428611E0
3.966511592E1,-5.581635118E-1,1.996894020E0,4.063960693E-1,2.112886650E0
3.967513692E1,-3.223950058E-1,2.168274741E0,5.174656848E-1,2.252359791E0
3.968515792E1,7.052151382E-2,2.098801633E0,6.259508675E-1,2.191290959E0
3.969517992E1,5.595925713E-1,1.654404765E0,7.835684127E-1,1.914204385E0
3.970520092E1,1.010193043E0,9.918003336E-1,8.197287637E-1,1.635882982E0
3.971522192E1,1.459896551E0,3.014040864E-1,6.991083062E-1,1.646479513E0
3.972524292E1,1.920784029E0,-2.829008648E-1,4.925226688E-1,2.003003436E0
3.973526492E1,2.493692465E0,-6.754586577E-1,2.352879379E-1,2.594244962E0
3.974528592E1,3.197480298E0,-1.019963448E0,4.842203535E-2,3.356568245E0
3.975530692E1,3.712220047E0,-1.394879606E0,8.837554827E-3,3.965645584E0
3.976532817E1,3.881119210E0,-1.667037674E0,-4.460146464E-2,4.224226583E0
3.977534917E1,3.709812748E0,-1.747788307E0,-2.019792008E-1,4.105882389E0
3.978537117E1,3.314621077E0,-1.694990873E0,-4.376448689E-1,3.748498363E0
3.979539217E1,2.825786832E0,-1.611116365E0,-7.013098560E-1,3.327552055E0
3.980541317E1,2.220317007E0,-1.526018328E0,-8.702960694E-1,2.831246156E0
3.981543417E1,1.583763968E0,-1.391367476E0,-9.932203299E-1,2.330385887E0
3.982545617E1,1.000641616E0,-1.182585625E0,-1.118507523E0,1.910720148E0
3.983547717E1,5.230445498E-1,-9.469402027E-1,-1.207870520E0,1.621487756E0
3.984549817E1,1.457570529E-1,-6.666933891E-1,-1.232694216E0,1.408992628E0
3.985551917E1,-9.105342686E-2,-4.275589335E-1,-1.214186609E0,1.290483045E0
3.986554117E1,-2.120650631E-1,-2.820196894E-1,-1.161987346E0,1.214381031E0
3.987556217E1,-2.207318062E-1,-2.808598942E-1,-1.191064965E0,1.243479216E0
3.988558317E1,-1.984334493E-1,-3.397983661E-1,-1.187350302E0,1.250855508E0
3.989560417E1,-2.191232371E-1,-4.124444658E-1,-1.137039031E0,1.229220561E0
3.990562617E1,-3.057181621E-1,-5.245762280E-1,-1.107395255E0,1.262920451E0
3.991564717E1,-4.268034732E-1,-6.200788012E-1,-1.101325992E0,1.334008195E0
3.992566817E1,-5.942934573E-1,-6.740915787E-1,-1.045944235E0,1.378979156E0
3.993568917E1,-7.674955863E-1,-6.618866855E-1,-9.102204193E-1,1.362220493E0
3.994571017E1,-8.811157572E-1,-5.477300325E-1,-7.610285658E-1,1.286676977E0
3.995573217E1,-9.241460019E-1,-3.875055063E-1,-6.455437177E-1,1.192028960E0
3.996575317E1,-9.237571621E-1,-2.562246975E-1,-5.920006178E-1,1.126695665E0
3.997577417E1,-9.307749903E-1,-1.643932986E-1,-5.661632337E-1,1.101774953E0
3.998579517E1,-9.788402724E-1,-9.219831169E-2,-5.125974027E-1,1.108776310E0
3.999581717E1,-1.017648243E0,-1.930604428E-2,-4.362305005E-1,1.107374245E0
4.000583817E1,-1.030982233E0,3.468246728E-2,-3.298601460E-1,1.083021216E0
4.001585917E1,-1.001768374E0,4.853890657E-2,-2.305732548E-1,1.029106373E0
4.002588017E1,-9.753594249E-1,1.060480267E-2,-1.432754946E-1,9.858835312E-1
4.003590217E1,-9.846699464E-1,-8.809590518E-2,-7.536768615E-2,9.914716738E-1
4.004592317E1,-9.990014720E-1,-2.273797980E-1,1.406138420E-2,1.024647860E0
4.005594417E1,-1.000894216E0,-3.539842960E-1,8.440572739E-2,1.064996920E0
4.006596517E1,-9.719820732E-1,-4.556135818E-1,1.085846950E-1,1.078945561E0
4.007598717E1,-9.004361272E-1,-5.024413007E-1,1.485374039E-1,1.041775331E0
4.008600817E1,-8.187996411E-1,-5.143935943E-1,1.812338644E-1,9.838085869E-1
4.009602917E1,-7.197162330E-1,-5.057800609E-1,1.903362250E-1,9.000182246E-1
4.010605017E1,-6.517897135E-1,-4.616981944E-1,2.193946941E-1,8.283290923E-1
4.011607117E1,-6.425072587E-1,-3.849365321E-1,2.901003952E-1,8.032122699E-1
4.012609317E1,-6.880956602E-1,-3.057023746E-1,3.344410010E-1,8.238812794E-1
4.013611417E1,-7.707250035E-1,-2.582829174E-1,3.330809386E-1,8.784474988E-1
4.014613517E1,-8.323090482E-1,-2.691312566E-1,3.134167524E-1,9.291932230E-1
4.015615617E1,-8.630209637E-1,-3.057146537E-1,3.288748902E-1,9.728439375E-1
4.016617817E1,-8.594372052E-1,-3.797985837E-1,3.973761179E-1,1.020189714E0
4.017619917E1,-8.322745496E-1,-4.209045097E-1,4.645249578E-1,1.041933284E0
4.018622017E1,-8.146615666E-1,-4.140062571E-1,5.226978099E-1,1.052752416E0
4.019624117E1,-7.897699696E-1,-4.161884379E-1,5.615442988E-1,1.054647534E0
4.020626317E1,-7.660115629E-1,-3.890690517E-1,6.101505214E-1,1.053770421E0
4.021628417E1,-7.372970563E-1,-3.420115373E-1,6.185968975E-1,1.021391679E0
4.022630517E1,-7.083702958E-1,-3.095665070E-1,5.894760094E-1,9.721634965E-1
4.023632617E1,-6.705446577E-1,-3.079833734E-1,5.338830218E-1,9.107771282E-1
4.024634817E1,-6.389743710E-1,-3.237033203E-1,4.687309331E-1,8.560261526E-1
4.025636917E1,-5.910330498E-1,-3.459984612E-1,4.361881813E-1,8.119699075E-1
4.026639017E1,-5.654918271E-1,-3.635608658E-1,4.619165879E-1,8.156742266E-1
4.027641117E1,-5.849841052E-1,-3.381184611E-1,5.086042660E-1,8.457001812E-1
4.028643217E1,-6.247194439E-1,-2.804888883E-1,5.667852312E-1,8.889285114E-1
4.029645417E1,-6.681543159E-1,-2.239612234E-1,6.317946479E-1,9.464424423E-1
4.030647517E1,-6.822601390E-1,-1.630215418E-1,6.808141226E-1,9.775289202E-1
4.031649617E1,-6.916104215E-1,-9.040818661E-2,7.386582881E-1,1.015930451E0
4.032651717E1,-7.065371937E-1,-2.341868341E-2,7.646134937E-1,1.041334257E0
4.033653917E1,-7.289747143E-1,-5.662443638E-3,7.730054176E-1,1.062531681E0
4.034656017E1,-7.514590126E-1,-2.692642808E-4,7.976690463E-1,1.095886229E0
4.035658117E1,-7.748467058E-1,-2.480242699E-2,8.018034663E-1,1.115298783E0
4.036660217E1,-7.881064367E-1,-1.255327034E-1,7.531050038E-1,1.097286363E0
4.037662417E1,-7.921913016E-1,-3.019323823E-1,6.656954887E-1,1.077905703E0
4.038664517E1,-7.932747906E-1,-4.888105640E-1,6.292281588E-1,1.124343692E0
4.039666617E1,-8.378849530E-1,-6.252041781E-1,6.521743872E-1,1.232178108E0
4.040668717E1,-9.002349830E-1,-6.828857911E-1,6.815993305E-1,1.319596027E0
4.041670817E1,-9.829298151E-1,-6.776826462E-1,6.238066936E-1,1.347048470E0
4.042673017E1,-1.070249795E0,-6.638010639E-1,5.401505061E-1,1.370339025E0
4.043675117E1,-9.690064251E-1,-8.002166051E-1,4.662247434E-1,1.340405005E0
4.044677217E1,-5.519409049E-1,-1.064244997E0,4.746325278E-1,1.289392187E0
4.045679317E1,5.320030689E-2,-1.128774576E0,6.286937233E-1,1.293142728E0
4.046681517E1,5.302886653E-1,-8.289895838E-1,8.789932179E-1,1.319491901E0
4.047683617E1,7.812002903E-1,-3.644329780E-1,8.223787218E-1,1.191382412E0
4.048685717E1,9.203739631E-1,-3.663865328E-2,4.556308311E-1,1.027633241E0
4.049687817E1,1.147551740E0,8.869846076E-2,1.125572202E-1,1.156465106E0
4.050690017E1,1.504101502E0,6.074263036E-2,1.102398956E-1,1.509358748E0
4.051692117E1,2.001612430E0,-1.026227278E-1,2.515874901E-1,2.019970299E0
4.052694217E1,2.562580267E0,-3.065861812E-1,2.060758332E-1,2.589069323E0
4.053696317E1,2.981798147E0,-5.853226590E-1,-8.253754199E-2,3.039824872E0
4.054698517E1,3.199188854E0,-8.230306864E-1,-3.394092339E-1,3.320751039E0
4.055700617E1,3.072643413E0,-9.999797112E-1,-4.903228001E-1,3.268258468E0
4.056702717E1,2.629337343E0,-1.006999001E0,-5.197723018E-1,2.863149507E0
4.057704817E1,2.115089929E0,-8.791794518E-1,-5.778240435E-1,2.362296032E0
4.058707017E1,1.567066074E0,-6.650795576E-1,-6.480598477E-1,1.821540135E0
4.059709117E1,1.062454872E0,-4.602165100E-1,-8.102458955E-1,1.413190717E0
4.060711217E1,6.789313191E-1,-2.956881407E-1,-1.044190509E0,1.280122272E0
4.061713317E1,4.299954683E-1,-2.510493270E-1,-1.209430484E0,1.307915885E0
4.062715417E1,3.298443586E-1,-3.022408229E-1,-1.289324500E0,1.364736049E0
4.063717617E1,3.062438267E-1,-4.024670693E-1,-1.324386159E0,1.417661357E0
4.064719717E1,3.120021647E-1,-4.869461793E-1,-1.333467470E0,1.453477700E0
4.065721817E1,2.920690066E-1,-5.085800001E-1,-1.308179578E0,1.433628867E0
4.066723917E1,2.072919810E-1,-4.341329581E-1,-1.250251066E0,1.339615288E0
4.067726117E1,5.658409059E-2,-2.945897412E-1,-1.143030234E0,1.181737277E0
4.068728217E1,-9.672873437E-2,-7.073172122E-2,-1.018843998E0,1.025866715E0
4.069730317E1,-2.496088654E-1,1.894401392E-1,-9.202673976E-1,9.721544297E-1
4.070732417E1,-3.568011922E-1,4.658976647E-1,-8.212547408E-1,1.009369642E0
4.071734617E1,-3.884533399E-1,6.472993442E-1,-7.875329711E-1,1.090917329E0
4.072736717E1,-3.600200844E-1,7.208365595E-1,-7.114856192E-1,1.074910039E0
4.073738817E1,-3.160613018E-1,6.869873205E-1,-6.021192976E-1,9.666405607E-1
4.074740917E1,-2.926274157E-1,6.149972785E-1,-4.930665330E-1,8.408133341E-1
4.075743017E1,-3.113121933E-1,5.284637493E-1,-4.143349437E-1,7.401774527E-1
4.076745204E1,-3.384233934E-1,4.428730837E-1,-3.474387036E-1,6.567957172E-1
4.077747304E1,-3.941222155E-1,3.504671958E-1,-2.805160048E-1,5.973682324E-1
4.078749404E1,-4.599302888E-1,2.966733965E-1,-2.060002580E-1,5.847966151E-1
4.079751504E1,-5.228708875E-1,3.197459248E-1,-1.617923840E-1,6.338834254E-1
4.080753704E1,-5.732809031E-1,3.745887145E-1,-1.117163175E-1,6.938647091E-1
4.081755804E1,-6.056598598E-1,4.816006547E-1,-8.105117977E-2,7.780310727E-1
4.082757904E1,-6.177811378E-1,5.880161789E-1,-6.458958663E-2,8.553293960E-1
4.083760004E1,-6.255386388E-1,6.477694604E-1,-8.470627427E-2,9.044772056E-1
4.084762204E1,-6.364004266E-1,6.837304214E-1,-1.371270742E-1,9.440850738E-1
4.085764304E1,-6.271969092E-1,7.391026765E-1,-1.679186580E-1,9.837913422E-1
4.086766404E1,-5.980935627E-1,7.560642797E-1,-1.507727214E-1,9.757466466E-1
4.087768504E1,-5.105496347E-1,7.484096897E-1,-1.370020169E-1,9.162682717E-1
4.088770604E1,-3.892637640E-1,7.134073797E-1,-7.231310070E-2,8.159078085E-1
4.089772804E1,-2.794893068E-1,6.798478702E-1,6.496724367E-2,7.379215012E-1
4.090774904E1,-2.173988932E-1,6.742988625E-1,2.563734726E-1,7.534378490E-1
4.091777004E1,-2.107307285E-1,7.422861931E-1,3.959278357E-1,8.672687493E-1
4.092779104E1,-2.583165389E-1,8.647812679E-1,4.963011030E-1,1.029994592E0
4.093781304E1,-3.447576821E-1,9.899634308E-1,5.754256253E-1,1.195826118E0
4.094783404E1,-4.188804960E-1,1.093759402E0,6.459419131E-1,1.337539328E0
4.095785504E1,-4.798862511E-1,1.190463578E0,6.745172560E-1,1.449988922E0
4.096787604E1,-5.423532254E-1,1.263167858E0,6.973786998E-1,1.541452921E0
4.097789804E1,-5.651363164E-1,1.298784125E0,7.211417842E-1,1.589422767E0
4.098791904E1,-6.009844261E-1,1.279790615E0,7.660595101E-1,1.608071351E0
4.099794004E1,-6.437030143E-1,1.244169962E0,8.279429322E-1,1.627206798E0
4.100796104E1,-6.647336948E-1,1.205630086E0,8.724624628E-1,1.629909672E0
4.101798304E1,-7.124703634E-1,1.140580982E0,8.735026824E-1,1.603604044E0
4.102800404E1,-7.757840145E-1,1.094349386E0,8.037670344E-1,1.563803972E0
4.103802504E1,-8.119221461E-1,1.054860215E0,6.917291200E-1,1.500145600E0
4.104804604E1,-8.206906307E-1,9.758003050E-1,5.976000577E-1,1.408135354E0
4.105806704E1,-7.851103234E-1,8.459286752E-1,5.064717865E-1,1.260359954E0
4.106808904E1,-7.216475683E-1,6.814198941E-1,4.118433720E-1,1.074580499E0
4.107811004E1,-5.912961745E-1,5.281211025E-1,3.494383782E-1,8.664007416E-1
4.108813104E1,-4.111457992E-1,4.201180592E-1,3.104824734E-1,6.647852421E-1
4.109815204E1,-1.972137201E-1,3.729719594E-1,3.166284817E-1,5.274987482E-1
4.110817404E1,4.780800462E-2,3.369911179E-1,3.361441487E-1,4.783738157E-1
4.111819504E1,2.676580507E-1,3.110177860E-1,4.132227302E-1,5.823451897E-1
4.112821604E1,4.400427389E-1,2.957960218E-1,5.703532022E-1,7.787397986E-1
4.113823704E1,4.783098418E-1,3.218982849E-1,7.036264497E-1,9.096642189E-1
4.114825904E1,3.985356939E-1,4.372164872E-1,7.990378064E-1,9.942084148E-1
4.115828004E1,2.305446035E-1,6.094900784E-1,8.817571968E-1,1.096414485E0
4.116830104E1,7.711366475E-2,7.857678428E-1,8.929405814E-1,1.191939806E0
4.117832204E1,-2.252639830E-2,9.549748617E-1,8.398466939E-1,1.271938243E0
4.118834304E1,-8.357016027E-2,1.140149457E0,7.803945440E-1,1.384174989E0
4.119836504E1,-1.214028150E-1,1.262443388E0,7.806576687E-1,1.489271079E0
4.120838604E1,-1.603312379E-1,1.277524234E0,7.961054277E-1,1.513789327E0
4.121840704E1,-2.359632182E-1,1.223234883E0,8.291310865E-1,1.496476053E0
4.122842804E1,-1.748475355E-1,1.104232643E0,7.971374613E-1,1.373073021E0
4.123845004E1,6.551395833E-2,8.461143243E-1,7.593767273E-1,1.138795215E0
4.124847104E1,3.897882593E-1,4.993370140E-1,6.940896410E-1,9.396982336E-1
4.125849204E1,6.464038432E-1,1.321084821E-1,5.469771669E-1,8.570149361E-1
4.126851304E1,6.557786840E-1,-1.486838767E-1,4.332961849E-1,7.999363484E-1
4.127853504E1,6.208111650E-1,-2.546827868E-1,2.484587181E-1,7.155428422E-1
4.128855604E1,1.007996829E0,-3.847374344E-1,-9.111719806E-2,1.082766292E0
4.129857704E1,1.763736588E0,-7.232552603E-1,-3.520895423E-1,1.938512824E0
4.130859804E1,2.718748287E0,-1.364492211E0,-4.487773097E-1,3.074871106E0
4.131862004E1,3.490586600E0,-2.006943921E0,-4.656816101E-1,4.053255245E0
4.132864104E1,3.833712909E0,-2.427420415E0,-6.084566561E-1,4.578203146E0
4.133866204E1,3.701471111E0,-2.485895787E0,-7.822183637E-1,4.526856726E0
4.134868304E1,3.202544571E0,-2.196004576E0,-8.841166214E-1,3.982510519E0
4.135870404E1,2.465238159E0,-1.782306760E0,-1.040057112E0,3.214923851E0
4.136872604E1,1.715277788E0,-1.257688432E0,-1.246893010E0,2.465502030E0
4.137874704E1,1.109560626E0,-6.565426227E-1,-1.326615118E0,1.849886664E0
4.138876804E1,6.070532513E-1,-1.231534714E-1,-1.267668752E0,1.410909101E0
4.139878904E1,2.298061001E-1,2.468174046E-1,-1.128909135E0,1.178204359E0
4.140881104E1,1.895725787E-2,4.456926110E-1,-1.010907061E0,1.104958989E0
4.141883204E1,-7.742707551E-2,5.130215451E-1,-9.529938251E-1,1.085072942E0
4.142885304E1,-1.025221556E-1,4.774169719E-1,-9.869217823E-1,1.101114146E0
4.143887404E1,-1.137540722E-1,3.513360921E-1,-1.070556920E0,1.132461548E0
4.144889604E1,-1.864946043E-1,2.321812391E-1,-1.133390953E0,1.171863225E0
4.145891704E1,-3.211817086E-1,1.750866866E-1,-1.147990866E0,1.204863505E0
4.146893804E1,-5.141608751E-1,1.457938904E-1,-1.075942717E0,1.201361725E0
4.147895904E1,-6.752475733E-1,1.478655589E-1,-9.105296639E-1,1.143191925E0
4.148898004E1,-7.724832612E-1,1.813329747E-1,-7.087452485E-1,1.063922866E0
4.149900204E1,-7.606677926E-1,2.079255268E-1,-5.524988023E-1,9.628621095E-1
4.150902304E1,-7.058706111E-1,2.237059924E-1,-4.320876020E-1,8.573198857E-1
4.151904404E1,-6.618030703E-1,2.210633433E-1,-3.675180421E-1,7.886201981E-1
4.152906504E1,-6.621293449E-1,2.050247231E-1,-3.016064000E-1,7.559211778E-1
4.153908704E1,-6.947831208E-1,1.237571964E-1,-2.456679151E-1,7.472564172E-1
4.154910804E1,-7.337618297E-1,2.681503862E-2,-2.094648794E-1,7.635450247E-1
4.155912904E1,-8.128729033E-1,-1.129480335E-1,-1.631800745E-1,8.367480815E-1
4.156915004E1,-8.866448843E-1,-2.623867857E-1,-1.188821534E-1,9.322654894E-1
4.157917204E1,-9.574149048E-1,-3.855469814E-1,-6.156891502E-2,1.033963494E0
4.158919304E1,-1.003387468E0,-4.569414845E-1,-3.947228707E-2,1.103240678E0
4.159921404E1,-1.008042437E0,-4.678161362E-1,3.919900283E-3,1.111313123E0
4.160923504E1,-9.922982240E-1,-4.416931155E-1,5.297401965E-2,1.087453365E0
4.161925704E1,-9.764686418E-1,-4.357234007E-1,1.124408606E-1,1.075169213E0
4.162927804E1,-9.593526721E-1,-4.200923315E-1,1.830149263E-1,1.063169591E0
4.163929904E1,-9.404907238E-1,-4.352755040E-1,1.976335502E-1,1.055010230E0
4.164932004E1,-9.055009854E-1,-4.744199815E-1,2.137180344E-1,1.044357100E0
4.165934104E1,-8.603581417E-1,-5.086852500E-1,2.737760655E-1,1.036306012E0
4.166936304E1,-8.103480756E-1,-5.139044747E-1,3.481537084E-1,1.020770698E0
4.167938404E1,-7.722423559E-1,-4.676480287E-1,4.090226386E-1,9.911369502E-1
4.168940504E1,-7.717336482E-1,-4.157469732E-1,3.997087184E-1,9.634238055E-1
4.169942604E1,-8.044546670E-1,-3.435899931E-1,3.730488503E-1,9.509820394E-1
4.170944804E1,-8.390497184E-1,-2.841805279E-1,3.834001762E-1,9.652764876E-1
4.171946904E1,-8.575245810E-1,-2.633527458E-1,4.347276199E-1,9.968405987E-1
4.172949004E1,-8.707749563E-1,-2.813884825E-1,5.626541003E-1,1.074247709E0
4.173951104E1,-8.427018893E-1,-2.915638071E-1,6.850545233E-1,1.124480159E0
4.174953204E1,-7.508666897E-1,-2.686491537E-1,7.720160687E-1,1.109946829E0
4.175955404E1,-6.905520755E-1,-1.505862683E-1,8.339053380E-1,1.093131514E0
4.176957542E1,-6.900141317E-1,1.214992940E-2,8.905338675E-1,1.126640001E0
4.177959642E1,-7.529231554E-1,1.646558386E-1,8.931867492E-1,1.179740392E0
4.178961742E1,-8.629835415E-1,2.245629019E-1,8.401028019E-1,1.225129302E0
4.179963942E1,-9.831508398E-1,2.488066274E-1,8.638249558E-1,1.332172611E0
4.180966042E1,-1.099907457E0,3.369545728E-1,9.452439255E-1,1.488899217E0
4.181968142E1,-1.218051034E0,4.835056776E-1,9.382582569E-1,1.611755136E0
4.182970242E1,-1.251992952E0,5.898121512E-1,9.131725323E-1,1.658085884E0
4.183972442E1,-1.226304964E0,5.741521382E-1,7.705378926E-1,1.557948390E0
4.184974542E1,-1.090284694E0,4.501256776E-1,6.551466000E-1,1.349277921E0
4.185976642E1,-8.978183287E-1,2.554151505E-1,6.013451993E-1,1.110374126E0
4.186978742E1,-7.085012734E-1,2.041146040E-2,5.651462567E-1,9.065213586E-1
4.187980842E1,-5.208196843E-1,-2.090932158E-1,4.767971671E-1,7.364160882E-1
4.188983042E1,-3.982485956E-1,-4.204165596E-1,4.191260791E-1,7.148557180E-1
4.189985142E1,-3.821751845E-1,-6.201574463E-1,4.082362247E-1,8.350508637E-1
4.190987242E1,-4.579135841E-1,-7.799738368E-1,3.538021553E-1,9.711951409E-1
4.191989442E1,-6.329043764E-1,-8.978636447E-1,2.678434074E-1,1.130693223E0
4.192991542E1,-8.920406950E-1,-9.545436296E-1,2.322887914E-1,1.326969564E0
4.193993642E1,-1.131210526E0,-9.487537166E-1,2.414654481E-1,1.496020198E0
4.194995742E1,-1.193441273E0,-9.977832046E-1,2.841489347E-1,1.581332986E0
4.195997842E1,-8.993994159E-1,-1.117747020E0,2.939676340E-1,1.464477613E0
4.197000042E1,-3.748088622E-1,-1.108051752E0,3.971475649E-1,1.235308284E0
4.198002142E1,1.407044739E-1,-8.971333274E-1,6.047857010E-1,1.091059898E0
4.199004242E1,5.341443193E-1,-5.885471061E-1,7.234128428E-1,1.074720425E0
4.200006342E1,7.827293372E-1,-3.046685869E-1,7.189806533E-1,1.105631649E0
4.201008542E1,1.171137069E0,-3.244090793E-1,4.800680995E-1,1.306624914E0
4.202010642E1,1.810445316E0,-5.759206286E-1,1.481134808E-1,1.905606049E0
4.203012742E1,2.518081786E0,-8.420817921E-1,-6.773412785E-2,2.656016856E0
4.204014842E1,3.144584631E0,-1.108946960E0,-2.889582696E-1,3.346890010E0
4.205017042E1,3.573643960E0,-1.336463875E0,-6.465886152E-1,3.869773078E0
4.206019142E1,3.669637699E0,-1.434819013E0,-9.948300683E-1,4.063820039E0
4.207021242E1,3.274292246E0,-1.360680704E0,-1.089885914E0,3.709486891E0
4.208023342E1,2.575604939E0,-1.041936992E0,-1.038249738E0,2.966030347E0
4.209025442E1,1.778899587E0,-5.783270502E-1,-1.034420396E0,2.137515257E0
4.210027642E1,1.123241941E0,-1.661652973E-1,-1.251208840E0,1.689617390E0
4.211029742E1,6.060305732E-1,1.238878816E-1,-1.465588231E0,1.590776580E0
4.212031842E1,3.000387615E-1,2.688979527E-1,-1.530623302E0,1.582762478E0
4.213033942E1,2.600671953E-1,2.622362199E-1,-1.509258161E0,1.553789876E0
4.214036142E1,3.796977192E-1,1.653463948E-1,-1.419489368E0,1.478668270E0
4.215038242E1,5.000030118E-1,1.412482649E-2,-1.322038502E0,1.413502148E0
4.216040342E1,5.856898642E-1,-1.309282216E-1,-1.285999188E0,1.419143660E0
4.217042442E1,6.091962558E-1,-2.501821849E-1,-1.284652575E0,1.443621641E0
4.218044542E1,5.299963045E-1,-2.806341916E-1,-1.223435150E0,1.362514293E0
4.219046742E1,3.915541184E-1,-1.852620113E-1,-1.105025525E0,1.186894288E0
4.220048842E1,2.514770508E-1,-1.367692977E-2,-9.885542518E-1,1.020131008E0
4.221050942E1,1.506453252E-1,1.827918550E-1,-9.014763469E-1,9.320764347E-1
4.222053042E1,8.181541085E-2,3.837945709E-1,-8.000867969E-1,8.911402340E-1
4.223055242E1,3.700819731E-2,5.656026319E-1,-6.606944382E-1,8.705131157E-1
4.224057342E1,-5.908143640E-2,7.099189308E-1,-5.196070083E-1,8.817408619E-1
4.225059442E1,-1.931329483E-1,8.183961833E-1,-4.024843552E-1,9.322372577E-1
4.226061542E1,-3.522011876E-1,8.740678158E-1,-3.249947144E-1,9.968258562E-1
4.227063742E1,-5.470228118E-1,8.976078290E-1,-2.529938185E-1,1.081175122E0
4.228065842E1,-7.871702975E-1,8.893667632E-1,-1.702574712E-1,1.199832456E0
4.229067942E1,-9.381571001E-1,8.591772965E-1,-1.466616172E-1,1.280560034E0
4.230070042E1,-1.034116341E0,8.607931745E-1,-1.988362859E-1,1.360109321E0
4.231072242E1,-1.031531287E0,9.016342217E-1,-1.674882299E-1,1.380236709E0
4.232074342E1,-9.975186181E-1,9.159783188E-1,-1.099697908E-1,1.358732140E0
4.233076442E1,-9.385611427E-1,9.302578041E-1,-1.655701239E-2,1.321571313E0
4.234078542E1,-8.596225619E-1,9.442966765E-1,2.388938427E-2,1.277191397E0
4.235080642E1,-8.037413067E-1,9.642029375E-1,2.712168854E-2,1.255556840E0
4.236082842E1,-7.702022624E-1,9.492203245E-1,3.669124167E-2,1.222937855E0
4.237084942E1,-7.438260573E-1,9.051077601E-1,3.466225784E-2,1.172048947E0
4.238087042E1,-7.181901097E-1,8.376738685E-1,3.536801677E-2,1.103968043E0
4.239089142E1,-6.664767498E-1,7.340650079E-1,8.286321362E-2,9.949417098E-1
4.240091342E1,-6.321869230E-1,6.075350618E-1,1.951075530E-1,8.982349995E-1
4.241093442E1,-6.422178215E-1,5.078046593E-1,2.819393267E-1,8.659093984E-1
4.242095542E1,-7.265902197E-1,5.170830211E-1,2.796688163E-1,9.346244406E-1
4.243097642E1,-8.655855525E-1,6.155682591E-1,2.027078005E-1,1.081320065E0
4.244099842E1,-9.733555841E-1,7.642682156E-1,1.311355054E-1,1.244477207E0
4.245101942E1,-1.031528948E0,1.001047413E0,1.782973927E-1,1.448425992E0
4.246104042E1,-9.914521319E-1,1.155106342E0,2.502777869E-1,1.542688226E0
4.247106142E1,-8.740412110E-1,1.216633961E0,3.251888055E-1,1.532936396E0
4.248108242E1,-7.089503396E-1,1.198916606E0,3.968692374E-1,1.448280637E0
4.249110442E1,-5.416135526E-1,1.072285210E0,4.490790260E-1,1.282502548E0
4.250112542E1,-4.191430360E-1,9.050650755E-1,4.840757811E-1,1.108671745E0
4.251114642E1,-3.652580202E-1,7.137392092E-1,4.802844465E-1,9.346176916E-1
4.252116742E1,-3.872014511E-1,5.261619928E-1,4.676918463E-1,8.034345459E-1
4.253118942E1,-4.354444885E-1,3.753649324E-1,4.302837360E-1,7.180911004E-1
4.254121042E1,-4.879694420E-1,2.322937980E-1,3.799088037E-1,6.606097820E-1
4.255123142E1,-4.902767533E-1,8.420955330E-2,2.952399699E-1,5.784714198E-1
4.256125242E1,-4.861293232E-1,-4.370735228E-2,2.468553933E-1,5.469640178E-1
4.257127442E1,-4.583439392E-1,-1.097773808E-1,3.023308518E-1,5.599412325E-1
4.258129542E1,-4.480224341E-1,-7.210230857E-2,3.959740287E-1,6.022609698E-1
4.259131642E1,-4.295072258E-1,6.794552296E-2,4.639818245E-1,6.359026534E-1
4.260133742E1,-3.913260770E-1,2.376630038E-1,4.865193325E-1,6.680724982E-1
4.261135842E1,-3.168828356E-1,3.692200935E-1,5.235503340E-1,7.147329300E-1
4.262138042E1,-1.928417569E-1,4.631971282E-1,5.811068165E-1,7.677399657E-1
4.263140142E1,-6.312770963E-2,4.980050182E-1,6.560727990E-1,8.260905661E-1
4.264142242E1,3.203280151E-2,5.039256164E-1,7.625090808E-1,9.145420852E-1
4.265144342E1,1.098878932E-1,5.280240387E-1,8.529812944E-1,1.009188695E0
4.266146542E1,1.557446820E-1,5.725005922E-1,9.111757082E-1,1.087315274E0
4.267148642E1,1.884586841E-1,6.359718257E-1,9.523196411E-1,1.160555702E0
4.268150742E1,1.911337852E-1,7.159889254E-1,1.006970057E0,1.250264357E0
4.269152842E1,1.694254124E-1,7.774873084E-1,1.045890879E0,1.314183859E0
4.270155042E1,8.491560459E-2,8.218758613E-1,9.944611090E-1,1.292920527E0
4.271157142E1,3.368873298E-2,8.425036687E-1,8.383568233E-1,1.189028816E0
4.272159242E1,6.254123390E-2,8.388555908E-1,5.567631036E-1,1.008749355E0
4.273161342E1,1.078214872E-1,7.364664593E-1,2.358678355E-1,7.807957189E-1
4.274163542E1,6.130337834E-2,4.794117495E-1,-2.957876164E-2,4.842196123E-1
4.275165642E1,-8.870226145E-3,2.564217487E-1,-2.203733718E-1,3.382236200E-1
4.276167667E1,1.634513122E-1,7.567144901E-2,-2.915105975E-1,3.426673724E-1
4.277169767E1,7.747654295E-1,-2.392145625E-1,-3.671256208E-1,8.900934216E-1
4.278171867E1,1.798450922E0,-6.865519953E-1,-5.060917175E-1,1.990454267E0
4.279174067E1,2.969603779E0,-1.147048879E0,-1.191720510E0,3.399186007E0
4.280176167E1,3.976845732E0,-2.193134178E0,-1.624737308E-1,4.544396243E0
4.281178267E1,4.029886410E0,-2.746260898E0,1.171657763E-2,4.876686444E0
4.282180367E1,3.576702638E0,-2.624294412E0,4.133018138E-1,4.455394630E0
4.283182567E1,2.790957307E0,-2.114582098E0,-2.197038656E-1,3.508442665E0
4.284184667E1,2.198555424E0,-1.475854188E0,-7.591872776E-1,2.754660934E0
4.285186767E1,1.667670928E0,-8.561276811E-1,-1.042085511E0,2.144766454E0
4.286188867E1,1.232693047E0,-2.634568262E-1,-1.121399556E0,1.687151034E0
4.287190967E1,9.351510465E-1,1.783067483E-1,-1.172000191E0,1.509928880E0
4.288193167E1,8.655411136E-1,3.197690213E-1,-1.202136156E0,1.515435575E0
4.289195267E1,8.150036287E-1,3.447597286E-1,-1.153629336E0,1.453943200E0
4.290197367E1,8.610867047E-1,2.070116070E-1,-1.079179078E0,1.396048567E0
4.291199467E1,9.254376519E-1,5.357102036E-2,-9.880332649E-1,1.354811586E0
4.292201667E1,9.048513597E-1,-5.939777076E-2,-8.993228173E-1,1.277131790E0
4.293203767E1,7.882789296E-1,-1.153535780E-1,-8.564627997E-1,1.169708787E0
4.294205867E1,5.681096256E-1,-8.506353915E-2,-8.764436857E-1,1.047920744E0
4.295207967E1,3.176809806E-1,-2.214048207E-3,-9.158482913E-1,9.693834123E-1
4.296210167E1,6.332651496E-2,1.170308518E-1,-9.193922887E-1,9.289718232E-1
4.297212267E1,-1.953297472E-1,2.041049561E-1,-8.813671875E-1,9.255380394E-1
4.298214367E1,-3.957266915E-1,2.723504412E-1,-8.085344155E-1,9.404798128E-1
4.299216467E1,-5.407160050E-1,3.477266058E-1,-7.451955483E-1,9.841768112E-1
4.300218567E1,-6.961285651E-1,4.688861766E-1,-6.896007335E-1,1.086277311E0
4.301220767E1,-8.304467100E-1,5.820777467E-1,-5.971895832E-1,1.176899163E0
4.302222867E1,-8.926283401E-1,6.416485950E-1,-5.056642860E-1,1.210039108E0
4.303224967E1,-9.893974203E-1,5.754323861E-1,-4.041554528E-1,1.213825076E0
4.304227067E1,-1.128752941E0,4.047697029E-1,-2.851980165E-1,1.232582502E0
4.305229267E1,-1.234385231E0,2.550651947E-1,-2.406168710E-1,1.283223142E0
4.306231367E1,-1.305064035E0,1.468993065E-1,-2.162873375E-1,1.330996527E0
4.307233467E1,-1.332331356E0,7.354452431E-2,-1.597489283E-1,1.343888150E0
4.308235567E1,-1.300530689E0,1.007826090E-2,-1.150300808E-1,1.305646799E0
4.309237767E1,-1.229053740E0,-6.074146092E-2,-5.126502469E-2,1.231621177E0
4.310239867E1,-1.122789366E0,-1.389915320E-1,1.951069683E-3,1.131361310E0
4.311241967E1,-9.879215831E-1,-2.062850904E-1,3.676495314E-2,1.009898141E0
4.312244067E1,-8.539759058E-1,-2.678185567E-1,9.185910009E-2,8.996886802E-1
4.313246267E1,-7.616173804E-1,-2.683594242E-1,1.389011925E-1,8.193725379E-1
4.314248367E1,-7.371005899E-1,-2.544445127E-1,1.804327959E-1,8.003844598E-1
4.315250467E1,-7.487710476E-1,-2.354355070E-1,1.797679675E-1,8.052356685E-1
4.316252567E1,-7.952903259E-1,-2.434032154E-1,1.697212815E-1,8.488445919E-1
4.317254667E1,-8.501208365E-1,-2.709243053E-1,1.727144712E-1,9.088100486E-1
4.318256867E1,-8.811853391E-1,-2.963307497E-1,1.789745003E-1,9.467477947E-1
4.319258967E1,-8.987626541E-1,-3.370145068E-1,2.225355991E-1,9.853299848E-1
4.320261067E1,-8.576596516E-1,-3.888360402E-1,3.042534345E-1,9.896179549E-1
4.321263167E1,-7.988191205E-1,-4.284351388E-1,4.018908262E-1,9.915568020E-1
4.322265367E1,-7.398493659E-1,-4.144997621E-1,4.955018252E-1,9.821961086E-1
4.323267467E1,-7.119809514E-1,-3.494146970E-1,5.762278998E-1,9.803295865E-1
4.324269567E1,-7.466666347E-1,-2.158581519E-1,6.251626629E-1,9.974638641E-1
4.325271667E1,-8.293795931E-1,-6.660417169E-2,6.802147830E-1,1.074708694E0
4.326273867E1,-9.452199519E-1,2.324969888E-2,7.275661200E-1,1.193035525E0
4.327275967E1,-1.046238788E0,7.344161332E-2,7.232690012E-1,1.274020142E0
4.328278067E1,-1.072225569E0,1.203085086E-1,7.137006176E-1,1.293642292E0
4.329280167E1,-1.047279008E0,2.231104535E-1,7.361222776E-1,1.299402787E0
4.330282267E1,-9.695794523E-1,3.401290262E-1,7.577511283E-1,1.276698414E0
4.331284467E1,-8.635904825E-1,4.456519729E-1,7.328631127E-1,1.217161675E0
4.332286567E1,-7.464268988E-1,4.993343827E-1,6.634204102E-1,1.116518957E0
4.333288667E1,-6.394877565E-1,4.512267083E-1,6.071029526E-1,9.905171013E-1
4.334290767E1,-5.090515780E-1,3.490390134E-1,6.029642934E-1,8.628601747E-1
4.335292967E1,-3.644171906E-1,1.937606469E-1,6.231378452E-1,7.474248130E-1
4.336295067E1,-2.293663895E-1,2.756085098E-3,6.175373820E-1,6.587632009E-1
4.337297167E1,-1.645751470E-1,-1.652212644E-1,5.715893036E-1,6.173308491E-1
4.338299267E1,-1.994602203E-1,-2.888325727E-1,4.504583842E-1,5.710703901E-1
4.339301467E1,-3.608726084E-1,-4.158969542E-1,3.571864871E-1,6.563394721E-1
4.340303567E1,-6.314443266E-1,-4.928050894E-1,3.041523143E-1,8.567890195E-1
4.341305667E1,-9.779766387E-1,-4.918905848E-1,3.263512319E-1,1.142322100E0
4.342307767E1,-1.278558607E0,-4.013683775E-1,3.814928875E-1,1.393321753E0
4.343309867E1,-1.572304595E0,-2.707310548E-1,3.658801639E-1,1.636858374E0
4.344312067E1,-1.701832700E0,-2.455324790E-1,4.042805833E-1,1.766341849E0
4.345314167E1,-1.512059562E0,-4.295461097E-1,4.925980614E-1,1.647266472E0
4.346316267E1,-9.401147479E-1,-5.633327428E-1,4.032210678E-1,1.167795679E0
4.347318367E1,-2.448094708E-1,-5.620524949E-1,7.235497407E-1,9.483453544E-1
4.348320567E1,2.204733592E-1,-2.799076751E-1,8.959355253E-1,9.641873647E-1
4.349322667E1,4.363958305E-1,1.101478019E-1,7.205985779E-1,8.496094218E-1
4.350324767E1,5.731294602E-1,1.571138075E-1,3.473702180E-1,6.883517960E-1
4.351326867E1,9.700437212E-1,-2.094338161E-1,1.282786290E-1,1.000651163E0
4.352329067E1,1.643932986E0,-6.356031588E-1,2.020236397E-1,1.774068936E0
4.353331167E1,2.413318977E0,-9.319710383E-1,2.881360962E-1,2.603017655E0
4.354333267E1,3.152664313E0,-1.041745788E0,1.315670300E-1,3.322925886E0
4.355335367E1,3.666157436E0,-1.077459119E0,-2.576791924E-1,3.829886039E0
4.356337467E1,3.779267730E0,-1.011499895E0,-5.711877461E-1,3.953764289E0
4.357339667E1,3.531231766E0,-8.582873502E-1,-7.036400445E-1,3.701535394E0
4.358341767E1,3.041678898E0,-7.311835000E-1,-7.228082407E-1,3.210746265E0
4.359343867E1,2.367562176E0,-5.859085500E-1,-6.556563310E-1,2.525574135E0
4.360345967E1,1.685420151E0,-4.000892991E-1,-7.062318228E-1,1.870688622E0
4.361348167E1,1.159340896E0,-2.184122157E-1,-9.995932102E-1,1.546273519E0
4.362350267E1,7.760360295E-1,-8.212034315E-2,-1.227561530E0,1.454607501E0
4.363352367E1,5.308640313E-1,-5.233638078E-2,-1.233560774E0,1.343959783E0
4.364354467E1,4.430651647E-1,-8.186101913E-2,-1.160232012E0,1.244647053E0
4.365356667E1,4.384411865E-1,-1.349882358E-1,-1.155096475E0,1.242859753E0
4.366358767E1,4.615663397E-1,-1.737845117E-1,-1.216187673E0,1.312385994E0
4.367360867E1,4.623545444E-1,-1.891471937E-1,-1.251803502E0,1.347798350E0
4.368362967E1,4.254907733E-1,-1.452196938E-1,-1.185381471E0,1.267777737E0
4.369365067E1,3.673179942E-1,-2.381658643E-2,-1.072314447E0,1.133731896E0
4.370367267E1,3.294467479E-1,1.142659959E-1,-1.014827034E0,1.073063739E0
4.371369367E1,3.321563476E-1,2.306969234E-1,-9.781527860E-1,1.058457265E0
4.372371467E1,3.586968595E-1,3.366598731E-1,-9.110857341E-1,1.035413213E0
4.373373567E1,3.613117343E-1,4.351202604E-1,-8.073532780E-1,9.857459743E-1
4.374375767E1,3.162642002E-1,5.287531865E-1,-6.704306370E-1,9.105384207E-1
4.375377867E1,2.010231811E-1,6.119558492E-1,-5.536886376E-1,8.493947187E-1
4.376380050E1,4.612283707E-3,6.774683458E-1,-4.529912518E-1,8.149758934E-1
4.377382150E1,-2.211808723E-1,7.204152676E-1,-3.868033288E-1,8.470749384E-1
4.378384350E1,-4.297364366E-1,7.407580233E-1,-3.459768996E-1,9.236318905E-1
4.379386450E1,-6.790763301E-1,8.195767361E-1,-2.594351113E-1,1.095516894E0
4.380388550E1,-7.939998454E-1,8.145864299E-1,7.536359310E-2,1.140029156E0
4.381390650E1,-9.086035180E-1,9.461727557E-1,-2.260666595E-1,1.331130862E0
4.382392750E1,-9.103372175E-1,9.714169398E-1,-6.123699783E-1,1.465387905E0
4.383394950E1,-8.863922846E-1,9.782912189E-1,-1.251193053E-1,1.326046693E0
4.384397050E1,-8.914817011E-1,9.656504157E-1,-1.158350962E-1,1.319332452E0
4.385399150E1,-8.546126676E-1,9.608752871E-1,-3.004365183E-2,1.286291860E0
4.386401250E1,-8.003639549E-1,9.459964621E-1,-4.604682326E-2,1.240004870E0
4.387403450E1,-7.302382976E-1,9.746077654E-1,-5.490477026E-2,1.219066365E0
4.388405550E1,-6.837909400E-1,9.881496245E-1,-1.624765813E-2,1.201779396E0
4.389407650E1,-6.446660507E-1,9.430199370E-1,4.350752369E-2,1.143142083E0
4.390409750E1,-6.268530929E-1,8.746411353E-1,6.941470899E-2,1.078313645E0
4.391411950E1,-6.576076931E-1,8.435786793E-1,9.309227787E-2,1.073656853E0
4.392414050E1,-7.603830332E-1,8.494486991E-1,8.178844057E-2,1.142993788E0
4.393416150E1,-8.470832080E-1,9.149117866E-1,9.858171701E-2,1.250732543E0
4.394418250E1,-9.456988388E-1,1.014203940E0,1.348993582E-1,1.393252943E0
4.395420350E1,-9.374244440E-1,1.134802178E0,1.797445055E-1,1.482851530E0
4.396422550E1,-8.532502663E-1,1.231979687E0,2.203307603E-1,1.514713045E0
4.397424650E1,-7.393523526E-1,1.242235703E0,2.653980287E-1,1.469771260E0
4.398426750E1,-6.064574200E-1,1.175035700E0,3.340355697E-1,1.363847228E0
4.399428850E1,-5.095328039E-1,1.066012318E0,4.243469848E-1,1.255418776E0
4.400431050E1,-4.861983204E-1,9.616357175E-1,5.104467237E-1,1.192345553E0
4.401433150E1,-5.469298410E-1,8.850664285E-1,5.647737160E-1,1.183826078E0
4.402435250E1,-6.334557688E-1,8.110971040E-1,5.553884963E-1,1.169444785E0
4.403437350E1,-6.857468337E-1,7.377654183E-1,5.166276692E-1,1.132011785E0
4.404439450E1,-6.422283465E-1,6.487134933E-1,5.015582981E-1,1.041559970E0
4.405441650E1,-5.150999379E-1,5.275205934E-1,5.039007658E-1,8.930408189E-1
4.406443750E1,-3.420796573E-1,3.646197966E-1,5.544475331E-1,7.465776282E-1
4.407445850E1,-1.532911903E-1,2.331708804E-1,6.358326620E-1,6.943702345E-1
4.408447950E1,4.261041462E-2,1.927096099E-1,7.102577039E-1,7.371693476E-1
4.409450150E1,2.105488801E-1,2.489373127E-1,7.449399519E-1,8.131642814E-1
4.410452250E1,3.417276549E-1,4.010116974E-1,7.484008458E-1,9.152551543E-1
4.411454350E1,4.389229971E-1,5.595086637E-1,7.236560138E-1,1.014584333E0
4.412456450E1,5.107554567E-1,6.595045298E-1,7.436933255E-1,1.117540659E0
4.413458650E1,5.421824867E-1,7.239496171E-1,7.929367485E-1,1.202835643E0
4.414460750E1,5.483080298E-1,7.465900362E-1,8.156731349E-1,1.234245130E0
4.415462850E1,4.833752847E-1,7.632262418E-1,8.740277624E-1,1.257016504E0
4.416464950E1,3.482771212E-1,7.827430782E-1,8.790007462E-1,1.227446940E0
4.417467150E1,1.832996857E-1,8.283674401E-1,8.301128340E-1,1.186961966E0
4.418469250E1,-2.827187240E-2,9.418048856E-1,7.890512737E-1,1.228982365E0
4.419471350E1,-2.292014980E-1,1.069522401E0,7.146611689E-1,1.306580300E0
4.420473450E1,-4.308286965E-1,1.184182207E0,6.574469677E-1,1.421315370E0
4.421475550E1,-5.775347525E-1,1.270619549E0,6.285213035E-1,1.530705543E0
4.422477750E1,-5.951629382E-1,1.293169044E0,6.517897866E-1,1.565673985E0
4.423479850E1,-5.070769733E-1,1.208963292E0,6.686473093E-1,1.471668618E0
4.424481950E1,-2.719844055E-1,1.005816109E0,6.012522286E-1,1.202973734E0
4.425484050E1,-7.066769421E-2,7.326523206E-1,5.161617192E-1,8.989973672E-1
4.426486250E1,3.119255662E-2,4.468971375E-1,4.816217047E-1,6.577609699E-1
4.427488350E1,2.353480911E-1,1.481441787E-1,3.804217507E-1,4.712283205E-1
4.428490450E1,6.739225942E-1,-2.013743064E-1,2.167585500E-1,7.360078418E-1
4.429492550E1,1.350535492E0,-6.313788378E-1,6.462518156E-2,1.492233818E0
4.430494750E1,2.310157721E0,-1.224851638E0,-2.517211720E-2,2.614904179E0
4.431496850E1,3.154295102E0,-1.771056132E0,-1.586631735E-1,3.620965536E0
4.432498950E1,3.687967551E0,-2.243759079E0,-2.269381870E-1,4.322853271E0
4.433501050E1,3.640798062E0,-2.457581230E0,-2.788642395E-1,4.401463540E0
4.434503150E1,3.030504869E0,-2.316661871E0,-4.034665047E-1,3.835839831E0
4.435505350E1,2.271359691E0,-2.031773830E0,-7.533459091E-1,3.139221210E0
4.436507450E1,1.572077138E0,-1.674444342E0,-1.068650727E0,2.533220235E0
4.437509550E1,9.871544284E-1,-1.243529984E0,-1.188914505E0,1.983521713E0
4.438511650E1,5.759507418E-1,-7.803039122E-1,-1.204711781E0,1.546584601E0
4.439513850E1,4.057441413E-1,-3.814384353E-1,-1.156472837E0,1.283570415E0
4.440515950E1,4.285699171E-1,-7.874620736E-2,-1.034903961E0,1.122897746E0
4.441518050E1,6.123239315E-1,1.225000450E-1,-8.961933875E-1,1.092295494E0
4.442520150E1,8.493355554E-1,2.201643339E-1,-7.884872366E-1,1.179642040E0
4.443522250E1,1.020860703E0,1.922187361E-1,-7.263696335E-1,1.267563593E0
4.444524450E1,1.039838426E0,5.287783295E-2,-7.283179258E-1,1.270632527E0
4.445526550E1,8.766835678E-1,-1.350595719E-1,-7.379010737E-1,1.153825446E0
4.446528650E1,5.984689540E-1,-2.485560742E-1,-7.608759534E-1,9.994385561E-1
4.447530750E1,2.952522308E-1,-2.868822339E-1,-8.101258814E-1,9.087239623E-1
4.448532950E1,4.854650795E-2,-2.474266845E-1,-8.012977552E-1,8.400326304E-1
4.449535050E1,-1.785418063E-1,-1.407907203E-1,-7.634516519E-1,7.965912555E-1
4.450537150E1,-4.274963683E-1,-2.512782454E-2,-6.843546116E-1,8.072953530E-1
4.451539250E1,-6.521224201E-1,6.501840681E-2,-6.095751554E-1,8.950267672E-1
4.452541450E1,-8.373557800E-1,1.270263746E-1,-5.670179504E-1,1.019220172E0
4.453543550E1,-1.005331083E0,1.505310121E-1,-5.647154631E-1,1.162864449E0