"Time (s)","Linear Acceleration x (m/s^2)","Linear Acceleration y (m/s^2)","Linear Acceleration z (m/s^2)","Absolute acceleration (m/s^2)"
2.286708332E-3,1.407043277E0,-1.092091776E-1,8.935095155E-1,1.670346276E0
1.231070833E-2,6.942358214E-1,2.455171300E-1,7.337746936E-1,1.039551508E0
2.233570833E-2,-3.013970697E-1,6.239707080E-1,2.794729346E-1,7.471845550E-1
3.236070834E-2,-7.415690321E-1,8.780734509E-1,-2.268398076E-1,1.171492174E0
4.238470834E-2,-5.746196231E-1,6.619037886E-1,-3.543453616E-1,9.454443251E-1
5.240970834E-2,-1.077928358E-1,3.470296177E-1,-2.790513504E-1,4.581686449E-1
6.243370834E-2,2.100173682E-1,-3.598961234E-2,-5.032289207E-1,5.464813755E-1
7.245870834E-2,5.542140099E-1,-3.993085496E-1,-8.458161163E-1,1.087200712E0
8.248270834E-2,9.193697038E-1,-2.242803352E-1,-8.063175899E-1,1.243257969E0
9.250770834E-2,7.802895865E-1,4.263804272E-2,-6.134237927E-1,9.934578959E-1
1.025317083E-1,1.912551150E-1,1.849781290E-2,-1.922956270E-1,2.718424107E-1
1.125567083E-1,-3.291339219E-1,1.404727779E-1,2.271684211E-1,4.238717158E-1
1.225807083E-1,-4.323790857E-1,6.805922207E-1,2.298598945E-1,8.384467877E-1
1.326057083E-1,-6.870776600E-1,3.042649828E-1,-1.679916751E-1,7.699831774E-1
1.426297083E-1,-6.132556853E-1,-1.813494931E-1,-2.509285820E-1,6.869754926E-1
1.526547083E-1,-1.769133568E-1,-3.169081248E-1,-4.869514418E-1,6.073308835E-1
1.626797083E-1,4.165585667E-1,-1.684186681E-1,-8.256970167E-1,9.400326859E-1
1.727037083E-1,8.377738559E-1,-1.470862712E-1,-1.091997929E0,1.384181665E0
1.827287083E-1,1.004276830E0,-1.954654026E-1,-1.308866479E0,1.661297726E0
1.927527083E-1,8.591635555E-1,-2.027039632E-1,-1.265762560E0,1.543180407E0
2.027777083E-1,5.330014810E-1,-1.598488426E-1,-8.742493719E-1,1.036317613E0
2.128017083E-1,1.660261336E-1,4.458750442E-2,-5.815523744E-1,6.064287977E-1
2.228267083E-1,-1.109105712E-1,3.381728402E-1,-9.433377331E-1,1.008240102E0
2.328507083E-1,-1.678054413E-1,4.915496922E-1,-1.295917820E0,1.396131356E0
2.428757083E-1,9.716508284E-2,2.988055837E-1,-1.204109518E0,1.244429814E0
2.528997083E-1,2.168132946E-2,2.082433230E-1,-1.181243396E0,1.199654668E0
2.629247083E-1,-1.917033041E-1,6.049920347E-1,-1.019841533E0,1.201183696E0
2.729497083E-1,-1.251888871E-1,7.425700754E-1,-1.604338565E0,1.772282372E0
2.829737083E-1,-6.025014862E-1,6.258089264E-1,-1.815859253E0,2.012955459E0
2.929992917E-1,-8.867144662E-1,4.059539102E-1,-1.080815713E0,1.455755381E0
3.030232917E-1,-9.301449528E-1,4.073525642E-1,-1.345711539E0,1.685836674E0
3.130482917E-1,-3.768667898E-1,-5.711918391E-2,-1.678798179E0,1.721526795E0
3.230722917E-1,1.390399177E0,-7.416276504E-1,-9.000800318E-1,1.814763210E0
3.330972917E-1,3.954440371E0,-1.125049242E0,-1.008059978E-1,4.112602132E0
3.431212917E-1,6.934892489E0,-9.542997276E-1,2.644467598E-1,7.005237604E0
3.531462917E-1,6.677157163E0,-1.027881893E0,-6.144909096E-1,6.783698699E0
3.631702917E-1,4.504532386E0,-1.105196629E0,-1.041517162E0,4.753633306E0
3.731952917E-1,2.411163109E0,-1.491600593E0,-1.506910504E0,3.210819075E0
3.832202917E-1,2.198958736E-1,-1.874213588E0,-1.899732884E0,2.677688518E0
3.932442917E-1,-1.283583411E0,-1.597588394E0,-1.661215602E0,2.638088763E0
4.032692917E-1,-2.060501493E0,-1.096338024E0,-1.532192695E0,2.791995330E0
4.132932917E-1,-1.599282770E0,-1.147077969E0,-1.761928629E0,2.641568803E0
4.233182917E-1,-1.074687174E0,-1.719744038E0,-1.534068482E0,2.542801247E0
4.333422917E-1,-2.726427655E-1,-2.163237949E0,-1.471541281E0,2.630468826E0
4.433672917E-1,6.223230357E-1,-2.341124575E0,-2.662622618E0,3.599681853E0
4.533912917E-1,1.289062691E0,-2.464228930E0,-3.578762028E0,4.532289100E0
4.634162917E-1,1.888428754E0,-2.843773452E0,-3.846842247E0,5.143093027E0
4.734402917E-1,2.372679951E0,-3.630106136E0,-4.119230111E0,5.981248817E0
4.834652917E-1,2.927801449E0,-4.271172933E0,-4.695702424E0,6.990319077E0
4.934892917E-1,3.364790772E0,-4.543380994E0,-4.801925867E0,7.417723359E0
5.035142917E-1,3.337652967E0,-4.540453001E0,-4.926198496E0,7.484856205E0
5.135392917E-1,2.806565280E0,-5.185358788E0,-5.347388057E0,7.959856372E0
5.235632917E-1,6.149990326E-1,-4.817197625E0,-5.459674478E0,7.306959845E0
5.335882917E-1,-1.776760091E0,-5.748277840E0,-1.131009382E0,6.121989609E0
5.436122917E-1,-2.579643027E0,-6.418355890E0,4.249338260E0,8.118295765E0
5.536372917E-1,-1.826056797E0,-6.492847663E0,6.028979275E0,9.046554333E0
5.636612917E-1,7.289191657E-1,-5.865288811E0,2.564700467E0,6.442873930E0
5.736862917E-1,2.118150946E0,-4.729382094E0,8.065456313E-1,5.244438414E0
5.837102917E-1,1.439021407E0,-3.561082679E0,5.129411459E-1,3.874945299E0
5.937352917E-1,1.929072458E-1,-2.663742360E0,1.122069574E0,2.896856347E0
6.037592917E-1,3.550072664E-1,-2.720579927E0,2.902232745E0,3.993812740E0
6.137842917E-1,2.258245556E0,-3.069286526E0,4.155675221E0,5.638247007E0
6.238082917E-1,4.546588485E0,-2.692131177E0,4.340905657E0,6.838311125E0
6.338332917E-1,5.900252822E0,-1.734415433E0,3.603919673E0,7.128072479E0
6.438582917E-1,6.308327664E0,-1.268240317E0,2.803484382E0,7.018757447E0
6.538822917E-1,6.413958784E0,-9.104654177E-1,2.234903179E0,6.852926876E0
6.639072917E-1,6.343533749E0,1.312357852E-1,1.767709771E0,6.586534832E0
6.739312917E-1,6.482628484E0,1.165829259E0,1.412724139E0,6.736424825E0
6.839562917E-1,6.858187544E0,1.970460219E0,1.019879540E0,7.208162328E0
6.939802917E-1,7.236864924E0,2.236898833E0,5.449920738E-1,7.594270649E0
7.040052917E-1,7.705767181E0,1.993500588E0,8.988983095E-2,7.959960592E0
7.140292917E-1,8.422417134E0,1.724557904E0,-2.951718315E-1,8.602228592E0
7.240542917E-1,9.075483295E0,2.136377887E0,-8.872623503E-1,9.365668262E0
7.340782917E-1,9.016310057E0,3.490764648E0,-1.086920207E0,9.729372046E0
7.441032917E-1,8.539620479E0,2.133653377E0,-1.251968978E0,8.890726684E0
7.541282917E-1,7.320535072E0,4.301808542E0,-2.154373278E0,8.759972300E0
7.641522917E-1,7.163582940E0,5.600745572E0,-3.543497178E0,9.759182535E0
7.741772917E-1,7.135157871E0,5.341168374E0,-5.186602491E0,1.031209983E1
7.842012917E-1,6.957184414E0,6.649933696E0,-5.546668183E0,1.110808539E1
7.942262917E-1,6.594671661E0,7.692948915E0,-5.309725556E0,1.143959540E1
8.042502917E-1,6.098614351E0,7.823275750E0,-4.283350344E0,1.080480590E1
8.142752917E-1,5.364833810E0,7.392886764E0,-3.316158018E0,9.717670529E0
8.242992917E-1,4.555485608E0,6.667724435E0,-3.396256101E0,8.760453970E0
8.343242917E-1,4.175049970E0,6.158999716E0,-3.793036169E0,8.351732942E0
8.443482917E-1,3.621470675E0,5.682913570E0,-3.942961994E0,7.807528789E0
8.543732917E-1,2.837858409E0,5.128532038E0,-3.921682515E0,7.052295722E0
8.643972917E-1,2.532555984E0,3.475344663E0,-3.820448793E0,5.752189958E0
8.744222917E-1,3.109313641E0,3.858693676E0,-3.009986404E0,5.798048496E0
8.844472917E-1,1.705236365E0,1.450747705E0,-1.885338793E0,2.926944196E0
8.944712917E-1,-8.679314554E-1,-1.689227565E0,-2.683314160E0,3.287395574E0
9.044962917E-1,-3.493524241E0,-7.956803352E-1,-3.828175596E0,5.243352669E0
9.145202917E-1,-6.349027208E0,-1.456654855E0,-3.871477736E0,7.577620320E0
9.245452917E-1,-7.152945685E0,-1.871617132E0,-2.495190521E0,7.803432476E0
9.345692917E-1,-5.835508357E0,-1.977453782E0,-2.090309429E0,6.506371858E0
9.445942917E-1,-4.159282953E0,-2.255823054E0,-3.184151570E0,5.703261659E0
9.546182917E-1,-2.408224298E0,-1.972240989E0,-2.795888264E0,4.184049471E0
9.646432917E-1,-8.277774560E-1,-9.895354146E-1,-7.405101013E-1,1.487531870E0
9.746672917E-1,4.252966458E-1,-5.606447777E-1,1.747204170E0,1.883592901E0
9.846922917E-1,1.554189920E0,5.394085675E-2,3.262809484E0,3.614462844E0
9.947172917E-1,2.012031584E0,-2.186256391E-1,3.108061168E0,3.708923359E0
1.004741292E0,2.056011416E0,-6.322424716E-1,2.336892945E0,3.176158391E0
1.014766292E0,2.294318783E0,-8.626923501E-1,2.274356243E0,3.343775275E0
1.024790292E0,2.261678456E0,-1.043571289E0,2.368554448E0,3.437190808E0
1.034815292E0,1.730358927E0,-1.012687757E0,1.796840014E0,2.692269033E0
1.044839292E0,1.358122839E0,-7.588516474E-1,9.017494118E-1,1.798195059E0
1.054864292E0,1.459035841E0,-4.474546695E-1,2.572948842E-1,1.547643992E0
1.064888292E0,1.808996961E0,-6.410165110E-1,-8.492729902E-2,1.921089487E0
1.074913292E0,1.891563739E0,2.769358277E-1,-2.954717937E-1,1.934427670E0
1.084937292E0,1.471043683E0,1.103007066E0,-4.512825492E-1,1.893211569E0
1.094962292E0,1.046838128E0,1.285324127E0,-3.465238336E-1,1.693519101E0
1.104987292E0,8.082676363E-1,1.222274478E0,-3.445147303E-1,1.505304577E0
1.115011292E0,7.704858524E-1,8.106796128E-1,-8.285910961E-1,1.391909871E0
1.125036292E0,3.421504086E-1,7.111015302E-1,-1.186746211E0,1.425166256E0
1.135060292E0,-3.150906640E-1,1.720145595E-1,-1.261644951E0,1.311723720E0
1.145085292E0,-6.711972070E-1,3.157005286E-1,-1.436166211E0,1.616399054E0
1.155109292E0,-1.127133847E0,3.518228728E-1,-1.825303676E0,2.173923539E0
1.165134292E0,-1.734580616E0,4.699179178E-1,-2.154408946E0,2.805542848E0
1.175158292E0,-2.223161092E0,6.663241374E-1,-1.776255476E0,2.922587315E0
1.185183292E0,-1.734627394E0,9.167486894E-1,-4.544023311E-1,2.013912072E0
1.195207292E0,-8.995105129E-1,1.136988160E0,-1.383199793E-1,1.456363161E0
1.205232292E0,-8.193036711E-1,1.900284861E0,-2.633001208E-1,2.086065198E0
1.215256292E0,-1.066467231E0,1.506387178E0,-1.722899634E-1,1.853709394E0
1.225281292E0,-8.587694532E-1,-1.076115721E-1,1.954618943E-1,8.872826924E-1
1.235306292E0,-4.899037009E-1,4.218222302E-1,6.387615323E-1,9.088211734E-1
1.245330292E0,-8.612673837E-1,2.516308326E-1,8.003254364E-1,1.202339547E0
1.255355292E0,-6.743482715E-1,-1.284434474E-1,1.201266090E0,1.383576355E0
1.265379292E0,-1.629086906E-1,-4.074790102E-1,1.480528452E0,1.544196517E0
1.275404292E0,-5.630184549E-1,-5.426847625E-1,1.052018249E0,1.310816131E0
1.285428292E0,-1.210360776E0,-6.999263316E-1,4.123971033E-1,1.457717891E0
1.295453167E0,-1.233424534E0,-8.172992456E-1,1.993918079E-1,1.493007445E0
1.305477167E0,-1.363044441E0,-1.014373217E0,-2.161253697E-1,1.712761906E0
1.315502167E0,-1.339448587E0,-1.398451670E0,-5.001871991E-1,1.999994206E0
1.325526167E0,-1.004330624E0,-1.456608077E0,-1.005963752E0,2.035276434E0
1.335551167E0,-6.312349963E-1,-1.523225990E0,-1.255269731E0,2.072287899E0
1.345576167E0,-3.376305109E-1,-1.573882758E0,-9.873883901E-1,1.888395385E0
1.355600167E0,-2.769007444E-1,-1.357651554E0,-7.116336999E-1,1.557663085E0
1.365625167E0,-7.759255171E-2,-1.210271899E0,-4.064042920E-1,1.279039922E0
1.375649167E0,5.688756108E-3,-1.103124595E0,1.932228492E-1,1.119933616E0
1.385674167E0,-9.250821412E-2,-8.248316288E-1,8.205578989E-1,1.167141916E0
1.395698167E0,-2.884156662E-1,-2.202926803E-1,1.072941268E0,1.132658566E0
1.405723167E0,-1.073808995E0,-5.078774571E-2,1.083091377E0,1.526018376E0
1.415747167E0,-2.022367707E0,-8.343608361E-1,4.776298106E-1,2.239254202E0
1.425772167E0,-1.872682495E0,-1.532803144E0,5.962967134E-1,2.492387405E0
1.435796167E0,-1.208282676E0,-1.800390444E0,4.270239133E-1,2.209909998E0
1.445821167E0,-6.347883493E-1,-2.166809721E0,4.541022228E-1,2.303091280E0
1.455845167E0,-7.689088583E-2,-2.658242469E0,1.119874822E-1,2.661711184E0
1.465870167E0,3.897818273E-1,-2.197521052E0,-3.345256394E-1,2.256753431E0
1.475895167E0,5.791994548E-1,-1.840083683E0,-6.716310704E-1,2.042662053E0
1.485919167E0,9.961632335E-1,-1.686937503E0,-4.040496182E-1,2.000338827E0
1.495944167E0,7.270381165E-1,-1.612070923E0,-1.232442932E0,2.155521437E0
1.505968167E0,3.616748464E-1,-1.258548265E0,-2.341392962E0,2.682698909E0
1.515993167E0,-2.021622187E-1,-9.008963031E-1,-2.898172438E0,3.041691502E0
1.526017167E0,-1.214800567E0,-7.492534429E-1,-3.020221370E0,3.340487729E0
1.536042167E0,-1.878609817E0,-4.637216234E-1,-2.854994259E0,3.448942564E0
1.546066167E0,-1.097972029E0,7.162371397E-2,-1.401096366E0,1.781500368E0
1.556091167E0,-9.096221030E-2,5.312663198E-2,-1.205072554E0,1.209667898E0
1.566115167E0,5.616461134E-1,6.157796359E-1,-1.353456615E0,1.589489140E0
1.576140167E0,1.158877797E0,1.593068642E0,-5.764910245E-1,2.052609887E0
1.586164167E0,1.300742358E0,1.537524186E0,1.541536546E-1,2.019820451E0
1.596189167E0,1.774900092E0,1.952992832E0,7.833548431E-1,2.752834203E0
1.606214167E0,2.010373313E0,1.977150604E0,9.821983284E-1,2.985873226E0
1.616238167E0,2.065118455E0,1.758865272E0,9.841203082E-1,2.885621954E0
1.626263167E0,2.210342242E0,1.818105753E0,7.924999615E-1,2.969710010E0
1.636287167E0,2.433807036E0,2.213876883E0,1.074656256E0,3.461149175E0
1.646312167E0,3.436109846E0,3.293626065E0,2.315880391E0,5.293215045E0
1.656336167E0,3.821551285E0,2.322208833E0,2.769560591E0,5.259978513E0
1.666361167E0,3.244898878E0,2.185009180E0,3.513677255E0,5.258285053E0
1.676385167E0,2.900590847E0,2.461649723E0,3.658191774E0,5.277832290E0
1.686410167E0,2.518609790E0,2.066101372E0,3.584638479E0,4.843738554E0
1.696434167E0,2.026360770E0,1.410051962E0,3.805835139E0,4.536382437E0
1.706459167E0,1.430901378E0,5.320492619E-1,3.050136895E0,3.410848905E0
1.716484167E0,8.516229862E-1,5.540973580E-1,2.746862285E0,2.928743417E0
1.726508167E0,-3.631495142E-1,3.012508893E-1,2.341677283E0,2.388740707E0
1.736533167E0,-1.260415281E0,3.809221262E-1,1.874185229E0,2.290484363E0
1.746557167E0,-2.157339571E0,5.456779522E-1,7.517589748E-1,2.348833754E0
1.756582167E0,-3.530539455E0,-6.760451335E-1,-1.281748847E0,3.816362925E0
1.766606167E0,-5.584024290E0,-4.162824612E0,-3.667131582E0,7.871358845E0
1.776631167E0,-6.012930422E0,-4.372261351E0,-3.616069602E0,8.267282561E0
1.786655167E0,-6.158080534E0,-3.995762059E0,-5.304248469E0,9.056661754E0
1.796680167E0,-6.493755151E0,-2.448003491E0,-7.571450790E0,1.027075675E1
1.806704167E0,-6.307119629E0,-2.666651934E-1,-8.042847469E0,1.022439552E1
1.816729167E0,-5.533756946E0,7.351464504E-1,-5.742352856E0,8.008590548E0
1.826753167E0,-4.592267518E0,7.287267923E-1,-2.401828614E0,5.233425684E0
1.836778167E0,-3.290879627E0,9.971724629E-2,-6.947872138E-1,3.364901414E0
1.846803167E0,-2.248278392E0,-8.533087385E-1,5.027956420E-1,2.456765147E0
1.856827167E0,-1.516450236E0,-2.407110404E0,2.037457616E0,3.499290693E0
1.866852167E0,-3.119355065E-1,-3.349219052E0,2.745737280E0,4.342078446E0
1.876876167E0,1.468149312E0,-4.089986431E0,2.368859673E0,4.949237068E0
1.886901167E0,3.472680672E0,-4.696703467E0,2.005766877E0,6.175891456E0
1.896925167E0,5.859283136E0,-4.012378092E0,2.445447088E0,7.510698255E0
1.906950167E0,7.925519578E0,-2.673017798E0,3.200682233E0,8.955626806E0
1.916974167E0,7.800421323E0,-2.208469963E0,3.874192598E0,8.985170042E0
1.926999167E0,4.998833193E0,-2.603409619E0,3.002723578E0,6.386111792E0
1.937023167E0,1.710623989E0,-2.047403730E0,1.108160802E0,2.888964664E0
1.947048167E0,5.634605044E-1,-1.695292005E0,2.487901821E-1,1.803718181E0
1.957073167E0,8.281803292E-1,-1.991478621E0,2.274568351E-1,2.168779926E0
1.967097167E0,1.829012564E0,-1.598276757E0,-2.810896897E-1,2.445155816E0
1.977122167E0,2.396615821E0,-1.188216201E0,-1.366074760E-1,2.678485904E0
1.987146167E0,2.204887374E0,-9.477313310E-1,8.210454105E-1,2.536501247E0
1.997171167E0,2.079240065E0,1.909104216E-1,2.472028823E-1,2.102568739E0
2.007195167E0,5.380958676E-1,-2.456777823E-1,-7.446657175E-1,9.510161756E-1
2.017220167E0,-1.926859286E0,-5.140848613E-1,-2.326247651E0,3.064065614E0
2.027244167E0,-4.431598896E0,1.590802846E0,-4.578578601E0,6.567579804E0
2.037269167E0,-5.543951567E0,4.054210827E0,-4.897321436E0,8.435388649E0
2.047293167E0,-4.578517790E0,4.018575556E0,-1.802961903E0,6.353144598E0
2.057318167E0,-3.975269322E0,3.791965544E0,1.284409623E-1,5.495294892E0
2.067342167E0,-4.441768958E0,3.573206003E0,-1.228652329E0,5.831526315E0
2.077367167E0,-4.293575370E0,3.710154226E0,-1.459781361E0,5.859265778E0
2.087391167E0,-4.267915449E0,2.799230533E0,-8.831049800E-1,5.179832841E0
2.097416167E0,-3.912930987E0,1.790859482E0,-4.278179651E-1,4.324492433E0
2.107441167E0,-3.045803524E0,7.505038700E-1,-5.426621045E-1,3.183497656E0
2.117465167E0,-2.403042496E0,1.668795347E-3,-1.228495477E0,2.698854787E0
2.127490167E0,-2.220549141E0,-2.898926729E-1,-5.761265968E-1,2.312314448E0
2.137514167E0,-1.376618167E0,-2.331613494E0,9.096758974E-1,2.856397959E0
2.147539167E0,-1.156906700E0,-1.882289762E0,2.039268645E0,3.006669997E0
2.157563167E0,-1.264398404E0,-2.343261732E0,1.254533128E0,2.943370898E0
2.167588167E0,-2.535819899E0,-1.558128897E0,-2.353925300E-1,2.985558217E0
2.177612167E0,-3.229644662E0,-1.657322818E0,-7.724025697E-1,3.711324466E0
2.187637167E0,-2.551215618E0,-1.100250981E0,-9.989044082E-1,2.952467336E0
2.197661167E0,-1.378701530E0,-6.139216831E-1,5.045577005E-2,1.510054147E0
2.207686167E0,-4.437744319E-2,-9.417873439E-1,1.028773155E0,1.395459409E0
2.217711167E0,1.429564705E0,-1.663877546E0,2.444954753E-2,2.193796143E0
2.227735167E0,2.806394541E0,-2.340405660E0,6.229272723E-2,3.654754350E0
2.237760167E0,5.116940517E0,-1.885927607E0,8.754381108E-1,5.523241357E0
2.247784167E0,8.118504592E0,-1.021483139E0,2.424926870E0,8.534272959E0
2.257809167E0,9.755294620E0,-4.422927475E-1,2.211039814E0,1.001249684E1
2.267833167E0,8.742765030E0,5.173821062E-2,1.319755749E0,8.841966548E0
2.277858167E0,6.255865275E0,1.287237336E0,1.352494310E0,6.528558123E0
2.287882167E0,4.064429421E0,2.496549999E0,1.285003992E0,4.939998348E0
2.297907667E0,2.413397915E0,2.741826662E0,1.493397589E0,3.946180343E0
2.307931667E0,1.267073506E0,2.937519522E0,1.372896414E0,3.481284357E0
2.317956667E0,1.545461782E0,4.196044983E0,-5.525151928E-2,4.471945700E0
2.327980667E0,1.671512548E0,5.230068353E0,-5.459428310E-2,5.490951622E0
2.338005667E0,6.871273613E-1,5.612455791E0,4.407911460E-1,5.671516627E0
2.348029667E0,-2.192676634E-1,5.690388651E0,4.875314856E-1,5.715442962E0
2.358054667E0,-8.192750198E-1,5.500396242E0,6.261045762E-1,5.596210979E0
2.368079667E0,-5.378216332E-1,5.155925074E0,4.997660534E-1,5.207934483E0
2.378103667E0,9.006530589E-1,4.612498299E0,-5.949577010E-1,4.737118445E0
2.388128667E0,1.731485100E0,4.097395438E0,-7.727180269E-1,4.514840327E0
2.398152667E0,1.170330738E0,3.518953782E0,-1.285986032E0,3.925107621E0
2.408177667E0,-1.293908717E0,2.966011249E0,-3.207476990E0,4.556240900E0
2.418201667E0,-2.875027404E0,2.180537814E0,-6.281274351E0,7.243958531E0
2.428226667E0,-3.344251550E0,2.420698748E0,-4.627816543E0,6.201651942E0
2.438250667E0,-6.303915939E0,3.144224442E0,-5.836066182E0,9.147959991E0
2.448275667E0,-6.988085779E0,3.590783318E0,-4.866128003E0,9.241551246E0
2.458299667E0,-5.917245415E0,3.963744460E0,1.721888065E-2,7.122173821E0
2.468324667E0,-4.149186858E0,4.642978665E0,5.008489870E0,7.991118398E0
2.478348667E0,-3.389997534E0,4.790400420E0,7.015199318E0,9.146203635E0
2.488373667E0,-4.008692592E0,4.074334019E0,6.264208667E0,8.479983740E0
2.498398667E0,-5.093890793E0,3.001750601E0,3.030393187E0,6.643907958E0
2.508422667E0,-4.304909613E0,2.603731801E0,5.446315929E-1,5.060463382E0
2.518447667E0,-2.691047103E0,3.439252725E0,1.735380515E-1,4.370390059E0
2.528471667E0,-1.088246355E0,4.609931372E0,1.675401239E0,5.024213042E0
2.538496667E0,-1.953206840E-1,5.094548605E0,3.483168823E0,6.174547814E0
2.548520667E0,5.580076835E-1,5.476741331E0,2.279983896E0,5.958556432E0
2.558545667E0,8.445719750E-1,6.011935810E0,-1.557803500E0,6.267649141E0
2.568569667E0,7.942430896E-1,6.272654970E0,-1.767029740E0,6.565014590E0
2.578594667E0,6.226699948E-3,6.442948694E0,-1.115614760E0,6.538824278E0
2.588618667E0,-7.643589936E-1,6.838391211E0,-1.184705533E0,6.982217859E0
2.598643667E0,-1.229668721E0,7.445667826E0,-1.515377272E0,7.697169793E0
2.608667667E0,-1.854093757E0,8.057507608E0,-1.006754880E0,8.329144488E0
2.618692667E0,-1.858541881E0,8.018905460E0,-3.777055728E-1,8.240126467E0
2.628716667E0,-2.093734290E0,7.184517726E0,-8.669783592E-2,7.483885004E0
2.638741667E0,-4.568178451E0,2.026477715E0,-7.789549595E-1,5.057829289E0
2.648766667E0,-6.561355396E0,-4.411559903E0,-6.860772014E-1,7.936242646E0
2.658790667E0,-8.232877300E0,-3.049655318E1,4.212437652E0,3.186792519E1
2.668815667E0,-8.016319236E0,-6.595759360E1,1.405361910E1,6.791295707E1
2.678839667E0,-2.817740479E0,-4.596343729E1,1.107604849E1,4.736302439E1
2.688864667E0,-1.051180343E0,-1.711541066E1,3.244755621E0,1.745195408E1
2.698888667E0,-1.087659441E0,-1.691511780E0,-2.982368835E0,3.597045875E0
2.708913667E0,2.318365458E-1,5.738104854E0,-5.862616049E0,8.206696195E0
2.718937667E0,1.248833847E0,7.838390218E0,-5.397122719E0,9.598379073E0
2.728962667E0,1.856707463E0,6.458240917E0,-3.837879050E0,7.738575706E0
2.738986667E0,1.485006396E0,3.750932123E0,-2.908720815E0,4.973468867E0
2.749011667E0,3.804574187E-1,2.032982157E0,-2.732334293E0,3.426866643E0
2.759035667E0,-1.335514288E-1,1.103630379E0,-1.548502918E0,1.906225928E0
2.769060667E0,-3.710366772E-1,-2.191834635E-1,2.979448736E-2,4.319691169E-1
2.779085667E0,-2.059759189E-1,-1.233467218E0,1.356238866E0,1.844790319E0
2.789109667E0,1.439200039E-1,-1.368423294E0,2.674135201E0,3.007373331E0
2.799134667E0,4.145184731E-1,-9.938114834E-1,3.175626329E0,3.353220752E0
2.809158667E0,4.741242586E-1,-4.946545637E-1,2.462977041E0,2.556507941E0
2.819183667E0,1.539055865E-1,3.651586175E-2,8.149252760E-1,8.301346537E-1
2.829207667E0,-1.047696792E-1,3.535787916E-1,-4.937956077E-1,6.163024823E-1
2.839232667E0,-2.538973595E-1,2.722598094E-1,-1.188659420E0,1.245592425E0
2.849256667E0,-3.506129377E-1,6.622381032E-2,-1.320230543E0,1.367597789E0
2.859281667E0,-4.345777850E-1,-5.949658871E-2,-1.222998948E0,1.299278308E0
2.869305667E0,-5.819330281E-1,-3.627583355E-1,-8.272459441E-1,1.074511755E0
2.879330667E0,-6.709924082E-1,-4.164767057E-1,-3.187627155E-1,8.516415485E-1
2.889354667E0,-8.610022125E-1,-3.768015933E-1,-9.729182124E-2,9.448650428E-1
2.899379667E0,-9.847626248E-1,-2.415473092E-1,-2.880104542E-2,1.014362869E0
2.909404667E0,-9.867268507E-1,-8.924897611E-2,-1.908414245E-2,9.909386773E-1
2.919428667E0,-9.590731752E-1,3.999027729E-2,-1.530122689E-1,9.720253763E-1
2.929453667E0,-8.823859186E-1,1.954683262E-1,-4.188138378E-1,9.961013034E-1
2.939477667E0,-7.648792496E-1,1.843036526E-1,-6.790324759E-1,1.039275327E0
2.949502667E0,-6.277180423E-1,7.070862472E-2,-7.846226656E-1,1.007304511E0
2.959526667E0,-4.380358283E-1,-3.864366353E-2,-8.051767981E-1,9.174303221E-1
2.969551667E0,-3.823330593E-1,-6.274179339E-2,-6.764749038E-1,7.795725729E-1
2.979575667E0,-3.188621181E-1,-1.013041806E-1,-4.604717775E-1,5.691834900E-1
2.989600667E0,-2.169650298E-1,-2.316333550E-1,-2.786034171E-1,4.223123244E-1
2.999624667E0,1.223814927E-1,3.593043852E-1,-1.383883552E-1,4.040151084E-1
3.009649667E0,-7.430875540E-2,5.907313335E-1,-1.702837471E-1,6.192591170E-1
3.019673667E0,4.631915733E-2,3.407733893E-1,-1.825980198E-1,3.893764298E-1
3.029698667E0,2.223567474E-1,5.045837206E-1,-2.444322888E-1,6.031537101E-1
3.039722667E0,4.100813136E-1,6.111445481E-1,-3.349074261E-1,8.085958981E-1
3.049747667E0,5.513406882E-1,3.046253175E-1,-5.314744441E-1,8.241591006E-1
3.059772667E0,4.132146902E-1,1.399238706E-2,-4.686005402E-1,6.249229019E-1
3.069796667E0,4.509591982E-1,-3.284334254E-1,-1.586747217E-1,5.800089488E-1
3.079821667E0,2.931086415E-1,-4.256188273E-1,-2.984418869E-1,5.967676447E-1
3.089845667E0,2.595405073E-1,-2.148003906E-1,-6.528006240E-1,7.346081523E-1
3.099870667E0,2.736233801E-1,1.237411165E-1,-9.319993973E-1,9.791856282E-1
3.109894667E0,1.174954131E-2,3.204771191E-1,-1.041757555E0,1.090001119E0
3.119919667E0,-2.014702007E-1,3.795597249E-1,-9.146857186E-1,1.010596750E0
3.129943667E0,-2.988700493E-1,3.039400238E-1,-7.333941130E-1,8.482745837E-1
3.139968667E0,-3.467050973E-1,2.794097847E-1,-6.955684018E-1,8.258871920E-1
3.149992667E0,-3.825584695E-1,3.855174530E-1,-7.911422380E-1,9.596253070E-1
3.160017667E0,-4.859787574E-1,5.702023441E-1,-8.759012103E-1,1.152609646E0
3.170041667E0,-5.275648861E-1,7.208962011E-1,-8.668192419E-1,1.244745613E0
3.180066667E0,-5.476418857E-1,8.655580705E-1,-8.752299500E-1,1.347267558E0
3.190090667E0,-5.709230134E-1,8.988106012E-1,-9.001215470E-1,1.394285618E0
3.200115667E0,-6.568607113E-1,8.230160683E-1,-8.978399634E-1,1.383812864E0
3.210140667E0,-7.814444116E-1,6.957338780E-1,-8.029244506E-1,1.318858852E0
3.220164667E0,-8.727755812E-1,5.417766899E-1,-5.424497044E-1,1.161684500E0
3.230189667E0,-8.734105888E-1,4.324384350E-1,-4.088935248E-1,1.056902536E0
3.240213667E0,-8.539612877E-1,4.008114302E-1,-4.180864441E-1,1.031841053E0
3.250238667E0,-8.153259565E-1,3.804262823E-1,-4.501701895E-1,1.006048593E0
3.260262667E0,-7.803903048E-1,2.897745591E-1,-5.028980414E-1,9.725660712E-1
3.270287667E0,-7.284206906E-1,1.429211533E-1,-4.465144372E-1,8.662553326E-1
3.280311667E0,-5.800079785E-1,5.649930596E-2,-2.586702955E-1,6.375827385E-1
3.290336667E0,-3.091915543E-1,-3.187200308E-2,-1.225623178E-1,3.341208817E-1
3.300360167E0,-4.342887864E-2,-2.920017636E-1,-1.135482137E-1,3.162977936E-1
3.310385167E0,8.474121138E-2,-6.235687119E-1,-4.168991670E-3,6.293142234E-1
3.320409167E0,4.011891603E-2,-7.781731868E-1,2.305112743E-1,8.125875237E-1
3.330434167E0,-2.290230118E-1,-7.136509162E-1,6.927079439E-1,1.020584865E0
3.340458167E0,-6.795161869E-1,-5.315265208E-1,1.317928494E0,1.575181960E0
3.350483167E0,-1.227575418E0,-6.317226541E-1,1.523996068E0,2.056350878E0
3.360508167E0,-1.652281202E0,-1.050155838E0,1.282594939E0,2.340493588E0
3.370532167E0,-1.745585953E0,-1.405792850E0,1.120445948E0,2.505738011E0
3.380557167E0,-1.447826144E0,-1.237684815E0,1.183137310E0,2.242293054E0
3.390581167E0,-1.012021906E0,-7.045988417E-1,1.418637428E0,1.879675509E0
3.400606167E0,-8.259401147E-1,-6.418254733E-2,1.695703064E0,1.887248090E0
3.410630167E0,-1.018743572E0,4.482083756E-1,1.949716637E0,2.245022089E0
3.420655167E0,-1.498473118E0,7.418608081E-1,2.333470570E0,2.870690517E0
3.430679167E0,-2.071165645E0,7.052806270E-1,2.659787303E0,3.444069742E0
3.440704167E0,-2.477931880E0,3.251122069E-1,2.873248097E0,3.808070243E0
3.450728167E0,-2.541192321E0,-2.858206719E-1,2.942923518E0,3.898737065E0
3.460753167E0,-2.210950206E0,-6.500753099E-1,2.523883978E0,3.417731566E0
3.470777167E0,-1.642310384E0,-6.174525243E-1,2.049866724E0,2.698218783E0
3.480802167E0,-1.133560815E0,-5.145842135E-1,2.471052338E0,2.766921880E0
3.490826167E0,-7.084691137E-1,-1.204456258E-1,3.105860860E0,3.187915827E0
3.500851167E0,-6.570343736E-1,3.608515584E-1,2.865196481E0,2.961631120E0
3.510876167E0,-9.756248885E-1,1.208040016E0,1.958891211E0,2.499691857E0
3.520900167E0,-1.452924916E0,2.149549910E0,6.773473084E-1,2.681483732E0
3.530925167E0,-1.637610100E0,2.932009690E0,-6.805550909E-1,3.426602238E0
3.540949167E0,-1.456006106E0,3.940887694E0,-1.343955913E0,4.410982555E0
3.550974167E0,-1.206431447E0,4.430369226E0,-6.101057902E-1,4.632048941E0
3.560998167E0,-7.079145053E-1,4.087420088E0,8.922213739E-1,4.243136211E0
3.571023167E0,-1.854736805E-2,3.247966912E0,2.497209565E0,4.097034132E0
3.581047167E0,8.156895071E-1,2.004392197E0,2.299465795E0,3.157606751E0
3.591072167E0,1.553232147E0,7.008659792E-1,4.034578800E-3,1.704042106E0
3.601096167E0,2.104984186E0,1.270126337E-1,-1.018841659E0,2.342035218E0
3.611121167E0,2.547126076E0,1.054664041E0,1.062200518E0,2.954392903E0
3.621145167E0,2.790604428E0,2.334787948E0,3.659444833E0,5.160450011E0
3.631170167E0,2.912838717E0,3.339792756E0,2.322451492E0,5.003261534E0
3.641194167E0,3.252381560E0,3.711492653E0,-2.472178804E0,5.519495590E0
3.651219167E0,3.496013401E0,2.949236172E0,-4.307023382E0,6.282559519E0
3.661244167E0,3.423681882E0,1.580740957E0,-3.142259778E0,4.908577810E0
3.671268167E0,2.618044615E0,-8.677268028E-4,-3.531556286E0,4.396140144E0
3.681293167E0,9.493320063E-1,-7.484476966E-1,-6.707438723E0,6.815507277E0
3.691317167E0,-1.859621569E0,-5.398582184E-1,-9.268444920E0,9.468564332E0
3.701342167E0,-5.148579801E0,2.888816893E-1,-5.762050956E0,7.732564764E0
3.711366167E0,-6.509413995E0,1.266252556E0,1.570696610E-1,6.633290056E0
3.721391167E0,-5.896953823E0,2.101544269E0,2.651549746E0,6.798622563E0
3.731415167E0,-3.202129126E0,2.888649663E0,1.304544218E0,4.505525877E0
3.741440167E0,3.083312827E-1,3.166846150E0,-2.060368761E0,3.790659857E0
3.751464167E0,3.080062945E0,2.605809901E0,-5.577901670E0,6.884040967E0
3.761489167E0,4.531809062E0,1.337597943E0,-7.561567242E0,8.916488142E0
3.771513167E0,4.803513971E0,-4.406958729E-1,-5.424262571E0,7.258827988E0
3.781538167E0,3.525964594E0,-2.122111266E0,6.223548299E-1,4.162103804E0
3.791563167E0,2.446104023E0,-2.926247259E0,5.077465965E0,6.350354993E0
3.801587167E0,1.566220567E0,-3.401371538E0,5.983402568E0,7.058575032E0
3.811612167E0,2.502301320E-1,-3.455627852E0,4.676938709E0,5.820458286E0
3.821636167E0,-1.528541986E0,-2.927567561E0,2.322780105E0,4.037623044E0
3.831661167E0,-3.225957700E0,-2.229933338E0,9.029317188E-1,4.024262847E0
3.841685167E0,-3.945196215E0,-1.329734607E0,3.215395582E-1,4.175662222E0
3.851710167E0,-3.178666589E0,-3.593611032E-1,1.736003244E-1,3.203622755E0
3.861734167E0,-1.978001373E0,3.193807662E-1,3.026694238E-2,2.003848696E0
3.871759167E0,-2.907978219E-1,-1.193071729E-1,-1.256315213E-1,3.384979378E-1
3.881783167E0,1.168403788E0,-6.536666697E-1,-8.429205751E-1,1.582075416E0
3.891808167E0,2.083733358E0,-7.718464994E-1,-2.380559952E0,3.256494651E0
3.901832167E0,2.295416013E0,-6.305380082E-1,-3.853270676E0,4.529261282E0
3.911857167E0,2.100156140E0,3.902431726E-3,-4.332352350E0,4.814555839E0
3.921881167E0,1.925770243E0,1.060161594E0,-4.513847585E0,5.020692547E0
3.931906167E0,2.186819770E0,2.125103286E0,-5.309796892E0,6.123086454E0
3.941930167E0,2.884637596E0,2.908406235E0,-7.028268430E0,8.134895083E0
3.951955167E0,3.788210754E0,3.388463809E0,-9.600660909E0,1.086300684E1
3.961980167E0,4.285135792E0,3.654703326E0,-1.125880321E1,1.258887981E1
3.972004167E0,4.136837539E0,3.654450141E0,-1.205889410E1,1.326217771E1
3.982029167E0,3.764194193E0,3.037608651E0,-1.146603438E1,1.244452364E1
3.992053167E0,3.634888281E0,2.189458326E0,-6.889505816E0,8.091441835E0
4.002078167E0,3.774398461E0,1.265291274E0,-4.106934586E0,5.719611651E0
4.012102167E0,3.494184100E0,-3.625232774E-1,-7.841701496E0,8.592614736E0
4.022127167E0,2.922971942E0,-3.253267413E0,-9.098197973E0,1.009478678E1
4.032151167E0,2.994611443E0,-6.899071276E0,-4.500753915E0,8.764797087E0
4.042176167E0,4.470709459E0,-1.239879158E1,1.337911061E0,1.324791613E1
4.052200167E0,6.247478614E0,-1.963857543E1,1.821772542E0,2.068872856E1
4.062225167E0,6.462715791E0,-2.546032529E1,-1.503332008E0,2.631073672E1
4.072249167E0,4.741457179E0,-2.672972775E1,-1.619783986E0,2.719528381E1
4.082274167E0,3.021959748E0,-2.360781277E1,-6.398640248E-1,2.380904220E1
4.092298167E0,2.214004791E0,-1.883749870E1,-2.171463666E0,1.909105626E1
4.102323167E0,2.331262515E0,-1.465297274E1,-2.967192972E0,1.513104851E1
4.112348167E0,2.166564723E0,-1.266715773E1,-2.341115220E0,1.306260725E1
4.122372167E0,1.450426109E0,-1.213956346E1,-2.312710615E0,1.244272347E1
4.132397167E0,1.569015974E0,-9.771275645E0,-3.328861971E0,1.044131030E1
4.142421167E0,2.014904467E0,-4.972151179E0,-4.777122563E0,7.183524716E0
4.152446167E0,2.253698761E0,2.989554479E0,-4.790815573E0,6.080173348E0
4.162470167E0,6.808176309E-1,1.002326667E1,-1.039790479E0,1.010002730E1
4.172495167E0,-2.052167895E0,8.631052220E0,4.674792196E0,1.002796777E1
4.182519167E0,-2.884152277E0,4.794396408E0,7.058036605E0,9.006689291E0
4.192544167E0,-3.665451970E0,3.177628416E0,4.148463265E0,6.382993652E0
4.202568167E0,-4.138271861E0,3.851489614E0,1.292235244E0,5.799063560E0
4.212593167E0,-3.702131261E0,3.260013930E0,1.151170582E-1,4.934239418E0
4.222617167E0,-4.563029393E0,3.556202885E0,-4.142114943E0,7.115119985E0
4.232642167E0,-5.511795389E0,6.119025226E0,-6.487194575E0,1.048360871E1
4.242666167E0,-4.626799420E0,9.700246593E0,-6.683456368E0,1.265585421E1
4.252691167E0,-2.696316029E0,1.237533723E1,-5.076173730E0,1.364502222E1
4.262716167E0,-2.602522012E0,1.265032359E1,7.627939864E-1,1.293776111E1
4.272740167E0,-2.164236361E0,1.190488312E1,8.771326339E0,1.494477591E1
4.282765167E0,-1.406349797E0,1.203773069E1,1.141733176E1,1.665053286E1
4.292789292E0,-1.099656612E0,1.199840700E1,1.086468451E1,1.622382152E1
4.302814292E0,-1.523806618E0,1.124750288E1,8.821350439E0,1.437513587E1
4.312838292E0,-2.049232008E0,1.056517726E1,6.344599696E0,1.249304877E1
4.322863292E0,-2.058867343E0,1.006010646E1,4.724721863E0,1.130343636E1
4.332887292E0,-2.095308068E0,9.793215567E0,3.482564805E0,1.060309599E1
4.342912292E0,-2.308744157E0,9.743463364E0,2.060440390E0,1.022305201E1
4.352936292E0,-2.865048254E0,9.940339115E0,-9.514472365E-2,1.034542874E1
4.362961292E0,-3.270019101E0,1.033330241E1,-8.739809847E-1,1.087354618E1
4.372985292E0,-3.153243772E0,1.060000210E1,3.371890461E-1,1.106420749E1
4.383010292E0,-3.111023952E0,1.026722186E1,1.158132423E0,1.079053221E1
4.393034292E0,-3.112643046E0,1.003907754E1,2.340620691E0,1.076801420E1
4.403059292E0,-2.718521415E0,1.016046456E1,3.661404819E0,1.113693333E1
4.413083292E0,-2.435076321E0,1.014355091E1,3.474317307E0,1.099509447E1
4.423108292E0,-2.155087369E0,1.012922640E1,2.674462645E0,1.069571781E1
4.433133292E0,-1.571407047E0,1.064663131E1,1.646601802E0,1.088721157E1
4.443157292E0,-1.223570221E0,1.095101280E1,7.342094341E-1,1.104358949E1
4.453182292E0,-1.325443920E0,1.102888602E1,-2.934154741E-1,1.111212045E1
4.463206292E0,-1.583412842E0,1.134292944E1,-1.191149164E0,1.151468979E1
4.473231292E0,-1.833215251E0,1.164904054E1,-1.572630723E0,1.189680592E1
4.483255292E0,-2.079879458E0,1.193522081E1,-1.526988673E0,1.221094136E1
4.493280292E0,-2.180666160E0,1.206018166E1,-6.867496312E-1,1.227497094E1
4.503304292E0,-2.234039252E0,1.218326321E1,2.220515227E-1,1.238838733E1
4.513329292E0,-2.265165151E0,1.237107461E1,-3.446511166E-1,1.258146432E1
4.523353292E0,-2.287928507E0,1.267790257E1,-1.660802057E0,1.298930691E1
4.533378292E0,-2.374702503E0,1.280542333E1,-1.711216751E0,1.313568960E1
4.543402292E0,-2.229250383E0,1.256576467E1,2.582459338E-1,1.276458734E1
4.553427292E0,-1.821851479E0,1.179805215E1,2.746980983E0,1.224986049E1
4.563451292E0,-1.494256252E0,1.017307818E1,4.472545778E0,1.121284920E1
4.573476292E0,-6.795187450E-1,8.137348999E0,5.087692745E0,9.620956913E0
4.583501292E0,-7.347011849E-2,7.265662462E0,4.906048990E0,8.767243898E0
4.593525292E0,-1.179302998E-1,6.851614689E0,4.792808304E0,8.362388585E0
4.603550292E0,-4.406166431E-1,6.338919711E0,4.570405948E0,7.827174245E0
4.613574292E0,-5.657314168E-1,5.654655147E0,4.031421304E0,6.967606088E0
4.623599292E0,-4.331330842E-1,4.929830786E0,3.038707927E0,5.807286950E0
4.633623292E0,3.313668273E-2,4.674486387E0,1.401286401E0,4.880115224E0
4.643648292E0,6.173471282E-1,4.673925054E0,3.427020934E-1,4.726958601E0
4.653672292E0,4.694078945E-1,4.910159583E0,2.914979090E0,5.729495091E0
4.663697292E0,7.756209502E-1,4.680378626E0,2.050209517E0,5.168258024E0
4.673721292E0,2.574995367E0,-1.255470876E0,-1.515446386E1,1.542285912E1
4.683746292E0,9.485152672E0,-3.159888197E1,-5.490713721E1,6.405662479E1
4.693770292E0,2.471387676E1,-6.944704350E1,-5.267854347E1,9.060185703E1
4.703795292E0,1.102588639E1,-6.331287925E1,3.324522635E1,7.235562124E1
4.713819292E0,-4.559356465E0,-4.376976312E1,3.844805311E1,5.843656974E1
4.723844292E0,-2.630878669E0,-2.226220473E1,1.725367393E1,2.828809901E1
4.733869292E0,-1.006276724E0,-4.530650144E0,-1.418735954E0,4.853060404E0
4.743893292E0,-1.985744403E0,3.229586774E0,-9.586921121E0,1.030933888E1
4.753918292E0,-4.165803768E0,4.081150703E0,-7.524259667E0,9.519674135E0
4.763942292E0,-4.963343518E0,5.228698935E0,-1.014266330E1,1.244378119E1
4.773967292E0,-6.239201295E0,4.169718479E0,-1.240057615E1,1.449442906E1
4.783991292E0,-7.883988560E0,4.177899903E-1,-7.989498643E0,1.123227104E1
4.794016292E0,-8.640442264E0,-5.050657066E0,-9.283472264E-1,1.005127892E1
4.804040292E0,-5.918492627E0,-9.639094657E0,4.379900446E0,1.212947768E1
4.814065292E0,-1.595266903E0,-1.142522784E1,4.271794200E0,1.230158255E1
4.824089292E0,1.994973794E0,-1.035369984E1,3.533975279E-1,1.055006685E1
4.834114292E0,3.768878690E0,-5.616966918E0,-3.419407859E0,7.579387445E0
4.844138292E0,2.950431928E0,-5.509591573E-1,-4.557840866E0,5.457336156E0
4.854163292E0,5.493273456E-1,1.720090631E0,-3.347302043E0,3.803275335E0
4.864187292E0,-1.288761852E0,2.002550324E0,-2.922738930E0,3.770081930E0
4.874212292E0,-1.544567450E0,1.153548644E0,-3.809404280E0,4.269417296E0
4.884237292E0,-1.426774414E0,-1.366631708E0,-4.771162496E0,5.164044831E0
4.894261292E0,-7.981165776E-1,-4.380418217E0,-4.120098422E0,6.066322184E0
4.904286292E0,-9.233630598E-3,-7.406617781E0,-1.555146525E0,7.568127439E0
4.914310292E0,5.735798420E-1,-9.075007331E0,1.120931706E0,9.161945197E0
4.924335292E0,1.703349468E-1,-9.347877590E0,2.484202726E0,9.673835466E0
4.934359292E0,-5.138037564E-1,-7.889200183E0,1.902608252E0,8.131629110E0
4.944384292E0,-6.105405307E-1,-5.295562431E0,4.234085798E-1,5.347430787E0
4.954408292E0,-3.683903736E-1,-2.752946312E0,-3.161016476E-1,2.795415017E0
4.964433292E0,-4.781260930E-1,-7.004239297E-1,-3.758008423E-1,9.275907046E-1
4.974457292E0,-9.211079349E-1,9.253002423E-1,-1.948301026E-1,1.320067852E0
4.984482292E0,-1.358323399E0,2.282189904E0,1.501141056E-1,2.660069070E0
4.994506292E0,-1.659346831E0,3.359540557E0,5.472175241E-1,3.786738924E0
5.004531292E0,-1.801868474E0,4.086697372E0,9.504149106E-1,4.566301995E0
5.014555292E0,-1.851073232E0,4.660012189E0,1.404338939E0,5.207144474E0
5.024580292E0,-1.806276836E0,5.265598374E0,1.818537570E0,5.856299270E0
5.034605292E0,-1.774647054E0,5.589172763E0,2.095776576E0,6.227399441E0
5.044629292E0,-1.736595859E0,5.667634796E0,2.253379795E0,6.341574715E0
5.054654292E0,-1.678927256E0,5.520862666E0,2.334164050E0,6.224712292E0
5.064678292E0,-1.618787766E0,5.156154869E0,2.405595683E0,5.915513288E0
5.074703292E0,-1.523500517E0,4.574440527E0,2.338943856E0,5.358844868E0
5.084727292E0,-1.404726464E0,3.853425627E0,2.258591126E0,4.682240850E0
5.094752292E0,-1.226237063E0,3.153399308E0,2.049947415E0,3.955991524E0
5.104776292E0,-1.114906881E0,2.424968385E0,1.618668337E0,3.121470200E0
5.114801292E0,-9.757378860E-1,2.029329987E0,1.050478020E0,2.484702937E0
5.124825292E0,-8.205042507E-1,1.861969226E0,4.021951738E-1,2.074106454E0
5.134850292E0,-5.931256952E-1,1.773005594E0,-3.744358099E-1,1.906711594E0
5.144874292E0,-3.579054388E-1,1.461349584E0,-1.227763113E0,1.941916881E0
5.154899292E0,-1.941152805E-1,9.993891424E-1,-2.032192637E0,2.272942215E0
5.164923292E0,-9.086708341E-2,4.528352773E-1,-2.454360584E0,2.497439187E0
5.174948292E0,-2.882930209E-1,-3.875932145E-1,-2.617176889E0,2.661382391E0
5.184972292E0,-5.527609403E-1,-1.452602735E0,-2.635418447E0,3.059579996E0
5.194997292E0,-5.814637525E-1,-2.799698895E0,-2.659496112E0,3.905039509E0
5.205022292E0,-2.609279420E-1,-4.143196093E0,-2.322034585E0,4.756679711E0
5.215046292E0,4.249666070E-1,-4.617451476E0,-1.698579894E0,4.938281929E0
5.225071292E0,1.043405666E0,-3.843551434E0,-1.185570921E0,4.155377410E0
5.235095292E0,1.162439920E0,-2.186797258E0,-4.583035934E-1,2.518608942E0
5.245120292E0,7.808708728E-1,-1.695025957E-1,3.709415138E-1,8.809586009E-1
5.255144292E0,6.999446042E-2,1.692266071E0,6.518465777E-1,1.814818900E0
5.265169292E0,-5.096126915E-1,2.848419065E0,4.062622046E-1,2.922027591E0
5.275193292E0,-8.865841464E-1,3.283206326E0,1.144288409E-1,3.402729667E0
5.285218292E0,-1.083211025E0,2.952731053E0,1.344777739E-1,3.148023359E0
5.295242417E0,-1.004900947E0,2.163570364E0,4.175906003E-1,2.421826695E0
5.305267417E0,-7.596779320E-1,1.320193706E0,4.093552355E-1,1.577210731E0
5.315291417E0,-4.147351490E-1,4.293850189E-1,2.649665773E-1,6.531340027E-1
5.325316417E0,7.353509568E-2,-3.392870271E-1,7.260253787E-2,3.546748167E-1
5.335340417E0,6.501988323E-1,-7.036065692E-1,-2.269935894E-1,9.845541201E-1
5.345365417E0,1.185473418E0,-7.281923568E-1,-5.534949486E-1,1.497320270E0
5.355390417E0,1.489843066E0,-5.269265163E-1,-9.554442470E-1,1.846661210E0
5.365414417E0,1.493486466E0,-1.670976359E-1,-1.388119640E0,2.045800474E0
5.375439417E0,1.035803920E0,-8.625754058E-2,-1.761808176E0,2.045555713E0
5.385463417E0,4.926775835E-1,-9.648256660E-2,-1.871960363E0,1.938111372E0
5.395488417E0,6.941167574E-2,7.904266119E-2,-1.726860538E0,1.730061571E0
5.405512417E0,-3.978409716E-1,2.158879727E-1,-1.465505201E0,1.533815683E0
5.415537417E0,-7.668393094E-1,2.640701991E-1,-1.131449093E0,1.392103676E0
5.425561417E0,-8.781458102E-1,2.571611291E-1,-7.428733997E-1,1.178614779E0
5.435586417E0,-7.944417487E-1,3.107970536E-1,-3.720349431E-1,9.306677707E-1
5.445610417E0,-6.254049569E-1,4.107628065E-1,-1.390115587E-1,7.610398523E-1
5.455635417E0,-4.808583507E-1,4.360666323E-1,-2.034970649E-1,6.802866430E-1
5.465659417E0,-2.319787793E-1,3.835200441E-1,-3.189549427E-1,5.501218353E-1
5.475684417E0,2.434122786E-3,2.276765442E-1,-3.658648881E-1,4.309288225E-1
5.485708417E0,1.958384550E-1,1.276610899E-1,-2.773615050E-1,3.627388300E-1
5.495733417E0,3.070567359E-1,5.719337046E-2,-1.280529995E-1,3.375684988E-1
5.505758417E0,2.753126407E-1,-1.089862525E-2,-3.596739292E-2,2.778659452E-1
5.515782417E0,1.952923981E-1,-1.360530138E-2,7.884385586E-3,1.959244460E-1
5.525807417E0,1.600597809E-1,6.208105803E-2,9.261865340E-2,1.950676964E-1
5.535831417E0,1.435216258E-1,8.469341040E-2,1.541639603E-1,2.270197293E-1
5.545856417E0,1.818713206E-1,1.495074570E-2,1.629268169E-2,1.832106807E-1
5.555880417E0,2.576903021E-1,-2.326022387E-2,9.003893495E-2,2.739568207E-1
5.565905417E0,2.005362542E-1,-1.193592131E-2,3.168864170E-1,3.751989563E-1
5.575929417E0,6.003504418E-2,-7.522676826E-2,6.218292383E-1,6.292335614E-1
5.585954417E0,-2.822564285E-2,-1.564095104E-1,9.828654226E-1,9.956329950E-1
5.595978417E0,-2.470308280E-1,-7.568811357E-2,1.139756817E0,1.168673830E0
5.606003417E0,-4.710806367E-1,1.098528099E-1,1.271532007E0,1.360433112E0
5.616027417E0,-6.444355242E-1,3.928656489E-1,1.503144897E0,1.681988450E0
5.626052417E0,-8.046753263E-1,7.292968959E-1,1.788158069E0,2.092100768E0
5.636076417E0,-9.129283380E-1,9.761897296E-1,1.888656503E0,2.313743271E0
5.646101417E0,-1.015921560E0,1.168609902E0,1.797961510E0,2.372848776E0
5.656126417E0,-1.072530355E0,1.350026785E0,1.822275403E0,2.508701123E0
5.666150417E0,-1.093879416E0,1.331405157E0,1.818135574E0,2.504960845E0
5.676175417E0,-1.142579414E0,9.664909530E-1,1.507250812E0,2.124005059E0
5.686199417E0,-1.034009922E0,4.477563858E-1,1.062440253E0,1.548690283E0
5.696224417E0,-5.288486423E-1,2.441697854E-1,1.185281922E0,1.320678994E0
5.706248417E0,-1.141079018E-1,2.676065952E-1,1.960118834E0,1.981590206E0
5.716273417E0,-6.263954021E-2,3.459446669E-1,2.314542110E0,2.341090900E0
5.726297417E0,-5.061137542E-1,6.376347739E-1,1.908677516E0,2.075037131E0
5.736322417E0,-1.362685860E0,8.155608684E-1,1.316076242E0,2.062549141E0
5.746346417E0,-1.889001196E0,1.126598827E0,1.647443362E0,2.748021119E0
5.756371417E0,-2.069229924E0,1.812403548E0,1.051044907E0,2.944692598E0
5.766395417E0,-2.433323764E0,2.442710592E0,-6.686697480E-1,3.512124543E0
5.776420417E0,-1.857196144E0,3.373167493E0,-3.700284711E-1,3.868379186E0
5.786444417E0,-1.060552992E0,3.936246759E0,9.905931759E-1,4.195245647E0
5.796469417E0,-6.490751436E-1,3.811425077E0,2.188467808E0,4.442707621E0
5.806494417E0,-2.893048815E-1,3.494501311E0,2.796293184E0,4.484918316E0
5.816518417E0,5.179025084E-2,3.041671296E0,1.668758510E0,3.469755246E0
5.826543417E0,5.119047269E-1,2.378502901E0,-8.936302605E-1,2.591890727E0
5.836567417E0,1.049512352E0,1.620669254E0,-2.919176514E0,3.499948075E0
5.846592417E0,1.672521485E0,8.999227417E-1,-2.729367415E0,3.325151959E0
5.856616417E0,2.350457608E0,-1.612141675E-1,-9.718180588E-1,2.548542979E0
5.866641417E0,2.712101172E0,-7.394301206E-1,2.080575862E0,3.497291179E0
5.876665417E0,3.042034116E0,-2.627639312E-1,3.171681213E0,4.402564953E0
5.886690417E0,3.789918141E0,9.169229364E-1,-3.320458353E-1,3.913372155E0
5.896714417E0,5.038901823E0,1.784941515E0,-6.794400854E0,8.645254811E0
5.906739417E0,5.535016437E0,2.892368492E0,-8.205415267E0,1.031169444E1
5.916763417E0,4.834926091E0,3.282968929E0,-2.101102805E0,6.210396790E0
5.926788417E0,2.379316834E0,2.295708666E0,2.121093850E0,3.928163184E0
5.936812417E0,-8.044610989E-1,9.992587495E-1,1.913015419E0,2.303324489E0
5.946837417E0,-3.296403492E0,4.518529451E-1,-2.018827218E0,3.891800406E0
5.956862417E0,-4.285670519E0,2.014389181E-1,-7.048983361E0,8.252012837E0
5.966886417E0,-4.666444126E0,-5.557439339E-1,-1.006787858E1,1.111065845E1
5.976911417E0,-3.411609428E0,-9.186461109E-1,-7.238633122E0,8.054861827E0
5.986935417E0,-7.946263745E-1,-3.236907488E-1,-5.605199397E-1,1.024885056E0
5.996960417E0,1.504685931E0,3.978854835E-1,4.366798882E0,4.635873714E0
6.006984417E0,2.401654074E0,4.894634056E-1,3.658177156E0,4.403382430E0
6.017009417E0,2.250292173E0,5.123037994E-1,5.338326627E-1,2.368807159E0
6.027033417E0,8.229362538E-1,1.550968105E-1,-6.375078893E-1,1.052471096E0
6.037058417E0,-1.077367026E0,-3.326808429E-1,-4.280769968E-1,1.206087130E0
6.047082417E0,-1.882923308E0,-7.111968398E-2,-3.938146520E-1,1.924980045E0
6.057107417E0,-1.467371632E0,3.496231502E-1,-7.813955873E-1,1.698821626E0
6.067131417E0,-5.635026044E-1,1.346859348E-1,-8.578385764E-1,1.035163035E0
6.077156417E0,2.974808970E-1,-1.003587443E0,-9.654203278E-1,1.423980003E0
6.087180417E0,6.508597139E-1,-2.528088126E0,-1.272864588E0,2.904312690E0
6.097205417E0,4.133642328E-1,-4.001883509E0,-1.349094154E0,4.243347340E0
6.107230417E0,2.777190623E-1,-5.238726325E0,-2.596168427E0,5.853329983E0
6.117254417E0,4.655854234E-1,-5.717936053E0,-4.309873314E0,7.175414307E0
6.127279417E0,9.120773488E-1,-5.147005731E0,-4.639002559E0,6.988840950E0
6.137303417E0,1.641547030E0,-3.932520329E0,-4.019052688E0,5.857659712E0
6.147328417E0,2.447955252E0,-2.625267096E0,-4.275928473E0,5.582837679E0
6.157352417E0,3.085695275E0,-1.416658731E0,-5.634420857E0,6.578383972E0
6.167377417E0,3.900062727E0,-5.067811042E-1,-7.455892852E0,8.429570249E0
6.177401417E0,4.959737540E0,1.633998567E-1,-7.869203875E0,9.303228773E0
6.187426417E0,5.807417164E0,6.209310329E-1,-7.255857850E0,9.314457719E0
6.197450417E0,6.475235850E0,4.387814945E-1,-6.670964377E0,9.307146406E0
6.207475417E0,7.098719777E0,-6.647769642E-1,-6.534628358E0,9.671355575E0
6.217499417E0,7.560674372E0,-2.410856130E0,-7.688689803E0,1.104952375E1
6.227524417E0,7.168862391E0,-4.669260145E0,-5.896201286E0,1.039036900E1
6.237548417E0,5.861322645E0,-7.767677500E0,-3.860303707E0,1.046870869E1
6.247573417E0,4.237054137E0,-1.156940146E1,-2.662284649E0,1.260521469E1
6.257598417E0,2.830541203E0,-1.594886775E1,-1.749956455E0,1.629235077E1
6.267622417E0,1.195895057E0,-2.026919530E1,-8.783403763E-1,2.032343291E1
6.277647417E0,-1.050885059E0,-2.221653329E1,2.734301296E-1,2.224305453E1
6.287671417E0,-3.133245125E0,-2.103885261E1,8.741458762E-1,2.128883921E1
6.297700208E0,-4.176563814E0,-1.816134423E1,2.884150815E-1,1.863763109E1
6.307724208E0,-5.333585705E0,-1.589982599E1,4.192876084E-1,1.677579819E1
6.317749208E0,-6.379814553E0,-1.519936229E1,1.371305241E0,1.654095299E1
6.327773208E0,-4.973436981E0,-1.114509709E1,-9.735122895E-1,1.224320182E1
6.337798208E0,-2.605006202E0,-6.336382604E0,-2.546042587E0,7.308771078E0
6.347822208E0,2.971324030E-1,-3.864851671E-1,-5.945522550E0,5.965475408E0
6.357847208E0,2.836196045E0,5.021477121E0,-1.245905298E1,1.372906558E1
6.367871208E0,4.445133446E0,7.427028072E0,-1.417286488E1,1.660692796E1
6.377896208E0,3.246201637E0,7.174743521E0,-4.497845510E0,9.068924076E0
6.387920208E0,1.894685567E0,4.822477076E0,5.939683521E0,7.882002212E0
6.397945208E0,1.769472560E0,2.586664948E0,6.117219606E0,6.873299383E0
6.407970208E0,2.726715995E0,2.233554518E0,6.106691329E-1,3.577242331E0
6.417994208E0,3.927197901E0,2.978642989E0,-5.441541093E0,7.342041057E0
6.428019208E0,5.524291474E0,6.034154060E0,-8.135061568E0,1.153724569E1
6.438043208E0,4.982325919E0,9.497087424E0,-1.120273894E0,1.078300768E1
6.448068208E0,3.597305010E0,1.162605747E1,3.849866427E0,1.276429736E1
6.458092208E0,2.499959511E0,1.321385602E1,6.718468326E0,1.503308369E1
6.468117208E0,1.025851521E0,1.402044083E1,8.284435709E0,1.631738359E1
6.478141208E0,-7.084840241E-1,1.372236498E1,7.717213690E0,1.575946183E1
6.488166208E0,-1.065121714E0,1.248659571E1,6.260116786E0,1.400851951E1
6.498190208E0,-1.699122954E0,1.164914345E1,3.894902852E0,1.239999315E1
6.508215208E0,-1.965064555E0,1.099932834E1,2.552599654E0,1.146134668E1
6.518239208E0,-2.106774750E0,1.076623494E1,1.730808431E0,1.110612499E1
6.528264208E0,-2.410448872E0,1.072093071E1,1.096032361E0,1.104309313E1
6.538288208E0,-2.573435915E0,1.062684199E1,8.674763958E-1,1.096835714E1
6.548313208E0,-2.469801034E0,1.069842595E1,1.166876203E0,1.104164095E1
6.558337208E0,-2.072167858E0,1.106300452E1,1.858338690E0,1.140777679E1
6.568362208E0,-1.907444338E0,1.122519459E1,1.989328015E0,1.155857964E1
6.578387208E0,-1.881742317E0,1.105926932E1,2.079207906E0,1.140927244E1
6.588411208E0,-2.129275128E0,1.098147796E1,3.084742179E0,1.160354709E1
6.598436208E0,-3.008213821E0,1.044231907E1,4.516206937E0,1.176807134E1
6.608460208E0,-3.604438906E0,9.679887757E0,5.321032902E0,1.161919093E1
6.618485208E0,-3.486476885E0,9.500971144E0,5.006256233E0,1.129099532E1
6.628509208E0,-2.752713009E0,9.916466103E0,4.238682879E0,1.113014651E1
6.638534208E0,-1.736912194E0,1.036696834E1,3.063168000E0,1.094869375E1
6.648558208E0,-7.318196771E-1,1.053751642E1,2.141927480E0,1.077787853E1
6.658583208E0,2.492989630E-2,1.044933924E1,1.322840155E0,1.053276878E1
6.668607208E0,3.707215123E-1,1.046616986E1,1.111966170E0,1.053160077E1
6.678632208E0,2.965675619E-1,1.074493587E1,1.674467146E0,1.087866901E1
6.688656208E0,1.407293245E-1,1.079566748E1,1.006718554E0,1.084341844E1
6.698681208E0,6.805822805E-2,1.077224120E1,-1.113181952E-1,1.077303133E1
6.708705208E0,-2.145878443E-1,1.091912793E1,-1.018313656E0,1.096860818E1
6.718730208E0,-6.799238840E-1,1.118449095E1,-1.712840084E0,1.133529688E1
6.728755208E0,-9.654299757E-1,1.141593661E1,-1.983266791E0,1.162708093E1
6.738779208E0,-6.717516692E-1,1.155579967E1,-2.671135579E0,1.187950847E1
6.748804208E0,1.743752266E-1,1.149684102E1,-3.465751137E0,1.200912949E1
6.758828208E0,2.332830592E0,1.008789126E1,-2.666061366E0,1.069184418E1
6.768853208E0,4.083688980E0,8.734491804E0,-3.716338241E-1,9.649143716E0
6.778877208E0,4.661359972E0,8.341134989E0,1.775931541E0,9.718885869E0
6.788902208E0,4.267599699E0,8.405709300E0,2.782387043E0,9.829040324E0
6.798926208E0,3.985071595E0,8.439739510E0,3.129325737E0,9.843915795E0
6.808951208E0,3.593105832E0,8.453621970E0,3.259641463E0,9.746763381E0
6.818975208E0,3.381136079E0,8.547383827E0,3.105776660E0,9.702355391E0
6.829000208E0,3.391849347E0,8.428037478E0,2.684031029E0,9.473145216E0
6.839024208E0,3.374252152E0,7.996031152E0,7.539386706E-1,8.711516245E0
6.849049208E0,3.569252116E0,6.679959149E0,-2.393215080E0,7.942851712E0
6.859073208E0,3.223567650E0,5.920933254E0,-2.751692669E0,7.281528105E0
6.869098208E0,2.306696169E0,5.028438231E0,-3.138061477E0,6.360304088E0
6.879123208E0,6.512630256E-1,-9.792471802E0,-2.522456790E1,2.706650094E1
6.889147208E0,-6.334243108E0,-6.559549659E1,-7.381265891E1,9.895049481E1
6.899172208E0,-7.514552119E0,-7.018333893E1,-1.768105627E1,7.276530291E1
6.909196208E0,-1.574077470E1,-5.594985948E1,4.178722489E1,7.158443217E1
6.919221208E0,-7.672004773E0,-1.961863175E1,2.310320274E1,3.126512987E1
6.929245208E0,-2.397221300E0,-9.059705168E-1,1.663427369E1,1.683052328E1
6.939270208E0,-1.476351639E0,7.829736339E0,8.335015293E0,1.153069231E1
6.949294208E0,-2.516674069E0,1.123453610E1,9.360816894E0,1.483823920E1
6.959319208E0,-4.178140224E0,1.337246876E1,7.763164619E0,1.601706906E1
6.969343208E0,-4.780313973E0,1.361757586E1,3.406445167E0,1.482881123E1
6.979368208E0,-5.999827396E0,1.169082357E1,-5.577687078E0,1.427528906E1
6.989392208E0,-9.844173467E0,3.499510621E0,-1.294732590E1,1.663693402E1
6.999417208E0,-1.263436420E1,-9.169099556E0,-1.613589211E1,2.245142668E1
7.009441208E0,-1.169250055E1,-1.762973409E1,-1.480484715E1,2.582064276E1
7.019466208E0,-5.109987009E0,-1.827287402E1,-8.028542256E0,2.060260622E1
7.029491208E0,-2.636384553E-1,-1.654294837E1,-3.123377364E0,1.683728399E1
7.039515208E0,7.620530710E-1,-1.156748358E1,1.964822919E0,1.175788800E1
7.049540208E0,1.989488229E0,-4.998246717E0,5.277294559E0,7.535938663E0
7.059564208E0,3.287379192E0,-4.017095625E-2,5.025125198E0,6.005027803E0
7.069589208E0,3.154899996E0,3.838110600E0,2.856814205E0,5.731132032E0
7.079613208E0,2.506565402E0,5.858028908E0,8.408182088E-1,6.427001483E0
7.089638208E0,1.251227843E0,6.126652919E0,-7.575664294E-1,6.298837512E0
7.099662208E0,-7.703427418E-1,5.129886838E0,-2.096251954E0,5.594947646E0
7.109687208E0,-2.179215758E0,3.712662681E0,-2.527598130E0,4.992153625E0
7.119711208E0,-3.228882769E0,2.505956415E0,-1.503669392E0,4.355057191E0
7.129736208E0,-3.938428940E0,1.623378269E0,-1.600344917E-1,4.262885239E0
7.139760208E0,-4.379002314E0,1.070452108E0,6.943787858E-1,4.561106322E0
7.149785208E0,-4.556067114E0,6.864835829E-1,1.139105437E0,4.746216224E0
7.159809208E0,-4.528665599E0,1.978370333E-1,1.416883848E0,4.749264305E0
7.169834208E0,-4.207336541E0,-9.076048136E-2,1.475884885E0,4.459613708E0
7.179858208E0,-2.970552782E0,1.257800406E-1,1.061731863E0,3.157099776E0
7.189883208E0,-1.296817561E0,6.374400616E-1,5.534857392E-1,1.547388794E0
7.199908208E0,1.685923304E-1,1.495456978E0,3.570903370E-1,1.546715377E0
7.209932208E0,1.291825793E0,2.516215940E0,7.824539334E-2,2.829536866E0
7.219957208E0,2.176529401E0,3.138905230E0,-5.844028920E-2,3.820133708E0
7.229981208E0,2.904375165E0,3.349582749E0,-1.496703020E-1,4.435932922E0
7.240006208E0,3.445497551E0,3.405263445E0,-1.867837492E-1,4.847902708E0
7.250030208E0,3.701012689E0,3.278593458E0,-3.023256075E-1,4.953591703E0
7.260055208E0,3.421377202E0,2.848240725E0,-3.022981256E-1,4.462026596E0
7.270079208E0,2.879581801E0,2.391616452E0,-1.298255830E-1,3.745487322E0
7.280104208E0,2.551366476E0,2.420891122E0,1.397162944E-2,3.517155090E0
7.290128208E0,2.115736193E0,2.569346665E0,1.483041000E-1,3.331647644E0
7.300149417E0,1.509693486E0,2.601810406E0,2.469059899E-1,3.018203833E0
7.310173417E0,6.472646995E-1,2.451370318E0,1.914145978E-1,2.542598587E0
7.320198417E0,-5.410779476E-2,2.008046706E0,-4.557226324E-1,2.059820950E0
7.330222417E0,-7.149779418E-1,1.118683451E0,-1.111400013E0,1.731431810E0
7.340247417E0,-1.404903342E0,2.037175781E-1,-1.581162249E0,2.124930189E0
7.350272417E0,-1.975948124E0,-4.025264186E-1,-1.827402241E0,2.721359487E0
7.360296417E0,-2.164343219E0,-6.879740381E-1,-1.592459508E0,2.773737034E0
7.370321417E0,-1.940395591E0,-8.126045161E-1,-1.268215174E0,2.456385734E0
7.380345417E0,-1.047928049E0,-8.684653062E-1,-1.308266409E0,1.887841673E0
7.390370417E0,1.174435191E-1,-1.048595216E0,-1.358531706E0,1.720160837E0
7.400394417E0,1.011366871E0,-1.167298957E0,-9.288958414E-1,1.802303328E0
7.410419417E0,1.875652442E0,-1.066699365E0,-6.516255529E-1,2.254004321E0
7.420443417E0,2.459314345E0,-9.648291743E-1,-7.978878053E-1,2.759664352E0
7.430468417E0,2.508454345E0,-9.351989937E-1,-1.006282571E0,2.859990380E0
7.440492417E0,2.203800377E0,-9.649092811E-1,-1.256744399E0,2.714257266E0
7.450517417E0,1.867762501E0,-9.317105448E-1,-1.700714274E0,2.692406051E0
7.460541417E0,1.429478020E0,-7.308920163E-1,-2.206076113E0,2.728439548E0
7.470566417E0,9.399691522E-1,-3.099521309E-1,-2.365876862E0,2.564563444E0
7.480590417E0,4.420066725E-1,3.484057599E-1,-2.106537645E0,2.180425950E0
7.490615417E0,-3.848549634E-2,9.950323820E-1,-1.572855110E0,1.861570243E0
7.500640417E0,-3.935766703E-1,1.475315659E0,-9.767608564E-1,1.812600524E0
7.510664417E0,-6.772515602E-1,1.756894176E0,-3.976432626E-1,1.924439395E0
7.520689417E0,-8.848668922E-1,1.832229702E0,8.831766084E-2,2.036628368E0
7.530713417E0,-1.031226208E0,1.760046995E0,4.490427732E-1,2.088739411E0
7.540738417E0,-9.905874749E-1,1.652999094E0,6.181945360E-1,2.023816700E0
7.550762417E0,-8.114716181E-1,1.594022908E0,4.301657684E-1,1.839684159E0
7.560787417E0,-4.770003578E-1,1.519830512E0,-2.885367036E-2,1.593187578E0
7.570811417E0,-7.470987439E-2,1.356690856E0,-4.330870374E-1,1.426098183E0
7.580836417E0,2.808351897E-1,1.213203692E0,-5.824936299E-1,1.374783776E0
7.590860417E0,4.908300461E-1,1.084268494E0,-5.348610418E-1,1.304848127E0
7.600885417E0,5.380996683E-1,8.917617828E-1,-4.627195568E-1,1.139692818E0
7.610909417E0,4.248065029E-1,5.724587846E-1,-3.660063176E-1,8.013302999E-1
7.620934417E0,1.457938904E-1,1.223980111E-1,-4.956871819E-1,5.309829695E-1
7.630958417E0,-2.134292185E-1,-5.957991153E-1,-9.734492858E-1,1.161090922E0
7.640983417E0,-5.132257591E-1,-1.115510167E0,-1.406898412E0,1.867385005E0
7.651008417E0,-8.250269258E-1,-1.745766925E0,-1.520107670E0,2.457457815E0
7.661032417E0,-1.010500752E0,-1.996727666E0,-1.668387212E0,2.791334633E0
7.671057417E0,-9.697662708E-1,-1.681026553E0,-1.812167759E0,2.655230476E0
7.681081417E0,-9.335066633E-1,-1.107722261E0,-1.762204617E0,2.281194514E0
7.691106417E0,-1.005546114E0,-4.846236652E-1,-1.481615449E0,1.855038389E0
7.701130417E0,-1.054957133E0,1.430375129E-1,-1.028060964E0,1.479967442E0
7.711155417E0,-9.701150572E-1,6.728426135E-1,-4.798916598E-1,1.274416106E0
7.721179417E0,-8.656250212E-1,9.448796439E-1,-4.660815597E-2,1.282293468E0
7.731204417E0,-9.214719240E-1,8.931224298E-1,2.637747686E-1,1.310097443E0
7.741228417E0,-1.043510185E0,6.962911177E-1,5.396430409E-1,1.365631516E0
7.751253417E0,-1.069127568E0,4.441024607E-1,8.121047985E-1,1.414133995E0
7.761277417E0,-1.000114928E0,1.807146317E-1,8.967420025E-1,1.355372224E0
7.771302417E0,-7.802090411E-1,-1.432754946E-1,9.231934905E-1,1.217185375E0
7.781326417E0,-4.094191164E-1,-4.619288671E-1,1.066396626E0,1.232154233E0
7.791351417E0,1.354785249E-2,-5.792854089E-1,1.155463680E0,1.292614191E0
7.801375417E0,3.401744883E-1,-5.672582710E-1,1.193107982E0,1.364187408E0
7.811400417E0,5.270661186E-1,-5.199186283E-1,1.132526150E0,1.353044550E0
7.821424417E0,5.915609072E-1,-2.804160905E-1,8.154257246E-1,1.045703879E0
7.831449417E0,5.042859511E-1,-8.554534972E-2,3.771020671E-1,6.354748589E-1
7.841474417E0,3.728563307E-1,2.762692451E-2,7.665341578E-2,3.816553897E-1
7.851498417E0,3.877775480E-1,2.539153397E-1,5.476377927E-2,4.667370759E-1
7.861523417E0,3.786972606E-1,3.803064144E-1,2.750014957E-1,6.030509155E-1
7.871547417E0,1.948053981E-1,3.081014872E-1,6.530088580E-1,7.478611088E-1
7.881572417E0,-1.678083649E-1,2.732316166E-1,1.001407017E0,1.051489979E0
7.891596417E0,-4.735852915E-1,8.524070978E-2,1.179678024E0,1.274044444E0
7.901621417E0,-6.435188270E-1,-2.259217948E-1,1.157850441E0,1.343791197E0
7.911645417E0,-7.007339783E-1,-3.894666624E-1,1.038225837E0,1.311726068E0
7.921670417E0,-8.667890556E-1,-4.462554055E-1,1.009235269E0,1.403218793E0
7.931694417E0,-1.048672692E0,-3.657696515E-1,1.043851955E0,1.524181340E0
7.941719417E0,-1.156663748E0,-1.053218025E-1,1.026892764E0,1.550313664E0
7.951743417E0,-1.172669478E0,1.981165302E-1,7.891822513E-1,1.427309528E0
7.961768417E0,-1.026242773E0,4.780730295E-1,4.166386735E-1,1.206364719E0
7.971792417E0,-7.215659997E-1,6.542718565E-1,3.381468201E-1,1.031054036E0
7.981817417E0,-2.382918718E-1,7.844776547E-1,7.170860092E-1,1.089220158E0
7.991842417E0,3.648880376E-1,8.980101174E-1,1.350372355E0,1.662248762E0
8.001866417E0,7.179464270E-1,1.120876157E0,1.807105386E0,2.244424271E0
8.011891417E0,8.084144014E-1,1.368619761E0,2.158221184E0,2.680405301E0
8.021915417E0,6.702787556E-1,1.570630537E0,2.213289238E0,2.795496941E0
8.031940417E0,3.844001962E-1,1.827044976E0,2.227270077E0,2.906301576E0
8.041964417E0,2.032502393E-1,2.108505964E0,2.413703870E0,3.211397583E0
8.051989417E0,9.323831208E-2,2.469187953E0,2.149306812E0,3.274920198E0
8.062013417E0,1.386493968E-1,2.685344898E0,1.375693430E0,3.020402836E0
8.072038417E0,4.392380890E-1,2.400422943E0,7.691649663E-1,2.558627591E0
8.082062417E0,6.578741799E-1,1.894806604E0,2.744627479E-1,2.024455558E0
8.092087417E0,4.318226501E-1,1.477542863E0,1.460938525E-1,1.546268776E0
8.102111417E0,-2.056143417E-1,1.281041919E0,9.901312459E-1,1.632086254E0
8.112136417E0,-7.535568474E-1,1.550023195E0,1.585914574E0,2.342124006E0
8.122160417E0,-7.307836966E-1,2.191465091E0,1.621910618E0,2.822615473E0
8.132185417E0,-4.212743461E-1,2.472808549E0,1.617574323E0,2.984761446E0
8.142209417E0,-3.284917149E-1,2.201130538E0,1.373861790E0,2.615411759E0
8.152234417E0,-3.380902117E-1,1.847358788E0,5.842783463E-1,1.966830107E0
8.162259417E0,-3.243824744E-1,1.655295296E0,7.294907311E-1,1.837765826E0
8.172283417E0,-3.467700744E-1,2.004743614E0,2.655615900E0,3.345376249E0
8.182308417E0,4.972234282E-1,1.582648319E0,2.931842460E0,3.368635785E0
8.192332417E0,1.254090786E0,9.982302243E-1,1.010286598E0,1.894699525E0
8.202357417E0,1.142811694E0,6.228436571E-1,-1.402531273E0,1.913386203E0
8.212381417E0,1.086460615E0,-3.013801128E-1,-3.922168418E0,4.081008667E0
8.222406417E0,1.545374366E0,-1.476325473E0,-6.116734287E0,6.479363948E0
8.232430417E0,2.151139183E0,-2.305621451E0,-4.864952420E0,5.797503955E0
8.242455417E0,1.988708502E0,-2.266740391E0,-9.041035008E-1,3.148090953E0
8.252479417E0,1.740830705E0,-1.504785626E0,1.073831214E0,2.539288247E0
8.262504417E0,1.881738077E0,-4.253697360E-1,5.387799919E-1,2.003038064E0
8.272528417E0,2.529969760E0,9.902136916E-1,-8.317956626E-2,2.718122327E0
8.282553417E0,2.244742288E0,2.634207489E0,-1.708414326E0,3.859610932E0
8.292577417E0,8.764477057E-1,4.326987530E0,-4.306502979E0,6.167410281E0
8.302602417E0,-2.355990829E-1,5.185427785E0,-6.332055665E0,8.187740664E0
8.312627417E0,-1.389540806E0,4.682497072E0,-6.068278996E0,7.789776149E0
8.322651417E0,-1.041562770E0,3.578542757E0,-5.674170814E0,6.788743307E0
8.332676417E0,7.173250873E-1,1.715506999E0,-5.882529911E0,6.169414697E0
8.342700417E0,2.446825277E0,-1.645564359E-1,-6.124388292E0,6.597133068E0
8.352725417E0,3.408190853E0,-1.087190348E0,-4.382682259E0,5.657353757E0
8.362749417E0,3.752294232E0,-1.624572855E0,-2.221663620E0,4.653465183E0
8.372774417E0,2.696506063E0,-1.954243551E0,-1.409019343E0,3.616012765E0
8.382798417E0,1.193701328E0,-1.404387764E0,-9.973478794E-2,1.845853428E0
8.392823417E0,2.342228676E-1,-6.605459189E-1,1.225254219E0,1.411534330E0
8.402847417E0,-5.689475316E-1,-6.561879891E-1,1.466335505E0,1.704237010E0
8.412872417E0,-1.196226229E0,-8.644669801E-1,1.726657639E0,2.271476822E0
8.422896417E0,-1.935890603E0,-1.149499447E0,1.386046802E0,2.643888641E0
8.432921417E0,-2.563655277E0,-1.700157473E0,-2.252762622E-1,3.084414565E0
8.442945417E0,-2.868166282E0,-2.546776412E0,-2.862571666E0,4.786101175E0
8.452970417E0,-3.397752112E0,-3.390537817E0,-5.977371165E0,7.666122367E0
8.462995417E0,-2.684594408E0,-3.323675491E0,-6.042727248E0,7.400568795E0
8.473019417E0,-3.328657611E-1,-2.137968330E0,-4.102899422E0,4.638479477E0
8.483044417E0,1.664557139E0,-1.245794903E0,-2.751148294E0,3.448415918E0
8.493068417E0,2.665257666E0,-8.388082284E-1,-2.433802359E0,3.705481290E0
8.503093417E0,3.305359380E0,-6.318536317E-1,-3.287723300E0,4.704653456E0
8.513117417E0,3.245507281E0,-6.966653395E-1,-4.869892733E0,5.893599522E0
8.523142417E0,2.700571632E0,-8.867852175E-1,-6.036856644E0,6.672564222E0
8.533166417E0,2.342851258E0,-1.114563503E0,-6.732478840E0,7.215086635E0
8.543191417E0,2.261140220E0,-1.306365041E0,-7.122273531E0,7.585916224E0
8.553215417E0,2.416682588E0,-1.590299985E0,-5.876708423E0,6.550199285E0
8.563240417E0,2.582066113E0,-2.331877204E0,-5.444058904E0,6.460843138E0
8.573264417E0,2.441747994E0,-4.238594586E0,-4.186966596E0,6.438828046E0
8.583289417E0,1.846598504E0,-7.273722848E0,-2.592967077E0,7.939801532E0
8.593313417E0,6.249816915E-1,-1.092847646E1,-2.994885970E0,1.134863612E1
8.603338417E0,-9.894654673E-1,-1.399329688E1,-4.438097199E0,1.471353480E1
8.613363417E0,-2.821979710E0,-1.608910503E1,-3.018501704E0,1.661126795E1
8.623387417E0,-4.100813720E0,-1.691007750E1,-7.477539244E-1,1.741627199E1
8.633412417E0,-4.595907117E0,-1.613801582E1,1.114429602E-1,1.678005770E1
8.643436417E0,-4.875732347E0,-1.468210356E1,3.115870416E0,1.578117801E1
8.653461417E0,-4.800889741E0,-1.328389397E1,5.158207827E0,1.503720351E1
8.663485417E0,-5.971705797E0,-1.630152502E1,5.872717699E0,1.832729662E1
8.673510417E0,-7.514994754E0,-1.928676952E1,5.479598866E0,2.141216076E1
8.683534417E0,-3.031095145E0,-1.210626941E1,9.480079774E-1,1.251591052E1
8.693559417E0,9.622733563E-1,-6.835892111E0,-5.403332462E0,8.766492609E0
8.703583417E0,4.025665012E0,-2.214216022E0,-1.278828865E1,1.358856350E1
8.713608417E0,5.938583075E0,1.462503240E0,-1.413364760E1,1.540018439E1
8.723632417E0,5.036896813E0,1.710528095E0,-5.874587638E0,7.925087746E0
8.733657417E0,3.958969916E0,-1.948653613E0,-1.139363182E1,1.221824618E1
8.743681417E0,-5.455773801E-2,-9.810991688E0,-1.657660261E1,1.926245800E1
8.753706417E0,-2.813078201E0,-9.831889637E0,-2.255440646E1,2.476450512E1
8.763730417E0,-2.951520387E0,-2.674901186E0,-1.022091425E1,1.096966987E1
8.773755417E0,-1.264495907E0,7.854456028E0,8.096468775E0,1.135095749E1
8.783780417E0,9.190302730E-2,1.233185266E1,8.572977675E0,1.501928701E1
8.793804417E0,2.392136562E0,1.227302031E1,9.039908250E0,1.542949403E1
8.803829417E0,4.252495757E0,1.322949615E1,9.272617493E0,1.670582904E1
8.813853417E0,4.650191206E0,1.379092475E1,8.352535306E0,1.678030780E1
8.823878417E0,4.747819242E0,1.334708483E1,7.494338880E0,1.602658966E1
8.833902417E0,4.007152435E0,1.253094918E1,5.342976333E0,1.419962514E1
8.843927417E0,2.888476878E0,1.170958144E1,2.795859028E0,1.238040484E1
8.853951417E0,2.184217028E0,1.118907049E1,1.173467184E0,1.146050294E1
8.863976417E0,2.223068122E0,1.020624709E1,1.400652562E0,1.053903882E1
8.874000417E0,1.844004241E0,7.966330220E0,2.773167154E0,8.634420935E0
8.884025417E0,1.137818318E0,7.219750124E0,4.929767636E0,8.816009944E0
8.894049417E0,2.387809183E-1,7.619676286E0,5.648663505E0,9.488091611E0
8.904074417E0,-7.520513356E-1,8.305949954E0,5.117201888E0,9.784689111E0
8.914098417E0,-1.665859753E0,8.554160165E0,4.221292090E0,9.683390510E0
8.924123417E0,-2.548663601E0,8.825236498E0,2.962935029E0,9.651915322E0
8.934148417E0,-2.986519774E0,9.547313837E0,2.262734463E0,1.025624050E1
8.944172417E0,-2.900903088E0,1.010774724E1,1.974329907E0,1.069952202E1
8.954197417E0,-2.518487875E0,1.070023157E1,1.809627290E0,1.114057843E1
8.964221417E0,-1.926316226E0,1.096882459E1,1.181460840E0,1.119918107E1
8.974246417E0,-1.507373896E0,1.108409309E1,1.041330051E0,1.123448548E1
8.984270417E0,-1.604434752E0,1.227864533E1,3.508397219E0,1.287043873E1
8.994295417E0,-2.134203454E0,1.264501549E1,1.091865197E0,1.287025294E1
9.004319417E0,-3.241054333E0,1.217845680E1,-1.881320001E0,1.274200173E1
9.014344417E0,-4.322790106E0,1.195709642E1,-3.563102599E0,1.320433146E1
9.024368417E0,-4.785229143E0,1.220201874E1,-4.317149005E0,1.379947299E1
9.034393417E0,-3.682984554E0,1.278166375E1,-5.230330893E0,1.429306352E1
9.044417417E0,-1.930987274E0,1.305176652E1,-6.343372951E0,1.463952532E1
9.054442417E0,4.608263746E-2,1.289526229E1,-7.573382710E0,1.495479986E1
9.064466417E0,1.665177821E0,1.242520228E1,-8.120305535E0,1.493645979E1
9.074491417E0,2.606554837E0,1.179360944E1,-6.919797317E0,1.392001963E1
9.084515417E0,2.942823531E0,1.110937060E1,-4.275919118E0,1.226221064E1
9.094540417E0,3.149650074E0,1.049792609E1,-1.417002547E0,1.105145438E1
9.104564417E0,3.409555593E0,1.012805462E1,5.102783604E-1,1.069873561E1
9.114589417E0,3.579164316E0,9.923193909E0,1.533403069E0,1.065980861E1
9.124614417E0,3.615316481E0,9.804652721E0,1.757649636E0,1.059674764E1
9.134638417E0,3.631169452E0,9.663000998E0,1.990288128E0,1.051286006E1
9.144663417E0,3.423498572E0,9.540417046E0,2.149112538E0,1.036139878E1
9.154687417E0,3.240384827E0,9.261883174E0,2.240078841E0,1.006481629E1
9.164712417E0,3.159453223E0,8.754928992E0,2.537765268E0,9.647340508E0
9.174736417E0,3.018344414E0,8.182688309E0,3.232584057E0,9.301418744E0
9.184761417E0,2.752753062E0,7.893799018E0,4.167942095E0,9.341383927E0
9.194785417E0,2.018678991E0,7.977092605E0,4.349366578E0,9.307312229E0
9.204810417E0,3.519791396E-1,8.869209899E0,4.176387813E0,9.809637542E0
9.214834417E0,-8.592638353E-1,9.591786005E0,5.138756479E0,1.091547119E1
9.224859417E0,-1.496484334E0,1.020807376E1,5.359180137E0,1.162605036E1
9.234883417E0,-2.140784203E0,1.042010550E1,4.097797434E0,1.139971488E1
9.244908417E0,-2.441833217E0,8.307087822E0,1.762486161E0,8.836097272E0
9.254932417E0,-1.555261569E0,8.444005054E-1,-8.628649600E0,8.808260025E0
9.264957417E0,-8.499522613E0,-3.217845799E1,-4.673288409E1,5.737296836E1
9.274981417E0,-2.516125191E1,-7.069052642E1,-7.353740474E1,1.050618343E2
9.285006417E0,-1.649980294E1,-6.934999376E1,1.132434816E1,7.217967853E1
9.295031417E0,-1.621467165E1,-5.654258004E1,5.192012218E1,7.845812909E1
9.305055667E0,-7.650591100E0,-1.752931518E1,2.551023947E1,3.188386351E1
9.315080667E0,-3.200971670E0,1.893333691E0,1.177682442E1,1.235008201E1
9.325104667E0,-2.588640430E0,7.781207957E0,4.681992165E0,9.442950131E0
9.335129667E0,-3.795956561E0,1.282519160E1,6.026704123E0,1.467024159E1
9.345153667E0,-6.991506985E0,1.528073449E1,6.000605076E0,1.784346597E1
9.355178667E0,-9.267701738E0,1.241562922E1,-3.101097134E0,1.580047303E1
9.365202667E0,-8.862469229E0,1.215018434E1,-1.495663853E1,2.121017153E1
9.375227667E0,-6.324730858E0,8.063668234E0,-2.098519622E1,2.335387390E1
9.385251667E0,-2.695315570E0,2.379819109E0,-1.524782636E1,1.566602929E1
9.395276667E0,1.126933599E-1,-1.926088623E0,-5.502315883E0,5.830780158E0
9.405300667E0,1.555074019E0,-5.788804307E0,-2.624428021E0,6.543403774E0
9.415325667E0,1.920913545E0,-1.225657911E1,-1.111959153E-1,1.240669194E1
9.425349667E0,3.926142771E0,-1.858999542E1,4.073759530E0,1.943188214E1
9.435374667E0,6.248126485E0,-1.666425822E1,4.344896674E0,1.831979022E1
9.445399667E0,6.487090495E0,-8.346174120E0,3.974789266E0,1.129335713E1
9.455423667E0,4.669604839E0,-1.100024986E0,2.861547526E0,5.586028872E0
9.465448667E0,2.311349384E0,2.760998513E0,1.019976312E0,3.742432423E0
9.475472667E0,3.777376594E-1,4.488006985E0,1.567811009E-1,4.506603239E0
9.485497667E0,-7.998604365E-1,4.939799704E0,8.881677917E-1,5.082345901E0
9.495521667E0,-1.889466927E0,4.496371427E0,1.526661521E0,5.110590639E0
9.505546667E0,-2.705719229E0,3.551602296E0,1.430173692E0,4.688303766E0
9.515570667E0,-3.235870192E0,2.365354852E0,5.974535850E-1,4.052494326E0
9.525595667E0,-3.328393024E0,9.539486754E-1,-4.416814211E-1,3.490458520E0
9.535619667E0,-2.795010012E0,4.273905337E-2,-1.687081929E0,3.264988979E0
9.545644667E0,-9.124674312E-1,-2.145553923E-1,-2.392451142E0,2.569523943E0
9.555668667E0,1.426773390E0,-1.682384276E-1,-2.050878146E0,2.504014306E0
9.565693667E0,2.702751767E0,6.318080235E-1,-7.353206974E-1,2.871366403E0
9.575717667E0,3.415116880E0,1.675391006E0,2.906229901E-1,3.815025564E0
9.585742667E0,3.797447016E0,2.458058948E0,8.851956519E-1,4.609363185E0
9.595766667E0,3.785563135E0,3.124511724E0,1.096095365E0,5.029362466E0
9.605791667E0,3.221752675E0,3.373048795E0,9.841837505E-1,4.767154930E0
9.615816667E0,2.416196100E0,3.191188694E0,7.752639046E-1,4.077097374E0
9.625840667E0,1.188345132E0,2.758490642E0,6.385112715E-1,3.070689079E0
9.635865667E0,-4.573421650E-2,2.167023729E0,4.922905344E-1,2.222708580E0
9.645889667E0,-1.076548123E0,1.281197455E0,-4.433358908E-3,1.673452250E0
9.655914667E0,-1.738134554E0,5.482624215E-1,-8.577888751E-1,2.014324990E0
9.665938667E0,-1.854245346E0,1.297777820E-1,-1.424504232E0,2.341854049E0
9.675963667E0,-1.291970073E0,6.603143692E-2,-1.668770497E0,2.111478579E0
9.685987667E0,-3.900368025E-1,2.472033209E-1,-1.662093122E0,1.725048329E0
9.696012667E0,2.783316677E-1,2.529780310E-1,-1.632430197E0,1.675199914E0
9.706036667E0,5.739895125E-1,-5.743953824E-2,-1.654587783E0,1.752262535E0
9.716061667E0,7.504305605E-1,-2.528224951E-1,-1.397472847E0,1.606236470E0
9.726085667E0,8.430897789E-1,-3.107976383E-1,-9.613606060E-1,1.315906441E0
9.736110667E0,9.820104135E-1,-2.115136707E-1,-4.828665769E-1,1.114559382E0
9.746134667E0,1.081846139E0,5.910248637E-2,2.248342127E-2,1.083692612E0
9.756159667E0,1.200524298E0,3.087721628E-1,1.668970764E-1,1.250781145E0
9.766183667E0,1.161892621E0,4.559448266E-1,6.651339367E-2,1.249921669E0
9.776208667E0,8.861598578E-1,5.153168696E-1,-9.719344184E-2,1.029697691E0
9.786233667E0,5.993946413E-1,6.274413228E-1,-3.712676422E-1,9.438200102E-1
9.796257667E0,4.956181117E-1,7.062775773E-1,-3.106812787E-1,9.170540801E-1
9.806282667E0,4.014900727E-1,7.696988171E-1,-1.389076245E-1,8.791620304E-1
9.816306667E0,3.457034692E-1,8.166209686E-1,-6.048462197E-2,8.888414282E-1
9.826331667E0,3.667461365E-1,7.159307456E-1,-1.041972367E-1,8.111205985E-1
9.836355667E0,4.558943944E-1,4.396550685E-1,-1.407014041E-1,6.487936214E-1
9.846380667E0,6.345919559E-1,1.031349438E-1,-7.617591754E-2,6.474152744E-1
9.856404667E0,7.554850399E-1,-1.218314159E-1,-5.676257685E-2,7.673477240E-1
9.866429667E0,8.458110731E-1,-2.117101371E-1,-8.352396727E-2,8.758960022E-1
9.876453667E0,9.219712763E-1,-1.829424208E-1,-1.502616017E-1,9.518810391E-1
9.886478667E0,9.049601179E-1,-1.061754960E-1,-3.749047565E-1,9.852814966E-1
9.896502667E0,7.793117128E-1,4.631579518E-3,-5.065850763E-1,9.295034356E-1
9.906527667E0,6.166727981E-1,1.232826948E-1,-5.726926732E-1,8.505650244E-1
9.916551667E0,5.076736817E-1,2.020300716E-1,-6.656854753E-1,8.612118607E-1
9.926576667E0,4.784692515E-1,3.042019790E-1,-6.664969227E-1,8.750370373E-1
9.936600667E0,4.237667949E-1,3.974200451E-1,-4.436972487E-1,7.310186299E-1
9.946625667E0,3.240677480E-1,4.324571460E-1,-1.664969806E-1,5.654735476E-1
9.956650667E0,1.763046616E-1,4.860106248E-1,-6.099610716E-2,5.205863869E-1
9.966674667E0,7.716424316E-3,3.768366766E-1,-8.295444846E-2,3.859363478E-1
9.976699667E0,-1.634080428E-1,2.730702335E-1,-1.762033586E-1,3.637542638E-1
9.986723667E0,-3.028397971E-1,2.546240222E-1,-2.462506633E-1,4.660308193E-1
9.996748667E0,-4.127541489E-1,1.939761168E-1,-4.036331503E-1,6.090258134E-1
1.000677267E1,-4.844093648E-1,1.562446189E-1,-5.171394467E-1,7.256018336E-1
1.001679767E1,-3.952073126E-1,1.881300706E-1,-5.141678917E-1,6.752409675E-1
1.002682167E1,-3.469831324E-1,1.996666270E-1,-5.443873255E-1,6.757378310E-1
1.003684667E1,-2.637339111E-1,9.861796975E-2,-2.355083048E-1,3.670766153E-1
1.004687067E1,-5.066071495E-2,2.850388992E-1,-5.204489708E-2,2.941468229E-1
1.005689567E1,2.724802494E-4,4.368940133E-1,-8.773138976E-1,9.800796539E-1
1.006691967E1,-4.625308380E-2,3.008965480E-1,-1.251479712E0,1.287974981E0
1.007694467E1,-8.149352163E-2,1.384918875E-1,-1.128390999E0,1.139775172E0
1.008696867E1,-6.890782848E-2,1.209245127E-1,-1.039214090E0,1.048492704E0
1.009699367E1,-1.413561460E-1,1.688097006E-1,-1.011367164E0,1.035056431E0
1.010701767E1,-2.653786598E-1,1.742405945E-1,-1.083450469E0,1.129004223E0
1.011704267E1,-3.402162959E-1,1.204801244E-1,-1.142444197E0,1.198099049E0
1.012706767E1,-2.832867079E-1,1.116192538E-1,-1.044406271E0,1.087885415E0
1.013709167E1,-1.150791974E-1,1.303677660E-1,-8.861700904E-1,9.030705428E-1
1.014711667E1,8.219716094E-2,1.551389104E-1,-6.298152924E-1,6.538285381E-1
1.015714067E1,1.781846876E-1,2.295499921E-1,-4.194712110E-1,5.102931301E-1
1.016716567E1,1.295506176E-1,3.143059677E-1,-2.935746646E-1,4.491744511E-1
1.017718967E1,-3.812940091E-2,2.132754368E-1,-2.267037137E-1,3.135838595E-1
1.018721467E1,-2.638941979E-1,1.188282859E-1,-1.769285595E-1,3.392108849E-1
1.019723867E1,-3.155535442E-1,2.904312015E-2,-1.307579215E-1,3.428048660E-1
1.020726367E1,-2.999826282E-1,-1.103457302E-1,-9.278844193E-2,3.328294644E-1
1.021728767E1,-3.092829902E-1,-1.715239781E-1,-2.399546738E-1,4.273811982E-1
1.022731267E1,-2.837218869E-1,-3.889924532E-1,-3.232515498E-1,5.799179272E-1
1.023733667E1,-3.217762242E-1,-6.468371218E-1,-1.407892585E-1,7.360433520E-1
1.024736167E1,-4.314642888E-1,-6.497981519E-1,-6.395231321E-2,7.826167447E-1
1.025738567E1,-6.106612757E-1,-5.421316159E-1,-6.941112757E-2,8.195314437E-1
1.026741067E1,-7.915807061E-1,-3.848380065E-1,4.540713787E-2,8.813410882E-1
1.027743467E1,-9.090230557E-1,-1.679454821E-1,2.776176131E-1,9.651943534E-1
1.028745967E1,-9.743952191E-1,2.320701420E-2,4.956520987E-1,1.093460384E0
1.029748467E1,-1.066074810E0,1.010726309E-1,6.434451520E-1,1.249300941E0
1.030750817E1,-1.197968187E0,1.666865766E-2,6.806965935E-1,1.377952639E0
1.031753317E1,-1.291315185E0,-1.147457600E-1,7.248125931E-1,1.485265899E0
1.032755717E1,-1.220403077E0,-1.880832928E-1,8.164209207E-1,1.480304737E0
1.033758217E1,-1.075691945E0,-3.006790316E-1,9.776883709E-1,1.484383909E0
1.034760617E1,-7.870365424E-1,-4.362958431E-1,1.099850666E0,1.421074266E0
1.035763117E1,-5.612237252E-1,-6.328307015E-1,1.180368141E0,1.452141768E0
1.036765517E1,-3.483138856E-1,-6.499115878E-1,1.166448114E0,1.379966969E0
1.037768017E1,-1.117342977E-1,-4.397948170E-1,1.147690246E0,1.234138134E0
1.038770417E1,9.761064067E-2,-3.051427960E-2,1.090621494E0,1.095405953E0
1.039772917E1,2.689641725E-1,3.000060171E-1,1.099919809E0,1.171396143E0
1.040775317E1,2.460674992E-1,3.535571569E-1,1.271020961E0,1.342030611E0
1.041777817E1,6.360878929E-2,3.923698050E-1,1.318496844E0,1.377110768E0
1.042780217E1,-1.110088044E-1,5.255933511E-1,1.314437706E0,1.419971059E0
1.043782717E1,-2.477063276E-1,1.121096013E0,1.023584263E0,1.538161057E0
1.044785117E1,-4.929037611E-1,1.054334258E0,1.067727379E0,1.579435533E0
1.045787617E1,-7.052754376E-1,7.878134912E-1,8.692201817E-1,1.368797744E0
1.046790117E1,-7.391323511E-1,6.930827504E-1,6.101429931E-1,1.182774198E0
1.047792517E1,-6.397358246E-1,7.060238081E-1,4.175041346E-1,1.040212116E0
1.048795017E1,-4.080091334E-1,8.899117237E-1,2.358743405E-1,1.007001010E0
1.049797417E1,-1.427424478E-1,9.414683783E-1,1.911817324E-1,9.712304405E-1
1.050799917E1,1.840843821E-1,8.608148092E-1,2.747150552E-1,9.221483379E-1
1.051802317E1,5.468211559E-1,4.965379518E-1,8.101317286E-2,7.430521168E-1
1.052804817E1,9.264440308E-1,2.681229043E-1,2.357455556E-1,9.928566870E-1
1.053807217E1,1.014638681E0,4.922414178E-1,9.763924818E-1,1.491688823E0
1.054809717E1,6.301681718E-1,7.257973373E-1,1.567427870E0,1.838674476E0
1.055812117E1,2.647606091E-1,1.106457508E0,2.129102051E0,2.414005373E0
1.056814617E1,2.120239864E-1,1.677212999E0,2.982921982E0,3.428676299E0
1.057817017E1,2.286263513E-1,2.511094363E0,3.350777335E0,4.193515668E0
1.058819517E1,-2.875238197E-1,3.260879903E0,2.671298132E0,4.225143950E0
1.059821917E1,-1.019428135E0,4.084578341E0,1.465447313E0,4.457639485E0
1.060824417E1,-1.466859270E0,4.843253403E0,-2.462744907E-1,5.066500840E0
1.061826817E1,-2.007048587E0,5.071294813E0,-2.106755308E0,5.846767743E0
1.062829317E1,-2.868658909E0,5.084387898E0,-2.967929721E0,6.548954960E0
1.063831817E1,-3.303140362E0,4.956384746E0,-2.663832407E0,6.524759696E0
1.064834217E1,-3.276758017E0,4.162000154E0,-1.314202648E0,5.457702537E0
1.065836717E1,-2.809445034E0,2.271200647E0,-1.268328318E-1,3.614888704E0
1.066839117E1,-1.504615618E0,-4.397790295E-1,1.656057188E0,2.280306813E0
1.067841617E1,-2.742679077E-1,-2.490560111E0,3.292156952E0,4.137198321E0
1.068844017E1,3.066840855E-1,-4.425649939E0,3.820116086E0,5.854376091E0
1.069846517E1,4.077393940E-1,-5.502222328E0,1.241923462E0,5.655358153E0
1.070848917E1,1.487908076E-1,-4.844149196E0,-5.361133692E-1,4.875996071E0
1.071851417E1,2.899975573E-1,-3.549105535E0,-1.317519774E0,3.796854887E0
1.072853817E1,8.212138834E-1,-2.064799197E0,-2.493675508E0,3.340090643E0
1.073856317E1,1.138769660E0,3.208297062E-1,-1.941975508E0,2.273982611E0
1.074858717E1,1.114654574E0,3.077744524E0,1.151276416E0,3.469928466E0
1.075861217E1,1.805305029E0,4.278691868E0,2.317159762E0,5.189947948E0
1.076863617E1,2.819351094E0,4.012016734E0,-4.895329875E-1,4.927946977E0
1.077866117E1,3.972042829E0,3.457829329E0,-2.573663664E0,5.861523058E0
1.078868517E1,4.393628539E0,2.792643059E0,-2.941812547E0,5.979723076E0
1.079871017E1,3.321626626E0,1.673768989E0,-2.600829243E0,4.538614196E0
1.080873517E1,1.197918121E0,4.988095951E-1,-2.764377034E0,3.053784410E0
1.081875917E1,-3.381893586E-1,1.354788172E-1,-1.167707092E0,1.223219688E0
1.082878417E1,-1.949422522E0,-3.066817832E-1,6.436691004E-1,2.075719585E0
1.083880817E1,-2.756315478E0,-1.001640905E0,3.100679058E-1,2.949017061E0
1.084883317E1,-2.610145904E0,-2.017059020E0,-8.786792225E-1,3.413717315E0
1.085885717E1,-2.399798753E0,-3.084624943E0,-6.897621167E-1,3.968591295E0
1.086888217E1,-1.890559772E0,-3.748868056E0,7.782521242E-1,4.270117600E0
1.087890617E1,-5.916497849E-1,-3.587370883E0,7.624295586E-1,3.714912940E0
1.088893117E1,2.891054915E-1,-2.713732545E0,6.300322241E-1,2.800868957E0
1.089895517E1,1.192729667E-2,-1.979849094E0,-1.114368206E-1,1.983018623E0
1.090898017E1,-8.446402413E-1,-1.288632774E0,-1.304644205E0,2.018932407E0
1.091900417E1,-1.319371733E0,-5.140158641E-1,-1.673870146E0,2.192440499E0
1.092902917E1,-5.625620797E-1,1.363529760E-1,-2.181482139E0,2.256974203E0
1.093905317E1,4.340885192E-2,3.867097002E-1,-1.978909446E0,2.016807208E0
1.094907817E1,3.675612384E-1,2.785894203E-1,-2.924321771E0,2.960468063E0
1.095910317E1,1.045983411E0,2.588211536E-2,-4.817566000E0,4.929877619E0
1.096912717E1,1.933251609E0,2.145244020E-1,-5.099545636E0,5.457916103E0
1.097915217E1,2.098753247E0,8.729974830E-1,-3.892959237E0,4.507995277E0
1.098917617E1,2.230419387E0,1.602772096E0,-4.015986993E0,4.865367465E0
1.099920117E1,2.015056202E0,2.215173796E0,-4.429673408E0,5.346910598E0
1.100922517E1,1.608401942E0,2.435926652E0,-4.763877450E0,5.587058602E0
1.101925017E1,1.818997161E0,2.154937534E0,-6.496684021E0,7.082330811E0
1.102927417E1,2.034419549E0,1.646829112E0,-7.365159268E0,7.816423739E0
1.103929917E1,2.140255614E0,1.281304459E0,-7.850763511E0,8.237531361E0
1.104932317E1,2.622448153E0,9.366216213E-1,-7.800673923E0,8.282814016E0
1.105934817E1,3.020117582E0,9.788116211E-1,-5.743756773E0,6.562768034E0
1.106937217E1,3.463335359E0,1.072370580E0,-5.202001718E0,6.340780105E0
1.107939717E1,3.953626731E0,8.067064297E-1,-5.580465090E0,6.886474440E0
1.108942117E1,4.122540512E0,3.864734727E-1,-2.641949202E0,4.911679713E0
1.109944617E1,3.584414823E0,-4.583111948E-1,-2.918851701E0,4.645188266E0
1.110947017E1,2.598031058E0,-1.829011395E0,-4.985477568E0,5.911855431E0
1.111949517E1,9.739434486E-1,-3.597349157E0,-5.531851923E0,6.670147862E0
1.112952017E1,-7.797173633E-1,-5.740979930E0,-5.212194584E0,7.793188186E0
1.113954417E1,-2.193310618E0,-8.398535936E0,-4.314056413E0,9.693147067E0
1.114956917E1,-3.617777574E0,-1.215295125E1,-2.479890697E0,1.292023206E1
1.115959317E1,-4.565009553E0,-1.618713594E1,-6.054329878E-1,1.682941566E1
1.116961817E1,-4.999862303E0,-1.930975375E1,1.108649629E-1,1.994686703E1
1.117964217E1,-4.732222086E0,-1.934792438E1,-8.864606971E-1,1.993795165E1
1.118966717E1,-3.334928457E0,-1.652811399E1,-1.897713840E0,1.696766388E1
1.119969117E1,-1.651569158E0,-1.344227633E1,-1.856915478E0,1.367006250E1
1.120971617E1,-1.272077991E0,-1.297078493E1,7.021827722E-1,1.305191575E1
1.121974017E1,-2.656585660E0,-1.809176002E1,4.313086067E0,1.878754746E1
1.122976517E1,-1.225979420E0,-1.405243328E1,2.578916802E0,1.433962059E1
1.123978917E1,5.411077684E-1,-9.221711633E0,-1.086729368E0,9.301276460E0
1.124981417E1,9.157993940E-1,-9.048356307E0,-4.613159620E0,1.019768023E1
1.125983817E1,2.461437177E0,-4.282606578E0,-1.101006500E1,1.206734948E1
1.126986317E1,2.806988034E0,3.871418095E0,-1.633662937E1,1.702211852E1
1.127988717E1,1.061096417E0,6.318408848E0,-1.017980365E1,1.202815939E1
1.128991217E1,-3.049386113E0,2.485476542E0,-2.987143087E0,4.939572160E0
1.129993996E1,-2.977049623E0,-3.400859322E0,-3.069505212E0,5.463563932E0
1.130996496E1,5.989482795E-1,-4.554858202E-1,-1.012637296E1,1.015429149E1
1.131998996E1,4.589187205E-2,6.522255065E0,1.499173468E0,6.692491187E0
1.133001396E1,3.998233970E-1,1.062502936E1,6.516320726E0,1.247050694E1
1.134003896E1,7.959455064E-1,1.125071184E1,5.673862081E0,1.262555967E1
1.135006296E1,1.360014706E0,1.249474907E1,6.729154698E0,1.425657453E1
1.136008796E1,1.801629469E0,1.281001222E1,7.344342595E0,1.487553865E1
1.137011196E1,1.998353338E0,1.277965348E1,7.915527856E0,1.516471366E1
1.138013696E1,1.882113761E0,1.287763176E1,7.388059888E0,1.496526582E1
1.139016096E1,1.655159348E0,1.299326513E1,6.712483116E0,1.471808143E1
1.140018596E1,1.280357649E0,1.280708628E1,6.082407038E0,1.423574550E1
1.141020996E1,1.035681202E0,1.248357621E1,5.107139415E0,1.352757123E1
1.142023496E1,9.699272154E-1,1.200460855E1,3.713004159E0,1.260308634E1
1.143025896E1,7.945912912E-1,1.153974205E1,2.229549176E0,1.177997926E1
1.144028396E1,5.280541518E-1,1.119135324E1,1.401135542E0,1.129107654E1
1.145030796E1,4.338477601E-1,1.104211008E1,8.739213431E-1,1.108513227E1
1.146033296E1,3.586523475E-1,1.088409142E1,3.099363434E-1,1.089440857E1
1.147035696E1,1.734628417E-1,1.076633551E1,-4.673094749E-3,1.076773381E1
1.148038196E1,6.886960231E-2,1.069886800E1,-1.992397803E-1,1.070094463E1
1.149040696E1,-7.351148754E-2,1.099098203E1,3.072331756E-1,1.099552100E1
1.150043096E1,-4.735206067E-1,1.231096640E1,2.405364425E0,1.255268471E1
1.151045596E1,-1.025378335E0,1.208602869E1,1.158605901E0,1.218465666E1
1.152047996E1,-2.017496976E0,1.213994704E1,-2.479547612E-1,1.230894348E1
1.153050496E1,-3.118347589E0,1.253678353E1,-5.728587341E-1,1.293148097E1
1.154052896E1,-3.882361743E0,1.280822765E1,-8.401864171E-1,1.341004629E1
1.155055396E1,-3.914330810E0,1.310677245E1,-1.038767362E0,1.371818164E1
1.156057796E1,-2.756699348E0,1.282601488E1,-5.731160116E-1,1.313143218E1
1.157060296E1,-1.240989954E0,1.197011232E1,2.333493666E-1,1.203653177E1
1.158062696E1,-1.427502684E-1,1.139204839E1,9.636712794E-1,1.143362614E1
1.159065196E1,5.170738848E-1,1.101950708E1,1.456143808E0,1.112732028E1
1.160067596E1,6.944201548E-1,1.088820201E1,1.702104596E0,1.104229697E1
1.161070096E1,5.803425124E-1,1.088257114E1,2.020293700E0,1.108371502E1
1.162072496E1,3.570592006E-1,1.045588110E1,2.638464847E0,1.078955224E1
1.163074996E1,2.963706569E-1,9.543317265E0,3.212296557E0,1.007380708E1
1.164077396E1,-5.764221735E-2,8.717857060E0,3.983352513E0,9.584959655E0
1.165079896E1,-2.868754365E-1,8.252277192E0,4.745576835E0,9.523805745E0
1.166082296E1,-3.102416412E-1,7.962034271E0,5.357091511E0,9.601493064E0
1.167084796E1,-1.857112236E-2,7.828415453E0,5.842976421E0,9.768562169E0
1.168087196E1,4.622138458E-1,7.876037516E0,5.914308944E0,9.860256532E0
1.169089696E1,9.485366388E-1,7.948179878E0,5.778253591E0,9.872259098E0
1.170092196E1,1.333437357E0,7.913935660E0,5.619770658E0,9.797461664E0
1.171094596E1,1.632227153E0,7.614488636E0,5.741996176E0,9.675490828E0
1.172097096E1,1.513549140E0,7.162009454E0,5.420992223E0,9.108916901E0
1.173099496E1,1.254141219E0,6.046635527E0,4.492331586E0,7.636472646E0
1.174101996E1,7.249627934E-1,5.329734144E0,1.745391826E0,5.654911999E0
1.175104396E1,3.433259913E-1,3.231512262E0,-2.204110133E0,3.926658340E0
1.176106896E1,-9.608894666E-1,-1.576062015E0,-1.174284157E1,1.188703530E1
1.177109296E1,-2.098880716E0,-2.758220501E1,-6.019321195E1,6.624504584E1
1.178111796E1,-7.922885408E0,-5.973272266E1,-7.167582436E1,9.363863555E1
1.179114196E1,-1.695388484E1,-4.545617964E1,6.818413614E0,4.899172627E1
1.180116696E1,-2.124106570E1,-4.892048183E1,5.038265529E1,7.336762480E1
1.181119096E1,-1.248122797E1,-4.235826397E1,3.927556510E1,5.909799990E1
1.182121596E1,-6.205685055E0,-1.359866128E1,2.487453252E1,2.902027711E1
1.183123996E1,-2.547805814E0,1.575259777E0,1.152023924E1,1.190330500E1
1.184126496E1,-1.430920674E0,7.111926298E0,3.042433773E0,7.866602374E0
1.185128896E1,-1.884437006E0,1.087662101E1,-1.928091763E1,2.221724042E1
1.186131396E1,-1.986458201E0,7.294804400E0,-3.012218169E1,3.105649719E1
1.187133796E1,-2.193454606E0,-6.141564488E-1,-1.066764737E1,1.090812228E1
1.188136296E1,-2.844591185E0,-5.942686651E0,2.544474948E0,7.062689035E0
1.189138796E1,-2.519288067E0,-9.786874262E0,5.033762705E-1,1.011845383E1
1.190141196E1,-9.180866785E-1,-1.445885453E1,-5.766520568E0,1.559339979E1
1.191143696E1,1.685088029E0,-1.570925704E1,-3.022047748E0,1.608580278E1
1.192146096E1,3.839900140E0,-1.165461294E1,1.857318643E0,1.241065946E1
1.193148596E1,4.212895781E0,-7.329202985E0,2.836675517E0,8.916974556E0
1.194150996E1,2.105709680E0,-2.497827616E0,1.150088847E0,3.463504065E0
1.195153496E1,1.040981995E-1,1.189762205E0,-1.983966118E-1,1.210674091E0
1.196155896E1,-1.579048481E0,2.921601062E0,-1.346748835E0,3.583696317E0
1.197158396E1,-2.380707155E0,4.180784919E0,-2.545059962E0,5.442798849E0
1.198160796E1,-1.963854474E0,5.004804370E0,-3.817020863E0,6.593514953E0
1.199163296E1,-1.097902666E0,4.896472421E0,-4.320155643E0,6.621523783E0
1.200165696E1,-2.506554622E-1,3.726659161E0,-2.395113087E0,4.437046694E0
1.201168196E1,1.875344951E-1,2.122797729E0,4.140495265E-1,2.170916027E0
1.202170596E1,2.326739950E-1,4.871981943E-1,2.335214502E0,2.396815812E0
1.203173096E1,1.748356766E-1,-1.023809454E0,2.462275375E0,2.672368488E0
1.204175496E1,3.212657623E-1,-1.904943337E0,1.044511813E0,2.196138825E0
1.205177996E1,1.143658152E0,-1.934700403E0,-4.600118575E-1,2.294042398E0
1.206180396E1,2.355081587E0,-1.014800649E0,-1.292506847E0,2.871724845E0
1.207182896E1,3.156195447E0,7.582610786E-1,-9.755193463E-1,3.389419944E0
1.208185396E1,3.377595005E0,2.435009809E0,-1.409746152E-1,4.166208664E0
1.209187796E1,3.175400919E0,3.776531233E0,2.950323755E-1,4.942914449E0
1.210190296E1,2.690291350E0,4.812007052E0,4.384981969E-1,5.530403248E0
1.211192696E1,2.023425176E0,5.398116746E0,3.907261527E-1,5.778112215E0
1.212195196E1,1.081413591E0,5.389109695E0,2.050688696E-1,5.500364706E0
1.213197596E1,4.728391594E-2,5.019457492E0,2.119370091E-1,5.024152325E0
1.214200096E1,-7.235833622E-1,4.435201950E0,4.011168011E-1,4.511705211E0
1.215202496E1,-1.277872582E0,3.484929419E0,3.476517615E-1,3.728076332E0
1.216204996E1,-1.579672379E0,1.989784682E0,3.138756126E-2,2.540785919E0
1.217207396E1,-1.459588403E0,2.849003202E-1,-3.931027535E-1,1.538212038E0
1.218209896E1,-1.027137031E0,-1.072108625E0,-8.440432405E-1,1.707874813E0
1.219212296E1,-5.481221614E-1,-1.919641483E0,-1.227821732E0,2.343716607E0
1.220214796E1,-8.980636194E-2,-2.118818699E0,-1.613941302E0,2.665007389E0
1.221217196E1,2.284225758E-1,-1.703752926E0,-1.595482665E0,2.345317855E0
1.222219696E1,4.156549161E-1,-8.996830058E-1,-1.149949683E0,1.518085239E0
1.223222096E1,5.182146766E-1,-5.176189184E-2,-7.694535264E-1,9.291310316E-1
1.224224596E1,7.259461489E-1,7.688211501E-1,-3.352075709E-1,1.109255556E0
1.225226996E1,8.268670446E-1,1.291841726E0,8.914562657E-2,1.536395489E0
1.226229496E1,8.744671807E-1,1.392679299E0,3.402402695E-1,1.679289112E0
1.227231996E1,9.726846161E-1,1.250432330E0,5.164179003E-1,1.666248427E0
1.228234396E1,1.079002711E0,9.751062405E-1,4.994400711E-1,1.537699390E0
1.229236896E1,1.118358785E0,6.268261957E-1,2.951582368E-1,1.315581938E0
1.230238842E1,1.020813779E0,2.337190568E-1,2.281405208E-1,1.071789842E0
1.231241342E1,8.309793182E-1,-6.149516702E-3,6.287949532E-2,8.333776304E-1
1.232243742E1,5.385304985E-1,2.930039763E-2,-1.638869298E-1,5.636776888E-1
1.233246242E1,1.935831473E-1,1.433538473E-1,-2.376822996E-1,3.384045449E-1
1.234248642E1,-2.667579449E-1,1.327013898E-1,-4.554617004E-1,5.442562086E-1
1.235251142E1,-5.450737521E-1,3.944063902E-2,-7.484624608E-1,9.267453881E-1
1.236253542E1,-6.418300049E-1,-1.240720689E-1,-8.344923985E-1,1.060055280E0
1.237256042E1,-6.290696262E-1,-2.063558418E-1,-8.187376606E-1,1.052921025E0
1.238258442E1,-5.731696964E-1,-1.208613628E-1,-7.908873725E-1,9.841919558E-1
1.239260942E1,-4.926994375E-1,5.219517052E-2,-7.935209584E-1,9.354959022E-1
1.240263342E1,-2.991448319E-1,2.105225676E-1,-7.831493135E-1,8.643669528E-1
1.241265842E1,-9.140926648E-2,4.054161125E-1,-6.612195182E-1,7.809795961E-1
1.242268242E1,1.643001817E-2,5.908833611E-1,-5.985584164E-1,8.412403163E-1
1.243270742E1,4.256370999E-2,6.686180001E-1,-7.075085624E-1,9.743870203E-1
1.244273142E1,1.180016358E-1,6.170952594E-1,-7.966211522E-1,1.014562076E0
1.245275642E1,3.159411050E-1,5.730522770E-1,-7.920217323E-1,1.027378274E0
1.246278042E1,6.135134013E-1,5.634558266E-1,-7.254125905E-1,1.104583446E0
1.247280542E1,8.806072687E-1,3.588412857E-1,-5.562772000E-1,1.101671708E0
1.248283042E1,9.955687179E-1,3.399278820E-2,-3.103642134E-1,1.043378420E0
1.249285442E1,1.000251168E0,-1.613808131E-1,-2.184812129E-1,1.036474894E0
1.250287942E1,8.494501609E-1,-2.351855385E-1,-3.448067987E-1,9.464510245E-1
1.251290342E1,5.690539509E-1,-2.646701235E-1,-5.218685286E-1,8.162226623E-1
1.252292842E1,4.119256715E-1,-5.449604988E-4,-7.080989850E-1,8.191991384E-1
1.253295242E1,3.268938535E-1,2.303697717E-1,-6.650212316E-1,7.760045501E-1
1.254297742E1,1.855877012E-1,3.481081367E-1,-4.078340824E-1,5.674070042E-1
1.255300142E1,2.957031973E-2,3.371124476E-1,-3.203980355E-1,4.660194280E-1
1.256302642E1,-8.316575222E-2,4.026170504E-1,-5.482793053E-1,6.852935344E-1
1.257305042E1,-1.208152429E-1,3.776196188E-1,-6.702896460E-1,7.787689702E-1
1.258307542E1,-1.053996436E-1,2.104810524E-1,-5.402276163E-1,5.892853601E-1
1.259309942E1,-8.629576676E-2,-6.182787359E-2,-2.756472476E-1,2.953828878E-1
1.260312442E1,-7.773800120E-2,-4.143436414E-1,-2.516524673E-1,4.909712968E-1
1.261314842E1,-5.565014407E-3,-6.335025465E-1,-2.367632635E-1,6.763233611E-1
1.262317342E1,5.569516763E-2,-6.375628531E-1,-7.042854309E-2,6.438544269E-1
1.263319742E1,9.320914909E-2,-6.321956939E-1,1.585681562E-1,6.584095997E-1
1.264322242E1,4.423338242E-2,-6.532713979E-1,3.441378041E-1,7.396965187E-1
1.265324642E1,-5.115246579E-2,-6.378008348E-1,4.633684516E-1,7.900106338E-1
1.266327142E1,-1.456053177E-1,-3.892824751E-1,4.881827923E-1,6.411428801E-1
1.267329542E1,-2.787096537E-1,-1.252701634E-1,4.376570749E-1,5.337746717E-1
1.268332042E1,-4.433597182E-1,-1.639500797E-2,4.039478036E-1,6.000087200E-1
1.269334542E1,-5.678516172E-1,2.142829120E-2,4.904831600E-1,7.506586182E-1
1.270336942E1,-6.730785486E-1,1.226330692E-1,5.841637409E-1,8.996226311E-1
1.271339442E1,-8.118445974E-1,1.959097910E-1,6.229541695E-1,1.041894521E0
1.272341842E1,-9.547428735E-1,2.972964174E-1,6.727655033E-1,1.205210578E0
1.273344342E1,-1.111043260E0,4.499566931E-1,6.821772547E-1,1.379218604E0
1.274346742E1,-1.278803605E0,5.515561581E-1,6.696487912E-1,1.545309794E0
1.275349242E1,-1.287142904E0,7.847121280E-1,8.000943983E-1,1.706651993E0
1.276351642E1,-1.361174209E0,8.910495919E-1,8.133441158E-1,1.818871423E0
1.277354142E1,-1.486046177E0,6.201627088E-1,8.984340405E-1,1.843941092E0
1.278356542E1,-1.496659750E0,2.794495457E-1,1.027026007E0,1.836536108E0
1.279359042E1,-1.406852657E0,1.865437210E-2,1.048254835E0,1.754542842E0
1.280361442E1,-1.285272964E0,-7.845618546E-2,9.740888981E-1,1.614599377E0
1.281363942E1,-1.265983877E0,-9.967280746E-2,8.558523504E-1,1.531382738E0
1.282366342E1,-1.188609061E0,2.543071032E-2,6.507740521E-1,1.355339473E0
1.283368842E1,-1.061073540E0,1.793001902E-1,4.637964678E-1,1.171807484E0
1.284371242E1,-8.928902223E-1,2.516676700E-1,2.881964687E-1,9.714148289E-1
1.285373742E1,-7.056367955E-1,2.407602739E-1,1.749639682E-1,7.658336548E-1
1.286376142E1,-5.605260061E-1,1.333948696E-1,1.766619265E-1,6.026549851E-1
1.287378642E1,-4.335942102E-1,4.819509029E-2,2.233600565E-1,4.901187822E-1
1.288381042E1,-2.804845760E-1,8.567048013E-2,1.471078328E-1,3.281032505E-1
1.289383542E1,-2.533868976E-2,1.956115830E-1,-2.755324960E-2,1.991610458E-1
1.290386042E1,2.649112480E-1,2.733479762E-1,-5.534747757E-2,3.846562474E-1
1.291388442E1,5.199185552E-1,3.754795378E-1,2.065691920E-1,6.737737146E-1
1.292390942E1,6.775651172E-1,3.873464620E-1,4.504122642E-1,9.011120782E-1
1.293393342E1,8.117527230E-1,4.021744162E-1,5.474432266E-1,1.058480435E0
1.294395842E1,9.293617183E-1,4.348656142E-1,6.692653600E-1,1.225045888E0
1.295398242E1,1.000553250E0,3.143416357E-1,8.367096627E-1,1.341640984E0
1.296400742E1,1.012944596E0,9.599841714E-2,9.441183364E-1,1.388031658E0
1.297403142E1,1.073642349E0,-1.700949186E-1,1.016799227E0,1.488462577E0
1.298405642E1,1.075609572E0,-2.924087298E-1,7.258502546E-1,1.330149393E0
1.299408042E1,9.825116660E-1,-1.873594075E-1,1.037940712E-1,1.005587356E0
1.300410542E1,7.985270521E-1,1.752030462E-1,1.836037409E-1,8.378853705E-1
1.301412942E1,3.349058546E-1,7.631867731E-1,4.800366707E-1,9.617958137E-1
1.302415442E1,-3.243800259E-1,1.799901032E0,1.085824585E0,2.126941737E0
1.303417842E1,-1.159586479E0,3.163906755E0,1.537095001E0,3.703728904E0
1.304420342E1,-1.864063260E0,4.262818431E0,1.680728053E0,4.946837333E0
1.305422742E1,-2.198850124E0,5.128170680E0,1.413382828E0,5.755929760E0
1.306425242E1,-2.434377871E0,5.705417165E0,6.725850436E-1,6.239419146E0
1.307427642E1,-3.156798880E0,5.650388433E0,-1.641787058E-1,6.474505638E0
1.308430142E1,-4.192263588E0,5.418486691E0,-4.602749822E-1,6.866361851E0
1.309432542E1,-5.176045927E0,4.926221300E0,-4.334865484E-1,7.158702279E0
1.310435042E1,-5.706319975E0,3.438780854E0,-2.226111013E-1,6.666097593E0
1.311437442E1,-4.443511721E0,1.078389119E0,-7.318094444E-1,4.630687267E0
1.312439942E1,-1.847468424E0,-1.235585080E0,-2.134193952E0,3.081329890E0
1.313442442E1,5.319896569E-1,-3.007852755E0,-2.047827653E0,3.677470502E0
1.314444842E1,2.520914470E0,-4.344835571E0,-6.735580203E-1,5.068163998E0
1.315447342E1,3.909909146E0,-5.203617888E0,-1.786146042E-1,6.511292639E0
1.316449742E1,5.233477864E0,-5.462635508E0,4.241377276E-1,7.576910324E0
1.317452242E1,6.387924056E0,-4.746908830E0,2.503066136E0,8.342904606E0
1.318454642E1,6.808838798E0,-3.290363318E0,4.524360879E0,8.812299241E0
1.319457142E1,6.736577153E0,-1.367556152E0,3.228938318E0,7.594585192E0
1.320459542E1,5.778340130E0,9.060482848E-1,2.142193528E0,6.228894867E0
1.321462042E1,3.235855574E0,2.365334387E0,1.805668141E0,4.396135290E0
1.322464442E1,3.090849888E-1,3.493905480E0,1.764057015E0,3.926169404E0
1.323466942E1,-1.796529966E0,5.090113492E0,1.978770282E0,5.749113593E0
1.324469342E1,-3.073457638E0,6.356612801E0,-1.072627273E0,7.141652289E0
1.325471842E1,-4.303840157E0,6.594961098E0,-3.819617026E0,8.752486859E0
1.326474242E1,-5.201994701E0,5.779766266E0,-2.469823546E0,8.158828059E0
1.327476742E1,-4.429040447E0,3.772056944E0,1.076893401E-1,5.818626114E0
1.328479142E1,-2.376810132E0,7.794326770E-1,7.476863891E-1,2.610704242E0
1.329481642E1,-1.466448064E-1,-2.148465251E0,1.696680719E-1,2.160137702E0
1.330484092E1,1.237661865E0,-4.274181910E0,-4.383914852E-1,4.471311327E0
1.331486592E1,1.552478733E0,-5.376386738E0,1.180834091E0,5.719273881E0
1.332489092E1,7.723407353E-1,-5.506857415E0,2.360099959E0,6.040865884E0
1.333491492E1,-5.472229327E-1,-4.738587073E0,1.157205493E0,4.908440174E0
1.334493992E1,-1.801011564E0,-3.153993970E0,-1.831180127E0,4.067498159E0
1.335496392E1,-2.089450035E0,-9.796068424E-1,-4.324612391E0,4.901806131E0
1.336498892E1,-1.564356328E0,1.243556589E0,-4.940932894E0,5.329771250E0
1.337501292E1,-1.724133396E-1,3.222849612E0,-4.819620711E0,5.800450826E0
1.338503792E1,1.655496001E0,4.900242705E0,-4.511305216E0,6.863302436E0
1.339506192E1,2.883089838E0,6.050677707E0,-4.701218687E0,8.186840958E0
1.340508692E1,3.609316653E0,6.150162234E0,-6.309215856E0,9.521442481E0
1.341511092E1,3.712969953E0,4.555337089E0,-8.151921430E0,1.004943107E1
1.342513592E1,3.836343279E0,2.299652029E0,-8.826249821E0,9.894878226E0
1.343515992E1,3.879107183E0,8.222699636E-1,-7.170351092E0,8.193749765E0
1.344518492E1,3.466349307E0,-1.302408814E-2,-6.063721091E0,6.984587362E0
1.345520892E1,3.786529387E0,-1.363453746E-1,-7.155040158E0,8.096356867E0
1.346523392E1,3.780595048E0,-1.799170715E-1,-8.779778489E0,9.560846165E0
1.347525792E1,3.125207835E0,-5.455159843E-1,-9.251696155E0,9.780510899E0
1.348528292E1,2.189867046E0,-9.241781616E-1,-9.040325741E0,9.347572544E0
1.349530692E1,1.247656218E0,-1.397973368E0,-8.097321884E0,8.311293357E0
1.350533192E1,1.139105437E0,-2.080776713E0,-7.480544713E0,7.847658385E0
1.351535592E1,1.496431855E0,-3.120285357E0,-7.915258300E0,8.638680626E0
1.352538092E1,1.845381698E0,-4.478139224E0,-7.242251964E0,8.712598811E0
1.353540592E1,2.197651152E0,-6.314318721E0,-4.975084727E0,8.333772227E0
1.354542992E1,2.459754933E0,-8.662945858E0,-2.704493360E0,9.402728838E0
1.355545492E1,1.861406578E0,-1.131230407E1,-2.210698922E0,1.167562621E1
1.356547892E1,1.416157332E0,-1.408383985E1,-3.057431297E0,1.448129596E1
1.357550392E1,8.765605570E-1,-1.632859061E1,-4.452843000E0,1.694753789E1
1.358552792E1,-1.110547782E-1,-1.746721190E1,-3.202854766E0,1.775877539E1
1.359555292E1,-1.086634132E0,-1.695592669E1,-2.269516941E0,1.714161401E1
1.360557692E1,-1.911749789E0,-1.445456034E1,-2.086418984E0,1.472895943E1
1.361560192E1,-2.344814314E0,-1.184226997E1,-8.425250110E-1,1.210154372E1
1.362562592E1,-3.428275747E0,-1.116627687E1,1.907621362E0,1.183544816E1
1.363565092E1,-5.130952200E0,-1.227249172E1,3.294485898E0,1.370380826E1
1.364567492E1,-5.560860545E0,-1.342708994E1,-7.773510683E-1,1.455383760E1
1.365569992E1,-3.976142896E0,-1.308241997E1,-4.781757066E0,1.448532448E1
1.366572392E1,-4.032664568E-1,-9.450447108E0,-4.604392304E0,1.052017124E1
1.367574892E1,3.372403847E0,-2.228628824E0,-4.825693045E0,6.295014496E0
1.368577292E1,4.886343874E0,5.271799931E0,-1.424454238E0,7.327844215E0
1.369579792E1,5.796661795E0,9.499764279E0,3.571803256E0,1.168779653E1
1.370582192E1,6.085901919E0,8.004370451E0,6.824893498E0,1.215266719E1
1.371584692E1,2.358912682E0,6.341837472E0,4.641319225E0,8.205194435E0
1.372587092E1,5.952295965E-1,5.093420677E0,-5.912330246E-1,5.162052785E0
1.373589592E1,1.574823721E0,3.365154469E-1,-1.829672598E1,1.836745747E1
1.374592092E1,-7.091260484E-1,2.934190702E0,-1.179323756E1,1.217344597E1
1.375594492E1,-1.240777992E0,6.855442277E0,-3.886485200E0,7.977555142E0
1.376596992E1,-2.257264978E-1,1.059478873E1,3.428296212E0,1.113794036E1
1.377599392E1,-6.161695721E-1,1.300149684E1,8.029501784E0,1.529351117E1
1.378601892E1,-1.720244852E0,1.343546315E1,8.020314639E0,1.574154883E1
1.379604292E1,-1.451612070E0,1.277473129E1,6.483860493E0,1.439935360E1
1.380606792E1,-8.856173824E-1,1.208743436E1,5.084351646E0,1.314309778E1
1.381609192E1,-7.764736935E-1,1.165441998E1,3.864096211E0,1.230283122E1
1.382611692E1,-5.769569014E-1,1.154251830E1,2.834876329E0,1.189954335E1
1.383614092E1,-4.780272751E-1,1.149163466E1,2.147599425E0,1.170035729E1
1.384616592E1,-3.207999585E-1,1.142050328E1,1.673454409E0,1.154691550E1
1.385618992E1,-3.907840401E-2,1.133097774E1,1.837781049E0,1.147911245E1
1.386621492E1,1.996362215E-1,1.127396037E1,2.345518173E0,1.151709566E1
1.387623892E1,4.097198094E-1,1.129096875E1,2.753152134E0,1.162900220E1
1.388626392E1,7.217205124E-1,1.141175234E1,3.494142877E0,1.195650478E1
1.389628792E1,1.047711921E0,1.135569976E1,3.876057276E0,1.204464351E1
1.390631292E1,1.199819562E0,1.129332985E1,3.503272719E0,1.188493946E1
1.391633692E1,1.273190278E0,1.104680539E1,2.602656498E0,1.142045287E1
1.392636192E1,1.226771279E0,1.080253445E1,1.949826565E0,1.104543082E1
1.393638592E1,1.050955445E0,1.082699219E1,2.327278368E0,1.112405015E1
1.394641092E1,7.614152860E-1,1.088723722E1,2.804835089E0,1.126848647E1
1.395643492E1,3.177363098E-1,1.083382056E1,2.651484257E0,1.115809093E1
1.396645992E1,-4.311079010E-2,1.083269790E1,2.405149248E0,1.109657358E1
1.397648392E1,-5.829396263E-1,1.101917379E1,2.807873887E0,1.138622701E1
1.398650892E1,-1.092769761E0,1.118348757E1,3.155483841E0,1.167140172E1
1.399653392E1,-1.414666584E0,1.153955727E1,3.263884202E0,1.207541319E1
1.400655792E1,-1.668731320E0,1.195360446E1,3.348669999E0,1.252545067E1
1.401658292E1,-1.792013430E0,1.217493327E1,2.996698022E0,1.266572190E1
1.402660692E1,-2.527718582E0,1.257214047E1,2.413175136E0,1.304881188E1
1.403663192E1,-3.683573661E0,1.325128288E1,1.580614657E0,1.384426074E1
1.404665592E1,-4.300802529E0,1.369643842E1,8.446291316E-1,1.438063720E1
1.405668092E1,-4.492403799E0,1.282473668E1,8.261776578E-1,1.361389483E1
1.406670492E1,-3.030296123E0,1.090942272E1,9.663213837E-1,1.136362512E1
1.407672992E1,-8.220306663E-1,9.095304771E0,1.044283479E0,9.191889429E0
1.408675392E1,6.321746439E-2,7.997611654E0,1.369072920E0,8.114194309E0
1.409677892E1,6.535199046E-1,7.791598459E0,1.750691450E0,8.012553611E0
1.410680292E1,1.157951305E0,7.789061937E0,1.942705826E0,8.110760939E0
1.411682792E1,1.452250294E0,7.593780722E0,1.999400429E0,7.985745967E0
1.412685192E1,1.591185254E0,7.195853723E0,1.826348573E0,7.592610251E0
1.413687692E1,1.624025410E0,6.668379908E0,1.271745869E0,6.980120821E0
1.414690092E1,1.660813021E0,5.886337618E0,-2.967330381E-2,6.116220316E0
1.415692592E1,1.570674245E0,4.584004233E0,-1.836686158E0,5.182039023E0
1.416694992E1,1.132763401E0,3.997590483E0,-3.243874738E0,5.271300211E0
1.417697492E1,4.414905095E-1,2.958104060E0,-4.294008357E0,5.232953398E0
1.418699892E1,-2.097781294E0,-7.137618379E0,-1.926240534E1,2.064912933E1
1.419702392E1,-1.806954411E1,-4.339108808E1,-6.919129565E1,8.364646043E1
1.420704792E1,-2.415566881E1,-6.976090801E1,-6.590340161E1,9.896130034E1
1.421707292E1,-1.746459937E1,-4.453452747E1,2.130151480E0,4.788396301E1
1.422709692E1,-1.758894158E1,-2.298422593E1,2.941371667E1,4.126514553E1
1.423712192E1,-1.243222713E1,-1.036650992E1,3.632932855E1,3.977241396E1
1.424714692E1,-4.447278205E0,-3.932647798E0,3.726177234E1,3.773173306E1
1.425717092E1,1.091015596E0,6.209392190E0,3.258155334E1,3.318590792E1
1.426719592E1,9.328893435E-1,1.131137319E1,1.852078193E1,2.172180493E1
1.427721992E1,9.933774738E-1,9.344307280E0,4.284708068E0,1.032771033E1
1.428724492E1,2.664948640E0,6.686965283E0,-3.668451591E0,8.079294092E0
1.429726892E1,2.921688770E0,1.380185553E0,-9.151567265E0,9.705274897E0
1.430729379E1,5.267854815E0,-3.923895101E0,-2.718203093E1,2.796444264E1
1.431731779E1,5.708117409E0,-1.025605134E1,-3.359523834E1,3.558664402E1
1.432734279E1,1.878792250E0,-1.196107136E1,-1.493542834E1,1.922665098E1
1.433736679E1,-2.159037602E-1,-1.180321407E1,-5.462796307E0,1.300786763E1
1.434739179E1,-8.784432873E-2,-1.015205744E1,2.654748173E0,1.049379220E1
1.435741579E1,1.244087078E0,-6.135200379E0,8.084663832E0,1.022498047E1
1.436744079E1,1.979610235E0,-2.001037064E0,8.224947891E0,8.693260253E0
1.437746479E1,2.097251682E0,7.390348488E-1,4.110585002E0,4.673494002E0
1.438748979E1,2.323334860E0,2.263288779E0,-1.678147676E0,3.651922863E0
1.439751379E1,2.402800567E0,2.918202660E0,-6.159157591E0,7.226657565E0
1.440753879E1,1.959668891E0,2.299095958E0,-7.577577503E0,8.157562454E0
1.441756279E1,1.113423589E0,6.190172392E-1,-5.908367588E0,6.044146092E0
1.442758779E1,3.370058821E-1,-1.100440723E0,-2.908709705E0,3.128120027E0
1.443761179E1,-1.293519585E-1,-2.305947726E0,-1.604195309E-1,2.315137419E0
1.444763679E1,-3.134512509E-1,-3.029758179E0,1.753146403E0,3.514428634E0
1.445766079E1,-3.304568544E-1,-3.414747629E0,3.036524870E0,4.581504816E0
1.446768579E1,-2.766493142E-2,-2.951014311E0,3.467720771E0,4.553497354E0
1.447770979E1,1.329823485E-1,-1.145613973E0,2.980058893E0,3.195444677E0
1.448773479E1,2.009813735E-1,7.644918716E-1,1.744711210E0,1.915426464E0
1.449775979E1,9.137136921E-2,2.264030206E0,1.147179857E-1,2.268775378E0
1.450778379E1,-1.445155428E-1,3.383669677E0,-9.872944692E-1,3.527726690E0
1.451780879E1,-4.516031228E-1,4.089211090E0,-1.365777429E0,4.334851867E0
1.452783279E1,-7.467870873E-1,4.517312061E0,-1.317760679E0,4.764482387E0
1.453785779E1,-9.496193969E-1,4.482253910E0,-1.257275034E0,4.751117513E0
1.454788179E1,-8.854783648E-1,4.106718239E0,-1.244889169E0,4.381661291E0
1.455790679E1,-7.140423873E-1,3.640157792E0,-1.150705728E0,3.883906404E0
1.456793079E1,-5.434998643E-1,3.190192328E0,-1.101754300E0,3.418564279E0
1.457795579E1,-3.996352628E-1,2.978443015E0,-8.505318958E-1,3.123177171E0
1.458797979E1,7.880731076E-3,2.913879814E0,-4.548563674E-1,2.949178189E0
1.459800479E1,4.024404645E-1,2.925385380E0,-2.269558749E-1,2.961645981E0
1.460802879E1,7.319342825E-1,2.964057110E0,-4.533434004E-2,3.053427181E0
1.461805379E1,1.128914471E0,2.688736868E0,3.948940480E-1,2.942735995E0
1.462807779E1,1.357838957E0,2.181820693E0,9.365812755E-1,2.735187865E0
1.463810279E1,1.475731250E0,1.371542784E0,1.524908965E0,2.526709259E0
1.464812679E1,1.594969133E0,5.348161644E-1,1.516830890E0,2.265111656E0
1.465815179E1,1.759699962E0,-2.139572221E-1,9.386456349E-1,2.005835806E0
1.466817579E1,1.842008294E0,-6.384259021E-1,6.411007109E-1,2.052216438E0
1.467820079E1,1.827623705E0,-6.257397830E-1,2.226116860E-1,1.944560270E0
1.468822479E1,1.611254652E0,-2.637462634E-1,6.678017288E-2,1.634063413E0
1.469824979E1,9.663222608E-1,8.739599347E-2,-2.875482318E-1,1.011978635E0
1.470827379E1,1.744076787E-1,1.245638198E-1,-8.982538001E-1,9.234685014E-1
1.471829879E1,-3.346740125E-1,6.451116085E-2,-1.249353518E0,1.295010656E0
1.472832279E1,-8.618715473E-1,-2.833847219E-1,-1.040703814E0,1.380649808E0
1.473834779E1,-1.132711214E0,-3.427626121E-1,-5.735139146E-1,1.315081409E0
1.474837179E1,-1.303301830E0,-2.503327507E-1,-2.075831723E-1,1.343262045E0
1.475839679E1,-1.234958404E0,-5.000047660E-1,3.312283945E-1,1.372894488E0
1.476842179E1,-1.000829312E0,-4.995960456E-1,5.846549070E-1,1.262171494E0
1.477844579E1,-7.472199275E-1,-3.176681167E-1,6.218373513E-1,1.022708338E0
1.478847079E1,-5.271710761E-1,-7.734404504E-2,7.409357786E-1,9.126211004E-1
1.479849479E1,-1.906361872E-1,2.926051962E-1,4.411715439E-1,5.626653427E-1
1.480851979E1,1.531093419E-2,4.539509261E-1,5.215482473E-2,4.571936064E-1
1.481854379E1,1.904356277E-1,4.801628244E-1,-2.369408727E-1,5.682983753E-1
1.482856879E1,3.209644845E-1,3.079143763E-1,-3.949548590E-1,5.948267009E-1
1.483859279E1,4.023986569E-1,2.311345875E-2,-6.116161260E-1,7.324842637E-1
1.484861779E1,4.361654502E-1,-2.595467931E-1,-8.044239691E-1,9.511586407E-1
1.485864179E1,4.412848337E-1,-4.417279065E-1,-8.610327642E-1,1.063594504E0
1.486866679E1,4.237931804E-1,-4.381611049E-1,-7.362508433E-1,9.558509914E-1
1.487869079E1,3.434914675E-1,-2.826959199E-1,-5.348259585E-1,6.956595268E-1
1.488871579E1,1.316662864E-1,-1.090850705E-1,-3.285385291E-1,3.703689089E-1
1.489873979E1,1.500727366E-1,6.278155446E-2,-1.814787166E-1,2.437167914E-1
1.490876479E1,2.876460265E-1,3.107806814E-1,-7.535759971E-2,4.301204904E-1
1.491878879E1,3.677942500E-1,5.789035857E-1,4.694393232E-2,6.874632387E-1
1.492881379E1,3.468908925E-1,7.894472033E-1,4.903606609E-2,8.636924880E-1
1.493883779E1,1.513376355E-1,8.687161517E-1,-1.944550037E-1,9.029859249E-1
1.494886279E1,-1.947385937E-1,8.274277925E-1,-6.075642979E-1,1.044841733E0
1.495888679E1,-3.612177403E-1,6.684320587E-1,-9.785631144E-1,1.238896865E0
1.496891179E1,-2.266389558E-1,4.565529370E-1,-1.052014522E0,1.168991170E0
1.497893579E1,1.032092035E-2,3.112969905E-1,-9.903465696E-1,1.038170827E0
1.498896079E1,1.087177192E-1,2.785251009E-1,-7.600598283E-1,8.167537676E-1
1.499898479E1,8.392727897E-2,2.995867717E-1,-5.926457119E-1,6.693466679E-1
1.500900979E1,6.263055012E-2,3.518889463E-1,-5.732901125E-1,6.755812086E-1
1.501903379E1,8.367029384E-2,4.868456072E-1,-5.752163315E-1,7.582171136E-1
1.502905879E1,1.080454355E-1,5.266242152E-1,-5.721779720E-1,7.851079620E-1
1.503908279E1,1.420320842E-1,4.481083882E-1,-5.983384149E-1,7.609093896E-1
1.504910779E1,1.847822472E-1,2.188162583E-1,-6.801058786E-1,7.379492122E-1
1.505913179E1,1.982865380E-1,-3.249297738E-3,-7.420232145E-1,7.680667679E-1
1.506915679E1,1.744103099E-1,-2.264433664E-1,-6.256498821E-1,6.878468793E-1
1.507918179E1,1.254275997E-1,-3.014613891E-1,-2.716638319E-1,4.247496786E-1
1.508920579E1,-4.236263886E-2,-2.439955384E-1,1.043317227E-1,2.687257417E-1
1.509923079E1,-1.248460941E-1,-1.744967026E-1,2.300423276E-1,3.145713256E-1
1.510925479E1,4.510849133E-2,-1.401951814E-1,3.040644233E-1,3.378529834E-1
1.511927979E1,2.736555398E-2,-1.359237903E-1,9.715499640E-2,1.693022258E-1
1.512930379E1,8.454635292E-3,-3.053053486E-1,-1.395065255E-1,3.357750846E-1
1.513932879E1,3.276604235E-2,-4.755446935E-1,-1.672422083E-1,5.051597027E-1
1.514935279E1,-5.622594863E-2,-6.972839749E-1,-1.619927242E-2,6.997347464E-1
1.515937779E1,-2.867182195E-3,-9.043753964E-1,3.188122706E-1,9.589287472E-1
1.516940179E1,6.150306076E-2,-7.828392649E-1,4.958883262E-1,9.287223337E-1
1.517942679E1,-1.334422320E-2,-6.197019482E-1,5.320533550E-1,8.168778032E-1
1.518945079E1,-2.326044314E-1,-6.426125085E-1,5.145255952E-1,8.554485640E-1
1.519947579E1,-3.894672471E-1,-5.646755558E-1,5.421949120E-1,8.743675100E-1
1.520949979E1,-3.751691969E-1,-4.385435128E-1,4.198897254E-1,7.137084282E-1
1.521952479E1,-3.593350831E-1,5.950886786E-2,1.394305848E-1,3.900049939E-1
1.522954879E1,-4.290204450E-1,-6.207322276E-1,5.091686685E-1,9.102855451E-1
1.523957379E1,-6.108748452E-1,-5.459621269E-1,5.967507496E-1,1.013584815E0
1.524959779E1,-7.166691028E-1,-3.823833454E-1,6.514955986E-1,1.041286772E0
1.525962279E1,-7.381922650E-1,-2.943248624E-1,7.998044495E-1,1.127493726E0
1.526964679E1,-8.185946962E-1,-9.147793472E-2,8.377529521E-1,1.174859778E0
1.527967179E1,-9.111448641E-1,6.368962705E-2,8.185097654E-1,1.226458140E0
1.528969579E1,-9.934271751E-1,1.474194163E-1,9.362656720E-1,1.373034393E0
1.529972079E1,-1.127886384E0,1.464698285E-1,1.089222840E0,1.574797607E0
1.530974479E1,-1.237247443E0,2.489592397E-1,1.139677294E0,1.700478249E0
1.531976979E1,-1.317812719E0,4.321419811E-1,9.994961464E-1,1.709493961E0
1.532979379E1,-1.412729986E0,4.154844332E-1,8.708469502E-1,1.710791553E0
1.533981879E1,-1.577155298E0,1.221331322E-1,8.711088324E-1,1.805869856E0
1.534984279E1,-1.765390327E0,2.764855921E-2,7.236036082E-1,1.908132498E0
1.535986779E1,-1.759180145E0,1.801123685E-1,4.321501672E-1,1.820414517E0
1.536989179E1,-1.648047964E0,2.329764605E-1,1.888826072E-1,1.675116940E0
1.537991679E1,-1.433890183E0,2.108061576E-1,1.475474703E-1,1.456794614E0
1.538994179E1,-1.156368318E0,1.711825007E-1,1.793679448E-1,1.182651256E0
1.539996579E1,-9.070525441E-1,1.330726880E-1,2.666050402E-1,9.547412767E-1
1.540999079E1,-6.889399981E-1,1.741821223E-1,3.698352206E-1,8.010966379E-1
1.542001479E1,-4.129930808E-1,3.348080599E-1,4.564921260E-1,7.007458761E-1
1.543003979E1,-1.674407212E-1,6.312648171E-1,5.488899739E-1,8.531189061E-1
1.544006379E1,-1.957574710E-2,9.791940290E-1,6.449489097E-1,1.172673549E0
1.545008879E1,-1.282395257E-1,1.081842484E0,8.016743159E-1,1.352593895E0
1.546011279E1,-1.294221251E-1,1.406012120E0,9.698156798E-1,1.712939760E0
1.547013779E1,-6.898208812E-2,1.578533049E0,1.169705086E0,1.965892953E0
1.548016179E1,-8.747507706E-2,1.456628543E0,1.290209184E0,1.947834269E0
1.549018679E1,-2.844758123E-2,1.176760336E0,1.307457154E0,1.759266428E0
1.550021079E1,8.850228667E-2,5.803110105E-1,1.040451360E0,1.194626535E0
1.551023579E1,2.653463539E-1,7.003677964E-2,1.098021730E0,1.131797490E0
1.552025979E1,4.930677755E-1,3.425427568E-1,1.695367726E0,1.798533597E0
1.553028479E1,4.268943974E-1,8.908835310E-1,1.689912128E0,1.957476767E0
1.554030879E1,1.541035147E-1,9.344569820E-1,7.721916313E-1,1.221981039E0
1.555033379E1,-1.033784804E-1,1.147266980E0,-4.858296534E-1,1.250175622E0
1.556035779E1,-1.646342039E-1,2.081026390E0,-1.040808772E0,2.332607587E0
1.557038279E1,-2.710007577E-1,3.072433498E0,-1.094671568E0,3.272857292E0
1.558040679E1,-4.602983710E-1,4.130856714E0,-1.769586727E0,4.517442747E0
1.559043179E1,-1.598990702E0,4.674665896E0,-2.455469801E0,5.517119217E0
1.560045579E1,-3.062181575E0,4.686513525E0,-3.688330663E0,6.704039685E0
1.561048079E1,-4.126938495E0,3.463863071E0,-2.617991113E0,5.990312695E0
1.562050479E1,-4.117048222E0,2.149182120E0,3.522888958E-1,4.657593511E0
1.563052979E1,-3.430639776E0,7.274988770E-1,2.600038407E0,4.365632097E0
1.564055379E1,-2.342052236E0,-3.680769628E-1,4.203803361E0,4.826246163E0
1.565057879E1,-1.305481234E0,-4.703278077E-1,5.681192150E0,5.848199188E0
1.566060279E1,-3.680231684E-1,-6.594624299E-1,4.476097084E0,4.539358639E0
1.567062779E1,9.093484533E-1,-1.056673145E0,7.248445335E-1,1.571264568E0
1.568065179E1,2.079556107E0,-1.797898945E0,-1.525467812E0,3.143890308E0
1.569067679E1,3.034058806E0,-2.527836111E0,-1.296808936E0,4.156582931E0
1.570070179E1,3.701798555E0,-3.372391568E0,-2.684211123E-1,5.014816778E0
1.571072579E1,3.796566718E0,-3.591480306E0,4.116621083E-1,5.242338727E0
1.572075079E1,3.148443208E0,-3.090922979E0,1.085694045E0,4.543702351E0
1.573077479E1,2.057027955E0,-2.169818698E0,3.176979375E0,4.362645429E0
1.574079979E1,1.036645554E0,-1.140248567E0,4.525230360E0,4.780429961E0
1.575082379E1,-2.708301651E-1,2.457374239E-1,3.829008240E0,3.846432108E0
1.576084879E1,-2.667567024E0,1.806092649E0,2.445778626E0,4.044714769E0
1.577087279E1,-4.927357414E0,3.176743147E0,-7.212306619E-2,5.863083646E0
1.578089779E1,-5.976212246E0,3.954173153E0,-4.058627229E0,8.235475282E0
1.579092179E1,-5.270420573E0,4.701701667E0,-5.273355290E0,8.814284293E0
1.580094679E1,-2.972593460E0,4.993599350E0,-3.736597089E0,6.909016150E0
1.581097079E1,1.194378582E-1,3.489109009E0,-2.857869920E0,4.511714481E0
1.582099579E1,2.700308215E0,9.805131608E-1,-2.375312076E0,3.727623636E0
1.583101979E1,4.579372653E0,-7.452112627E-1,-1.038456144E0,4.754406891E0
1.584104479E1,5.887251538E0,-1.461531433E0,-1.070134605E0,6.159626034E0
1.585106879E1,6.756074109E0,-1.167110676E0,-3.408156062E0,7.656514379E0
1.586109379E1,6.754310589E0,9.086573124E-3,-5.329721280E0,8.603878371E0
1.587111779E1,3.956678393E0,1.225680481E0,-5.550067754E0,6.925377147E0
1.588114279E1,8.670760077E-1,1.734318076E0,-6.545700061E0,6.826849147E0
1.589116679E1,6.033604422E-1,1.932455657E0,-6.614236445E0,6.917120242E0
1.590119179E1,6.306415039E-1,1.318581628E0,-5.702912802E0,5.887238796E0
1.591121579E1,8.182923952E-1,4.985277593E-2,-6.978884016E0,7.026870559E0
1.592124079E1,8.512154353E-1,-1.095318562E0,-8.253551300E0,8.369312967E0
1.593126479E1,7.200062549E-1,-1.937835095E0,-9.103413690E0,9.335189054E0
1.594128979E1,7.623740101E-1,-2.548797795E0,-9.059661314E0,9.442195055E0
1.595131379E1,1.096341533E0,-2.611091691E0,-8.211620917E0,8.686223728E0
1.596133879E1,1.868000044E0,-2.310452421E0,-6.669762774E0,7.301599141E0
1.597136279E1,2.891668873E0,-2.037613152E0,-5.948336815E0,6.920717238E0
1.598138779E1,3.701323761E0,-1.955121803E0,-6.529805574E0,7.756330298E0
1.599141179E1,3.922876808E0,-2.250919579E0,-6.383811125E0,7.823595457E0
1.600143679E1,4.097210958E0,-3.079205743E0,-5.955744653E0,7.857451242E0
1.601146079E1,4.637901528E0,-4.360404367E0,-5.508363073E0,8.418154226E0
1.602148579E1,5.135726452E0,-5.924522860E0,-5.519737662E0,9.588699660E0
1.603151079E1,5.140063916E0,-7.662511234E0,-4.077454678E0,1.008761479E1
1.604153479E1,4.874541854E0,-1.021613824E1,-2.496252961E0,1.159145883E1
1.605155979E1,4.886672195E0,-1.304319801E1,-5.555860591E-1,1.393962896E1
1.606158379E1,4.693886279E0,-1.501268643E1,-1.690587920E-1,1.573028617E1
1.607160879E1,4.859295531E0,-1.543588451E1,-9.007635713E-3,1.618268719E1
1.608163279E1,5.012416275E0,-1.433551337E1,9.200158212E-1,1.521439087E1
1.609165779E1,4.528477904E0,-1.253014343E1,1.662440593E0,1.342666434E1
1.610168179E1,3.560445625E0,-1.068795007E1,1.109607696E0,1.131990632E1
1.611170679E1,3.104230657E0,-1.066307602E1,-1.207256197E0,1.117116403E1
1.612173079E1,3.032319844E0,-1.055473647E1,-3.429115115E0,1.150461890E1
1.613175579E1,2.079127214E0,-5.147803876E0,-4.196110471E0,6.959166459E0
1.614177979E1,9.872972466E-1,6.060943079E-1,-1.082476250E0,1.585516002E0
1.615180479E1,-4.375695860E-1,5.435858184E0,4.190087839E0,6.877271075E0
1.616182879E1,-1.748978215E0,7.216612508E0,6.771066370E0,1.004916716E1
1.617185379E1,-3.242677521E0,5.686195613E0,5.280188931E0,8.410004352E0
1.618187779E1,-5.263338425E0,4.962270554E0,9.299926329E0,1.178199856E1
1.619190279E1,-7.010868285E0,2.887422332E0,4.716030854E0,8.929189709E0
1.620192679E1,-7.958000861E0,3.116463616E0,-1.048458391E1,1.352658948E1
1.621195179E1,-8.026806217E0,4.121702898E0,-2.306070283E1,2.476315949E1
1.622197579E1,-6.787465471E0,6.250802756E0,-1.694523681E1,1.929464364E1
1.623200079E1,-4.506495296E0,9.473390998E0,-6.403979341E0,1.229083351E1
1.624202479E1,-2.317681918E0,1.233606733E1,-7.843703583E-2,1.255214559E1
1.625204979E1,-2.575843944E-1,1.373462074E1,3.869635863E0,1.427165857E1
1.626207379E1,1.456507213E0,1.347930324E1,7.200354910E0,1.535116086E1
1.627209879E1,2.077696108E0,1.206942494E1,8.649990767E0,1.499367132E1
1.628212279E1,1.752725988E0,1.100147544E1,5.796322657E0,1.255794038E1
1.629214779E1,1.222416785E0,9.439149118E0,2.195113899E0,9.767822884E0
1.630217179E1,9.526678428E-1,8.394160464E0,4.208124161E-2,8.448152269E0
1.631219679E1,8.705279846E-1,8.458148884E0,-2.582785320E-1,8.506750809E0
1.632222079E1,8.441451283E-1,8.570092658E0,4.240260458E-1,8.621999029E0
1.633224579E1,7.299346809E-1,8.361137145E0,1.591278663E0,8.542457888E0
1.634226979E1,5.993728604E-2,8.554383529E0,2.532886351E0,8.921691729E0
1.635229479E1,-7.038688168E-1,9.040092437E0,3.054103646E0,9.567980543E0
1.636231879E1,-1.389813871E0,9.257503610E0,4.008322463E0,1.018330028E1
1.637234379E1,-2.342255427E0,9.660763854E0,5.836124654E0,1.152722298E1
1.638236779E1,-3.321497695E0,9.863623645E0,7.317171754E0,1.272259489E1
1.639239279E1,-3.845010315E0,1.012861712E1,8.138596795E0,1.355026741E1
1.640241779E1,-4.291028908E0,1.031484860E1,8.063525562E0,1.377786178E1
1.641244179E1,-4.816517886E0,1.040235920E1,7.235546962E0,1.355584971E1
1.642246679E1,-4.699344362E0,1.087382604E1,6.430968919E0,1.347892026E1
1.643249079E1,-4.101585553E0,1.161021035E1,6.015019047E0,1.370403016E1
1.644251579E1,-3.189831555E0,1.188504820E1,6.014167693E0,1.369670066E1
1.645253979E1,-2.739005089E0,1.132824124E1,3.565315186E0,1.218780829E1
1.646256479E1,-2.560522339E0,1.107098480E1,2.247857977E0,1.158342974E1
1.647258879E1,-2.377098985E0,1.104545118E1,1.570736225E0,1.140700678E1
1.648261379E1,-1.917743916E0,1.100675664E1,2.395078003E-1,1.117514195E1
1.649263779E1,-1.600524134E0,1.102040405E1,-5.084705110E-1,1.114762419E1
1.650266279E1,-1.486073659E0,1.109672190E1,-6.842212951E-1,1.121667556E1
1.651268679E1,-1.411960054E0,1.145242207E1,-1.558109894E0,1.164385283E1
1.652271179E1,-1.275891838E0,1.189258760E1,-2.599053444E0,1.223995991E1
1.653273579E1,-9.421155920E-1,1.204854570E1,-2.577748529E0,1.235717697E1
1.654276079E1,-4.953070764E-1,1.183073926E1,-2.181955033E0,1.204045881E1
1.655278479E1,-1.446419706E-1,1.113327636E1,-1.947325126E0,1.130322250E1
1.656280979E1,4.057346396E-2,9.726504684E0,-1.366480118E0,9.822108098E0
1.657283379E1,3.739773516E-1,8.546192164E0,-2.247599530E-1,8.557322981E0
1.658285879E1,5.345406509E-1,8.039035669E0,1.044265645E0,8.124181124E0
1.659288279E1,4.157181391E-1,7.835921524E0,2.122671575E0,8.128974247E0
1.660290779E1,5.992766737E-1,7.918615771E0,3.081877628E0,8.518308399E0
1.661293179E1,5.508668079E-1,7.935565095E0,3.589855073E0,8.727182080E0
1.662295679E1,3.563128766E-1,7.836658857E0,3.575958872E0,8.621349243E0
1.663298079E1,2.454934488E-1,7.653210652E0,3.583352677E0,8.454130158E0
1.664300579E1,-4.345483936E-2,7.422737970E0,3.498243237E0,8.205890143E0
1.665302979E1,-2.613190842E-1,4.314925894E0,-2.147646641E0,4.826930622E0
1.666305479E1,-2.402996010E0,-2.618518123E1,-4.541406097E1,5.247737646E1
1.667307879E1,-7.522782075E0,-6.818179492E1,-7.380995048E1,1.007633773E2
1.668310379E1,-5.228170347E0,-6.993735359E1,4.312254885E0,7.026494670E1
1.669312779E1,-1.161557692E1,-5.584704204E1,4.805346138E1,7.458517870E1
1.670315279E1,-5.396428070E0,-2.197904044E1,3.034409756E1,3.785450979E1
1.671317679E1,-8.447193979E-1,-2.756953994E0,1.586460587E1,1.612451753E1
1.672320179E1,-7.867002545E-1,7.035383906E0,5.399442894E0,8.903342494E0
1.673322579E1,-7.426981294E-1,1.166672603E1,1.094259632E0,1.174144373E1
1.674325079E1,-1.367433068E0,1.291830032E1,-6.030743380E0,1.432208861E1
1.675327479E1,-1.985359217E0,1.134318204E1,-1.344745696E1,1.770433644E1
1.676329979E1,-2.604146661E0,5.229409956E0,-1.295401043E1,1.421037278E1
1.677332379E1,-3.015943547E0,-4.672422320E-1,-1.157240927E1,1.196807784E1
1.678334879E1,-3.073316720E0,-4.460139155E0,-1.490208634E1,1.585592300E1
1.679337379E1,-2.881464604E0,-1.073881500E1,-9.499882393E0,1.462438892E1
1.680339779E1,-1.157855849E0,-1.442503190E1,3.375546141E0,1.485989526E1
1.681342279E1,2.042952683E0,-1.675142617E1,8.116263939E0,1.872585578E1
1.682344679E1,4.359035534E0,-1.455626096E1,6.740504143E0,1.662288543E1
1.683347179E1,4.742533359E0,-7.626628625E0,2.433841535E0,9.304873533E0
1.684349579E1,4.451948376E0,-1.637053152E0,-5.349038726E-1,4.773458863E0
1.685352079E1,4.093656144E0,2.586042804E0,-1.892038240E0,5.198600457E0
1.686354479E1,3.647884010E0,5.500876883E0,-2.601816253E0,7.094797534E0
1.687356979E1,2.795338626E0,6.703032846E0,-3.785478643E0,8.189897187E0
1.688359379E1,5.829585566E-1,5.244236741E0,-3.797673596E0,6.501091017E0
1.689361879E1,-1.358598364E0,2.495023291E0,-1.741180953E0,3.332062702E0
1.690364279E1,-2.272048785E0,1.858420551E-2,-1.601116750E-1,2.277759163E0
1.691366779E1,-2.446710087E0,-2.530268553E0,6.001073438E-1,3.570543099E0
1.692369179E1,-1.670944199E0,-4.340968223E0,5.867134193E-1,4.688314437E0
1.693371679E1,-5.882715560E-2,-4.077156470E0,-9.024417222E-2,4.078579352E0
1.694374079E1,1.098126176E0,-2.291671164E0,-7.023850858E-1,2.636471625E0
1.695376579E1,1.494307415E0,-2.443171352E-1,-8.793133530E-1,1.750953308E0
1.696378979E1,1.259710107E0,1.736051776E0,-4.082569823E-1,2.183442027E0
1.697381479E1,5.458268369E-1,3.407191857E0,1.620757547E-1,3.454439438E0
1.698383879E1,-2.982237127E-1,4.629388567E0,4.685283270E-1,4.662584549E0
1.699386379E1,-1.069796416E0,5.428515835E0,4.581784630E-1,5.551862395E0
1.700388779E1,-1.664132777E0,5.921201057E0,4.278524637E-2,6.150755273E0
1.701391279E1,-2.027203062E0,6.101292960E0,-2.088578653E-1,6.432647173E0
1.702393679E1,-2.037175634E0,5.829900877E0,-1.973332956E-1,6.178735246E0
1.703396179E1,-1.602878808E0,4.671897824E0,-2.893971214E-1,4.947686373E0
1.704398579E1,-6.959016931E-1,3.080994406E0,-4.831577682E-1,3.195347732E0
1.705401079E1,2.700520469E-1,1.810485077E0,-4.238003433E-1,1.878933488E0
1.706403479E1,9.692741545E-1,6.442988455E-1,1.390789479E-2,1.163961691E0
1.707405979E1,1.516309026E0,-2.075767404E-1,2.986804533E-1,1.559323949E0
1.708408379E1,1.818352359E0,-6.709943086E-1,-7.782351673E-3,1.938220635E0
1.709410879E1,1.967018987E0,-8.454781473E-1,-4.541342363E-1,2.188660526E0
1.710413279E1,1.991860590E0,-3.892970932E-1,-8.937703013E-1,2.217630760E0
1.711415779E1,1.802500996E0,4.170649356E-1,-9.944733882E-1,2.100459550E0
1.712418179E1,1.537516439E0,9.830075830E-1,-6.599106190E-1,1.940552172E0
1.713420679E1,1.176784602E0,1.373800979E0,-3.558217835E-1,1.843572692E0
1.714423079E1,7.789226536E-1,1.476239519E0,-1.366845131E-1,1.674719760E0
1.715425579E1,4.424680178E-1,1.357782531E0,-5.441798955E-2,1.429095052E0
1.716427979E1,2.786314106E-1,1.266408092E0,-1.250336435E-1,1.302711914E0
1.717430479E1,1.201918201E-1,1.040697382E0,-1.890068606E-1,1.064528397E0
1.718432879E1,5.943811655E-2,7.180527002E-1,-2.472957069E-1,7.617661955E-1
1.719435379E1,1.788505028E-1,3.750819272E-1,-4.481934652E-1,6.111884625E-1
1.720437879E1,4.623579796E-1,4.441428065E-2,-5.918528295E-1,7.523545051E-1
1.721440279E1,7.939563567E-1,-2.823766619E-1,-4.539567733E-1,9.571729350E-1
1.722442779E1,1.053082077E0,-4.204399484E-1,-1.688979936E-1,1.146419707E0
1.723445179E1,1.175848244E0,-3.841258156E-1,-4.141933680E-2,1.237694347E0
1.724447679E1,1.262132754E0,-2.629867101E-1,-7.062018558E-2,1.291173230E0
1.725450079E1,1.296268946E0,-6.024854064E-2,-5.360127971E-2,1.298774870E0
1.726452579E1,1.166096038E0,3.010345423E-1,-1.026186347E-1,1.208690345E0
1.727454979E1,7.989103371E-1,4.737168539E-1,-2.916684723E-1,9.735172736E-1
1.728457479E1,3.851881085E-1,5.070991927E-1,-4.373424947E-1,7.725205032E-1
1.729459879E1,-9.319877028E-3,4.958362859E-1,-5.885599700E-1,7.696384351E-1
1.730462358E1,-3.954817662E-1,3.301250249E-1,-7.553985742E-1,9.143387585E-1
1.731464758E1,-5.915715053E-1,1.007329077E-1,-6.869061904E-1,9.121096858E-1
1.732467258E1,-7.051638289E-1,-2.103652775E-2,-5.509071171E-1,8.950962031E-1
1.733469658E1,-7.472300870E-1,-2.942143500E-2,-4.785522088E-1,8.878235412E-1
1.734472158E1,-6.863355752E-1,7.661606669E-2,-4.859034745E-1,8.444102854E-1
1.735474558E1,-6.019663198E-1,2.724492592E-1,-2.212057230E-1,6.967955374E-1
1.736477058E1,-5.450632636E-1,4.294382286E-1,-9.064002872E-2,6.998048073E-1
1.737479458E1,-5.013712603E-1,5.013198048E-1,-5.810816735E-2,7.113868472E-1
1.738481958E1,-4.170440318E-1,5.391349179E-1,-1.772674057E-1,7.042839748E-1
1.739484358E1,-2.172814373E-1,4.765007132E-1,-4.677518168E-1,7.021794036E-1
1.740486858E1,-2.334705502E-2,2.850663811E-1,-6.529623726E-1,7.128588827E-1
1.741489258E1,2.346506279E-1,1.989649612E-1,-4.689841175E-1,5.608868651E-1
1.742491758E1,4.687265842E-1,3.662923926E-1,-2.067223160E-1,6.297688811E-1
1.743494158E1,5.007013156E-1,5.308412272E-1,-7.570843264E-2,7.336388639E-1
1.744496658E1,3.716751932E-1,5.223475617E-1,-1.633546869E-1,6.615694810E-1
1.745499058E1,2.125065279E-1,3.362762958E-1,-4.870718944E-1,6.288718485E-1
1.746501558E1,1.550691093E-1,5.675249040E-2,-7.852643976E-1,8.024384387E-1
1.747503958E1,2.330794445E-1,-1.798837423E-1,-4.975979058E-1,5.781763262E-1
1.748506458E1,2.309545664E-1,-2.273210335E-1,1.644704819E-2,3.244770707E-1
1.749508858E1,-5.532123819E-3,-1.083032978E-1,8.274248689E-2,1.364057471E-1
1.750511358E1,-2.850100286E-1,-7.335332036E-3,-1.833949953E-2,2.856936484E-1
1.751513758E1,-4.283957431E-1,2.464659870E-2,-2.640617207E-1,5.038441822E-1
1.752516258E1,-3.569111929E-1,-2.307720602E-2,-5.920437410E-1,6.916891993E-1
1.753518658E1,-2.067311599E-1,-1.124916583E-1,-7.700185136E-1,8.051836170E-1
1.754521158E1,-1.082715035E-1,-1.489233202E-1,-6.950164247E-1,7.189914494E-1
1.755523558E1,2.735692933E-2,-7.332934678E-2,-4.563959393E-1,4.630581476E-1
1.756526058E1,2.143063740E-1,1.244813740E-2,-2.147471809E-1,3.036421080E-1
1.757528458E1,3.316254935E-1,1.414757216E-1,7.484757632E-2,3.682295581E-1
1.758530958E1,3.647369967E-1,2.915310627E-1,2.682059348E-1,5.384773540E-1
1.759533358E1,5.160155753E-1,3.249712890E-1,1.493680009E-1,6.278448952E-1
1.760535858E1,7.478786163E-1,3.058216578E-1,-2.781921020E-1,8.545409041E-1
1.761538258E1,7.719656365E-1,1.825085574E-1,-5.887174062E-1,9.878403220E-1
1.762540758E1,7.603760165E-1,1.080401731E-1,-9.009901509E-1,1.183903551E0
1.763543258E1,7.030089837E-1,-3.890737295E-2,-1.111442260E0,1.315689671E0
1.764545658E1,5.199170569E-1,-1.695154595E-1,-4.730172345E-1,7.230453245E-1
1.765548158E1,4.502109373E-1,-1.000996542E-1,9.068904300E-1,1.017428170E0
1.766550558E1,4.350997586E-1,-2.030504107E-2,1.271272391E0,1.343822007E0
1.767552958E1,1.137582383E-1,-2.173374975E-1,3.612968239E-1,4.367057586E-1
1.768555458E1,-2.830358258E-1,-5.848782706E-1,-3.848301128E-1,7.551728847E-1
1.769557958E1,-5.815711585E-1,-7.487084824E-1,-1.340424487E-1,9.574741678E-1
1.770560358E1,-8.632703474E-1,-6.772397196E-1,4.295867479E-1,1.178318338E0
1.771562858E1,-1.188900106E0,-4.749465233E-1,5.977048691E-1,1.412907914E0
1.772565258E1,-1.504074897E0,-2.036251920E-1,3.834861302E-1,1.565492295E0
1.773567758E1,-1.684624345E0,1.049195141E-1,1.844584577E-1,1.697937634E0
1.774570158E1,-1.607501471E0,3.945870692E-1,2.239239474E-1,1.670299933E0
1.775572658E1,-1.249129570E0,4.508489782E-1,3.984129024E-1,1.386478390E0
1.776575058E1,-6.776300213E-1,3.125722682E-1,5.741929226E-1,9.415845055E-1
1.777577558E1,-2.553235685E-1,7.769429326E-2,7.338653255E-1,7.808872158E-1
1.778579958E1,1.322590845E-1,-1.751387268E-1,7.343917210E-1,7.664836848E-1
1.779582458E1,4.741020392E-1,-4.834343415E-1,5.113998199E-1,8.485347853E-1
1.780584858E1,7.601928525E-1,-6.825805664E-1,3.367863192E-1,1.075748310E0
1.781587358E1,9.071903922E-1,-7.200600493E-1,4.290825717E-1,1.235148872E0
1.782589758E1,7.858445875E-1,-6.233529496E-1,7.027534604E-1,1.224737948E0
1.783592258E1,4.555612493E-1,-4.854434448E-1,9.741800416E-1,1.179922940E0
1.784594658E1,7.793417528E-2,-3.112917280E-1,1.085537925E0,1.131975645E0
1.785597158E1,-2.186130676E-1,-2.168381453E-2,1.159352298E0,1.179982886E0
1.786599558E1,-4.663222457E-1,2.910703021E-1,1.095421035E0,1.225612337E0
1.787602058E1,-6.796753773E-1,5.181890219E-1,9.462642646E-1,1.275105697E0
1.788604458E1,-9.634093241E-1,6.886616707E-1,8.739236820E-1,1.471786338E0
1.789606958E1,-1.245814053E0,8.306461000E-1,8.939702761E-1,1.743906090E0
1.790609358E1,-1.378836601E0,1.023002538E0,9.706386754E-1,1.972273815E0
1.791611858E1,-1.439519297E0,1.282289130E0,1.036595560E0,2.188837951E0
1.792614258E1,-1.485480751E0,1.617896504E0,1.163466984E0,2.485537685E0
1.793616758E1,-1.567500522E0,1.759157048E0,1.472222482E0,2.778332314E0
1.794619158E1,-1.664171223E0,1.670038465E0,1.800851351E0,2.966742308E0
1.795621658E1,-1.778860265E0,1.326123367E0,1.852581667E0,2.890502700E0
1.796624058E1,-1.741730884E0,9.239162064E-1,1.309981251E0,2.367128747E0
1.797626558E1,-1.359829057E0,4.669890475E-1,2.913328421E-1,1.466999884E0
1.798628958E1,-8.047940978E-1,-1.591992170E-1,-9.423466301E-1,1.249421907E0
1.799631458E1,-2.271296833E-1,-8.378720891E-1,-1.668057721E0,1.880434549E0
1.800633858E1,3.169773412E-1,-1.389269788E0,-1.704933771E0,2.222013578E0
1.801636358E1,8.678973223E-1,-1.469613454E0,-1.438063925E0,2.231823765E0
1.802638758E1,1.124986458E0,-7.667483121E-1,-7.392596743E-1,1.549194103E0
1.803641258E1,1.123245011E0,3.750380731E-1,6.477358389E-1,1.349775769E0
1.804643658E1,8.067515995E-1,1.222566254E0,1.397915188E0,2.024767459E0
1.805646158E1,1.302121570E-1,1.707752421E0,1.163576327E0,2.070575622E0
1.806648558E1,-4.728304160E-1,2.202580063E0,5.207983419E-1,2.312176128E0
1.807651058E1,-4.501487010E-1,2.811757023E0,-4.128362292E-1,2.877332994E0
1.808653458E1,-4.973758578E-2,3.344942399E0,-1.278547789E0,3.581312319E0
1.809655958E1,2.037196246E-1,3.658752522E0,-2.133698693E0,4.240358690E0
1.810658358E1,1.031689893E0,4.168422736E0,-2.815128527E0,5.134693834E0
1.811660858E1,2.148278287E0,4.364516714E0,-2.451470598E0,5.447367606E0
1.812663258E1,2.766215984E0,3.878851660E0,-1.526032653E0,5.002620986E0
1.813665758E1,3.061136093E0,2.888861917E0,-8.768095753E-1,4.299403724E0
1.814668158E1,2.710096747E0,1.842850585E0,-5.228112459E-2,3.277721155E0
1.815670658E1,1.791841522E0,1.094266064E0,8.092569852E-1,2.250113581E0
1.816673158E1,1.535398723E0,4.954784364E-1,-1.203097950E0,2.012558769E0
1.817675558E1,1.698527854E0,-2.763119298E-1,-4.824627097E0,5.122340459E0
1.818678058E1,1.859455069E0,-4.735700887E-1,-5.281408660E0,5.619174247E0
1.819680458E1,1.705201866E0,-3.744504279E-1,-2.397131546E0,2.965495941E0
1.820682958E1,8.408663021E-1,-1.545968735E-1,5.161723173E-1,9.986942437E-1
1.821685358E1,-3.520320569E-1,1.648142982E-1,2.177282084E0,2.211706942E0
1.822687858E1,-1.446376912E0,7.420999593E-1,2.141250372E0,2.688432940E0
1.823690258E1,-2.208991827E0,1.899233531E0,1.315936933E0,3.196626802E0
1.824692758E1,-2.335114807E0,3.336083867E0,-9.335711288E-1,4.177771150E0
1.825695158E1,-1.769910224E0,4.405071248E0,-3.281575538E0,5.771132723E0
1.826697658E1,-4.218457653E-1,5.354852028E0,-3.749155739E0,6.550462796E0
1.827700058E1,5.892331307E-1,5.116977355E0,-1.774234094E0,5.447803186E0
1.828702558E1,8.336848980E-1,3.631038474E0,5.511480224E-1,3.766063602E0
1.829704958E1,1.467373094E0,1.338738735E0,1.171321256E0,2.305948543E0
1.830707629E1,2.167149298E0,-1.399909966E0,6.277722752E-1,2.655255547E0
1.831710029E1,2.780848641E0,-3.523175472E0,-1.583379221E-1,4.491208687E0
1.832712529E1,3.098555934E0,-4.567219800E0,-1.221119653E0,5.652581604E0
1.833714929E1,2.975106593E0,-4.419551293E0,-1.264858580E0,5.475724619E0
1.834717429E1,2.072212589E0,-3.668901535E0,-1.732798970E0,4.556039481E0
1.835719829E1,1.096832260E0,-2.744164964E0,-2.135355209E0,3.645987414E0
1.836722329E1,4.642860259E-1,-2.083016197E0,-2.217462396E0,3.077605801E0
1.837724729E1,-7.994795635E-2,-1.871002005E0,-2.866145484E0,3.423715834E0
1.838727229E1,-1.969823165E-1,-2.037574561E0,-3.907832800E0,4.411538203E0
1.839729629E1,3.976089102E-1,-2.217505665E0,-4.843993075E0,5.342255435E0
1.840732129E1,1.179132113E0,-2.147500461E0,-5.040321527E0,5.604190563E0
1.841734529E1,1.392235495E0,-1.908675615E0,-4.397693816E0,4.992101078E0
1.842737029E1,1.633036554E0,-1.665222114E0,-4.504036542E0,5.072092098E0
1.843739429E1,1.988288088E0,-1.466747734E0,-5.431554633E0,5.967111878E0
1.844741929E1,1.804072435E0,-1.678402323E0,-4.230680965E0,4.895954772E0
1.845744329E1,1.669932484E0,-3.022235152E0,-2.965648137E0,4.551664387E0
1.846746829E1,2.554909304E0,-5.826548669E0,-7.882455420E0,1.012962657E1
1.847749229E1,3.411948566E0,-8.322688778E0,-1.164847921E1,1.471718755E1
1.848751729E1,2.934630997E0,-1.034121253E1,-7.135793463E0,1.290241388E1
1.849754129E1,2.611540465E0,-1.269718318E1,-3.967741617E0,1.355660643E1
1.850756629E1,2.833251972E0,-1.471402235E1,-3.407666943E0,1.536691135E1
1.851759029E1,2.556463494E0,-1.579074969E1,-3.506440741E0,1.637615364E1
1.852761529E1,1.505307198E0,-1.739337794E1,-1.685333904E0,1.753955234E1
1.853763929E1,-7.853627770E-1,-2.009540904E1,1.402780949E0,2.015961442E1
1.854766429E1,-3.444150352E0,-2.380782263E1,1.486420691E0,2.410153598E1
1.855768829E1,-4.896536448E0,-2.294472214E1,-8.049120654E-1,2.347518321E1
1.856771329E1,-3.263379588E0,-1.509316750E1,-1.491297269E0,1.551377836E1
1.857773729E1,-6.827619763E-1,-8.236890244E0,-2.616687477E0,8.669462391E0
1.858776229E1,9.116588344E-1,-4.900942032E0,-2.889617962E0,5.761965515E0
1.859778629E1,2.468968391E0,-7.341857529E-1,-1.095892759E0,2.799252502E0
1.860781129E1,3.672174221E0,4.510840362E0,7.094151932E-1,5.859676971E0
1.861783529E1,4.249353463E0,4.864591062E0,2.042052943E0,6.774306701E0
1.862786029E1,1.719473896E0,-9.764382362E-2,1.691299818E-1,1.730528748E0
1.863788429E1,-1.448421975E0,-1.205757614E1,-2.184004511E1,2.498941054E1
1.864790929E1,-2.571315130E0,-1.348199764E1,-2.373673920E1,2.741913036E1
1.865793329E1,-9.368151641E-1,-5.097339481E0,-1.506848056E1,1.593485484E1
1.866795829E1,1.188162991E0,3.523071392E0,-1.474865423E0,3.999873916E0
1.867798329E1,1.433736401E0,8.365941802E0,9.704181769E0,1.289246780E1
1.868800729E1,1.867427163E0,1.189062878E1,1.599875269E1,2.002084975E1
1.869803229E1,2.549993843E0,1.495625378E1,1.591446624E1,2.198777459E1
1.870805629E1,3.042207486E0,1.512338124E1,1.222056260E1,1.968029056E1
1.871808129E1,2.377629035E0,1.403253053E1,6.918270024E0,1.582490104E1
1.872810529E1,1.586862407E0,1.304243086E1,4.101861541E0,1.376402569E1
1.873813029E1,9.080456205E-1,1.235073215E1,2.850733978E0,1.270794301E1
1.874815429E1,4.791365650E-1,1.180254281E1,1.917706640E0,1.196692055E1
1.875817929E1,2.456321740E-1,1.161138681E1,1.420665243E0,1.170055249E1
1.876820329E1,-3.371664247E-1,1.169807295E1,9.727521515E-1,1.174328909E1
1.877822829E1,-1.122090916E0,1.113402246E1,8.117666101E-1,1.121982661E1
1.878825229E1,-1.375187938E0,1.009104993E1,1.452334932E0,1.028735667E1
1.879827729E1,-1.594854820E0,9.898007612E0,1.722252932E0,1.017252534E1
1.880830129E1,-2.098320553E0,9.922799807E0,1.438858854E0,1.024378934E1
1.881832629E1,-2.673639942E0,9.748293748E0,1.581685283E0,1.023129072E1
1.882835029E1,-4.752759262E0,8.161693881E0,1.876595451E0,9.629308288E0
1.883837529E1,-7.100930024E0,6.865756765E0,2.881335965E0,1.028901940E1
1.884839929E1,-8.302712935E0,8.236539411E0,5.260484984E0,1.282374071E1
1.885842429E1,-7.371992324E0,1.028784265E1,2.421592203E0,1.288604229E1
1.886844829E1,-5.550925541E0,1.128224353E1,-7.843051618E-1,1.259829068E1
1.887847329E1,-3.917546194E0,1.146412936E1,-1.953364130E0,1.227147349E1
1.888849729E1,-2.561912515E0,1.150894359E1,-2.148020278E0,1.198470565E1
1.889852229E1,-1.964196243E0,1.127196179E1,-2.636013694E0,1.174153983E1
1.890854629E1,-2.351391263E0,1.057106423E1,-3.470551701E0,1.137194658E1
1.891857129E1,-2.745682316E0,1.007346033E1,-3.813765718E0,1.111567287E1
1.892859529E1,-2.902443244E0,1.052168684E1,-4.449210709E0,1.178666817E1
1.893862029E1,-1.276416625E0,1.143574932E1,-5.393558257E0,1.270811050E1
1.894864429E1,6.082517843E-1,1.143317771E1,-5.307745689E0,1.261981327E1
1.895866929E1,1.834232520E0,1.071633714E1,-3.602011142E0,1.145333029E1
1.896869329E1,2.141094544E0,1.016632231E1,-1.118527769E0,1.044937794E1
1.897871829E1,2.055842578E0,9.910651631E0,9.536354108E-1,1.016646079E1
1.898874229E1,1.902444384E0,9.883518212E0,2.880758260E0,1.046909715E1
1.899876729E1,1.839456130E0,9.953971313E0,4.750433532E0,1.118176026E1
1.900879129E1,2.085382565E0,1.028154754E1,6.436452438E0,1.230800391E1
1.901881629E1,2.425431192E0,1.031982809E1,7.540893241E0,1.300948266E1
1.902884029E1,2.251543185E0,9.866495798E0,7.762632523E0,1.275443647E1
1.903886529E1,1.411599866E0,9.040844974E0,7.551661474E0,1.186410903E1
1.904888929E1,5.608119350E-1,8.253550131E0,7.262026663E0,1.100784407E1
1.905891429E1,-1.810239494E-2,7.927765494E0,7.233093470E0,1.073160913E1
1.906893829E1,-3.360848726E-1,7.889622352E0,7.214643166E0,1.069626897E1
1.907896329E1,-3.150737802E-1,7.948381607E0,6.824409349E0,1.048086850E1
1.908898729E1,7.966802090E-2,8.323483415E0,5.401927961E0,9.923081620E0
1.909901229E1,3.064122266E-1,9.414490825E0,3.747513256E0,1.013757276E1
1.910903629E1,4.085796024E-1,1.026031630E1,2.964932730E0,1.068793029E1
1.911906129E1,4.235455509E-1,1.057730672E1,1.937396846E0,1.076161302E1
1.912908529E1,1.730209384E-1,1.050180747E1,8.821401894E-3,1.050323637E1
1.913911029E1,1.216497868E-1,9.476595272E0,-2.768407812E0,9.873435999E0
1.914913429E1,1.116043434E0,5.840203671E0,-9.795991241E0,1.145927468E1
1.915915929E1,1.985135854E0,-2.897059713E0,-3.545599544E1,3.562950087E1
1.916918329E1,3.296090374E0,-5.075467386E1,-7.455697672E1,9.025322104E1
1.917920829E1,-8.388210922E0,-7.139797402E1,-1.981232896E1,7.456917028E1
1.918923229E1,-1.623168588E1,-6.868343924E1,7.209822254E1,1.008912095E2
1.919925729E1,-2.445008986E0,-4.949439775E1,4.927390158E1,6.988269352E1
1.920928129E1,1.920496931E0,-1.424914999E1,6.380943650E0,1.573032186E1
1.921930629E1,-3.579453461E-1,8.753190030E0,-3.111789469E1,3.232753982E1
1.922933029E1,-1.990947694E0,1.266990007E1,-1.491307677E1,1.966952209E1
1.923935529E1,-8.030492887E-2,8.236931759E0,-2.282309187E0,8.547656340E0
1.924937929E1,9.898118417E-1,3.782435167E0,4.826618074E0,6.211504271E0
1.925940429E1,2.214859508E-1,2.457544393E0,-9.543182194E-2,2.469349652E0
1.926942829E1,-3.272397164E0,1.766794097E0,-7.727189625E0,8.575523545E0
1.927945329E1,-7.602077336E0,-3.750705836E0,-1.435460219E1,1.667075217E1
1.928947729E1,-4.349832017E0,-1.375168525E1,-6.505095241E0,1.582233074E1
1.929950229E1,1.382425183E0,-1.918880293E1,2.463156551E0,1.939557675E1
1.930952504E1,4.838068677E0,-1.736485756E1,2.918357611E0,1.826094187E1
1.931955004E1,7.259546859E0,-1.098362038E1,1.390964895E-1,1.316663530E1
1.932957404E1,7.295428882E0,-2.873136415E0,-1.129499046E0,7.921739931E0
1.933959904E1,5.578593981E0,2.752774989E0,-1.953945928E0,6.520459005E0
1.934962304E1,2.611691908E0,4.633388062E0,-2.161472967E0,5.741183236E0
1.935964804E1,1.352982844E-1,4.030199820E0,-1.052768082E0,4.167629644E0
1.936967204E1,-1.936780988E0,1.450124685E0,-2.522146770E-1,2.432610622E0
1.937969704E1,-3.504467890E0,-1.874410931E0,8.172308332E-1,4.057410229E0
1.938972204E1,-4.994871705E0,-4.713141160E0,1.367391553E0,7.002299808E0
1.939974604E1,-5.300324988E0,-5.371318372E0,2.155832158E0,7.848064623E0
1.940977104E1,-4.323542351E0,-4.239675152E0,2.211019349E0,6.446430827E0
1.941979504E1,-3.547116312E0,-2.525853320E0,1.027157570E0,4.474038645E0
1.942982004E1,-2.938616167E0,-8.878856635E-1,-2.178488365E-1,3.077541883E0
1.943984404E1,-2.140444333E0,4.265356708E-1,-1.080832670E0,2.435494587E0
1.944986904E1,-1.026168878E0,1.718653386E0,-1.427241898E0,2.458416455E0
1.945989304E1,-1.618188427E-1,3.234411312E0,-1.488383017E0,3.564110811E0
1.946991804E1,1.745426763E-1,4.473643885E0,-1.439510526E0,4.702780593E0
1.947994204E1,1.217217806E-1,5.074345306E0,-1.251840047E0,5.227896324E0
1.948996704E1,9.510372005E-2,5.379773446E0,-6.442359880E-1,5.419044847E0
1.949999104E1,2.205704961E-1,5.680771735E0,-1.510183775E-1,5.687057711E0
1.951001604E1,5.069005336E-1,5.850555582E0,4.217842233E-1,5.887601439E0
1.952004004E1,8.641169512E-1,5.832473068E0,9.303294325E-1,5.969083099E0
1.953006504E1,9.012597075E-1,5.406881137E0,8.912175532E-1,5.553458510E0
1.954008904E1,3.425389561E-1,4.380615853E0,3.378353097E-1,4.406955966E0
1.955011404E1,-4.459026723E-1,3.168652940E0,-9.297628373E-2,3.201224021E0
1.956013804E1,-1.089970260E0,2.769619648E0,-9.919085070E-2,2.978030723E0
1.957016304E1,-1.162554453E0,3.276186744E0,-1.777132559E-1,3.480878400E0
1.958018704E1,-8.783604030E-1,3.802510997E0,-2.427109051E-1,3.910181001E0
1.959021204E1,-1.044746798E0,4.003117272E0,-6.913724399E-1,4.194572638E0
1.960023604E1,-1.162570386E0,4.063123738E0,-1.001014084E0,4.343106446E0
1.961026104E1,-9.619178456E-1,4.010035113E0,-8.835775812E-1,4.217389819E0
1.962028504E1,-4.192220831E-1,3.665145283E0,-8.463096213E-1,3.784874777E0
1.963031004E1,1.710151424E-1,2.521980709E0,-4.021526353E-1,2.559562388E0
1.964033404E1,7.763525100E-1,2.010535866E-1,9.306077600E-1,1.228485477E0
1.965035904E1,1.177909753E0,-3.263298311E0,3.094290390E0,4.648786968E0
1.966038304E1,1.095367167E0,-7.700518135E0,4.592458137E0,9.032634197E0
1.967040804E1,3.883575918E-1,-1.127753652E1,2.103663300E0,1.147863454E1
1.968043204E1,1.580365712E-1,-1.049073752E1,-6.556113367E0,1.237187018E1
1.969045704E1,9.242233314E-1,-6.273269513E0,-1.359623586E1,1.500219079E1
1.970048104E1,1.602907313E0,-1.576464888E0,-1.019105837E1,1.043610196E1
1.971050604E1,1.263059684E0,2.814235657E0,-3.739931756E0,4.847920342E0
1.972053004E1,-8.511718735E-2,5.765168107E0,-7.441295278E-1,5.813616516E0
1.973055504E1,-1.368600465E0,6.969339606E0,6.804042327E-1,7.134964029E0
1.974057904E1,-2.028907818E0,6.300640329E0,2.622099659E0,7.119686939E0
1.975060404E1,-1.976071500E0,5.649249980E0,2.958164871E0,6.676048481E0
1.976062804E1,-1.194115457E0,3.720014970E0,1.692655495E0,4.257875730E0
1.977065304E1,-4.018519422E-1,1.135208268E0,2.368362075E0,2.656938410E0
1.978067704E1,4.508900914E-1,-1.160798607E0,3.365387188E0,3.588396049E0
1.979070204E1,1.698336942E0,-2.710406064E0,1.580054494E0,3.567523176E0
1.980072604E1,3.131858751E0,-3.391963368E0,-7.092262550E-1,4.670862512E0
1.981075104E1,4.232663463E0,-3.161420519E0,-1.922238086E0,5.621834127E0
1.982077504E1,4.817638505E0,-2.126642273E0,-2.203367683E0,5.708509198E0
1.983080004E1,5.029025876E0,-8.375697881E-1,-2.208273497E0,5.555996422E0
1.984082404E1,4.906022678E0,2.046858770E-1,-1.400871248E0,5.106211421E0
1.985084904E1,4.313183716E0,8.772583491E-1,-1.639897677E-1,4.404546358E0
1.986087304E1,2.535600336E0,1.104232058E0,1.133774384E-1,2.767932793E0
1.987089804E1,9.028109738E-1,1.025536137E0,1.911617788E-1,1.379614021E0
1.988092204E1,2.598497520E-1,9.045841420E-1,3.010661904E-1,9.881473648E-1
1.989094704E1,1.648286238E-2,6.511254698E-1,3.909975366E-1,7.596809434E-1
1.990097104E1,-3.699148889E-1,-2.640778005E-2,4.672639398E-1,5.965483931E-1
1.991099604E1,-3.911003745E-1,-7.257493901E-1,1.181383145E-1,8.328435276E-1
1.992102004E1,-9.804545425E-2,-9.096209335E-1,-7.805049833E-1,1.202585208E0
1.993104504E1,-4.634210765E-3,-1.121311190E0,-1.040380902E0,1.529625013E0
1.994106904E1,-1.561343989E-1,-1.270138031E0,-7.741863359E-1,1.495658066E0
1.995109404E1,-2.458300292E-1,-9.208394015E-1,-4.894540501E-1,1.071420960E0
1.996111804E1,-3.965020323E-1,-5.244648385E-1,-3.665021615E-1,7.527290766E-1
1.997114304E1,-5.196533840E-1,-2.864381379E-1,-1.482128835E-1,6.115991377E-1
1.998116704E1,-5.572731270E-1,-1.749352437E-1,2.493756346E-1,6.350936031E-1
1.999119204E1,-5.588213966E-1,4.444117785E-2,7.001491106E-1,8.969198117E-1
2.000121604E1,-6.662014190E-1,4.147441757E-1,1.071013295E0,1.327744908E0
2.001124104E1,-8.287764528E-1,6.623626488E-1,1.085280501E0,1.517704996E0
2.002126504E1,-9.316731957E-1,5.703344911E-1,9.123609388E-1,1.423270480E0
2.003129004E1,-8.801077703E-1,3.842977238E-1,8.447566009E-1,1.279018429E0
2.004131404E1,-4.544587567E-1,4.716153646E-1,9.218334281E-1,1.130809747E0
2.005133904E1,-8.166111745E-2,4.239757597E-1,5.578547788E-1,7.054260678E-1
2.006136304E1,2.900145873E-2,2.219474423E-1,2.368933640E-2,2.250842873E-1
2.007138804E1,4.303857699E-2,3.486636221E-2,-2.554508185E-1,2.613868838E-1
2.008141204E1,6.717727192E-2,-8.449811339E-2,-4.658780035E-1,4.782206929E-1
2.009143704E1,7.082644612E-2,-1.629426044E-1,-6.368902771E-1,6.612079120E-1
2.010146104E1,-7.644065022E-3,-2.915082586E-1,-7.903213620E-1,8.424033190E-1
2.011148604E1,-4.289539330E-2,-3.288099861E-1,-8.020052683E-1,8.678527941E-1
2.012151004E1,1.247415751E-1,-2.339272177E-1,-4.651927098E-1,5.354312850E-1
2.013153504E1,3.928828616E-1,-1.092610717E-1,2.819417752E-2,4.087662368E-1
2.014155904E1,5.328906763E-1,-1.296678543E-2,2.474003720E-1,5.876627897E-1
2.015158404E1,5.475382073E-1,3.451260567E-2,1.676491014E-1,5.736683969E-1
2.016160804E1,4.735052943E-1,-5.130347013E-3,7.647807240E-2,4.796691357E-1
2.017163304E1,3.077753222E-1,-8.813391209E-2,-3.076731786E-3,3.201604311E-1
2.018165704E1,-5.450200673E-2,-1.401332009E-1,-2.817415081E-2,1.529757023E-1
2.019168204E1,-5.659902292E-1,-1.307665461E-1,3.515930772E-2,5.819630624E-1
2.020170604E1,-1.133070891E0,-9.065932453E-2,-2.265842843E-1,1.159055303E0
2.021173104E1,-1.669155974E0,-1.747031093E-2,-5.920387709E-1,1.771128675E0
2.022175504E1,-2.048712922E0,8.670777619E-2,-7.919866490E-1,2.198177820E0
2.023178004E1,-2.148408241E0,9.880800426E-2,-9.165465219E-1,2.337836290E0
2.024180404E1,-2.035545138E0,-3.275668681E-2,-1.013672063E0,2.274213724E0
2.025182904E1,-1.562922883E0,-1.027642304E-1,-7.886818758E-1,1.753655476E0
2.026185304E1,-9.433166832E-1,-6.103557587E-2,-3.820079541E-1,1.019559603E0
2.027187804E1,-2.190836222E-1,2.234045684E-2,-7.659976758E-2,2.331614332E-1
2.028190204E1,5.394712424E-1,1.239486927E-1,2.249974231E-1,5.975084436E-1
2.029192704E1,1.164897359E0,2.503730965E-1,5.859238259E-1,1.327772297E0
2.030195104E1,1.420838320E0,1.497121096E-1,4.844114113E-1,1.508591947E0
2.031197633E1,1.555123428E0,-6.302129030E-3,-1.461215537E-2,1.555204845E0
2.032200033E1,1.677355086E0,1.092815369E-1,-3.448372042E-1,1.715918191E0
2.033202533E1,1.625881462E0,4.142454082E-1,-4.963350534E-1,1.749696623E0
2.034204933E1,1.320097811E0,6.640524942E-1,-5.842281333E-1,1.589008011E0
2.035207433E1,8.141065197E-1,8.433696413E-1,-6.207860950E-1,1.326430229E0
2.036209833E1,2.758491227E-1,9.818656218E-1,-4.705686764E-1,1.123204219E0
2.037212333E1,-2.595193477E-1,9.555525666E-1,-1.460540915E-1,1.000881010E0
2.038214733E1,-8.029709360E-1,8.510756868E-1,1.288480747E-1,1.177155034E0
2.039217233E1,-1.266689051E0,6.330920720E-1,6.866619229E-2,1.417752365E0
2.040219633E1,-1.609437484E0,1.371090209E-1,-2.601659767E-1,1.636085032E0
2.041222133E1,-1.833640343E0,-4.014651489E-1,-5.792999903E-1,1.964433672E0
2.042224533E1,-1.941002824E0,-8.366780877E-1,-7.279010193E-1,2.235478043E0
2.043227033E1,-1.880145442E0,-9.388546729E-1,-6.676140332E-1,2.205017795E0
2.044229433E1,-1.694640917E0,-7.636691684E-1,-1.668760264E-1,1.866238475E0
2.045231933E1,-1.489994802E0,-4.158130467E-1,3.156853990E-1,1.578810397E0
2.046234333E1,-1.236123316E0,8.628736138E-2,7.166289032E-1,1.431434017E0
2.047236833E1,-9.728642718E-1,6.114626366E-1,9.818960273E-1,1.511446743E0
2.048239233E1,-6.852548636E-1,1.036860439E0,1.190766757E0,1.721214474E0
2.049241733E1,-5.306164017E-1,1.396778782E0,1.001142869E0,1.798563809E0
2.050244133E1,-4.043890491E-1,1.568731946E0,7.099490440E-1,1.768750425E0
2.051246633E1,-2.734513988E-1,1.702416837E0,6.541058687E-1,1.844140245E0
2.052249033E1,-1.032756425E-1,1.800555920E0,8.923317401E-1,2.012193682E0
2.053251533E1,-1.188656350E-1,1.819716661E0,8.602913372E-1,2.016333045E0
2.054253933E1,-3.526252569E-1,1.810869824E0,6.709178562E-1,1.963090640E0
2.055256433E1,-5.529917226E-1,1.793055112E0,8.771257634E-1,2.071278852E0
2.056258933E1,-7.024663621E-1,1.447658329E0,8.582417420E-1,1.823664584E0
2.057261333E1,-8.095829675E-1,1.419243200E0,3.636329328E-1,1.673889110E0
2.058263833E1,-3.332408600E-1,1.298777109E0,2.842913327E-1,1.370654227E0
2.059266233E1,2.243167341E-1,1.008111434E0,1.870205614E-1,1.049563410E0
2.060268733E1,4.884709869E-1,9.277560729E-1,-6.191040704E-1,1.217630932E0
2.061271133E1,7.052698097E-1,9.238776147E-1,-1.621628782E-1,1.173563867E0
2.062273633E1,8.097328024E-1,9.200348246E-1,2.946002662E-1,1.260523941E0
2.063276033E1,8.183124219E-1,1.119045979E0,-1.162814727E0,1.809430079E0
2.064278533E1,1.174327602E0,8.911636126E-1,-3.026771421E0,3.366684295E0
2.065280933E1,1.347721812E0,8.561364520E-1,-2.749566329E0,3.179534354E0
2.066283433E1,1.437015081E0,1.637554259E0,-1.702691656E0,2.765095870E0
2.067285833E1,1.202715249E0,2.033637630E0,-7.670903742E-1,2.484076010E0
2.068288333E1,1.182917308E0,2.495586963E0,3.255846620E-2,2.761939120E0
2.069290733E1,1.235633027E0,2.571204910E0,1.046292875E0,3.038521424E0
2.070293233E1,1.955509766E0,2.511855086E0,1.733578988E0,3.624738684E0
2.071295633E1,3.155812454E0,2.072117572E0,5.220516926E-1,3.811215219E0
2.072298133E1,4.079959918E0,1.230120272E0,-1.516561334E0,4.523187714E0
2.073300533E1,4.518358420E0,8.676665765E-1,-1.653823552E0,4.889124711E0
2.074303033E1,3.871241216E0,9.436949980E-1,-8.492379069E-2,3.985508858E0
2.075305433E1,1.420520816E0,1.018825872E0,4.897747698E-1,1.815424158E0
2.076307933E1,-1.653086510E0,9.938804805E-1,-4.239044237E-1,1.974889460E0
2.077310333E1,-3.710396008E0,1.049483408E0,-1.440834628E0,4.116364705E0
2.078312833E1,-5.090687104E0,7.500059795E-1,-1.975721544E0,5.511903462E0
2.079315233E1,-5.594114245E0,2.197810489E-1,-2.080996569E0,5.972684875E0
2.080317733E1,-4.374062294E0,-1.587320244E-1,-1.831065522E0,4.744514491E0
2.081320133E1,-1.293318733E0,-1.957080621E-1,-7.703478581E-1,1.518028594E0
2.082322633E1,1.070512335E0,-7.356171513E-1,1.942163789E0,2.336477998E0
2.083325033E1,2.252591006E0,-1.587885085E0,2.883514638E0,3.988759450E0
2.084327533E1,2.330204608E0,-2.138813837E0,1.779210075E0,3.629044865E0
2.085329933E1,1.214387461E0,-2.502103100E0,6.387206018E-1,2.853632919E0
2.086332433E1,1.815823585E-1,-2.787507450E0,1.162738713E0,3.025744743E0
2.087334833E1,-1.499571079E-1,-3.082743893E0,1.053493429E0,3.261233731E0
2.088337333E1,3.886620855E-1,-2.454559389E0,7.788567263E-1,2.604330588E0
2.089339733E1,2.185019705E-1,-1.073452899E0,1.014791878E0,1.493267154E0
2.090342233E1,-1.230510574E0,-3.464913815E-1,1.086770518E0,1.677880421E0
2.091344633E1,-1.775997322E0,1.356694365E-1,-1.137289876E0,2.113291496E0
2.092347133E1,-2.261828145E0,1.045483913E0,-3.128909415E0,3.999872160E0
2.093349533E1,-2.080903013E0,1.954624790E0,-4.865019078E0,5.640844445E0
2.094352033E1,-9.822886679E-1,2.547640046E0,-5.942476736E0,6.539754627E0
2.095354433E1,9.180760074E-1,3.346710597E0,-5.828427379E0,6.783354707E0
2.096356933E1,2.938169732E0,3.727055603E0,-5.182466755E0,7.027214705E0
2.097359333E1,4.061348523E0,3.096463215E0,-4.577227895E0,6.858108447E0
2.098361833E1,5.201589489E0,2.423032957E0,-4.000156826E0,6.994917909E0
2.099364233E1,6.312752252E0,1.973303720E0,-4.252324433E0,7.863016702E0
2.100366733E1,7.051907553E0,1.688445500E0,-4.324964393E0,8.443077955E0
2.101369133E1,7.517910760E0,1.554540169E0,-4.706841955E0,9.004995198E0
2.102371633E1,7.538567804E0,7.951564246E-1,-4.351092677E0,8.740382471E0
2.103374033E1,6.672871154E0,-6.060171247E-1,-1.945007874E0,6.976927821E0
2.104376533E1,5.391065004E0,-2.469762150E0,-2.813916399E0,6.563644754E0
2.105378933E1,3.999621806E0,-4.872186010E0,-4.491284934E0,7.739949061E0
2.106381433E1,3.011761911E0,-7.678944833E0,-4.668414053E0,9.477921362E0
2.107383833E1,1.930293941E0,-1.036587608E1,-4.534324535E0,1.147769666E1
2.108386333E1,7.935499021E-1,-1.283346891E1,-3.282916889E0,1.327046303E1
2.109388733E1,7.004233450E-2,-1.518939630E1,-3.646629490E0,1.562115785E1
2.110391233E1,-5.186392576E-1,-1.677466300E1,-3.177697413E0,1.708086843E1
2.111393633E1,-9.895799996E-1,-1.702600908E1,-3.079211298E0,1.733048747E1
2.112396133E1,-1.453433770E0,-1.600899818E1,-3.614874431E0,1.647628021E1
2.113398533E1,-1.439191999E0,-1.388585897E1,-3.523031046E0,1.439792002E1
2.114401033E1,-8.145127550E-1,-1.183217066E1,-3.695471867E0,1.242256840E1
2.115403433E1,-1.250766206E-1,-1.039293700E1,-4.500097858E0,1.132606129E1
2.116405933E1,5.678786606E-1,-9.663072919E0,-4.429431041E0,1.064506100E1
2.117408333E1,1.097255306E0,-9.713093510E0,-2.545751395E0,1.010094079E1
2.118410833E1,5.883904738E-1,-1.221617368E1,-3.196791203E-1,1.223451256E1
2.119413233E1,-4.569814283E-1,-1.628355302E1,-5.152098656E-1,1.629810947E1
2.120415733E1,1.970890648E-1,-1.307280247E1,-4.219932028E0,1.373844368E1
2.121418133E1,1.831052804E0,-6.600274463E0,-4.824907179E0,8.378311682E0
2.122420633E1,3.061168837E0,-1.998171344E0,-5.400296003E0,6.521245302E0
2.123423033E1,4.432709282E0,3.103973379E0,-7.016306781E0,8.860706696E0
2.124425533E1,5.119944232E0,7.819906000E0,-5.837451387E0,1.102000896E1
2.125427933E1,3.970864322E0,5.859258578E0,4.145844005E-1,7.090173113E0
2.126430433E1,1.308745442E0,-5.319153607E-2,-2.001602928E0,2.392082410E0
2.127432833E1,9.681419143E-1,-8.973448797E0,-1.455951201E1,1.713007507E1
2.128435333E1,2.849387656E0,-7.036879624E0,-1.813653800E1,1.966140116E1
2.129437733E1,3.606629857E0,2.579751200E0,-4.513656966E0,6.327400287E0
2.130440233E1,3.794631582E0,1.083793817E1,1.067132176E1,1.567600845E1
2.131442592E1,2.569563889E0,1.373577264E1,1.430029559E1,1.999431325E1
2.132445092E1,1.460092725E0,1.397268896E1,1.128021689E1,1.801696979E1
2.133447492E1,8.690458616E-1,1.355849325E1,7.381893414E0,1.546222268E1
2.134449992E1,6.718175783E-2,1.300692891E1,4.008910693E0,1.361088086E1
2.135452392E1,-5.939976612E-1,1.272148070E1,2.369561924E0,1.295390783E1
2.136454892E1,-1.014498421E0,1.284962360E1,2.613623536E0,1.315192236E1
2.137457292E1,-1.216704274E0,1.320343628E1,3.144845417E0,1.362722098E1
2.138459792E1,-1.890352196E0,1.356756345E1,3.668861189E0,1.418142277E1
2.139462192E1,-3.092425713E0,1.350953568E1,3.845799104E0,1.438265698E1
2.140464692E1,-3.916424406E0,1.268153018E1,4.984428577E0,1.417759205E1
2.141467092E1,-4.359622595E0,1.148304978E1,5.492996591E0,1.345510137E1
2.142469592E1,-4.258863375E0,1.028474713E1,4.750826465E0,1.210306957E1
2.143471992E1,-4.050330907E0,9.676917372E0,2.832416990E0,1.086602486E1
2.144474492E1,-4.388797862E0,8.862713057E0,2.677029573E0,1.024576580E1
2.145476892E1,-3.940283677E0,9.122603667E0,1.561491923E0,1.005912472E1
2.146479392E1,-3.041338005E0,9.755082951E0,-1.446962510E0,1.032012988E1
2.147481792E1,-2.475903773E0,1.023997149E1,-2.308040444E0,1.078490456E1
2.148484292E1,-1.708476892E0,1.064307971E1,-2.350157939E0,1.103255552E1
2.149486692E1,-9.505179678E-1,1.094651863E1,-1.995686862E0,1.116747601E1
2.150489192E1,-5.949222522E-1,1.107826458E1,-1.525143292E0,1.119856869E1
2.151491592E1,-4.405600713E-1,1.113856224E1,-1.112151527E0,1.120261322E1
2.152494092E1,-1.726017661E-1,1.117089734E1,-1.037147537E0,1.122026799E1
2.153496492E1,-7.565048674E-1,1.131129952E1,-1.428639675E0,1.142623331E1
2.154498992E1,-2.259117668E0,1.161078104E1,-1.822091800E0,1.196803524E1
2.155501392E1,-3.209910016E0,1.182576912E1,-1.530811583E0,1.234891581E1
2.156503892E1,-3.743041890E0,1.219832213E1,-1.338175063E0,1.282965853E1
2.157506292E1,-3.519730877E0,1.240702212E1,-9.446339878E-1,1.293116533E1
2.158508792E1,-1.981475058E0,1.221447799E1,-2.364239057E-1,1.237641354E1
2.159511192E1,-6.775987387E-2,1.153908950E1,4.113201193E-1,1.154661691E1
2.160513692E1,1.128828517E0,1.070178225E1,1.178060757E0,1.082544337E1
2.161516092E1,1.706428027E0,9.931220967E0,1.772586933E0,1.023147648E1
2.162518592E1,1.919682414E0,9.481805141E0,2.255847466E0,9.933713157E0
2.163520992E1,1.967218523E0,9.158371085E0,2.882561542E0,9.800758679E0
2.164523492E1,2.060860512E0,8.973490312E0,3.536219441E0,9.862835412E0
2.165525892E1,2.224880759E0,8.811344683E0,4.138383250E0,9.985795183E0
2.166528392E1,2.335791184E0,8.649337049E0,4.465143203E0,1.001021756E1
2.167530792E1,2.543207272E0,8.596485820E0,4.532059908E0,1.004524956E1
2.168533292E1,2.703661593E0,8.710763218E0,4.580902870E0,1.020646133E1
2.169535692E1,2.774894421E0,8.771630394E0,4.423802218E0,1.020840658E1
2.170538192E1,2.881672180E0,8.769045925E0,4.056659056E0,1.008249392E1
2.171540592E1,2.941974223E0,8.855682950E0,3.677499865E0,1.003007169E1
2.172543092E1,2.936229041E0,8.746833522E0,2.535646237E0,9.568596527E0
2.173545492E1,2.993462173E0,7.390619214E0,-5.851646380E-1,7.995278970E0
2.174547992E1,1.469495925E0,1.564678656E0,-1.112850386E1,1.133363295E1
2.175550392E1,-6.560329648E-1,-2.281506364E1,-6.297154687E1,6.698039432E1
2.176552892E1,-5.760064365E-1,-6.336025105E1,-6.779684230E1,9.279690201E1
2.177555292E1,-8.282648799E0,-7.032782129E1,2.533711043E1,7.521019800E1
2.178557792E1,-1.094165375E1,-6.436348825E1,5.764266583E1,8.709222314E1
2.179560192E1,-7.259378459E0,-3.183197538E1,3.026375916E1,4.451818000E1
2.180562692E1,-1.243113662E0,-3.142015364E0,7.202440027E0,7.955673100E0
2.181565092E1,8.204858319E-1,1.152997486E1,-2.138306182E1,2.430738262E1
2.182567592E1,2.644444794E0,1.099837875E1,-1.171039654E1,1.628160958E1
2.183569992E1,2.895273389E0,6.490380138E0,-4.060008926E0,8.184822222E0
2.184572492E1,1.134844863E0,1.036453473E0,-1.008962789E0,1.838508791E0
2.185574892E1,2.397401687E0,6.595729423E-1,2.591225776E0,3.591242450E0
2.186577392E1,1.822953826E0,-2.904417264E-1,-2.423189662E0,3.046205047E0
2.187579792E1,2.040469042E-2,-5.858017214E0,-6.647265612E0,8.860187478E0
2.188582292E1,-2.941316850E-1,-1.185831005E1,-6.567027195E0,1.355846145E1
2.189584692E1,2.940929106E-1,-1.630332830E1,-2.653863781E0,1.652053260E1
2.190587192E1,-6.673504700E-1,-1.474583237E1,1.094338569E0,1.480143594E1
2.191589592E1,-2.896906516E0,-9.023258888E0,8.691605401E-1,9.516654263E0
2.192592092E1,-3.899726512E0,-4.234866402E0,-4.854130393E-1,5.777333825E0
2.193594492E1,-3.461796080E0,-6.925383747E-1,-2.821663960E0,4.519450078E0
2.194596992E1,-2.721026947E0,1.390872509E0,-3.494897752E0,4.642501942E0
2.195599392E1,-2.065588571E0,1.826692389E0,-1.206373560E0,3.009783779E0
2.196601892E1,-1.950165411E0,1.596311508E0,2.470770210E-1,2.532272224E0
2.197604292E1,-1.806178749E0,1.436390744E0,1.458009070E-1,2.312305764E0
2.198606792E1,-1.865853970E0,5.072523898E-1,-9.710441798E-2,1.936012730E0
2.199609192E1,-1.841318322E0,-8.388672853E-1,2.676384625E-1,2.041024702E0
2.200611692E1,-1.676448037E0,-1.828610861E0,4.692820331E-1,2.524781441E0
2.201614092E1,-1.125687539E0,-2.206009455E0,7.125522244E-1,2.577087663E0
2.202616592E1,-5.534996629E-1,-1.960776646E0,6.384419820E-1,2.135091355E0
2.203618992E1,-3.221877951E-2,-1.536915491E0,3.450339630E-1,1.575498560E0
2.204621492E1,7.133416716E-1,-7.058595014E-1,2.109236866E-2,1.003762354E0
2.205623892E1,1.593568725E0,6.178296697E-1,-3.587965545E-1,1.746399081E0
2.206626392E1,2.080637842E0,2.329927742E0,-1.343564442E-1,3.126606590E0
2.207628792E1,2.139805963E0,4.025968775E0,2.562203121E-1,4.566491321E0
2.208631292E1,1.891015708E0,5.280666064E0,5.564599255E-1,5.636578939E0
2.209633692E1,1.243516097E0,5.841242722E0,9.024908388E-1,6.039945242E0
2.210636192E1,3.844699974E-1,5.928765015E0,1.237650901E0,6.068760296E0
2.211638592E1,-4.167226542E-1,5.711355012E0,1.360056514E0,5.885829386E0
2.212641092E1,-1.010776887E0,5.327991673E0,1.214009585E0,5.557246122E0
2.213643492E1,-1.522647700E0,4.533274375E0,1.071506654E0,4.900730464E0
2.214645992E1,-1.808497024E0,3.310614565E0,9.237747037E-1,3.883837018E0
2.215648392E1,-1.869287601E0,1.926014364E0,6.162026820E-1,2.753810671E0
2.216650892E1,-1.700356863E0,5.703204578E-1,2.360389397E-1,1.808920470E0
2.217653292E1,-1.516652989E0,-8.155363101E-1,-7.577582181E-1,1.881364738E0
2.218655792E1,-1.104338697E0,-1.878322719E0,-2.085398791E0,3.016048460E0
2.219658192E1,-7.509787370E-1,-2.391499507E0,-3.266232736E0,4.117221787E0
2.220660692E1,-4.541902234E-1,-2.227983876E0,-3.545156617E0,4.211690439E0
2.221663092E1,-2.512056669E-1,-1.516339724E0,-2.826745483E0,3.217589233E0
2.222665592E1,-1.524614704E-1,-6.028175282E-1,-1.443278618E0,1.571523669E0
2.223667992E1,-7.948931538E-2,3.393121701E-1,-5.372386658E-1,6.403723012E-1
2.224670492E1,-6.212279253E-2,1.126475451E0,-1.596570539E-1,1.139428171E0
2.225672892E1,-8.774960384E-2,1.681034739E0,-2.387652040E-2,1.683492761E0
2.226675392E1,2.058694996E-2,1.850150249E0,1.370565422E-1,1.855334003E0
2.227677792E1,2.236519057E-1,1.731861076E0,1.705482240E-1,1.754551128E0
2.228680292E1,5.461481414E-1,1.381361428E0,3.275646754E-1,1.521096908E0
2.229682692E1,9.372232997E-1,8.735313338E-1,6.682198048E-1,1.444978274E0
2.230685192E1,1.435392917E0,3.620671946E-1,9.388127191E-1,1.752944609E0
2.231687567E1,1.784751773E0,-1.276429635E-1,9.993349095E-1,2.049463803E0
2.232690067E1,1.782958432E0,-4.312847793E-1,7.641141415E-1,1.987163243E0
2.233692467E1,1.597211394E0,-5.788164622E-1,2.993577071E-1,1.725029789E0
2.234694967E1,1.278134245E0,-6.732770616E-1,-2.797014146E-1,1.471448956E0
2.235697367E1,8.900894791E-1,-7.047689956E-1,-8.560814881E-1,1.421912139E0
2.236699867E1,4.768122236E-1,-6.816789258E-1,-1.319556213E0,1.559892513E0
2.237702267E1,4.823097758E-2,-5.760115528E-1,-1.517410788E0,1.623776781E0
2.238704767E1,-3.070528621E-1,-2.331828672E-1,-1.300516363E0,1.356465451E0
2.239707167E1,-6.464791992E-1,2.231969923E-1,-1.041266316E0,1.245788021E0
2.240709667E1,-8.775950756E-1,5.409294283E-1,-1.053437734E0,1.473943290E0
2.241712067E1,-9.570626101E-1,6.880161381E-1,-1.042964494E0,1.573883725E0
2.242714567E1,-7.072180288E-1,7.998382902E-1,-8.165917325E-1,1.344143106E0
2.243716967E1,-3.577976308E-1,7.359165287E-1,-3.563255212E-1,8.925021898E-1
2.244719467E1,-1.257419606E-1,4.998194093E-1,1.537013724E-2,5.156226563E-1
2.245721867E1,8.531460397E-2,2.990213460E-1,1.762106676E-1,3.574108929E-1
2.246724367E1,3.013527039E-1,2.163393778E-1,1.353478396E-1,3.948863333E-1
2.247726767E1,4.481374781E-1,1.479830879E-1,1.373291686E-2,4.721385248E-1
2.248729267E1,5.310714613E-1,1.361290276E-1,-1.669063588E-1,5.730844107E-1
2.249731667E1,6.069553104E-1,1.755141181E-1,-2.808394289E-1,6.914265972E-1
2.250734167E1,6.397910808E-1,1.729506987E-1,-2.580960989E-1,7.112370684E-1
2.251736567E1,6.250757586E-1,1.252596384E-1,-3.251823735E-1,7.156488364E-1
2.252739067E1,7.490579266E-1,6.931991100E-2,-4.136004603E-1,8.584627937E-1
2.253741467E1,1.007623557E0,1.016772330E-1,-2.800043003E-1,1.050735885E0
2.254743967E1,1.173176578E0,2.323163098E-1,-8.392508626E-2,1.198898482E0
2.255746367E1,1.042613368E0,3.291350913E-1,-2.976693235E-2,1.093736081E0
2.256748867E1,8.177757206E-1,2.770849317E-1,-1.978065547E-1,8.858107143E-1
2.257751267E1,6.082080033E-1,1.293930352E-1,-3.506797421E-1,7.138878163E-1
2.258753767E1,3.765142027E-1,-4.417746842E-2,-3.226889746E-1,4.978380940E-1
2.259756167E1,1.233145621E-1,-2.198465377E-1,-3.041183639E-1,3.950024818E-1
2.260758667E1,-4.877747297E-2,-3.200555348E-1,-3.244397040E-1,4.583403853E-1
2.261761067E1,-1.583121213E-1,-3.071659327E-1,-3.275376320E-1,4.761244987E-1
2.262763567E1,-2.345922654E-1,-1.801685017E-1,-4.167708206E-1,5.110696009E-1
2.263765967E1,-2.816512417E-1,-2.631597877E-2,-5.072062699E-1,5.807565350E-1
2.264768467E1,-3.293656909E-1,1.316886520E-1,-5.144324052E-1,6.248714739E-1
2.265770867E1,-3.840612770E-1,2.088607889E-1,-4.520365477E-1,6.288584372E-1
2.266773367E1,-4.929708579E-1,1.946128786E-1,-3.562052878E-1,6.385739161E-1
2.267775767E1,-5.559280481E-1,1.216495675E-1,-2.530990684E-1,6.228272235E-1
2.268778267E1,-5.493252260E-1,2.157213271E-2,-2.000168753E-1,5.850045395E-1
2.269780667E1,-5.199597050E-1,-6.603669941E-2,-1.838364601E-1,5.554410721E-1
2.270783167E1,-4.633622389E-1,-1.051563263E-1,-2.144677571E-1,5.213049360E-1
2.271785567E1,-3.519507075E-1,-7.233473539E-2,-2.365901128E-1,4.302051789E-1
2.272788067E1,-1.690743602E-1,3.051369488E-2,-1.916845199E-1,2.574105282E-1
2.273790467E1,-3.896014407E-2,1.490683311E-1,-1.364190495E-1,2.057897404E-1
2.274792967E1,1.037562836E-1,2.061640531E-1,-1.327153500E-1,2.662373890E-1
2.275795367E1,2.350359229E-1,1.726004505E-1,-3.031932613E-1,4.206648954E-1
2.276797867E1,3.323628274E-1,8.329651058E-2,-5.373157760E-1,6.372688607E-1
2.277800267E1,4.404983101E-1,1.513259411E-2,-6.146522196E-1,7.563498580E-1
2.278802767E1,5.004790483E-1,-5.645252824E-2,-5.875948870E-1,7.739082096E-1
2.279805167E1,5.572303692E-1,-1.673204148E-1,-5.547474953E-1,8.038946381E-1
2.280807667E1,5.952885803E-1,-2.761446995E-1,-5.008548781E-1,8.255180178E-1
2.281810067E1,6.862593421E-1,-3.460581028E-1,-3.549248938E-1,8.465694156E-1
2.282812567E1,7.764867767E-1,-3.088797516E-1,-1.309869862E-1,8.458699698E-1
2.283814967E1,8.219853504E-1,-2.401088941E-1,2.431345358E-3,8.563399493E-1
2.284817467E1,8.309681354E-1,-1.981288093E-1,-8.624650396E-2,8.586044064E-1
2.285819867E1,7.265294087E-1,-1.855800998E-1,-2.612734759E-1,7.940710197E-1
2.286822367E1,5.532134052E-1,-1.278499550E-1,-3.233942950E-1,6.534328984E-1
2.287824767E1,3.506864664E-1,-2.539855063E-2,-3.361809131E-1,4.864603688E-1
2.288827267E1,1.759438153E-1,5.731031477E-2,-3.255074787E-1,3.744273188E-1
2.289829667E1,1.143797974E-1,1.679782265E-1,-3.130142447E-1,3.731987942E-1
2.290832167E1,7.790910535E-2,2.456970781E-1,-2.716522837E-1,3.744754279E-1
2.291834567E1,6.179059759E-2,2.884478259E-1,-2.230478883E-1,3.698250758E-1
2.292837067E1,8.191108592E-2,2.471618056E-1,-1.242907548E-1,2.885248272E-1
2.293839467E1,1.399620967E-1,1.468727016E-1,-1.549621783E-2,2.034726315E-1
2.294841967E1,2.422575266E-1,-2.163469791E-5,5.470545329E-2,2.483573963E-1
2.295844367E1,3.448961149E-1,-1.105626619E-1,1.308349586E-1,3.850911823E-1
2.296846867E1,4.485462715E-1,-1.564258826E-1,1.055258703E-1,4.866194856E-1
2.297849267E1,5.153645244E-1,-1.562031037E-1,9.176547155E-3,5.385946636E-1
2.298851767E1,4.846560442E-1,-1.083535838E-1,-6.274771370E-2,5.005689322E-1
2.299854167E1,3.632983989E-1,-9.609548092E-2,-7.832820453E-2,3.838689565E-1
2.300856667E1,1.341133462E-1,-1.152848732E-1,-8.460811414E-2,1.960498013E-1
2.301859067E1,-9.586327337E-2,-1.284247363E-1,-9.200228378E-2,1.847893403E-1
2.302861567E1,-2.821281552E-1,-1.766806376E-1,-9.256025434E-2,3.455137398E-1
2.303863967E1,-4.419840876E-1,-2.106178772E-1,-7.474137627E-2,4.952737599E-1
2.304866467E1,-5.736306397E-1,-1.630004919E-1,-1.214115127E-1,6.085737643E-1
2.305868867E1,-6.202214733E-1,9.013482928E-3,-2.218573221E-1,6.587689960E-1
2.306871367E1,-5.944853921E-1,2.113557959E-1,-2.974899602E-1,6.975560410E-1
2.307873767E1,-5.336402162E-1,3.678109145E-1,-3.524793689E-1,7.377658536E-1
2.308876267E1,-4.252689446E-1,3.839311033E-1,-3.532898661E-1,6.731051157E-1
2.309878667E1,-3.039414125E-1,2.641163921E-1,-3.775604888E-1,5.519871136E-1
2.310881167E1,-1.521246707E-1,1.297900611E-1,-3.585114297E-1,4.105092211E-1
2.311883567E1,2.098580316E-2,2.084590852E-2,-2.705318110E-1,2.721441100E-1
2.312886067E1,2.185623430E-1,-6.699681222E-2,-2.474296081E-1,3.368671572E-1
2.313888467E1,4.064173751E-1,-1.545214444E-1,-2.246721717E-1,4.894175562E-1
2.314890967E1,5.335644217E-1,-2.316777939E-1,-2.014552903E-1,6.155890076E-1
2.315893367E1,5.830931157E-1,-2.831327069E-1,-1.393801526E-1,6.630147345E-1
2.316895867E1,5.406988288E-1,-2.393394005E-1,-6.648291506E-2,5.950281927E-1
2.317898267E1,4.542590743E-1,-1.390742701E-1,4.279920660E-2,4.769955255E-1
2.318900767E1,3.188043038E-1,-8.120320737E-2,2.332944759E-1,4.033069023E-1
2.319903167E1,1.920306750E-1,-5.018723667E-2,3.993530615E-1,4.459567318E-1
2.320905667E1,2.611476146E-2,-1.313600385E-1,5.572911072E-1,5.731586330E-1
2.321908067E1,-1.898814578E-1,-1.899047005E-1,6.218092847E-1,6.773223382E-1
2.322910567E1,-4.441225605E-1,-1.555523086E-1,6.194903520E-1,7.779522259E-1
2.323912967E1,-7.071995370E-1,-1.107538658E-1,5.732798067E-1,9.170863322E-1
2.324915467E1,-9.377763002E-1,-5.689399302E-2,5.629991591E-1,1.095275933E0
2.325917867E1,-1.110317182E0,1.731945276E-2,6.270904899E-1,1.275282985E0
2.326920367E1,-1.264818819E0,5.591692328E-2,7.296016089E-1,1.461236413E0
2.327922767E1,-1.358462270E0,1.332814336E-1,9.109410156E-1,1.641035409E0
2.328925267E1,-1.330306904E0,2.298821139E-1,1.103229260E0,1.743466961E0
2.329927667E1,-1.237690955E0,3.653913367E-1,1.308527341E0,1.837833923E0
2.330930167E1,-1.164441568E0,5.486641252E-1,1.494867579E0,1.972710208E0
2.331932954E1,-1.106462990E0,7.981835282E-1,1.672331743E0,2.158251781E0
2.332935454E1,-1.118993061E0,1.061319927E0,1.818080610E0,2.384106240E0
2.333937854E1,-1.088780937E0,1.304108015E0,2.005982054E0,2.628707980E0
2.334940354E1,-9.767748897E-1,1.509588529E0,2.046595645E0,2.724243096E0
2.335942754E1,-9.156098711E-1,1.828692137E0,1.911401002E0,2.799269576E0
2.336945254E1,-9.801739492E-1,1.903679754E0,1.596667603E0,2.670970800E0
2.337947654E1,-1.051567575E0,1.436571423E0,3.993623440E-1,1.824560797E0
2.338950154E1,-9.676544027E-1,1.837931907E-1,-1.638299633E0,1.911585903E0
2.339952554E1,-5.123651952E-1,-3.224704349E-1,-1.388197847E0,1.514463118E0
2.340955054E1,-1.223915061E-1,-1.684875190E-2,-2.449271460E-1,2.743225620E-1
2.341957454E1,-9.727522977E-2,9.412760049E-1,3.499234048E-1,1.008914950E0
2.342959954E1,-4.801988944E-1,1.496003108E0,5.776440954E-1,1.674003876E0
2.343962354E1,-7.542100545E-1,1.661952935E0,1.015529212E0,2.088592815E0
2.344964854E1,-9.911428142E-1,2.475438627E0,1.680989423E0,3.152124032E0
2.345967254E1,-1.592044502E0,3.242884512E0,2.389128169E0,4.331147546E0
2.346969754E1,-1.979877453E0,3.326518992E0,2.417933308E0,4.564213493E0
2.347972154E1,-1.579622677E0,2.665188376E0,2.280288974E0,3.846836972E0
2.348974654E1,-9.249366917E-1,1.596862316E0,2.043543691E0,2.753461086E0
2.349977054E1,-8.253402635E-1,6.396836382E-1,1.033062088E0,1.468876777E0
2.350979554E1,-8.601426718E-1,3.138960779E-2,5.479835093E-2,8.624578729E-1
2.351981954E1,-7.012430515E-1,-9.174632192E-2,1.038433340E-1,7.148025202E-1
2.352984454E1,-3.071066565E-1,8.852859914E-2,3.506405658E-1,4.744476975E-1
2.353986854E1,4.369932698E-1,3.981784290E-1,-1.509475678E0,1.621118750E0
2.354989354E1,1.165387063E0,1.833775122E0,-2.734703000E0,3.492772352E0
2.355991754E1,2.126560997E0,3.364518877E0,-1.994581738E0,4.452033833E0
2.356994254E1,3.487237608E0,3.921574926E0,-8.082056558E-1,5.309686659E0
2.357996654E1,5.231771062E0,3.617724364E0,-1.156218483E0,6.464998005E0
2.358999154E1,6.931539695E0,2.957569624E0,-7.549854684E-1,7.573867155E0
2.360001554E1,8.028159848E0,2.383049696E0,-6.694138062E-1,8.401094645E0
2.361004054E1,8.400519896E0,1.952333266E0,-1.727726510E0,8.795759126E0
2.362006454E1,6.755459567E0,1.702479402E0,-2.958847241E0,7.568979262E0
2.363008954E1,2.845505982E0,1.334014184E0,-4.491152787E0,5.481509965E0
2.364011354E1,-2.671414492E-1,1.439868668E0,-4.226718307E0,4.473224115E0
2.365013854E1,-1.157243938E0,1.443962889E0,-3.411693628E0,3.881223488E0
2.366016254E1,-4.021124357E-1,1.198180441E0,-3.163298060E0,3.406432943E0
2.367018754E1,9.424128498E-1,1.334272631E0,-2.422115529E0,2.921484052E0
2.368021154E1,2.460666806E0,1.569335963E0,-1.773721293E0,3.415228209E0
2.369023654E1,3.519798705E0,1.215120410E0,-2.915501246E0,4.729233347E0
2.370026054E1,3.691520904E0,9.154336506E-1,-4.464941474E0,5.865240636E0
2.371028554E1,2.492736445E0,7.141110921E-1,-4.889032423E0,5.534105860E0
2.372030954E1,1.144101883E0,4.701336801E-2,-3.323443356E0,3.515174977E0
2.373033454E1,1.016850098E0,-8.847433698E-1,-2.096671200E0,2.492545902E0
2.374035854E1,8.188838410E-1,-1.719473165E0,-9.877140069E-1,2.145399187E0
2.375038354E1,-1.207319932E-1,-2.649872764E0,-1.896515161E-1,2.659392709E0
2.376040754E1,-9.300728859E-1,-3.600318373E0,-3.005685192E-1,3.730639274E0
2.377043254E1,-1.332036071E0,-4.213434602E0,-9.268322128E-1,4.515126708E0
2.378045654E1,-1.729231145E0,-4.380155677E0,-5.981181210E-1,4.746972656E0
2.379048154E1,-2.137612965E0,-3.891992108E0,5.747637570E-1,4.477426173E0
2.380050554E1,-2.475855533E0,-3.327647504E0,1.557408813E0,4.430419929E0
2.381053054E1,-2.612669270E0,-2.895908981E0,2.298459197E0,4.527167351E0
2.382055454E1,-2.768634392E0,-2.621086922E0,1.603072643E0,4.135852385E0
2.383057954E1,-2.651566118E0,-2.584292148E0,4.662598997E-1,3.731858395E0
2.384060354E1,-2.266343365E0,-2.472013328E0,2.083590978E-1,3.360145184E0
2.385062854E1,-1.688692106E0,-2.246200876E0,3.084722006E-1,2.827057570E0
2.386065254E1,-8.071601737E-1,-2.161256036E0,6.769491130E-1,2.404328451E0
2.387067754E1,-5.696664467E-2,-1.877708761E0,1.091845901E0,2.172823707E0
2.388070154E1,4.789242379E-1,-1.432257932E0,1.288435723E0,1.985144283E0
2.389072654E1,9.825693342E-1,-9.407000542E-1,7.584440964E-1,1.557432675E0
2.390075054E1,1.541198284E0,-2.865527433E-1,-1.595126277E-1,1.575705843E0
2.391077554E1,1.940790278E0,3.243818897E-1,-4.179396790E-1,2.011607339E0
2.392079954E1,1.998961887E0,1.054198018E0,2.283863962E-1,2.271418595E0
2.393082454E1,1.968488684E0,1.830929866E0,9.757067496E-1,2.859939779E0
2.394084854E1,2.176960341E0,2.392611648E0,7.724458390E-1,3.325720884E0
2.395087354E1,2.418366586E0,2.926937816E0,-2.191051108E-1,3.803086769E0
2.396089754E1,2.418677220E0,3.399020957E0,-5.889280522E-1,4.213096155E0
2.397092254E1,2.189457595E0,3.332819366E0,-1.024666071E0,4.117201725E0
2.398094654E1,2.200406214E0,1.953631348E0,-5.018175783E0,5.817263200E0
2.399097154E1,3.376743943E0,-7.143303627E-1,-1.275722356E1,1.321587759E1
2.400099554E1,3.764892350E0,-4.022234159E0,-9.526083182E0,1.100450103E1
2.401102054E1,3.462086102E0,-8.001423454E0,-3.752966954E0,9.491763715E0
2.402104454E1,3.782132573E0,-1.161780237E1,-3.748942900E0,1.278015773E1
2.403106954E1,3.910687410E0,-1.380626083E1,-4.320960220E0,1.498589374E1
2.404109354E1,2.990651416E0,-1.399685433E1,-3.735079737E0,1.479211775E1
2.405111854E1,1.241379963E0,-1.311036498E1,-3.856609144E0,1.372210364E1
2.406114254E1,-3.648091733E-1,-1.200302630E1,-3.096378431E0,1.240134208E1
2.407116754E1,-1.311184462E0,-1.143786484E1,-1.774106917E0,1.164866568E1
2.408119154E1,-2.161621925E0,-1.159907257E1,-9.512189028E-1,1.183705670E1
2.409121654E1,-3.496582335E0,-1.474331923E1,1.987780549E0,1.528210789E1
2.410124054E1,-5.705130066E0,-2.056757170E1,2.529342062E0,2.149351265E1
2.411126554E1,-6.649342543E0,-1.909032412E1,1.372438577E0,2.026173287E1
2.412128954E1,-4.784675412E0,-1.212180196E1,-2.047701792E0,1.319182641E1
2.413131454E1,-2.516172670E0,-6.472091217E0,-4.979646724E0,8.544938334E0
2.414133854E1,-1.278033234E0,-4.535834286E0,-6.504409947E0,8.032092528E0
2.415136354E1,4.128762826E-1,-3.961128416E0,-7.814026040E0,8.770405242E0
2.416138754E1,2.157675201E0,-3.467854965E-1,-7.397567461E0,7.713613082E0
2.417141254E1,2.526788290E0,3.996020506E0,-1.793752685E0,5.056717081E0
2.418143654E1,5.506258661E-1,3.998321970E0,2.305591046E0,4.648173565E0
2.419146154E1,-1.947270893E0,-7.815096080E-2,-2.425847222E0,3.111704717E0
2.420148554E1,-9.148664707E-1,-5.759058352E0,-1.735742692E1,1.831076195E1
2.421151054E1,2.689012856E0,-4.413737991E0,-2.778543785E1,2.826203160E1
2.422153454E1,3.146381188E0,2.087270046E0,-1.268722303E1,1.323714619E1
2.423155954E1,1.890644849E0,7.612269033E0,5.055930669E0,9.331860088E0
2.424158354E1,2.470443935E0,1.061797528E1,1.355775884E1,1.739704909E1
2.425160854E1,3.858451894E0,1.255006840E1,1.491616293E1,1.987168298E1
2.426163254E1,3.875359703E0,1.412212040E1,1.449626736E1,2.060569010E1
2.427165754E1,3.235234015E0,1.411869861E1,1.107439022E1,1.823311570E1
2.428168154E1,2.623164437E0,1.304132457E1,5.625996773E0,1.444330218E1
2.429170654E1,2.100264606E0,1.193838650E1,3.200895656E0,1.253722125E1
2.430173054E1,1.534373999E0,1.112177956E1,2.263906245E0,1.145310245E1
2.431175233E1,1.209012628E0,1.074612285E1,1.515081403E0,1.091953935E1
2.432177633E1,9.083802275E-1,1.083132029E1,4.779327694E-1,1.087984714E1
2.433180133E1,6.719687471E-1,1.103394386E1,2.485277883E-1,1.105717980E1
2.434182533E1,4.413582163E-1,1.118521133E1,7.395781282E-1,1.121832097E1
2.435185033E1,-1.086257717E-1,1.108439480E1,1.331710382E0,1.116463435E1
2.436187433E1,-1.215323381E0,1.028206443E1,2.862649434E0,1.074209578E1
2.437189933E1,-2.710416882E0,9.303806541E0,4.212121317E0,1.056641575E1
2.438192333E1,-3.233644742E0,8.986975161E0,4.430834080E0,1.052874501E1
2.439194833E1,-3.521329506E0,8.741770418E0,3.964891099E0,1.022441553E1
2.440197233E1,-3.876873839E0,8.266759576E0,3.293703833E0,9.706593099E0
2.441199733E1,-3.781130068E0,7.989023264E0,2.298569709E0,9.132626129E0
2.442202133E1,-3.373317767E0,8.193586934E0,2.394122568E0,9.178559935E0
2.443204633E1,-2.741797134E0,9.290252695E0,2.527144386E0,1.001062962E1
2.444207033E1,-2.126082256E0,1.020683649E1,2.312211263E-1,1.042848024E1
2.445209533E1,-1.377793896E0,1.057252955E1,-1.030265292E0,1.071158922E1
2.446211933E1,-8.086496057E-1,1.082595840E1,-1.578476915E0,1.097027250E1
2.447214433E1,-3.306052275E-1,1.098369640E1,-1.790699269E0,1.113361982E1
2.448216833E1,1.092569786E-1,1.106842957E1,-2.072506850E0,1.126132118E1
2.449219333E1,4.761022255E-1,1.110009224E1,-2.523281715E0,1.139322920E1
2.450221733E1,7.979920319E-1,1.118497510E1,-2.815398084E0,1.156144133E1
2.451224233E1,1.213666792E0,1.123204051E1,-2.972902193E0,1.168203187E1
2.452226633E1,1.807097639E0,1.127327507E1,-3.115545019E0,1.183465054E1
2.453229133E1,2.483066905E0,1.115389598E1,-2.847031521E0,1.177627298E1
2.454231533E1,3.128196055E0,1.075633092E1,-1.921779664E0,1.136562812E1
2.455234033E1,3.721610091E0,1.026172548E1,-2.398679888E-1,1.091837571E1
2.456236433E1,3.992107549E0,9.754755507E0,1.582565289E0,1.065817482E1
2.457238933E1,3.903583628E0,9.351524498E0,2.790039879E0,1.051062786E1
2.458241333E1,3.607369238E0,9.213904431E0,3.447110213E0,1.047815425E1
2.459243833E1,3.289700244E0,9.185510352E0,3.927729120E0,1.051773665E1
2.460246233E1,3.076867149E0,9.048816483E0,4.452167062E0,1.054371769E1
2.461248733E1,2.992823072E0,8.836366088E0,4.978622292E0,1.057473572E1
2.462251133E1,2.804524894E0,8.624303949E0,5.527685198E0,1.062070064E1
2.463253633E1,2.465584314E0,8.467078752E0,6.006856334E0,1.067018517E1
2.464256033E1,2.159557712E0,8.197205776E0,5.595229894E0,1.015699117E1
2.465258533E1,1.811491675E0,7.315494187E0,3.727228096E0,8.407745630E0
2.466260933E1,1.342956039E0,6.902960259E0,3.683989105E0,7.938902128E0
2.467263433E1,1.208832022E0,5.851527389E0,1.775160585E0,6.233204854E0
2.468265833E1,-4.705363486E0,-3.595049681E1,-5.268113028E1,6.395217083E1
2.469268333E1,-7.601023083E0,-7.179043446E1,-6.564144635E1,9.757274984E1
2.470270733E1,-9.932054780E0,-6.688658519E1,3.500731753E1,7.614442377E1
2.471273233E1,-1.512297544E1,-3.849506473E1,3.924649743E1,5.701633060E1
2.472275633E1,-7.306097127E0,-6.985280870E0,1.880712827E1,2.135137648E1
2.473278133E1,-4.508333661E0,3.710697432E0,1.353085814E1,1.473697628E1
2.474280533E1,-3.775511771E0,9.066107869E0,1.370132903E1,1.685749739E1
2.475283033E1,-4.440764406E0,1.501648946E1,1.019408722E1,1.868514807E1
2.476285433E1,-5.911263714E0,1.454003026E1,-8.431662167E0,1.781708297E1
2.477287933E1,-2.897823652E0,1.035801275E1,-2.527919259E1,2.747222939E1
2.478290333E1,-4.048556569E-1,2.536753700E0,-1.850829695E1,1.868571871E1
2.479292833E1,-1.222681517E0,-1.730370036E0,-3.450950080E0,4.049467497E0
2.480295233E1,-3.058993088E0,-4.559489781E0,2.693283955E0,6.115567369E0
2.481297733E1,-4.990088097E0,-1.321671648E1,2.314012498E0,1.431562879E1
2.482300133E1,-5.166369370E0,-2.074044814E1,-2.497841064E0,2.151968335E1
2.483302633E1,-3.126050419E0,-1.912172367E1,-1.642053106E0,1.944502111E1
2.484305033E1,-4.422344946E-1,-8.874153135E0,1.518240654E0,9.013945856E0
2.485307433E1,1.785415871E-1,-1.638352988E0,1.112845884E0,1.988593366E0
2.486309933E1,-4.371567725E-1,2.192678388E0,-2.137645563E-1,2.246027569E0
2.487312433E1,-1.123849174E0,4.081202159E0,-6.374973643E-1,4.280846986E0
2.488314833E1,-1.575957935E0,4.620787312E0,-7.678490505E-1,4.942156509E0
2.489317233E1,-1.566200394E0,4.368086439E0,-2.066347539E-1,4.644982318E0
2.490319733E1,-1.295407943E0,3.246271804E0,4.426155138E-1,3.523105286E0
2.491322133E1,-1.132972877E0,1.392886875E0,4.160703242E-1,1.843061557E0
2.492324633E1,-4.802097483E-1,5.447739726E-1,6.971497813E-1,1.006676662E0
2.493327033E1,9.092098743E-2,5.636727583E-1,1.226696727E0,1.353062624E0
2.494329533E1,7.766771767E-1,1.131695845E0,1.561520867E0,2.079016676E0
2.495331933E1,1.602415124E0,1.924764814E0,1.450407397E0,2.894155393E0
2.496334433E1,2.226480703E0,2.670071386E0,9.124638498E-1,3.594313259E0
2.497336833E1,2.583770576E0,3.510046134E0,9.065172315E-2,4.359416473E0
2.498339333E1,2.718017970E0,4.217536424E0,-1.077792557E0,5.131946216E0
2.499341733E1,2.415314924E0,4.516101102E0,-2.040693027E0,5.513015815E0
2.500344233E1,1.656821858E0,4.387645376E0,-2.192059021E0,5.177027464E0
2.501346633E1,8.410671540E-1,3.967807106E0,-1.733697979E0,4.410963145E0
2.502349133E1,3.497171442E-1,3.485277328E0,-1.235784616E0,3.714380669E0
2.503351533E1,1.612679619E-1,3.024212680E0,-1.084478409E0,3.216825004E0
2.504354033E1,1.507116911E-1,2.313812231E0,-7.550989044E-1,2.438568311E0
2.505356433E1,2.895131886E-1,1.602549902E0,-2.579908490E-1,1.648800580E0
2.506358933E1,3.967261268E-1,9.458958900E-1,1.602827060E-1,1.038172048E0
2.507361333E1,3.807481715E-1,1.043505800E-1,4.882556632E-1,6.278947414E-1
2.508363833E1,5.072523898E-1,-7.507058913E-1,8.710844202E-1,1.256842229E0
2.509366233E1,6.551391448E-1,-1.347553997E0,1.043942148E0,1.826177506E0
2.510368733E1,7.175371219E-1,-1.547622913E0,6.862375613E-1,1.838727329E0
2.511371133E1,7.153656122E-1,-1.362304768E0,-9.562317207E-2,1.541676370E0
2.512373633E1,6.362368508E-1,-1.029915116E0,-1.094458291E0,1.631980829E0
2.513376033E1,4.584379332E-1,-5.838269413E-1,-2.163679268E0,2.287471794E0
2.514378533E1,5.015463844E-2,-5.458434284E-2,-3.014444321E0,3.015355618E0
2.515380933E1,-3.674131577E-1,3.789615548E-1,-3.380301096E0,3.421262894E0
2.516383433E1,-6.613329542E-1,6.436731935E-1,-3.176249642E0,3.307603097E0
2.517385833E1,-8.326182197E-1,6.742839521E-1,-2.590035868E0,2.802890962E0
2.518388333E1,-8.204573268E-1,6.350538129E-1,-1.882132326E0,2.149154639E0
2.519390733E1,-6.805793568E-1,6.760427946E-1,-1.194031988E0,1.531644381E0
2.520393233E1,-4.069094914E-1,6.540736359E-1,-5.730740578E-1,9.601049584E-1
2.521395633E1,-7.417923957E-2,5.390185583E-1,-1.209180808E-1,5.573730779E-1
2.522398133E1,3.039467481E-1,3.693206656E-1,1.730226195E-1,5.086434965E-1
2.523400533E1,6.277724214E-1,3.078985888E-1,3.016473305E-1,7.615056573E-1
2.524403033E1,8.456933248E-1,3.025939947E-1,2.109100918E-1,9.226285234E-1
2.525405433E1,9.359047526E-1,2.076521695E-1,-1.337655830E-1,9.679516314E-1
2.526407933E1,9.201178551E-1,8.289597631E-3,-4.171390490E-1,1.010292320E0
2.527410333E1,6.985664155E-1,-1.801474518E-1,-5.433723950E-1,9.031620568E-1
2.528412833E1,5.023544696E-1,-3.080716664E-1,-5.415808082E-1,8.003611288E-1
2.529415233E1,3.853063685E-1,-2.607419640E-1,-5.599258626E-1,7.279864978E-1
2.530417733E1,1.579759794E-1,-1.634635913E-1,-5.441443737E-1,5.897201499E-1
2.531420142E1,-1.498139973E-1,-8.781991661E-2,-5.177826405E-1,5.461276722E-1
2.532422642E1,-3.907442790E-1,5.765530050E-2,-6.867355978E-1,7.922190395E-1
2.533425042E1,-6.029439743E-1,1.391795200E-1,-8.551412559E-1,1.055546750E0
2.534427542E1,-7.556419645E-1,1.442665976E-1,-8.969745755E-1,1.181681437E0
2.535429942E1,-8.692353845E-1,1.964003724E-1,-7.778211113E-1,1.182856264E0
2.536432442E1,-9.819606391E-1,2.680100530E-1,-5.654035342E-1,1.164369890E0
2.537434842E1,-1.036696863E0,3.519298768E-1,-3.839166315E-1,1.160166800E0
2.538437342E1,-9.535020943E-1,4.611558652E-1,-1.764492340E-1,1.073762221E0
2.539439742E1,-8.055564286E-1,5.504065955E-1,5.628880620E-2,9.772599499E-1
2.540442242E1,-7.774938865E-1,5.712220985E-1,1.906964135E-1,9.834411784E-1
2.541444642E1,-8.401273602E-1,4.926934075E-1,2.549326091E-1,1.006752904E0
2.542447142E1,-9.130756147E-1,3.346630490E-1,2.058218448E-1,9.940166328E-1
2.543449542E1,-9.446185657E-1,1.626332867E-1,-8.065649271E-3,9.585504032E-1
2.544452042E1,-9.710640603E-1,-9.826245904E-3,-3.359763336E-1,1.027590415E0
2.545454442E1,-9.307321595E-1,-1.461043775E-1,-6.306606536E-1,1.133729113E0
2.546456942E1,-7.415126064E-1,-2.032515550E-1,-7.421543384E-1,1.068618361E0
2.547459342E1,-3.741691768E-1,-1.191984147E-1,-7.821586490E-1,8.752045401E-1
2.548461842E1,1.258651176E-1,-1.321002960E-2,-6.995994723E-1,7.109542561E-1
2.549464242E1,4.989110443E-1,4.462653458E-2,-4.414870012E-1,6.676934401E-1
2.550466742E1,6.065632546E-1,4.148073256E-2,-1.916121606E-1,6.374596874E-1
2.551469142E1,5.857810807E-1,-5.717115104E-2,-4.491706811E-2,5.902758322E-1
2.552471642E1,5.402555367E-1,-1.983235216E-1,5.330555677E-2,5.779703683E-1
2.553474042E1,4.513879453E-1,-3.255682898E-1,1.295169961E-1,5.714196713E-1
2.554476542E1,3.426148237E-1,-3.533519197E-1,2.131052828E-1,5.363360496E-1
2.555478942E1,1.759223999E-1,-2.577119368E-1,2.277292422E-1,3.862961829E-1
2.556481442E1,-9.841594845E-2,-9.181531906E-2,1.847861210E-1,2.286080975E-1
2.557483842E1,-4.658200429E-1,6.608055353E-2,1.285568833E-1,4.877313033E-1
2.558486342E1,-6.883095221E-1,2.351691663E-1,3.403788485E-2,7.281710737E-1
2.559488742E1,-7.561629514E-1,3.792118156E-1,-2.286254011E-2,8.462308822E-1
2.560491242E1,-7.841145426E-1,4.533667892E-1,-1.621944532E-3,9.057481395E-1
2.561493642E1,-6.815346457E-1,4.473055655E-1,4.908394016E-2,8.166890322E-1
2.562496142E1,-4.839048962E-1,3.284322560E-1,7.974900484E-2,5.902470662E-1
2.563498542E1,-3.186757381E-1,1.478199506E-1,9.436360873E-2,3.637436659E-1
2.564501042E1,-2.130080728E-1,-3.489267468E-2,5.492874384E-2,2.227265245E-1
2.565503442E1,-6.624778390E-2,-1.813560712E-1,1.401226759E-2,1.935849609E-1
2.566505942E1,1.179349776E-1,-2.350487137E-1,3.061733678E-2,2.647526734E-1
2.567508342E1,3.542737332E-1,-1.722958106E-1,7.791999578E-2,4.015809384E-1
2.568510842E1,6.547405109E-1,-1.565475047E-2,1.853590020E-1,6.806527510E-1
2.569513242E1,8.962926440E-1,1.131173104E-1,3.356102248E-1,9.637272709E-1
2.570515742E1,9.957320014E-1,1.312764233E-1,4.346047553E-1,1.094347756E0
2.571518142E1,9.674528199E-1,3.877230227E-2,4.392030057E-1,1.063187439E0
2.572520642E1,8.076223961E-1,-7.726510763E-2,4.312485266E-1,9.188030927E-1
2.573523042E1,6.817547934E-1,-1.583320749E-1,3.649832376E-1,7.893487239E-1
2.574525542E1,6.553189467E-1,-1.922424173E-1,2.479535186E-1,7.265542074E-1
2.575527942E1,7.192855856E-1,-2.155067343E-1,2.098495897E-1,7.796484826E-1
2.576530442E1,8.457162751E-1,-2.590708297E-1,1.313506830E-1,8.942073108E-1
2.577532842E1,1.008577165E0,-3.310062003E-1,6.197463870E-2,1.063312681E0
2.578535342E1,1.195477858E0,-4.860293359E-1,2.440627813E-3,1.290502918E0
2.579537742E1,1.416676857E0,-6.257555705E-1,2.168147564E-3,1.548724653E0
2.580540242E1,1.523142375E0,-6.926062024E-1,-3.081840791E-2,1.673504054E0
2.581542642E1,1.580546391E0,-7.311873007E-1,-4.632632017E-2,1.742098703E0
2.582545142E1,1.733123490E0,-6.133910483E-1,-6.753183246E-2,1.839708172E0
2.583547542E1,1.771807353E0,-4.346709019E-1,-7.598332487E-2,1.825928135E0
2.584550042E1,1.641486073E0,-3.481537449E-1,-1.543992376E-1,1.685089517E0
2.585552442E1,1.470320675E0,-4.001746684E-1,-2.616079366E-1,1.546098757E0
2.586554942E1,1.288155788E0,-5.378789359E-1,-3.408470643E-1,1.436953654E0
2.587557342E1,1.071446427E0,-6.467640316E-1,-2.949568367E-1,1.285807410E0
2.588559842E1,8.429730539E-1,-5.477437735E-1,-1.702791059E-1,1.019618451E0
2.589562242E1,5.791522385E-1,-2.500105691E-1,-2.707026958E-2,6.313916372E-1
2.590564742E1,3.284093057E-1,1.992888969E-1,-6.468263045E-3,3.842012167E-1
2.591567142E1,6.781776130E-2,5.908219653E-1,-1.384936416E-1,6.106147167E-1
2.592569642E1,-2.259182864E-1,8.746440589E-1,-2.840507197E-1,9.469562363E-1
2.593572042E1,-4.675490646E-1,9.704781693E-1,-3.816349749E-1,1.142836497E0
2.594574542E1,-5.818824497E-1,8.544968927E-1,-4.508822342E-1,1.127850573E0
2.595576942E1,-5.770039715E-1,6.807597435E-1,-4.677666541E-1,1.007557966E0
2.596579342E1,-5.780240183E-1,5.988537008E-1,-1.896521008E-1,8.536424544E-1
2.597581842E1,-4.714289846E-1,6.610850322E-1,3.494904915E-1,8.839809449E-1
2.598584242E1,-2.164379033E-1,6.630625606E-1,2.088883439E-1,7.281014115E-1
2.599586742E1,1.459122965E-1,5.944127405E-1,-2.657944699E-1,6.672807539E-1
2.600589142E1,5.419478671E-1,4.132700926E-1,-6.723837532E-2,6.848508299E-1
2.601591642E1,6.964791057E-1,7.420759857E-2,3.245812798E-1,7.719733930E-1
2.602594042E1,7.134440710E-1,-4.109160036E-1,4.017329514E-1,9.161024881E-1
2.603596542E1,7.288927071E-1,-8.658972090E-1,9.415172026E-2,1.135749577E0
2.604598942E1,6.877902894E-1,-1.088970240E0,-2.141238678E-1,1.305664849E0
2.605601442E1,6.027393217E-1,-1.047074940E0,-3.143207319E-2,1.208572958E0
2.606603842E1,3.914471143E-1,-7.979619187E-1,4.268958592E-1,9.860091996E-1
2.607606342E1,-1.742207140E-2,-4.261860073E-1,7.844437408E-1,8.929109832E-1
2.608608742E1,-5.142126229E-1,-1.232768476E-2,9.436774564E-1,1.074752872E0
2.609611242E1,-9.279740278E-1,4.825917578E-1,9.754651134E-1,1.430231725E0
2.610613642E1,-1.189307584E0,8.662334239E-1,8.896797355E-1,1.719401903E0
2.611616142E1,-1.311628704E0,1.228467264E0,7.342537268E-1,1.941296013E0
2.612618542E1,-1.397086930E0,1.559208001E0,6.187010510E-1,2.183064926E0
2.613621042E1,-1.294482329E0,1.706281847E0,7.339249671E-1,2.264007089E0
2.614623442E1,-9.786316730E-1,1.735326721E0,9.605463812E-1,2.211725148E0
2.615625942E1,-5.269304632E-1,1.677711182E0,6.259336182E-1,1.866591390E0
2.616628342E1,-2.244903964E-1,1.787965111E0,-2.791764808E-1,1.823500667E0
2.617630842E1,-1.205522644E-1,2.008558922E0,-5.192067298E-1,2.078080225E0
2.618633242E1,-8.109744586E-1,2.696872684E0,-4.429382801E-1,2.850788692E0
2.619635742E1,-2.086106597E0,3.528104675E0,2.583945993E-1,4.106839551E0
2.620638142E1,-3.796107126E0,3.998305598E0,1.363316336E-1,5.515021603E0
2.621640642E1,-5.684258430E0,3.785451161E0,-2.193704574E0,7.173058911E0
2.622643042E1,-6.406673153E0,2.950783930E0,-5.074586796E0,8.689304796E0
2.623645542E1,-5.500400335E0,2.444392835E0,-6.887379184E0,9.146882103E0
2.624647942E1,-2.485803694E0,2.206004777E0,-4.053038168E0,5.241449749E0
2.625650442E1,9.573685656E-1,2.003283564E0,6.367670470E-1,2.309799100E0
2.626652842E1,3.231709021E0,1.453958119E0,2.422389763E0,4.292541156E0
2.627655342E1,4.756356469E0,4.613020456E-1,2.238923432E0,5.277168234E0
2.628657742E1,6.102575839E0,-1.069590229E-1,4.742577213E-1,6.121910853E0
2.629660242E1,7.413228643E0,8.940626621E-2,-4.796184486E-1,7.429265526E0
2.630662642E1,7.864523764E0,2.867685056E-1,7.854570633E-1,7.908850296E0
2.631665129E1,7.915510899E0,2.980495387E-1,2.607116754E0,8.339136892E0
2.632667529E1,7.866685479E0,5.002228671E-1,2.387735655E0,8.236276155E0
2.633670029E1,6.373561540E0,8.170331973E-1,5.170137316E-1,6.446482231E0
2.634672429E1,2.123426451E0,6.111018634E-1,-6.509997547E-1,2.303516021E0
2.635674929E1,-1.294715487E0,2.419303018E-1,-1.744322662E0,2.185744727E0
2.636677329E1,-2.627705677E0,-7.348342091E-1,-2.684464307E0,3.827684295E0
2.637679829E1,-2.828966840E0,-1.853935736E0,-1.128614947E0,3.565656012E0
2.638682229E1,-3.073754969E0,-2.610414584E0,1.680550005E0,4.368807872E0
2.639684729E1,-2.894892443E0,-2.748955003E0,3.266341787E0,5.158114436E0
2.640687129E1,-2.442554032E0,-2.455672114E0,2.851686489E0,4.486480978E0
2.641689629E1,-2.269119477E0,-1.714708269E0,1.280378260E0,3.119053724E0
2.642692029E1,-3.058328552E0,-8.781833786E-1,-3.944952679E-1,3.206276048E0
2.643694529E1,-3.729547394E0,-1.875950503E-1,-2.208961129E0,4.338689311E0
2.644696929E1,-2.963655991E0,5.108156830E-1,-3.629867862E0,4.713823309E0
2.645699429E1,-1.179901899E0,6.882038337E-1,-3.100569715E0,3.388115341E0
2.646701829E1,8.337872243E-1,1.134201962E-1,-1.502272493E0,1.721884990E0
2.647704329E1,2.539638716E0,-1.293020525E0,-1.428053784E0,3.187633056E0
2.648706729E1,3.216966436E0,-2.278203857E0,-2.068123339E0,4.451541307E0
2.649709229E1,2.481420913E0,-2.233896580E0,-1.695079751E0,3.744467792E0
2.650711629E1,2.110217444E0,-1.530084189E0,-2.085661477E0,3.338286849E0
2.651714129E1,2.200193229E0,-7.039363521E-1,-4.734180611E0,5.267717029E0
2.652716529E1,1.691445414E0,-2.752272713E-1,-8.057487143E0,8.237708219E0
2.653719029E1,1.085207849E0,1.947783548E-1,-7.343664903E0,7.425969896E0
2.654721429E1,1.414287100E0,3.581331879E-1,-7.287907024E0,7.432499995E0
2.655723929E1,2.716963132E0,-6.587747973E-1,-9.198354346E0,9.613823150E0
2.656726329E1,2.776518485E0,-1.986354121E0,-7.033370710E0,7.818117493E0
2.657728829E1,1.942311285E0,-3.990803035E0,-4.083037015E0,6.030777169E0
2.658731229E1,2.001290102E0,-6.462721639E0,-4.476064632E0,8.112156781E0
2.659733729E1,1.787083643E0,-9.271377298E0,-5.113502939E0,1.073778456E1
2.660736129E1,1.557330021E0,-1.198732301E1,-6.037305125E0,1.351185565E1
2.661738629E1,8.381558984E-1,-1.427080340E1,-4.734222127E0,1.505892407E1
2.662741029E1,4.927138728E-1,-1.574165179E1,-2.024216889E0,1.587891123E1
2.663743529E1,4.832837027E-2,-1.611193139E1,1.858847398E-1,1.611307612E1
2.664745929E1,-8.251374382E-1,-1.493330580E1,7.842151147E-1,1.497663070E1
2.665748429E1,-1.378001034E0,-1.276874608E1,1.388156185E0,1.291769101E1
2.666750829E1,-2.497795456E0,-1.246438565E1,4.773300823E0,1.357881778E1
2.667753329E1,-4.313854684E0,-1.560949769E1,6.515564096E0,1.745618332E1
2.668755729E1,-4.065128163E0,-1.373928214E1,3.078928000E0,1.465513352E1
2.669758229E1,-2.525887527E0,-8.005973173E0,1.008224870E0,8.455307897E0
2.670760629E1,-1.794877543E0,-5.763896338E0,-1.746212482E-1,6.039418761E0
2.671763129E1,-9.528996849E-1,-4.657803696E0,-1.849181950E0,5.101237787E0
2.672765529E1,1.347095575E0,-2.156663632E0,-4.497587063E0,5.166638550E0
2.673768029E1,2.706274422E0,1.152188582E0,-3.100279108E0,4.273545404E0
2.674770429E1,1.794948002E0,2.715626459E0,-2.765058820E0,4.271067275E0
2.675772929E1,9.969955847E-2,-2.922913762E0,-1.738842535E1,1.763266007E1
2.676775329E1,-1.874641019E0,-7.585812137E0,-3.012482931E1,3.112176354E1
2.677777829E1,-4.849358481E0,-3.538206325E0,-2.596508502E1,2.664996851E1
2.678780229E1,-6.006237699E0,1.029428628E0,-4.245200186E0,7.426731395E0
2.679782729E1,-5.855064955E0,5.442242174E0,5.263334332E0,9.570918127E0
2.680785129E1,-3.178380952E0,9.754659027E0,8.855190030E0,1.355248570E1
2.681787629E1,8.951780185E-2,1.222070176E1,9.182805430E0,1.528651303E1
2.682790029E1,2.645645812E0,1.358234755E1,9.136517701E0,1.658178405E1
2.683792529E1,3.800952714E0,1.335835592E1,9.708713361E0,1.694556076E1
2.684794929E1,4.134158052E0,1.276813914E1,9.580724827E0,1.648960061E1
2.685797429E1,4.513540606E0,1.226868518E1,8.026001641E0,1.533979750E1
2.686799829E1,4.076559177E0,1.154355911E1,5.301145352E0,1.334069839E1
2.687802329E1,3.541631039E0,1.066248311E1,2.993849258E0,1.162733116E1
2.688804729E1,2.997831212E0,9.952456884E0,2.029838694E0,1.059049740E1
2.689807229E1,2.815332595E0,9.665986587E0,2.043268725E0,1.027289353E1
2.690809629E1,2.731754249E0,9.803502574E0,2.149035355E0,1.040141803E1
2.691812129E1,2.887773750E0,9.453550225E0,2.051473538E0,1.009541444E1
2.692814529E1,2.839429556E0,9.107067030E0,1.485157692E0,9.654362924E0
2.693817029E1,2.171821077E0,9.272665440E0,6.500172763E-1,9.545766266E0
2.694819429E1,1.267995465E0,9.534490893E0,1.079396009E-3,9.618436996E0
2.695821929E1,3.529644320E-1,9.698284267E0,3.163098816E-1,9.709858576E0
2.696824329E1,-3.736848812E-1,9.811183476E0,8.362721448E-1,9.853847609E0
2.697826829E1,-9.529548680E-1,9.953570194E0,1.121252718E0,1.006175384E1
2.698829229E1,-1.623032991E0,1.008039747E1,5.944256043E-1,1.022751148E1
2.699831729E1,-3.197556311E0,1.007310132E1,-3.057154723E0,1.100172402E1
2.700834129E1,-4.173471807E0,1.027913381E1,-2.387307054E0,1.134802598E1
2.701836529E1,-4.133828854E0,1.068909379E1,-6.565629418E-1,1.147938770E1
2.702839029E1,-4.245772043E0,1.095097070E1,-1.846666186E-1,1.174667788E1
2.703841429E1,-3.771176645E0,1.070945146E1,1.077160107E0,1.140501634E1
2.704843929E1,-2.558852667E0,1.045579456E1,2.440816094E0,1.103761524E1
2.705846329E1,-1.763477702E0,1.020528347E1,3.099509615E0,1.081039427E1
2.706848829E1,-1.184078492E0,1.011530418E1,3.296754910E0,1.070467251E1
2.707851229E1,-7.610035689E-1,1.012774355E1,3.045891817E0,1.060319634E1
2.708853729E1,-2.542811196E-1,1.027626867E1,2.336677183E0,1.054165153E1
2.709856129E1,1.892044599E-1,1.047116806E1,1.537068104E0,1.058507143E1
2.710858629E1,4.473433897E-1,1.053509801E1,9.199365914E-1,1.058464404E1
2.711861029E1,6.362619938E-1,1.050216064E1,3.421802294E-1,1.052697938E1
2.712863529E1,9.990425487E-1,1.059771584E1,-9.984505181E-1,1.069142509E1
2.713865929E1,1.315516372E0,1.071569745E1,-2.263389205E0,1.103085155E1
2.714868429E1,1.471770785E0,1.093735253E1,-1.990999149E0,1.121409235E1
2.715870829E1,1.376494791E0,1.127156769E1,-1.119913706E0,1.141039801E1
2.716873329E1,8.581818080E-1,1.127940062E1,1.437260225E-2,1.131200958E1
2.717875729E1,-2.507936575E-2,1.040264103E1,1.256646312E0,1.047829802E1
2.718878229E1,-4.399490373E-1,9.246949970E0,3.203201798E0,9.795924697E0
2.719880629E1,-2.945679604E-1,8.276133247E0,5.022519679E0,9.685393938E0
2.720883129E1,-2.603989517E-1,7.798451981E0,5.340759069E0,9.455546962E0
2.721885529E1,-4.819621588E-1,7.500002493E0,3.937448362E0,8.484446035E0
2.722888029E1,-8.535934979E-1,2.701172726E0,-3.324579470E0,4.367812337E0
2.723890429E1,-2.264187058E0,-1.746882573E1,-5.008591144E1,5.309317225E1
2.724892929E1,4.231195812E-1,-4.397544478E1,-7.409150561E1,8.616014146E1
2.725895329E1,-6.860569115E0,-7.019327452E1,4.348576912E0,7.066168210E1
2.726897829E1,-1.753465720E1,-6.687820730E1,5.831314033E1,9.044656516E1
2.727900229E1,-1.845243967E1,-3.741207385E1,3.736322153E1,5.600148322E1
2.728902729E1,-8.014986071E0,-8.206346728E0,1.478968532E1,1.871680849E1
2.729905129E1,-3.643346571E0,7.349075332E0,-3.914487516E0,9.088789522E0
2.730907629E1,-1.311751788E0,1.270479041E1,-1.552552817E1,2.010408956E1
2.731909954E1,-2.709307738E-1,1.258828113E1,-2.658869992E1,2.941933359E1
2.732912454E1,-4.845565319E-1,7.886317506E0,-1.535176412E1,1.726573081E1
2.733914854E1,-2.874660784E0,3.433800781E-1,-2.291005166E0,3.691922151E0
2.734917354E1,-3.664529572E0,-5.365187566E0,2.196359795E0,6.858426274E0
2.735919754E1,-1.412509400E0,-1.032511163E1,-5.374736069E0,1.172565140E1
2.736922254E1,-7.113928677E-1,-1.855146344E1,-8.111976761E0,2.025998624E1
2.737924654E1,4.641425499E-1,-2.043195840E1,-1.200352097E0,2.047244972E1
2.738927154E1,1.186430096E0,-1.351043849E1,1.901796951E0,1.369512308E1
2.739929554E1,3.833155012E-1,-4.161698438E0,1.289257842E0,4.373654129E0
2.740932054E1,-1.816969456E-1,-1.354981130E-1,-1.014479637E0,1.039491439E0
2.741934454E1,-2.898323369E-1,1.207480438E0,-1.550260592E0,1.986282883E0
2.742936954E1,-1.920763856E0,8.494612706E-1,-1.845568956E0,2.795897532E0
2.743939354E1,-3.277624867E0,-3.132569772E-1,-1.053304856E0,3.456935901E0
2.744941854E1,-3.947997324E0,-1.742196615E0,7.413751969E-1,4.378535040E0
2.745944254E1,-4.286216065E0,-2.374065449E0,1.925348366E0,5.264484898E0
2.746946754E1,-4.230125479E0,-2.379372967E0,2.493250708E0,5.456342766E0
2.747949154E1,-3.416932441E0,-1.544996928E0,2.635888271E0,4.583704810E0
2.748951654E1,-2.269159091E0,-4.686274374E-1,1.731403824E0,2.892482301E0
2.749954054E1,-9.635033181E-1,4.607132310E-1,3.867465377E-1,1.135855717E0
2.750956554E1,4.268493739E-1,1.384390871E0,-6.883678481E-1,1.603929165E0
2.751958954E1,1.532027511E0,2.422271065E0,-1.205929756E0,3.109464903E0
2.752961454E1,2.073335254E0,3.334722635E0,-1.059032496E0,4.067019051E0
2.753963854E1,2.226968215E0,4.050704252E0,-3.106660759E-1,4.632937057E0
2.754966354E1,2.315344201E0,4.730992709E0,4.361932245E-1,5.285203432E0
2.755968754E1,2.365112777E0,5.262613955E0,7.937060228E-1,5.823987752E0
2.756971254E1,2.307955660E0,5.372360930E0,1.117906941E0,5.953035967E0
2.757973654E1,2.241081347E0,5.412462305E0,1.245134168E0,5.988952571E0
2.758976154E1,2.251881739E0,5.520073292E0,1.055719318E0,6.054479647E0
2.759978554E1,2.119599594E0,5.219224691E0,7.447221431E-1,5.682219627E0
2.760981054E1,1.901405480E0,4.717573934E0,4.611161772E-1,5.107198327E0
2.761983454E1,1.572747813E0,3.937536655E0,9.680504054E-3,4.240026451E0
2.762985954E1,1.131282593E0,2.815709156E0,-5.749461170E-1,3.088459388E0
2.763988354E1,6.190264486E-1,1.155008109E0,-1.417964998E0,1.930767260E0
2.764990854E1,1.931716861E-1,-3.909729052E-1,-2.045655413E0,2.091621663E0
2.765993254E1,1.654973991E-2,-1.265321680E0,-2.101164200E0,2.452795108E0
2.766995754E1,3.353587946E-1,-1.504324281E0,-1.579417148E0,2.206811181E0
2.767998154E1,7.885059477E-1,-1.262025020E0,-1.205746154E0,1.915273497E0
2.769000654E1,9.706138978E-1,-9.140233022E-1,-1.277244737E0,1.846316347E0
2.770003054E1,8.432124974E-1,-6.259257245E-1,-1.264801862E0,1.643932504E0
2.771005554E1,7.631302013E-1,-3.510387611E-1,-1.026076419E0,1.326057591E0
2.772007954E1,9.313541570E-1,-1.952677667E-2,-7.579453290E-1,1.200950866E0
2.773010454E1,1.156547754E0,1.991421318E-1,-3.996805422E-1,1.239759990E0
2.774012854E1,1.507593020E0,3.345420116E-1,9.842150331E-2,1.547398418E0
2.775015354E1,1.773312280E0,5.363732779E-1,4.247954663E-1,1.900732471E0
2.776017754E1,1.808843617E0,5.590674913E-1,5.207039825E-1,1.963569283E0
2.777020254E1,1.851804134E0,3.224593252E-1,4.697256175E-1,1.937472767E0
2.778022654E1,1.804171984E0,-8.457705081E-2,3.789908639E-1,1.845487443E0
2.779025154E1,1.572000247E0,-5.996875137E-1,3.581701715E-1,1.720202245E0
2.780027554E1,1.302336455E0,-9.718452483E-1,-2.545285664E-2,1.625180383E0
2.781029954E1,1.079903255E0,-1.135971914E0,-4.293983214E-1,1.625117272E0
2.782032454E1,8.083117828E-1,-1.161850521E0,-5.327116784E-1,1.512298351E0
2.783034854E1,5.391534828E-1,-9.347668844E-1,-4.403572460E-1,1.165499940E0
2.784037354E1,3.159974210E-1,-5.156706262E-1,-4.807135590E-1,7.725646190E-1
2.785039754E1,1.963287440E-1,-1.825734615E-1,-4.495702652E-1,5.234419432E-1
2.786042254E1,1.469077849E-1,-2.198611557E-2,-1.733090600E-1,2.282571287E-1
2.787044654E1,1.017868683E-1,1.751866740E-1,9.250529051E-2,2.227289071E-1
2.788047154E1,1.295881860E-1,3.821132040E-1,2.957170844E-1,5.002521291E-1
2.789049554E1,2.412941247E-2,3.696428472E-1,3.779055476E-1,5.291792380E-1
2.790052054E1,-3.354635328E-2,3.809683192E-1,2.354520254E-1,4.491100915E-1
2.791054454E1,-1.294732882E-1,4.041349876E-1,6.777851187E-2,4.297468409E-1
2.792056954E1,-1.797475022E-1,4.071082968E-1,-8.408303417E-2,4.528976556E-1
2.793059354E1,-1.022834431E-1,3.859805524E-1,-2.354955141E-1,4.635741869E-1
2.794061854E1,1.916044861E-2,2.936378145E-1,-2.312281064E-1,3.742415345E-1
2.795064254E1,1.729072832E-1,1.678232753E-1,-5.219224691E-2,2.465473807E-1
2.796066754E1,2.615073645E-1,1.815034211E-2,6.148935635E-2,2.692516993E-1
2.797069154E1,2.555434969E-1,-1.706147361E-1,1.335960503E-1,3.350518940E-1
2.798071654E1,3.972232863E-1,-4.804902685E-1,-2.232934713E-2,6.238235624E-1
2.799074054E1,5.542932397E-1,-1.035453014E0,-3.580705496E-1,1.227851155E0
2.800076554E1,-5.505586231E-1,-1.553540879E0,-5.686042635E-1,1.743535165E0
2.801078954E1,-1.564513911E0,-1.175278067E0,4.434892340E-1,2.006405994E0
2.802081454E1,-9.674906807E-1,-1.034991084E0,1.245972220E-1,1.422240918E0
2.803083854E1,-1.394831367E-1,4.458186185E-1,7.085633270E-1,8.486882669E-1
2.804086354E1,1.700226324E0,2.899664063E0,1.668073801E0,3.752504688E0
2.805088754E1,2.370802557E0,3.166632727E0,9.820924938E-1,4.075876992E0
2.806091254E1,1.498027414E0,7.776697415E-1,-7.504304143E-1,1.847160569E0
2.807093654E1,1.427123492E0,-8.853351080E-1,-8.162794181E-1,1.867300673E0
2.808096154E1,1.443507975E-1,-2.601370111E0,-6.435281825E-1,2.683671389E0
2.809098554E1,-5.275916371E-1,-2.824838998E0,6.486398184E-1,2.945980637E0
2.810101054E1,-2.590788697E-1,-1.786493366E0,1.511398827E0,2.354359111E0
2.811103454E1,1.382468891E-1,-1.137049556E-2,1.635003119E0,1.640876805E0
2.812105954E1,6.365824212E-1,1.696868414E0,1.428225693E0,2.307472258E0
2.813108354E1,7.127558537E-1,1.642973458E0,7.678294623E-1,1.948575063E0
2.814110854E1,6.714500991E-1,7.515718639E-2,3.602271489E-1,7.656744981E-1
2.815113254E1,-5.558284262E-1,-1.367037504E0,2.597228674E-1,1.498396725E0
2.816115754E1,-3.534270564E-1,-1.398014299E0,7.496376780E-1,1.625211159E0
2.817118154E1,5.177338162E-1,-3.138721043E-1,1.279073746E0,1.415130259E0
2.818120654E1,5.569645402E-1,-5.023483300E-1,9.795349216E-1,1.233714718E0
2.819123054E1,-1.160260078E-1,-3.199140322E-1,7.250371993E-1,8.009281883E-1
2.820125554E1,4.742164984E-2,5.784293765E-1,4.069778308E-1,7.088443490E-1
2.821127954E1,6.026859659E-1,1.127297570E0,2.515986729E-1,1.302816977E0
2.822130454E1,8.090996951E-1,1.286613731E0,4.262585858E-1,1.578516262E0
2.823132854E1,7.054004949E-1,1.142961091E0,6.087314387E-1,1.474619910E0
2.824135354E1,5.527636081E-1,9.880940759E-1,3.570252136E-1,1.187158167E0
2.825137754E1,3.670811820E-1,4.945124763E-1,-2.076849139E-1,6.499416950E-1
2.826140254E1,-7.025400370E-2,-1.119396812E-1,-5.791854946E-1,5.940723478E-1
2.827142654E1,-3.613573426E-1,-6.960151291E-1,-7.545774058E-1,1.088302922E0
2.828145154E1,-2.841004211E-1,-1.018758629E0,-5.592371336E-1,1.196381363E0
2.829147554E1,-1.134713593E-1,-8.656182969E-1,-3.093095219E-1,9.261982323E-1
2.830150054E1,4.334248602E-2,-4.014709961E-1,-5.104818801E-1,6.508834625E-1
2.831152454E1,4.831700474E-3,2.703577101E-2,-1.006162045E0,1.006536805E0
2.832155042E1,-7.685770288E-2,3.738282841E-1,-1.527159412E0,1.574125332E0
2.833157442E1,-1.334296605E-1,6.315484071E-1,-1.792888466E0,1.905546094E0
2.834159942E1,-1.477595781E-1,7.672201824E-1,-1.519485526E0,1.708594734E0
2.835162342E1,-8.777942464E-2,7.372029161E-1,-7.963977885E-1,1.088771236E0
2.836164842E1,8.313512743E-2,4.809364110E-1,-2.572424054E-1,5.517109171E-1
2.837167242E1,8.679986984E-2,-1.331674129E-1,-1.222348738E-1,2.005221724E-1
2.838169742E1,4.375179112E-4,-7.415596765E-1,-1.776675014E-1,7.625461864E-1
2.839172142E1,1.828579286E-1,-5.205922276E-1,-3.933551339E-1,6.776293610E-1
2.840174642E1,4.516341130E-1,-1.036672744E0,-2.381687149E-1,1.155589930E0
2.841177042E1,-1.959947218E-1,-1.540137307E0,-5.076704657E-1,1.633452221E0
2.842179542E1,-4.091266094E-1,-1.066033952E0,-8.097481513E-1,1.399823217E0
2.843181942E1,2.628060311E-2,-4.274741489E-1,-5.698368931E-1,7.128386232E-1
2.844184342E1,1.783576190E-2,4.257632536E-1,-5.573261174E-1,7.015731349E-1
2.845186842E1,-5.517286509E-3,8.616275722E-1,-1.203734711E0,1.480341099E0
2.846189242E1,2.896054284E-1,8.658352286E-1,-1.014890696E0,1.365117237E0
2.847191742E1,2.258057275E-1,6.771449947E-1,-4.828618991E-1,8.617825620E-1
2.848194142E1,1.084171577E0,4.946493012E-1,-2.599414802E-1,1.219703042E0
2.849196642E1,1.937015169E0,-2.592865920E-1,-1.692101618E-1,1.961603778E0
2.850199042E1,2.017526943E0,2.469653392E-1,7.183662571E-2,2.033855291E0
2.851201542E1,2.052197424E0,1.112162052E0,1.654762030E-3,2.334185390E0
2.852203942E1,2.612410238E0,-3.273312253E-1,3.837481586E-1,2.660656993E0
2.853206442E1,2.850970205E0,-1.379234211E0,7.277491379E-1,3.249605657E0
2.854208842E1,2.911227517E0,-1.358830937E0,9.605922818E-2,3.214170895E0
2.855211342E1,3.286339265E0,-1.830648615E0,-8.114871132E-1,3.848351783E0
2.856213742E1,3.109181202E0,-2.303636321E0,-1.311528132E0,4.085811313E0
2.857216242E1,1.849693874E0,-1.634722452E0,-9.079417594E-1,2.630217322E0
2.858218642E1,-9.741168916E-1,-1.676528290E0,-8.945723931E-1,2.135394716E0
2.859221142E1,-8.663330020E0,-1.862765617E0,-4.959014239E0,1.015455587E1
2.860223542E1,-1.151709929E1,7.459655535E-1,-6.629177835E0,1.330962206E1
2.861226042E1,-8.886548647E0,2.926056640E0,-3.218037354E0,9.893852573E0
2.862228442E1,-6.055580598E0,3.924265814E0,2.146698515E-1,7.219141341E0
2.863230942E1,-4.230977126E0,4.180368013E0,1.956648950E0,6.261399147E0
2.864233342E1,-2.899902045E0,4.120219460E0,3.622631932E0,6.205570270E0
2.865235842E1,-2.135002768E0,3.771536542E0,4.560154610E0,6.291083752E0
2.866238242E1,-1.802129990E0,2.986842540E0,4.653869104E0,5.816132607E0
2.867240742E1,-1.479729430E0,1.979627484E0,4.596205618E0,5.218585080E0
2.868243142E1,-9.758345843E-1,1.991716018E0,4.850077103E0,5.333144826E0
2.869245642E1,-6.581263411E-1,9.736953074E-1,4.546553986E0,4.695994674E0
2.870248042E1,-4.185160683E-1,-2.100009960E-1,2.169161617E0,2.219125557E0
2.871250542E1,2.251733512E-2,-4.165696764E-1,-1.775955807E0,1.824296125E0
2.872252942E1,4.594549102E-1,-7.483424467E-1,-4.638954611E0,4.721336158E0
2.873255442E1,3.153748972E0,-3.066531318E-1,-4.400113978E0,5.422284735E0
2.874257842E1,4.193010278E0,-2.542869887E0,-3.782433120E0,6.193086691E0
2.875260342E1,4.241214139E0,-4.431773143E0,-3.332727273E0,6.981087425E0
2.876262742E1,4.492825383E0,-3.825160772E-1,-3.143513713E0,5.496678719E0
2.877265242E1,3.550661479E0,1.648455808E0,-2.549632192E0,4.671747832E0
2.878267642E1,2.553116548E0,1.837592769E0,-2.121499939E0,3.794194682E0
2.879270142E1,4.209882711E-1,3.262638745E0,1.393902244E0,3.572814881E0
2.880272542E1,-3.784597467E0,5.240625501E0,3.934979375E0,7.567786751E0
2.881275042E1,-7.356099007E0,1.135669613E-1,3.077602144E0,7.974755483E0
2.882277442E1,-6.602488219E0,-5.165792835E0,3.107761205E0,8.940718428E0
2.883279942E1,-3.240676019E0,-7.570948514E0,1.218811318E0,8.325067177E0
2.884282342E1,-2.316457511E0,-7.829507713E0,-1.649449542E0,8.329936988E0
2.885284842E1,-2.930863636E0,-6.898062047E0,-3.771770723E0,8.390439562E0
2.886287242E1,-1.702985625E0,-4.319262189E0,-3.447389710E0,5.782791861E0
2.887289742E1,8.326046249E-1,-2.433972512E0,-3.006723658E0,3.956998838E0
2.888292142E1,5.820904351E0,-1.715476593E0,-1.713622441E0,6.305734635E0
2.889294642E1,3.557746257E0,-1.039974082E0,-1.431212304E0,3.973345339E0
2.890297042E1,-1.007238591E0,-1.246021775E0,-1.248273976E0,2.031080442E0
2.891299542E1,-8.392258658E-1,-8.514095628E-1,-3.275911340E-1,1.239562120E0
2.892301942E1,2.150122206E0,-1.369167645E0,1.976993313E-1,2.556703066E0
2.893304442E1,3.033922274E0,-3.569542723E0,-1.108184776E-1,4.686000464E0
2.894306842E1,1.740285452E0,-5.904419548E0,-5.487202585E-1,6.179956114E0
2.895309342E1,1.358763402E0,-7.467684932E0,-4.271449506E-1,7.602302877E0
2.896311742E1,9.115606011E-1,-6.428579746E0,3.416726911E-1,6.501870540E0
2.897314242E1,-1.816383090E-1,-5.111278074E0,8.820726541E-1,5.190010423E0
2.898316642E1,-3.488980955E-1,-4.938208677E0,7.007259384E-1,4.999865164E0
2.899319142E1,-8.064025938E-1,-4.780259594E0,4.772047180E-1,4.871230982E0
2.900321542E1,-1.394225449E0,-3.953218303E0,6.732370082E-1,4.245591551E0
2.901324042E1,-1.457573306E0,-3.322552240E0,6.517017129E-1,3.686270264E0
2.902326442E1,-1.765438566E0,-3.134076015E0,5.108057427E-1,3.633198082E0
2.903328842E1,-3.911689038E0,-2.704412668E0,-2.862668145E-1,4.764148161E0
2.904331342E1,-5.030590006E0,1.342082173E-1,-7.887893915E-2,5.032998067E0
2.905333742E1,-5.663109051E0,2.015789589E0,3.845216721E-2,6.011296895E0
2.906336242E1,-6.348644800E0,2.739796509E0,1.204601269E0,7.018749171E0
2.907338642E1,-6.215113106E0,4.006173027E0,1.466439586E0,7.538401574E0
2.908341142E1,-5.614889987E0,2.529472162E0,1.795627302E-1,6.160962730E0
2.909343542E1,-5.952194223E0,-1.576532131E-1,2.176237187E-1,5.958257354E0
2.910346042E1,-4.692359279E0,3.182943535E-1,4.527882072E-1,4.724887729E0
2.911348442E1,-5.174221011E0,2.922181690E0,2.525491085E0,6.456764989E0
2.912350942E1,-5.498459644E0,2.922682797E0,3.376303647E0,7.083400279E0
2.913353342E1,-6.635033821E0,-1.739145538E0,-3.460876313E-1,6.867901984E0
2.914355842E1,-2.384269425E0,3.844760638E-1,-2.692244028E0,3.616730629E0
2.915358242E1,-1.240597898E-1,1.867888947E0,4.211886259E0,4.609163244E0
2.916360742E1,8.179874629E-1,5.011438036E-1,1.509015209E0,1.788120662E0
2.917363142E1,2.512660832E0,1.775985920E0,-4.144904650E0,5.162153136E0
2.918365642E1,8.816852760E-1,6.725303721E-1,-2.213942665E0,2.476127652E0
2.919368042E1,-9.669581455E-1,1.348876637E0,-1.977599377E0,2.581738859E0
2.920370542E1,2.062318808E0,2.932560498E0,-1.980799266E0,4.095929159E0
2.921372942E1,9.687468088E-1,7.693830675E-1,-4.711013943E-1,1.323766296E0
2.922375442E1,-6.487257725E-1,-1.797160442E0,-2.030948496E-1,1.921426111E0
2.923377842E1,-1.953411493E0,3.201800805E-1,-1.745557594E-1,1.987159142E0
2.924380342E1,-9.113756830E-1,3.402009469E-1,4.671586168E-1,1.079156844E0
2.925382742E1,-1.685640006E0,-6.879909950E-1,-2.031086490E0,2.727641137E0
2.926385242E1,-2.493428755E0,-1.205169618E0,-4.109412636E0,4.955491194E0
2.927387642E1,-3.009057866E0,-9.146512932E-1,-4.807456748E0,5.744793871E0
2.928390142E1,-2.876121418E0,-1.157443475E0,-5.606676403E0,6.406759719E0
2.929392542E1,-3.211772647E0,-7.233789289E-1,-5.253052003E0,6.199460941E0
2.930395042E1,-3.168131368E0,-2.015891916E-1,-4.191605777E0,5.258065571E0
2.931397442E1,-2.969212015E0,2.718645376E-1,-3.750390086E0,4.791195688E0
2.932399942E1,-2.564901611E0,1.165945326E0,-4.122889883E0,4.993632923E0
2.933402342E1,-2.047692583E0,2.516714122E0,-3.649011061E0,4.882845135E0
2.934404842E1,-2.299049181E-1,1.270056755E0,-1.792503719E0,2.208839065E0
2.935407242E1,1.722948750E0,1.027992552E0,-9.861987010E-1,2.235600358E0
2.936409742E1,2.893649032E0,3.531791929E0,-3.015102133E0,5.471526279E0
2.937412142E1,2.981304642E0,3.276942204E0,-2.712484165E0,5.194622019E0
2.938414642E1,4.096510754E0,3.096116475E0,-7.055715260E-1,5.183162043E0
2.939417042E1,4.972821854E0,2.978931257E0,2.056290329E-2,5.796844958E0
2.940419542E1,5.004940025E0,3.759954962E0,-3.964956003E-1,6.272471182E0
2.941421942E1,4.145654263E0,3.780578968E0,6.430411094E-1,5.647364737E0
2.942424442E1,2.873862054E0,3.044244656E0,2.316364540E0,4.784564068E0
2.943426842E1,1.736438861E0,2.145166545E0,3.108173434E0,4.156645465E0
2.944429342E1,9.819316953E-1,1.716100199E0,3.671304740E0,4.169852305E0
2.945431742E1,9.464659935E-1,1.382363934E0,2.913791521E0,3.361087465E0
2.946434242E1,7.108933693E-1,1.852978547E0,3.584763025E0,4.097490064E0
2.947436642E1,5.069863415E-1,1.423666911E0,3.742979910E0,4.036553137E0
2.948439142E1,2.950855851E-2,3.445097601E-1,3.229599638E0,3.248056581E0
2.949441542E1,-3.406470895E-1,3.671941794E-1,2.657094076E0,2.703889963E0
2.950444042E1,-5.599387264E-1,4.301306851E-1,1.558408102E0,1.710900230E0
2.951446442E1,-1.334253336E0,-1.920848349E-1,6.864572704E-1,1.512730026E0
2.952448942E1,-1.976709139E0,-5.325421091E-1,6.004078907E-1,2.133417388E0
2.953451342E1,-2.381189112E0,-7.127302721E-1,7.105203170E-1,2.585127685E0
2.954453842E1,-2.677550560E0,-1.225284040E0,5.845818168E-1,3.002054943E0
2.955456242E1,-2.748541605E0,-9.437960087E-1,8.175951147E-1,3.018889470E0
2.956458742E1,-2.215517027E0,-4.619692860E-1,6.990650368E-1,2.368675420E0
2.957461142E1,-2.599047596E0,-1.237628535E0,5.535348558E-1,2.931411543E0
2.958463642E1,-2.290735610E0,-1.364835151E0,5.268703830E-1,2.718057582E0
2.959466042E1,-1.834231789E0,-1.108944037E0,3.215383887E-3,2.143402312E0
2.960468542E1,-1.576416649E0,-1.248654191E0,2.999621630E-2,2.011249988E0
2.961470942E1,-1.244898525E0,-1.336478786E0,2.760885662E-1,1.847206750E0
2.962473442E1,-1.160341062E0,-1.168874635E0,5.793152297E-1,1.745928243E0
2.963475842E1,-1.151973112E0,-8.875386313E-1,5.984894192E-1,1.572563658E0
2.964478342E1,-1.238878524E0,-7.204263774E-1,1.876067448E-1,1.445347866E0
2.965480742E1,-1.356422469E0,-8.430992076E-1,3.610772610E-2,1.597498656E0
2.966483242E1,-1.243046127E0,-1.008841166E0,1.192083549E-1,1.605345696E0
2.967485642E1,-8.172244012E-1,-1.256150907E0,1.722589731E-2,1.498688611E0
2.968488142E1,-2.843968749E-1,-1.431063346E0,-6.237078756E-1,1.586768854E0
2.969490542E1,1.263437122E-1,-1.343022990E0,-9.116931868E-1,1.628145556E0
2.970493042E1,2.076852062E-1,-1.311952932E0,-6.531702411E-1,1.480197624E0
2.971495442E1,1.879835978E-1,-9.656653261E-1,-5.975474328E-1,1.151047475E0
2.972497842E1,-2.049536794E-2,-7.231830472E-1,-4.330980009E-1,8.432008410E-1
2.973500342E1,-1.923777804E-1,-7.619913098E-1,6.936551929E-3,7.859313471E-1
2.974502742E1,-2.134695643E-1,-7.805956882E-1,3.376036137E-1,8.768552237E-1
2.975505242E1,-1.900371400E-1,-9.912147349E-1,1.162625277E-1,1.015941800E0
2.976507642E1,2.060813150E-1,-7.837613708E-1,-7.458708286E-3,8.104363189E-1
2.977510142E1,1.454874963E-1,-5.452119291E-1,-1.322131473E-1,5.795713722E-1
2.978512542E1,3.303685614E-1,-5.777917376E-1,-9.479038239E-2,6.722885504E-1
2.979515042E1,2.869089849E-1,-5.051623026E-1,-3.569333392E-1,6.818409831E-1
2.980517442E1,1.307076354E-1,-4.720144370E-1,-5.242894220E-1,7.174688236E-1
2.981519942E1,5.054055467E-2,-6.070783943E-1,-4.507033825E-1,7.577810129E-1
2.982522342E1,-6.729662821E-2,-1.008133946E0,-2.766703641E-1,1.047573090E0
2.983524842E1,1.163470200E-1,-9.813452196E-1,-4.468611771E-1,1.084555199E0
2.984527242E1,3.018161689E-1,-1.012319967E0,-9.354901850E-1,1.411037421E0
2.985529742E1,2.398584871E-1,-9.890959963E-1,-8.644593787E-1,1.335340032E0
2.986532142E1,8.713813126E-2,-8.898479891E-1,-5.183159065E-1,1.033476597E0
2.987534642E1,-1.226609896E-1,-8.872430545E-1,-2.113756764E-1,9.202856256E-1
2.988537042E1,-3.009889340E-1,-6.351122850E-1,-8.116520047E-3,7.028711339E-1
2.989539542E1,-4.743138546E-1,-3.736095983E-1,-3.337011820E-1,6.898653807E-1
2.990541942E1,-3.046269254E-1,-2.265775600E-1,-5.316545749E-1,6.532928450E-1
2.991544442E1,-1.692081884E-1,-4.927673748E-1,-2.630340725E-1,5.836420307E-1
2.992546842E1,1.024088658E-1,-6.987153733E-1,-1.469931543E-2,7.063333622E-1
2.993549342E1,2.325235936E-1,-7.369280970E-1,-3.018519831E-1,8.296052443E-1
2.994551742E1,3.890111643E-1,-7.581450114E-1,-4.631374866E-1,9.698504399E-1
2.995554242E1,3.645791584E-1,-7.892217931E-1,-3.374135792E-1,9.325432563E-1
2.996556642E1,3.215158769E-1,-7.131799230E-1,-7.657630563E-2,7.860419787E-1
2.997559142E1,1.878958896E-1,-6.725739339E-1,2.458286405E-1,7.403325485E-1
2.998561542E1,1.615161762E-2,-5.716995236E-1,-8.222354650E-3,5.719867369E-1
2.999564042E1,-1.214408219E-2,-5.163070956E-1,-3.724688065E-1,6.367523125E-1
3.000566442E1,-1.433668573E-1,-4.698550603E-1,-2.423460388E-1,5.477676843E-1
3.001568942E1,-1.803272536E-1,-2.566948137E-1,-3.638371468E-2,3.158067771E-1
3.002571342E1,-1.797596352E-1,-1.061395356E-1,6.471990645E-2,2.185584447E-1
3.003573842E1,-2.549106820E-1,-1.300926545E-1,2.145735186E-1,3.576944918E-1
3.004576242E1,-2.547595315E-1,-9.298476219E-2,8.521673620E-2,2.842718365E-1
3.005578742E1,-2.399782088E-1,2.222731322E-2,-1.590822726E-1,2.887745897E-1
3.006581142E1,-2.344389953E-1,8.980709285E-2,-3.330772841E-1,4.170940345E-1
3.007583642E1,-1.125926690E-1,2.954656541E-2,-1.981083441E-1,2.297760315E-1
3.008586042E1,1.002490506E-2,-1.661024398E-1,5.587073028E-2,1.755336370E-1
3.009588542E1,8.802106082E-3,-2.483084446E-1,-9.611302257E-2,2.664062196E-1
3.010590942E1,1.251959038E-1,-9.912550807E-2,-2.922947091E-1,3.330706796E-1
3.011593442E1,-4.306021169E-2,-8.354267836E-2,-2.232806075E-1,2.422556307E-1
3.012595842E1,-2.834069413E-1,-5.136837423E-2,1.620462263E-1,3.304802319E-1
3.013598342E1,-3.066132246E-1,-3.095106661E-2,5.728686744E-1,6.504983906E-1
3.014600742E1,-2.262938239E-1,-5.339414209E-2,7.169849986E-1,7.537422088E-1
3.015603242E1,-2.593909648E-1,-7.817025661E-2,3.610801846E-1,4.514124072E-1
3.016605642E1,-1.406699753E-1,4.534778863E-2,1.564071715E-2,1.486240085E-1
3.017608142E1,-1.233771273E-1,1.454810643E-1,-4.633333683E-2,1.962993472E-1
3.018610542E1,-1.499547690E-1,2.032372293E-1,-1.605008072E-1,2.992529252E-1
3.019613042E1,-1.516253185E-1,2.071855617E-1,-1.663363284E-1,3.059148057E-1
3.020615442E1,-1.716070086E-1,-5.378268957E-2,3.568204880E-2,1.833432619E-1
3.021617942E1,4.398889571E-2,-3.233136034E-1,2.925660199E-1,4.382483144E-1
3.022620342E1,-6.785664529E-2,-4.457782727E-1,1.690254629E-2,4.512299733E-1
3.023622842E1,-2.530221775E-1,-3.938576290E-1,-3.668098712E-1,5.947213935E-1
3.024625242E1,-3.980819499E-1,-2.863831741E-1,-3.352822691E-1,5.940528270E-1
3.025627742E1,-5.648346001E-1,-1.991345304E-1,-1.974862003E-1,6.306294363E-1
3.026630142E1,-6.510669976E-1,-1.283101308E-1,2.282109797E-2,6.639823248E-1
3.027632642E1,-6.191680974E-1,-1.989444959E-1,2.766516531E-1,7.067419489E-1
3.028635042E1,-5.093497860E-1,-2.068148482E-1,-1.414499938E-2,5.499178729E-1
3.029637442E1,-3.166545019E-1,-9.692169249E-2,-7.880760312E-2,3.404034758E-1
3.030639942E1,-2.786008224E-1,-6.650798500E-2,1.043225133E-1,3.048358855E-1
3.031642342E1,-4.084128106E-1,-1.251122886E-1,1.607873207E-1,4.564062566E-1
3.032644829E1,-6.260110939E-1,-2.098168087E-1,1.293971282E-1,6.727975919E-1
3.033647229E1,-5.278337118E-1,-2.461809352E-1,2.123007059E-1,6.199073075E-1
3.034649729E1,-6.591481420E-1,-4.321834964E-1,8.237206578E-2,7.924922743E-1
3.035652129E1,-6.280304298E-1,-5.175171769E-1,-9.751401544E-2,8.196067547E-1
3.036654629E1,-6.045290083E-1,-1.984506986E-1,3.326480985E-3,6.362775079E-1
3.037657029E1,-1.136939628E0,-1.206552485E-1,-1.824483311E-1,1.157789618E0
3.038659529E1,-1.421894035E0,-2.900312519E-1,-4.861492038E-2,1.451986289E0
3.039661929E1,-9.666806951E-1,-5.461080149E-1,1.952338529E-1,1.127307317E0
3.040664429E1,-9.542708570E-1,-5.965367416E-1,1.958606744E-1,1.142300467E0
3.041666829E1,-1.059344738E0,-6.228471655E-1,4.907340056E-1,1.323242128E0
3.042669329E1,-1.409490629E0,-6.736957222E-1,7.693187481E-1,1.741373336E0
3.043671729E1,-1.871734369E0,-9.250479349E-1,8.022461736E-1,2.236672115E0
3.044674229E1,-1.847155305E0,-1.179151263E0,8.271880567E-1,2.342353625E0
3.045676629E1,-1.300799076E0,-1.031867794E0,-9.155921102E-2,1.662892802E0
3.046679129E1,-1.288786702E0,-1.421383865E0,-3.621234448E0,4.098126668E0
3.047681529E1,-7.343295944E-1,-1.957012500E0,-4.728692999E0,5.170074986E0
3.048684029E1,6.276826666E-1,-1.609289111E0,-4.471162911E0,4.793234268E0
3.049686429E1,9.500103564E-1,-1.092151710E0,-4.165196827E0,4.409555493E0
3.050688929E1,5.312124523E-1,-2.525479683E-1,-1.592461701E0,1.697616392E0
3.051691329E1,-3.450184314E-1,1.096157930E0,9.088823717E0,9.161185321E0
3.052693829E1,-1.696350497E0,1.162847764E0,9.992900906E0,1.020234720E1
3.053696229E1,-2.248524852E0,-5.205442804E-1,-3.679547560E-1,2.337139504E0
3.054698729E1,-1.581145000E0,-1.922860668E0,-5.422213122E0,5.966389846E0
3.055701129E1,-7.260664554E-1,-1.416808712E0,-4.823061213E0,5.079019481E0
3.056703629E1,7.396588929E-1,6.398502839E-1,6.163573408E-1,1.156027697E0
3.057706029E1,2.558920787E0,2.698319870E0,7.078952680E0,7.996285185E0
3.058708529E1,2.408483915E0,1.923245122E0,6.141955082E0,6.871919586E0
3.059710929E1,6.949016000E-1,1.917652845E-1,1.853640452E0,1.988880359E0
3.060713429E1,-9.209794423E-1,-1.215800149E0,-4.665931910E-1,1.595017975E0
3.061715829E1,-9.627630606E-1,-2.165631799E0,-1.880875613E0,3.025651479E0
3.062718329E1,-1.878500986E-1,-2.242808906E0,-2.248066138E0,3.181081705E0
3.063720729E1,5.313522007E-2,-2.142850170E0,-2.037882709E0,2.957633537E0
3.064723229E1,1.900488344E-1,-1.767685797E0,-1.233695260E0,2.163986051E0
3.065725629E1,2.744647213E-1,-1.189725367E0,1.652142477E-1,1.232101084E0
3.066728129E1,1.822096916E-1,-8.393046570E-1,8.795375937E-1,1.229316500E0
3.067730529E1,-8.327231772E-2,-1.109883684E0,-5.403411984E-3,1.113016293E0
3.068733029E1,-2.645525944E-1,-1.101318098E0,-1.030025629E0,1.530961275E0
3.069735429E1,-6.135558667E-1,-5.577837351E-1,-1.376929824E0,1.607329847E0
3.070737929E1,-4.736122618E-1,7.763991416E-2,-1.369789204E0,1.451433427E0
3.071740329E1,2.371769540E-1,1.470428556E-1,-1.004557496E0,1.042597848E0
3.072742829E1,3.028530264E-1,4.893865147E-1,-1.354584104E0,1.471773492E0
3.073745229E1,6.039822205E-1,1.120101986E0,-2.731830847E-1,1.301557521E0
3.074747729E1,7.724282974E-1,1.311892998E0,7.953072828E-1,1.717621142E0
3.075750129E1,7.411989033E-1,6.769678241E-1,3.865822309E-1,1.075689114E0
3.076752529E1,6.627276613E-1,-6.003043950E-3,-6.832120657E-1,9.518522555E-1
3.077755029E1,4.324169099E-1,-4.595692232E-1,-1.316796473E0,1.460185333E0
3.078757529E1,1.331011749E-1,-5.422462213E-1,-1.349340906E0,1.460297151E0
3.079759929E1,-5.727543248E-1,5.825580955E-2,-3.824324620E-1,6.911554412E-1
3.080762329E1,-1.106092788E0,1.135454143E0,1.453195642E0,2.150459240E0
3.081764829E1,-2.688961255E-1,1.442093242E0,3.576589787E-1,1.509919862E0
3.082767229E1,8.386600015E-1,1.279256472E0,-1.643855803E0,2.245464233E0
3.083769729E1,1.216324425E0,1.543435721E0,-1.980829087E0,2.790219132E0
3.084772129E1,9.415715817E-1,2.009278422E0,-4.834939831E-1,2.271018109E0
3.085774629E1,7.023917370E-1,2.015280589E0,9.188893551E-1,2.323589390E0
3.086777029E1,6.170762560E-1,1.486563655E0,9.709044313E-1,1.879710090E0
3.087779529E1,4.252982537E-1,8.385275620E-1,9.471781844E-1,1.334598662E0
3.088781929E1,-1.860530665E-1,5.125856352E-1,1.455283098E0,1.554094165E0
3.089784429E1,-7.169271842E-1,4.222970241E-1,1.703703809E0,1.896029017E0
3.090786829E1,-5.294116560E-1,3.234314248E-1,1.412130062E0,1.542399397E0
3.091789329E1,-2.066174316E-1,4.171938667E-1,1.377604008E0,1.454143833E0
3.092791729E1,1.731872186E-1,4.774231115E-1,1.359169491E0,1.450954288E0
3.093794229E1,5.506825840E-1,4.646601015E-1,1.063195129E0,1.284345826E0
3.094796629E1,4.593747302E-1,6.113582638E-1,8.135307151E-1,1.116519724E0
3.095799129E1,3.358621667E-1,8.534671980E-1,7.465689862E-1,1.182613590E0
3.096801529E1,3.687314855E-1,1.046840759E0,7.694374466E-1,1.350508226E0
3.097804029E1,1.230436899E-1,1.111239361E0,8.518726623E-1,1.405588738E0
3.098806429E1,-3.236715261E-1,1.051320019E0,5.032792068E-1,1.209680536E0
3.099808929E1,-3.597918237E-1,1.172060929E0,4.265485346E-2,1.226782953E0
3.100811329E1,-7.628050961E-2,1.214216430E0,-2.453667104E-2,1.216857553E0
3.101813829E1,-5.774761342E-2,7.670020813E-1,1.400250274E-1,7.818145482E-1
3.102816229E1,-1.380841172E-1,4.565137607E-1,2.519664627E-1,5.394062805E-1
3.103818729E1,1.178329436E-1,4.020226809E-1,1.834943980E-1,4.573587571E-1
3.104821129E1,3.556295563E-1,3.027723348E-1,2.742127794E-1,5.416051296E-1
3.105823629E1,2.466395031E-1,1.321464890E-1,2.549906427E-1,3.785683121E-1
3.106826029E1,1.650171965E-2,9.714417905E-2,9.580779791E-2,1.374351935E-1
3.107828529E1,-4.394226417E-2,1.139169171E-1,-1.697914481E-2,1.232731842E-1
3.108830929E1,-1.733740371E-1,1.271971133E-1,-5.137480617E-2,2.210815078E-1
3.109833429E1,-2.819753967E-1,2.665502957E-1,-1.021110964E-1,4.012304331E-1
3.110835829E1,-3.552585505E-1,2.142378885E-1,-1.237873095E-1,4.329316442E-1
3.111838329E1,-2.914616270E-1,8.436947465E-3,-1.440865034E-1,3.252414220E-1
3.112840729E1,-1.145318981E-1,-6.858550072E-2,1.714812934E-2,1.345941489E-1
3.113843229E1,-8.708594486E-2,-8.396543205E-2,3.152134556E-1,3.376294983E-1
3.114845629E1,-1.376343933E-1,-4.476072818E-2,3.898455620E-1,4.158440948E-1
3.115848129E1,-1.303022772E-1,2.229777217E-2,3.338321596E-1,3.590540139E-1
3.116850529E1,-1.178588176E-1,-2.782982290E-2,2.865866572E-1,3.111223425E-1
3.117853029E1,-1.954319273E-1,-1.720250845E-2,1.345836085E-1,2.379124044E-1
3.118855429E1,-3.171170166E-1,1.322464764E-1,-1.549319190E-1,3.769034787E-1
3.119857929E1,-5.262346445E-1,3.983640781E-1,-5.114641392E-1,8.349924584E-1
3.120860329E1,-5.609669593E-1,6.198478362E-1,-6.476791209E-1,1.057536530E0
3.121862829E1,-4.215373246E-1,5.051760435E-1,-6.413728988E-1,9.188339057E-1
3.122865229E1,-2.739690967E-1,2.715052262E-1,-4.783484334E-1,6.144846438E-1
3.123867729E1,-1.504104133E-1,2.555911517E-1,1.232299529E0,1.267482647E0
3.124870129E1,1.745130748E-2,4.288111147E-1,7.920053601E-2,4.364129296E-1
3.125872629E1,-9.036579430E-3,1.041932899E-1,3.577291453E-1,3.727036930E-1
3.126875029E1,-1.481656672E-1,5.998190761E-2,6.543262357E-1,6.735679007E-1
3.127877529E1,8.977990329E-2,-1.113608068E-1,9.531756735E-1,9.638493268E-1
3.128879929E1,3.200619668E-1,-2.538802564E-2,1.182710463E0,1.225515505E0