"Time (s)","Linear Acceleration x (m/s^2)","Linear Acceleration y (m/s^2)","Linear Acceleration z (m/s^2)","Absolute acceleration (m/s^2)"
3.701958340E-3,-1.093835708E-1,-1.366546338E0,5.448067170E-1,1.475204399E0
1.366595837E-2,5.031853589E-1,-1.310427686E0,-4.163012892E-1,1.464145822E0
2.363095834E-2,1.030945396E0,-1.037562105E0,-1.056518778E0,1.804332414E0
3.359595838E-2,1.636525441E0,-6.526966166E-1,-6.079198086E-1,1.863811924E0
4.355995834E-2,2.509607416E0,-5.227820098E-1,8.151053703E-1,2.689949289E0
5.352495832E-2,2.821668638E0,-6.582314448E-1,1.946640417E0,3.490629091E0
6.348995835E-2,2.702708497E0,-1.030346202E0,2.576335841E0,3.873467811E0
7.345395832E-2,2.090414679E0,-1.496116252E0,2.230153193E0,3.403201527E0
8.341895835E-2,1.370863630E0,-1.723427637E0,1.486662766E0,2.656997571E0
9.338395833E-2,9.609972015E-1,-1.766956796E0,7.085305095E-1,2.132526066E0
1.033479584E-1,4.870490903E-1,-1.675153025E0,-4.926828825E-1,1.812757815E0
1.133129583E-1,-1.301917648E-1,-1.326206836E0,-1.464728690E0,1.980203172E0
1.232779584E-1,-5.876118439E-1,-8.004934707E-1,-2.055767587E0,2.283036979E0
1.332419583E-1,-7.348043883E-1,-3.944117989E-1,-2.822952102E0,2.943561911E0
1.432069584E-1,-8.810236636E-1,-1.641078083E-1,-3.191113265E0,3.314564517E0
1.531719583E-1,-8.257455486E-1,6.894101143E-2,-2.989366783E0,3.102083548E0
1.631359584E-1,-4.230881524E-1,4.268369485E-1,-2.248401768E0,2.327338367E0
1.731009583E-1,2.760163531E-1,7.833437334E-1,-1.081269457E0,1.363435393E0
1.830659583E-1,9.797518533E-1,9.441602902E-1,-8.861630738E-2,1.363526750E0
1.930299583E-1,1.430746720E0,1.040671362E0,-1.969985425E-2,1.769299619E0
2.029949583E-1,1.354420967E0,1.022227928E0,-7.165897268E-1,1.841984509E0
2.129599584E-1,9.327085184E-1,9.454981332E-1,-1.700557423E0,2.157732015E0
2.229239583E-1,4.787879978E-1,1.060917492E0,-2.440660558E0,2.703998489E0
2.328889584E-1,2.389486603E-1,1.182904006E0,-3.037926155E0,3.268845923E0
2.428539583E-1,4.333429992E-2,1.134691228E0,-3.613250660E0,3.787477046E0
2.528179584E-1,-1.366801277E-1,1.054996309E0,-3.857965990E0,4.001949556E0
2.627829583E-1,-3.783391187E-1,9.783973458E-1,-3.808388618E0,3.950218440E0
2.727479584E-1,-3.479205872E-1,9.747960457E-1,-3.271829984E0,3.431639187E0
2.827119583E-1,1.567711607E-2,1.013990956E0,-2.317666715E0,2.529822609E0
2.926769584E-1,6.137975760E-1,8.567514329E-1,-1.552690694E0,1.876597686E0
3.026419583E-1,1.244605287E0,6.097346382E-1,-1.115900177E0,1.779340286E0
3.126059584E-1,1.529799722E0,3.212395960E-1,-8.532648844E-1,1.780882655E0
3.225709583E-1,1.443210644E0,3.289000332E-2,-1.128986830E0,1.832634710E0
3.325359583E-1,5.884350588E-1,-2.760903203E-1,-1.910396451E0,2.017943578E0
3.424999584E-1,-8.380332530E-1,-4.655314828E-1,-2.384400988E0,2.569900264E0
3.524649583E-1,-1.313236835E0,-7.002523139E-1,-2.625775804E0,3.018218491E0
3.624299584E-1,-9.810680616E-1,-8.003722872E-1,-2.464472759E0,2.770688780E0
3.723939583E-1,-1.107039379E0,-1.045243008E0,-4.789378327E-1,1.596073488E0
3.823589584E-1,-1.498670169E0,-1.769660402E0,2.391788360E0,3.331420384E0
3.923239583E-1,-1.380932828E0,-3.082764359E0,3.545410679E0,4.896973397E0
4.022879584E-1,-6.283091958E-1,-3.456786478E0,2.905337031E0,4.559071009E0
4.122529583E-1,-1.156043797E0,-3.997470323E0,3.131950552E0,5.208197433E0
4.222179584E-1,-1.059271647E0,-4.802677819E0,2.570847645E0,5.549507029E0
4.321819583E-1,-3.630290616E-1,-5.358638100E0,8.601821405E-1,5.439366296E0
4.421469584E-1,-1.012648873E0,-5.647357821E0,-1.033772525E0,5.829819357E0
4.521119584E-1,-2.926349586E0,-6.016626447E0,-2.414951520E0,7.113037786E0
4.620759583E-1,-4.254752197E0,-6.140822477E0,-2.279410722E0,7.810782944E0
4.720409584E-1,-4.278576677E0,-6.411504707E0,-4.446936142E-1,7.720839553E0
4.820059583E-1,-3.241946619E0,-7.481834024E0,1.362438669E0,8.267060987E0
4.919699584E-1,-2.098647559E0,-8.449628322E0,3.192289140E0,9.273146731E0
5.019349583E-1,-1.296940498E0,-9.328644344E0,5.076585374E0,1.069941022E1
5.118999584E-1,6.229038835E-3,-1.008062668E1,5.136785967E0,1.131395789E1
5.218639583E-1,1.796951696E0,-1.026161555E1,4.078357489E0,1.118761766E1
5.318289584E-1,3.614248779E0,-1.009514532E1,2.652456649E0,1.104582634E1
5.417939583E-1,4.603974813E0,-9.979226607E0,5.678061551E-1,1.100472406E1
5.517579584E-1,4.558375887E0,-9.233925297E0,-1.682547414E0,1.043432475E1
5.617229583E-1,4.569827659E0,-7.952737198E0,-3.071475724E0,9.672813287E0
5.716879583E-1,4.814959311E0,-6.487173525E0,-4.430991370E0,9.214170502E0
5.816519583E-1,4.971863496E0,-5.124264740E0,-5.373725086E0,8.936130988E0
5.916169583E-1,6.009182941E0,-4.454362399E0,-5.482039493E0,9.273854701E0
6.015819584E-1,6.744368568E0,-4.036796064E0,-5.140092568E0,9.391633588E0
6.115459583E-1,6.187298486E0,-3.266100297E0,-4.433839841E0,8.283055562E0
6.215109584E-1,5.381694256E0,-2.630913752E0,-4.307398773E0,7.378212821E0
6.314759583E-1,4.633168207E0,-1.817786495E0,-4.556153360E0,6.747527608E0
6.414399584E-1,3.837624696E0,-9.145865352E-1,-4.978907636E0,6.352428913E0
6.514049583E-1,3.269327960E0,-4.851155988E-1,-5.341206965E0,6.281109321E0
6.613699584E-1,2.832891784E0,-2.778047240E-1,-4.975405154E0,5.732111982E0
6.713339583E-1,2.619476014E0,2.177916799E-1,-3.737353134E0,4.569124232E0
6.812989584E-1,2.608713629E0,2.085880894E-1,-2.483784943E0,3.608058124E0
6.912639583E-1,2.132617543E0,-1.173254053E-1,-1.054623988E0,2.382027412E0
7.012279584E-1,1.441039866E0,-8.464824066E-2,7.024786413E-2,1.445232155E0
7.111929583E-1,8.687529892E-1,1.421354337E-1,6.833582461E-1,1.114411383E0
7.211579583E-1,9.871684617E-1,6.407921241E-1,1.118289934E0,1.623480365E0
7.311219583E-1,1.727561034E0,1.216974269E0,1.470852479E0,2.574665127E0
7.410869583E-1,1.991719526E0,1.907786546E0,1.452340779E0,3.117032229E0
7.510519584E-1,1.922047028E0,2.369435332E0,9.660763854E-1,3.200280011E0
7.610159583E-1,1.692026920E0,2.216591161E0,7.685071546E-1,2.892548136E0
7.709809584E-1,1.329846289E0,1.614713280E0,1.156835364E0,2.390409628E0
7.809459583E-1,7.894700074E-1,1.027415139E0,1.889603167E0,2.291166709E0
7.909099584E-1,6.697459280E-1,7.058627173E-1,2.622182690E0,2.796898969E0
8.008749583E-1,7.954663271E-1,6.459036139E-1,2.908807939E0,3.084010665E0
8.108399584E-1,7.456422025E-1,7.783158588E-1,2.647784139E0,2.858761745E0
8.208039583E-1,7.570477813E-1,1.035896818E0,1.997766716E0,2.374294719E0
8.307689584E-1,1.271957100E0,1.282033899E0,1.414764233E0,2.294132432E0
8.407339584E-1,1.649842182E0,1.357125597E0,1.022577446E0,2.368424317E0
8.506979584E-1,2.147358373E0,1.325782767E0,1.035305665E0,2.727765706E0
8.606629584E-1,3.017411783E0,1.751749211E0,1.532921843E0,3.810938014E0
8.706279583E-1,3.381108012E0,1.876220645E0,2.253901659E0,4.475731000E0
8.805919584E-1,4.009153352E0,1.949424861E0,2.833770036E0,5.282406696E0
8.905569583E-1,5.015757374E0,2.356142564E0,2.749841441E0,6.186344459E0
9.005221667E-1,5.112777300E0,1.642181745E0,2.369681792E0,5.869637501E0
9.104861667E-1,5.124058333E0,1.005239866E0,2.661449667E0,5.860869843E0
9.204511667E-1,5.323753027E0,4.883524346E-1,3.250467766E0,6.256706409E0
9.304161667E-1,5.315477462E0,3.428801411E-1,4.423374202E0,6.923735031E0
9.403801667E-1,5.028618325E0,-4.286009073E-4,5.136301818E0,7.188087284E0
9.503451667E-1,4.742926877E0,-3.891058892E-1,4.724139773E0,6.705539154E0
9.603101667E-1,5.122570801E0,-3.343812132E-1,4.508304425E0,6.832082494E0
9.702741667E-1,5.998046334E0,-3.012111282E-1,4.923040999E0,7.765540590E0
9.802391667E-1,5.971523949E0,-6.952134758E-1,5.732829496E0,8.307090591E0
9.902041667E-1,5.256753291E0,-3.292146134E-1,5.078628391E0,7.316714000E0
1.000168167E0,5.102086251E0,6.154089224E-1,3.784142554E0,6.381986142E0
1.010133167E0,4.080543762E0,9.554081404E-1,2.199620202E0,4.733072062E0
1.020098167E0,2.162883316E0,9.286395872E-1,7.803723246E-1,2.479801743E0
1.030062167E0,7.803202844E-1,1.176440493E0,-5.495306826E-1,1.514891399E0
1.040027167E0,1.253467619E-1,1.239554170E0,-1.887767726E0,2.261829644E0
1.049992167E0,-2.949353117E-1,1.117066696E0,-3.059670780E0,3.270536672E0
1.059956167E0,-7.140333241E-1,1.406231976E0,-4.026499702E0,4.324353340E0
1.069921167E0,-7.650654835E-1,1.575381984E0,-4.535823176E0,4.862185257E0
1.079886167E0,-1.360899097E0,1.708977413E0,-5.056933467E0,5.508650129E0
1.089850167E0,-2.082995147E0,2.506272749E0,-6.023975812E0,6.848982148E0
1.099815167E0,-2.336690632E0,3.440954849E0,-7.207929393E0,8.321931237E0
1.109780167E0,-3.180607572E0,3.441873447E0,-7.994156535E0,9.266568731E0
1.119744167E0,-3.964241474E0,2.892608228E0,-7.982982506E0,9.370720490E0
1.129709167E0,-4.291709524E0,2.503840892E0,-7.345850592E0,8.868455941E0
1.139674167E0,-4.853374933E0,1.820235894E0,-6.606751424E0,8.397480058E0
1.149638167E0,-5.438371902E0,6.979435408E-1,-5.040988694E0,7.448126016E0
1.159603167E0,-5.379160073E0,3.530911338E-1,-2.365000511E0,5.886702290E0
1.169568167E0,-3.879680795E0,1.017280160E0,3.971370399E-2,4.011029690E0
1.179532167E0,-2.227736539E0,2.281075717E0,8.212051857E-1,3.292490618E0
1.189497167E0,-4.056266123E-1,3.747594240E0,5.366785026E-1,3.807495154E0
1.199461167E0,1.762934934E0,4.808317751E0,7.994839489E-1,5.183341949E0
1.209426167E0,3.614403146E0,4.747786790E0,1.958828061E0,6.280318214E0
1.219391167E0,4.894275622E0,4.487704684E0,2.991462425E0,7.283012744E0
1.229355167E0,5.612394980E0,4.010894361E0,3.488079899E0,7.730003387E0
1.239320167E0,5.659231762E0,2.771080867E0,3.335624276E0,7.129669180E0
1.249285167E0,4.726798502E0,8.600064316E-1,2.778441342E0,5.549952381E0
1.259249167E0,2.784297913E0,-1.248230853E0,2.485387080E0,3.935421714E0
1.269214167E0,-2.804769015E-1,-2.392737509E0,1.087150587E0,2.643058168E0
1.279179167E0,-5.155176630E0,-3.362476444E0,-5.385273921E0,8.178219191E0
1.289143167E0,-1.033262764E1,-4.444310450E0,-1.353609140E1,1.759945623E1
1.299108167E0,-4.573205010E0,-3.667870378E0,-1.218172773E1,1.351894847E1
1.309073167E0,5.452335053E0,-7.891837862E-1,-6.108304356E0,8.225700620E0
1.319037167E0,7.907430047E0,1.260587774E0,-1.528012813E0,8.151770032E0
1.329002167E0,6.676920351E0,1.321082190E0,1.439132796E0,6.956840283E0
1.338967167E0,5.911369548E0,2.045363344E-1,2.130675682E-1,5.918743350E0
1.348931167E0,5.369075965E0,-7.786558744E-1,-3.699392425E0,6.566489626E0
1.358896167E0,4.207213165E0,-1.961101897E0,-3.002485011E0,5.528243799E0
1.368861167E0,4.213740411E0,-2.898930530E0,-4.502654260E-1,5.134407992E0
1.378825167E0,3.888697202E0,-3.154356498E0,4.373737773E0,6.648421839E0
1.388790167E0,2.141473736E0,-3.449828876E0,7.252705032E0,8.311976859E0
1.398755167E0,1.135183125E0,-4.055252508E0,7.071700378E0,8.230592923E0
1.408719167E0,-4.774251580E-1,-4.432412243E0,6.542395214E0,7.916890060E0
1.418684167E0,-2.616299222E0,-4.568713764E0,5.474772574E0,7.595479037E0
1.428649167E0,-4.861612490E0,-4.824956880E0,3.426413409E0,7.658707055E0
1.438613167E0,-6.349085680E0,-4.472321829E0,1.719134027E-1,7.768018134E0
1.448578167E0,-6.416031622E0,-3.566829907E0,-3.172387556E0,7.996985692E0
1.458543167E0,-6.111429693E0,-2.340077046E0,-5.535721026E0,8.571449163E0
1.468507167E0,-6.222085910E0,-8.490453874E-1,-7.204451469E0,9.557162347E0
1.478472167E0,-6.617659990E0,5.585829033E-1,-9.109221729E0,1.127312553E1
1.488437167E0,-6.773373681E0,2.215053343E0,-1.036960660E1,1.258228093E1
1.498401167E0,-5.547178060E0,2.912699261E0,-9.333477067E0,1.124138762E1
1.508366167E0,-4.098201769E0,1.307330416E0,-4.283452671E0,6.070612600E0
1.518331167E0,-1.792573886E0,-1.838399100E0,2.356502752E0,3.485130931E0
1.528295167E0,2.433459127E-1,-4.967441247E0,8.318738984E0,9.692064179E0
1.538260167E0,-6.863350636E-1,-6.368045277E0,1.260236473E1,1.413657148E1
1.548224167E0,-3.036017624E0,-7.321781698E0,1.226666088E1,1.460468621E1
1.558189167E0,-3.277770755E0,-8.471422648E0,9.734956250E0,1.331458433E1
1.568154167E0,-2.222639521E0,-8.526444948E0,7.042440911E0,1.127990975E1
1.578118167E0,-7.586785698E-1,-7.714318149E0,4.488399918E0,8.957233474E0
1.588083167E0,1.027282700E0,-6.516859839E0,2.655684312E0,7.111781146E0
1.598048167E0,2.439923809E0,-5.212936011E0,1.619518522E0,5.979194786E0
1.608012167E0,3.841321306E0,-4.083664129E0,1.182218127E0,5.729720918E0
1.617977167E0,5.274322420E0,-3.059653239E0,1.431411256E0,6.263297303E0
1.627942167E0,5.692499496E0,-2.379719122E0,2.279232382E0,6.577424561E0
1.637906167E0,4.882500499E0,-3.082382535E0,2.970849236E0,6.493522803E0
1.647871167E0,3.323793020E0,-3.832342907E0,3.508984280E0,6.168259306E0
1.657836167E0,1.388560520E0,-3.979984517E0,3.119960251E0,5.244285370E0
1.667800167E0,-1.177959015E0,-3.243385326E0,5.457200521E-1,3.493557813E0
1.677765167E0,-3.456158195E0,-1.541800548E0,-4.095019130E0,5.575962703E0
1.687730167E0,-3.844303971E0,1.609200525E-1,-8.635613049E0,9.454014016E0
1.697694167E0,-3.168665804E0,1.186953495E0,-1.076894921E1,1.128802767E1
1.707659167E0,-3.227780569E0,2.452155599E0,-1.094449783E1,1.167106110E1
1.717624167E0,-2.889144922E0,3.604047435E0,-1.018835344E1,1.118654827E1
1.727588167E0,-1.881127628E0,3.944265923E0,-8.320418304E0,9.398150647E0
1.737553167E0,-1.057654892E0,4.105485061E0,-6.440708626E0,7.710795618E0
1.747518167E0,-1.221645318E0,4.446869484E0,-5.303815191E0,7.028337006E0
1.757482167E0,-2.175485820E0,4.794653100E0,-4.882466585E0,7.180523439E0
1.767447167E0,-2.801248407E0,5.102225415E0,-5.192904035E0,7.800381345E0
1.777412167E0,-1.420574026E0,5.492047003E0,-4.169361799E0,7.040183851E0
1.787376167E0,-2.373653805E0,5.772295863E0,-4.106913536E0,7.471303146E0
1.797341167E0,-3.719675832E0,5.643123268E0,-4.111618205E0,7.911146110E0
1.807305167E0,-1.908308410E0,4.915383486E0,-1.859635018E0,5.591142835E0
1.817270167E0,-1.012457085E-1,4.302813386E0,-8.754041970E-2,4.304894546E0
1.827235167E0,1.863285434E0,2.626662827E0,1.201867111E0,3.437393601E0
1.837199167E0,2.661377161E0,1.149452670E0,3.506547160E0,4.549729972E0
1.847164167E0,2.568675404E0,-2.766206628E-1,1.735619082E0,3.112392315E0
1.857129167E0,4.189562175E0,-1.130336952E0,1.244849993E0,4.514393021E0
1.867093167E0,5.921258360E0,-2.038408374E0,6.029338878E0,8.693062554E0
1.877058167E0,6.350921121E0,-4.279366052E0,9.990818127E0,1.258823338E1
1.887023167E0,5.859128770E0,-5.577047977E0,1.361627777E1,1.583779892E1
1.896986458E0,5.732664020E0,-5.104595291E0,1.498765333E1,1.683894540E1
1.906951458E0,6.127397270E0,-5.874023382E0,1.346264569E1,1.591514929E1
1.916916458E0,5.413177419E0,-6.978972309E0,1.121164074E1,1.427268133E1
1.926880458E0,4.172942634E0,-6.999558601E0,8.692622232E0,1.191507248E1
1.936845458E0,3.488058849E0,-6.369671388E0,6.852513991E0,9.984799253E0
1.946810458E0,2.794800097E0,-6.213339645E0,5.510828844E0,8.762746812E0
1.956774458E0,1.928766648E0,-6.469469910E0,4.546777934E0,8.139248816E0
1.966739458E0,1.364114481E0,-6.545586040E0,4.382287572E0,7.994369849E0
1.976704458E0,4.813100481E-1,-6.071086244E0,3.504924558E0,7.026680845E0
1.986668458E0,-3.824850869E-1,-5.224439238E0,1.456137961E0,5.437039448E0
1.996633458E0,-7.931900060E-1,-4.213338123E0,-9.196465695E-1,4.384873811E0
2.006598458E0,-9.681603330E-1,-3.444936218E0,-1.970070210E0,4.084861884E0
2.016562458E0,-2.001771474E0,-3.195546039E0,-1.639297898E0,4.111678626E0
2.026527458E0,-2.376193251E0,-2.499424490E0,-1.228260857E0,3.660879933E0
2.036491458E0,-1.512083536E0,-1.822647285E0,-7.996611196E-1,2.499579495E0
2.046456458E0,-2.099846238E-1,-1.224022211E0,-8.898304474E-1,1.527783407E0
2.056421458E0,7.130194169E-1,-5.868651545E-1,-2.057441645E0,2.255188135E0
2.066385458E0,9.359825206E-1,-5.111668083E-1,-2.198950111E0,2.443918243E0
2.076350458E0,6.509944922E-1,-8.410716856E-1,-2.104046878E0,2.357585348E0
2.086315458E0,6.296685272E-1,-3.800982535E-2,-4.684607917E0,4.726888886E0
2.096279458E0,-1.708907247E-1,8.117750886E-1,-7.070225126E0,7.118726414E0
2.106244458E0,1.009926410E0,1.130563532E0,-6.350503630E0,6.528937249E0
2.116209458E0,3.483029659E0,1.913636685E0,-5.715128220E0,6.961048164E0
2.126173458E0,2.840024802E0,-4.184782076E-1,-2.622444938E0,3.888197826E0
2.136138458E0,1.652903200E0,-1.234533750E0,-7.170566270E-1,2.184109149E0
2.146103458E0,1.221630115E0,-2.161907708E0,5.037840554E0,5.616588156E0
2.156067458E0,7.262382174E-1,-2.148701479E0,6.395520759E0,6.785795883E0
2.166032458E0,-1.887995768E-1,-5.611643028E-1,1.715571318E0,1.814865175E0
2.175997458E0,-1.450976039E0,3.525283393E-1,-2.224945663E0,2.679550503E0
2.185961458E0,-2.324870485E0,7.117207503E-1,-3.251798592E0,4.060266405E0
2.195926458E0,-2.128235639E0,9.996335560E-1,-7.664302236E-1,2.473068837E0
2.205891458E0,-1.035031430E0,1.898841183E0,9.401211798E-2,2.164653824E0
2.215855458E0,-6.072421163E-1,2.805322454E0,-1.632249080E0,3.301940962E0
2.225820458E0,2.281390589E-1,1.961710738E0,-1.559358859E0,2.516337915E0
2.235784458E0,-8.138213217E-1,1.586526777E0,-2.001493147E0,2.680549790E0
2.245749458E0,-9.782508731E-1,1.016896876E0,-1.005929838E0,1.732901862E0
2.255714458E0,-2.189945984E-1,4.795590994E-1,1.071513086E0,1.194184180E0
2.265678458E0,5.774832970E-1,2.721911046E-1,2.654361672E0,2.730056930E0
2.275643458E0,2.263814444E0,-9.013026845E-1,7.258044124E0,7.656135244E0
2.285608458E0,1.268893744E0,1.417505407E-1,4.145274486E0,4.337451454E0
2.295572458E0,7.231772000E-1,1.642254251E0,-7.512099212E-1,1.945327898E0
2.305537458E0,1.057604606E0,4.039630502E0,-7.376062571E0,8.476051035E0
2.315502458E0,3.738085790E0,3.719893933E0,-3.074745195E0,6.104502786E0
2.325466458E0,4.447403335E0,3.181146685E0,-4.033459058E-1,5.482862261E0
2.335431458E0,5.028679136E0,3.836092141E0,1.738419898E0,6.559368911E0
2.345396458E0,6.573102452E0,1.797378251E0,6.508003061E0,9.422863061E0
2.355360458E0,5.552746949E0,-9.702194300E-1,1.173226981E1,1.301616223E1
2.365325458E0,-2.250726621E0,-6.952359876E-1,5.206011738E0,5.714164998E0
2.375290458E0,-7.729623821E0,-4.586585194E-2,-4.561300664E0,8.975224333E0
2.385254458E0,-6.476181929E0,5.165216884E-1,-1.587387838E1,1.715190199E1
2.395219458E0,-1.407372767E0,-9.973119190E-1,-5.227058791E0,5.504314015E0
2.405183458E0,1.910191798E-1,-2.709489806E0,2.212134413E0,3.503050384E0
2.415148458E0,-2.859990120E-1,-3.889911376E0,2.726237985E0,4.758737175E0
2.425113458E0,-8.058480585E-1,-4.845769460E0,1.503971109E0,5.137392514E0
2.435077458E0,-1.011799858E0,-4.284097618E0,1.635293725E0,4.695893624E0
2.445042458E0,-5.448815614E-1,-3.751197294E0,3.732275412E0,5.319610588E0
2.455007458E0,-3.110817545E0,-1.453439763E0,-1.955814698E0,3.951567294E0
2.464971458E0,-4.465098764E0,-2.370388135E-1,-4.570031726E0,6.393628418E0
2.474936458E0,8.815572220E-1,-4.007851177E-1,3.111931440E0,3.259123982E0
2.484901458E0,7.870586157E-2,4.890570241E-1,6.007191380E0,6.027579917E0
2.494865458E0,-2.137138610E0,8.907171777E-1,-7.007952279E-1,2.419060247E0
2.504830458E0,-1.654356233E0,-4.955836862E-2,-1.544863027E0,2.264056613E0
2.514795458E0,-1.035039032E0,-2.429284215E-2,-1.612565013E0,1.916314656E0
2.524759458E0,6.675555611E-1,-1.689561734E-1,1.681859196E0,1.817368144E0
2.534724458E0,-1.860429654E0,6.401788974E-1,-2.979442888E0,3.570449194E0
2.544689458E0,-3.464058952E0,6.839941308E-1,-8.508028557E0,9.211628647E0
2.554653458E0,4.763579242E0,-1.235875102E0,4.835243302E0,6.899177651E0
2.564618458E0,8.753857198E0,-3.239877581E0,2.270036232E1,2.454451613E1
2.574582458E0,7.279479432E0,-1.217349661E0,9.232580438E0,1.182003818E1
2.584547458E0,5.237005489E0,4.044429604E0,-7.379998916E-1,6.657948720E0
2.594512458E0,1.993205888E0,5.237234700E0,5.747786089E0,8.027362079E0
2.604476458E0,-1.703953193E0,4.899989229E0,6.121889777E0,8.024393146E0
2.614441458E0,-2.913972492E0,3.032667169E0,8.067310465E0,9.097791159E0
2.624406458E0,-3.986043110E0,4.244437124E0,-3.730055809E-1,5.834631037E0
2.634370458E0,-3.185418369E0,3.056350147E0,-2.473213761E0,5.060133666E0
2.644335458E0,-5.018179291E0,1.838213597E0,-5.349393067E0,7.561557962E0
2.654300458E0,-6.049176142E0,1.424191991E0,-8.778882696E0,1.075591169E1
2.664264458E0,-5.475928568E0,9.877732100E-1,-1.088407738E1,1.222393677E1
2.674229458E0,-5.492048757E0,8.082527990E-1,-1.310210170E1,1.422957979E1
2.684194458E0,-5.966036922E0,2.060864861E-1,-1.432038779E1,1.551481790E1
2.694158458E0,-6.191967487E0,-4.781388107E-1,-1.379948858E1,1.513257953E1
2.704123458E0,-5.315895538E0,-1.219907525E0,-1.291196661E1,1.401662590E1
2.714088458E0,-3.949454742E0,-1.699042409E0,-9.939001272E0,1.082906663E1
2.724052458E0,-2.676874329E0,-1.795141252E0,-5.480736149E0,6.358196051E0
2.734017458E0,-1.238564821E0,-1.333813625E0,-1.679734903E0,2.476814677E0
2.743982458E0,5.053046823E-2,-3.827998133E-1,1.175005002E0,1.236820836E0
2.753946458E0,1.084561440E0,1.193769375E-1,3.362360669E0,3.534967276E0
2.763911458E0,1.231361051E0,-1.707091686E-1,4.435709488E0,4.606615930E0
2.773875458E0,7.089857152E-1,-4.532327783E-1,4.299333124E0,4.380906984E0
2.783840458E0,1.449378580E-1,-5.109424945E-1,3.886688683E0,3.922807430E0
2.793805458E0,-1.589317068E-1,-2.569991612E-1,3.478952395E0,3.492050633E0
2.803769458E0,-3.014102259E-1,-2.164842060E-2,2.989022967E0,3.004259488E0
2.813734458E0,-5.464573860E-1,2.527844517E-2,2.392953125E0,2.454685180E0
2.823699458E0,-8.190648124E-1,1.227127740E-1,1.925860582E0,2.096393230E0
2.833663458E0,-1.160894501E0,1.445139349E-2,1.389879652E0,1.810980490E0
2.843628458E0,-1.405635852E0,-1.735533274E-1,7.654543233E-1,1.609923361E0
2.853593458E0,-9.165183091E-1,-4.293406897E-1,4.596010906E-1,1.111563044E0
2.863557458E0,1.397262347E-1,-9.621727111E-1,7.266118544E-1,1.213781090E0
2.873522458E0,1.328947572E0,-1.666438042E0,1.304143099E0,2.498781027E0
2.883486458E0,2.047734390E0,-2.596846997E0,1.878433231E0,3.803332994E0
2.893451458E0,1.928414061E0,-3.548066192E0,1.962822586E0,4.490014142E0
2.903417167E0,1.363732073E0,-4.322989204E0,1.334672581E0,4.725394346E0
2.913381167E0,5.586491230E-1,-4.900535066E0,1.683156109E-1,4.935145684E0
2.923346167E0,-7.327876836E-2,-5.158025393E0,-1.244461738E0,5.306531895E0
2.933311167E0,-4.763855231E-1,-4.977944600E0,-2.964590376E0,5.813404485E0
2.943275167E0,-1.084512616E0,-4.409346147E0,-5.399732916E0,7.055183671E0
2.953240167E0,-2.091967992E0,-3.876380919E0,-7.368797405E0,8.584977246E0
2.963205167E0,-3.070029123E0,-3.931571326E0,-8.754365321E0,1.007577511E1
2.973169167E0,-2.268679912E0,-4.761177206E0,-7.573052343E0,9.228588121E0
2.983134167E0,-4.112611063E0,-5.314603304E0,-8.575462157E0,1.089482121E1
2.993099167E0,-3.820639997E0,-3.335148020E0,-1.287168281E1,1.383476493E1
3.003063167E0,-7.480737671E-1,-4.201169482E0,-9.494529852E0,1.040939655E1
3.013028167E0,-1.011281210E0,-3.230940405E0,-7.898671503E0,8.593641667E0
3.022992167E0,-1.762871200E0,-1.996435452E0,-6.657088934E0,7.170097800E0
3.032957167E0,-2.381120700E0,-1.144192661E0,-5.187049803E0,5.821030689E0
3.042922167E0,-2.558929850E0,-1.424124017E0,-4.170548784E0,5.096050269E0
3.052886167E0,-2.427657520E0,-2.717041485E0,-1.376423455E0,3.894916814E0
3.062851167E0,-1.292351019E0,-2.786277488E0,3.164696714E0,4.410081483E0
3.072816167E0,9.713809794E-1,-2.418408979E0,6.362923701E0,6.875978550E0
3.082780167E0,3.245825661E0,-1.713152618E0,9.603096859E0,1.028055180E1
3.092745167E0,5.571696605E0,5.108457962E-1,1.081075564E1,1.217280592E1
3.102710167E0,7.316459563E0,2.978103876E0,9.279132460E0,1.218613895E1
3.112674167E0,8.676248274E0,5.990329179E0,6.167913212E0,1.221492862E1
3.122639167E0,9.141717045E0,8.004527741E0,4.760337546E0,1.305006776E1
3.132604167E0,8.481628379E0,7.156408991E0,3.292560117E0,1.157554153E1
3.142568167E0,5.789007205E0,5.835870885E0,1.547090231E0,8.364417588E0
3.152533167E0,2.430652463E0,4.500921438E0,3.627524883E-2,5.115435571E0
3.162497167E0,-3.504663187E-1,3.152241267E0,-1.856036495E0,3.674822869E0
3.172462167E0,-2.514125560E0,1.813089134E0,-3.098692759E0,4.382923266E0
3.182427167E0,-3.074932013E0,8.324061120E-1,-2.732030237E0,4.196676785E0
3.192391167E0,-2.807425990E0,4.332760486E-1,-2.080759172E0,3.521211092E0
3.202356167E0,-2.270394316E0,3.660468096E-1,-1.437264318E0,2.711901425E0
3.212321167E0,-2.068463647E0,2.739897081E-1,-1.066356134E0,2.343230168E0
3.222285167E0,-2.854192021E0,-4.297931546E-1,-1.753505130E0,3.377264350E0
3.232250167E0,-2.960297935E0,-1.356424223E0,-2.065767496E0,3.856247643E0
3.242215167E0,-1.876124750E0,-2.283749941E0,-1.361989603E0,3.254285413E0
3.252179167E0,-1.745124900E-1,-2.476536149E0,-1.711170119E0,3.015259373E0
3.262144167E0,1.197707402E0,-1.448414374E0,-5.660952598E0,5.964796018E0
3.272108167E0,2.305981055E0,-2.022342856E-1,-6.984145925E0,7.357767435E0
3.282073167E0,4.769566206E0,8.888507465E-1,-5.316945698E0,7.197828075E0
3.292038167E0,6.149854671E0,2.408293003E0,-3.603654209E0,7.523756463E0
3.302002167E0,6.223581628E0,3.765525019E0,-2.742411969E0,7.773864570E0
3.311967167E0,6.010902607E0,3.822873341E0,-3.499664987E0,7.936810805E0
3.321932167E0,5.772384156E0,3.225280885E0,-4.927337533E0,8.246302856E0
3.331896167E0,5.997196149E0,2.229225824E0,-2.542867548E0,6.884909934E0
3.341861167E0,5.585600699E0,1.637126973E0,6.023674388E-1,5.851663561E0
3.351826167E0,2.768585860E0,4.176095306E-1,1.576549819E0,3.213249869E0
3.361790167E0,3.733499819E-1,-1.212398969E0,3.549981155E0,3.769836558E0
3.371755167E0,1.529191904E0,-1.622842079E0,5.826791328E0,6.238873414E0
3.381719167E0,2.458245474E0,-1.155932700E0,6.234363309E0,6.800473299E0
3.391684167E0,2.041025003E0,-7.494173111E-1,4.880980808E0,5.343349419E0
3.401649167E0,1.594335734E0,-9.585935573E-1,2.986070707E0,3.518156664E0
3.411613167E0,2.145115381E0,-1.451717905E0,1.304000134E0,2.899900209E0
3.421578167E0,2.483117191E0,-1.717444181E0,2.227720459E-1,3.027393744E0
3.431543167E0,4.288371348E-1,-1.821289854E0,3.525429574E-1,1.904018004E0
3.441507167E0,-1.326329774E0,-1.879812589E0,7.146714015E-1,2.409066469E0
3.451472167E0,-2.270159842E0,-1.674496967E0,1.572520649E0,3.229610967E0
3.461437167E0,-2.019777390E0,-1.827178585E0,1.931741127E0,3.339117559E0
3.471401167E0,-7.518250483E-1,-2.288098515E0,2.102962804E0,3.197356451E0
3.481366167E0,2.390897244E-1,-2.298470306E0,2.468428985E0,3.381312068E0
3.491330167E0,3.776500243E-1,-1.271755079E0,2.540874817E0,2.866360996E0
3.501295167E0,-6.224594951E-2,-4.658894786E-1,2.179822261E0,2.229922118E0
3.511260167E0,-6.579608649E-1,-9.577096045E-2,1.494619657E0,1.635839997E0
3.521224167E0,-8.694353592E-1,1.039368895E-1,1.158273925E0,1.452005237E0
3.531189167E0,-1.080353783E0,2.340245739E-1,1.258685528E0,1.675177918E0
3.541154167E0,-1.479522731E0,8.204722372E-1,1.635208941E0,2.352885565E0
3.551118167E0,-1.859340318E0,1.081132048E0,1.028639985E0,2.384133625E0
3.561083167E0,-2.439575899E0,8.111862740E-1,-7.828471586E-2,2.572096856E0
3.571048167E0,-3.442779180E0,2.046221423E-1,-1.151915371E0,3.636139124E0
3.581012167E0,-4.932742115E0,-6.197978425E-1,-2.229049969E0,5.448372041E0
3.590977167E0,-5.519610777E0,-1.854512272E0,-2.673120124E0,6.407096854E0
3.600941167E0,-4.818071784E0,-3.791715575E0,-1.863407203E0,6.408058139E0
3.610906167E0,-2.471316340E0,-5.315783272E0,-4.493058980E-1,5.879356430E0
3.620871167E0,-3.409502676E0,-5.472663483E0,1.320493083E0,6.581675780E0
3.630835167E0,-6.503403642E0,-3.707000822E0,2.501900786E0,7.892757539E0
3.640800167E0,-9.195717251E0,-2.307811233E0,1.762307382E0,9.643284490E0
3.650765167E0,-4.052162547E0,-1.244789182E0,7.323613046E0,8.461963689E0
3.660729167E0,7.884707183E-1,7.516782832E-1,9.599365751E0,9.660979719E0
3.670694167E0,1.375977897E0,1.613238612E0,3.923809147E0,4.460059665E0
3.680659167E0,1.416273984E0,1.687519301E0,-1.049250104E0,2.440180151E0
3.690623167E0,1.168890569E0,2.118788001E0,-2.118445354E0,3.216112322E0
3.700588167E0,2.002728664E0,3.395310022E0,-1.730788697E0,4.305192418E0
3.710552167E0,2.791991095E0,3.774760696E0,-2.110829648E0,5.147779559E0
3.720517167E0,3.564111244E0,4.630131163E0,-1.404936233E0,6.009563159E0
3.730482167E0,4.541988480E0,4.213852678E0,-4.236703304E0,7.505722393E0
3.740446167E0,3.193577281E0,1.166698155E0,-4.237809013E0,5.433152461E0
3.750411167E0,2.317985973E0,-7.695250086E-1,-2.543877655E0,3.526548062E0
3.760376167E0,2.319592203E0,-1.037856805E0,-2.141830123E0,3.323415565E0
3.770340167E0,1.399564980E0,-4.302686794E-1,-2.161175052E0,2.610477135E0
3.780305167E0,1.309109724E-1,-1.412273611E-1,-3.564976047E0,3.570173255E0
3.790270167E0,-1.122275981E0,-7.818771786E-1,-4.488546098E0,4.692321534E0
3.800234167E0,-3.008555006E0,-1.458449365E0,-5.000621856E0,6.015371703E0
3.810199167E0,-6.051732545E0,-1.942286873E0,-5.993484921E0,8.736006330E0
3.820163167E0,-5.484250910E0,-1.443957042E0,-6.174520565E0,8.383717803E0
3.830128167E0,1.073795546E0,4.218454729E-1,-3.707872642E0,3.883208726E0
3.840093167E0,9.606715116E0,3.534626659E0,-2.285296530E-1,1.023888601E1
3.850057167E0,1.414796509E1,5.823946073E0,1.583182170E0,1.538147359E1
3.860022167E0,1.301448936E1,6.651981976E0,1.573057716E0,1.470035061E1
3.869987167E0,7.863626216E0,6.339552965E0,-5.382908723E-1,1.011515230E1
3.879951167E0,2.313234526E0,5.303528677E0,-2.604086727E0,6.345056192E0
3.889916167E0,1.141870585E0,4.103132141E0,-2.958877939E0,5.185992717E0
3.899880917E0,3.733717920E0,2.881842334E0,-2.290529495E0,5.243299545E0
3.909844917E0,5.053958988E0,2.113894904E0,-1.808028077E0,5.768883657E0
3.919809917E0,4.911802066E0,1.220469589E0,-7.239241818E-1,5.112671686E0
3.929773917E0,3.502302666E0,-7.426022351E-1,4.997954357E-1,3.614882781E0
3.939738917E0,6.745733893E-1,-3.053901625E0,1.337902291E0,3.401668257E0
3.949703917E0,-7.652034777E-1,-4.309402906E0,1.129469225E0,4.520198060E0
3.959667917E0,-5.283526522E-1,-5.583331395E0,2.473363743E0,6.129459535E0
3.969632917E0,-8.529964972E-1,-6.174657975E0,3.999855402E0,7.406270814E0
3.979597917E0,-9.642473763E-1,-6.406926337E0,5.492080332E0,8.493610803E0
3.989561917E0,-8.272009206E-1,-5.898967604E0,5.170255430E0,7.887561180E0
3.999526917E0,-1.062965333E0,-5.076798213E0,3.525336895E0,6.271505052E0
4.009490917E0,-1.315577914E0,-4.568079049E0,1.103397953E0,4.880120745E0
4.019455917E0,-9.770428383E-1,-4.045568642E0,3.724705607E-2,4.162045854E0
4.029420917E0,-9.027422690E-1,-3.070490761E0,-1.939089907E0,3.742048474E0
4.039384917E0,-1.144708239E0,-1.937312646E0,-2.679352087E0,3.498923384E0
4.049349917E0,-9.171229112E-1,-9.730883664E-1,-1.452054266E0,1.973949592E0
4.059314917E0,-6.513692987E-1,-1.623991057E-1,1.081682563E0,1.273064256E0
4.069278917E0,-7.367567736E-1,6.006283307E-1,2.223813349E0,2.418452139E0
4.079243917E0,-1.197815575E0,7.144319580E-1,2.099622874E0,2.520633132E0
4.089207917E0,-3.780824844E0,1.339130060E0,1.665196094E0,4.342900395E0
4.099172917E0,-3.677934898E0,1.578984892E0,1.403344913E0,4.241435529E0
4.109137917E0,-4.132964051E0,1.431147400E0,8.647239652E-1,4.458399069E0
4.119101917E0,-4.170653449E0,1.381661098E0,1.621783733E-1,4.396548579E0
4.129066917E0,-3.751820900E0,1.657062909E0,-4.700272608E-1,4.128309966E0
4.139031917E0,-3.017049841E0,2.203963222E0,-1.067063062E0,3.885700349E0
4.148995917E0,-1.948793362E0,2.742668661E0,-5.968823120E-1,3.417059474E0
4.158960917E0,-1.485248909E0,2.972260754E0,1.177171688E0,3.525057658E0
4.168925917E0,-1.493788183E0,3.023442602E0,2.120680160E0,3.983703382E0
4.178889917E0,-1.262328490E0,3.028716790E0,2.393049312E0,4.061192389E0
4.188854917E0,-6.459688103E-1,2.974410190E0,2.213551486E0,3.763535819E0
4.198818917E0,-1.651926130E-1,2.828270437E0,1.226855772E0,3.087325274E0
4.208783917E0,-1.358602311E0,1.860122237E0,-2.768253154E-1,2.320018800E0
4.218748917E0,-1.309395068E0,1.460077961E0,-1.421297911E0,2.422071603E0
4.228712917E0,1.285573511E0,1.761617557E0,-6.528407505E-1,2.276443875E0
4.238677917E0,2.903099302E0,2.114683840E0,4.635026452E-1,3.621423477E0
4.248642917E0,2.913369936E0,1.501338985E0,-6.577225909E-2,3.278119754E0
4.258606917E0,2.873096654E0,5.266982191E-1,-2.026761889E0,3.555257959E0
4.268571917E0,1.451045621E0,-1.528650744E-1,-5.814811553E0,5.995075856E0
4.278535917E0,-1.346322573E0,-1.351642955E0,-9.096680621E0,9.294574841E0
4.288500917E0,-1.552849739E0,-2.122465168E0,-9.840630054E0,1.018598059E1
4.298465917E0,-4.094308108E-1,-5.599788895E-1,-6.370547301E0,6.408204339E0
4.308429917E0,1.688731429E0,2.693336580E0,2.077513382E0,3.797622628E0
4.318394917E0,4.521095209E0,1.296470967E0,1.805012814E-1,4.706773796E0
4.328359917E0,2.692519432E0,-6.903268115E-1,-2.891622387E0,4.010946525E0
4.338323917E0,1.965201234E0,-1.481144895E0,-2.612588578E0,3.589070237E0
4.348288917E0,2.824977577E0,-1.937242187E0,5.725827456E-2,3.425884428E0
4.358253917E0,2.771110103E0,-2.490080055E0,2.402682892E0,4.433106694E0
4.368217917E0,2.404267488E0,-3.541951759E0,3.661286706E0,5.633022701E0
4.378182917E0,2.985246250E0,-3.590928329E0,3.933862265E0,6.105876985E0
4.388146917E0,3.331535903E0,-2.527456335E0,3.771401471E0,5.631219766E0
4.398111917E0,3.320534366E0,-1.620847594E0,1.521915629E0,3.996163483E0
4.408076917E0,2.233745722E0,-1.264874514E0,-9.030451548E-1,2.721216279E0
4.418040917E0,1.771555485E0,-1.415738379E0,-1.368875284E0,2.648875900E0
4.428005917E0,1.189911309E0,-2.080230584E0,-1.178693426E-1,2.399404381E0
4.437969917E0,3.816132671E-1,-3.055140650E0,1.145933815E0,3.285221056E0
4.447934917E0,-1.040577514E0,-3.370978881E0,2.048913189E0,4.079748207E0
4.457899917E0,-1.714103082E0,-2.788866051E0,2.761267777E0,4.282583679E0
4.467863917E0,-1.328445881E0,-1.526064228E0,3.404863203E0,3.960648169E0
4.477828917E0,-7.663290668E-1,-8.874111620E-1,3.461644052E0,3.654823984E0
4.487793917E0,-8.809403408E-1,-8.832795194E-1,3.134944911E0,3.374035890E0
4.497757917E0,-1.085639082E0,-7.935298754E-1,2.752603666E0,3.063515761E0
4.507722917E0,-1.267817856E0,-7.922917275E-1,2.271416263E0,2.719268309E0
4.517687917E0,-1.916281673E0,-8.634459832E-1,1.273832156E0,2.457706813E0
4.527651917E0,-3.522830486E-1,-2.835970489E-1,5.664747441E-1,7.248615510E-1
4.537616917E0,1.767893958E-1,3.698969087E-1,8.011423655E-1,8.999485004E-1
4.547580917E0,-7.077738798E-1,2.537056622E-1,7.634475589E-1,1.071523496E0
4.557545917E0,-1.904497195E0,-1.269221206E-1,1.056614234E0,2.181662767E0
4.567510917E0,-2.887667915E0,-5.617312635E-1,1.231769918E0,3.189267178E0
4.577474917E0,-3.698654507E0,-7.676586505E-1,1.539852694E0,4.079275828E0
4.587439917E0,-4.398259242E0,-9.071221259E-1,1.637780400E0,4.780154762E0
4.597404917E0,-5.397255451E0,-8.618211150E-1,1.231660136E0,5.602685850E0
4.607368917E0,-6.706455806E0,-1.199130760E0,6.760645755E-1,6.846278359E0
4.617333917E0,-7.695725173E0,-1.845505367E0,8.353474076E-1,7.957881708E0
4.627297917E0,-7.411401388E0,-2.141834655E0,1.153882739E0,7.800498164E0
4.637262917E0,-6.382587887E0,-1.922423735E0,8.487525880E-1,6.719637052E0
4.647227917E0,-5.387045628E0,-1.734209611E0,7.738918555E-1,5.711974455E0
4.657191917E0,-2.767478397E0,-1.007567497E0,6.147305723E-1,3.008657943E0
4.667156917E0,-1.345617984E0,6.567768037E-2,5.591334186E-2,1.348379627E0
4.677121917E0,-1.329790741E0,3.383760309E-1,-8.000055206E-1,1.588348383E0
4.687085917E0,3.608316779E-2,3.672986984E-1,-7.086240649E-1,7.989733376E-1
4.697050917E0,4.570563823E-1,6.371088168E-1,-1.563523246E0,1.749117812E0
4.707014917E0,1.352168620E-1,2.948186597E-1,-2.793547039E0,2.812313407E0
4.716979917E0,2.411716256E0,8.419259638E-1,-2.888499974E0,3.855988424E0
4.726944917E0,2.562878475E0,1.488306418E0,-2.905914152E0,4.150631172E0
4.736908917E0,6.148744869E-1,7.259318233E-1,-1.195542762E0,1.527864570E0
4.746873917E0,2.664149911E0,1.273508659E0,-1.027745215E0,3.126624262E0
4.756838917E0,3.565211690E0,2.404329468E0,-2.225032786E0,4.841725466E0
4.766802917E0,4.128972741E0,3.678269944E0,-3.498993727E0,6.543778937E0
4.776767917E0,4.332765749E0,3.853795756E0,-3.566477612E0,6.807669448E0
4.786731917E0,6.036673626E0,4.123607336E0,-2.437365067E0,7.706251644E0
4.796696917E0,7.960837346E0,4.484671149E0,-1.662494388E0,9.287146717E0
4.806661917E0,8.862216629E0,4.590098786E0,-8.703849471E-1,1.001825636E1
4.816625917E0,9.381378043E0,3.678285146E0,-8.153111923E-1,1.010963738E1
4.826590917E0,8.185797858E0,2.442088155E0,-1.535830833E0,8.679277475E0
4.836554917E0,7.375474341E0,1.564081363E0,-1.752764872E0,7.740552755E0
4.846519917E0,6.074229122E0,5.175753567E-1,-2.089377383E0,6.444349582E0
4.856484917E0,4.253019667E0,-6.875702879E-1,-2.087346060E0,4.787268821E0
4.866448917E0,4.277318941E0,-9.957094896E-1,-2.724534253E-1,4.400127905E0
4.876413917E0,5.003902144E0,-1.329627603E0,2.354085513E0,5.687588666E0
4.886378917E0,5.695513735E0,-1.726355630E0,3.931909879E0,7.132958417E0
4.896343042E0,5.405406470E0,-2.146656708E0,4.345883392E0,7.260389561E0
4.906308042E0,4.382080581E0,-2.634355423E0,4.235076317E0,6.639151310E0
4.916272042E0,3.324394113E0,-2.800970956E0,3.833117663E0,5.795673001E0
4.926237042E0,2.505506764E0,-3.240865468E0,2.978551773E0,5.064834034E0
4.936202042E0,2.478971515E0,-3.843791755E0,2.069245273E0,5.020140519E0
4.946166042E0,2.865037436E0,-4.194901267E0,1.887416016E0,5.419222765E0
4.956131042E0,2.932232469E0,-4.417097216E0,1.926280997E0,5.640859292E0
4.966096042E0,2.592251962E0,-4.655453115E0,2.210764557E0,5.768924845E0
4.976060042E0,1.945470974E0,-4.271475234E0,1.847882699E0,5.044306538E0
4.986025042E0,6.928897923E-1,-3.345383571E0,1.108443807E0,3.591703659E0
4.995989042E0,-1.034665979E0,-2.289790115E0,6.322094348E-1,2.591015482E0
5.005954042E0,-2.702046300E0,-1.748443780E0,1.662547597E-1,3.222693052E0
5.015919042E0,-3.662860191E0,-1.404066167E0,1.035612059E-1,3.924114105E0
5.025883042E0,-4.142271649E0,-1.324428259E0,7.315319940E-1,4.409950531E0
5.035848042E0,-4.116737443E0,-1.260053338E0,1.528299619E0,4.568474725E0
5.045813042E0,-4.585919196E0,-7.199156962E-1,1.973086789E0,5.044006836E0
5.055777042E0,-5.769845295E0,-6.383112967E-1,1.993839142E0,6.137910928E0
5.065742042E0,-6.432966328E0,-8.072800416E-1,2.155341285E0,6.832294848E0
5.075706042E0,-5.725751442E0,-9.666736054E-1,2.579347742E0,6.353874582E0
5.085671042E0,-5.985228653E0,-1.120102717E0,2.855838012E0,6.725578256E0
5.095636042E0,-7.361370272E0,-1.368544917E0,2.943920469E0,8.045455562E0
5.105600042E0,-7.854212784E0,-1.565691540E0,2.514347169E0,8.394164052E0
5.115565042E0,-8.108157359E0,-1.577116999E0,2.240218590E0,8.558509983E0
5.125530042E0,-8.233916350E0,-1.746903039E0,2.737445344E0,8.851138667E0
5.135494042E0,-7.669396915E0,-1.917356684E0,3.449728011E0,8.625342257E0
5.145459042E0,-6.506127859E0,-1.929968251E0,3.400154732E0,7.590489403E0
5.155423042E0,-4.958831806E0,-1.768026105E0,2.389910527E0,5.781660792E0
5.165388042E0,-2.647312269E0,-1.666194798E0,6.355379623E-1,3.191923535E0
5.175353042E0,-9.155272061E-1,-1.352118041E0,-3.335359982E-1,1.666631190E0
5.185317042E0,-1.013630036E0,-1.055902920E0,-1.976762348E-1,1.476974177E0
5.195282042E0,-6.949626303E-1,-5.123391750E-1,-8.194229543E-2,8.672825535E-1
5.205246042E0,-1.379059380E0,-5.773485187E-1,2.468498567E-1,1.515279161E0
5.215211042E0,-3.185678278E0,-1.844337532E0,5.880439532E-1,3.727723529E0
5.225176042E0,-4.010271340E0,-3.234723261E0,3.372358239E-1,5.163277912E0
5.235140042E0,-3.734937065E0,-3.397349531E0,-1.448451504E0,5.252594642E0
5.245105042E0,-3.041450856E0,-3.205998814E0,-3.669966897E0,5.744345806E0
5.255070042E0,-1.721551850E0,-3.533638480E0,-4.852150526E0,6.244494087E0
5.265034042E0,2.283624226E-1,-3.369686646E0,-4.919382981E0,5.967182451E0
5.274999042E0,1.836811581E0,-2.140187056E0,-4.586961170E0,5.384653210E0
5.284963042E0,3.507197955E0,-1.457033170E0,-4.473352109E0,5.868071424E0
5.294928042E0,5.082492816E0,-9.385895017E-1,-4.760777256E0,7.026925612E0
5.304893042E0,7.594201722E0,9.867965788E-1,-5.432803014E0,9.389409772E0
5.314857042E0,9.715942858E0,1.485171726E0,-4.553037671E0,1.083214811E1
5.324822042E0,1.138669118E1,3.602048564E-1,-1.555209090E0,1.149805022E1
5.334787042E0,1.130650129E1,-1.060551603E0,7.793897000E-1,1.138284628E1
5.344751042E0,8.419723322E0,-2.190816634E0,9.560729688E-1,8.752456447E0
5.354716042E0,6.473395731E0,-2.554466670E0,5.897823304E-2,6.959427468E0
5.364680042E0,4.987195480E0,-2.334999617E0,5.670717448E-1,5.535875028E0
5.374645042E0,3.435526879E0,-2.388298742E0,8.402782184E-1,4.267655480E0
5.384610042E0,1.832350740E0,-2.420494096E0,6.381005046E-1,3.102172328E0
5.394574042E0,8.811800766E-1,-3.205897949E0,1.117993188E0,3.507729858E0
5.404539042E0,3.113595557E-1,-3.576871623E0,2.523654767E0,4.388597585E0
5.414503042E0,-6.162175924E-1,-3.373670939E0,3.482938735E0,4.887969103E0
5.424468042E0,-1.332364100E0,-2.666691111E0,4.007381061E0,4.994550885E0
5.434433042E0,-8.933317602E-1,-3.083404629E0,4.032012457E0,5.153886901E0
5.444397042E0,2.444855350E-1,-3.947270515E0,3.072503372E0,5.008092917E0
5.454362042E0,5.673354542E-1,-3.105282571E0,3.097962734E0,4.422897519E0
5.464327042E0,6.454659498E-1,-1.820722382E0,2.677242411E0,3.301406248E0
5.474291042E0,7.906517297E-1,-4.572364765E-1,1.179360008E0,1.491672009E0
5.484256042E0,4.054178667E-1,-9.677194530E-1,1.300254408E0,1.670780091E0
5.494220042E0,3.465118468E-2,-9.457526332E-1,7.115605366E-1,1.184046935E0
5.504185042E0,-1.052007651E-1,-4.525686443E-2,-4.199940982E-1,4.353279538E-1
5.514150042E0,-7.847594905E-1,6.682858783E-1,-1.364761183E0,1.710270903E0
5.524114042E0,-1.517920226E0,1.473633415E0,-1.499940477E0,2.593356645E0
5.534079042E0,-1.934570594E0,2.345712301E0,-5.980017614E-1,3.098795845E0
5.544043042E0,-1.684653581E0,2.916587074E0,5.673508032E-1,3.415614847E0
5.554008042E0,-3.419165200E-1,4.037388972E0,1.414824167E0,4.291753027E0
5.563973042E0,1.381621045E-1,5.904250563E0,1.753803630E0,6.160770297E0
5.573937042E0,2.266719925E-1,7.310542181E0,1.666608489E0,7.501532578E0
5.583902042E0,-4.983646220E-1,7.866601279E0,1.180632362E0,7.970299603E0
5.593867042E0,-2.450703735E0,7.736054589E0,9.315596867E-1,8.168249069E0
5.603831042E0,-4.107977729E0,7.339502270E0,1.184547366E0,8.493934722E0
5.613796042E0,-4.600803283E0,6.447149334E0,1.135798544E0,8.001447602E0
5.623760042E0,-3.937809720E0,4.787386181E0,7.863651359E-1,6.248502378E0
5.633725042E0,-3.360145744E0,3.100023585E0,5.213506114E-1,4.601361984E0
5.643690042E0,-1.645073193E0,1.182787061E0,2.442804439E-1,2.040814538E0
5.653654042E0,-9.972999322E-1,9.401375520E-1,9.337433293E-2,1.373748353E0
5.663619042E0,-3.358968115E-1,1.073365191E0,3.854591270E-1,1.188914732E0
5.673583042E0,-4.064984322E-3,1.704644626E0,2.782138829E-1,1.727203749E0
5.683548042E0,-9.131830573E-2,2.071626990E0,-1.064310193E-1,2.076368219E0
5.693513042E0,-2.207680589E-1,1.837498044E0,-6.428849888E-1,1.959193381E0
5.703477042E0,-8.677560389E-1,8.037395525E-1,-9.658585035E-1,1.527049593E0
5.713442042E0,-1.776752490E0,1.383784515E-1,-1.143376243E-1,1.785797048E0
5.723407042E0,-1.250788425E0,5.821721792E-2,1.100064674E0,1.666734297E0
5.733371042E0,-1.600663590E-1,-1.823729020E-1,6.053458643E-1,6.521692496E-1
5.743336042E0,4.822765929E-1,-9.940582359E-1,-4.551145220E-1,1.194935863E0
5.753300042E0,1.541153553E0,-1.339871340E0,-1.313938354E0,2.428341714E0
5.763265042E0,2.611485794E0,-1.596837757E0,-2.473200313E0,3.935285080E0
5.773230042E0,3.816344340E0,-1.643467548E0,-3.507281570E0,5.437508043E0
5.783194042E0,5.233971369E0,-1.358490044E0,-4.127252491E0,6.802511640E0
5.793159042E0,5.842705695E0,-1.138448210E0,-4.022464539E0,7.184253276E0
5.803123042E0,5.555658862E0,-8.668579066E-1,-3.288064778E0,6.513690045E0
5.813088042E0,4.757416862E0,-6.141658044E-1,-2.480347365E0,5.400216466E0
5.823053042E0,4.075588247E0,1.986772782E-1,-1.390819885E0,4.310947944E0
5.833017042E0,3.948757462E0,8.691155165E-1,-5.573484099E-1,4.081505179E0
5.842982042E0,4.139683086E0,6.281383109E-1,-5.249805629E-2,4.187396547E0
5.852947042E0,4.032441058E0,-3.118314260E-1,9.402205825E-2,4.045572873E0
5.862911042E0,3.795236476E0,-1.265973644E0,1.609276539E-1,4.004048812E0
5.872876042E0,3.943122500E0,-2.196057494E0,7.546182632E-1,4.576060783E0
5.882840042E0,3.855345268E0,-3.393443883E0,1.995809069E0,5.510208922E0
5.892805042E0,2.891783186E0,-4.353653172E0,2.719873291E0,5.891894149E0
5.902770292E0,1.583651701E0,-4.709684286E0,2.859300733E0,5.732772407E0
5.912734292E0,1.474012899E-1,-5.272139654E0,3.039268675E0,6.087227428E0
5.922699292E0,-1.512248427E0,-5.644386266E0,2.483710098E0,6.349394261E0
5.932663292E0,-2.408088643E0,-5.294315804E0,1.073666250E0,5.914510120E0
5.942628292E0,-2.395549874E0,-4.270155517E0,4.190243375E-1,4.914109150E0
5.952593292E0,-2.099364427E0,-2.969230726E0,-2.856547572E-2,3.636547551E0
5.962557292E0,-1.867655059E0,-2.241609058E0,-4.508764601E-1,2.952327246E0
5.972522292E0,-2.766752173E0,-1.918441635E0,8.018795532E-1,3.460974821E0
5.982486292E0,-3.799944069E0,-1.266013405E0,1.122835559E0,4.159702461E0
5.992451292E0,-4.211478124E0,-9.961182100E-1,3.877931893E-1,4.345018185E0
6.002416292E0,-4.132317349E0,-1.543900575E0,-5.201765271E-1,4.441875648E0
6.012380292E0,-3.375836163E0,-1.620165809E0,-6.181711471E-1,3.795173594E0
6.022345292E0,-2.001508934E0,-3.224335974E-1,-3.145994979E-1,2.051578486E0
6.032310292E0,-4.479663008E-1,1.304014460E0,-9.774112129E-1,1.690106564E0
6.042274292E0,4.246604687E-1,2.521034045E0,-1.523717741E0,2.976182945E0
6.052239292E0,5.837251997E-1,3.271533530E0,-1.192265983E0,3.530604044E0
6.062203292E0,-4.503057718E-2,3.377085713E0,2.669385508E-2,3.377491410E0
6.072168292E0,6.336311853E-1,4.143806543E0,1.742586039E0,4.539738676E0
6.082133292E0,3.057566952E0,5.352164648E0,1.047874693E0,6.252393418E0
6.092097292E0,4.151496801E0,6.191434221E0,4.087952185E-1,7.465647791E0
6.102062292E0,4.835000058E0,6.625420414E0,-7.834567308E-2,8.202411796E0
6.112026292E0,3.807657716E0,6.404347715E0,-3.144547793E-1,7.457399597E0
6.121991292E0,2.016570777E0,5.292141809E0,-8.437811391E-1,5.725843976E0
6.131956292E0,-4.929922003E-1,3.543034371E0,-1.040244077E0,3.725351205E0
6.141920292E0,-1.816912921E0,3.273785877E0,-2.374991794E0,4.433895867E0
6.151885292E0,5.073553008E-1,6.315430276E0,-1.431729783E0,6.495530706E0
6.161849292E0,8.598125964E-1,3.841038301E0,2.862767255E0,4.867061669E0
6.171814292E0,3.602931494E-1,7.869153589E-1,4.642319684E0,4.722306532E0
6.181779292E0,-1.232874895E0,-1.621725261E-1,3.965611184E0,4.156001985E0
6.191743292E0,-2.617244132E0,-7.608005244E-1,2.974101165E0,4.034112296E0
6.201708292E0,-3.216344585E0,-1.114815226E0,1.967344531E0,3.931682843E0
6.211673292E0,-3.894225159E0,-1.293774231E0,6.749356243E-1,4.158651157E0
6.221637292E0,-4.582534243E0,-1.011701040E0,1.453980339E-1,4.695135746E0
6.231602292E0,-4.875972083E0,-9.194886947E-1,-3.884510010E-2,4.962063296E0
6.241566292E0,-5.207715617E0,-1.160311826E0,-3.609378049E-1,5.347607089E0
6.251531292E0,-4.238862389E0,-1.398454594E0,-1.233677426E0,4.630938306E0
6.261496292E0,1.574093843E-1,-8.006884754E-3,-2.704153929E0,2.708743306E0
6.271460292E0,3.828796570E0,1.580845330E0,-3.244278196E0,5.261567841E0
6.281425292E0,4.785971739E0,2.097270832E0,-3.344255643E0,6.203879128E0
6.291389292E0,3.659103940E0,1.889420734E0,-2.368288400E0,4.750551789E0
6.301354292E0,2.143982191E0,1.314223406E0,-9.185911471E-1,2.677247185E0
6.311319292E0,1.131128080E0,1.067911493E0,-4.928205845E-1,1.631795888E0
6.321283292E0,8.529275000E-2,1.405396116E0,-1.076104027E0,1.772121038E0
6.331248292E0,-7.437576449E-1,1.191542390E0,-4.256375384E-1,1.467690708E0
6.341212292E0,-3.826184034E-1,1.389286745E-1,1.625501393E0,1.675694721E0
6.351177292E0,8.729770178E-1,-4.793892378E-1,2.586753241E0,2.771857724E0
6.361142292E0,3.446533678E0,-1.095598352E0,3.297198713E0,4.893919645E0
6.371106292E0,5.780417646E0,-2.205535538E0,4.926364557E0,7.908646086E0
6.381071292E0,5.110229083E0,-3.288933382E0,6.117986176E0,8.623298610E0
6.391035292E0,2.927131358E0,-4.230806387E0,6.146869082E0,8.015723311E0
6.401000292E0,2.892962569E-1,-5.166357091E0,5.052390765E0,7.231983847E0
6.410965292E0,-3.191885682E0,-5.916743724E0,1.042070893E0,6.803080350E0
6.420929292E0,-4.978707662E0,-6.407677705E0,-4.590714205E0,9.323117529E0
6.430894292E0,-3.465804931E0,-4.586397206E0,-3.185379193E0,6.572174963E0
6.440858292E0,-8.743224621E-1,-3.412853715E0,8.534215897E-2,3.524101805E0
6.450823292E0,4.661926568E-2,-3.618372528E0,2.669868780E0,4.496998156E0
6.460788292E0,-5.088527727E-1,-3.611037489E0,3.936910711E0,5.366357129E0
6.470752292E0,-1.671086871E0,-3.036365241E0,2.260409318E0,4.137812887E0
6.480717292E0,-2.786661943E0,-2.710563939E0,1.405907455E-1,3.890039512E0
6.490682292E0,-4.056148594E0,-2.806136971E0,-6.099625334E-1,4.969788769E0
6.500646292E0,-4.430279764E0,-3.095203725E0,-5.404408935E-1,5.431366425E0
6.510611292E0,-3.988548934E0,-3.626971151E0,4.489881018E-1,5.409716503E0
6.520575292E0,-3.134058473E0,-3.838452078E0,1.591394584E0,5.204668442E0
6.530540292E0,-2.404606626E0,-2.795630402E0,1.432027552E0,3.955803999E0
6.540505292E0,-3.398396475E0,-2.316292035E0,2.110533779E0,4.622624819E0
6.550469292E0,-4.624457610E0,-1.907609668E0,3.048430385E0,5.858114939E0
6.560434292E0,-4.336645961E0,-2.933255732E-1,3.415550744E0,5.527976570E0
6.570398292E0,-3.109694880E0,8.326370770E-1,3.429394319E0,4.703640307E0
6.580363292E0,-8.389327741E-1,1.874986882E0,3.096991804E0,3.716280700E0
6.590328292E0,2.061980839E0,4.137280465E0,1.318093532E0,4.806893507E0
6.600292292E0,4.020019233E0,5.415322763E0,-3.868263522E-1,6.755435581E0
6.610257292E0,5.261764355E0,5.371054662E0,-8.258081138E-1,7.564149083E0
6.620221292E0,4.977656917E0,4.791959873E0,-2.647131005E-1,6.914479072E0
6.630186292E0,3.066744157E0,3.419683848E0,1.337569292E0,4.784166485E0
6.640151292E0,8.620889175E-1,1.883357171E0,2.863894891E0,3.534420105E0
6.650115292E0,-1.523889649E-1,1.125782556E0,3.005350732E0,3.212902392E0
6.660080292E0,-3.018765414E-1,7.572933644E-1,1.561460495E0,1.761471420E0
6.670044292E0,-8.963606179E-2,6.613013792E-1,-2.216701381E-1,7.032011006E-1
6.680009292E0,9.345593083E-1,3.572631222E-1,-2.651208561E0,2.833715736E0
6.689974292E0,2.055559427E0,6.626181722E-2,-3.924687691E0,4.430901563E0
6.699938292E0,2.698897282E0,-5.540318692E-1,-3.756484054E0,4.658558822E0
6.709903292E0,3.625425440E0,-1.290457106E0,-3.002065181E0,4.880715574E0
6.719867292E0,3.849359181E0,-1.542076244E0,-1.685297359E0,4.476135882E0
6.729832292E0,3.934009322E0,-1.826028730E0,-2.850514707E-1,4.346500272E0
6.739797292E0,4.588974659E0,-2.048825188E0,8.558524235E-1,5.097926680E0
6.749761292E0,5.107635258E0,-1.624192786E0,6.806243804E-1,5.402702073E0
6.759726292E0,5.456294203E0,-9.235624498E-1,-2.149388234E-1,5.538078432E0
6.769690292E0,5.262637344E0,-1.175424832E-1,-7.217183197E-1,5.313195402E0
6.779655292E0,4.220429334E0,1.763455921E-1,-7.378261562E-1,4.288065877E0
6.789620292E0,4.558395475E0,-1.049254782E0,-1.782839295E0,5.005838677E0
6.799584292E0,4.135466659E0,-4.937950230E-1,-3.860916495E0,5.679136748E0
6.809549292E0,1.841736106E0,4.164445460E-1,-4.682513444E0,5.048895929E0
6.819514292E0,9.167557061E-1,-6.955438435E-2,-5.412328988E0,5.489861921E0
6.829478292E0,1.374367574E0,-6.995503557E-1,-4.916665195E0,5.152849073E0
6.839443292E0,1.351971276E0,-1.053640194E0,-3.525620778E0,3.920202272E0
6.849407292E0,1.333909227E0,-1.321202350E0,-1.671115522E0,2.513467041E0
6.859372292E0,1.349255537E0,-1.795768220E0,-3.608398275E-1,2.274967996E0
6.869336292E0,1.299980173E0,-2.429688842E0,2.228093219E-1,2.764594060E0
6.879301292E0,1.659630714E0,-3.095803649E0,3.272652614E-1,3.527814748E0
6.889266292E0,1.289813035E0,-2.960144153E0,-5.188811861E-2,3.229359604E0
6.899230708E0,7.183064693E-1,-1.947943761E0,3.013654947E-3,2.076164291E0
6.909195708E0,5.213541198E-1,-6.944369656E-1,2.340592186E-1,8.993533984E-1
6.919160708E0,-4.997907579E-3,-3.513539261E-1,1.878442148E-1,3.984469971E-1
6.929124708E0,-7.465043744E-1,-3.621543181E-1,4.828772481E-1,9.599973791E-1
6.939089708E0,-1.012773711E0,-4.585018140E-1,9.936841603E-1,1.491087762E0
6.949053708E0,-7.329835653E-1,-5.451651514E-1,9.275008419E-1,1.301817100E0
6.959018708E0,-1.055014582E0,-8.618252081E-1,1.018306785E0,1.700807798E0
6.968983708E0,-1.101874753E0,-1.198578637E0,1.942464920E0,2.534539147E0
6.978947708E0,-1.178290260E0,-1.884873354E0,2.586426089E0,3.410383470E0
6.988912708E0,-1.411453247E0,-2.103986067E0,2.798941680E0,3.775318816E0
6.998876708E0,-1.419897503E0,-2.093839393E0,2.897151807E0,3.846265840E0
7.008841708E0,-1.303123052E0,-1.695283819E0,2.436391067E0,3.241622795E0
7.018806708E0,-1.109842754E0,-1.144114746E0,1.906267293E0,2.484875145E0
7.028770708E0,-5.839169884E-1,-3.493541783E-1,9.833953996E-1,1.195856974E0
7.038735708E0,-1.064617172E-1,3.307898533E-1,4.616572639E-1,5.778264909E-1
7.048699708E0,3.533571821E-1,1.278717066E0,4.871522936E-1,1.413257227E0
7.058664708E0,9.140610167E-1,1.986742376E0,2.920777774E-1,2.206345902E0
7.068629708E0,1.657825971E0,1.798990620E0,-1.823750947E0,3.051363911E0
7.078593708E0,1.200804672E0,1.428291766E0,-2.147059727E0,2.844611520E0
7.088558708E0,-1.066668960E0,2.630490414E0,-2.046675021E0,3.499448689E0
7.098522708E0,-4.364228446E0,8.313349605E0,-3.604554096E0,1.005738941E1
7.108487708E0,-1.387720860E0,6.379934421E0,2.174249718E0,6.881620030E0
7.118452708E0,-1.433258391E0,4.294796269E0,2.413787632E0,5.130874715E0
7.128416708E0,-1.715119913E0,2.525674980E0,2.883539196E0,4.199460527E0
7.138381708E0,-2.278280455E0,1.677480801E0,2.834857618E0,4.005111907E0
7.148345708E0,-3.039792586E0,2.059693408E0,2.947331150E0,4.708443140E0
7.158310708E0,-3.937053090E0,3.228862304E0,2.301333103E0,5.587671507E0
7.168275708E0,-4.501927451E0,4.375184374E0,1.687247113E0,6.500491667E0
7.178239708E0,-4.877252623E0,3.871867161E0,1.832913827E0,6.491419071E0
7.188204708E0,-5.206596460E0,2.845653332E0,1.642638120E0,6.156675205E0
7.198168708E0,-5.113883593E0,1.635594272E0,1.718524455E0,5.637401913E0
7.208133708E0,-4.742144519E0,5.790497661E-1,1.898289352E0,5.140694091E0
7.218098708E0,-4.348757883E0,4.129876721E-1,1.629288050E0,4.662277715E0
7.228062708E0,-3.635417162E0,1.261720964E0,9.604425931E-1,3.966188057E0
7.238027708E0,-3.119677831E0,2.286607475E0,1.073572183E-1,3.869430073E0
7.247991708E0,-3.058355157E0,2.709581022E0,-7.282745102E-1,4.150391469E0
7.257956708E0,-1.999033223E0,1.987496667E0,-2.037726881E0,3.478305287E0
7.267921708E0,1.987224187E0,1.879879832E-2,-4.958215510E0,5.341658394E0
7.277885708E0,7.449405951E0,-3.748186271E0,-1.028918283E1,1.324423772E1
7.287850708E0,1.199612424E1,-6.181050736E0,-1.078604647E1,1.727573974E1
7.297814708E0,1.246073815E1,-5.926916125E0,-6.535797801E0,1.526810345E1
7.307779708E0,8.601559449E0,-4.751139291E0,-4.584194560E0,1.084320014E1
7.317744708E0,4.670375209E0,-2.754526815E0,-2.468600308E0,5.957668172E0
7.327708708E0,3.462346888E0,-9.920637506E-1,-1.966167486E0,4.103395062E0
7.337673708E0,4.344097945E0,3.694019419E-1,-2.154833162E0,4.863224311E0
7.347637708E0,5.371321880E0,2.367072179E0,-1.302925124E0,6.012631979E0
7.357602708E0,3.269956536E0,-1.309584517E0,5.089511229E0,6.189567990E0
7.367567708E0,8.812055120E-1,-4.178186417E0,9.824992261E0,1.071280719E1
7.377531708E0,-1.420077305E0,-4.628748296E0,1.093913360E1,1.196271600E1
7.387496708E0,-3.735699249E0,-4.589714624E0,8.483140469E0,1.034333609E1
7.397460708E0,-4.459871645E0,-3.726711786E0,4.546174794E0,7.378789948E0
7.407425708E0,-4.877385647E0,-2.789652793E0,-4.111387825E0,6.962367651E0
7.417390708E0,-6.504029878E0,-1.912026654E0,-4.577464999E0,8.179941100E0
7.427354708E0,-7.514881318E0,-3.212614646E0,1.207230762E-1,8.173671644E0
7.437319708E0,-6.399806768E0,-4.381659581E0,1.981106537E0,8.005076543E0
7.447283708E0,-4.273542225E0,-3.124294208E0,2.544010094E0,5.873360606E0
7.457248708E0,-2.341547036E0,-5.273019075E-1,3.325614135E0,4.101292382E0
7.467213708E0,-1.083303996E0,1.197948892E0,4.860817561E0,5.122126166E0
7.477177708E0,-9.530571212E-1,1.318054794E0,6.914020268E0,7.102764432E0
7.487142708E0,-1.177484514E0,1.898048301E0,8.122923918E0,8.424425803E0
7.497106708E0,-1.489554214E0,2.202412248E0,7.287635128E0,7.757513598E0
7.507071708E0,-2.213549001E0,2.571488500E0,4.817544365E0,5.892460097E0
7.517036708E0,-2.053696650E0,3.178990232E0,6.449467170E-1,3.839219334E0
7.527000708E0,-1.342847281E0,1.474410510E-1,-3.152985910E0,3.430203760E0
7.536965708E0,-5.625506777E-1,-2.526398866E0,-1.722107921E0,3.108827783E0
7.546929708E0,3.111027168E-1,-1.922739338E0,1.025005209E0,2.200987765E0
7.556894708E0,1.052705955E0,-1.767484653E0,2.319924910E0,3.100684346E0
7.566859708E0,2.244466007E0,-9.310392845E-1,2.246806648E0,3.309471547E0
7.576823708E0,3.423406186E0,9.529482168E-1,1.631616411E0,3.910241978E0
7.586788708E0,4.382277924E0,2.554479534E0,9.341125810E-1,5.157740960E0
7.596752708E0,3.540411310E0,3.108821306E0,9.656793594E-1,4.809554946E0
7.606717708E0,9.259658747E-1,2.505714925E0,1.383603251E0,3.008384623E0
7.616682708E0,-1.666674708E0,2.182194330E0,1.508448907E0,3.132921126E0
7.626646708E0,-3.673143690E0,1.918409475E0,1.307135119E0,4.345213654E0
7.636611708E0,-4.556782813E0,1.638202715E0,6.816513707E-1,4.890053817E0
7.646575708E0,-4.134668222E0,2.252426991E0,-2.540101377E-1,4.715233802E0
7.656540708E0,-3.344792125E0,2.570026696E0,-7.315486586E-1,4.281102080E0
7.666505708E0,-2.687743134E0,2.220505287E0,-4.476866578E-1,3.514972294E0
7.676469708E0,-2.294904090E0,1.147983849E0,1.126331609E-1,2.568489425E0
7.686434708E0,-1.704363960E0,-5.199355853E-1,7.668697880E-1,1.939917213E0
7.696398708E0,-6.695396675E-1,-2.584604389E0,4.947054344E-1,2.715363085E0
7.706363708E0,1.376208570E0,-3.352466596E0,-1.293895999E0,3.848005868E0
7.716328708E0,3.563708371E0,-2.651233996E0,-3.989725394E0,5.970508167E0
7.726292708E0,4.561410007E0,-1.963324277E0,-5.885029011E0,7.700303236E0
7.736257708E0,3.785526590E0,-2.178112974E0,-5.625361766E0,7.121733123E0
7.746221708E0,2.632049866E0,-2.685884596E0,-3.835563553E0,5.371518438E0
7.756186708E0,1.852724778E0,-2.617354644E0,-2.294905990E0,3.943314334E0
7.766151708E0,1.001182337E0,-3.114124730E0,-1.788655082E0,3.728193384E0
7.776115708E0,3.391700828E-1,-4.243391057E0,-2.052969841E0,4.726107191E0
7.786080708E0,3.087302090E-1,-4.349745478E0,-4.979691163E0,6.619133187E0
7.796044708E0,7.218528056E-1,-4.239548267E0,-5.559533812E0,7.028745065E0
7.806009708E0,1.186515831E0,-2.990984707E0,-4.819553468E0,5.794989644E0
7.815974708E0,9.244165818E-1,-2.888823910E0,-3.137938685E0,4.364230607E0
7.825938708E0,5.882945064E-1,-2.997088616E0,-2.698896990E0,4.075865008E0
7.835903708E0,-3.851275899E-2,-2.510462864E0,-2.816451167E0,3.773102729E0
7.845867708E0,-7.295124388E-1,-1.393261682E0,-2.569323276E0,3.012438980E0
7.855832708E0,-8.166202377E-1,-1.280893984E0,7.173232600E-2,1.520757554E0
7.865796708E0,9.140089034E-1,-1.438672913E0,1.588396571E0,2.329848856E0
7.875761708E0,2.611580811E0,-2.511366844E0,1.864999692E0,4.074989767E0
7.885726708E0,3.222082458E0,-3.459425034E0,1.252483825E0,4.890618842E0
7.895690708E0,3.154966654E0,-3.852483056E0,-5.766565007E-1,5.012780966E0
7.905654292E0,3.329130943E0,-3.334220944E0,-2.749480083E0,5.455252777E0
7.915618292E0,3.110357369E0,-2.971963715E0,-5.116038877E0,6.684365720E0
7.925583292E0,1.477741376E0,-2.905868543E0,-6.655316058E0,7.410871973E0
7.935548292E0,-1.891098739E0,-2.563393030E0,-4.160912572E0,5.240270193E0
7.945512292E0,-5.024468556E0,-2.228354005E0,3.127962166E-1,5.505332625E0
7.955477292E0,-6.098175225E0,-2.138913240E0,3.370040402E0,7.288337481E0
7.965441292E0,-5.413137658E0,-1.988573139E0,4.507776421E0,7.319599081E0
7.975406292E0,-4.805234222E0,-1.491355156E0,4.465491697E0,6.727186055E0
7.985371292E0,-5.180360588E0,-1.894485592E0,3.762302034E0,6.676835184E0
7.995335292E0,-5.468338882E0,-2.261129403E0,2.384782226E0,6.379860702E0
8.005300292E0,-4.978297187E0,-2.035799346E0,4.912947536E-1,5.400860338E0
8.015264292E0,-3.847356510E0,-1.653672109E0,-1.426523129E0,4.423997264E0
8.025229292E0,-2.849130379E0,-1.349277171E0,-2.603700811E0,4.088685695E0
8.035194292E0,-2.415667950E0,-9.582387775E-1,-2.055348927E0,3.313326487E0
8.045158292E0,-2.582559618E0,-4.919800472E-1,-8.268114960E-1,2.755952793E0
8.055123292E0,-2.314214665E0,1.989345556E-1,7.686166437E-1,2.446617261E0
8.065087292E0,-1.410973921E0,1.318490412E0,2.128397315E0,2.873906662E0
8.075052292E0,-3.288503319E-1,2.346858355E0,3.282144764E0,4.048254060E0
8.085017292E0,1.368076116E0,3.088908028E0,4.034280300E0,5.261977062E0
8.094981292E0,2.627541663E0,3.288041389E0,4.251660190E0,5.982625321E0
8.104946292E0,3.997685793E0,2.706117716E0,4.002081437E0,6.270663492E0
8.114910292E0,4.767768772E0,2.277289937E0,4.327624876E0,6.829788108E0
8.124875292E0,1.727882338E0,-6.628637552E-2,7.735245919E0,7.926159264E0
8.134840292E0,-7.839999372E-1,-1.215493462E0,1.087369740E1,1.096947471E1
8.144804292E0,-3.559253085E0,-3.085458755E-1,6.791238095E0,7.673617005E0
8.154769292E0,-4.700919895E0,1.235814291E0,1.991263443E0,5.252715004E0
8.164733292E0,-3.435392978E0,3.727846146E0,-1.539731218E0,5.298068896E0
8.174698292E0,-1.690500212E0,5.230952452E0,-2.662561222E0,6.108181954E0
8.184662292E0,-9.215211868E-4,5.773790996E0,-1.294826438E0,5.917198562E0
8.194627292E0,2.029743969E-1,6.093028505E0,6.065816733E-1,6.126510940E0
8.204592292E0,-1.167928117E0,6.805838007E0,1.573646238E0,7.082361862E0
8.214556292E0,-2.387078281E0,7.574077944E0,1.593014263E0,8.099536645E0
8.224521292E0,-2.741230831E0,8.078831234E0,1.061660527E0,8.597033422E0
8.234485292E0,-1.564754962E0,8.093596623E0,-3.783417499E-1,8.252145592E0
8.244450292E0,-7.909775658E-1,7.198694885E0,-9.450211465E-1,7.303418277E0
8.254415292E0,-1.186974545E0,6.279395056E0,-6.937680441E-1,6.428143195E0
8.264379292E0,-8.587938653E-1,5.734625761E0,-7.685477927E-1,5.849284164E0
8.274344292E0,2.374188825E-3,5.185930645E0,-2.338775456E0,5.688914917E0
8.284308292E0,2.827450950E0,2.648999190E0,-4.828226351E0,6.190593290E0
8.294273292E0,8.626019522E0,-2.369319849E0,-7.920061787E0,1.194777251E1
8.304238292E0,1.164969777E1,-8.976822640E0,-7.374501364E0,1.645241846E1
8.314202292E0,9.811789248E0,-1.564592117E1,-5.315342392E0,1.921767213E1
8.324167292E0,5.791201665E0,-1.703529212E1,-6.310382375E0,1.906725255E1
8.334131292E0,2.309028770E0,-1.456758234E1,-4.866501055E0,1.553154537E1
8.344096292E0,9.791547064E-1,-8.905957310E0,-2.370639858E0,9.267942214E0
8.354061292E0,9.078749549E-1,-1.959819456E0,-5.615958273E-3,2.159898325E0
8.364025292E0,3.851514173E-1,2.605256755E0,2.848797087E0,3.879606838E0
8.373990292E0,3.225309536E-2,4.651995072E0,5.339518290E0,7.081846791E0
8.383954292E0,-2.666143227E-1,4.593127643E0,4.998095859E0,6.793295737E0
8.393919292E0,-8.589460391E-1,1.857444066E0,1.921292152E0,2.807000230E0
8.403884292E0,-2.118729821E0,-2.794134099E0,-1.473104827E0,3.803450966E0
8.413848292E0,-1.819833751E0,-6.363193842E0,-2.179623894E0,6.967983286E0
8.423813292E0,-1.653968709E0,-6.738999070E0,1.796186003E0,7.167705708E0
8.433777292E0,-3.313212191E0,-5.305121459E0,4.462356420E0,7.683379044E0
8.443742292E0,-4.279766001E0,-3.074116327E0,4.606354630E0,6.998935004E0
8.453707292E0,-4.749416116E0,-6.600974375E-1,5.044357860E0,6.959757776E0
8.463671292E0,-6.088842484E0,8.928540426E-1,4.905451405E0,7.869856709E0
8.473636292E0,-7.712149417E0,1.479225107E0,3.838109723E0,8.740505809E0
8.483600292E0,-8.332378784E0,1.653488506E0,2.539051071E0,8.866190883E0
8.493565292E0,-6.799283863E0,2.028753451E0,2.176162050E0,7.421710240E0
8.503529292E0,-4.409939932E0,2.058211139E0,2.621469330E0,5.527739569E0
8.513494292E0,-1.883548375E0,1.575869642E0,3.245224568E0,4.069717694E0
8.523459292E0,4.583270553E-1,9.857657146E-1,3.391141542E0,3.561128851E0
8.533423292E0,1.943532037E0,-1.174647152E-2,2.959956458E0,3.541016378E0
8.543388292E0,2.495105737E0,-1.499754682E0,2.658265858E0,3.942232123E0
8.553352292E0,2.569113068E0,-2.435972260E0,2.536178334E0,4.355054919E0
8.563317292E0,2.543238847E0,-1.765386672E0,2.624747279E0,4.058811675E0
8.573282292E0,1.872341456E0,-3.619444031E-1,2.346132131E0,3.023409045E0
8.583246292E0,1.237705719E0,1.156814314E0,1.875742489E0,2.527557059E0
8.593211292E0,9.762309524E-1,2.799621127E0,1.212371049E0,3.203240373E0
8.603175292E0,1.664828888E0,4.271277598E0,-7.028248695E-1,4.637826037E0
8.613140292E0,1.642340497E0,4.832576387E0,-2.465632846E0,5.668370328E0
8.623105292E0,6.063957684E-1,4.618896908E0,-2.206865487E0,5.154821020E0
8.633069292E0,-4.221555215E-1,3.867948357E0,-8.363576603E-1,3.979790687E0
8.643034292E0,-9.753452455E-1,2.459606121E0,-8.636922240E-2,2.647342113E0
8.652998292E0,-5.860295143E-1,1.358255571E0,1.574111384E-1,1.487638079E0
8.662963292E0,-2.128287826E-1,9.988283944E-1,6.314677155E-1,1.200710510E0
8.672927292E0,-5.212289894E-1,6.686729640E-1,5.805531218E-1,1.027543244E0
8.682892292E0,-6.326908799E-1,3.249151558E-1,4.687595844E-2,7.127867588E-1
8.692857292E0,-8.858823343E-1,9.800576627E-2,-1.810625410E-1,9.094923223E-1
8.702821292E0,-1.330087194E0,2.547421360E-1,1.469749548E-1,1.362214057E0
8.712786292E0,-1.421697569E0,5.577764261E-1,-4.784309522E-1,1.600385795E0
8.722750292E0,-9.744699173E-1,6.641863954E-1,-1.685974467E0,2.057485137E0
8.732715292E0,-5.810341649E-1,4.842254698E-1,-2.432879083E0,2.547739319E0
8.742680292E0,-5.926169144E-1,1.896444994E-1,-2.549278436E0,2.624115163E0
8.752644292E0,-6.437806360E-1,-1.430638254E-1,-2.305826250E0,2.398281772E0
8.762609292E0,-4.989877159E-1,-5.462948334E-1,-2.362777984E0,2.475913284E0
8.772573292E0,-1.634290197E-1,-6.687694430E-1,-2.630850018E0,2.719436233E0
8.782538292E0,5.530452977E-1,-4.128379834E-1,-2.893239727E0,2.974412618E0
8.792503292E0,2.037460832E0,-9.367239475E-3,-3.132900724E0,3.737164880E0
8.802467292E0,3.889348289E0,-3.339105123E-1,-2.812247019E0,4.811159906E0
8.812432292E0,5.217987421E0,-1.260625196E0,-2.119025690E0,5.771207714E0
8.822396292E0,5.974793712E0,-2.228580877E0,-1.826274313E0,6.633250371E0
8.832361292E0,6.043507851E0,-3.103913738E0,-2.376544084E0,7.197654439E0
8.842326292E0,5.833968201E0,-3.357088235E0,-3.454568337E0,7.565663803E0
8.852290292E0,5.200638732E0,-3.230534608E0,-4.469163163E0,7.580001085E0
8.862255292E0,3.714168924E0,-3.076223663E0,-4.273887795E0,6.443936662E0
8.872219292E0,2.721121087E0,-3.046242650E0,-3.151771736E0,5.159240189E0
8.882184292E0,2.298798774E0,-3.014199908E0,-2.083430326E0,4.325570345E0
8.892148292E0,1.847706990E0,-2.965287949E0,-1.058742620E0,3.650738237E0
8.902113833E0,1.236149628E0,-3.119870204E0,-3.436953892E-1,3.373393324E0
8.912078833E0,7.738242470E-1,-3.156683689E0,-2.438742086E-1,3.259283742E0
8.922042833E0,4.402356970E-1,-3.282511677E0,-4.938704520E-1,3.348521824E0
8.932007833E0,-2.425609971E-1,-3.950114601E0,-6.989697272E-1,4.018805777E0
8.941971833E0,-6.603034057E-1,-4.924920294E0,-1.408586649E0,5.164780425E0
8.951936833E0,-8.522083656E-1,-5.590231694E0,-2.355979427E0,6.125976538E0
8.961901833E0,-1.682664358E0,-5.761936351E0,-2.596576563E0,6.540143707E0
8.971865833E0,-2.085902529E0,-5.801813777E0,-1.543129912E0,6.355570973E0
8.981830833E0,-1.548274877E0,-6.047151836E0,2.657677829E-2,6.242267757E0
8.991794833E0,-1.292239045E0,-6.529957602E0,1.747490684E0,6.882147319E0
9.001759833E0,-1.483668407E0,-6.821441887E0,2.968536662E0,7.585878411E0
9.011724833E0,-1.540607131E0,-6.661046330E0,3.070802125E0,7.494853850E0
9.021688833E0,-1.416130288E0,-6.186093374E0,2.066575581E0,6.674122479E0
9.031653833E0,-1.441481184E0,-5.609454415E0,3.077261690E-1,5.799874330E0
9.041617833E0,-2.148746649E0,-4.977071611E0,-5.197962753E-1,5.445965676E0
9.051582833E0,-2.768892839E0,-3.620046294E0,-4.842136292E-1,4.583226545E0
9.061546833E0,-2.204069349E0,-1.675463512E0,-3.921961427E-1,2.796232731E0
9.071511833E0,-1.027877800E0,4.290979207E-1,-2.713444278E-2,1.114178655E0
9.081476833E0,2.366119302E-1,2.381851602E0,6.095583446E-1,2.469972395E0
9.091440833E0,9.697175927E-1,3.640106336E0,1.454423704E0,4.038078090E0
9.101405833E0,7.294552092E-1,3.948939310E0,2.337449892E0,4.646493148E0
9.111369833E0,1.060801864E-1,4.294320306E0,3.131901435E0,5.316130782E0
9.121334833E0,-5.605340461E-1,4.686721686E0,3.312477780E0,5.766460580E0
9.131299833E0,-2.276144760E0,4.672574347E0,3.550961148E0,6.294689117E0
9.141263833E0,-2.791408128E0,5.618827502E0,3.409681016E0,7.140665688E0
9.151228833E0,-2.687494919E0,7.032645655E0,3.384589444E0,8.254464220E0
9.161192833E0,-2.661211100E0,8.302314740E0,3.912691543E0,9.556130476E0
9.171157833E0,-2.604991291E0,9.193842049E0,4.476336235E0,1.055226503E1
9.181122833E0,-2.909511359E0,9.786386604E0,4.865286881E0,1.130971421E1
9.191086833E0,-3.212776614E0,1.001642542E1,4.617067899E0,1.148773380E1
9.201051833E0,-3.284317297E0,1.010291159E1,3.705382898E0,1.125101885E1
9.211015833E0,-3.184145722E0,9.598276999E0,2.973853243E0,1.054084951E1
9.220980833E0,-2.924684006E0,8.469623460E0,2.673321561E0,9.350665552E0
9.230944833E0,-2.449317361E0,7.153518713E0,2.617547602E0,8.001471174E0
9.240909833E0,-2.227372842E0,6.218791589E0,2.474215682E0,7.053814702E0
9.250874833E0,-2.248013805E0,5.631685529E0,2.228309858E0,6.460248664E0
9.260838833E0,-2.435482117E0,5.045679331E0,1.585808447E0,5.822820750E0
9.270803833E0,-2.977757136E0,4.160562909E0,6.841791952E-1,5.161920423E0
9.280767833E0,-3.331555491E0,2.901336951E0,-1.023808577E0,4.534887220E0
9.290732833E0,-3.157058204E0,5.470982409E-1,-4.265504934E0,5.334872569E0
9.300697833E0,5.649300559E-1,-2.886195586E0,-1.025230561E1,1.066578836E1
9.310661833E0,8.622399511E0,-7.640633292E0,-1.471709447E1,1.869004869E1
9.320626833E0,1.330158414E1,-1.434819948E1,-1.113816346E1,2.251358821E1
9.330590833E0,1.247047494E1,-1.974466264E1,-6.027770655E0,2.411842588E1
9.340555833E0,8.678764915E0,-1.951575818E1,-4.318812245E0,2.179077596E1
9.350519833E0,5.900683762E0,-1.328306483E1,-3.520134920E0,1.495490656E1
9.360484833E0,3.278607491E0,-4.300252306E0,-3.255441700E0,6.311841066E0
9.370449833E0,2.033957473E0,1.610501531E0,-3.401747806E0,4.278152209E0
9.380413833E0,1.292675247E0,3.657982444E0,6.703771350E-1,3.937162730E0
9.390378833E0,4.782569245E-1,2.521353888E0,5.102026609E0,5.711097148E0
9.400342833E0,1.363176003E-1,-4.706464809E-1,6.815875922E0,6.833465825E0
9.410307833E0,-2.171704133E-1,-3.151945106E0,6.051143146E0,6.826291402E0
9.420272833E0,-1.818239947E-1,-5.417717198E0,2.350235122E0,5.908326728E0
9.430236833E0,-6.091342753E-1,-6.597109950E0,-1.794709581E0,6.863955619E0
9.440201833E0,-3.847928075E0,-5.349144561E0,-4.142833274E0,7.783505993E0
9.450165833E0,-7.452395048E0,-2.150519963E0,-2.488177371E0,8.145793680E0
9.460130833E0,-9.220617034E0,8.563089448E-1,2.767094528E0,9.664877424E0
9.470094833E0,-9.770454696E0,2.420190040E0,5.568903390E0,1.150355553E1
9.480059833E0,-1.020750191E1,2.273275239E0,5.180245982E0,1.167029665E1
9.490024833E0,-9.778626180E0,1.868539158E0,4.625391702E0,1.097757792E1
9.499988833E0,-8.095695773E0,2.155260301E0,4.842926836E0,9.676744151E0
9.509953833E0,-6.016592533E0,2.488049902E0,5.427275641E0,8.476148825E0
9.519917833E0,-4.360269589E0,2.149197907E0,5.822720497E0,7.585187968E0
9.529882833E0,-3.424309580E0,1.033439818E0,5.825566921E0,6.836016670E0
9.539847833E0,-2.849002617E0,-6.262128228E-1,5.553356813E0,6.272856630E0
9.549811833E0,-2.426406508E0,-2.727819657E0,5.047201946E0,6.229181014E0
9.559776833E0,-8.869635576E-1,-4.239963419E0,3.561843694E0,5.608094565E0
9.569740833E0,1.110959499E0,-4.705829217E0,1.093885556E0,4.957382902E0
9.579705833E0,2.639547751E0,-3.693866807E0,-9.251673643E-1,4.633335620E0
9.589670833E0,3.052883917E0,-1.830866717E0,-1.119213209E0,3.731596354E0
9.599634833E0,2.605261725E0,-7.328023016E-2,1.390922503E-1,2.610001016E0
9.609599833E0,1.838689268E0,1.129096758E0,8.220647994E-1,2.308988576E0
9.619563833E0,1.688284702E0,2.272142633E0,6.601588333E-1,2.906672851E0
9.629528833E0,2.069097923E0,3.490444513E0,1.716590488E-1,4.061260389E0
9.639492833E0,2.609102468E0,4.514263907E0,-3.817553544E-1,5.227975848E0
9.649457833E0,2.782116025E0,5.104899346E0,-6.341562653E-1,5.848275052E0
9.659422833E0,2.197607883E0,4.849615173E0,-3.040470096E-1,5.332981560E0
9.669386833E0,1.545456958E0,4.418115801E0,5.802309036E-1,4.716444884E0
9.679351833E0,7.678497814E-1,4.043482940E0,2.155908757E0,4.646212451E0
9.689315833E0,-2.536989562E-1,3.169795486E0,2.465936317E0,4.024028889E0
9.699280833E0,-8.571497744E-1,1.522783940E0,7.778586066E-1,1.912757349E0
9.709245833E0,-5.257495814E-1,9.286840260E-1,-1.238732636E-2,1.067248841E0
9.719209833E0,-9.987232907E-1,9.136484957E-1,4.003049883E-1,1.411540247E0
9.729174833E0,-1.660274492E0,5.973065275E-1,-6.728157163E-2,1.765733074E0
9.739138833E0,-2.526014411E0,2.366911966E-1,-1.033758564E0,2.739603675E0
9.749103833E0,-3.108856974E0,2.426413232E-1,-2.466553198E0,3.975896273E0
9.759067833E0,-2.906966066E0,5.327865958E-1,-4.281004441E0,5.202048855E0
9.769032833E0,-2.659624751E0,4.771357208E-1,-4.896508673E0,5.592589695E0
9.778997833E0,-1.793276575E0,2.698174274E-1,-3.929846982E0,4.328087293E0
9.788961833E0,-4.181992223E-1,-1.842802638E-1,-2.069895191E0,2.119744303E0
9.798926833E0,1.713336074E0,-1.196692910E0,-9.171679348E-1,2.282277687E0
9.808890833E0,4.495478850E0,-2.038437025E0,-9.473536009E-1,5.026135139E0
9.818855833E0,6.758296636E0,-2.356988656E0,-1.892877900E0,7.403577222E0
9.828820833E0,8.059278730E0,-2.605921583E0,-3.376542506E0,9.118324420E0
9.838784833E0,7.977729952E0,-2.728669258E0,-4.539301100E0,9.575754047E0
9.848749833E0,6.460383922E0,-2.405774315E0,-4.405589896E0,8.181291634E0
9.858713833E0,4.742509385E0,-2.156245556E0,-3.304272675E0,6.169198334E0
9.868678833E0,3.148254636E0,-2.146247987E0,-1.988091329E0,4.297719721E0
9.878642833E0,1.955493394E0,-2.105693454E0,-6.991965991E-1,2.957494754E0
9.888607833E0,1.822988032E0,-2.379910911E0,-1.738992633E-1,3.002915627E0
9.898572833E0,2.158440601E0,-3.052456486E0,-3.838909037E-1,3.758154953E0
9.908536792E0,2.361334453E0,-3.738072926E0,-5.411808586E-1,4.454432211E0
9.918501792E0,2.183982847E0,-4.151908445E0,-5.609918100E-1,4.724704924E0
9.928465792E0,1.814632799E0,-4.229567070E0,-8.722882158E-1,4.684337363E0
9.938430792E0,1.197572696E0,-4.088588946E0,-1.674847800E0,4.577756556E0
9.948395792E0,-2.645075709E-2,-4.055418862E0,-2.512463197E0,4.770701531E0
9.958359792E0,-1.485295102E0,-3.688041226E0,-3.038271140E0,5.003882607E0
9.968324792E0,-2.594743753E0,-2.867763993E0,-3.312855803E0,5.092325504E0
9.978288792E0,-3.010385769E0,-2.170948965E0,-3.506478748E0,5.105960742E0
9.988253792E0,-2.913483080E0,-1.700283773E0,-3.100871431E0,4.582003077E0
9.998217792E0,-2.748071196E0,-1.475621468E0,-1.482709463E0,3.453662023E0
1.000818279E1,-2.385794964E0,-1.620683287E0,5.355189997E-1,2.933498343E0
1.001814779E1,-2.362031295E0,-2.362014338E0,1.766083660E0,3.778538747E0
1.002811179E1,-2.803106944E0,-3.605924683E0,2.193987579E0,5.066920451E0
1.003807679E1,-3.361299984E0,-4.695817614E0,2.896998317E0,6.460777035E0
1.004804079E1,-3.431311913E0,-5.402248973E0,3.421479528E0,7.257046064E0
1.005800579E1,-2.996907645E0,-5.686167546E0,2.659513654E0,6.956074300E0
1.006796979E1,-2.394991611E0,-5.422066941E0,7.027145764E-1,5.968969970E0
1.007793479E1,-2.352108424E0,-4.860405040E0,-1.282689811E0,5.549886877E0
1.008789979E1,-2.306576009E0,-3.784478184E0,-2.132264371E0,4.918243524E0
1.009786379E1,-1.659939447E0,-2.037236592E0,-1.697086662E0,3.128231934E0
1.010782879E1,-5.138494378E-1,-3.448103070E-1,-5.321222059E-1,8.161430234E-1
1.011779279E1,2.309714794E0,2.128614539E0,4.155058340E0,5.208674697E0
1.012775779E1,2.071773025E0,1.955869077E0,2.812713920E0,4.003626719E0
1.013772279E1,-1.941880783E-1,5.561187404E-1,2.381392595E-1,6.353639667E-1
1.014768679E1,-8.282580972E-2,1.456036220E0,-6.737954172E-1,1.606518550E0
1.015765179E1,5.733079465E-1,2.241572805E0,1.371858241E0,2.689856070E0
1.016761579E1,-1.692084807E-1,2.299854342E0,2.756345591E0,3.593800568E0
1.017758079E1,-8.449296784E-1,2.310687479E0,3.489593743E0,4.269712786E0
1.018754479E1,-1.286769998E0,2.543801349E0,3.784058646E0,4.737700093E0
1.019750979E1,-1.822100717E0,3.428419588E0,3.754381396E0,5.400878777E0
1.020747479E1,-2.150884244E0,4.636569532E0,3.646413728E0,6.278567761E0
1.021743879E1,-2.363189774E0,5.837430922E0,3.726227052E0,7.317447213E0
1.022740379E1,-2.493127624E0,6.664604360E0,3.720009123E0,8.029390046E0
1.023736779E1,-2.616917565E0,7.253556971E0,3.759923094E0,8.579007399E0
1.024733279E1,-2.620677617E0,7.743401030E0,3.754322046E0,8.995729249E0
1.025729779E1,-2.373867229E0,8.214048096E0,3.700806575E0,9.316748416E0
1.026726179E1,-2.123990561E0,8.667905467E0,3.671654696E0,9.650127941E0
1.027722679E1,-1.932050298E0,8.912692718E0,3.597188066E0,9.803503038E0
1.028719079E1,-1.861590911E0,8.573102805E0,3.274379954E0,9.364036336E0
1.029715579E1,-2.003090460E0,7.460864155E0,2.557342916E0,8.137374768E0
1.030711979E1,-2.112852346E0,6.089970412E0,1.246859973E0,6.565557436E0
1.031708479E1,-1.954677269E0,4.879143028E0,-6.738822484E-1,5.299143062E0
1.032704979E1,-1.459142991E0,3.674866864E0,-3.023420675E0,4.977430794E0
1.033701379E1,-1.013679811E0,2.181503774E0,-5.845812321E0,6.321394400E0
1.034697879E1,6.580710118E-1,-7.155477530E-1,-9.694699924E0,9.743319386E0
1.035694279E1,6.391370405E0,-5.882571427E0,-1.135372107E1,1.429549734E1
1.036690779E1,9.445690983E0,-1.335886697E1,-1.049127079E1,1.943571886E1
1.037687179E1,8.171658121E0,-1.907256496E1,-6.795769687E0,2.183394642E1
1.038683679E1,5.837253751E0,-1.818878170E1,-3.653150890E0,1.944867149E1
1.039680179E1,5.288056945E0,-1.201954585E1,-1.961406391E0,1.327705328E1
1.040676579E1,3.654237303E0,-4.290841212E0,-8.476769927E-1,5.699414431E0
1.041673079E1,2.053751614E0,9.637439311E-1,6.724765778E-2,2.269629992E0
1.042669479E1,1.285463437E0,3.308930567E0,1.966002595E0,4.057906350E0
1.043665979E1,3.166369602E-2,2.228942235E0,2.564420678E0,3.397858073E0
1.044662479E1,-9.985244854E-1,-1.858173214E0,1.924516599E0,2.855454952E0
1.045658879E1,-1.926690887E0,-4.851978618E0,2.284889856E0,5.698645096E0
1.046655379E1,-2.183095386E0,-6.466486661E0,2.118076687E0,7.146160091E0
1.047651779E1,-1.788078547E0,-5.270062723E0,3.601161834E0,6.628661445E0
1.048648279E1,-2.514116789E0,-1.768750575E0,3.817341582E0,4.901158902E0
1.049644679E1,-5.341587619E0,9.512297201E-1,2.685567969E0,6.053897223E0
1.050641179E1,-8.703921976E0,1.945494363E0,2.542037244E0,9.273896669E0
1.051637679E1,-1.162328355E1,1.169247249E0,5.655739220E0,1.297903101E1
1.052634079E1,-1.178364929E1,1.384176278E-1,6.558610128E0,1.348661992E1
1.053630579E1,-9.446509008E0,-1.266255480E-1,4.733894098E0,1.056703931E1
1.054626979E1,-6.646970912E0,3.254449135E-1,4.045880299E0,7.788278635E0
1.055623479E1,-4.426888964E0,7.628926581E-1,4.371757029E0,6.268302053E0
1.056619879E1,-2.764431706E0,8.009755737E-1,4.880050223E0,5.665556875E0
1.057616379E1,-2.125813138E0,1.159421003E-1,5.308684752E0,5.719672881E0
1.058612879E1,-2.192810242E0,-1.312392935E0,4.975768851E0,5.593663168E0
1.059609279E1,-1.551517451E0,-2.710217199E0,3.258047512E0,4.513020857E0
1.060605779E1,-3.965326205E-1,-4.055996566E0,1.411095397E0,4.312717993E0
1.061602179E1,8.917150050E-1,-4.389137585E0,-1.044381420E-1,4.480021397E0
1.062598679E1,2.117528510E0,-2.475491252E0,2.192388658E-1,3.264973141E0
1.063595079E1,2.586534263E0,-2.596631527E-1,9.996867657E-1,2.785131608E0
1.064591579E1,2.660918447E0,1.181214160E0,6.934844542E-1,2.992770383E0
1.065588079E1,2.564921784E0,2.112351093E0,-1.189019608E-1,3.324904296E0
1.066584479E1,2.110741501E0,2.837185394E0,-1.085557513E-1,3.537885667E0
1.067580979E1,1.849107544E0,3.351963735E0,-1.241949335E-1,3.830180671E0
1.068577379E1,1.742484736E0,3.387659233E0,-6.335797298E-1,3.861853364E0
1.069573879E1,1.576372795E0,3.284420793E0,-8.328667995E-1,3.737116300E0
1.070570279E1,1.286031056E0,3.227998670E0,-3.785147909E-1,3.495300379E0
1.071566779E1,9.136296384E-1,3.046678852E0,4.430715966E-1,3.211430146E0
1.072563279E1,3.201770107E-1,2.518689896E0,1.052318723E0,2.748397134E0
1.073559679E1,-2.562604386E-2,1.969348664E0,1.246693035E0,2.330929938E0
1.074556179E1,-6.643379845E-2,1.481949910E0,1.163199474E0,1.885105302E0
1.075552579E1,-1.790208760E-1,1.155439634E0,6.641021955E-1,1.344663879E0
1.076549079E1,-3.581967033E-1,9.074369985E-1,-4.296457682E-1,1.065993560E0
1.077545579E1,-5.734237213E-1,9.106260699E-1,-1.198909004E0,1.611036127E0
1.078541979E1,-7.262089813E-1,1.082776285E0,-1.614174752E0,2.074932311E0
1.079538479E1,-6.253384448E-1,1.227907101E0,-1.708062324E0,2.194602680E0
1.080534879E1,-3.676285545E-1,1.081681686E0,-1.782669287E0,2.117332239E0
1.081531379E1,-7.261664428E-2,9.922455990E-1,-1.918228358E0,2.160885128E0
1.082527779E1,3.908164191E-1,1.007614421E0,-2.274023098E0,2.517777858E0
1.083524279E1,1.167471157E0,1.041234741E0,-1.993318886E0,2.533866387E0
1.084520779E1,1.583900500E0,8.224354398E-1,-1.416393852E0,2.278445169E0
1.085517179E1,2.192443330E0,6.152873003E-1,-1.025447990E0,2.497384591E0
1.086513679E1,2.760525473E0,4.316654330E-1,-1.002330438E0,2.968417464E0
1.087510079E1,2.940938096E0,-2.359889460E-1,-1.378857212E0,3.256693857E0
1.088506579E1,3.310632691E0,-1.034240887E0,-1.853430098E0,3.932575004E0
1.089502979E1,3.886653600E0,-1.878689924E0,-2.557411328E0,5.017559639E0
1.090499433E1,4.610143041E0,-2.579431357E0,-3.443637552E0,6.305991165E0
1.091495933E1,5.105665331E0,-2.974144142E0,-3.573886034E0,6.905506009E0
1.092492333E1,5.229516960E0,-3.491468945E0,-3.201375713E0,7.055991035E0
1.093488833E1,4.935424232E0,-4.118049558E0,-2.768397872E0,6.998626386E0
1.094485233E1,4.817744924E0,-4.389557415E0,-2.267439718E0,6.900736434E0
1.095481733E1,5.086892846E0,-4.469235084E0,-1.721545711E0,6.986720310E0
1.096478133E1,5.349851489E0,-4.721202716E0,-1.536631901E0,7.298760418E0
1.097474633E1,4.935126609E0,-4.908544582E0,-1.131966571E0,7.051994958E0
1.098471133E1,3.853799264E0,-4.877809278E0,-1.347566861E-1,6.217953963E0
1.099467533E1,2.472891872E0,-5.042797238E0,2.990172529E-1,5.624447485E0
1.100464033E1,1.133276640E0,-5.319362352E0,-7.249100223E-1,5.486841197E0
1.101460433E1,-4.077070516E-1,-5.365066529E0,-2.029044058E0,5.750407263E0
1.102456933E1,-1.832761361E0,-4.742249184E0,-2.872238283E0,5.839323101E0
1.103453333E1,-2.515119587E0,-3.566721441E0,-3.329282386E0,5.489212109E0
1.104449833E1,-2.469168073E0,-2.267553154E0,-3.596621178E0,4.916733893E0
1.105446333E1,-2.133176537E0,-1.216382239E0,-3.263859644E0,4.084459286E0
1.106442733E1,-2.116675986E0,-6.331914747E-1,-2.210092565E0,3.125021252E0
1.107439233E1,-2.149030969E0,-6.990866715E-1,-5.057034624E-1,2.315770341E0
1.108435633E1,-2.404207261E0,-1.258320224E0,1.518918931E0,3.109774439E0
1.109432133E1,-3.174406600E0,-2.295361342E0,2.665227553E0,4.738035337E0
1.110428533E1,-4.043470661E0,-3.378034131E0,3.172533152E0,6.150263098E0
1.111425033E1,-4.500676732E0,-4.121768972E0,2.570342445E0,6.622063937E0
1.112421533E1,-4.595587275E0,-4.554129054E0,9.924269358E-1,6.545565297E0
1.113417933E1,-4.827377627E0,-4.655774712E0,-7.378390932E-1,6.747163808E0
1.114414433E1,-4.577223217E0,-4.337282138E0,-1.806451668E0,6.559440247E0
1.115410833E1,-4.070326923E0,-2.924959118E0,-1.065163887E0,5.124209325E0
1.116407333E1,-3.399961774E0,-1.245660417E0,-7.256730840E-2,3.621695177E0
1.117403733E1,-1.728731939E0,5.223060465E-1,6.849238381E-1,1.931434282E0
1.118400233E1,1.250692750E-1,1.825630535E0,1.539582552E0,2.391418744E0
1.119396733E1,1.662201734E0,2.117372097E0,2.183906249E0,3.466356258E0
1.120393133E1,3.155977053E0,2.022785198E0,2.730004177E0,4.637324005E0
1.121389633E1,2.613431747E0,1.453031920E0,2.446848081E0,3.863727836E0
1.122386033E1,1.161049891E0,8.335317010E-1,1.908148781E0,2.384081315E0
1.123382533E1,1.717339662E-1,4.371547991E-1,1.855116582E0,1.913649499E0
1.124378933E1,-6.675039594E-1,8.600435615E-1,2.256605119E0,2.505494588E0
1.125375433E1,-8.713744421E-1,2.229875450E0,3.160133254E0,3.964603401E0
1.126371933E1,-1.263141545E0,3.877364128E0,4.011659177E0,5.720392338E0
1.127368333E1,-1.979528666E0,5.157940609E0,4.485095364E0,7.116106062E0
1.128364833E1,-2.494875064E0,6.041170719E0,4.426239630E0,7.893778722E0
1.129361233E1,-2.605281313E0,6.885037959E0,4.078280013E0,8.415676222E0
1.130357733E1,-2.494442663E0,7.723557919E0,3.718128074E0,8.927489429E0
1.131354133E1,-2.516296339E0,8.358618164E0,3.616388568E0,9.448624829E0
1.132350633E1,-2.537212706E0,8.788439385E0,3.616054107E0,9.836155878E0
1.133347133E1,-2.406232737E0,9.180630265E0,3.588694985E0,1.014655901E1
1.134343533E1,-2.070942428E0,9.214547040E0,3.380755133E0,1.003126039E1
1.135340033E1,-1.591765005E0,8.679091775E0,2.548709794E0,9.184567027E0
1.136336433E1,-1.412268202E0,7.702375211E0,8.416251245E-1,7.875875711E0
1.137332933E1,-1.202628564E0,6.802596896E0,-1.172511749E0,7.006884029E0
1.138329333E1,-6.885792980E-1,6.024512002E0,-2.856736729E0,6.702971807E0
1.139325833E1,-4.335235320E-1,4.753677567E0,-5.455957403E0,7.249335435E0
1.140322333E1,3.320402219E0,1.382437901E0,-1.006038713E1,1.068398777E1
1.141318733E1,1.235759561E1,-7.020266515E0,-1.486322692E1,2.056477147E1
1.142315233E1,1.180137220E1,-1.844166442E1,-1.106832899E1,2.453314654E1
1.143311633E1,5.727443626E0,-2.395717923E1,-3.305834466E0,2.485314042E1
1.144308133E1,1.098236615E0,-2.032185767E1,-3.948893702E-1,2.035534230E1
1.145304533E1,1.243305743E0,-1.156677723E1,-3.707649279E-1,1.163931318E1
1.146301033E1,1.137586476E0,-2.611462405E0,-9.491212142E-1,3.002443998E0
1.147297533E1,1.967743018E-1,2.823909876E0,7.070081869E-1,2.917712749E0
1.148293933E1,-1.619263583E0,5.389927720E0,3.219757897E0,6.483839626E0
1.149290433E1,-4.767445421E0,4.288481861E0,3.069181277E0,7.109112900E0
1.150286833E1,-7.753896782E0,-5.045503914E-2,8.890457511E-1,7.804861522E0
1.151283333E1,-8.535034508E0,-4.675137182E0,-2.978191292E0,1.017709905E1
1.152279733E1,-4.698362322E0,-6.958523426E0,-1.937343929E0,8.616783523E0
1.153276233E1,-2.716336822E-1,-5.187977756E0,3.660870676E0,6.355381354E0
1.154272733E1,-1.129131403E0,-2.143796250E0,5.450252860E0,5.964566733E0
1.155269133E1,-5.374639590E0,-2.211007655E-2,5.702528640E0,7.836202682E0
1.156265633E1,-7.415782122E0,6.496946561E-1,5.758093561E0,9.411246946E0
1.157262033E1,-7.622830859E0,1.153100163E-1,4.701269266E0,8.956717000E0
1.158258533E1,-6.852443240E0,-2.910533452E-1,3.583105924E0,7.738174104E0
1.159254933E1,-5.507236315E0,7.960282445E-2,3.543964370E0,6.549478750E0
1.160251433E1,-4.103360767E0,6.817373979E-1,4.514405117E0,6.138582005E0
1.161247933E1,-2.711714964E0,9.916199470E-1,5.473030103E0,6.187953351E0
1.162244333E1,-1.458849607E0,8.365108573E-1,5.690329009E0,5.933619201E0
1.163240833E1,-7.088502060E-1,1.764040643E-1,5.582819763E0,5.630405271E0
1.164237233E1,-3.414901118E-1,-1.092371566E0,5.113067322E0,5.239594314E0
1.165233733E1,2.627861506E-1,-2.646072659E0,3.807781677E0,4.644346927E0
1.166230133E1,7.910708289E-1,-3.292655427E0,2.308386161E0,4.098294704E0
1.167226633E1,9.390737242E-1,-2.812592590E0,1.144439413E0,3.178408109E0
1.168223133E1,1.608412905E0,-1.155099326E0,4.995498526E-1,2.042252820E0
1.169219533E1,2.530313284E0,8.609031022E-1,-2.721761942E-2,2.672897354E0
1.170216033E1,2.738251382E0,2.368229343E0,-2.324899721E-1,3.627751706E0
1.171212433E1,2.638763347E0,3.307906135E0,-4.038462082E-1,4.250694856E0
1.172208933E1,2.483197882E0,3.906690838E0,-7.041217089E-1,4.682338348E0
1.173205333E1,2.040891394E0,4.142465776E0,-8.956402409E-1,4.703980424E0
1.174201833E1,1.335562235E0,3.869449922E0,-1.036891429E0,4.222737621E0
1.175198333E1,5.357496724E-1,3.320474725E0,-1.289941381E0,3.602294946E0
1.176194733E1,-4.530951130E-1,2.510725404E0,-1.125670874E0,2.788578877E0
1.177191233E1,-1.421955138E0,1.907589203E0,7.802290678E-2,2.380533670E0
1.178187633E1,-1.878405164E0,1.689833629E0,1.409846724E0,2.893373713E0
1.179184133E1,-2.161636835E0,1.184410248E0,1.187932611E0,2.736180793E0
1.180180533E1,-1.962885444E0,1.108962455E0,9.052530634E-1,2.429444402E0
1.181177033E1,-1.627680943E0,1.218691304E0,-1.729493100E-2,2.033433761E0
1.182173433E1,-1.434618746E0,1.240458734E0,-1.361179764E0,2.334454790E0
1.183169933E1,-7.959558121E-1,1.325250962E0,-2.456257421E0,2.902246765E0
1.184166433E1,1.569685042E-2,1.207593289E0,-3.138087789E0,3.362457868E0
1.185162833E1,3.694443342E-1,5.671015656E-1,-3.331795519E0,3.399846273E0
1.186159333E1,9.682796162E-1,4.573282778E-2,-3.035342855E0,3.186371471E0
1.187155733E1,1.473083338E0,-1.266524452E-1,-2.477724888E0,2.885331174E0
1.188152233E1,2.066357918E0,-3.418919617E-1,-1.938148360E0,2.853619495E0
1.189148633E1,3.432550938E0,-7.204933280E-1,-1.661836576E0,3.881136095E0
1.190145133E1,5.064589226E0,-1.395178984E0,-1.820019547E0,5.559591674E0
1.191141692E1,6.313742770E0,-2.237314863E0,-2.608165745E0,7.188285895E0
1.192138092E1,6.220134695E0,-2.746897953E0,-3.643666121E0,7.714390889E0
1.193134592E1,4.795112692E0,-2.521084916E0,-3.828350428E0,6.633644690E0
1.194130992E1,3.558399684E0,-2.053593008E0,-3.011579186E0,5.094022158E0
1.195127492E1,3.045509116E0,-1.748633230E0,-2.539260401E0,4.333669038E0
1.196123892E1,3.312856387E0,-1.479574186E0,-2.651349771E0,4.493752644E0
1.197120392E1,3.969301654E0,-1.603498321E0,-2.777716872E0,5.103163088E0
1.198116892E1,4.410672880E0,-2.340762632E0,-2.286205772E0,5.491806787E0
1.199113292E1,4.448672765E0,-3.159151214E0,-9.984418935E-1,5.546874073E0
1.200109792E1,4.088711153E0,-3.637289733E0,2.731193501E-1,5.479236231E0
1.201106192E1,3.297283206E0,-3.665766258E0,8.427615309E-1,5.002016173E0
1.202102692E1,1.946849163E0,-3.763686070E0,1.369400364E-1,4.239611665E0
1.203099092E1,1.703478107E-1,-3.935715832E0,-1.307903589E0,4.150841997E0
1.204095592E1,-1.196076467E0,-4.194232931E0,-2.452973624E0,5.003925298E0
1.205091992E1,-2.542591852E0,-4.037358567E0,-3.568197863E0,5.957942053E0
1.206088492E1,-3.566116839E0,-3.243156407E0,-3.715050684E0,6.085791188E0
1.207084992E1,-3.527250981E0,-2.716439222E0,-2.789234717E0,5.253605604E0
1.208081392E1,-2.918140972E0,-2.364805799E0,-1.138164035E0,3.924700061E0
1.209077892E1,-2.309109900E0,-2.314547811E0,6.574001169E-1,3.334860569E0
1.210074292E1,-1.859991405E0,-2.861521506E0,2.096895733E0,4.005601711E0
1.211070792E1,-1.681246408E0,-3.837425306E0,1.658554534E0,4.505910076E0
1.212067192E1,-1.683538955E0,-4.839158598E0,1.655691737E0,5.384521750E0
1.213063692E1,-1.903394995E0,-5.532106862E0,1.902975165E0,6.152108038E0
1.214060192E1,-2.712169000E0,-5.897423939E0,2.169197724E0,6.844040369E0
1.215056592E1,-3.630478896E0,-5.856516234E0,1.027534569E0,6.966705584E0
1.216053092E1,-4.187183527E0,-5.194238954E0,-5.546623452E-1,6.694794584E0
1.217049492E1,-4.127816747E0,-3.794427806E0,-1.315537860E0,5.759096573E0
1.218045992E1,-3.334120080E0,-2.016732745E0,-1.727332846E0,4.262305296E0
1.219042392E1,-1.801388417E0,-1.410582304E-1,-9.101224785E-1,2.023170922E0
1.220038892E1,-3.337196738E-1,1.299614430E0,2.496305001E-1,1.364801038E0
1.221035392E1,5.774665593E-1,1.977794967E0,9.904073806E-1,2.286054972E0
1.222031792E1,1.230197748E0,2.260701386E0,1.632379765E0,3.047756709E0
1.223028292E1,1.567382408E0,2.378259657E0,2.072478930E0,3.522495639E0
1.224024692E1,1.210716068E0,2.366113236E0,2.638744344E0,3.745303319E0
1.225021192E1,5.155281003E-1,2.236195706E0,3.310849038E0,4.028406858E0
1.226017592E1,-5.811820994E-1,2.119287645E0,3.997665328E0,4.561850593E0
1.227014092E1,-9.880021285E-1,2.253978258E0,4.599188575E0,5.216234441E0
1.228010592E1,-6.429607102E-1,2.696380933E0,4.613739371E0,5.382421350E0
1.229006992E1,-1.091708199E0,3.425907624E0,4.590699587E0,5.831225647E0
1.230003492E1,-2.081352518E0,4.522228984E0,4.639330587E0,6.804849123E0
1.230999892E1,-2.723716374E0,5.700666302E0,4.554347155E0,7.788344187E0
1.231996392E1,-2.948659052E0,6.582378475E0,4.541677993E0,8.523446227E0
1.232992792E1,-3.251107159E0,7.334951967E0,4.515494746E0,9.206568900E0
1.233989292E1,-3.400780092E0,8.014129454E0,4.266664145E0,9.695153380E0
1.234985692E1,-3.385678781E0,8.640833443E0,3.894836778E0,1.006462006E1
1.235982192E1,-3.658682941E0,8.973047093E0,3.730619481E0,1.038359556E1
1.236978692E1,-4.159872937E0,8.604942064E0,3.561486137E0,1.019969383E1
1.237975092E1,-4.506888229E0,7.479810888E0,3.061702688E0,9.253844378E0
1.238971592E1,-4.446521282E0,6.306036140E0,2.213981549E0,8.027412884E0
1.239967992E1,-4.332037185E0,5.278908976E0,8.640032959E-1,6.883307914E0
1.240964492E1,-4.537576171E0,4.022917113E0,-1.108613377E0,6.164615416E0
1.241960892E1,-4.525471265E0,1.841571799E0,-4.766688499E0,6.825876948E0
1.242957392E1,-1.629120089E0,-1.995019695E0,-1.268265987E1,1.294156085E1
1.243953892E1,5.697883027E0,-7.741766149E0,-1.830589325E1,2.067623132E1
1.244950292E1,1.162323327E1,-1.421602201E1,-1.179618104E1,2.182532292E1
1.245946792E1,1.204439535E1,-1.805051844E1,-3.242348030E0,2.194086361E1
1.246943192E1,8.847410309E0,-1.703714451E1,-1.007216810E0,1.922382501E1
1.247939692E1,5.644824808E0,-1.195396816E1,-1.278534633E0,1.328141757E1
1.248936092E1,4.688754178E0,-4.509175660E0,-1.802840720E0,6.750356697E0
1.249932592E1,3.313225639E0,1.290022073E0,-1.016873194E0,3.698060597E0
1.250929092E1,1.920956522E0,4.119244144E0,6.986156783E-1,4.598511731E0
1.251925492E1,2.402734932E-1,4.421315398E0,3.029612876E0,5.365101618E0
1.252921992E1,-1.976549510E0,2.522968889E0,4.743409564E0,5.724688138E0
1.253918392E1,-3.687964627E0,2.139864582E-1,3.799857531E0,5.299602867E0
1.254914892E1,-5.323320917E0,-2.838388166E0,4.873920295E-1,6.052416374E0
1.255911292E1,-6.174216510E0,-6.940939679E0,-2.910573213E0,9.734938601E0
1.256907792E1,-3.644470698E0,-8.251879581E0,-2.120194256E0,9.266655652E0
1.257904192E1,-1.141952373E0,-5.588986237E0,4.425093868E-1,5.721593916E0
1.258900692E1,-3.763757698E0,-2.045776450E0,3.112380798E0,5.295090889E0
1.259897192E1,-6.397214112E0,5.788714260E-1,3.831517864E0,7.479302753E0
1.260893592E1,-7.137974474E0,1.184700855E0,4.222068308E0,8.377353789E0
1.261890092E1,-7.179199099E0,7.771639574E-1,4.687268400E0,8.609028318E0
1.262886492E1,-6.540322376E0,9.063377219E-1,4.641912718E0,8.071221626E0
1.263882992E1,-5.514644737E0,1.408220614E0,4.482441898E0,7.244768957E0
1.264879392E1,-4.393426518E0,1.965308238E0,4.562854269E0,6.632063941E0
1.265875892E1,-3.284045109E0,2.178974268E0,4.575187509E0,6.038644043E0
1.266872392E1,-2.501271626E0,1.677864963E0,4.356353124E0,5.296168721E0
1.267868792E1,-2.235915624E0,6.037454814E-1,4.133433290E0,4.738047915E0
1.268865292E1,-2.186763929E0,-9.400714785E-1,3.650733651E0,4.358156383E0
1.269861692E1,-1.363929709E0,-2.354644507E0,2.605664306E0,3.767511311E0
1.270858192E1,4.012071405E-1,-2.838078849E0,1.242780225E0,3.124125703E0
1.271854592E1,2.250697531E0,-2.348646433E0,3.545530839E-1,3.272229719E0
1.272851092E1,2.975064201E0,-1.149321107E0,1.589555342E-1,3.193307513E0
1.273847492E1,2.867840299E0,3.384432739E-1,5.125881203E-1,2.932882271E0
1.274843992E1,2.538064353E0,1.689449467E0,8.113621290E-1,3.155046540E0
1.275840492E1,2.174551873E0,2.781942070E0,1.004942316E0,3.671210507E0
1.276836892E1,2.037661392E0,3.907083187E0,1.042882560E0,4.528241050E0
1.277833392E1,1.534073744E0,4.417529325E0,-2.186156988E-2,4.676368840E0
1.278829792E1,1.139457512E0,4.207878578E0,-2.334760466E0,4.945271679E0
1.279826292E1,8.444176085E-1,3.886615008E0,-3.053045300E0,5.013970774E0
1.280822692E1,-4.917401652E-1,3.750951419E0,-6.936996317E-1,3.846123258E0
1.281819192E1,-1.720336068E0,2.838517975E0,8.035477638E-2,3.320120084E0
1.282815692E1,-1.458836305E0,1.272763431E0,-4.464343303E-1,1.986814971E0
1.283812092E1,-2.772937504E-1,7.940980786E-1,4.710335666E-1,9.640312253E-1
1.284808592E1,1.312058182E-1,7.863084179E-1,1.257882852E0,1.489216292E0
1.285804992E1,6.341860861E-2,7.029756546E-1,1.153296044E0,1.352142173E0
1.286801492E1,2.712153505E-1,8.722958171E-1,1.931252738E-1,9.336782799E-1
1.287797892E1,7.851382439E-1,1.200128734E0,-1.228932118E0,1.888656980E0
1.288794392E1,8.778234825E-1,1.343583738E0,-2.572096025E0,3.031743606E0
1.289790892E1,1.125596907E0,9.774305087E-1,-4.249867433E0,4.503744220E0
1.290787304E1,1.166419681E0,2.660787177E-1,-5.280262606E0,5.414102506E0
1.291783804E1,9.622758414E-1,-2.336366111E-1,-4.239466406E0,4.353577411E0
1.292780204E1,1.503141974E0,-2.862767547E-1,-2.400512259E0,2.846726064E0
1.293776704E1,2.760211478E0,-4.599203485E-1,-1.468588584E0,3.160228877E0
1.294773104E1,3.824381922E0,-1.070317622E0,-1.214929790E0,4.153014724E0
1.295769604E1,4.471311430E0,-1.767530846E0,-1.395296367E0,5.006360270E0
1.296766004E1,4.914401153E0,-2.258113409E0,-1.758066689E0,5.686933563E0
1.297762504E1,5.212170610E0,-2.467715625E0,-2.233484936E0,6.184237854E0
1.298759004E1,5.113060305E0,-2.549761416E0,-2.752345219E0,6.341929767E0
1.299755404E1,4.509829963E0,-2.710315433E0,-3.318709450E0,6.220788411E0
1.300751904E1,3.768803845E0,-2.981802240E0,-3.393709931E0,5.883221407E0
1.301748304E1,3.406567082E0,-3.616115211E0,-2.693861075E0,5.651360543E0
1.302744804E1,3.398071370E0,-4.357175535E0,-1.757477143E0,5.798326792E0
1.303741204E1,3.472418132E0,-4.737846816E0,-9.058665825E-1,5.943523736E0
1.304737704E1,3.403274807E0,-5.175350693E0,-2.323513931E-1,6.198428945E0
1.305734204E1,2.964501206E0,-5.458089298E0,2.420267808E-1,6.215913702E0
1.306730604E1,1.744568392E0,-5.557359232E0,3.059906423E-1,5.832785851E0
1.307727104E1,6.981372298E-1,-5.327106405E0,-9.085602486E-1,5.448939343E0
1.308723504E1,1.677880459E-1,-4.636766583E0,-2.602419686E0,5.319806895E0
1.309720004E1,-5.448409232E-1,-3.517213066E0,-3.920790814E0,5.295303579E0
1.310716404E1,-1.085730152E0,-2.354535749E0,-4.624969241E0,5.302168333E0
1.311712904E1,-1.278128105E0,-1.749991538E0,-4.142547637E0,4.675123823E0
1.312709404E1,-1.605024736E0,-1.441491271E0,-2.318256115E0,3.166751159E0
1.313705804E1,-1.732086779E0,-1.089030467E0,2.831128263E-1,2.065493849E0
1.314702304E1,-1.607614614E0,-1.091076407E0,3.407987078E0,3.922913254E0
1.315698704E1,-2.241512871E0,-2.182991890E0,1.918569689E0,3.670251108E0
1.316695204E1,-2.901723745E0,-3.041599376E0,1.640733390E0,4.512575042E0
1.317691604E1,-3.527002475E0,-3.788443766E0,2.029080895E0,5.559606272E0
1.318688104E1,-3.981312127E0,-4.636357278E0,2.088448845E0,6.458194302E0
1.319684604E1,-4.131079493E0,-5.107998371E0,1.387037905E0,6.714263868E0
1.320681004E1,-4.075739982E0,-4.921531833E0,-2.488200760E-1,6.394923253E0
1.321677504E1,-4.319538470E0,-4.246866642E0,-1.414238860E0,6.220479115E0
1.322673904E1,-3.882111775E0,-2.761136507E0,-1.269611636E0,4.930170418E0
1.323670404E1,-2.543156986E0,-6.817151785E-1,-2.091563657E-1,2.641236344E0
1.324666804E1,-1.026645573E0,1.111966170E0,9.063396223E-1,1.764063890E0
1.325663304E1,2.114628730E-1,2.312915853E0,1.996187968E0,3.062525542E0
1.326659704E1,1.044752865E0,2.939369581E0,2.521943872E0,4.011434030E0
1.327656204E1,6.148928326E-1,3.501063641E0,3.196449434E0,4.780463241E0
1.328652704E1,1.271037187E0,3.366996342E0,2.215230806E0,4.226043945E0
1.329649104E1,1.177412374E0,2.796717399E0,1.751857384E0,3.503845374E0
1.330645604E1,5.383250785E-1,2.325324229E0,2.114630630E0,3.188822567E0
1.331642004E1,4.422793720E-1,1.770590694E0,2.337208695E0,2.965324085E0
1.332638504E1,-4.237480838E-1,1.920661238E0,3.388425218E0,3.917898351E0
1.333634904E1,-9.422343636E-1,2.921061364E0,4.037217356E0,5.071442504E0
1.334631404E1,-1.514197158E0,4.452844754E0,4.626551205E0,6.597393083E0
1.335627904E1,-1.901511899E0,6.013474213E0,4.499343567E0,7.747368079E0
1.336624304E1,-1.914891205E0,7.621929218E0,4.379734385E0,8.996815360E0
1.337620804E1,-1.789807568E0,8.882676621E0,4.176054229E0,9.977213239E0
1.338617204E1,-2.080287448E0,9.644125017E0,3.883080366E0,1.060259668E1
1.339613704E1,-2.535411764E0,9.963084784E0,3.660775659E0,1.091295788E1
1.340610104E1,-2.629847513E0,9.900444732E0,3.400628357E0,1.079347845E1
1.341606604E1,-2.636417152E0,9.528033228E0,3.113164325E0,1.036464687E1
1.342603004E1,-2.361074398E0,8.629664676E0,1.876717950E0,9.141545548E0
1.343599504E1,-2.021250450E0,7.477320558E0,-2.495954168E-1,7.749714446E0
1.344596004E1,-1.772518521E0,6.471134028E0,-1.961332716E0,6.990294953E0
1.345592404E1,-2.154946159E0,4.937158517E0,-3.961556432E0,6.686797180E0
1.346588904E1,-1.122473324E0,1.783789029E0,-9.847887619E0,1.007088577E1
1.347585304E1,7.652214287E0,-5.985616323E0,-1.527074043E1,1.809915742E1
1.348581804E1,1.162783269E1,-1.893902625E1,-1.153288092E1,2.503798216E1
1.349578204E1,8.214063299E0,-2.366440212E1,-5.425878156E0,2.563035149E1
1.350574704E1,5.843081086E0,-1.893014550E1,-2.324288395E0,1.994728858E1
1.351571204E1,5.635727125E0,-1.158742726E1,-1.278973466E0,1.294857768E1
1.352567604E1,4.046546881E0,-3.350604842E0,-1.016040551E0,5.351021666E0
1.353564104E1,2.522923281E0,2.822546305E0,-2.583144924E-1,3.794553452E0
1.354560504E1,1.649067719E0,5.335101303E0,2.814612511E0,6.253380992E0
1.355557004E1,-3.880167722E-1,5.532835425E0,5.227256427E0,7.621485066E0
1.356553404E1,-2.945916416E0,2.544334615E0,5.368005924E0,6.630803101E0
1.357549904E1,-5.256586645E0,-2.016387759E0,3.370837086E0,6.562016871E0
1.358546304E1,-8.106268124E0,-8.011315774E0,-1.835503851E0,1.154390912E1
1.359542804E1,-7.476557497E0,-1.130742632E1,-2.768422138E0,1.383549649E1
1.360539304E1,-3.009851041E0,-9.253617550E0,-3.701480466E-1,9.737846303E0
1.361535704E1,-3.770210978E0,-4.432606371E0,2.313019641E0,6.261992488E0
1.362532204E1,-6.972647960E0,5.169459039E-1,5.260727059E0,8.749874389E0
1.363528604E1,-8.084553319E0,3.191381067E0,6.745801721E0,1.100230686E1
1.364525104E1,-8.549691723E0,3.384995241E0,6.087906929E0,1.102805659E1
1.365521504E1,-8.289213468E0,1.514102579E0,4.911499765E0,9.753276192E0
1.366518004E1,-6.700876393E0,-1.584004873E-1,3.718716011E0,7.665225628E0
1.367514504E1,-4.932119971E0,-1.292680802E0,3.226865188E0,6.034027677E0
1.368510904E1,-3.057712548E0,-2.056434170E0,3.200017405E0,4.880434295E0
1.369507404E1,-1.575920951E0,-2.288372165E0,3.547124498E0,4.505803615E0
1.370503804E1,-8.497838907E-1,-2.030900549E0,3.881252819E0,4.462153420E0
1.371500304E1,-5.751714176E-1,-1.518502024E0,3.837221239E0,4.166645820E0
1.372496704E1,3.048872362E-1,-1.081500422E0,3.389815686E0,3.571197247E0
1.373493204E1,6.049357552E-1,-8.193557113E-1,2.979270688E0,3.148546471E0
1.374489704E1,9.764090002E-1,-3.979743612E-1,2.711393659E0,2.909194683E0
1.375486104E1,1.612059229E0,1.871705425E-1,2.095584787E0,2.650517566E0
1.376482604E1,2.190677471E0,9.131163990E-1,1.199745887E0,2.659368258E0
1.377479004E1,2.670808720E0,1.762491716E0,1.495958962E-2,3.199971884E0
1.378475504E1,3.147778088E0,2.709289831E0,-9.220332567E-1,4.254280621E0
1.379471904E1,3.552846583E0,3.614590257E0,-1.187868876E0,5.205671334E0
1.380468404E1,3.551754323E0,4.333262762E0,-1.344599984E0,5.761950542E0
1.381464804E1,2.995724460E0,4.764972634E0,-1.215381269E0,5.758166450E0
1.382461304E1,2.179176290E0,4.684117336E0,-1.051691902E0,5.272174160E0
1.383457804E1,1.361076414E0,4.412819393E0,-6.749253917E-1,4.667014923E0
1.384454204E1,3.839389971E-1,4.003716611E0,1.558914471E-1,4.025103477E0
1.385450704E1,-8.545603350E-1,3.294645234E0,1.159518067E0,3.595753431E0
1.386447104E1,-1.895527274E0,2.441155817E0,1.595815664E0,3.478346303E0
1.387443604E1,-2.350931087E0,1.678811043E0,1.372435654E0,3.198259388E0
1.388440004E1,-2.214392023E0,1.483623383E0,7.791309607E-1,2.776997556E0
1.389436504E1,-1.904540464E0,1.189801381E0,-5.336719008E-1,2.308182706E0
1.390433004E1,-1.348934378E0,6.653751343E-1,-2.702884791E0,3.093207756E0
1.391429329E1,-4.996567105E-1,1.713088006E-1,-4.480381631E0,4.511410322E0
1.392425829E1,2.533534223E-1,-3.450909734E-2,-4.848453332E0,4.855190886E0
1.393422229E1,7.008636403E-1,1.408605945E-1,-3.942057137E0,4.006353208E0
1.394418729E1,1.161147393E0,3.306945437E-1,-2.548655707E0,2.820153908E0
1.395415129E1,1.821894749E0,-3.650416732E-3,-1.361062381E0,2.274160198E0
1.396411629E1,2.927598843E0,-1.177070239E0,-1.082459658E0,3.335872936E0
1.397408129E1,4.669656294E0,-2.563881857E0,-1.841537154E0,5.636527226E0
1.398404529E1,6.207650889E0,-3.310875936E0,-2.766147571E0,7.559656170E0
1.399401029E1,6.614356313E0,-3.394890484E0,-3.374968436E0,8.164888412E0
1.400397429E1,5.871450022E0,-2.884723257E0,-3.977017640E0,7.655861999E0
1.401393929E1,4.564207900E0,-2.307490221E0,-4.178424398E0,6.604221023E0
1.402390329E1,3.533419501E0,-2.020632838E0,-3.374210637E0,5.287088789E0
1.403386829E1,3.068324075E0,-2.327005304E0,-2.204094345E0,4.437070902E0
1.404383229E1,3.232982837E0,-3.245474828E0,-1.412197305E0,4.793702756E0
1.405379729E1,3.838799694E0,-4.351790834E0,-1.155545468E0,5.916903911E0
1.406376229E1,4.333564478E0,-5.213537689E0,-8.760099685E-1,6.835799133E0
1.407372629E1,3.962008422E0,-5.865101116E0,-3.425084044E-1,7.086200240E0
1.408369129E1,2.701604835E0,-5.991858811E0,-2.441667156E-1,6.577283488E0
1.409365529E1,1.305592916E0,-5.895523009E0,-8.208023125E-1,6.093888812E0
1.410362029E1,-1.212043020E-1,-5.535264943E0,-1.724265982E0,5.798874171E0
1.411358429E1,-1.253415141E0,-4.553130350E0,-2.882275613E0,5.532590551E0
1.412354929E1,-1.754540526E0,-3.291053874E0,-3.977068511E0,5.452203408E0
1.413351429E1,-1.696588771E0,-2.342581701E0,-4.190707060E0,5.091967021E0
1.414347829E1,-1.551166033E0,-1.843785555E0,-2.539566795E0,3.500722888E0
1.415344329E1,-1.377716128E0,-1.538326424E0,1.904262265E-2,2.065166468E0
1.416340729E1,-1.351176201E0,-1.650354983E0,1.840338621E0,2.817125297E0
1.417337229E1,-2.235874109E0,-2.359693578E0,2.566009659E0,4.141460175E0
1.418333629E1,-3.703973134E0,-3.149155399E0,2.989521149E0,5.707349070E0
1.419330129E1,-5.121705413E0,-3.870546275E0,3.052559981E0,7.108524266E0
1.420326529E1,-6.131990842E0,-4.541685010E0,2.235063100E0,7.951334572E0
1.421323029E1,-6.640779296E0,-4.931128868E0,9.107050073E-1,8.321380004E0
1.422319529E1,-6.586811249E0,-4.654059724E0,-1.056428146E0,8.134026971E0
1.423315929E1,-5.780438111E0,-3.315129785E0,-2.567311249E0,7.141052954E0
1.424312429E1,-4.359452733E0,-1.174170020E0,-1.789618995E0,4.856566639E0
1.425308829E1,-2.674988602E0,9.239489508E-1,-3.368873298E-1,2.850041887E0
1.426305329E1,-5.770092705E-1,2.524809592E0,1.256755070E0,2.878721328E0
1.427301729E1,1.157891079E0,3.409647687E0,2.214436170E0,4.227308440E0
1.428298229E1,2.009938281E0,3.698401907E0,2.573301721E0,4.933549463E0
1.429294729E1,2.675091221E0,3.638509462E0,2.500509149E0,5.162112954E0
1.430291129E1,2.680514221E0,3.150368112E0,2.149937873E0,4.661781696E0
1.431287629E1,2.335021836E0,2.403817837E0,2.326683414E0,4.079720931E0
1.432284029E1,1.776621512E0,1.635234084E0,2.906897069E0,3.778944968E0
1.433280529E1,1.050277606E0,1.349068426E0,3.305573680E0,3.721543500E0
1.434276929E1,3.448497026E-1,1.489596899E0,4.094722091E0,4.370877399E0
1.435273429E1,-3.780773096E-3,1.998790564E0,5.017601001E0,5.401064508E0
1.436269929E1,-5.304759955E-1,3.102503389E0,5.586137474E0,6.411853393E0
1.437266329E1,-1.165282690E0,4.490868613E0,5.777293478E0,7.409649423E0
1.438262829E1,-1.761456320E0,5.658748198E0,5.541526726E0,8.113733912E0
1.439259229E1,-2.376657958E0,6.850922964E0,5.105449569E0,8.868442017E0
1.440255729E1,-2.878436039E0,8.225193474E0,4.204052160E0,9.675394373E0
1.441252129E1,-3.419383886E0,9.411662527E0,2.835794634E0,1.040736801E1
1.442248629E1,-3.799368703E0,9.659832392E0,2.382346568E0,1.065003003E1
1.443245029E1,-3.500657845E0,9.057420661E0,1.976928702E0,9.909577260E0
1.444241529E1,-2.642290972E0,7.959253920E0,3.490062690E-1,8.393642232E0
1.445238029E1,-1.927001812E0,6.679034704E0,-2.064596591E0,7.251579114E0
1.446234429E1,-1.579864021E0,5.719629407E0,-4.679899447E0,7.557221031E0
1.447230929E1,-1.407261086E0,4.442640193E0,-8.182860217E0,9.416827331E0
1.448227329E1,5.069226653E0,7.643082690E-1,-1.190833415E1,1.296493919E1
1.449223829E1,1.275584596E1,-5.649463404E0,-1.140245878E1,1.801788303E1
1.450220229E1,1.087379915E1,-1.409425023E1,-8.345854277E0,1.966063786E1
1.451216729E1,5.717148433E0,-1.926045471E1,-4.126922708E0,2.051054346E1
1.452213229E1,2.800575685E0,-1.735102773E1,-1.669422169E0,1.765469789E1
1.453209629E1,2.812892844E0,-1.019850187E1,4.480446535E-1,1.058879363E1
1.454206129E1,1.294936511E0,-2.973807927E0,-1.667266885E0,3.646940227E0
1.455202529E1,7.260161693E-1,1.483195367E0,-4.838205501E-1,1.720770263E0
1.456199029E1,-8.631930180E-1,2.176229001E0,2.576847180E0,3.481553711E0
1.457195429E1,-3.891154494E0,-1.435042377E0,5.270483723E0,6.706595902E0
1.458191929E1,-6.010730699E0,-5.445457558E0,4.472729380E0,9.262137964E0
1.459188329E1,-5.817757965E0,-8.437628666E0,-1.227327642E-1,1.024963163E1
1.460184829E1,-2.392354224E0,-7.803314525E0,-2.674899432E-1,8.166188045E0
1.461181329E1,-7.427465151E-1,-3.085594411E0,1.146068301E0,3.374320347E0
1.462177729E1,-3.958821397E0,1.198624245E0,3.198329021E0,5.228601674E0
1.463174229E1,-6.782725133E0,3.509368442E0,6.596641588E0,1.009141751E1
1.464170629E1,-8.797251724E0,3.616716304E0,8.240500315E0,1.258483691E1
1.465167129E1,-1.030702152E1,2.114582976E0,5.718138367E0,1.197511002E1
1.466163529E1,-9.824026301E0,2.035994643E-1,3.400956093E0,1.039805019E1
1.467160029E1,-7.647597325E0,-9.777556139E-1,2.677894668E0,8.161670831E0
1.468156529E1,-5.072088865E0,-1.415985716E0,3.059643591E0,6.090362871E0
1.469152929E1,-3.219151833E0,-1.362536902E0,4.221172515E0,5.480669917E0
1.470149429E1,-2.089476932E0,-1.296410156E0,4.901400746E0,5.483641347E0
1.471145829E1,-1.490437143E0,-1.831471903E0,4.420816338E0,5.011916730E0
1.472142329E1,-6.327124415E-1,-2.422416075E0,3.627664339E0,4.407762837E0
1.473138729E1,-1.734664962E-1,-2.550545527E0,3.093529083E0,4.013140329E0
1.474135229E1,1.038461407E0,-1.901435593E0,2.880253353E0,3.604125246E0
1.475131629E1,2.360783499E0,-8.331674194E-1,2.781729524E0,3.742390389E0
1.476128129E1,3.215321322E0,1.025952458E-1,2.430194042E0,4.031706843E0
1.477124629E1,3.446512628E0,8.947684211E-1,1.779717028E0,3.980760294E0
1.478121029E1,3.427570572E0,1.638254755E0,1.092413081E0,3.952908424E0
1.479117529E1,3.614356661E0,2.444951245E0,1.115262830E-1,4.365065723E0
1.480113929E1,3.676898772E0,3.104474486E0,-7.733058914E-1,4.873945877E0
1.481110429E1,3.323165029E0,3.514708704E0,-1.120035474E0,4.964985654E0
1.482106829E1,3.014042033E0,4.032861473E0,-1.000421176E0,5.133153374E0
1.483103329E1,2.814407858E0,4.245586687E0,-1.038865449E0,5.198570893E0
1.484099829E1,2.644273471E0,4.205739666E0,-1.075487804E0,5.083020986E0
1.485096229E1,2.107963196E0,3.659886298E0,-9.563308311E-1,4.330455543E0
1.486092729E1,9.301173247E-1,2.438022879E0,-8.493513429E-1,2.744170457E0
1.487089129E1,5.397871748E-2,1.481148841E0,-2.572763010E-1,1.504296077E0
1.488085629E1,-4.157200760E-1,1.099026867E0,3.507019615E-1,1.226244307E0
1.489082029E1,-7.856174232E-1,6.368120706E-1,3.388800609E-1,1.066566475E0
1.490078529E1,-1.029976366E0,3.215915984E-1,3.109104896E-1,1.122914869E0
1.491075004E1,-1.119242591E0,4.317543107E-1,3.421036309E-1,1.247457678E0
1.492071504E1,-1.153435939E0,6.232541317E-1,-4.513611212E-1,1.386573849E0
1.493068004E1,-1.294462156E0,5.356809676E-1,-1.674199929E0,2.183009797E0
1.494064404E1,-1.444040657E0,3.042914414E-1,-3.077037596E0,3.412624659E0
1.495060904E1,-1.541545901E0,7.279257238E-2,-4.232532778E0,4.505107794E0
1.496057304E1,-7.913162658E-1,-3.641178131E-2,-4.722556347E0,4.788532729E0
1.497053804E1,9.106316248E-1,-1.372189486E-1,-4.611976728E0,4.703021192E0
1.498050204E1,3.378245800E0,-1.162117739E0,-3.858251919E0,5.258247826E0
1.499046704E1,5.325890184E0,-2.403595058E0,-2.843637212E0,6.498357335E0
1.500043204E1,6.339289255E0,-3.255591096E0,-2.281577116E0,7.482717139E0
1.501039604E1,6.780646448E0,-3.903701157E0,-2.097801905E0,8.100421088E0
1.502036104E1,6.891635957E0,-4.098920977E0,-1.989351550E0,8.261556689E0
1.503032504E1,6.451603743E0,-3.897068076E0,-1.939143702E0,7.782712171E0
1.504029004E1,5.795693496E0,-3.525587448E0,-1.675419073E0,6.987621844E0
1.505025404E1,5.114113973E0,-3.358188681E0,-1.267875305E0,6.248127779E0
1.506021904E1,4.291730574E0,-3.693820029E0,-1.119745890E0,5.772095684E0
1.507018304E1,3.827195603E0,-4.294236690E0,-1.150195997E0,5.866075840E0
1.508014804E1,3.061181701E0,-4.901722636E0,-1.184516083E0,5.899219995E0
1.509011304E1,1.632394676E0,-5.609048034E0,-1.383360007E0,6.003317177E0
1.510007704E1,-8.331229806E-2,-6.315011031E0,-1.814437795E0,6.571034148E0
1.511004204E1,-1.465107882E0,-6.592081929E0,-2.195927685E0,7.100998780E0
1.512000604E1,-2.213735819E0,-6.218900932E0,-2.475739759E0,7.050151944E0
1.512997104E1,-2.393115239E0,-4.983257965E0,-2.289228197E0,5.983345739E0
1.513993504E1,-2.516424685E0,-3.615477864E0,-1.129886132E0,4.547605530E0
1.514990004E1,-2.723724560E0,-2.709720186E0,2.178391886E-1,3.848209048E0
1.515986504E1,-3.392708888E0,-2.219974360E0,1.353757893E0,4.274508181E0
1.516982904E1,-3.905302709E0,-2.312157469E0,2.424504701E0,5.145452794E0
1.517979404E1,-4.460936131E0,-2.698439738E0,3.139357220E0,6.085810705E0
1.518975804E1,-5.655198353E0,-2.950156524E0,3.134017543E0,7.106810669E0
1.519972304E1,-6.871857165E0,-3.220993121E0,2.080556127E0,7.869303107E0
1.520968704E1,-7.466455847E0,-3.406130002E0,1.995901747E-1,8.209112056E0
1.521965204E1,-6.757002062E0,-2.691472780E0,-1.831634164E0,7.500399076E0
1.522961604E1,-5.466926780E0,-1.269256856E0,-2.642072579E0,6.203132184E0
1.523958104E1,-4.202852896E0,1.555838835E-1,-1.811612128E0,4.579314065E0
1.524954604E1,-3.291651460E0,1.561763819E0,-2.064662080E-1,3.649205921E0
1.525951004E1,-2.244268371E0,2.875826719E0,1.492131228E0,3.941265716E0
1.526947504E1,-6.274193227E-1,3.924276339E0,2.380143045E0,4.632351531E0
1.527943904E1,8.222921830E-1,4.458469775E0,2.756792903E0,5.306036589E0
1.528940404E1,1.808270152E0,4.452534851E0,3.216169753E0,5.782616659E0
1.529936804E1,2.541919715E0,4.307488820E0,3.250437068E0,5.964994292E0
1.530933304E1,3.022240414E0,3.815516959E0,2.800677134E0,5.615683324E0
1.531929804E1,2.887801524E0,2.832674267E0,2.801556263E0,4.920585193E0
1.532926204E1,1.881653000E0,2.118909330E0,3.093957976E0,4.195589437E0
1.533922704E1,8.844125636E-1,1.982434148E0,3.349865462E0,3.991720099E0
1.534919104E1,5.906844096E-1,2.244584706E0,3.622207717E0,4.302029442E0
1.535915604E1,2.615980694E-1,3.034814267E0,3.943898133E0,4.983258339E0
1.536912004E1,-1.738648378E-1,4.275995716E0,4.130927466E0,5.948019004E0
1.537908504E1,-8.433044448E-1,5.357852234E0,4.059234754E0,6.774594434E0
1.538904904E1,-1.749180091E0,6.042631354E0,3.889459679E0,7.396007116E0
1.539901404E1,-2.576745147E0,6.466742769E0,3.738897384E0,7.901754947E0
1.540897904E1,-2.892847379E0,6.747626637E0,3.752248916E0,8.244901644E0
1.541894304E1,-2.994776042E0,6.811432039E0,3.781331797E0,8.346421995E0
1.542890804E1,-3.111699598E0,6.647129372E0,3.624031756E0,8.185389999E0
1.543887204E1,-3.190324183E0,6.290010676E0,3.067595804E0,7.691069283E0
1.544883704E1,-3.049754780E0,5.810798024E0,1.923364698E0,6.838545873E0
1.545880104E1,-2.753638038E0,5.274080930E0,-8.528193265E-2,5.950271011E0
1.546876604E1,-2.772759895E0,4.505400113E0,-2.397821225E0,5.808302182E0
1.547873104E1,-3.056433469E0,3.356308801E0,-4.930517249E0,6.701984383E0
1.548869504E1,-1.779956033E0,7.954493701E-1,-9.712131643E0,9.905881295E0
1.549866004E1,4.019747630E0,-4.925078754E0,-1.403608915E1,1.540865245E1
1.550862404E1,9.428343464E0,-1.254674134E1,-1.162162411E1,1.952886391E1
1.551858904E1,9.480949109E0,-1.690680774E1,-5.819106917E0,2.023834354E1
1.552855304E1,6.412753088E0,-1.670071677E1,-3.189089836E0,1.817161624E1
1.553851804E1,4.017911020E0,-1.317836810E1,-2.091101142E0,1.393505288E1
1.554848204E1,2.920222581E0,-6.890602754E0,-1.544155806E0,7.641500074E0
1.555844704E1,1.579063830E0,-9.537574714E-1,-1.726708218E0,2.526779999E0
1.556841204E1,-1.983653292E-1,1.420384576E0,-1.054093353E0,1.779874699E0
1.557837604E1,-2.300911373E0,3.858349568E-1,4.664408711E-1,2.379207609E0
1.558834104E1,-4.063140402E0,-2.410479569E0,3.273024862E0,5.747365782E0
1.559830504E1,-5.031800380E0,-4.833002649E0,3.618598231E0,7.859464538E0
1.560827004E1,-4.638985309E0,-6.122048821E0,1.316283380E0,7.793091069E0
1.561823404E1,-2.177181074E0,-4.253133103E0,1.823575823E0,5.114165367E0
1.562819904E1,-5.764485225E-1,-3.792761350E-1,3.316297766E0,3.387325517E0
1.563816304E1,-2.822678160E0,2.756478615E0,3.412974460E0,5.216711706E0
1.564812804E1,-5.180058872E0,4.284847232E0,2.660134335E0,7.229746911E0
1.565809304E1,-7.407832832E0,4.215544862E0,3.615506516E0,9.258439022E0
1.566805704E1,-9.158838862E0,2.681588647E0,4.949848144E0,1.075063922E1
1.567802204E1,-9.387438097E0,7.326631379E-1,3.510598111E0,1.004913371E1
1.568798604E1,-7.896840155E0,-2.326548636E-1,2.096243184E0,8.173643509E0
1.569795104E1,-5.591480659E0,1.735991549E-1,2.255610216E0,6.031796588E0
1.570791504E1,-3.720398840E0,6.963998759E-1,3.249528411E0,4.988564444E0
1.571788004E1,-2.629125674E0,5.712577665E-1,3.629225545E0,4.517733425E0
1.572784404E1,-1.763365143E0,-1.096563435E-1,3.445878789E0,3.872410331E0
1.573780904E1,-7.351002574E-1,-1.038423400E0,3.067995754E0,3.321339111E0
1.574777404E1,5.779154793E-1,-1.655567191E0,2.978749993E0,3.456564848E0
1.575773804E1,2.060639341E0,-1.644629974E0,3.350867967E0,4.263725880E0
1.576770304E1,3.406517380E0,-1.192288202E0,3.691895710E0,5.162945453E0
1.577766704E1,4.272169006E0,-5.323632574E-1,3.511967529E0,5.555965675E0
1.578763204E1,4.435812984E0,8.574064672E-2,2.638156114E0,5.161749313E0
1.579759604E1,4.202184559E0,8.958992726E-1,1.554009972E0,4.569019323E0
1.580756104E1,4.069952116E0,1.809679331E0,4.721416140E-1,4.479103394E0
1.581752604E1,4.070399720E0,2.775942242E0,-4.788588953E-1,4.950082328E0
1.582749004E1,3.915734142E0,3.766840058E0,-1.117257900E0,5.547100424E0
1.583745504E1,3.390550681E0,4.493759476E0,-1.599786508E0,5.852266656E0
1.584741904E1,2.537417359E0,4.571792908E0,-2.244949572E0,5.690305425E0
1.585738404E1,1.082243603E0,3.951467646E0,-2.236198629E0,4.667540261E0
1.586734804E1,-5.859566434E-1,2.717266603E0,-1.555590913E0,3.185395747E0
1.587731304E1,-1.554771280E0,1.410251352E0,-7.665840054E-1,2.234675288E0
1.588727704E1,-1.878758629E0,2.396183127E-1,-4.525189430E-1,1.947286398E0
1.589724204E1,-1.587234436E0,-2.002039862E-1,-3.647832263E-1,1.640872205E0
1.590720642E1,-9.318928318E-1,1.388468134E-1,1.533280095E-1,9.545743376E-1
1.591717042E1,-5.996623707E-1,4.675152969E-1,5.391559313E-1,9.321237203E-1
1.592713542E1,-3.769378334E-1,5.924942690E-1,2.134046237E-1,7.339435418E-1
1.593709942E1,2.103176227E-1,5.507410562E-1,-3.722694165E-1,6.972329108E-1
1.594706442E1,1.155320204E0,4.477446914E-1,-1.591967611E0,2.017325199E0
1.595702842E1,1.606955341E0,3.745059764E-1,-3.278011075E0,3.669866047E0
1.596699342E1,1.458132154E0,2.917234361E-1,-4.203185602E0,4.458477448E0
1.597695742E1,1.117516055E0,1.238346720E-1,-4.047804033E0,4.201058753E0
1.598692242E1,8.284592414E-1,-2.062903529E-1,-3.081743435E0,3.197818479E0
1.599688742E1,8.774966231E-1,-6.470838743E-1,-1.776775732E0,2.084622236E0
1.600685142E1,1.375715357E0,-1.450500661E0,-1.282342340E0,2.375067744E0
1.601681642E1,3.087564923E0,-2.634422666E0,-2.148670342E0,4.592387634E0
1.602678042E1,5.005289689E0,-3.491243243E0,-3.021464489E0,6.809622009E0
1.603674542E1,5.435005075E0,-3.999186773E0,-3.001186929E0,7.385113269E0
1.604670942E1,5.486692708E0,-3.721920578E0,-2.999488313E0,7.276910045E0
1.605667442E1,5.876199131E0,-3.154509110E0,-2.942419488E0,7.289614283E0
1.606663942E1,5.938321704E0,-2.746245403E0,-2.698400561E0,7.077209483E0
1.607660342E1,5.685974003E0,-2.738156365E0,-2.542457074E0,6.803814270E0
1.608656842E1,5.298885988E0,-3.230618223E0,-2.512258544E0,6.695261743E0
1.609653242E1,5.043873711E0,-4.026345336E0,-2.184415249E0,6.813500477E0
1.610649742E1,4.629382719E0,-4.363960644E0,-1.508262965E0,6.538363254E0
1.611646142E1,3.399348401E0,-4.365388534E0,-1.041900739E0,5.630074934E0
1.612642642E1,1.797764605E0,-4.519528740E0,-1.053607303E0,4.976764607E0
1.613639042E1,4.102880126E-1,-4.596789170E0,-1.194110779E0,4.767043893E0
1.614635542E1,-6.246514700E-1,-4.278963763E0,-1.886237510E0,4.717797398E0
1.615632042E1,-1.179296274E0,-3.720916611E0,-2.966753846E0,4.902814346E0
1.616628442E1,-1.828498009E0,-3.444670755E0,-2.705463413E0,4.746440125E0
1.617624942E1,-2.724075100E0,-3.434680202E0,-1.642605668E0,4.681427840E0
1.618621342E1,-2.792516467E0,-3.149350696E0,1.088365456E-1,4.210511064E0
1.619617842E1,-2.703286495E0,-3.249584252E0,1.964604818E0,4.661247448E0
1.620614242E1,-3.402285165E0,-3.730963297E0,2.981689389E0,5.863966497E0
1.621610742E1,-4.872391248E0,-4.225450045E0,3.122182778E0,7.165378556E0
1.622607142E1,-6.811209260E0,-4.935411369E0,2.323812285E0,8.726451770E0
1.623603642E1,-8.343207242E0,-5.680339626E0,6.570258951E-1,1.011469468E1
1.624600142E1,-8.537159386E0,-5.560978659E0,-1.310012387E0,1.027247324E1
1.625596542E1,-7.582144178E0,-4.125946223E0,-2.924120042E0,9.113880655E0
1.626593042E1,-6.458869493E0,-2.034815260E0,-2.815647175E0,7.333848736E0
1.627589442E1,-5.175333152E0,1.516299963E-1,-1.343262433E0,5.348964278E0
1.628585942E1,-3.840914340E0,1.732441120E0,-1.799275964E-2,4.213585046E0
1.629582342E1,-1.926747166E0,3.341679652E0,1.728296321E0,4.226841104E0
1.630578842E1,1.149526052E-1,4.493686970E0,3.020728909E0,5.415832330E0
1.631575242E1,1.950717680E0,5.153228922E0,3.571300396E0,6.566220702E0
1.632571742E1,3.467727495E0,5.110165933E0,3.607037116E0,7.151898112E0
1.633568242E1,4.046989223E0,4.295185109E0,2.957003321E0,6.600803401E0
1.634564642E1,3.762070777E0,3.440087122E0,2.306049467E0,5.595108585E0
1.635561142E1,3.019153377E0,2.701663308E0,2.114097072E0,4.569866318E0
1.636557542E1,1.445845107E0,2.339102023E0,2.166125889E0,3.500566771E0
1.637554042E1,4.237707417E-1,2.681536607E0,2.730198305E0,3.850221162E0
1.638550442E1,-8.527250402E-2,3.827554622E0,3.556421278E0,5.225473959E0
1.639546942E1,-5.833029576E-1,5.326791825E0,3.888929336E0,6.621081850E0
1.640543342E1,-8.684505419E-1,6.490596485E0,4.136575291E0,7.745534469E0
1.641539842E1,-1.084096367E0,7.348166090E0,4.591537786E0,8.732298039E0
1.642536342E1,-1.208839696E0,8.085066120E0,4.897651512E0,9.529773235E0
1.643532742E1,-1.407183025E0,8.767817425E0,4.903255483E0,1.014380110E1
1.644529242E1,-1.891005037E0,9.296564180E0,4.315132885E0,1.042220598E1
1.645525642E1,-2.665077572E0,9.209091588E0,2.719601980E0,9.965251691E0
1.646522142E1,-3.359678552E0,8.186963793E0,8.584113112E-1,8.891045276E0
1.647518542E1,-3.817520215E0,6.736947867E0,-9.678358126E-1,7.803629496E0
1.648515042E1,-4.162584291E0,5.407861716E0,-3.279300094E0,7.571385964E0
1.649511442E1,-4.031625664E0,3.695094137E0,-6.672499856E0,8.627281177E0
1.650507942E1,-3.924709253E-1,-1.800708532E-2,-1.252180647E1,1.252796851E1
1.651504442E1,7.319686641E0,-7.463512943E0,-1.502984917E1,1.830787274E1
1.652500842E1,9.509810380E0,-1.624209041E1,-9.754940279E0,2.119907673E1
1.653497342E1,5.405190707E0,-2.075400199E1,-3.719201915E0,2.176642249E1
1.654493742E1,1.360968679E0,-1.796118468E1,-9.315398061E-1,1.803674464E1
1.655490242E1,1.523940227E0,-1.121550926E1,-1.943088233E-1,1.132023841E1
1.656486642E1,2.059037350E0,-3.649933167E0,-1.249885615E0,4.373083693E0
1.657483142E1,8.260961623E-1,2.239232165E0,-9.826783848E-1,2.581133930E0
1.658479642E1,-1.276859844E0,5.546120299E0,1.263317839E0,5.829733561E0
1.659476042E1,-4.345416784E0,6.153648344E0,1.612689267E0,7.703947147E0
1.660472542E1,-7.186241485E0,2.935650167E0,2.101883115E0,8.042264682E0
1.661468942E1,-8.835971401E0,-1.754350052E0,6.558520666E-1,9.032290775E0
1.662465442E1,-8.271372444E0,-5.575837018E0,1.365853736E0,1.006832245E1
1.663461842E1,-4.339183068E0,-6.228919551E0,5.796106895E0,9.551062957E0
1.664458342E1,-6.138873307E-1,-5.827818684E0,5.990275385E0,8.379959872E0
1.665454742E1,-5.389940000E-1,-2.772589449E0,4.212615699E0,5.071873206E0
1.666451242E1,-4.353064942E0,2.388973510E-1,2.688470527E0,5.121925430E0
1.667447742E1,-7.314792522E0,1.989520973E-1,3.064281310E0,7.933195543E0
1.668444142E1,-8.301285045E0,-1.548078995E0,3.217000350E0,9.036424803E0
1.669440642E1,-5.833441951E0,-2.730365535E0,2.942354877E0,7.081058761E0
1.670437042E1,-2.592699274E0,-2.644569924E0,2.711514112E0,4.590005271E0
1.671433542E1,-2.146906457E-1,-1.953906167E0,2.877598133E0,3.484883412E0
1.672429942E1,1.533679642E0,-1.034922087E0,3.152366105E0,3.655222159E0
1.673426442E1,2.422036006E0,-1.961319852E-1,3.437063235E0,4.209290897E0
1.674422842E1,2.466985892E0,2.611740732E-1,3.482325654E0,4.275607939E0
1.675419342E1,1.957219784E0,3.905811417E-1,3.336756589E0,3.888085319E0
1.676415842E1,1.619062147E0,5.275492448E-1,3.313076828E0,3.725070269E0
1.677412242E1,1.649872003E0,9.305867100E-1,3.281248971E0,3.788754949E0
1.678408742E1,1.397264686E0,1.310380908E0,2.912820883E0,3.486254756E0
1.679405142E1,6.622369337E-1,1.542551038E0,2.314149030E0,2.858899648E0
1.680401642E1,9.119492948E-2,2.048259178E0,1.511845554E0,2.547422060E0
1.681398042E1,4.290350631E-2,2.942480884E0,5.629382019E-1,2.996153181E0
1.682394542E1,3.151105446E-1,3.836748784E0,-6.940574082E-1,3.911732553E0
1.683390942E1,7.955706999E-1,4.645407599E0,-1.332995600E0,4.897920147E0
1.684387442E1,9.953134869E-1,5.329237715E0,-1.477542279E0,5.619124019E0
1.685383942E1,4.509787863E-1,5.472356504E0,-1.276089327E0,5.637239710E0
1.686380342E1,-7.667122056E-1,4.777355282E0,-9.435710371E-1,4.929634611E0
1.687376842E1,-1.829371145E0,3.720510229E0,-4.787279177E-1,4.173484824E0
1.688373242E1,-2.421346035E0,2.577308233E0,1.220898628E-3,3.536302566E0
1.689369742E1,-2.455386770E0,1.622935635E0,2.881244749E-1,2.957340018E0
1.690366142E1,-1.823227768E0,1.063583384E0,6.538315612E-1,2.209720530E0
1.691362721E1,-1.373433920E0,8.006931531E-1,1.136252580E0,1.954098304E0
1.692359121E1,-9.734070396E-1,7.541387916E-1,1.134384980E0,1.674238891E0
1.693355621E1,-1.228555557E-1,6.922828513E-1,-4.485230289E-1,8.339795808E-1
1.694352121E1,7.714917196E-1,5.428677803E-1,-2.140399017E0,2.339062388E0
1.695348521E1,1.290856617E0,9.512425840E-2,-3.335501484E0,3.577838675E0
1.696345021E1,1.452496461E0,-3.423474598E-1,-3.738467029E0,4.025305389E0
1.697341421E1,1.778962591E0,-6.281412345E-1,-3.467525182E0,3.947530899E0
1.698337921E1,2.769101000E0,-1.029790571E0,-3.291228122E0,4.422733489E0
1.699334321E1,4.117699894E0,-1.726837733E0,-3.513221172E0,5.681561755E0
1.700330821E1,5.513413898E0,-2.713498072E0,-4.113994514E0,7.394981776E0
1.701327221E1,6.459409776E0,-3.720055316E0,-4.618971752E0,8.769132583E0
1.702323721E1,6.551180071E0,-4.119925345E0,-4.566345642E0,8.985725218E0
1.703320221E1,5.726608059E0,-3.840246003E0,-3.909055452E0,7.926048433E0
1.704316621E1,4.663041047E0,-3.589734328E0,-2.875185864E0,6.549567780E0
1.705313121E1,3.749856235E0,-3.421645589E0,-1.557182087E0,5.309792498E0
1.706309521E1,3.307114422E0,-3.580051339E0,-8.562072033E-1,4.948420370E0
1.707306021E1,3.187866598E0,-4.025540759E0,-9.968304008E-1,5.230787961E0
1.708302421E1,3.295653879E0,-4.414972923E0,-1.313707828E0,5.663845748E0
1.709298921E1,3.406255425E0,-4.716340756E0,-1.051496020E0,5.912029265E0
1.710295321E1,2.525981374E0,-4.411241230E0,-6.376412058E-1,5.123106226E0
1.711291821E1,1.058506685E0,-4.328103179E0,-8.900140500E-1,4.543681166E0
1.712288221E1,-1.037174727E-1,-4.860417904E0,-1.525210389E0,5.095163025E0
1.713284721E1,-8.927351980E-1,-5.052557995E0,-2.277940001E0,5.613762471E0
1.714281221E1,-1.212983106E0,-4.252801566E0,-3.090860413E0,5.395467289E0
1.715277621E1,-8.489787291E-1,-3.154433096E0,-3.738899723E0,4.964935465E0
1.716274121E1,-6.998112877E-1,-2.445914866E0,-3.070564728E0,3.987556033E0
1.717270521E1,-1.140209537E0,-2.247794243E0,-1.627328063E0,3.000142225E0
1.718267021E1,-1.487586772E0,-2.651508815E0,-2.333448350E-1,3.049239776E0
1.719263421E1,-1.957466098E0,-3.116142020E0,1.554115076E0,3.994657467E0
1.720259921E1,-2.834919890E0,-3.623144733E0,3.037705715E0,5.512858111E0
1.721256321E1,-3.876344374E0,-4.255003043E0,3.494420035E0,6.733651905E0
1.722252821E1,-4.866639634E0,-4.964096639E0,3.013169628E0,7.576650182E0
1.723249321E1,-5.809521577E0,-5.324960477E0,1.942997163E0,8.116710110E0
1.724245721E1,-6.313211258E0,-5.062870730E0,1.598558593E-1,8.094124431E0
1.725242221E1,-6.158382250E0,-3.775317936E0,-1.669781334E0,7.413964335E0
1.726238621E1,-5.292939370E0,-1.578039544E0,-1.768808901E0,5.799491435E0
1.727235121E1,-3.801759337E0,5.049772382E-1,-5.333676629E-1,3.872061097E0
1.728231521E1,-1.959525049E0,2.126928787E0,1.078571698E0,3.086564658E0
1.729228021E1,6.297666143E-1,3.963870760E0,5.112055753E0,6.499383926E0
1.730224421E1,2.975448655E0,4.731901367E0,3.086043477E0,6.384970602E0
1.731220921E1,3.229820663E0,4.359629611E0,8.334290823E-1,5.489327454E0
1.732217421E1,2.341731516E0,4.364976890E0,9.638559052E-1,5.046359871E0
1.733213821E1,1.584415640E0,4.448519568E0,1.354191464E0,4.912589316E0
1.734210321E1,1.176107202E0,4.599563674E0,2.563283394E0,5.395334642E0
1.735206721E1,6.207985935E-1,4.814931244E0,3.811963314E0,6.172521210E0
1.736203221E1,2.735475124E-1,4.635931016E0,3.390534601E0,5.749992131E0
1.737199621E1,-1.007877253E-2,4.713586133E0,3.146628817E0,5.667386411E0
1.738196121E1,-1.953635880E-1,5.292752843E0,3.237837195E0,6.207655701E0
1.739192521E1,-2.680723990E-1,6.208557792E0,3.312589170E0,7.042109036E0
1.740189021E1,-4.247862569E-1,7.278120539E0,3.568096999E0,8.116821924E0
1.741185521E1,-7.100710315E-1,8.296218433E0,4.224824686E0,9.337054395E0
1.742181921E1,-1.203101677E0,9.050104040E0,4.895528972E0,1.035944210E1
1.743178421E1,-1.782514628E0,9.349631170E0,5.178843820E0,1.083574569E1
1.744174821E1,-2.082315554E0,8.728118924E0,4.477244308E0,1.002805139E1
1.745171321E1,-2.109788259E0,7.312520878E0,2.644326680E0,8.057085806E0
1.746167721E1,-2.054440562E0,6.339740660E0,4.648185611E-1,6.680501026E0
1.747164221E1,-1.925675664E0,5.803100165E0,-1.214025811E0,6.233623100E0
1.748160621E1,-1.744096375E0,4.650115777E0,-3.586678281E0,6.126149687E0
1.749157121E1,-3.395572050E-1,1.453520163E0,-8.836374274E0,8.961558474E0
1.750153521E1,5.884053111E0,-6.661811146E0,-1.717897224E1,1.934215334E1
1.751150021E1,1.044152970E1,-1.781749988E1,-1.424190178E1,2.508626339E1
1.752146521E1,5.190569826E0,-2.244926417E1,-3.786238196E0,2.335052626E1
1.753142921E1,-4.386373606E-1,-1.830390168E1,5.972989261E-1,1.831889695E1
1.754139421E1,-3.671235012E-1,-1.154054896E1,-9.482780457E-2,1.154677627E1
1.755135821E1,7.886028653E-1,-3.452200214E0,-1.556430573E0,3.868081815E0
1.756132321E1,4.303514541E-1,3.396656928E0,-1.882866590E0,3.907386244E0
1.757128721E1,-1.418646784E0,7.287069703E0,1.200060029E0,7.520245184E0
1.758125221E1,-4.347861505E0,6.924370424E0,2.819458390E0,8.648708057E0
1.759121721E1,-6.013983505E0,1.617930418E0,3.495590647E0,7.141768017E0
1.760118121E1,-7.102253834E0,-4.199513551E0,4.638151789E-1,8.263960800E0
1.761114621E1,-6.786297197E0,-9.106302214E0,-3.442478049E-1,1.136208943E1
1.762111021E1,-3.075996206E0,-9.985877230E0,4.586736344E0,1.141129471E1
1.763107521E1,-2.904919760E-1,-8.295282294E0,5.973885055E0,1.022660240E1
1.764103921E1,-1.477138821E0,-2.962542681E0,6.020502566E0,6.870593088E0
1.765100421E1,-4.753788664E0,9.540895933E-1,5.311617715E0,7.191806197E0
1.766096821E1,-7.647755785E0,1.451168997E0,4.715113718E0,9.100898713E0
1.767093321E1,-8.903400908E0,-1.505225337E-1,3.912013559E0,9.726101729E0
1.768089721E1,-6.863742984E0,-1.483705829E0,3.298297113E0,7.758293278E0
1.769086221E1,-4.025694541E0,-1.743162575E0,3.128310660E0,5.388057153E0
1.770082721E1,-2.010692571E0,-1.429310351E0,3.486040682E0,4.270631374E0
1.771079121E1,-6.557873087E-1,-1.083473858E0,3.528466617E0,3.748873066E0
1.772075621E1,-1.221103281E-1,-8.804760718E-1,3.410011676E0,3.523964909E0
1.773072021E1,1.352602775E-1,-7.631932050E-1,3.564866412E0,3.648154567E0
1.774068521E1,2.683793047E-1,-3.835486954E-1,4.221106149E0,4.246984127E0
1.775064921E1,1.600424585E-1,-8.162713051E-4,3.939887820E0,3.943137113E0
1.776061421E1,-1.071465723E-1,3.375737929E-1,2.659518331E0,2.682997243E0
1.777057821E1,5.098092310E-2,9.199892163E-1,1.450752676E0,1.718622279E0
1.778054321E1,1.406745800E-1,2.104445073E0,2.405392492E-1,2.122813589E0
1.779050721E1,5.470261739E-1,3.538655975E0,-1.296482077E0,3.808174040E0
1.780047221E1,1.676880292E0,4.729750176E0,-1.730316242E0,5.308150199E0
1.781043721E1,2.470612335E0,4.902923654E0,-4.453800408E-1,5.508261890E0
1.782040121E1,2.323716537E0,4.705645030E0,9.059056127E-1,5.325731750E0
1.783036621E1,1.321119612E0,4.553517435E0,1.210478890E0,4.893376871E0
1.784033021E1,2.450645556E-1,4.639100792E0,1.369172907E0,4.843134031E0
1.785029521E1,-4.968376216E-1,4.135826848E0,7.030645323E-1,4.224477609E0
1.786025921E1,-1.043107751E0,2.688547418E0,-1.601878057E0,3.298844390E0
1.787022421E1,-1.139806664E0,8.507669538E-1,-2.845037035E0,3.180754529E0
1.788018821E1,-1.247041529E0,-1.463230634E-1,-3.213637909E0,3.450216171E0
1.789015321E1,-9.226621248E-1,8.966705203E-2,-2.532815015E0,2.697127635E0
1.790011821E1,-7.192297447E-1,4.645992905E-1,-5.227076040E-1,1.003178531E0
1.791008217E1,-4.803565134E-1,3.770723194E-1,-3.425036535E-1,7.001675990E-1
1.792004717E1,3.665514243E-1,2.907025123E-1,-1.376412345E0,1.453746485E0
1.793001117E1,1.233136266E0,1.231599033E-2,-2.573095315E0,2.853348249E0
1.793997617E1,1.519629075E0,-5.721442044E-1,-3.447772118E0,3.811004342E0
1.794994017E1,2.533540655E0,-1.046013671E0,-4.137136039E0,4.962747974E0
1.795990517E1,3.736737422E0,-1.123774622E0,-4.184443522E0,5.721507105E0
1.796986917E1,4.948079946E0,-1.287024205E0,-3.696857657E0,6.309253759E0
1.797983417E1,6.576135403E0,-1.539568373E0,-3.275860762E0,7.506469965E0
1.798979817E1,7.135930873E0,-2.588460628E0,-3.805132889E0,8.491211583E0
1.799976317E1,6.336426458E0,-3.628548145E0,-4.196871779E0,8.422018442E0
1.800972817E1,5.504860007E0,-3.420540465E0,-3.631364749E0,7.429023537E0
1.801969217E1,4.513229535E0,-2.857721985E0,-2.976742937E0,6.115293475E0
1.802965717E1,3.228455338E0,-2.615801623E0,-2.420298945E0,4.808657711E0
1.803962117E1,2.929428145E0,-2.610056734E0,-1.786284036E0,4.311004067E0
1.804958617E1,3.725025157E0,-2.952470852E0,-1.489052084E0,4.980981094E0
1.805955017E1,4.643469539E0,-3.349443001E0,-1.637658924E0,5.955040262E0
1.806951517E1,5.386973122E0,-3.791888945E0,-1.273643876E0,6.709699689E0
1.807947917E1,5.271677724E0,-4.271572883E0,-2.040099388E-1,6.788117631E0
1.808944417E1,3.955049651E0,-4.301685458E0,1.866249973E-1,5.846515579E0
1.809940817E1,2.365572222E0,-4.242453749E0,-4.217836386E-1,4.875679151E0
1.810937317E1,7.530272359E-1,-4.356044099E0,-1.209418059E0,4.583106179E0
1.811933817E1,-8.793662703E-1,-4.256914498E0,-1.584663854E0,4.626636533E0
1.812930217E1,-2.391148382E0,-3.970134882E0,-1.730339631E0,4.947083667E0
1.813926717E1,-3.747433149E0,-3.990231763E0,-1.153322942E0,5.594225463E0
1.814923117E1,-4.790700090E0,-4.236907080E0,2.080047566E-1,6.398863566E0
1.815919617E1,-5.480142657E0,-4.661599708E0,1.211814394E0,7.295955695E0
1.816916017E1,-5.857728361E0,-4.927891265E0,2.198882868E0,7.964432167E0
1.817912517E1,-6.614069799E0,-5.054985759E0,2.517121089E0,8.696821196E0
1.818908917E1,-7.531735917E0,-5.123622715E0,2.100667333E0,9.348334552E0
1.819905417E1,-7.706615612E0,-5.062515219E0,8.911940181E-1,9.263649999E0
1.820901917E1,-6.960600357E0,-4.581164240E0,-4.622024437E-1,8.345696749E0
1.821898317E1,-6.142698264E0,-3.356142740E0,-1.409878299E0,7.140321622E0
1.822894817E1,-5.068021542E0,-1.845611640E0,-1.788327638E0,5.682362221E0
1.823891217E1,-3.592356512E0,-6.691009802E-1,-1.327082895E0,3.887656163E0
1.824887717E1,-1.953269113E0,6.892118937E-1,3.012383178E-2,2.071516524E0
1.825884117E1,-2.885041419E-1,1.838932366E0,1.289212818E0,2.264282795E0
1.826880617E1,8.080407643E-1,2.537398063E0,2.106421286E0,3.395339370E0
1.827877017E1,1.947199411E0,2.948199461E0,2.532363610E0,4.346991035E0
1.828873517E1,2.600627806E0,3.015355902E0,2.636941939E0,4.775887247E0
1.829869917E1,2.692812085E0,3.050574852E0,2.536057881E0,4.794667186E0
1.830866417E1,2.389924852E0,3.080513180E0,2.577881553E0,4.674053439E0
1.831862917E1,1.663635179E0,2.951940510E0,2.825738008E0,4.412077750E0
1.832859317E1,4.510717571E-1,3.055835592E0,3.256708499E0,4.488624192E0
1.833855817E1,-1.803263766E-1,3.533781736E0,3.566054566E0,5.023631767E0
1.834852217E1,5.271411091E-3,4.518942264E0,3.658631193E0,5.814331361E0
1.835848717E1,6.872736879E-2,5.702433330E0,4.033442394E0,6.985064558E0
1.836845117E1,-3.553302520E-1,6.705003943E0,3.892199391E0,7.760963443E0
1.837841617E1,-1.373193745E0,7.799143707E0,4.319277391E0,9.020446818E0
1.838838017E1,-1.767660362E0,8.387604566E0,4.410047813E0,9.639764272E0
1.839834517E1,-1.833328102E0,8.629124978E0,3.956218509E0,9.668223969E0
1.840830917E1,-2.033277442E0,8.709424791E0,3.768310048E0,9.705073826E0
1.841827417E1,-2.343748513E0,8.315752226E0,3.450658011E0,9.303329129E0
1.842823917E1,-2.493632823E0,7.287600630E0,2.604412709E0,8.130823646E0
1.843820317E1,-2.238434897E0,6.201729414E0,7.321281177E-1,6.633856351E0
1.844816817E1,-1.747638618E0,5.686969784E0,-1.488427455E0,6.132803792E0
1.845813217E1,-2.209863062E0,5.024165086E0,-2.884368331E0,6.200428230E0
1.846809717E1,-2.892958476E0,2.289802979E0,-6.562961626E0,7.528935631E0
1.847806117E1,2.317332108E0,-4.372711587E0,-1.451726354E1,1.533758701E1
1.848802617E1,1.006535375E1,-1.284197077E1,-1.465202432E1,2.192964605E1
1.849799017E1,6.172847677E0,-1.809713478E1,-7.527035340E0,2.054912642E1
1.850795517E1,2.406302903E0,-1.554315519E1,-3.294767441E0,1.606970626E1
1.851791917E1,1.627757395E0,-1.021448933E1,-9.460815391E-1,1.038655172E1
1.852788417E1,1.300892485E0,-3.950053205E0,1.123027933E-1,4.160270844E0
1.853784917E1,1.246899296E0,2.085046935E0,-9.538758776E-1,2.609991909E0
1.854781317E1,3.102867378E-1,5.817843919E0,1.541076955E0,6.026483544E0
1.855777817E1,-2.136303335E0,6.991071367E0,2.593380475E0,7.756577408E0
1.856774217E1,-5.238061497E0,3.735587275E0,2.011995623E0,6.740921815E0
1.857770717E1,-6.548644134E0,-1.798352104E0,1.026975429E0,6.868295918E0
1.858767117E1,-8.642557787E0,-7.283828591E0,-1.089746751E0,1.135497741E1
1.859763617E1,-7.564566863E0,-9.800039853E0,3.622111823E0,1.289895914E1
1.860760017E1,-3.441998869E0,-1.223213892E1,5.561769787E0,1.387104401E1
1.861756517E1,-1.536318929E0,-9.974557021E0,3.406412423E0,1.065155900E1
1.862753017E1,-3.738806752E0,-2.377014785E0,3.078245338E0,5.394855844E0
1.863749417E1,-6.331489654E0,1.829304340E0,3.712125615E0,7.563993138E0
1.864745917E1,-7.427575371E0,2.283941730E0,3.767128326E0,8.635769887E0
1.865742317E1,-6.966653395E0,8.175009745E-1,4.145346699E0,8.147789063E0
1.866738817E1,-5.184874054E0,-6.728771120E-1,4.190538952E0,6.700470078E0
1.867735217E1,-2.793933248E0,-1.327729012E0,4.456282624E0,5.424701112E0
1.868731717E1,-6.629206194E-1,-1.309123757E0,4.911412057E0,5.125937685E0
1.869728117E1,8.030487040E-1,-9.382717055E-1,4.978570252E0,5.129464180E0
1.870724617E1,1.541375747E0,-6.627310234E-1,4.941905286E0,5.218953867E0
1.871721017E1,1.266900720E0,-8.162759829E-1,4.929661217E0,5.154891233E0
1.872717517E1,8.531265246E-1,-9.770422536E-1,4.371670490E0,4.560037205E0
1.873713917E1,1.356914658E0,-4.530814451E-1,3.292011648E0,3.589406759E0
1.874710417E1,1.968178051E0,4.160001576E-1,1.821186651E0,2.713577305E0
1.875706917E1,2.487873316E0,1.251374901E0,7.106061248E-1,2.874093569E0
1.876703317E1,2.906826610E0,1.871931712E0,-1.096586823E-1,3.459160924E0
1.877699817E1,2.777726812E0,2.556986820E0,-8.438643888E-1,3.868598577E0
1.878696217E1,2.461307369E0,3.260288749E0,-1.297753261E0,4.286219805E0
1.879692717E1,2.092622588E0,3.608326719E0,-1.294304574E0,4.367415178E0
1.880689117E1,1.546033347E0,3.970306790E0,-9.399995577E-1,4.363158751E0
1.881685617E1,8.250751653E-1,4.238313335E0,-4.548256695E-1,4.341764082E0
1.882682017E1,-1.590737942E-1,4.165985032E0,2.154663885E-1,4.174585192E0
1.883678517E1,-1.085129789E0,3.940217603E0,5.782504517E-1,4.127613718E0
1.884674917E1,-1.953018852E0,3.291932711E0,4.000427406E-2,3.827885050E0
1.885671417E1,-2.683881925E0,2.330877330E0,-5.292402595E-1,3.593926344E0
1.886667917E1,-2.681623438E0,1.536769311E0,-8.119520400E-1,3.195626745E0
1.887664317E1,-1.883208652E0,1.077855853E0,-1.061466692E0,2.415566105E0
1.888660817E1,-6.543595648E-1,1.003172291E0,-1.323269341E0,1.784820113E0
1.889657217E1,5.646207382E-1,1.200493015E0,-1.639825902E0,2.109267419E0
1.890653717E1,1.213458923E0,1.105662872E0,-2.172366769E0,2.722893740E0
1.891650054E1,1.178139402E0,5.745848322E-1,-3.036567262E0,3.307400931E0
1.892646554E1,7.897670460E-1,-1.366815895E-1,-3.666069143E0,3.752662629E0
1.893642954E1,3.182481605E-1,-6.794072825E-1,-3.488141879E0,3.567913945E0
1.894639454E1,2.881124881E-1,-1.069123621E0,-2.745296985E0,2.960184058E0
1.895635854E1,1.296093822E0,-1.694168170E0,-2.343259540E0,3.168742693E0
1.896632354E1,3.019682550E0,-2.600307671E0,-2.442241645E0,4.673823589E0
1.897628854E1,4.814262030E0,-3.463371904E0,-3.049055745E0,6.668493442E0
1.898625254E1,5.803395449E0,-3.908378345E0,-3.341522947E0,7.753747199E0
1.899621754E1,5.610680577E0,-3.441220313E0,-3.148461335E0,7.296200556E0
1.900618154E1,4.436934480E0,-2.568874210E0,-3.048521894E0,5.964812489E0
1.901614654E1,2.900284452E0,-2.126180343E0,-3.071722476E0,4.729457868E0
1.902611054E1,1.956464032E0,-2.291370617E0,-2.952540434E0,4.218486201E0
1.903607554E1,1.987043800E0,-3.051598699E0,-2.621657025E0,4.487057303E0
1.904603954E1,2.613926421E0,-3.891020300E0,-2.062907622E0,5.121351206E0
1.905600454E1,3.192117816E0,-4.553694021E0,-1.341665851E0,5.720647922E0
1.906596854E1,3.239968506E0,-5.073716145E0,-5.953067797E-1,6.049329021E0
1.907593354E1,2.490787568E0,-5.426837100E0,-2.267136540E-1,5.975448326E0
1.908589754E1,1.560614549E0,-5.467505654E0,-5.303295958E-1,5.710550352E0
1.909586254E1,1.114618029E0,-4.973314775E0,-1.367723383E0,5.277016245E0
1.910582754E1,9.124191186E-1,-3.767935241E0,-2.444734313E0,4.583292538E0
1.911579154E1,8.762742627E-1,-2.315368760E0,-3.213909804E0,4.056846720E0
1.912575654E1,8.571217078E-1,-1.380410087E0,-2.848868716E0,3.279671110E0
1.913572054E1,5.070604549E-1,-1.458693194E0,-1.218032323E0,1.966849989E0
1.914568554E1,3.371241421E-1,-1.759188623E0,3.494997740E-1,1.824978737E0
1.915564954E1,-1.649021526E-1,-2.285317580E0,1.441564361E0,2.707023636E0
1.916561454E1,-1.703887704E0,-3.374952648E0,1.996884956E0,4.275638925E0
1.917557854E1,-3.432606195E0,-4.489596843E0,2.466201196E0,6.166150618E0
1.918554354E1,-4.798335092E0,-5.256051040E0,3.088244369E0,7.758050366E0
1.919550754E1,-6.371838951E0,-6.034313105E0,3.245498217E0,9.356629999E0
1.920547254E1,-7.569442272E0,-6.579520356E0,2.655636950E0,1.037491937E1
1.921543754E1,-7.573708985E0,-6.130448347E0,1.349990532E-1,9.744828858E0
1.922540154E1,-6.246913773E0,-3.923898025E0,-2.418573578E0,7.763401673E0
1.923536654E1,-4.271041371E0,-9.115996313E-1,-2.077141500E0,4.836044364E0
1.924533054E1,-2.353668168E0,1.576143292E0,-5.385920039E-1,2.883411672E0
1.925529554E1,-4.839322320E-1,3.018892883E0,1.168387416E0,3.273077115E0
1.926525954E1,8.968652326E-1,3.532874833E0,2.187434897E0,4.250934399E0
1.927522454E1,2.613724985E0,3.838408223E0,3.033876958E0,5.547012293E0
1.928518854E1,3.709589092E0,3.403121025E0,2.465342532E0,5.605372222E0
1.929515354E1,3.886462396E0,2.642475452E0,1.790509526E0,5.029233623E0
1.930511754E1,3.065022444E0,1.998056738E0,1.976575238E0,4.158538564E0
1.931508254E1,1.922813159E0,1.688019238E0,2.487608729E0,3.568587477E0
1.932504654E1,1.354603108E0,1.844542769E0,3.415491979E0,4.111310383E0
1.933501154E1,5.564610218E-1,2.450994927E0,4.769781676E0,5.391460121E0
1.934497654E1,-4.755223644E-1,3.676263764E0,5.521035744E0,6.650028005E0
1.935494054E1,-8.367071776E-1,5.153862176E0,5.594774981E0,7.652704183E0
1.936490554E1,-7.096522247E-1,6.410773221E0,5.003694568E0,8.163245611E0
1.937486954E1,-9.412147553E-1,7.199218211E0,5.212714401E0,8.937953877E0
1.938483454E1,-1.164593815E0,7.746190737E0,5.566974978E0,9.609940692E0
1.939479854E1,-1.448650309E0,8.297351038E0,5.599738097E0,1.011442973E1
1.940476354E1,-1.929683345E0,8.900599506E0,5.101857040E0,1.043902748E1
1.941472754E1,-2.551019737E0,9.491895096E0,3.616039782E0,1.047279895E1
1.942469254E1,-3.398196792E0,9.427300320E0,1.418763728E0,1.012099912E1
1.943465654E1,-4.339171081E0,8.389532978E0,-1.209490710E-1,9.446020217E0
1.944462154E1,-4.955098944E0,7.013887787E0,-9.726737988E-1,8.642552965E0
1.945458654E1,-5.156815020E0,5.277030265E0,-2.982167691E0,7.958210459E0
1.946455054E1,-2.671393734E0,2.209272786E0,-8.800299878E0,9.458462278E0
1.947451554E1,3.705789279E0,-3.602942019E0,-1.497539873E1,1.584224203E1
1.948447954E1,6.085085063E0,-1.202749806E1,-1.307150555E1,1.877640081E1
1.949444454E1,4.446547303E0,-1.856981902E1,-6.206555121E0,2.007812959E1
1.950440854E1,3.055084224E0,-1.873787034E1,-1.976782814E0,1.908792798E1
1.951437354E1,4.215416808E0,-1.387224081E1,-4.597440550E-1,1.450586669E1
1.952433754E1,4.864003417E0,-6.532117563E0,2.264720178E-1,8.147292721E0
1.953430254E1,3.875034598E0,1.400677121E-1,-3.241901010E-1,3.891093846E0
1.954426654E1,3.297248707E0,3.992913880E0,1.869998038E-2,5.178374260E0
1.955423154E1,2.126026561E0,6.093579313E0,2.772276623E0,7.024045519E0
1.956419554E1,3.924594136E-1,6.191662263E0,3.520301566E0,7.133248144E0
1.957416054E1,-1.224275322E0,3.356939131E0,4.528952405E0,5.768821395E0
1.958412554E1,-3.222545557E0,-6.577918804E-1,4.668595609E0,5.710803358E0
1.959408954E1,-5.792813158E0,-6.599740028E0,1.788240807E0,8.961643705E0
1.960405454E1,-6.704056109E0,-1.128969639E1,1.595442319E0,1.322675505E1
1.961401854E1,-3.681555202E0,-1.168819817E1,1.575878120E0,1.235521012E1
1.962398354E1,-3.048053825E0,-7.647380978E0,-9.867015615E-1,8.291359835E0
1.963394754E1,-6.574751367E0,-1.616577373E0,-1.432962522E-1,6.772090649E0
1.964391254E1,-9.624372538E0,1.402083961E0,3.058805100E0,1.019562037E1
1.965387654E1,-1.023807817E1,2.567850947E0,6.071382698E0,1.217677260E1
1.966384154E1,-8.438458385E0,2.645872684E0,6.080524235E0,1.073224101E1
1.967380554E1,-5.816861002E0,1.995169968E0,3.871562229E0,7.266744058E0
1.968377054E1,-3.603753027E0,1.518268136E0,3.167126817E0,5.032183054E0
1.969373454E1,-1.910975764E0,9.800968391E-1,3.627149491E0,4.215285473E0
1.970369954E1,-5.923943547E-1,5.114793420E-2,3.532267600E0,3.581963370E0
1.971366454E1,1.857480245E-1,-6.726367915E-1,3.450070074E0,3.519932683E0
1.972362854E1,4.792470042E-1,-1.010698827E0,3.461400516E0,3.637648051E0
1.973359354E1,6.744126640E-1,-1.033019988E0,3.262595476E0,3.488049882E0
1.974355754E1,9.600308760E-1,-1.057385336E0,3.221905872E0,3.524258855E0
1.975352254E1,1.642291673E0,-9.287173551E-1,3.188628198E0,3.704994959E0
1.976348654E1,2.353578414E0,-4.778794867E-1,2.956724117E0,3.809188582E0
1.977345154E1,2.699139649E0,3.192731774E-1,2.140830688E0,3.459833268E0
1.978341554E1,2.923092102E0,1.092596099E0,9.662246123E-1,3.266775730E0
1.979338054E1,3.180257324E0,1.897358914E0,-1.055361760E-1,3.704746331E0
1.980334454E1,3.363935909E0,2.647451432E0,-9.445697415E-1,4.383751348E0
1.981330954E1,3.262219500E0,3.296264913E0,-1.449718888E0,4.858922030E0
1.982327354E1,2.850690123E0,3.726180274E0,-1.529433833E0,4.934574092E0
1.983323854E1,2.222755003E0,3.755936755E0,-1.839949197E0,4.736360814E0
1.984320354E1,8.142673181E-1,3.295324096E0,-2.304861313E0,4.102996202E0
1.985316754E1,-1.015241383E0,2.494040959E0,-2.007749083E0,3.358870606E0
1.986313254E1,-1.948236853E0,1.541899658E0,-1.185409538E0,2.752867080E0
1.987309654E1,-2.696462209E0,5.670828545E-1,9.252166271E-2,2.757000484E0
1.988306154E1,-2.268564722E0,3.440314579E-1,5.894753516E-1,2.369013451E0
1.989302554E1,-7.646574940E-1,9.929841024E-1,1.021202765E0,1.616655065E0
1.990299054E1,-1.512111895E-1,1.197233192E0,5.637598453E-1,1.331937425E0
1.991295521E1,3.785092726E-1,1.240095622E0,-3.637693191E-1,1.346638236E0
1.992292021E1,1.240989223E0,1.576208196E0,-1.608674861E0,2.571443434E0
1.993288421E1,1.255086421E0,1.539570712E0,-3.367788055E0,3.909925355E0
1.994284921E1,4.543967763E-1,1.122081268E0,-4.374472768E0,4.538893566E0
1.995281321E1,1.503800078E-1,9.084345335E-1,-3.805439283E0,3.915256771E0
1.996277821E1,7.718016221E-1,6.089518422E-1,-2.840323010E0,3.005650494E0
1.997274221E1,1.830680921E0,-5.422567463E-1,-2.369575372E0,3.043077794E0
1.998270721E1,3.205440989E0,-2.311811314E0,-2.009644166E0,4.433733546E0
1.999267221E1,4.805270767E0,-3.328268479E0,-1.738103564E0,6.098278627E0
2.000263621E1,5.788349394E0,-3.753849884E0,-2.195889094E0,7.240048796E0
2.001260121E1,5.845017099E0,-3.418769343E0,-2.775870906E0,7.318310461E0
2.002256521E1,5.450390269E0,-2.859399551E0,-3.220863313E0,6.946717236E0
2.003253021E1,4.908455704E0,-2.662378204E0,-3.208222802E0,6.440022411E0
2.004249421E1,4.515000949E0,-2.936819025E0,-2.801625552E0,6.071181540E0
2.005245921E1,4.259164506E0,-3.535029532E0,-2.133177121E0,5.931893519E0
2.006242321E1,4.157165384E0,-4.155186979E0,-1.307193737E0,6.021325296E0
2.007238821E1,3.861267913E0,-4.491593667E0,-5.660445352E-1,5.950143694E0
2.008235221E1,3.063314180E0,-4.541047078E0,-8.141546130E-2,5.478287215E0
2.009231721E1,1.775998784E0,-4.785634355E0,-1.341039906E-1,5.106314888E0
2.010228121E1,3.931966013E-1,-5.240200993E0,-4.060582099E-1,5.270597052E0
2.011224621E1,-1.267999558E0,-5.593404978E0,-6.304543930E-1,5.769876504E0
2.012221121E1,-2.674163268E0,-5.197359028E0,-1.409483612E0,6.012514790E0
2.013217521E1,-3.151904175E0,-4.066757782E0,-3.048251753E0,5.980372692E0
2.014214021E1,-2.939043014E0,-2.927073471E0,-4.187753631E0,5.894320437E0
2.015210421E1,-2.418099222E0,-1.977091547E0,-3.347226906E0,4.578211746E0
2.016206921E1,-2.110663879E0,-1.399077322E0,-1.504495604E0,2.945475579E0
2.017203321E1,-2.244832043E0,-1.344283649E0,8.284335136E-1,2.744571281E0
2.018199821E1,-2.093019029E0,-1.665651884E0,2.609065046E0,3.736622174E0
2.019196221E1,-2.248219043E0,-2.574810303E0,3.323120005E0,4.767311981E0
2.020192721E1,-3.034190661E0,-3.694282544E0,3.547770030E0,5.953209947E0
2.021189121E1,-4.049993522E0,-4.572060710E0,3.377214936E0,6.979381591E0
2.022185621E1,-4.845882896E0,-4.934809105E0,2.600967822E0,7.389178273E0
2.023182021E1,-5.124994472E0,-4.561544493E0,1.084860963E0,6.946234938E0
2.024178521E1,-4.662760965E0,-3.381967553E0,-9.377283530E-1,5.835955690E0
2.025174921E1,-3.405311684E0,-1.431180291E0,-1.973930250E0,4.188176849E0
2.026171421E1,-1.651039692E0,5.907447821E-1,-1.354357671E0,2.215670590E0
2.027167921E1,8.685034592E-1,2.311292666E0,9.907668382E-3,2.469103118E0
2.028164321E1,2.960928850E0,3.173040690E0,1.295443319E0,4.529178763E0
2.029160821E1,4.033701718E0,3.321577510E0,2.172179804E0,5.658797735E0
2.030157221E1,3.257571548E0,2.661525096E0,1.986471942E0,4.652048904E0
2.031153721E1,1.833638735E0,2.094183794E0,1.949320196E0,3.398188635E0
2.032150121E1,6.422741009E-1,1.898310841E0,2.203216825E0,2.978298918E0
2.033146621E1,-6.653611010E-1,2.227766359E0,2.233275314E0,3.223843509E0
2.034143021E1,-1.355850904E0,3.153150217E0,2.332329193E0,4.149752695E0
2.035139521E1,-1.195038294E0,3.980754595E0,2.971410568E0,5.109188237E0
2.036135921E1,-1.319837610E0,4.578060538E0,4.133900775E0,6.307911320E0
2.037132421E1,-1.653864336E0,5.161078809E0,4.950170910E0,7.340040447E0
2.038128821E1,-1.997244268E0,5.863687259E0,5.672282163E0,8.399202216E0
2.039125321E1,-2.289240184E0,6.698746253E0,5.967382951E0,9.258697601E0
2.040121721E1,-2.550378297E0,7.763994339E0,5.511869064E0,9.857217566E0
2.041118221E1,-2.933203984E0,8.874971160E0,4.162256847E0,1.023196857E1
2.042114721E1,-3.413806227E0,9.374169595E0,2.606467713E0,1.031129490E1
2.043111121E1,-3.705617956E0,9.070703196E0,1.815542334E0,9.965212234E0
2.044107621E1,-3.637525668E0,8.335655563E0,1.147725694E0,9.166898108E0
2.045104021E1,-3.550289011E0,7.312167122E0,-1.042052767E-1,8.129157325E0
2.046100521E1,-3.671685102E0,6.468465359E0,-1.375111632E0,7.563943917E0
2.047096921E1,-3.788730572E0,5.750405642E0,-3.013501166E0,7.516836679E0
2.048093421E1,-2.421591180E0,4.150589313E0,-7.722034135E0,9.095125434E0
2.049089821E1,3.638503907E0,-5.902793437E-1,-1.247045506E1,1.300382212E1
2.050086321E1,8.568581153E0,-8.602776840E0,-1.085930858E1,1.628965730E1
2.051082721E1,7.396752943E0,-1.647942773E1,-4.589291285E0,1.863719633E1
2.052079221E1,5.261805870E0,-2.104679780E1,-1.310766532E0,2.173413002E1
2.053075621E1,4.801615965E0,-1.856114409E1,-8.542229506E-1,1.919117721E1
2.054072121E1,5.793238835E0,-9.834172390E0,-1.110143301E0,1.146756212E1
2.055068521E1,5.436018983E0,-1.280302831E0,-1.832835766E0,5.877819720E0
2.056065021E1,3.729430157E0,3.835555952E0,6.598115087E-1,5.390314460E0
2.057061521E1,1.129390653E0,6.024433649E0,3.049272092E0,6.845975777E0
2.058057921E1,-2.448296437E0,4.786181654E0,4.178322949E0,6.808823168E0
2.059054421E1,-5.872540528E0,7.336472243E-1,4.565130590E0,7.474315207E0
2.060050821E1,-8.781243802E0,-4.406285715E0,1.151086382E0,9.891946035E0
2.061047321E1,-9.706776763E0,-9.965271642E0,-4.774521429E0,1.470796413E1
2.062043721E1,-4.006832885E0,-9.717063185E0,-2.609170004E0,1.082976430E1
2.063040221E1,1.544235182E0,-5.439013926E0,1.754373149E0,5.919912156E0
2.064036621E1,-1.107621104E0,-2.030568427E-1,4.738617479E0,4.870580273E0
2.065033121E1,-5.262975898E0,3.159079294E0,4.663672839E0,7.708990960E0
2.066029521E1,-7.496973635E0,3.857678892E0,4.964684869E0,9.784395534E0
2.067026021E1,-8.442119912E0,2.397416890E0,5.709313164E0,1.046963481E1
2.068022421E1,-7.400085856E0,1.599055606E-1,4.133855459E0,8.477947949E0
2.069018921E1,-5.718413186E0,-1.192705693E0,2.058572204E0,6.193586663E0
2.070015321E1,-4.117190309E0,-1.500466288E0,1.509024126E0,4.634631478E0
2.071011821E1,-2.490716817E0,-1.420309147E0,1.966129041E0,3.476580466E0
2.072008321E1,-1.110408618E0,-1.022512541E0,2.407851538E0,2.841881107E0
2.073004721E1,-4.143433490E-1,-3.757075793E-1,3.310252330E0,3.357172484E0
2.074001221E1,-4.010358171E-1,-2.375665247E-2,3.690698200E0,3.712498796E0
2.074997621E1,-4.390953438E-1,3.136972725E-2,3.567324581E0,3.594383598E0
2.075994121E1,-1.563566662E-1,8.098452151E-2,3.256933909E0,3.261690419E0
2.076990521E1,3.678916061E-1,2.946739411E-1,2.876782154E0,2.915141939E0
2.077987021E1,1.143235179E0,7.422022855E-1,2.187524067E0,2.577423607E0
2.078983421E1,1.794083052E0,1.469361439E0,1.356173962E0,2.686440927E0
2.079979921E1,2.182195207E0,2.149668608E0,6.489543986E-1,3.131164777E0
2.080976321E1,2.285830380E0,2.636073920E0,-1.430813670E-1,3.492045034E0
2.081972821E1,2.374101994E0,3.213523888E0,-8.647762247E-1,4.087900926E0
2.082969221E1,2.422783719E0,3.985658655E0,-1.566321723E0,4.920235727E0
2.083965721E1,2.536541446E0,4.667728760E0,-1.695018940E0,5.576273262E0
2.084962121E1,2.465890709E0,4.866187937E0,-1.153152788E0,5.575855394E0
2.085958621E1,1.685305107E0,4.003245326E0,-6.984779763E-1,4.399329258E0
2.086955021E1,2.814517786E-1,2.517569570E0,-3.233264673E-1,2.553803369E0
2.087951521E1,-3.910902880E-1,1.251777774E0,7.356440485E-2,1.313510918E0
2.088948021E1,-7.028380989E-1,4.765901756E-1,3.452043728E-1,9.166709594E-1
2.089944421E1,-7.631993446E-1,2.150032890E-1,5.683885743E-1,9.755845557E-1
2.090940921E1,-1.698696546E-1,3.376948303E-1,4.264474509E-1,5.698692186E-1
2.091937242E1,5.016988505E-1,4.291616553E-1,-1.160958821E-1,6.703429845E-1
2.092933742E1,9.877026048E-1,2.334968626E-1,-1.470776466E0,1.786969679E0
2.093930142E1,1.774030172E0,-1.934726715E-1,-3.456514875E0,3.890001260E0
2.094926642E1,2.418207981E0,-2.738110757E-1,-5.004023182E0,5.564436211E0
2.095923042E1,2.687327689E0,9.022019863E-2,-5.350025151E0,5.987707317E0
2.096919542E1,2.606064548E0,3.375433874E-1,-4.525264274E0,5.232926974E0
2.097915942E1,2.595162999E0,1.448519039E-1,-3.076987309E0,4.027865932E0
2.098912442E1,2.677272525E0,-6.352724987E-1,-1.874283901E0,3.329309156E0
2.099908842E1,2.970235863E0,-2.006223544E0,-1.215631456E0,3.784837358E0
2.100905342E1,3.458206474E0,-3.368692619E0,-1.225606952E0,4.980902969E0
2.101901742E1,3.593413396E0,-4.229018601E0,-2.457722733E0,6.069400234E0
2.102898242E1,3.195643395E0,-4.056501766E0,-3.940654390E0,6.495852547E0
2.103894642E1,2.742541485E0,-3.372834202E0,-4.554006262E0,6.295753917E0
2.104891142E1,2.423828470E0,-3.061403310E0,-4.355633039E0,5.849672970E0
2.105887642E1,2.529941986E0,-3.298704956E0,-3.369089645E0,5.350964948E0
2.106884042E1,3.020530396E0,-3.991281338E0,-2.153789726E0,5.449104584E0
2.107880542E1,3.793838114E0,-4.653401912E0,-1.146940121E0,6.112514101E0
2.108876942E1,4.432492935E0,-4.880821179E0,-1.816409768E-1,6.595635105E0
2.109873442E1,4.140332712E0,-4.813893948E0,4.339300597E-1,6.364292986E0
2.110869842E1,2.715645170E0,-4.826067266E0,3.696681364E-1,5.549982746E0
2.111866342E1,1.125116266E0,-4.943686348E0,7.961568832E-3,5.070106972E0
2.112862742E1,-4.967721328E-2,-4.776588712E0,-5.959078735E-1,4.813873050E0
2.113859242E1,-6.600350185E-1,-3.765998059E0,-1.757499363E0,4.207991399E0
2.114855642E1,-9.002889235E-1,-2.623296000E0,-3.818935241E0,4.719795379E0
2.115852142E1,-1.492963287E0,-2.044036319E0,-4.513572181E0,5.174877553E0
2.116848542E1,-1.943240407E0,-1.816570274E0,-2.698895236E0,3.789478372E0
2.117845042E1,-2.355700807E0,-1.727124247E0,-2.834157121E-1,2.934724675E0
2.118841442E1,-2.461225800E0,-1.897254249E0,1.765166817E0,3.573936207E0
2.119837942E1,-2.695407372E0,-2.164417625E0,3.123610668E0,4.659063013E0
2.120834342E1,-3.642770328E0,-2.458270617E0,4.185795983E0,6.069082147E0
2.121830842E1,-4.872159698E0,-3.051931406E0,4.896974112E0,7.551991848E0
2.122827342E1,-5.895045292E0,-4.028318186E0,4.320474901E0,8.345382542E0
2.123823742E1,-6.426367745E0,-4.881510565E0,2.050579938E0,8.326597497E0
2.124820242E1,-6.271529966E0,-4.828255879E0,-1.416737229E0,8.040602423E0
2.125816642E1,-5.467039046E0,-3.353121484E0,-3.885406681E0,7.498554841E0
2.126813142E1,-4.575240718E0,-1.208938733E0,-3.273128650E0,5.753931843E0
2.127809542E1,-3.265664679E0,7.367275375E-1,-1.225949453E0,3.565148710E0
2.128806042E1,-1.194283857E0,2.189441954E0,7.577383375E-1,2.606556615E0
2.129802442E1,1.339590966E0,3.289332454E0,2.342742500E0,4.254721421E0
2.130798942E1,3.483319973E0,3.984248307E0,3.220682926E0,6.195203880E0
2.131795342E1,5.000734708E0,4.289007525E0,3.050068190E0,7.259879416E0
2.132791842E1,4.633806723E0,3.829579512E0,2.131108084E0,6.378045598E0
2.133788242E1,3.030507208E0,3.200102189E0,1.714046364E0,4.728909271E0
2.134784742E1,1.358392542E0,2.635976856E0,2.130623350E0,3.651460002E0
2.135781142E1,-1.442990131E-1,2.394889138E0,2.687094970E0,3.602331962E0
2.136777642E1,-1.042838925E0,2.942956263E0,3.292385578E0,4.537434008E0
2.137774042E1,-1.109844508E0,3.894897589E0,4.353509331E0,5.946009212E0
2.138770542E1,-1.225919925E0,5.107121873E0,5.046825385E0,7.283956339E0
2.139767042E1,-1.482333049E0,6.299901241E0,5.230299318E0,8.321183682E0
2.140763442E1,-1.616172307E0,7.215820795E0,5.372279069E0,9.140102028E0
2.141759942E1,-1.529215147E0,8.095280621E0,5.126396635E0,9.703195853E0
2.142756342E1,-1.888276434E0,8.896636264E0,4.424637493E0,1.011400720E1
2.143752842E1,-2.584478089E0,9.510320258E0,2.711604451E0,1.022147333E1
2.144749242E1,-3.290048738E0,9.505330828E0,9.333889881E-1,1.010182904E1
2.145745742E1,-3.333939693E0,8.556706043E0,7.042140949E-1,9.210227450E0
2.146742142E1,-3.261446206E0,7.486155117E0,6.025640514E-1,8.187956596E0
2.147738642E1,-3.589791046E0,6.468257782E0,4.307003501E-1,7.410159329E0
2.148735042E1,-3.988061568E0,4.820936919E0,-2.531102073E0,6.749262594E0
2.149731542E1,-1.552024989E0,1.657751126E0,-1.014688265E1,1.039789151E1
2.150727942E1,4.868507819E0,-5.217574022E0,-1.502255887E1,1.663137763E1
2.151724442E1,7.808109242E0,-1.545344954E1,-1.015467465E1,2.007219694E1
2.152720842E1,6.201427113E0,-2.209334415E1,-4.325036606E0,2.335122044E1
2.153717342E1,4.508242152E0,-2.070112211E1,-2.118646206E0,2.129200238E1
2.154713742E1,4.756833310E0,-1.374493757E1,-1.207881264E0,1.459485351E1
2.155710242E1,4.570781924E0,-5.066298952E0,-1.883697187E0,7.078682615E0
2.156706642E1,3.713985614E0,8.921143699E-1,-6.820651343E-1,3.880047685E0
2.157703142E1,2.355882070E0,2.448915072E0,2.748942724E0,4.370818168E0
2.158699542E1,-2.944594214E-1,9.021844447E-2,6.004754845E0,6.012647210E0
2.159696042E1,-2.866155424E0,-2.938610027E0,7.273272028E0,8.351692152E0
2.160692542E1,-4.113072408E0,-5.842343168E0,4.797889534E0,8.606397754E0
2.161688942E1,-2.773235274E0,-8.419516330E0,3.903510538E-1,8.873075175E0
2.162685442E1,-5.062774762E-1,-6.963128108E0,-3.908200297E0,8.000968660E0
2.163681842E1,-3.861599742E0,-3.151924641E0,-5.371262823E0,7.327826815E0
2.164678342E1,-8.314652365E0,3.797439122E-1,-6.116944787E-1,8.345766563E0
2.165674742E1,-1.047728191E1,2.940410970E0,5.645950981E0,1.225953569E1
2.166671242E1,-1.041077568E1,4.661662858E0,8.588878008E0,1.427880164E1
2.167667642E1,-9.464782142E0,4.699193797E0,7.168869992E0,1.276938606E1
2.168664142E1,-8.505327728E0,3.166780661E0,4.040595585E0,9.934561500E0
2.169660542E1,-6.747448881E0,2.193187096E0,2.993435276E0,7.700570809E0
2.170657042E1,-5.077854804E0,1.645665516E0,2.971353558E0,6.109154309E0
2.171653442E1,-3.922261389E0,8.361342967E-1,2.756794073E0,4.866535577E0
2.172649942E1,-2.871777522E0,-4.570815253E-1,2.890992642E0,4.100471694E0
2.173646342E1,-1.795417095E0,-2.009943543E0,3.548989760E0,4.456312815E0
2.174642842E1,-6.817422950E-1,-2.632794217E0,4.657632372E0,5.393506954E0
2.175639242E1,4.816931138E-1,-2.520624155E0,5.085968986E0,5.696723173E0
2.176635742E1,1.702892508E0,-1.965797650E0,4.553758925E0,5.244132306E0
2.177632142E1,2.640059967E0,-9.285243970E-1,3.445772370E0,4.439078892E0
2.178628642E1,3.135429060E0,6.015551144E-1,2.458755351E0,4.029672670E0
2.179625042E1,2.755285199E0,1.856827185E0,1.395595890E0,3.603760759E0
2.180621542E1,1.673492269E0,2.422445896E0,4.422670928E-1,2.977317698E0
2.181618042E1,1.167076762E0,2.812268654E0,-2.412174531E-1,3.054359018E0
2.182614442E1,1.417426470E0,3.390899175E0,-9.929285538E-1,3.806993843E0
2.183610942E1,2.504501920E0,3.176812145E0,-2.822015963E0,4.932386781E0
2.184607342E1,5.154512971E0,2.940111008E0,-4.369935329E0,7.369504155E0
2.185603842E1,5.401888200E0,3.425933352E0,-4.374188594E0,7.749254242E0
2.186600242E1,4.070246231E0,3.541022344E0,-3.105266783E0,6.224823324E0
2.187596742E1,2.821893756E0,2.530900052E0,-1.628428509E0,4.125568913E0
2.188593142E1,1.862697204E0,1.586108701E0,1.179810244E-1,2.449347099E0
2.189589642E1,7.968959713E-1,8.132594043E-1,1.323857571E0,1.746148022E0
2.190586042E1,-1.589337534E-1,1.681349319E-1,1.870699704E0,1.884952698E0
2.191582554E1,-5.020283411E-1,-9.775609016E-2,2.023843544E0,2.087470095E0
2.192578954E1,-7.847520353E-1,4.062762380E-2,1.533791909E0,1.723369949E0
2.193575454E1,-1.264745875E0,9.644689858E-2,-4.862943609E-1,1.358442615E0
2.194571854E1,-1.388237023E0,7.727329373E-2,-3.366355487E0,3.642186494E0
2.195568354E1,-1.344002691E0,4.563646567E-1,-5.471139114E0,5.652253987E0
2.196564754E1,-1.108451409E0,1.069882005E0,-5.648530773E0,5.854845166E0
2.197561254E1,-2.749286248E-1,1.323781557E0,-4.309041256E0,4.516173148E0
2.198557654E1,1.217701517E0,7.432091761E-1,-2.913759361E0,3.244248831E0
2.199554154E1,3.273637650E0,-8.674993461E-1,-1.791854678E0,3.831449043E0
2.200550554E1,5.009945827E0,-2.648764717E0,-1.073945820E0,5.767917417E0
2.201547054E1,5.744096496E0,-3.633229426E0,-1.528753363E0,6.966497503E0
2.202543554E1,5.608841043E0,-3.903767815E0,-2.142017380E0,7.161476067E0
2.203539954E1,4.550577748E0,-3.860188517E0,-2.871717880E0,6.622354325E0
2.204536454E1,3.628589661E0,-3.357418603E0,-3.132411897E0,5.852429145E0
2.205532854E1,3.319494439E0,-2.856656038E0,-2.780903020E0,5.187769140E0
2.206529354E1,3.249019411E0,-2.844314319E0,-2.579486906E0,5.029910911E0
2.207525754E1,3.398188606E0,-3.159243016E0,-2.534445804E0,5.286957326E0
2.208522254E1,3.752384279E0,-3.425350969E0,-2.229606624E0,5.548383795E0
2.209518654E1,3.683421633E0,-3.838023477E0,-1.385205534E0,5.496982218E0
2.210515154E1,2.766942500E0,-4.076569410E0,-8.107955338E-1,4.993173175E0
2.211511554E1,1.609233270E0,-4.090160093E0,-5.281361590E-1,4.426959352E0
2.212508054E1,6.178539357E-1,-4.031890250E0,-3.918399011E-1,4.097733640E0
2.213504454E1,-5.159102158E-1,-3.761515583E0,-7.814311823E-1,3.876312362E0
2.214500954E1,-1.993754065E0,-3.090903098E0,-1.702801584E0,4.053180290E0
2.215497354E1,-3.408661262E0,-2.387755535E0,-2.601884081E0,4.908171642E0
2.216493854E1,-4.197915215E0,-1.804961797E0,-2.051498535E0,5.008894636E0
2.217490254E1,-4.577399803E0,-1.364888068E0,-6.441444790E-1,4.819795691E0
2.218486754E1,-4.640704683E0,-1.167453908E0,8.221231985E-1,4.855406794E0
2.219483154E1,-4.996038809E0,-1.387897446E0,2.042044172E0,5.572845548E0
2.220479654E1,-5.521847337E0,-1.786645394E0,2.984337008E0,6.526037631E0
2.221476054E1,-6.173010229E0,-2.377394854E0,3.219027872E0,7.356643394E0
2.222472554E1,-6.802634318E0,-3.446261782E0,2.596088905E0,8.055571459E0
2.223469054E1,-6.874744520E0,-4.517889766E0,9.846266770E-1,8.285102887E0
2.224465454E1,-6.485612903E0,-4.916300914E0,-1.320028960E0,8.244735645E0
2.225461954E1,-5.816735871E0,-4.310260400E0,-2.972839043E0,7.826271966E0
2.226458354E1,-4.541652558E0,-2.702937416E0,-2.380141730E0,5.796339645E0
2.227454854E1,-2.797252712E0,-9.940389401E-1,-4.420541811E-1,3.001357701E0
2.228451254E1,-4.094458674E-1,4.085396951E-1,1.492001274E0,1.600193239E0
2.229447754E1,2.425751473E0,1.649574380E0,2.836845379E0,4.080815794E0
2.230444154E1,4.841951228E0,2.338150681E0,2.663013504E0,6.000256763E0
2.231440654E1,5.711076685E0,2.613764454E0,1.729330840E0,6.514502795E0
2.232437054E1,5.034019398E0,2.434511041E0,9.487985940E-1,5.671720557E0
2.233433554E1,3.375229806E0,2.008632013E0,9.109098060E-1,4.031939419E0
2.234429954E1,1.454834032E0,2.022214510E0,1.433574872E0,2.874200845E0
2.235426454E1,2.217951223E-2,2.544603587E0,2.389483680E0,3.490720785E0
2.236422854E1,-6.600588459E-1,3.308248197E0,2.813807057E0,4.392914063E0
2.237419354E1,-1.138165351E0,4.086996750E0,3.152064681E0,5.285307423E0
2.238415754E1,-2.040368945E0,4.708618923E0,3.872586076E0,6.428928411E0
2.239412254E1,-2.591656131E0,5.488462660E0,4.267664019E0,7.419761455E0
2.240408654E1,-2.629640229E0,6.531021211E0,4.288546472E0,8.243838707E0
2.241405154E1,-2.591943522E0,7.743224444E0,4.000221730E0,9.092715211E0
2.242401554E1,-2.713363294E0,8.938899354E0,3.446489239E0,9.957135637E0
2.243398054E1,-2.827519654E0,9.558704213E0,2.912617400E0,1.038494265E1
2.244394454E1,-2.828680034E0,9.469602587E0,2.341388577E0,1.015661875E1
2.245390954E1,-2.640895242E0,8.971394085E0,2.065141551E0,9.577319517E0
2.246387354E1,-2.754985237E0,8.296197383E0,1.915532645E0,8.949083751E0
2.247383854E1,-3.033840705E0,7.758755819E0,1.357701547E0,8.440724777E0
2.248380254E1,-3.306808320E0,6.773057932E0,-1.525139491E0,7.689950941E0
2.249376754E1,-3.613091615E0,4.209671919E0,-7.155793279E0,9.054344048E0
2.250373254E1,-1.517504343E0,-2.368600057E0,-1.216314762E1,1.248419984E1
2.251369654E1,3.627971902E0,-1.178882291E1,-9.785309547E0,1.574454854E1
2.252366154E1,5.230710377E0,-1.842721011E1,-3.183618596E0,1.941797700E1
2.253362554E1,4.167142196E0,-1.817716679E1,-1.728079390E0,1.872860713E1
2.254359054E1,4.385084295E0,-1.328258653E1,-2.487516928E0,1.420717459E1
2.255355454E1,5.153300259E0,-6.752593262E0,-2.897627770E0,8.974980000E0
2.256351954E1,4.472415677E0,-2.784221900E-1,-1.490155600E0,4.722349481E0
2.257348354E1,3.955279154E0,4.406313781E0,1.483805816E0,6.104221001E0
2.258344854E1,3.222508720E0,6.311411485E0,1.472616292E0,7.237891691E0
2.259341254E1,1.455157383E0,5.528166423E0,2.737915460E0,6.338319026E0
2.260337754E1,1.231065840E-1,3.128413571E0,4.319409539E0,5.334737619E0
2.261334154E1,-3.459800791E-1,-1.455939156E-1,3.831788006E0,3.850129754E0
2.262330654E1,-1.471265439E0,-6.181454778E0,1.764588819E0,6.594602253E0
2.263327054E1,-2.499647854E0,-1.268544314E1,2.489019370E-1,1.293176938E1
2.264323554E1,-4.681145488E0,-1.596677193E1,-1.027940512E0,1.667056059E1
2.265319954E1,-8.777184080E0,-1.162500497E1,-2.909603745E0,1.485414067E1
2.266316454E1,-9.944939704E0,-3.516225471E0,-5.125368694E0,1.172753476E1
2.267312854E1,-1.099448802E1,1.564876876E0,5.428180790E-1,1.111855467E1
2.268309354E1,-1.115996188E1,4.532052307E0,8.330896515E0,1.464541171E1
2.269305754E1,-9.954149069E0,6.373850393E0,8.486648798E0,1.455109138E1
2.270302254E1,-7.567394577E0,6.284257600E0,5.218404912E0,1.113503947E1
2.271298654E1,-5.475126915E0,5.082107484E0,3.577013125E0,8.282502890E0
2.272295154E1,-4.410292227E0,3.327234691E0,2.998231162E0,6.285742463E0
2.273291554E1,-3.628140010E0,9.679767305E-1,2.426354760E0,4.470746727E0
2.274288054E1,-3.405027217E0,-9.641959208E-1,2.412107434E0,4.282773214E0
2.275284454E1,-4.059806612E0,-2.516540460E0,2.725725185E0,5.499507560E0
2.276280954E1,-3.920378878E0,-3.348560656E0,3.472430996E0,6.216108592E0
2.277277454E1,-2.576715326E0,-3.219371104E0,3.953291978E0,5.712471412E0
2.278273854E1,-7.277834903E-1,-2.492951623E0,3.743899677E0,4.556452720E0
2.279270354E1,6.938589683E-1,-1.150249645E0,2.765427779E0,3.074427640E0
2.280266754E1,2.353889924E0,2.507660294E-1,1.786414429E0,2.965629425E0
2.281263254E1,4.038561924E0,9.816229624E-1,2.358673421E-1,4.162835506E0
2.282259654E1,5.156211587E0,1.105216144E0,-2.308749712E0,5.756591517E0
2.283256154E1,5.554875335E0,1.552135794E0,-3.430599430E0,6.710795628E0
2.284252554E1,5.191986607E0,2.176751742E0,-3.184632211E0,6.468141571E0
2.285249054E1,4.917619461E0,2.633737373E0,-2.858410202E0,6.268178571E0
2.286245454E1,4.845364832E0,3.085649375E0,-2.346060795E0,6.205061940E0
2.287241954E1,4.346321933E0,3.038087538E0,-2.399890262E0,5.820649749E0
2.288238354E1,2.918434210E0,2.124778765E0,-2.471298798E0,4.374844087E0
2.289234854E1,1.254689249E0,1.317252556E0,-1.564493299E0,2.399382981E0
2.290231254E1,7.709173769E-2,7.699689585E-1,-4.286109207E-1,8.845918010E-1
2.291227754E1,-3.431526214E-1,4.709517056E-1,4.836889878E-3,5.827286041E-1
2.292224146E1,-6.212631547E-1,2.273034918E-1,-5.330280127E-1,8.495608555E-1
2.293220646E1,-3.228285769E-1,2.898032105E-1,-2.158217822E0,2.201387826E0
2.294217046E1,6.243060458E-1,4.568914908E-1,-3.929469836E0,4.004902130E0
2.295213546E1,1.809173254E0,3.726950938E-1,-5.050191042E0,5.377400772E0
2.296209946E1,3.372995585E0,-2.698139191E-2,-5.253130356E0,6.242852373E0
2.297206446E1,4.750238235E0,-5.627243400E-1,-5.001282007E0,6.920566717E0
2.298202846E1,5.769720749E0,-9.001735872E-1,-4.648613042E0,7.463885933E0
2.299199346E1,5.979352786E0,-8.098457998E-1,-4.578718350E0,7.574508016E0
2.300195746E1,5.144453421E0,-1.474644399E-1,-4.606234762E0,6.906847721E0
2.301192246E1,3.845395646E0,8.923716474E-1,-3.908337414E0,5.555042410E0
2.302188646E1,2.800743792E0,1.442200538E0,-2.605483042E0,4.088110818E0
2.303185146E1,2.023718121E0,1.249849362E0,-1.913569150E0,3.052753733E0
2.304181546E1,1.179460873E0,6.213286436E-1,-2.402567117E0,2.747636436E0
2.305178046E1,1.054342152E-1,-6.342591763E-1,-3.508625261E0,3.567050924E0
2.306174546E1,-1.564567120E0,-2.411365423E0,-3.767280353E0,4.738665924E0
2.307170946E1,-4.022556048E0,-3.730608956E0,-2.522643199E0,6.038387951E0
2.308167446E1,-6.167419707E0,-4.709890108E0,-8.405466056E-1,7.805552464E0
2.309163846E1,-6.726529883E0,-5.572186017E0,8.419100301E-1,8.775207905E0
2.310160346E1,-6.206533486E0,-5.727790366E0,2.559609296E0,8.824978195E0
2.311156746E1,-5.756657485E0,-5.071541566E0,3.610870843E0,8.479270458E0
2.312153246E1,-5.115150685E0,-4.305785526E0,3.065865905E0,7.355548197E0
2.313149646E1,-4.349537025E0,-4.014985950E0,1.136257697E0,6.027409565E0
2.314146146E1,-3.673012712E0,-4.146077017E0,-1.128473006E0,5.652824810E0
2.315142546E1,-3.624384051E0,-4.438372895E0,-2.679026689E0,6.325543273E0
2.316139046E1,-3.860225062E0,-4.333502498E0,-2.755731634E0,6.424534089E0
2.317135446E1,-3.268691198E0,-3.506164168E0,-1.692095186E0,5.083376382E0
2.318131946E1,-2.359577803E0,-2.495071823E0,-3.713063800E-1,3.454107589E0
2.319128346E1,-1.106745557E0,-1.268398485E0,6.693108952E-1,1.811545616E0
2.320124846E1,4.140019447E-1,9.569728553E-2,8.722107401E-1,9.702098515E-1
2.321121246E1,1.535357501E0,1.276167095E0,5.445770676E-1,2.069417622E0
2.322117746E1,1.718392161E0,1.965688307E0,3.046273640E-1,2.628611795E0
2.323114146E1,9.377991043E-1,2.369016379E0,2.547476909E-1,2.560586290E0
2.324110646E1,1.273521376E-1,3.056427915E0,3.275735924E-1,3.076568644E0
2.325107046E1,-2.721399415E-1,3.848303466E0,4.292709982E-1,3.881722982E0
2.326103546E1,-2.664150788E-1,4.543482444E0,8.258271173E-1,4.625602678E0
2.327099946E1,-1.067183369E-1,5.176718357E0,1.255557414E0,5.327872575E0
2.328096446E1,-2.046263815E-1,5.519939391E0,1.715781233E0,5.784073658E0
2.329092846E1,-4.513122969E-1,5.690919578E0,2.168556869E0,6.106790264E0
2.330089346E1,-1.079492123E0,5.805523835E0,2.556047173E0,6.434499778E0
2.331085746E1,-1.850442902E0,5.937332355E0,2.740144126E0,6.795913792E0
2.332082246E1,-2.380021862E0,5.974468022E0,2.641025050E0,6.952250393E0
2.333078646E1,-2.689361058E0,5.931282241E0,2.366752921E0,6.929234541E0
2.334075146E1,-2.744655838E0,5.791767091E0,1.977115228E0,6.707211517E0
2.335071546E1,-2.414789552E0,5.550470628E0,1.724468149E0,6.293863930E0
2.336068046E1,-1.608930238E0,5.421355335E0,1.491977885E0,5.848568046E0
2.337064446E1,-6.462582475E-1,5.330950364E0,1.013458420E0,5.464776252E0
2.338060946E1,2.318757587E-1,5.134522510E0,9.096279502E-2,5.140560476E0
2.339057446E1,1.049376258E0,4.528462701E0,-1.180860404E0,4.796102194E0
2.340053846E1,1.843215744E0,3.512313684E0,-2.728413442E0,4.814356822E0
2.341050346E1,1.894450070E0,2.013306277E0,-4.954873241E0,5.673897432E0
2.342046746E1,1.732182673E0,-2.765867490E-1,-7.662365638E0,7.860585488E0
2.343043246E1,2.556593887E0,-3.546409968E0,-9.474287961E0,1.043433411E1
2.344039646E1,3.041469860E0,-6.720764528E0,-8.827378918E0,1.150399206E1
2.345036146E1,2.224975191E0,-8.298673094E0,-6.364258035E0,1.069215928E1
2.346032546E1,1.224306093E0,-8.347215509E0,-5.099394193E0,9.857928448E0
2.347029046E1,8.120842601E-1,-6.684877827E0,-5.162610780E0,8.485259128E0
2.348025446E1,9.909502946E-1,-3.259725078E0,-5.468257606E0,6.442796855E0
2.349021946E1,1.692410497E0,3.652621132E-1,-5.417502605E0,5.687442674E0
2.350018346E1,2.094376314E0,2.322802910E0,-4.006797217E0,5.082937088E0
2.351014846E1,2.480639141E0,2.619775976E0,-2.330863881E0,4.295314091E0
2.352011246E1,2.276776259E0,2.315527804E0,1.846530530E0,3.735646416E0
2.353007746E1,9.305234139E-1,1.825032365E0,5.589573298E0,5.953145942E0
2.354004146E1,-1.426228722E0,3.703772575E-1,8.110346557E0,8.243120098E0
2.355000646E1,-4.169909975E0,-1.757411655E0,9.094715372E0,1.015827213E1
2.355997046E1,-6.789402069E0,-5.360164808E0,9.104708848E0,1.255878459E1
2.356993546E1,-8.623678882E0,-9.158313197E0,9.237872168E0,1.560707597E1
2.357989946E1,-9.414368033E0,-1.045386498E1,8.511084312E0,1.644238957E1
2.358986446E1,-9.366545995E0,-8.399401909E0,6.617177010E0,1.421510351E1
2.359982846E1,-1.175976108E1,-4.439639402E0,-3.999346402E-1,1.257626043E1
2.360979346E1,-1.592007372E1,-2.041216791E0,-6.838597033E0,1.744653899E1
2.361975746E1,-1.327596631E1,-9.603063530E-1,-4.522350022E0,1.405792017E1
2.362972246E1,-6.930995904E0,-3.052188098E-2,-1.441648561E0,7.079405793E0
2.363968646E1,-2.096968238E0,1.665982836E-1,9.554793303E-1,2.310405058E0
2.364965146E1,9.247020721E-1,6.139108658E-2,2.529721838E0,2.694129798E0
2.365961546E1,2.653301864E0,-3.772155762E-1,3.384346200E0,4.316955128E0
2.366958046E1,3.095701323E0,-1.329745132E0,3.912297149E0,5.163105439E0
2.367954446E1,2.715979923E0,-2.737682156E0,4.078732295E0,5.613154876E0
2.368950946E1,2.268651261E0,-3.783008779E0,3.770396919E0,5.802915379E0
2.369947346E1,3.040017119E0,-3.358030221E0,3.512443492E0,5.731956938E0
2.370943846E1,4.089171914E0,-1.522237810E0,3.565289458E0,5.634698201E0
2.371940346E1,4.063924221E0,2.055354774E-1,3.344876325E0,5.267439847E0
2.372936746E1,2.957988870E0,1.290395710E0,3.091683701E0,4.469152867E0
2.373933246E1,2.274865682E0,2.373228713E0,2.345849125E0,4.038593383E0
2.374929646E1,2.545053238E0,3.532425182E0,7.035247082E-1,4.410246101E0
2.375926146E1,2.722346663E0,4.243407429E0,-1.410009277E0,5.235055313E0
2.376922546E1,1.867092264E0,4.321448463E0,-3.088521527E0,5.630267805E0
2.377919046E1,8.586317512E-1,3.937016253E0,-4.114829496E0,5.759267943E0
2.378915446E1,4.931108987E-1,3.354522477E0,-4.208887807E0,5.404693884E0
2.379911946E1,4.633016472E-1,2.842136232E0,-3.417187087E0,4.468730733E0
2.380908346E1,4.555774753E-1,2.331209452E0,-2.447871490E0,3.410888913E0
2.381904846E1,7.540499139E-1,1.545407987E0,-2.126597250E0,2.734829607E0
2.382901246E1,1.297531944E0,3.288953555E-1,-2.287193366E0,2.650097130E0
2.383897746E1,1.560702988E0,-8.401022172E-1,-2.223884393E0,2.843805082E0
2.384894146E1,1.644794135E0,-1.665284679E0,-2.897934456E0,3.725123477E0
2.385890646E1,1.593475170E0,-2.056203205E0,-4.518410752E0,5.213748216E0
2.386887046E1,2.028438579E0,-2.136220597E0,-5.991090487E0,6.676164073E0
2.387883546E1,3.195111591E0,-2.035729764E0,-5.666548968E0,6.816356135E0
2.388879946E1,4.264120021E0,-2.404716554E0,-4.599472457E0,6.717181563E0
2.389876446E1,5.058241489E0,-2.989044017E0,-3.798451275E0,6.996314972E0
2.390872846E1,5.089963219E0,-3.599923686E0,-3.313945724E0,7.060411629E0
2.391869379E1,4.470031767E0,-3.876828523E0,-2.631834104E0,6.475919560E0
2.392865779E1,3.606804104E0,-3.861767850E0,-2.495411546E0,5.843745850E0
2.393862279E1,2.759898652E0,-3.326300306E0,-2.860823348E0,5.183206008E0
2.394858679E1,2.528689805E0,-2.750781088E0,-2.867595009E0,4.710007416E0
2.395855179E1,2.800936458E0,-2.819640239E0,-2.476874118E0,4.683003472E0
2.396851579E1,3.520453593E0,-3.344215590E0,-1.821414108E0,5.186031312E0
2.397848079E1,4.138954523E0,-3.620189551E0,-1.400222792E0,5.674270067E0
2.398844479E1,3.796811131E0,-4.100468150E0,-1.661826197E0,5.830204124E0
2.399840979E1,2.369335490E0,-5.063609818E0,-2.197683020E0,6.006971425E0
2.400837379E1,5.881449638E-1,-5.820876285E0,-2.630776927E0,6.414787796E0
2.401833879E1,-1.120741525E0,-5.676541275E0,-3.075008027E0,6.552469517E0
2.402830279E1,-1.916927937E0,-4.597386171E0,-3.865987201E0,6.305269967E0
2.403826779E1,-2.071414590E0,-3.203580698E0,-4.144156791E0,5.632736742E0
2.404823179E1,-2.876892959E0,-2.160917482E0,-3.070144313E0,4.729890439E0
2.405819679E1,-3.856752693E0,-1.758112151E0,-1.288809360E0,4.430183883E0
2.406816079E1,-4.741462734E0,-1.547381423E0,5.379706641E-1,5.016499831E0
2.407812579E1,-5.480256093E0,-1.490809611E0,2.060621946E0,6.041678818E0
2.408808979E1,-6.163756426E0,-2.156476521E0,3.091573774E0,7.224964544E0
2.409805479E1,-7.017890791E0,-3.225315383E0,3.384336845E0,8.432507715E0
2.410801979E1,-7.729845430E0,-3.900800353E0,3.273613969E0,9.256527545E0
2.411798379E1,-8.215512239E0,-4.170648186E0,1.995940046E0,9.427233120E0
2.412794879E1,-7.975747746E0,-4.168895191E0,-1.068107375E0,9.062730967E0
2.413791279E1,-6.777540992E0,-2.907365431E0,-2.472334048E0,7.778192032E0
2.414787779E1,-4.431889795E0,-7.270889872E-1,-1.652372857E0,4.785461483E0
2.415784179E1,-1.698062123E0,1.386646727E0,4.158156779E-1,2.231391225E0
2.416780679E1,8.650656619E-1,2.495361260E0,2.057521460E0,3.347918902E0
2.417777079E1,2.980493926E0,2.833689344E0,2.301384851E0,4.712696847E0
2.418773579E1,4.004444882E0,2.977402210E0,2.535330195E0,5.597178033E0
2.419769979E1,3.573397792E0,2.293502512E0,2.338410005E0,4.847420645E0
2.420766479E1,2.417068504E0,1.165625483E0,1.817798190E0,3.241187002E0
2.421762879E1,6.946584289E-1,1.107871950E-1,1.177242731E0,1.371395123E0
2.422759379E1,3.889349312E-1,2.243915784E-1,7.215388101E-1,8.498471720E-1
2.423755779E1,4.433699508E-1,1.185373285E0,8.738005981E-1,1.537925298E0
2.424752279E1,-2.821683548E-1,2.813103637E0,1.646921498E0,3.271929319E0
2.425748679E1,-7.590814430E-1,4.604019252E0,2.297383017E0,5.201073604E0
2.426745179E1,-1.399370707E0,6.161980627E0,2.618560047E0,6.839963475E0
2.427741579E1,-2.031240418E0,7.374261044E0,2.918717507E0,8.186853820E0
2.428738079E1,-2.313310394E0,8.213376251E0,3.381613796E0,9.178576485E0
2.429734479E1,-2.224625235E0,8.707199925E0,3.763098425E0,9.742956314E0
2.430730979E1,-2.297713969E0,8.617780795E0,3.707281196E0,9.658652555E0
2.431727379E1,-2.311237263E0,8.074687312E0,3.413675249E0,9.066177341E0
2.432723879E1,-2.072786786E0,7.218463737E0,2.899940344E0,8.050609777E0
2.433720279E1,-1.708461689E0,5.940189305E0,2.047137097E0,6.511179664E0
2.434716779E1,-1.309106508E0,4.874399766E0,5.456779522E-1,5.076543840E0
2.435713179E1,-5.378551085E-1,4.169337240E0,-1.340252579E0,4.412361966E0
2.436709679E1,4.757324256E-1,3.443728768E0,-4.042839746E0,5.331992347E0
2.437706079E1,1.916962435E0,1.935766350E0,-6.594683940E0,7.135250004E0
2.438702579E1,4.431286070E0,-1.774428806E0,-6.223217347E0,7.843043285E0
2.439698979E1,5.791175938E0,-7.074038680E0,-5.811554069E0,1.083300063E1
2.440695479E1,4.277435593E0,-1.214640704E1,-6.345938124E0,1.435627354E1
2.441691879E1,2.540541526E0,-1.567396442E1,-5.203569941E0,1.670941806E1
2.442688379E1,3.253089657E0,-1.345359537E1,-2.164631048E0,1.400954847E1
2.443684779E1,4.112002660E0,-7.083136947E0,-3.608872265E-1,8.198148235E0
2.444681279E1,1.549599418E0,-1.836554888E0,1.763444812E0,2.980592192E0
2.445677679E1,-1.744285240E0,9.691625458E-1,4.006933749E0,4.476307084E0
2.446674179E1,-4.602832267E0,1.436293096E0,5.307701250E0,7.170822498E0
2.447670679E1,-6.834840782E0,4.174257088E-1,3.521018142E0,7.699796198E0
2.448667079E1,-8.718569251E0,-1.498251362E0,-2.587350534E0,9.216972915E0
2.449663579E1,-9.162446010E0,-3.603100478E0,-8.251827541E0,1.284622153E1
2.450659979E1,-5.487438228E0,-3.460494490E0,-2.785001333E0,7.059973997E0
2.451656479E1,-2.164647421E0,-2.143415596E0,4.036125973E0,5.056702655E0
2.452652879E1,-5.014741713E0,-1.097662711E-1,6.359260420E0,8.099375048E0
2.453649379E1,-7.474830229E0,2.667884527E0,5.009652296E0,9.385484055E0
2.454645779E1,-7.674115618E0,3.883155211E0,3.300046892E0,9.212016847E0
2.455642279E1,-7.583985466E0,3.239077390E0,3.692299460E0,9.035570441E0
2.456638679E1,-7.559141816E0,2.133743132E0,3.712298107E0,8.687614287E0
2.457635179E1,-6.777695358E0,1.504913095E0,3.461712172E0,7.757922980E0
2.458631579E1,-4.998465403E0,1.526940141E0,3.778275750E0,6.449152675E0
2.459628079E1,-2.817529686E0,1.644858600E0,4.482821967E0,5.544341813E0
2.460624479E1,-1.136458841E0,1.428014023E0,5.180859940E0,5.492911110E0
2.461620979E1,-1.690477919E-1,3.485513556E-1,5.837529155E0,5.850368522E0
2.462617379E1,3.288649499E-2,-1.832747181E0,5.848421348E0,6.128953909E0
2.463613879E1,-5.924189130E-1,-4.039780483E0,4.847713659E0,6.338068652E0
2.464610279E1,-6.132426021E-1,-5.230085894E0,2.970353976E0,6.045896765E0
2.465606779E1,9.975618875E-1,-5.647724442E0,6.289177448E-2,5.735492696E0
2.466603179E1,3.831571659E0,-4.929292257E0,-2.773259540E0,6.831532186E0
2.467599679E1,6.290736315E0,-2.912726743E0,-3.820264313E0,7.915286469E0
2.468596079E1,7.110424148E0,-6.192183834E-1,-3.265349514E0,7.848826054E0
2.469592579E1,6.201515406E0,1.146111571E0,-2.386779635E0,6.743076604E0
2.470588979E1,4.538862266E0,2.419997667E0,-1.695194356E0,5.415841882E0
2.471585479E1,3.048977977E0,3.232186446E0,-1.587708499E0,4.718486432E0
2.472581879E1,1.859667031E0,3.858371202E0,-1.247636776E0,4.461164346E0
2.473578379E1,9.875970626E-1,4.065101266E0,-7.697929573E-1,4.253584072E0
2.474574779E1,4.955222905E-3,3.535808381E0,-5.142182143E-1,3.573007954E0
2.475571279E1,-5.657467657E-1,2.729573822E0,-5.280562349E-1,2.837161617E0
2.476567679E1,-3.494202518E-1,1.752097705E0,-3.007258093E-1,1.811733119E0
2.477564179E1,-5.115420534E-1,5.066150433E-1,3.941374183E-1,8.207791292E-1
2.478560579E1,-6.020853107E-1,-6.195060664E-1,1.065008351E0,1.371326830E0
2.479557079E1,-2.034496294E-1,-1.266389381E0,1.170590354E0,1.736495204E0
2.480553479E1,5.583070609E-1,-1.230655292E0,4.111884838E-1,1.412549182E0
2.481549979E1,1.431760773E0,-8.995134366E-1,-1.493494653E0,2.256011882E0
2.482546479E1,2.159319584E0,-6.432095093E-1,-3.564591300E0,4.216952772E0
2.483542879E1,2.613883737E0,-1.892363638E-1,-4.753596876E0,5.428156395E0
2.484539279E1,2.789254013E0,4.819573349E-1,-4.832689823E0,5.600634941E0
2.485535779E1,2.859886332E0,9.061190361E-1,-4.124797245E0,5.100387617E0
2.486532279E1,2.939918342E0,1.076087655E0,-3.111857180E0,4.414152196E0
2.487528679E1,2.886783816E0,1.229642555E0,-2.215260919E0,3.840953339E0
2.488525179E1,2.498379008E0,1.275401110E0,-1.925067700E0,3.402121589E0
2.489521579E1,1.725634084E0,5.715723467E-1,-1.919015978E0,2.643318040E0
2.490518079E1,9.271087861E-1,-5.547124851E-1,-1.468220648E0,1.822884668E0
2.491514479E1,5.877890146E-1,-1.073347065E0,-1.111000795E0,1.652843796E0
2.492510933E1,9.503201857E-1,-9.293815988E-1,-1.681041609E0,2.143072445E0
2.493507333E1,1.754398000E0,-4.741460395E-1,-2.809652610E0,3.346173127E0
2.494503833E1,2.792142830E0,-2.023224324E-1,-3.406423532E0,4.409162872E0
2.495500233E1,4.100803195E0,-5.174668908E-1,-3.102540227E0,5.168182919E0
2.496496733E1,5.548831068E0,-1.563221530E0,-2.542168221E0,6.300460859E0
2.497493133E1,6.612682255E0,-3.233910205E0,-2.097802636E0,7.654183021E0
2.498489633E1,6.058436962E0,-5.172880245E0,-1.647943007E0,8.135051605E0
2.499486033E1,3.937709733E0,-6.367464648E0,-1.307196515E0,7.599929389E0
2.500482533E1,6.910558131E-1,-6.800881323E0,-1.255692485E0,6.950273989E0
2.501478933E1,-2.681644195E0,-6.619772004E0,-7.067611420E-1,7.177193622E0
2.502475433E1,-4.884039194E0,-6.455495650E0,3.025928253E-1,8.100544756E0
2.503471833E1,-5.960841671E0,-5.907325614E0,9.357392764E-1,8.444154033E0
2.504468333E1,-6.374187192E0,-4.368764716E0,9.839004529E-1,7.790021028E0
2.505464733E1,-6.524031449E0,-2.460357488E0,6.794289903E-1,7.005567006E0
2.506461233E1,-6.563734043E0,-8.557060969E-1,7.928532064E-1,6.666592362E0
2.507457633E1,-6.111224456E0,7.119452834E-2,1.406672856E0,6.271432176E0
2.508454133E1,-5.833685195E0,1.286896151E-1,2.283404371E0,6.265969957E0
2.509450533E1,-6.455811399E0,-4.782244724E-1,3.008166751E0,7.138295782E0
2.510447033E1,-6.775100949E0,-1.455435126E0,2.911218746E0,7.516347441E0
2.511443433E1,-6.821753544E0,-2.614473136E0,1.887918292E0,7.545596508E0
2.512439933E1,-5.916685252E0,-3.473568864E0,-7.877357233E-1,6.906038850E0
2.513436333E1,-4.726663431E0,-3.397943900E0,-2.603708704E0,6.377042336E0
2.514432833E1,-3.520388397E0,-2.002985941E0,-2.159737660E0,4.590158375E0
2.515429233E1,-1.426126834E0,-1.714415324E-1,2.387885928E-2,1.436593243E0
2.516425733E1,8.237662661E-1,1.338357496E0,2.150839221E0,2.663813245E0
2.517422133E1,2.325629746E0,2.074126675E0,2.329427513E0,3.890602488E0
2.518418633E1,2.850315902E0,2.276582424E0,2.208099250E0,4.264133038E0
2.519415033E1,3.327858589E0,2.201488388E0,2.481684623E0,4.698930993E0
2.520411533E1,3.073530436E0,1.765570859E0,2.189155148E0,4.166080899E0
2.521407933E1,1.795250595E0,1.257129731E0,2.184558652E0,3.094446051E0
2.522404433E1,3.445079329E-1,1.169424419E0,2.549010341E0,2.825542940E0
2.523400933E1,-8.833831613E-1,1.296026579E0,2.482870146E0,2.936783081E0
2.524397333E1,-1.728337837E0,1.667853361E0,2.146236000E0,3.221058130E0
2.525393833E1,-2.247688408E0,2.659402556E0,2.392711051E0,4.224877668E0
2.526390233E1,-2.426965355E0,3.842377898E0,2.687135900E0,5.279652270E0
2.527386733E1,-2.423385982E0,4.965266667E0,2.497707748E0,6.063432748E0
2.528383133E1,-2.435080852E0,5.948944926E0,2.081602925E0,6.756673384E0
2.529379633E1,-2.436604490E0,6.499800003E0,1.715378068E0,7.150312121E0
2.530376033E1,-2.217123842E0,6.444084224E0,1.592148875E0,6.998342493E0
2.531372533E1,-1.566560728E0,6.052465786E0,1.622551473E0,6.459034594E0
2.532368933E1,-5.985736922E-1,5.412830095E0,1.310679701E0,5.601330322E0
2.533365433E1,3.185454914E-1,4.528894225E0,4.832437223E-1,4.565728707E0
2.534361833E1,9.899618959E-1,3.700177706E0,-8.305121988E-1,3.919322662E0
2.535358333E1,1.409519426E0,2.893720953E0,-2.079151772E0,3.831871352E0
2.536354733E1,1.590230550E0,2.025952635E0,-2.887075008E0,3.868917081E0
2.537351233E1,2.188636500E0,1.029944353E0,-3.140647700E0,3.964162342E0
2.538347633E1,2.916677122E0,-4.211421990E-1,-3.461041497E0,4.545676454E0
2.539344133E1,3.200093418E0,-2.593822525E0,-3.899237393E0,5.672086514E0
2.540340533E1,3.140117358E0,-5.296606743E0,-3.828655068E0,7.250722698E0
2.541337033E1,3.222437676E0,-7.921793733E0,-4.226604871E0,9.539554982E0
2.542333433E1,4.499390637E0,-8.304130300E0,-5.210811718E0,1.078682784E1
2.543329933E1,5.203506206E0,-6.755896354E0,-3.006238924E0,9.041907147E0
2.544326333E1,5.785104774E0,-4.528300148E0,9.301826674E-1,7.405280499E0
2.545322833E1,4.649514683E0,-3.560125782E0,4.036382666E0,7.112303944E0
2.546319233E1,1.031702026E0,-4.031430659E0,5.609801740E0,6.984748943E0
2.547315733E1,-2.296991399E0,-3.573030002E0,5.594049926E0,7.023966647E0
2.548312133E1,-2.851236253E0,-1.691496577E0,3.221613803E0,4.622716122E0
2.549308633E1,-2.534016910E0,5.544838589E-1,4.129107812E-1,2.626630801E0
2.550305033E1,-2.900135641E0,2.414510640E0,-1.626661481E0,4.109340085E0
2.551301533E1,-3.164677126E0,3.356244482E0,-8.662439489E-1,4.693605960E0
2.552297933E1,-3.507248241E0,2.833759511E0,2.746975136E0,5.279853747E0
2.553294433E1,-4.800657606E0,8.670181203E-1,4.540004812E0,6.664058641E0
2.554290833E1,-5.722974599E0,-1.323764600E0,4.118455062E0,7.174013039E0
2.555287333E1,-5.647289994E0,-2.925740891E0,3.244291060E0,7.139836729E0
2.556283733E1,-4.491253359E0,-3.217217574E0,2.816831236E0,6.201321139E0
2.557280233E1,-3.302135518E0,-2.518885778E0,2.664435547E0,4.934379528E0
2.558276633E1,-2.731684667E0,-1.183305709E0,2.785603889E0,4.076996756E0
2.559273133E1,-2.439968247E0,2.040128624E-1,3.022107682E0,3.889498829E0
2.560269533E1,-2.123060707E0,9.682252371E-1,2.863451672E0,3.693805944E0
2.561266033E1,-1.424738852E0,1.234964690E0,2.419800324E0,3.067646034E0
2.562262433E1,-2.037840901E-1,1.287803639E0,1.860220616E0,2.271648500E0
2.563258933E1,1.398770490E0,1.263881510E0,1.530551089E0,2.428279636E0
2.564255333E1,3.005009547E0,1.177778336E0,1.326475662E0,3.489524590E0
2.565251833E1,4.067006873E0,8.499079978E-1,1.145066966E0,4.309764132E0
2.566248333E1,4.506529210E0,2.495451307E-1,9.041540793E-1,4.603104702E0
2.567244733E1,4.772082263E0,-2.172842878E-1,5.733800134E-1,4.811314397E0
2.568241233E1,4.976910812E0,-3.201397347E-1,3.513474941E-1,4.999557555E0
2.569237633E1,4.831598148E0,-1.395204127E-2,3.278216605E-1,4.842726749E0
2.570234133E1,4.286823006E0,6.304754430E-1,4.691373146E-1,4.358261188E0
2.571230533E1,3.243220727E0,1.358844386E0,5.694498074E-1,3.562191998E0
2.572227033E1,1.869522074E0,1.950129451E0,5.219318978E-1,2.751459716E0
2.573223433E1,4.339183652E-1,2.362993162E0,2.184109001E-1,2.412410651E0
2.574219933E1,-9.124233578E-1,2.568601729E0,-1.959483095E-1,2.732878879E0
2.575216333E1,-1.885793560E0,2.555672951E0,-6.940305841E-1,3.251055219E0
2.576212833E1,-2.178446850E0,2.323570649E0,-9.911918577E-1,3.335726688E0
2.577209233E1,-1.708904615E0,2.047590841E0,-7.771955323E-1,2.777951787E0
2.578205733E1,-9.464844123E-1,1.670990977E0,-4.760686040E-2,1.921017959E0
2.579202133E1,-1.901912141E-1,1.281104484E0,7.056548488E-1,1.474906832E0
2.580198633E1,5.255167526E-1,9.077761370E-1,1.211399242E0,1.602408654E0
2.581195033E1,1.185446667E0,6.518727440E-1,1.353566104E0,1.913730147E0
2.582191533E1,1.704318936E0,4.106733441E-1,1.100088136E0,2.069673776E0
2.583187933E1,2.007994081E0,2.257329297E-1,1.154589449E0,2.327245664E0
2.584184433E1,2.298443117E0,9.098969221E-2,9.887875557E-1,2.503761314E0
2.585180833E1,2.576315084E0,-1.659720469E-1,1.918974682E-1,2.588777853E0
2.586177333E1,2.729745730E0,-4.557799351E-1,-5.057572567E-1,2.813367645E0
2.587173733E1,2.733834103E0,-7.069517612E-1,-8.566814125E-1,2.950852883E0
2.588170233E1,2.824341985E0,-8.610030895E-1,-1.017153495E0,3.122952962E0
2.589166633E1,2.839768986E0,-8.686980253E-1,-1.131341504E0,3.177870003E0
2.590163133E1,2.576670010E0,-7.302657795E-1,-1.333964483E0,2.991985577E0
2.591159533E1,2.080038503E0,-6.732478255E-1,-1.741917703E0,2.795371190E0
2.592156054E1,1.560316925E0,-1.030624968E0,-2.225105876E0,2.906522474E0
2.593152454E1,1.152176595E0,-2.029652168E0,-2.504903916E0,3.423673825E0
2.594148954E1,7.872927967E-1,-2.877473879E0,-2.674394817E0,4.006503902E0
2.595145354E1,8.302359179E-1,-3.456984991E0,-2.995560154E0,4.649023289E0
2.596141854E1,1.411250348E0,-3.972392492E0,-3.212617570E0,5.300230307E0
2.597138254E1,2.197988829E0,-4.356887267E0,-3.228479311E0,5.851213568E0
2.598134754E1,3.117091023E0,-4.943808555E0,-3.322898396E0,6.723031550E0
2.599131154E1,3.919504134E0,-5.869097103E0,-3.638782527E0,7.940374786E0
2.600127654E1,4.343069127E0,-6.769441429E0,-3.718997555E0,8.861068193E0
2.601124054E1,3.870386061E0,-7.466802587E0,-3.665320700E0,9.174290434E0
2.602120554E1,2.167594710E0,-7.889189073E0,-3.386126677E0,8.854582144E0
2.603116954E1,4.907302049E-1,-7.941816353E0,-2.920743275E0,8.476084261E0
2.604113454E1,-7.933411565E-1,-7.380996451E0,-3.261889717E0,8.108540148E0
2.605109854E1,-1.657425436E0,-5.965718833E0,-3.836496769E0,7.283925297E0
2.606106354E1,-1.911268417E0,-3.721129450E0,-4.070339786E0,5.836730019E0
2.607102754E1,-1.659847061E0,-1.387317987E0,-3.782982466E0,4.357832007E0
2.608099254E1,-1.950111324E0,-4.048623812E-1,-2.188085400E0,2.958811491E0
2.609095754E1,-2.327081317E0,-7.356311846E-1,5.058134266E-1,2.492450184E0
2.610092154E1,-2.515021646E0,-1.098070847E0,2.561951691E0,3.754289537E0
2.611088554E1,-2.689786151E0,-1.222517722E0,3.632051797E0,4.682018728E0
2.612085054E1,-3.129518695E0,-1.438947147E0,3.503465677E0,4.913117942E0
2.613081554E1,-4.002877536E0,-1.895293093E0,2.667250689E0,5.170047458E0
2.614077954E1,-4.633305032E0,-2.181217845E0,1.588330497E0,5.361718062E0
2.615074454E1,-5.007706343E0,-2.483007263E0,1.042489846E-1,5.590466504E0
2.616070854E1,-4.757776465E0,-2.107877973E0,-7.841642439E-1,5.262556414E0
2.617067354E1,-3.568978466E0,-6.156311166E-1,-3.991726018E-1,3.643617396E0
2.618063754E1,-1.699088602E0,1.283725791E0,8.493992901E-1,2.292669435E0
2.619060254E1,2.294096589E-1,2.436242402E0,2.519914596E0,3.512531196E0
2.620056654E1,2.124255147E0,2.347382265E0,4.108781429E0,5.186978722E0
2.621053154E1,3.133343359E0,1.765320014E0,3.989636516E0,5.371349447E0
2.622049554E1,2.107439432E0,1.282439988E0,3.245632703E0,4.076773838E0
2.623046054E1,4.265478037E-1,1.051672021E0,2.448525063E0,2.698746385E0
2.624042454E1,-8.129821001E-1,9.963292944E-1,1.647331680E0,2.089811863E0
2.625038954E1,-1.308649986E0,1.515191916E0,1.649523509E0,2.594089269E0
2.626035354E1,-7.916444407E-1,2.956161615E0,2.426298919E0,3.905447331E0
2.627031854E1,-1.222941499E-1,4.800176380E0,3.321184577E0,5.838400135E0
2.628028254E1,-9.503954686E-3,6.378111843E0,4.094886982E0,7.579478901E0
2.629024754E1,-1.676822113E-1,7.891362484E0,4.610802607E0,9.141182629E0
2.630021154E1,-4.631756031E-1,9.830200961E0,4.945091434E0,1.101368748E1
2.631017654E1,-1.057575955E0,1.183884584E1,4.914594696E0,1.286195859E1
2.632014054E1,-1.764467636E0,1.287587877E1,4.430674743E0,1.373071297E1
2.633010554E1,-2.088791784E0,1.184027256E1,3.793717662E0,1.260743428E1
2.634006954E1,-1.634813669E0,9.538491558E0,2.248544733E0,9.935360605E0
2.635003454E1,-9.641283855E-1,7.009665513E0,3.057813120E-1,7.082263505E0
2.635999854E1,-7.011392634E-1,4.375347512E0,-2.208232274E0,4.950914248E0
2.636996354E1,3.637230164E-1,2.238666739E0,-6.244932736E0,6.644028001E0
2.637992754E1,3.844873197E0,1.063368791E-1,-1.136875660E1,1.200179087E1
2.638989254E1,1.061009674E1,-3.172928424E0,-1.023111647E1,1.507704785E1
2.639985654E1,1.352888646E1,-8.455136399E0,-7.011562350E0,1.742647718E1
2.640982154E1,9.827743961E0,-1.420123907E1,-7.451667069E0,1.880922871E1
2.641978554E1,6.552125566E0,-1.648939138E1,-5.263463556E0,1.850768560E1
2.642975054E1,5.319797970E0,-1.343281320E1,-1.859940827E-1,1.444905930E1
2.643971454E1,4.019404983E0,-7.263624707E0,4.481481200E0,9.433956437E0
2.644967954E1,1.004602008E0,-1.875685624E0,6.680280161E0,7.010960333E0
2.645964354E1,-3.149543654E0,3.836954606E-1,7.294640093E0,7.954786076E0
2.646960854E1,-7.462706612E0,1.041389108E-1,5.415138575E0,9.220984800E0
2.647957254E1,-1.177762783E1,-1.715008816E0,-4.799921442E0,1.283327777E1
2.648953754E1,-1.577188072E1,-3.832183862E0,-1.521545734E1,2.224742674E1
2.649950154E1,-1.082074619E1,-3.670672072E0,-6.338953625E0,1.306693210E1
2.650946654E1,-4.767366776E0,-1.468435240E0,6.138457278E0,7.909787974E0
2.651943054E1,-6.232946529E0,2.606889297E0,1.166173601E1,1.347744713E1
2.652939554E1,-7.987138706E0,5.170426168E0,8.070067427E0,1.247612439E1
2.653935954E1,-8.121220624E0,5.468757543E0,4.588238494E0,1.081265305E1
2.654932454E1,-8.129109102E0,4.333867364E0,3.922186252E0,1.001241061E1
2.655928854E1,-7.412975459E0,3.038799144E0,3.442169023E0,8.719806934E0
2.656925354E1,-5.571039378E0,2.230011690E0,3.556533545E0,6.975554655E0
2.657921854E1,-3.573556544E0,1.525915124E0,4.053051909E0,5.614797691E0
2.658918254E1,-1.982215316E0,3.985111356E-1,4.129934901E0,4.598298703E0
2.659914754E1,-2.715246682E-1,-2.061263385E0,3.561343757E0,4.123797006E0
2.660911154E1,1.564161470E0,-5.926241941E0,3.348689587E0,6.984315758E0
2.661907654E1,2.761779701E0,-8.621188552E0,4.657005259E0,1.018037412E1
2.662904054E1,3.076928253E0,-9.117439991E0,4.802079649E0,1.075430929E1
2.663900554E1,3.647672049E0,-8.033188453E0,3.054518799E0,9.336365095E0
2.664896954E1,5.487272751E0,-5.541338446E0,1.002529682E0,7.862675104E0
2.665893454E1,7.907098510E0,-2.335643395E0,-6.349621578E-1,8.269257153E0
2.666889854E1,9.102178173E0,5.410136282E-2,-1.119574421E0,9.170933504E0
2.667886354E1,8.247033409E0,1.544936702E0,-1.003791511E0,8.450324660E0
2.668882754E1,6.477460130E0,2.695133137E0,-1.465853695E0,7.167283964E0
2.669879254E1,4.566805233E0,3.882976286E0,-2.018670512E0,6.325207151E0
2.670875654E1,2.912885495E0,4.981538883E0,-2.536283584E0,6.303440804E0
2.671872154E1,1.571988845E0,5.880417312E0,-2.572608826E0,6.608235231E0
2.672868554E1,2.755924299E-1,6.185081806E0,-2.398375833E0,6.639532722E0
2.673865054E1,-1.327595988E0,5.810150737E0,-2.168402503E0,6.342107860E0
2.674861454E1,-2.300473270E0,4.959684330E0,-1.639494950E0,5.707765729E0
2.675857954E1,-2.130089207E0,3.954316410E0,-5.241818333E-1,4.522020001E0
2.676854354E1,-1.758060988E0,2.903994511E0,1.108630334E0,3.571137602E0
2.677850854E1,-1.512699832E0,2.127279035E0,2.175549554E0,3.398027772E0
2.678847254E1,-1.185748676E0,1.774176207E0,2.512250358E0,3.296225568E0
2.679843754E1,-8.151413307E-1,1.527590352E0,2.460006071E0,3.008258224E0
2.680840154E1,-2.026896375E-1,1.367048614E0,1.467210249E0,2.015591952E0
2.681836654E1,4.728760242E-1,1.494674036E0,-1.032243478E0,1.877015931E0
2.682833054E1,1.549975832E0,1.579170980E0,-3.992743142E0,4.564888154E0
2.683829554E1,2.348090363E0,5.789369148E-1,-6.336466804E0,6.782293702E0
2.684825954E1,2.793811333E0,-1.604265475E0,-7.355093286E0,8.029722705E0
2.685822454E1,3.341970551E0,-3.769160818E0,-6.568153369E0,8.277437956E0
2.686818854E1,4.328373320E0,-4.842228971E0,-4.908725846E0,8.141104743E0
2.687815354E1,5.519665741E0,-5.321925772E0,-3.675163903E0,8.502730945E0
2.688811754E1,6.423273983E0,-5.838577561E0,-3.185253770E0,9.246257522E0
2.689808254E1,7.390067822E0,-5.811068750E0,-3.163315601E0,9.919082015E0
2.690804654E1,7.586067660E0,-5.410841457E0,-3.823502501E0,1.007198090E1
2.691801242E1,6.693918207E0,-5.221112173E0,-3.989067582E0,9.379830140E0
2.692797642E1,5.843127864E0,-5.229084266E0,-3.335343025E0,8.521148901E0
2.693794142E1,4.486838127E0,-5.519987338E0,-2.499689369E0,7.539921984E0
2.694790542E1,2.721642366E0,-5.959555868E0,-1.403032964E0,6.700160059E0
2.695787042E1,9.417013898E-1,-6.441077000E0,-4.231846315E-1,6.523293621E0
2.696783442E1,-6.605748627E-1,-6.822440591E0,5.750029081E-1,6.878421557E0
2.697779942E1,-1.796956082E0,-6.733940644E0,7.861411875E-1,7.013774000E0
2.698776342E1,-2.230778114E0,-5.497088472E0,-2.635292951E-1,5.938333129E0
2.699772842E1,-2.627708309E0,-3.735432909E0,-1.087842897E0,4.694860183E0
2.700769242E1,-3.373851618E0,-2.652535002E0,-1.536332341E-1,4.294463860E0
2.701765742E1,-4.111529912E0,-1.850981723E0,1.429574060E0,4.730168449E0
2.702762142E1,-4.483491765E0,-1.745804347E0,2.922524922E0,5.629447854E0
2.703758642E1,-5.201908162E0,-2.256139389E0,4.326803927E0,7.132408127E0
2.704755042E1,-6.582144002E0,-2.903196366E0,5.576377301E0,9.102150988E0
2.705751542E1,-7.485386208E0,-3.506645978E0,6.021829884E0,1.022692563E1
2.706747942E1,-7.800090955E0,-3.922616900E0,4.447867019E0,9.798564348E0
2.707744442E1,-6.953222340E0,-4.670641258E0,-2.479883973E0,8.735674856E0
2.708740942E1,-5.679742041E0,-4.062451308E0,-5.600152080E0,8.951239221E0
2.709737342E1,-4.184055267E0,-2.077435030E0,-3.720617234E0,5.972022051E0
2.710733842E1,-2.298194756E0,-1.931949288E-1,-8.296649373E-1,2.450993131E0
2.711730242E1,-5.263838947E-1,1.381685364E0,1.233109953E0,1.925277800E0
2.712726742E1,1.619031741E0,2.391334616E0,3.045584545E0,4.197062097E0
2.713723142E1,4.340669430E0,2.859854465E0,4.886844395E0,7.134523586E0
2.714719642E1,5.599845686E0,2.823165525E0,4.701394688E0,7.837834351E0
2.715716042E1,4.898724183E0,2.275165059E0,3.302048979E0,6.330671539E0
2.716712542E1,3.048443542E0,1.400201157E0,2.455555463E0,4.157321726E0
2.717708942E1,1.126229722E0,9.096168405E-1,1.653699883E0,2.197844281E0
2.718705442E1,3.167992204E-1,1.417104873E0,1.404722517E0,2.020344851E0
2.719701842E1,-5.471422046E-1,2.800911022E0,3.171236532E0,4.266287413E0
2.720698342E1,-1.002124470E0,4.636064917E0,4.964690716E0,6.866258463E0
2.721694742E1,-1.007850502E0,6.353184578E0,5.556596171E0,8.500263403E0
2.722691242E1,-1.270383614E0,7.875391399E0,5.384380467E0,9.624303467E0
2.723687642E1,-1.695110449E0,9.060789827E0,5.086601654E0,1.052828705E1
2.724684142E1,-1.956882108E0,9.854572155E0,4.543497939E0,1.102657487E1
2.725680542E1,-2.284162901E0,1.070435385E1,3.631009823E0,1.153190461E1
2.726677042E1,-2.641734610E0,1.153478127E1,1.266425926E0,1.190099892E1
2.727673442E1,-2.891265415E0,1.163648774E1,-5.458036673E-1,1.200271487E1
2.728669942E1,-2.795129296E0,1.091391455E1,-3.579311666E-1,1.127184073E1
2.729666342E1,-2.269763840E0,1.007665993E1,2.806458861E-2,1.032916700E1
2.730662842E1,-1.030878738E0,8.876089148E0,-1.030028845E0,8.994922398E0
2.731659242E1,2.873793934E-1,6.555235115E0,-4.117277141E0,7.746332383E0
2.732655742E1,2.504833457E0,1.348192513E0,-1.117945884E1,1.153568869E1
2.733652142E1,4.489576670E0,-9.751627831E0,-1.462224913E1,1.814003069E1
2.734648642E1,2.865070473E0,-2.093047329E1,-6.494855012E0,2.210150408E1
2.735645042E1,2.024163387E0,-2.579702668E1,-8.853941649E-2,2.587646928E1
2.736641542E1,2.990323972E0,-2.315867410E1,2.870439094E-1,2.335270044E1
2.737637942E1,2.594526822E0,-1.514559364E1,-1.617559120E0,1.545111885E1
2.738634442E1,8.042947456E-1,-5.075194321E0,-2.857231988E0,5.879478044E0
2.739630842E1,-4.286310570E-1,1.310170993E0,-8.194176918E-1,1.603657684E0
2.740627342E1,-1.972925406E0,4.212256388E0,2.876006813E0,5.468725055E0
2.741623742E1,-3.627639488E0,5.268903220E0,4.339253234E0,7.729827167E0
2.742620242E1,-4.628255376E0,3.847849723E0,3.870693332E0,7.156043752E0
2.743616642E1,-4.491827848E0,1.752541509E0,3.350042925E0,5.871175926E0
2.744613142E1,-3.138227538E0,4.050629407E-1,1.797081504E0,3.638962764E0
2.745609542E1,-2.525801573E0,-1.662456965E-1,9.543568110E-1,2.705200203E0
2.746606042E1,-3.661994219E0,-3.466556883E-1,1.724535100E0,4.062559924E0
2.747602442E1,-4.411527743E0,-4.821736819E-1,3.239256315E0,5.494256088E0
2.748598942E1,-4.667762089E0,-1.065078517E0,5.244246681E0,7.101022350E0
2.749595342E1,-5.296122594E0,-2.095556720E0,6.098072898E0,8.344265430E0
2.750591842E1,-5.776308222E0,-3.135895668E0,6.230979525E0,9.056747991E0
2.751588242E1,-5.645710661E0,-3.931055017E0,5.056326526E0,8.537779591E0
2.752584742E1,-4.660462425E0,-4.103201723E0,3.717354487E0,7.237050420E0
2.753581142E1,-3.507213743E0,-3.574519873E0,2.729769411E0,5.703453480E0
2.754577642E1,-2.092704449E0,-2.311608415E0,2.333344855E0,3.894540228E0
2.755574042E1,-9.523447841E-2,-9.458608067E-1,2.146883579E0,2.347941945E0
2.756570542E1,1.789752897E0,-2.408222544E-1,1.793391327E0,2.545086097E0
2.757566942E1,3.076294999E0,-2.723358232E-1,9.959821160E-1,3.244955793E0
2.758563442E1,3.819065049E0,-7.863464248E-1,2.560004568E-1,3.907574028E0
2.759559842E1,4.355919553E0,-1.218970801E0,-2.488838106E-2,4.523333328E0
2.760556342E1,5.081214615E0,-8.849924612E-1,-9.909378693E-2,5.158660019E0
2.761552742E1,5.559084746E0,5.035505176E-2,-1.868148856E-1,5.562450777E0
2.762549242E1,5.316793671E0,1.069044684E0,-3.737528551E-1,5.436068678E0
2.763545642E1,4.488879974E0,2.081911658E0,-4.462735319E-1,4.968255191E0
2.764542142E1,3.345340886E0,3.060763625E0,-4.605921205E-1,4.557600763E0
2.765538642E1,2.450581821E0,4.025440772E0,-4.551554525E-1,4.734626823E0
2.766535042E1,1.446054438E0,4.805494423E0,-6.188576102E-1,5.056365773E0
2.767531542E1,3.291576031E-1,5.231905548E0,-1.167888941E0,5.370767633E0
2.768527942E1,-8.923476738E-1,5.163599544E0,-1.475227951E0,5.443835241E0
2.769524442E1,-2.312081747E0,4.582805554E0,-1.403501326E0,5.321432582E0
2.770520842E1,-3.166294465E0,3.664420229E0,-8.718596148E-1,4.920725093E0
2.771517342E1,-3.161627218E0,2.732773418E0,-9.708015203E-2,4.180115044E0
2.772513742E1,-2.682275987E0,1.919681829E0,3.680582152E-1,3.318922965E0
2.773510242E1,-2.310455052E0,1.430707836E0,1.187871800E0,2.965833251E0
2.774506642E1,-1.444211688E0,1.442405775E0,1.103297015E0,2.320246996E0
2.775503142E1,-1.969932801E-1,1.808157885E0,-1.710357356E-1,1.826881089E0
2.776499542E1,9.074937165E-1,1.912126642E0,-1.616293636E0,2.663114391E0
2.777496042E1,1.590896109E0,1.447704522E0,-2.228562604E0,3.097303681E0
2.778492442E1,2.217932512E0,7.062629592E-1,-2.349234225E0,3.307103482E0
2.779488942E1,3.055616321E0,-3.032067829E-1,-3.072656862E0,4.343955069E0
2.780485342E1,4.330555501E0,-2.102611971E0,-3.927735552E0,6.213034252E0
2.781481842E1,5.735591136E0,-4.098094180E0,-4.377223299E0,8.297678314E0
2.782478242E1,6.933562832E0,-5.399649301E0,-4.797728736E0,1.001242763E1
2.783474742E1,7.826765369E0,-6.191208519E0,-4.670110331E0,1.101813276E1
2.784471142E1,8.357094964E0,-6.898345052E0,-4.635918152E0,1.178643024E1
2.785467642E1,9.136331760E0,-7.430967926E0,-4.766660725E0,1.270483754E1
2.786464042E1,8.851433778E0,-8.156280529E0,-4.233290577E0,1.275905722E1
2.787460542E1,7.208831034E0,-8.929677125E0,-2.852068312E0,1.182542482E1
2.788456942E1,5.104875373E0,-9.049446228E0,-1.707766601E0,1.052942051E1
2.789453442E1,3.065411869E0,-8.577420389E0,-7.685884309E-1,9.141095046E0
2.790449842E1,7.808482879E-1,-8.342599132E0,-8.569036067E-2,8.379500413E0
2.791446342E1,-1.101591163E0,-8.485357148E0,-6.259257245E-1,8.579427256E0
2.792442654E1,-2.065789423E0,-7.701303416E0,-1.590170177E0,8.130572024E0
2.793439154E1,-1.435436479E0,-5.325600747E0,-2.713624957E0,6.147053083E0
2.794435554E1,-2.054460150E-1,-2.779061147E0,-3.236848431E0,4.271132952E0
2.795432054E1,6.517069754E-1,-1.557430447E0,-1.948190514E0,2.577936744E0
2.796428454E1,1.097623535E0,-8.804556066E-1,3.684237027E-1,1.454549939E0
2.797424954E1,1.869677318E0,-7.723218781E-1,2.351435555E0,3.101841957E0
2.798421354E1,1.670878125E0,-1.621601300E0,3.874607166E0,4.520398785E0
2.799417854E1,1.715488288E-1,-2.460575590E0,4.934715550E0,5.516817814E0
2.800414254E1,-1.946690264E0,-3.468085345E0,5.370036077E0,6.682402743E0
2.801410754E1,-3.693825876E0,-4.595592830E0,5.527778753E0,8.082088901E0
2.802407154E1,-4.645246215E0,-5.451170872E0,4.936693078E0,8.698535212E0
2.803403654E1,-4.724074284E0,-5.579557602E0,4.237319309E0,8.450042355E0
2.804400054E1,-4.518028637E0,-4.923236296E0,2.897911652E0,7.283455934E0
2.805396554E1,-3.387596083E0,-3.344475791E0,2.634199888E-1,4.767674027E0
2.806392954E1,-5.784138814E-1,-3.334251934E-1,-1.468821157E0,1.613434401E0
2.807389454E1,1.887212241E0,1.522645361E0,-1.044104847E0,2.640108685E0
2.808385854E1,2.871765243E0,2.165433871E0,5.388217995E-1,3.636821193E0
2.809382354E1,3.114630807E0,2.334935297E0,2.683846257E0,4.728200359E0
2.810378754E1,2.548051690E0,1.640465587E0,4.124616566E0,5.118218105E0
2.811375254E1,1.271336126E0,1.242225178E0,4.702981038E0,5.027668404E0
2.812371654E1,7.255574553E-1,1.914883604E0,3.130426475E0,3.740692817E0
2.813368154E1,4.419970246E-1,2.989417654E0,1.730129131E0,3.482143892E0
2.814364554E1,7.231251597E-3,4.542351592E0,1.875209076E0,4.914205873E0
2.815361054E1,-2.819741725E-1,6.335593815E0,2.892905266E0,6.970520734E0
2.816357454E1,-6.611630195E-1,7.430559205E0,4.271133757E0,8.596099709E0
2.817353954E1,-9.604044400E-1,8.170245434E0,5.435874556E0,9.860224102E0
2.818350354E1,-1.320501854E0,8.797065198E0,6.049831615E0,1.075790611E1
2.819346854E1,-1.809743211E0,9.656240448E0,6.300939122E0,1.167133171E1
2.820343254E1,-2.283893052E0,1.088601866E1,5.492290832E0,1.240511299E1
2.821339754E1,-2.544661182E0,1.230989870E1,3.715393916E0,1.310774803E1
2.822336154E1,-2.393948321E0,1.256376960E1,2.848459995E0,1.310316830E1
2.823332654E1,-2.649438024E0,1.085129555E1,2.204590043E0,1.138553267E1
2.824329054E1,-3.159551749E0,7.973648595E0,7.125326362E-1,8.606366360E0
2.825325554E1,-2.930727396E0,5.351244296E0,-1.974869605E0,6.412884572E0
2.826321954E1,-1.025641606E0,2.499373620E0,-6.653897524E0,7.181445638E0
2.827318454E1,3.173418128E0,-1.821448022E0,-1.136780116E1,1.194215888E1
2.828314854E1,6.393494698E0,-7.735093891E0,-1.172291777E1,1.543163157E1
2.829311354E1,4.277449627E0,-1.399242331E1,-7.708701898E0,1.653809452E1
2.830307754E1,2.067568146E0,-1.807909028E1,-2.741054245E0,1.840222056E1
2.831304254E1,1.520167019E0,-1.653634920E1,-2.217581095E0,1.675348975E1
2.832300654E1,3.685029910E0,-1.148260773E1,-4.157416522E0,1.275593344E1
2.833297154E1,6.004548438E0,-6.705838925E0,1.058919645E0,9.063343117E0
2.834293554E1,2.891197879E0,-5.196809390E0,5.316424711E0,7.976855566E0
2.835290054E1,-8.872560646E-1,-5.854207753E0,8.833207422E0,1.063412080E1
2.836286454E1,-4.699299046E0,-6.400186837E0,8.444558786E0,1.159121979E1
2.837282954E1,-6.890774662E0,-7.877644916E0,5.351137877E0,1.175477526E1
2.838279354E1,-2.708651315E0,-5.524689669E0,9.146624029E-1,6.220578365E0
2.839275854E1,-7.359720042E-1,-1.490271667E0,-3.395939475E0,3.780868862E0
2.840272254E1,-4.181743278E0,1.497781246E0,-1.895172932E0,4.829286277E0
2.841268754E1,-8.080036930E0,2.971286023E0,6.582726969E0,1.083733509E1
2.842265154E1,-1.075191628E1,3.150928860E0,1.256973727E1,1.683835952E1
2.843261654E1,-1.059177039E1,2.485948997E0,9.657680617E0,1.454772619E1
2.844258054E1,-8.135374394E0,1.178240266E0,5.588151839E0,9.939819296E0
2.845254554E1,-6.006073977E0,4.243470579E-1,4.954562169E0,7.797479165E0
2.846250954E1,-4.480793275E0,3.724185205E-1,4.222764712E0,6.168301690E0
2.847247454E1,-3.264001147E0,5.004859918E-1,3.240712271E0,4.626705711E0
2.848243954E1,-2.444039079E0,2.621277541E-1,3.017070014E0,3.891625553E0
2.849240354E1,-1.716658023E0,-3.885609287E-1,3.334759765E0,3.770744894E0
2.850236854E1,-1.318395394E0,-1.529709967E0,2.561488591E0,3.261809744E0
2.851233254E1,-4.588213643E-1,-3.008777200E0,6.060288191E-1,3.103309236E0
2.852229754E1,1.243868538E0,-3.404351279E0,-1.021377451E0,3.765637857E0
2.853226154E1,3.312649396E0,-2.238334617E0,-1.849716093E0,4.405137626E0
2.854222654E1,4.647572823E0,-3.583565515E-1,-1.466896692E0,4.886730856E0
2.855219054E1,5.224322294E0,1.290241928E0,-3.234913588E-1,5.391003091E0
2.856215554E1,4.863977104E0,2.436323093E0,9.070434809E-1,5.515131128E0
2.857211954E1,4.342568021E0,3.248718279E0,1.247814531E0,5.564989540E0
2.858208454E1,4.010682692E0,3.801063226E0,4.898995348E-1,5.547401090E0
2.859204854E1,4.969488357E0,4.509349907E0,-8.292766821E-1,6.761490289E0
2.860201354E1,6.601304158E0,5.336597021E0,-2.122572026E0,8.749959792E0
2.861197754E1,6.286702906E0,5.633113419E0,-2.895385655E0,8.924004612E0
2.862194254E1,4.387466451E0,4.903722968E0,-3.366043246E0,7.390981527E0
2.863190654E1,2.428935429E0,2.984348118E0,-2.734168564E0,4.720353667E0
2.864187154E1,1.402335683E0,1.692785888E0,-8.171250717E-1,2.345157311E0
2.865183554E1,4.343609995E-1,1.125494288E0,1.321165513E0,1.789101781E0
2.866180054E1,-6.694316402E-1,3.197660977E-1,3.952920095E0,4.021935648E0
2.867176454E1,-1.011170697E0,-2.688929826E-1,5.753513437E0,5.847878802E0
2.868172954E1,-1.210594957E0,-9.901166278E-1,3.602202930E0,3.927051953E0
2.869169354E1,-9.521097261E-1,-8.444139540E-1,-2.381949835E0,2.700598614E0
2.870165854E1,-1.399341032E0,-7.727621734E-2,-6.623275656E0,6.769926687E0
2.871162254E1,-1.723514176E0,3.197251672E-1,-7.029571189E0,7.244832393E0
2.872158754E1,7.757992172E-1,-2.610729164E-1,-6.517790131E0,6.568988635E0
2.873155154E1,4.942838502E0,-1.857591416E0,-5.648311502E0,7.732122681E0
2.874151654E1,7.441166639E0,-3.475470378E0,-4.753173537E0,9.489073399E0
2.875148054E1,8.676123143E0,-4.935564566E0,-3.780485120E0,1.067365814E1
2.876144554E1,9.535553917E0,-5.830953376E0,-2.900752814E0,1.154734483E1
2.877140954E1,9.735484253E0,-5.910372598E0,-2.889019207E0,1.174983361E1
2.878137454E1,8.871246484E0,-5.588434845E0,-2.428706656E0,1.076235263E1
2.879133854E1,7.305563861E0,-5.910842714E0,-1.129051734E0,9.464886832E0
2.880130354E1,6.227998030E0,-6.367255318E0,-4.047321345E-1,8.915924397E0
2.881126754E1,4.918494789E0,-6.514678243E0,-7.039522858E-1,8.193178408E0
2.882123254E1,2.653450968E0,-6.611731498E0,-1.564328846E0,7.294033190E0
2.883119654E1,1.832689878E-1,-6.569232765E0,-2.263039688E0,6.950521942E0
2.884116154E1,-1.968915970E0,-5.919910576E0,-2.736229708E0,6.812409584E0
2.885112554E1,-3.254381015E0,-4.704169777E0,-3.201073412E0,6.554927922E0
2.886109054E1,-4.151618423E0,-3.791421168E0,-2.395622379E0,6.111449630E0
2.887105454E1,-5.097939990E0,-3.298797342E0,-4.175999558E-1,6.086497003E0
2.888101954E1,-6.123370292E0,-3.292675892E0,1.470393473E0,7.106295465E0
2.889098354E1,-6.670590155E0,-3.833104214E0,3.092694100E0,8.291816311E0
2.890094854E1,-7.107761911E0,-4.715411634E0,4.089994032E0,9.459568566E0
2.891091254E1,-8.163925179E0,-5.763549598E0,4.305653379E0,1.088149022E1
2.892087767E1,-9.381425990E0,-6.979492126E0,3.267874342E0,1.214098294E1
2.893084167E1,-9.557870985E0,-7.837688552E0,4.980577894E-1,1.237054248E1
2.894080667E1,-8.298920431E0,-6.819408225E0,-1.430800660E0,1.083621702E1
2.895077067E1,-6.055465992E0,-4.193983254E0,-2.608726785E0,7.814321427E0
2.896073567E1,-3.740248091E0,-9.503807044E-1,-1.296282102E0,4.070998225E0
2.897069967E1,-1.908170854E0,1.536955837E0,9.628693338E-1,2.632577940E0
2.898066467E1,-3.041334204E-1,2.986431481E0,2.026762328E0,3.622020936E0
2.899062867E1,1.865528572E0,4.055058088E0,3.153892229E0,5.465412074E0
2.900059367E1,3.542999287E0,4.243850064E0,3.667493818E0,6.634276013E0
2.901055767E1,4.159170394E0,3.590519609E0,2.516254531E0,6.043348930E0
2.902052267E1,3.244024134E0,3.174038225E0,1.471061225E0,4.770978135E0
2.903048667E1,8.160476491E-1,3.197196123E0,1.273725006E0,3.537000453E0
2.904045167E1,-1.220978443E0,3.675057483E0,1.452461524E0,4.135998107E0
2.905041567E1,-1.931354918E0,4.831964183E0,1.512117157E0,5.418902840E0
2.906038067E1,-1.825570309E0,6.078808077E0,2.271885356E0,6.741370607E0
2.907034467E1,-1.451484162E0,7.186776506E0,3.081032121E0,7.952944219E0
2.908030967E1,-1.038629880E0,8.299299331E0,4.086709651E0,9.309044912E0
2.909027367E1,-7.903214351E-1,9.563829882E0,5.214139953E0,1.092147909E1
2.910023867E1,-6.239658840E-1,1.091558101E1,5.772692304E0,1.236378658E1
2.911020267E1,-4.833227328E-1,1.227948967E1,5.458294535E0,1.344665188E1
2.912016767E1,-1.915720341E-1,1.292789794E1,4.160949410E0,1.358236890E1
2.913013167E1,2.162023702E-1,1.204179334E1,2.665240417E0,1.233511397E1
2.914009667E1,4.308863647E-1,1.032777328E1,1.317560120E0,1.042039005E1
2.915006067E1,4.609401029E-1,8.715272591E0,1.281528407E-1,8.728394197E0
2.916002567E1,6.923391308E-1,7.409391700E0,-1.808375694E0,7.658240104E0
2.916998967E1,1.698698885E0,5.644152963E0,-6.449456645E0,8.737135205E0
2.917995467E1,4.726075786E0,6.885464805E-1,-1.139472876E1,1.235515002E1
2.918991867E1,1.066139202E1,-9.452624611E0,-1.254112684E1,1.898149768E1
2.919988367E1,7.082072169E0,-1.916731909E1,-8.148755747E0,2.199872922E1
2.920984767E1,-3.202796001E0,-2.308030270E1,-1.602700176E0,2.335651778E1
2.921981267E1,-6.412283556E0,-2.242040231E1,-2.797234001E0,2.348651397E1
2.922977667E1,-3.442167269E0,-1.647966279E1,-5.187638617E0,1.761645241E1
2.923974167E1,-1.026883043E0,-7.187948288E0,4.604629701E-1,7.275514794E0
2.924970567E1,-2.331754997E0,-1.374162921E0,4.791524255E0,5.503100016E0
2.925967067E1,-4.915743089E0,2.032445383E-1,8.571655619E0,9.883274686E0
2.926963467E1,-7.769629301E0,-7.668173093E-1,7.615732924E0,1.090662809E1
2.927959967E1,-8.320246396E0,-1.794618657E0,3.315838175E0,9.134655933E0
2.928956367E1,-4.944863393E0,-1.059620141E0,4.306184891E-1,5.075421273E0
2.929952867E1,-2.988891404E0,-5.857740641E-2,-2.930842001E0,4.186494712E0
2.930949267E1,-6.503528772E0,-2.886659271E-1,-2.022410392E0,6.816843720E0
2.931945767E1,-9.742634228E0,7.951587635E-1,4.401495675E0,1.072027814E1
2.932942167E1,-1.065392162E1,1.908571535E0,9.446245884E0,1.436594071E1
2.933938667E1,-9.220951495E0,1.930409716E0,8.590411148E0,1.274941535E1
2.934935067E1,-8.029812856E0,7.662904751E-1,5.670027477E0,9.859731598E0
2.935931567E1,-7.229338973E0,-2.157645965E-1,5.061243449E0,8.827575069E0
2.936927967E1,-5.729733396E0,-4.032421178E-1,4.571727419E0,7.341194765E0
2.937924467E1,-3.779835495E0,-2.519155920E-1,3.909562698E0,5.443831218E0
2.938920867E1,-2.186867132E0,-8.407261151E-1,3.846299626E0,4.503690605E0
2.939917367E1,-2.189006775E-1,-2.310174093E0,4.140213429E0,4.746176259E0
2.940913767E1,1.164257527E0,-3.420415335E0,4.473269663E0,5.750206790E0
2.941910267E1,1.603414559E0,-3.891476968E0,3.668391073E0,5.583155407E0
2.942906667E1,1.944725454E0,-4.022334146E0,2.036914118E0,4.910208569E0
2.943903167E1,3.319125772E0,-3.218061327E0,7.916441484E-1,4.690332084E0
2.944899567E1,4.733067302E0,-1.801837630E0,-3.380534108E-1,5.075709313E0
2.945896067E1,5.467415607E0,-1.095066547E-1,-5.910096610E-1,5.500356129E0
2.946892467E1,5.457000546E0,1.755050549E0,-1.579859928E-1,5.734458734E0
2.947888967E1,4.610325474E0,3.284417869E0,-2.512771126E-1,5.666184069E0
2.948885367E1,3.901370457E0,4.215882831E0,-1.451494102E0,5.924626116E0
2.949881867E1,4.143991607E0,5.154336970E0,-3.269088224E0,7.377451718E0
2.950878267E1,4.551634339E0,6.658809770E0,-3.720161735E0,8.882382904E0
2.951874767E1,3.887801116E0,7.511711542E0,-3.472045664E0,9.143079837E0
2.952871167E1,2.353924569E0,6.885886390E0,-3.914195740E0,8.263009169E0
2.953867667E1,1.133804351E0,5.225329769E0,-3.404354203E0,6.338707364E0
2.954864067E1,3.254516378E-1,3.010778702E0,-1.059000848E0,3.208144317E0
2.955860567E1,-4.033906370E-1,7.178030241E-1,1.605327330E0,1.804173224E0
2.956856967E1,-1.133283072E0,-8.059685111E-1,3.100003704E0,3.397637227E0
2.957853467E1,-1.272810794E0,-1.524610026E0,2.638587638E0,3.302518398E0
2.958849867E1,-1.253474198E0,-1.223275521E0,-1.413181391E-1,1.757148651E0
2.959846367E1,-1.155776580E0,-4.602425301E-1,-4.668642095E0,4.831548582E0
2.960842767E1,-5.849114536E-1,4.202867514E-1,-6.736083648E0,6.774480443E0
2.961839267E1,5.797835916E-2,9.619845039E-1,-6.785856317E0,6.853949346E0
2.962835667E1,1.368802779E0,7.344722664E-1,-5.728052321E0,5.934951891E0
2.963832167E1,2.652063424E0,-6.183658594E-1,-3.847304177E0,4.713551333E0
2.964828567E1,4.282182655E0,-2.935561874E0,-2.439769442E0,5.736469885E0
2.965825067E1,5.843892680E0,-4.833649936E0,-2.049021655E0,7.855809512E0
2.966821467E1,6.695789316E0,-5.623253260E0,-2.208871082E0,9.018518905E0
2.967817967E1,6.618712488E0,-4.968225943E0,-2.537748896E0,8.656257475E0
2.968814367E1,6.268837908E0,-3.944747441E0,-2.874642950E0,7.944994222E0
2.969810867E1,5.435212651E0,-3.458005915E0,-3.069530355E0,7.135920268E0
2.970807267E1,4.896368633E0,-3.615516456E0,-3.185673015E0,6.869854262E0
2.971803767E1,4.589491260E0,-4.321581194E0,-3.056581696E0,7.005867949E0
2.972800167E1,3.717939793E0,-5.030474816E0,-2.576522368E0,6.765147500E0
2.973796667E1,2.228813888E0,-5.956842175E0,-2.293002429E0,6.760875697E0
2.974793067E1,6.245802802E-1,-6.922015166E0,-1.895152760E0,7.203887732E0
2.975789567E1,-9.854789087E-1,-7.355389155E0,-1.318358995E0,7.537306465E0
2.976785967E1,-2.892645065E0,-6.927907990E0,-1.094390755E0,7.586896316E0
2.977782467E1,-5.011112931E0,-5.889378755E0,-9.352441634E-1,7.789140939E0
2.978778867E1,-6.419879090E0,-4.857810631E0,-4.458385356E-1,8.062998428E0
2.979775367E1,-7.123858126E0,-3.844692226E0,-2.230543202E-1,8.098195240E0
2.980771767E1,-7.527258704E0,-3.029969264E0,-6.029182831E-2,8.114429890E0
2.981768267E1,-7.829908832E0,-2.787223275E0,3.633576751E-1,8.319141464E0
2.982764667E1,-8.218187925E0,-3.166371941E0,8.252257311E-1,8.845649865E0
2.983761167E1,-8.845367292E0,-3.957883211E0,9.338027517E-1,9.735365922E0
2.984757567E1,-9.098965713E0,-4.498378776E0,9.439207006E-1,1.019399701E1
2.985754067E1,-8.260822898E0,-4.178212729E0,7.709169383E-1,9.289400921E0
2.986750467E1,-6.415699500E0,-3.106414007E0,-3.110120849E-1,7.134965772E0
2.987746967E1,-4.731378918E0,-1.543635111E0,-1.242430561E0,5.129560363E0
2.988743367E1,-2.449940235E0,8.488660240E-1,-2.531550555E-1,2.605161831E0
2.989739867E1,-3.093152595E-1,2.721429235E0,1.022678164E0,2.923649028E0
2.990736267E1,1.530136229E0,3.636117951E0,2.186484578E0,4.510364225E0
2.991732767E1,3.498718908E0,4.338070927E0,3.245863668E0,6.449459227E0
2.992729167E1,4.270541434E0,4.167968407E0,2.840584965E0,6.608964195E0
2.993725667E1,3.290087622E0,3.503185596E0,2.047847095E0,5.224046670E0
2.994722067E1,1.365371779E0,2.907939627E0,1.741482962E0,3.654191549E0
2.995718567E1,2.354267179E-1,3.113870376E0,2.055340448E0,3.738454068E0
2.996714967E1,-1.535208397E-1,3.493221940E0,2.399921837E0,4.240966045E0
2.997711467E1,-4.342925140E-1,3.724823720E0,2.983017876E0,4.791796885E0
2.998707867E1,-6.509271030E-1,4.210305172E0,3.901651123E0,5.776959168E0
2.999704367E1,-5.919543883E-1,4.982876142E0,4.255556774E0,6.579455000E0
3.000700767E1,-6.004997651E-1,6.149820757E0,4.149856949E0,7.443265950E0
3.001697267E1,-6.360738596E-1,7.715691075E0,3.836531267E0,8.640338586E0
3.002693667E1,-8.104316177E-1,9.083066549E0,3.708409417E0,9.844348518E0
3.003690167E1,-1.228105175E0,9.938369772E0,3.766460866E0,1.069886272E1
3.004686567E1,-1.648519835E0,1.000136767E1,3.730465699E0,1.080098826E1
3.005683067E1,-1.843821077E0,9.482862902E0,3.387389676E0,1.023712722E1
3.006679467E1,-2.061400649E0,8.422104893E0,2.439784060E0,9.007428585E0
3.007675967E1,-2.364254260E0,7.187986295E0,9.408944741E-1,7.625098530E0
3.008672367E1,-2.192990191E0,6.167244875E0,-9.552619600E-1,6.614880251E0
3.009668867E1,-1.652382505E0,5.266281914E0,-2.398700646E0,6.018127443E0
3.010665267E1,-1.313352902E0,4.103171318E0,-4.061828872E0,5.921094872E0
3.011661767E1,2.910379597E-1,1.011373596E0,-7.725225545E0,7.796581903E0
3.012658167E1,8.144059848E0,-6.222855404E0,-1.356615544E1,1.700265314E1
3.013654667E1,1.046580850E1,-1.546816114E1,-1.512781927E1,2.403431032E1
3.014651067E1,4.318031057E0,-2.121221319E1,-8.066957293E0,2.310149737E1
3.015647567E1,5.746963678E-1,-1.968543736E1,-3.431684089E0,1.999057717E1
3.016643967E1,1.263251034E0,-1.353094234E1,-4.069241095E0,1.418594117E1
3.017640467E1,2.361919905E-1,-5.335842730E0,-6.959037396E-1,5.386212613E0
3.018636867E1,-1.498137342E0,1.959097910E-1,3.880265809E0,4.164043574E0
3.019633367E1,-4.687542927E0,7.739304471E-1,6.530189152E0,8.075605079E0
3.020629767E1,-8.667686196E0,-1.413687760E0,5.440010877E0,1.033058640E1
3.021626267E1,-1.150510197E1,-4.276228436E0,-9.547272322E-1,1.231117399E1
3.022622667E1,-6.934528792E0,-3.499369118E0,-2.256269489E0,8.088511964E0
3.023619167E1,-8.978420100E-1,-9.526342213E-2,1.716642821E0,1.939602528E0
3.024615567E1,-2.461876887E0,2.084709551E0,4.599346450E0,5.617903478E0
3.025612067E1,-5.789608299E0,3.678265266E0,5.423278484E0,8.744206604E0
3.026608467E1,-7.518903033E0,4.004245784E0,5.843937703E0,1.033051281E1
3.027604967E1,-8.112874308E0,2.759403977E0,5.382322247E0,1.011940871E1
3.028601367E1,-8.058729676E0,8.843995535E-1,4.667937798E0,9.354941467E0
3.029597867E1,-7.280808504E0,-5.251530558E-1,3.742465647E0,8.203170566E0
3.030594267E1,-5.510877376E0,-1.163919851E0,3.301639381E0,6.528805517E0
3.031590767E1,-3.304515042E0,-1.261971810E0,3.435995533E0,4.931374840E0
3.032587167E1,-1.174965095E0,-1.592618991E0,3.594874615E0,4.103669300E0
3.033583567E1,3.984042777E-1,-2.587803401E0,3.823453385E0,4.634031527E0
3.034580067E1,5.820805972E-1,-3.210888548E0,4.592466323E0,5.633770498E0
3.035576467E1,7.282344568E-1,-2.966599479E0,4.545583348E0,5.476619931E0
3.036572967E1,1.497006636E0,-2.360391151E0,2.947085567E0,4.061746987E0
3.037569367E1,2.471188286E0,-1.454100791E0,7.463350976E-1,2.962802176E0
3.038565867E1,3.246100481E0,3.351507068E-2,-4.966964114E-1,3.284052210E0
3.039562267E1,3.296179544E0,1.695299606E0,-8.736301517E-1,3.808158345E0
3.040558767E1,2.416812981E0,2.910666769E0,-1.233470142E0,3.979247996E0
3.041555167E1,1.411860213E0,3.720928890E0,-1.881391922E0,4.402078672E0
3.042551667E1,1.765719671E0,3.933803208E0,-3.027522204E0,5.268630214E0
3.043548067E1,2.963054312E0,4.206969920E0,-4.088878968E0,6.572459052E0
3.044544567E1,3.206904840E0,5.163852729E0,-3.476695370E0,7.002644097E0
3.045540967E1,2.836049865E0,5.871810796E0,-2.234304131E0,6.893000494E0
3.046537467E1,2.496059125E0,5.887215870E0,-1.047981843E0,6.479806155E0
3.047533867E1,2.574071800E0,4.695498941E0,-1.768017115E-1,5.357687447E0
3.048530367E1,2.181734447E0,2.689057295E0,8.330441163E-1,3.561594704E0
3.049526767E1,1.058383017E0,1.207309699E0,2.231629615E0,2.749171158E0
3.050523267E1,1.958068800E-1,5.524595529E-1,2.961375577E0,3.018823811E0
3.051519667E1,2.893873273E-1,7.515221626E-1,2.171671681E0,2.316179716E0
3.052516167E1,2.450297646E-1,1.167035832E0,3.063536813E-1,1.231204612E0
3.053512567E1,-1.167121786E-1,1.138996094E0,-1.720405358E0,2.066574080E0
3.054509067E1,-6.449394080E-1,6.911338735E-1,-4.692201696E0,4.786477789E0
3.055505467E1,-1.245939914E0,-3.616795242E-2,-6.697319532E0,6.812324369E0
3.056501967E1,-1.095284064E0,-6.518090093E-1,-5.994193604E0,6.128201949E0
3.057498367E1,1.611793765E-1,-1.238716264E0,-4.084068464E0,4.270832705E0
3.058494867E1,2.426553273E0,-2.419426394E0,-2.666403428E0,4.341830501E0
3.059491267E1,4.819169306E0,-4.339231600E0,-2.504534372E0,6.951691600E0
3.060487767E1,6.303508973E0,-6.125377057E0,-3.130246673E0,9.330215094E0
3.061484167E1,6.980351082E0,-6.531565002E0,-3.673116792E0,1.024101702E1
3.062480667E1,6.704282981E0,-5.433698223E0,-4.253679233E0,9.621136819E0
3.063477067E1,6.215384417E0,-4.036732914E0,-4.528922292E0,8.685467932E0
3.064473567E1,5.602343616E0,-3.133044566E0,-4.176257420E0,7.657894508E0
3.065469967E1,5.094792434E0,-3.187262288E0,-2.991446638E0,6.712995146E0
3.066466467E1,4.968877323E0,-4.022915944E0,-1.513371677E0,6.569923011E0
3.067462867E1,4.313005376E0,-4.551397820E0,-6.897248407E-1,6.308165965E0
3.068459367E1,2.986181805E0,-4.795724895E0,-7.875158679E-1,5.704072254E0
3.069455767E1,1.517679614E0,-5.183421021E0,-1.491865618E0,5.603290811E0
3.070452267E1,-1.004784076E-1,-5.528864581E0,-2.474408932E0,6.058146501E0
3.071448667E1,-1.742951929E0,-5.227155270E0,-3.843988221E0,6.718428320E0
3.072445167E1,-2.782829385E0,-4.557247959E0,-4.546801323E0,7.013276739E0
3.073441567E1,-3.186969050E0,-4.150926697E0,-3.372494479E0,6.225807834E0
3.074438067E1,-3.380973526E0,-3.924011461E0,-1.286561691E0,5.337048708E0
3.075434467E1,-3.470651103E0,-4.116855556E0,7.366316432E-1,5.434753438E0
3.076430967E1,-3.922724781E0,-4.284155506E0,2.273336635E0,6.237773446E0
3.077427367E1,-4.776182916E0,-4.552802905E0,3.064364340E0,7.275318986E0
3.078423867E1,-5.793646386E0,-5.023097384E0,3.663895733E0,8.498351471E0
3.079420267E1,-6.852406402E0,-5.571251047E0,3.783445566E0,9.607745421E0
3.080416767E1,-7.664006367E0,-6.001750546E0,2.519060025E0,1.005503190E1
3.081413167E1,-7.588738668E0,-5.375217295E0,3.437988849E-1,9.305918182E0
3.082409667E1,-6.252441730E0,-3.537498227E0,-1.923902496E0,7.436956509E0
3.083406067E1,-4.381966268E0,-6.431627315E-1,-2.268188746E0,4.975938791E0
3.084402567E1,-2.996591603E0,1.614637851E0,-1.318830427E0,3.650469876E0
3.085398967E1,-1.261652260E0,3.229999003E0,6.181736322E-1,3.522328579E0
3.086395467E1,8.304589161E-1,4.336724898E0,2.204126651E0,4.935080460E0
3.087391867E1,2.048474063E0,4.750865641E0,2.716617562E0,5.843541846E0
3.088388367E1,2.972465698E0,4.841716170E0,2.844906935E0,6.353838467E0
3.089384767E1,2.866225883E0,4.476757527E0,2.414612089E0,5.838403918E0
3.090381267E1,1.821983773E0,3.914286371E0,2.305149873E0,4.894382352E0
3.091377667E1,6.147020672E-1,3.287393517E0,2.319203656E0,4.069830509E0
3.092374171E1,-4.800762856E-1,2.679001254E0,2.337368324E0,3.587591342E0
3.093370571E1,-9.658264900E-1,2.851190645E0,3.081404881E0,4.307802798E0
3.094367071E1,-5.936733966E-1,4.035377530E0,4.328637614E0,5.947589722E0
3.095363471E1,-1.927166996E-1,5.343177477E0,5.042609543E0,7.349462312E0
3.096359971E1,-2.137610846E-1,6.698042248E0,5.291692743E0,8.538821690E0
3.097356371E1,-5.248980806E-1,8.019991872E0,5.510650504E0,9.744899004E0
3.098352871E1,-9.228713089E-1,9.605381951E0,5.457610996E0,1.108605302E1
3.099349271E1,-1.362194548E0,1.118522302E1,4.778130623E0,1.223908985E1
3.100345771E1,-1.761310139E0,1.186173184E1,4.005472530E0,1.264304970E1
3.101342171E1,-2.263319185E0,1.076300961E1,3.037491707E0,1.141014222E1
3.102338671E1,-2.956762416E0,8.729907587E0,9.907504660E-1,9.270130363E0
3.103335071E1,-3.579340025E0,6.917070760E0,-1.447326500E0,7.921634737E0
3.104331571E1,-3.565325711E0,5.692828694E0,-4.040227503E0,7.838576672E0
3.105327971E1,-2.513008157E0,3.584143220E0,-7.905370073E0,9.036380283E0
3.106324471E1,3.550966996E0,-1.820887274E0,-1.405146966E1,1.460714882E1
3.107320871E1,9.447805921E0,-1.143088443E1,-1.402156583E1,2.040907798E1
3.108317371E1,5.768548383E0,-2.089926320E1,-7.858095335E0,2.306089796E1
3.109313771E1,1.605986165E0,-2.245963012E1,-3.153437023E0,2.273671791E1
3.110310271E1,1.240459465E0,-1.608596274E1,-5.208033121E0,1.695348182E1
3.111306671E1,1.540157480E0,-9.242889079E0,-5.138176435E0,1.068662438E1
3.112303171E1,5.669409499E-1,-4.049675726E0,4.730909094E-1,4.116443919E0
3.113299571E1,-1.913747782E0,-3.517835795E0,5.444830152E0,6.758977336E0
3.114296071E1,-5.054993945E0,-4.847211383E0,6.412121004E0,9.495457743E0
3.115292471E1,-8.085749660E0,-6.930401827E0,2.043437856E0,1.084368274E1
3.116288971E1,-4.897841254E0,-6.011121293E0,-7.703607219E-1,7.792039771E0
3.117285371E1,-2.015367859E-1,-1.091645926E0,2.631903101E0,2.856435163E0
3.118281871E1,-1.809628460E0,2.790807618E0,5.779351698E0,6.668153296E0
3.119278271E1,-3.488636554E0,5.586693544E0,7.299051817E0,9.831474314E0
3.120274671E1,-5.066686038E0,6.746468888E0,8.719628182E0,1.213334519E1
3.121271171E1,-7.544769945E0,5.170388162E0,8.172799498E0,1.226585174E1
3.122267571E1,-9.531870756E0,2.058015842E0,5.370619630E0,1.113263421E1
3.123264071E1,-9.847820960E0,-7.996359766E-1,3.269421515E0,1.040711835E1
3.124260571E1,-8.133864643E0,-2.150249237E0,2.499956879E0,8.776850814E0
3.125256971E1,-5.056424759E0,-2.473202652E0,2.788680986E0,6.281791492E0
3.126253371E1,-2.233542531E0,-2.817679083E0,3.586026024E0,5.078150283E0
3.127249871E1,-4.025087307E-1,-3.240861960E0,5.026300489E0,5.994071748E0
3.128246271E1,4.789163442E-1,-3.161834502E0,5.864571358E0,6.679802055E0
3.129242771E1,1.324830548E0,-2.858188593E0,4.863855190E0,5.794955161E0
3.130239171E1,2.753545944E0,-2.634624395E0,2.442584292E0,4.526530569E0
3.131235671E1,4.480466124E0,-1.732848671E0,-5.969641730E-2,4.804259034E0
3.132232071E1,5.715035834E0,4.550221360E-1,-2.131768381E0,6.116626207E0
3.133228571E1,5.408456962E0,2.569815611E0,-3.162802216E0,6.771903487E0
3.134224971E1,4.241504745E0,4.198428892E0,-2.844442374E0,6.611204133E0
3.135221471E1,2.138635205E0,5.344082626E0,-1.694778035E0,6.000437671E0
3.136217871E1,6.250581439E-1,5.783805522E0,-9.077942634E-1,5.887885395E0
3.137214371E1,1.270975060E0,5.664114187E0,-1.777033156E0,6.070865998E0
3.138210771E1,2.229725323E0,5.421558818E0,-2.579552979E0,6.404613073E0
3.139207271E1,1.610309888E0,5.425133806E0,-1.184578063E0,5.781729839E0
3.140203671E1,1.413763189E0,4.592696704E0,-5.465895331E-1,4.836357047E0
3.141200171E1,1.472608691E0,3.408229153E0,-2.083006257E-1,3.718600740E0
3.142196571E1,9.493670896E-1,2.175065989E0,8.644009066E-1,2.525747188E0
3.143193071E1,-3.478910588E-1,8.167051685E-1,2.331669043E0,2.494938085E0
3.144189471E1,-1.354223185E0,4.136127394E-1,3.683972148E0,3.946726076E0
3.145185971E1,-1.420010062E0,6.887575650E-1,3.370816328E0,3.721991171E0
3.146182371E1,-1.382507337E0,8.391982377E-1,-1.405454296E-1,1.623370948E0
3.147178871E1,-1.651739312E0,8.077343702E-1,-4.030637777E0,4.430205238E0
3.148175271E1,-2.225390928E0,5.240912014E-1,-6.108646418E0,6.522468661E0
3.149171771E1,-2.578134737E0,-1.275716275E-1,-6.272276655E0,6.782662286E0
3.150168171E1,-1.450778111E0,-6.116661197E-1,-4.453389130E0,4.723512179E0
3.151164671E1,1.344094200E0,-1.134731135E0,-2.488044639E0,3.047059253E0
3.152161071E1,4.435017763E0,-2.783824289E0,-1.971913252E0,5.595310724E0
3.153157571E1,6.565311037E0,-4.435757436E0,-2.487835309E0,8.304732239E0
3.154153971E1,7.585066032E0,-5.633708081E0,-3.208429794E0,9.978272155E0
3.155150471E1,8.180451164E0,-6.167824334E0,-3.740060980E0,1.090641529E1
3.156146871E1,7.799648906E0,-5.551593293E0,-4.352260950E0,1.051650543E1
3.157143371E1,7.012625958E0,-4.262000406E0,-4.389414451E0,9.306370373E0
3.158139771E1,6.299352772E0,-3.409260601E0,-3.514720398E0,7.978606562E0
3.159136271E1,5.266863711E0,-3.451886804E0,-2.252091946E0,6.687846738E0
3.160132671E1,4.319770604E0,-4.010902839E0,-1.163260869E0,6.008405405E0
3.161129171E1,3.651707505E0,-4.429089271E0,-7.277639021E-1,5.786314869E0
3.162125571E1,2.536831468E0,-4.829367435E0,-7.120943874E-1,5.501398198E0
3.163122071E1,1.270283042E0,-5.534294305E0,-8.151527327E-1,5.736419305E0
3.164118471E1,-1.208011365E-1,-6.295636282E0,-1.174328552E0,6.405363117E0
3.165114971E1,-1.417000793E0,-6.286797631E0,-2.058430994E0,6.765268203E0
3.166111371E1,-2.595919921E0,-5.435367603E0,-2.925218149E0,6.696187156E0
3.167107871E1,-3.649439662E0,-4.734818543E0,-2.519100956E0,6.487124641E0
3.168104271E1,-4.328570956E0,-4.290892668E0,-1.090475314E0,6.191722120E0
3.169100771E1,-4.029872376E0,-3.363480996E0,6.026011813E-1,5.283559781E0
3.170097171E1,-4.188388931E0,-2.696631778E0,2.580667459E0,5.610193340E0
3.171093671E1,-5.365355966E0,-2.804448588E0,4.616614155E0,7.613481646E0
3.172090071E1,-6.492437189E0,-3.206921797E0,4.988824514E0,8.793432668E0
3.173086571E1,-7.399033358E0,-3.895648956E0,2.872987311E0,8.841709761E0
3.174082971E1,-7.587776216E0,-4.507578201E0,-3.585208583E-1,8.832957961E0
3.175079471E1,-6.790089701E0,-3.667895814E0,-2.157089456E0,8.013227363E0
3.176075871E1,-5.834490357E0,-2.032107999E0,-3.062617192E0,6.895677248E0
3.177072271E1,-5.015042260E0,-7.627189958E-1,-2.916087137E0,5.851149744E0
3.178068771E1,-3.900536059E0,6.817105007E-1,-8.393564048E-1,4.047644986E0
3.179065271E1,-1.807619941E0,2.440646524E0,1.855513023E0,3.559097342E0
3.180061671E1,4.747701567E-1,3.957179791E0,3.826412660E0,5.525044113E0
3.181058071E1,2.234233965E0,4.745024858E0,4.050347279E0,6.626641335E0
3.182054571E1,3.843423380E0,5.072767142E0,3.703977227E0,7.363716253E0
3.183050971E1,3.883552821E0,4.770690626E0,2.941317873E0,6.818564541E0
3.184047471E1,2.885825458E0,4.183629005E0,2.120950009E0,5.507192494E0
3.185043871E1,1.651519602E0,3.732145604E0,1.752768088E0,4.441691545E0
3.186040371E1,2.780241773E-1,3.498914790E0,2.028699364E0,4.054050229E0
3.187036771E1,-1.016796157E0,3.766271124E0,2.567817325E0,4.670370266E0
3.188033271E1,-1.143720059E0,4.729126863E0,3.280405802E0,5.868031926E0
3.189029671E1,-7.946105871E-1,5.811479225E0,3.879705646E0,7.032553779E0
3.190026171E1,-8.681580350E-1,6.697138268E0,4.218103019E0,7.962270558E0
3.191022571E1,-1.160192835E0,7.493380521E0,4.336422305E0,8.735064822E0
3.192019071E1,-1.520804804E0,8.251265039E0,4.522281609E0,9.531382531E0
3.193015483E1,-1.912794979E0,9.100551478E0,4.185521456E0,1.019791212E1
3.194011983E1,-2.180773749E0,9.759405797E0,2.828967717E0,1.039253742E1
3.195008383E1,-2.217557706E0,9.614166808E0,1.510341066E0,9.981527725E0
3.196004883E1,-2.213803062E0,8.400736243E0,3.150637668E-1,8.693247874E0
3.197001283E1,-2.249132963E0,7.030664619E0,-1.420121744E0,7.517020010E0
3.197997783E1,-2.275160966E0,5.773334329E0,-3.302882792E0,7.029707065E0
3.198994183E1,-1.733950725E0,3.405575686E0,-5.999319273E0,7.113112020E0
3.199990683E1,3.767725911E0,-1.770575491E0,-1.141455784E1,1.215001344E1
3.200987083E1,1.082023397E1,-9.917015741E0,-1.324693489E1,1.977134159E1
3.201983583E1,9.197136371E0,-1.905089284E1,-9.426244313E0,2.315983414E1
3.202979983E1,3.152659051E0,-2.283314323E1,-4.840188292E0,2.355247570E1
3.203976483E1,4.489945703E-1,-1.797386144E1,-2.653853256E0,1.817427381E1
3.204972883E1,1.517268993E0,-1.041507806E1,-3.322042948E0,1.103684400E1
3.205969383E1,8.547024223E-1,-4.104837774E0,-1.740444204E-1,4.196486726E0
3.206965783E1,-1.667553106E0,-2.109399419E0,3.681001470E0,4.558516326E0
3.207962283E1,-5.238547985E0,-3.433864515E0,5.065330653E0,8.055518924E0
3.208958683E1,-7.809838264E0,-4.822780547E0,2.580879420E0,9.534868877E0
3.209955183E1,-7.002822517E0,-4.421260434E0,-1.514779395E0,8.419122498E0
3.210951583E1,-2.292256324E0,-8.642190582E-1,-2.056164613E-1,2.458371771E0
3.211948083E1,-1.665123881E0,2.356848907E0,3.433482692E0,4.485106209E0
3.212944483E1,-3.647083234E0,4.176555628E0,6.462742104E0,8.515390099E0
3.213940983E1,-5.135265107E0,4.684365842E0,8.776989952E0,1.119597176E1
3.214937383E1,-6.546611057E0,3.469734260E0,7.384612370E0,1.046086383E1
3.215933883E1,-7.964947354E0,9.233472723E-1,4.397958402E0,9.145217036E0
3.216930283E1,-7.804005082E0,-1.172996483E0,2.821613967E0,8.380926049E0
3.217926783E1,-6.162275326E0,-1.851518497E0,2.594017822E0,6.937628298E0
3.218923183E1,-3.867799838E0,-1.829279782E0,2.747854265E0,5.084962455E0
3.219919683E1,-1.693465189E0,-1.784692424E0,3.190073337E0,4.028587754E0
3.220916083E1,-2.771053970E-1,-1.487065639E0,4.274970700E0,4.534702427E0
3.221912583E1,5.217607936E-1,-1.013841121E0,5.278317822E0,5.400069183E0
3.222908983E1,1.223613783E0,-6.696365851E-1,5.361300337E0,5.539782049E0
3.223905383E1,2.270583181E0,-7.083621097E-1,4.359234924E0,4.965909180E0
3.224901883E1,3.604892650E0,-9.297008568E-1,2.562640493E0,4.519593012E0
3.225898283E1,4.757182973E0,-4.754464602E-1,4.906198387E-1,4.805990741E0
3.226894783E1,5.126302494E0,9.194699836E-1,-8.654266544E-1,5.279523237E0
3.227891183E1,4.704476756E0,2.477633087E0,-1.289812889E0,5.471232452E0
3.228887683E1,3.890941071E0,3.615315312E0,-1.139297079E0,5.432119757E0
3.229884083E1,2.925126933E0,4.203656303E0,-1.045311420E0,5.226831722E0
3.230880583E1,1.851126442E0,4.487217611E0,-1.084065523E0,4.973629364E0
3.231876983E1,8.198823993E-1,4.697845429E0,-1.114950589E0,4.897455833E0
3.232873483E1,-4.783826396E-2,4.992102463E0,-7.431319928E-1,5.047337978E0
3.233869883E1,-7.957462625E-1,4.973408330E0,-5.592498879E-1,5.067619063E0
3.234866383E1,-1.016772768E0,4.805673932E0,-4.672989500E-1,4.934237238E0
3.235862783E1,-9.047776848E-1,4.061101770E0,2.011348629E-1,4.165528236E0
3.236859283E1,-1.027727088E0,2.923859841E0,1.266625609E0,3.348062092E0
3.237855683E1,-1.093761595E0,2.001990745E0,2.293479708E0,3.234861750E0
3.238852183E1,-1.044320902E0,1.557359111E0,2.536861873E0,3.154622277E0
3.239848583E1,-7.042097095E-1,1.292522342E0,1.263793218E0,1.940025417E0
3.240845083E1,-3.239135277E-1,8.920781171E-1,-1.057519748E0,1.420940308E0
3.241841483E1,-2.145629936E-1,4.134039938E-1,-2.937095599E0,2.973797353E0
3.242837983E1,-2.698279524E-1,-2.054237956E-1,-3.838719295E0,3.853669925E0
3.243834383E1,1.317728519E-2,-8.810490990E-1,-3.927186206E0,4.024824550E0
3.244830883E1,9.473123780E-1,-1.675914917E0,-3.898030527E0,4.347497388E0
3.245827283E1,2.397653994E0,-2.544894778E0,-3.651650494E0,5.055668644E0
3.246823783E1,4.105142999E0,-3.497543033E0,-3.354618663E0,6.351257567E0
3.247820183E1,5.697414665E0,-4.624465796E0,-3.448818185E0,8.108055540E0
3.248816683E1,6.497072861E0,-5.714491459E0,-3.635191167E0,9.385200222E0
3.249813083E1,6.426464809E0,-6.000044913E0,-3.281467364E0,9.384456135E0
3.250809583E1,5.622577322E0,-4.983257965E0,-2.679763146E0,7.976676388E0
3.251805983E1,4.823389826E0,-3.384116989E0,-2.151291795E0,6.272590661E0
3.252802483E1,4.166216874E0,-2.344172144E0,-1.735668198E0,5.085769379E0
3.253798883E1,3.803765517E0,-2.157858219E0,-1.250209112E0,4.548407087E0
3.254795383E1,3.813114923E0,-2.704648896E0,-9.853583099E-1,4.777646080E0
3.255791783E1,3.775762032E0,-3.256567581E0,-7.995630325E-1,5.049842807E0
3.256788283E1,3.607353158E0,-3.834813940E0,-8.340784156E-1,5.330523573E0
3.257784683E1,3.493851978E0,-4.779483084E0,-1.410367126E0,6.086016400E0
3.258781183E1,3.045091333E0,-5.647030962E0,-2.303825186E0,6.816828471E0
3.259777583E1,1.884051821E0,-5.954513229E0,-3.038749443E0,6.945493304E0
3.260774083E1,-2.212001681E-3,-5.557596045E0,-3.464011005E0,6.548759496E0
3.261770483E1,-1.792537926E0,-4.940630593E0,-2.883636845E0,5.994863162E0
3.262766883E1,-2.750756823E0,-4.304886224E0,-1.410438462E0,5.299815578E0
3.263763383E1,-3.006826569E0,-3.879637526E0,3.276183601E-1,4.919342145E0
3.264759783E1,-2.882397527E0,-4.048697487E0,2.033185641E0,5.369730971E0
3.265756283E1,-3.235070878E0,-4.330323951E0,3.617347219E0,6.504044127E0
3.266752683E1,-4.124434717E0,-4.563575816E0,4.799194633E0,7.801887918E0
3.267749183E1,-5.068063057E0,-4.925688618E0,5.260698992E0,8.810370333E0
3.268745583E1,-5.805486998E0,-5.242726990E0,4.287476724E0,8.920331958E0
3.269742083E1,-5.195461607E0,-5.104284219E0,8.150799349E-2,7.283761546E0
3.270738483E1,-4.197776928E0,-4.123500332E0,-3.408316276E0,6.800088673E0
3.271734983E1,-3.753399648E0,-2.593430176E0,-3.817076411E0,5.948441924E0
3.272731383E1,-2.851387112E0,-3.368446451E-1,-1.612537824E0,3.293045856E0
3.273727883E1,-1.248398083E0,1.833510827E0,7.162527810E-1,2.330939247E0
3.274724283E1,6.527558928E-1,3.444340387E0,2.385976374E0,4.240572392E0
3.275720783E1,2.262221516E0,4.357551511E0,3.068726363E0,5.789903527E0
3.276717183E1,3.329016337E0,4.892788090E0,3.318309793E0,6.784755335E0
3.277713683E1,3.035459214E0,4.760538105E0,3.027107344E0,6.406255893E0
3.278710083E1,1.875188611E0,4.441403507E0,2.501643801E0,5.431447242E0
3.279706583E1,5.693994848E-1,4.185401296E0,2.054107271E0,4.696930536E0
3.280702983E1,-7.571743736E-1,4.281335979E0,2.129447182E0,4.841249435E0
3.281699483E1,-1.308830958E0,4.581474143E0,2.838365070E0,5.546103142E0
3.282695883E1,-1.422541614E0,4.853587187E0,3.677734046E0,6.253531877E0
3.283692383E1,-1.205177658E0,5.615225033E0,4.286177473E0,7.166206994E0
3.284688783E1,-7.219090851E-1,6.650191559E0,4.701262834E0,8.176067070E0
3.285685283E1,-4.044915947E-1,7.662044041E0,5.036934235E0,9.178302611E0
3.286681683E1,-4.007306655E-1,8.474488928E0,5.274884337E0,9.990092714E0
3.287678183E1,-4.589622457E-1,9.104069163E0,5.359700539E0,1.057455018E1
3.288674583E1,-6.683084632E-1,9.565677018E0,5.026618577E0,1.082662031E1
3.289671083E1,-1.151960248E0,9.625806860E0,2.888689716E0,1.011571542E1
3.290667483E1,-1.498136465E0,8.917483926E0,-1.311755881E0,9.137102163E0
3.291663983E1,-1.380444585E0,8.158622339E0,-2.549018819E0,8.658304838E0
3.292660392E1,-1.177084710E0,7.776307406E0,-2.274094141E0,8.187062321E0
3.293656892E1,-1.370189154E0,6.847505851E0,-4.419851547E0,8.264432370E0
3.294653292E1,2.387158681E-1,3.830153124E0,-1.065060157E1,1.132088212E1
3.295649792E1,5.225550794E0,-3.601205395E0,-1.592450240E1,1.714248635E1
3.296646192E1,5.867363403E0,-1.583919270E1,-1.220570482E1,2.083951076E1
3.297642592E1,3.285505452E0,-2.369985964E1,-4.055869682E0,2.426783822E1
3.298639092E1,2.122026481E0,-2.258357939E1,-4.787416586E-1,2.268810808E1
3.299635492E1,2.632373802E0,-1.549133950E1,-7.013618231E-2,1.571355817E1
3.300631992E1,3.327894549E0,-7.034952967E0,-1.191613433E0,7.873079953E0
3.301628392E1,2.296632819E0,-5.952904075E-1,1.163820740E0,2.642606987E0
3.302624892E1,-3.968746826E-1,1.461927874E0,4.610749397E0,4.853220851E0
3.303621292E1,-3.694129347E0,-6.596004242E-1,7.078825210E0,8.011955486E0
3.304617792E1,-6.495271334E0,-4.208952127E0,4.325402642E0,8.866393614E0
3.305614192E1,-7.575462565E0,-7.203425868E0,1.543881572E0,1.056695546E1
3.306610692E1,-4.649118242E0,-6.077114723E0,8.904037669E-1,7.703144985E0
3.307607092E1,-2.038617704E0,-1.716407470E0,1.716696907E0,3.170026028E0
3.308603592E1,-3.083822120E0,2.526349164E0,4.284001432E0,5.851928506E0
3.309599992E1,-6.436271174E0,3.694120576E0,6.547608592E0,9.896630322E0
3.310596492E1,-1.028582185E1,2.040076584E0,6.907481911E0,1.255680493E1
3.311592892E1,-1.067242221E1,1.990199250E-1,4.703493839E0,1.166460711E1
3.312589392E1,-7.663591214E0,-8.190545797E-1,2.725269979E0,8.174874749E0
3.313585792E1,-4.576052897E0,-1.548512274E0,2.216530642E0,5.315181884E0
3.314582292E1,-2.517891167E0,-2.167783282E0,2.521772841E0,4.171138759E0
3.315578692E1,-9.627941240E-1,-2.493000154E0,3.379780694E0,4.308705123E0
3.316575192E1,3.924040112E-1,-2.279697236E0,4.379920327E0,4.953251706E0
3.317571592E1,1.222614494E0,-1.819496221E0,5.031483461E0,5.488276461E0
3.318568092E1,1.693296204E0,-1.338470932E0,5.311113685E0,5.732947327E0
3.319564492E1,2.050818650E0,-9.567109001E-1,4.711600711E0,5.226885702E0
3.320560992E1,2.593122613E0,-4.261544323E-1,3.200752984E0,4.141341830E0
3.321557392E1,3.192143544E0,4.885880774E-1,1.343815287E0,3.497761890E0
3.322553892E1,3.540595205E0,1.820235894E0,-3.399980485E-1,3.995581533E0
3.323550292E1,3.561785806E0,3.560829787E0,-1.194920545E0,5.176259461E0
3.324546792E1,3.078527174E0,4.948844177E0,-1.366162176E0,5.986216446E0
3.325543192E1,1.674851162E0,5.510178634E0,-1.046347473E0,5.853378343E0
3.326539692E1,1.301657447E-1,5.804750249E0,-4.582416129E-1,5.824264241E0
3.327536092E1,-6.772210085E-1,5.992231278E0,9.654222647E-2,6.031151166E0
3.328532592E1,-9.791422811E-1,5.743349807E0,1.997479033E-1,5.829638568E0
3.329528992E1,-1.065576261E0,4.664285334E0,-1.136954246E0,4.917690048E0
3.330525392E1,-9.692327124E-1,3.334489331E0,-2.299025792E0,4.164582901E0
3.331521892E1,-1.115191202E0,2.308757898E0,-1.997686025E0,3.250348274E0
3.332518292E1,-1.292536668E0,1.768838283E0,-8.568229882E-1,2.352357444E0
3.333514792E1,-1.086823289E0,1.621754497E0,7.040649909E-1,2.075326486E0
3.334511192E1,-8.340341230E-1,1.237641546E0,1.421055837E0,2.060769081E0
3.335507692E1,-4.471941760E-1,3.944204235E-1,3.295736325E-1,6.812994061E-1
3.336504092E1,1.721692184E-1,-5.466825038E-1,-2.025676646E0,2.105200673E0
3.337500592E1,7.921591419E-1,-1.168581836E0,-4.326151378E0,4.550679659E0
3.338496992E1,1.417397526E0,-1.222358678E0,-5.222004458E0,5.547297274E0
3.339493492E1,2.393919962E0,-1.046798952E0,-4.898661618E0,5.551893954E0
3.340489892E1,3.776207005E0,-1.446503504E0,-4.340395195E0,5.932212251E0
3.341486392E1,5.384344214E0,-2.569428526E0,-3.840485154E0,7.095241489E0
3.342482792E1,6.797651321E0,-3.966569835E0,-3.363402058E0,8.558867515E0
3.343479292E1,7.454364974E0,-4.477573214E0,-2.743187310E0,9.118184889E0
3.344475692E1,7.050189056E0,-3.639196510E0,-2.231334184E0,8.241830453E0
3.345472192E1,6.267656186E0,-2.232835895E0,-2.201669067E0,7.008310558E0
3.346468592E1,5.712954226E0,-1.421637635E0,-2.061680146E0,6.237741945E0
3.347465092E1,5.510714239E0,-1.577296947E0,-1.809499090E0,6.010833889E0
3.348461492E1,5.480573012E0,-2.591747932E0,-1.726989322E0,6.303675912E0
3.349457992E1,5.376890184E0,-3.583640944E0,-1.543618593E0,6.643507268E0
3.350454392E1,4.796781487E0,-4.434892048E0,-1.270575403E0,6.655204126E0
3.351450892E1,3.599495085E0,-5.403375147E0,-1.348041070E0,6.630991070E0
3.352447292E1,1.966338225E0,-6.302937115E0,-2.035317535E0,6.909125832E0
3.353443792E1,1.547553331E-2,-6.734144711E0,-3.080695614E0,7.405378448E0
3.354440192E1,-2.197133381E0,-6.760780533E0,-3.725715421E0,8.025989279E0
3.355436692E1,-4.135512267E0,-6.610770800E0,-3.165440480E0,8.415745108E0
3.356433092E1,-4.909743261E0,-6.103217863E0,-1.350157177E0,7.948444602E0
3.357429592E1,-4.924549581E0,-5.324088072E0,1.168203521E0,7.345869713E0
3.358425992E1,-4.917437028E0,-4.568951161E0,2.920559088E0,7.320257305E0
3.359422392E1,-5.195588492E0,-4.025698049E0,3.646903725E0,7.516667568E0
3.360418892E1,-6.185524440E0,-4.023219414E0,3.360364430E0,8.107962516E0
3.361415292E1,-7.127949423E0,-4.670714348E0,1.246384595E0,8.612590206E0
3.362411792E1,-6.876986927E0,-5.212830761E0,-7.462248775E-1,8.661605239E0
3.363408192E1,-5.667266421E0,-4.899056305E0,-1.615550601E0,7.663462998E0
3.364404692E1,-4.232022316E0,-3.618359372E0,-1.593843398E0,5.791621034E0
3.365401092E1,-2.927468158E0,-2.007289492E0,-9.221383604E-1,3.667372367E0
3.366397592E1,-2.036777293E0,-6.824314624E-1,-1.892942512E-1,2.156387432E0
3.367393992E1,-1.243963555E0,6.499332225E-1,6.295287788E-1,1.538234379E0
3.368390492E1,3.349702105E-1,2.270253983E0,2.187595696E0,3.170462603E0
3.369386892E1,1.936821042E0,3.504142785E0,3.130929920E0,5.082618869E0
3.370383392E1,2.914592297E0,4.204969003E0,3.278449616E0,6.076581643E0
3.371379792E1,2.958993129E0,4.399112350E0,3.086119199E0,6.134489507E0
3.372376292E1,1.906881397E0,4.168073072E0,2.901330812E0,5.424642871E0
3.373372692E1,7.625659449E-1,4.054245910E0,2.951581198E0,5.072499215E0
3.374369192E1,-9.489713062E-2,4.108360721E0,3.347863083E0,5.300549076E0
3.375365592E1,-1.043399819E0,4.299248924E0,3.852560239E0,5.866382607E0
3.376362092E1,-1.983606514E0,4.411934125E0,3.896924819E0,6.211753421E0
3.377358492E1,-2.810631434E0,4.783963221E0,3.835403047E0,6.745092267E0
3.378354992E1,-3.323346000E0,5.539555045E0,3.979453590E0,7.587315046E0
3.379351392E1,-3.272219701E0,6.401839260E0,3.920928808E0,8.189300971E0
3.380347892E1,-3.087418742E0,7.359752347E0,3.866002696E0,8.868150086E0
3.381344292E1,-3.000394924E0,8.369616192E0,3.730817409E0,9.642190801E0
3.382340792E1,-3.129277790E0,8.869080091E0,3.662401477E0,1.009287599E1
3.383337192E1,-3.203648525E0,8.772398719E0,3.740871989E0,1.006044067E1
3.384333692E1,-3.021113948E0,8.226178145E0,3.137468569E0,9.308106434E0
3.385330092E1,-2.852876105E0,7.331005681E0,1.251622823E0,7.965494715E0
3.386326492E1,-2.953608136E0,6.257856252E0,-1.120739625E0,7.010037318E0
3.387322992E1,-2.316561884E0,5.087755895E0,-4.298068078E0,7.051603237E0
3.388319392E1,-1.119301794E-1,2.758060287E0,-9.738932941E0,1.012256093E1
3.389315892E1,6.133792369E0,-2.649636537E0,-1.577515048E1,1.713182289E1
3.390312292E1,1.099570424E1,-1.097176691E1,-1.313713003E1,2.034377954E1
3.391308792E1,7.353309885E0,-1.789721614E1,-6.329830214E0,2.035800242E1
3.392305192E1,2.657827024E0,-1.889028386E1,-1.882291224E0,1.916898247E1
3.393301667E1,1.646691410E0,-1.388624489E1,-8.606516719E-1,1.401000039E1
3.394298067E1,2.132961359E0,-6.833528666E0,-1.731508489E0,7.365104198E0
3.395294567E1,2.000716637E0,-1.121160332E0,-8.955846924E-1,2.462100626E0
3.396290967E1,7.147357940E-1,1.376959060E0,2.498051564E0,2.940599450E0
3.397287467E1,-2.392997418E0,-2.808686650E-1,5.132799920E0,5.670181555E0
3.398283867E1,-5.306994907E0,-3.613197450E0,4.548087418E0,7.867940640E0
3.399280367E1,-6.476088374E0,-6.496946561E0,3.899171904E-1,9.181615907E0
3.400276767E1,-3.427409774E0,-7.134041637E0,-1.822732362E0,8.121824986E0
3.401273267E1,9.122956692E-1,-3.347632118E0,-3.799111426E-1,3.490452214E0
3.402269667E1,-9.771222143E-1,2.390534717E-1,2.610007033E0,2.797150531E0
3.403266167E1,-4.232612300E0,2.101282314E0,6.541890600E0,8.070113188E0
3.404262567E1,-6.047219079E0,2.639450102E0,8.100784020E0,1.044788290E1
3.405259067E1,-6.442317780E0,1.957018055E0,6.385088741E0,9.279156011E0
3.406255467E1,-6.375320383E0,2.928712445E-1,4.704849808E0,7.928814241E0
3.407251967E1,-5.563024015E0,-7.967877978E-1,4.052792000E0,6.928724989E0
3.408248367E1,-3.990333212E0,-8.515206599E-1,4.204950292E0,5.859134197E0
3.409244867E1,-2.807585034E0,-5.291736013E-1,4.463150764E0,5.299271003E0
3.410241267E1,-1.883189941E0,-6.495250869E-1,4.500953598E0,4.922079894E0
3.411237767E1,-1.571005928E0,-1.031876857E0,4.793390979E0,5.148730577E0
3.412234167E1,-1.839567666E0,-1.185201377E0,4.989557755E0,5.448339021E0
3.413230667E1,-1.910585023E0,-1.125227070E0,4.542357732E0,5.054649825E0
3.414227067E1,-1.512352362E0,-1.192397545E0,3.231512555E0,3.761873863E0
3.415223467E1,-8.012139939E-1,-1.250793103E0,1.603685139E0,2.185917033E0
3.416219967E1,2.257666974E-1,-6.996532667E-1,-1.428907478E-1,7.489346173E-1
3.417216367E1,1.174538102E0,4.822432637E-1,-1.618776949E0,2.057313085E0
3.418212867E1,1.667158127E0,1.586750726E0,-2.436353645E0,3.351568762E0
3.419209267E1,1.868957380E0,2.368023521E0,-2.348672307E0,3.823192212E0
3.420205767E1,2.171446563E0,3.051398724E0,-1.783158699E0,4.147995817E0
3.421202167E1,2.353675039E0,3.536605942E0,-1.296200241E0,4.441565359E0
3.422198667E1,2.399881199E0,3.721539924E0,-1.193511440E0,4.586257595E0
3.423195067E1,2.398334025E0,3.915369861E0,-8.753702100E-1,4.674227235E0
3.424191567E1,2.157667599E0,4.002073544E0,1.685939749E-1,4.549785275E0
3.425187967E1,1.900535268E0,3.684691356E0,1.167214172E0,4.307130555E0
3.426184467E1,1.570902725E0,3.193788950E0,1.624846505E0,3.912563021E0
3.427180867E1,1.220932834E0,2.562354564E0,1.695393162E0,3.306160291E0
3.428177367E1,6.838872729E-1,1.868656687E0,1.596911432E0,2.551412498E0
3.429173767E1,3.138478383E-1,1.569882678E0,1.447203416E0,2.158107925E0
3.430170267E1,5.331856683E-1,1.579428257E0,6.355981886E-1,1.784058753E0
3.431166667E1,1.212724221E0,1.515721673E0,-1.015682994E0,2.190827280E0
3.432163167E1,1.637174774E0,1.107921066E0,-3.064252658E0,3.646570263E0
3.433159567E1,1.578781555E0,4.473353863E-1,-4.584808225E0,4.869612573E0
3.434156067E1,1.317720041E0,-1.199281472E-1,-5.175765261E0,5.342220035E0
3.435152467E1,1.288508521E0,-4.683397543E-1,-4.918794166E0,5.106283618E0
3.436148967E1,1.792218375E0,-7.715161318E-1,-4.138622986E0,4.575531015E0
3.437145367E1,2.246314897E0,-1.516165477E0,-3.092884427E0,4.112252722E0
3.438141767E1,2.540823947E0,-2.822448072E0,-2.070646412E0,4.325456740E0
3.439138267E1,2.992399734E0,-3.979272326E0,-1.618036691E0,5.235179763E0
3.440134667E1,3.694665244E0,-4.617915160E0,-2.330007849E0,6.356463503E0
3.441131167E1,4.064535548E0,-4.624595019E0,-3.498340593E0,7.081363938E0
3.442127567E1,4.176054229E0,-4.147954558E0,-4.063351779E0,7.152327147E0
3.443124067E1,4.412307762E0,-3.536921107E0,-3.772729374E0,6.797923038E0
3.444120467E1,4.620996935E0,-3.488766947E0,-2.914699593E0,6.482328378E0
3.445116967E1,4.856725972E0,-3.987815108E0,-2.038478540E0,6.606500682E0
3.446113367E1,5.126042293E0,-4.618713305E0,-1.430741603E0,7.046690267E0
3.447109867E1,5.074059961E0,-5.044700507E0,-1.031335405E0,7.229020709E0
3.448106267E1,4.250491039E0,-5.282048346E0,-8.890084020E-1,6.837912308E0
3.449102767E1,2.800423072E0,-5.621663402E0,-1.161190955E0,6.387005027E0
3.450099167E1,9.922724962E-1,-5.870605100E0,-1.856745324E0,6.236674766E0
3.451095667E1,-9.788980137E-1,-5.576710593E0,-2.793552886E0,6.313626540E0
3.452092067E1,-2.668054097E0,-4.831258425E0,-3.956779842E0,6.790852475E0
3.453088567E1,-3.822673074E0,-4.096677985E0,-4.236739265E0,7.024639459E0
3.454084967E1,-4.051024679E0,-3.430442725E0,-2.857634861E0,6.028666124E0
3.455081467E1,-3.219420220E0,-2.630906151E0,-3.842567933E-1,4.175402617E0
3.456077867E1,-2.835887312E0,-2.242072157E0,1.865009193E0,4.067850009E0
3.457074367E1,-2.943711723E0,-2.794216545E0,3.400134852E0,5.294714517E0
3.458070767E1,-3.631101624E0,-3.739685004E0,4.103827375E0,6.634119539E0
3.459067267E1,-4.259943648E0,-4.846876338E0,3.784880472E0,7.480952500E0
3.460063667E1,-4.867914619E0,-5.801616726E0,2.759806266E0,8.060513631E0
3.461060167E1,-5.488619365E0,-6.081159827E0,1.014367809E0,8.254355785E0
3.462056567E1,-5.033777908E0,-5.219747432E0,-1.198675993E0,7.349932477E0
3.463053067E1,-3.945675102E0,-3.207308298E0,-2.133879372E0,5.514401119E0
3.464049467E1,-3.186187278E0,-9.933875602E-1,-1.214614918E0,3.551604935E0
3.465045867E1,-1.642438584E0,9.939290124E-1,3.053576812E-1,1.943898839E0
3.466042367E1,1.299568237E0,2.679018211E0,2.062031417E0,3.621876550E0
3.467038767E1,2.850202173E0,3.364235871E0,3.010390739E0,5.338931338E0
3.468035267E1,2.958257841E0,3.349216713E0,3.108063214E0,5.443215869E0
3.469031667E1,2.714900819E0,3.265286949E0,2.814850492E0,5.094719679E0
3.470028167E1,1.849268197E0,3.149088156E0,2.517098577E0,4.435350530E0
3.471024567E1,5.772550363E-1,2.919938114E0,2.362968311E0,3.800379087E0
3.472021067E1,-9.360559031E-1,2.812770930E0,2.145164790E0,3.659182004E0
3.473017467E1,-1.421928241E0,3.501864710E0,2.539989257E0,4.553732732E0
3.474013967E1,-1.072437384E0,4.924757157E0,3.584524459E0,6.184833918E0
3.475010367E1,-1.154866095E0,6.384094130E0,4.271060082E0,7.767388736E0
3.476006867E1,-1.197628976E0,7.903942183E0,4.536746451E0,9.191772711E0
3.477003267E1,-1.246684849E0,9.174928645E0,4.544021557E0,1.031414905E1
3.477999767E1,-1.440642840E0,1.018560408E1,4.703946413E0,1.131145854E1
3.478996167E1,-1.625738498E0,1.047406828E1,4.653202814E0,1.157589860E1
3.479992667E1,-1.377849883E0,1.015998860E1,3.731631049E0,1.091095362E1
3.480989067E1,-7.414965266E-1,9.359606520E0,2.044603206E0,9.608977759E0
3.481985567E1,-3.998826731E-1,8.161823689E0,-5.155185986E-1,8.187858787E0
3.482981967E1,-1.294692317E-1,6.826586267E0,-2.961941587E0,7.442589624E0
3.483978467E1,8.068657663E-1,5.814580588E0,-4.491374397E0,7.391402015E0
3.484974867E1,3.204936959E0,4.582228433E0,-5.956459767E0,8.169935819E0
3.485971267E1,8.680795653E0,1.193292754E0,-7.311309335E0,1.141207277E1
3.486967767E1,1.208114861E1,-6.583436821E0,-8.497746813E0,1.617119331E1
3.487964167E1,5.638368312E0,-1.790357323E1,-9.432975043E0,2.100738322E1
3.488960667E1,-1.282981587E0,-2.319938242E1,-5.187901157E0,2.380696757E1
3.489957067E1,-1.306527301E0,-1.810404502E1,-8.749440211E-1,1.817220369E1
3.490953567E1,7.033817437E-1,-1.058940812E1,-1.426390836E0,1.070816982E1
3.491949967E1,-1.161577895E-1,-4.120927557E0,3.004235668E0,5.101075231E0
3.492946454E1,-2.646631945E0,-1.316883012E0,7.468145692E0,8.031938845E0
3.493942854E1,-6.012229341E0,-3.053913027E0,8.049805655E0,1.050107887E1
3.494939354E1,-8.662431888E0,-6.154800246E0,3.296962194E0,1.112606184E1
3.495935754E1,-7.598295942E0,-7.812923255E0,-4.118847118E0,1.165078420E1
3.496932254E1,-1.902381380E0,-4.039512681E0,-2.797356500E0,5.268958246E0
3.497928654E1,-1.653265581E0,5.714401996E-1,3.118301396E0,3.575420896E0
3.498925154E1,-3.141335918E0,3.844015118E0,7.035900800E0,8.610943250E0
3.499921554E1,-3.669962512E0,6.172499183E0,8.854156827E0,1.140019579E1
3.500918054E1,-5.072726796E0,5.716464309E0,8.015563191E0,1.107518734E1
3.501914454E1,-7.023779522E0,2.373625154E0,5.500295085E0,9.231512399E0
3.502910954E1,-7.546629360E0,-7.085252470E-1,3.700087659E0,8.434706362E0
3.503907354E1,-6.407506966E0,-2.181178669E0,3.233099781E0,7.501107925E0
3.504903854E1,-4.348287767E0,-2.105898691E0,3.829192134E0,6.164829941E0
3.505900254E1,-2.231037000E0,-1.442997513E0,4.547354178E0,5.266706555E0
3.506896754E1,-7.341640451E-1,-1.006352007E0,5.333375205E0,5.476918137E0
3.507893154E1,-3.723691846E-1,-1.213577330E0,5.469467395E0,5.614846599E0
3.508889654E1,-2.859292839E-1,-2.116045364E0,4.405509204E0,4.895703717E0
3.509886054E1,1.882188021E-1,-2.726753125E0,3.046892860E0,4.093185193E0
3.510882454E1,1.480484159E0,-2.905420647E0,1.456325072E0,3.571300211E0
3.511878954E1,3.379300053E0,-2.292172855E0,-3.951636046E-2,4.083538513E0
3.512875354E1,5.260281501E0,-6.767070383E-1,-9.825694804E-1,5.393879556E0
3.513871854E1,5.954628419E0,1.089201790E0,-1.340099820E0,6.199986103E0
3.514868254E1,5.363017080E0,2.404268072E0,-1.334126305E0,6.026802648E0
3.515864754E1,4.632809772E0,3.420038189E0,-8.998163223E-1,5.828315110E0
3.516861154E1,3.745170569E0,4.241059772E0,-5.094048961E-1,5.680878799E0
3.517857654E1,2.670415787E0,4.808732026E0,-4.183508845E-1,5.516343140E0
3.518854054E1,1.470021590E0,5.003180013E0,-7.682621562E-1,5.270958211E0
3.519850554E1,4.174767257E-1,4.867233419E0,-1.260871364E0,5.045200151E0
3.520846954E1,-5.321034949E-1,4.285685722E0,-1.541745876E0,4.585544306E0
3.521843454E1,-1.196493520E0,3.384767200E0,-9.837671363E-1,3.722370685E0
3.522839854E1,-1.340162239E0,2.346758952E0,5.850727636E-2,2.703097392E0
3.523836354E1,-1.412098195E0,1.395678336E0,1.329145793E0,2.389260946E0
3.524832754E1,-1.361908619E0,6.351988238E-1,2.409580268E0,2.839779868E0
3.525829254E1,-1.187383850E0,7.579570234E-2,2.707811655E0,2.957679725E0
3.526825654E1,-8.135751539E-1,-6.884219348E-2,1.877077262E0,2.046964295E0
3.527822154E1,-2.498105943E-1,2.529797852E-2,4.845534986E-1,5.457448248E-1
3.528818554E1,3.544386247E-1,1.961103505E-1,-1.249095072E0,1.313135372E0
3.529815054E1,8.500866303E-1,3.714186466E-1,-3.237847720E0,3.368123654E0
3.530811454E1,1.355267352E0,5.233082592E-1,-4.892410945E0,5.103556209E0
3.531807854E1,2.101177649E0,4.883302152E-1,-5.589933486E0,5.991725151E0
3.532804354E1,3.360903251E0,1.471878666E-1,-5.074010845E0,6.087932406E0
3.533800754E1,4.998854828E0,-9.924496669E-1,-3.927913308E0,6.434439283E0
3.534797254E1,6.385595695E0,-2.935478843E0,-2.658010919E0,7.513846582E0
3.535793654E1,7.321722642E0,-4.377570623E0,-1.520574862E0,8.665038656E0
3.536790154E1,7.620544013E0,-4.877484757E0,-9.625722952E-1,9.098851248E0
3.537786554E1,7.501463127E0,-4.795537199E0,-1.395627611E0,9.012042083E0
3.538783054E1,7.390577699E0,-4.525832623E0,-2.350208956E0,8.979269558E0
3.539779454E1,7.096893691E0,-4.583085635E0,-2.910089648E0,8.935278158E0
3.540775954E1,6.636062347E0,-5.360552478E0,-2.748811746E0,8.962634231E0
3.541772354E1,5.742165161E0,-6.322297246E0,-2.092598614E0,8.793342491E0
3.542768854E1,4.421365976E0,-7.118014419E0,-1.440621936E0,8.502352494E0
3.543765254E1,2.622764196E0,-7.970411577E0,-1.123446666E0,8.465724135E0
3.544761754E1,3.484627703E-1,-8.180155295E0,-9.715153923E-1,8.245011165E0
3.545758154E1,-1.446351184E0,-7.541547545E0,-8.083611187E-1,7.721419482E0
3.546754654E1,-2.358535829E0,-6.587024673E0,-9.948774308E-1,7.066920574E0
3.547751054E1,-3.020409066E0,-5.116605472E0,-1.591899199E0,6.151151562E0
3.548747554E1,-3.452096426E0,-3.609657546E0,-1.755538207E0,5.294196042E0
3.549743954E1,-4.085401044E0,-2.540790617E0,-7.903108370E-1,4.875521498E0
3.550740454E1,-5.211172491E0,-1.893632483E0,9.959421357E-1,5.633299517E0
3.551736854E1,-6.213335552E0,-1.740900287E0,2.761374489E0,7.018650979E0
3.552733354E1,-6.892488481E0,-2.475381324E0,3.601443962E0,8.161146290E0
3.553729754E1,-7.826533234E0,-3.465348263E0,3.445216885E0,9.226742677E0
3.554726154E1,-9.096386506E0,-4.430621241E0,1.644694148E0,1.025083757E1
3.555722654E1,-9.349288523E0,-4.660320337E0,-5.429934955E-1,1.046052692E1
3.556719054E1,-7.937093557E0,-3.455773448E0,-1.752932103E0,8.832473901E0
3.557715554E1,-6.394679344E0,-1.787350568E0,-2.101753307E0,6.964475065E0
3.558711954E1,-4.960505864E0,-1.714929879E-2,-1.055364976E0,5.071558711E0
3.559708454E1,-3.068656197E0,1.582095757E0,6.237542148E-1,3.508382413E0
3.560704854E1,-9.914296932E-1,2.756838804E0,1.947824771E0,3.518112330E0
3.561701354E1,1.629171106E0,3.525677496E0,3.091791290E0,4.964249558E0
3.562697754E1,3.678033131E0,3.736752625E0,3.561525021E0,6.338431065E0
3.563694254E1,4.426343126E0,3.013081920E0,3.164842602E0,6.219920001E0
3.564690654E1,3.748364026E0,1.797380882E0,2.024074802E0,4.623601379E0
3.565687154E1,2.516289030E0,1.129602542E0,1.194736139E0,3.005845443E0
3.566683554E1,1.340266027E0,1.173991680E0,7.824998340E-1,1.945989588E0
3.567680054E1,-2.295821518E-2,1.778858072E0,5.548238745E-1,1.863516207E0
3.568676454E1,-1.066218359E0,2.834013864E0,9.063602337E-1,3.160687432E0
3.569672954E1,-1.370123665E0,3.967794827E0,1.958322861E0,4.632025807E0
3.570669354E1,-1.185407564E0,5.096083499E0,3.516106481E0,6.303829226E0
3.571665854E1,-1.225053221E0,6.086396593E0,5.205722301E0,8.102130804E0
3.572662254E1,-1.832578781E0,6.884433357E0,6.689448010E0,9.772537148E0
3.573658654E1,-2.573671558E0,7.959943306E0,6.669095022E0,1.069865932E1
3.574655154E1,-3.018054392E0,8.901674225E0,4.806081776E0,1.055684036E1
3.575651554E1,-3.196251505E0,8.861931285E0,2.780357475E0,9.822435414E0
3.576648054E1,-2.946644102E0,7.899135772E0,1.760146690E0,8.612617127E0
3.577644454E1,-2.449004681E0,6.514592873E0,9.402650213E-1,7.022936889E0
3.578640954E1,-1.939644808E0,5.248965384E0,-3.221488380E-1,5.605144018E0
3.579637354E1,-1.366568850E0,4.530543725E0,-1.865619643E0,5.086636759E0
3.580633854E1,-8.737007386E-2,4.385608791E0,-4.491453919E0,6.278085401E0
3.581630254E1,2.226942048E0,3.369485502E0,-7.055763207E0,8.129975268E0
3.582626754E1,6.185472400E0,-2.654343545E-1,-6.193488933E0,8.757272941E0
3.583623154E1,8.085539160E0,-5.593286279E0,-4.507075340E0,1.081547609E1
3.584619654E1,5.872324181E0,-1.102633078E1,-4.280174137E0,1.320545541E1
3.585616054E1,3.850859869E0,-1.452082332E1,-4.028049507E0,1.555341167E1
3.586612554E1,2.985730692E0,-1.401959766E1,-1.650019938E0,1.442866148E1
3.587608954E1,1.670711187E0,-1.037271148E1,1.435029513E0,1.060394874E1
3.588605454E1,-1.261762041E0,-7.343326934E0,3.285848098E0,8.143297344E0
3.589601854E1,-4.797587818E0,-5.841925676E0,4.739718802E0,8.922436820E0
3.590598354E1,-6.613497357E0,-4.790611505E0,2.395753064E0,8.510460541E0
3.591594754E1,-5.918558115E0,-3.438023055E0,-3.209863823E0,7.559931115E0
3.592591296E1,-3.974344878E0,-8.852421373E-1,-4.784949938E0,6.282898755E0
3.593587696E1,-3.256112083E0,2.295646686E0,-1.947590297E0,4.434565094E0
3.594584196E1,-3.871496447E0,4.464684781E0,2.001020400E0,6.239068646E0
3.595580596E1,-5.379472899E0,5.150471376E0,7.006092280E0,1.022503854E1
3.596576996E1,-6.812624871E0,3.782484868E0,7.611550995E0,1.089287648E1
3.597573496E1,-7.881940865E0,8.766174942E-1,4.824908641E0,9.282951762E0
3.598569896E1,-8.526494064E0,-1.634451141E0,3.488198305E0,9.356284464E0
3.599566396E1,-7.680522412E0,-2.674181979E0,3.109211315E0,8.706828859E0
3.600562796E1,-5.225890517E0,-2.011502411E0,3.104121021E0,6.402471473E0
3.601559296E1,-2.834418492E0,-5.928725839E-1,3.551849340E0,4.582691330E0
3.602555696E1,-1.611228632E0,7.946658432E-2,4.023412665E0,4.334768980E0
3.603552196E1,-1.282743459E0,-8.261063218E-2,4.695294581E0,4.868063937E0
3.604548596E1,-1.093400164E0,-4.873701024E-1,4.769500718E0,4.917437405E0
3.605545096E1,-5.608242141E-1,-1.016144924E0,3.484132151E0,3.672363156E0
3.606541496E1,5.574042508E-1,-1.595017519E0,1.518464748E0,2.271676821E0
3.607537996E1,2.312031754E0,-1.798529860E0,-1.756839797E-2,2.929250610E0
3.608534396E1,4.044988014E0,-1.425986794E0,-8.603827000E-1,4.374428506E0
3.609530896E1,5.192260841E0,-6.129156697E-1,-1.321887059E0,5.392830765E0
3.610527296E1,5.087296888E0,5.491611385E-1,-1.335258472E0,5.288202225E0
3.611523796E1,4.169351274E0,1.839854472E0,-9.989817376E-1,4.665460217E0
3.612520196E1,3.336056385E0,3.027104128E0,-7.099068709E-1,4.560328867E0
3.613516696E1,2.907457232E0,4.072554127E0,-7.453481606E-1,5.059105509E0
3.614513096E1,2.558001897E0,5.037790267E0,-8.302192533E-1,5.710688968E0
3.615509596E1,2.176366264E0,5.700939952E0,-8.194451737E-1,6.157010382E0
3.616505996E1,1.802225008E0,5.850791225E0,-5.614146002E-1,6.147760510E0
3.617502496E1,8.835651559E-1,5.052651551E0,-1.924575583E-1,5.132934345E0
3.618498896E1,-2.051207636E-1,3.422522671E0,7.108331430E-1,3.501573892E0
3.619495296E1,-7.788904940E-1,1.538610599E0,1.773645279E0,2.473825086E0
3.620491796E1,-9.966858284E-1,1.744130874E-1,2.268634889E0,2.484050487E0
3.621488196E1,-1.000589722E0,-7.450066102E-1,1.493023952E0,1.945593781E0
3.622484696E1,-8.313907430E-1,-1.065194877E0,-2.168443579E-2,1.351414410E0
3.623481096E1,-5.443240294E-1,-1.025994558E0,-2.102492688E0,2.401963569E0
3.624477596E1,5.584792614E-2,-9.312176245E-1,-4.079098915E0,4.184415517E0
3.625473996E1,9.485128114E-1,-5.230550748E-1,-5.139379792E0,5.252284057E0
3.626470496E1,1.468998912E0,-2.176859915E-2,-5.168859699E0,5.373596772E0
3.627466896E1,1.679656843E0,2.940874654E-1,-4.545381035E0,4.854711453E0
3.628463396E1,1.888435332E0,2.277385247E-1,-3.351871349E0,3.853971248E0
3.629459796E1,2.284588724E0,-3.819202459E-1,-2.070631794E0,3.106883445E0
3.630456296E1,2.877641402E0,-1.592728334E0,-1.274802355E0,3.527424646E0
3.631452696E1,3.460215577E0,-3.029205617E0,-1.078395697E0,4.723570238E0
3.632449196E1,4.102032865E0,-4.146212672E0,-1.657754781E0,6.063489429E0
3.633445596E1,4.512925187E0,-4.690750417E0,-2.739718156E0,7.062272212E0
3.634442096E1,4.319079756E0,-4.482253910E0,-3.538412147E0,7.159986771E0
3.635438496E1,3.916233202E0,-3.736115279E0,-3.885150865E0,6.662569858E0
3.636434996E1,3.861149215E0,-3.096853809E0,-3.854551216E0,6.273479246E0
3.637431396E1,3.649380605E0,-2.977840167E0,-3.565942592E0,5.907745545E0
3.638427896E1,3.539887984E0,-3.275429530E0,-2.951916536E0,5.654472281E0
3.639424296E1,3.275980337E0,-3.803695058E0,-2.090580594E0,5.437892099E0
3.640420696E1,2.431534662E0,-4.318641799E0,-1.440969845E0,5.161339157E0
3.641417196E1,1.208273466E0,-5.054971141E0,-1.407494974E0,5.384579845E0
3.642413596E1,-1.089238335E-1,-5.950645881E0,-1.563957109E0,6.153699102E0
3.643410096E1,-1.632859675E0,-6.545021784E0,-1.828282832E0,6.989002717E0
3.644406496E1,-3.178262839E0,-6.285461542E0,-2.523395736E0,7.481704853E0
3.645402996E1,-4.284244091E0,-4.929612685E0,-3.614074532E0,7.464406432E0
3.646399396E1,-4.822926142E0,-3.261233659E0,-3.837130607E0,6.972792328E0
3.647395896E1,-4.765839191E0,-2.130628905E0,-2.450251746E0,5.766848042E0
3.648392296E1,-4.707169983E0,-1.510404800E0,1.364588106E-1,4.945441630E0
3.649388796E1,-4.617195660E0,-1.533162748E0,2.135000868E0,5.312938216E0
3.650385196E1,-4.823897949E0,-1.948473519E0,3.135886313E0,6.074563643E0
3.651381696E1,-5.604241038E0,-2.588839527E0,2.725062110E0,6.748004980E0
3.652378096E1,-5.714931754E0,-3.229645831E0,1.373409215E0,6.706512508E0
3.653374596E1,-5.001401290E0,-3.330636016E0,3.227367756E-1,6.017583416E0
3.654370996E1,-4.182884362E0,-2.740658389E0,-2.533668709E-1,5.007187310E0
3.655367496E1,-3.351268501E0,-1.417083823E0,-6.577401325E-1,3.697532855E0
3.656363896E1,-2.349876103E0,7.923737347E-2,-4.532103762E-1,2.394492828E0
3.657360396E1,-1.228837101E0,1.122845500E0,4.246984756E-1,1.717903208E0
3.658356796E1,-1.657883529E-1,2.027686334E0,1.618673015E0,2.599826913E0
3.659353296E1,1.148171398E0,2.930964793E0,2.363766456E0,3.936526900E0
3.660349696E1,2.178146595E0,3.472171379E0,3.016426820E0,5.089118532E0
3.661346096E1,2.210805195E0,3.160318319E0,2.997766601E0,4.884861930E0
3.662342596E1,1.442109760E0,2.498780127E0,2.740821818E0,3.979407861E0
3.663338996E1,8.119540134E-1,1.980894576E0,3.127524502E0,3.790068885E0
3.664335496E1,4.711536903E-1,1.345004611E0,2.645803979E0,3.005212455E0
3.665331896E1,-7.989821848E-2,9.068552005E-1,1.608687432E0,1.848416981E0
3.666328396E1,-6.219412856E-1,1.011480015E0,2.397988455E0,2.675864610E0
3.667324796E1,-9.977682942E-1,1.809177639E0,2.861779953E0,3.529652929E0
3.668321296E1,-1.276793186E0,3.285639353E0,3.021387890E0,4.642672892E0
3.669317696E1,-1.707286398E0,4.818250709E0,3.826759985E0,6.385488135E0
3.670314196E1,-1.858748580E0,5.743084928E0,3.442363151E0,6.948944872E0
3.671310596E1,-1.882771573E0,6.595727668E0,3.081539367E0,7.519596874E0
3.672307096E1,-2.002367598E0,7.194208902E0,3.515234368E0,8.253665270E0
3.673303496E1,-2.217441346E0,7.360169254E0,3.686186489E0,8.525087003E0
3.674299996E1,-2.294702945E0,7.121280674E0,2.761689362E0,7.975288595E0
3.675296396E1,-2.112926459E0,6.456563936E0,1.166722421E0,6.892961431E0
3.676292896E1,-1.330393150E0,5.596017514E0,-7.028090090E-1,5.794764745E0
3.677289296E1,1.698451694E-1,4.835846150E0,-1.991837347E0,5.232749888E0
3.678285796E1,2.094863972E0,3.994428309E0,-2.855052731E0,5.338093168E0
3.679282196E1,4.330703728E0,2.699321498E0,-4.316328641E0,6.683713359E0
3.680278696E1,6.096616357E0,-1.518872738E-2,-5.582990502E0,8.266725147E0
3.681275096E1,7.255359083E0,-4.494243041E0,-6.437182170E0,1.068998458E1
3.682271596E1,6.347586454E0,-9.974885634E0,-7.519065585E0,1.401165745E1
3.683267996E1,4.076431123E0,-1.452914508E1,-6.728689844E0,1.652236710E1
3.684264396E1,3.277959912E0,-1.453571033E1,-3.427060111E0,1.528975595E1
3.685260896E1,2.344446232E0,-1.026048119E1,4.337987897E-1,1.053385417E1
3.686257296E1,-6.756516889E-1,-6.640388117E0,2.774475468E0,7.228345154E0
3.687253796E1,-3.312757570E0,-5.573847796E0,3.622954114E0,7.427512267E0
3.688250196E1,-5.572605262E0,-5.173116472E0,2.743768523E0,8.083522076E0
3.689246696E1,-6.763839211E0,-3.522003105E0,-1.442290000E0,7.761071266E0
3.690243096E1,-6.060765324E0,1.440274465E-1,-3.221410612E0,6.865209869E0
3.691239596E1,-4.783450420E0,4.329070308E0,4.009383148E-1,6.463977041E0
3.692235996E1,-3.647536978E0,7.183538902E0,3.067027455E0,8.620580872E0
3.693232504E1,-3.496791958E0,8.683471339E0,6.241236126E0,1.125092249E1
3.694228904E1,-5.785027006E0,7.184019544E0,9.254444931E0,1.306604092E1
3.695225404E1,-8.141395272E0,4.046873156E0,6.676417490E0,1.127980717E1
3.696221804E1,-9.306911412E0,9.136245221E-1,4.419422654E0,1.034333633E1
3.697218304E1,-9.508425175E0,-2.006566776E0,4.078268318E0,1.053891512E1
3.698214704E1,-7.764616483E0,-3.320210431E0,4.109187518E0,9.391405033E0
3.699211204E1,-5.021955423E0,-2.990661941E0,4.506370458E0,7.380478970E0
3.700207604E1,-2.424456315E0,-2.348559895E0,5.058896377E0,6.081624335E0
3.701204104E1,-8.431605303E-1,-2.404351103E0,5.284857348E0,5.866987395E0
3.702200504E1,-1.100215094E0,-3.262735224E0,4.913901801E0,6.000195439E0
3.703197004E1,-1.771810715E0,-4.229467667E0,3.757638295E0,5.928537384E0
3.704193404E1,-9.383781248E-1,-4.996257495E0,1.566803534E0,5.319587933E0
3.705189904E1,8.980324099E-1,-4.996135288E0,-5.250624239E-1,5.103285273E0
3.706186304E1,3.101395342E0,-3.903564917E0,-1.909501827E0,5.338789128E0
3.707182804E1,4.808156953E0,-2.133287634E0,-2.388663315E0,5.777110164E0
3.708179204E1,5.488373782E0,-2.780573237E-1,-1.934328081E0,5.825906605E0
3.709175604E1,5.049405177E0,1.069176831E0,-1.117721146E0,5.280997282E0
3.710172104E1,4.200318420E0,1.990538973E0,-2.845747764E-1,4.656812541E0
3.711168504E1,3.647510373E0,2.687601339E0,1.562552901E-1,4.533425702E0
3.712165004E1,3.407130753E0,3.280775639E0,1.793504763E-1,4.733307021E0
3.713161404E1,3.214145447E0,3.594540739E0,-5.659395777E-2,4.822308260E0
3.714157904E1,2.821450829E0,3.627361161E0,-2.414968769E-1,4.601809917E0
3.715154304E1,2.375626510E0,3.535048243E0,-1.115486486E-1,4.260588046E0
3.716150804E1,1.772977966E0,3.336698409E0,9.292979836E-2,3.779635312E0
3.717147204E1,8.640383792E-1,2.942256351E0,4.290909040E-1,3.096377522E0
3.718143704E1,1.258256489E-1,2.208964638E0,7.793625835E-1,2.345796858E0
3.719140104E1,-4.295838243E-1,1.171303130E0,9.562513089E-1,1.571912800E0
3.720136604E1,-6.785864796E-1,5.548849779E-1,7.398376715E-1,1.147055678E0
3.721133004E1,-7.971504714E-1,3.239462721E-1,-5.471806135E-3,8.604766132E-1
3.722129504E1,-9.654441552E-1,3.881124473E-1,-1.011848974E0,1.451396581E0
3.723125904E1,-8.345168106E-1,8.606721371E-1,-1.816757970E0,2.176645207E0
3.724122404E1,-5.749518912E-1,1.400046206E0,-2.545938506E0,2.961840970E0
3.725118804E1,-1.851995923E-1,1.870330744E0,-2.971212348E0,3.515755793E0
3.726115304E1,3.376821126E-1,1.967935976E0,-3.095422996E0,3.683536988E0
3.727111704E1,8.370970407E-1,1.928638594E0,-2.781179008E0,3.486450195E0
3.728108204E1,1.348708822E0,1.839872013E0,-2.213757015E0,3.178814974E0
3.729104604E1,1.844733096E0,1.585818095E0,-1.896631520E0,3.084650766E0
3.730101104E1,2.360925586E0,1.086340163E0,-1.647901492E0,3.077285151E0
3.731097504E1,3.188612410E0,-2.618815863E-1,-1.602063999E0,3.578049766E0
3.732093904E1,4.976939464E0,-2.110772345E0,-1.909094276E0,5.733230091E0
3.733090404E1,6.396701896E0,-3.311063631E0,-2.353404897E0,7.577562413E0
3.734086804E1,6.946627851E0,-4.145987554E0,-2.642879494E0,8.510561868E0
3.735083304E1,6.624448022E0,-4.637515027E0,-2.791180671E0,8.554562921E0
3.736079704E1,5.960699583E0,-4.792708316E0,-3.040625814E0,8.230759252E0
3.737076204E1,5.359219898E0,-4.748559499E0,-3.649473576E0,8.036710311E0
3.738072604E1,4.816807908E0,-4.409688209E0,-4.380924001E0,7.863808469E0
3.739069104E1,4.367986744E0,-3.958473195E0,-4.797645121E0,7.600408998E0
3.740065504E1,3.878700217E0,-3.818435889E0,-4.595546052E0,7.123469065E0
3.741062004E1,3.375854289E0,-4.221514869E0,-3.551341510E0,6.467581193E0
3.742058404E1,2.558476691E0,-4.415541857E0,-2.292547808E0,5.594514127E0
3.743054904E1,1.344444448E0,-4.687260214E0,-1.555000345E0,5.118199416E0
3.744051304E1,1.673328401E-1,-5.373500553E0,-1.075473112E0,5.482622628E0
3.745047804E1,-1.310777642E0,-6.011149945E0,-1.211853570E0,6.270618052E0
3.746044204E1,-2.926141425E0,-5.974599000E0,-2.008971736E0,6.949395965E0
3.747040704E1,-3.697949917E0,-4.707869310E0,-1.924063148E0,6.288154422E0
3.748037104E1,-3.348893362E0,-3.288165350E0,-7.211692661E-1,4.748389541E0
3.749033604E1,-2.969443565E0,-2.396229905E0,6.124256730E-1,3.864528179E0
3.750030004E1,-3.199990507E0,-1.971066576E0,1.950444031E0,4.234297416E0
3.751026504E1,-3.881231184E0,-2.176031365E0,3.079343737E0,5.411231455E0
3.752022904E1,-5.098252231E0,-2.676847724E0,3.641780394E0,6.813241079E0
3.753019404E1,-6.404481032E0,-3.345945196E0,3.445437909E0,8.005233846E0
3.754015804E1,-6.964151956E0,-3.995581380E0,2.304107022E0,8.353022938E0
3.755012304E1,-6.804958586E0,-3.999151105E0,4.624738276E-1,7.906614507E0
3.756008704E1,-6.318014746E0,-3.073935063E0,-1.416037756E0,7.167394926E0
3.757005104E1,-5.723186268E0,-1.481114928E0,-2.262916019E0,6.330035655E0
3.758001604E1,-4.788901194E0,1.346420807E-1,-1.612554781E0,5.054902181E0
3.758998004E1,-3.278119833E0,1.748746666E0,-2.422185695E-1,3.723285428E0
3.759994504E1,-1.321676998E0,3.272822256E0,1.366671176E0,3.784968390E0
3.760990904E1,2.173558066E-1,4.417098386E0,2.641893362E0,5.151466027E0
3.761987404E1,4.994813671E-1,4.393721218E0,3.537713989E0,5.663010510E0
3.762983804E1,1.010951207E0,3.863202172E0,4.172850540E0,5.775728092E0
3.763980304E1,2.801558602E0,2.953743791E0,2.605319320E0,4.833324088E0
3.764976704E1,2.779633297E0,1.782814883E0,1.976829007E0,3.848719670E0
3.765973204E1,1.482400146E0,8.037185025E-1,1.475859158E0,2.240900238E0
3.766969604E1,8.490013871E-1,5.425719112E-1,8.862996063E-1,1.341907086E0
3.767966104E1,5.760647990E-1,9.737122643E-1,1.446212313E0,1.836163467E0
3.768962504E1,-5.552207178E-1,2.514788634E0,3.384878297E0,4.253214432E0
3.769959004E1,-1.071561325E0,4.575451511E0,4.626325795E0,6.594383259E0
3.770955404E1,-9.846237534E-1,6.208430908E0,5.045832528E0,8.060677650E0
3.771951904E1,-6.501972243E-1,7.633186278E0,4.874527820E0,9.080160277E0
3.772948304E1,-6.260024692E-1,8.743905821E0,4.185803584E0,9.714356374E0
3.773944804E1,-7.004142087E-1,9.406311740E0,3.817538634E0,1.017560228E1
3.774941204E1,-8.189423132E-1,9.523413928E0,3.401864166E0,1.014587400E1
3.775937704E1,-6.353922936E-1,9.210521817E0,2.715828187E0,9.623573050E0
3.776934104E1,-4.004959729E-1,8.293542747E0,1.050048249E0,8.369339857E0
3.777930604E1,-5.381138478E-1,6.943561571E0,-1.333238259E0,7.090848895E0
3.778927004E1,-6.338118643E-1,5.782072992E0,-3.475827643E0,6.776094994E0
3.779923504E1,7.169709653E-2,4.766836726E0,-5.200974362E0,7.055353085E0
3.780919904E1,3.507844950E0,2.602682810E0,-5.362810088E0,6.916550155E0
3.781916404E1,9.661705256E0,-2.741577571E0,-5.564924360E0,1.148186305E1
3.782912804E1,9.681362425E0,-1.167851869E1,-9.743278007E0,1.802908882E1
3.783909204E1,3.938561380E0,-2.062600176E1,-9.010292103E0,2.285015488E1
3.784905704E1,2.416745957E-1,-2.088689049E1,-2.732124962E0,2.106620772E1
3.785902104E1,2.282242090E0,-1.322878045E1,-6.887546414E-1,1.344186163E1
3.786898604E1,4.106290807E0,-5.891324124E0,-5.893727329E-1,7.205323334E0
3.787895004E1,2.488983410E0,-1.641097087E-1,2.277221232E0,3.377529711E0
3.788891504E1,-1.900032992E-1,2.570281634E0,3.947299751E0,4.714193914E0
3.789887904E1,-4.167944726E0,1.052225752E0,6.176664155E0,7.525298821E0
3.790884404E1,-8.548180218E0,-2.378371924E0,5.850478399E0,1.062808240E1
3.791880804E1,-1.175357589E1,-6.143447292E0,-1.063678401E0,1.330488266E1
3.792877304E1,-9.332951987E0,-6.438246363E0,-7.000723951E0,1.332535721E1
3.793873704E1,-2.210183782E0,-1.870331329E0,-4.700929250E0,5.521031375E0
3.794870204E1,-2.757922293E0,9.201546925E-1,1.718063694E0,3.377064241E0
3.795866604E1,-6.279508492E0,2.174375433E0,7.359175812E0,9.915523388E0
3.796863104E1,-7.589430394E0,2.773981671E0,8.565518382E0,1.177550564E1
3.797859504E1,-7.622138548E0,1.863801159E0,6.464034923E0,1.016634144E1
3.798856004E1,-6.610732793E0,6.398912144E-1,4.530906545E0,8.039923068E0
3.799852404E1,-5.288521214E0,-1.629911363E-2,3.204937544E0,6.183877986E0
3.800848904E1,-3.757093042E0,4.352433443E-2,2.663256749E0,4.605494436E0
3.801845304E1,-2.481700118E0,1.064620095E-1,2.490892818E0,3.517771548E0
3.802841804E1,-1.244700450E0,-4.260480130E-1,2.521711153E0,2.844261461E0
3.803838204E1,-1.730120945E-1,-1.063901473E0,2.659556631E0,2.869679599E0
3.804834704E1,5.667299020E-1,-1.133487432E0,2.957601199E0,3.217667073E0
3.805831104E1,1.076901003E0,-9.553081530E-1,3.261018774E0,3.564628015E0
3.806827604E1,1.708925665E0,-9.167831880E-1,3.393650582E0,3.908680419E0
3.807824004E1,2.402438186E0,-8.219144529E-1,3.271358990E0,4.141140211E0
3.808820504E1,3.080879509E0,-3.880235696E-1,2.752446960E0,4.149499380E0
3.809816904E1,3.696458877E0,5.031470597E-1,1.789685654E0,4.137624915E0
3.810813304E1,3.995033496E0,1.717392141E0,5.866127010E-1,4.387920107E0
3.811809804E1,4.037120877E0,2.984244622E0,-2.973961855E-1,5.029165481E0
3.812806204E1,4.184321608E0,3.991390096E0,-1.031979841E0,5.874072234E0
3.813802704E1,4.165290090E0,4.576626801E0,-1.975171906E0,6.495880115E0
3.814799104E1,3.678124348E0,4.747971269E0,-2.567680793E0,6.531830873E0
3.815795604E1,2.610580937E0,4.507672341E0,-2.620621483E0,5.831114792E0
3.816792004E1,8.094454117E-1,3.701205647E0,-1.741726499E0,4.169860467E0
3.817788504E1,-1.643477634E0,2.218695574E0,-6.080870390E-1,2.827259916E0
3.818784904E1,-3.200385194E0,5.785942680E-1,-1.457118832E-2,3.252299039E0
3.819781404E1,-3.317581522E0,-2.860224009E-2,9.197635138E-1,3.442837517E0
3.820777804E1,-2.626804622E0,1.236686110E-2,1.507552528E0,3.028691150E0
3.821774304E1,-1.598768508E0,1.566796517E-1,1.321821570E0,2.080341683E0
3.822770704E1,-6.952984066E-1,4.046659148E-1,4.291259873E-1,9.117803956E-1
3.823767204E1,4.346279249E-1,8.533952773E-1,-8.170466459E-1,1.258868601E0
3.824763604E1,1.499937992E0,1.010198305E0,-2.369887614E0,2.981053823E0
3.825760104E1,1.935351490E0,9.140928841E-1,-3.647035287E0,4.228713466E0
3.826756504E1,1.950093490E0,7.155945307E-1,-4.252514468E0,4.732739107E0
3.827753004E1,2.165960413E0,5.975094259E-1,-4.173098170E0,4.739530605E0
3.828749404E1,2.818208256E0,1.926341808E-1,-3.488308525E0,4.488619171E0
3.829745904E1,3.804408419E0,-1.350362999E0,-2.457660168E0,4.726213828E0
3.830742304E1,5.123482967E0,-3.144865297E0,-1.504329543E0,6.197036616E0
3.831738804E1,6.093741866E0,-3.795923524E0,-9.002447771E-1,7.235548769E0
3.832735204E1,6.095524097E0,-3.794399740E0,-1.200049796E0,7.279629312E0
3.833731704E1,5.568594657E0,-3.433979706E0,-2.240848481E0,6.915407796E0
3.834728104E1,5.267880542E0,-3.354396177E0,-3.426366046E0,7.123378651E0
3.835724604E1,5.184678172E0,-4.053210368E0,-4.561635125E0,8.007366424E0
3.836721004E1,4.903859793E0,-4.142835905E0,-4.398070377E0,7.781642066E0
3.837717504E1,4.582844438E0,-4.228195898E0,-3.112350685E0,6.968990635E0
3.838713904E1,3.727142726E0,-4.871790154E0,-1.621768531E0,6.344766771E0
3.839710304E1,2.261321191E0,-5.679467221E0,-8.586191797E-1,6.173098764E0
3.840706804E1,1.034289418E0,-6.360415245E0,-1.135049223E0,6.543162342E0
3.841703204E1,2.140851299E-1,-6.478695062E0,-1.285471185E0,6.608461116E0
3.842699704E1,-1.802085552E-1,-5.984641593E0,-1.626323512E0,6.204299983E0
3.843696104E1,-5.153004974E-1,-4.803762478E0,-2.315436587E0,5.357510162E0
3.844692604E1,-4.553614207E-1,-3.506943601E0,-1.880204353E0,4.005143675E0
3.845689004E1,-1.208839769E0,-2.629946623E0,-1.251105253E-1,2.897165075E0
3.846685504E1,-1.969711776E0,-2.438618125E0,1.440079168E0,3.449703009E0
3.847681904E1,-2.681784528E0,-2.679845592E0,2.399075160E0,4.486546810E0
3.848678404E1,-4.504078057E0,-3.263963140E0,3.496605724E0,6.570116142E0
3.849674804E1,-6.224649915E0,-3.712244605E0,3.875038691E0,8.218451887E0
3.850671304E1,-7.607433386E0,-4.439105551E0,2.783397442E0,9.237207486E0
3.851667704E1,-8.458416102E0,-5.131980726E0,1.060545756E0,9.950215396E0
3.852664204E1,-8.245216679E0,-4.700207704E0,-1.032713886E0,9.546834476E0
3.853660604E1,-6.819104755E0,-2.983081026E0,-2.631026896E0,7.894381837E0
3.854657104E1,-5.538277429E0,-1.016602176E0,-2.578522700E0,6.193123297E0
3.855653504E1,-4.512251880E0,6.701067013E-1,-7.727075019E-1,4.626719886E0
3.856650004E1,-2.862236035E0,2.212382920E0,8.514010844E-1,3.716438768E0
3.857646404E1,-1.061783026E0,3.650944735E0,2.171581926E0,4.378646905E0
3.858642904E1,8.821075912E-1,4.571437397E0,3.202363015E0,5.650777164E0
3.859639304E1,2.276651714E0,4.696876545E0,3.435899639E0,6.248935800E0
3.860635804E1,2.550602830E0,4.588775561E0,4.161508988E0,6.699297949E0
3.861632204E1,2.224258469E0,4.270564823E0,4.180557170E0,6.376684710E0
3.862628704E1,2.909440607E0,2.958760117E0,1.606226924E0,4.449614704E0
3.863625104E1,1.669628429E0,1.935873939E0,1.700858262E0,3.070535104E0
3.864621604E1,6.202187689E-1,1.691764380E0,1.742543062E0,2.506630081E0
3.865618004E1,5.797063353E-1,2.231650665E0,2.812142939E0,3.636546718E0
3.866614504E1,7.159499683E-1,3.480398412E0,4.428805681E0,5.678034627E0
3.867610904E1,-7.787932109E-2,4.876381972E0,5.820234261E0,7.593437507E0
3.868607304E1,-3.376911392E-1,5.941106148E0,6.101327459E0,8.522732797E0
3.869603804E1,-7.158048843E-1,6.968404051E0,5.953260756E0,9.193059625E0
3.870600204E1,-1.154170861E0,8.108328098E0,5.388554209E0,9.803754964E0
3.871596704E1,-1.416112893E0,9.206705339E0,4.229054854E0,1.023003929E1
3.872593104E1,-1.963579070E0,9.489087848E0,3.053575643E0,1.015986000E1
3.873589604E1,-2.788108836E0,8.630445279E0,1.871035334E0,9.260610662E0
3.874586004E1,-3.276267436E0,7.239271638E0,-1.317272437E-1,7.947221793E0
3.875582504E1,-3.126805002E0,5.913113773E0,-2.104661712E0,7.012233948E0
3.876578904E1,-2.422072552E0,4.881336903E0,-3.820279516E0,6.654954619E0
3.877575404E1,-8.153785814E-1,3.509849083E0,-6.423186859E0,7.364863356E0
3.878571804E1,4.845036803E0,-2.705571002E-1,-7.576213932E0,8.997032862E0
3.879568304E1,9.734078583E0,-7.834482524E0,-7.926172128E0,1.479714861E1
3.880564704E1,5.877916458E0,-1.705558663E1,-6.937741837E0,1.932809352E1
3.881561204E1,9.756626031E-1,-2.100637951E1,-3.859262610E0,2.138021996E1
3.882557604E1,2.301721651E0,-1.583833667E1,-2.157663506E0,1.614949977E1
3.883554104E1,5.134282774E0,-7.093980024E0,-2.397488226E0,9.079282019E0
3.884550504E1,4.355961653E0,-4.463138777E-1,-2.699256886E0,5.143888192E0
3.885547004E1,2.738964158E0,3.188370336E0,3.086046401E-1,4.214601628E0
3.886543404E1,4.673238006E-1,4.402033035E0,2.840089121E0,5.259504976E0
3.887539904E1,-2.715804214E0,2.058773641E0,4.313836557E0,5.497574672E0
3.888536304E1,-5.653994996E0,-2.002859057E0,4.383948766E0,7.429543095E0
3.889532804E1,-8.309140195E0,-6.895641299E0,9.127532870E-2,1.079814849E1
3.890529204E1,-8.578617899E0,-1.079914541E1,-3.625658744E0,1.426042173E1
3.891525704E1,-3.403438821E0,-8.456695851E0,-4.899686050E-1,9.129028960E0
3.892522104E1,-1.652722667E0,-3.136207325E0,1.145627421E0,3.725553756E0
3.893518642E1,-4.494150655E0,8.213642299E-1,2.606995424E0,5.260081221E0
3.894515042E1,-6.113334131E0,3.391417823E0,4.036932597E0,8.072880145E0
3.895511542E1,-7.233657727E0,4.432223378E0,5.484881240E0,1.010219434E1
3.896507942E1,-7.419115620E0,3.784946546E0,5.626862161E0,1.005140163E1
3.897504442E1,-6.385723164E0,2.358328838E0,4.042946458E0,7.917360122E0
3.898500842E1,-5.003671764E0,1.352469751E0,2.905438481E0,5.942009619E0
3.899497242E1,-3.048539436E0,5.682125366E-1,2.580073966E0,4.034010393E0
3.900493742E1,-1.324140868E0,-4.592824173E-1,2.788119946E0,3.120561201E0
3.901490142E1,-5.757352719E-1,-1.048021604E0,3.752788614E0,3.938685411E0
3.902486642E1,-3.973435928E-1,-1.350255995E0,4.152281205E0,4.384348570E0
3.903483042E1,3.071315803E-2,-1.500939327E0,4.173221253E0,4.435035264E0
3.904479542E1,1.034245711E0,-1.634475115E0,4.089066956E0,4.523454616E0
3.905475942E1,2.367368195E0,-1.757875924E0,3.925048757E0,4.909232901E0
3.906472442E1,3.502692676E0,-1.439049473E0,3.592831013E0,5.219976442E0
3.907468842E1,4.287492512E0,-3.017870790E-1,2.975403632E0,5.227494070E0
3.908465342E1,4.515408792E0,1.473086116E0,1.866252458E0,5.103116450E0
3.909461742E1,3.814702734E0,3.167132079E0,9.064530583E-1,5.040271788E0
3.910458242E1,1.992346786E0,3.804087991E0,5.571811795E-2,4.294605415E0
3.911454642E1,9.435938412E-1,4.032108936E0,-9.565681549E-1,4.250093463E0
3.912451142E1,1.432890309E0,4.584528143E0,-2.099822849E0,5.242168343E0
3.913447542E1,1.833955216E0,4.848144014E0,-2.739559697E0,5.862855912E0
3.914444042E1,7.885793303E-1,4.178252490E0,-2.621765199E0,4.995328216E0
3.915440442E1,-4.040716915E-1,3.173385676E0,-1.974256232E0,3.759167228E0
3.916436942E1,-8.465603207E-1,2.057950938E0,-8.143300295E-1,2.369590647E0
3.917433342E1,-1.054543881E0,1.120637006E0,3.044458079E-1,1.568622755E0
3.918429842E1,-1.128442016E0,5.148683882E-1,1.053375900E0,1.627289657E0
3.919426242E1,-1.057638228E0,1.945555758E-1,1.130797713E0,1.560497985E0
3.920422742E1,-7.945714107E-1,1.062889320E-1,6.213491088E-1,1.014256269E0
3.921419142E1,2.071376145E-4,3.685728067E-1,-5.096375421E-1,6.289486315E-1
3.922415642E1,8.810340424E-1,4.794325072E-1,-1.765834569E0,2.030824521E0
3.923412042E1,1.491237773E0,2.303107148E-1,-3.059919287E0,3.411735506E0
3.924408542E1,1.451593067E0,-2.002379000E-2,-4.033508760E0,4.286807238E0
3.925404942E1,8.876818880E-1,2.315725440E-1,-4.509712434E0,4.602076838E0
3.926401442E1,9.590503711E-1,6.898270208E-1,-4.039900936E0,4.209089985E0
3.927397842E1,1.648042556E0,5.377263236E-1,-3.102986954E0,3.554394730E0
3.928394342E1,2.825937105E0,-6.615621650E-1,-2.270449280E0,3.684905013E0
3.929390742E1,4.563833093E0,-2.408043035E0,-1.628354396E0,5.410987137E0
3.930387142E1,5.547685014E0,-3.571007450E0,-1.267030382E0,6.718204315E0
3.931383642E1,5.641312385E0,-3.944029988E0,-1.228393005E0,6.992047436E0
3.932380042E1,5.274338207E0,-3.912939758E0,-1.663721718E0,6.774784943E0
3.933376542E1,4.535181152E0,-3.606242187E0,-2.501148250E0,6.310989887E0
3.934372942E1,3.777003688E0,-3.514129829E0,-3.314125233E0,6.131744563E0
3.935369442E1,3.056138477E0,-4.640055057E0,-4.152061642E0,6.936116291E0
3.936365842E1,2.941927738E0,-4.978852088E0,-3.564123523E0,6.793149742E0
3.937362342E1,3.046265454E0,-4.462355835E0,-2.113033463E0,5.801488018E0
3.938358742E1,2.301393037E0,-4.711990428E0,-9.435973495E-1,5.328192908E0
3.939355242E1,1.178740642E0,-5.199357607E0,-4.052534138E-1,5.346679283E0
3.940351642E1,1.412737003E-1,-5.390353398E0,-8.221750925E-1,5.454524717E0
3.941348142E1,-6.829115188E-1,-5.288032386E0,-1.847044208E0,5.642803113E0
3.942344542E1,-1.189483439E0,-4.480016180E0,-3.061954703E0,5.555266189E0
3.943341042E1,-1.488159653E0,-3.420709450E0,-4.028377828E0,5.490327879E0
3.944337442E1,-2.094883267E0,-3.029521367E0,-3.438080358E0,5.038544647E0
3.945333942E1,-3.154956129E0,-2.903365935E0,-1.214305308E0,4.456211318E0
3.946330342E1,-3.472789722E0,-2.641883714E0,1.061152697E0,4.490641720E0
3.947326842E1,-3.374520247E0,-2.417804376E0,2.746370534E0,4.977521070E0
3.948323242E1,-4.158763428E0,-2.627496055E0,3.533561296E0,6.056822946E0
3.949319742E1,-5.579980940E0,-2.935182390E0,3.715706742E0,7.318330380E0
3.950316142E1,-6.896942305E0,-3.339738961E0,2.490817974E0,8.057657455E0
3.951312642E1,-7.382106253E0,-3.727926838E0,4.706694312E-1,8.283384631E0
3.952309042E1,-6.864317765E0,-3.402609394E0,-1.754679251E0,7.859739712E0
3.953305542E1,-5.676034906E0,-2.167209086E0,-3.027222826E0,6.788095868E0
3.954301942E1,-4.027777904E0,-3.832405472E-1,-2.227544311E0,4.618638524E0
3.955298442E1,-2.448426245E0,1.146727282E0,-7.779917769E-1,2.813369109E0
3.956294842E1,-7.878901628E-1,2.377055131E0,9.397688851E-1,2.674757477E0
3.957291342E1,9.389197232E-1,3.366975877E0,2.613577927E0,4.364502994E0
3.958287742E1,2.457863651E0,3.999000832E0,3.545747479E0,5.882637721E0
3.959284242E1,2.791115182E0,3.873156472E0,3.768874889E0,6.082440542E0
3.960280642E1,3.079976406E0,3.470193266E0,3.749655968E0,5.965602723E0
3.961277142E1,3.245564583E0,2.912994545E0,3.217030756E0,5.419272420E0
3.962273542E1,2.812917403E0,2.346367773E0,2.777293241E0,4.596879789E0
3.963269942E1,2.053972200E0,1.878575318E0,3.178480648E0,4.224995414E0
3.964266442E1,1.904368118E0,1.877204146E0,2.648999483E0,3.764002071E0
3.965262842E1,1.460546323E0,2.087741917E0,2.455982602E0,3.538885759E0
3.966259342E1,2.663342228E-1,3.404747720E0,3.532150363E0,4.913178925E0
3.967255742E1,-5.099972921E-1,5.340483665E0,4.206675805E0,6.817403050E0
3.968252242E1,-7.182536982E-1,6.964041443E0,4.338424684E0,8.236242489E0
3.969248642E1,-8.226938137E-1,7.988114022E0,4.406733904E0,9.160026989E0
3.970245142E1,-1.051309713E0,8.601559449E0,4.259473532E0,9.655837190E0
3.971241542E1,-1.260466883E0,8.943260207E0,3.916681391E0,9.844342183E0
3.972238042E1,-1.900551932E0,8.899765109E0,3.218547231E0,9.652821500E0
3.973234442E1,-2.424817819E0,8.195942777E0,1.970778893E0,8.771384663E0
3.974230942E1,-2.481058971E0,6.956346508E0,-5.713372886E-1,7.407620174E0
3.975227342E1,-2.199400785E0,5.713485153E0,-3.026172082E0,6.829274769E0
3.976223842E1,-2.037515650E0,4.415719028E0,-4.026161733E0,6.313479457E0
3.977220242E1,-6.709098163E-1,1.334234625E0,-5.242259213E0,5.450833300E0
3.978216742E1,6.039138227E0,-5.262984084E0,-9.451972647E0,1.238991440E1
3.979213142E1,8.958679315E0,-1.358587810E1,-1.104725680E1,1.966916118E1
3.980209642E1,4.563348944E0,-1.988315745E1,-7.624126602E0,2.177823248E1
3.981206042E1,1.028416621E0,-1.860899069E1,-3.675933396E0,1.899643812E1
3.982202542E1,2.003015177E0,-1.161463552E1,-2.647611061E0,1.207980432E1
3.983198942E1,1.982588222E0,-3.600640554E0,-2.703392914E0,4.919715612E0
3.984195442E1,8.552672634E-1,1.956712246E0,-2.085093713E-1,2.145619040E0
3.985191842E1,-5.525202543E-1,4.673032184E0,3.793499561E0,6.044265658E0
3.986188342E1,-3.116590501E0,3.535820661E0,4.872437148E0,6.779071313E0
3.987184742E1,-5.380379217E0,-6.107621402E-1,5.445065210E0,7.679208687E0
3.988181242E1,-6.545774320E0,-4.411649950E0,3.615726663E0,8.682355443E0
3.989177642E1,-5.492562143E0,-6.770820202E0,-3.354992008E-1,8.724952998E0
3.990174142E1,-9.962809087E-1,-5.726472403E0,-1.145675076E0,5.924325549E0
3.991170542E1,8.342172870E-1,-2.775850441E0,-6.307672191E-1,2.966332995E0
3.992167042E1,-2.895779465E0,-1.533110708E-1,1.525766897E0,3.276737344E0
3.993163417E1,-5.819101070E0,1.446433337E0,4.513868051E0,7.505272243E0
3.994159817E1,-6.965326077E0,1.860805045E0,5.180510277E0,8.877840362E0
3.995156317E1,-6.669879134E0,1.117632122E0,3.794080774E0,7.754446346E0
3.996152717E1,-5.460963789E0,5.312715822E-1,3.319051805E0,6.412525235E0
3.997149217E1,-3.981072684E0,5.381052232E-1,3.429768833E0,5.282216504E0
3.998145617E1,-2.847558355E0,9.166101104E-1,3.602900796E0,4.682911148E0
3.999142117E1,-2.004407838E0,1.001794687E0,4.007381061E0,4.591333831E0
4.000138517E1,-1.458447027E0,6.436077046E-1,4.135516945E0,4.432132558E0
4.001135017E1,-7.598225044E-1,-1.471510291E-2,3.780009157E0,3.855647287E0
4.002131417E1,1.746943384E-2,-6.813304317E-1,3.407100055E0,3.474600283E0
4.003127917E1,8.414817216E-1,-1.240890843E0,3.139497553E0,3.479130130E0
4.004124317E1,1.967909664E0,-1.678757249E0,3.112010962E0,4.046666106E0
4.005120817E1,3.290524701E0,-1.763728402E0,2.981034208E0,4.777536566E0
4.006117217E1,4.265451140E0,-1.277937632E0,2.437620006E0,5.076336210E0
4.007113717E1,4.780014888E0,-1.791820765E-1,1.448253576E0,4.997808216E0
4.008110117E1,4.637332886E0,1.137847701E0,3.222425397E-1,4.785749047E0
4.009106617E1,3.953438450E0,2.259427278E0,-1.115227747E-1,4.554901155E0
4.010103017E1,3.188592822E0,2.955276931E0,-2.547596046E-1,4.354961352E0
4.011099517E1,2.949936084E0,3.510368316E0,-7.491661732E-1,4.646079914E0
4.012095917E1,3.007691372E0,3.784312123E0,-1.931269841E0,5.205480653E0
4.013092417E1,2.356366074E0,3.767416009E0,-2.774002136E0,5.238413148E0
4.014088817E1,1.083545486E0,3.598345522E0,-2.426031994E0,4.473007104E0
4.015085317E1,-4.919116348E-2,3.033089338E0,-1.246843894E0,3.279736330E0
4.016081717E1,-7.926343744E-1,2.238891272E0,5.192573082E-1,2.431158475E0
4.017078217E1,-1.332737737E0,1.600143773E0,2.139020244E0,2.985306948E0
4.018074617E1,-1.733740371E0,1.222971466E0,2.731427389E0,3.458642865E0
4.019071117E1,-1.950360562E0,1.056019426E0,2.310902072E0,3.203022281E0
4.020067517E1,-2.002830405E0,1.046483787E0,6.888587219E-1,2.362410694E0
4.021064017E1,-1.905747768E0,1.129318367E0,-1.733897662E0,2.813118489E0
4.022060417E1,-1.651615643E0,1.048357819E0,-3.907746261E0,4.370053682E0
4.023056917E1,-1.311365141E0,8.588928294E-1,-5.233480203E0,5.463212467E0
4.024053317E1,-7.422189501E-1,7.389214128E-1,-5.395053974E0,5.495771212E0
4.025049817E1,3.509817508E-1,6.502302611E-1,-3.922112870E0,3.991109738E0
4.026046217E1,2.037705831E0,6.639805734E-2,-1.951512902E0,2.822243143E0
4.027042717E1,3.989698789E0,-1.461483486E0,-1.228817512E0,4.423078440E0
4.028039117E1,5.763835527E0,-2.852072990E0,-1.653583085E0,6.640064558E0
4.029035517E1,6.724102703E0,-3.226161475E0,-1.821004218E0,7.677091337E0
4.030032017E1,7.150059500E0,-2.851773612E0,-2.090227568E0,7.976528999E0
4.031028417E1,7.466702600E0,-2.281766565E0,-2.620584061E0,8.235627917E0
4.032024917E1,7.592133561E0,-2.045830244E0,-3.070827268E0,8.441320602E0
4.033021317E1,7.439562163E0,-2.159486668E0,-3.097240310E0,8.342863141E0
4.034017817E1,7.090389833E0,-2.588334328E0,-2.603169883E0,7.984334413E0
4.035014217E1,6.343975798E0,-3.421732128E0,-1.675540549E0,7.400115933E0
4.036010717E1,5.600187163E0,-4.411396181E0,-9.549830478E-1,7.192670238E0
4.037007117E1,4.546693735E0,-5.096684593E0,-7.148028177E-1,6.867281909E0
4.038003617E1,2.871349798E0,-5.485399303E0,-7.061009183E-1,6.231599609E0
4.039000017E1,1.142185750E0,-5.785992381E0,-5.426116723E-1,5.922560557E0
4.039996517E1,-4.930803470E-1,-5.919879586E0,-4.662142915E-1,5.958645677E0
4.040992917E1,-1.993553359E0,-5.750909672E0,-6.541274303E-1,6.121690922E0
4.041989417E1,-3.273721850E0,-5.512551434E0,-9.685684687E-1,6.484103866E0
4.042985817E1,-4.594554949E0,-5.320784980E0,-7.989097524E-1,7.075234609E0
4.043982317E1,-5.386333437E0,-4.913794797E0,-1.211004774E-1,7.291956701E0
4.044978717E1,-5.762905235E0,-4.274623375E0,6.970758140E-1,7.208980263E0
4.045975217E1,-6.125144337E0,-3.948703668E0,1.003841797E0,7.356449698E0
4.046971617E1,-6.584533174E0,-4.008573893E0,5.791969697E-1,7.730472877E0
4.047968117E1,-7.455646684E0,-4.378328422E0,1.504617226E-1,8.647488999E0
4.048964517E1,-8.393388047E0,-4.784686521E0,1.487484884E-1,9.662521106E0
4.049961017E1,-8.600819777E0,-4.753477592E0,1.122606933E-1,9.827627003E0
4.050957417E1,-7.072051796E0,-3.920991958E0,-5.421924269E-1,8.104447370E0
4.051953917E1,-4.868125704E0,-2.550066640E0,-1.442284738E0,5.681696314E0
4.052950317E1,-3.878808975E0,-1.457418501E0,-1.770565989E0,4.506010617E0
4.053946817E1,-2.958829699E0,-1.930540109E-1,-6.711381501E-1,3.040126553E0
4.054943217E1,-2.205155469E0,1.118668249E0,1.159139459E0,2.730885127E0
4.055939717E1,-7.391532549E-1,2.568446193E0,2.764544849E0,3.845253126E0
4.056936117E1,1.045178761E0,3.566928433E0,3.294539107E0,4.966826453E0
4.057932617E1,1.966444644E0,3.934436461E0,4.180796906E0,6.068422989E0
4.058929017E1,2.445341985E0,3.713479537E0,4.401430771E0,6.256374392E0
4.059925517E1,3.932470920E0,2.712275419E0,2.078549509E0,5.209715304E0
4.060921917E1,3.639009399E0,1.514310156E0,1.897864991E0,4.374633262E0
4.061918417E1,2.380679966E0,7.207663929E-1,2.101522050E0,3.256307144E0
4.062914817E1,1.225158032E0,6.985265082E-1,2.745667114E0,3.086687446E0
4.063911217E1,8.177282850E-1,1.508627831E0,3.724116207E0,4.100448635E0
4.064907717E1,1.218037695E-1,2.981341479E0,4.647252980E0,5.522698021E0
4.065904117E1,-7.190409527E-1,4.766529747E0,5.158199056E0,7.060017225E0
4.066900617E1,-1.164628168E0,6.367712570E0,5.245766373E0,8.331997779E0
4.067897017E1,-1.289214572E0,7.771111570E0,4.757636132E0,9.202573054E0
4.068893517E1,-1.401872876E0,8.689579926E0,4.159801016E0,9.735398879E0
4.069889917E1,-1.961867736E0,8.926105061E0,4.098539738E0,1.001610226E1
4.070886417E1,-2.529345862E0,8.487000800E0,4.285834826E0,9.838452787E0
4.071882817E1,-2.939896123E0,7.779313459E0,3.877124685E0,9.175663624E0
4.072879317E1,-2.573695531E0,7.111240420E0,2.354371150E0,7.920651015E0
4.073875717E1,-1.644744726E0,6.498064549E0,2.001177397E-1,6.705973099E0
4.074872217E1,-1.416390782E0,5.489739107E0,-1.885008425E0,5.974667779E0
4.075868617E1,-1.530409733E0,4.116232243E0,-3.995864970E0,5.937378099E0
4.076865117E1,-1.365445892E0,2.460156344E0,-6.158189877E0,6.770532791E0
4.077861517E1,9.043493763E-1,-4.917584378E-1,-7.633102663E0,7.702202958E0
4.078858017E1,4.745997542E0,-6.102243133E0,-7.057295762E0,1.046743939E1
4.079854417E1,4.041080904E0,-1.281323053E1,-6.738530708E0,1.503053584E1
4.080850917E1,1.702482034E0,-1.710785489E1,-4.634148493E0,1.780596744E1
4.081847317E1,1.527759044E0,-1.540967963E1,-2.614020562E0,1.570431079E1
4.082843817E1,3.012927554E0,-9.149204405E0,-3.174713579E0,1.014221278E1
4.083840217E1,3.174786669E0,-3.467822220E0,-2.621623696E0,5.383119184E0
4.084836717E1,1.452615306E0,5.735884666E-1,1.157955106E0,1.944210633E0
4.085833117E1,-1.912884880E0,1.078501970E0,3.089911410E0,3.790758181E0
4.086829617E1,-4.440058063E0,-1.510105423E0,5.436832915E0,7.180089563E0
4.087826017E1,-5.420757165E0,-3.451502641E0,6.001466371E0,8.792899256E0
4.088822517E1,-5.345887077E0,-4.387005690E0,1.937514960E0,7.181802823E0
4.089818917E1,-2.589684450E0,-3.426257288E0,-9.223254713E-1,4.392765510E0
4.090815417E1,8.357725733E-1,-5.374357170E-1,-1.314722174E0,1.647982809E0
4.091811817E1,-5.600828603E-3,1.464193085E0,-1.701127526E-1,1.474052614E0
4.092808217E1,-3.256506478E0,1.826563751E0,2.220439506E0,4.344136413E0
4.093804721E1,-5.456661993E0,1.413341605E0,3.629471421E0,6.704159708E0
4.094801121E1,-5.840661508E0,5.652000511E-1,2.622392020E0,6.427263637E0
4.095797621E1,-4.944945254E0,-2.487323678E-1,1.843937290E0,5.283413298E0
4.096794021E1,-3.531722347E0,-3.550990677E-1,2.002412914E0,4.075391461E0
4.097790521E1,-1.989727380E0,-1.974020004E-3,2.098635572E0,2.891935374E0
4.098786921E1,-8.452990763E-1,3.504692423E-1,2.341003245E0,2.513494661E0
4.099783421E1,-2.324214866E-1,3.724658829E-1,2.680198764E0,2.715918996E0
4.100779821E1,1.922636135E-1,5.153794348E-2,2.512099500E0,2.519973284E0
4.101776321E1,8.423997344E-1,-5.839988494E-1,2.252819924E0,2.475053450E0
4.102772721E1,1.897961177E0,-1.169163634E0,1.976647451E0,2.979317938E0
4.103769221E1,3.293911409E0,-1.593024788E0,1.430691463E0,3.928671328E0
4.104765621E1,4.807493586E0,-1.430986748E0,8.815086901E-1,5.092816040E0
4.105762121E1,5.727669328E0,-6.838780636E-1,4.417299530E-1,5.785240746E0
4.106758521E1,5.752331130E0,3.233907866E-1,6.027163714E-3,5.761417478E0
4.107755021E1,5.050421423E0,1.337388613E0,-4.146342480E-1,5.240924194E0
4.108751421E1,4.323659295E0,2.304895227E0,-5.371496420E-1,4.929006131E0
4.109747921E1,3.763798921E0,3.020575127E0,-2.745466554E-1,4.833780330E0
4.110744321E1,3.136398821E0,3.783688225E0,6.435865085E-1,4.956561080E0
4.111740821E1,2.330522111E0,4.540516736E0,1.253535447E0,5.255375977E0
4.112737221E1,1.578222854E0,4.990696793E0,1.087887336E0,5.346151953E0
4.113733721E1,4.476552290E-1,4.972228362E0,8.519323039E-1,5.064507749E0
4.114730121E1,-1.050350697E0,4.551403082E0,1.085629141E0,4.795528879E0
4.115726621E1,-2.660255665E0,3.715159442E0,1.703402678E0,4.876571600E0
4.116723021E1,-3.815440068E0,2.730382492E0,2.060680418E0,5.124351203E0
4.117719521E1,-4.399847930E0,2.124908574E0,1.977687378E0,5.271161695E0
4.118715921E1,-4.619061214E0,2.035869513E0,1.616856869E0,5.300445011E0
4.119712421E1,-5.009177502E0,1.789557307E0,3.608972033E-1,5.331474599E0
4.120708821E1,-4.934714381E0,1.356540583E0,-1.657421343E0,5.379465947E0
4.121705321E1,-3.343875574E0,7.933665919E-1,-3.612365976E0,4.985992614E0
4.122701721E1,-1.269629177E0,1.825424713E-1,-4.711643688E0,4.883120544E0
4.123698221E1,3.162022197E-1,-3.210934156E-1,-4.720589343E0,4.742051094E0
4.124694621E1,1.394753014E0,-8.238276619E-1,-3.821016265E0,4.150204005E0
4.125691121E1,2.357580394E0,-1.377004668E0,-2.562023612E0,3.744100981E0
4.126687521E1,3.653923892E0,-1.949841768E0,-1.696783191E0,4.475725184E0
4.127684021E1,5.100347289E0,-2.664016010E0,-1.837561925E0,6.040460048E0
4.128680421E1,6.021301296E0,-3.427638985E0,-2.322864744E0,7.307563132E0
4.129676821E1,6.450704441E0,-3.981389603E0,-2.290880036E0,7.919039228E0
4.130673321E1,6.364314753E0,-4.127380545E0,-1.919979014E0,7.824710337E0
4.131669721E1,5.432353363E0,-3.919330764E0,-1.386209209E0,6.840554997E0
4.132666221E1,4.813153106E0,-3.508417684E0,-1.271108669E0,6.090250793E0
4.133662621E1,4.591056267E0,-3.053310764E0,-1.294622077E0,5.663616388E0
4.134659121E1,4.213437526E0,-2.876684505E0,-1.279663876E0,5.259839272E0
4.135655521E1,3.896717535E0,-3.180341524E0,-1.479664233E0,5.242936772E0
4.136652021E1,3.949740086E0,-3.917602327E0,-1.768236166E0,5.837355042E0
4.137648421E1,3.641286889E0,-4.784844396E0,-1.758150743E0,6.264567035E0
4.138644921E1,2.572552401E0,-5.373689418E0,-1.597180404E0,6.168107413E0
4.139641321E1,1.209920627E0,-5.835765050E0,-1.839195637E0,6.237203078E0
4.140637821E1,-5.839069019E-1,-5.864978909E0,-2.599473858E0,6.441753582E0
4.141634221E1,-2.449632964E0,-4.726285116E0,-2.998043466E0,6.109561137E0
4.142630721E1,-3.854036661E0,-3.783675361E0,-2.877454584E0,6.119603150E0
4.143627121E1,-5.065764517E0,-3.255681728E0,-1.476478086E0,6.200114611E0
4.144623621E1,-6.037344886E0,-2.933191997E0,4.138694688E-1,6.724911635E0
4.145620021E1,-6.260773428E0,-2.985981245E0,1.623466562E0,7.123834051E0
4.146616521E1,-6.188494826E0,-3.119018265E0,1.757150284E0,7.149358032E0
4.147612921E1,-6.007586067E0,-3.470128947E0,1.322577031E0,7.062725767E0
4.148609421E1,-5.713633087E0,-3.909086443E0,1.201202867E0,7.026339602E0
4.149605821E1,-5.648593338E0,-4.173389361E0,1.105110894E0,7.109504592E0
4.150602321E1,-5.522357799E0,-4.125775484E0,6.580960818E-1,6.924705731E0
4.151598721E1,-4.859418615E0,-3.656663897E0,-1.986519890E-1,6.084784527E0
4.152595221E1,-3.909791324E0,-2.513837877E0,-6.690580031E-1,4.696114105E0
4.153591621E1,-2.148329888E0,-4.394375521E-1,1.048706898E-1,2.195318777E0
4.154588121E1,-3.142147511E-4,1.512485240E0,1.373424418E0,2.043014031E0
4.155584521E1,1.626223232E0,2.674020011E0,2.566680919E0,4.047571612E0
4.156581021E1,2.477959069E0,3.052900874E0,2.881702001E0,4.874904237E0
4.157577421E1,3.567319319E0,3.449146798E0,2.764299266E0,5.680117181E0
4.158573921E1,4.127771723E0,3.393471950E0,2.338223479E0,5.832790097E0
4.159570321E1,3.770380547E0,2.640277483E0,2.235496671E0,5.117057751E0
4.160566821E1,3.577427693E0,1.963546472E0,1.744393706E0,4.438064110E0
4.161563221E1,2.646510615E0,1.694686233E0,1.723106333E0,3.584002693E0
4.162559621E1,1.397888876E0,2.230322762E0,2.230859244E0,3.450386341E0
4.163556121E1,1.317140143E0,2.868514191E0,2.481191410E0,4.014915022E0
4.164552521E1,1.087171491E0,3.531273281E0,3.163673743E0,4.864222897E0
4.165549021E1,3.130727168E-1,4.194023015E0,4.388913052E0,6.078684180E0
4.166545421E1,-2.344720320E-1,4.598939191E0,5.573536139E0,7.229766518E0
4.167541921E1,-9.797496606E-1,5.059648914E0,6.637413054E0,8.403285582E0
4.168538321E1,-2.392981338E0,5.349781907E0,7.806911733E0,9.761884907E0
4.169534821E1,-3.806549961E0,5.935128540E0,8.062350272E0,1.071060527E1
4.170531221E1,-4.934958209E0,6.922399912E0,7.082495508E0,1.106504296E1
4.171527721E1,-5.991015058E0,7.886064321E0,5.143061784E0,1.115945144E1
4.172524121E1,-6.558091480E0,8.383280550E0,2.680279748E0,1.097596721E1
4.173520621E1,-6.655358743E0,8.084026485E0,3.754880163E-1,1.047789461E1
4.174517021E1,-6.705416172E0,7.330032704E0,-1.207948215E0,1.000755337E1
4.175513521E1,-6.100635148E0,6.637602503E0,-3.401417439E0,9.635619170E0
4.176509921E1,-4.371763461E0,5.806968682E0,-9.227527274E0,1.174650844E1
4.177506421E1,1.033080360E0,2.251186797E0,-1.484557768E1,1.505078980E1
4.178502821E1,7.079973019E0,-5.173476661E0,-1.366661178E1,1.623783102E1
4.179499321E1,7.105673286E0,-1.305701499E1,-9.333330302E0,1.755241544E1
4.180495721E1,5.768486402E0,-1.786737780E1,-3.273127773E0,1.905864608E1
4.181492221E1,6.051845981E0,-1.633425306E1,-9.007986546E-1,1.744259444E1
4.182488621E1,8.650318211E0,-9.750968265E0,-6.464652389E-2,1.303508981E1
4.183485121E1,7.953535343E0,-3.110276093E0,2.307687857E0,8.846353207E0
4.184481521E1,4.800662869E0,5.230486429E-1,2.989078223E0,5.679307395E0
4.185478021E1,1.800967125E0,9.379343212E-1,3.619477067E0,4.150158746E0
4.186474421E1,-1.346477525E0,-6.233757538E-1,5.107232970E0,5.318404616E0
4.187470921E1,-3.645655052E0,-2.816368137E0,4.377100799E0,6.354662985E0
4.188467321E1,-5.051867439E0,-6.119783025E0,7.610417220E-1,7.971969230E0
4.189463821E1,-3.940462017E0,-8.117746793E0,-1.080641466E0,9.088060293E0
4.190460221E1,-2.171248489E0,-6.522495970E0,-2.522913340E0,7.322729368E0
4.191456721E1,-4.061692339E0,-1.821036378E0,-3.534295707E0,5.683728027E0
4.192453121E1,-6.372638850E0,1.178322127E0,-2.936693603E0,7.114993904E0
4.193449633E1,-8.317081298E0,1.894379173E0,2.256693412E0,8.823558179E0
4.194446033E1,-7.973781327E0,2.689580621E0,6.430277778E0,1.059072731E1
4.195442433E1,-5.750839505E0,2.382895914E0,4.390588864E0,7.617586135E0
4.196438933E1,-3.938741474E0,1.238077748E0,2.635687419E0,4.898302673E0
4.197435333E1,-2.480081609E0,1.857210177E-1,1.751689862E0,3.041991856E0
4.198431833E1,-1.092883928E0,-6.104843974E-1,1.022178373E0,1.616148231E0
4.199428233E1,-2.008437447E-1,-8.641026986E-1,1.216852647E0,1.505902403E0
4.200424733E1,-2.121091365E-1,-1.087816000E0,2.541825575E0,2.772942695E0
4.201421133E1,-3.095282809E-1,-1.045535368E0,4.217522975E0,4.356196966E0
4.202417633E1,3.114202206E-1,-6.813970900E-1,5.465587767E0,5.516695949E0
4.203414033E1,1.323563310E0,-4.575820470E-1,5.095491761E0,5.284433503E0
4.204410533E1,2.342590764E0,2.647209942E-1,4.400166603E0,4.991920956E0
4.205406933E1,2.862866950E0,1.560079236E0,3.588049160E0,4.848087373E0
4.206403433E1,2.841464094E0,3.175514647E0,2.054658955E0,4.730690742E0
4.207399833E1,2.532473246E0,4.875833504E0,2.194822562E-1,5.498667616E0
4.208396333E1,1.840938107E0,5.699643624E0,-1.144597142E0,6.097958115E0
4.209392733E1,1.066237143E0,5.887462623E0,-1.592752308E0,6.191602191E0
4.210389233E1,7.416869996E-1,6.119378983E0,-1.698723736E0,6.393947221E0
4.211385633E1,5.179606882E-1,6.399506221E0,-1.865461768E0,6.685948755E0
4.212382133E1,-6.572336175E-1,5.953257247E0,-2.111612590E0,6.350758664E0
4.213378533E1,-2.930704884E0,3.586862760E0,-1.851234323E0,4.988154378E0
4.214375033E1,-4.748078274E0,8.196673679E-1,-1.598528991E-1,4.820959950E0
4.215371433E1,-4.859449021E0,-4.759627694E-1,1.158538073E0,5.018266215E0
4.216367933E1,-3.597013527E0,-4.053898001E-1,8.020011753E-1,3.707567003E0
4.217364333E1,-2.280699302E0,-5.853062868E-2,-6.781390214E-1,2.380102450E0
4.218360833E1,-8.360699773E-1,2.516320020E-1,-2.187216942E0,2.355047690E0
4.219357233E1,5.870477338E-1,3.344198048E-1,-3.090594950E0,3.163580059E0
4.220353733E1,1.258386005E0,7.535306811E-2,-3.715323749E0,3.923371507E0
4.221350133E1,1.470359413E0,-3.115425736E-1,-4.112138023E0,4.378206790E0
4.222346633E1,2.169500463E0,-6.940960729E-1,-3.705132052E0,4.349310882E0
4.223343033E1,3.475930554E0,-1.147768087E0,-3.246241983E0,4.892601743E0
4.224339533E1,4.851966631E0,-1.970426306E0,-3.394662443E0,6.240824714E0
4.225335933E1,6.323003590E0,-3.072739307E0,-3.708851466E0,7.948438869E0
4.226332433E1,7.220987980E0,-4.150102825E0,-3.562931861E0,9.058725313E0
4.227328833E1,7.176214680E0,-4.886984729E0,-3.353344848E0,9.307287389E0
4.228325333E1,6.136915952E0,-4.608721583E0,-3.048190357E0,8.257936575E0
4.229321733E1,4.263115470E0,-3.719657121E0,-2.905370361E0,6.360124176E0
4.230318233E1,1.920551456E0,-2.754263690E0,-2.738223608E0,4.332707571E0
4.231314633E1,-4.543184236E-2,-2.260185077E0,-2.866779322E0,3.650879937E0
4.232311033E1,-8.974781670E-1,-2.674280212E0,-3.083132733E0,4.178869364E0
4.233307533E1,-5.454880638E-1,-3.812799173E0,-2.411080225E0,4.544040340E0
4.234303933E1,-1.297304195E-1,-4.689469292E0,-1.519058241E0,4.931073936E0
4.235300433E1,2.196249282E-1,-4.865629528E0,-1.002410837E0,4.972666618E0
4.236296833E1,3.022352681E-1,-4.832581065E0,-1.329507735E0,5.021232590E0
4.237293333E1,4.856963369E-1,-4.677101262E0,-2.361691571E0,5.262011424E0
4.238289733E1,1.752888541E-1,-4.478233949E0,-3.963424033E0,5.982811676E0
4.239286233E1,-1.362394084E0,-4.130090144E0,-3.642449901E0,5.672847920E0
4.240282633E1,-2.232695124E0,-3.457949781E0,-9.991154927E-1,4.235631709E0
4.241279133E1,-2.668313713E0,-3.487413901E0,1.364742472E0,4.598312278E0
4.242275533E1,-3.112441317E0,-4.047147390E0,2.891141746E0,5.867315702E0
4.243272033E1,-3.984617851E0,-4.815395513E0,3.676514025E0,7.251342547E0
4.244268433E1,-4.770761085E0,-5.022402735E0,3.491805160E0,7.757408964E0
4.245264933E1,-5.182713507E0,-4.937559051E0,2.370803726E0,7.540604683E0
4.246261333E1,-5.425501011E0,-4.703086873E0,8.849946539E-1,7.234521608E0
4.247257833E1,-5.714790251E0,-4.348401788E0,-1.412970453E0,7.318736997E0
4.248254233E1,-5.751728282E0,-3.471212436E0,-2.877525627E0,7.308340971E0
4.249250733E1,-4.646151657E0,-1.837449512E0,-1.907029624E0,5.347869474E0
4.250247133E1,-3.078702005E0,7.609449506E-2,-2.373723972E-1,3.088776791E0
4.251243633E1,-1.892346535E0,1.478387786E0,9.247584978E-1,2.573282754E0
4.252240033E1,-9.433041117E-1,2.511534074E0,2.114571866E0,3.415997691E0
4.253236533E1,-2.137249049E-1,3.153154895E0,3.231021973E0,4.519686617E0
4.254232933E1,4.728219740E-1,3.482252564E0,3.859732142E0,5.219882733E0
4.255229433E1,1.300703182E0,3.448029980E0,4.052337964E0,5.477424804E0
4.256225833E1,1.635559920E0,3.192552849E0,3.829365797E0,5.247046059E0
4.257222333E1,1.425999511E0,2.939523947E0,3.412463998E0,4.724318595E0
4.258218733E1,1.349892299E0,2.691431850E0,2.655676126E0,4.014801403E0
4.259215233E1,1.357125597E0,2.697388993E0,2.253649352E0,3.767841911E0
4.260211633E1,1.044359566E0,3.125344368E0,2.980266761E0,4.443023102E0
4.261208133E1,6.841177263E-1,4.071633191E0,4.233752799E0,5.913617900E0
4.262204533E1,4.129013160E-1,5.222945275E0,4.930424863E0,7.194354326E0
4.263201033E1,-1.667496534E-1,6.362042525E0,5.187112368E0,8.210330399E0
4.264197433E1,-7.823057795E-1,7.403366144E0,5.228627014E0,9.097272836E0
4.265193933E1,-1.259566850E0,8.238390055E0,5.088438265E0,9.764721364E0
4.266190333E1,-1.633034361E0,8.762122237E0,4.832695670E0,1.013886260E1
4.267186833E1,-1.828627964E0,8.777192851E0,4.164530244E0,9.885661674E0
4.268183233E1,-1.863237487E0,8.016313974E0,2.302554002E0,8.546034085E0
4.269179633E1,-1.755469940E0,6.764087133E0,-5.779271007E-1,7.012028893E0
4.270176133E1,-8.704059239E-1,5.681065266E0,-3.468062541E0,6.712642312E0
4.271172533E1,6.911468835E-1,4.645596464E0,-6.690586463E0,8.174545721E0
4.272169033E1,4.760647156E0,1.828022631E0,-8.811037704E0,1.018036411E1
4.273165433E1,9.309101195E0,-5.967517437E0,-8.919971332E0,1.420691796E1
4.274161933E1,5.021696391E0,-1.750646192E1,-1.187984417E1,2.174452440E1
4.275158333E1,4.076380179E-1,-2.202650814E1,-8.397641897E0,2.357654807E1
4.276154833E1,-2.410071726E-1,-1.521763250E1,-3.637856328E0,1.564827218E1
4.277151233E1,1.737225458E0,-6.468241995E0,-3.348014818E0,7.487677211E0
4.278147733E1,2.128519668E0,9.736783504E-3,1.140131331E0,2.414661515E0
4.279144133E1,5.299517560E-1,3.311408617E0,6.413374062E0,7.237239996E0
4.280140633E1,-3.295942439E0,1.796609634E0,7.701045554E0,8.567213396E0
4.281137033E1,-6.580449479E0,-1.927863838E0,5.877353371E0,9.031182479E0
4.282133533E1,-7.781345367E0,-5.849953904E0,-1.063117361E0,9.792931886E0
4.283129933E1,-5.351520284E0,-7.563342456E0,-6.398891094E0,1.126004999E1
4.284126433E1,-2.641797613E-2,-3.587053964E0,-1.007157753E0,3.725858396E0
4.285122833E1,7.841863172E-1,3.411429334E-1,4.384046414E0,4.466675458E0
4.286119333E1,-1.861773052E0,1.643114376E0,7.496111171E0,7.896689587E0
4.287115733E1,-4.049510542E0,6.636373419E-1,7.262738854E0,8.341841872E0
4.288112233E1,-4.891900483E0,-1.210100575E0,5.295031503E0,7.309746395E0
4.289108633E1,-4.525867414E0,-2.213226088E0,3.920629723E0,6.383821974E0
4.290105133E1,-3.263996469E0,-2.225071378E0,3.375635895E0,5.196107513E0
4.291101533E1,-1.695030488E0,-1.567307564E0,3.704873021E0,4.365279539E0
4.292098033E1,-3.453182839E-1,-6.573802364E-1,4.540158302E0,4.600481594E0
4.293094433E1,7.216406979E-1,2.208282852E-1,5.440259968E0,5.492354591E0
4.294090854E1,1.206651595E0,7.416380292E-1,6.165839789E0,6.326422001E0
4.295087254E1,1.381837392E0,8.575649267E-1,5.852605616E0,6.074362903E0
4.296083754E1,1.507186493E0,9.172597361E-1,4.621188139E0,4.946549946E0
4.297080154E1,1.444854004E0,1.005979539E0,2.606317732E0,3.145232908E0
4.298076654E1,1.014964663E0,9.186285692E-1,3.279513225E-1,1.407687389E0
4.299073054E1,3.686751330E-1,1.243547818E0,-1.728149410E0,2.160748230E0
4.300069554E1,-1.260800028E-1,2.284975517E0,-3.452390249E0,4.141981134E0
4.301065954E1,-4.078242883E-1,3.536418246E0,-3.902717948E0,5.282403055E0
4.302062454E1,-3.902396643E-1,4.372738484E0,-2.745719154E0,5.178040413E0
4.303058854E1,2.682404333E-1,4.776973459E0,-1.023132931E0,4.892670984E0
4.304055354E1,8.010752687E-1,4.716105114E0,6.050722146E-1,4.821771605E0
4.305051754E1,3.650353874E-1,4.092429398E0,1.458440595E0,4.359848412E0
4.306048254E1,-4.747480103E-1,3.346666743E0,1.681459247E0,3.775297228E0
4.307044654E1,-1.001751271E0,2.690034950E0,1.802593675E0,3.389563039E0
4.308041054E1,-1.309529992E0,2.007556125E0,2.109641494E0,3.193076514E0
4.309037554E1,-1.533886926E0,1.452700968E0,2.181961026E0,3.037120861E0
4.310033954E1,-1.614723513E0,1.101802540E0,1.401761779E0,2.405459820E0
4.311030454E1,-1.665961787E0,9.293026614E-1,2.544813319E-1,1.924524060E0
4.312026854E1,-1.299636649E0,9.202809924E-1,-1.289804556E0,2.049284831E0
4.313023354E1,-2.642878617E-1,6.660516572E-1,-3.794433653E0,3.861502251E0
4.314019754E1,1.357400854E0,1.984252632E-1,-6.038876272E0,6.192732538E0
4.315016254E1,2.833898090E0,-3.700188231E-1,-6.755530318E0,7.335194761E0
4.316012654E1,3.395536602E0,-8.996455836E-1,-5.471636712E0,6.502141132E0
4.317009154E1,3.754014775E0,-8.578666431E-1,-2.903105149E0,4.822507814E0
4.318005554E1,4.608758128E0,-8.632472509E-1,-1.161137745E0,4.830537047E0
4.319002054E1,5.441369770E0,-1.472220143E0,-8.819817299E-1,5.705596278E0
4.319998454E1,5.833110999E0,-2.216539705E0,-1.167605789E0,6.348349035E0
4.320994954E1,5.942657415E0,-2.897753778E0,-1.210637349E0,6.721443066E0
4.321991354E1,5.622432311E0,-3.201980900E0,-8.715513204E-1,6.528708025E0
4.322987854E1,4.707358556E0,-3.224763406E0,-6.635003708E-1,5.744436991E0
4.323984254E1,3.469307998E0,-3.073015881E0,-9.434624250E-1,4.729656006E0
4.324980754E1,2.102591798E0,-3.096426963E0,-1.664557724E0,4.096279363E0
4.325977154E1,1.022050758E0,-3.556936126E0,-2.377660464E0,4.398823892E0
4.326973654E1,5.778104487E-1,-4.082865107E0,-2.404613204E0,4.773449178E0
4.327970054E1,6.964200488E-1,-4.364326095E0,-2.187576254E0,4.931311490E0
4.328966554E1,1.216763477E0,-4.361962066E0,-1.728814677E0,4.847270016E0
4.329962954E1,1.965575017E0,-4.652085704E0,-1.233018152E0,5.198626771E0
4.330959454E1,2.277924799E0,-5.005661572E0,-1.290537797E0,5.648989021E0
4.331955854E1,2.100651984E0,-5.140100169E0,-2.044695885E0,5.917275536E0
4.332952354E1,1.710261169E0,-4.962378727E0,-2.718019139E0,5.910822611E0
4.333948754E1,1.061399888E0,-4.044103330E0,-3.442623644E0,5.415994740E0
4.334945254E1,2.329540949E-1,-2.626740595E0,-3.556468349E0,4.427471160E0
4.335941654E1,-8.302369411E-1,-1.796902580E0,-2.199197448E0,2.958820994E0
4.336938154E1,-1.639131399E0,-1.464319385E0,3.544699073E-2,2.198235541E0
4.337934554E1,-2.118756426E0,-1.501395995E0,2.197495909E0,3.401809371E0
4.338931054E1,-2.837872442E0,-2.215863767E0,3.834594669E0,5.260008414E0
4.339927454E1,-4.049400322E0,-3.471184369E0,3.941615088E0,6.631975075E0
4.340923954E1,-4.964189025E0,-4.720992801E0,2.963817959E0,7.464259012E0
4.341920354E1,-5.523954674E0,-5.508113982E0,1.706755471E0,7.985387224E0
4.342916854E1,-5.710832271E0,-5.741870461E0,6.380547501E-1,8.123410336E0
4.343913254E1,-5.379874018E0,-5.025545028E0,-6.444928269E-1,7.390163617E0
4.344909654E1,-4.530033848E0,-3.751043220E0,-2.125048907E0,6.253588151E0
4.345906154E1,-3.110010337E0,-1.722028399E0,-1.514432655E0,3.864071993E0
4.346902554E1,-1.684352888E0,4.758686292E-1,-2.824313334E-1,1.772925001E0
4.347899054E1,-1.531014481E-1,2.208485166E0,1.060310990E0,2.454609170E0
4.348895454E1,9.487065004E-1,3.116424440E0,2.264369345E0,3.967305615E0
4.349891954E1,1.649640746E0,3.696754162E0,3.083790253E0,5.088916215E0
4.350888354E1,1.758330983E0,3.869468633E0,3.264993711E0,5.359542824E0
4.351884854E1,1.511276620E0,3.603064225E0,3.057693837E0,4.961403071E0
4.352881254E1,1.553123534E0,3.246469440E0,3.012404520E0,4.693222510E0
4.353877754E1,1.436440738E0,2.982804453E0,2.774069087E0,4.319252678E0
4.354874154E1,1.106922654E0,2.893449057E0,2.516072098E0,3.990982838E0
4.355870654E1,4.793692841E-1,2.997780926E0,2.597349857E0,3.995336240E0
4.356867054E1,-3.186990904E-1,3.601791871E0,3.113328047E0,4.771507657E0
4.357863554E1,-7.281382701E-1,4.761459042E0,3.886172959E0,6.189023979E0
4.358859954E1,-6.942730974E-1,5.964399701E0,4.412946278E0,7.451857069E0
4.359856454E1,-7.558666438E-1,6.929366285E0,4.817751356E0,8.473380649E0
4.360852854E1,-9.721912573E-1,7.551050439E0,4.963330069E0,9.088353204E0
4.361849354E1,-1.205738114E0,7.756878278E0,4.880461867E0,9.243477325E0
4.362845754E1,-1.390475484E0,7.509883118E0,4.509038835E0,8.869227572E0
4.363842254E1,-1.371560326E0,6.904267112E0,3.781444941E0,7.990582452E0
4.364838654E1,-1.038465354E0,6.301579977E0,2.950328432E0,7.035108979E0
4.365835154E1,-7.057801985E-1,5.887195989E0,2.159487838E0,6.310355777E0
4.366831554E1,-5.997041417E-1,5.314456539E0,1.001918648E0,5.441225444E0
4.367828054E1,-2.802128632E-1,4.571129833E0,-1.242744703E0,4.745330505E0
4.368824454E1,-3.487635364E-1,3.390561790E0,-3.911927312E0,5.188518146E0
4.369820954E1,-5.978784583E-1,8.453021461E-1,-7.575678327E0,7.646103353E0
4.370817354E1,2.400630666E0,-4.769451016E0,-1.097500860E1,1.220497867E1
4.371813854E1,6.997977514E0,-1.317613446E1,-1.309679125E1,1.985215731E1
4.372810254E1,6.419600762E0,-1.911732540E1,-9.746298094E0,2.239807426E1
4.373806754E1,4.629137429E0,-1.749845708E1,-5.277928398E0,1.885421549E1
4.374803154E1,5.165218638E0,-1.106607782E1,-2.543163710E0,1.247418308E1
4.375799654E1,4.972618956E0,-4.676872635E0,-1.580951457E0,7.007102428E0
4.376796054E1,3.917785930E0,9.234577847E-1,1.073510202E0,4.165842655E0
4.377792554E1,2.400036004E0,4.207402614E0,4.987141685E0,6.952265226E0
4.378788954E1,-2.007270744E-1,3.428359362E0,6.784120864E0,7.603830296E0
4.379785454E1,-2.922872247E0,1.492028171E-1,7.409285281E0,7.966363789E0
4.380781854E1,-4.870398517E0,-3.441056006E0,5.232589087E0,7.933576539E0
4.381778354E1,-6.193507059E0,-7.653140486E0,-6.113120708E-1,9.864268419E0
4.382774754E1,-7.041553304E0,-1.014485133E1,-3.735388470E0,1.290172889E1
4.383771154E1,-7.389438661E0,-6.783823825E0,-3.698503064E0,1.069125785E1
4.384767654E1,-8.459208984E0,-1.063245415E0,-4.016996223E-1,8.535225248E0
4.385764154E1,-1.071710780E1,2.067550896E0,5.164654967E0,1.207496697E1
4.386760554E1,-1.124599079E1,3.763380845E0,7.549618456E0,1.405816785E1
4.387756954E1,-8.629756477E0,4.223446789E0,4.347645743E0,1.054572061E1
4.388753454E1,-6.280995439E0,3.080237777E0,1.873922397E0,7.242261636E0
4.389749854E1,-4.386802207E0,2.034895366E0,1.962596007E0,5.218871127E0
4.390746354E1,-2.793196791E0,1.180027760E0,3.203044216E0,4.410658236E0
4.391742754E1,-1.305896825E0,2.615447867E-1,3.934706018E0,4.153996105E0
4.392739254E1,1.151572578E-2,-1.022675679E0,3.987185948E0,4.116266505E0
4.393735642E1,3.577326536E-1,-2.036105155E0,4.449471495E0,4.906270828E0
4.394732142E1,7.182952134E-1,-2.169541540E0,4.539823841E0,5.082603566E0
4.395728542E1,1.562279397E0,-1.739138521E0,4.053086115E0,4.678977107E0
4.396725042E1,2.471636767E0,-1.018641100E0,3.128844219E0,4.115371690E0
4.397721442E1,3.432656481E0,-1.766590029E-1,2.160251484E0,4.059682918E0
4.398717942E1,4.337834700E0,5.915604687E-1,1.123893321E0,4.519943569E0
4.399714342E1,4.698581593E0,1.529018242E0,3.362039365E-2,4.941224150E0
4.400710842E1,4.562075128E0,2.804449757E0,-8.371165558E-1,5.420169005E0
4.401707242E1,4.582637154E0,3.997617381E0,-1.358669554E0,6.231170914E0
4.402703742E1,4.437203744E0,4.882539091E0,-1.378959392E0,6.740140506E0
4.403700142E1,3.948264249E0,5.424771279E0,-1.195982473E0,6.815226194E0
4.404696642E1,3.128140506E0,5.664384329E0,-8.811894321E-1,6.530467645E0
4.405693042E1,2.160177224E0,5.512343273E0,-6.839605093E-2,5.920892840E0
4.406689542E1,4.254638761E-1,4.444489667E0,1.081720278E0,4.593977217E0
4.407685942E1,-1.550149202E0,2.889670587E0,1.831770696E0,3.756133987E0
4.408682442E1,-2.739757333E0,1.526862373E0,1.724895288E0,3.579503137E0
4.409678842E1,-3.359787894E0,4.510466141E-1,8.409570801E-1,3.492681857E0
4.410675342E1,-3.976084424E0,-2.914994878E-1,-3.746029671E-1,4.004316007E0
4.411671742E1,-4.314065183E0,-5.983572721E-1,-1.366068621E0,4.564573727E0
4.412668242E1,-3.636839497E0,-5.727242482E-1,-2.545331565E0,4.475860517E0
4.413664642E1,-1.816791007E0,-3.314663762E-1,-3.983916770E0,4.391149320E0
4.414661142E1,-1.615125217E-1,-4.333780825E-2,-4.944449410E0,4.947276466E0
4.415657542E1,1.006610746E0,2.704272920E-1,-4.865164089E0,4.975562052E0
4.416654042E1,1.822047361E0,4.048647201E-1,-3.687644200E0,4.133097116E0
4.417650442E1,2.620613297E0,2.412327290E-2,-2.353839930E0,3.522606763E0
4.418646942E1,3.702399356E0,-9.523763591E-1,-1.863324026E0,4.252852942E0
4.419643342E1,4.745099410E0,-2.448600492E0,-2.090540394E0,5.734280418E0
4.420639842E1,5.396335684E0,-4.043082991E0,-2.132895285E0,7.072213316E0
4.421636242E1,5.304367168E0,-5.327556641E0,-2.187588533E0,7.829732716E0
4.422632742E1,4.664810999E0,-5.801622573E0,-2.620051087E0,7.892018363E0
4.423629142E1,3.769393829E0,-5.310200935E0,-2.775947797E0,7.079014761E0
4.424625642E1,2.772203532E0,-4.351176292E0,-2.408518998E0,5.693751954E0
4.425622042E1,2.034528746E0,-3.533212218E0,-2.055770219E0,4.566080046E0
4.426618442E1,1.400167828E0,-3.448083190E0,-1.972064111E0,4.211743640E0
4.427614942E1,1.396188506E0,-3.669804929E0,-1.853909424E0,4.342095199E0
4.428611342E1,1.713545843E0,-3.757909021E0,-1.459556974E0,4.380459579E0
4.429607842E1,1.778399066E0,-4.028573710E0,-8.297427052E-1,4.481136277E0
4.430604242E1,1.643733158E0,-4.422118805E0,-5.365301295E-1,4.748142584E0
4.431600742E1,1.320983811E0,-4.995836495E0,-1.045309227E0,5.272196117E0
4.432597142E1,5.928123575E-1,-5.528776873E0,-2.152825666E0,5.962672098E0
4.433593642E1,-5.639448000E-1,-5.683598864E0,-3.622986858E0,6.763679735E0
4.434590042E1,-1.809935731E0,-5.078723116E0,-4.460060218E0,6.997244671E0
4.435586542E1,-2.811672238E0,-3.861027008E0,-3.450084107E0,5.892037905E0
4.436582942E1,-3.589898927E0,-2.719817743E0,-1.126734483E0,4.642662324E0
4.437579442E1,-4.191734415E0,-1.933833845E0,9.788005114E-1,4.718940685E0
4.438575842E1,-4.103095304E0,-1.693904461E0,2.550333273E0,5.119463175E0
4.439572342E1,-4.351804575E0,-1.754926003E0,2.948313482E0,5.541707383E0
4.440568742E1,-4.961561286E0,-1.866107301E0,2.908296307E0,6.046290951E0
4.441565242E1,-5.301286855E0,-2.237093838E0,2.172601973E0,6.150482135E0
4.442561642E1,-5.609904066E0,-2.546870552E0,1.277596740E0,6.292044713E0
4.443558142E1,-5.648865234E0,-2.538718949E0,2.557151127E-1,6.198399999E0
4.444554542E1,-4.755747774E0,-2.223690265E0,-1.192357199E0,5.383646624E0
4.445551042E1,-2.927679242E0,-8.665696388E-1,-2.074156204E0,3.691120784E0
4.446547442E1,-1.116704242E0,6.660083878E-1,-1.357770106E0,1.879929573E0
4.447543942E1,2.994753823E-1,1.725618004E0,2.791975307E-1,1.773525941E0
4.448540342E1,1.213526751E0,2.327252056E0,1.711095275E0,3.133144801E0
4.449536842E1,2.229433693E0,2.822455673E0,2.902694382E0,4.621933069E0
4.450533242E1,2.704265611E0,2.890639470E0,3.244074713E0,5.117897008E0
4.451529742E1,3.180476595E0,2.660796533E0,3.166456433E0,5.217443426E0
4.452526142E1,2.979849855E0,2.563633935E0,2.882685795E0,4.874587316E0
4.453522642E1,2.701929356E0,2.620351342E0,2.524136870E0,4.531879339E0
4.454519042E1,2.579372301E0,2.680142630E0,2.008270655E0,4.227230418E0
4.455515542E1,2.193609557E0,3.042111007E0,1.811142596E0,4.164924942E0
4.456511942E1,1.530513375E0,3.860883751E0,2.323241743E0,4.758817787E0
4.457508442E1,5.315483383E-1,5.277117389E0,3.626750711E0,6.425249590E0
4.458504842E1,-1.406631962E-1,6.627783859E0,4.950998876E0,8.274037399E0
4.459501342E1,3.571192076E-1,7.577252982E0,4.612609981E0,8.877976556E0
4.460497742E1,4.247576787E-1,8.010805312E0,4.551167439E0,9.223152709E0
4.461494242E1,-2.832722909E-1,8.031427272E0,4.553195254E0,9.236647348E0
4.462490642E1,-8.311223558E-1,8.030300514E0,4.206800936E0,9.103497395E0
4.463487142E1,-9.410462093E-1,7.843949751E0,3.397854730E0,8.599914676E0
4.464483542E1,-9.962245562E-1,7.145530831E0,2.301292757E0,7.572781694E0
4.465480042E1,-8.087652344E-1,6.276780181E0,5.529179746E-1,6.352778048E0
4.466476442E1,-1.145335426E-1,5.555196932E0,-1.333734395E0,5.714208460E0
4.467472942E1,6.335057625E-1,4.676513616E0,-2.917908253E0,5.548450029E0
4.468469342E1,1.493840223E0,2.588069449E0,-5.809368964E0,6.532873017E0
4.469465742E1,6.081608309E0,-2.425336175E0,-1.064327267E1,1.249589806E1
4.470462242E1,8.230383462E0,-1.264632527E1,-1.312959296E1,2.000137411E1
4.471458642E1,2.946935001E0,-2.178650333E1,-1.018275298E1,2.422859078E1
4.472455142E1,-5.321908376E-1,-2.018842888E1,-4.059407247E0,2.059938531E1
4.473451542E1,1.613393564E0,-1.152689220E1,-2.608149080E0,1.192789689E1
4.474448042E1,1.650887665E0,-4.166766804E0,-3.451863707E0,5.657096317E0
4.475444442E1,2.438074773E-1,9.477289921E-1,1.921248883E-2,9.787754841E-1
4.476440942E1,-1.777814344E0,1.774394308E0,5.251459222E0,5.821247543E0
4.477437342E1,-4.372049390E0,-1.371305972E0,7.019143850E0,8.382343128E0
4.478433842E1,-6.967957909E0,-4.651140209E0,5.550105761E0,1.004933911E1
4.479430242E1,-7.806624634E0,-6.722179554E0,2.602660883E0,1.062567315E1
4.480426742E1,-5.054306898E0,-6.063981877E0,1.024036618E0,7.960310636E0
4.481423142E1,-2.646181417E0,-2.725455628E0,2.281604013E-1,3.805580329E0
4.482419642E1,-4.269281943E0,9.569447887E-1,2.945132596E0,5.274117713E0
4.483416042E1,-6.098322574E0,2.781538612E0,6.649668818E0,9.441641312E0
4.484412542E1,-6.472092386E0,2.661329214E0,7.893461634E0,1.054880987E1
4.485408942E1,-7.274066080E0,5.196519953E-1,6.051483454E0,9.476419552E0
4.486405442E1,-6.915469208E0,-1.174636627E0,4.317276474E0,8.236647481E0
4.487401842E1,-5.473896661E0,-2.008118042E0,3.483754421E0,6.792100381E0
4.488398342E1,-3.247214375E0,-2.023261161E0,3.573747163E0,5.235423165E0
4.489394742E1,-1.090522311E0,-1.779055708E0,3.778649387E0,4.316534410E0
4.490391242E1,1.553032903E-1,-1.432727464E0,4.117714220E0,4.362613608E0
4.491387642E1,6.150400362E-1,-8.916056621E-1,4.663949704E0,4.788074952E0
4.492384142E1,1.113616108E0,-1.319266337E-1,4.655453992E0,4.788611213E0
4.493380542E1,1.496189634E0,5.090679502E-1,4.031926211E0,4.330607644E0
4.494377092E1,1.655909546E0,8.380784959E-1,3.052841817E0,3.572709777E0
4.495373492E1,2.324059476E0,1.407815402E0,2.086144019E0,3.425666873E0
4.496369992E1,3.380732913E0,2.472867606E0,5.835379426E-1,4.229059678E0
4.497366392E1,3.974006616E0,3.699966622E0,-1.466981184E0,5.624456897E0
4.498362892E1,3.407678930E0,4.873063678E0,-2.502800088E0,6.451591553E0
4.499359292E1,2.142842276E0,5.525724041E0,-1.736637082E0,6.175864924E0
4.500355792E1,1.189105124E0,5.247677243E0,-1.075998777E0,5.487245284E0
4.501352192E1,5.766503611E-1,4.336703848E0,-1.413697701E0,4.597615370E0
4.502348692E1,-5.237900698E-1,3.308017817E0,-1.019522860E0,3.500966263E0
4.503345092E1,-1.760756262E0,2.781694148E0,4.359379935E-1,3.320862370E0
4.504341592E1,-3.029528384E0,2.055438389E0,1.165240152E0,3.841959632E0
4.505337992E1,-3.888573241E0,1.146543095E0,1.206761230E0,4.229874181E0
4.506334492E1,-4.156123410E0,6.049885994E-1,1.166431814E0,4.358891623E0
4.507330892E1,-3.689842753E0,5.076891768E-1,3.051977599E-1,3.737088909E0
4.508327392E1,-2.639844790E0,7.676271486E-1,-1.164877040E0,2.985794780E0
4.509323792E1,-1.204998733E0,8.882633936E-1,-2.098074532E0,2.577392198E0
4.510320292E1,1.536882162E-2,4.447269434E-1,-2.430319172E0,2.470722472E0
4.511316692E1,1.146069471E0,-4.426283777E-2,-2.642804065E0,2.880945636E0
4.512313192E1,2.235488923E0,-2.894880456E-1,-2.562696626E0,3.413008651E0
4.513309592E1,3.118620654E0,-2.951586753E-1,-2.394971584E0,3.943196967E0
4.514306092E1,3.711139482E0,-1.803339779E-1,-2.170302263E0,4.302939519E0
4.515302492E1,4.255642143E0,-5.702578926E-1,-2.141517590E0,4.798101886E0
4.516298992E1,5.134223717E0,-1.522929536E0,-2.076391302E0,5.743776492E0
4.517295392E1,6.170180762E0,-2.431285717E0,-2.238028223E0,6.999360771E0
4.518291792E1,6.691117390E0,-3.080907868E0,-2.501841729E0,7.779605212E0
4.519288292E1,6.819014708E0,-3.283199894E0,-2.489835057E0,7.967285720E0
4.520284692E1,6.687245949E0,-3.115321071E0,-2.232733569E0,7.707761215E0
4.521281192E1,6.297584574E0,-3.074137377E0,-1.872387649E0,7.253669939E0
4.522277592E1,6.032757745E0,-3.253015983E0,-1.486680892E0,7.013308711E0
4.523274092E1,5.907300471E0,-3.611444455E0,-1.315238190E0,7.047594015E0
4.524270492E1,5.724077969E0,-4.010770692E0,-1.512759035E0,7.151208991E0
4.525266992E1,5.240878100E0,-4.192984550E0,-2.134092211E0,7.042888063E0
4.526263392E1,4.187672355E0,-4.353937347E0,-2.636493165E0,6.591241642E0
4.527259892E1,2.867246222E0,-4.440079113E0,-2.529109635E0,5.859334345E0
4.528256292E1,1.644059286E0,-4.713948076E0,-2.521151574E0,5.592892155E0
4.529252792E1,5.555812351E-1,-5.308292989E0,-2.623961413E0,5.947421160E0
4.530249192E1,-6.014384624E-1,-5.583638374E0,-2.500426703E0,6.147428683E0
4.531245692E1,-1.545597876E0,-5.284256254E0,-2.160703474E0,5.914463328E0
4.532242092E1,-2.275311678E0,-4.892438427E0,-1.712152451E0,5.660782897E0
4.533238592E1,-2.789860954E0,-4.573991461E0,-8.129202658E-1,5.419000036E0
4.534234992E1,-3.424386179E0,-4.111859111E0,4.392990096E-1,5.369058546E0
4.535231492E1,-4.004945988E0,-3.564591300E0,1.484249035E0,5.563173439E0
4.536227892E1,-4.478288913E0,-3.277364958E0,2.411081833E0,6.050579167E0
4.537224392E1,-5.124239012E0,-3.432467031E0,2.570820748E0,6.681973862E0
4.538220792E1,-5.927424833E0,-3.875108857E0,1.866883811E0,7.323666361E0
4.539217292E1,-6.431034992E0,-4.457759339E0,8.908652584E-1,7.875498099E0
4.540213692E1,-6.912660790E0,-4.857475585E0,5.802893758E-2,8.448864753E0
4.541210192E1,-7.129367958E0,-4.512906768E0,-2.618465030E-1,8.441728411E0
4.542206592E1,-6.341307129E0,-3.050769564E0,-7.141319959E-1,7.073143258E0
4.543203092E1,-4.900487996E0,-1.100414411E0,-1.020814949E0,5.125208058E0
4.544199492E1,-3.658804855E0,6.854509646E-1,-2.623785996E-1,3.731693787E0
4.545195992E1,-2.424830098E0,2.226794552E0,1.169670441E0,3.493786474E0
4.546192392E1,-5.974306346E-1,3.735531726E0,2.643601333E0,4.615165073E0
4.547188892E1,1.066933766E0,4.897890955E0,3.156850043E0,5.923967054E0
4.548185292E1,3.641585682E0,5.489146784E0,3.338170446E0,7.384799295E0
4.549181792E1,4.897488374E0,5.069893236E0,2.594687328E0,7.511432096E0
4.550178192E1,5.041403262E0,4.287798906E0,1.916416744E0,6.890110264E0
4.551174692E1,4.043768284E0,3.175574289E0,1.433862408E0,5.337817476E0
4.552171092E1,1.707116829E0,2.342482883E0,1.580622551E0,3.301490811E0
4.553167592E1,7.729496498E-2,2.286522106E0,2.090798549E0,3.099289664E0
4.554163992E1,-3.200901430E-1,2.693607599E0,2.802965149E0,3.900588830E0
4.555160492E1,-1.397087661E-1,3.514812784E0,3.730591999E0,5.127450059E0
4.556156892E1,-1.797715123E-1,4.532425944E0,4.557437409E0,6.430041871E0
4.557153392E1,-5.165955095E-1,5.470356172E0,5.255699038E0,7.603554428E0
4.558149792E1,-1.045940434E0,6.261510762E0,5.681413175E0,8.519328851E0
4.559146292E1,-1.473054248E0,7.061393491E0,5.454170494E0,9.043292688E0
4.560142692E1,-1.747865929E0,7.849798136E0,4.779034895E0,9.354867215E0
4.561139192E1,-1.867184358E0,8.297790164E0,3.905206523E0,9.358970938E0
4.562135592E1,-1.979269050E0,8.105713223E0,2.915843893E0,8.838678546E0
4.563132092E1,-2.165108474E0,7.420931180E0,1.556166864E0,7.885402310E0
4.564128492E1,-2.142269980E0,6.472315165E0,-5.642487091E-1,6.840947367E0
4.565124892E1,-1.627316369E0,5.638874681E0,-2.668366923E0,6.447111622E0
4.566121392E1,-8.642534105E-1,4.929520884E0,-4.556872860E0,6.768471050E0
4.567117792E1,5.088841650E-1,2.316297882E0,-7.625231141E0,7.985508683E0
4.568114292E1,6.342679471E0,-4.600630206E0,-1.082615019E1,1.336416511E1
4.569110692E1,8.863436943E0,-1.386431666E1,-1.091973487E1,1.974893416E1
4.570107192E1,5.121124785E0,-2.092740000E1,-7.847182091E0,2.292946263E1
4.571103592E1,2.609448331E0,-1.957468642E1,-4.117045591E0,2.017244738E1
4.572100092E1,3.584842840E0,-1.242294292E1,-2.434974433E0,1.315711630E1
4.573096492E1,3.789574032E0,-4.720734354E0,-1.803480990E0,6.316545565E0
4.574092992E1,3.435166398E0,1.563011615E0,-6.694915742E-1,3.832961317E0
4.575089392E1,2.274676963E0,5.911953101E0,4.018944807E0,7.501817254E0
4.576085892E1,-7.796445290E-2,7.652945774E0,5.916446101E0,9.673571829E0
4.577082292E1,-3.380870908E0,5.498560801E0,6.542243772E0,9.190506653E0
4.578078792E1,-5.753589451E0,1.331588759E0,6.584919090E0,8.845229201E0
4.579075192E1,-7.972099668E0,-3.361469554E0,3.379456174E0,9.288410774E0
4.580071692E1,-9.823711721E0,-8.188284094E0,-1.946795368E-1,1.279027789E1
4.581068092E1,-7.269235110E0,-9.755544296E0,-1.164604560E-1,1.216659306E1
4.582064592E1,-4.716859404E0,-9.218886843E0,-1.622995861E0,1.048192505E1
4.583060992E1,-6.685559027E0,-4.327851748E0,-1.507805420E0,8.105583104E0
4.584057492E1,-8.172731085E0,-3.865681976E-1,1.845092992E0,8.387331907E0
4.585053892E1,-7.451789861E0,1.515312368E0,5.739723948E0,9.527317288E0
4.586050392E1,-5.442852039E0,1.945113709E0,6.244059162E0,8.508606259E0
4.587046792E1,-3.025232434E0,1.269845086E0,5.237812990E0,6.180551977E0
4.588043292E1,-8.287972835E-1,6.923185194E-1,4.048277657E0,4.189840314E0
4.589039692E1,3.789652458E-1,7.841408551E-2,3.166137760E0,3.189700886E0
4.590036192E1,6.946523624E-1,-4.150634336E-1,3.410166627E0,3.504861764E0
4.591032592E1,3.163799751E-1,-3.669624835E-1,4.348616381E0,4.375525360E0
4.592029092E1,2.710777216E-1,1.188528442E-1,4.623900370E0,4.633364195E0
4.593025492E1,3.974568826E-1,3.290199012E-1,4.050735826E0,4.083465049E0
4.594021967E1,8.613336034E-1,4.559302086E-1,3.475872374E0,3.609910898E0
4.595018367E1,1.583755635E0,5.863722342E-1,2.651851462E0,3.143951413E0
4.596014867E1,2.482144214E0,1.066556693E0,2.193309595E0,3.479826153E0
4.597011267E1,2.934552644E0,1.921371675E0,1.988882457E0,4.032235331E0
4.598007767E1,2.727739550E0,2.842082437E0,1.341694064E0,4.161506770E0
4.599004167E1,2.093144159E0,3.603502182E0,1.619773022E-1,4.170457660E0
4.600000667E1,1.650875239E0,4.196301675E0,-1.174219282E0,4.659734727E0
4.600997067E1,1.282161661E0,4.486297844E0,-2.243147460E0,5.177114775E0
4.601993567E1,3.473199320E-1,4.162232289E0,-2.565772262E0,4.901835989E0
4.602989967E1,-7.286475626E-1,3.423454133E0,-1.488862488E0,3.803639964E0
4.603986467E1,-1.712085793E0,2.436109085E0,2.392505229E-1,2.987156851E0
4.604982867E1,-2.106538084E0,1.496372067E0,1.441138684E0,2.958633598E0
4.605979367E1,-2.223319552E0,5.534032935E-1,1.817756674E0,2.924661410E0
4.606975767E1,-2.317893149E0,-1.012153029E-1,1.666457046E0,2.856563017E0
4.607972267E1,-2.100859560E0,-4.181577802E-2,1.099515109E0,2.371559176E0
4.608968667E1,-1.408474090E0,4.951281881E-1,-1.677437897E-1,1.502361197E0
4.609965167E1,-4.304122286E-1,9.601402920E-1,-1.714775512E0,2.011859618E0
4.610961567E1,7.631899890E-1,1.036207305E0,-3.367510312E0,3.605039562E0
4.611958067E1,1.501560009E0,3.712952703E-1,-5.171621924E0,5.397982583E0
4.612954467E1,1.963549688E0,-2.571669763E-1,-5.836050394E0,6.162884587E0
4.613950967E1,2.157887016E0,-2.277472955E-1,-4.509363940E0,5.004269013E0
4.614947367E1,2.632714110E0,5.920773625E-2,-2.281016221E0,3.483923671E0
4.615943867E1,3.713203549E0,-2.890746474E-1,-1.262975046E0,3.932753579E0
4.616940267E1,4.898831187E0,-1.326362518E0,-1.038753183E0,5.180423989E0
4.617936767E1,6.241784595E0,-2.418577378E0,-7.832597528E-1,6.739650385E0
4.618933167E1,6.926383621E0,-3.052213826E0,-7.520531628E-1,7.606338361E0
4.619929667E1,7.169431910E0,-2.979689641E0,-1.019795998E0,7.830663327E0
4.620926067E1,7.326926664E0,-2.631240612E0,-1.776007555E0,7.985078855E0
4.621922467E1,7.438129011E0,-2.610989950E0,-2.550284742E0,8.285347546E0
4.622918967E1,7.576459515E0,-2.877936979E0,-2.806851794E0,8.576927016E0
4.623915367E1,7.239085112E0,-3.646823033E0,-2.694351949E0,8.541850146E0
4.624911867E1,5.969060517E0,-4.623284658E0,-2.564352558E0,7.973728646E0
4.625908267E1,4.577318527E0,-5.165507491E0,-2.166356562E0,7.233768954E0
4.626904767E1,2.906345091E0,-5.427411296E0,-1.146043158E0,6.262351802E0
4.627901167E1,9.147069879E-1,-5.702046829E0,-5.315306870E-1,5.799357877E0
4.628897667E1,-3.556697559E-1,-5.999909257E0,-9.673942016E-1,6.087796285E0
4.629894067E1,-1.374669875E0,-6.037783427E0,-1.587226689E0,6.392482659E0
4.630890567E1,-2.281406815E0,-5.499822630E0,-1.980823240E0,6.275071851E0
4.631886967E1,-2.724570944E0,-4.357771951E0,-2.900224811E0,5.901251322E0
4.632883467E1,-2.363663399E0,-3.288047821E0,-3.542913333E0,5.380557408E0
4.633879867E1,-1.995767846E0,-2.745233835E0,-2.091980563E0,3.986951314E0
4.634876367E1,-2.309091627E0,-2.510886787E0,2.927010906E-1,3.423759707E0
4.635872767E1,-3.000736694E0,-2.648975801E0,2.191242896E0,4.563226811E0
4.636869267E1,-3.966311388E0,-3.143806366E0,3.310203506E0,6.047527738E0
4.637865667E1,-5.020770192E0,-3.600018995E0,3.487247840E0,7.094305293E0
4.638862167E1,-6.535828207E0,-4.013601914E0,2.905544608E0,8.201721779E0
4.639858567E1,-8.108243313E0,-4.287194304E0,1.476936507E0,9.290047690E0
4.640855067E1,-8.567622210E0,-4.143663286E0,-8.359072785E-1,9.553681842E0
4.641851467E1,-7.325261377E0,-2.789941646E0,-2.355704900E0,8.184899156E0
4.642847967E1,-5.705063993E0,-9.450117910E-1,-2.282331991E0,6.216899691E0
4.643844367E1,-4.832950316E0,3.301542610E-1,-1.531744652E0,5.080615344E0
4.644840867E1,-3.668823474E0,1.456285896E0,2.197746170E-1,3.953395399E0
4.645837267E1,-2.090538201E0,2.542685700E0,1.929470945E0,3.815554831E0
4.646833767E1,-4.854153417E-1,3.593174829E0,2.759076533E0,4.556208591E0
4.647830167E1,1.810254258E0,4.550851690E0,3.410815084E0,5.968327330E0
4.648826667E1,4.396456545E0,4.636057901E0,3.593315163E0,7.330332658E0
4.649823067E1,5.458364117E0,3.845123166E0,2.685232047E0,7.196470117E0
4.650819567E1,5.253302849E0,2.683814682E0,1.740249492E0,6.150489441E0
4.651815967E1,4.110123072E0,1.556474428E0,1.438486971E0,4.624388509E0
4.652812467E1,2.664270363E0,8.978411329E-1,1.562285683E0,3.216394227E0
4.653808867E1,1.299871269E0,9.501397991E-1,2.002085762E0,2.569197998E0
4.654805367E1,5.297507580E-1,1.797088521E0,2.930846679E0,3.478509059E0
4.655801767E1,2.403690221E-1,3.340368707E0,3.905136941E0,5.144505310E0
4.656798267E1,-1.414220734E-1,4.754511965E0,4.558901551E0,6.588548215E0
4.657794667E1,-4.856908917E-1,5.752587238E0,4.997663165E0,7.635757506E0
4.658791167E1,-8.698160861E-1,6.491122735E0,5.249486371E0,8.393352223E0
4.659787567E1,-1.387470599E0,7.181137451E0,5.112935175E0,8.923895778E0
4.660784067E1,-1.813223474E0,7.972162818E0,4.661604386E0,9.411360944E0
4.661780467E1,-2.466765744E0,8.381675490E0,4.083669099E0,9.644364705E0
4.662776967E1,-3.213061958E0,7.932327492E0,3.502767812E0,9.247430396E0
4.663773367E1,-3.515922878E0,6.834082983E0,2.537656510E0,8.093584154E0
4.664769867E1,-3.107573510E0,5.680439029E0,4.130253866E-1,6.488065247E0
4.665766267E1,-2.148316732E0,4.756942068E0,-2.516393110E0,5.794479865E0
4.666762767E1,-1.089415506E0,3.757228405E0,-6.035955003E0,7.192798081E0
4.667759167E1,-2.464966848E-3,1.016214505E0,-9.210033574E0,9.265927716E0
4.668755667E1,4.422665812E0,-5.071539811E0,-1.064503853E1,1.259354335E1
4.669752067E1,5.975642728E0,-1.198775103E1,-1.063784178E1,1.710491621E1
4.670748567E1,4.051386914E0,-1.660821967E1,-7.160085136E0,1.853411761E1
4.671744967E1,4.131692574E0,-1.593687979E1,-3.235584848E0,1.677867785E1
4.672741367E1,5.836997643E0,-1.020886431E1,-2.575400872E0,1.203844432E1
4.673737867E1,4.545228130E0,-3.815005912E0,-2.861522090E0,6.587994956E0
4.674734267E1,2.841678687E0,1.859250855E-1,-1.782007967E0,3.359353851E0
4.675730767E1,8.227475350E-1,6.299053395E-1,2.331729854E0,2.551599176E0
4.676727167E1,-1.254583707E0,-1.875431271E0,5.788267533E0,6.212508652E0
4.677723667E1,-2.892013858E0,-4.713286171E0,6.527897043E0,8.555246957E0
4.678720067E1,-4.667377927E0,-6.834591106E0,4.505758255E0,9.423264283E0
4.679716567E1,-4.527938206E0,-8.436184988E0,1.895252455E0,9.760298326E0
4.680712967E1,-2.175177671E0,-6.396392578E0,-1.009125634E0,6.831073888E0
4.681709467E1,-3.181287896E0,-1.488256132E0,-3.581989983E0,5.016587608E0
4.682705867E1,-7.076759974E0,2.613658619E0,-3.406524689E0,8.277448493E0
4.683702367E1,-9.840819504E0,5.132443240E0,1.134457485E0,1.115664358E1
4.684698767E1,-9.981409957E0,6.373404835E0,8.207921968E0,1.440898390E1
4.685695267E1,-9.483491478E0,5.402065371E0,9.061978565E0,1.418585128E1
4.686691667E1,-8.865971126E0,2.727760600E0,5.510407845E0,1.078937980E1
4.687688167E1,-7.603246779E0,7.751642096E-1,3.777767627E0,8.525360367E0
4.688684567E1,-5.842819131E0,-4.469553173E-2,3.648530128E0,6.888563361E0
4.689681067E1,-4.270032434E0,-2.578247881E-1,4.314553134E0,6.075773148E0
4.690677467E1,-2.866438722E0,-4.377079457E-1,4.615444711E0,5.450723720E0
4.691673967E1,-1.804199028E0,-1.146558883E0,4.079109148E0,4.605308116E0
4.692670367E1,-8.205795336E-1,-2.108885449E0,3.370470173E0,4.059657349E0
4.693666908E1,4.875504890E-1,-2.764346044E0,2.944077174E0,4.067788704E0
4.694663308E1,2.217958825E0,-3.075745946E0,2.625107175E0,4.612021482E0
4.695659808E1,4.328078620E0,-2.814794067E0,2.197355576E0,5.611033925E0
4.696656208E1,6.427279910E0,-1.613388886E0,1.763901625E0,6.857426608E0
4.697652708E1,7.462347593E0,3.045990050E-2,1.268614393E0,7.569474347E0
4.698649108E1,6.869639316E0,1.519225325E0,7.074652930E-1,7.071102959E0
4.699645608E1,5.583353614E0,2.583742509E0,2.069914341E-3,6.152200194E0
4.700642008E1,4.712817809E0,3.270513191E0,-5.000435038E-1,5.758207337E0
4.701638508E1,4.102814053E0,3.799390923E0,-7.087959000E-1,5.636563329E0
4.702634908E1,3.404203929E0,4.208240520E0,-9.407783338E-1,5.493901759E0
4.703631408E1,2.528743014E0,4.236532273E0,-1.238418056E0,5.086887675E0
4.704627808E1,1.141972619E0,3.545556859E0,-1.282761000E0,3.939613013E0
4.705624308E1,-5.566188236E-1,2.553855051E0,-6.041963017E-1,2.682732433E0
4.706620708E1,-2.058805216E0,1.486680307E0,2.964584748E-1,2.556713688E0
4.707617208E1,-2.777040057E0,8.550845379E-1,1.296374488E0,3.181777468E0
4.708613608E1,-3.097706333E0,6.742950618E-1,1.677051616E0,3.586496965E0
4.709610108E1,-3.156209188E0,8.577958918E-1,5.529431176E-1,3.317109633E0
4.710606508E1,-3.000812708E0,1.259175087E0,-1.439061168E0,3.558271469E0
4.711603008E1,-2.156105223E0,1.378959392E0,-3.250226861E0,4.136942517E0
4.712599408E1,-4.787480906E-1,1.114292192E0,-4.327600318E0,4.494326572E0
4.713595908E1,1.184854344E0,6.608160603E-1,-4.524840351E0,4.723847784E0
4.714592308E1,2.569420339E0,3.099965698E-1,-4.120662094E0,4.865991661E0
4.715588808E1,3.459872346E0,3.591301382E-2,-3.259368398E0,4.753471231E0
4.716585208E1,3.923249568E0,-1.693955916E-1,-2.140020702E0,4.472166214E0
4.717581708E1,4.464898204E0,-6.489754486E-1,-1.210790547E0,4.671455753E0
4.718578108E1,5.028322456E0,-1.604166073E0,-4.888851160E-1,5.300602246E0
4.719574608E1,5.395421180E0,-2.674312372E0,-9.690283522E-2,6.022616253E0
4.720571008E1,5.525455070E0,-3.501465930E0,-4.939685391E-1,6.560100784E0
4.721567508E1,5.306207871E0,-3.677679375E0,-1.783287777E0,6.697856586E0
4.722563908E1,4.781515284E0,-3.569199491E0,-3.251067690E0,6.794962439E0
4.723560408E1,4.050007848E0,-3.180033376E0,-3.884514104E0,6.450164778E0
4.724556808E1,3.543891280E0,-2.874235107E0,-3.923741904E0,6.017984993E0
4.725553208E1,3.533281507E0,-3.086134694E0,-3.980011999E0,6.152137927E0
4.726549708E1,3.826019728E0,-3.626731415E0,-3.564674916E0,6.363844355E0
4.727546108E1,4.295492380E0,-4.044188114E0,-2.563805843E0,6.432714255E0
4.728542608E1,4.395111685E0,-4.224253120E0,-1.284425118E0,6.229853051E0
4.729539008E1,3.452140573E0,-4.093554402E0,-2.872000301E-1,5.362550329E0
4.730535508E1,2.098692144E0,-3.986039894E0,-4.686344540E-1,4.529088319E0
4.731531908E1,8.831665219E-1,-4.013624718E0,-1.071899221E0,4.247132494E0
4.732528408E1,-3.854005086E-1,-3.765253124E0,-1.784201843E0,4.184380582E0
4.733524808E1,-1.727665991E0,-3.271070430E0,-3.002285036E0,4.764288717E0
4.734521308E1,-2.627902436E0,-2.866647175E0,-3.511432509E0,5.239627420E0
4.735517708E1,-2.964283982E0,-2.756583865E0,-2.369816862E0,4.690604022E0
4.736514208E1,-2.952628727E0,-2.539215378E0,-6.237786269E-1,3.943948644E0
4.737510608E1,-2.636225363E0,-2.295112250E0,9.350211652E-1,3.618216271E0
4.738507108E1,-2.874597342E0,-2.506224217E0,1.767412148E0,4.203357635E0
4.739503508E1,-3.871069308E0,-3.011349390E0,2.379342123E0,5.451116553E0
4.740500008E1,-5.017878159E0,-3.734224289E0,2.983490331E0,6.929988948E0
4.741496408E1,-6.419183271E0,-4.763272848E0,3.039946368E0,8.551956268E0
4.742492908E1,-7.414775231E0,-5.886367439E0,1.919063194E0,9.659762777E0
4.743489308E1,-7.779147398E0,-6.450180531E0,-5.511491919E-1,1.012046089E1
4.744485808E1,-7.354216204E0,-5.487429457E0,-2.633995235E0,9.546429118E0
4.745482208E1,-6.300347968E0,-3.015683931E0,-2.186719198E0,7.319185402E0
4.746478708E1,-4.585768045E0,-4.243125594E-1,-8.010688367E-1,4.674507567E0
4.747475108E1,-2.258910677E0,1.685121358E0,5.585751557E-1,2.873032830E0
4.748471608E1,1.765386599E-1,3.221610587E0,2.110748956E0,3.855541704E0
4.749468008E1,2.494470729E0,4.273910015E0,3.058205176E0,5.817328419E0
4.750464508E1,4.513641763E0,4.539902778E0,2.589031316E0,6.905560249E0
4.751460908E1,5.859585437E0,4.201536688E0,1.996951615E0,7.481675466E0
4.752457408E1,5.507082533E0,3.327400752E0,1.666795599E0,6.646635341E0
4.753453808E1,3.500326600E0,2.453274171E0,1.796564318E0,4.636645750E0
4.754450308E1,1.163123752E0,2.189713849E0,2.399782381E0,3.450602713E0
4.755446708E1,-1.350646516E-1,2.665877763E0,3.098649782E0,4.089838282E0
4.756443208E1,-6.079411510E-1,3.508686072E0,3.768859394E0,5.185052702E0
4.757439608E1,-6.585492410E-1,4.548125133E0,4.294691896E0,6.289952926E0
4.758436108E1,-6.676188572E-1,5.578686367E0,4.747492675E0,7.355687814E0
4.759432508E1,-9.846728700E-1,6.456514235E0,5.285228062E0,8.401773169E0
4.760429008E1,-1.355183152E0,7.146599702E0,5.921281164E0,9.379337892E0
4.761425408E1,-1.585268456E0,7.869083422E0,6.162587568E0,1.011993258E1
4.762421908E1,-1.835101270E0,8.651646699E0,5.596448454E0,1.046607962E1
4.763418308E1,-2.358761970E0,9.202136325E0,4.053228495E0,1.032820082E1
4.764414808E1,-3.221457098E0,9.073702233E0,1.273876156E0,9.712498057E0
4.765411208E1,-3.892724764E0,8.139765068E0,-1.221463469E0,9.105001618E0
4.766407708E1,-3.988586648E0,7.082178004E0,-2.604221213E0,8.535106142E0
4.767404108E1,-3.234119243E0,5.798420053E0,-4.210755700E0,7.862039555E0
4.768400608E1,-6.823446313E-1,3.320336146E0,-7.931931635E0,8.625877682E0
4.769397008E1,5.236533619E0,-2.456614101E0,-1.083961749E1,1.228631534E1
4.770393508E1,7.104182830E0,-1.167270305E1,-1.089774817E1,1.747805268E1
4.771389908E1,4.538813442E0,-1.986381018E1,-7.498312647E0,2.171166679E1
4.772386408E1,2.195654474E0,-2.047822625E1,-3.525134289E0,2.089510040E1
4.773382808E1,2.854234706E0,-1.456434064E1,-1.756019433E0,1.494490811E1
4.774379308E1,3.621819170E0,-6.983217387E0,-1.178991634E0,7.954427726E0
4.775375708E1,3.170643624E0,-1.581426251E-1,-9.812651128E-2,3.176101210E0
4.776372208E1,2.414910443E0,3.779727321E0,3.203071113E0,5.511605540E0
4.777368608E1,9.279884997E-1,4.645078985E0,5.463248881E0,7.230837418E0
4.778365108E1,-9.898203202E-1,2.525797772E0,6.978099319E0,7.486873096E0
4.779361508E1,-2.334141830E0,-5.841730964E-1,6.069766527E0,6.529283421E0
4.780357908E1,-2.857731633E0,-4.029415124E0,2.378963369E0,5.482908265E0
4.781354408E1,-3.059492148E0,-7.435819361E0,-4.888702056E-1,8.055488554E0
4.782350908E1,-4.313564662E0,-9.044148066E0,-3.343580290E0,1.056328469E1
4.783347308E1,-6.145919495E0,-5.850304736E0,-4.211700025E0,9.472951443E0
4.784343708E1,-7.477274365E0,-1.069478547E0,7.473001805E-1,7.590248603E0
4.785340208E1,-8.565717772E0,1.776043223E0,5.531695218E0,1.035014505E1
4.786336608E1,-8.172129407E0,2.904572800E0,5.734739197E0,1.039747449E1
4.787333108E1,-6.696588045E0,2.469262798E0,4.630125023E0,8.507620581E0
4.788329508E1,-4.895931261E0,1.846164787E0,3.252324549E0,6.160850778E0
4.789326008E1,-2.917468835E0,1.266154908E0,2.118903776E0,3.821586825E0
4.790322408E1,-1.243119363E0,5.178715181E-1,1.627256142E0,2.112226128E0
4.791318908E1,6.878225952E-3,8.757433355E-2,1.956508763E0,1.958479796E0
4.792315308E1,8.872648354E-1,-2.551455939E-1,2.608427407E0,2.766989646E0
4.793311808E1,1.188331537E0,-8.080314088E-1,3.182545047E0,3.491939229E0
4.794308204E1,1.497092152E0,-1.380359216E0,3.497097183E0,4.046772193E0
4.795304704E1,2.313012039E0,-1.480124409E0,3.733163019E0,4.634360699E0
4.796301104E1,3.262738148E0,-9.188226968E-1,3.538401622E0,4.899998103E0
4.797297604E1,3.527379035E0,-2.113832778E-1,2.805679719E0,4.512086484E0
4.798294004E1,3.079817362E0,6.437889683E-1,2.026901199E0,3.742735322E0
4.799290504E1,2.585503983E0,1.962751250E0,1.378811896E0,3.526803874E0
4.800286904E1,2.308367157E0,3.262054024E0,6.149480157E-1,4.043230942E0
4.801283404E1,2.007319751E0,4.294769956E0,-2.559187420E-1,4.747617925E0
4.802279804E1,1.880335623E0,5.225656044E0,-1.048415195E0,5.651753495E0
4.803276304E1,1.808518804E0,5.755435417E0,-1.849746791E0,6.310098279E0
4.804272704E1,1.580581036E0,5.482920084E0,-2.381714777E0,6.183301249E0
4.805269204E1,7.619873630E-1,4.551499561E0,-2.065081033E0,5.055821661E0
4.806265604E1,-5.211569224E-1,3.267452173E0,-9.449147272E-1,3.441033578E0
4.807262104E1,-1.423822885E0,2.078983372E0,4.772812800E-1,2.564613205E0
4.808258504E1,-1.655989653E0,1.157334132E0,1.627940851E0,2.594593501E0
4.809255004E1,-1.631883775E0,5.510474503E-1,2.461356193E0,3.004159160E0
4.810251404E1,-1.685058647E0,3.238649958E-1,2.508979425E0,3.039619867E0
4.811247904E1,-1.500517159E0,2.255961049E-1,1.312249094E0,2.006101450E0
4.812244304E1,-9.673912780E-1,7.921515405E-2,-4.554366670E-1,1.072167656E0
4.813240804E1,-3.367304783E-1,-9.508917511E-2,-2.316103170E0,2.342384097E0
4.814237204E1,1.975756627E-1,-4.567143202E-1,-3.918772940E0,3.950241191E0
4.815233704E1,5.926205689E-1,-7.591773373E-1,-4.848292533E0,4.943024363E0
4.816230104E1,9.699485578E-1,-6.694032812E-1,-4.782809565E0,4.925867263E0
4.817226604E1,1.712865081E0,-3.408353698E-1,-4.066718606E0,4.425864407E0
4.818223004E1,2.869654106E0,-4.628381091E-1,-3.457276767E0,4.516845851E0
4.819219504E1,4.319869422E0,-1.369500936E0,-3.249278442E0,5.576254570E0
4.820215904E1,5.520546917E0,-2.537992140E0,-3.468060202E0,6.996090617E0
4.821212404E1,6.249019940E0,-3.173369889E0,-3.353361804E0,7.769527788E0
4.822208804E1,6.503199574E0,-3.286907029E0,-2.582160253E0,7.730647715E0
4.823205304E1,6.413490422E0,-3.195021544E0,-1.615802032E0,7.345191506E0
4.824201704E1,6.033298613E0,-3.389197050E0,-1.053539476E0,6.999806728E0
4.825198204E1,5.751959832E0,-3.851252217E0,-7.799250126E-1,6.966022436E0
4.826194604E1,5.265615916E0,-4.246656142E0,-9.278810571E-1,6.828013080E0
4.827191104E1,4.368763255E0,-4.522288041E0,-1.148858008E0,6.391952458E0
4.828187504E1,2.932599674E0,-4.630416507E0,-1.104792952E0,5.591195342E0
4.829184004E1,1.394805054E0,-5.128697514E0,-1.417754937E0,5.500822520E0
4.830180404E1,2.593664065E-2,-5.836626930E0,-1.902989637E0,6.139076167E0
4.831176904E1,-1.380752587E0,-6.358618396E0,-2.240471190E0,6.881730652E0
4.832173304E1,-2.433797973E0,-6.245354320E0,-2.861020984E0,7.287884757E0
4.833169804E1,-2.953157315E0,-5.662595665E0,-3.711631233E0,7.386632129E0
4.834166204E1,-3.351866087E0,-4.931735809E0,-3.752061220E0,7.045210270E0
4.835162704E1,-3.448029395E0,-3.917608759E0,-2.073653051E0,5.615745906E0
4.836159104E1,-3.264844607E0,-3.031484862E0,3.573186707E-1,4.469539955E0
4.837155604E1,-2.989745682E0,-2.639938930E0,2.330915337E0,4.619634521E0
4.838152004E1,-3.539637431E0,-2.487174574E0,3.213611012E0,5.389096977E0
4.839148504E1,-4.826314604E0,-2.526248007E0,3.003079673E0,6.220428375E0
4.840144904E1,-5.949731376E0,-2.829448358E0,2.360254326E0,6.998277070E0
4.841141404E1,-6.599736519E0,-3.171755472E0,1.162401913E0,7.414022735E0
4.842137804E1,-6.428792585E0,-3.000509237E0,-4.188559377E-1,7.106888917E0
4.843134304E1,-5.800270697E0,-2.208928385E0,-1.762872369E0,6.452148770E0
4.844130704E1,-5.230736105E0,-9.131842268E-1,-1.482621170E0,5.512954849E0
4.845127204E1,-4.052767734E0,4.684315556E-1,-4.393457508E-1,4.103337558E0
4.846123604E1,-2.265588928E0,1.788155145E0,7.172642031E-1,2.974030926E0
4.847120104E1,-3.259030429E-1,2.812852206E0,1.838667195E0,3.376247529E0
4.848116504E1,1.464382097E0,3.495564335E0,2.849990504E0,4.741922692E0
4.849113004E1,2.690478753E0,3.687276410E0,3.087738000E0,5.510790252E0
4.850109404E1,3.582356019E0,3.505574183E0,2.905261602E0,5.793347045E0
4.851105804E1,4.195291277E0,2.746230785E0,2.549087524E0,5.624953300E0
4.852102304E1,3.731315884E0,1.679174155E0,2.341822733E0,4.714496556E0
4.853098704E1,2.438316263E0,1.092575634E0,1.875576574E0,3.264490036E0
4.854095204E1,9.854607093E-1,1.216660566E0,1.764784409E0,2.359207442E0
4.855091604E1,2.288595273E-1,2.085216504E0,2.326274109E0,3.132420116E0
4.856088104E1,7.063626543E-2,3.628435294E0,3.353175863E0,4.941084955E0
4.857084504E1,-2.061384350E-1,5.135953909E0,4.115696346E0,6.584790962E0
4.858081004E1,-5.929809401E-1,6.228288637E0,4.667220052E0,7.805520402E0
4.859077404E1,-9.427831247E-1,6.972544464E0,5.150694739E0,8.719797740E0
4.860073904E1,-1.250867070E0,7.724242043E0,5.324228990E0,9.464459726E0
4.861070304E1,-1.650205879E0,8.454590853E0,4.776191102E0,9.849633870E0
4.862066804E1,-1.848971889E0,8.935799160E0,3.447121323E0,9.754478412E0
4.863063204E1,-1.971900973E0,8.635834073E0,2.063584438E0,9.095295725E0
4.864059704E1,-1.976054835E0,7.649536847E0,6.346883619E-1,7.926098410E0
4.865056104E1,-1.499700156E0,6.587295399E0,-1.325679563E0,6.884692261E0
4.866052604E1,-9.278303325E-1,5.608853322E0,-3.289235098E0,6.568041736E0
4.867049004E1,-4.540170727E-1,4.472146413E0,-4.984972368E0,6.712389631E0
4.868045504E1,1.345122871E0,2.115297505E0,-7.025133153E0,7.458976799E0
4.869041904E1,6.569823918E0,-3.330675777E0,-8.853359267E0,1.151685538E1
4.870038404E1,7.922831029E0,-1.207949034E1,-1.001759136E1,1.757946174E1
4.871034804E1,4.829872342E0,-1.884613270E1,-7.064880770E0,2.069823483E1
4.872031304E1,3.535418372E0,-1.803900527E1,-2.910351311E0,1.861115362E1
4.873027704E1,4.518148212E0,-1.175477340E1,-1.779746557E0,1.271832767E1
4.874024204E1,3.187736205E0,-5.822803527E0,-1.422981617E0,6.789077972E0
4.875020604E1,-1.976272461E-1,-2.541448429E0,1.630354874E0,3.025900471E0
4.876017104E1,-2.574001633E0,-3.485901226E0,4.991665092E0,6.610121947E0
4.877013504E1,-5.026008713E0,-5.280062631E0,6.276680778E0,9.619591809E0
4.878010004E1,-7.069829854E0,-7.264094238E0,3.525857297E0,1.073225181E1
4.879006404E1,-5.370514380E0,-7.233391678E0,-4.574004909E-1,9.020731405E0
4.880002904E1,-1.710213807E0,-3.407145663E0,-2.161368302E0,4.382349344E0
4.880999304E1,-2.829410059E0,9.113218886E-1,-3.804523024E-1,2.996800431E0
4.881995804E1,-5.456110016E0,3.788432656E0,3.386739466E0,7.455961554E0
4.882992204E1,-6.831565756E0,5.355994574E0,6.892341131E0,1.108428323E1
4.883988704E1,-7.130641481E0,5.255106715E0,7.099313269E0,1.135175949E1
4.884985104E1,-7.384819946E0,3.152484219E0,4.928922129E0,9.421676907E0
4.885981604E1,-7.249431760E0,7.648555684E-1,3.648880961E0,8.151907578E0
4.886978004E1,-6.181109208E0,-4.700997663E-1,3.349236009E0,7.045884378E0
4.887974504E1,-4.393018090E0,-5.385922962E-1,3.407830080E0,5.585874636E0
4.888970904E1,-2.631154658E0,-2.593462336E-1,3.574396204E0,4.445958111E0
4.889967404E1,-1.620481266E0,-3.939959157E-1,3.964002615E0,4.300524276E0
4.890963804E1,-1.402914850E0,-9.346160263E-1,4.110613361E0,4.442839115E0
4.891960304E1,-1.063039155E0,-1.401303942E0,3.897117485E0,4.275655467E0
4.892956704E1,-1.431294604E-1,-1.835284873E0,3.227358985E0,3.715454565E0
4.893953204E1,1.576366363E0,-2.165746112E0,2.327517812E0,3.548623155E0
4.894949604E1,2.867436549E0,-1.860698626E0,1.589842733E0,3.769879528E0
4.895946104E1,3.081191165E0,-1.032677341E0,9.082304657E-1,3.374173094E0
4.896942504E1,3.461757196E0,2.003203458E-1,3.498166931E-1,3.485148898E0
4.897939004E1,3.585601516E0,1.612255111E0,-4.924535255E-1,3.962122568E0
4.898935404E1,3.622204209E0,2.952439862E0,-1.089167876E0,4.798286270E0
4.899931904E1,3.761390453E0,3.839940779E0,-1.159933365E0,5.498967970E0
4.900928304E1,3.468205505E0,4.396067705E0,-8.431030083E-1,5.662568620E0
4.901924804E1,2.615592878E0,4.756124042E0,-5.083755668E-1,5.451650000E0
4.902921204E1,1.830561053E0,4.853286640E0,-5.166400945E-1,5.212701983E0
4.903917704E1,1.506794729E0,4.636480070E0,-7.122190062E-1,4.926929440E0
4.904914104E1,1.194387791E0,3.923731964E0,-4.501046276E-1,4.126115473E0
4.905910604E1,4.918192488E-1,2.855679553E0,4.116919291E-1,2.926821164E0
4.906907004E1,-1.566226414E-1,1.750026037E0,1.120131222E0,2.083702410E0
4.907903504E1,-7.113504754E-1,9.206540447E-1,1.552811147E0,1.940321063E0
4.908899904E1,-1.157714347E0,4.486767375E-1,1.695186170E0,2.101254263E0
4.909896404E1,-1.436688660E0,3.642867976E-1,1.298782956E0,1.970689307E0
4.910892804E1,-1.434906721E0,2.742899626E-1,7.479058424E-2,1.462800709E0
4.911889304E1,-1.271041426E0,1.373738998E-1,-1.725882883E0,2.147810425E0
4.912885704E1,-8.442916010E-1,1.323125499E-1,-3.460045424E0,3.564021500E0
4.913882204E1,-4.198869480E-1,4.569517171E-1,-4.332627169E0,4.376844538E0
4.914878604E1,-1.133530994E-1,7.877047330E-1,-4.021330764E0,4.099320527E0
4.915875104E1,6.855313638E-1,1.030282906E0,-3.307940633E0,3.531841920E0
4.916871504E1,1.812566101E0,8.182400626E-1,-2.926907995E0,3.538601854E0
4.917868004E1,3.166416380E0,-6.884359682E-1,-2.705950486E0,4.221647167E0
4.918864404E1,4.309860451E0,-2.477058306E0,-2.351958881E0,5.499311369E0
4.919860904E1,5.168825201E0,-3.402989463E0,-2.243439821E0,6.582561315E0
4.920857304E1,5.554031582E0,-3.690439169E0,-2.422482588E0,7.094718455E0
4.921853804E1,5.533014350E0,-3.642039426E0,-2.783227873E0,7.185057854E0
4.922850204E1,5.476923764E0,-3.654118604E0,-2.940264205E0,7.210716350E0
4.923846704E1,5.414260908E0,-4.121626300E0,-2.544310641E0,7.264677638E0
4.924843104E1,5.242123557E0,-4.919832632E0,-1.774444448E0,7.404948725E0
4.925839604E1,5.161893327E0,-5.651767207E0,-1.200880685E0,7.747885498E0
4.926836004E1,4.940393196E0,-6.127697816E0,-1.019435152E0,7.936965005E0
4.927832504E1,4.015578858E0,-6.012391893E0,-8.159280735E-1,7.275951378E0
4.928828904E1,2.405162112E0,-5.842399301E0,-7.437268008E-1,6.361726490E0
4.929825404E1,9.164791328E-1,-5.827019954E0,-9.220404927E-1,5.970280916E0
4.930821804E1,-4.216253252E-1,-5.806396825E0,-9.369262612E-1,5.896595867E0
4.931818304E1,-1.633474510E0,-5.321694807E0,-9.823738179E-1,5.652763299E0
4.932814704E1,-2.745708044E0,-4.448841750E0,-1.532823025E0,5.447995228E0
4.933811204E1,-3.691080024E0,-3.761087567E0,-2.466518700E0,5.818381727E0
4.934807604E1,-4.294222949E0,-3.254903464E0,-2.269359359E0,5.846771690E0
4.935804104E1,-4.767854726E0,-2.419635724E0,-8.648604977E-1,5.416184950E0
4.936800504E1,-4.726885625E0,-1.335615737E0,7.416292584E-1,4.967628314E0
4.937797004E1,-4.443415826E0,-5.717799228E-1,1.956596471E0,4.888675305E0
4.938793404E1,-4.502578831E0,-4.764837563E-1,2.970872040E0,5.415379357E0
4.939789904E1,-5.078103896E0,-8.968658173E-1,3.385395191E0,6.168663394E0
4.940786304E1,-5.611173497E0,-1.403081496E0,2.865671275E0,6.454918865E0
4.941782804E1,-5.871457039E0,-2.024607190E0,1.744184814E0,6.450986181E0
4.942779204E1,-5.637554964E0,-2.600304748E0,-1.889912193E-1,6.211226001E0
4.943775704E1,-4.836799538E0,-2.242288504E0,-2.261621300E0,5.791150008E0
4.944772104E1,-3.522941876E0,-9.426623797E-1,-2.637801480E0,4.500858637E0
4.945768604E1,-2.234649994E0,6.739208400E-1,-1.412324336E0,2.728092726E0
4.946765004E1,-1.060247182E0,2.064419128E0,6.847430129E-1,2.419674238E0
4.947761404E1,2.881787078E-1,2.838074756E0,2.666056103E0,3.904557649E0
4.948757904E1,1.650366678E0,2.940737244E0,3.384141840E0,4.777453475E0
4.949754404E1,2.278610823E0,2.507113579E0,3.617784883E0,4.956415362E0
4.950750804E1,2.230208449E0,2.049548489E0,3.132443180E0,4.357370653E0
4.951747204E1,2.858554044E0,1.943353112E0,2.580424215E0,4.313530070E0
4.952743704E1,3.075976618E0,1.460066705E0,2.117922028E0,4.009865416E0
4.953740104E1,2.237457973E0,1.005796521E0,1.680460250E0,2.973515004E0
4.954736604E1,1.133304707E0,1.046050508E0,1.776985501E0,2.352929811E0
4.955733004E1,4.143015780E-1,1.916961704E0,2.512576340E0,3.187385737E0
4.956729504E1,1.283834220E-1,3.264730879E0,3.531530851E0,4.811097605E0
4.957725904E1,1.457570164E-1,4.536856964E0,4.487464948E0,6.382919229E0
4.958722404E1,1.875302193E-1,5.444549485E0,5.166641850E0,7.508160540E0
4.959718804E1,7.872974379E-3,6.279661104E0,5.482779166E0,8.336370490E0
4.960715304E1,-2.460274823E-1,7.468956116E0,5.302077983E0,9.162852500E0
4.961711704E1,-7.692549404E-1,8.469660298E0,4.513344725E0,9.627937439E0
4.962708204E1,-1.533866607E0,8.720750263E0,3.659767599E0,9.581134108E0
4.963704604E1,-2.011066647E0,8.129568694E0,3.036317586E0,8.908058188E0
4.964701104E1,-1.804111758E0,7.113827813E0,1.942960764E0,7.591868144E0
4.965697504E1,-1.244107981E0,6.009680539E0,-6.989001453E-2,6.137503521E0
4.966694004E1,-7.316467457E-1,5.020397725E0,-2.350782129E0,5.591589836E0
4.967690404E1,-4.997622162E-1,4.063959889E0,-3.904859783E0,5.658044024E0
4.968686904E1,-7.621385135E-2,2.670512266E0,-6.430972427E0,6.963824429E0
4.969683304E1,2.464180106E0,-1.243387604E0,-9.055271809E0,9.466580368E0
4.970679804E1,6.957135882E0,-8.731882777E0,-1.011015863E1,1.506196614E1
4.971676204E1,6.974188117E0,-1.689400818E1,-9.030272623E0,2.038608928E1
4.972672704E1,4.781450672E0,-1.973621224E1,-5.529076835E0,2.104640194E1
4.973669104E1,4.768045638E0,-1.469131878E1,-2.531907235E0,1.565182612E1
4.974665604E1,5.076622796E0,-7.496281909E0,-1.885813587E0,9.247844850E0
4.975662004E1,4.091285975E0,-1.676677979E0,-1.081737527E0,4.551925532E0
4.976658504E1,2.891711265E0,1.504307324E0,2.916367511E0,4.373800867E0
4.977654904E1,9.242222350E-1,1.848144654E0,5.944631435E0,6.293525903E0
4.978651404E1,-1.597426133E0,2.320566934E-1,6.994086192E0,7.177942757E0
4.979647804E1,-3.957576233E0,-2.011960832E0,5.428220551E0,7.012558333E0
4.980644304E1,-6.051640744E0,-5.110983959E0,1.475579076E0,8.057409405E0
4.981640704E1,-5.948975331E0,-7.413714547E0,-2.089152558E0,9.732318803E0
4.982637204E1,-5.081185963E0,-6.887566879E0,-3.857461083E0,9.388132632E0
4.983633604E1,-6.258678955E0,-3.085087457E0,-1.802752427E0,7.206853904E0
4.984630104E1,-7.104206804E0,7.440704709E-1,2.691062890E0,7.633165442E0
4.985626504E1,-7.294643601E0,3.005440779E0,6.362534276E0,1.013540043E1
4.986623004E1,-7.326147814E0,3.567412582E0,6.499294803E0,1.042303733E1
4.987619404E1,-6.717378405E0,2.897710508E0,4.427527187E0,8.551192655E0
4.988615904E1,-5.332872344E0,2.074550598E0,3.153494326E0,6.533591209E0
4.989612304E1,-3.922031009E0,1.497544434E0,2.821481527E0,5.058233345E0
4.990608804E1,-3.035712399E0,1.002520911E0,2.906142193E0,4.320446782E0
4.991605204E1,-2.319819953E0,9.752454042E-1,2.908932484E0,3.846369250E0
4.992601704E1,-1.555408773E0,1.225313861E0,2.615258417E0,3.280284606E0
4.993598104E1,-8.265169425E-1,1.442997513E0,2.362240917E0,2.888867292E0
4.994594642E1,-1.847030175E-1,1.292741028E0,2.232864254E0,2.586692357E0
4.995591042E1,3.239902724E-1,8.353279656E-1,2.144500839E0,2.324139917E0
4.996587542E1,6.190151927E-1,6.364109516E-3,2.081322551E0,2.171433598E0
4.997583942E1,1.222445948E0,-6.014902103E-1,2.187970794E0,2.577475658E0
4.998580442E1,2.348072821E0,-4.229858261E-1,2.480328946E0,3.441568634E0
4.999576842E1,3.524725277E0,-9.832911730E-2,2.671442266E0,4.423794827E0
5.000573342E1,4.430081836E0,3.582045239E-1,2.397199666E0,5.049802153E0
5.001569742E1,4.909795886E0,8.654405415E-1,1.517969051E0,5.211459778E0
5.002566242E1,5.048468453E0,1.570988386E0,8.031045449E-1,5.347898198E0
5.003562642E1,4.733826270E0,2.411675910E0,6.032874982E-1,5.346891401E0
5.004559142E1,3.864094165E0,3.169604867E0,6.191287749E-1,5.035964571E0
5.005555542E1,2.816950227E0,3.684222409E0,7.026436058E-1,4.690672807E0
5.006552042E1,1.768779519E0,3.637190330E0,7.293653083E-1,4.109709021E0
5.007548442E1,7.943538943E-1,2.820138422E0,6.868689144E-1,3.009313498E0
5.008544942E1,1.233189476E-1,1.652506759E0,8.017129076E-1,1.840850275E0
5.009541342E1,-2.045358959E-1,8.727226639E-1,8.450150478E-1,1.231880762E0
5.010537842E1,-2.179122788E-1,6.768181354E-1,5.211541815E-1,8.815725895E-1
5.011534242E1,-1.583557561E-1,6.749318236E-1,-2.002051556E-1,7.215896454E-1
5.012530742E1,-1.404074353E-1,6.810105890E-1,-1.031357625E0,1.243860209E0
5.013527142E1,-3.726111862E-1,5.240818459E-1,-1.948062460E0,2.051450274E0
5.014523642E1,-4.913719368E-1,2.860510522E-1,-2.729069792E0,2.787668114E0
5.015520042E1,-2.145358041E-1,8.993017673E-2,-3.080999084E0,3.089768342E0
5.016516542E1,3.427599809E-1,4.070597649E-2,-2.984156914E0,3.004052907E0
5.017512942E1,1.164094390E0,5.524741709E-2,-2.516203660E0,2.772985555E0
5.018509442E1,1.890917914E0,9.795781910E-2,-2.252425822E0,2.942547939E0
5.019505842E1,2.490082102E0,1.987234712E-2,-2.958576515E0,3.867050397E0
5.020502342E1,3.395756749E0,-1.099636146E0,-4.197810842E0,5.510170543E0
5.021498742E1,4.083006317E0,-2.559204084E0,-5.012204021E0,6.952888269E0
5.022495242E1,4.321781169E0,-3.504725168E0,-4.853512927E0,7.383595243E0
5.023491642E1,4.501028150E0,-3.793083531E0,-3.861610560E0,7.039799230E0
5.024488142E1,4.506236265E0,-3.582331753E0,-2.652526231E0,6.338387923E0
5.025484542E1,4.200770995E0,-3.538602766E0,-1.912395614E0,5.815964535E0
5.026481042E1,3.387398154E0,-3.796311779E0,-1.442383556E0,5.288375904E0
5.027477442E1,2.469273615E0,-4.169845948E0,-1.128945315E0,4.975886347E0
5.028473942E1,2.012459892E0,-4.318792657E0,-1.165696819E0,4.905182352E0
5.029470342E1,1.740047763E0,-4.422416428E0,-1.363112122E0,4.944047728E0
5.030466842E1,8.594997704E-1,-4.780980556E0,-1.362292343E0,5.045032741E0
5.031463242E1,-3.535875624E-1,-5.238093072E0,-1.556592395E0,5.475912990E0
5.032459742E1,-1.148613009E0,-5.424381854E0,-1.862085439E0,5.848982179E0
5.033456142E1,-1.517626112E0,-5.142427946E0,-2.392971836E0,5.871462203E0
5.034452642E1,-1.906692532E0,-4.583632935E0,-3.105276139E0,5.855587690E0
5.035449042E1,-2.598166421E0,-4.336851783E0,-3.104052901E0,5.932444399E0
5.036445542E1,-2.793054703E0,-4.073688487E0,-1.960021770E0,5.313923014E0
5.037441942E1,-2.365013959E0,-3.219283395E0,8.683820564E-2,3.995574737E0
5.038438442E1,-2.371979455E0,-2.665365547E0,1.843444662E0,4.016061286E0
5.039434842E1,-2.640290932E0,-2.715513023E0,2.887987758E0,4.762942417E0
5.040431342E1,-3.096423162E0,-2.919655108E0,3.425811145E0,5.463369322E0
5.041427742E1,-3.905387786E0,-3.091379061E0,3.665056990E0,6.183956743E0
5.042424242E1,-4.755713275E0,-3.181337889E0,3.614325670E0,6.767648748E0
5.043420642E1,-5.994737395E0,-3.410599029E0,1.900576783E0,7.154107511E0
5.044417142E1,-7.225113775E0,-3.446663486E0,-1.130119143E0,8.084486844E0
5.045413542E1,-6.899858311E0,-2.413061700E0,-3.139341140E0,7.955273363E0
5.046410042E1,-5.396505838E0,-7.793028688E-1,-3.514466629E0,6.486991900E0
5.047406442E1,-3.880321942E0,9.995744991E-1,-2.404898694E0,4.673284208E0
5.048402942E1,-2.832700872E0,2.432445804E0,7.023178428E-2,3.734423560E0
5.049399342E1,-2.040173356E0,3.250187100E0,2.411559258E0,4.532288777E0
5.050395842E1,-1.283512368E0,3.734385672E0,3.237742763E0,5.106468305E0
5.051392242E1,-9.517417900E-2,3.990138207E0,3.978865652E0,5.635745995E0
5.052388742E1,1.298854584E0,3.489398446E0,4.107031649E0,5.543521779E0
5.053385142E1,2.112433685E0,2.416536700E0,3.357460410E0,4.644842958E0
5.054381642E1,3.179507126E0,1.756345707E0,1.957588451E0,4.126277784E0
5.055378042E1,3.217228684E0,1.436028217E0,1.268449355E0,3.744556210E0
5.056374542E1,2.472543086E0,1.185224181E0,1.367780393E0,3.064155491E0
5.057370942E1,1.317572545E0,1.480295148E0,2.275722299E0,3.017645293E0
5.058367442E1,6.176259673E-1,2.594310767E0,3.535858083E0,4.428792451E0
5.059363842E1,5.488118770E-1,4.024739690E0,4.492871284E0,6.056865231E0
5.060360342E1,2.893821379E-1,5.231992087E0,4.850337304E0,7.140255961E0
5.061356742E1,-2.382458981E-1,6.260389851E0,4.591688936E0,7.767422319E0
5.062353242E1,-5.956357587E-1,7.169280467E0,3.889355306E0,8.178046776E0
5.063349642E1,-6.681227410E-1,8.088165729E0,3.051867086E0,8.670565470E0
5.064346142E1,-8.300061954E-1,8.554446679E0,2.689460753E0,9.005590897E0
5.065342542E1,-8.964422596E-1,8.417582071E0,2.495184090E0,8.825261486E0
5.066339042E1,-5.732006866E-1,7.879460476E0,1.500276253E0,8.041472829E0
5.067335442E1,-4.758082202E-1,6.703850287E0,-2.380559367E-1,6.724929201E0
5.068331942E1,-1.712434579E-1,5.387124565E0,-2.872622445E0,6.107568674E0
5.069328342E1,2.536326268E-1,4.077873924E0,-6.000346044E0,7.259306985E0
5.070324842E1,1.229317888E0,2.218240660E0,-8.688913343E0,9.051465582E0
5.071321242E1,4.307753114E0,-1.992415345E0,-8.001121738E0,9.302924533E0
5.072317742E1,5.750146610E0,-7.817361292E0,-7.460451341E0,1.224065594E1
5.073314142E1,3.900499806E0,-1.367984636E1,-7.924215649E0,1.628328250E1
5.074310642E1,1.988731891E0,-1.593027828E1,-5.132713966E0,1.685448229E1
5.075307042E1,1.437049287E0,-1.215919841E1,-1.958005358E0,1.239939521E1
5.076303542E1,1.175519192E0,-7.082638764E0,-1.701692367E0,7.378439818E0
5.077299942E1,1.068552933E0,-2.360177143E0,1.279455569E0,2.889506544E0
5.078296442E1,-4.709098980E-2,-5.935485220E-1,4.404087161E0,4.444153590E0
5.079292842E1,-2.451177652E0,-1.674306348E0,5.897645549E0,6.602559856E0
5.080289342E1,-4.261311604E0,-2.669297799E0,5.924208280E0,7.770467880E0
5.081285742E1,-4.995105593E0,-4.412077382E0,3.879383172E0,7.711492754E0
5.082282242E1,-3.944509752E0,-6.595828241E0,-6.874606526E-1,7.716003468E0
5.083278642E1,-1.970166104E0,-5.615391678E0,-3.733234063E0,7.025041975E0
5.084275142E1,-3.535550227E0,-1.871363363E0,-2.883608778E0,4.931259051E0
5.085271542E1,-5.275513498E0,1.565138247E0,1.391722110E-1,5.504549873E0
5.086268042E1,-5.409789543E0,3.669705527E0,3.495191867E0,7.412754396E0
5.087264442E1,-5.425887512E0,3.861765511E0,4.733443277E0,8.170616465E0
5.088260942E1,-5.090026368E0,2.672130775E0,4.242908370E0,7.144992844E0
5.089257342E1,-4.159130633E0,1.677412389E0,3.087500603E0,5.444698332E0
5.090253842E1,-2.660128488E0,1.242443279E0,2.508557549E0,3.861710742E0
5.091250242E1,-1.719657353E-1,1.327938927E0,2.931993611E0,3.223287226E0
5.092246742E1,1.075977581E0,7.554602623E-1,3.793340516E0,4.014707989E0
5.093243142E1,4.518383271E-1,-4.995592082E-1,4.192271482E0,4.246040209E0
5.094239608E1,-7.072558165E-2,-1.309434244E0,3.839565095E0,4.057324274E0
5.095236008E1,1.134929940E-2,-1.660447862E0,3.588440924E0,3.954001033E0
5.096232508E1,4.034542255E-1,-1.802359201E0,3.019293417E0,3.539407682E0
5.097228908E1,1.048960083E0,-1.400533864E0,2.232002960E0,2.836132855E0
5.098225408E1,1.743802553E0,-6.766824800E-1,1.840189810E0,2.623936938E0
5.099221808E1,2.225279539E0,2.818486583E-1,1.633311227E0,2.774709580E0
5.100218308E1,2.465588115E0,1.198051803E0,1.318167061E0,3.041712885E0
5.101214708E1,2.404880422E0,1.573924273E0,1.171628527E0,3.103772039E0
5.102211208E1,2.289941265E0,1.724511711E0,1.035602703E0,3.047990256E0
5.103207608E1,2.094270479E0,1.878817978E0,6.602067804E-1,2.889947894E0
5.104204108E1,1.812922196E0,2.243169680E0,3.005560939E-1,2.899798453E0
5.105200508E1,1.681120985E0,2.837254976E0,4.856814265E-1,3.333477166E0
5.106197008E1,1.461756551E0,3.418851205E0,1.100636459E0,3.877715357E0
5.107193408E1,9.142785332E-1,3.498816556E0,1.082269185E0,3.774775373E0
5.108189908E1,2.751933575E-1,3.359492610E0,3.384344300E-1,3.387692407E0
5.109186308E1,-6.577743387E-1,2.804048054E0,7.607351817E-2,2.881169858E0
5.110182808E1,-1.641068728E0,2.097050684E0,3.659129083E-1,2.687865398E0
5.111179208E1,-1.906972906E0,1.593987240E0,8.610247242E-1,2.630343050E0
5.112175708E1,-1.519936931E0,1.338389071E0,7.813914943E-1,2.170729428E0
5.113172108E1,-8.459190273E-1,1.449829985E0,7.049987912E-2,1.680046493E0
5.114168608E1,4.206691593E-2,1.576549673E0,-1.412935808E0,2.117466905E0
5.115165008E1,5.225680017E-1,1.688775868E0,-2.904376919E0,3.400065666E0
5.116161508E1,4.528297225E-1,1.559950597E0,-3.902431726E0,4.226993495E0
5.117157908E1,1.143928805E-1,9.635749465E-1,-4.379857469E0,4.486057719E0
5.118154408E1,2.882618845E-2,2.490311605E-1,-4.168028049E0,4.175560475E0
5.119150808E1,5.733402523E-1,-2.890050656E-1,-3.727223418E0,3.782120751E0
5.120147308E1,1.482446923E0,-5.714507246E-1,-3.518659667E0,3.860721521E0
5.121143708E1,2.132479841E0,-9.539211935E-1,-3.872572335E0,4.522637771E0
5.122140208E1,2.420875042E0,-1.739247864E0,-4.601531847E0,5.482674022E0
5.123136608E1,2.383570391E0,-2.566510180E0,-4.703045942E0,5.864044973E0
5.124133108E1,2.232973013E0,-3.019234945E0,-4.246143342E0,5.668481402E0
5.125129508E1,1.934241104E0,-3.089832473E0,-3.497829546E0,5.052045615E0
5.126126008E1,1.556658907E0,-2.965668603E0,-2.799940969E0,4.365552273E0
5.127122408E1,1.608359696E0,-2.823602312E0,-2.354366911E0,4.012803818E0
5.128118908E1,1.707471755E0,-3.108409077E0,-2.311093860E0,4.233062912E0
5.129115308E1,1.702199906E0,-3.805859697E0,-3.105832209E0,5.198869710E0
5.130111808E1,1.577595448E0,-4.640964299E0,-4.001704000E0,6.327795187E0
5.131108208E1,1.587757908E0,-5.413729981E0,-4.465999235E0,7.195456667E0
5.132104708E1,1.312907782E0,-6.310098785E0,-4.144256194E0,7.662632245E0
5.133101108E1,5.533927685E-1,-7.437156034E0,-3.600058172E0,8.281180609E0
5.134097608E1,-1.457225543E-1,-8.144313617E0,-2.815433752E0,8.618453839E0
5.135094008E1,-3.124328122E-1,-7.944790247E0,-1.847113205E0,8.162667060E0
5.136090508E1,-2.827193087E-1,-7.226880804E0,-1.175103235E0,7.327250779E0
5.137086908E1,-1.825579664E-1,-5.972095222E0,-5.531273049E-1,6.000433198E0
5.138083408E1,5.728841695E-1,-3.901402032E0,2.747524591E-1,3.952799388E0
5.139079808E1,2.399559894E-1,-2.435868765E0,1.111127679E0,2.688055103E0
5.140076308E1,-1.835669327E0,-2.194190478E0,1.354130945E0,3.165094682E0
5.141072708E1,-3.099196789E0,-1.867159799E0,1.720665997E0,4.006494468E0
5.142069208E1,-4.820972003E0,-1.873749611E0,2.677313747E0,5.824149514E0
5.143065608E1,-6.260703261E0,-2.051489180E0,3.404928399E0,7.416100767E0
5.144062108E1,-7.400177658E0,-2.033614826E0,3.788228003E0,8.558556539E0
5.145058508E1,-8.209370908E0,-1.887350235E0,3.368930601E0,9.072240903E0
5.146055008E1,-8.430332510E0,-1.278420027E0,2.510653776E0,8.888658300E0
5.147051408E1,-7.942603388E0,-6.561067128E-1,1.253298343E0,8.067600718E0
5.148047908E1,-7.204673663E0,7.343576610E-2,-1.670637220E-1,7.206984508E0
5.149044308E1,-5.940993297E0,2.592283537E0,-6.543145412E-1,6.514864758E0
5.150040808E1,-1.170077115E0,4.579405982E0,-6.619626993E-1,4.772654840E0
5.151037208E1,1.108299089E0,3.728461858E0,7.236090168E-1,3.956433331E0
5.152033708E1,1.567759554E0,9.285682511E-1,3.095178874E0,3.591690588E0
5.153030108E1,2.257020418E0,-1.115245289E0,5.688135134E0,6.220353247E0
5.154026608E1,3.601893028E0,-1.687798798E0,6.905412582E0,7.969129255E0
5.155023008E1,5.358388424E0,-7.580102330E-1,6.693627015E0,8.607644779E0
5.156019508E1,7.374150531E0,7.687118071E-1,4.879650566E0,8.875810022E0
5.157015908E1,7.872194726E0,2.117062780E0,2.972929090E0,8.677079693E0
5.158012408E1,6.829711604E0,3.534988602E0,2.637082565E0,8.129902180E0
5.159008808E1,4.147120745E0,3.886357146E0,3.475869743E0,6.662135754E0
5.160005308E1,1.200997630E0,3.847942109E0,4.228524511E0,5.842043591E0
5.161001708E1,-5.256462684E-1,4.570203635E0,4.757713315E0,6.618073833E0
5.161998208E1,-1.733874857E0,4.733162026E0,4.713182675E0,6.900959043E0
5.162994608E1,-2.234608771E0,4.457447097E0,4.256161376E0,6.555701385E0
5.163991108E1,-1.670336673E0,5.248697582E0,3.753597869E0,6.665459314E0
5.164987508E1,-6.336868800E-1,6.272595329E0,2.980967842E0,6.973749386E0
5.165984008E1,-1.775280453E-1,6.623539365E0,2.497231200E0,7.080886498E0
5.166980408E1,-4.603398862E-1,6.303203164E0,2.321866186E0,6.733004197E0
5.167976908E1,-1.401693951E0,5.098292577E0,2.207242048E0,5.729681544E0
5.168973308E1,-1.953151145E0,3.575098162E0,1.571176667E0,4.366316798E0
5.169969808E1,-1.991982212E0,2.688780722E0,6.006256995E-1,3.399747952E0
5.170966208E1,-1.843853382E0,1.478150389E0,-9.215779048E-1,2.536538922E0
5.171962708E1,-1.335060836E0,-5.850519329E-1,-3.254446504E0,3.565963439E0
5.172959108E1,-6.000164196E-1,-2.043809447E0,-5.780310057E0,6.160289044E0
5.173955608E1,-2.880455375E-1,-3.463628597E0,-8.321131665E0,9.017811568E0
5.174952008E1,-7.384912039E-1,-5.333220254E0,-9.248191334E0,1.070129200E1
5.175948508E1,-8.542267513E-1,-5.988632317E0,-9.066003204E0,1.089889143E1
5.176944908E1,7.509286702E-4,-5.305593914E0,-9.847038603E0,1.118541446E1
5.177941408E1,1.555448680E0,-4.142590322E0,-8.950751075E0,9.984809461E0
5.178937808E1,2.027812926E0,-3.280803121E0,-5.348255784E0,6.593901297E0
5.179934308E1,1.618832644E0,-2.960096206E0,-1.545983646E0,3.711179612E0
5.180930708E1,-2.081798807E-1,-3.577668598E0,2.856606921E0,4.582930783E0
5.181927208E1,-2.327445306E0,-4.591593334E0,6.996348479E0,8.686116684E0
5.182923608E1,-3.240317584E0,-5.485578813E0,8.037135324E0,1.025606051E1
5.183920108E1,-2.549091325E0,-5.026540225E0,6.856356196E0,8.875448918E0
5.184916508E1,-6.988378724E-1,-3.519111072E0,5.025841482E0,6.175078924E0
5.185913008E1,5.330010425E-1,-2.130257022E0,2.540383944E0,3.357921332E0
5.186909408E1,-3.218519457E-1,-1.429048396E0,1.111427642E0,1.838760287E0
5.187905908E1,-2.181447933E0,-7.296652704E-1,1.014002504E0,2.513827275E0
5.188902308E1,-4.484377034E0,-8.024192512E-1,1.197261844E0,4.710302534E0
5.189898808E1,-6.287825571E0,-1.138193856E0,1.463019257E0,6.555353615E0
5.190895208E1,-6.377431812E0,-1.044202203E0,1.342571292E0,6.600340327E0
5.191891708E1,-5.362698991E0,-1.058021513E0,8.987603152E-1,5.539469297E0
5.192888108E1,-4.220492191E0,-1.272537144E0,3.949396563E-1,4.425819975E0
5.193884608E1,-3.164169880E0,-9.602788711E-1,4.543836200E-1,3.337749393E0
5.194880946E1,-2.459217281E0,-5.781183046E-1,1.510610622E0,2.943452881E0
5.195877446E1,-1.187368136E0,-4.980974042E-1,2.246683856E0,2.589504289E0
5.196873846E1,-2.191963273E-1,1.800129658E-1,2.932558452E0,2.946243501E0
5.197870346E1,3.583781862E-1,2.376455206E0,5.023293850E0,5.568613416E0
5.198866746E1,3.761981606E-1,3.826955282E0,6.516013747E0,7.566078703E0
5.199863246E1,-5.853915831E-1,3.051831418E0,5.838154807E0,6.613653292E0
5.200859646E1,-1.798646219E0,1.687905217E0,3.859994097E0,4.580797602E0
5.201856146E1,-2.200282399E0,2.025215886E0,2.888799351E0,4.157872498E0
5.202852546E1,-2.250387629E0,3.103968701E0,2.571481775E0,4.616425533E0
5.203849046E1,-1.972123752E0,4.117001152E0,2.656026666E0,5.281424830E0
5.204845546E1,-1.915956276E0,3.862228026E0,2.131098144E0,4.809290288E0
5.205841946E1,-1.615486574E0,2.521395403E0,2.144932656E0,3.683472241E0
5.206838346E1,-1.095807390E0,1.191286574E0,2.770249101E0,3.208463435E0
5.207834846E1,4.648981563E-1,1.570142294E0,2.505746208E0,2.993366195E0
5.208831346E1,2.150533704E0,2.360056690E0,2.035970523E0,3.786797956E0
5.209827746E1,3.016739938E0,2.401433342E0,1.387008669E0,4.097730469E0
5.210824146E1,3.190644318E0,2.173610618E0,4.445032874E-1,3.886177743E0
5.211820646E1,2.963654237E0,2.249690495E0,-3.915973878E-1,3.741350327E0
5.212817046E1,3.170467623E0,2.304113454E0,-8.875959340E-1,4.018535841E0
5.213813546E1,3.143360224E0,2.151407570E0,-9.164794251E-1,3.917805836E0
5.214809946E1,3.178922989E0,2.155391278E0,-7.148142198E-1,3.906689430E0
5.215806446E1,3.218410114E0,2.148214990E0,-4.796938777E-1,3.899114967E0
5.216802946E1,3.327219488E0,2.042986159E0,-3.914403901E-1,3.923953051E0
5.217799346E1,3.369687815E0,1.733588929E0,-9.973056333E-1,3.918513120E0
5.218795746E1,2.973409147E0,1.608973653E0,-1.717768117E0,3.792187426E0
5.219792246E1,2.144639272E0,1.589302450E0,-2.421113608E0,3.603768998E0
5.220788646E1,1.500467457E0,1.318651795E0,-3.525464072E0,4.052054056E0
5.221785146E1,1.599273415E-1,1.134502509E0,-4.364238971E0,4.512123059E0
5.222781546E1,1.006480938E0,5.027611434E-1,-4.879664015E0,5.007683451E0
5.223778046E1,1.600428971E0,-5.078523141E-1,-5.164673678E0,5.430758792E0
5.224774446E1,1.435899578E0,-1.159059060E0,-4.826960721E0,5.167666331E0
5.225770946E1,1.071160718E0,-1.140127530E0,-4.128059406E0,4.414538541E0
5.226767446E1,1.263366663E0,-7.559134215E-1,-3.646692055E0,3.932666192E0
5.227763846E1,2.017964754E0,-9.937851709E-1,-3.174874377E0,3.890966207E0
5.228760246E1,3.065231482E0,-1.618433864E0,-2.514775186E0,4.282413624E0
5.229756746E1,4.721978057E0,-2.477531930E0,-1.730282182E0,5.606167824E0
5.230753246E1,6.710740061E0,-3.768729878E0,-9.087881438E-1,7.750048578E0
5.231749646E1,8.665467762E0,-4.975403400E0,-3.254816048E-1,9.997545139E0
5.232746046E1,8.464474987E0,-5.415049698E0,-2.718966973E-1,1.005206585E1
5.233742546E1,6.034396720E0,-4.778070982E0,-1.481807092E0,7.838345382E0
5.234739046E1,3.217083381E0,-5.054780522E0,-4.834473224E0,7.698867641E0
5.235735446E1,1.560448634E-1,-5.475719823E0,-6.202796531E0,8.275417958E0
5.236731946E1,-1.767632003E0,-4.919092959E0,-4.586889249E0,6.954247006E0
5.237728346E1,-2.407612680E0,-4.442343739E0,-2.586678689E0,5.676435797E0
5.238724846E1,-2.392333320E0,-4.624929480E0,-1.461242142E0,5.408184539E0
5.239721246E1,-2.635937095E0,-5.551573997E0,5.494160771E-1,6.170088836E0
5.240717746E1,-3.240323139E0,-5.462792214E0,2.127674599E0,6.698417127E0
5.241714146E1,-3.416364968E0,-4.348570772E0,2.563068801E0,6.095157015E0
5.242710646E1,-3.366979970E0,-3.146865045E0,1.581563953E0,4.872438636E0
5.243707046E1,-3.267686354E0,-2.251380925E0,5.615797475E-1,4.007725289E0
5.244703546E1,-3.203834467E0,-1.574655760E0,5.788117844E-1,3.616506482E0
5.245699946E1,-3.357144953E0,-1.046380291E0,4.589526343E-1,3.546261619E0
5.246696446E1,-3.215364007E0,-7.139204729E-1,6.974956441E-1,3.366711795E0
5.247692846E1,-2.552663389E0,-7.710366601E-1,1.263644406E0,2.950827866E0
5.248689346E1,-1.716046697E0,-1.319529462E0,2.123815729E0,3.032584297E0
5.249685746E1,-1.000406850E0,-1.700891299E0,2.924399539E0,3.527882898E0
5.250682246E1,-3.008193648E-1,-1.432501177E0,3.444253263E0,3.742383259E0
5.251678646E1,8.400808749E-1,-7.742368412E-1,3.437829512E0,3.622685512E0
5.252675146E1,2.304498640E0,5.077657753E-1,2.631456374E0,3.534558347E0
5.253671546E1,3.518007995E0,2.056370435E0,1.778241776E0,4.446030076E0
5.254668046E1,4.036159303E0,3.428676866E0,8.082740682E-1,5.357211395E0
5.255664446E1,3.482241746E0,4.304388626E0,-3.474474013E-2,5.536693618E0
5.256660946E1,2.101619698E0,4.893792642E0,-7.835207579E-1,5.383299783E0
5.257657346E1,1.545075573E-1,5.529877903E0,-1.504595591E0,5.732994864E0
5.258653846E1,-1.617642004E0,5.981633785E0,-1.511278959E0,6.378140205E0
5.259650246E1,-2.337654691E0,6.244704110E0,-3.683289778E-1,6.678070463E0
5.260646746E1,-2.130333620E0,6.376149518E0,1.540313893E0,6.896823247E0
5.261643146E1,-1.500488361E0,6.284247075E0,3.544717784E0,7.369413192E0
5.262639646E1,-1.121247894E0,5.772308142E0,4.468694217E0,7.385524093E0
5.263636046E1,-1.283350984E0,5.139009079E0,3.976655697E0,6.623457903E0
5.264632546E1,-1.574319253E0,4.862916420E0,5.242167411E0,7.321663498E0
5.265628946E1,-2.035591624E0,3.975636528E0,7.046964317E0,8.343202331E0
5.266625446E1,-1.748307101E0,3.944604769E0,7.613291711E0,8.750925390E0
5.267621846E1,-4.716985412E-1,4.061128083E0,5.787589256E0,7.086003825E0
5.268618346E1,3.426756348E-1,3.446595658E0,3.052168218E0,4.616511567E0
5.269614746E1,7.778474969E-1,3.247644730E0,1.455164984E0,3.642766552E0
5.270611246E1,1.175810164E0,3.934940491E0,8.150644398E-1,4.186957876E0
5.271607646E1,2.391354935E0,4.459533384E0,-8.300163549E-1,5.127859551E0
5.272604146E1,3.798748899E0,3.985844012E0,-3.659654163E0,6.611392764E0
5.273600546E1,4.310755659E0,2.558189008E0,-6.060167153E0,7.864640569E0
5.274597046E1,3.769610469E0,8.319699097E-1,-7.043715604E0,8.032189398E0
5.275593446E1,4.765492451E0,-3.339760011E-1,-7.958374498E0,9.282089362E0
5.276589946E1,6.363136539E0,-2.193449636E0,-9.563939225E0,1.169485620E1
5.277586346E1,6.608196856E0,-3.037329154E0,-9.451178595E0,1.192553608E1
5.278582846E1,6.202208301E0,-3.056909725E0,-7.551940970E0,1.023933090E1
5.279579246E1,5.682409540E0,-3.267517077E0,-5.085964893E0,8.296594779E0
5.280575746E1,4.231820879E0,-3.136906067E0,-2.916594968E0,6.021213651E0
5.281572146E1,3.380296126E0,-4.211983908E0,-6.949705240E-1,5.445199204E0
5.282568646E1,2.778022389E0,-7.794797471E0,1.468199013E0,8.404277741E0
5.283565046E1,1.258569023E0,-1.153587119E1,3.644083613E0,1.216304507E1
5.284561546E1,-2.374417452E0,-1.498974312E1,5.046605530E0,1.599370140E1
5.285557946E1,-5.975394806E0,-1.319279669E1,5.059997408E0,1.534140806E1
5.286554446E1,-7.918120512E0,-8.038267345E0,2.122798898E0,1.148114321E1
5.287550846E1,-8.432097784E0,-5.699475224E0,-1.661301263E0,1.031233304E1
5.288547346E1,-7.331841248E0,-5.349501241E0,-3.782758810E0,9.832717012E0
5.289543746E1,-5.257637390E0,-4.972193279E0,-3.278230053E0,7.944321822E0
5.290540246E1,-3.163547151E0,-4.351105540E0,-1.212454079E0,5.514543943E0
5.291536646E1,-2.032575776E0,-3.947095098E0,5.804025194E-1,4.477475973E0
5.292533146E1,-1.275104071E0,-3.826455345E0,1.428003206E0,4.278649794E0
5.293529546E1,-3.248502517E-1,-4.034205748E0,2.056498197E0,4.539771859E0
5.294526067E1,3.607778835E-1,-4.410140784E0,2.262313171E0,4.969664304E0
5.295522467E1,-7.278678364E-1,-3.852304131E0,3.311961764E0,5.132166154E0
5.296518967E1,-2.051821886E0,-3.659799174E0,5.125782092E0,6.624027861E0
5.297515367E1,-1.714952098E0,-3.852407627E0,5.475033360E0,6.910723226E0
5.298511867E1,-4.028912848E-1,-2.913459983E0,5.071354455E0,5.862525605E0
5.299508267E1,8.198995024E-1,-1.957478816E0,3.467520504E0,4.065422113E0
5.300504767E1,1.803667223E-1,-1.163728062E0,1.661712323E0,2.036684315E0
5.301501167E1,-8.169782335E-1,-4.003442377E-1,-5.804307322E-1,1.079179678E0
5.302497667E1,-5.971030444E-1,1.799486464E-1,-2.386543407E0,2.466678535E0
5.303494067E1,-7.692918509E-1,1.184050060E0,-3.010973414E0,3.325619551E0
5.304490567E1,-1.657900815E0,2.532708596E0,-2.345596526E0,3.829500099E0
5.305486967E1,-2.560346045E0,2.887057466E0,-1.916296291E0,4.308441036E0
5.306483467E1,-3.100929319E0,3.101612858E0,-1.885284998E0,4.773894059E0
5.307479867E1,-2.521280798E0,3.239068619E0,-1.508889202E0,4.373233244E0
5.308476367E1,-2.306397961E0,3.323952649E0,-8.298625731E-1,4.129988457E0
5.309472767E1,-1.696570206E0,3.127642908E0,-1.133903388E-1,3.559966010E0
5.310469267E1,-1.292095495E0,3.344931874E0,4.856393266E-1,3.618552966E0
5.311465667E1,-2.753305331E0,3.919749425E0,1.534102396E0,5.029770965E0
5.312462167E1,-4.480591546E0,2.810868831E0,2.293047014E0,5.764958699E0
5.313458567E1,-3.984959328E0,2.173738087E0,-3.541003633E-1,4.553067667E0
5.314455067E1,-3.362888673E0,9.257089627E-1,-3.172095780E0,4.714673790E0
5.315451467E1,-4.379734678E0,4.424057157E0,-3.900889231E0,7.346515798E0
5.316447967E1,-2.911336275E0,4.083683717E0,-2.483492582E0,5.596435206E0
5.317444367E1,-1.893685108E0,4.469040372E0,-3.233797354E0,5.832307473E0
5.318440867E1,1.642281148E0,3.569671361E0,-3.200379932E0,5.067748288E0
5.319437267E1,2.658717847E0,3.458101224E0,-4.862007762E0,6.531949491E0
5.320433767E1,2.498216456E0,2.933714738E0,-2.888439748E0,4.815688092E0
5.321430167E1,1.830721706E0,2.526641525E0,-4.231375614E-1,3.148730658E0
5.322426667E1,1.400378328E0,1.710690063E0,1.210790839E0,2.520621830E0
5.323423067E1,1.750631808E0,1.107791258E0,1.461585812E0,2.535378923E0
5.324419567E1,2.891673258E0,3.841468656E-1,8.153512457E-1,3.028884398E0
5.325415967E1,4.192227336E0,-5.006754416E-1,3.863612062E-1,4.239660471E0
5.326412467E1,4.688148991E0,-1.054484532E0,4.631564900E-1,4.827545186E0
5.327408867E1,4.571832669E0,-1.279530414E0,9.828233957E-2,4.748527293E0
5.328405367E1,4.269579567E0,-7.053630728E-1,-8.152129591E-1,4.403568883E0
5.329401767E1,4.016794494E0,-3.427240205E-1,-6.954950193E-1,4.090942566E0
5.330398267E1,4.111034068E0,-9.408456498E-1,-1.944465253E-1,4.221800694E0
5.331394667E1,4.197785114E0,-1.835558522E0,3.309863198E-1,4.593498329E0
5.332391167E1,4.411040670E0,-2.156030379E0,4.007590976E-1,4.926089184E0
5.333387567E1,4.690237032E0,-2.197460825E0,2.620654812E-1,5.186119533E0
5.334384067E1,4.169076455E0,-2.215588363E0,-2.777415740E-1,4.729394323E0
5.335380467E1,3.206451096E0,-1.724049781E0,-7.937127471E-2,3.641425006E0
5.336376967E1,2.232688546E0,-1.207624864E0,1.273832887E0,2.840053904E0
5.337373367E1,8.958419698E-1,-1.146472929E0,1.771961281E0,2.292766842E0
5.338369867E1,4.252299875E-1,-1.329531124E0,1.175182757E0,1.824699445E0
5.339366267E1,-3.863775784E-1,-1.558243795E0,1.402599685E0,2.131829551E0
5.340362767E1,-1.839409499E0,-1.767862383E0,2.545104693E0,3.603654063E0
5.341359167E1,-1.887344972E0,-2.593187517E0,3.272539543E0,4.582161892E0
5.342355667E1,-1.758109227E0,-2.922065331E0,4.064575016E0,5.305674690E0
5.343352067E1,-1.677550968E0,-2.841830422E0,4.115647814E0,5.275294715E0
5.344348567E1,-1.780239184E0,-3.306235000E0,3.442652588E0,5.094339827E0
5.345344967E1,-1.726528416E0,-3.561985781E0,2.381225950E0,4.619402569E0
5.346341467E1,-9.520255262E-1,-3.245233923E0,8.273409614E-1,3.481722115E0
5.347337867E1,4.311526322E-1,-1.969891870E0,-1.649201035E0,2.605039467E0
5.348334367E1,2.210136420E-1,-1.974534559E0,-1.338074783E0,2.395428538E0
5.349330767E1,-3.850613701E-1,-1.422742174E0,-8.416754106E-1,1.697317015E0
5.350327267E1,-3.218617398E-1,-1.073199130E0,-3.968060875E-1,1.188615339E0
5.351323667E1,-2.345242184E-1,-1.602277422E0,1.077098054E-1,1.622928202E0
5.352320167E1,-5.928053409E-1,-2.061566856E0,1.567326275E0,2.656687360E0
5.353316567E1,-5.388840723E-1,-1.973642274E0,2.876267891E0,3.529670927E0
5.354313067E1,-2.928653973E-1,-1.881194286E0,-1.859791723E-1,1.912916709E0
5.355309467E1,-2.534379146E0,-1.502343244E0,-7.004908803E-1,3.028332932E0
5.356305967E1,-1.278241687E0,-1.587267619E-1,-4.355214086E0,4.541694148E0
5.357302367E1,4.079602361E-2,5.495371145E-1,-9.186057066E0,9.202570281E0
5.358298867E1,-3.611561984E-1,-2.873736924E-1,-7.024854240E0,7.039999612E0
5.359295267E1,-1.093825768E0,-8.116900116E-1,-5.628749058E0,5.791209843E0
5.360291767E1,-1.868184816E0,-1.354819162E0,-4.171180868E0,4.767011569E0
5.361288167E1,-1.798175519E0,-8.119472891E-1,-4.391002847E0,4.813896509E0
5.362284667E1,-1.202453002E0,-1.066242698E0,-4.134444566E0,4.435808673E0
5.363281067E1,-5.396518117E-1,-8.511464381E-1,-4.455229833E0,4.567794567E0
5.364277567E1,-1.179839480E-1,-6.685039794E-1,-5.099561423E0,5.144545120E0
5.365273967E1,-3.575396955E-2,-1.085541433E-1,-5.980432767E0,5.981524758E0
5.366270467E1,1.131617492E-1,1.081044924E-1,-6.826752328E0,6.828545930E0
5.367266867E1,1.336603332E-1,4.722439402E-1,-7.433904397E0,7.450088188E0
5.368263367E1,5.288549280E-1,1.266499309E0,-8.161238383E0,8.275839533E0
5.369259767E1,1.365816021E0,2.166287565E0,-8.750942945E0,9.117963460E0
5.370256267E1,2.313580096E0,3.049503057E0,-9.287543095E0,1.004542575E1
5.371252667E1,3.481366711E0,4.112656086E0,-1.002826837E1,1.138420049E1
5.372249167E1,4.586342534E0,4.832029088E0,-1.041024358E1,1.235945850E1
5.373245567E1,5.686252331E0,5.590007161E0,-1.057934272E1,1.324779748E1
5.374242067E1,6.805462031E0,6.508654441E0,-1.058667396E1,1.416878829E1
5.375238467E1,8.126263263E0,6.906068054E0,-1.018504509E1,1.474669706E1
5.376234967E1,9.431879275E0,6.569770124E0,-8.732469837E0,1.443531280E1
5.377231367E1,1.029844365E1,5.812803619E0,-6.304180233E0,1.340109383E1
5.378227867E1,1.054182699E1,4.934841850E0,-3.543986005E0,1.216727649E1
5.379224267E1,1.023772850E1,4.227803550E0,-1.015704628E0,1.112281725E1
5.380220767E1,9.543648217E0,3.697037167E0,1.039145823E0,1.028732857E1
5.381217167E1,8.315945769E0,2.913629553E0,2.401541516E0,9.132994736E0
5.382213667E1,7.142748726E0,2.294811704E0,2.787488447E0,8.003443756E0
5.383210067E1,6.635122114E0,1.125359218E0,2.356221794E0,7.130431963E0
5.384206567E1,6.403410991E0,-1.637846035E0,2.316406640E0,7.003709851E0
5.385202967E1,5.875432561E0,-4.792955654E0,3.221262970E0,8.238304850E0
5.386199467E1,4.442422092E0,-6.952718895E0,5.187643880E0,9.746130673E0
5.387195867E1,1.457518489E0,-7.399039205E0,9.380272919E0,1.203576592E1
5.388192367E1,9.800962543E-1,-6.236005207E0,1.203097248E1,1.358648771E1
5.389188767E1,2.206225217E0,-5.918342353E0,1.161233874E1,1.321894916E1
5.390185267E1,4.285671104E0,-5.921461258E0,8.009710128E0,1.084371415E1
5.391181667E1,6.010934182E0,-4.786694163E0,5.266250339E0,9.315426098E0
5.392178167E1,5.106566972E0,-4.435463613E0,4.369685068E0,8.052608975E0
5.393174567E1,4.130956702E0,-5.571049318E0,3.805329355E0,7.910873863E0
5.394171067E1,3.322794900E0,-6.613397369E0,2.852303955E0,7.931811178E0
5.395167454E1,1.877281330E0,-7.073630544E0,1.723440501E0,7.518688810E0
5.396163954E1,3.368358743E-1,-7.292249166E0,5.448429698E-1,7.320328556E0
5.397160354E1,-6.645927769E-1,-7.307256630E0,-4.845856583E-1,7.353401001E0
5.398156854E1,-1.528023046E0,-7.027274403E0,-3.285082698E-1,7.198983098E0
5.399153254E1,-1.419023345E0,-6.450339575E0,-2.746717858E-1,6.610291406E0
5.400149754E1,-1.868623942E0,-6.082057959E0,5.149303687E-1,6.383442468E0
5.401146154E1,-1.612715871E0,-5.920633877E0,1.197721435E0,6.252143202E0
5.402142654E1,-9.490709281E-1,-6.167302762E0,1.597290916E0,6.441094415E0
5.403139054E1,-6.617089301E-1,-6.471115317E0,2.278233678E0,6.892281251E0
5.404135554E1,-5.789614731E-1,-6.491838434E0,2.820606784E0,7.101759308E0
5.405131954E1,-4.774403608E-1,-6.395330139E0,2.540404117E0,6.897959841E0
5.406128454E1,1.535575309E-1,-6.228174031E0,2.053149204E0,6.559661069E0
5.407124854E1,1.093590272E0,-5.888825024E0,-6.515435457E-1,6.024840980E0
5.408121354E1,-1.357197225E-1,-3.610216247E0,-1.096828430E1,1.154795834E1
5.409117754E1,-1.868441217E-1,-3.467099797E0,-5.186768551E0,6.241655208E0
5.410114254E1,3.381506938E-1,-1.415890406E0,-3.467055066E0,3.760260943E0
5.411110654E1,1.513688450E-1,-1.794942301E0,-5.558932133E0,5.843496971E0
5.412107154E1,-9.734639769E-1,-2.546885755E0,-6.089092160E0,6.671679136E0
5.413103554E1,-6.661010662E-1,-2.765693243E0,-4.692320979E0,5.487315000E0
5.414100054E1,-2.402628952E-1,-3.313136469E0,-2.286860075E0,4.032905717E0
5.415096454E1,2.031931559E-1,-3.701392173E0,-8.024461484E-1,3.792823658E0
5.416092954E1,6.550628386E-1,-3.783739096E0,6.743552881E-1,3.898787494E0
5.417089354E1,1.085083888E0,-4.110107285E0,1.787350568E0,4.611400112E0
5.418085854E1,1.870697365E0,-5.259676899E0,1.776406919E0,5.858270329E0
5.419082254E1,2.579592741E0,-5.741324916E0,5.861810303E-1,6.321449098E0
5.420078754E1,2.042510195E0,-4.851304142E0,-2.852113920E-1,5.271465196E0
5.421075154E1,1.241588416E0,-4.076317103E0,-1.271993937E0,4.447007026E0
5.422071654E1,7.130271645E-1,-3.262365680E0,-2.836231713E0,4.381283819E0
5.423068054E1,2.542994652E-1,-2.237998987E0,-3.877400381E0,4.484143329E0
5.424064554E1,1.570804784E-1,-1.471637760E0,-3.299681441E0,3.616391791E0
5.425060954E1,4.168470537E-1,-1.778559572E0,-2.167217857E0,2.834408025E0
5.426057454E1,7.990011882E-1,-2.607450922E0,-1.301437592E0,3.021745029E0
5.427053954E1,1.210378683E0,-3.022163523E0,-3.472994667E-1,3.274004557E0
5.428050354E1,1.569562835E0,-2.869639780E0,1.247936153E-1,3.273214537E0
5.429046754E1,2.061683946E0,-2.455159606E0,-8.829646468E-2,3.207202153E0
5.430043254E1,1.985376174E0,-1.667295244E0,-1.070602382E0,2.804956585E0
5.431039754E1,1.256074747E0,-2.386795422E-1,-2.056758106E0,2.421764976E0
5.432036154E1,7.192667283E-1,9.866363651E-1,-1.923547423E0,2.278339447E0
5.433032554E1,7.871379185E-1,9.473576939E-1,-5.794409448E-1,1.361184966E0
5.434029054E1,1.303947217E0,1.240691453E-2,9.070949364E-1,1.588475212E0
5.435025554E1,1.623093510E0,-8.429767084E-1,2.449593934E0,3.057049675E0
5.436021954E1,1.674132393E0,-1.237400933E0,3.305995849E0,3.906851532E0
5.437018454E1,1.249381147E0,-6.609280345E-1,3.175757307E0,3.476091712E0
5.438014854E1,9.467678560E-1,3.296794671E-1,2.246275721E0,2.459839941E0
5.439011354E1,1.062932370E0,8.329218364E-1,8.764835930E-1,1.609909158E0
5.440007754E1,1.294326208E0,9.710935888E-1,-5.650912929E-1,1.713951942E0
5.441004254E1,1.711798110E0,9.152994570E-1,-1.185023037E0,2.274270314E0
5.442000654E1,2.039993846E0,4.862038752E-1,-6.598939544E-1,2.198506114E0
5.442997154E1,2.015891623E0,1.728746849E-1,3.737967092E-1,2.057529750E0
5.443993554E1,1.830948724E0,1.240846404E-1,8.219033432E-1,2.010794702E0
5.444990054E1,1.802779616E0,-7.299488604E-2,4.745296168E-1,1.865615436E0
5.445986454E1,2.033592168E0,-1.293860185E-1,-1.086015058E-1,2.040596025E0
5.446982954E1,2.255394746E0,-9.823029935E-3,-9.124404609E-1,2.432991892E0
5.447979354E1,2.376798584E0,-1.922915339E-2,-1.917477429E0,3.053892755E0
5.448975854E1,2.741886889E0,-1.087658125E-1,-2.799724038E0,3.920233207E0
5.449972254E1,3.377407017E0,-2.938032907E-1,-3.360499501E0,4.773484621E0
5.450968754E1,3.819005408E0,-1.805471089E-1,-3.105698308E0,4.925724469E0
5.451965154E1,3.808835053E0,3.187463433E-2,-2.621144224E0,4.623703872E0
5.452961654E1,3.597309396E0,7.845969379E-2,-1.731102692E0,3.992932174E0
5.453958054E1,3.422913265E0,1.300797907E-1,-8.167507768E-1,3.521411337E0
5.454954554E1,3.305671914E0,2.204327211E-1,-6.019574028E-1,3.367255574E0
5.455950954E1,3.032511633E0,1.683696976E-1,-1.079368528E0,3.223276528E0
5.456947454E1,2.560038190E0,1.066716322E-1,-1.879294526E0,3.177565465E0
5.457943854E1,1.962688977E0,1.505295503E-1,-2.577495929E0,3.243191704E0
5.458940354E1,1.410659780E0,2.214632928E-1,-2.972029204E0,3.297266230E0
5.459936754E1,5.815471119E-1,3.402281365E-1,-3.211007246E0,3.280932758E0
5.460933254E1,-4.695543672E-1,4.685195562E-1,-3.370899943E0,3.435543378E0
5.461929654E1,-1.089317273E0,4.828159985E-1,-3.165310087E0,3.382145969E0
5.462926154E1,-9.818421599E-1,2.824228549E-1,-2.502701855E0,2.703200560E0
5.463922554E1,-4.775969931E-1,-1.020406374E-1,-1.555069342E0,1.629954551E0
5.464919054E1,7.867984146E-2,-7.091976768E-1,-8.748861337E-1,1.128971926E0
5.465915454E1,6.396232657E-1,-1.285115966E0,-5.074991423E-1,1.522562429E0
5.466911954E1,8.824536002E-1,-1.722202061E0,-3.576507926E-1,1.967896945E0
5.467908354E1,7.266690841E-1,-1.853523215E0,-3.143954301E-1,2.015549740E0
5.468904854E1,2.509543828E-1,-1.693360085E0,-5.505001509E-1,1.798192675E0
5.469901254E1,-3.335232074E-1,-1.265192164E0,-8.203129005E-1,1.544299905E0
5.470897754E1,-7.401149757E-1,-6.476802903E-1,-9.387517619E-1,1.359600973E0
5.471894154E1,-8.130739014E-1,-3.415782586E-1,-1.065874908E0,1.383421192E0
5.472890654E1,-7.511187047E-3,-1.749697423E-1,-4.125982475E-1,4.482277797E-1
5.473887054E1,5.622056919E-1,1.614176506E-1,5.817470866E-1,8.249609511E-1
5.474883554E1,2.274642172E-1,5.743573755E-1,1.011852483E0,1.185525964E0
5.475879954E1,-1.848636697E-1,8.064824814E-1,9.980372661E-1,1.296405397E0
5.476876454E1,-2.932626425E-1,8.336679411E-1,5.812506580E-1,1.057760626E0
5.477872854E1,-1.634799635E-1,1.170238352E0,-2.029112470E-1,1.198898024E0
5.478869354E1,-1.448172226E-1,1.710726900E0,-6.212438589E-1,1.825788182E0
5.479865754E1,-2.736428951E-1,2.238843325E0,-9.373671412E-2,2.257451315E0
5.480862254E1,-5.209716388E-1,2.627528214E0,1.048988149E0,2.876750268E0
5.481858654E1,-7.947745284E-1,2.596512244E0,2.194265907E0,3.491181068E0
5.482855154E1,-8.851944094E-1,2.150266194E0,2.989220603E0,3.787169610E0
5.483851554E1,-1.029010698E0,1.555071096E0,3.314856135E0,3.803338051E0
5.484848054E1,-1.111014682E0,9.163592649E-1,3.263894727E0,3.567502868E0
5.485844454E1,-1.251924978E0,5.633271879E-1,3.048528326E0,3.343378325E0
5.486840954E1,-1.339440985E0,4.523224765E-1,3.133771960E0,3.437909899E0
5.487837354E1,-1.260517754E0,2.548245817E-1,3.233771042E0,3.480102832E0
5.488833854E1,-1.135358249E0,1.914214683E-1,3.009413962E0,3.222150357E0
5.489830254E1,-1.002620460E0,3.471825224E-1,2.683421749E0,2.885573734E0
5.490826754E1,-8.918999232E-1,5.353476763E-1,2.335997736E0,2.557140597E0
5.491823154E1,-7.083314118E-1,5.874305803E-1,2.064208628E0,2.260036578E0
5.492819654E1,-3.009397443E-1,5.989092493E-1,2.201990663E0,2.301742796E0
5.493816054E1,2.693168326E-1,4.637660623E-1,2.756429499E0,2.808115756E0
5.494812617E1,7.958616719E-1,1.022081602E-1,2.987062395E0,3.092957171E0
5.495809017E1,1.172996630E0,-2.807873887E-1,2.764237286E0,3.015919499E0
5.496805517E1,1.254629461E0,-5.384472853E-1,2.199103893E0,2.588450984E0
5.497801917E1,8.125464825E-1,-6.656897146E-1,1.511974193E0,1.841043330E0
5.498798417E1,2.274566889E-3,-6.715135413E-1,9.640403849E-1,1.174865726E0
5.499794817E1,-6.787396766E-1,-5.817669672E-1,5.662028486E-1,1.058171072E0
5.500791317E1,-1.026856511E0,-3.362879902E-1,4.322133172E-1,1.163757818E0
5.501787717E1,-1.204887563E0,-1.201158428E-1,4.428833163E-1,1.289312796E0
5.502784217E1,-1.115691504E0,-1.386509317E-1,2.398048389E-1,1.149564254E0
5.503780617E1,-7.691662089E-1,-3.519333851E-1,-1.479380643E-1,8.586963581E-1
5.504777117E1,-5.384325942E-1,-7.033329195E-1,-5.043252736E-1,1.019279567E0
5.505773517E1,-3.965356538E-1,-1.019259735E0,-8.904356343E-1,1.410321436E0
5.506770017E1,-4.263386196E-1,-1.268837610E0,-1.347889042E0,1.899610058E0
5.507766417E1,-5.463102555E-1,-1.386328638E0,-1.753244344E0,2.300918886E0
5.508762917E1,-6.611170457E-1,-1.440855094E0,-2.060236030E0,2.599559895E0
5.509759317E1,-6.229326079E-1,-1.418591235E0,-2.335328230E0,2.802535293E0
5.510755817E1,-3.874275921E-1,-1.373226197E0,-2.404879691E0,2.796300530E0
5.511752217E1,-1.995056824E-1,-1.245977336E0,-2.470517026E0,2.774115429E0
5.512748717E1,-3.698072270E-1,-1.086719647E0,-2.697518216E0,2.931607324E0
5.513745117E1,-5.556705514E-1,-9.898792309E-1,-3.011675080E0,3.218511681E0
5.514741617E1,-4.345460638E-1,-9.224924093E-1,-3.093305719E0,3.257048172E0
5.515738017E1,-1.566993861E-1,-8.264554006E-1,-2.877794892E0,2.998213912E0
5.516734517E1,1.536478704E-1,-5.339332348E-1,-2.739439244E0,2.795213720E0
5.517730917E1,4.716551256E-1,-2.665698838E-1,-2.579060644E0,2.635350426E0
5.518727417E1,6.968027490E-1,-4.772263527E-2,-2.467810349E0,2.564741594E0
5.519723817E1,7.817093635E-1,2.826251686E-1,-2.321763859E0,2.466076628E0
5.520720317E1,8.878568660E-1,6.361279464E-1,-1.999328508E0,2.278214885E0
5.521716717E1,9.112415624E-1,9.641064584E-1,-1.606602023E0,2.083514461E0
5.522713217E1,8.770004869E-1,1.133952870E0,-1.333153474E0,1.957620278E0
5.523709617E1,7.088018934E-1,8.980568951E-1,-1.143858054E0,1.617812584E0
5.524706117E1,4.845458242E-1,6.774964124E-1,-1.007281129E0,1.307058269E0
5.525702517E1,2.998210258E-1,5.493932730E-1,-1.084001861E0,1.251713087E0
5.526699017E1,1.593698826E-1,3.413160110E-1,-8.869126868E-1,9.635919743E-1
5.527695417E1,-9.203955978E-3,1.335153222E-1,-1.796872759E-1,2.240503764E-1
5.528691917E1,-3.699652480E-1,1.138049430E-1,6.464617306E-1,7.534843190E-1
5.529688317E1,-5.533053526E-1,2.088789153E-1,1.399081416E0,1.518948986E0
5.530684817E1,-5.996364237E-1,3.945666039E-1,1.814754129E0,1.951558145E0
5.531681217E1,-4.888831425E-1,6.312139463E-1,1.926661651E0,2.085536595E0
5.532677717E1,-8.481108561E-2,7.005882365E-1,2.019961578E0,2.139687260E0
5.533674117E1,4.026769113E-1,6.326301420E-1,2.258096452E0,2.379363187E0
5.534670617E1,6.629630848E-1,7.816359079E-1,2.197783592E0,2.425021126E0
5.535667017E1,8.444640208E-1,1.071424500E0,2.077509289E0,2.485380210E0
5.536663517E1,1.030929316E0,1.253594504E0,1.888706789E0,2.490286684E0
5.537659917E1,9.988264941E-1,1.330881246E0,1.485527236E0,2.230625569E0
5.538656417E1,7.768223338E-1,1.320825205E0,1.296187377E0,2.007021145E0
5.539652817E1,5.002169468E-1,1.183608010E0,1.467621308E0,1.950655587E0
5.540649317E1,3.151442391E-1,1.100516152E0,1.681058128E0,2.033816148E0
5.541645717E1,2.373723972E-1,8.586963630E-1,1.941182626E0,2.135859332E0
5.542642217E1,1.778077615E-1,5.578711510E-1,2.257215861E0,2.331921796E0
5.543638617E1,1.576092128E-1,2.684725678E-1,2.262098286E0,2.283419988E0
5.544635117E1,2.233282623E-1,1.309858167E-1,2.035456114E0,2.051856328E0
5.545631517E1,4.204745201E-1,5.170634329E-2,1.728003668E0,1.779176508E0
5.546628017E1,7.991738272E-1,5.111986756E-2,1.203283891E0,1.445401041E0
5.547624417E1,9.556442948E-1,1.872851479E-1,6.577076805E-1,1.175121754E0
5.548620917E1,9.450307214E-1,3.919517291E-1,1.449986690E-1,1.033312071E0
5.549617317E1,8.932395934E-1,4.363320959E-1,-2.053904665E-1,1.015109803E0
5.550613817E1,8.803609548E-1,1.683734983E-1,-1.919629204E-1,9.166432286E-1
5.551610217E1,8.153494184E-1,-1.960395992E-1,-9.474477410E-2,8.439210691E-1
5.552606717E1,7.674960248E-1,-5.081891137E-1,-3.751865923E-2,9.212567358E-1
5.553603117E1,7.798426399E-1,-7.734737796E-1,-2.160604656E-2,1.098582292E0
5.554599617E1,8.243542036E-1,-9.218106240E-1,-2.213007402E-1,1.256291645E0
5.555596017E1,1.054172729E0,-8.608177328E-1,-4.860439539E-1,1.445173359E0
5.556592517E1,1.381727757E0,-7.559455812E-1,-4.929009837E-1,1.650326239E0
5.557588917E1,1.469647368E0,-6.939118856E-1,-5.287280434E-1,1.709072976E0
5.558585417E1,1.223522712E0,-7.710810989E-1,-7.424870449E-1,1.625687824E0
5.559581817E1,7.499160055E-1,-9.683392578E-1,-7.779755509E-1,1.450965503E0
5.560578317E1,3.122326912E-1,-1.248560636E0,-7.711670530E-1,1.500363802E0
5.561574817E1,-9.404690892E-2,-1.510915262E0,-1.335875938E0,2.018978522E0
5.562571217E1,-1.159831624E0,-1.491231780E0,-5.239651939E0,5.569823522E0
5.563567617E1,-1.307131026E0,-1.293661965E0,-4.547089591E0,4.904913511E0
5.564564117E1,1.582442205E-1,-1.169944822E0,-2.167315505E0,2.468009039E0
5.565560617E1,1.383556181E0,-6.888563830E-1,-1.088417094E0,1.890344570E0
5.566557017E1,1.653906290E0,-4.012417853E-2,-1.561262712E0,2.274765311E0
5.567553517E1,1.530604007E0,8.325441062E-2,-1.783093795E0,2.351404560E0
5.568549917E1,1.088390197E0,-1.947707534E-2,-1.419902766E0,1.789160820E0
5.569546417E1,2.403246564E-1,-3.551019913E-1,-1.734912153E0,1.787113188E0
5.570542817E1,-3.177004226E-1,-5.445003229E-1,-2.713177645E0,2.785452762E0
5.571539317E1,-6.831816602E-1,-3.740288436E-1,-4.182773557E0,4.254671478E0