"Time (s)","Linear Acceleration x (m/s^2)","Linear Acceleration y (m/s^2)","Linear Acceleration z (m/s^2)","Absolute acceleration (m/s^2)"
3.979791654E-3,-3.540225953E-2,2.503807563E0,-5.921019208E-1,2.573109076E0
1.394479163E-2,-4.697606277E-1,2.285494750E0,-1.306262130E0,2.674038528E0
2.391079167E-2,-1.078256972E0,2.032887433E0,-1.496177355E0,2.744779789E0
3.387579165E-2,-1.431417688E0,2.009559089E0,-1.360213804E0,2.817350869E0
4.384179163E-2,-1.469723967E0,2.009784499E0,-1.035521427E0,2.696595427E0
5.380679166E-2,-1.585308802E0,2.343869843E0,-2.679007101E-1,2.842305513E0
6.377279165E-2,-1.565656603E0,2.942414811E0,7.825398874E-1,3.423660934E0
7.373779168E-2,-1.321386538E0,3.341623519E0,1.809010994E0,4.023062378E0
8.370379166E-2,-7.181944951E-1,2.993535848E0,1.842483965E0,3.587730113E0
9.366979165E-2,-8.178304651E-1,2.247951679E0,1.037977842E0,2.607591115E0
1.036347917E-1,-1.533415640E0,1.257857124E0,1.411102706E-1,1.988336033E0
1.136007917E-1,-3.012858849E0,2.422639585E-1,-4.420658755E-1,3.054739352E0
1.235647083E-1,-4.727477948E0,-6.513453982E-1,-3.778558463E-1,4.787073596E0
1.335307083E-1,-5.021929695E0,-1.264857411E0,3.479900229E-1,5.190446916E0
1.434957083E-1,-4.339302936E0,-1.503302918E0,1.122174824E0,4.727446030E0
1.534617083E-1,-3.061544228E0,-1.304727235E0,2.528519066E0,4.179566352E0
1.634267083E-1,-1.891854053E0,-5.599705207E-1,3.654670581E0,4.153227155E0
1.733927083E-1,-1.091219372E0,-5.788414133E-2,4.935519542E0,5.055043367E0
1.833577083E-1,-1.624906147E-1,1.231878146E-2,6.017463183E0,6.019669270E0
1.933237083E-1,1.004571237E0,-4.105131304E-1,5.581770188E0,5.686285504E0
2.032887083E-1,1.985420321E0,-1.655109500E0,4.621533417E0,5.295266984E0
2.132547083E-1,3.430473130E0,-3.343760676E0,3.040152774E0,5.673747461E0
2.232197083E-1,3.423009744E0,-4.285797404E0,1.408420588E0,5.662923596E0
2.331857083E-1,1.209217061E0,-3.783343532E0,1.916386338E0,4.410037503E0
2.431507083E-1,7.960095334E-1,-3.321774853E0,1.550617272E0,3.751297546E0
2.531167083E-1,1.624759966E0,-2.875015710E0,4.046191370E-1,3.327052288E0
2.630817083E-1,1.729407585E0,-2.248054736E0,7.156822389E-1,2.925201148E0
2.730477083E-1,2.145584913E0,-1.122185568E0,4.816743296E-1,2.468774033E0
2.830127083E-1,1.546443821E0,4.828266697E-1,4.617452645E-1,1.684582671E0
2.929787083E-1,-2.825971019E-1,1.525239186E0,1.229353117E0,1.979273802E0
3.029437083E-1,-1.437254378E0,1.650654068E0,8.827857220E-1,2.360014752E0
3.129097083E-1,-1.551727658E0,1.285003261E0,-3.805327016E-1,2.050340763E0
3.228747083E-1,-1.629371080E0,-8.250621370E-2,-1.841988121E0,2.460605135E0
3.328407083E-1,-1.752626878E0,-1.354167636E0,-3.673894472E0,4.289868477E0
3.428067083E-1,-2.061989902E0,-1.613889700E0,-5.049603982E0,5.688140530E0
3.527717083E-1,-2.978497978E0,-5.694317176E-1,-4.483861894E0,5.413013964E0
3.627377083E-1,-3.411908221E0,4.340313992E-1,-2.562487881E0,4.289037783E0
3.727027084E-1,-2.552795536E0,9.084826268E-1,-2.236104489E0,3.513156560E0
3.826687083E-1,-6.494394252E-1,6.902951635E-1,-3.501299869E0,3.627310264E0
3.926337083E-1,1.377687038E0,8.447762621E-1,-3.346822863E0,3.716569895E0
4.025997084E-1,2.850371743E0,1.151464989E0,-3.020961628E0,4.310069587E0
4.125647083E-1,3.757994390E0,1.162878023E0,-3.064171967E0,4.986377139E0
4.225307083E-1,4.015444372E0,6.430387706E-1,-3.496387623E0,5.363023287E0
4.324957083E-1,3.393930956E0,-2.933665037E-2,-4.785507470E0,5.866916543E0
4.424617083E-1,2.874003557E0,-5.148970395E-2,-6.096439771E0,6.740113168E0
4.524267083E-1,2.196367688E0,2.005536497E-1,-6.693892479E0,7.047868423E0
4.623927083E-1,1.349904285E0,-2.123416364E-2,-7.141178164E0,7.267676247E0
4.723577083E-1,7.429057056E-1,-1.197705647E-1,-7.445742670E0,7.483671411E0
4.823237083E-1,-7.184234867E-1,1.591278809E-1,-7.188796134E0,7.226357578E0
4.922887083E-1,-2.203671738E0,5.275507066E-1,-6.879197760E0,7.242778520E0
5.022547083E-1,-2.420131568E0,-8.097545832E-2,-6.250958877E0,6.703587152E0
5.122197083E-1,-1.814747112E0,-1.454084419E0,-4.810490284E0,5.343078266E0
5.221857083E-1,-1.063684395E0,-2.799824025E0,-4.992853246E0,5.822286715E0
5.321507083E-1,-1.108890242E0,-3.486401456E0,-6.627730064E0,7.570431856E0
5.421167083E-1,-1.201371559E0,-2.939329235E0,-7.648486102E0,8.281442485E0
5.520817083E-1,-1.621030612E0,-2.687294067E0,-8.267393414E0,8.843024568E0
5.620477083E-1,-1.727297909E0,-3.195127086E0,-8.618571923E0,9.352656155E0
5.720127083E-1,-1.699301441E0,-4.273155139E0,-8.472569287E0,9.640119842E0
5.819787083E-1,-1.839955044E0,-5.738041120E0,-7.588550388E0,9.690028248E0
5.919437083E-1,-1.331056078E0,-7.468562599E0,-6.291235083E0,9.855494733E0
6.019097083E-1,-1.350852411E0,-8.598745185E0,-5.478954502E0,1.028504562E1
6.118747083E-1,-1.790575308E0,-9.397653183E0,-5.337780497E0,1.095508767E1
6.218407083E-1,-2.415214645E0,-1.051361651E1,-4.167742120E0,1.156457817E1
6.318057083E-1,-2.248370193E0,-1.177671683E1,-2.200824144E0,1.218974384E1
6.417717083E-1,-7.837403208E-1,-1.263070853E1,-7.482331038E-1,1.267710138E1
6.517377083E-1,1.447277675E0,-1.362389085E1,-4.291742268E-1,1.370726833E1
6.617027083E-1,4.352245747E0,-1.417431966E1,-9.328068978E-1,1.485676646E1
6.716687083E-1,6.482943065E0,-1.465357734E1,-9.446013165E-1,1.605142209E1
6.816337083E-1,7.521216776E0,-1.522259679E1,-5.779189146E-1,1.698911843E1
6.915997083E-1,8.739986433E0,-1.492669493E1,-7.862663180E-1,1.731507434E1
7.015647083E-1,1.026688974E1,-1.437125739E1,-1.409162600E0,1.771800788E1
7.115307083E-1,1.110986177E1,-1.422749190E1,-1.804618858E0,1.814131207E1
7.214957083E-1,1.156158958E1,-1.384707790E1,-1.404007695E0,1.809373255E1
7.314617083E-1,1.201817409E1,-1.324297282E1,-1.135008878E-1,1.788367188E1
7.414267084E-1,1.249158221E1,-1.230895613E1,1.274294232E0,1.758334021E1
7.513927083E-1,1.271036164E1,-1.114440595E1,2.111517280E0,1.703553880E1
7.613577083E-1,1.296790927E1,-9.615150894E0,2.450934993E0,1.632865211E1
7.713237084E-1,1.281410294E1,-7.804374626E0,2.579726057E0,1.522381305E1
7.812887083E-1,1.210355046E1,-6.036435644E0,2.536655467E0,1.376114494E1
7.912547083E-1,1.102608286E1,-4.379780286E0,2.454049512E0,1.211525227E1
8.012197083E-1,1.012298625E1,-2.987201559E0,2.328207199E0,1.080827334E1
8.111857083E-1,9.313093674E0,-1.944462914E0,2.175759469E0,9.759537851E0
8.211507083E-1,8.043490078E0,-9.782912189E-1,2.007208508E0,8.347674666E0
8.311167083E-1,6.686535512E0,-1.600026244E-1,1.585010594E0,6.873690172E0
8.410817083E-1,5.549495312E0,5.374269462E-1,1.368306204E0,5.740904790E0
8.510477083E-1,4.639979044E0,1.111503655E0,1.454648091E0,4.988070465E0
8.610127083E-1,4.111041085E0,1.529807031E0,1.641610472E0,4.683572707E0
8.709787083E-1,3.989761646E0,1.818519736E0,1.650659769E0,4.685070939E0
8.809437083E-1,3.940642696E0,1.870685086E0,1.520489639E0,4.619525548E0
8.909097083E-1,3.905206230E0,1.920882263E0,1.248314030E0,4.527550362E0
9.008747083E-1,3.955158994E0,2.103634649E0,9.136237912E-1,4.572009387E0
9.108407083E-1,4.230374570E0,2.464679165E0,7.023944414E-1,4.946116694E0
9.208057083E-1,4.686248061E0,3.111249070E0,6.325858493E-1,5.660473171E0
9.307717083E-1,5.123853680E0,3.603231456E0,4.770228696E-1,6.282093941E0
9.407367083E-1,5.551188666E0,3.767693167E0,5.570632119E-1,6.732126471E0
9.507027083E-1,5.929109416E0,4.114539474E0,8.841387677E-1,7.270864798E0
9.606677083E-1,6.168730652E0,4.421631147E0,1.291310945E0,7.698801454E0
9.706337083E-1,6.361247304E0,4.457107959E0,1.793915237E0,7.971788413E0
9.805987083E-1,6.521852192E0,4.313520223E0,2.119156229E0,8.101347780E0
9.905647083E-1,6.654771098E0,4.372322162E0,2.694279736E0,8.406088434E0
1.000529708E0,6.649920248E0,4.528497784E0,3.397001914E0,8.733175453E0
1.010495708E0,6.788587552E0,4.431970779E0,4.018101931E0,9.048338470E0
1.020461708E0,7.130712817E0,4.144121708E0,4.361912657E0,9.329903110E0
1.030426708E0,7.428575245E0,4.088633970E0,4.393500193E0,9.550052453E0
1.040392708E0,7.748935420E0,4.161651660E0,4.457821319E0,9.860908457E0
1.050357708E0,8.046203186E0,4.148762643E0,4.443050083E0,1.008435973E1
1.060323708E0,8.366312515E0,4.245498978E0,4.553706885E0,1.042859977E1
1.070288708E0,8.675277051E0,4.633940039E0,4.778874681E0,1.093487428E1
1.080254708E0,8.708083439E0,5.356467614E0,4.998259581E0,1.138002906E1
1.090219708E0,8.813376591E0,6.061301513E0,5.074396176E0,1.183910805E1
1.100185708E0,9.216667825E0,6.088074160E0,4.973820559E0,1.211406223E1
1.110150708E0,9.673591475E0,5.520463302E0,4.840184199E0,1.214418668E1
1.120116708E0,9.743461609E0,5.171735945E0,4.750799860E0,1.201049525E1
1.130082292E0,9.497079822E0,5.352348250E0,4.731655784E0,1.188405332E1
1.140048292E0,9.149979161E0,5.398426648E0,4.610163214E0,1.158096429E1
1.150013292E0,9.026347972E0,5.130073949E0,4.293214889E0,1.123495930E1
1.159979292E0,8.986737764E0,4.848051043E0,4.040772463E0,1.098147971E1
1.169944292E0,9.057749274E0,4.728852044E0,3.893658856E0,1.093459843E1
1.179910292E0,9.384099337E0,4.740628336E0,3.675766458E0,1.113760012E1
1.189875292E0,9.678335322E0,4.831825020E0,3.188186148E0,1.127746596E1
1.199841292E0,9.985210648E0,4.761466643E0,2.429361691E0,1.132597874E1
1.209806292E0,1.025933046E1,3.950333287E0,1.569166102E0,1.110501133E1
1.219772292E0,1.040458582E1,2.626346492E0,7.281982040E-1,1.075562060E1
1.229737292E0,1.026260022E1,1.438759452E0,2.744194785E-1,1.036659530E1
1.239703292E0,1.004145618E1,2.899447131E-1,1.427422285E-2,1.004565150E1
1.249668292E0,9.774127917E0,-6.222139120E-1,1.670914963E-1,9.795337986E0
1.259634292E0,9.373555638E0,-1.317137366E0,2.854420647E-1,9.469945792E0
1.269599292E0,8.760616579E0,-2.104156805E0,4.317651281E-1,9.020105312E0
1.279565292E0,7.878990360E0,-2.719647004E0,4.696086001E-1,8.348383146E0
1.289530292E0,6.874926369E0,-3.062856343E0,3.096477833E-1,7.532700930E0
1.299496292E0,6.110323985E0,-2.978420210E0,1.863647962E-1,6.800130733E0
1.309461292E0,5.676859948E0,-2.833289394E0,3.462899449E-1,6.354068334E0
1.319427292E0,5.229488894E0,-2.730269641E0,6.597322789E-1,5.936090724E0
1.329392292E0,4.784751425E0,-2.532049615E0,9.123983610E-1,5.489771600E0
1.339358292E0,4.272800798E0,-2.375329033E0,1.132955335E0,5.018227024E0
1.349323292E0,3.779280009E0,-2.440647694E0,1.139428495E0,4.640906792E0
1.359289292E0,3.253940427E0,-2.767231060E0,1.147434211E0,4.422929042E0
1.369254292E0,2.644458243E0,-3.135037882E0,1.298878558E0,4.302174732E0
1.379220292E0,2.010437048E0,-3.497230207E0,1.453254991E0,4.287706416E0
1.389185292E0,1.362881303E0,-3.920612474E0,1.490673663E0,4.410301077E0
1.399151292E0,8.424878812E-1,-4.356622973E0,1.532641761E0,4.694564978E0
1.409116292E0,5.258816189E-1,-4.747757261E0,1.703507928E0,5.071458345E0
1.419082292E0,3.061075866E-1,-5.133097544E0,2.114017550E0,5.559807771E0
1.429047292E0,-1.473439872E-2,-5.564937809E0,2.461983307E0,6.085237195E0
1.439013292E0,-5.791023910E-1,-6.068162051E0,2.570478685E0,6.615535574E0
1.448978292E0,-1.362630458E0,-6.411130486E0,2.478286221E0,7.007229014E0
1.458944292E0,-2.013723183E0,-6.593542564E0,2.360685850E0,7.287161470E0
1.468909292E0,-2.419575498E0,-6.857428576E0,2.243434120E0,7.609971676E0
1.478875292E0,-2.768250815E0,-7.235221857E0,1.970359647E0,7.993370067E0
1.488841292E0,-3.271799578E0,-7.543059050E0,1.571819422E0,8.370963421E0
1.498806292E0,-3.808213786E0,-7.692636089E0,1.108082449E0,8.654882377E0
1.508772292E0,-4.319475027E0,-7.748769359E0,5.088543807E-1,8.885956554E0
1.518737292E0,-4.757166016E0,-7.717184454E0,-1.201298761E-1,9.066421322E0
1.528703292E0,-5.093013711E0,-7.717304907E0,-4.880589044E-1,9.259254029E0
1.538668292E0,-5.425668826E0,-7.789702792E0,-6.261280382E-1,9.513642211E0
1.548634292E0,-5.629876401E0,-7.778341067E0,-6.515333131E-1,9.624063264E0
1.558599292E0,-5.717182347E0,-7.786562837E0,-5.200107220E-1,9.674044964E0
1.568565292E0,-5.766884850E0,-7.938100448E0,-3.633415952E-1,9.818473237E0
1.578530292E0,-5.846393534E0,-8.146739627E0,-7.432512760E-2,1.002772198E1
1.588496292E0,-5.992306123E0,-8.240034292E0,3.161212358E-1,1.019342094E1
1.598461292E0,-6.204181736E0,-8.373223339E0,5.401119876E-1,1.043525089E1
1.608427292E0,-6.386888514E0,-8.628552536E0,6.831854609E-1,1.075690504E1
1.618392292E0,-6.673006225E0,-8.985248478E0,7.176121125E-1,1.121510898E1
1.628358292E0,-7.044648235E0,-9.220648609E0,8.402904975E-1,1.163415307E1
1.638323292E0,-7.427877672E0,-9.308644527E0,1.143143524E0,1.196373716E1
1.648289292E0,-7.641044351E0,-9.329033183E0,1.532119020E0,1.215581374E1
1.658254292E0,-7.576783451E0,-9.307294405E0,1.827621512E0,1.213975193E1
1.668220292E0,-7.173667633E0,-9.276608802E0,1.991912192E0,1.189473381E1
1.678185292E0,-6.609265727E0,-9.173925848E0,1.868634759E0,1.146015291E1
1.688151292E0,-6.011557496E0,-9.075005577E0,1.345465372E0,1.096835570E1
1.698116292E0,-5.568620970E0,-8.867679682E0,7.299807277E-1,1.049657822E1
1.708082292E0,-5.230258387E0,-8.544839119E0,3.517918825E-2,1.001853861E1
1.718047292E0,-4.837772223E0,-8.096659979E0,-6.499838009E-1,9.454227723E0
1.728013292E0,-4.312403989E0,-7.502403944E0,-1.285442826E0,8.748443082E0
1.737978292E0,-3.708859068E0,-7.097266159E0,-1.682433101E0,8.182750372E0
1.747944292E0,-3.013471929E0,-6.934625856E0,-1.863312039E0,7.787296102E0
1.757909292E0,-2.151352022E0,-7.054173349E0,-1.925264751E0,7.622094300E0
1.767875292E0,-1.233880032E0,-7.451971124E0,-1.890884292E0,7.786512504E0
1.777840292E0,-3.140785110E-1,-7.823969815E0,-1.673915169E0,8.007193077E0
1.787806292E0,5.100824422E-1,-7.928901608E0,-1.358359359E0,8.060571007E0
1.797771292E0,1.112915173E0,-7.816778909E0,-1.098476351E0,7.971653717E0
1.807737292E0,1.590178363E0,-7.498737155E0,-7.309557509E-1,7.700261194E0
1.817702292E0,1.972092177E0,-7.099489270E0,-2.444314483E-1,7.372356624E0
1.827668292E0,2.175217432E0,-6.527518144E0,3.190986380E-1,6.887807193E0
1.837633292E0,2.193727963E0,-5.680621462E0,7.581955898E-1,6.136510663E0
1.847599292E0,2.153152379E0,-4.548863636E0,1.068386872E0,5.144868906E0
1.857564292E0,2.272523287E0,-3.319526306E0,1.307657275E0,4.230080914E0
1.867530292E0,2.347403900E0,-2.436559321E0,1.498740043E0,3.700452420E0
1.877495292E0,2.519401503E0,-1.570402495E0,1.487492339E0,3.320569437E0
1.887461292E0,2.659067511E0,-8.604680693E-1,1.230242479E0,3.053611285E0
1.897426292E0,2.680068371E0,-7.288028061E-2,1.030294893E0,2.872209180E0
1.907392292E0,2.567469124E0,5.880117935E-1,1.019593904E0,2.824398573E0
1.917357292E0,2.401896442E0,1.046196104E0,9.961774130E-1,2.802856087E0
1.927323292E0,2.254115667E0,1.374024927E0,9.235807224E-1,2.796780880E0
1.937288292E0,2.078116230E0,1.551413662E0,8.629902658E-1,2.733167323E0
1.947254292E0,1.820476214E0,1.677812338E0,7.433638349E-1,2.584913476E0
1.957219292E0,1.286103854E0,1.622584217E0,5.353000215E-1,2.138548287E0
1.967185292E0,8.055328935E-1,1.678771282E0,2.126968548E-2,1.862151621E0
1.977150292E0,5.426204431E-1,1.702581144E0,-6.476620178E-1,1.900706602E0
1.987116292E0,5.374047267E-1,1.770182558E0,-1.085119264E0,2.144722347E0
1.997081292E0,7.814400262E-1,2.068977032E0,-1.348683679E0,2.590417368E0
2.007047292E0,1.187237377E0,2.456061539E0,-1.412151843E0,3.071798122E0
2.017012292E0,1.757719218E0,2.603084514E0,-1.125450726E0,3.336504934E0
2.026978292E0,2.226372968E0,2.402058409E0,-7.241064687E-1,3.354243786E0
2.036943292E0,2.445012056E0,2.106644211E0,-4.460456367E-1,3.258065453E0
2.046909292E0,2.505079333E0,1.828828962E0,-5.646036351E-1,3.152588635E0
2.056874292E0,2.654595560E0,1.782376342E0,-9.240397288E-1,3.328301734E0
2.066840292E0,3.418558259E0,2.290469561E0,-1.369790666E0,4.336947988E0
2.076805292E0,4.735838005E0,2.727030283E0,-1.511811348E0,5.670134859E0
2.086771292E0,6.240711631E0,3.067103761E0,-1.135083722E0,7.045709489E0
2.096736292E0,7.681820494E0,3.205937710E0,-6.407604030E-1,8.348591294E0
2.106702292E0,9.210891945E0,3.457327638E0,-4.107484809E-1,9.846946691E0
2.116668292E0,1.032614308E1,3.173067588E0,-2.158470422E-2,1.080268739E1
2.126632917E0,1.075993398E1,2.858269284E0,6.686887515E-1,1.115316220E1
2.136597917E0,1.069273894E1,2.772933850E0,1.252257246E0,1.111719283E1
2.146563917E0,1.034902441E1,2.751285703E0,1.677496004E0,1.083909000E1
2.156528917E0,1.004495750E1,2.820352430E0,2.036636667E0,1.063030799E1
2.166494917E0,9.961368041E0,2.813798870E0,2.180254809E0,1.057827152E1
2.176460917E0,1.016969264E1,2.880474086E0,2.199008291E0,1.079608340E1
2.186425917E0,1.045580860E1,2.930709270E0,2.141455902E0,1.106791867E1
2.196391917E0,1.067499031E1,2.914501373E0,2.024333248E0,1.124934049E1
2.206356917E0,1.065706040E1,2.682598461E0,1.787223391E0,1.113388694E1
2.216322917E0,1.041207142E1,2.421872284E0,1.409108513E0,1.078249894E1
2.226287917E0,9.925089576E0,2.496852885E0,1.059370173E0,1.028902049E1
2.236253917E0,9.344482697E0,2.691816012E0,8.903362316E-1,9.765138448E0
2.246218917E0,8.877840389E0,2.673886694E0,6.215657482E-1,9.292581127E0
2.256184917E0,8.629247185E0,2.578232678E0,7.177632630E-2,9.006461156E0
2.266149917E0,8.429732001E0,2.249729671E0,-6.332680732E-1,8.747725056E0
2.276115917E0,8.532809057E0,1.681947489E0,-1.259907743E0,8.787783867E0
2.286080917E0,8.898198640E0,1.029832086E0,-1.327976057E0,9.055496318E0
2.296046917E0,9.223822478E0,7.388483226E-2,-1.143285904E0,9.294700788E0
2.306011917E0,9.319164838E0,-9.025686067E-1,-7.375759685E-1,9.391777343E0
2.315977917E0,9.303925824E0,-2.050624961E0,-3.653664860E-1,9.534232593E0
2.325942917E0,9.223198580E0,-3.040571435E0,-2.335260987E-2,9.711488663E0
2.335908917E0,8.815971000E0,-3.627261758E0,4.513234797E-1,9.543692442E0
2.345873917E0,7.974702263E0,-3.934844597E0,9.628767890E-1,8.944607868E0
2.355839917E0,7.122219737E0,-3.813607843E0,1.430953126E0,8.204708746E0
2.365804917E0,6.266998374E0,-3.432214431E0,1.826867513E0,7.375148096E0
2.375770917E0,5.336678882E0,-2.923900187E0,2.169593873E0,6.460377029E0
2.385735917E0,4.183817285E0,-2.540283079E0,2.487036287E0,5.490238127E0
2.395701917E0,3.019046080E0,-2.359945008E0,2.676235228E0,4.673993440E0
2.405666917E0,1.962556538E0,-2.319929588E0,2.722648087E0,4.080013979E0
2.415632917E0,9.748121256E-1,-2.270198434E0,2.581768782E0,3.573456261E0
2.425597917E0,5.431127787E-2,-2.374541997E0,2.377618217E0,3.360724297E0
2.435563917E0,-7.669898021E-1,-2.578947793E0,2.251609551E0,3.508417114E0
2.445528917E0,-1.501104804E0,-2.703423904E0,2.215250687E0,3.803833861E0
2.455494917E0,-2.155148619E0,-2.803490814E0,2.139137188E0,4.132811903E0
2.465459917E0,-2.552830034E0,-2.734313575E0,2.065381287E0,4.273079893E0
2.475425917E0,-2.504991040E0,-2.623670222E0,2.068706306E0,4.175903653E0
2.485390917E0,-2.178186648E0,-2.721273115E0,2.083207693E0,4.060736231E0
2.495356917E0,-1.843130667E0,-3.041980322E0,2.158117250E0,4.160317896E0
2.505321917E0,-1.803433335E0,-3.332091096E0,2.311610169E0,4.438326761E0
2.515287917E0,-2.056783249E0,-3.481587735E0,2.340693051E0,4.672328590E0
2.525252917E0,-2.486184055E0,-3.615243683E0,2.198322997E0,4.907516892E0
2.535218917E0,-2.953534461E0,-3.861440113E0,1.929083275E0,5.230243574E0
2.545183917E0,-3.454637334E0,-4.129281182E0,1.747135173E0,5.660208786E0
2.555149917E0,-3.887455253E0,-4.431498031E0,1.622742969E0,6.114227497E0
2.565114917E0,-4.227338696E0,-4.817714227E0,1.482324132E0,6.578605297E0
2.575080917E0,-4.497046781E0,-5.165735532E0,1.196911303E0,6.952758445E0
2.585045917E0,-4.837533072E0,-5.408883224E0,8.620120266E-1,7.307585695E0
2.595011917E0,-5.400190169E0,-5.631303706E0,5.596156678E-1,7.822199498E0
2.604976917E0,-6.143530907E0,-5.846999305E0,2.795036325E-1,8.485781942E0
2.614942917E0,-6.790612442E0,-6.065095772E0,3.354664564E-2,9.104884922E0
2.624907917E0,-7.182020965E0,-6.308866192E0,-7.903564453E-2,9.559783701E0
2.634873917E0,-7.304431840E0,-6.664245341E0,6.107738346E-2,9.887902757E0
2.644838917E0,-7.329411730E0,-7.077563966E0,3.545704794E-1,1.019499427E1
2.654804917E0,-7.194742752E0,-7.307242012E0,7.626219320E-1,1.028307840E1
2.664769917E0,-6.931725637E0,-7.431015288E0,1.312833523E0,1.024657701E1
2.674735917E0,-6.489733436E0,-7.513711290E0,1.848184707E0,1.009892490E1
2.684700917E0,-6.057581515E0,-7.392432436E0,2.323044984E0,9.835592973E0
2.694666917E0,-5.687343421E0,-7.206412625E0,2.694216294E0,9.567500173E0
2.704631917E0,-5.357877377E0,-7.122239617E0,2.893848130E0,9.370565839E0
2.714597917E0,-5.045606241E0,-7.237991098E0,2.713110402E0,9.230797665E0
2.724562917E0,-4.879055904E0,-7.502417393E0,2.258503418E0,9.229967006E0
2.734528917E0,-4.822458365E0,-7.733285932E0,1.692650233E0,9.269567455E0
2.744493917E0,-4.727052271E0,-7.833897218E0,1.088188468E0,9.214072006E0
2.754459917E0,-4.579923461E0,-7.924174134E0,4.887015134E-1,9.165536743E0
2.764424917E0,-4.435646338E0,-7.874297385E0,9.977688789E-2,9.038222899E0
2.774390917E0,-4.295744103E0,-7.495415352E0,-2.017008734E-1,8.641490146E0
2.784355917E0,-4.137250060E0,-6.800538676E0,-4.069244018E-1,7.970555301E0
2.794321917E0,-3.830349006E0,-5.934543234E0,-3.401825282E-1,7.071499208E0
2.804286917E0,-3.252148840E0,-5.292368097E0,-1.127965906E-1,6.212757457E0
2.814252917E0,-2.442316489E0,-5.062416986E0,9.961872071E-2,5.621645618E0
2.824217917E0,-1.600373569E0,-5.090377786E0,2.952390745E-1,5.344184472E0
2.834183917E0,-8.394555151E-1,-5.184134381E0,4.043270686E-1,5.267201840E0
2.844148917E0,-1.535227400E-1,-5.401647295E0,4.495582053E-1,5.422496225E0
2.854114917E0,4.517225522E-1,-5.735878819E0,4.915493998E-1,5.774597813E0
2.864079917E0,1.000593084E0,-6.078833220E0,5.419442126E-1,6.184424255E0
2.874045917E0,1.551011374E0,-6.271160422E0,6.925395441E-1,6.497130162E0
2.884010917E0,2.045830829E0,-5.917303888E0,1.029172228E0,6.345006269E0
2.893976917E0,2.524908410E0,-4.836163069E0,1.414526836E0,5.636002296E0
2.903941917E0,2.847054909E0,-3.678281053E0,1.729168141E0,4.962408249E0
2.913907917E0,3.026210089E0,-2.526615797E0,1.843140607E0,4.351884900E0
2.923872917E0,3.079470037E0,-1.354988732E0,1.771080398E0,3.802085737E0
2.933838917E0,2.980256821E0,-3.455511492E-1,1.582014773E0,3.391770490E0
2.943803917E0,2.749492947E0,4.817585295E-1,1.304224083E0,3.081039306E0
2.953769917E0,2.372721174E0,1.013824748E0,9.935302323E-1,2.764913871E0
2.963734917E0,1.825875533E0,1.286667525E0,5.865260160E-1,2.309404155E0
2.973700917E0,1.210870653E0,1.527749396E0,1.881692469E-1,1.958477373E0
2.983665917E0,5.855951393E-1,1.824244745E0,-5.468023717E-3,1.915938531E0
2.993631917E0,-1.917769790E-2,2.004312090E0,-3.693539947E-2,2.004744114E0
3.003596917E0,-4.795020890E-1,2.109724524E0,-1.942211151E-2,2.163616657E0
3.013562917E0,-5.714717746E-1,2.263851281E0,-1.153304815E-2,2.334895206E0
3.023527917E0,-2.384172946E-1,2.526140419E0,-2.604665601E-1,2.550700110E0
3.033493917E0,1.761152118E-1,2.730629829E0,-7.092438698E-1,2.826726499E0
3.043458917E0,3.806169015E-1,2.833209872E0,-1.161174875E0,3.085494206E0
3.053424917E0,3.720331889E-1,2.783039593E0,-1.456479731E0,3.163076236E0
3.063389917E0,1.263507289E-1,2.610007033E0,-1.611901062E0,3.070232280E0
3.073355917E0,-1.221459961E-1,2.411746076E0,-1.614013953E0,2.904561899E0
3.083320917E0,-1.729547918E-1,2.187183759E0,-1.439072278E0,2.623855022E0
3.093286917E0,1.077121443E-1,2.051583320E0,-1.072098538E0,2.317324168E0
3.103251917E0,7.222480774E-1,2.066600139E0,-7.272111940E-1,2.306797464E0
3.113217917E0,1.507408687E0,2.153421351E0,-6.180739371E-1,2.700281440E0
3.123182917E0,2.399343547E0,2.425652509E0,-4.944390938E-1,3.447478727E0
3.133149542E0,3.416316729E0,2.801118599E0,-4.812701409E-1,4.443996663E0
3.143114542E0,4.442117744E0,3.032752538E0,-5.710826424E-1,5.408893916E0
3.153080542E0,5.291413831E0,2.965007867E0,-7.130512843E-1,6.107272232E0
3.163045542E0,5.896188422E0,2.762801794E0,-9.565223274E-1,6.581264820E0
3.173011542E0,6.231180085E0,2.519381037E0,-1.292434342E0,6.844360641E0
3.182976542E0,6.469120831E0,2.204648223E0,-1.846133504E0,7.079421377E0
3.192942542E0,6.699082468E0,1.872208285E0,-2.230930580E0,7.304787541E0
3.202907542E0,6.982337966E0,1.652806721E0,-2.242193487E0,7.517462681E0
3.212873542E0,7.272145854E0,1.550535411E0,-1.990354494E0,7.697387634E0
3.222838542E0,7.576059566E0,1.531018574E0,-1.613402627E0,7.895806764E0
3.232804542E0,8.003479920E0,1.753120968E0,-1.175628608E0,8.277150873E0
3.242769542E0,8.392603351E0,2.093996683E0,-6.774586979E-1,8.676379625E0
3.252735542E0,8.678398880E0,2.391299533E0,-3.096357965E-1,9.007152430E0
3.262700542E0,8.797470410E0,2.443892899E0,-7.002391577E-2,9.130881746E0
3.272666542E0,8.746351127E0,2.249761831E0,1.813777059E-2,9.031080517E0
3.282631542E0,8.590139837E0,2.085192531E0,4.647162348E-2,8.839722277E0
3.292597542E0,8.368673036E0,1.990790988E0,-6.404835373E-2,8.602443800E0
3.302562542E0,8.226077573E0,1.861610792E0,-3.386366706E-1,8.440889868E0
3.312528542E0,8.107686074E0,1.640715263E0,-6.454390526E-1,8.297174918E0
3.322493542E0,8.030486455E0,1.588883205E0,-8.568905966E-1,8.230888411E0
3.332459542E0,7.986496682E0,1.848964434E0,-9.211835101E-1,8.249325899E0
3.342424542E0,8.091688092E0,2.158768045E0,-1.102257015E0,8.446932353E0
3.352389542E0,8.363719275E0,2.120393938E0,-1.433050815E0,8.746513889E0
3.362355542E0,8.650218809E0,1.581816260E0,-1.617242786E0,8.941135406E0
3.372320542E0,8.718528906E0,5.939999270E-1,-1.675203603E0,8.897858692E0
3.382286542E0,8.243147349E0,-6.191289210E-1,-1.396404268E0,8.383480406E0
3.392251542E0,7.722538165E0,-1.635749223E0,-1.116453616E0,7.972436259E0
3.402217542E0,7.507288123E0,-2.253243263E0,-6.333513960E-1,7.863689602E0
3.412182542E0,7.555893103E0,-2.562362165E0,-3.157057911E-2,7.978609977E0
3.422148542E0,7.535129056E0,-2.765330130E0,5.630947611E-1,8.046259773E0
3.432113542E0,6.941919672E0,-3.127546429E0,8.350151396E-1,7.659572161E0
3.442079542E0,6.043444701E0,-3.066818417E0,1.634126036E0,6.971295931E0
3.452044542E0,5.095370724E0,-2.616412073E0,3.001841525E0,6.466797313E0
3.462010542E0,4.162370868E0,-2.475694150E0,3.116670023E0,5.759168759E0
3.471975542E0,3.189567845E0,-2.364649678E0,2.993475037E0,4.972504795E0
3.481941542E0,2.091165462E0,-2.397326843E0,3.139441420E0,4.469478874E0
3.491906542E0,8.389970934E-1,-2.608470384E0,3.397419405E0,4.364686986E0
3.501872542E0,-2.779316086E-1,-2.538906645E0,3.624628757E0,4.434098167E0
3.511837542E0,-1.163384246E0,-2.209924750E0,3.845473414E0,4.585291276E0
3.521803542E0,-1.908083877E0,-1.970370757E0,3.961221094E0,4.818134241E0
3.531768542E0,-2.402848953E0,-1.904467374E0,4.042236899E0,5.073495660E0
3.541734542E0,-2.782673557E0,-1.899805974E0,4.198784988E0,5.383523961E0
3.551699542E0,-3.305556139E0,-1.721738377E0,5.271119315E0,6.455678373E0
3.561665542E0,-3.470319566E0,-3.082650923E0,5.444543054E0,7.154642106E0
3.571630542E0,-3.610434641E0,-2.592495207E0,4.729507517E0,6.490339825E0
3.581596542E0,-4.261823235E0,-1.716817945E0,4.443176383E0,6.391589592E0
3.591561542E0,-4.390908707E0,-1.627190069E0,3.939047576E0,6.119143943E0
3.601527542E0,-4.212404323E0,-1.762287648E0,3.648680694E0,5.844901944E0
3.611492542E0,-3.847929245E0,-1.885423577E0,3.329978204E0,5.426797986E0
3.621458542E0,-3.710909101E0,-2.079038921E0,3.044848381E0,5.231094614E0
3.631423542E0,-3.942710271E0,-2.163344661E0,2.857650064E0,5.328338230E0
3.641389542E0,-4.134967892E0,-2.208276128E0,2.756580649E0,5.438122819E0
3.651354542E0,-4.277439979E0,-2.086847000E0,3.171566607E0,5.719288235E0
3.661320542E0,-4.529498827E0,-2.024827046E0,3.138113225E0,5.870608044E0
3.671285542E0,-4.425604330E0,-2.565172337E0,2.328063650E0,5.620139070E0
3.681251542E0,-4.104660603E0,-3.156813790E0,1.776277696E0,5.474383475E0
3.691216542E0,-3.958152768E0,-2.785981911E0,1.423159665E0,5.045200886E0
3.701182542E0,-3.747333747E0,-2.464132451E0,6.356934983E-1,4.529742285E0
3.711147542E0,-3.218815618E0,-2.580292945E0,2.173871988E-1,4.131094632E0
3.721113542E0,-2.508617483E0,-2.884978488E0,1.427185473E-1,3.825785035E0
3.731078542E0,-2.141003619E0,-3.615668483E0,-5.132188886E-2,4.202331379E0
3.741044542E0,-2.363963215E0,-4.590162813E0,-2.875909165E-1,5.171133847E0
3.751009542E0,-2.818172588E0,-5.076591806E0,-3.109800714E-1,5.814687412E0
3.760975542E0,-3.322532360E0,-5.127223431E0,-4.173011631E-2,6.109777639E0
3.770940542E0,-3.517410702E0,-5.098911213E0,2.958138558E-1,6.201498161E0
3.780906542E0,-3.466204296E0,-5.170684615E0,6.491075957E-1,6.258745264E0
3.790871542E0,-3.367604452E0,-5.483063926E0,9.720443460E-1,6.507658563E0
3.800837542E0,-3.267228225E0,-6.040282527E0,1.244941502E0,6.979231521E0
3.810802542E0,-3.274617351E0,-6.574159044E0,1.218874907E0,7.445021288E0
3.820768542E0,-3.506067688E0,-7.006490475E0,1.036582989E0,7.903032564E0
3.830733542E0,-3.781140593E0,-7.494842910E0,8.788952771E-1,8.440506580E0
3.840699542E0,-4.089901062E0,-7.917459776E0,7.373976284E-1,8.941879851E0
3.850664542E0,-4.564826535E0,-7.990095643E0,5.557933429E-1,9.218903185E0
3.860630542E0,-5.053655518E0,-7.381978784E0,5.057844463E-1,8.960405279E0
3.870595542E0,-5.221049607E0,-6.171563044E0,4.937675411E-1,8.098849041E0
3.880561542E0,-4.767737197E0,-5.047893087E0,5.424239767E-1,6.964679919E0
3.890526542E0,-4.041365663E0,-4.448584765E0,6.148917362E-1,6.041575513E0
3.900492542E0,-3.379927459E0,-4.178945093E0,5.546771094E-1,5.403254428E0
3.910457542E0,-2.924826971E0,-4.279693203E0,3.058678508E-1,5.192681568E0
3.920423542E0,-2.409069221E0,-4.623459490E0,-2.708819130E-1,5.220475953E0
3.930388542E0,-1.793194275E0,-5.090929763E0,-7.641483477E-1,5.451333255E0
3.940354542E0,-1.183826112E0,-5.453495725E0,-1.005085792E0,5.670296054E0
3.950319542E0,-4.652641189E-1,-5.744341494E0,-1.255580511E0,5.898339794E0
3.960285542E0,8.911390543E-2,-5.795933817E0,-1.322770866E0,5.945629728E0
3.970250542E0,3.575379413E-1,-5.294318143E0,-1.239389571E0,5.449194848E0
3.980215542E0,4.154651374E-1,-4.457811379E0,-1.083165125E0,4.606293549E0
3.990181542E0,4.060008341E-1,-3.521674492E0,-7.786085120E-1,3.629498466E0
4.000146542E0,4.912894911E-1,-2.593506775E0,-4.388197938E-1,2.675856044E0
4.010112542E0,7.042310518E-1,-1.772711479E0,-1.573140746E-1,1.913947512E0
4.020077542E0,9.701478016E-1,-1.040730711E0,7.981361657E-2,1.425018380E0
4.030043542E0,1.192498702E0,-3.888813561E-1,1.561254819E-1,1.263984584E0
4.040008542E0,1.251799994E0,2.603870380E-1,1.933183050E-1,1.293126676E0
4.049974542E0,1.190353943E0,8.735102838E-1,1.273590812E-1,1.481952449E0
4.059939542E0,1.006826216E0,1.340603412E0,1.237036943E-2,1.676624455E0
4.069905542E0,7.133217180E-1,1.701847318E0,-2.625867605E-2,1.845481424E0
4.079870542E0,3.385485238E-1,1.968598466E0,5.516964912E-2,1.998258920E0
4.089836542E0,4.560711265E-2,2.290409920E0,1.858727530E-1,2.298392109E0
4.099801542E0,5.353944540E-2,2.739664947E0,2.682956895E-1,2.753291316E0
4.109767542E0,2.916883528E-1,3.080626616E0,1.813958323E-1,3.099717228E0
4.119732542E0,6.299287283E-1,3.235262666E0,-5.718723089E-2,3.296514083E0
4.129697792E0,9.220772570E-1,3.364728792E0,-2.846599996E-1,3.500379640E0
4.139662792E0,1.108148523E0,3.408220966E0,-3.145360556E-1,3.597623693E0
4.149628792E0,1.165276989E0,3.303554052E0,-1.006419834E-1,3.504492637E0
4.159593792E0,1.236342879E0,3.217567238E0,2.949452519E-1,3.459519525E0
4.169559792E0,1.354074520E0,2.975690145E0,6.671392393E-1,3.336663665E0
4.179524792E0,1.511746736E0,2.898578820E0,9.283122893E-1,3.398367413E0
4.189490792E0,1.773070790E0,3.092200010E0,1.125522647E0,3.737951600E0
4.199455792E0,2.181545582E0,3.157668945E0,1.426682028E0,4.094561747E0
4.209421792E0,2.945881625E0,3.313767384E0,1.494085514E0,4.678842201E0
4.219386792E0,3.621362794E0,3.024524336E0,1.312281253E0,4.897356229E0
4.229352792E0,4.117723283E0,2.494289466E0,1.044974620E0,4.926367519E0
4.239317792E0,4.518016942E0,1.841040287E0,8.378159559E-1,4.950135554E0
4.249283792E0,4.905802238E0,1.401937780E0,7.026982042E-1,5.150350464E0
4.259248792E0,5.273828330E0,1.350778152E0,5.644887373E-1,5.473254462E0
4.269214792E0,5.567069703E0,1.460138041E0,4.130802043E-1,5.770173605E0
4.279179792E0,5.863911792E0,1.515762604E0,4.524139854E-1,6.073522552E0
4.289145792E0,6.250719725E0,1.536080509E0,6.871007565E-1,6.473264081E0
4.299110792E0,6.787354374E0,1.460868943E0,9.998841092E-1,7.014419840E0
4.309075792E0,7.368379329E0,1.416307313E0,1.335315482E0,7.621155279E0
4.319041792E0,7.840112808E0,1.519749820E0,1.517160381E0,8.128885777E0
4.329007792E0,8.193522030E0,1.403911216E0,1.532824194E0,8.453065714E0
4.338972792E0,8.532535408E0,9.523494619E-1,1.476761091E0,8.711598780E0
4.348937792E0,8.680883362E0,3.334386420E-1,1.623311611E0,8.837650019E0
4.358903792E0,8.524037064E0,-1.448793858E-1,1.706808973E0,8.694446203E0
4.368868792E0,8.222498492E0,-1.765052211E-1,1.616249051E0,8.381700098E0
4.378834792E0,8.005362723E0,-2.070966840E-2,1.465505493E0,8.138425374E0
4.388799792E0,7.976017302E0,3.757795000E-1,1.361602517E0,8.100124916E0
4.398765792E0,8.059869883E0,1.146502165E0,1.193542137E0,8.228032121E0
4.408730792E0,8.174806847E0,1.858749164E0,1.066542368E0,8.451031183E0
4.418696792E0,8.356323717E0,2.291954169E0,8.592913172E-1,8.707444030E0
4.428661792E0,8.370897317E0,2.252953241E0,4.023819923E-1,8.678112206E0
4.438627792E0,8.188347244E0,1.829240021E0,-1.288492441E-1,8.391171061E0
4.448592792E0,7.882901562E0,1.175377470E0,-5.497481990E-1,7.988984436E0
4.458558792E0,7.616691867E0,1.441245103E-1,-1.080385358E0,7.694283553E0
4.468523792E0,7.374628834E0,-9.700349504E-1,-1.475774958E0,7.583141167E0
4.478489792E0,7.219021561E0,-1.615620768E0,-1.649610925E0,7.579295414E0
4.488454792E0,6.881232591E0,-1.967723138E0,-1.475853603E0,7.307628902E0
4.498420792E0,6.280639343E0,-2.031277109E0,-1.200619607E0,6.709247700E0
4.508385792E0,5.713107423E0,-1.867898887E0,-3.899826792E-1,6.023348667E0
4.518351792E0,5.151998084E0,-1.739242017E0,6.247282147E-1,5.473420538E0
4.528316792E0,4.453282710E0,-1.493944303E0,1.369819025E0,4.892851995E0
4.538282792E0,3.576131365E0,-1.089639747E0,2.153964265E0,4.314579050E0
4.548247792E0,2.183174323E0,-1.199935775E0,2.498145120E0,3.528005815E0
4.558213792E0,7.146174610E-1,-1.379048270E0,2.330705714E0,2.800828694E0
4.568178792E0,-6.438702446E-1,-7.729580551E-1,3.189743847E0,3.344622378E0
4.578144792E0,-1.778786736E0,-3.829569572E-1,3.405553174E0,3.861156654E0
4.588109792E0,-2.028199720E0,-6.167584598E-2,2.782214550E0,3.443561502E0
4.598075792E0,-1.895712923E0,4.340797484E-2,2.041015647E0,2.785921142E0
4.608040792E0,-1.769659817E0,-2.814703435E-1,1.260568770E0,2.190879971E0
4.618006792E0,-2.060103298E0,-5.811629498E-1,9.637646887E-1,2.347470628E0
4.627971792E0,-2.916056147E0,-1.017038963E0,1.120974391E0,3.285473374E0
4.637936792E0,-3.622307997E0,-7.440272015E-1,9.351504618E-1,3.814341108E0
4.647902792E0,-3.884293664E0,-5.131031138E-1,4.944443563E-1,3.949112216E0
4.657867792E0,-3.700333242E0,-3.289012027E-1,9.219670370E-1,3.827618754E0
4.667833792E0,-3.065962384E0,-6.026298326E-1,1.028160367E0,3.289437915E0
4.677798792E0,-2.261747453E0,-1.039278848E0,9.926391166E-1,2.679726568E0
4.687764792E0,-1.813112816E0,-1.305897263E0,1.598484041E0,2.747343621E0
4.697729792E0,-1.934762968E0,-1.720273064E0,1.975632374E0,3.256650186E0
4.707695792E0,-2.554600571E0,-2.143169428E0,2.046294221E0,3.912349590E0
4.717660792E0,-3.347605221E0,-2.229076136E0,2.419169409E0,4.693359326E0
4.727626792E0,-4.045211962E0,-2.790791831E0,2.840797219E0,5.676476698E0
4.737591792E0,-4.427623959E0,-3.582458053E0,2.908428162E0,6.395061688E0
4.747557792E0,-4.462916583E0,-4.086819579E0,2.974257578E0,6.742842638E0
4.757522792E0,-4.476390907E0,-4.440855623E0,2.811981848E0,6.904094157E0
4.767488792E0,-4.530575885E0,-4.753101617E0,2.256808895E0,6.943434252E0
4.777453792E0,-4.737921075E0,-4.858844419E0,1.655522460E0,6.985486369E0
4.787419792E0,-5.052191960E0,-4.792078571E0,1.232092830E0,7.071542503E0
4.797384792E0,-5.211246166E0,-4.857647201E0,9.459803823E-1,7.186703125E0
4.807350792E0,-5.115265290E0,-5.286927847E0,8.795095271E-1,7.408851602E0
4.817315792E0,-4.778794282E0,-5.804449702E0,9.490969482E-1,7.578211936E0
4.827281792E0,-4.392636559E0,-6.114843298E0,8.763853598E-1,7.579882307E0
4.837246792E0,-4.052833807E0,-6.156891210E0,6.607157806E-1,7.400629472E0
4.847212792E0,-4.010216961E0,-5.986720278E0,4.875411335E-1,7.222212688E0
4.857177792E0,-4.195012364E0,-5.667370502E0,3.293353584E-1,7.058730688E0
4.867143792E0,-4.354475291E0,-5.601247848E0,1.510251018E-1,7.096354071E0
4.877108792E0,-4.233544931E0,-6.003695914E0,-1.120121866E-2,7.346250253E0
4.887074792E0,-4.049703793E0,-6.359438760E0,-1.039979929E-1,7.540117886E0
4.897039792E0,-3.977793565E0,-6.463971773E0,-2.092540142E-1,7.592730733E0
4.907004792E0,-3.924495610E0,-6.256596177E0,-3.259644386E-1,7.392760941E0
4.916970792E0,-3.524349593E0,-5.864301801E0,-5.744863066E-1,6.865938405E0
4.926935792E0,-3.198010640E0,-5.651229263E0,-7.960235667E-1,6.541965894E0
4.936901792E0,-3.270376951E0,-5.183980599E0,-8.171293840E-1,6.183584776E0
4.946866792E0,-3.657663186E0,-4.360052950E0,-5.496768630E-1,5.717578715E0
4.956832792E0,-3.868276970E0,-3.738268223E0,-4.286418378E-2,5.379596023E0
4.966797792E0,-3.640460678E0,-3.645062436E0,3.225201362E-1,5.161729686E0
4.976763792E0,-2.966738058E0,-3.861260312E0,5.882459745E-1,4.904783301E0
4.986728792E0,-2.029508911E0,-4.193813100E0,8.738114154E-1,4.740308126E0
4.996694792E0,-1.123105701E0,-4.478690032E0,1.044962926E0,4.734129100E0
5.006659792E0,-2.975303060E-1,-4.610037206E0,1.195212979E0,4.771739871E0
5.016625792E0,5.384215575E-1,-4.622209355E0,1.405272740E0,4.861019293E0
5.026590792E0,1.113336757E0,-4.679495112E0,1.632061677E0,5.079450615E0
5.036556792E0,1.231105528E0,-4.647233099E0,1.893106819E0,5.166841369E0
5.046521792E0,7.024938440E-1,-4.100964578E0,2.260159642E0,4.734947696E0
5.056487792E0,-7.756916285E-2,-3.165138763E0,2.561734174E0,4.072665263E0
5.066452792E0,-7.389383698E-1,-2.299136304E0,2.712108189E0,3.631471945E0
5.076418792E0,-7.987822831E-1,-9.161113429E-1,2.535631034E0,2.811892222E0
5.086383792E0,-6.066696739E-1,-5.474864960E-1,1.644153134E0,1.836036243E0
5.096349792E0,-8.499003965E-1,-3.377965719E-1,1.384836721E0,1.659581258E0
5.106314792E0,-9.438107729E-1,7.336033702E-1,1.948692205E0,2.286122042E0
5.116279792E0,-1.120356925E0,1.524990095E0,1.892449007E0,2.676220782E0
5.126245792E0,-1.062556613E0,2.011815822E0,1.278273993E0,2.609676964E0
5.136210792E0,-8.683319896E-1,2.566382126E0,7.990439460E-1,2.824675006E0
5.146176792E0,-7.043175906E-1,3.052013267E0,3.959140947E-1,3.157150015E0
5.156141792E0,-7.418099374E-1,3.270981553E0,6.647114754E-3,3.354049267E0
5.166107792E0,-8.048060846E-1,3.394620928E0,-3.053208438E-1,3.502054382E0
5.176072792E0,-8.184248346E-1,3.462562650E0,-4.906664702E-1,3.591644874E0
5.186038792E0,-6.829998118E-1,3.589463017E0,-6.279829212E-1,3.707437935E0
5.196003792E0,-3.084809715E-1,3.733672897E0,-6.707376158E-1,3.805964104E0
5.205969792E0,1.819741219E-1,4.028167328E0,-6.151246016E-1,4.078924476E0
5.215934792E0,7.479910290E-1,4.278433421E0,-5.641308877E-1,4.379808988E0
5.225900792E0,1.163509961E0,3.931191257E0,-4.282489049E-1,4.122064683E0
5.235865792E0,1.425927152E0,3.552246659E0,-2.334432144E-1,3.834869007E0
5.245831792E0,1.715981208E0,3.054995931E0,-9.158230752E-2,3.505136084E0
5.255796792E0,1.933134518E0,2.499474192E0,1.568948293E-1,3.163699778E0
5.265762792E0,2.021225161E0,1.998383598E0,2.878223200E-1,2.856874138E0
5.275727792E0,2.217468828E0,1.876409510E0,3.004499669E-1,2.920334028E0
5.285693792E0,2.711453593E0,2.105872963E0,7.627473548E-2,3.434020873E0
5.295658792E0,3.195396350E0,2.084409004E0,2.881157041E-2,3.815252133E0
5.305624792E0,3.491837612E0,1.922049367E0,8.442356139E-3,3.985884463E0
5.315589792E0,3.835726983E0,1.745973916E0,5.608181477E-2,4.214780133E0
5.325554792E0,4.270423905E0,1.470607481E0,1.909058900E-1,4.520580908E0
5.335520792E0,4.679042245E0,1.155507461E0,3.795860374E-1,4.834534040E0
5.345485792E0,5.220960145E0,9.938079751E-1,3.812546866E-1,5.328361311E0
5.355451792E0,5.740412166E0,7.658045715E-1,4.181778069E-1,5.806346627E0
5.365416792E0,6.109424683E0,5.170131469E-1,2.379900093E-1,6.135879056E0
5.375382792E0,6.349266944E0,3.185510463E-1,1.126898789E-1,6.358251686E0
5.385347792E0,6.452675537E0,2.989786613E-1,-1.498429410E-1,6.461335987E0
5.395313792E0,6.488630651E0,4.058985078E-1,-4.937668101E-1,6.520037346E0
5.405278792E0,6.705933065E0,2.057214189E-1,-5.868696861E-1,6.734706795E0
5.415244792E0,7.149996350E0,-1.179897952E-1,-4.959257483E-1,7.168145628E0
5.425209792E0,7.572205081E0,-3.643072629E-1,-1.732379432E-1,7.582942764E0
5.435175792E0,7.904671916E0,-2.850804144E-1,3.714104605E-1,7.918526041E0
5.445140792E0,8.084736922E0,-1.027238846E-2,9.978378761E-1,8.146088451E0
5.455106792E0,8.188570023E0,3.691493422E-1,1.438826694E0,8.322209593E0
5.465071792E0,8.283570321E0,9.954902190E-1,1.644025372E0,8.503608496E0
5.475037792E0,8.534063870E0,1.736454064E0,1.676225843E0,8.868779619E0
5.485002792E0,8.864702865E0,2.070273360E0,1.453234965E0,9.218507500E0
5.494967792E0,9.125023245E0,1.815692607E0,9.373449218E-1,9.351010874E0
5.504933792E0,9.214354666E0,1.235653492E0,3.414140980E-1,9.303103518E0
5.514898792E0,9.106865886E0,4.848166233E-1,-5.109428599E-2,9.119904827E0
5.524864792E0,8.877755020E0,-3.701030231E-1,-1.480419986E-1,8.886699436E0
5.534829792E0,8.564064764E0,-1.213015997E0,-1.502124850E-1,8.650848333E0
5.544795792E0,8.261058540E0,-1.741149378E0,-6.646179199E-2,8.442813899E0
5.554760792E0,7.913805267E0,-2.097754104E0,2.945020330E-1,8.192412192E0
5.564726792E0,7.403800592E0,-2.222656478E0,1.078087695E0,7.805045683E0
5.574691792E0,6.781407756E0,-1.998463120E0,1.999331285E0,7.347017870E0
5.584657792E0,5.932741706E0,-1.559370553E0,2.894115640E0,6.782696073E0
5.594622792E0,4.955767865E0,-1.138095623E0,3.591350206E0,6.225166109E0
5.604588792E0,3.826866989E0,-7.161587870E-1,4.068638539E0,5.631306591E0
5.614553792E0,2.588284627E0,-1.990567625E-1,4.249331828E0,4.979524263E0
5.624519792E0,1.261625070E0,-8.690131903E-3,4.097384913E0,4.287229462E0
5.634484792E0,-1.068871021E-3,5.035329759E-2,3.623097371E0,3.623447413E0
5.644450792E0,-6.613253528E-1,3.167202830E-2,2.480877707E0,2.567704916E0
5.654415792E0,-9.091958410E-1,1.661193967E-3,1.372318417E0,1.646176684E0
5.664380792E0,-1.225578155E0,-3.501780510E-2,7.531913964E-1,1.438945913E0
5.674346792E0,-1.391964185E0,-2.069621980E-2,2.935793424E-1,1.422737311E0
5.684311792E0,-1.557389517E0,1.196866572E-2,1.476002415E-1,1.564414008E0
5.694277792E0,-1.802980176E0,-4.657248795E-2,1.176916603E-1,1.807417450E0
5.704242792E0,-1.975358432E0,-5.257991731E-2,9.602531433E-2,1.978389861E0
5.714208792E0,-1.880571558E0,-8.673759699E-3,-2.896125913E-2,1.880814550E0
5.724173792E0,-1.735657089E0,-2.410099500E-1,-2.396203592E-2,1.752474110E0
5.734139792E0,-2.429877123E0,-7.919492269E-1,-6.602441295E-1,2.639584952E0
5.744104792E0,-2.866189338E0,-4.076310378E-1,-3.815962370E-1,2.920071929E0
5.754070792E0,-2.777339142E0,-8.732834119E-1,8.479550278E-1,3.032369429E0
5.764035792E0,-2.626603185E0,-2.053100672E0,1.761100224E-1,3.338454942E0
5.774001792E0,-2.722891039E0,-2.513188836E0,-2.225567222E-1,3.712113311E0
5.783966792E0,-3.220463948E0,-3.144050195E0,-8.978765085E-2,4.501610989E0
5.793932792E0,-3.484513682E0,-3.731062700E0,-2.454064715E-1,5.111055547E0
5.803897792E0,-3.733133199E0,-4.406380147E0,-3.775979841E-1,5.787490796E0
5.813863792E0,-3.955808035E0,-4.947663624E0,-3.900010248E-1,6.346644259E0
5.823828792E0,-4.056941476E0,-5.279783719E0,-2.898827326E-1,6.664752228E0
5.833793792E0,-4.003424250E0,-5.263478174E0,-8.413324714E-2,6.613523011E0
5.843759792E0,-3.827398501E0,-5.193395786E0,-1.574421287E-2,6.451401937E0
5.853724792E0,-3.613357664E0,-5.349597720E0,9.220912904E-3,6.455589392E0
5.863690792E0,-3.355015397E0,-5.750336645E0,1.935711240E-1,6.660328042E0
5.873655792E0,-3.115857845E0,-6.169360982E0,3.760800469E-1,6.921778763E0
5.883621792E0,-2.993312484E0,-6.477582337E0,4.370875561E-1,7.149128485E0
5.893586792E0,-3.207246902E0,-6.676083614E0,4.558689590E-1,7.420535130E0
5.903552792E0,-3.596262744E0,-6.715572785E0,3.446864922E-1,7.625669304E0
5.913517792E0,-3.797933797E0,-6.685075462E0,1.449865361E-1,7.689964640E0
5.923483792E0,-3.849301001E0,-6.774051958E0,-1.051925790E-1,7.792044893E0
5.933448792E0,-3.881054891E0,-6.890192864E0,-4.225385141E-1,7.919336056E0
5.943414792E0,-4.185307156E0,-6.948322374E0,-6.334649782E-1,8.136169718E0
5.953379792E0,-4.774666148E0,-6.798409120E0,-8.229124264E-1,8.348232642E0
5.963345792E0,-5.261372007E0,-6.552900322E0,-1.003018509E0,8.463367188E0
5.973310792E0,-5.604304188E0,-6.438225313E0,-1.064148810E0,8.601824417E0
5.983276792E0,-5.766529339E0,-6.192511278E0,-9.001879129E-1,8.509429759E0
5.993241792E0,-5.630061173E0,-5.567474915E0,-7.133303426E-1,7.950044397E0
6.003206792E0,-5.213393263E0,-4.851299756E0,-6.076577072E-1,7.147295050E0
6.013172792E0,-4.561525197E0,-4.358962152E0,-6.475881967E-1,6.342510042E0
6.023137792E0,-3.832925874E0,-4.282168037E0,-7.977809474E-1,5.802132220E0
6.033103792E0,-3.125469498E0,-4.439691442E0,-1.043001770E0,5.528767709E0
6.043068792E0,-2.537433731E0,-4.572489603E0,-1.209309447E0,5.367369975E0
6.053034792E0,-2.181159373E0,-4.762453946E0,-1.241121516E0,5.383196672E0
6.062999792E0,-1.934094046E0,-5.161106876E0,-1.270582273E0,5.656157996E0
6.072965792E0,-1.706863060E0,-5.629713264E0,-1.114598002E0,5.987435314E0
6.082930792E0,-1.547466792E0,-5.798370352E0,-7.333463851E-1,6.045953120E0
6.092896792E0,-1.659727485E0,-5.526118729E0,-1.672329989E-1,5.772404213E0
6.102861792E0,-1.934217423E0,-4.830761411E0,3.742636093E-1,5.217041892E0
6.112827792E0,-2.107526556E0,-3.969804515E0,8.127276000E-1,4.567443729E0
6.122792792E0,-2.170435579E0,-3.099159951E0,1.136551665E0,3.950611686E0
6.132759167E0,-2.202154970E0,-2.158506090E0,1.278947154E0,3.338314077E0
6.142724167E0,-2.383128633E0,-1.411427227E0,1.294808019E0,3.057442838E0
6.152689167E0,-2.694055495E0,-9.168784976E-1,1.154812227E0,3.071187469E0
6.162655167E0,-3.036335712E0,-6.010440677E-1,1.023714437E0,3.260150269E0
6.172620167E0,-3.281105422E0,-3.568491393E-1,8.909341094E-1,3.418590014E0
6.182586167E0,-3.365631017E0,-1.078109622E-2,7.903678474E-1,3.457205477E0
6.192551167E0,-3.275278087E0,3.820138013E-1,8.390774927E-1,3.402562583E0
6.202517167E0,-2.998012476E0,7.219843680E-1,9.667403367E-1,3.231706533E0
6.212482167E0,-2.472323231E0,1.041680884E0,1.097217446E0,2.898511229E0
6.222448167E0,-1.772889234E0,1.279196538E0,1.193504715E0,2.490769665E0
6.232413167E0,-1.147715462E0,1.293045668E0,1.195716132E0,2.102131050E0
6.242379167E0,-6.183062178E-1,1.269981326E0,1.053986641E0,1.762396944E0
6.252344167E0,-1.100182861E-1,1.326378890E0,8.709407249E-1,1.590573082E0
6.262310167E0,3.942140168E-1,1.421579162E0,6.600677629E-1,1.616162572E0
6.272275167E0,8.982252949E-1,1.465429187E0,4.486720598E-1,1.776400293E0
6.282241167E0,1.360716664E0,1.473792459E0,2.670785916E-1,2.023597052E0
6.292206167E0,1.830113010E0,1.572378854E0,2.254312134E-1,2.423325839E0
6.302171167E0,2.320340647E0,1.709658029E0,3.252819224E-1,2.900468863E0
6.312137167E0,2.750053402E0,1.702837252E0,5.881863329E-1,3.287614878E0
6.322102167E0,3.183068958E0,1.522769322E0,8.823775864E-1,3.637216601E0
6.332068167E0,3.578525215E0,1.277089786E0,9.939740360E-1,3.927440060E0
6.342033167E0,3.904829085E0,1.081103981E0,1.023559778E0,4.179013115E0
6.351999167E0,4.197945035E0,8.983708906E-1,1.180893148E0,4.452451168E0
6.361964167E0,4.489850028E0,6.832752156E-1,1.222051699E0,4.703087140E0
6.371930167E0,4.717458452E0,3.480145812E-1,1.339880550E0,4.916381625E0
6.381895167E0,5.139390902E0,2.147261310E-1,1.362123066E0,5.321167673E0
6.391861167E0,5.756352260E0,4.169006288E-2,1.379222517E0,5.919424309E0
6.401826167E0,6.348904417E0,-1.998104686E-1,1.396025953E0,6.503645130E0
6.411792167E0,6.841889015E0,-4.371068519E-1,1.063853233E0,6.937888108E0
6.421757167E0,7.304199121E0,-3.658018112E-1,6.796432176E-1,7.344865599E0
6.431722167E0,7.637521988E0,4.874765217E-2,4.707802360E-1,7.652173056E0
6.441688167E0,8.049668831E0,2.146191269E-1,2.800594103E-1,8.057398025E0
6.451653167E0,8.542771543E0,-1.478515255E-1,1.859414577E-1,8.546073949E0
6.461619167E0,8.724687193E0,-6.350982517E-1,1.593449588E-1,8.749223235E0
6.471584167E0,8.552228245E0,-6.678157622E-1,2.242044675E-1,8.581191846E0
6.481550167E0,8.242685419E0,-2.651840937E-1,3.925376201E-1,8.256286775E0
6.491515167E0,8.250989050E0,3.003831625E-1,5.986623506E-1,8.278130644E0
6.501481167E0,8.636824592E0,7.217405391E-1,7.265389104E-1,8.697327591E0
6.511446167E0,9.186120801E0,9.335956872E-1,7.780540498E-1,9.266163412E0
6.521412167E0,9.658813807E0,1.221061766E0,7.259576241E-1,9.762719420E0
6.531377167E0,9.950618520E0,1.455846770E0,3.139569620E-1,1.006145455E1
6.541343167E0,1.009851799E1,1.506923368E0,-4.511115181E-1,1.022029282E1
6.551308167E0,1.013349838E1,1.477739915E0,-1.240837634E0,1.031557961E1
6.561273167E0,9.887218330E0,1.446112325E0,-1.930710847E0,1.017722809E1
6.571239167E0,9.212205230E0,1.502016385E0,-2.229847383E0,9.596509666E0
6.581204167E0,8.297428222E0,1.555398540E0,-2.215446861E0,8.727816709E0
6.591170167E0,7.408088940E0,1.363256695E0,-2.043483757E0,7.804747044E0
6.601135167E0,6.724901433E0,1.043599940E0,-1.805926588E0,7.040935375E0
6.611101167E0,6.211044613E0,7.740830594E-1,-1.302864897E0,6.393257128E0
6.621066167E0,5.673842200E0,3.755438572E-1,-6.329681110E-1,5.721378080E0
6.631032167E0,5.092165280E0,2.538995522E-1,1.046757583E-1,5.099565593E0
6.640997167E0,4.471137476E0,4.225168794E-1,9.065266601E-1,4.581635235E0
6.650963167E0,3.835680497E0,8.043201810E-1,1.596103932E0,4.231657310E0
6.660928167E0,3.268722188E0,1.274672547E0,2.074635237E0,4.075959545E0
6.670894167E0,2.702151842E0,1.700470299E0,2.605868958E0,4.121137810E0
6.680859167E0,2.121021345E0,1.839263903E0,3.006492108E0,4.113467886E0
6.690824167E0,1.436897698E0,1.637867669E0,3.219637152E0,3.887589084E0
6.700790167E0,8.133067667E-1,1.498563019E0,3.203262609E0,3.628780837E0
6.710755167E0,2.257908171E-1,1.328269880E0,3.039352291E0,3.324596925E0
6.720721167E0,-2.848243064E-1,1.159444392E0,2.751166420E0,2.999058661E0
6.730686167E0,-6.839020371E-1,1.079053363E0,2.599452224E0,2.896416755E0
6.740652167E0,-9.501941782E-1,9.731784135E-1,2.372487870E0,2.734710935E0
6.750617167E0,-9.928730053E-1,8.405711639E-1,1.978308352E0,2.367712107E0
6.760583167E0,-9.566366404E-1,6.997614402E-1,1.827443172E0,2.178157084E0
6.770548167E0,-8.467265278E-1,5.990261936E-1,1.834099642E0,2.107059489E0
6.780514167E0,-6.076303715E-1,4.179589748E-1,1.691588963E0,1.845366520E0
6.790479167E0,-7.362691158E-1,-4.299223781E-2,1.800150562E0,1.945374665E0
6.800445167E0,-9.860054505E-1,-3.414370483E-1,1.602849133E0,1.912566692E0
6.810410167E0,-1.378984535E0,-7.274181855E-1,1.203735881E0,1.969699377E0
6.820375167E0,-2.053438641E0,-1.325390126E0,8.770346200E-1,2.596624533E0
6.830341167E0,-2.517289488E0,-1.731890897E0,4.875735855E-1,3.094175245E0
6.840306167E0,-2.726632088E0,-2.088220804E0,2.020772879E-1,3.440352293E0
6.850272167E0,-2.641924059E0,-2.416476474E0,3.970727205E-2,3.580600222E0
6.860237167E0,-2.638861873E0,-2.892901173E0,1.017813134E-1,3.916992292E0
6.870203167E0,-2.854538176E0,-3.185030406E0,3.680869762E-1,4.292818993E0
6.880168167E0,-2.952660887E0,-3.294224235E0,5.335888338E-1,4.455876644E0
6.890134167E0,-2.780676733E0,-3.470117837E0,6.822237401E-1,4.498812080E0
6.900099167E0,-2.471941992E0,-3.821343709E0,7.471817744E-1,4.612097740E0
6.910065167E0,-2.290691755E0,-4.389622319E0,7.132948208E-1,5.002483616E0
6.920030167E0,-2.295042084E0,-4.960927448E0,6.723723511E-1,5.507277357E0
6.929996167E0,-2.396041625E0,-5.611626656E0,6.259092061E-1,6.133769765E0
6.939961167E0,-2.501609010E0,-6.359876132E0,4.867735402E-1,6.851497685E0
6.949926167E0,-2.796294646E0,-6.869227087E0,3.611320786E-1,7.425359311E0
6.959892167E0,-3.274195182E0,-7.013916439E0,3.840813768E-1,7.750025575E0
6.969857167E0,-3.750456744E0,-6.992162458E0,5.324908729E-1,7.952346079E0
6.979823167E0,-4.082386220E0,-6.881216803E0,5.979937215E-1,8.023379490E0
6.989788167E0,-4.097119449E0,-6.880292943E0,7.415077825E-1,8.042055245E0
6.999754167E0,-3.910955213E0,-7.018897097E0,1.062910370E0,8.104953152E0
7.009719167E0,-3.612381763E0,-7.139016448E0,1.336462998E0,8.111781013E0
7.019685167E0,-3.335410852E0,-7.314368598E0,1.401909860E0,8.160288279E0
7.029650167E0,-3.503196121E0,-7.394674258E0,1.362055238E0,8.295106082E0
7.039615167E0,-4.282164529E0,-7.141557648E0,1.339602953E0,8.434056839E0
7.049581167E0,-5.098684925E0,-6.335265786E0,1.092118235E0,8.205175366E0
7.059546167E0,-5.305569355E0,-5.283761580E0,7.229111516E-1,7.522619434E0
7.069512167E0,-4.760887184E0,-4.499672180E0,2.610371022E-1,6.556007694E0
7.079477167E0,-3.730848107E0,-4.156078094E0,-2.671791637E-1,5.591386002E0
7.089443167E0,-2.669132323E0,-4.024731797E0,-6.041096167E-1,4.866999263E0
7.099408167E0,-1.837199251E0,-3.832710989E0,-8.536689270E-1,4.335173036E0
7.109374167E0,-1.324262198E0,-3.672915356E0,-9.962787160E-1,4.029460120E0
7.119339167E0,-8.228956157E-1,-3.812917871E0,-1.279492407E0,4.105191921E0
7.129305167E0,-5.257126343E-1,-4.059375088E0,-1.442385310E0,4.339974108E0
7.139270333E0,-5.164015281E-1,-3.996642650E0,-1.365597189E0,4.254959305E0
7.149236333E0,-8.821056908E-1,-3.733221199E0,-1.118314054E0,3.995707358E0
7.159201333E0,-1.457221450E0,-3.324210218E0,-8.985334432E-1,3.739148336E0
7.169166333E0,-1.898713714E0,-2.753986532E0,-6.294469178E-1,3.403785982E0
7.179132333E0,-2.259412075E0,-2.185528997E0,-3.932347544E-1,3.167982559E0
7.189097333E0,-2.648256009E0,-1.637609807E0,-4.006022461E-1,3.139348329E0
7.199063333E0,-2.949358379E0,-1.030550124E0,-4.099611533E-1,3.151002468E0
7.209028333E0,-3.236190035E0,-5.208348870E-1,-4.050867681E-1,3.302770081E0
7.218994333E0,-3.562814332E0,-2.382962573E-1,-3.987635891E-1,3.592971398E0
7.228959333E0,-3.828708277E0,2.126807749E-2,-3.302238429E-1,3.842981550E0
7.238925333E0,-4.012398557E0,3.096141618E-1,-1.867508586E-1,4.028657220E0
7.248890333E0,-4.123582193E0,5.644919533E-1,2.132611111E-2,4.162095154E0
7.258856333E0,-4.127530233E0,7.891332078E-1,2.527505744E-1,4.209883597E0
7.268821333E0,-3.992587021E0,1.018557485E0,4.011074455E-1,4.139939330E0
7.278786333E0,-3.709757785E0,1.165148351E0,5.133491354E-1,3.922167874E0
7.288752333E0,-3.391872151E0,1.323303255E0,5.438134213E-1,3.681258105E0
7.298717333E0,-3.098466471E0,1.406465279E0,4.745190918E-1,3.435666955E0
7.308683333E0,-2.882497807E0,1.245469213E0,4.817206688E-1,3.176797440E0
7.318648333E0,-2.726298212E0,1.020817434E0,5.583191939E-1,2.964201494E0
7.328614333E0,-2.630468194E0,9.521360385E-1,6.045355864E-1,2.862060313E0
7.338579333E0,-2.498077877E0,9.701998419E-1,7.062419093E-1,2.771364004E0
7.348545333E0,-2.142785266E0,9.838460737E-1,8.313688159E-1,2.500131177E0
7.358510333E0,-1.662821832E0,8.211858898E-1,1.029821122E0,2.121285991E0
7.368476333E0,-1.043720977E0,5.483010131E-1,1.135301092E0,1.636733347E0
7.378441333E0,-4.550613123E-1,2.630381656E-1,9.625182085E-1,1.096681894E0
7.388406333E0,-3.515404522E-2,4.279577136E-3,5.989500336E-1,5.999960537E-1
7.398372333E0,2.016809928E-1,-1.594500625E-1,1.389356911E-1,2.922373549E-1
7.408337333E0,3.757871014E-1,-1.889837641E-1,-3.619720311E-1,5.549365369E-1
7.418303333E0,5.635599071E-1,-1.975259614E-1,-6.848295517E-1,9.086296216E-1
7.428268333E0,9.356761265E-1,-1.697551954E-1,-8.121594699E-1,1.250563731E0
7.438234333E0,1.494368811E0,-3.206607217E-1,-9.036943419E-1,1.775563264E0
7.448199333E0,2.352423735E0,-6.045541513E-1,-7.824811960E-1,2.551795441E0
7.458165333E0,3.419961591E0,-7.741491330E-1,-5.356963165E-1,3.547169957E0
7.468130333E0,4.622923885E0,-7.580055553E-1,-3.080150945E-1,4.694770598E0
7.478096333E0,5.984707081E0,-6.036747301E-1,-3.226423430E-1,6.023723110E0
7.488061333E0,7.461801463E0,-1.946526396E-1,-8.001948242E-1,7.507108797E0
7.498026333E0,8.654377933E0,3.094539481E-1,-1.339108133E0,8.762832290E0
7.507992333E0,9.571659304E0,8.271330929E-1,-1.895801654E0,9.792592859E0
7.517957333E0,1.028405716E1,1.049983345E0,-2.340208755E0,1.059909778E1
7.527923333E0,1.115456490E1,6.010990316E-1,-2.713502165E0,1.149559621E1
7.537888333E0,1.190760675E1,-2.781356764E-1,-2.515217235E0,1.217352766E1
7.547854333E0,1.196730332E1,-2.147202837E-1,-1.348150413E0,1.204491441E1
7.557819333E0,1.154064018E1,7.519004774E-1,2.552980600E-1,1.156792579E1
7.567785333E0,1.153067184E1,1.635946274E0,1.516229943E0,1.174443130E1
7.577750333E0,1.161221594E1,2.421308028E0,2.353909220E0,1.209327004E1
7.587715333E0,1.168494010E1,3.127476262E0,2.766654817E0,1.240859831E1
7.597681333E0,1.189596846E1,3.808758747E0,2.956494321E0,1.283594825E1
7.607646333E0,1.212965945E1,4.152541698E0,3.029680119E0,1.317388335E1
7.617612333E0,1.219859695E1,3.857877697E0,2.909544103E0,1.312076350E1
7.627577333E0,1.190919954E1,3.028937230E0,2.587338255E0,1.255777901E1
7.637543333E0,1.119553049E1,1.954060534E0,1.985636083E0,1.153694094E1
7.647508333E0,1.039662308E1,9.747589159E-1,1.243480867E0,1.051599596E1
7.657474333E0,9.574157234E0,4.317233205E-2,6.075338924E-1,9.593510725E0
7.667439333E0,8.456620422E0,-6.810632139E-1,2.496369320E-1,8.487673101E0
7.677404333E0,7.063783833E0,-9.149179262E-1,2.251192644E-2,7.122824133E0
7.687370333E0,5.708595711E0,-7.995400822E-1,-6.018992230E-2,5.764629404E0
7.697335333E0,4.638468123E0,-5.386548615E-1,1.529339254E-3,4.669640021E0
7.707301333E0,3.835551274E0,-1.489373535E-1,1.984322798E-1,3.843567520E0
7.717266333E0,3.345399651E0,3.493600255E-1,5.010674974E-1,3.400708733E0
7.727232333E0,3.134968300E0,7.044737113E-1,8.806968042E-1,3.331656692E0
7.737197333E0,2.942624141E0,7.645450813E-1,1.158411043E0,3.253533796E0
7.747163333E0,2.638654881E0,6.239236379E-1,1.352269192E0,3.029919513E0
7.757128333E0,2.169138082E0,4.686531651E-1,1.532188017E0,2.696738017E0
7.767094333E0,1.529631615E0,3.399308056E-1,1.688262190E0,2.303379051E0
7.777059333E0,7.860429543E-1,2.134315574E-1,1.673230022E0,1.860944723E0
7.787024333E0,2.003577679E-1,1.070952630E-1,1.412242913E0,1.430399481E0
7.796990333E0,-2.969642955E-1,6.648284197E-4,1.157674147E0,1.195155917E0
7.806955333E0,-8.156871682E-1,-2.213399166E-1,9.583905128E-1,1.277829914E0
7.816921333E0,-1.221718993E0,-4.541058773E-1,7.841300377E-1,1.521075067E0
7.826886333E0,-1.647465874E0,-8.564229655E-1,6.929380319E-1,1.981859535E0
7.836852333E0,-1.868926243E0,-1.374334829E0,7.688524327E-1,2.443934449E0
7.846817333E0,-2.124913836E0,-1.810131905E0,8.314718731E-1,2.912590222E0
7.856783333E0,-2.537565878E0,-1.925148391E0,1.088120348E0,3.365923767E0
7.866748333E0,-2.725461475E0,-2.170292907E0,1.482167280E0,3.786176357E0
7.876713333E0,-2.676955313E0,-2.530460634E0,1.494821970E0,3.975401048E0
7.886679333E0,-2.539665028E0,-2.958541724E0,1.058895964E0,4.040312890E0
7.896644333E0,-2.716711702E0,-3.472404391E0,6.760984893E-1,4.460406247E0
7.906610333E0,-2.993517137E0,-3.785554364E0,5.989570503E-1,4.863159080E0
7.916575333E0,-3.277622820E0,-3.988210088E0,2.415297675E-1,5.167878451E0
7.926541333E0,-3.420187878E0,-4.205552263E0,3.571493939E-2,5.420851457E0
7.936506333E0,-3.491035666E0,-4.501511714E0,-2.175795722E-1,5.700726148E0
7.946472333E0,-3.350414808E0,-4.852217477E0,-4.266841900E-1,5.911966950E0
7.956437333E0,-3.127956319E0,-5.213734156E0,-5.328343968E-1,6.103363587E0
7.966402333E0,-3.022411737E0,-5.519165804E0,-6.488361387E-1,6.325911177E0
7.976368333E0,-2.951236505E0,-5.830604882E0,-6.079759419E-1,6.563184056E0
7.986333333E0,-2.724929379E0,-6.227337880E0,-4.457040131E-1,6.812020937E0
7.996299333E0,-2.476898092E0,-6.648307001E0,-1.792183292E-1,7.096980298E0
8.006264333E0,-2.268489878E0,-6.932759424E0,-1.723306015E-2,7.294483980E0
8.016230333E0,-2.187235799E0,-7.126786412E0,2.478605479E-2,7.454911090E0
8.026195333E0,-2.432549300E0,-7.335034997E0,-3.766790941E-2,7.727965669E0
8.036161333E0,-2.853353530E0,-7.439737580E0,-2.579559119E-1,7.972318538E0
8.046126333E0,-3.162823851E0,-7.584262624E0,-4.890950310E-1,8.231871489E0
8.056091333E0,-3.637486199E0,-7.896008681E0,-7.108424985E-1,8.722588836E0
8.066057333E0,-4.189593750E0,-8.084870238E0,-9.070877735E-1,9.150990700E0
8.076022333E0,-4.595175338E0,-8.076116956E0,-9.168561320E-1,9.337019152E0
8.085988333E0,-4.839928676E0,-7.974547312E0,-6.697704864E-1,9.352374401E0
8.095953333E0,-5.023173398E0,-7.514712918E0,-3.567867203E-1,9.046020008E0
8.105919333E0,-5.158285010E0,-6.720730614E0,-1.392442779E-1,8.473223306E0
8.115884333E0,-5.001144013E0,-5.980905222E0,-6.328660771E-2,7.796580911E0
8.125850333E0,-4.516340253E0,-5.645719432E0,-1.963914554E-1,7.232568478E0
8.135814583E0,-3.821457730E0,-5.725816931E0,-2.878253898E-1,6.889946455E0
8.145779583E0,-3.276969101E0,-5.875551844E0,-4.534908964E-1,6.742869564E0
8.155745583E0,-3.006313768E0,-5.871165848E0,-6.798051855E-1,6.631036569E0
8.165710583E0,-2.773713284E0,-5.813361443E0,-9.713727933E-1,6.514001977E0
8.175676583E0,-2.441100268E0,-5.732739449E0,-1.287505431E0,6.362463544E0
8.185641583E0,-2.073874660E0,-5.651216984E0,-1.472448477E0,6.197202112E0
8.195607583E0,-1.764810721E0,-5.460792466E0,-1.521473872E0,5.937145272E0
8.205572583E0,-1.501601817E0,-5.095384172E0,-1.364922566E0,5.484593102E0
8.215538583E0,-1.360204448E0,-4.547158296E0,-9.831192648E-1,4.846991665E0
8.225503583E0,-1.350486960E0,-3.872700974E0,-4.766711596E-1,4.129024492E0
8.235468583E0,-1.570287305E0,-3.214152171E0,2.380109131E-3,3.577231061E0
8.245434583E0,-1.856662878E0,-2.540789740E0,3.452371538E-1,3.165753976E0
8.255399583E0,-1.974445682E0,-1.846542517E0,5.830305505E-1,2.765516161E0
8.265365583E0,-1.902170003E0,-1.331530872E0,7.695964909E-1,2.446120181E0
8.275330583E0,-1.757271321E0,-9.587621033E-1,9.093253568E-1,2.198658653E0
8.285296583E0,-1.609044989E0,-6.130811459E-1,1.086315312E0,2.035921223E0
8.295261583E0,-1.551667432E0,-2.322584224E-1,1.248271491E0,2.004943268E0
8.305227583E0,-1.577651289E0,1.341093993E-1,1.333192066E0,2.069871978E0
8.315192583E0,-1.602121886E0,4.251434487E-1,1.280928775E0,2.094831740E0
8.325157583E0,-1.561969056E0,7.033750194E-1,1.156623403E0,2.066944955E0
8.335123583E0,-1.434661723E0,9.975303125E-1,1.045319606E0,2.036176334E0
8.345088583E0,-1.194720644E0,1.195677248E0,8.778822470E-1,1.904646618E0
8.355054583E0,-9.245441973E-1,1.238305789E0,6.120855112E-1,1.662176848E0
8.365019583E0,-5.992758697E-1,1.180379763E0,3.674381545E-1,1.373840875E0
8.374985583E0,-1.933416939E-1,1.149072016E0,1.825415942E-1,1.179435857E0
8.384950583E0,3.099825364E-1,1.265645031E0,5.849788427E-2,1.304365179E0
8.394916583E0,7.882379991E-1,1.261920354E0,9.438487798E-2,1.490862378E0
8.404881583E0,1.181421152E0,1.327747139E0,1.497939706E-1,1.783565708E0
8.414846583E0,1.809620274E0,1.893695049E0,-2.166755927E-1,2.628260791E0
8.424812583E0,2.960199117E0,1.542504845E0,-9.173484676E-1,3.461737746E0
8.434777583E0,3.695159626E0,1.555131907E0,-5.953167200E-1,4.053028733E0
8.444743583E0,4.466040165E0,2.310840091E0,-6.772230551E-2,5.028924636E0
8.454708583E0,4.836018643E0,2.576752163E0,2.286027431E-1,5.484431350E0
8.464674583E0,5.371523609E0,2.800223975E0,-1.129828244E-2,6.057610737E0
8.474639583E0,5.933438694E0,2.950162371E0,-2.480602303E-1,6.631039635E0
8.484604583E0,6.284843491E0,2.833365408E0,-2.898561278E-1,6.900089407E0
8.494570583E0,6.466587818E0,2.545469559E0,-3.371527934E-1,6.957718397E0
8.504535583E0,6.501279933E0,2.305391071E0,-5.932795501E-1,6.923398687E0
8.514501583E0,6.627879753E0,2.326307146E0,-1.003747072E0,7.095632681E0
8.524466583E0,6.865514106E0,2.290188895E0,-1.166967712E0,7.330897813E0
8.534432583E0,7.170104924E0,2.107782664E0,-1.234099010E0,7.574704796E0
8.544397583E0,7.510421062E0,1.853704187E0,-1.074598077E0,7.810083531E0
8.554363583E0,7.933080028E0,1.676266919E0,-8.775090484E-1,8.155590209E0
8.564328583E0,8.219480159E0,1.605908543E0,-6.171610406E-1,8.397599900E0
8.574293583E0,8.197872943E0,1.599611676E0,-2.264956990E-1,8.355547774E0
8.584259583E0,7.950387787E0,1.655490593E0,1.822660442E-1,8.122963497E0
8.594224583E0,7.743764727E0,1.874589272E0,4.922259226E-1,7.982622592E0
8.604190583E0,7.781204449E0,2.082836688E0,7.293594611E-1,8.088097215E0
8.614155583E0,7.868033262E0,2.306179276E0,9.043441138E-1,8.248772548E0
8.624121583E0,8.095734365E0,2.513961253E0,9.386033888E-1,8.528885766E0
8.634086583E0,8.441912336E0,2.630000417E0,8.818548453E-1,8.885969505E0
8.644051583E0,8.733448661E0,2.689152605E0,7.636449024E-1,9.169941155E0
8.654017583E0,8.879723192E0,2.597346641E0,5.683870760E-1,9.269237154E0
8.663982583E0,8.906694059E0,2.268595127E0,3.773662882E-1,9.198811240E0
8.673948583E0,8.840364999E0,1.711677073E0,1.684527281E-1,9.006123919E0
8.683913583E0,8.588613714E0,1.045086302E0,-1.040371692E-1,8.652590054E0
8.693879583E0,8.195427638E0,4.670130211E-1,-3.016881149E-1,8.214265095E0
8.703844583E0,7.613813868E0,9.291284144E-2,-3.597698236E-1,7.622875359E0
8.713809583E0,6.708518704E0,-3.909758288E-1,-3.181167443E-1,6.727427708E0
8.723775583E0,5.914107215E0,-4.466886842E-1,4.003249419E-1,5.944447408E0
8.733740583E0,5.308347368E0,-1.445279682E-1,1.344980053E0,5.477993378E0
8.743706583E0,4.771921465E0,-4.066621542E-2,1.672850976E0,5.056809132E0
8.753671583E0,4.106820565E0,7.220083416E-2,1.886973820E0,4.520161315E0
8.763637583E0,3.134912167E0,-8.916419148E-3,2.236683948E0,3.851039974E0
8.773602583E0,2.179838487E0,8.722057700E-2,2.566744069E0,3.368601842E0
8.783568583E0,1.364478763E0,3.936544383E-1,2.711397167E0,3.060790864E0
8.793533583E0,7.462842268E-1,6.893884796E-1,2.862682178E0,3.037621747E0
8.803498583E0,3.435689431E-1,6.674029487E-1,2.957121435E0,3.050906996E0
8.813464583E0,-2.365426773E-1,4.235097367E-1,3.137741927E0,3.175017690E0
8.823429583E0,-1.016089960E0,-3.917663723E-1,3.389492627E0,3.560137633E0
8.833395583E0,-1.786630191E0,-1.401151915E0,3.504688915E0,4.175897331E0
8.843360583E0,-2.715631136E0,-1.533209526E0,3.471096953E0,4.666250955E0
8.853326583E0,-3.567978593E0,-1.313840121E0,2.989344271E0,4.836613099E0
8.863291583E0,-4.022607211E0,-8.582192302E-1,2.688669040E0,4.913944467E0
8.873257583E0,-3.854106243E0,-7.017266893E-1,2.454331348E0,4.622801926E0
8.883222583E0,-3.313374451E0,-7.779796439E-1,2.458894515E0,4.198793257E0
8.893187583E0,-3.079119789E0,-7.828831190E-1,2.518501616E0,4.054224345E0
8.903153583E0,-2.853904338E0,-7.056390613E-1,2.389868719E0,3.788689608E0
8.913118583E0,-2.503422232E0,-6.591449261E-1,2.221281213E0,3.411112008E0
8.923084583E0,-2.335298409E0,-8.327440810E-1,2.157384156E0,3.286546479E0
8.933049583E0,-2.319786331E0,-1.221323721E0,1.968772421E0,3.278582788E0
8.943015583E0,-2.381137072E0,-1.493812156E0,1.599174889E0,3.233983432E0
8.952980583E0,-2.571638773E0,-1.773197383E0,1.052133366E0,3.296140100E0
8.962945583E0,-2.790198923E0,-2.119414530E0,5.858739053E-1,3.552516884E0
8.972911583E0,-2.876447108E0,-2.642444462E0,1.104600433E-1,3.907513547E0
8.982876583E0,-2.868192009E0,-2.720425853E0,1.962825510E-1,3.958000640E0
8.992842583E0,-2.992824826E0,-2.542155942E0,5.306582093E-1,3.962468348E0
9.002807583E0,-2.793054119E0,-2.554155014E0,8.004583874E-1,3.868538842E0
9.012773583E0,-2.338027890E0,-2.917227345E0,1.132828158E0,3.906390844E0
9.022738583E0,-2.065099159E0,-3.721997176E0,1.428790241E0,4.489915263E0
9.032703583E0,-2.169944413E0,-4.326629973E0,1.738295352E0,5.142961832E0
9.042669583E0,-2.404810694E0,-4.619041626E0,1.798597980E0,5.509411467E0
9.052634583E0,-2.899210904E0,-4.942168411E0,1.770741844E0,5.997164259E0
9.062600583E0,-3.600257562E0,-5.285444409E0,1.593741657E0,6.590735132E0
9.072565583E0,-4.416601372E0,-5.626849297E0,1.421003504E0,7.292945335E0
9.082531583E0,-4.937440937E0,-6.025725299E0,1.136691706E0,7.872722301E0
9.092496583E0,-5.094455634E0,-6.471962578E0,9.635977507E-1,8.292665341E0
9.102461583E0,-5.092061784E0,-6.684445133E0,8.922526565E-1,8.450267141E0
9.112427583E0,-5.174512203E0,-6.440001698E0,8.012617949E-1,8.300073425E0
9.122392583E0,-5.139287991E0,-5.991624922E0,6.194513950E-1,7.918053441E0
9.132358583E0,-4.672495995E0,-6.024429556E0,3.945125172E-1,7.634239348E0
9.142324083E0,-4.154730896E0,-6.312885568E0,3.171588242E-1,7.564053327E0
9.152290083E0,-4.059306090E0,-6.238627099E0,3.810245986E-1,7.452758802E0
9.162255083E0,-4.343097194E0,-5.872271556E0,6.051365340E-1,7.328864625E0
9.172221083E0,-4.459256811E0,-5.496882650E0,9.378138685E-1,7.140040968E0
9.182186083E0,-4.001833808E0,-5.314208032E0,1.259791968E0,6.770713155E0
9.192151083E0,-3.289682702E0,-5.483004869E0,1.388089381E0,6.543099174E0
9.202117083E0,-2.546340210E0,-5.808196598E0,1.376823112E0,6.489579190E0
9.212082083E0,-1.812524586E0,-5.952626333E0,1.276593357E0,6.352062360E0
9.222048083E0,-1.046526471E0,-5.878008260E0,1.180478288E0,6.086027255E0
9.232013083E0,-3.006556427E-1,-5.719096726E0,1.175869513E0,5.846463058E0
9.241979083E0,2.627621770E-1,-5.385125987E0,1.147227219E0,5.512236946E0
9.251944083E0,4.952088797E-1,-4.879482751E0,1.056651949E0,5.017080535E0
9.261909083E0,3.166226345E-1,-4.185149281E0,9.670616412E-1,4.307079360E0
9.271875083E0,-1.454822338E-1,-3.277231057E0,9.288560803E-1,3.409425479E0
9.281840083E0,-6.965992659E-1,-2.309909214E0,8.394194086E-1,2.554516796E0
9.291806083E0,-1.093138136E0,-1.405486456E0,6.726240738E-1,1.903356589E0
9.301771083E0,-1.322749524E0,-5.643299854E-1,4.167263818E-1,1.497262673E0
9.311737083E0,-1.436046343E0,1.872980118E-1,6.149180487E-2,1.449514018E0
9.321702083E0,-1.479691715E0,8.318248987E-1,-3.312003279E-1,1.729483707E0
9.331667083E0,-1.455664337E0,1.457027323E0,-8.299410720E-1,2.220515585E0
9.341633083E0,-1.362677820E0,2.084828834E0,-1.267786281E0,2.794760126E0
9.351598083E0,-1.249476310E0,2.685958856E0,-1.417260994E0,3.283929772E0
9.361564083E0,-1.208776765E0,2.990798766E0,-1.450439411E0,3.536918576E0
9.371529083E0,-1.286635950E0,3.009492314E0,-1.514696510E0,3.606491588E0
9.381495083E0,-1.352755095E0,2.978435413E0,-1.517936014E0,3.606265881E0
9.391460083E0,-1.345068346E0,2.949422699E0,-1.287337031E0,3.487913379E0
9.401425083E0,-1.258579840E0,2.929548597E0,-9.660207637E-1,3.331587356E0
9.411391083E0,-9.335185039E-1,2.895519556E0,-8.255767103E-1,3.152311406E0
9.421356083E0,-3.475871497E-1,2.854881992E0,-8.377609921E-1,2.995498539E0
9.431322083E0,1.395163196E-1,2.853909016E0,-6.355397165E-1,2.927144035E0
9.441287083E0,2.856551957E-1,2.944795797E0,-3.649549882E-1,2.981042321E0
9.451253083E0,9.446071637E-1,2.892291309E0,-4.223689449E-1,3.071811718E0
9.461218083E0,1.450973700E0,2.438404702E0,-4.721192484E-1,2.876462889E0
9.471183083E0,1.500755140E0,2.022089379E0,-3.423028748E-1,2.541315153E0
9.481149083E0,1.742284908E0,2.172627116E0,-5.828035323E-1,2.845263651E0
9.491114083E0,2.102250028E0,2.372846305E0,-9.828842068E-1,3.319023370E0
9.501080083E0,2.577966338E0,2.386928154E0,-1.297663214E0,3.745299223E0
9.511045083E0,3.114716761E0,2.210065084E0,-1.388809466E0,4.063820851E0
9.521011083E0,3.743033412E0,1.792839350E0,-1.313512823E0,4.353146907E0
9.530976083E0,4.674238465E0,1.932728721E0,-1.404673254E0,5.249481164E0
9.540941083E0,5.468919511E0,1.956119923E0,-1.536744022E0,6.008083551E0
9.550907083E0,6.108607827E0,1.782948200E0,-1.547556839E0,6.548963737E0
9.560872083E0,6.598634904E0,1.552170292E0,-1.503400859E0,6.943445064E0
9.570838083E0,7.058475730E0,1.178613904E0,-1.449153024E0,7.301455667E0
9.580803083E0,7.557046759E0,8.624993920E-1,-1.559689958E0,7.764373361E0
9.590769083E0,8.248299916E0,7.010478276E-1,-1.774551598E0,8.466106126E0
9.600734083E0,9.084176935E0,4.683081794E-1,-1.917705470E0,9.296191554E0
9.610699083E0,9.894213939E0,1.477486145E-1,-1.961798300E0,1.008791117E1
9.620665083E0,1.050018896E1,-6.434451520E-2,-1.998541911E0,1.068888573E1
9.630630083E0,1.072025711E1,-1.475153106E-1,-1.934264639E0,1.089435877E1
9.640596083E0,1.028902496E1,-1.953320861E-2,-1.639319387E0,1.041881875E1
9.650561083E0,9.275040579E0,3.808724248E-1,-1.141140268E0,9.352734501E0
9.660527083E0,8.538536990E0,9.054489452E-1,-6.303870039E-1,8.609520282E0
9.670492083E0,8.414848498E0,1.290244852E0,-3.899356091E-1,8.522115747E0
9.680457083E0,8.822919831E0,1.344340367E0,-4.635345125E-1,8.936779600E0
9.690423083E0,9.457516392E0,9.844506758E-1,-5.990013430E-1,9.527463568E0
9.700388083E0,9.998313088E0,4.590040898E-1,-6.233606972E-1,1.002823653E1
9.710354083E0,1.013574371E1,-1.764835864E-1,-4.575696217E-1,1.014760153E1
9.720319083E0,9.870367824E0,-8.275266105E-1,-1.919737378E-1,9.906856978E0
9.730285083E0,9.179440357E0,-1.298578888E0,1.966079485E-1,9.272922252E0
9.740250083E0,8.132003474E0,-1.480575814E0,5.236231318E-1,8.282256120E0
9.750215083E0,7.089999239E0,-1.393686190E0,7.730967803E-1,7.266920190E0
9.760181083E0,6.210968599E0,-1.156079319E0,1.183315942E0,6.427510167E0
9.770146083E0,5.508603394E0,-8.116677922E-1,1.672746603E0,5.813914099E0
9.780112083E0,4.781129660E0,-4.406765771E-1,2.162860219E0,5.266057444E0
9.790077083E0,4.047319298E0,-1.136844903E-1,2.459476021E0,4.737376907E0
9.800043083E0,3.314024076E0,1.533145791E-1,2.699153390E0,4.276878530E0
9.810008083E0,2.540435691E0,2.975759143E-1,2.927104754E0,3.887197855E0
9.819973083E0,1.768976862E0,2.441925895E-1,3.088295240E0,3.567418766E0
9.829939083E0,1.042525806E0,4.401316166E-2,3.079647500E0,3.251618972E0
9.839904083E0,3.701819605E-1,-3.097954255E-1,2.873043737E0,2.913312239E0
9.849870083E0,-3.705251920E-1,-7.894571435E-1,2.720542505E0,2.856900947E0
9.859835083E0,-1.201835536E0,-1.174424958E0,2.655812366E0,3.142772973E0
9.869801083E0,-2.324905568E0,-1.438902708E0,2.651273757E0,3.808527201E0
9.879766083E0,-2.833914462E0,-1.424441959E0,2.632357722E0,4.121821594E0
9.889731083E0,-2.804578396E0,-1.364022680E0,2.195236252E0,3.813827481E0
9.899697083E0,-3.354402024E0,-1.610715539E0,1.943656875E0,4.198120953E0
9.909662083E0,-3.920202584E0,-1.498108106E0,1.860568525E0,4.590646080E0
9.919628083E0,-4.324200162E0,-1.571604098E0,2.414218279E0,5.195873015E0
9.929593083E0,-4.530839009E0,-2.219533480E0,2.636684077E0,5.692708838E0
9.939559083E0,-4.903486741E0,-2.699187304E0,2.467679664E0,6.117126551E0
9.949524083E0,-5.329359337E0,-3.129038054E0,2.205850995E0,6.561915018E0
9.959489083E0,-5.591266651E0,-3.272422891E0,1.826492122E0,6.731053990E0
9.969455083E0,-5.469731104E0,-3.065402513E0,1.386193275E0,6.421540525E0
9.979420083E0,-4.975478244E0,-2.808658291E0,1.108599343E0,5.820046190E0
9.989386083E0,-4.253630117E0,-2.810949815E0,1.079243982E0,5.211484971E0
9.999351083E0,-3.539041307E0,-3.019722311E0,1.107031120E0,4.782159983E0
1.000931708E1,-2.849232413E0,-3.317567782E0,1.101077777E0,4.509628987E0
1.001928208E1,-2.387486563E0,-3.693133273E0,9.842764288E-1,4.506453767E0
1.002924708E1,-2.203809732E0,-4.180122430E0,9.137818122E-1,4.813023796E0
1.003921308E1,-2.117855077E0,-4.587714291E0,7.974704602E-1,5.115505027E0
1.004917808E1,-2.062148654E0,-4.873315400E0,6.963794106E-1,5.337284360E0
1.005914408E1,-2.179450817E0,-5.343495566E0,6.700640166E-1,5.809641685E0
1.006910908E1,-2.441265160E0,-5.951435255E0,7.572822547E-1,6.477100708E0
1.007907508E1,-2.649679222E0,-6.316697953E0,8.031519073E-1,6.896848990E0
1.008904008E1,-2.919752172E0,-6.494046342E0,8.909645149E-1,7.175751418E0
1.009900508E1,-3.191736578E0,-6.645496244E0,9.979135975E-1,7.439464649E0
1.010897108E1,-3.357592850E0,-6.906652776E0,1.130212699E0,7.762258889E0
1.011893608E1,-3.419395580E0,-7.279637892E0,1.233570129E0,8.136773884E0
1.012890208E1,-3.578886573E0,-7.472158052E0,1.263543249E0,8.380818373E0
1.013886654E1,-3.952349406E0,-7.408076661E0,1.286248280E0,8.494415830E0
1.014883154E1,-4.281224881E0,-7.194704745E0,1.260013870E0,8.466421783E0
1.015879754E1,-4.299355928E0,-7.152636952E0,1.102064203E0,8.417792007E0
1.016876254E1,-4.212151723E0,-7.130852566E0,9.422741246E-1,8.335416065E0
1.017872854E1,-4.233379455E0,-6.682671672E0,7.591311443E-1,7.947067533E0
1.018869354E1,-4.282506006E0,-6.028510913E0,5.963256571E-1,7.418787354E0
1.019865954E1,-4.121515203E0,-5.510014912E0,4.060432264E-1,6.892896561E0
1.020862454E1,-3.644291189E0,-5.207862382E0,2.075551057E-1,6.359698733E0
1.021858954E1,-3.049824654E0,-5.106083407E0,7.488967627E-2,5.948035528E0
1.022855554E1,-2.448277141E0,-5.040759484E0,3.577648133E-2,5.603980468E0
1.023852054E1,-1.818306897E0,-4.992225255E0,-7.909820974E-3,5.313060844E0
1.024848654E1,-1.242045084E0,-4.866814758E0,-1.158567309E-2,5.022817547E0
1.025845154E1,-6.892458075E-1,-4.803819488E0,-5.164553225E-3,4.853016395E0
1.026841754E1,-2.111622530E-1,-4.778729086E0,3.157145619E-2,4.783496412E0
1.027838254E1,4.640993536E-2,-4.583604868E0,1.812569609E-1,4.587422103E0
1.028834754E1,7.640088916E-2,-4.132448326E0,5.292697880E-1,4.166904459E0
1.029831354E1,-2.405515283E-1,-3.668583446E0,8.750700286E-1,3.779168836E0
1.030827854E1,-7.413322198E-1,-3.122975661E0,1.049206835E0,3.376889903E0
1.031824454E1,-1.309983882E0,-2.532905062E0,1.081951243E0,3.049964642E0
1.032820954E1,-1.777100399E0,-1.988604130E0,9.855647166E-1,2.843232320E0
1.033817554E1,-2.138716189E0,-1.440226518E0,7.426267934E-1,2.683254351E0
1.034814054E1,-2.307179734E0,-9.170492363E-1,4.384522963E-1,2.521169975E0
1.035810554E1,-2.357610800E0,-4.695787793E-1,1.881210074E-1,2.411269878E0
1.036807154E1,-2.317429903E0,-6.469534814E-2,-7.022315964E-2,2.319396071E0
1.037803654E1,-2.255019647E0,3.628875589E-1,-2.477865806E-1,2.297433172E0
1.038800254E1,-2.130407295E0,8.064017898E-1,-3.122848776E-1,2.299226160E0
1.039796754E1,-1.962175884E0,1.157768580E0,-3.011909553E-1,2.298103191E0
1.040793254E1,-1.735381100E0,1.410751873E0,-2.647595859E-1,2.252080382E0
1.041789854E1,-1.509829434E0,1.565086207E0,-1.848810652E-1,2.182489579E0
1.042786354E1,-1.258843549E0,1.730170062E0,2.000098586E-2,2.139760632E0
1.043782954E1,-8.482234150E-1,1.865051293E0,2.970560968E-1,2.070299885E0
1.044779454E1,-4.588462150E-1,1.901096454E0,4.119399972E-1,1.998600045E0
1.045776054E1,-1.392034936E-1,1.903476856E0,1.771997242E-1,1.916768503E0
1.046772554E1,1.793931609E-1,1.992377923E0,-3.322132118E-1,2.027835622E0
1.047769054E1,6.449069560E-1,2.032293355E0,-9.772429593E-1,2.345447733E0
1.048765654E1,9.727375335E-1,1.733161497E0,-1.234491212E0,2.339665710E0
1.049762154E1,1.127520348E0,1.395111741E0,-1.286106777E0,2.207194950E0
1.050758754E1,1.287293177E0,1.161905485E0,-1.280263216E0,2.155509680E0
1.051755254E1,1.558532647E0,1.017940603E0,-1.242933130E0,2.238327467E0
1.052751754E1,1.926103826E0,1.088894227E0,-1.282627830E0,2.557479372E0
1.053748354E1,2.373726895E0,1.414576537E0,-1.468922460E0,3.129431154E0
1.054744854E1,2.793492075E0,1.695805975E0,-1.482330125E0,3.588406120E0
1.055741454E1,3.331418081E0,1.739591680E0,-1.460799361E0,4.032178124E0
1.056737954E1,4.002082607E0,1.552634561E0,-1.406642596E0,4.517298160E0
1.057734554E1,4.652617800E0,1.295092778E0,-1.353864166E0,5.015681995E0
1.058731054E1,5.363348032E0,1.093413540E0,-1.275064895E0,5.620217591E0
1.059727554E1,6.008866607E0,8.296918344E-1,-1.162899950E0,6.176342181E0
1.060724154E1,6.717503536E0,6.231418651E-1,-9.729357541E-1,6.816139928E0
1.061720654E1,7.500320581E0,5.190813071E-1,-6.691340169E-1,7.547979502E0
1.062717254E1,8.188294619E0,6.741582370E-1,-2.588625227E-1,8.220077123E0
1.063713754E1,8.861200967E0,9.766668624E-1,3.153783470E-2,8.914917576E0
1.064710354E1,9.604551646E0,1.084572549E0,1.208210170E-1,9.666349241E0
1.065706854E1,1.027225514E1,1.176748057E0,2.580656934E-1,1.034265728E1
1.066703354E1,1.071051916E1,1.276302751E0,5.101721969E-1,1.079835381E1
1.067699954E1,1.085612535E1,1.459970811E0,7.630796228E-1,1.098040359E1
1.068696454E1,1.075174203E1,1.775514634E0,9.509744892E-1,1.093877330E1
1.069693054E1,1.060597562E1,2.318722138E0,1.061571065E0,1.090825945E1
1.070689554E1,1.045427896E1,3.035945118E0,1.003840920E0,1.093236516E1
1.071686054E1,1.032411176E1,3.655658176E0,6.471351837E-1,1.097132190E1
1.072682654E1,1.040065883E1,3.982602900E0,5.848355860E-2,1.113724608E1
1.073679154E1,1.051650270E1,3.812002198E0,-4.937040988E-1,1.119696090E1
1.074675754E1,1.031927377E1,2.991049027E0,-8.823097587E-1,1.078017885E1
1.075672254E1,9.839576386E0,1.813591118E0,-9.524871638E-1,1.005055262E1
1.076668854E1,9.333182952E0,6.888797718E-1,-8.427919364E-1,9.396443881E0
1.077665354E1,8.913263991E0,-2.834186357E-1,-7.495510662E-1,8.949213814E0
1.078661854E1,8.537044196E0,-8.768817884E-1,-3.831882146E-1,8.590510955E0
1.079658454E1,8.031597426E0,-9.843612134E-1,3.024139005E-1,8.097343909E0
1.080654954E1,7.410308543E0,-9.278151298E-1,7.304701397E-1,7.503805718E0
1.081651554E1,6.735667911E0,-8.326458478E-1,9.400135911E-1,6.851725831E0
1.082648054E1,6.169337593E0,-6.269331998E-1,1.129720071E0,6.303176899E0
1.083644554E1,5.738171512E0,-2.469004351E-1,1.596627550E0,5.961274332E0
1.084641154E1,5.098909459E0,-8.734863102E-2,2.046982438E0,5.495147364E0
1.085637654E1,4.227953823E0,-1.573590982E-1,2.185528705E0,4.762025949E0
1.086634254E1,3.257765091E0,-2.775942242E-1,2.082410426E0,3.876406212E0
1.087630754E1,2.211433917E0,-6.462225795E-1,1.801903118E0,2.924875799E0
1.088627354E1,1.159062569E0,-1.128115010E0,1.441081088E0,2.166283504E0
1.089623854E1,-1.626683700E-1,-1.605965846E0,1.167548925E0,1.992174136E0
1.090620354E1,-1.449241755E0,-1.840828618E0,9.118630484E-1,2.514049698E0
1.091616954E1,-2.283486816E0,-1.746193771E0,8.077115661E-1,2.985950887E0
1.092613454E1,-2.575094478E0,-1.432656713E0,8.933186039E-1,3.079226356E0
1.093610054E1,-2.381346987E0,-1.084126992E0,1.237920165E0,2.894579614E0
1.094606554E1,-1.929085906E0,-8.712784016E-1,1.608855247E0,2.658742878E0
1.095603054E1,-1.531417354E0,-8.402062976E-1,2.102879481E0,2.733731488E0
1.096599654E1,-1.337772775E0,-9.401913464E-1,2.535145715E0,3.016713371E0
1.097596154E1,-1.270782394E0,-1.092942839E0,2.839771325E0,3.297531368E0
1.098592754E1,-1.410192295E0,-1.448274626E0,2.864533114E0,3.505950893E0
1.099589254E1,-1.719481936E0,-1.971092303E0,2.706776405E0,3.764101686E0
1.100585854E1,-2.059524423E0,-2.484050406E0,2.448914780E0,4.050843229E0
1.101582354E1,-2.205208971E0,-2.871193093E0,2.146038949E0,4.208584032E0
1.102578854E1,-2.122798313E0,-3.223567943E0,1.935408500E0,4.317808359E0
1.103575454E1,-2.075390258E0,-3.905483973E0,1.842916366E0,4.791282764E0
1.104571954E1,-2.347340750E0,-4.777672201E0,1.618352880E0,5.563742113E0
1.105568554E1,-2.864008911E0,-5.314285800E0,1.236919414E0,6.162316954E0
1.106565054E1,-3.472876554E0,-5.616282209E0,7.854105780E-1,6.649839636E0
1.107561554E1,-4.122780540E0,-6.017488911E0,3.520324954E-1,7.302836371E0
1.108558154E1,-4.586133204E0,-6.361680583E0,1.087848160E-1,7.843177401E0
1.109554654E1,-4.751989476E0,-6.607129739E0,-5.667413771E-3,8.138525634E0
1.110551254E1,-4.644884858E0,-6.789856982E0,-2.490212202E-2,8.226647756E0
1.111547754E1,-4.503294531E0,-7.065681254E0,1.227058670E-1,8.379652137E0
1.112544254E1,-4.785710369E0,-7.573134788E0,4.559831259E-1,8.970134607E0
1.113540929E1,-5.754213933E0,-8.145986506E0,5.985774198E-1,9.991314682E0
1.114537429E1,-7.005395291E0,-8.226158849E0,5.927448222E-1,1.082111820E1
1.115534029E1,-8.035640191E0,-8.002011684E0,6.476952007E-1,1.135883856E1
1.116530529E1,-8.362670285E0,-7.951654294E0,8.317713967E-1,1.156956801E1
1.117527129E1,-8.140790085E0,-8.114326172E0,1.052121087E0,1.154217099E1
1.118523629E1,-7.581268850E0,-8.125917692E0,8.033100745E-1,1.114232843E1
1.119520129E1,-6.927846594E0,-7.652411923E0,2.136253926E-1,1.032473256E1
1.120516729E1,-6.218323812E0,-6.979873949E0,-3.713914570E-1,9.355432806E0
1.121513229E1,-5.386957920E0,-6.582815262E0,-8.010866708E-1,8.543682593E0
1.122509829E1,-4.718711218E0,-6.298909553E0,-9.775120774E-1,7.930827635E0
1.123506329E1,-4.426129410E0,-5.862058225E0,-9.066315445E-1,7.401103225E0
1.124502829E1,-4.260648530E0,-5.540201163E0,-6.395471057E-1,7.018260135E0
1.125499429E1,-3.966178656E0,-5.671112720E0,-1.823226160E-1,6.922812590E0
1.126495929E1,-3.447607811E0,-5.892208807E0,2.983410224E-1,6.833237272E0
1.127492529E1,-2.885185772E0,-6.208398163E0,5.848826560E-1,6.870996465E0
1.128489029E1,-2.405871379E0,-6.679886059E0,4.846441305E-1,7.116458022E0
1.129485629E1,-1.939928983E0,-6.953702981E0,1.946716431E-1,7.221856178E0
1.130482129E1,-1.454671479E0,-7.017731747E0,-1.075487146E-1,7.167718934E0
1.131478629E1,-1.079229364E0,-6.986449728E0,-3.436285847E-1,7.077661791E0
1.132475229E1,-7.715927303E-1,-6.683820065E0,-5.572077844E-1,6.751243332E0
1.133471729E1,-6.261677992E-1,-5.981641971E0,-6.531348655E-1,6.049686929E0
1.134468329E1,-5.276784682E-1,-4.978403606E0,-4.643709567E-1,5.027781560E0
1.135464829E1,-4.455397063E-1,-3.887414907E0,-1.056384292E-1,3.914289178E0
1.136461329E1,-3.667970073E-1,-2.900180957E0,2.715818247E-1,2.935872326E0
1.137457929E1,-3.713075495E-1,-2.093345304E0,5.571598372E-1,2.197815038E0
1.138454429E1,-4.400994569E-1,-1.424386995E0,6.553857511E-1,1.628525814E0
1.139451029E1,-4.935582107E-1,-8.075753260E-1,5.173005375E-1,1.078599769E0
1.140447529E1,-5.622238183E-1,-2.993166304E-1,2.635223150E-1,6.892967994E-1
1.141444029E1,-5.364352584E-1,1.743914527E-1,-9.397937357E-3,5.641484613E-1
1.142440629E1,-4.028696501E-1,7.566033930E-1,-3.110999393E-1,9.118858599E-1
1.143437129E1,-2.199307376E-1,1.390269077E0,-6.922727649E-1,1.568585100E0
1.144433729E1,-1.109865850E-1,1.840220507E0,-1.182241808E0,2.190074253E0
1.145430229E1,-6.164368629E-2,2.102972744E0,-1.622885203E0,2.657075589E0
1.146426829E1,-8.660544991E-2,2.204109110E0,-1.910068130E0,2.917868697E0
1.147423329E1,-1.065783691E-1,2.234718114E0,-2.018245274E0,3.013077826E0
1.148419829E1,2.076346278E-3,2.277150189E0,-1.922555151E0,2.980207308E0
1.149416429E1,2.953574806E-1,2.259115621E0,-1.541936349E0,2.751073815E0
1.150412929E1,7.380110013E-1,2.199802051E0,-9.087856588E-1,2.491923087E0
1.151409529E1,1.365191538E0,2.193425077E0,-1.562526588E-1,2.588296042E0
1.152406029E1,2.162991489E0,2.292672207E0,5.901735091E-1,3.206740215E0
1.153402529E1,3.038483394E0,2.493113590E0,1.160900348E0,4.098254059E0
1.154399129E1,3.916018024E0,2.913706736E0,1.518850226E0,5.111926263E0
1.155395629E1,4.682544435E0,3.466203711E0,1.588660865E0,6.038595358E0
1.156392229E1,5.232779707E0,3.759798841E0,1.401090226E0,6.594021884E0
1.157388729E1,5.515857450E0,3.719245477E0,1.167081440E0,6.754224560E0
1.158385229E1,5.766145762E0,3.597854356E0,7.915188718E-1,6.842477259E0
1.159381829E1,5.957637396E0,3.238326023E0,4.834283482E-1,6.798080740E0
1.160378329E1,5.947545687E0,2.550299360E0,6.487672877E-1,6.503708597E0
1.161374929E1,5.875329065E0,1.981369370E0,1.135319365E0,6.303512217E0
1.162371429E1,5.942812951E0,1.608755552E0,1.656100750E0,6.375561927E0
1.163367929E1,6.169034708E0,1.387319741E0,2.138867632E0,6.675058055E0
1.164364529E1,6.585012646E0,1.277946403E0,2.588429345E0,7.189958625E0
1.165361029E1,6.991747305E0,1.210937896E0,3.210655536E0,7.788402272E0
1.166357629E1,7.325150864E0,1.484093499E0,3.830754510E0,8.398514679E0
1.167354129E1,7.774878931E0,1.620168148E0,4.279303779E0,9.021426054E0
1.168350629E1,8.393020842E0,1.246745660E0,4.543921862E0,9.625196075E0
1.169347229E1,8.846023350E0,6.919472212E-1,4.761341805E0,1.006982104E1
1.170343729E1,8.984442147E0,3.708549750E-1,5.125723035E0,1.035039954E1
1.171340329E1,8.936491470E0,2.345172018E-1,5.464789038E0,1.047758547E1
1.172336829E1,8.885479192E0,1.712164146E-1,5.648006862E0,1.053000651E1
1.173333429E1,8.947106506E0,3.690663117E-1,5.757644495E0,1.064600371E1
1.174329929E1,9.174640378E0,9.851687139E-1,5.628387115E0,1.080848393E1
1.175326429E1,9.736852502E0,1.638698559E0,5.056115441E0,1.109305787E1
1.176323029E1,1.054935352E1,1.819765193E0,3.992059310E0,1.142527648E1
1.177319529E1,1.127532043E1,1.412831728E0,2.830881219E0,1.171079983E1
1.178316129E1,1.167761822E1,7.951172483E-1,1.858443647E0,1.185127806E1
1.179312629E1,1.175936697E1,1.550892091E-1,1.147263472E0,1.181621673E1
1.180309129E1,1.143894073E1,-3.960482883E-1,6.044518250E-1,1.146174425E1
1.181305729E1,1.077247625E1,-9.522839731E-1,1.406992114E-1,1.081540039E1
1.182302229E1,9.892899485E0,-1.484052569E0,-4.036362201E-2,1.000367440E1
1.183298829E1,8.942658529E0,-1.790044965E0,1.404618144E-1,9.121136555E0
1.184295329E1,8.066115294E0,-1.955860307E0,4.975582910E-1,8.314756144E0
1.185291829E1,7.189139366E0,-2.111038978E0,9.601259664E-1,7.553942828E0
1.186288429E1,6.369837449E0,-2.090864330E0,1.495414001E0,6.868974145E0
1.187284929E1,5.552511891E0,-1.990923720E0,1.913130901E0,6.201147910E0
1.188281529E1,4.808134441E0,-1.847942925E0,2.104791228E0,5.564458282E0
1.189278029E1,4.150167144E0,-1.778918298E0,2.007620152E0,4.941556062E0
1.190274529E1,3.544159960E0,-1.930605597E0,1.684224395E0,4.373204729E0
1.191271129E1,2.899748847E0,-2.230701077E0,1.309186614E0,3.885684015E0
1.192267629E1,2.269480981E0,-2.525749240E0,8.186449823E-1,3.492868843E0
1.193264229E1,1.436913486E0,-2.915857927E0,3.429175633E-1,3.268721504E0
1.194260729E1,3.494325310E-1,-3.332306566E0,-9.145162225E-2,3.351825404E0
1.195257229E1,-7.166405976E-1,-3.642275653E0,-4.450377229E-1,3.738690179E0
1.196253829E1,-1.676476834E0,-3.914936289E0,-5.896265021E-1,4.299413930E0
1.197250329E1,-2.560045499E0,-4.290796481E0,-6.197064798E-1,5.034759529E0
1.198246929E1,-3.238164055E0,-4.539089431E0,-5.254039013E-1,5.600454318E0
1.199243429E1,-3.640944242E0,-4.536319020E0,-2.416567983E-1,5.821774921E0
1.200239929E1,-3.724494522E0,-4.346002968E0,2.435074420E-1,5.728777977E0
1.201236529E1,-3.556649612E0,-4.334854959E0,7.994924274E-1,5.663913145E0
1.202233029E1,-3.431206956E0,-4.618449303E0,1.175417815E0,5.872381304E0
1.203229629E1,-3.438208997E0,-4.996141720E0,1.409119623E0,6.226422030E0
1.204226129E1,-3.673851787E0,-5.524866840E0,1.630016905E0,6.832151613E0
1.205222629E1,-4.086368174E0,-6.114584266E0,1.777660562E0,7.566149792E0
1.206219229E1,-4.596533062E0,-6.573928664E0,1.848048760E0,8.231642514E0
1.207215729E1,-5.016115224E0,-6.955813826E0,1.842962852E0,8.771617297E0
1.208212329E1,-5.340981263E0,-7.246832088E0,1.771655764E0,9.175043341E0
1.209208829E1,-5.511590152E0,-7.392827123E0,1.632687329E0,9.364677612E0
1.210205329E1,-5.570137737E0,-7.589379523E0,1.512565054E0,9.534829259E0
1.211201929E1,-5.595955533E0,-7.842165765E0,1.381311435E0,9.732538389E0
1.212198429E1,-5.621799057E0,-7.949576778E0,1.206531435E0,9.811020013E0
1.213195029E1,-5.629895112E0,-7.985212634E0,1.082424867E0,9.830105969E0
1.214191496E1,-5.720265584E0,-8.136549100E0,9.922119775E-1,9.995466683E0
1.215187996E1,-5.869528043E0,-8.340001799E0,9.718788698E-1,1.024458579E1
1.216184596E1,-6.049425234E0,-8.503591690E0,1.016535810E0,1.048522591E1
1.217181096E1,-6.222523282E0,-8.511890059E0,1.074051362E0,1.059837981E1
1.218177696E1,-6.320699202E0,-8.451060305E0,1.142797076E0,1.061497263E1
1.219174196E1,-6.260712617E0,-8.353935714E0,1.111266551E0,1.049855598E1
1.220170796E1,-5.936374581E0,-8.330809976E0,8.181374440E-1,1.026217749E1
1.221167296E1,-5.680948321E0,-8.285075979E0,3.519599900E-1,1.005184230E1
1.222163796E1,-5.679221054E0,-8.038029948E0,-2.148793280E-1,9.844269924E0
1.223160396E1,-5.760051209E0,-7.657437605E0,-8.323634273E-1,9.618075144E0
1.224156896E1,-5.708708562E0,-7.470225547E0,-1.429093127E0,9.509780772E0
1.225153496E1,-5.481639544E0,-7.519571369E0,-1.830736031E0,9.483876849E0
1.226149996E1,-5.114866510E0,-7.482099488E0,-1.976202185E0,9.276262568E0
1.227146496E1,-4.767105113E0,-7.056196486E0,-1.874046358E0,8.719360628E0
1.228143096E1,-4.413757287E0,-6.508304193E0,-1.558786124E0,8.016800549E0
1.229139596E1,-3.834146188E0,-6.181196916E0,-1.201255492E0,7.372305410E0
1.230136196E1,-3.045139280E0,-6.160183777E0,-1.094617774E0,6.958370892E0
1.231132696E1,-2.183503522E0,-6.348338991E0,-1.228024338E0,6.824744636E0
1.232129196E1,-1.348580768E0,-6.636274016E0,-1.341025581E0,6.903416003E0
1.233125796E1,-4.805428934E-1,-6.778080690E0,-1.407240036E0,6.939281218E0
1.234122296E1,4.333991325E-1,-6.711231812E0,-1.456871494E0,6.881202060E0
1.235118896E1,1.162731112E0,-6.587463799E0,-1.417547800E0,6.837840646E0
1.236115396E1,1.665881680E0,-6.383771363E0,-1.191813700E0,6.704335798E0
1.237111896E1,1.948350143E0,-5.943384808E0,-7.344143790E-1,6.297559507E0
1.238108496E1,1.969450405E0,-5.356281672E0,-2.406199408E-1,5.711951173E0
1.239104996E1,1.838031310E0,-4.686490136E0,1.246097204E-1,5.035581046E0
1.240101596E1,1.606214352E0,-4.000137531E0,5.359288895E-1,4.343759269E0
1.241098096E1,1.351598516E0,-3.330616136E0,9.032360664E-1,3.706164835E0
1.242094596E1,1.151627249E0,-2.601190601E0,1.306188747E0,3.130266268E0
1.243091196E1,1.044626711E0,-1.851618485E0,1.680811668E0,2.710140926E0
1.244087696E1,9.373998857E-1,-1.092831742E0,1.966891664E0,2.437552579E0
1.245084196E1,9.082667184E-1,-2.552257007E-1,2.199031095E0,2.392869898E0
1.246080796E1,1.013817732E0,5.389928305E-1,2.277239066E0,2.550324966E0
1.247077296E1,1.177659053E0,1.190145782E0,1.936452521E0,2.559917224E0
1.248073896E1,1.271092297E0,1.639551668E0,1.190679048E0,2.391970295E0
1.249070396E1,1.161324272E0,1.900393619E0,3.883401963E-1,2.260747239E0
1.250066896E1,6.865379620E-1,2.016424012E0,-2.965576217E-1,2.150638648E0
1.251063496E1,2.527985215E-2,2.237608393E0,-7.567103970E-1,2.362232210E0
1.252059996E1,-5.388753015E-1,2.488697773E0,-8.331870076E-1,2.679217010E0
1.253056596E1,-7.706332022E-1,2.628336884E0,-5.815112977E-1,2.800033160E0
1.254053096E1,-3.331626534E-1,2.662784586E0,-1.666631877E-1,2.688716371E0
1.255049596E1,6.789839441E-1,2.573264299E0,-3.608185217E-2,2.661580404E0
1.256046196E1,1.745471056E0,2.434873568E0,-3.652239601E-1,3.018056832E0
1.257042696E1,2.590848046E0,2.728075765E0,-7.529177468E-1,3.836896677E0
1.258039296E1,3.160873219E0,3.146231791E0,-1.037248110E0,4.578840206E0
1.259035796E1,3.659865248E0,3.439063275E0,-1.229424015E0,5.170420993E0
1.260032296E1,4.435897184E0,3.895557740E0,-1.402598662E0,6.067935146E0
1.261028896E1,5.229570170E0,4.132791558E0,-1.160029113E0,6.765651319E0
1.262025396E1,5.996208555E0,4.171544564E0,-6.928424299E-1,7.337324561E0
1.263021996E1,6.656484332E0,4.010544405E0,-2.965413956E-1,7.776965146E0
1.264018496E1,7.244221891E0,3.847234595E0,1.941509485E-2,8.202459496E0
1.265014996E1,7.717511898E0,3.726945675E0,3.523557003E-1,8.577544433E0
1.266011596E1,8.218653948E0,3.566060706E0,8.355497213E-1,8.997844464E0
1.267008096E1,8.742484363E0,3.436527337E0,1.383114424E0,9.494933306E0
1.268004696E1,9.283750007E0,3.376242544E0,1.847639455E0,1.004991540E1
1.269001196E1,9.797716754E0,3.401293185E0,2.314040126E0,1.062632724E1
1.269997696E1,1.023171990E1,3.571312675E0,2.779899638E0,1.118794925E1
1.270994296E1,1.071789367E1,3.740634007E0,2.997875651E0,1.174107516E1
1.271990796E1,1.139761494E1,3.556944897E0,2.894083773E0,1.228548755E1
1.272987396E1,1.219509798E1,2.876835364E0,2.694638170E0,1.281630490E1
1.273983896E1,1.278216661E1,1.921579251E0,2.531694981E0,1.317139817E1
1.274980396E1,1.283279999E1,9.086093652E-1,2.536451983E0,1.311258614E1
1.275976996E1,1.215142161E1,1.402372813E-1,2.788960483E0,1.246816002E1
1.276973496E1,1.086958564E1,-1.003820747E-1,3.249722246E0,1.134542477E1
1.277970096E1,9.654528383E0,-1.051247513E-1,3.736056222E0,1.035273324E1
1.278966596E1,8.741309073E0,6.094728291E-2,3.837523832E0,9.546768461E0
1.279963096E1,8.002751942E0,2.649519593E-1,3.542115481E0,8.755616498E0
1.280959696E1,7.628670473E0,1.899315977E-1,2.970834033E0,8.188928016E0
1.281956196E1,7.833791383E0,-1.910940242E-1,2.327916154E0,8.174594667E0
1.282952696E1,8.219854381E0,-8.705697191E-1,1.913997166E0,8.484531975E0
1.283949296E1,8.294029820E0,-1.573505028E0,1.593912395E0,8.591123643E0
1.284945796E1,7.938001045E0,-2.190462878E0,1.176248120E0,8.318265916E0
1.285942396E1,7.187807955E0,-2.791887015E0,6.840537724E-1,7.741262549E0
1.286938896E1,6.098551201E0,-3.265906754E0,2.595160952E-1,6.922847844E0
1.287935396E1,5.040566525E0,-3.544680946E0,-1.406547725E-3,6.162148642E0
1.288931996E1,4.125906461E0,-3.662692376E0,-9.770141870E-2,5.517967483E0
1.289928496E1,3.264519795E0,-3.581655230E0,-1.136554004E-1,4.847500513E0
1.290925096E1,2.562489050E0,-3.235505911E0,-2.666564226E-2,4.127415618E0
1.291921596E1,2.052648098E0,-2.668312544E0,1.542567118E-1,3.370022430E0
1.292918096E1,1.728663819E0,-1.837892146E0,3.586147061E-1,2.548476142E0
1.293914696E1,1.401964093E0,-1.034968865E0,7.586648288E-1,1.900588380E0
1.294911196E1,8.690254694E-1,-5.178873056E-1,1.164016330E0,1.542188881E0
1.295907796E1,4.642923117E-2,-4.883056569E-1,1.507421551E0,1.585218540E0
1.296904296E1,-1.034679428E0,-7.120838624E-1,1.792748133E0,2.188965695E0
1.297900796E1,-2.080691344E0,-1.167741591E0,1.829131848E0,3.006429811E0
1.298897396E1,-2.771187286E0,-1.509050585E0,1.736056161E0,3.601472427E0
1.299893896E1,-3.140005676E0,-1.594769012E0,1.884293603E0,3.994181547E0
1.300890496E1,-2.767760818E0,-1.265613456E0,2.210265643E0,3.761323115E0
1.301886996E1,-2.053737434E0,-1.141295219E0,2.625214179E0,3.523086958E0
1.302883496E1,-1.406794478E0,-1.219521024E0,3.033373220E0,3.559164976E0
1.303880096E1,-8.968096840E-1,-1.322808580E0,3.288213589E0,3.656014054E0
1.304876596E1,-7.981636477E-1,-1.907966348E0,3.237465605E0,3.841690297E0
1.305873196E1,-1.455896471E0,-3.185482688E0,2.892023506E0,4.542106830E0
1.306869696E1,-2.432393180E0,-4.224860938E0,2.431686544E0,5.447851501E0
1.307866196E1,-3.127117828E0,-4.790110983E0,2.053558802E0,6.077921758E0
1.308862796E1,-3.410544650E0,-5.051852236E0,1.858978375E0,6.372505506E0
1.309859296E1,-3.346639845E0,-5.211950170E0,1.666551478E0,6.414188699E0
1.310855796E1,-3.082721674E0,-5.399241166E0,1.528464218E0,6.402435548E0
1.311852396E1,-2.761454596E0,-5.421291600E0,1.503166824E0,6.267020393E0
1.312848896E1,-2.741355962E0,-5.509426682E0,1.552840383E0,6.346662755E0
1.313845554E1,-3.398540901E0,-6.037477033E0,1.505521206E0,7.089979075E0
1.314842054E1,-4.371500629E0,-6.614503078E0,1.396370062E0,8.050560109E0
1.315838554E1,-5.223142326E0,-7.039011519E0,1.293812530E0,8.860183394E0
1.316835154E1,-5.796330843E0,-7.206220837E0,1.363127179E0,9.348004370E0
1.317831654E1,-6.190627890E0,-7.257497410E0,1.598645132E0,9.672166695E0
1.318828254E1,-6.417333797E0,-7.212176811E0,1.855789304E0,9.830647046E0
1.319824754E1,-6.463174798E0,-7.089291726E0,2.132945864E0,9.827519713E0
1.320821254E1,-6.357985142E0,-6.930039300E0,2.332232130E0,9.689619522E0
1.321817854E1,-6.198284234E0,-6.866799324E0,2.390911570E0,9.554481594E0
1.322814354E1,-5.952618147E0,-6.698177903E0,2.392442663E0,9.274860210E0
1.323810954E1,-5.705714203E0,-6.339340711E0,2.323336760E0,8.839700725E0
1.324807454E1,-5.402666464E0,-6.129981154E0,2.224962035E0,8.468525842E0
1.325803954E1,-5.052010111E0,-6.135393337E0,2.012081577E0,8.198434597E0
1.326800554E1,-4.931207221E0,-6.319972394E0,1.572909489E0,8.169020747E0
1.327797054E1,-5.125900791E0,-6.620985886E0,7.803147295E-1,8.409590007E0
1.328793554E1,-5.311909491E0,-6.797833754E0,-4.064721197E-2,8.627199916E0
1.329790154E1,-5.318461297E0,-6.889783559E0,-5.731788692E-1,8.722596062E0
1.330786654E1,-5.143800287E0,-6.906201956E0,-7.481673226E-1,8.643729588E0
1.331783254E1,-4.846301556E0,-6.827486154E0,-6.083633199E-1,8.394719286E0
1.332779754E1,-4.348818694E0,-6.503491935E0,-4.129116583E-1,7.834419405E0
1.333776254E1,-3.538915592E0,-6.149319066E0,-1.844498330E-1,7.097328390E0
1.334772854E1,-2.548326509E0,-6.045547360E0,8.158824652E-2,6.561194062E0
1.335769354E1,-1.552649764E0,-6.116575828E0,2.557902494E-1,6.315746179E0
1.336765954E1,-7.544369996E-1,-6.214083411E0,2.967058486E-1,6.266740954E0
1.337762454E1,-1.467966878E-1,-6.219487993E0,2.479046944E-1,6.226157474E0
1.338758954E1,3.794743556E-1,-6.071342352E0,2.641447511E-1,6.088922006E0
1.339755554E1,8.211186469E-1,-6.068024642E0,3.861738029E-1,6.135494201E0
1.340752054E1,1.155567103E0,-5.834007377E0,5.784510112E-1,5.975414879E0
1.341748554E1,1.289739652E0,-5.096122676E0,7.476659238E-1,5.309698582E0
1.342745154E1,1.289056113E0,-4.077922456E0,8.967643681E-1,4.369817336E0
1.343741654E1,1.252898685E0,-3.043624266E0,1.014684581E0,3.444268949E0
1.344738254E1,1.136779999E0,-2.124310403E0,1.045958268E0,2.626593260E0
1.345734754E1,9.657471871E-1,-1.292621745E0,1.041554145E0,1.920513901E0
1.346731254E1,8.121098417E-1,-5.038107187E-1,9.859377690E-1,1.373106303E0
1.347727854E1,7.219767666E-1,2.267304647E-1,8.541320264E-1,1.141139200E0
1.348724354E1,6.361168367E-1,8.387205201E-1,6.460508175E-1,1.235102587E0
1.349720954E1,5.815845340E-1,1.348861434E0,3.506307717E-1,1.510168758E0
1.350717454E1,4.058733648E-1,1.657887366E0,-4.518128917E-2,1.707444013E0
1.351713954E1,1.487707078E-2,1.773131309E0,-5.378701651E-1,1.852976061E0
1.352710554E1,-3.097229201E-1,2.107324827E0,-1.093450377E0,2.394238906E0
1.353707054E1,-3.865237588E-1,2.487919509E0,-1.559531937E0,2.961635352E0
1.354703654E1,-2.367847520E-1,2.738751027E0,-1.988541126E0,3.392804152E0
1.355700154E1,-1.200082541E-2,2.820259459E0,-2.420933222E0,3.716843432E0
1.356696654E1,4.498906195E-2,2.773115113E0,-2.733751073E0,3.894301783E0
1.357693254E1,2.114177763E-2,2.620525004E0,-2.914615978E0,3.919513308E0
1.358689754E1,1.463546383E-1,2.638547877E0,-2.775244085E0,3.832144871E0
1.359686254E1,6.230734527E-1,2.573392353E0,-2.509303361E0,3.647899682E0
1.360682854E1,1.331395801E0,2.407506260E0,-2.026231108E0,3.416769480E0
1.361679354E1,2.054431499E0,2.196662681E0,-1.455274912E0,3.341233423E0
1.362675954E1,2.687305470E0,1.897913230E0,-9.358258152E-1,3.420446648E0
1.363672454E1,2.986402829E0,1.542225932E0,-3.962459242E-1,3.384386727E0
1.364668954E1,2.965520083E0,1.245172175E0,2.030340385E-1,3.222729577E0
1.365665554E1,2.887581961E0,9.365491158E-1,7.328350461E-1,3.122867438E0
1.366662054E1,2.906360002E0,7.771376449E-1,1.022543532E0,3.177493769E0
1.367658554E1,3.197570930E0,1.060073885E0,1.140228248E0,3.556450049E0
1.368655154E1,3.762006457E0,1.192858306E0,1.154860321E0,4.112092640E0
1.369651654E1,4.559194789E0,1.142841808E0,1.159120456E0,4.841064424E0
1.370648254E1,5.530939758E0,9.073791111E-1,1.085380050E0,5.709000027E0
1.371644754E1,6.518357896E0,7.263113075E-1,1.032482629E0,6.639468213E0
1.372641254E1,7.496709341E0,7.874825388E-1,9.212744343E-1,7.594045448E0
1.373637854E1,8.336350797E0,8.608212411E-1,7.895834434E-1,8.417790675E0
1.374634354E1,9.089233607E0,1.081608596E0,5.949332888E-1,9.172676291E0
1.375630954E1,9.650356979E0,1.583901377E0,3.675238162E-1,9.786378654E0
1.376627454E1,1.003791862E1,2.272396402E0,9.542685181E-2,1.029236134E1
1.377623954E1,1.051443512E1,2.701454562E0,-1.075044219E-1,1.085646166E1
1.378620554E1,1.105299643E1,2.571210757E0,-1.349300560E-1,1.134892333E1
1.379617054E1,1.142276733E1,2.297560480E0,-5.842508644E-2,1.165168705E1
1.380613554E1,1.140473334E1,2.177827629E0,4.377342582E-2,1.161089109E1
1.381610154E1,1.093407225E1,2.152692788E0,7.604011595E-3,1.114397056E1
1.382606654E1,1.032052157E1,2.245236086E0,5.094883651E-2,1.056204745E1
1.383603254E1,9.723029684E0,2.471132153E0,3.284664622E-1,1.003751416E1
1.384599754E1,9.234412955E0,2.838125042E0,5.642495862E-1,9.677174896E0
1.385596254E1,9.053482561E0,3.119083754E0,5.573934335E-1,9.591919380E0
1.386592854E1,9.109158579E0,3.081966798E0,3.300835097E-1,9.622070697E0
1.387589354E1,9.259385244E0,2.531479511E0,7.653391331E-2,9.599503167E0
1.388585854E1,9.435407485E0,1.693988661E0,-3.944268554E-2,9.586347986E0
1.389582454E1,9.615606977E0,8.711392379E-1,-5.014718324E-2,9.655117599E0
1.390578954E1,9.500733747E0,-6.009066582E-2,4.878624380E-2,9.501049033E0
1.391575554E1,9.021659675E0,-8.993181396E-1,2.752597234E-1,9.070550387E0
1.392572054E1,8.276518579E0,-1.618281836E0,5.400295419E-1,8.450516421E0
1.393568554E1,7.450442662E0,-2.237963319E0,8.052104196E-1,7.820865649E0
1.394565154E1,6.757855171E0,-2.570555869E0,1.015136279E0,7.301155090E0
1.395561654E1,6.266089717E0,-2.657260721E0,1.332702362E0,6.935489201E0
1.396558154E1,5.795516326E0,-2.496550584E0,1.782552928E0,6.557306554E0
1.397554754E1,5.314757085E0,-2.060237199E0,2.248895858E0,6.127703711E0
1.398551254E1,4.816195412E0,-1.610606196E0,2.641213915E0,5.724141989E0
1.399547854E1,4.314286793E0,-1.352245803E0,2.835438538E0,5.336792196E0
1.400544354E1,3.751851890E0,-1.349990532E0,2.895308180E0,4.927644112E0
1.401540854E1,3.156726959E0,-1.570709474E0,2.900121023E0,4.565386653E0
1.402537454E1,2.490297571E0,-1.907916062E0,2.815234362E0,4.215123985E0
1.403533954E1,1.749693330E0,-2.145247529E0,2.714661376E0,3.877228403E0
1.404530454E1,1.066767778E0,-2.384981031E0,2.610110821E0,3.693075481E0
1.405527054E1,4.206580496E-1,-2.727606234E0,2.512366717E0,3.732127474E0
1.406523554E1,-2.509157181E-1,-3.027698790E0,2.379893954E0,3.859250431E0
1.407520154E1,-9.402258450E-1,-3.329342612E0,2.160823926E0,4.078934531E0
1.408516654E1,-1.603056856E0,-3.796181386E0,1.787872140E0,4.491911752E0
1.409513154E1,-2.217528470E0,-3.589789876E0,1.689462039E0,4.545140905E0
1.410509754E1,-2.603685608E0,-3.642607483E0,1.904112448E0,4.865533088E0
1.411506254E1,-2.808665015E0,-4.102267630E0,1.721902391E0,5.261382587E0
1.412502754E1,-3.053173354E0,-4.283719596E0,1.494546274E0,5.468618626E0
1.413499354E1,-3.444261450E0,-4.539342907E0,1.408829016E0,5.869699325E0
1.414495842E1,-3.884079071E0,-4.832132876E0,1.377185347E0,6.350765138E0
1.415492442E1,-4.214935582E0,-5.037909551E0,1.209309447E0,6.678970276E0
1.416488942E1,-4.489521414E0,-5.276674755E0,9.484467378E-1,6.992756982E0
1.417485442E1,-4.644942745E0,-5.573500471E0,6.737451312E-1,7.286517214E0
1.418482042E1,-4.746610622E0,-5.808156252E0,5.182878399E-1,7.518883809E0
1.419478542E1,-4.795761148E0,-5.945534829E0,4.941671982E-1,7.654600618E0
1.420475042E1,-4.737159183E0,-6.102415041E0,6.032911527E-1,7.748813243E0
1.421471642E1,-4.700863761E0,-6.319703422E0,7.416997173E-1,7.911187642E0
1.422468142E1,-4.780036231E0,-6.721673770E0,9.406670174E-1,8.301475717E0
1.423464742E1,-4.837740063E0,-7.276348833E0,1.179116472E0,8.816989107E0
1.424461242E1,-4.928990541E0,-7.907515417E0,1.459544257E0,9.431543737E0
1.425457742E1,-5.101927791E0,-8.445903645E0,1.720397902E0,1.001612323E1
1.426454342E1,-5.368671337E0,-8.745848851E0,1.911754174E0,1.043874073E1
1.427450842E1,-5.619223943E0,-8.763372957E0,2.093387988E0,1.061859956E1
1.428447342E1,-5.836132840E0,-8.555215003E0,2.291409209E0,1.060672930E1
1.429443942E1,-5.910684255E0,-8.387478851E0,2.404022197E0,1.053875289E1
1.430440442E1,-6.002920573E0,-8.252654337E0,2.508260218E0,1.050869775E1
1.431437042E1,-6.239540434E0,-7.964132836E0,2.389272888E0,1.039557125E1
1.432433542E1,-6.565552527E0,-7.654335072E0,1.922370087E0,1.026600371E1
1.433430042E1,-6.854935323E0,-7.563031969E0,1.202166781E0,1.027787896E1
1.434426642E1,-6.996686448E0,-7.667303027E0,3.948580876E-1,1.038735144E1
1.435423142E1,-7.155023786E0,-7.735333042E0,-1.442990497E-1,1.053805318E1
1.436419642E1,-7.268084378E0,-7.539795719E0,-3.438724136E-1,1.047815911E1
1.437416242E1,-7.105474480E0,-7.050277934E0,-3.049241102E-1,1.001434797E1
1.438412742E1,-6.476095975E0,-6.409479232E0,-1.917956901E-1,9.113617761E0
1.439409342E1,-5.390717679E0,-5.927122532E0,-5.217704415E-2,8.012074703E0
1.440405842E1,-4.103970632E0,-5.807771505E0,1.061494759E-1,7.112246657E0
1.441402342E1,-2.879517481E0,-5.899268151E0,2.300315103E-1,6.568553885E0
1.442398942E1,-1.898580982E0,-6.172857617E0,3.006015560E-1,6.465225611E0
1.443395442E1,-1.153725815E0,-6.659018515E0,2.276063776E-1,6.762057047E0
1.444392042E1,-6.801674205E-1,-7.129470284E0,1.364535481E-2,7.161854540E0
1.445388542E1,-4.066305792E-1,-7.268905912E0,-2.200269243E-1,7.283594815E0
1.446385042E1,-1.634542358E-1,-7.067842970E0,-4.596253565E-1,7.084657861E0
1.447381642E1,1.341468215E-1,-6.500965353E0,-6.764482990E-1,6.537440492E0
1.448378142E1,5.712460721E-1,-5.572626312E0,-6.780331868E-1,5.642713451E0
1.449374642E1,1.001706979E0,-4.526604456E0,-5.042226550E-1,4.663454219E0
1.450371242E1,1.302695328E0,-3.404617327E0,-2.875230888E-1,3.656651992E0
1.451367742E1,1.480121486E0,-2.294571383E0,-4.921162874E-2,2.730977706E0
1.452364242E1,1.526071830E0,-1.335544401E0,9.780929983E-2,2.030305577E0
1.453360842E1,1.424843663E0,-5.641019440E-1,1.696803510E-1,1.541811236E0
1.454357342E1,1.191022280E0,-1.724110007E-2,2.516118291E-1,1.217431657E0
1.455353942E1,9.043438214E-1,4.046980745E-1,3.071288028E-1,1.037278352E0
1.456350442E1,6.415272653E-1,7.794432020E-1,2.587103489E-1,1.042122825E0
1.457346942E1,3.784405679E-1,1.140392409E0,1.562764862E-1,1.211665981E0
1.458343542E1,1.059918934E-1,1.385967280E0,1.401665300E-2,1.390084907E0
1.459340042E1,-2.002835083E-1,1.478950288E0,-2.019558120E-1,1.506052319E0
1.460336542E1,-4.226080960E-1,1.516880592E0,-5.060227203E-1,1.653959892E0
1.461333142E1,-5.108595371E-1,1.501365589E0,-7.857804143E-1,1.769894618E0
1.462329642E1,-4.482352728E-1,1.476617249E0,-1.006566453E0,1.842414010E0
1.463326242E1,-2.684953719E-1,1.421153485E0,-1.077286334E0,1.803416990E0
1.464322742E1,3.117267609E-2,1.303353140E0,-9.333922040E-1,1.603409539E0
1.465319242E1,4.454514134E-1,1.059278664E0,-5.998035809E-1,1.296249430E0
1.466315842E1,9.318596488E-1,7.694298452E-1,-1.855692825E-1,1.222628582E0
1.467312342E1,1.569480389E0,4.876495993E-1,1.129708377E-1,1.647371614E0
1.468308842E1,2.145615318E0,1.517551267E-1,5.166564667E-1,2.212154745E0
1.469305442E1,2.720399248E0,-1.256046242E-1,9.259943068E-1,2.876423830E0
1.470301942E1,3.393334248E0,-1.085418642E-2,1.186953495E0,3.594953926E0
1.471298442E1,4.083176179E0,2.800336826E-1,1.294811819E0,4.292701273E0
1.472295042E1,4.890115913E0,5.966791213E-1,1.367523116E0,5.112668490E0
1.473291542E1,6.144498621E0,1.306546889E0,1.295759068E0,6.414118774E0
1.474288142E1,7.569629967E0,1.850313386E0,1.006965087E0,7.857285546E0
1.475284642E1,8.740143138E0,2.187553303E0,1.006289734E0,9.065765856E0
1.476281142E1,9.689428074E0,2.416754217E0,8.581388310E-1,1.002307935E1
1.477277742E1,1.037333713E1,2.438121112E0,5.862061733E-1,1.067212235E1
1.478274242E1,1.060164985E1,2.517170790E0,4.204978359E-1,1.090449204E1
1.479270742E1,1.035054702E1,2.726437960E0,4.676971453E-1,1.071382416E1
1.480267342E1,9.939207094E0,2.917418548E0,5.308280709E-1,1.037212356E1
1.481263842E1,9.687657537E0,2.954385231E0,5.457042646E-1,1.014282474E1
1.482260342E1,9.738478028E0,2.846347396E0,5.304421547E-1,1.015977444E1
1.483256942E1,9.928415473E0,2.563308830E0,4.851844132E-1,1.026544640E1
1.484253442E1,1.009034242E1,2.206571372E0,5.030640292E-1,1.034103673E1
1.485250042E1,9.923793833E0,1.876326479E0,6.456384426E-1,1.012023390E1
1.486246542E1,9.542296926E0,1.766571318E0,8.657779258E-1,9.742986003E0
1.487243042E1,9.281235119E0,1.818775844E0,1.043491474E0,9.515153460E0
1.488239642E1,9.099638143E0,1.869979911E0,1.208374185E0,9.368052485E0
1.489236142E1,8.814799218E0,2.127864926E0,1.321221938E0,9.163739510E0
1.490232642E1,8.602721876E0,2.425237357E0,1.208895464E0,9.019425046E0
1.491229242E1,8.630777986E0,2.527166020E0,7.496843827E-1,9.024351689E0
1.492225742E1,8.989785333E0,2.236986249E0,1.887343803E-1,9.265849582E0
1.493222342E1,9.482324374E0,1.635407161E0,-1.871600175E-1,9.624139493E0
1.494218842E1,9.804984258E0,8.257806319E-1,-3.097863623E-1,9.844571984E0
1.495215342E1,9.934744499E0,-1.506652057E-2,-1.145188880E-1,9.935415936E0
1.496211942E1,9.821694431E0,-7.484763479E-1,3.170296007E-1,9.855273011E0
1.497208442E1,9.487454721E0,-1.387865871E0,7.107194147E-1,9.614733009E0
1.498204942E1,8.841581805E0,-1.751200157E0,1.237488933E0,9.097892595E0
1.499201542E1,8.061141068E0,-1.886511744E0,1.854889125E0,8.484193276E0
1.500198042E1,7.320435669E0,-1.940800803E0,2.404881445E0,7.946001568E0
1.501194542E1,6.588365439E0,-1.820438207E0,2.894379642E0,7.422801893E0
1.502191142E1,5.823848425E0,-1.573412057E0,3.259069605E0,6.856702609E0
1.503187642E1,4.998381788E0,-1.257426184E0,3.295568217E0,6.117655677E0
1.504184242E1,3.985563346E0,-1.098095990E0,3.292131224E0,5.284757135E0
1.505180742E1,3.042504525E0,-1.039945430E0,2.987106834E0,4.388750109E0
1.506177242E1,2.163178600E0,-1.119261741E0,2.760022613E0,3.681007107E0
1.507173842E1,1.546058782E0,-1.178050232E0,2.415842343E0,3.100708683E0
1.508170342E1,1.211515017E0,-1.471695063E0,1.935126372E0,2.716315348E0
1.509166842E1,6.720818907E-1,-1.893542436E0,1.627931496E0,2.585992649E0
1.510163442E1,7.084778845E-2,-2.197079587E0,1.286028717E0,2.546772071E0
1.511159942E1,-5.774710178E-1,-2.507259175E0,1.022062598E0,2.768471293E0
1.512156442E1,-1.180708376E0,-2.758153843E0,9.636702561E-1,3.151213298E0
1.513153042E1,-1.716791632E0,-3.091329945E0,9.139069426E-1,3.652248655E0
1.514149467E1,-2.166433745E0,-3.107047845E0,1.050284185E0,3.930684209E0
1.515146067E1,-2.487630072E0,-3.328259123E0,1.416274568E0,4.389925491E0
1.516142567E1,-2.741750064E0,-3.790795223E0,1.768850855E0,5.001615258E0
1.517139067E1,-3.026342236E0,-4.281191260E0,1.765076477E0,5.531983451E0
1.518135667E1,-3.478881059E0,-4.652683581E0,1.864483821E0,6.101342299E0
1.519132167E1,-4.003793210E0,-5.032247107E0,1.917361946E0,6.710450644E0
1.520128667E1,-4.511774747E0,-5.259976276E0,1.941153975E0,7.196633974E0
1.521125267E1,-4.819838812E0,-5.331168466E0,1.957728492E0,7.448818983E0
1.522121767E1,-4.905355511E0,-5.363613496E0,1.998955455E0,7.538347653E0
1.523118267E1,-4.766153187E0,-5.630520179E0,1.920545755E0,7.622825571E0
1.524114867E1,-4.509443462E0,-6.002887829E0,1.739697222E0,7.706898796E0
1.525111367E1,-4.331796280E0,-6.353203290E0,1.547275296E0,7.843577748E0
1.526107967E1,-4.372806312E0,-6.634873023E0,1.407222786E0,8.069897833E0
1.527104467E1,-4.540009782E0,-6.799659255E0,1.264817065E0,8.273259153E0
1.528100967E1,-4.704186149E0,-6.911847442E0,1.219162882E0,8.449222481E0
1.529097567E1,-4.767344264E0,-7.100318406E0,1.216277281E0,8.638369246E0
1.530094067E1,-4.766007591E0,-7.211212020E0,1.193263225E0,8.725840033E0
1.531090567E1,-4.812708718E0,-7.311422186E0,1.169210119E0,8.830974572E0
1.532087167E1,-4.947267183E0,-7.462178024E0,1.188757946E0,9.031760565E0
1.533083667E1,-5.167308433E0,-7.544526116E0,1.200722518E0,9.222943420E0
1.534080167E1,-5.377791240E0,-7.719362542E0,1.228010012E0,9.487739734E0
1.535076767E1,-5.497826976E0,-8.049726133E0,1.267864341E0,9.830141009E0
1.536073267E1,-5.634012136E0,-8.295419118E0,1.279898496E0,1.010911526E1
1.537069867E1,-5.889896818E0,-8.253442542E0,1.151112694E0,1.020466848E1
1.538066367E1,-6.001209093E0,-8.073634229E0,8.688333884E-1,1.009717543E1
1.539062867E1,-5.843298018E0,-7.958442326E0,4.853928664E-1,9.885167789E0
1.540059467E1,-5.627990089E0,-7.661266361E0,9.947780281E-2,9.506796018E0
1.541055967E1,-5.432252791E0,-7.072835323E0,-1.364444849E-1,8.919248118E0
1.542052467E1,-5.185227225E0,-6.567310785E0,-1.997791860E-1,8.369950063E0
1.543049067E1,-4.786341868E0,-6.305878265E0,-2.697104234E-1,7.921231778E0
1.544045567E1,-4.215615613E0,-6.245437936E0,-4.104672298E-1,7.546217155E0
1.545042067E1,-3.538448399E0,-6.212888825E0,-5.458434284E-1,7.170672889E0
1.546038667E1,-2.873086714E0,-6.061754673E0,-6.387156317E-1,6.738505371E0
1.547035167E1,-2.234003584E0,-5.872615373E0,-7.166809434E-1,6.323924012E0
1.548031767E1,-1.555897892E0,-5.754840170E0,-7.693605557E-1,6.010900041E0
1.549028267E1,-8.899316043E-1,-5.610840206E0,-7.133386749E-1,5.725588017E0
1.550024767E1,-3.128330541E-1,-5.362220104E0,-5.503612795E-1,5.399459835E0
1.551021367E1,1.312191206E-1,-4.850022724E0,-3.488729525E-1,4.864324333E0
1.552017867E1,4.295814854E-1,-3.945581254E0,-1.676531214E-1,3.972437445E0
1.553014367E1,5.607321936E-1,-3.087378981E0,-1.147311419E-2,3.137907137E0
1.554010967E1,6.687320209E-1,-2.369601685E0,1.868559623E-1,2.469236686E0
1.555007467E1,7.283812219E-1,-1.734064892E0,3.245030732E-1,1.908617955E0
1.556003967E1,6.170695317E-1,-1.196189464E0,4.428681135E-1,1.416960200E0
1.557000567E1,3.998080480E-1,-7.506737316E-1,4.889830568E-1,9.810514545E-1
1.557997067E1,1.534560817E-1,-3.655170518E-1,5.390704523E-1,6.691400726E-1
1.558993567E1,-2.967812777E-2,-8.165753603E-2,6.438483176E-1,6.496840774E-1
1.559990167E1,-1.965342736E-1,9.642000139E-2,6.497341248E-1,6.856215941E-1
1.560986667E1,-4.800505579E-1,2.055606204E-1,5.180524895E-1,7.355828224E-1
1.561983267E1,-6.945737904E-1,4.213556224E-1,3.889778352E-1,9.007092023E-1
1.562979767E1,-7.193273932E-1,7.148332232E-1,3.316871086E-1,1.066974589E0
1.563976267E1,-5.724634624E-1,9.626715517E-1,3.394133270E-1,1.170321468E0
1.564972867E1,-4.344656646E-1,1.109831352E0,4.741460395E-1,1.282692679E0
1.565969367E1,-2.143361217E-1,1.367661987E0,6.238901626E-1,1.518445988E0
1.566965867E1,1.214647955E-1,1.563023309E0,8.389577709E-1,1.778101713E0
1.567962467E1,4.176174974E-1,1.689174648E0,7.742423961E-1,1.904512182E0
1.568958967E1,6.538397473E-1,1.703755850E0,2.829514432E-1,1.846713819E0
1.569955467E1,7.079644990E-1,1.626083776E0,-2.011661455E-1,1.784889351E0
1.570952067E1,5.452318096E-1,1.435058164E0,-5.410264921E-1,1.627691410E0
1.571948567E1,2.572277874E-1,1.373036163E0,-8.201386535E-1,1.619883283E0
1.572945067E1,2.032831299E-1,1.431749809E0,-8.674087143E-1,1.686306445E0
1.573941667E1,4.566155022E-1,1.498188213E0,-8.039325106E-1,1.760503655E0
1.574938167E1,1.085706909E0,1.677652709E0,-6.509132159E-1,2.101657946E0
1.575934767E1,1.992519425E0,1.910841424E0,-4.814712851E-1,2.802367429E0
1.576931267E1,2.996748893E0,2.021088921E0,-3.713262606E-1,3.633619070E0
1.577927767E1,3.937539871E0,2.238008342E0,-2.928053172E-1,4.538572081E0
1.578924367E1,4.718853305E0,2.514912595E0,-3.194651122E-1,5.356717263E0
1.579920867E1,5.485422108E0,2.678401914E0,-4.608038628E-1,6.121767123E0
1.580917367E1,6.271778473E0,2.551783383E0,-8.430816659E-1,6.823312270E0
1.581913967E1,6.928956395E0,2.129057173E0,-1.118614600E0,7.334481563E0
1.582910467E1,7.335857701E0,1.682078467E0,-1.275690401E0,7.633582525E0
1.583906967E1,7.574179686E0,1.371265041E0,-1.387600261E0,7.821380966E0
1.584903567E1,7.885422882E0,1.222658055E0,-1.490480998E0,8.117654855E0
1.585900067E1,8.228730454E0,1.121034617E0,-1.549281768E0,8.448017371E0
1.586896667E1,8.562673126E0,1.079441033E0,-1.809420737E0,8.818081845E0
1.587893167E1,8.997382620E0,1.104267726E0,-2.325405944E0,9.358408734E0
1.588889667E1,1.002001328E1,1.220803319E0,-2.539906518E0,1.040875362E1
1.589886267E1,1.100688996E1,1.423976521E0,-2.317832776E0,1.133806353E1
1.590882767E1,1.178540346E1,1.726154194E0,-1.955165073E0,1.207054321E1
1.591879267E1,1.229169749E1,1.986855227E0,-1.509865541E0,1.254245250E1
1.592875867E1,1.250533720E1,2.361986856E0,-1.023469731E0,1.276753425E1
1.593872367E1,1.247301380E1,2.917290494E0,-5.985492070E-1,1.282360784E1
1.594868867E1,1.238293276E1,3.372870455E0,-3.384226625E-1,1.283852830E1
1.595865467E1,1.231167508E1,3.483444811E0,-3.536607988E-1,1.279987528E1
1.596861967E1,1.212864203E1,3.112603285E0,-4.805323684E-1,1.253088856E1
1.597858467E1,1.160692538E1,2.275220023E0,-5.113216133E-1,1.183886789E1
1.598855067E1,1.074835532E1,1.202313253E0,-4.242168112E-1,1.082370820E1
1.599851567E1,9.933722405E0,1.643687403E-1,-2.463478732E-1,9.938135901E0
1.600848067E1,9.100729233E0,-8.104065478E-1,-5.992592052E-2,9.136937258E0
1.601844667E1,8.228374359E0,-1.412904233E0,1.439724827E-1,8.350040182E0
1.602841167E1,7.427700502E0,-1.595686440E0,3.195570597E-1,7.603884972E0
1.603837667E1,6.753041743E0,-1.603852662E0,4.336198649E-1,6.954418907E0
1.604834267E1,6.179365568E0,-1.579063391E0,5.742383847E-1,6.403729362E0
1.605830767E1,5.716050326E0,-1.557625744E0,9.297812560E-1,5.996992786E0
1.606827367E1,5.139337108E0,-1.380936336E0,1.456433976E0,5.517333685E0
1.607823867E1,4.452328445E0,-1.158863178E0,1.870232804E0,4.966282632E0
1.608820367E1,3.806669537E0,-1.007657690E0,2.247574095E0,4.534059582E0
1.609816967E1,3.210876853E0,-9.824941975E-1,2.474572947E0,4.171155270E0
1.610813467E1,2.617074562E0,-1.059278664E0,2.557691410E0,3.809584741E0
1.611809967E1,1.998181869E0,-1.230097468E0,2.496022288E0,3.425784264E0
1.612806567E1,1.370152901E0,-1.544242052E0,2.360576361E0,3.135972456E0
1.613803067E1,7.431887108E-1,-1.912596173E0,2.132533781E0,2.959400938E0
1.614799592E1,1.004002011E-1,-2.225536816E0,1.963994368E0,2.969910470E0
1.615796192E1,-5.783083391E-1,-2.468119667E0,1.873615418E0,3.152219846E0
1.616792692E1,-1.134355159E0,-2.667006860E0,1.677237557E0,3.348553873E0
1.617789192E1,-1.507795773E0,-2.895596740E0,1.308112773E0,3.516971367E0
1.618785792E1,-1.779939222E0,-3.253426457E0,7.714675999E-1,3.787892502E0
1.619782292E1,-1.996729420E0,-3.674358741E0,3.500144751E-1,4.196468833E0
1.620778792E1,-2.256334101E0,-3.991890325E0,1.752913392E-1,4.588786223E0
1.621775392E1,-2.571746362E0,-4.261912990E0,1.572807455E-1,4.980212738E0
1.622771892E1,-2.930350835E0,-4.509389083E0,3.222716296E-1,5.387523079E0
1.623768492E1,-3.188498390E0,-4.755597501E0,4.692916811E-1,5.744777128E0
1.624764992E1,-3.305502929E0,-5.041849989E0,6.702253997E-1,6.065954419E0
1.625761492E1,-3.378325907E0,-5.362883763E0,8.960261571E-1,6.401286673E0
1.626758092E1,-3.455328475E0,-5.711980079E0,1.018274187E0,6.752991457E0
1.627754592E1,-3.607951328E0,-6.049067384E0,9.907779479E-1,7.112676707E0
1.628751092E1,-3.871235077E0,-6.298486215E0,9.663602677E-1,7.455953446E0
1.629747692E1,-4.139616428E0,-6.433321838E0,9.839501542E-1,7.713119470E0
1.630744192E1,-4.350631916E0,-6.550664932E0,9.771612445E-1,7.924269885E0
1.631740692E1,-4.477592509E0,-6.664330711E0,9.794527683E-1,8.088353740E0
1.632737292E1,-4.604402245E0,-6.777378439E0,1.023755952E0,8.257206234E0
1.633733792E1,-4.744088718E0,-7.033047359E0,1.192967649E0,8.566989245E0
1.634730292E1,-4.875485010E0,-7.385269012E0,1.355584271E0,8.952662239E0
1.635726892E1,-5.049044988E0,-7.755421152E0,1.462148606E0,9.368953574E0
1.636723392E1,-5.310427222E0,-8.056014229E0,1.639733516E0,9.787171632E0
1.637719892E1,-5.665660191E0,-8.216823184E0,1.907927172E0,1.016149963E1
1.638716492E1,-6.159554032E0,-8.088126553E0,2.185484851E0,1.039876151E1
1.639712992E1,-6.645095710E0,-7.799947699E0,2.278783024E0,1.049711071E1
1.640709492E1,-6.925555655E0,-7.567486963E0,2.045481166E0,1.046012300E1
1.641706092E1,-6.865985976E0,-7.242927902E0,1.336804476E0,1.006920127E1
1.642702592E1,-6.544448172E0,-6.873326570E0,4.748105755E-1,9.502518882E0
1.643699192E1,-6.066820700E0,-6.561268272E0,-2.247491357E-1,8.939075284E0
1.644695692E1,-5.532309176E0,-6.512881393E0,-8.045581627E-1,8.583203522E0
1.645692192E1,-5.064698569E0,-6.562334805E0,-1.348097496E0,8.398379400E0
1.646688792E1,-4.745359903E0,-6.301636695E0,-1.703531317E0,8.070383175E0
1.647685292E1,-4.662360431E0,-5.798496652E0,-1.772056591E0,7.648552332E0
1.648681792E1,-4.540597427E0,-5.236842352E0,-1.513193922E0,7.094455488E0
1.649678392E1,-4.094629120E0,-5.012827919E0,-9.685667145E-1,6.544658346E0
1.650674892E1,-3.344719035E0,-5.209126550E0,-4.454385495E-1,6.206493401E0
1.651671392E1,-2.633455537E0,-5.575544073E0,-1.796010295E-1,6.168795369E0
1.652667992E1,-2.040606342E0,-5.951303108E0,-1.542109573E-1,6.293318993E0
1.653664492E1,-1.575144002E0,-6.364360362E0,-2.342444292E-1,6.560566431E0
1.654660992E1,-1.198754638E0,-6.690363100E0,-3.394647825E-1,6.805380770E0
1.655657592E1,-8.564633113E-1,-6.797984612E0,-3.512983775E-1,6.860724068E0
1.656654092E1,-5.870364779E-1,-6.670488414E0,-2.308957288E-1,6.700249274E0
1.657650592E1,-3.818582654E-1,-6.224555190E0,-2.113768458E-4,6.236257138E0
1.658647192E1,-1.843855137E-1,-5.473575064E0,3.729491553E-1,5.489363631E0
1.659643692E1,-3.464124441E-2,-4.512157740E0,7.485827672E-1,4.573963669E0
1.660640192E1,4.153452694E-2,-3.577356357E0,1.030831083E0,3.723146028E0
1.661636792E1,1.473743927E-1,-2.617741145E0,1.186214114E0,2.877740752E0
1.662633292E1,2.577008271E-1,-1.639252290E0,1.426159725E0,2.188033215E0
1.663629792E1,3.619964433E-1,-8.076484162E-1,1.620874784E0,1.846773525E0
1.664626392E1,4.160902047E-1,-1.292942172E-1,1.360066308E0,1.428155599E0
1.665622892E1,4.177256709E-1,3.444787699E-1,7.974266061E-1,9.638721654E-1
1.666619392E1,3.127459306E-1,6.683162838E-1,2.052350767E-1,7.658838744E-1
1.667615992E1,5.969773293E-2,9.529985029E-1,-2.309052305E-1,9.823885134E-1
1.668612492E1,-1.330908144E-1,1.192294049E0,-5.052159508E-1,1.301737847E0
1.669609092E1,-2.768235612E-1,1.247652563E0,-6.948538721E-1,1.454678695E0
1.670605592E1,-4.806762099E-1,1.153737509E0,-7.577267893E-1,1.461612037E0
1.671602092E1,-5.821493751E-1,1.205350297E0,-8.277786255E-1,1.573843921E0
1.672598692E1,-5.966645032E-1,1.267496844E0,-8.717356539E-1,1.649993888E0
1.673595192E1,-5.829937130E-1,1.292817627E0,-8.533835828E-1,1.655150333E0
1.674591692E1,-5.019501346E-1,1.306452749E0,-8.127385636E-1,1.618430318E0
1.675588292E1,-3.914459449E-1,1.395299436E0,-6.495989080E-1,1.588102385E0
1.676584792E1,-2.085427004E-1,1.391749592E0,-4.349147308E-1,1.472958861E0
1.677581292E1,4.437101126E-2,1.341753559E0,-1.300327206E-1,1.348769776E0
1.678577892E1,4.868684113E-1,1.440267448E0,1.430861179E-1,1.527051017E0
1.679574392E1,9.558601302E-1,1.362292489E0,6.361514083E-1,1.781627915E0
1.680570892E1,1.682621089E0,1.132558309E0,1.181123382E0,2.347116209E0
1.681567492E1,2.613674406E0,7.214388227E-1,1.549183534E0,3.122777210E0
1.682563992E1,3.847150396E0,2.654518962E-1,1.693663555E0,4.211831800E0
1.683560492E1,5.416283460E0,1.112339222E-1,1.366081631E0,5.587009802E0
1.684557092E1,6.607739604E0,-1.779407126E-1,1.109032183E0,6.702524744E0
1.685553592E1,7.214515697E0,-1.631747389E-1,8.909193452E-1,7.271148466E0
1.686550092E1,7.496584210E0,-9.591889501E-2,6.997444832E-1,7.529782042E0
1.687546692E1,7.907106112E0,-5.755414367E-3,8.412915409E-1,7.951737649E0
1.688543192E1,8.331332132E0,1.639518338E-1,1.532342676E0,8.472664833E0
1.689539692E1,8.720602913E0,6.959911555E-1,2.253965102E0,9.034028865E0
1.690536292E1,9.341142182E0,1.358371346E0,2.676377901E0,9.811478413E0
1.691532792E1,1.040197913E1,1.675393930E0,2.840786402E0,1.091229499E1
1.692529292E1,1.167498347E1,1.728541612E0,2.857293676E0,1.214319654E1
1.693525892E1,1.287366034E1,1.890445751E0,2.926817655E0,1.333683535E1
1.694522392E1,1.358959342E1,2.259915521E0,3.057293010E0,1.411138930E1
1.695518892E1,1.361032414E1,2.666659536E0,3.184964040E0,1.423010865E1
1.696515492E1,1.312572445E1,3.016626502E0,3.302458576E0,1.386689981E1
1.697511992E1,1.244844847E1,3.225565059E0,3.456808990E0,1.331606803E1
1.698508492E1,1.162690883E1,3.227171874E0,3.439227582E0,1.254702887E1
1.699505092E1,1.080460320E1,2.978942367E0,2.875133239E0,1.157064990E1
1.700501592E1,1.025089877E1,2.485490575E0,1.973531177E0,1.073095589E1
1.701498192E1,9.973646024E0,1.871923526E0,1.176303084E0,1.021574283E1
1.702494692E1,9.668373420E0,1.281824861E0,6.541364935E-1,9.774886911E0
1.703491192E1,9.337840844E0,7.807570714E-1,3.021957994E-1,9.375296024E0
1.704487692E1,8.941460434E0,4.001781768E-1,6.337329268E-2,8.950635365E0
1.705484292E1,8.509056498E0,2.358532906E-2,-7.263659790E-2,8.509399205E0
1.706480792E1,8.142961741E0,-1.755187958E-1,-2.014903736E-1,8.147345036E0
1.707477392E1,7.746952629E0,-3.332456839E-1,-2.254347217E-1,7.757393153E0
1.708473892E1,7.211031341E0,-3.226288944E-1,5.832933828E-2,7.218480776E0
1.709470392E1,6.574042684E0,-1.177278399E-1,5.305738632E-1,6.596469183E0
1.710466992E1,5.973047733E0,5.391951442E-2,1.009690182E0,6.058026147E0
1.711463492E1,5.456560836E0,1.682647401E-1,1.358937210E0,5.625751463E0
1.712459992E1,4.819047099E0,1.562147981E-1,1.620146659E0,5.086501077E0
1.713456592E1,4.127975206E0,8.663293183E-2,1.701979319E0,4.465917394E0
1.714453042E1,3.504844451E0,-4.948381662E-2,1.822809692E0,3.950825034E0
1.715449542E1,2.904497956E0,-3.109315395E-1,1.911302623E0,3.490825764E0
1.716446142E1,2.443720990E0,-6.247130120E-1,1.801480365E0,3.099575799E0
1.717442642E1,2.003886412E0,-9.997686267E-1,1.695699556E0,2.809002500E0
1.718439142E1,1.449539963E0,-1.440562733E0,1.573069264E0,2.578940480E0
1.719435742E1,9.286530358E-1,-1.916682792E0,1.364379799E0,2.529348063E0
1.720432242E1,3.102368903E-1,-2.375740092E0,1.215397568E0,2.686555259E0
1.721428742E1,-4.872706997E-1,-3.142923437E0,1.025941933E0,3.341849385E0
1.722425342E1,-1.716853613E0,-4.095652968E0,8.904139996E-2,4.441833848E0
1.723421842E1,-2.770185074E0,-5.187434549E0,-3.105562945E-1,5.888959820E0
1.724418342E1,-3.617795116E0,-3.763683146E0,1.150132262E0,5.345704495E0
1.725414942E1,-4.457589769E0,-2.566252610E0,2.647172520E0,5.784745575E0
1.726411442E1,-4.059471567E0,-3.831610250E0,2.189423243E0,5.996175502E0
1.727407942E1,-3.426041526E0,-5.440079289E0,1.248627294E0,6.549144473E0
1.728404542E1,-3.506425538E0,-5.940910267E0,6.578955223E-1,6.929809620E0
1.729401042E1,-4.367781799E0,-5.703073601E0,4.098988804E-1,7.195177790E0
1.730397542E1,-4.974288336E0,-5.228035276E0,3.349343598E-1,7.224131666E0
1.731394142E1,-5.057046903E0,-4.967597952E0,1.963666047E-1,7.091495797E0
1.732390642E1,-4.645312289E0,-4.893923912E0,1.727299663E-1,6.749759489E0
1.733387142E1,-3.988464734E0,-4.959122998E0,3.367469966E-1,6.372923221E0
1.734383742E1,-3.380938443E0,-5.178790026E0,5.301495016E-1,6.207388290E0
1.735380242E1,-2.936136655E0,-5.628270171E0,6.441566120E-1,6.380694422E0
1.736376742E1,-2.725486034E0,-6.293737106E0,8.999306354E-1,6.917317112E0
1.737373342E1,-2.789649870E0,-7.006421478E0,1.329155441E0,7.657593780E0
1.738369842E1,-3.061589836E0,-7.675167532E0,1.756816116E0,8.447954299E0
1.739366342E1,-3.369732254E0,-8.286192212E0,2.115209212E0,9.191854375E0
1.740362942E1,-3.681506377E0,-8.744915636E0,2.342801557E0,9.773216350E0
1.741359442E1,-4.037527551E0,-8.970410584E0,2.444647482E0,1.013637983E1
1.742355942E1,-4.253017328E0,-8.857369287E0,2.477522867E0,1.013307785E1
1.743352542E1,-4.181348006E0,-8.426303194E0,2.448009338E0,9.720031192E0
1.744349042E1,-3.891315000E0,-8.041393851E0,2.266135496E0,9.216383108E0
1.745345542E1,-3.686553694E0,-7.636448439E0,1.959585275E0,8.703217644E0
1.746342142E1,-3.780081078E0,-6.885255475E0,1.652012669E0,8.026512429E0
1.747338642E1,-4.002048401E0,-6.123276152E0,1.349933814E0,7.438630488E0
1.748335142E1,-4.293482984E0,-5.764081110E0,9.645409065E-1,7.251825035E0
1.749331742E1,-4.594149152E0,-5.646302984E0,5.603889620E-1,7.300751989E0
1.750328242E1,-4.908325312E0,-5.423997692E0,1.326499343E-1,7.316351846E0
1.751324742E1,-5.219862623E0,-5.155107048E0,-2.269289777E-1,7.339863162E0
1.752321342E1,-5.481388698E0,-5.006332832E0,-4.716174111E-1,7.438508820E0
1.753317842E1,-5.590590713E0,-5.010825248E0,-6.853872299E-1,7.538755192E0
1.754314342E1,-5.368919259E0,-5.043659703E0,-8.864566040E-1,7.419541935E0
1.755310942E1,-4.852672682E0,-5.163456287E0,-9.415686581E-1,7.148165116E0
1.756307442E1,-4.294512679E0,-5.415945491E0,-8.950695527E-1,6.969681070E0
1.757303942E1,-3.677213352E0,-5.600939115E0,-7.695462048E-1,6.744228523E0
1.758300542E1,-3.017094280E0,-5.620093424E0,-4.785422686E-1,6.396664028E0
1.759297042E1,-2.367534109E0,-5.591272498E0,-9.774702698E-2,6.072651842E0
1.760293542E1,-1.912507880E0,-5.422380352E0,3.303977975E-1,5.759258440E0
1.761290142E1,-1.673371378E0,-5.074481546E0,7.983972439E-1,5.402589461E0
1.762286642E1,-1.485095712E0,-4.633863733E0,1.241095350E0,5.021804460E0
1.763283142E1,-1.362341605E0,-4.175716260E0,1.594965771E0,4.672953750E0
1.764279742E1,-1.293336859E0,-3.585505037E0,1.791466569E0,4.211640900E0
1.765276242E1,-1.181363264E0,-2.755098088E0,1.899795449E0,3.549000899E0
1.766272842E1,-9.059816265E-1,-1.933859573E0,1.990386361E0,2.919289883E0
1.767269342E1,-6.589543068E-1,-1.287628807E0,2.076041054E0,2.530248047E0
1.768265842E1,-5.184819674E-1,-7.476793724E-1,2.035687226E0,2.229769153E0
1.769262442E1,-4.593467367E-1,-2.220468450E-1,1.861239055E0,1.929900268E0
1.770258942E1,-4.659318709E-1,1.850556046E-1,1.618241929E0,1.694120723E0
1.771255442E1,-4.954907155E-1,5.036814952E-1,1.295879813E0,1.475977842E0
1.772252042E1,-5.369772953E-1,7.594328606E-1,9.395063451E-1,1.322026875E0
1.773248542E1,-6.039290839E-1,9.683895439E-1,6.057291493E-1,1.292058996E0
1.774245042E1,-6.754130495E-1,1.132577021E0,3.673875761E-1,1.368899969E0
1.775241642E1,-6.365337431E-1,1.264074469E0,1.632485600E-1,1.424678757E0
1.776238142E1,-5.314388126E-1,1.280277688E0,-3.886834279E-2,1.386740393E0
1.777234642E1,-3.495892364E-1,1.164930834E0,-1.359886944E-1,1.223833897E0
1.778231242E1,-1.158672559E-1,1.052905199E0,-8.897985801E-2,1.062992001E0
1.779227742E1,1.744528484E-1,1.033096002E0,1.390469344E-1,1.056908319E0
1.780224242E1,8.566328806E-1,1.157009026E0,1.586317447E-1,1.448327936E0
1.781220842E1,1.621905940E0,1.287941633E0,-4.109737448E-1,2.111462041E0
1.782217342E1,2.174886480E0,1.513396820E0,-1.342060976E0,2.970122691E0
1.783213842E1,2.279831722E0,1.621547506E0,-2.161419611E0,3.535361895E0
1.784210442E1,2.413546434E0,1.870828342E0,-3.060565989E0,4.323455707E0
1.785206942E1,2.468969852E0,1.783711846E0,-3.568731129E0,4.691831407E0
1.786203442E1,2.545717481E0,1.520249757E0,-3.584991066E0,4.652311013E0
1.787200042E1,2.655223551E0,1.245003775E0,-3.273761319E0,4.395197343E0
1.788196542E1,2.952342798E0,9.435909176E-1,-2.887536353E0,4.236101746E0
1.789193042E1,3.593203188E0,8.451243907E-1,-2.847518009E0,4.661941999E0
1.790189642E1,4.263456947E0,6.323722798E-1,-2.639209782E0,5.053947775E0
1.791186142E1,5.034238669E0,5.362873238E-1,-2.319846557E0,5.568918308E0
1.792182642E1,5.900369182E0,3.017297763E-1,-1.806706606E0,6.178153939E0
1.793179242E1,6.758258044E0,2.087479377E-1,-1.200901297E0,6.867298699E0
1.794175742E1,7.473985891E0,3.137621766E-1,-6.911632557E-1,7.512430928E0
1.795172242E1,8.249287511E0,7.320585358E-1,-3.316037858E-1,8.288342126E0
1.796168842E1,9.059007595E0,1.134783760E0,-2.348570712E-1,9.132825994E0
1.797165342E1,9.784645303E0,1.414299964E0,-7.878889203E-2,9.886644314E0
1.798161842E1,1.030482179E1,1.610693319E0,-5.035388231E-2,1.043006331E1
1.799158442E1,1.058894502E1,1.674035037E0,1.318501814E-1,1.072126552E1
1.800154942E1,1.081827749E1,1.859579469E0,3.528328331E-1,1.098260692E1
1.801151442E1,1.083477366E1,2.187361515E0,4.533346295E-1,1.106265714E1
1.802148042E1,1.069179754E1,2.701077417E0,4.846467617E-1,1.103835297E1
1.803144542E1,1.063725238E1,3.468623874E0,5.452856040E-1,1.120177781E1
1.804141042E1,1.094729514E1,4.149947289E0,3.984596801E-1,1.171426922E1
1.805137642E1,1.131122467E1,4.203632330E0,-2.214140300E-1,1.206910736E1
1.806134142E1,1.123375842E1,3.684091431E0,-8.641083996E-1,1.185396732E1
1.807130642E1,1.076999937E1,2.711833954E0,-1.369168814E0,1.119024366E1
1.808127142E1,1.021095527E1,1.437946689E0,-1.633563388E0,1.044029825E1
1.809123742E1,9.507001963E0,2.146863699E-1,-1.560810284E0,9.636664636E0
1.810120242E1,8.735548981E0,-6.964864147E-1,-1.395110718E0,8.873626273E0
1.811116842E1,8.037877336E0,-1.114601510E0,-1.281678096E0,8.215382361E0
1.812113342E1,7.595607392E0,-1.151645375E0,-1.029706225E0,7.751118218E0
1.813109842E1,7.400186428E0,-1.165262371E0,-4.969278149E-1,7.507831433E0
1.814106408E1,7.064673779E0,-1.330622799E0,1.134184420E-1,7.189786950E0
1.815103008E1,6.492713177E0,-1.303401672E0,7.515275712E-1,6.664756110E0
1.816099508E1,5.766914670E0,-1.046532903E0,1.456576649E0,6.039383368E0
1.817096008E1,4.999881014E0,-8.373861855E-1,2.032745199E0,5.461875028E0
1.818092608E1,4.307370121E0,-7.090403867E-1,2.356139202E0,4.960601533E0
1.819089108E1,3.576564059E0,-6.826711982E-1,2.445564179E0,4.386186794E0
1.820085608E1,2.732980995E0,-7.669079411E-1,2.443561946E0,3.745440948E0
1.821082208E1,1.915993406E0,-9.003004718E-1,2.216284182E0,3.064879646E0
1.822078708E1,1.192017476E0,-1.167169733E0,1.929895453E0,2.551016917E0
1.823075208E1,3.421357906E-1,-1.471767569E0,1.936810370E0,2.456499763E0
1.824071808E1,-3.227657193E-1,-1.765407722E0,1.652467582E0,2.439567840E0
1.825068308E1,-8.803152734E-1,-1.954566903E0,1.628034407E0,2.691799173E0
1.826064808E1,-1.169456579E0,-1.880075714E0,1.543938582E0,2.699270221E0
1.827061408E1,-1.255611793E0,-2.024640520E0,1.570109842E0,2.853239409E0
1.828057908E1,-1.279477204E0,-2.222274655E0,1.501284021E0,2.971434042E0
1.829054408E1,-1.382984616E0,-2.437353957E0,1.414673893E0,3.139210567E0
1.830051008E1,-1.590557848E0,-2.598002699E0,1.289075116E0,3.307749529E0
1.831047508E1,-1.765257449E0,-2.633861918E0,1.160733118E0,3.376486907E0
1.832044008E1,-1.822502275E0,-2.702738903E0,1.150128900E0,3.456748270E0
1.833040608E1,-2.033094424E0,-3.143945238E0,1.113799565E0,3.906202000E0
1.834037108E1,-2.469681458E0,-3.779739600E0,9.992415002E-1,4.624309844E0
1.835033608E1,-2.898115135E0,-4.284481196E0,9.176007749E-1,5.253364792E0
1.836030208E1,-3.182433073E0,-4.678210478E0,8.834394407E-1,5.726604473E0
1.837026708E1,-3.338884683E0,-5.012057256E0,8.291641232E-1,6.079176096E0
1.838023208E1,-3.655352367E0,-5.530480167E0,6.090097296E-1,6.657229502E0
1.839019808E1,-4.140843759E0,-6.068406465E0,2.065694113E-1,7.349477191E0
1.840016308E1,-4.612735696E0,-6.531394848E0,-2.995714228E-1,8.001636851E0
1.841012808E1,-4.918968413E0,-6.742603878E0,-6.296138558E-1,8.369908657E0
1.842009408E1,-4.955469657E0,-6.761172881E0,-7.908136976E-1,8.419948014E0
1.843005908E1,-4.766370118E0,-6.860941583E0,-7.957757910E-1,8.391904588E0
1.844002408E1,-4.444660406E0,-7.010201703E0,-5.936629812E-1,8.321680706E0
1.844999008E1,-4.105548795E0,-7.056838510E0,-2.090145707E-1,8.166895846E0
1.845995508E1,-3.882160015E0,-7.114410195E0,3.579374523E-1,8.112590094E0
1.846992008E1,-3.721846318E0,-7.206691537E0,9.643052638E-1,8.168134890E0
1.847988608E1,-3.693335295E0,-7.232069623E0,1.505663001E0,8.258969530E0
1.848985108E1,-3.734686804E0,-7.238833097E0,1.898015703E0,8.363674655E0
1.849981608E1,-3.737933763E0,-7.372357775E0,2.191221993E0,8.551330996E0
1.850978208E1,-3.846307812E0,-7.357894687E0,2.412025719E0,8.645840970E0
1.851974708E1,-4.162018865E0,-6.977131020E0,2.400262437E0,8.471364594E0
1.852971208E1,-4.461001620E0,-6.336727590E0,2.108247810E0,8.031149409E0
1.853967808E1,-4.396231427E0,-5.854413575E0,1.525345752E0,7.478481713E0
1.854964308E1,-4.330032175E0,-5.868170319E0,8.218578811E-1,7.338940789E0
1.855960808E1,-4.620004955E0,-5.765928245E0,1.915268643E-1,7.391011896E0
1.856957408E1,-5.052891287E0,-5.325055202E0,-3.206072196E-1,7.347837249E0
1.857953908E1,-5.347054766E0,-4.830610553E0,-7.248649988E-1,7.242321606E0
1.858950408E1,-5.373921552E0,-4.552099778E0,-1.138623480E0,7.134220957E0
1.859947008E1,-5.207877585E0,-4.390459933E0,-1.455092333E0,6.965301218E0
1.860943508E1,-4.811219432E0,-4.289303102E0,-1.594194231E0,6.639834996E0
1.861940008E1,-4.247285888E0,-4.294053965E0,-1.597047965E0,6.247311347E0
1.862936608E1,-3.661556847E0,-4.497640273E0,-1.480729888E0,5.985676868E0
1.863933108E1,-3.139251385E0,-4.838240292E0,-1.262568080E0,5.904027993E0
1.864929608E1,-2.687849261E0,-5.227941720E0,-9.646315384E-1,5.957048118E0
1.865926108E1,-2.310284606E0,-5.501807760E0,-5.505289485E-1,5.992527489E0
1.866922708E1,-1.867087879E0,-5.617525912E0,-9.952180311E-2,5.920516794E0
1.867919208E1,-1.389414214E0,-5.444454761E0,2.012775350E-1,5.622550324E0
1.868915708E1,-8.594079691E-1,-5.013520814E0,3.067510727E-1,5.095887482E0
1.869912308E1,-4.395328617E-1,-4.297840622E0,2.109426901E-1,4.325404023E0
1.870908808E1,-2.428220022E-1,-3.454476828E0,5.736586332E-2,3.463475642E0
1.871905308E1,-2.207037395E-1,-2.553717642E0,-5.459925324E-2,2.563818444E0
1.872901908E1,-2.891301960E-1,-1.689061797E0,-9.592240334E-2,1.716312073E0
1.873898408E1,-4.574130625E-1,-9.186028415E-1,-1.506353849E-1,1.037183161E0
1.874894908E1,-6.836564541E-1,-2.417917228E-1,-1.401190214E-1,7.385680230E-1
1.875891508E1,-8.735401046E-1,3.139984041E-1,-8.367350981E-2,9.320239098E-1
1.876888008E1,-8.650107712E-1,7.781223160E-1,-9.463747770E-2,1.167336380E0
1.877884508E1,-7.968661505E-1,1.061230465E0,-1.543036357E-1,1.336044675E0
1.878881108E1,-6.681893992E-1,1.248931934E0,-2.949684946E-1,1.446829106E0
1.879877608E1,-6.589706790E-1,1.366795430E0,-4.953889740E-1,1.596177414E0
1.880874108E1,-8.098393679E-1,1.380085566E0,-6.949111748E-1,1.744527877E0
1.881870708E1,-9.858288646E-1,1.381101812E0,-8.954354422E-1,1.918620702E0
1.882867208E1,-1.021890982E0,1.399446867E0,-1.001851259E0,2.001604021E0
1.883863708E1,-1.003122590E0,1.410373558E0,-1.059300153E0,2.029168627E0
1.884860308E1,-1.043851370E0,1.234380553E0,-1.108629749E0,1.960199213E0
1.885856808E1,-1.134050519E0,9.717832679E-1,-1.103050189E0,1.856651023E0
1.886853308E1,-1.017261157E0,7.396914911E-1,-1.106093227E0,1.674934623E0
1.887849908E1,-7.302669489E-1,4.869444251E-1,-1.022738829E0,1.347738625E0
1.888846408E1,-2.244348478E-1,1.770794177E-1,-7.805307841E-1,8.312378878E-1
1.889842908E1,3.518094242E-1,4.085800409E-2,-4.270796080E-1,5.548299190E-1
1.890839508E1,1.066885307E0,1.998753726E-1,-7.528728694E-3,1.085472756E0
1.891836008E1,2.009259419E0,4.209527493E-1,4.566596487E-1,2.103060309E0
1.892832508E1,3.031674312E0,5.032604957E-1,7.963932569E-1,3.174675177E0
1.893829108E1,3.888910040E0,4.167374915E-1,9.590028624E-1,4.027030907E0
1.894825608E1,4.580347384E0,2.245535463E-1,1.021727260E0,4.698290439E0
1.895822108E1,5.149615928E0,-1.884347105E-1,1.093459440E0,5.267798913E0
1.896818608E1,5.558738006E0,-5.734200668E-1,1.173697565E0,5.710161536E0
1.897815208E1,5.888106401E0,-8.080705851E-1,1.305689249E0,6.085030770E0
1.898811708E1,6.421572443E0,-8.121215361E-1,1.530185931E0,6.651135468E0
1.899808208E1,7.351045259E0,-6.387194324E-1,1.806684094E0,7.596705623E0
1.900804808E1,8.365529573E0,-2.798717147E-1,2.000606417E0,8.605976949E0
1.901801308E1,9.349446983E0,3.727518117E-1,2.166323525E0,9.604377149E0
1.902797808E1,1.029713972E1,1.117746143E0,2.299865160E0,1.060989268E1
1.903794408E1,1.101191389E1,1.478868427E0,2.278876287E0,1.134207108E1
1.904790908E1,1.151969545E1,1.503516780E0,2.099418222E0,1.180557084E1
1.905787408E1,1.179434619E1,1.495528314E0,1.964868527E0,1.205005872E1
1.906784008E1,1.163387403E1,1.398517744E0,1.838334488E0,1.186095909E1
1.907780508E1,1.105664509E1,1.135288959E0,1.585444458E0,1.122728443E1
1.908777008E1,1.039006601E1,1.035588670E0,1.343837799E0,1.052766905E1
1.909773608E1,9.683042330E0,1.384058164E0,1.252945463E0,9.861379118E0
1.910770108E1,9.140537662E0,2.097145409E0,1.247027496E0,9.460577424E0
1.911766608E1,8.923397800E0,2.849995474E0,1.081967030E0,9.429748414E0
1.912763208E1,9.045418081E0,3.044594904E0,5.966957858E-1,9.562697959E0
1.913759708E1,9.464070536E0,2.441491447E0,-3.860624135E-3,9.773920733E0
1.914756196E1,9.805994657E0,1.562015834E0,-3.020262301E-1,9.934215849E0
1.915752796E1,9.858770456E0,8.652873445E-1,-2.950411463E-1,9.901066931E0
1.916749296E1,9.679328763E0,1.922476798E-1,-1.984009972E-1,9.683270493E0
1.917745796E1,9.269999110E0,-3.275949347E-1,-1.006273654E-1,9.276331592E0
1.918742396E1,8.768899745E0,-3.825394660E-1,1.202266476E-1,8.778063205E0
1.919738896E1,8.190879089E0,-2.829882807E-1,3.771036020E-1,8.204437198E0
1.920735396E1,7.677076063E0,-2.217638397E-1,6.655885577E-1,7.709065067E0
1.921731896E1,7.118965176E0,-4.909146845E-2,9.274780378E-1,7.179295973E0
1.922728496E1,6.365690603E0,1.682045138E-1,1.165028775E0,6.473608087E0
1.923724996E1,5.427889599E0,5.010034704E-1,1.284061129E0,5.600160976E0
1.924721496E1,4.582589207E0,8.603265667E-1,1.226888516E0,4.821362989E0
1.925718096E1,3.816828489E0,1.024775414E0,1.080124865E0,4.096951805E0
1.926714596E1,3.165453928E0,9.467039752E-1,9.527219296E-1,3.438608158E0
1.927711096E1,2.647347352E0,6.533708006E-1,8.738771966E-1,2.863390082E0
1.928707696E1,2.186261653E0,1.985843074E-1,7.814385644E-1,2.330197840E0
1.929704196E1,1.711224498E0,-3.855221307E-1,6.209015045E-1,1.860762014E0
1.930700696E1,1.110209082E0,-1.135131084E0,3.654527324E-1,1.629307363E0
1.931697296E1,1.643582153E-1,-1.957663003E0,2.396376085E-1,1.979111983E0
1.932693796E1,-1.035900326E0,-2.558077911E0,1.907981551E-1,2.766451883E0
1.933690296E1,-2.128700493E0,-2.793453484E0,2.457651982E-1,3.520674465E0
1.934686896E1,-2.798928232E0,-2.864365591E0,4.144298878E-1,4.026206852E0
1.935683396E1,-3.005269455E0,-2.931307440E0,6.523688802E-1,4.248504791E0
1.936679896E1,-2.830787956E0,-3.087450025E0,1.000923159E0,4.306687274E0
1.937676496E1,-2.470567312E0,-3.367832786E0,1.498058112E0,4.437361674E0
1.938672996E1,-2.144142405E0,-3.691920269E0,1.983507989E0,4.707645469E0
1.939669496E1,-1.949830073E0,-4.069160988E0,2.366593000E0,5.095161517E0
1.940665996E1,-1.888716729E0,-4.471447670E0,2.635517558E0,5.523318563E0
1.941662596E1,-1.994481751E0,-5.026095836E0,2.810922625E0,6.094332023E0
1.942659096E1,-2.432990765E0,-5.799829817E0,2.739884510E0,6.860352549E0
1.943655596E1,-3.041427467E0,-6.325435447E0,2.435936300E0,7.429347232E0
1.944652196E1,-3.590238358E0,-6.509922702E0,2.010464238E0,7.701355173E0
1.945648696E1,-3.910181626E0,-6.581544077E0,1.499326958E0,7.800911749E0
1.946645196E1,-3.926502374E0,-6.502300272E0,1.008513430E0,7.662534115E0
1.947641796E1,-3.652601836E0,-6.489156901E0,6.695058998E-1,7.476556400E0
1.948638296E1,-3.235550349E0,-6.580534263E0,4.722839937E-1,7.348147346E0
1.949634796E1,-2.782815059E0,-6.623293782E0,3.496225655E-1,7.192657097E0
1.950631396E1,-2.353984941E0,-6.596584285E0,2.683623478E-1,7.009150283E0
1.951627896E1,-2.059041443E0,-6.754784213E0,1.724302965E-1,7.063745015E0
1.952624396E1,-2.167150614E0,-7.231880758E0,-4.645875961E-2,7.549754929E0
1.953620996E1,-2.711918739E0,-7.505329306E0,-4.694554031E-1,7.994051514E0
1.954617496E1,-3.352253172E0,-7.512677502E0,-9.001659858E-1,8.275761197E0
1.955613996E1,-3.797167227E0,-7.459983564E0,-1.182875062E0,8.453935600E0
1.956610496E1,-3.908696433E0,-7.430548680E0,-1.396275044E0,8.511201178E0
1.957607096E1,-3.990122420E0,-7.359093366E0,-1.559062698E0,8.515163451E0
1.958603596E1,-4.155458289E0,-6.995791824E0,-1.670536356E0,8.306601505E0
1.959600096E1,-4.308320294E0,-6.555354398E0,-1.646644340E0,8.015343575E0
1.960596696E1,-4.374705487E0,-6.389259560E0,-1.512620310E0,7.889784917E0
1.961593196E1,-4.493456590E0,-6.290215913E0,-1.223759086E0,7.826592788E0
1.962589696E1,-4.769057499E0,-5.909770335E0,-7.806187847E-1,7.634046144E0
1.963586296E1,-4.931763875E0,-5.444547147E0,-4.638321358E-1,7.360742409E0
1.964582796E1,-4.802552104E0,-5.206581842E0,-4.421895441E-1,7.097079172E0
1.965579296E1,-4.354796303E0,-5.121360428E0,-5.753411695E-1,6.747117972E0
1.966575896E1,-3.782349797E0,-5.177387863E0,-6.777180219E-1,6.447543470E0
1.967572396E1,-3.197545202E0,-5.268319083E0,-7.344477081E-1,6.206359216E0
1.968568896E1,-2.708139684E0,-5.310319633E0,-7.728099744E-1,6.010885992E0
1.969565496E1,-2.318419837E0,-5.350485912E0,-7.527012536E-1,5.879568795E0
1.970561996E1,-2.057581978E0,-5.566889609E0,-5.054660654E-1,5.956458634E0
1.971558496E1,-1.943758909E0,-5.845876055E0,-1.468551600E-1,6.162307359E0
1.972555096E1,-2.038959181E0,-5.850273746E0,2.956972039E-1,6.202458729E0
1.973551596E1,-2.204847613E0,-5.431679764E0,8.616383895E-1,5.925109178E0
1.974548096E1,-2.315132532E0,-4.766964195E0,1.597451715E0,5.534946997E0
1.975544696E1,-2.060664631E0,-3.880256746E0,2.295908641E0,4.957209661E0
1.976541196E1,-1.645809942E0,-2.870899270E0,2.407091108E0,4.092046015E0
1.977537696E1,-1.300119630E0,-1.885610981E0,1.803355859E0,2.915121297E0
1.978534196E1,-1.259478557E0,-1.129282699E0,7.135544372E-1,1.835953590E0
1.979530796E1,-1.557860802E0,-5.928354540E-1,-3.141676810E-1,1.696197361E0
1.980527296E1,-2.065842340E0,-1.922009021E-1,-9.676216583E-1,2.289309379E0
1.981523796E1,-2.614559090E0,1.544910389E-1,-1.306466782E0,2.926882671E0
1.982520396E1,-3.044380896E0,4.201142585E-1,-1.457656337E0,3.401398687E0
1.983516896E1,-3.301399353E0,6.302649432E-1,-1.507761859E0,3.683723308E0
1.984513396E1,-3.237506828E0,8.025625080E-1,-1.443531218E0,3.634465492E0
1.985509996E1,-2.831071545E0,9.299581343E-1,-1.364618511E0,3.277494761E0
1.986506496E1,-2.428761474E0,1.080060253E0,-1.567181703E0,3.085688082E0
1.987502996E1,-2.248997599E0,1.316232217E0,-1.902302735E0,3.226331221E0
1.988499596E1,-2.050056612E0,1.500019560E0,-2.171529593E0,3.341905380E0
1.989496096E1,-1.809285228E0,1.448614933E0,-2.191431030E0,3.189728550E0
1.990492596E1,-1.675104493E0,1.132284660E0,-1.852421015E0,2.742171991E0
1.991489196E1,-1.509248806E0,6.368758053E-1,-1.366958275E0,2.133545798E0
1.992485696E1,-1.199953317E0,1.197375280E-1,-9.198212551E-1,1.516672733E0
1.993482196E1,-6.821893877E-1,-4.078041154E-1,-3.376255408E-1,8.635262376E-1
1.994478696E1,-6.553383887E-2,-7.853752023E-1,3.183478555E-1,8.499730875E-1
1.995475296E1,7.414696294E-1,-8.787429571E-1,7.719467792E-1,1.384871195E0
1.996471796E1,1.514265717E0,-9.225193065E-1,1.355273199E0,2.231772384E0
1.997468296E1,2.348939379E0,-8.261934453E-1,1.744720565E0,3.040421297E0
1.998464896E1,3.224547644E0,-6.463278294E-1,1.960231977E0,3.828571088E0
1.999461396E1,4.109032567E0,-5.365820235E-1,2.108849488E0,4.649657521E0
2.000457896E1,5.121232374E0,-6.218227333E-1,2.133095260E0,5.582452859E0
2.001454496E1,6.065840122E0,-8.650136948E-1,2.154900989E0,6.495095331E0
2.002450996E1,6.837932789E0,-9.352200437E-1,2.201729001E0,7.244278567E0
2.003447496E1,7.423240246E0,-7.554082221E-1,2.102075489E0,7.752022877E0
2.004444096E1,7.944394391E0,-4.289815611E-1,1.977141540E0,8.197958044E0
2.005440596E1,8.634044241E0,-1.751299560E-2,2.006349260E0,8.864111011E0
2.006437096E1,9.387893010E0,3.609392667E-1,2.011861137E0,9.607830013E0
2.007433596E1,1.025954797E1,7.474834907E-1,1.845769807E0,1.045102494E1
2.008430196E1,1.113183794E1,8.574181616E-1,1.681464802E0,1.129071768E1
2.009426696E1,1.174579909E1,7.621471381E-1,1.645078163E0,1.188490416E1
2.010423196E1,1.206783684E1,7.973228180E-1,1.688293765E0,1.221141865E1
2.011419796E1,1.201691928E1,1.139104852E0,1.843709249E0,1.221078100E1
2.012416296E1,1.155978630E1,1.782396807E0,2.116794100E0,1.188639621E1
2.013412796E1,1.092315549E1,2.539093171E0,2.344764759E0,1.145688622E1
2.014409367E1,1.057063856E1,3.244759129E0,2.418437922E0,1.131882075E1
2.015405867E1,1.065399295E1,3.593599922E0,1.988467305E0,1.141821039E1
2.016402367E1,1.097434319E1,3.342025223E0,1.317021006E0,1.154728909E1
2.017398967E1,1.126879611E1,2.785324100E0,8.796978074E-1,1.164120545E1
2.018395467E1,1.128014087E1,2.147334985E0,6.015858123E-1,1.149845777E1
2.019391967E1,1.087681865E1,1.449539378E0,4.216704950E-1,1.098108166E1
2.020388467E1,1.031273191E1,8.032004392E-1,1.777135482E-1,1.034548947E1
2.021385067E1,9.820836060E0,4.163164920E-1,6.037600994E-2,9.829841586E0
2.022381567E1,9.353424844E0,3.160700727E-1,1.534566665E-1,9.360021664E0
2.023378067E1,8.598169234E0,2.179912162E-1,3.333649671E-1,8.607390228E0
2.024374667E1,7.702523730E0,5.015741587E-2,6.327549800E-1,7.728632896E0
2.025371167E1,6.797908013E0,-6.125426173E-2,8.774919453E-1,6.854582231E0
2.026367667E1,5.889892141E0,-1.712099826E-1,1.119792668E0,5.997839437E0
2.027364267E1,4.907474542E0,-1.009463310E-1,1.309077856E0,5.080076906E0
2.028360767E1,3.946744266E0,9.268421531E-2,1.295832743E0,4.155064760E0
2.029357267E1,3.131235437E0,2.666967684E-1,1.158959950E0,3.349470211E0
2.030353867E1,2.542988001E0,2.432067490E-1,9.620061386E-1,2.729724035E0
2.031350367E1,2.153405564E0,1.188399804E-1,8.502690634E-1,2.318239837E0
2.032346867E1,1.817450280E0,-1.139043456E-1,7.585016915E-1,1.972669394E0
2.033343367E1,1.394144027E0,-5.177662683E-1,6.895144871E-1,1.639252788E0
2.034339967E1,9.221433306E-1,-8.106076920E-1,5.229575725E-1,1.334510313E0
2.035336467E1,3.919265860E-1,-1.193574589E0,3.806398518E-1,1.312674158E0
2.036332967E1,-3.669952279E-1,-1.715468407E0,4.495106967E-1,1.810960303E0
2.037329567E1,-1.406993283E0,-2.650828784E0,1.946470848E-1,3.007392696E0
2.038326067E1,-2.548644013E0,-3.893610032E0,-8.672388527E-1,4.733697140E0
2.039322567E1,-6.260091058E0,-3.679255784E0,1.576640305E-1,7.262955399E0
2.040319167E1,-3.969494612E0,-3.328721638E0,7.844580665E-1,5.239527620E0
2.041315667E1,-3.864486805E0,-3.007223595E0,8.248842537E-1,4.965690893E0
2.042312167E1,-3.948559241E0,-3.031625488E0,7.200753982E-1,5.029948485E0
2.043308767E1,-3.842412397E0,-3.587714115E0,1.013227748E0,5.353732909E0
2.044305267E1,-3.930383756E0,-4.410401570E0,9.954671225E-1,5.990869158E0
2.045301767E1,-4.222962055E0,-4.618922928E0,9.712418157E-1,6.333337840E0
2.046298267E1,-4.731609591E0,-4.775279813E0,1.118557444E0,6.814880583E0
2.047294867E1,-5.099811099E0,-4.824871803E0,1.237615818E0,7.128755437E0
2.048291367E1,-5.100489376E0,-4.619815213E0,1.389927892E0,7.020654102E0
2.049287867E1,-4.724606380E0,-4.445078190E0,1.585897617E0,6.678000959E0
2.050284467E1,-4.145167190E0,-4.469704031E0,1.712410606E0,6.331904551E0
2.051280967E1,-3.589348412E0,-4.605947371E0,1.793697428E0,6.108643358E0
2.052277467E1,-3.202566206E0,-4.809888605E0,1.733494788E0,6.032948109E0
2.053274067E1,-2.973868153E0,-5.172744005E0,1.513511133E0,6.155638739E0
2.054270567E1,-2.947228823E0,-5.714369252E0,1.150950434E0,6.531834397E0
2.055267067E1,-3.050867212E0,-6.183273847E0,8.923093745E-1,6.952473102E0
2.056263567E1,-3.177357690E0,-6.505593424E0,8.762035114E-1,7.292878737E0
2.057260167E1,-3.378603650E0,-6.683130094E0,9.510312071E-1,7.548751607E0
2.058256667E1,-3.620742112E0,-6.721948004E0,1.103333341E0,7.714382858E0
2.059253167E1,-3.735336429E0,-6.772763232E0,1.234604502E0,7.832452254E0
2.060249767E1,-3.519070727E0,-6.957405438E0,1.240381843E0,7.894801855E0
2.061246267E1,-3.191989762E0,-7.165803128E0,1.198944672E0,7.935679015E0
2.062242767E1,-3.120011707E0,-7.093511077E0,1.098323447E0,7.826792884E0
2.063239367E1,-3.431909207E0,-6.802322077E0,1.053130317E0,7.691467344E0
2.064235867E1,-3.936503452E0,-6.646458111E0,9.602174753E-1,7.784181553E0
2.065232367E1,-4.448537695E0,-6.789113216E0,8.562908185E-1,8.161787785E0
2.066228967E1,-5.030361380E0,-6.758788971E0,7.316439682E-1,8.457012881E0
2.067225467E1,-5.616606730E0,-6.328170775E0,5.620074713E-1,8.479850760E0
2.068221967E1,-5.880387492E0,-5.657645413E0,4.093053880E-1,8.170400209E0
2.069218467E1,-5.685022076E0,-5.065751068E0,2.200468048E-1,7.617724758E0
2.070215067E1,-5.148668679E0,-4.672803266E0,3.269996881E-2,6.953053201E0
2.071211567E1,-4.286490299E0,-4.507464472E0,-9.362649411E-2,6.220932484E0
2.072208067E1,-3.364017186E0,-4.544452497E0,-1.693131459E-1,5.656617988E0
2.073204667E1,-2.603793197E0,-4.694742019E0,-1.837832505E-1,5.371602919E0
2.074201167E1,-2.092790403E0,-4.877521595E0,-1.130942139E-1,5.308745509E0
2.075197667E1,-1.841629686E0,-5.213882675E0,-1.248731375E-2,5.529586638E0
2.076194267E1,-1.664881221E0,-5.440567532E0,1.214890614E-1,5.690901874E0
2.077190767E1,-1.529162668E0,-5.170433770E0,3.696089333E-1,5.404473573E0
2.078187267E1,-1.388610806E0,-4.592035384E0,7.038821192E-1,4.848760561E0
2.079183767E1,-1.196478317E0,-3.792084242E0,1.008071673E0,4.102154527E0
2.080180367E1,-9.213194579E-1,-2.883642107E0,1.263546026E0,3.280361246E0
2.081176867E1,-5.819043767E-1,-1.970956063E0,1.471536019E0,2.527587538E0
2.082173367E1,-2.695209736E-1,-1.137586915E0,1.487070024E0,1.891592663E0
2.083169967E1,-6.343234956E-2,-4.118696845E-1,1.110352046E0,1.185977220E0
2.084166467E1,-6.047775149E-3,2.105757773E-1,4.866929948E-1,5.303289590E-1
2.085162967E1,-5.014221311E-2,6.984855777E-1,-1.890463293E-1,7.253515413E-1
2.086159567E1,-2.496802014E-1,1.137377585E0,-7.467759776E-1,1.383344619E0
2.087156067E1,-5.504633135E-1,1.460924492E0,-1.130189602E0,1.927339816E0
2.088152567E1,-8.848626530E-1,1.703789763E0,-1.351757999E0,2.348005784E0
2.089149067E1,-1.052431574E0,1.932072664E0,-1.466344422E0,2.643989970E0
2.090145667E1,-1.016592236E0,2.085575523E0,-1.469149039E0,2.746176239E0
2.091142167E1,-9.441943502E-1,2.183064981E0,-1.264119785E0,2.693561677E0
2.092138667E1,-8.378925544E-1,2.258124518E0,-1.144452277E0,2.666638575E0
2.093135267E1,-6.382680273E-1,2.259603279E0,-1.096853456E0,2.591578777E0
2.094131767E1,-2.984255147E-1,2.193763631E0,-1.106882455E0,2.475246538E0
2.095128267E1,7.637633085E-2,2.088428380E0,-9.832442491E-1,2.309574787E0
2.096124867E1,5.889374077E-1,2.085555643E0,-9.066736445E-1,2.349137439E0
2.097121367E1,1.250489048E0,2.063679455E0,-1.103807112E0,2.653466768E0
2.098117867E1,1.941948611E0,2.080445761E0,-1.521566112E0,3.227163213E0
2.099114367E1,2.247410665E0,1.943748969E0,-2.081904495E0,3.628131899E0
2.100110967E1,2.002646803E0,1.697594054E0,-2.689950750E0,3.758757085E0
2.101107467E1,1.566485445E0,1.266779975E0,-3.271621238E0,3.842149617E0
2.102103967E1,1.318740672E0,9.205254060E-1,-3.603653040E0,3.946233548E0
2.103100567E1,1.554512687E0,8.562902337E-1,-3.548006258E0,3.967126298E0
2.104097067E1,1.993362886E0,6.966337645E-1,-2.832441548E0,3.532919376E0
2.105093567E1,2.830884435E0,5.031377041E-1,-2.042457717E0,3.526852386E0
2.106090167E1,4.231105180E0,1.932118857E-1,-1.163910349E0,4.392524238E0
2.107086667E1,5.681182795E0,-3.737774134E-2,-2.223067537E-1,5.685653466E0
2.108083167E1,7.004490142E0,2.805961847E-1,4.966566503E-1,7.027679859E0
2.109079667E1,8.244491040E0,7.866428787E-1,1.206937524E0,8.369416808E0
2.110076267E1,9.092389934E0,1.047127565E0,1.587799424E0,9.289194683E0
2.111072767E1,9.726712845E0,1.391296433E0,1.515593035E0,9.941914845E0
2.112069267E1,1.003768005E1,1.964663875E0,1.309015876E0,1.031156863E1
2.113065867E1,1.011122399E1,2.547693256E0,1.167653590E0,1.049242615E1
2.114062367E1,1.031289212E1,2.611322072E0,1.147977709E0,1.070012148E1
2.115058867E1,1.060552655E1,2.160773056E0,1.366529674E0,1.090933257E1
2.116055467E1,1.050796108E1,1.608418753E0,1.824177502E0,1.078572578E1
2.117051967E1,9.831854553E0,1.264373261E0,2.209290620E0,1.015603115E1
2.118048467E1,9.000325524E0,1.024314069E0,2.359759359E0,9.360744793E0
2.119044967E1,8.281604487E0,8.191861421E-1,2.437288176E0,8.671586502E0
2.120041567E1,7.584619889E0,8.325528771E-1,2.500261227E0,8.029377894E0
2.121038067E1,6.958815202E0,1.200107684E0,2.336133392E0,7.437935647E0
2.122034567E1,6.583725674E0,1.720039176E0,1.898658750E0,7.064621969E0
2.123031167E1,6.570877002E0,1.925533138E0,1.342023408E0,6.977472986E0
2.124027667E1,7.082802486E0,1.480547163E0,8.194226620E-1,7.282140102E0
2.125024167E1,7.870914770E0,6.749119431E-1,4.756636843E-1,7.914105218E0
2.126020767E1,8.558368406E0,4.709639847E-2,3.564892432E-1,8.565919240E0
2.127017267E1,9.018508610E0,-2.914217198E-1,5.309502777E-1,9.038823616E0
2.128013767E1,9.176989789E0,-5.005602515E-1,1.060357475E0,9.251597707E0
2.129010267E1,8.808474870E0,-7.214791685E-1,1.474939975E0,8.960201429E0
2.130006867E1,8.317513407E0,-8.543571442E-1,1.800526976E0,8.552944102E0
2.131003367E1,7.727667927E0,-9.102325523E-1,2.204569286E0,8.087366730E0
2.131999867E1,6.844431385E0,-1.015486527E0,2.509787803E0,7.360467966E0
2.132996467E1,5.945320237E0,-8.711053240E-1,2.629689638E0,6.559033831E0
2.133992967E1,5.133057198E0,-5.275632781E-1,2.628105919E0,5.790815135E0
2.134989467E1,4.245807711E0,-2.664582020E-1,2.378563128E0,4.873955852E0
2.135985967E1,3.462303618E0,-2.144536507E-1,1.878610109E0,3.944960412E0
2.136982567E1,2.744750855E0,-3.620017058E-1,1.296920910E0,3.057238352E0
2.137979067E1,2.072294742E0,-4.026351768E-1,9.392841509E-1,2.310578997E0
2.138975567E1,1.409184235E0,-7.368152457E-1,6.356239164E-1,1.712517059E0
2.139972167E1,6.405010790E-1,-1.286631272E0,5.443696377E-1,1.536879945E0
2.140968667E1,-8.245451152E-2,-1.705254491E0,4.650352004E-1,1.769448887E0
2.141965167E1,-7.892010355E-1,-2.133434983E0,2.883089545E-1,2.292925022E0
2.142961767E1,-1.399632808E0,-2.404251115E0,1.175272804E-1,2.784458311E0
2.143958267E1,-1.802368557E0,-2.531047987E0,1.122946072E-1,3.109235662E0
2.144954767E1,-2.014411985E0,-2.603742326E0,3.659096923E-1,3.312283147E0
2.145951267E1,-1.984539145E0,-2.742942311E0,7.797908190E-1,3.474219605E0
2.146947867E1,-1.859778859E0,-3.046372458E0,1.208110475E0,3.768115375E0
2.147944367E1,-2.024783776E0,-3.564934240E0,1.639874434E0,4.415619281E0
2.148940867E1,-2.431068785E0,-4.203480594E0,1.926569849E0,5.224080391E0
2.149937467E1,-2.928617721E0,-4.751815229E0,2.056020480E0,5.948425837E0
2.150933967E1,-3.484683251E0,-5.281627346E0,2.044728044E0,6.649775753E0
2.151930467E1,-4.026669272E0,-5.769968086E0,1.879881002E0,7.282894323E0
2.152927067E1,-4.303458919E0,-6.007797151E0,1.577254555E0,7.556528119E0
2.153923567E1,-4.279145027E0,-6.006252902E0,1.232064764E0,7.476907092E0
2.154920067E1,-4.026203833E0,-5.925758961E0,8.708889771E-1,7.216881888E0
2.155916567E1,-3.687586312E0,-5.754000510E0,6.096654949E-1,6.861377901E0
2.156913167E1,-3.470451128E0,-5.753629797E0,3.813931194E-1,6.730062970E0
2.157909667E1,-3.645856488E0,-6.110520451E0,4.376962513E-2,7.115661986E0
2.158906167E1,-4.001182428E0,-6.495727417E0,-2.260793772E-1,7.632499419E0
2.159902767E1,-4.375544563E0,-6.857664219E0,-2.321619433E-1,8.137987953E0
2.160899267E1,-4.641749581E0,-7.141316158E0,-1.221486273E-1,8.518166230E0
2.161895767E1,-4.598532225E0,-7.283763687E0,-1.410436124E-2,8.613937021E0
2.162892267E1,-4.231609502E0,-7.393979024E0,2.098945767E-1,8.521824953E0
2.163888867E1,-3.818556342E0,-7.400337871E0,5.737969199E-1,8.347192106E0
2.164885367E1,-3.685258536E0,-7.176280754E0,8.728685519E-1,8.114310534E0
2.165881867E1,-3.806157321E0,-6.812041903E0,9.019274595E-1,7.855203472E0
2.166878467E1,-3.950718618E0,-6.567721844E0,5.513716784E-1,7.684214895E0
2.167874967E1,-4.070066137E0,-6.459640741E0,-1.142776904E-1,7.635800957E0
2.168871467E1,-4.339002389E0,-6.376626066E0,-7.727879012E-1,7.751483913E0
2.169868067E1,-4.722196158E0,-6.235552633E0,-1.155735210E0,7.906767802E0
2.170864567E1,-5.029290755E0,-6.143313391E0,-1.419281499E0,8.065260373E0
2.171861067E1,-5.179238507E0,-6.166771250E0,-1.589380511E0,8.208514456E0
2.172857567E1,-5.218419530E0,-6.076148763E0,-1.512107217E0,8.150948069E0
2.173854167E1,-5.316673218E0,-5.516943278E0,-1.185060459E0,7.752937864E0
2.174850667E1,-5.321349236E0,-4.766862746E0,-8.957142082E-1,7.200141810E0
2.175847167E1,-5.183697009E0,-4.343494512E0,-7.725543049E-1,6.806871485E0
2.176843767E1,-4.738148532E0,-4.258061137E0,-7.473738554E-1,6.414023997E0
2.177840267E1,-4.051109464E0,-4.438641575E0,-6.892230034E-1,6.048806102E0
2.178836767E1,-3.467067345E0,-4.940335894E0,-5.436124232E-1,6.059949602E0
2.179833267E1,-3.059514660E0,-5.606584602E0,-3.227797526E-1,6.395201922E0
2.180829867E1,-2.720229971E0,-6.320102202E0,-3.119548023E-2,6.880720609E0
2.181826367E1,-2.315078738E0,-7.007005030E0,2.555888128E-1,7.383971472E0
2.182822867E1,-1.873165475E0,-7.585967088E0,6.041913316E-1,7.837135492E0
2.183819467E1,-1.381243899E0,-7.887137870E0,1.145935862E0,8.088754384E0
2.184815967E1,-9.817445844E-1,-7.508729462E0,1.840590636E0,7.793113271E0
2.185812467E1,-4.708774459E-1,-6.525059389E0,2.351838136E0,6.951925505E0
2.186809067E1,9.810867727E-2,-5.257490040E0,2.252002484E0,5.720344572E0
2.187805567E1,6.108451706E-1,-3.874651605E0,1.577800977E0,4.227944277E0
2.188802067E1,9.575681019E-1,-2.542230202E0,5.717968798E-1,2.776116486E0
2.189798567E1,1.056600055E0,-1.260535149E0,-3.935296002E-1,1.691217929E0
2.190795167E1,1.100310330E0,-1.059369296E-1,-1.250206043E0,1.668808139E0
2.191791667E1,9.494153291E-1,6.465050000E-1,-1.836874584E0,2.166440957E0
2.192788167E1,6.208129191E-1,1.164236185E0,-2.139941765E0,2.514001856E0
2.193784767E1,1.765432280E-1,1.588649901E0,-2.205631725E0,2.723928656E0
2.194781267E1,-2.302113122E-1,2.001166872E0,-2.030576467E0,2.860228468E0
2.195777767E1,-5.744737351E-1,2.324464104E0,-1.697228749E0,2.934917182E0
2.196774267E1,-7.576664168E-1,2.573411649E0,-1.282897533E0,2.973605891E0
2.197770867E1,-6.107802665E-1,2.677203820E0,-7.584796183E-1,2.848818028E0
2.198767367E1,-2.392780048E-1,2.606574132E0,-4.130135460E-1,2.649917520E0
2.199763867E1,1.714351004E-1,2.484074965E0,-4.265861030E-1,2.526260898E0
2.200760467E1,3.816243768E-1,2.164697122E0,-7.185187232E-1,2.312535394E0
2.201756967E1,1.703030795E-1,1.849772519E0,-1.166929851E0,2.193715293E0
2.202753467E1,-1.052791178E-2,1.714322938E0,-1.692724346E0,2.409217650E0
2.203749967E1,-6.295112371E-2,1.487255089E0,-1.932535032E0,2.439381519E0
2.204746567E1,2.926648378E-2,1.221448851E0,-1.873514699E0,2.236705424E0
2.205743067E1,2.954539597E-1,1.079604170E0,-1.734199963E0,2.064046443E0
2.206739567E1,7.539581126E-1,9.256563377E-1,-1.569255564E0,1.971764569E0
2.207736167E1,1.223111799E0,7.274076605E-1,-1.180772549E0,1.849147964E0
2.208732667E1,1.722123708E0,5.874931455E-1,-7.886819489E-1,1.983148375E0
2.209729167E1,2.417773971E0,5.962370718E-1,-3.885163437E-1,2.520332234E0
2.210725767E1,3.108127826E0,5.000299090E-1,1.309823084E-1,3.150816538E0
2.211722267E1,3.714312473E0,4.135361409E-1,5.777993390E-1,3.781663836E0
2.212718767E1,4.371233411E0,3.903893530E-1,6.771090344E-1,4.440558751E0
2.213715267E1,5.201511721E0,1.776974684E-1,8.505396433E-1,5.273586849E0
2.214711954E1,6.038122566E0,3.648194790E-2,1.078517173E0,6.133796079E0
2.215708454E1,6.895684569E0,-2.002905250E-2,1.167453908E0,6.993841252E0
2.216704954E1,7.970813280E0,-1.983960271E-3,1.377546413E0,8.088974126E0
2.217701554E1,8.889406182E0,1.555914849E-1,1.838724205E0,9.078912802E0
2.218698054E1,9.642088432E0,6.663065958E-1,2.166863515E0,9.905005366E0
2.219694554E1,1.058970282E1,1.259446982E0,2.408431875E0,1.093291162E1
2.220691054E1,1.174721412E1,1.619726683E0,2.670136875E0,1.215525339E1
2.221687654E1,1.291429498E1,1.777400361E0,2.812748418E0,1.333603091E1
2.222684154E1,1.378893202E1,1.987532920E0,2.957244227E0,1.424184773E1
2.223680654E1,1.417676731E1,2.229443341E0,3.023144978E0,1.466596586E1
2.224677254E1,1.404072131E1,2.365350174E0,3.070785753E0,1.456593497E1
2.225673754E1,1.323001772E1,2.525005474E0,3.205486890E0,1.384500516E1
2.226670254E1,1.189531123E1,2.768929676E0,3.294043263E0,1.264974790E1
2.227666754E1,1.075432065E1,3.013186001E0,3.182859043E0,1.161315178E1
2.228663354E1,9.948253906E0,2.952377881E0,2.605775403E0,1.069926896E1
2.229659854E1,9.544954485E0,2.378197092E0,1.702946595E0,9.983085928E0
2.230656354E1,9.452157419E0,1.418015869E0,7.233698657E-1,9.585265403E0
2.231652954E1,9.185285819E0,3.820939082E-1,3.458891183E-2,9.193294715E0
2.232649454E1,8.669305875E0,-4.519283742E-1,-3.461922964E-1,8.687977481E0
2.233645954E1,8.054854726E0,-9.484786052E-1,-5.718854651E-1,8.130642614E0
2.234642454E1,7.346709548E0,-1.244976293E0,-6.366828471E-1,7.478600952E0
2.235639054E1,6.541185426E0,-1.410241411E0,-4.724728587E-1,6.708138208E0
2.236635554E1,5.767548509E0,-1.336809738E0,-1.342123103E-1,5.921966651E0
2.237632054E1,5.139037145E0,-1.115261076E0,3.227122173E-1,5.268553238E0
2.238628654E1,4.481681467E0,-1.044143731E0,7.010773560E-1,4.654805513E0
2.239625154E1,3.828805926E0,-9.909457630E-1,9.723124409E-1,4.072728791E0
2.240621654E1,3.279855872E0,-6.816806799E-1,1.228655691E0,3.568156092E0
2.241618154E1,2.757511234E0,-3.519561893E-1,1.429791869E0,3.126027216E0
2.242614754E1,2.174773629E0,-2.694934916E-1,1.597833246E0,2.712072669E0
2.243611254E1,1.563434368E0,-4.822648984E-1,1.627104407E0,2.307460771E0
2.244607754E1,9.669938135E-1,-8.814642513E-1,1.483614612E0,1.978173041E0
2.245604354E1,3.808776873E-1,-1.321552014E0,1.258977743E0,1.864562280E0
2.246600854E1,-3.368428910E-1,-1.723635798E0,1.113391867E0,2.079428996E0
2.247597354E1,-9.579189348E-1,-1.930669917E0,1.026364687E0,2.387157197E0
2.248593854E1,-1.428637336E0,-2.011491886E0,1.102680792E0,2.702408032E0
2.249590454E1,-1.850423899E0,-2.140637584E0,1.263532724E0,3.098856695E0
2.250586954E1,-2.198598694E0,-2.236541276E0,1.424138196E0,3.444433581E0
2.251583454E1,-2.500757071E0,-2.255169336E0,1.684389287E0,3.765201446E0
2.252580054E1,-2.719822420E0,-2.349676128E0,1.939244274E0,4.084002970E0
2.253576554E1,-2.926036175E0,-2.590622928E0,1.978501310E0,4.380351845E0
2.254573054E1,-3.121256579E0,-2.842527995E0,1.878894869E0,4.620871559E0
2.255569654E1,-3.287862464E0,-3.112911433E0,1.761197727E0,4.858196641E0
2.256566154E1,-3.498959813E0,-3.642007559E0,1.650836794E0,5.313398249E0
2.257562654E1,-3.736420503E0,-4.310872019E0,1.563710065E0,5.915204553E0
2.258559154E1,-3.994790252E0,-4.866036201E0,1.491540221E0,6.470034753E0
2.259555754E1,-4.224109864E0,-5.292422476E0,1.443658834E0,6.923654427E0
2.260552254E1,-4.433906792E0,-5.687414757E0,1.478903218E0,7.361614686E0
2.261548754E1,-4.527334773E0,-5.901477814E0,1.488693796E0,7.585539516E0
2.262545254E1,-4.391891039E0,-5.848781537E0,1.471260030E0,7.460667426E0
2.263541854E1,-4.106375007E0,-5.761130605E0,1.410149318E0,7.213976895E0
2.264538354E1,-3.794874533E0,-5.908633636E0,1.297748584E0,7.141230675E0
2.265534854E1,-3.586331833E0,-6.241567664E0,1.106704845E0,7.283113244E0
2.266531454E1,-3.466194355E0,-6.488967451E0,9.583197615E-1,7.418866399E0
2.267527954E1,-3.511726039E0,-6.802949483E0,8.835467371E-1,7.706685168E0
2.268524454E1,-3.687191625E0,-6.999938085E0,9.153661153E-1,7.964446648E0
2.269521054E1,-3.951881629E0,-7.030345945E0,1.095049883E0,8.138935236E0
2.270517554E1,-4.249957480E0,-6.877934176E0,1.443214153E0,8.212854815E0
2.271514054E1,-4.619461164E0,-6.564576042E0,1.725758922E0,8.210439934E0
2.272510554E1,-4.906186985E0,-6.299322367E0,1.754846189E0,8.175060743E0
2.273507154E1,-4.969609394E0,-6.382784353E0,1.566338388E0,8.239561249E0
2.274503654E1,-5.055565218E0,-6.487151306E0,1.380640759E0,8.339546789E0
2.275500154E1,-5.222710801E0,-6.247763958E0,1.299623493E0,8.246228460E0
2.276496754E1,-5.381134678E0,-6.054336895E0,1.166664241E0,8.183685668E0
2.277493254E1,-5.377904676E0,-6.260391605E0,8.675136718E-1,8.298610831E0
2.278489754E1,-5.516605309E0,-6.387598951E0,5.535792947E-1,8.458179741E0
2.279486254E1,-5.898352477E0,-5.927967455E0,4.019683018E-1,8.372152567E0
2.280482854E1,-6.044448084E0,-5.255176882E0,3.530981505E-1,8.017288506E0
2.281479354E1,-5.738317108E0,-4.794806882E0,2.582408175E-1,7.482322139E0
2.282475854E1,-4.977347015E0,-4.590597846E0,1.465970054E-1,6.772670268E0
2.283472454E1,-4.009886009E0,-4.658899464E0,5.870107502E-2,6.147192516E0
2.284468954E1,-3.190709807E0,-4.936976084E0,-4.197686881E-2,5.878445711E0
2.285465454E1,-2.542229033E0,-5.265166849E0,-1.048724440E-1,5.847726792E0
2.286461954E1,-2.093036571E0,-5.566486736E0,-7.703677386E-2,5.947479410E0
2.287458554E1,-1.712597424E0,-5.711674855E0,2.972432077E-2,5.962977706E0
2.288455054E1,-1.299681673E0,-5.710784909E0,2.404816541E-1,5.861746169E0
2.289451554E1,-9.580499125E-1,-5.554149696E0,5.216078889E-1,5.660257350E0
2.290448054E1,-7.036995399E-1,-5.126664437E0,8.405170771E-1,5.242551883E0
2.291444654E1,-5.456317592E-1,-4.468774908E0,1.131153516E0,4.641893092E0
2.292441154E1,-5.622559780E-1,-3.697555230E0,1.441109447E0,4.008097168E0
2.293437654E1,-5.796970528E-1,-2.781415821E0,1.713974444E0,3.318136681E0
2.294434254E1,-4.783548653E-1,-1.865320850E0,1.888138732E0,2.696908067E0
2.295430754E1,-2.503766048E-1,-1.093642166E0,1.892050227E0,2.199680816E0
2.296427254E1,-4.926279187E-2,-4.389130569E-1,1.601975413E0,1.661745082E0
2.297423854E1,4.456747770E-2,1.467662823E-1,1.062694023E0,1.073706285E0
2.298420354E1,-3.799052954E-2,7.358106941E-1,4.167003617E-1,8.464631411E-1
2.299416854E1,-2.867872167E-1,1.272036622E0,-1.481669828E-1,1.312355718E0
2.300413354E1,-5.752362120E-1,1.684809701E0,-5.831974885E-1,1.873392575E0
2.301409954E1,-8.385275620E-1,2.003083005E0,-9.228847575E-1,2.359488562E0
2.302406454E1,-1.019386620E0,2.170346117E0,-1.086152906E0,2.632352462E0
2.303402954E1,-1.175476288E0,2.162566981E0,-1.067134252E0,2.682762748E0
2.304399454E1,-1.259489082E0,2.064682252E0,-9.812968339E-1,2.610013224E0
2.305396054E1,-1.072454780E0,1.910256118E0,-7.483373304E-1,2.315004633E0
2.306392554E1,-7.168896890E-1,1.859456093E0,-3.552535804E-1,2.024280834E0
2.307389054E1,-3.411756778E-1,1.795668817E0,-2.894006297E-2,1.828022120E0
2.308385654E1,2.457467794E-2,1.606050630E0,1.372785902E-1,1.612094275E0
2.309382154E1,3.718501711E-1,1.367650877E0,1.688779669E-1,1.427326606E0
2.310378654E1,7.088673091E-1,1.216873990E0,-4.088738635E-2,1.408881452E0
2.311375154E1,8.743943828E-1,1.049580472E0,-3.965255673E-1,1.422468710E0
2.312371754E1,9.504356682E-1,1.044706233E0,-8.243859248E-1,1.635344375E0
2.313368254E1,1.202334303E0,1.102056894E0,-1.269027206E0,2.066535077E0
2.314364754E1,1.849679548E0,1.128386906E0,-1.354202281E0,2.555080284E0
2.315361296E1,2.741985707E0,1.216285175E0,-1.174849320E0,3.221506816E0
2.316357796E1,3.823990159E0,1.253610291E0,-9.168609560E-1,4.127356722E0
2.317354296E1,4.959321803E0,1.048526219E0,-6.453514905E-1,5.109868738E0
2.318350796E1,6.198934445E0,9.347803330E-1,-4.506016409E-1,6.285192468E0
2.319347396E1,7.298977557E0,7.403919876E-1,-3.104286790E-1,7.342998001E0
2.320343896E1,8.262893397E0,4.164848918E-1,-2.943184304E-1,8.278616448E0
2.321340396E1,9.098065242E0,1.442473018E-1,-9.384196401E-2,9.099692563E0
2.322336996E1,9.578342671E0,5.425859445E-1,3.386895879E-1,9.599674915E0
2.323333496E1,9.725223559E0,1.519035290E0,7.082302549E-1,9.868588125E0
2.324329996E1,9.937733595E0,2.319336095E0,7.984595168E-1,1.023598586E1
2.325326496E1,1.079588266E1,2.778243122E0,7.563888001E-1,1.117326457E1
2.326323096E1,1.210983154E1,2.831778474E0,6.254905455E-1,1.245223786E1
2.327319596E1,1.308644285E1,2.498233997E0,5.646784794E-1,1.333472990E1
2.328316096E1,1.342866752E1,2.190887970E0,7.070372768E-1,1.362457350E1
2.329312696E1,1.300598400E1,1.750630639E0,9.744877513E-1,1.315940552E1
2.330309196E1,1.174634055E1,1.318044854E0,1.445100757E0,1.190806763E1
2.331305696E1,1.014384327E1,1.122519225E0,1.825836065E0,1.036780030E1
2.332302196E1,8.805128508E0,1.204298968E0,1.931205229E0,9.094513604E0
2.333298796E1,7.922203038E0,1.387068896E0,1.681904805E0,8.216694278E0
2.334295296E1,7.424152411E0,1.501918736E0,1.067523823E0,7.649405600E0
2.335291796E1,7.342628192E0,1.242534496E0,3.872587538E-1,7.457080533E0
2.336288296E1,7.697560029E0,6.252187961E-1,-1.275665112E-1,7.723962853E0
2.337284896E1,8.142948292E0,1.841522098E-2,-3.480822627E-1,8.150405344E0
2.338281396E1,8.472551746E0,-3.668408614E-1,-2.921071596E-1,8.485518953E0
2.339277896E1,8.553261448E0,-6.638566124E-1,-5.559050247E-2,8.579165304E0
2.340274496E1,8.533853370E0,-9.644344872E-1,2.801531120E-1,8.592745370E0
2.341270996E1,8.270304158E0,-1.180727087E0,8.014136763E-1,8.392515189E0
2.342267496E1,7.677113485E0,-1.306431699E0,1.432029891E0,7.918051835E0
2.343263996E1,6.962390774E0,-1.269203061E0,1.976092257E0,7.347836574E0
2.344260596E1,6.227644274E0,-1.118444300E0,2.386120946E0,6.762251402E0
2.345257096E1,5.482342379E0,-8.627566695E-1,2.771829018E0,6.203504102E0
2.346253596E1,4.681368560E0,-6.594086355E-1,3.020794398E0,5.610278971E0
2.347250196E1,3.870186086E0,-5.916323894E-1,2.944168683E0,4.898622098E0
2.348246696E1,3.088617421E0,-6.311736006E-1,2.732356512E0,4.171775377E0
2.349243196E1,2.437514171E0,-8.351426089E-1,2.431015137E0,3.542424750E0
2.350239696E1,1.865744773E0,-1.057062569E0,2.180202476E0,3.058049651E0
2.351236296E1,1.407741727E0,-1.332633072E0,1.932420573E0,2.737132979E0
2.352232796E1,1.003736547E0,-1.537186217E0,1.691089319E0,2.496039184E0
2.353229296E1,4.109674591E-1,-1.796865742E0,1.556148738E0,2.412305876E0
2.354225796E1,-2.938220018E-1,-2.112822964E0,1.512010153E0,2.614675304E0
2.355222396E1,-8.273207885E-1,-2.500223220E0,1.141235139E0,2.870190495E0
2.356218896E1,-1.199622365E0,-3.072220075E0,9.176715262E-1,3.423412192E0
2.357215396E1,-1.662465736E0,-3.566457147E0,9.815051410E-1,4.055460670E0
2.358211996E1,-2.210111277E0,-4.043177716E0,9.593839547E-1,4.706622512E0
2.359208496E1,-2.882425302E0,-4.393263673E0,9.876625514E-1,5.346458513E0
2.360204996E1,-3.538819113E0,-4.693709693E0,1.057739969E0,5.972684927E0
2.361201496E1,-4.061266077E0,-4.985282271E0,1.155050502E0,6.533074554E0
2.362198096E1,-4.402811884E0,-5.257139792E0,1.300716630E0,6.979551205E0
2.363194596E1,-4.613937884E0,-5.509209166E0,1.480587509E0,7.337025814E0
2.364191096E1,-4.714226988E0,-5.782058959E0,1.646754853E0,7.639891586E0
2.365187696E1,-4.807656723E0,-6.155410695E0,1.790230614E0,8.012962601E0
2.366184196E1,-4.916194494E0,-6.549501336E0,1.914570193E0,8.410143582E0
2.367180696E1,-5.104356140E0,-6.921785370E0,2.012061697E0,8.832550967E0
2.368177196E1,-5.384027295E0,-7.145928442E0,2.077171613E0,9.185133920E0
2.369173796E1,-5.606386966E0,-7.153257927E0,2.105613054E0,9.329216479E0
2.370170296E1,-5.657676988E0,-7.073163351E0,2.124793091E0,9.303423798E0
2.371166796E1,-5.465001292E0,-7.001161323E0,2.147237044E0,9.137457300E0
2.372163296E1,-5.155660195E0,-7.073251644E0,2.101753600E0,9.001615914E0
2.373159896E1,-4.739311543E0,-7.216380959E0,2.047809819E0,8.873035168E0
2.374156396E1,-4.305474454E0,-7.342393134E0,2.016302682E0,8.747189475E0
2.375152896E1,-4.150949501E0,-7.438459378E0,2.115067710E0,8.776934038E0
2.376149496E1,-4.274772479E0,-7.342762678E0,2.264765201E0,8.793122591E0
2.377145996E1,-4.423381804E0,-7.174074599E0,2.363027368E0,8.753145222E0
2.378142496E1,-4.405911493E0,-7.101295475E0,2.321772630E0,8.673585283E0
2.379138996E1,-4.325002400E0,-7.268956783E0,1.990329058E0,8.689349126E0
2.380135596E1,-4.541953397E0,-7.520212809E0,1.380458911E0,8.893177618E0
2.381132096E1,-5.068087615E0,-7.494483306E0,7.204775405E-1,9.075895547E0
2.382128596E1,-5.622079723E0,-7.331195716E0,1.990813208E-1,9.240878985E0
2.383125096E1,-6.019361190E0,-7.153002403E0,-1.853467959E-1,9.350535062E0
2.384121696E1,-6.426822658E0,-6.681836690E0,-3.039835855E-1,9.275958012E0
2.385118196E1,-6.604358743E0,-5.986712676E0,-2.060029623E-1,8.916317642E0
2.386114696E1,-6.404143063E0,-5.381627598E0,5.772663653E-3,8.365105934E0
2.387111296E1,-5.868866723E0,-5.089582565E0,1.885402527E-1,7.770649569E0
2.388107796E1,-5.145804713E0,-5.163739293E0,1.996920624E-1,7.292694053E0
2.389104296E1,-4.334260297E0,-5.466566591E0,-5.067489445E-3,6.976330575E0
2.390100796E1,-3.598204020E0,-5.880695640E0,-3.233957568E-1,6.901756167E0
2.391097396E1,-3.006902583E0,-6.382278569E0,-6.347319236E-1,7.083630954E0
2.392093896E1,-2.561530107E0,-6.858920785E0,-7.844530964E-1,7.363531591E0
2.393090396E1,-2.138761212E0,-7.171458555E0,-7.160324872E-1,7.517766946E0
2.394086996E1,-1.629568716E0,-7.184523574E0,-5.567822532E-1,7.388022716E0
2.395083496E1,-1.139069769E0,-6.733447139E0,-2.245795664E-1,6.832805155E0
2.396079996E1,-7.538598794E-1,-5.924152147E0,2.949999234E-1,5.979206329E0
2.397076496E1,-3.519205213E-1,-4.953214386E0,8.135991275E-1,5.031910606E0
2.398073096E1,2.639550090E-2,-4.087242917E0,1.213154576E0,4.263566044E0
2.399069596E1,3.502955800E-1,-3.297314488E0,1.471543036E0,3.627730521E0
2.400066096E1,5.976181841E-1,-2.628522241E0,1.645675895E0,3.158247270E0
2.401062596E1,7.810658044E-1,-1.981037832E0,1.644412166E0,2.690476920E0
2.402059196E1,9.236039650E-1,-1.374671044E0,1.487861153E0,2.226318839E0
2.403055696E1,8.921436059E-1,-8.235774010E-1,1.212602745E0,1.715985246E0
2.404052196E1,7.844653755E-1,-3.245292395E-1,8.189341271E-1,1.179558501E0
2.405048796E1,6.842750895E-1,1.482187307E-1,4.345998582E-1,8.240620286E-1
2.406045296E1,6.647962600E-1,6.306754178E-1,1.311169405E-1,9.256874213E-1
2.407041796E1,6.800592470E-1,1.013894915E0,-3.873049468E-3,1.220851538E0
2.408038296E1,7.639404792E-1,1.400409903E0,-8.617041707E-2,1.597553847E0
2.409034896E1,9.419940430E-1,1.662096192E0,-1.758317681E-1,1.918549801E0
2.410031396E1,1.082537718E0,1.759795564E0,-3.637114316E-3,2.066102991E0
2.411027896E1,1.250530563E0,1.642643675E0,2.269703467E-1,2.076925726E0
2.412024396E1,1.439521344E0,1.503300433E0,4.429499745E-1,2.127989326E0
2.413020996E1,1.609113402E0,1.415778140E0,4.708118109E-1,2.194387715E0
2.414017496E1,1.708558753E0,1.220511543E0,3.946741927E-1,2.136489914E0
2.415013979E1,1.845427453E0,9.718738997E-1,2.609809689E-1,2.101963945E0
2.416010479E1,2.009199193E0,7.344301665E-1,1.438299568E-1,2.144051334E0
2.417007079E1,2.067395360E0,5.306242955E-1,1.832726423E-1,2.142259224E0
2.418003579E1,2.361919905E0,3.796065027E-1,2.916696417E-1,2.409945625E0
2.419000079E1,2.791341469E0,1.711164272E-1,5.319188690E-1,2.846718411E0
2.419996679E1,3.126104798E0,3.031693608E-1,7.558143112E-1,3.230433120E0
2.420993179E1,3.428709025E0,6.088161868E-1,9.062437280E-1,3.598330227E0
2.421989679E1,3.833633095E0,9.145378572E-1,8.051032694E-1,4.022600337E0
2.422986179E1,4.514534926E0,1.031358209E0,5.630374584E-1,4.664947645E0
2.423982779E1,5.475475994E0,8.634179896E-1,3.540993400E-1,5.554431953E0
2.424979279E1,6.551366597E0,4.291628247E-1,2.056163152E-1,6.568627185E0
2.425975779E1,7.355408451E0,6.941580534E-2,3.089084029E-1,7.362219532E0
2.426972279E1,7.767343624E0,3.078962499E-1,5.463439500E-1,7.792619508E0
2.427968879E1,8.060269833E0,1.010364951E0,7.405849457E-1,8.157037034E0
2.428965379E1,8.584561594E0,1.785761880E0,9.691216153E-1,8.821725452E0
2.429961879E1,9.458450192E0,2.512105932E0,1.249926253E0,9.865863971E0
2.430958479E1,1.055546035E1,2.959807938E0,1.543007413E0,1.107064037E1
2.431954979E1,1.174193642E1,3.146672087E0,1.888574642E0,1.230208642E1
2.432951479E1,1.277191995E1,3.133203025E0,2.248176943E0,1.334140922E1
2.433947979E1,1.340924892E1,2.992818394E0,2.564559257E0,1.397647605E1
2.434944579E1,1.341449504E1,2.809214069E0,2.729962077E0,1.397472911E1
2.435941079E1,1.278141700E1,2.504613310E0,2.828830892E0,1.332816539E1
2.436937579E1,1.167546411E1,2.199205635E0,2.719373354E0,1.218802523E1
2.437934079E1,1.054724969E1,1.970625696E0,2.463586321E0,1.100895541E1
2.438930679E1,9.809836278E0,1.731521353E0,2.164723727E0,1.019397287E1
2.439927179E1,9.363366280E0,1.499786257E0,1.849872214E0,9.661470598E0
2.440923679E1,9.084857551E0,1.427778381E0,1.504211137E0,9.318574943E0
2.441920179E1,8.803480763E0,1.379244736E0,1.144681634E0,8.984090696E0
2.442916779E1,8.489441428E0,1.275033320E0,7.370848024E-1,8.616241625E0
2.443913279E1,8.254850551E0,1.085831455E0,3.395691553E-1,8.332880342E0
2.444909779E1,8.139793135E0,7.707992631E-1,1.700136423E-2,8.176224852E0
2.445906379E1,8.114015685E0,4.650840247E-1,-8.111842275E-2,8.127738547E0
2.446902879E1,7.812357829E0,1.929230332E-1,-3.843199432E-2,7.814834046E0
2.447899379E1,7.230451698E0,-9.992014468E-2,-5.727786273E-2,7.231368926E0
2.448895879E1,6.424887230E0,-2.627475590E-1,9.086573124E-3,6.430263973E0
2.449892479E1,5.428549749E0,-3.669613141E-1,2.432839322E-1,5.446374946E0
2.450888979E1,4.433324994E0,-6.327874321E-1,5.473563954E-1,4.511583919E0
2.451885479E1,3.529653018E0,-8.962138528E-1,8.147741255E-1,3.731689506E0
2.452881979E1,2.699559479E0,-1.023087323E0,8.636241040E-1,3.013332980E0
2.453878579E1,1.929961234E0,-1.014205402E0,9.150835486E-1,2.364474754E0
2.454875079E1,1.318090462E0,-9.344827098E-1,1.068393596E0,1.937030015E0
2.455871579E1,9.778374749E-1,-9.829035026E-1,1.131189769E0,1.789372995E0
2.456868079E1,7.568875676E-1,-1.220816767E0,1.103545010E0,1.811376261E0
2.457864679E1,5.711174333E-1,-1.448229602E0,1.032704823E0,1.868160420E0
2.458861179E1,2.920140427E-1,-1.682471985E0,1.031692962E0,1.995087604E0
2.459857679E1,-1.376253301E-1,-1.961959537E0,1.146020500E0,2.276310380E0
2.460854279E1,-7.338419366E-1,-2.409375030E0,1.243001103E0,2.808676515E0
2.461850779E1,-1.408559167E0,-2.982221485E0,1.239567765E0,3.523380785E0
2.462847279E1,-1.585564325E0,-3.083546716E0,1.622435259E0,3.828128884E0
2.463843779E1,-1.855900986E0,-3.024401545E0,2.060897934E0,4.103495275E0
2.464840379E1,-1.996990791E0,-3.832769169E0,1.866693192E0,4.707720806E0
2.465836879E1,-2.038475032E0,-4.803078646E0,1.555526886E0,5.444686293E0
2.466833379E1,-2.538705500E0,-5.433721611E0,1.615743267E0,6.211359149E0
2.467829879E1,-3.483955273E0,-5.775155736E0,1.715502613E0,6.959404956E0
2.468826479E1,-4.306799433E0,-5.832983530E0,1.692247652E0,7.445530225E0
2.469822979E1,-4.732191389E0,-5.731989836E0,1.608491843E0,7.605037069E0
2.470819479E1,-4.848123549E0,-5.564052540E0,1.612475551E0,7.554009532E0
2.471815979E1,-4.555270430E0,-5.493057986E0,1.617216766E0,7.317073514E0
2.472812579E1,-4.046633420E0,-5.564935470E0,1.724325770E0,7.093451077E0
2.473809079E1,-3.693214257E0,-5.650301310E0,1.862902734E0,7.002581170E0
2.474805579E1,-3.526369221E0,-5.678785436E0,1.847411413E0,6.935186576E0
2.475802179E1,-3.535612500E0,-5.768689885E0,1.707982509E0,6.978219185E0
2.476798679E1,-3.621160773E0,-5.874909820E0,1.530753403E0,7.068986965E0
2.477795179E1,-3.729946466E0,-6.062611874E0,1.414320721E0,7.257276795E0
2.478791679E1,-3.864513702E0,-6.476973642E0,1.408773175E0,7.672698064E0
2.479788279E1,-3.966155267E0,-6.907442150E0,1.439036317E0,8.094070063E0
2.480784779E1,-4.060383732E0,-7.276892624E0,1.510032333E0,8.468770865E0
2.481781279E1,-4.281369308E0,-7.536298499E0,1.607634641E0,8.815350665E0
2.482777779E1,-4.603239233E0,-7.548639632E0,1.728384907E0,9.008833783E0
2.483774379E1,-4.823036070E0,-7.408540345E0,1.814467323E0,9.024435642E0
2.484770879E1,-4.767972255E0,-7.338608816E0,1.774209828E0,8.929532983E0
2.485767379E1,-4.489027324E0,-7.281811302E0,1.390312054E0,8.666551203E0
2.486763879E1,-4.353210538E0,-7.088431016E0,7.045333529E-1,8.348213192E0
2.487760479E1,-4.578469259E0,-6.806308708E0,7.521858215E-2,8.203284514E0
2.488756979E1,-4.923491235E0,-6.639054952E0,-4.876586625E-1,8.279832581E0
2.489753479E1,-5.196890082E0,-6.742265325E0,-1.045198569E0,8.576610535E0
2.490749979E1,-5.349914639E0,-7.013046373E0,-1.376469356E0,8.927433784E0
2.491746579E1,-5.652082956E0,-7.215641870E0,-1.373360976E0,9.268098495E0
2.492743079E1,-6.179646235E0,-7.141686287E0,-1.023756244E0,9.499462482E0
2.493739579E1,-6.415565599E0,-6.917149698E0,-6.984013778E-1,9.460137757E0
2.494736179E1,-6.152939077E0,-6.777714654E0,-4.674369442E-1,9.165946351E0
2.495732679E1,-5.523595070E0,-6.772162138E0,-2.404237667E-1,8.742430218E0
2.496729179E1,-4.674277056E0,-6.794539433E0,2.339938760E-2,8.247131600E0
2.497725679E1,-3.718098838E0,-6.812792101E0,2.473150027E-1,7.765279125E0
2.498722279E1,-2.798614236E0,-6.812555289E0,5.113695605E-1,7.382726463E0
2.499718779E1,-1.916628998E0,-6.713230391E0,8.170264730E-1,7.029115254E0
2.500715279E1,-1.109536652E0,-6.485967245E0,1.040931563E0,6.662010297E0
2.501711779E1,-4.342534107E-1,-6.049769635E0,1.113659670E0,6.166727375E0
2.502708379E1,6.372880340E-2,-5.369384113E0,9.891278636E-1,5.460102659E0
2.503704879E1,3.489963287E-1,-4.545875709E0,7.392164049E-1,4.618790458E0
2.504701379E1,5.178750265E-1,-3.700381774E0,4.587925668E-1,3.764506666E0
2.505697879E1,6.829237980E-1,-2.848734230E0,2.148726037E-1,2.937318822E0
2.506694479E1,7.946073711E-1,-2.085405369E0,-1.275277734E-2,2.231698694E0
2.507690979E1,8.395976025E-1,-1.364389300E0,-2.744085149E-1,1.625356063E0
2.508687479E1,9.271204805E-1,-6.639636165E-1,-5.904986143E-1,1.284168479E0
2.509684079E1,1.053111606E0,-1.348473179E-1,-8.625964558E-1,1.367954860E0
2.510680579E1,1.087285658E0,3.232726729E-1,-1.003818408E0,1.514710110E0
2.511677079E1,1.095348383E0,8.319395041E-1,-1.106288377E0,1.765158745E0
2.512673579E1,1.145157890E0,1.309437168E0,-1.174603737E0,2.098977424E0
2.513670179E1,1.195713501E0,1.643589755E0,-1.237313955E0,2.379509168E0
2.514666679E1,1.259986095E0,1.871438207E0,-1.257668259E0,2.582939290E0
2.515663204E1,1.335774781E0,2.008172421E0,-1.144060367E0,2.669442800E0
2.516659704E1,1.319841703E0,2.054399339E0,-8.756078263E-1,2.594075525E0
2.517656304E1,1.423950208E0,2.084939346E0,-6.566795938E-1,2.608799410E0
2.518652804E1,1.596613224E0,1.922469197E0,-4.607627861E-1,2.541134382E0
2.519649304E1,1.714390181E0,1.769863300E0,-1.604334180E-1,2.469268854E0
2.520645804E1,2.001213065E0,1.570511838E0,1.024651453E-2,2.543907655E0
2.521642404E1,2.429504655E0,1.281090451E0,2.403495070E-1,2.757073357E0
2.522638904E1,2.866648929E0,9.643087721E-1,4.747047409E-1,3.061521204E0
2.523635404E1,3.239731109E0,6.825571775E-1,7.518216862E-1,3.395140322E0
2.524631904E1,3.444734782E0,6.707650977E-1,1.050433581E0,3.663268246E0
2.525628504E1,3.503393757E0,9.636439437E-1,1.205257034E0,3.828187820E0
2.526625004E1,3.634514937E0,1.201638485E0,1.296601798E0,4.041634582E0
2.527621504E1,3.825787885E0,1.537814793E0,1.278477623E0,4.316947106E0
2.528618004E1,3.961709922E0,1.898566949E0,1.299132035E0,4.581205737E0
2.529614604E1,4.039887487E0,2.206218785E0,1.444784423E0,4.824468288E0
2.530611104E1,4.282717091E0,2.422520156E0,1.581491447E0,5.168305794E0
2.531607604E1,4.844871620E0,2.172907197E0,1.628885469E0,5.554059288E0
2.532604204E1,5.647239123E0,1.514100240E0,1.792438815E0,6.115279728E0
2.533600704E1,6.504402346E0,1.020117522E0,2.118407639E0,6.916324209E0
2.534597204E1,6.987194663E0,9.870456702E-1,2.480527751E0,7.479850690E0
2.535593704E1,7.403978348E0,1.235363470E0,2.688600335E0,7.973304838E0
2.536590304E1,7.933582304E0,1.586142030E0,2.849698143E0,8.577782594E0
2.537586804E1,8.389871532E0,2.010848692E0,2.956821473E0,9.120101425E0
2.538583304E1,8.915206436E0,2.287167639E0,2.965464242E0,9.669851073E0
2.539579804E1,9.580924802E0,2.282453613E0,2.917002519E0,1.027193352E1
2.540576404E1,1.020631843E1,2.009862267E0,2.882718540E0,1.079437578E1
2.541572904E1,1.045594659E1,1.710201820E0,2.758686232E0,1.094814866E1
2.542569404E1,1.026310074E1,1.781716191E0,2.550485009E0,1.072430525E1
2.543565904E1,9.880588757E0,1.894850459E0,2.433123789E0,1.035068036E1
2.544562504E1,9.618964448E0,1.896996971E0,2.462320106E0,1.010871381E1
2.545559004E1,9.446972108E0,1.962661203E0,2.494177491E0,9.965853820E0
2.546555504E1,9.314163129E0,2.145963812E0,2.451574678E0,9.867573860E0
2.547552004E1,9.292602106E0,2.250664641E0,2.281247040E0,9.829650721E0
2.548548604E1,9.352967591E0,2.143213867E0,1.891661095E0,9.780069025E0
2.549545104E1,9.329299232E0,1.861769251E0,1.491697511E0,9.629494814E0
2.550541604E1,9.121821309E0,1.439621331E0,1.073523943E0,9.296912780E0
2.551538104E1,8.821612979E0,9.327992964E-1,7.167557877E-1,8.899702744E0
2.552534704E1,8.479356151E0,5.406259578E-1,4.968130633E-1,8.511085734E0
2.553531204E1,8.049937803E0,1.572614497E-1,4.963660437E-1,8.066759513E0
2.554527704E1,7.393007802E0,-6.493099093E-2,5.840070355E-1,7.416322850E0
2.555524204E1,6.572580296E0,-1.542846322E-1,7.016872206E-1,6.611730518E0
2.556520804E1,5.826363312E0,-3.044504857E-1,8.210671914E-1,5.891803703E0
2.557517304E1,5.165691678E0,-5.031961763E-1,9.790548652E-1,5.281678269E0
2.558513804E1,4.552200058E0,-6.964571786E-1,1.222196710E0,4.764592613E0
2.559510404E1,3.903711682E0,-8.648336005E-1,1.463155789E0,4.257666840E0
2.560506904E1,3.228996205E0,-1.015622182E0,1.655443815E0,3.768076318E0
2.561503404E1,2.522557830E0,-1.111330578E0,1.867289608E0,3.329433005E0
2.562499904E1,1.929344353E0,-1.223186644E0,2.058166992E0,3.074834397E0
2.563496504E1,1.373962947E0,-1.433470645E0,2.214742271E0,2.974507623E0
2.564493004E1,8.873138058E-1,-1.731830671E0,2.317349212E0,3.025999113E0
2.565489504E1,4.166714180E-1,-2.067851443E0,2.350167879E0,3.157992039E0
2.566486004E1,-5.931240141E-2,-2.378125171E0,2.350725119E0,3.344384229E0
2.567482604E1,-5.390969110E-1,-2.625123839E0,2.369904278E0,3.577477734E0
2.568479104E1,-9.829450178E-1,-2.785710016E0,2.420918019E0,3.819319999E0
2.569475604E1,-1.385297774E0,-2.995585881E0,2.462149660E0,4.117616500E0
2.570472104E1,-1.780195915E0,-3.199636166E0,2.466082205E0,4.414558928E0
2.571468704E1,-2.094567372E0,-3.330255362E0,2.406866283E0,4.612029765E0
2.572465204E1,-2.334059384E0,-3.503959183E0,2.205422979E0,4.752836383E0
2.573461704E1,-2.453841936E0,-3.825601652E0,1.856621655E0,4.909542974E0
2.574458204E1,-2.639117396E0,-4.206344853E0,1.523685289E0,5.194217411E0
2.575454804E1,-2.980479600E0,-4.443423720E0,1.242575134E0,5.492837697E0
2.576451304E1,-3.292485273E0,-4.677578394E0,1.029572762E0,5.812075273E0
2.577447804E1,-3.489996032E0,-4.965747893E0,8.113909265E-1,6.123485908E0
2.578444304E1,-3.629540418E0,-5.187102427E0,6.164894879E-1,6.360790401E0
2.579440904E1,-3.771495611E0,-5.385993714E0,5.397520915E-1,6.597305492E0
2.580437404E1,-3.828212433E0,-5.599075023E0,6.085290885E-1,6.809930925E0
2.581433904E1,-3.886561798E0,-5.721054373E0,6.456834662E-1,6.946418710E0
2.582430404E1,-3.875657911E0,-5.765096186E0,6.684972551E-1,6.978821309E0
2.583427004E1,-3.722898232E0,-5.902263095E0,8.073031381E-1,7.024843005E0
2.584423504E1,-3.429227089E0,-6.342492945E0,9.653691646E-1,7.274527669E0
2.585420004E1,-3.189114686E0,-6.885498134E0,1.147431580E0,7.674446968E0
2.586416504E1,-3.168883320E0,-7.291417108E0,1.282078923E0,8.052969098E0
2.587413104E1,-3.222365463E0,-7.657394335E0,1.370349075E0,8.420046542E0
2.588409604E1,-3.429713577E0,-7.947508618E0,1.361075976E0,8.762325962E0
2.589406104E1,-3.812481084E0,-8.025717466E0,1.300337438E0,8.979868057E0
2.590402704E1,-4.262262361E0,-8.033303643E0,1.238387650E0,9.177932874E0
2.591399204E1,-4.752785867E0,-8.075411198E0,1.236222134E0,9.451427652E0
2.592395704E1,-5.279263902E0,-8.088722969E0,1.166516307E0,9.729276792E0
2.593392204E1,-5.770383239E0,-7.919581146E0,1.007407722E0,9.850480119E0
2.594388804E1,-6.124927406E0,-7.695364984E0,7.273901188E-1,9.862173916E0
2.595385304E1,-6.242952284E0,-7.657294933E0,2.315506169E-1,9.882420483E0
2.596381804E1,-6.161488291E0,-7.696321004E0,-3.028430861E-1,9.863519093E0
2.597378304E1,-6.159557540E0,-7.379750994E0,-8.284671351E-1,9.648172450E0
2.598374904E1,-6.183764428E0,-6.740642138E0,-1.197494271E0,9.225464295E0
2.599371404E1,-6.055840799E0,-6.169404252E0,-1.391201415E0,8.756152007E0
2.600367904E1,-5.557544589E0,-5.819116273E0,-1.482149885E0,8.182003687E0
2.601364404E1,-4.733728037E0,-5.584968615E0,-1.441660840E0,7.461798814E0
2.602361004E1,-3.925158100E0,-5.479904090E0,-1.253411779E0,6.856183780E0
2.603357504E1,-3.193436363E0,-5.473030103E0,-1.041640538E0,6.421612674E0
2.604354004E1,-2.539601879E0,-5.454025483E0,-8.325584319E-1,6.073641841E0
2.605350504E1,-1.983075002E0,-5.445015509E0,-6.451803133E-1,5.830697899E0
2.606347104E1,-1.467941151E0,-5.419288929E0,-5.240929556E-1,5.638990791E0
2.607343604E1,-1.103005312E0,-5.162890277E0,-4.547657356E-1,5.298949764E0
2.608340104E1,-8.474170840E-1,-4.629957501E0,-3.176450202E-1,4.717575705E0
2.609336604E1,-6.702996594E-1,-3.982452627E0,-1.527082229E-1,4.041355015E0
2.610333204E1,-5.152502114E-1,-3.306530285E0,7.632575244E-2,3.347305024E0
2.611329704E1,-5.011613452E-1,-2.611273540E0,3.457759747E-1,2.681319305E0
2.612326204E1,-5.671921974E-1,-1.880146465E0,6.313640736E-1,2.062832595E0
2.613322704E1,-6.023930204E-1,-1.167442798E0,8.602552307E-1,1.570299048E0
2.614319304E1,-3.626665342E-1,-2.712038022E-1,4.940873837E-1,6.702244849E-1
2.615315742E1,1.208794892E-2,3.211483794E-1,-5.795058489E-1,6.626533249E-1
2.616312242E1,4.542467952E-2,2.157640117E-1,-9.208777007E-1,9.469072024E-1
2.617308742E1,-3.921709996E-1,4.064241725E-1,-9.111081728E-1,1.071959329E0
2.618305342E1,-1.048059611E0,1.094849616E0,-7.247832839E-1,1.680010547E0
2.619301842E1,-1.405862432E0,1.448945301E0,1.366997159E-1,2.023506480E0
2.620298342E1,-1.317534977E0,1.231952205E0,8.506529331E-2,1.805779819E0
2.621294842E1,-1.490913692E0,1.174506819E0,5.482057035E-3,1.897977860E0
2.622291442E1,-1.099675907E0,1.441187800E0,4.907873614E-1,1.878079234E0
2.623287942E1,-5.313206989E-1,1.647465874E0,8.491374810E-1,1.928076750E0
2.624284442E1,-6.229272723E-2,1.711608660E0,6.924459887E-1,1.847421456E0
2.625280942E1,2.486177623E-1,1.621490203E0,1.413163850E-1,1.646514984E0
2.626277542E1,3.829113489E-1,1.648490306E0,-3.248148760E-1,1.723266112E0
2.627274042E1,4.391563010E-1,1.630134727E0,-4.931588459E-1,1.758807304E0
2.628270542E1,2.240641344E-1,1.433197580E0,-4.655235891E-1,1.523473745E0
2.629267142E1,-3.856098390E-1,9.864720583E-1,-6.155793688E-1,1.225055113E0
2.630263642E1,-3.478292245E-1,3.468685269E-1,-8.920216915E-1,1.018334740E0
2.631260142E1,4.564862788E-2,5.131633401E-2,1.723262161E-2,7.081049789E-2
2.632256642E1,2.195705491E-1,1.321207613E-1,9.319388786E-1,9.665284243E-1
2.633253242E1,2.568798780E-1,4.010330397E-1,1.094275127E0,1.193420640E0
2.634249742E1,9.215732270E-1,5.625652957E-1,1.176773200E0,1.597051060E0
2.635246242E1,1.834586130E0,5.637908721E-1,1.178179748E0,2.252037730E0
2.636242742E1,2.753222886E0,4.400298750E-1,1.056616134E0,2.981660645E0
2.637239342E1,3.708137229E0,1.390555590E-1,8.942816404E-1,3.816982815E0
2.638235842E1,4.653440211E0,-2.713037896E-1,7.288826206E-1,4.717984890E0
2.639232342E1,5.393517326E0,-5.716600549E-1,5.256869066E-1,5.449144069E0
2.640228842E1,5.859819911E0,-5.407627827E-1,2.907902205E-1,5.891898906E0
2.641225442E1,6.426359559E0,-2.921818578E-1,1.910532399E-1,6.435834737E0
2.642221942E1,7.032308856E0,8.177623451E-2,-5.576138735E-2,7.033005369E0
2.643218442E1,7.780417414E0,2.999820435E-1,-3.879485790E-1,7.795857134E0
2.644214942E1,8.669026963E0,3.611456734E-1,-6.041650191E-1,8.697555406E0
2.645211542E1,9.675824527E0,3.310342669E-1,-6.977017584E-1,9.706593208E0
2.646208042E1,1.051269265E1,4.963642895E-1,-4.492235984E-1,1.053398719E1
2.647204542E1,1.095294121E1,9.740081334E-1,9.127503633E-4,1.099616360E1
2.648201042E1,1.129447474E1,1.422048694E0,3.108856389E-1,1.138788971E1
2.649197642E1,1.154977353E1,1.805375195E0,3.372805551E-1,1.169488804E1
2.650194142E1,1.172504265E1,2.300403396E0,4.085626455E-1,1.195555956E1
2.651190642E1,1.189560359E1,2.880038468E0,7.521630174E-1,1.226237153E1
2.652187142E1,1.204049292E1,3.394198759E0,1.136526815E0,1.256127971E1
2.653183742E1,1.198502740E1,3.550203642E0,1.263634758E0,1.256350271E1
2.654180242E1,1.168656329E1,3.145155319E0,1.127480003E0,1.215479225E1
2.655176742E1,1.120701092E1,2.531442674E0,9.032670566E-1,1.152480746E1
2.656173242E1,1.050364818E1,1.926441795E0,7.572110648E-1,1.070566073E1
2.657169842E1,9.530987241E0,1.256167279E0,6.508567902E-1,9.635418444E0
2.658166342E1,8.500624813E0,6.776911247E-1,5.937427957E-1,8.548240636E0
2.659162842E1,7.551339292E0,3.084704465E-1,6.983613244E-1,7.589834495E0
2.660159342E1,6.732915042E0,1.396829653E-1,7.866925800E-1,6.780157927E0
2.661155942E1,6.152485918E0,9.421150804E-2,8.694210336E-1,6.214326328E0
2.662152442E1,5.603999548E0,1.100978082E-1,1.068917945E0,5.706094815E0
2.663148942E1,5.037615436E0,2.262901694E-1,1.344969528E0,5.218976868E0
2.664145442E1,4.507251341E0,3.007164538E-1,1.585569734E0,4.787460331E0
2.665142042E1,3.915379801E0,3.092902261E-1,1.819830974E0,4.328700059E0
2.666138542E1,3.258735436E0,3.374814069E-1,1.982475078E0,3.829289462E0
2.667135042E1,2.653747129E0,3.066607332E-1,2.089330313E0,3.391417961E0
2.668131542E1,2.076002462E0,1.727951628E-1,2.151979428E0,2.995105983E0
2.669128142E1,1.547405981E0,-3.436759472E-2,2.225589149E0,2.710884258E0
2.670124642E1,1.073487398E0,-2.601385313E-1,2.349944954E0,2.596591715E0
2.671121142E1,5.340104181E-1,-4.112235671E-1,2.457685018E0,2.548428457E0
2.672117642E1,-1.208210170E-2,-4.836676455E-1,2.378912791E0,2.427613321E0
2.673114242E1,-5.659531724E-1,-5.784246987E-1,2.356974330E0,2.492028515E0
2.674110742E1,-1.036359918E0,-6.811135000E-1,2.503886501E0,2.794173417E0
2.675107242E1,-1.398031256E0,-1.061013533E0,2.355871692E0,2.937749570E0
2.676103742E1,-1.679357758E0,-1.274390711E0,2.428374534E0,3.215791822E0
2.677100342E1,-2.045603372E0,-1.546923586E0,2.451253374E0,3.547690635E0
2.678096842E1,-2.231840115E0,-2.043420607E0,1.898649102E0,3.572330680E0
2.679093342E1,-2.246944057E0,-2.600726917E0,1.445793213E0,3.728653391E0
2.680089842E1,-2.412960543E0,-3.076219570E0,1.315627030E0,4.125091503E0
2.681086442E1,-2.674715829E0,-3.223619691E0,8.532906121E-1,4.274802165E0
2.682082942E1,-2.551266489E0,-3.020141848E0,6.124109088E-1,4.000658021E0
2.683079442E1,-2.254417968E0,-3.217638574E0,5.358179386E-1,3.965185901E0
2.684075942E1,-2.083759963E0,-3.518430457E0,4.734280014E-1,4.116496390E0
2.685072542E1,-2.057240501E0,-3.749621762E0,6.310171875E-1,4.323203040E0
2.686069042E1,-2.097057701E0,-4.098945535E0,8.278511310E-1,4.678070435E0
2.687065542E1,-2.194795665E0,-4.472232074E0,8.971824440E-1,5.061909133E0
2.688062042E1,-2.350805225E0,-4.851698244E0,9.258131893E-1,5.470136298E0
2.689058642E1,-2.549073783E0,-5.256425262E0,9.743357237E-1,5.922593502E0
2.690055142E1,-2.664529395E0,-5.684233872E0,9.969420826E-1,6.356423926E0
2.691051642E1,-2.739701784E0,-6.260474635E0,1.064786303E0,6.916160669E0
2.692048142E1,-2.779115526E0,-6.961456389E0,1.157864620E0,7.584590210E0
2.693044742E1,-2.780361568E0,-7.519417003E0,1.190421917E0,8.104884135E0
2.694041242E1,-2.929432822E0,-7.727098993E0,1.136761873E0,8.341574376E0
2.695037742E1,-3.389619804E0,-7.693476334E0,1.073769819E0,8.475380943E0
2.696034242E1,-3.887464609E0,-7.533059142E0,1.064449064E0,8.543559734E0
2.697030842E1,-4.192070045E0,-7.526599723E0,1.087166667E0,8.683610195E0
2.698027342E1,-4.358699904E0,-7.632727856E0,1.187652237E0,8.869459804E0
2.699023842E1,-4.638932392E0,-7.567448956E0,1.256289193E0,8.964610419E0
2.700020342E1,-5.218819479E0,-7.365555709E0,1.282057873E0,9.117629080E0
2.701016942E1,-5.885159404E0,-7.115881355E0,1.131065515E0,9.303234807E0
2.702013442E1,-6.271306018E0,-6.923615549E0,7.084989345E-1,9.368441822E0
2.703009942E1,-6.447149919E0,-6.827370379E0,3.184744477E-2,9.390406947E0
2.704006442E1,-6.552069433E0,-6.578828630E0,-6.480492496E-1,9.307554342E0
2.705003042E1,-6.538587508E0,-5.999210515E0,-1.149898520E0,8.947956191E0
2.705999542E1,-6.195750051E0,-5.366114350E0,-1.465523912E0,8.326479583E0
2.706996042E1,-5.538917699E0,-4.910658351E0,-1.656075314E0,7.585298950E0
2.707992542E1,-4.724499961E0,-4.620679431E0,-1.646843292E0,6.810555860E0
2.708989142E1,-3.851745722E0,-4.472449591E0,-1.433173460E0,6.073939135E0
2.709985642E1,-3.073742689E0,-4.495415700E0,-1.035750053E0,5.543413624E0
2.710982142E1,-2.556819590E0,-4.812547919E0,-6.074855067E-1,5.483336806E0
2.711978642E1,-2.281154947E0,-5.254504452E0,-2.305127361E-1,5.732941744E0
2.712975242E1,-2.107554038E0,-5.585932821E0,1.439716056E-1,5.972031256E0
2.713971742E1,-2.012028660E0,-5.628672459E0,5.982388660E-1,6.007337407E0
2.714968317E1,-1.939803852E0,-5.445568655E0,1.071393218E0,5.879195556E0
2.715964817E1,-1.811644580E0,-5.056359855E0,1.553959540E0,5.591388139E0
2.716961417E1,-1.503044325E0,-4.399858455E0,2.057866738E0,5.084556242E0
2.717957917E1,-9.887612432E-1,-3.432309156E0,2.347962017E0,4.274496528E0
2.718954417E1,-6.067111892E-1,-2.482628363E0,2.257573857E0,3.410011991E0
2.719950917E1,-4.508437157E-1,-1.695550452E0,1.706502579E0,2.447509437E0
2.720947517E1,-5.503656650E-1,-1.130032897E0,9.259276485E-1,1.561159417E0
2.721944017E1,-6.638723999E-1,-6.601319361E-1,6.656762660E-2,9.385797704E-1
2.722940517E1,-8.206765974E-1,-2.941020834E-1,-4.048848930E-1,9.612168795E-1
2.723937017E1,-8.491724181E-1,1.533631110E-1,-7.569071558E-1,1.147833822E0
2.724933617E1,-7.223486495E-1,5.503563094E-1,-1.045568990E0,1.384880555E0
2.725930117E1,-6.323050368E-1,7.409650147E-1,-1.115397316E0,1.480861231E0
2.726926617E1,-5.520192575E-1,8.191990060E-1,-1.165259886E0,1.527626549E0
2.727923117E1,-4.664639676E-1,8.087289816E-1,-1.236899095E0,1.549693702E0
2.728919717E1,-3.313412458E-1,8.804713941E-1,-1.576892466E0,1.836193548E0
2.729916217E1,-2.078661776E-1,9.710564590E-1,-1.854665323E0,2.103792398E0
2.730912717E1,-1.180640548E-1,1.050304942E0,-1.871081965E0,2.148959589E0
2.731909217E1,2.795261443E-2,1.084532204E0,-1.798723841E0,2.100571090E0
2.732905817E1,3.357681727E-1,1.184695593E0,-1.673355152E0,2.077585468E0
2.733902317E1,6.600377959E-1,1.232610016E0,-1.435892269E0,2.004186607E0
2.734898817E1,1.011285303E0,1.266900428E0,-1.148259691E0,1.986513271E0
2.735895317E1,1.290747712E0,1.228730389E0,-8.829435237E-1,1.988818064E0
2.736891917E1,1.477791955E0,1.179407955E0,-6.425141291E-1,1.996921779E0
2.737888417E1,1.651546061E0,1.170145381E0,-4.183880874E-1,2.066855872E0
2.738884917E1,1.872510586E0,1.169370040E0,-2.290062010E-1,2.219496796E0
2.739881417E1,2.208196313E0,1.353590078E0,-7.923678875E-2,2.591257518E0
2.740878017E1,2.698363139E0,1.524651541E0,8.008945897E-2,3.100345186E0
2.741874517E1,3.244964074E0,1.650904037E0,2.863840511E-1,3.652025713E0
2.742871017E1,4.065323460E0,1.597649935E0,2.284213333E-1,4.373958900E0
2.743867517E1,4.948706183E0,1.168258485E0,-7.963907719E-4,5.084734153E0
2.744864117E1,5.557589613E0,8.075975454E-1,-1.938163416E-1,5.619304305E0
2.745860617E1,5.922811965E0,6.072368538E-1,-1.980640514E-1,5.957152637E0
2.746857117E1,6.244873095E0,4.868918002E-1,5.188468337E-2,6.264039880E0
2.747853617E1,6.828245122E0,4.495140588E-1,3.792971849E-1,6.853529069E0
2.748850217E1,7.388514801E0,5.216920888E-1,7.797918423E-1,7.447844582E0
2.749846717E1,7.901843033E0,7.835175419E-1,1.013398633E0,8.004998429E0
2.750843217E1,8.709975014E0,9.915942192E-1,1.251803648E0,8.855164381E0
2.751839717E1,9.683661550E0,8.699446517E-1,1.389595916E0,9.821460254E0
2.752836317E1,1.053160839E1,7.963024789E-1,1.538032602E0,1.067306972E1
2.753832817E1,1.094892066E1,1.188751221E0,1.744572631E0,1.115058415E1
2.754829317E1,1.093265254E1,1.859829730E0,1.848709495E0,1.124275700E1
2.755825817E1,1.079922844E1,2.389109166E0,1.837431386E0,1.121192809E1
2.756822417E1,1.057489533E1,2.971615221E0,1.985974344E0,1.116257149E1
2.757818917E1,1.038383873E1,3.676508178E0,2.203244891E0,1.123365956E1
2.758815417E1,1.048035989E1,4.096009648E0,2.254765001E0,1.147602734E1
2.759811917E1,1.075065562E1,3.937920817E0,2.022259972E0,1.162640752E1
2.760808517E1,1.087177367E1,3.380560128E0,1.568497765E0,1.149277315E1
2.761805017E1,1.061635326E1,2.574464732E0,1.046193180E0,1.097403050E1
2.762801517E1,9.948388392E0,1.802099585E0,6.244042790E-1,1.012955454E1
2.763798017E1,9.273364767E0,1.179527239E0,3.538281754E-1,9.354772738E0
2.764794517E1,8.691255738E0,5.930965322E-1,2.544486058E-1,8.715184099E0
2.765791117E1,8.091799189E0,2.872251731E-1,2.431938851E-1,8.100546628E0
2.766787617E1,7.334425718E0,1.585396510E-1,3.633904195E-1,7.345133629E0
2.767784117E1,6.500064297E0,6.185827911E-2,5.201013538E-1,6.521132396E0
2.768780617E1,5.763168359E0,-7.705402315E-2,7.559990832E-1,5.813052681E0
2.769777217E1,5.051840542E0,-1.431924641E-1,9.867926319E-1,5.149306423E0
2.770773717E1,4.348066158E0,-1.117467231E-1,1.122362520E0,4.491977768E0
2.771770217E1,3.680471420E0,-3.187024891E-2,1.194485586E0,3.869584138E0
2.772766717E1,3.140230209E0,1.121414101E-1,1.278356585E0,3.392317353E0
2.773763317E1,2.825538325E0,9.727895737E-2,1.287854802E0,3.106718528E0
2.774759817E1,2.611309792E0,-1.167636341E-1,1.199009869E0,2.875795063E0
2.775756317E1,2.242892522E0,-3.948016620E-1,1.142321113E0,2.547809400E0
2.776752817E1,1.655194139E0,-6.775291568E-1,1.221916044E0,2.166054527E0
2.777749417E1,9.642064458E-1,-1.023783141E0,1.145660166E0,1.813935833E0
2.778745917E1,3.238182181E-1,-1.370479760E0,9.241650054E-1,1.684385339E0
2.779742417E1,-3.201350570E-1,-1.718963873E0,8.248933169E-1,1.933331900E0
2.780738917E1,-8.070525849E-1,-2.002584822E0,7.233562709E-1,2.277042850E0
2.781735517E1,-1.295204460E0,-2.445079299E0,6.228864880E-1,2.836186691E0
2.782732017E1,-1.834180334E0,-2.802257636E0,5.480047055E-1,3.393696291E0
2.783728517E1,-2.268825508E0,-2.919928173E0,5.504694530E-1,3.738524621E0
2.784725017E1,-2.525063362E0,-3.067716549E0,6.741336787E-1,4.030047893E0
2.785721617E1,-2.638658389E0,-3.328288944E0,9.276949695E-1,4.347487015E0
2.786718117E1,-2.693262028E0,-3.686235605E0,1.233147376E0,4.728915916E0
2.787714617E1,-2.744924517E0,-4.137949972E0,1.472592318E0,5.179359874E0
2.788711117E1,-2.851094166E0,-4.558355129E0,1.589931611E0,5.606712223E0
2.789707717E1,-3.065696336E0,-4.920669369E0,1.627269883E0,6.021585201E0
2.790704217E1,-3.341303676E0,-5.234649646E0,1.501977501E0,6.389194283E0
2.791700717E1,-3.511999104E0,-5.421101566E0,1.199168913E0,6.569664069E0
2.792697217E1,-3.569009457E0,-5.447421053E0,8.706220517E-1,6.570403898E0
2.793693817E1,-3.480300179E0,-5.468361686E0,5.929673088E-1,6.508999854E0
2.794690317E1,-3.285503113E0,-5.637895857E0,4.375205424E-1,6.540017173E0
2.795686817E1,-3.002684401E0,-5.953849570E0,3.831735966E-1,6.679166140E0
2.796683317E1,-2.721928003E0,-6.344102683E0,4.471158233E-1,6.917835172E0
2.797679917E1,-2.557910680E0,-6.882356426E0,6.262549227E-1,7.368984478E0
2.798676417E1,-2.563042197E0,-7.443735321E0,8.733155715E-1,7.920925509E0
2.799672917E1,-2.772014667E0,-7.880796565E0,1.134030931E0,8.430720370E0
2.800669417E1,-3.155413674E0,-8.108516378E0,1.313444849E0,8.799421043E0
2.801665917E1,-3.477311667E0,-8.199936426E0,1.439613437E0,9.022368905E0
2.802662517E1,-3.695552559E0,-8.401035036E0,1.504014086E0,9.300352507E0
2.803659017E1,-3.892941111E0,-8.631132912E0,1.513805833E0,9.588694068E0
2.804655517E1,-4.250376726E0,-8.583838878E0,1.458223371E0,9.688880616E0
2.805652017E1,-4.870237134E0,-8.234742562E0,1.326209613E0,9.658624474E0
2.806648617E1,-5.438496448E0,-7.648895992E0,1.297165031E0,9.474465190E0
2.807645117E1,-5.808799446E0,-6.846852132E0,1.196580058E0,9.058329810E0
2.808641617E1,-6.034407245E0,-5.928327059E0,8.991918397E-1,8.506919447E0
2.809638117E1,-6.023019792E0,-5.235405107E0,4.360277483E-1,7.992268404E0
2.810634717E1,-5.732007378E0,-5.048614048E0,1.984428048E-2,7.638377196E0
2.811631217E1,-5.144156383E0,-5.357982627E0,-2.877973232E-1,7.433246264E0
2.812627717E1,-4.516165422E0,-5.682898368E0,-5.744810441E-1,7.281559753E0
2.813624217E1,-4.081744781E0,-5.746286278E0,-8.881984895E-1,7.104177856E0
2.814620817E1,-3.755310518E0,-5.693025160E0,-1.073464886E0,6.904000248E0
2.815617333E1,-3.403442037E0,-5.590032304E0,-1.152128356E0,6.645244812E0
2.816613833E1,-3.047565290E0,-5.336319278E0,-1.163010024E0,6.254322501E0
2.817610333E1,-2.798449345E0,-4.919287087E0,-1.034736146E0,5.753380143E0
2.818606933E1,-2.619879472E0,-4.431090188E0,-7.847290850E-1,5.207122856E0
2.819603433E1,-2.491344808E0,-3.918921167E0,-4.056081936E-1,4.661465442E0
2.820599933E1,-2.411154338E0,-3.364158688E0,7.347845078E-2,4.139641048E0
2.821596433E1,-2.424045110E0,-2.805134466E0,5.802779737E-1,3.752532024E0
2.822593033E1,-2.489583042E0,-2.314889873E0,1.052863976E0,3.558828655E0
2.823589533E1,-2.557952195E0,-1.845580650E0,1.409986180E0,3.455046801E0
2.824586033E1,-2.522901061E0,-1.346949395E0,1.629626896E0,3.291654031E0
2.825582533E1,-2.363560926E0,-8.871535921E-1,1.627502018E0,3.003701811E0
2.826579133E1,-2.251048803E0,-4.713019538E-1,1.296757773E0,2.640251307E0
2.827575633E1,-2.302229481E0,-1.121554434E-1,7.876348588E-1,2.435817747E0
2.828572133E1,-2.406437389E0,1.819443011E-1,3.385773213E-1,2.436940549E0
2.829568633E1,-2.471163728E0,4.444380909E-1,1.294668563E-1,2.514147381E0
2.830565133E1,-2.492817137E0,6.161082494E-1,3.611708164E-2,2.568079262E0
2.831561733E1,-2.406155553E0,7.054507810E-1,5.562353924E-2,2.508054890E0
2.832558233E1,-2.174318715E0,7.675698459E-1,2.448781756E-1,2.318790776E0
2.833554733E1,-1.812176092E0,8.472983855E-1,5.900293753E-1,2.085672890E0
2.834551233E1,-1.409102958E0,9.583527982E-1,9.200304392E-1,1.936612311E0
2.835547833E1,-1.001771883E0,1.018975561E0,2.802093914E-1,1.456150886E0
2.836544333E1,-5.075014812E-1,6.018667710E-1,1.526412722E-1,8.019356093E-1
2.837540833E1,-2.652256089E-1,4.272893769E-1,1.366850978E0,1.456434836E0
2.838537333E1,-2.095700562E-2,3.143884134E-1,2.177273021E0,2.199953881E0
2.839533933E1,1.724454993E-1,-1.799539089E-2,2.301378419E0,2.307900325E0
2.840530433E1,5.062349743E-1,-2.164265013E-1,2.111084733E0,2.181694990E0
2.841526933E1,1.112784780E0,-2.290956634E-1,1.604817452E0,1.966269017E0
2.842523433E1,1.653531775E0,-1.167004842E-1,8.062537090E-1,1.843320748E0
2.843520033E1,1.979674847E0,1.977417237E-1,-1.204326157E-1,1.993167906E0
2.844516533E1,2.255421351E0,6.089190978E-1,-1.042773582E0,2.558336311E0
2.845513033E1,2.567302478E0,8.230037892E-1,-1.724888856E0,3.200565390E0
2.846509533E1,3.075624031E0,8.349204147E-1,-2.215180228E0,3.881182645E0
2.847506133E1,3.838237192E0,4.513097388E-1,-2.495882832E0,4.600562611E0
2.848502633E1,4.604416278E0,1.216583383E-1,-2.480809879E0,5.231621897E0
2.849499133E1,5.292610756E0,-6.989937007E-2,-2.213069529E0,5.737097810E0
2.850495633E1,5.864697658E0,-1.809719092E-1,-1.781240666E0,6.131904089E0
2.851492233E1,6.519307483E0,-1.774647492E-1,-1.367000667E0,6.663449154E0
2.852488733E1,7.340912034E0,-1.998601699E-1,-1.013131707E0,7.413188884E0
2.853485233E1,8.103453859E0,-1.930072331E-1,-8.632090978E-1,8.151585501E0
2.854481733E1,8.724507099E0,-1.050534153E-1,-7.129052500E-1,8.754215798E0
2.855478233E1,9.113162752E0,-1.250970858E-1,-5.916819446E-1,9.133207112E0
2.856474833E1,9.163059967E0,-1.421692014E-2,-3.877464116E-1,9.171271306E0
2.857471333E1,9.531187216E0,3.417387646E-1,-2.104329590E-1,9.539632968E0
2.858467833E1,1.001910228E1,7.247723204E-1,3.546233967E-2,1.004534534E1
2.859464333E1,1.024738226E1,1.240197363E0,2.336348569E-1,1.032480110E1
2.860460933E1,1.058471047E1,1.926661066E0,1.378236969E-1,1.075951272E1
2.861457433E1,1.101880893E1,2.637487777E0,-2.965542595E-1,1.133395061E1
2.862453933E1,1.137063589E1,3.200026175E0,-1.043703289E0,1.185836602E1
2.863450433E1,1.167805325E1,3.637675649E0,-1.624640537E0,1.233892495E1
2.864447033E1,1.187225917E1,3.783096487E0,-1.913874228E0,1.260655668E1
2.865443533E1,1.182378341E1,3.430312917E0,-2.014996122E0,1.247513969E1
2.866440033E1,1.150264263E1,2.885502691E0,-1.971979472E0,1.202188073E1
2.867436533E1,1.110508810E1,2.392488272E0,-1.769367603E0,1.149685364E1
2.868433133E1,1.051563029E1,1.995924259E0,-1.227656986E0,1.077354796E1
2.869429633E1,9.715561620E0,1.652920157E0,-6.341564114E-1,9.875547427E0
2.870426133E1,8.698747190E0,1.137294554E0,-2.367432368E-1,8.775972251E0
2.871422633E1,7.526274617E0,5.736820221E-1,1.005453582E-1,7.548776725E0
2.872419133E1,6.189850795E0,1.014702415E-1,4.264350986E-1,6.205352204E0
2.873415733E1,4.955082572E0,-4.309397936E-2,6.501099546E-1,4.997733820E0
2.874412233E1,3.957453149E0,8.600084782E-2,8.501021254E-1,4.048642389E0
2.875408733E1,3.279926331E0,2.756465167E-1,1.010475025E0,3.443102890E0
2.876405233E1,2.795054451E0,3.690364909E-1,1.232784848E0,3.077056353E0
2.877401833E1,2.338199798E0,3.048352325E-1,1.445367682E0,2.765717005E0
2.878398333E1,1.854439182E0,1.332621378E-1,1.571206780E0,2.434213265E0
2.879394833E1,1.304686890E0,-1.484222138E-1,1.703289242E0,2.150681584E0
2.880391333E1,6.284207314E-1,-5.922627193E-1,1.838432429E0,2.031137991E0
2.881387933E1,-1.953010958E-1,-9.730415887E-1,1.935772343E0,2.175354458E0
2.882384433E1,-9.157412142E-1,-1.060721757E0,1.972492858E0,2.419595150E0
2.883380933E1,-1.515778391E0,-1.102061571E0,1.937789194E0,2.695765346E0
2.884377433E1,-1.910498192E0,-1.359689893E0,1.619616463E0,2.849897794E0
2.885374033E1,-2.011279632E0,-1.504660496E0,1.332661285E0,2.843454776E0
2.886370533E1,-1.989477704E0,-1.537077459E0,1.267133732E0,2.815360819E0
2.887367033E1,-1.814871073E0,-1.616092638E0,8.865118602E-1,2.586777089E0
2.888363533E1,-1.471627820E0,-1.910021644E0,6.312749036E-1,2.492464468E0
2.889360133E1,-1.448212060E0,-2.300449004E0,7.613741362E-1,2.822954900E0
2.890356633E1,-1.907063538E0,-2.843133182E0,7.513903078E-1,3.504980032E0
2.891353133E1,-2.307469756E0,-3.255085312E0,3.931957242E-1,4.009314149E0
2.892349633E1,-2.449481667E0,-3.630797569E0,3.059026417E-1,4.390470118E0
2.893346133E1,-2.504240257E0,-3.912754401E0,4.980403939E-1,4.672141961E0
2.894342733E1,-2.480492375E0,-4.023082297E0,6.251669021E-1,4.767480178E0
2.895339233E1,-2.372024771E0,-4.212080679E0,7.756387112E-1,4.895890172E0
2.896335733E1,-2.283793210E0,-4.473569625E0,9.764826751E-1,5.116840337E0
2.897332233E1,-2.355711039E0,-4.764569761E0,1.152041817E0,5.438538393E0
2.898328833E1,-2.437194913E0,-5.114993395E0,1.322755078E0,5.818312253E0
2.899325333E1,-2.460911220E0,-5.620783980E0,1.549233967E0,6.328461304E0
2.900321833E1,-2.511889000E0,-6.274008016E0,1.716224891E0,6.972674581E0
2.901318333E1,-2.547782718E0,-6.830309774E0,1.798355905E0,7.508555943E0
2.902314933E1,-2.764205711E0,-7.095440658E0,1.807202450E0,7.826371576E0
2.903311433E1,-3.247027264E0,-7.083142794E0,1.621446641E0,7.958843327E0
2.904307933E1,-3.736177844E0,-7.021445898E0,1.360658484E0,8.069146107E0
2.905304433E1,-3.982488295E0,-7.131638432E0,1.124129256E0,8.245249925E0
2.906301033E1,-4.118454185E0,-7.413712208E0,1.047407062E0,8.545282624E0
2.907297533E1,-4.328722984E0,-7.618102216E0,1.077032273E0,8.827985192E0
2.908294033E1,-4.784464912E0,-7.473240956E0,1.134947189E0,8.945867202E0
2.909290533E1,-5.373951958E0,-7.157605916E0,1.201090600E0,9.030686614E0
2.910287033E1,-5.853737052E0,-6.913491679E0,1.172308266E0,9.134380731E0
2.911283633E1,-6.315343153E0,-6.736670709E0,1.000240789E0,9.287990795E0
2.912280133E1,-6.796343299E0,-6.478517892E0,6.846352780E-1,9.414361464E0
2.913276633E1,-7.006791607E0,-6.106517447E0,2.520234731E-1,9.297752405E0
2.914273133E1,-6.565192924E0,-5.720767275E0,4.372986406E-3,8.707982284E0
2.915269642E1,-5.584392080E0,-5.453763528E0,-7.203184962E-2,7.806033571E0
2.916266142E1,-4.609841325E0,-5.302396656E0,-1.088356867E-1,7.026940483E0
2.917262642E1,-4.041759181E0,-5.272196957E0,-1.356657819E-1,6.644567949E0
2.918259142E1,-4.052846087E0,-5.681603209E0,-2.648529951E-1,6.984004835E0
2.919255742E1,-4.614958808E0,-6.259921489E0,-4.993313129E-1,7.793188924E0
2.920252242E1,-4.942190630E0,-6.356565439E0,-8.462521724E-1,8.096129640E0
2.921248742E1,-4.542348084E0,-6.107243087E0,-1.025585399E0,7.680050107E0
2.922245242E1,-3.643375515E0,-5.624485268E0,-8.592050707E-1,6.756275085E0
2.923241742E1,-2.754226853E0,-4.946641531E0,-5.480628853E-1,5.688180809E0
2.924238342E1,-2.070399660E0,-4.304280453E0,-2.009956992E-1,4.780563172E0
2.925234842E1,-1.550153587E0,-3.645050742E0,1.991583578E-1,3.965984759E0
2.926231342E1,-1.188872259E0,-2.882413607E0,5.119237304E-1,3.159713809E0
2.927227842E1,-1.162486698E0,-2.155238666E0,6.998965108E-1,2.546818438E0
2.928224442E1,-1.323271095E0,-1.519591361E0,7.556896193E-1,2.152038823E0
2.929220942E1,-1.404260294E0,-9.322093123E-1,5.722029689E-1,1.779993656E0
2.930217442E1,-1.402943501E0,-4.568891519E-1,2.677650547E-1,1.499565367E0
2.931213942E1,-1.470333247E0,-7.206050098E-2,1.834635539E-1,1.483486248E0
2.932210542E1,-1.493903958E0,3.202362138E-1,2.255168751E-2,1.528008130E0
2.933207042E1,-1.384787897E0,6.876746607E-1,-8.021108106E-2,1.548214383E0
2.934203542E1,-1.230563491E0,8.785821587E-1,-1.386813372E-3,1.512016878E0
2.935200042E1,-1.158624027E0,9.056816643E-1,1.037287286E-1,1.474255257E0
2.936196642E1,-1.005354472E0,8.406629652E-1,3.906431222E-1,1.367499135E0
2.937193142E1,-7.518384969E-1,7.996137571E-1,5.960185321E-1,1.248952111E0
2.938189642E1,-4.767614990E-1,7.648163921E-1,4.968251963E-1,1.029116571E0
2.939186142E1,-2.369502282E-1,7.940097857E-1,1.664947879E-1,8.451730384E-1
2.940182642E1,-6.792125702E-2,7.468110609E-1,-2.159924917E-1,7.803799167E-1
2.941179242E1,1.627747893E-2,6.274243659E-1,-3.652941267E-1,7.261997592E-1
2.942175742E1,1.020637339E-1,4.472956252E-1,-3.337931295E-1,5.673695757E-1
2.943172242E1,2.331091923E-1,2.628212339E-1,-2.672260876E-1,4.413894860E-1
2.944168742E1,5.647416294E-1,1.084290129E-1,-2.128279786E-1,6.131767341E-1
2.945165342E1,9.348990315E-1,1.005305940E-1,5.937262774E-2,9.421611902E-1
2.946161842E1,1.330527490E0,2.786133939E-1,3.428199148E-1,1.401946618E0
2.947158342E1,1.878187063E0,5.772599334E-1,4.959817354E-1,2.026527463E0
2.948154842E1,2.484130513E0,7.458374995E-1,5.652607159E-1,2.654561670E0
2.949151442E1,3.326801412E0,1.110283341E0,4.358033614E-1,3.534156378E0
2.950147942E1,4.247272731E0,1.208651050E0,3.766697386E-1,4.431934466E0
2.951144442E1,4.974461998E0,1.160652426E0,4.149675393E-1,5.124898466E0
2.952140942E1,5.820172280E0,1.046613010E0,1.499603239E-1,5.915428324E0
2.953137442E1,6.729793798E0,7.805652827E-1,3.502862245E-2,6.775000644E0
2.954134042E1,7.372678202E0,4.998913300E-1,-3.545459211E-3,7.389606741E0
2.955130542E1,7.505625760E0,5.945565820E-1,-1.632212242E-1,7.530906768E0
2.956127042E1,7.369641159E0,5.924802357E-1,-1.695156057E-1,7.395362004E0
2.957123542E1,7.296228197E0,4.368893355E-1,3.104242936E-1,7.315885553E0
2.958120142E1,7.523352764E0,1.960904700E-1,9.239840341E-1,7.582416157E0
2.959116642E1,8.024495398E0,-2.000689155E-1,1.453134831E0,8.157460070E0
2.960113142E1,8.246017163E0,-3.769384181E-1,2.258462487E0,8.558009957E0
2.961109642E1,8.435687975E0,-3.449670124E-1,2.979557202E0,8.953077402E0
2.962106242E1,8.683047416E0,-1.851713794E-1,3.316673742E0,9.296769632E0
2.963102742E1,8.660816302E0,1.947263145E-1,3.324797864E0,9.279113007E0
2.964099242E1,8.353327603E0,7.599754822E-1,3.320316850E0,9.021094655E0
2.965095742E1,8.114279394E0,1.472952799E0,3.293538941E0,8.880231911E0
2.966092242E1,8.148679733E0,2.073689303E0,3.163154218E0,8.983691520E0
2.967088842E1,8.399947454E0,2.497974966E0,2.959899155E0,9.249864819E0
2.968085342E1,8.636790678E0,2.839241860E0,2.601437938E0,9.456369647E0
2.969081842E1,8.717520261E0,3.080717248E0,2.230395560E0,9.511079992E0
2.970078342E1,8.690548224E0,2.980542750E0,1.769192479E0,9.356244201E0
2.971074942E1,8.419930898E0,2.561538877E0,1.120599145E0,8.872004294E0
2.972071442E1,8.122202956E0,2.159298388E0,4.752757215E-1,8.417757267E0
2.973067942E1,7.782898972E0,1.871935805E0,2.076463223E-2,8.004879214E0
2.974064442E1,7.359406192E0,1.770024683E0,-1.607107222E-1,7.570975817E0
2.975061042E1,6.844156566E0,1.818601012E0,-1.172482221E-1,7.082622105E0
2.976057542E1,6.240050311E0,1.769245834E0,8.806871563E-2,6.486618133E0
2.977054042E1,5.555534901E0,1.692582405E0,3.621835542E-1,5.818932906E0
2.978050542E1,4.949924743E0,1.661550062E0,6.631049529E-1,5.263289062E0
2.979047042E1,4.345825505E0,1.587845909E0,9.366751233E-1,4.720679425E0
2.980043642E1,3.775653566E0,1.537804268E0,1.064469530E0,4.213489907E0
2.981040142E1,3.329452540E0,1.482901837E0,1.142861980E0,3.819736323E0
2.982036642E1,2.978873954E0,1.256158508E0,1.239742742E0,3.462453798E0
2.983033142E1,2.671874083E0,1.008780355E0,1.342808104E0,3.155896469E0
2.984029742E1,2.303926343E0,7.383548176E-1,1.427336623E0,2.809009482E0
2.985026242E1,1.730678185E0,3.866909891E-1,1.529075252E0,2.341548211E0
2.986022742E1,1.250602484E0,1.378153646E-1,1.484166151E0,1.945700082E0
2.987019242E1,9.098641777E-1,-1.658159262E-1,1.193936240E0,1.510242195E0
2.988015742E1,4.430160481E-1,-4.470564741E-1,1.385242518E0,1.521518828E0
2.989012342E1,4.692449033E-2,-7.471086842E-1,1.487075872E0,1.664862740E0
2.990008842E1,-1.957741356E-1,-1.197293419E0,1.540011592E0,1.960478193E0
2.991005342E1,-4.638894385E-1,-1.665503950E0,1.634113318E0,2.378954214E0
2.992001842E1,-7.616904706E-1,-2.155939747E0,1.505545764E0,2.737684535E0
2.992998442E1,-1.028463253E0,-2.589464010E0,1.296275231E0,3.073009925E0
2.993994942E1,-1.258724851E0,-3.055751392E0,1.196740272E0,3.514853069E0
2.994991442E1,-1.470595202E0,-3.563060499E0,1.096136734E0,4.007438847E0
2.995987942E1,-1.695948647E0,-3.993427851E0,1.052566207E0,4.464482437E0
2.996984542E1,-1.886619333E0,-4.260264367E0,1.039957563E0,4.773960276E0
2.997981042E1,-2.006237578E0,-4.570243103E0,9.108478256E-1,5.073633314E0
2.998977542E1,-2.106783959E0,-4.934401554E0,8.303173403E-1,5.429206594E0
2.999974042E1,-2.184823823E0,-5.134896147E0,8.432607369E-1,5.643731235E0
3.000970542E1,-2.274266927E0,-5.144517156E0,8.259425998E-1,5.685114599E0
3.001967142E1,-2.376976193E0,-5.011233383E0,7.766341996E-1,5.600503239E0
3.002963642E1,-2.401868375E0,-4.918355041E0,6.917687349E-1,5.517040146E0
3.003960142E1,-2.240554220E0,-5.061772622E0,5.441417424E-1,5.562168240E0
3.004956642E1,-1.949245352E0,-5.434226811E0,3.358992235E-1,5.783010182E0
3.005953242E1,-1.621865594E0,-5.957259082E0,3.962197579E-2,6.174216847E0
3.006949742E1,-1.395162027E0,-6.583181298E0,-2.738273748E-1,6.734963587E0
3.007946242E1,-1.339505889E0,-7.262645883E0,-5.721956599E-1,7.407274068E0
3.008942742E1,-1.579519474E0,-7.672369639E0,-7.038106370E-1,7.864825940E0
3.009939342E1,-2.123772460E0,-7.640445596E0,-8.008521974E-1,7.970456863E0
3.010935842E1,-2.745432640E0,-7.412610008E0,-9.936653030E-1,7.966903931E0
3.011932342E1,-3.126492761E0,-7.309337069E0,-1.172372586E0,8.035908340E0
3.012928842E1,-3.432626075E0,-7.257533078E0,-1.285755944E0,8.130675033E0
3.013925342E1,-3.896775715E0,-7.003889633E0,-1.286139522E0,8.117480264E0
3.014921942E1,-4.263942266E0,-6.758161565E0,-1.313097525E0,8.098035348E0
3.015918492E1,-4.230444152E0,-6.823218856E0,-1.482785477E0,8.164044712E0
3.016914992E1,-4.055503061E0,-7.076909078E0,-1.643383933E0,8.320484236E0
3.017911492E1,-4.255791832E0,-7.146827744E0,-1.755163400E0,8.501147539E0
3.018908092E1,-4.894342865E0,-6.870995286E0,-1.774740463E0,8.620607403E0
3.019904592E1,-5.442263224E0,-6.332652665E0,-1.874240193E0,8.557657102E0
3.020901092E1,-5.629074748E0,-5.781266077E0,-2.192732182E0,8.361674138E0
3.021897592E1,-5.417664573E0,-5.302642239E0,-2.421537239E0,7.958199969E0
3.022894092E1,-4.793559086E0,-5.003647791E0,-2.561531276E0,7.387566744E0
3.023890692E1,-4.059726505E0,-4.798781819E0,-2.509448957E0,6.768088380E0
3.024887192E1,-3.335234851E0,-4.651523201E0,-2.239101772E0,6.146058603E0
3.025883692E1,-2.718309746E0,-4.517612315E0,-1.842214408E0,5.584960414E0
3.026880192E1,-2.026331534E0,-4.459933626E0,-1.494773439E0,5.121657453E0
3.027876792E1,-1.441871340E0,-4.409548753E0,-1.229719153E0,4.799512721E0
3.028873292E1,-1.155824381E0,-4.234679583E0,-1.156544757E0,4.539387287E0
3.029869792E1,-1.302709946E0,-4.076735471E0,-1.172745638E0,4.437584662E0
3.030866292E1,-1.545634274E0,-3.597446513E0,-1.285663558E0,4.121108772E0
3.031862792E1,-1.824059973E0,-3.111232697E0,-1.478455614E0,3.897793566E0
3.032859392E1,-2.143688076E0,-2.668809849E0,-1.555529518E0,3.760002215E0
3.033855892E1,-2.285347985E0,-2.249831412E0,-1.632098222E0,3.598374828E0
3.034852392E1,-2.244864203E0,-1.876230585E0,-1.671188613E0,3.369351254E0
3.035848892E1,-2.137684155E0,-1.494738063E0,-1.553194724E0,3.035844080E0
3.036845492E1,-1.974918721E0,-1.149785084E0,-1.329607138E0,2.643891987E0
3.037841992E1,-1.734478290E0,-7.489096266E-1,-1.118227953E0,2.195384778E0
3.038838492E1,-1.459878425E0,-3.122576880E-1,-9.825410483E-1,1.787214814E0
3.039834992E1,-1.304189292E0,-1.493261933E-2,-6.865537494E-1,1.473936478E0
3.040831492E1,-1.043067259E0,9.312568009E-2,-4.197084618E-1,1.128191868E0
3.041828092E1,-6.477902180E-1,2.941763431E-1,-2.450848746E-1,7.524881947E-1
3.042824592E1,-2.521699458E-1,7.083778971E-1,-2.854283237E-1,8.042749870E-1
3.043821092E1,-1.337954038E-1,1.056068543E0,-2.895786774E-1,1.103194356E0
3.044817592E1,-2.307872629E-1,1.210114024E0,-5.223422992E-1,1.338088259E0
3.045814192E1,-2.414759731E-1,1.352080911E0,-8.254374003E-1,1.602429511E0
3.046810692E1,-1.202093983E-1,1.374671629E0,-9.554455626E-1,1.678406569E0
3.047807192E1,-8.550909698E-2,1.319669795E0,-7.160862815E-1,1.503868258E0
3.048803692E1,2.403205633E-4,1.241484336E0,-4.447204749E-1,1.318734133E0
3.049800192E1,2.781356764E-1,1.052407016E0,-1.051995226E-1,1.093611870E0
3.050796792E1,6.803907841E-1,8.689073557E-1,3.710735147E-1,1.164314032E0
3.051793292E1,1.088161570E0,7.703537053E-1,7.983344594E-1,1.553987884E0
3.052789792E1,1.330118769E0,7.820341033E-1,1.111823571E0,1.901826736E0
3.053786292E1,1.484788733E0,8.081834364E-1,1.322428511E0,2.146293367E0
3.054782892E1,1.705571410E0,8.178167242E-1,1.453566210E0,2.385508909E0
3.055779392E1,2.112554576E0,8.894614881E-1,1.565857455E0,2.775957158E0
3.056775892E1,2.599041749E0,8.496413648E-1,1.649905186E0,3.193602290E0
3.057772392E1,3.123745739E0,6.035051608E-1,1.751248105E0,3.631649191E0
3.058768892E1,3.625474849E0,2.501380384E-1,1.881505358E0,4.092273125E0
3.059765492E1,4.068545276E0,-4.068141818E-2,2.022255002E0,4.543592294E0
3.060761992E1,4.724797000E0,-7.185175538E-2,2.014715602E0,5.136920120E0
3.061758492E1,5.377061507E0,-1.386257887E-2,2.475799985E0,5.919676358E0
3.062754992E1,6.061421381E0,6.850305498E-2,2.916023988E0,6.726716712E0
3.063751592E1,6.798086354E0,2.674387801E-1,3.272750335E0,7.549595773E0
3.064748092E1,7.538110551E0,5.629447800E-1,3.575827310E0,8.362210142E0
3.065744592E1,8.358973675E0,7.706817341E-1,3.753314863E0,9.195312050E0
3.066741092E1,9.253801153E0,1.016822616E0,3.880807846E0,1.008600186E1
3.067737592E1,1.003685793E1,1.408707687E0,4.112082474E0,1.093765042E1
3.068734192E1,1.073915648E1,1.800912015E0,4.457883007E0,1.176628603E1
3.069730692E1,1.119252152E1,2.122298961E0,4.689967183E0,1.231959752E1
3.070727192E1,1.136206855E1,2.239657842E0,4.651869649E0,1.248008655E1
3.071723692E1,1.092562068E1,2.727059519E0,4.796018133E0,1.223960092E1
3.072720292E1,1.022178081E1,3.320325036E0,4.821487727E0,1.177947813E1
3.073716792E1,9.658313870E0,3.509906386E0,4.367074286E0,1.116574259E1
3.074713292E1,9.364790661E0,3.256912567E0,3.502230453E0,1.051534126E1
3.075709792E1,9.184125731E0,2.831594871E0,2.606746041E0,9.957972679E0
3.076706292E1,8.916074747E0,2.356959420E0,1.858769045E0,9.407798306E0
3.077702892E1,8.571184334E0,1.864014582E0,1.330871014E0,8.871920249E0
3.078699392E1,8.153138820E0,1.328343555E0,8.645940109E-1,8.305762579E0
3.079695892E1,7.700530415E0,8.336311036E-1,5.108957899E-1,7.762352993E0
3.080692392E1,7.129384915E0,3.966792029E-1,3.255377381E-1,7.147828934E0
3.081688992E1,6.428438829E0,1.114917845E-1,2.775509548E-1,6.435393595E0
3.082685492E1,5.651945547E0,-2.028048277E-2,3.396271889E-1,5.662176824E0
3.083681992E1,4.986166955E0,-1.492291296E-1,4.572755067E-1,5.009314436E0
3.084678492E1,4.409519809E0,-2.280583674E-1,6.648553169E-1,4.465188480E0
3.085674992E1,3.884797109E0,-1.513651174E-1,8.769852841E-1,3.985431365E0
3.086671592E1,3.489079188E0,2.886536479E-2,1.073339463E0,3.650556724E0
3.087668092E1,3.133931589E0,1.890638709E-1,1.287730257E0,3.393452749E0
3.088664592E1,2.806745374E0,1.591810906E-1,1.501182425E0,3.186958878E0
3.089661092E1,2.458323827E0,-4.128075778E-2,1.595475941E0,2.930973152E0
3.090657692E1,2.022738420E0,-2.391557980E-1,1.542265401E0,2.554848093E0
3.091654192E1,1.459055137E0,-5.455995995E-1,1.540631397E0,2.190905273E0
3.092650692E1,8.367482543E-1,-8.796071756E-1,1.555904324E0,1.973498085E0
3.093647192E1,1.426328856E-1,-1.353451499E0,9.819978420E-1,1.678241598E0
3.094643692E1,-6.125958270E-1,-1.775883009E0,6.187675631E-1,1.977854243E0
3.095640292E1,-1.292053396E0,-2.056154673E0,9.499036447E-1,2.607583355E0
3.096636792E1,-1.877493584E0,-2.132086031E0,9.937928454E-1,3.009717133E0
3.097633292E1,-2.393606844E0,-2.275127637E0,7.257295096E-1,3.381159980E0
3.098629792E1,-2.746996186E0,-2.648817927E0,4.181706440E-1,3.838891916E0
3.099626292E1,-3.044532339E0,-3.116382925E0,1.841674856E-1,4.360612040E0
3.100622892E1,-3.423914893E0,-3.435936184E0,-3.632399999E-2,4.850790666E0
3.101619392E1,-3.769661924E0,-3.537280418E0,-8.998163223E-2,5.170183795E0
3.102615892E1,-4.005716359E0,-3.583948508E0,-1.591955625E-2,5.375007338E0
3.103612392E1,-4.051076719E0,-3.722065004E0,1.158847976E-1,5.502583009E0
3.104608992E1,-3.885132739E0,-3.956739204E0,2.800256427E-1,5.552337876E0
3.105605492E1,-3.705248997E0,-4.197648289E0,3.307935078E-1,5.608791816E0
3.106601992E1,-3.632013205E0,-4.416733519E0,3.673537353E-1,5.730096306E0
3.107598492E1,-3.778007655E0,-4.728174936E0,4.713465388E-1,6.070514610E0
3.108594992E1,-4.059692591E0,-4.973293140E0,6.318536317E-1,6.450890451E0
3.109591592E1,-4.345006894E0,-5.113076677E0,6.877157374E-1,6.745041954E0
3.110588092E1,-4.521320327E0,-5.484123441E0,5.751884110E-1,7.130833691E0
3.111584592E1,-4.542774346E0,-6.029094465E0,3.964926767E-1,7.559364078E0
3.112581092E1,-4.491978999E0,-6.656075027E0,1.633454776E-1,8.031680511E0
3.113577692E1,-4.400408093E0,-7.078538697E0,4.376977131E-2,8.334939548E0
3.114574192E1,-4.360318413E0,-7.250304750E0,3.854733065E-2,8.460542626E0
3.115570746E1,-4.351389130E0,-7.322140718E0,7.405279353E-2,8.517852773E0
3.116567246E1,-4.295099739E0,-7.420520121E0,2.276100321E-1,8.576934590E0
3.117563746E1,-4.143213050E0,-7.534612747E0,3.860719152E-1,8.607302432E0
3.118560346E1,-3.921603577E0,-7.691531550E0,5.076565786E-1,8.648488157E0
3.119556846E1,-3.787048620E0,-7.818396834E0,6.054581308E-1,8.708366428E0
3.120553346E1,-3.920348180E0,-7.736812972E0,5.462305140E-1,8.690556518E0
3.121549846E1,-4.199898298E0,-7.418829691E0,3.590715198E-1,8.532708365E0
3.122546446E1,-4.547906447E0,-6.980017791E0,6.463044405E-2,8.331163094E0
3.123542946E1,-4.906968758E0,-6.437409627E0,-2.366344786E-1,8.097813345E0
3.124539446E1,-5.019263365E0,-5.922337171E0,-4.885101633E-1,7.778542567E0
3.125535946E1,-4.844919274E0,-5.614670717E0,-7.452087776E-1,7.453395612E0
3.126532446E1,-4.373326129E0,-5.602975116E0,-7.545422494E-1,7.147632166E0
3.127529046E1,-3.726001350E0,-5.749103467E0,-5.390280600E-1,6.872105062E0
3.128525546E1,-3.081687301E0,-5.713500355E0,-2.728227501E-1,6.497331390E0
3.129522046E1,-2.498759662E0,-5.579958136E0,-1.515810259E-1,6.115775458E0
3.130518546E1,-1.913936940E0,-5.480548453E0,-1.371369414E-1,5.806752319E0
3.131515046E1,-1.437379509E0,-5.308988807E0,-1.858093107E-1,5.503266949E0
3.132511646E1,-1.104251938E0,-4.968237637E0,-2.812111656E-1,5.097238202E0
3.133508146E1,-8.966980022E-1,-4.469680057E0,-3.762576561E-1,4.574240587E0
3.134504646E1,-8.363757867E-1,-3.881187623E0,-3.388519943E-1,3.984716112E0
3.135501146E1,-6.766017884E-1,-3.252201465E0,-3.770261264E-1,3.343165125E0
3.136497646E1,-6.020363402E-1,-2.709104474E0,-3.396073084E-1,2.795894835E0
3.137494246E1,-5.900641662E-1,-2.154044080E0,-3.461596982E-1,2.260068175E0
3.138490746E1,-6.989638799E-1,-1.598698926E0,-2.950795917E-1,1.769593379E0
3.139487246E1,-8.916518551E-1,-1.079656211E0,-2.461933605E-1,1.421728432E0
3.140483746E1,-1.107324650E0,-6.446830076E-1,-1.719223197E-1,1.292803676E0
3.141480346E1,-1.220801564E0,-2.171568185E-1,-1.787493825E-2,1.240093971E0
3.142476846E1,-1.103000634E0,1.486034775E-1,1.858761151E-1,1.128380841E0
3.143473346E1,-7.550772697E-1,4.164843071E-1,2.753876312E-1,9.052288156E-1
3.144469846E1,-4.187167740E-1,7.580809844E-1,-1.547282897E-2,8.661696855E-1
3.145466346E1,-3.958927524E-1,1.115164597E0,-6.149165138E-1,1.333583694E0
3.146462946E1,-6.372196215E-1,1.434512619E0,-1.142508443E0,1.941442979E0
3.147459446E1,-9.160774291E-1,1.635901251E0,-1.337465211E0,2.303081403E0
3.148455946E1,-1.042273207E0,1.794986447E0,-1.344921434E0,2.473281918E0
3.149452446E1,-9.272812790E-1,1.922777930E0,-1.209586532E0,2.453573947E0
3.150448946E1,-6.915911257E-1,1.906375321E0,-8.506681359E-1,2.199136518E0
3.151445546E1,-3.461727083E-1,1.742800632E0,-5.236228395E-1,1.852395872E0
3.152442046E1,1.710252106E-1,1.510311829E0,-1.326546121E-1,1.525742013E0
3.153438546E1,6.428914207E-1,1.268041220E0,3.375971818E-1,1.461235700E0
3.154435046E1,9.941611469E-1,1.157738174E0,7.786563861E-1,1.713189958E0
3.155431646E1,1.210057890E0,1.148261592E0,1.065893619E0,1.979614606E0
3.156428146E1,1.492746209E0,1.211044900E0,1.192582902E0,2.262117365E0
3.157424646E1,1.827326812E0,1.275488234E0,1.230733937E0,2.545721811E0
3.158421146E1,2.151871839E0,1.434083433E0,1.227697917E0,2.862584476E0
3.159417646E1,2.627809466E0,1.616722383E0,1.165266026E0,3.298032559E0
3.160414246E1,3.170619358E0,1.775833892E0,1.139306581E0,3.808468539E0
3.161410746E1,3.733755927E0,1.903176309E0,1.166624626E0,4.350175445E0
3.162407246E1,4.548775928E0,2.208771095E0,1.092056401E0,5.173260034E0
3.163403746E1,5.575280364E0,2.516978416E0,8.145874532E-1,6.171100728E0
3.164400246E1,6.721481981E0,2.662929012E0,6.260414994E-1,7.256820165E0
3.165396846E1,7.869810231E0,2.613360411E0,5.871013820E-1,8.313137419E0
3.166393346E1,8.771825107E0,2.481924943E0,7.965847532E-1,9.150924237E0
3.167389846E1,9.318291264E0,2.535657932E0,1.096875822E0,9.719220637E0
3.168386346E1,9.581256924E0,2.579705592E0,1.421330656E0,1.002374910E1
3.169382846E1,9.666481846E0,2.756529486E0,1.761948509E0,1.020508641E1
3.170379446E1,9.544373857E0,2.900133010E0,2.188256139E0,1.021245851E1
3.171375946E1,9.326286746E0,2.842943147E0,2.506197613E0,1.006692489E1
3.172372446E1,9.377226520E0,2.471678867E0,2.663463740E0,1.005662034E1
3.173368946E1,9.358495549E0,2.046669320E0,2.945808535E0,1.002237907E1
3.174365546E1,8.943906909E0,1.813041480E0,3.318557423E0,9.710479575E0
3.175362046E1,8.318256589E0,1.746696047E0,3.625626584E0,9.240644343E0
3.176358546E1,7.840340849E0,1.568913794E0,3.845021132E0,8.872238874E0
3.177355046E1,7.437316833E0,1.354855415E0,3.893501859E0,8.503450569E0
3.178351546E1,7.013377326E0,1.162951552E0,3.753320418E0,8.039112637E0
3.179348146E1,6.701509062E0,1.142233112E0,3.543861459E0,7.666412083E0
3.180344646E1,6.566088132E0,1.311546258E0,3.229814816E0,7.434068246E0
3.181341146E1,6.633504775E0,1.398309583E0,2.781011778E0,7.327529037E0
3.182337646E1,6.818134117E0,1.217485024E0,2.335161731E0,7.309049386E0
3.183334146E1,6.966790220E0,8.178149700E-1,1.965915617E0,7.284902985E0
3.184330746E1,6.955646596E0,3.399448389E-1,1.731337020E0,7.175939655E0
3.185327246E1,6.883494294E0,-1.862782574E-1,1.599420472E0,7.069323810E0
3.186323746E1,6.767032961E0,-7.536628282E-1,1.612239762E0,6.997146547E0
3.187320246E1,6.356388853E0,-1.135957881E0,1.782847627E0,6.698703249E0
3.188316746E1,5.758578295E0,-1.223477250E0,1.993033834E0,6.215328183E0
3.189313346E1,5.201612293E0,-1.211210961E0,2.080542386E0,5.731706470E0
3.190309846E1,4.728637451E0,-1.288321118E0,2.124831537E0,5.341787388E0
3.191306346E1,4.274161445E0,-1.418485401E0,2.239659011E0,5.029575467E0
3.192302846E1,3.705227947E0,-1.469219352E0,2.402400033E0,4.653906484E0
3.193299446E1,3.064576010E0,-1.354149072E0,2.498132840E0,4.179235996E0
3.194295946E1,2.555786971E0,-1.220100483E0,2.522313416E0,3.792460573E0
3.195292446E1,2.057655653E0,-1.445010125E0,2.413623179E0,3.485337559E0
3.196288946E1,1.581528577E0,-1.751042867E0,2.285899962E0,3.285227907E0
3.197285446E1,1.113365993E0,-2.072196509E0,2.280482078E0,3.276305956E0
3.198282046E1,5.455031204E-1,-2.190696766E0,2.298418851E0,3.221716187E0
3.199278546E1,-2.121369839E-3,-2.284817643E0,2.129642626E0,3.123423422E0
3.200275046E1,-2.956714761E-1,-2.730756129E0,1.823095328E0,3.296684279E0
3.201271546E1,-6.814900607E-1,-3.270519623E0,1.658674986E0,3.729869973E0
3.202268046E1,-1.349525678E0,-3.578206542E0,1.371274981E0,4.062656359E0
3.203264646E1,-2.076582506E0,-3.728608331E0,9.784577914E-1,4.378595053E0
3.204261146E1,-2.564297009E0,-3.789345699E0,6.977845696E-1,4.628354273E0
3.205257646E1,-2.785978988E0,-3.889876877E0,4.885839844E-1,4.809525481E0
3.206254146E1,-2.743185555E0,-3.942849435E0,3.258232284E-1,4.814279742E0
3.207250646E1,-2.588491618E0,-3.940994114E0,4.789208758E-1,4.739313101E0
3.208247246E1,-2.230589395E0,-4.057138528E0,7.922731626E-1,4.697190527E0
3.209243746E1,-1.911090515E0,-4.370086479E0,1.166069287E0,4.910156859E0
3.210240246E1,-1.835401817E0,-4.710121950E0,1.250407187E0,5.207443398E0
3.211236746E1,-2.010114866E0,-5.006615252E0,1.106738101E0,5.507415663E0
3.212233246E1,-2.226662405E0,-5.281612144E0,5.905377907E-1,5.762133909E0
3.213229846E1,-2.553910015E0,-5.810281130E0,-1.224816263E-2,6.346808111E0
3.214226346E1,-2.851758410E0,-6.335420153E0,-7.163774729E-1,6.984502217E0
3.215222846E1,-3.016827062E0,-6.674693146E0,-1.218203939E0,7.425415474E0
3.216219354E1,-2.996525529E0,-6.746607467E0,-1.518162594E0,7.536623595E0
3.217215854E1,-2.796289968E0,-6.622376354E0,-1.682283120E0,7.382762535E0
3.218212454E1,-2.269293285E0,-6.451283315E0,-2.130306723E0,7.162887348E0
3.219208954E1,-1.730153689E0,-6.745346223E0,-2.704396589E0,7.470400816E0
3.220205454E1,-1.441182538E0,-7.192490990E0,-3.207103645E0,8.005900795E0
3.221201954E1,-1.360572823E0,-7.218488880E0,-3.660548787E0,8.207152828E0
3.222198454E1,-1.364336091E0,-6.845855767E0,-3.942612623E0,8.016941339E0
3.223195054E1,-1.325383109E0,-6.255150746E0,-4.264134055E0,7.685466184E0
3.224191554E1,-1.196163152E0,-5.725460835E0,-4.537479107E0,7.402730895E0
3.225188054E1,-9.355305308E-1,-5.373604048E0,-4.663693011E0,7.176410687E0
3.226184554E1,-5.290262514E-1,-5.162475125E0,-4.562924436E0,6.910231370E0
3.227181054E1,-3.413446623E-1,-5.097878594E0,-4.307757792E0,6.682937942E0
3.228177654E1,-3.484379196E-1,-4.837385722E0,-4.088822250E0,6.343514562E0
3.229174154E1,-2.498100096E-1,-4.363411590E0,-3.755335661E0,5.762318255E0
3.230170654E1,8.847714365E-2,-4.073794029E0,-3.506703866E0,5.375927641E0
3.231167154E1,3.805081433E-1,-3.912955545E0,-3.616375412E0,5.341739292E0
3.232163654E1,4.096073967E-1,-3.622462948E0,-3.843237439E0,5.297215310E0
3.233160254E1,2.660676080E-1,-3.108112623E0,-4.002409174E0,5.074488668E0
3.234156754E1,1.546284485E-1,-2.653699182E0,-4.095911415E0,4.882880259E0
3.235153254E1,1.904519999E-1,-2.433794465E0,-4.029709239E0,4.711494881E0
3.236149754E1,4.401713777E-1,-2.295274218E0,-3.641883305E0,4.327279583E0
3.237146254E1,8.215835005E-1,-2.273145138E0,-2.965972073E0,3.826117955E0
3.238142854E1,1.033249199E0,-2.412485164E0,-2.153586243E0,3.394940689E0
3.239139354E1,1.029664856E0,-2.510949060E0,-1.197617939E0,2.966372132E0
3.240135854E1,1.088549826E0,-2.654499081E0,-2.714382756E-1,2.881837059E0
3.241132354E1,1.319099692E0,-2.698365478E0,4.381909257E-1,3.035327254E0
3.242128854E1,1.561610622E0,-2.553032348E0,9.787654281E-1,3.148743189E0
3.243125454E1,1.789946732E0,-2.086546015E0,1.310469201E0,3.045474200E0
3.244121954E1,1.926329529E0,-1.487429628E0,1.321469568E0,2.769381550E0
3.245118454E1,1.963792639E0,-8.616673332E-1,1.069497843E0,2.396409347E0
3.246114954E1,1.954474517E0,-2.245531078E-1,6.892539936E-1,2.084578087E0
3.247111454E1,2.000140686E0,2.931810008E-1,3.166243887E-1,2.046159541E0
3.248108054E1,1.923832768E0,6.080794376E-1,-1.998695254E-2,2.017744433E0
3.249104554E1,1.728518808E0,9.581279728E-1,-2.632790709E-1,1.993765872E0
3.250101054E1,1.518586224E0,1.284322792E0,-5.118868929E-1,2.053683847E0
3.251097554E1,1.068582169E0,1.463928060E0,-7.519127566E-1,1.962224761E0
3.252094054E1,3.793264210E-1,1.507457511E0,-8.392087626E-1,1.766518618E0
3.253090654E1,-1.838516629E-1,1.615328846E0,-9.631755817E-1,1.889654973E0
3.254087154E1,-5.398740059E-1,1.844476842E0,-1.051472631E0,2.190697025E0
3.255083654E1,-6.477674139E-1,2.010830127E0,-1.134313059E0,2.397854570E0
3.256080154E1,-7.316398752E-1,2.085291203E0,-1.225386951E0,2.526916992E0
3.257076654E1,-9.055857700E-1,2.171261206E0,-1.306167989E0,2.690824340E0
3.258073254E1,-1.220454825E0,2.298334212E0,-1.402537705E0,2.956173565E0
3.259069754E1,-1.499754682E0,2.413843619E0,-1.379318411E0,3.158864416E0
3.260066254E1,-1.717165269E0,2.432794737E0,-1.344515199E0,3.267241637E0
3.261062754E1,-1.829811294E0,2.445046993E0,-1.187761288E0,3.276772962E0
3.262059254E1,-1.859236822E0,2.406518081E0,-8.501366240E-1,3.157661019E0
3.263055854E1,-1.925540155E0,2.423171536E0,-5.429104650E-1,3.142326678E0
3.264052354E1,-2.038465092E0,2.577854948E0,-2.094525272E-1,3.293105893E0
3.265048854E1,-1.992559771E0,2.794561531E0,1.703726614E-1,3.436407344E0
3.266045354E1,-1.783791953E0,2.976321060E0,3.953466225E-1,3.492377376E0
3.267041854E1,-1.581138568E0,3.122059694E0,4.933769470E-1,3.534215149E0
3.268038454E1,-1.394022989E0,3.270817831E0,5.394278634E-1,3.596182948E0
3.269034954E1,-1.253290449E0,3.447444674E0,5.092205626E-1,3.703365673E0
3.270031454E1,-1.129045302E0,3.548848257E0,4.318519592E-1,3.749075001E0
3.271027954E1,-8.862086821E-1,3.527454172E0,4.342270982E-1,3.662902120E0
3.272024454E1,-4.555711895E-1,3.325690441E0,5.382198286E-1,3.399623891E0
3.273021054E1,-9.021025836E-2,3.176956571E0,6.618480939E-1,3.246418618E0
3.274017554E1,1.255098993E-1,2.863035350E0,8.263811409E-1,2.982554264E0
3.275014054E1,1.932574940E-1,2.436779615E0,1.022859866E0,2.649808607E0
3.276010554E1,3.124126393E-1,2.224759721E0,1.252916812E0,2.572344847E0
3.277007054E1,5.874060220E-1,2.149392474E0,1.586122735E0,2.735090340E0
3.278003654E1,1.027910691E0,2.023523409E0,1.846005743E0,2.925574230E0
3.279000154E1,1.414842585E0,1.830386075E0,2.061597846E0,3.098754331E0
3.279996654E1,1.815050583E0,1.595637470E0,2.435424961E0,3.431000189E0
3.280993154E1,2.145875520E0,1.377032150E0,2.961283776E0,3.907710441E0
3.281989654E1,2.231040800E0,1.211999385E0,3.505357252E0,4.328280839E0
3.282986254E1,2.083462924E0,1.041725907E0,4.102448017E0,4.717636098E0
3.283982754E1,1.752653190E0,8.537050335E-1,4.613718613E0,5.008692937E0
3.284979254E1,1.255360948E0,6.087424388E-1,4.893721890E0,5.088714219E0
3.285975754E1,8.335942662E-1,4.148938644E-1,4.982842228E0,5.069095875E0
3.286972254E1,7.426250392E-1,1.588804706E-1,4.985931312E0,5.043435932E0
3.287968854E1,8.240475172E-1,-4.821329706E-1,4.837677498E0,4.930986725E0
3.288965354E1,9.006419492E-1,-1.149595488E0,4.730607963E0,4.950896626E0
3.289961854E1,9.495223331E-1,-1.398118818E0,4.622021075E0,4.921321744E0
3.290958354E1,9.321870929E-1,-1.511252062E0,4.351918303E0,4.700217919E0
3.291954854E1,8.930779910E-1,-1.565134739E0,4.022194397E0,4.407412259E0
3.292951454E1,1.056990064E0,-1.410832857E0,3.748614872E0,4.142437785E0
3.293947954E1,1.220055460E0,-1.297543492E0,3.452659221E0,3.884972347E0
3.294944454E1,1.164061353E0,-1.259366729E0,3.096143373E0,3.539371014E0
3.295940954E1,1.083214826E0,-1.213646400E0,2.698135098E0,3.150591206E0
3.296937454E1,9.095110059E-1,-1.225723312E0,2.258726197E0,2.726068954E0
3.297933954E1,6.403361875E-1,-1.216399123E0,1.794278349E0,2.260330076E0
3.298930554E1,3.635757762E-1,-1.153320749E0,1.271026808E0,1.754378876E0
3.299927054E1,1.364085245E-1,-1.157663184E0,7.127428436E-1,1.366306588E0
3.300923554E1,-3.010380507E-2,-1.269031738E0,1.316716951E-1,1.276199525E0
3.301920054E1,-2.075299627E-1,-1.437873306E0,-4.528224134E-1,1.521708404E0
3.302916554E1,-3.788071883E-1,-1.524914958E0,-1.026488063E0,1.876842631E0
3.303913154E1,-5.067343265E-1,-1.557338646E0,-1.558636143E0,2.260847178E0
3.304909654E1,-5.957909292E-1,-1.633280236E0,-2.006799495E0,2.655148843E0
3.305906154E1,-7.349482298E-1,-1.694037339E0,-2.483671507E0,3.094920929E0
3.306902654E1,-9.504777682E-1,-1.717339078E0,-2.929581342E0,3.526344897E0
3.307899154E1,-1.020602256E0,-1.755063851E0,-3.352204056E0,3.919075161E0
3.308895754E1,-1.123372334E0,-1.852285214E0,-3.850283918E0,4.417874168E0
3.309892254E1,-1.258723097E0,-1.968070609E0,-4.303256605E0,4.896499072E0
3.310888754E1,-1.381778920E0,-2.092221030E0,-4.674838389E0,5.304791776E0
3.311885254E1,-1.517661195E0,-2.095938836E0,-4.916993809E0,5.556355210E0
3.312881754E1,-1.533437567E0,-1.996733221E0,-5.098104297E0,5.685863325E0
3.313878354E1,-1.356518363E0,-1.899937244E0,-5.176608430E0,5.678659915E0
3.314874854E1,-1.270000037E0,-1.816312851E0,-5.141173133E0,5.598531383E0
3.315871333E1,-1.285122691E0,-1.810009406E0,-5.019472110E0,5.488421872E0
3.316867833E1,-1.232082598E0,-1.915433681E0,-4.849121668E0,5.357321595E0
3.317864333E1,-1.261507541E0,-2.178258862E0,-4.650741429E0,5.288251959E0
3.318860933E1,-1.402961628E0,-2.436748040E0,-4.375541639E0,5.201096709E0
3.319857433E1,-1.488544400E0,-2.679473124E0,-3.992401080E0,5.033349484E0
3.320853933E1,-1.534236297E0,-2.903569418E0,-3.701068237E0,4.947979636E0
3.321850433E1,-1.467313744E0,-3.076726524E0,-3.512107278E0,4.894298035E0
3.322846933E1,-1.267177586E0,-3.244799475E0,-3.349131344E0,4.832302084E0
3.323843433E1,-1.003022017E0,-3.452159868E0,-3.230690728E0,4.833303581E0
3.324840033E1,-8.107901251E-1,-3.631440763E0,-3.278002889E0,4.958835103E0
3.325836533E1,-6.939557397E-1,-3.748559615E0,-3.416921623E0,5.119436213E0
3.326833033E1,-6.335668659E-1,-3.842485487E0,-3.548558820E0,5.268621394E0
3.327829533E1,-6.804790771E-1,-3.900933377E0,-3.590069373E0,5.344991216E0
3.328826033E1,-6.794259936E-1,-4.042337763E0,-3.566240215E0,5.433247974E0
3.329822633E1,-5.769202101E-1,-4.304852895E0,-3.554268041E0,5.612255936E0
3.330819133E1,-2.524453497E-1,-4.672002197E0,-3.744954515E0,5.992997372E0
3.331815633E1,2.028416651E-1,-4.932853796E0,-3.983578216E0,6.343743904E0
3.332812133E1,3.523233944E-1,-5.292507845E0,-4.163518676E0,6.743119370E0
3.333808633E1,2.577797645E-1,-5.536019234E0,-4.272089776E0,6.997478862E0
3.334805233E1,4.159416854E-1,-5.509976320E0,-4.281878600E0,6.990517211E0
3.335801733E1,5.030698764E-1,-5.710677904E0,-4.186848482E0,7.098916934E0
3.336798233E1,1.290848869E-1,-6.113929378E0,-4.001195877E0,7.307965776E0
3.337794733E1,-2.831841624E-1,-6.372204401E0,-3.631364164E0,7.339753940E0
3.338791233E1,-2.831256902E-1,-6.749962599E0,-3.094306177E0,7.430806549E0
3.339787733E1,-2.319005728E-2,-7.331780437E0,-2.263833740E0,7.673362064E0
3.340784333E1,2.614062077E-1,-7.954618247E0,-1.298465160E0,8.064136435E0
3.341780833E1,7.703408414E-1,-8.451837984E0,-2.664494312E-1,8.491053269E0
3.342777333E1,1.481274557E0,-8.682539878E0,7.682520698E-1,8.841429991E0
3.343773833E1,2.174115817E0,-8.958204521E0,1.653653398E0,9.365403215E0
3.344770333E1,2.685958856E0,-9.233127152E0,2.273672265E0,9.881022091E0
3.345766933E1,3.107565324E0,-9.291817410E0,2.839422539E0,1.020084082E1
3.346763433E1,3.499836895E0,-9.117785561E0,3.441551850E0,1.035505437E1
3.347759933E1,3.974499244E0,-8.644913045E0,4.099093469E0,1.036019947E1
3.348756433E1,4.512560613E0,-7.859204552E0,4.659857823E0,1.019041581E1
3.349752933E1,5.113452069E0,-6.751201624E0,5.377716980E0,1.003224578E1
3.350749533E1,5.768564170E0,-5.138167664E0,6.194228021E0,9.901795812E0
3.351746033E1,6.099539380E0,-3.499145170E0,6.986871897E0,9.912859147E0
3.352742533E1,5.954761736E0,-2.179879417E0,7.641168312E0,9.929678483E0
3.353739033E1,5.450708942E0,-1.041228309E0,8.013631271E0,9.747444307E0
3.354735533E1,4.771119812E0,-8.953256607E-2,7.991154574E0,9.307531991E0
3.355732033E1,4.156295026E0,4.171000189E-1,7.396134893E0,8.494208151E0
3.356728633E1,3.643793006E0,7.419876927E-1,6.236494035E0,7.260966261E0
3.357725133E1,3.326596175E0,1.029311684E0,4.786541258E0,5.919180844E0
3.358721633E1,3.182692689E0,1.203466324E0,3.358991504E0,4.781285169E0
3.359718133E1,2.985244496E0,1.422514717E0,2.144255841E0,3.941201077E0
3.360714633E1,2.784676813E0,1.748242636E0,1.038844399E0,3.448184298E0
3.361711233E1,2.580280373E0,1.987765054E0,-5.505157191E-2,3.257619896E0
3.362707733E1,2.291034987E0,2.261108353E0,-9.467530918E-1,3.355263583E0
3.363704233E1,2.335124747E0,3.064607000E0,-1.480291055E0,4.127455058E0
3.364700733E1,2.622595503E0,3.142418237E0,-1.890586669E0,4.508560469E0
3.365697233E1,2.953009381E0,3.240293611E0,-2.288959225E0,4.945614362E0
3.366693833E1,3.112426699E0,3.459779960E0,-2.805211065E0,5.433827973E0
3.367690333E1,2.896721744E0,3.541109467E0,-3.265014469E0,5.620566929E0
3.368686833E1,2.588926651E0,3.715597399E0,-3.521053517E0,5.736377176E0
3.369683333E1,2.552394417E0,4.058960520E0,-3.822120804E0,6.131760368E0
3.370679833E1,2.780148729E0,4.311564329E0,-3.979696834E0,6.492826874E0
3.371676333E1,2.943435735E0,3.967560353E0,-3.758274472E0,6.207251895E0
3.372672933E1,2.961319736E0,3.718732676E0,-3.268302358E0,5.768898300E0
3.373669433E1,2.986007265E0,3.375455509E0,-2.451493109E0,5.130278525E0
3.374665933E1,3.167597810E0,2.959714383E0,-1.512384667E0,4.591393306E0
3.375662433E1,3.447674177E0,2.667020309E0,-7.935361612E-1,4.430480132E0
3.376658933E1,3.921041075E0,2.371862218E0,-1.982274811E-1,4.586893026E0
3.377655533E1,4.529545313E0,2.165713953E0,3.020911342E-1,5.029747182E0
3.378652033E1,5.012897501E0,1.942237464E0,7.226083390E-1,5.424351623E0
3.379648533E1,5.512737375E0,1.694254124E0,1.089685355E0,5.869257583E0
3.380645033E1,6.155325326E0,1.396091734E0,1.451387098E0,6.476389928E0
3.381641533E1,7.082276237E0,1.104399288E0,1.828061222E0,7.397306423E0
3.382638033E1,7.923097077E0,9.803886151E-1,2.319243125E0,8.313574310E0
3.383634633E1,8.823905672E0,1.095604491E0,2.736056045E0,9.303099655E0
3.384631133E1,9.935226309E0,1.109340186E0,3.047555934E0,1.045117001E1
3.385627633E1,1.090489230E1,1.154668386E0,3.637815982E0,1.155351203E1
3.386624133E1,1.165708865E1,1.466932506E0,4.193849938E0,1.247509455E1
3.387620633E1,1.220893717E1,1.933019913E0,4.741624117E0,1.323924892E1
3.388617133E1,1.257878408E1,2.189555975E0,5.210607065E0,1.379022807E1
3.389613733E1,1.253633914E1,2.392018740E0,5.627970793E0,1.394831918E1
3.390610233E1,1.207009386E1,2.685313323E0,5.981368321E0,1.373589606E1
3.391606733E1,1.145385580E1,2.844889686E0,6.049597142E0,1.326204493E1
3.392603233E1,1.073332915E1,2.554326337E0,5.826661520E0,1.247713597E1
3.393599733E1,9.991971198E0,2.072912793E0,5.533415469E0,1.160840827E1
3.394596333E1,9.392474304E0,1.358871283E0,4.973668531E0,1.071459208E1
3.395592833E1,8.984437469E0,3.226967221E-1,4.292797691E0,9.962547959E0
3.396589333E1,8.545849518E0,-7.804389828E-1,3.633756845E0,9.319056701E0
3.397585833E1,7.986194381E0,-1.704168078E0,3.139717408E0,8.748789341E0
3.398582333E1,7.311081294E0,-2.417089847E0,2.736213920E0,8.171970364E0
3.399578833E1,6.461901274E0,-2.877031245E0,2.368770211E0,7.459527410E0
3.400575433E1,5.614387127E0,-3.115056192E0,2.109304694E0,6.758260440E0
3.401571933E1,4.759707216E0,-3.312568704E0,2.107025449E0,6.169884962E0
3.402568433E1,4.113947736E0,-3.411734558E0,1.997156267E0,5.705535192E0
3.403564933E1,3.439536899E0,-3.592103035E0,2.218214933E0,5.445557435E0
3.404561433E1,2.724594333E0,-3.710543066E0,2.588386953E0,5.281220611E0
3.405558033E1,2.339925896E0,-3.616378920E0,2.514441894E0,4.987571326E0
3.406554533E1,1.669688802E0,-3.630977663E0,2.861254288E0,4.915143496E0
3.407551033E1,1.237818716E0,-3.683590910E0,2.905368022E0,4.852030555E0
3.408547533E1,1.126740330E0,-3.776299683E0,3.041357886E0,4.977935401E0
3.409544033E1,4.965666032E-1,-4.098836777E0,2.657058408E0,4.909888053E0
3.410540533E1,5.665419871E-1,-3.895040846E0,2.580131269E0,4.706313885E0
3.411537133E1,2.744636250E-1,-4.290514353E0,2.478287975E0,4.962434381E0
3.412533633E1,-5.761390221E-1,-4.417688954E0,1.643804932E0,4.748684715E0
3.413530133E1,-1.225820814E0,-4.826568958E0,1.178735526E0,5.117403835E0
3.414526633E1,-1.983648030E0,-5.237908884E0,8.108392417E-1,5.659329400E0
3.415523133E1,-2.892400652E0,-5.654396700E0,2.439066607E-1,6.355916458E0
3.416519583E1,-3.777398375E0,-5.888392915E0,-2.551607236E-1,7.000501168E0
3.417516183E1,-4.493305147E0,-6.070678693E0,-5.761513013E-1,7.574620866E0
3.418512683E1,-4.979397633E0,-6.048412496E0,-8.114784886E-1,7.876305723E0
3.419509183E1,-5.331233954E0,-6.048182700E0,-9.237725110E-1,8.115166363E0
3.420505683E1,-5.553963754E0,-6.092059622E0,-9.524494493E-1,8.298606134E0
3.421502183E1,-5.739758447E0,-6.169339932E0,-8.289292844E-1,8.467154539E0
3.422498783E1,-5.829569925E0,-6.243053441E0,-8.638957071E-1,8.585215057E0
3.423495283E1,-5.959012662E0,-6.239018862E0,-1.021482335E0,8.687842910E0
3.424491783E1,-6.072926363E0,-6.179156238E0,-1.083029981E0,8.731286295E0
3.425488283E1,-6.296243223E0,-6.206990739E0,-1.103909219E0,8.909995977E0
3.426484783E1,-6.582699487E0,-6.178656886E0,-1.147693242E0,9.100820470E0
3.427481283E1,-6.767729364E0,-6.216870779E0,-1.151081704E0,9.261567476E0
3.428477883E1,-6.811706858E0,-6.404336021E0,-1.032787269E0,9.406461594E0
3.429474383E1,-6.858572291E0,-6.543334862E0,-6.849410874E-1,9.503914419E0
3.430470883E1,-6.991087739E0,-6.670349250E0,-3.575771177E-1,9.669370625E0
3.431467383E1,-6.938334160E0,-6.869715915E0,-8.370523095E-2,9.764245195E0
3.432463883E1,-6.848537300E0,-7.174568104E0,1.942386385E-1,9.920414269E0
3.433460483E1,-6.741406369E0,-7.447760544E0,5.459369473E-1,1.006050417E1
3.434456983E1,-6.641423074E0,-7.679873371E0,8.859350324E-1,1.019185147E1
3.435453483E1,-6.673487450E0,-7.896705084E0,9.890623748E-1,1.038612682E1
3.436449983E1,-6.621528507E0,-8.026063036E0,9.623873770E-1,1.044933094E1
3.437446483E1,-6.426931416E0,-8.103733941E0,8.644383287E-1,1.037897899E1
3.438442983E1,-6.088454813E0,-8.204241146E0,7.305218875E-1,1.024268114E1
3.439439583E1,-5.632119393E0,-8.277842973E0,6.821934807E-1,1.003537947E1
3.440436083E1,-5.152867565E0,-8.257569507E0,5.207214876E-1,9.747340620E0
3.441432583E1,-4.829824103E0,-8.114655370E0,3.790516019E-2,9.443318772E0
3.442429083E1,-4.596352968E0,-7.883823084E0,-6.211158049E-1,9.146961892E0
3.443425583E1,-4.223487135E0,-7.775898685E0,-1.275303462E0,8.940293220E0
3.444422083E1,-4.055217717E0,-7.751028138E0,-1.633761170E0,8.899011378E0
3.445418683E1,-4.153900006E0,-7.661846990E0,-1.575712352E0,8.856729305E0
3.446415183E1,-4.177087140E0,-7.501131005E0,-1.258732452E0,8.677524458E0
3.447411683E1,-3.820229815E0,-7.243895617E0,-7.203956795E-1,8.221140400E0
3.448408183E1,-2.978046573E0,-7.030182223E0,-2.428582549E-2,7.634973038E0
3.449404683E1,-1.892301657E0,-6.811454258E0,4.759329486E-1,7.085423547E0
3.450401183E1,-6.382972634E-1,-6.632253470E0,8.212051857E-1,6.713314193E0
3.451397783E1,6.478118527E-1,-6.207287192E0,9.988856971E-1,6.320430928E0
3.452394283E1,1.813400499E0,-5.914982543E0,9.328098214E-1,6.256642392E0
3.453390783E1,2.755274674E0,-5.715782524E0,7.978128147E-1,6.395171122E0
3.454387283E1,3.164555796E0,-5.459751661E0,7.979882312E-1,6.360824381E0
3.455383783E1,3.183982585E0,-5.043991824E0,8.609288299E-1,6.026673799E0
3.456380283E1,3.091336377E0,-4.545898513E0,8.537133658E-1,5.563306606E0
3.457376883E1,2.960238878E0,-3.810598866E0,8.042517686E-1,4.891880910E0
3.458373383E1,2.896284957E0,-2.889585802E0,6.188587797E-1,4.137772208E0
3.459369883E1,2.969048293E0,-1.755345833E0,4.030006278E-1,3.472592154E0
3.460366383E1,2.985918680E0,-6.116912627E-1,2.733608401E-1,3.060163838E0
3.461362883E1,2.995057878E0,3.300145125E-1,2.259656489E-1,3.021645536E0
3.462359383E1,3.104790820E0,1.150267771E0,-8.180196226E-2,3.312028614E0
3.463355983E1,3.163678713E0,2.074129014E0,-2.319625533E-1,3.790076621E0
3.464352483E1,3.049687244E0,2.571674441E0,-2.095133565E-1,3.994746245E0
3.465348983E1,2.877119538E0,2.636618881E0,-3.724323710E-2,3.902686641E0
3.466345483E1,2.778415030E0,2.539529958E0,-3.091937470E-1,3.776824494E0
3.467341983E1,2.876039557E0,2.752269790E0,-1.009002550E0,4.106662718E0
3.468338483E1,2.789021879E0,2.952307130E0,-1.639116635E0,4.379664801E0
3.469335083E1,2.378314621E0,3.010355363E0,-2.176911955E0,4.411073057E0
3.470331583E1,1.960702971E0,2.945596865E0,-2.645610729E0,4.418161740E0
3.471328083E1,1.681388496E0,2.754401684E0,-2.840761551E0,4.299269950E0
3.472324583E1,1.567973562E0,2.639198087E0,-2.903819094E0,4.225644681E0
3.473321083E1,1.550982138E0,2.517646753E0,-3.002780880E0,4.214354492E0
3.474317583E1,1.696875431E0,2.246086271E0,-2.803259849E0,3.972726462E0
3.475314183E1,1.884992930E0,1.894268076E0,-2.225621016E0,3.477763476E0
3.476310683E1,2.083852057E0,1.470090587E0,-1.608021727E0,3.014853164E0
3.477307183E1,2.219486702E0,1.166991978E0,-9.542702723E-1,2.683025018E0
3.478303683E1,2.305518833E0,1.173757791E0,-2.473571026E-1,2.598905534E0
3.479300183E1,2.574962915E0,1.308382330E0,3.975334811E-1,2.915532748E0
3.480296683E1,3.005080590E0,1.445691910E0,9.629826236E-1,3.471004176E0
3.481293283E1,3.671199490E0,1.630372124E0,1.485440698E0,4.282797337E0
3.482289783E1,4.530962678E0,1.832360095E0,1.915386465E0,5.249368687E0
3.483286283E1,5.344199570E0,2.026266046E0,2.216443226E0,6.130158539E0
3.484282783E1,6.217540870E0,2.070946375E0,2.407971114E0,6.981758964E0
3.485279283E1,7.097283701E0,2.025976608E0,2.573190039E0,7.816477731E0
3.486275783E1,7.819128320E0,2.081789451E0,2.924362117E0,8.603749694E0
3.487272383E1,8.486539455E0,2.166807967E0,3.348645440E0,9.377090965E0
3.488268883E1,9.186975079E0,2.301955247E0,3.693979658E0,1.016587403E1
3.489265383E1,9.951642952E0,2.521439257E0,3.877971654E0,1.097412947E1
3.490261883E1,1.070358202E1,2.666666552E0,4.049234262E0,1.175049261E1
3.491258383E1,1.129071849E1,2.691652290E0,4.223177233E0,1.235154006E1
3.492254883E1,1.169423952E1,2.431320800E0,4.396585768E0,1.272778555E1
3.493251483E1,1.171143501E1,1.963890288E0,4.563244278E0,1.272154760E1
3.494247983E1,1.124260175E1,1.437669531E0,4.675079294E0,1.226047936E1
3.495244483E1,1.049352080E1,9.089099121E-1,4.758901470E0,1.155799460E1
3.496240983E1,9.736166039E0,4.560746348E-1,4.761393553E0,1.084766342E1
3.497237483E1,9.034246391E0,1.606247681E-1,4.663402405E0,1.016812324E1
3.498233983E1,8.439217354E0,7.335448980E-2,4.505726388E0,9.566992250E0
3.499230583E1,7.990289186E0,9.882086813E-2,4.280181738E0,9.065012000E0
3.500227083E1,7.613010460E0,3.765858310E-1,3.988398660E0,8.602736136E0
3.501223583E1,7.442917296E0,5.461971849E-1,3.460917828E0,8.226378392E0
3.502220083E1,7.589902264E0,4.122152549E-1,2.776020595E0,8.092146077E0
3.503216583E1,7.704313563E0,1.120279741E-1,2.188093586E0,8.009790964E0
3.504213083E1,7.653264447E0,-3.541032869E-1,1.682424037E0,7.844003855E0
3.505209683E1,7.409968235E0,-8.035243750E-1,1.246597141E0,7.556936225E0
3.506206183E1,7.049322499E0,-1.247689986E0,9.466746660E-1,7.221209796E0
3.507202683E1,6.495926807E0,-1.595834960E0,8.506225276E-1,6.742945423E0
3.508199183E1,5.909855704E0,-1.770686588E0,9.253429270E-1,6.238428085E0
3.509195683E1,5.385890218E0,-1.917165188E0,1.081071895E0,5.818251648E0
3.510192183E1,4.929489309E0,-2.187459163E0,1.386618075E0,5.568442522E0
3.511188783E1,4.450250929E0,-2.360311044E0,1.609214559E0,5.288229671E0
3.512185283E1,4.007885091E0,-2.346639669E0,1.747753808E0,4.962308335E0
3.513181783E1,3.466899530E0,-2.365857713E0,2.078053665E0,4.683479700E0
3.514178283E1,2.832033412E0,-2.587846085E0,2.279473872E0,4.462438991E0
3.515174783E1,1.733341591E0,-3.111483543E0,1.777527831E0,3.980629108E0
3.516171354E1,-9.724615449E-1,-4.220384018E0,1.667110180E0,4.640751994E0
3.517167954E1,7.125066161E-2,-3.207027631E0,2.721731536E0,4.206890234E0
3.518164454E1,1.257802745E0,-3.918755983E0,1.890862073E0,4.529246690E0
3.519160954E1,8.733880770E-1,-4.154643188E0,1.408331126E0,4.472947944E0
3.520157454E1,3.587401289E-1,-4.294228504E0,8.750194502E-1,4.397129969E0
3.521153954E1,-4.519272047E-1,-4.597107258E0,4.643332422E-1,4.642546575E0
3.522150454E1,-1.529586591E0,-5.093414245E0,1.595968276E-1,5.320523937E0
3.523146954E1,-2.435017410E0,-5.450468037E0,-3.534326112E-1,5.980119248E0
3.524143554E1,-3.019427903E0,-5.538010211E0,-6.180436778E-1,6.337860834E0
3.525140054E1,-3.427464738E0,-5.553670809E0,-6.380458331E-1,6.557276604E0
3.526136554E1,-3.790896088E0,-5.523759377E0,-4.496596545E-1,6.714536813E0
3.527133054E1,-4.138791971E0,-5.561942280E0,-2.483569948E-1,6.937325284E0
3.528129554E1,-4.489074687E0,-5.661902186E0,-1.216016203E-1,7.226597737E0
3.529126054E1,-4.856538861E0,-5.852362372E0,1.519878459E-1,7.606524525E0
3.530122654E1,-5.227139482E0,-6.063190749E0,4.157463884E-1,8.016115910E0
3.531119154E1,-5.713923109E0,-6.365913967E0,4.727362758E-1,8.567219941E0
3.532115654E1,-6.451007327E0,-6.549261015E0,4.320805854E-1,9.202989134E0
3.533112154E1,-7.049814835E0,-6.553442359E0,3.069320440E-1,9.630249386E0
3.534108654E1,-7.444598370E0,-6.438701862E0,1.723373258E-1,9.844217933E0
3.535105154E1,-7.614623707E0,-6.363478602E0,-1.070180798E-1,9.924102326E0
3.536101754E1,-7.623507382E0,-6.348705611E0,-4.136753047E-1,9.929504267E0
3.537098254E1,-7.541805407E0,-6.414538243E0,-6.504501164E-1,9.922107388E0
3.538094754E1,-7.454727502E0,-6.531301292E0,-7.772399712E-1,9.941577373E0
3.539091254E1,-7.373275203E0,-6.786831048E0,-7.431167901E-1,1.004880518E1
3.540087754E1,-7.267159933E0,-7.055169715E0,-6.311753547E-1,1.014817301E1
3.541084254E1,-7.125765488E0,-7.228304601E0,-4.571142697E-1,1.016040721E1
3.542080754E1,-6.924619516E0,-7.353975298E0,-1.860724354E-1,1.010276849E1
3.543077354E1,-6.696272296E0,-7.388996027E0,1.268577190E-1,9.972633445E0
3.544073854E1,-6.358999050E0,-7.379929335E0,3.830195955E-1,9.749201501E0
3.545070354E1,-5.935432010E0,-7.403400058E0,5.000304937E-1,9.502090089E0
3.546066854E1,-5.568611614E0,-7.457405527E0,5.018010672E-1,9.320629636E0
3.547063354E1,-5.352853450E0,-7.433427849E0,3.068267211E-1,9.165316813E0
3.548059854E1,-5.208223155E0,-7.355385062E0,-2.742461085E-2,9.012659427E0
3.549056454E1,-4.970466596E0,-7.331642443E0,-3.746065485E-1,8.865599199E0
3.550052954E1,-4.781651232E0,-7.318604906E0,-7.115335663E-1,8.771114313E0
3.551049454E1,-4.740551153E0,-7.152456858E0,-9.324378654E-1,8.631332731E0
3.552045954E1,-4.580703480E0,-6.975661030E0,-9.123878360E-1,8.394947453E0
3.553042454E1,-4.249470992E0,-6.815504040E0,-7.171317637E-1,8.063707397E0
3.554038954E1,-3.642376226E0,-6.682248334E0,-4.432130262E-1,7.623370983E0
3.555035554E1,-2.894478752E0,-6.487606219E0,-5.695538878E-2,7.104244197E0
3.556032054E1,-2.161182945E0,-6.276480803E0,3.058864157E-1,6.645185438E0
3.557028554E1,-1.404253863E0,-6.173093845E0,5.772979403E-1,6.357066103E0
3.558025054E1,-7.398663229E-1,-6.168742347E0,7.702257974E-1,6.260513725E0
3.559021554E1,-2.336518139E-1,-6.239451556E0,9.411103825E-1,6.314351720E0
3.560018054E1,1.774033535E-1,-6.168706679E0,1.117119614E0,6.271552461E0
3.561014554E1,5.427204305E-1,-5.922748230E0,1.266804972E0,6.080977463E0
3.562011154E1,8.516685945E-1,-5.545712163E0,1.251522835E0,5.748614807E0
3.563007654E1,1.152804878E0,-4.872159698E0,1.000402465E0,5.105654150E0
3.564004154E1,1.256208794E0,-4.125573755E0,6.599122269E-1,4.362786207E0
3.565000654E1,1.319334165E0,-3.323548021E0,3.001084895E-1,3.588409006E0
3.565997154E1,1.417206030E0,-2.382157996E0,-1.926306725E-1,2.778534906E0
3.566993654E1,1.532358756E0,-1.525071956E0,-6.378224695E-1,2.254059744E0
3.567990254E1,1.565159882E0,-8.522118008E-1,-1.049183519E0,2.068036863E0
3.568986754E1,1.560013747E0,-3.719431418E-1,-1.438763545E0,2.154535943E0
3.569983254E1,1.494133168E0,6.129051447E-2,-1.657273993E0,2.232206877E0
3.570979754E1,1.413688345E0,4.413302958E-1,-1.731143038E0,2.278188619E0
3.571976254E1,1.393534747E0,7.832345366E-1,-1.672138785E0,2.313318730E0
3.572972754E1,1.355330794E0,1.032617700E0,-1.460323398E0,2.244051091E0
3.573969254E1,1.372854899E0,1.184215536E0,-1.178741373E0,2.162528204E0
3.574965854E1,1.467354090E0,1.292119469E0,-9.557472789E-1,2.176270574E0
3.575962354E1,1.488919791E0,1.412742850E0,-7.229555905E-1,2.176094964E0
3.576958854E1,1.558095276E0,1.487752102E0,-6.270577455E-1,2.243717590E0
3.577955354E1,1.593231779E0,1.595021612E0,-6.898299444E-1,2.357614641E0
3.578951854E1,1.578169937E0,1.696897650E0,-7.907154644E-1,2.448532812E0
3.579948354E1,1.841542563E0,1.772827254E0,-8.077425563E-1,2.680791585E0
3.580944954E1,2.218420755E0,1.925219142E0,-7.097970164E-1,3.021865516E0
3.581941454E1,2.459839425E0,1.961858965E0,-4.504321448E-1,3.178457128E0
3.582937954E1,2.919100208E0,1.857292623E0,-6.358847022E-2,3.460451618E0
3.583934454E1,3.484328325E0,1.875252346E0,2.614418757E-1,3.965534906E0
3.584930954E1,3.888244627E0,1.989740828E0,7.942097604E-1,4.439401310E0
3.585927454E1,4.378524304E0,2.246161700E0,1.347932897E0,5.102317175E0
3.586923954E1,4.906932505E0,2.618210092E0,1.780336687E0,5.839743951E0
3.587920554E1,5.377357961E0,2.820367048E0,2.221418330E0,6.465690088E0
3.588917054E1,5.783302077E0,2.714046541E0,2.665738599E0,6.922340198E0
3.589913554E1,6.137018863E0,2.477723719E0,3.053766847E0,7.288868726E0
3.590910054E1,6.442048223E0,2.244581198E0,3.316309461E0,7.585251380E0
3.591906554E1,6.614667969E0,1.852848154E0,3.551004710E0,7.732820513E0
3.592903054E1,6.548105021E0,1.473228788E0,3.905269088E0,7.765256536E0
3.593899554E1,6.521301384E0,1.240642337E0,4.375060998E0,7.950328539E0
3.594896154E1,6.715340066E0,1.203739389E0,4.770564326E0,8.324846227E0
3.595892654E1,7.074405885E0,1.395719851E0,4.967673966E0,8.756314131E0
3.596889154E1,7.697699193E0,1.619140207E0,4.907950505E0,9.271686256E0
3.597885654E1,8.434361826E0,1.608609372E0,4.701408137E0,9.789245221E0
3.598882154E1,8.884724901E0,1.541854634E0,4.610834767E0,1.012795387E1
3.599878654E1,9.138207546E0,1.497399423E0,4.603011192E0,1.034102288E1
3.600875254E1,9.252731112E0,1.540969951E0,4.600358895E0,1.044753193E1
3.601871754E1,9.302054130E0,1.512227377E0,4.452072921E0,1.042285930E1
3.602868254E1,9.218275809E0,1.561170911E0,4.332603488E0,1.030462598E1
3.603864754E1,8.981487549E0,1.908942833E0,4.358626522E0,1.016409398E1
3.604861254E1,8.805523195E0,2.394585083E0,4.395131858E0,1.012859618E1
3.605857754E1,8.842409770E0,2.758319319E0,4.225412916E0,1.018089634E1
3.606854254E1,9.028319653E0,2.819712160E0,3.696945366E0,1.015523202E1
3.607850854E1,9.263378307E0,2.506382677E0,2.945945067E0,1.003846224E1
3.608847354E1,9.362629530E0,1.866453456E0,2.166779462E0,9.789658496E0
3.609843854E1,9.251820116E0,1.188388109E0,1.627391067E0,9.468729769E0
3.610840354E1,8.933832157E0,4.311923933E-1,1.236185589E0,9.029254603E0
3.611836854E1,8.466408076E0,-3.738674605E-1,1.023989987E0,8.536298852E0
3.612833354E1,7.726047664E0,-1.021563538E0,7.907293515E-1,7.833304378E0
3.613829854E1,6.840585671E0,-1.434086941E0,6.652833331E-1,7.020884531E0
3.614826454E1,6.205323697E0,-1.696723403E0,6.467042439E-1,6.465534694E0
3.615822954E1,5.685705031E0,-1.791758199E0,7.358606878E-1,6.006590555E0
3.616819429E1,5.256156290E0,-1.785432681E0,1.016519730E0,5.643426368E0
3.617815929E1,4.915296362E0,-1.709054012E0,1.445714861E0,5.401027254E0
3.618812429E1,4.497601681E0,-1.686688997E0,1.828137675E0,5.139594149E0
3.619808929E1,3.951292815E0,-1.825106624E0,2.033814655E0,4.804178509E0
3.620805429E1,3.311194024E0,-2.095746170E0,2.175180741E0,4.481915788E0
3.621802029E1,2.708259552E0,-2.467906829E0,1.967915803E0,4.159077605E0
3.622798529E1,1.861951100E0,-2.973181105E0,1.564334693E0,3.841068968E0
3.623795029E1,9.331922293E-1,-3.446475205E0,1.181877673E0,3.761100093E0
3.624791529E1,6.713889956E-2,-3.997888107E0,6.187254632E-1,4.046039810E0
3.625788029E1,-9.549064493E-1,-4.610074044E0,1.345546648E-2,4.707951791E0
3.626784529E1,-1.671271058E0,-4.529896438E0,1.346077283E-1,4.830240981E0
3.627781029E1,-1.564126679E0,-4.464327516E0,-2.764025617E-1,4.738471358E0
3.628777629E1,-1.854675409E0,-4.675326047E0,-3.767676795E-1,5.043852536E0
3.629774129E1,-2.173690724E0,-4.626781878E0,-2.804570941E-1,5.119638473E0
3.630770629E1,-2.456933944E0,-4.734469171E0,2.072362863E-2,5.334055887E0
3.631767129E1,-2.882026522E0,-4.957495133E0,4.944522500E-2,5.734568832E0
3.632763629E1,-3.382483277E0,-5.254526671E0,4.355079308E-3,6.249100945E0
3.633760129E1,-3.819445703E0,-5.459174541E0,7.574008070E-2,6.663069016E0
3.634756629E1,-4.285496857E0,-5.575499634E0,2.425693294E-1,7.036371179E0
3.635753229E1,-4.619274638E0,-5.710318301E0,4.080863898E-1,7.356083725E0
3.636749729E1,-4.938534366E0,-5.917126132E0,6.020642607E-1,7.730716961E0
3.637746229E1,-5.361798520E0,-6.117747610E0,7.504092912E-1,8.169383899E0
3.638742729E1,-5.843681595E0,-6.278837231E0,8.216962056E-1,8.616704487E0
3.639739229E1,-6.310263677E0,-6.464922531E0,7.356476299E-1,9.063985240E0
3.640735729E1,-6.820784075E0,-6.555010582E0,5.321024716E-1,9.474934943E0
3.641732229E1,-7.158309336E0,-6.459960583E0,3.802853644E-1,9.649720216E0
3.642728829E1,-7.274656649E0,-6.232589264E0,3.342081356E-1,9.585274820E0
3.643725329E1,-7.190461421E0,-6.103442397E0,3.054784262E-1,9.436528048E0
3.644721829E1,-7.013266813E0,-6.205106181E0,3.162269242E-1,9.369591964E0
3.645718329E1,-6.829510460E0,-6.462443896E0,4.249778263E-1,9.412013620E0
3.646714829E1,-6.715728321E0,-6.797150799E0,4.833074570E-1,9.567437064E0
3.647711329E1,-6.820665377E0,-7.209571876E0,5.119414182E-1,9.937881406E0
3.648707829E1,-7.049331270E0,-7.485035959E0,5.082738984E-1,1.029452170E1
3.649704429E1,-7.172339730E0,-7.584051540E0,5.019584669E-1,1.045046684E1
3.650700929E1,-6.997051315E0,-7.595065940E0,4.417070027E-1,1.033628844E1
3.651697429E1,-6.648685901E0,-7.552442662E0,3.038751197E-1,1.006661584E1
3.652693929E1,-6.187401981E0,-7.440889481E0,3.596856236E-2,9.677400131E0
3.653690429E1,-5.750567610E0,-7.356901830E0,-2.809878020E-1,9.341947683E0
3.654686929E1,-5.335657373E0,-7.340434901E0,-6.674875872E-1,9.099272708E0
3.655683529E1,-4.888797365E0,-7.337025390E0,-1.119262180E0,8.887352197E0
3.656680029E1,-4.804085829E0,-7.140991638E0,-1.381161454E0,8.716685676E0
3.657676529E1,-4.813981656E0,-6.942770442E0,-1.074340361E0,8.516495055E0
3.658673029E1,-4.443394484E0,-6.900755274E0,-2.605013511E-1,8.211701337E0
3.659669529E1,-3.924027248E0,-6.829864801E0,4.941129653E-1,7.892350136E0
3.660666029E1,-3.328817532E0,-6.697728252E0,9.208325310E-1,7.535815978E0
3.661662529E1,-2.646053363E0,-6.578634503E0,1.036628451E0,7.166214403E0
3.662659029E1,-2.067938567E0,-6.488906640E0,8.297583465E-1,6.860814690E0
3.663655629E1,-1.643494445E0,-6.432893822E0,5.138661754E-1,6.659373496E0
3.664652129E1,-1.318498598E0,-6.410273284E0,1.755016927E-1,6.546819302E0
3.665648629E1,-1.044676997E0,-6.354996046E0,-1.529982448E-1,6.442106273E0
3.666645129E1,-7.579891831E-1,-6.147094785E0,-2.654097962E-1,6.199335792E0
3.667641629E1,-5.044194138E-1,-5.745128530E0,-1.944338076E-1,5.770506501E0
3.668638129E1,-2.317117077E-1,-5.272557730E0,5.527957678E-3,5.277649656E0
3.669634629E1,-3.967101932E-2,-4.711345480E0,2.453490226E-1,4.717896371E0
3.670631229E1,1.097697794E-1,-3.995086121E0,4.992982762E-1,4.027662013E0
3.671627729E1,2.228730565E-1,-3.224921865E0,7.033897837E-1,3.308254921E0
3.672624229E1,3.419422477E-1,-2.467595172E0,7.931935143E-1,2.614403638E0
3.673620729E1,5.110986882E-1,-1.792679721E0,7.953229241E-1,2.026687199E0
3.674617229E1,7.106448627E-1,-1.208290277E0,7.239401154E-1,1.577678930E0
3.675613729E1,9.344148821E-1,-7.156185043E-1,6.096822325E-1,1.325501203E0
3.676610229E1,1.153099578E0,-2.890331322E-1,4.030591730E-1,1.255243198E0
3.677606829E1,1.313177047E0,1.288644469E-1,-3.755432725E-2,1.320019064E0
3.678603329E1,1.454349298E0,5.610812724E-1,-5.085441128E-1,1.639683259E0
3.679599829E1,1.619437830E0,9.070159990E-1,-1.037567294E0,2.126453103E0
3.680596329E1,1.683762465E0,1.136639081E0,-1.636359673E0,2.608577662E0
3.681592829E1,1.765890117E0,1.319548173E0,-2.050437266E0,3.010625893E0
3.682589329E1,1.865027905E0,1.461036758E0,-2.103272706E0,3.168077267E0
3.683585829E1,2.038680269E0,1.522747688E0,-1.836696975E0,3.138221397E0
3.684582329E1,2.371443558E0,1.468786658E0,-1.344446787E0,3.096549040E0
3.685578929E1,2.943590686E0,1.472217804E0,-9.051992691E-1,3.413434796E0
3.686575429E1,3.460429878E0,1.439530699E0,-5.327912005E-1,3.785589787E0
3.687571929E1,3.722004193E0,1.515277870E0,-3.619368017E-1,4.034895350E0
3.688568429E1,4.095435451E0,1.647444239E0,-3.427860010E-1,4.427659235E0
3.689564929E1,4.290645915E0,1.773020212E0,-1.591342398E-1,4.645273592E0
3.690561429E1,4.538237491E0,1.848352230E0,1.144826353E-1,4.901541775E0
3.691557929E1,4.952774091E0,1.875392679E0,6.112234855E-1,5.331103361E0
3.692554529E1,5.327956590E0,1.948634318E0,1.176760336E0,5.793881429E0
3.693551029E1,5.739967192E0,2.075526499E0,1.698544665E0,6.335620537E0
3.694547529E1,6.068611702E0,2.217351884E0,1.930026723E0,6.743122461E0
3.695544029E1,6.397682474E0,2.334720120E0,1.803444006E0,7.045116703E0
3.696540529E1,6.744449844E0,2.322186613E0,1.391495969E0,7.267490310E0
3.697537029E1,7.031882594E0,2.187277315E0,9.674206603E-1,7.427479895E0
3.698533529E1,7.366917526E0,1.981807911E0,8.879349263E-1,7.680329736E0
3.699530129E1,7.751897619E0,1.823941859E0,1.068790330E0,8.034985586E0
3.700526629E1,8.203773369E0,1.840502343E0,1.370857052E0,8.518720292E0
3.701523129E1,8.710246325E0,2.126621808E0,1.737605527E0,9.132917623E0
3.702519629E1,9.350595961E0,2.516007194E0,2.206953195E0,9.931494320E0
3.703516129E1,1.013124837E1,2.752967362E0,2.562210138E0,1.080675453E1
3.704512629E1,1.070391531E1,2.705257006E0,2.688491285E0,1.136310714E1
3.705509129E1,1.098353150E1,2.472137289E0,2.891855106E0,1.162377964E1
3.706505629E1,1.103275220E1,2.267943163E0,3.126361783E0,1.168928249E1
3.707502229E1,1.088091053E1,2.081258524E0,3.340577452E0,1.157088193E1
3.708498729E1,1.052933616E1,2.023637137E0,3.410519215E0,1.125138519E1
3.709495229E1,1.019579344E1,2.085734568E0,3.462792445E0,1.096792707E1
3.710491729E1,1.005869845E1,2.275826964E0,3.536928416E0,1.090259903E1
3.711488229E1,1.008668440E1,2.545944938E0,3.447975601E0,1.095954258E1
3.712484729E1,1.013954206E1,2.661270742E0,3.204127997E0,1.096171115E1
3.713481229E1,1.025785930E1,2.302994297E0,2.754211650E0,1.086798702E1
3.714477829E1,1.038329611E1,1.529781303E0,2.174825230E0,1.071834566E1
3.715474329E1,1.023200291E1,6.619784868E-1,1.785796963E0,1.040774567E1
3.716470804E1,9.745734422E0,-1.623286468E-1,1.571293903E0,9.872925329E0
3.717467304E1,9.194835491E0,-1.027977349E0,1.570970260E0,9.384544992E0
3.718463804E1,8.534477853E0,-1.571166726E0,1.728742318E0,8.848413818E0
3.719460304E1,7.895401740E0,-1.915161932E0,2.077556798E0,8.385788938E0
3.720456804E1,7.343124036E0,-2.244050270E0,2.541416270E0,8.088017611E0
3.721453304E1,6.906825854E0,-2.387608185E0,3.087546211E0,7.933338378E0
3.722449904E1,6.586714185E0,-2.402193480E0,3.394266586E0,7.789504666E0
3.723446404E1,6.000291080E0,-2.430264208E0,3.517822931E0,7.367818900E0
3.724442904E1,5.182602995E0,-2.425789334E0,3.365528691E0,6.638569956E0
3.725439404E1,4.403304219E0,-2.368352720E0,3.266828860E0,5.972466279E0
3.726435904E1,3.646258777E0,-2.603516623E0,3.352108161E0,5.595545639E0
3.727432404E1,3.023968851E0,-2.979834067E0,3.171901653E0,5.299505522E0
3.728428904E1,2.570313209E0,-3.470068721E0,3.056228524E0,5.290408275E0
3.729425404E1,1.984342094E0,-3.778854332E0,3.366727370E0,5.436194146E0
3.730422004E1,1.845495865E0,-4.517028471E0,3.078820996E0,5.769622164E0
3.731418504E1,1.871720043E0,-5.416628446E0,2.968889834E0,6.454262660E0
3.732415004E1,1.264567389E0,-5.494110485E0,3.178390893E0,6.471981874E0
3.733411504E1,7.126767701E-1,-5.393134918E0,3.101871305E0,6.262221492E0
3.734408004E1,8.905519938E-1,-5.679635037E0,2.888680068E0,6.433957533E0
3.735404504E1,1.186735686E0,-6.014766448E0,2.578419789E0,6.650865028E0
3.736401004E1,1.313629037E0,-6.458275416E0,1.986592103E0,6.883421444E0
3.737397604E1,1.409819242E0,-6.740693593E0,1.466728438E0,7.041010774E0
3.738394104E1,1.479851344E0,-7.294895031E0,1.111997745E0,7.526087463E0
3.739390604E1,1.570030612E0,-7.967611345E0,1.009306605E0,8.183307796E0
3.740387104E1,1.425552930E0,-8.627707028E0,9.526070318E-1,8.796419151E0
3.741383604E1,1.284926224E0,-9.206233469E0,8.941676196E-1,9.338378115E0
3.742380104E1,1.459317092E0,-9.369571345E0,6.896790862E-1,9.507582806E0
3.743376604E1,2.045332646E0,-9.318798217E0,1.771504614E-1,9.542262213E0
3.744373104E1,2.862573420E0,-9.625299321E0,-2.821761024E-1,1.004591146E1
3.745369704E1,3.564494237E0,-9.784126071E0,-4.204539818E-1,1.042168526E1
3.746366204E1,3.620122308E0,-1.006413169E1,-7.834251559E-1,1.072407512E1
3.747362704E1,2.994004794E0,-1.037659871E1,-1.652798535E0,1.092563995E1
3.748359204E1,2.685779346E0,-1.058714759E1,-2.731468905E0,1.125886438E1
3.749355704E1,2.466289489E0,-1.055199997E1,-3.667890551E0,1.144031068E1
3.750352204E1,2.253420433E0,-1.035907694E1,-4.327148328E0,1.145044066E1
3.751348704E1,2.262107642E0,-1.003822384E1,-4.479755394E0,1.122280167E1
3.752345204E1,2.139590932E0,-9.498206581E0,-4.368769979E0,1.067145392E1
3.753341804E1,2.030576028E0,-8.922211400E0,-4.266479958E0,1.009613523E1
3.754338304E1,2.042481836E0,-8.166423694E0,-4.185458014E0,9.401077959E0
3.755334804E1,2.193940802E0,-7.323229469E0,-3.852722792E0,8.560755750E0
3.756331304E1,2.150793905E0,-6.693717647E0,-3.587684879E0,7.893240979E0
3.757327804E1,2.139619583E0,-6.238685571E0,-3.502906099E0,7.467899353E0
3.758324304E1,2.208409152E0,-5.698503417E0,-3.516393871E0,7.050889166E0
3.759320804E1,2.099026458E0,-5.266077261E0,-3.443003129E0,6.632627860E0
3.760317304E1,2.077155387E0,-4.804396316E0,-3.197365692E0,6.133510074E0
3.761313904E1,1.958656884E0,-4.168568332E0,-2.946929446E0,5.467878188E0
3.762310404E1,1.642970096E0,-3.694892116E0,-2.722693403E0,4.874898753E0
3.763306904E1,1.521420662E0,-3.244625813E0,-2.660729874E0,4.463384474E0
3.764303404E1,1.363372323E0,-2.692651286E0,-2.442271466E0,3.882504984E0
3.765299904E1,1.258893543E0,-2.128311068E0,-2.146381888E0,3.274366529E0
3.766296404E1,1.361319074E0,-1.786023543E0,-2.007563726E0,3.012205476E0
3.767292904E1,1.435285913E0,-1.574047357E0,-2.286910361E0,3.125320741E0
3.768289404E1,1.434259581E0,-1.480211825E0,-2.798458115E0,3.475556850E0
3.769286004E1,1.512755381E0,-1.456386468E0,-3.135760013E0,3.773921203E0
3.770282504E1,1.382706288E0,-1.477891358E0,-3.284152991E0,3.857680703E0
3.771279004E1,1.035280156E0,-1.307368423E0,-3.240215843E0,3.644175613E0
3.772275504E1,9.328044127E-1,-8.958796844E-1,-3.118371563E0,3.375939230E0
3.773272004E1,7.067659660E-1,-8.905692431E-1,-3.199422158E0,3.395428375E0
3.774268504E1,5.144523588E-1,-1.051165068E0,-2.969231896E0,3.191543088E0
3.775265004E1,7.624277314E-1,-1.156224622E0,-2.604625840E0,2.949953761E0
3.776261504E1,1.206084269E0,-1.285372952E0,-2.367124804E0,2.951288317E0
3.777258104E1,1.572736704E0,-1.490149460E0,-2.183813424E0,3.076213131E0
3.778254604E1,1.864825006E0,-1.811333216E0,-2.121548179E0,3.355512926E0
3.779251104E1,2.042857959E0,-2.274014327E0,-2.235196416E0,3.786886956E0
3.780247604E1,1.849902181E0,-2.615868574E0,-2.258897520E0,3.920143426E0
3.781244104E1,1.411223159E0,-2.484611154E0,-2.277870566E0,3.654249267E0
3.782240604E1,1.090219644E0,-2.093162870E0,-2.538385658E0,3.466022421E0
3.783237104E1,1.059401309E0,-1.491244352E0,-2.821158176E0,3.362301935E0
3.784233704E1,9.996800414E-1,-1.130141070E0,-2.964243636E0,3.326156845E0
3.785230204E1,1.184880730E0,-1.245503127E0,-2.577245083E0,3.097969110E0
3.786226704E1,1.944270979E0,-1.105176676E0,-1.523571560E0,2.706081193E0
3.787223204E1,2.524030743E0,-1.129131549E0,-9.599724770E-1,2.926980766E0
3.788219704E1,3.204434391E0,-1.193533951E0,-6.942019075E-1,3.489246244E0
3.789216204E1,3.505516588E0,-1.353286607E0,-1.032152846E0,3.896841117E0
3.790212704E1,3.188869396E0,-1.123748310E0,-2.167639441E0,4.016261823E0
3.791209204E1,2.438223146E0,-8.653621888E-1,-3.700043221E0,4.514875819E0
3.792205704E1,2.217845242E0,-7.306464332E-1,-3.619576178E0,4.307436991E0
3.793202304E1,2.268892312E0,-3.415510690E-1,-3.025754006E0,3.797330215E0
3.794198804E1,2.014746154E0,1.506692988E-1,-2.837936761E0,3.483645843E0
3.795195304E1,1.216697185E0,8.957770658E-1,-2.894762927E0,3.265336276E0
3.796191804E1,-5.366910741E-2,1.669994026E0,-2.560682260E0,3.057589583E0
3.797188304E1,-1.393147953E0,1.989054365E0,-2.041484009E0,3.172515634E0
3.798184804E1,-1.972388485E0,1.667427683E0,-2.007695289E0,3.271310408E0
3.799181304E1,-2.191744441E0,1.246775481E0,-2.270044068E0,3.392829625E0
3.800177804E1,-2.382931290E0,1.113534978E0,-2.390312523E0,3.554140633E0
3.801174404E1,-2.153951840E0,1.548297096E0,-1.987890769E0,3.314881919E0
3.802170904E1,-1.403456302E0,1.960387806E0,-2.061873835E0,3.172401874E0
3.803167404E1,-7.045666820E-1,2.456249819E0,-1.745999059E0,3.094848962E0
3.804163904E1,-3.399705666E-1,2.606265399E0,-1.257883437E0,2.913841118E0
3.805160404E1,-1.248503333E-1,2.295152596E0,-1.137675208E0,2.564686711E0
3.806156904E1,-4.750798398E-1,1.853214190E0,-1.013846383E0,2.165176246E0
3.807153404E1,-1.144577554E0,1.566875747E0,-6.488017863E-1,2.045996369E0
3.808149904E1,-1.497551451E0,1.405394654E0,-6.641326010E-2,2.054800526E0
3.809146504E1,-1.656737219E0,1.291214320E0,4.685005528E-1,2.152093260E0
3.810143004E1,-1.663788376E0,1.150537620E0,1.093086680E0,2.299297081E0
3.811139504E1,-1.433536426E0,9.569880581E-1,1.720597585E0,2.435427863E0
3.812136004E1,-1.376894448E0,8.518457651E-1,2.515241209E0,2.991307050E0
3.813132504E1,-1.428478877E0,7.250319368E-1,3.006844110E0,3.406953876E0
3.814129004E1,-1.417808878E0,5.831051025E-1,2.980280795E0,3.351457472E0
3.815125504E1,-1.443054816E0,6.069713902E-1,2.676253062E0,3.100508333E0
3.816121992E1,-1.248738976E0,7.675879723E-1,2.183678353E0,2.630017391E0
3.817118492E1,-7.247074163E-1,1.045733297E0,1.883278819E0,2.272773213E0
3.818115092E1,-3.700027433E-1,1.278524400E0,8.727144778E-1,1.591589530E0
3.819111592E1,-1.015791167E0,1.642006036E0,-2.245012137E0,2.961096928E0
3.820108092E1,-1.270189194E0,1.363642903E0,-3.808466971E-1,1.902090104E0
3.821104592E1,-6.545566159E-1,4.397147101E-1,1.976650082E0,2.128130385E0
3.822101092E1,-8.852535394E-1,-9.755845428E-2,1.853421766E0,2.056298549E0
3.823097592E1,-1.500177728E0,-4.973486683E-1,1.011759512E0,1.876578328E0
3.824094092E1,-1.427150390E0,-1.042734552E0,5.332532036E-1,1.846188658E0
3.825090592E1,-7.416739896E-1,-1.138345299E0,6.759702891E-1,1.517513149E0
3.826087192E1,1.935624263E-1,-4.531679839E-1,1.105383959E0,1.210248459E0
3.827083692E1,8.802924693E-1,1.947842020E-1,1.261128641E0,1.550258419E0
3.828080192E1,1.032220381E0,2.344780254E-1,1.272274019E0,1.655034755E0
3.829076692E1,5.605547306E-1,-1.702033845E-1,1.418929204E0,1.535106148E0
3.830073192E1,-8.123156637E-2,-6.847452056E-1,1.009148730E0,1.222233907E0