"Time (s)","Linear Acceleration x (m/s^2)","Linear Acceleration y (m/s^2)","Linear Acceleration z (m/s^2)","Absolute acceleration (m/s^2)"
9.193625000E-3,-6.760375321E-1,1.711269522E0,1.830829294E0,2.595651368E0
1.921662500E-2,-8.360813794E-1,1.540496180E0,1.480216210E0,2.294166642E0
2.923862500E-2,-6.339937127E-1,1.079686031E0,1.038466669E0,1.626678511E0
3.926062500E-2,-6.032949534E-1,5.505217856E-1,4.832688653E-1,9.489930629E-1
4.928362500E-2,-2.897339210E-1,1.297058612E-3,4.534024572E-1,5.380717569E-1
5.930562500E-2,-1.325195414E-1,-5.320337668E-1,7.938215053E-1,9.647662619E-1
6.932762500E-2,-1.582966992E-1,-5.659389199E-1,1.058324398E0,1.210535104E0
7.935062500E-2,-1.587144828E-1,-3.775292793E-1,1.056798860E0,1.133376581E0
8.937262500E-2,-1.694850540E-1,-1.710521444E-1,8.518960512E-1,8.852744781E-1
9.939462500E-2,-1.499968690E-1,2.282189283E-1,8.471007496E-1,8.900351790E-1
1.094176250E-1,-3.315985233E-2,5.003083096E-1,7.203442240E-1,8.776695172E-1
1.194396250E-1,9.406386584E-2,6.078343662E-1,6.917150867E-1,9.256243238E-1
1.294616250E-1,1.934346646E-1,8.229535762E-1,7.215323782E-1,1.111430848E0
1.394846250E-1,7.930812478E-2,9.713596371E-1,6.551612180E-1,1.174336215E0
1.495066250E-1,8.646277785E-3,1.006533928E0,4.757464224E-1,1.113337310E0
1.595286250E-1,3.875154465E-2,8.874337468E-1,7.054548740E-2,8.910763172E-1
1.695516250E-1,1.095648345E-1,6.077014882E-1,-2.382272601E-1,6.618593349E-1
1.795736250E-1,4.978728712E-2,2.134516755E-1,-3.922908676E-1,4.493690204E-1
1.895966250E-1,-1.623160753E-1,8.862220027E-2,-6.770186949E-1,7.018224248E-1
1.996186250E-1,-2.002858472E-1,9.086134583E-2,-8.684834325E-1,8.958982517E-1
2.096406250E-1,-2.305416799E-1,1.292677769E-2,-6.131682694E-1,6.552037045E-1
2.196636250E-1,-1.657153541E-1,-1.815924815E-1,-2.011664379E-1,3.176560146E-1
2.296856250E-1,2.147270080E-1,-2.896689073E-1,3.667823893E-1,5.143394647E-1
2.397076250E-1,4.320259139E-1,-2.245974552E-1,6.881687504E-1,8.430104603E-1
2.497306250E-1,5.370845917E-1,-2.624057892E-1,4.354187608E-1,7.395310366E-1
2.597526250E-1,5.157255900E-1,-3.784123550E-1,3.128722304E-1,7.120799303E-1
2.697746250E-1,2.541275936E-1,-3.825293430E-1,-7.861581445E-2,4.659291560E-1
2.797976250E-1,-2.809440941E-1,-5.296937111E-1,-6.130337834E-1,8.575053535E-1
2.898196250E-1,-5.479425788E-3,-7.731811995E-1,-6.958210015E-1,1.040195202E0
2.998416250E-1,5.254366457E-1,-9.951688414E-1,-2.919070387E-1,1.162606731E0
3.098646250E-1,5.539441609E-1,-1.298018725E0,-9.245325029E-2,1.414303485E0
3.198866250E-1,8.650943863E-1,-1.197578982E0,3.428421342E-1,1.516616116E0
3.299086250E-1,1.035408576E0,-8.857509182E-1,8.589127100E-1,1.610700671E0
3.399316250E-1,1.039485839E0,-1.602149331E-1,2.143824901E0,2.387924798E0
3.499536250E-1,1.608832151E0,-1.578713874E-1,2.572946795E0,3.038637766E0
3.599766250E-1,1.787031895E0,-4.919139006E-1,2.082858322E0,2.788146529E0
3.699986250E-1,6.313466781E-1,-2.885180290E-1,9.633124065E-1,1.187355075E0
3.800206250E-1,-7.456942427E-1,2.459140646E-1,1.400554329E-1,7.975895906E-1
3.900436250E-1,-1.204316509E0,5.718571792E-1,-6.023403955E-1,1.462946629E0
4.000656250E-1,-1.124124870E0,6.420874286E-1,-5.710893667E-1,1.414947368E0
4.100876250E-1,-1.296521253E0,6.656302922E-1,-1.924488240E-1,1.470057004E0
4.201106250E-1,-1.457821959E0,9.509768280E-1,-2.024534100E-1,1.752309669E0
4.301326250E-1,-9.772708797E-1,1.366178402E0,-8.115596187E-1,1.865510872E0
4.401546250E-1,-8.490753543E-1,1.438184232E0,-1.384283867E0,2.169226744E0
4.501776250E-1,-1.431258059E0,1.168868568E0,-1.817620434E0,2.592006444E0
4.601996250E-1,-2.008867071E0,9.936026647E-1,-1.959306656E0,2.976856687E0
4.702216250E-1,-1.941805354E0,8.378907271E-1,-2.020370298E0,2.924818806E0
4.802446250E-1,-2.256593133E0,7.695274937E-1,-2.403305621E0,3.385301026E0
4.902666250E-1,-2.702406489E0,8.637870220E-1,-2.382823994E0,3.704993797E0
5.002886250E-1,-3.285694317E0,1.099996554E0,-1.414278914E0,3.742454329E0
5.103116250E-1,-3.363632439E0,9.974881395E-1,-1.118336127E0,3.682347276E0
5.203336250E-1,-2.900758077E0,7.884737881E-1,-1.406118540E0,3.318622859E0
5.303556250E-1,-1.927520607E0,3.510123025E-1,-1.868694693E0,2.707501650E0
5.403786250E-1,-1.343707699E-1,2.553932235E-1,-2.330512463E0,2.348312063E0
5.504006250E-1,4.565172690E-1,6.615737864E-1,-2.026856614E0,2.180420975E0
5.604226250E-1,-8.467189264E-1,1.203424151E0,-1.215805703E0,1.908755127E0
5.704456250E-1,-2.832434531E0,1.473875782E0,-5.042486751E-1,3.232531813E0
5.804676250E-1,-3.951302170E0,2.117695448E0,-9.431190473E-1,4.581145751E0
5.904906250E-1,-3.237815561E0,2.378634317E0,-1.099820334E-1,4.019135090E0
6.005134583E-1,-6.753598398E-1,2.303135069E0,7.052087063E-1,2.501571782E0
6.105354583E-1,1.761621650E0,1.438199288E0,6.415512389E-1,2.362904150E0
6.205584583E-1,2.274334170E0,4.165005331E-1,1.047211473E0,2.538251461E0
6.305804583E-1,3.666964352E-1,1.545542766E0,1.470731734E0,2.164768013E0
6.406024583E-1,-4.382167704E0,3.004858396E0,1.972215554E0,5.667645186E0
6.506254583E-1,-2.462822090E0,2.204236579E-1,9.269947654E-1,2.640719321E0
6.606474583E-1,2.094609472E0,-5.947933942E-3,-4.164506856E-1,2.135615927E0
6.706694583E-1,4.741061615E0,6.206209843E-1,7.174679786E-2,4.782048018E0
6.806924583E-1,5.512791755E0,2.038706289E-1,-2.458608001E-2,5.516614962E0
6.907144583E-1,5.944173013E0,3.583150363E-1,8.452287635E-1,6.014648297E0
7.007364583E-1,5.235813827E0,8.416891515E-1,2.381395226E0,5.813194499E0
7.107594583E-1,3.190756000E0,1.436830601E0,3.566322661E0,4.996405043E0
7.207814583E-1,1.491602494E0,1.803001226E0,3.678535407E0,4.359737855E0
7.308034583E-1,1.859946674E0,1.221630992E0,3.472947597E0,4.124699859E0
7.408264583E-1,4.380715256E0,6.812751755E-1,3.102368026E0,5.411052521E0
7.508484583E-1,6.052757562E0,8.177623451E-1,2.287817849E0,6.522171407E0
7.608704583E-1,6.121864049E0,1.227458619E0,1.658812981E0,6.460304529E0
7.708934583E-1,5.554920943E0,1.158795936E0,1.584677303E0,5.891617508E0
7.809154583E-1,4.566018198E0,1.261780898E0,1.369427261E0,4.931119978E0
7.909374583E-1,1.870651172E0,1.676190906E0,-1.007629916E0,2.706338819E0
8.009604583E-1,-4.686461484E-1,1.180340294E0,-2.626720714E0,2.917617886E0
8.109824583E-1,-1.574839363E0,-4.185705936E-1,-2.140486726E0,2.690167984E0
8.210044583E-1,-1.244759361E0,-2.726992276E-1,-2.040055827E0,2.405331269E0
8.310274583E-1,1.087632982E0,2.010024235E-1,-1.603816994E0,1.948223916E0
8.410494583E-1,1.434635995E0,-9.152880549E-1,-8.149755621E-1,1.886827451E0
8.510724583E-1,8.700610113E-1,-1.398425066E0,6.096929768E-1,1.756224460E0
8.610944583E-1,9.641842264E-1,-9.899359488E-1,1.282505769E0,1.885323700E0
8.711164583E-1,2.642096552E0,-1.278048145E0,9.122606590E-1,3.073483490E0
8.811394583E-1,3.378647504E0,-1.954496151E0,1.684958513E0,4.251399693E0
8.911614583E-1,1.673301212E0,-1.886331650E0,2.378665746E0,3.466444110E0
9.011834583E-1,1.589296603E-1,-1.058936017E0,1.797151379E0,2.091974475E0
9.112064583E-1,-1.711234438E-1,-8.585057437E-2,6.070523742E-1,6.365266209E-1
9.212284583E-1,1.401928425E-1,7.819691992E-1,-3.709979394E-1,8.767949205E-1
9.312504583E-1,-2.911375451E-1,1.842846784E0,-5.578167719E-1,1.947307087E0
9.412734583E-1,-1.432839146E0,1.990483717E0,1.446951985E-1,2.456825217E0
9.512954583E-1,-2.314038518E0,2.410167620E0,1.424498677E0,3.632200257E0
9.613174583E-1,-2.190743544E0,2.853909308E0,1.712804123E0,3.984702446E0
9.713404583E-1,-1.511902272E0,2.932229546E0,1.390193063E0,3.580007729E0
9.813624583E-1,-2.193493490E0,4.110876486E0,1.052895843E0,4.776956021E0
9.913844583E-1,-3.045804693E0,5.461013491E0,6.126639470E-1,6.282909492E0
1.001407458E0,-3.115774814E0,6.622994404E0,6.672064823E-1,7.349644350E0
1.011429458E0,-1.911374690E0,7.302375959E0,1.079266786E0,7.625146861E0
1.021451458E0,-2.387576026E-1,6.973878799E0,1.819388047E0,7.211252566E0
1.031474458E0,-6.080694973E-2,5.500372269E0,2.443412257E0,6.018974667E0
1.041496458E0,-1.489833711E0,4.882198198E0,2.076879252E0,5.510797688E0
1.051518458E0,-1.478161499E0,4.534208175E0,1.556134997E0,5.016528812E0
1.061541458E0,-8.078618395E-1,4.016741869E0,1.082536257E0,4.237775447E0
1.071563458E0,-4.773889053E-1,3.132441133E0,1.345999807E0,3.442644783E0
1.081585458E0,-5.900366843E-1,2.558483123E0,1.116269428E0,2.853074940E0
1.091608458E0,-5.130475652E-1,2.274078646E0,7.105860981E-1,2.437126196E0
1.101630458E0,-4.168725622E-1,2.049877687E0,5.570007929E-1,2.164724266E0
1.111652458E0,-2.034146923E-1,1.857663921E0,2.942272139E-1,1.891788158E0
1.121675458E0,5.307160968E-1,2.861965894E0,5.522543156E-1,2.962683443E0
1.131697458E0,1.234326174E0,3.004764256E0,7.529965380E-1,3.334542416E0
1.141720458E0,1.734753694E0,2.581812928E0,6.129574773E-1,3.170306806E0
1.151742458E0,2.467650720E0,1.991434767E0,6.962431705E-1,3.246516142E0
1.161764458E0,1.817578919E0,3.624650976E-1,6.708390650E-1,1.971040112E0
1.171787458E0,1.085755441E0,-6.877360564E-1,2.019715995E-2,1.285400205E0
1.181809458E0,1.719840370E0,-1.106684380E0,-4.023472014E-1,2.084342699E0
1.191831458E0,2.747298487E0,-1.776626775E0,-2.743311855E-1,3.283185842E0
1.201854458E0,3.608347769E0,-2.757606543E0,2.818562597E-2,4.541515375E0
1.211876458E0,3.861286624E0,-2.784375097E0,4.174368185E-1,4.778758476E0
1.221898458E0,3.249903510E0,-2.573430360E0,1.782590935E-1,4.149240044E0
1.231921458E0,2.394131924E0,-2.680945161E0,-3.927817413E-1,3.615745030E0
1.241943458E0,1.609137960E0,-2.698106154E0,-8.952411684E-1,3.266582089E0
1.251965458E0,4.061394131E-1,-2.684654927E0,-1.624453280E0,3.164043261E0
1.261988458E0,-9.276262647E-1,-2.574612082E0,-2.348646726E0,3.606280536E0
1.272010458E0,-2.097976883E0,-2.645073077E0,-2.344890182E0,4.110526554E0
1.282032458E0,-2.682707804E0,-2.900927939E0,-1.871199348E0,4.371920753E0
1.292055458E0,-2.197229276E0,-3.591281793E0,-1.252338522E0,4.392433629E0
1.302077458E0,-1.231507232E0,-4.511758668E0,-5.068308055E-1,4.704195340E0
1.312099458E0,-6.407337981E-1,-4.881475774E0,-1.068742383E-1,4.924506842E0
1.322122458E0,-1.763549477E-1,-5.043677244E0,4.161229491E-2,5.046931027E0
1.332144458E0,6.005043697E-1,-5.384864032E0,1.022815427E-1,5.419209135E0
1.342166458E0,1.114767571E0,-4.989494605E0,2.145676714E-1,5.117011084E0
1.352189458E0,7.050736356E-1,-4.202851434E0,3.043947910E-1,4.272440192E0
1.362211458E0,4.840325117E-2,-3.497433982E0,5.293674365E-1,3.537600489E0
1.372233458E0,-1.553792310E-1,-3.143163173E0,6.068906987E-1,3.204985765E0
1.382256458E0,1.055808342E-1,-3.466141438E0,8.036062360E-1,3.559644191E0
1.392278458E0,2.431892073E-1,-3.905991511E0,1.016786655E0,4.043484361E0
1.402300458E0,2.756435931E-2,-4.074210643E0,1.002982256E0,4.195941559E0
1.412323458E0,-6.630450189E-2,-4.058769316E0,9.431886292E-1,4.167446393E0
1.422345458E0,2.405176145E-1,-3.839055510E0,8.010075872E-1,3.929097745E0
1.432367458E0,-1.451571286E-1,-3.994114314E0,4.450257361E-1,4.021450938E0
1.442390458E0,-1.036992002E-1,-3.525951730E0,1.433731431E-1,3.530388787E0
1.452412458E0,-1.030922592E-1,-3.014765041E0,2.217375273E-1,3.024665899E0
1.462434458E0,-2.784859246E-1,-2.354247189E0,3.183094101E-1,2.391935433E0
1.472457458E0,-2.757991290E-1,-1.770591279E0,4.275728206E-1,1.842247853E0
1.482479458E0,-1.333808362E-1,-1.195825475E0,5.730363433E-1,1.332726403E0
1.492501458E0,1.555967474E-1,-7.475980961E-1,7.480935015E-1,1.068998198E0
1.502524458E0,9.568968415E-2,-3.696270597E-1,1.059641338E0,1.126330521E0
1.512546458E0,-8.775413543E-1,2.606264815E-1,9.558842500E-1,1.323525478E0
1.522568458E0,-1.736932951E0,1.046779071E0,7.621950853E-1,2.166477290E0
1.532591458E0,-2.096562442E0,1.630971756E0,5.017991303E-1,2.703228682E0
1.542613458E0,-2.491980400E0,2.098949860E0,9.123805270E-2,3.259429584E0
1.552636458E0,-2.669930468E0,2.613389062E0,-2.369215769E-1,3.743589578E0
1.562658458E0,-2.647089490E0,2.945769943E0,-3.298921596E-1,3.974100170E0
1.572680458E0,-2.461761990E0,3.165169169E0,-2.544947988E-1,4.017876997E0
1.582702458E0,-2.329274608E0,3.294993144E0,-1.719422002E-1,4.038819646E0
1.592729208E0,-2.281982328E0,3.416257964E0,-1.462470496E-1,4.110918392E0
1.602751208E0,-2.178226410E0,3.634491840E0,-1.174113594E-1,4.238866199E0
1.612773208E0,-2.156529146E0,3.742357181E0,-1.714940111E-1,4.322645651E0
1.622796208E0,-2.135441748E0,3.757738867E0,-2.937981744E-1,4.332093053E0
1.632818208E0,-1.938389411E0,3.801456159E0,-4.349873824E-1,4.289246608E0
1.642840208E0,-1.777814344E0,3.869161069E0,-6.519202526E-1,4.307671208E0
1.652863208E0,-1.517950047E0,3.879857966E0,-8.005937505E-1,4.242454541E0
1.662885208E0,-1.261762480E0,3.753521855E0,-8.939929341E-1,4.059580549E0
1.672908208E0,-1.003690354E0,3.715259430E0,-9.793482493E-1,3.971104374E0
1.682930208E0,-5.820657599E-1,3.613907887E0,-1.027144559E0,3.801862269E0
1.692952208E0,-2.871918440E-2,3.422423269E0,-8.633283810E-1,3.529750942E0
1.702975208E0,2.862580436E-1,2.945569968E0,-3.366154343E-1,2.978529177E0
1.712997208E0,3.399974638E-1,2.408318439E0,1.023977561E-1,2.434354386E0
1.723019208E0,6.844031435E-1,1.910066668E0,2.190992635E-1,2.040776035E0
1.733042208E0,1.465035084E0,1.198169916E0,2.316212220E-1,1.906721620E0
1.743064208E0,2.328321512E0,5.063776463E-1,1.980422705E-1,2.390966358E0
1.753086208E0,3.139572982E0,8.999332666E-2,1.696119386E-1,3.145438844E0
1.763109208E0,3.747171194E0,2.769592166E-2,2.852140233E-2,3.747382085E0
1.773131208E0,4.213680185E0,1.903730625E-1,7.550392628E-2,4.218654222E0
1.783153208E0,4.230797909E0,1.899608338E-1,4.782449377E-1,4.261977743E0
1.793176208E0,3.965272923E0,1.237697679E-1,1.195238122E0,4.143344359E0
1.803198208E0,3.475427694E0,1.716526169E-1,1.796272835E0,3.915949230E0
1.813220208E0,2.848628980E0,1.663603020E-1,1.916789796E0,3.437505773E0
1.823243208E0,2.552345300E0,-7.533412313E-1,1.757243840E0,3.189027352E0
1.833265208E0,2.430246667E0,-1.856788008E0,1.499797220E0,3.406340011E0
1.843287208E0,2.551068268E0,-1.636421653E0,7.581265926E-1,3.124192867E0
1.853310208E0,2.376895502E0,-1.472708970E0,9.481187090E-2,2.797765756E0
1.863332208E0,2.086046809E0,-1.419590524E0,-4.970064600E-1,2.571739483E0
1.873354208E0,1.885202553E0,-9.363596660E-1,-9.571232750E-1,2.312324167E0
1.883377208E0,1.306543381E0,-4.128210264E-1,-1.334124843E0,1.912424091E0
1.893399208E0,8.261273718E-1,-5.440717220E-2,-1.034645222E0,1.325117847E0
1.903421208E0,5.442652649E-1,1.614416242E-1,-4.187537576E-1,7.054380101E-1
1.913444208E0,4.534574211E-1,1.206637269E-1,9.737222046E-2,4.792334682E-1
1.923466208E0,8.032185656E-1,-4.484451878E-1,8.244009814E-1,1.235273301E0
1.933488208E0,1.581937882E0,-1.073226612E0,1.485406784E0,2.420903992E0
1.943511208E0,2.304881778E0,-1.471442463E0,1.860906787E0,3.307657329E0
1.953533208E0,2.428196048E0,-1.832246075E0,2.236488066E0,3.775598045E0
1.963555208E0,2.420306400E0,-1.794730924E0,2.497335280E0,3.913518323E0
1.973578208E0,2.112129484E0,-1.601084590E0,2.695985661E0,3.780595390E0
1.983600208E0,1.639684984E0,-1.084252707E0,2.696852219E0,3.337241775E0
1.993622208E0,1.405613925E0,-2.531750822E-1,2.374939023E0,2.771314398E0
2.003645208E0,1.253040188E0,5.720851475E-1,2.249733764E0,2.637933497E0
2.013667208E0,1.485461748E-1,9.551192880E-1,2.296515582E0,2.491646572E0
2.023689208E0,-1.128619625E0,1.729962485E0,1.775368454E0,2.723689704E0
2.033712208E0,-1.486822395E0,2.801577020E0,1.392749466E0,3.463989854E0
2.043734208E0,-1.193461738E0,2.305806808E0,1.348912451E0,2.925860687E0
2.053756208E0,-1.289327424E0,1.078635287E0,9.270118685E-1,1.919679737E0
2.063779208E0,-2.827251559E0,1.565767407E-1,7.401464045E-1,2.926719043E0
2.073801208E0,-4.192995075E0,5.475747889E-1,5.112455995E-1,4.259391730E0
2.083823208E0,-3.816935493E0,1.423221645E0,-8.914387241E-2,4.074616920E0
2.093846208E0,-3.667715135E0,1.244693580E0,-1.839915575E-1,3.877531342E0
2.103868208E0,-3.058531158E0,1.546805472E0,-4.726919831E-1,3.459863830E0
2.113890208E0,-2.603337114E0,1.710948510E0,-3.339719081E-1,3.133088918E0
2.123913208E0,-2.955038365E0,1.011705717E0,3.035582006E-2,3.123575142E0
2.133935208E0,-3.034093305E0,8.602300876E-1,-1.731079888E-1,3.158430680E0
2.143957208E0,-3.326861638E0,1.515001296E0,-3.900380816E-1,3.676325202E0
2.153979208E0,-3.640475881E0,1.641863364E0,-7.015169205E-1,4.054738701E0
2.164002208E0,-3.629440430E0,1.519083822E0,-4.992177308E-1,3.966065032E0
2.174024208E0,-3.679214269E0,1.553991407E0,-1.954624790E-1,3.998713857E0
2.184047208E0,-3.889858459E0,1.428636459E0,-6.016556865E-1,4.187360807E0
2.194069208E0,-3.394711559E0,8.829006198E-1,-1.482821145E0,3.808193617E0
2.204091208E0,-2.944278903E0,-9.655477971E-2,-1.189466336E0,3.176937401E0
2.214114208E0,-2.844005587E0,-1.519997742E0,-1.385837034E0,3.509886778E0
2.224136208E0,-1.615583931E0,-1.611556661E0,-9.672548917E-1,2.478468949E0
2.234158208E0,-8.568474734E-1,-1.491526480E0,-4.220514411E-1,1.771148286E0
2.244181208E0,-2.567512393E-3,-1.324051114E0,-4.030076444E-1,1.384027856E0
2.254203208E0,7.666892552E-1,-1.528675303E0,3.507830916E-1,1.745768992E0
2.264225208E0,1.494511483E0,-1.360645036E0,5.704526049E-1,2.100079918E0
2.274247208E0,2.023548260E0,-1.241655074E0,4.958028106E-1,2.425340246E0
2.284270208E0,2.260610170E0,-1.616508083E0,4.664850175E-1,2.817989530E0
2.294292208E0,2.266535738E0,-1.871003467E0,4.382982221E-1,2.971522094E0
2.304314208E0,2.136367362E0,-1.784266162E0,2.981084494E-1,2.799382055E0
2.314337208E0,2.484119403E0,-1.135131084E0,2.988808666E-1,2.747490048E0
2.324359208E0,1.798407068E0,-2.634742217E0,-2.378822744E-1,3.198862690E0
2.334381208E0,1.108668925E0,-2.207102007E0,-2.828543794E-1,2.486051619E0
2.344404208E0,1.562532143E0,-2.819622697E0,-2.247140524E-1,3.231450952E0
2.354426208E0,1.489852422E0,-3.348404535E0,-1.205306443E0,3.858009434E0
2.364448208E0,8.867875564E-1,-2.466684468E0,-7.836476424E-1,2.735877933E0
2.374471208E0,7.062079954E-1,-2.294172895E0,-5.461164933E-1,2.461747800E0
2.384493208E0,9.472185302E-1,-1.826133395E0,-6.487719655E-2,2.058201927E0
2.394515208E0,1.015249130E0,-1.542081214E0,4.533165032E-1,1.901115756E0
2.404538208E0,1.093266190E0,-1.266365408E0,7.908176444E-1,1.850487734E0
2.414560208E0,1.260317048E0,-1.141223591E0,5.434601033E-1,1.784975974E0
2.424582208E0,1.782764012E0,-1.207718712E0,3.021500449E-1,2.174425593E0
2.434605208E0,2.471259622E0,-1.422322344E0,6.056040189E-1,2.914941028E0
2.444627208E0,2.426516143E0,-1.690843443E0,8.103941225E-1,3.066540522E0
2.454649208E0,1.763762900E0,-1.864218358E0,1.050373647E0,2.772986558E0
2.464672208E0,1.357811767E0,-1.800546564E0,1.036317233E0,2.481848935E0
2.474694208E0,1.286617824E0,-1.674751906E0,6.569789712E-1,2.211741562E0
2.484716208E0,1.228901712E0,-1.755853079E0,8.106968620E-1,2.291385794E0
2.494739208E0,1.237400056E0,-1.939061256E0,1.255170182E0,2.620414021E0
2.504761208E0,6.103224295E-1,-2.130886767E0,1.294711978E0,2.566992596E0
2.514783208E0,1.689044255E-1,-2.183988841E0,1.069540820E0,2.437673794E0
2.524806208E0,2.801810324E-2,-2.430191995E0,1.006858814E0,2.630662050E0
2.534828208E0,-4.074070895E-1,-2.474429982E0,7.833846639E-1,2.627256327E0
2.544850208E0,-5.270434606E-1,-2.352421396E0,4.826800507E-1,2.458585216E0
2.554873208E0,-9.636778575E-1,-1.927168312E0,4.323419559E-1,2.197628786E0
2.564895208E0,-1.611876211E0,-1.193771348E0,1.386497623E-1,2.010586658E0
2.574917208E0,-2.172161677E0,-2.883294198E-1,-2.902759579E-1,2.210357514E0
2.584940208E0,-2.641752151E0,5.224332234E-1,-6.387814128E-1,2.767640258E0
2.594958208E0,-3.141452277E0,1.541083971E0,-1.010042477E0,3.641956620E0
2.604980208E0,-3.549705459E0,2.440995018E0,-1.545140477E0,4.576715484E0
2.615003208E0,-3.813786768E0,3.000954795E0,-1.903968022E0,5.213040708E0
2.625025208E0,-3.873614894E0,3.272417044E0,-1.861088635E0,5.401597594E0
2.635047208E0,-3.744224197E0,3.598495211E0,-1.723720729E0,5.471708670E0
2.645070208E0,-3.777966140E0,3.662911062E0,-1.631801914E0,5.509330548E0
2.655092208E0,-3.717880737E0,3.464134966E0,-1.586034442E0,5.323379893E0
2.665114208E0,-3.815627471E0,3.515821429E0,-1.576316369E0,5.422618059E0
2.675137208E0,-4.032456261E0,3.592997074E0,-1.898794405E0,5.725011062E0
2.685159208E0,-3.831521373E0,3.560324587E0,-2.119905696E0,5.643621830E0
2.695181208E0,-3.418127319E0,3.411905297E0,-2.121438982E0,5.274959287E0
2.705204208E0,-2.785074424E0,3.050607011E0,-1.918372199E0,4.554447780E0
2.715226208E0,-1.885880245E0,2.973812020E0,-1.473006009E0,3.817047148E0
2.725248208E0,-1.180961561E0,2.542944732E0,-7.203003699E-1,2.894835183E0
2.735271208E0,-2.101021528E-1,1.894931735E0,-1.764732076E-1,1.914693706E0
2.745293208E0,6.124508160E-1,1.599740900E0,3.085692644E-1,1.740540703E0
2.755315208E0,1.094637362E0,1.558966511E0,5.609815773E-1,1.985776389E0
2.765337208E0,1.362291904E0,1.753720892E0,4.731216073E-1,2.270511012E0
2.775360208E0,1.885587884E0,1.625024260E0,2.480644695E-1,2.501535828E0
2.785382208E0,2.872913051E0,1.173809246E0,2.410840635E-1,3.112808872E0
2.795404208E0,3.746335627E0,7.464777696E-1,4.433826685E-1,3.845627111E0
2.805427208E0,4.394044569E0,3.926001853E-1,7.511279140E-1,4.475036952E0
2.815449208E0,4.859543161E0,2.964099795E-1,1.048193513E0,4.980133356E0
2.825471208E0,4.909274315E0,3.982205290E-1,1.194795927E0,5.068243403E0
2.835494208E0,4.759293818E0,6.839184093E-1,1.192951715E0,4.953963648E0
2.845516208E0,4.690060446E0,9.759646118E-1,1.129636456E0,4.921915524E0
2.855538208E0,4.539665966E0,1.088163909E0,8.401355463E-1,4.743257901E0
2.865561208E0,4.456197547E0,1.092454596E0,6.318448609E-1,4.631455662E0
2.875583208E0,4.291505456E0,9.062289637E-1,5.490363005E-1,4.420374517E0
2.885605208E0,3.879891295E0,5.429326844E-1,2.960825354E-1,3.928867168E0
2.895628208E0,3.181026233E0,4.505811757E-1,3.739586771E-2,3.212997003E0
2.905650208E0,2.493638670E0,3.212208849E-1,-2.173610325E-1,2.523620909E0
2.915672208E0,1.812195387E0,-1.452156007E-2,-5.669077304E-1,1.898854226E0
2.925695208E0,1.242449711E0,-3.082295412E-1,-9.058044559E-1,1.568173602E0
2.935717208E0,9.200342399E-1,-5.799666095E-1,-1.021376720E0,1.491990172E0
2.945739208E0,6.710194516E-1,-6.516914803E-1,-1.068397982E0,1.420015189E0
2.955762208E0,4.276624292E-1,-5.799800581E-1,-1.127661559E0,1.338242359E0
2.965784208E0,5.483051062E-2,-4.503788620E-1,-1.130770231E0,1.218396003E0
2.975806208E0,-4.217567414E-1,-3.427345455E-1,-1.197533301E0,1.315078600E0
2.985829208E0,-6.440544319E-1,-2.433231086E-1,-1.348724171E0,1.514288327E0
2.995851208E0,-8.069917738E-1,-3.391806078E-1,-1.529675615E0,1.762437714E0
3.005873208E0,-4.322484004E-1,-7.058723652E-1,-1.457538369E0,1.676160068E0
3.015895208E0,2.073282337E-1,-1.331849545E0,-9.720009305E-1,1.661804446E0
3.025918208E0,9.685123354E-1,-2.068889909E0,-2.925122255E-1,2.303016500E0
3.035940208E0,1.612267390E0,-2.575138916E0,2.964975415E-1,3.052647600E0
3.045962208E0,1.959726486E0,-2.799867002E0,7.604379970E-1,3.501149679E0
3.055985208E0,2.163023064E0,-2.810085596E0,1.095603029E0,3.711548980E0
3.066007208E0,2.130770992E0,-2.575787373E0,1.383899705E0,3.618016584E0
3.076029208E0,1.947423944E0,-1.993488894E0,1.265905817E0,3.060878227E0
3.086052208E0,1.628824366E0,-1.175668369E0,1.134619453E0,2.307081756E0
3.096074208E0,1.347790809E0,-4.243955898E-1,1.283301722E0,1.908799359E0
3.106096208E0,9.716277319E-1,1.275666574E-1,1.440621790E0,1.742333161E0
3.116119208E0,2.900692588E-1,6.589089909E-1,1.397735971E0,1.572249051E0
3.126141208E0,-4.678661299E-1,1.161188909E0,1.223168517E0,1.750257015E0
3.136163208E0,-1.117148557E0,1.406668178E0,9.298850441E-1,2.022726491E0
3.146186208E0,-1.544339116E0,1.355448031E0,5.078072906E-1,2.116622525E0
3.156208208E0,-2.016880680E0,1.111213341E0,1.461979330E-1,2.307374396E0
3.166230208E0,-2.666971777E0,9.135148868E-1,-1.745354404E-1,2.824484117E0
3.176253208E0,-3.354327180E0,1.081475572E0,-5.106589776E-1,3.561161725E0
3.186275208E0,-3.925111322E0,1.370947830E0,-7.368668474E-1,4.222436452E0
3.196297208E0,-4.302940271E0,1.631709090E0,-7.885503866E-1,4.669002168E0
3.206320208E0,-4.364804397E0,1.835969289E0,-7.826790512E-1,4.799467382E0
3.216342208E0,-4.144302971E0,1.924801359E0,-7.916925341E-1,4.637551559E0
3.226364208E0,-3.862920336E0,1.899978467E0,-6.565582640E-1,4.354668811E0
3.236387208E0,-3.408528530E0,1.853843935E0,-5.571737243E-1,3.919852884E0
3.246409208E0,-2.920814027E0,1.761958742E0,-4.297685963E-1,3.438074204E0
3.256431208E0,-2.597366522E0,1.599471051E0,-2.321473253E-1,3.059168657E0
3.266453208E0,-2.425357810E0,1.476885636E0,-1.722303218E-1,2.844857636E0
3.276476208E0,-2.198239675E0,1.166762182E0,-2.935471827E-1,2.505945252E0
3.286498208E0,-1.737614737E0,6.179097766E-1,-4.531318773E-1,1.899064497E0
3.296520208E0,-1.088892472E0,1.054437169E-1,-4.842197688E-1,1.196358633E0
3.306543208E0,-5.287555254E-1,-4.958564588E-1,-4.885986024E-1,8.741765426E-1
3.316565208E0,-9.695677578E-2,-9.800860217E-1,-4.084432161E-1,1.066205931E0
3.326587208E0,2.566138297E-1,-1.289018106E0,-4.240314545E-1,1.381021727E0
3.336610208E0,5.752134079E-1,-1.653293794E0,-6.319372469E-1,1.861073754E0
3.346632208E0,6.130203348E-1,-1.973289395E0,-1.021501704E0,2.305022928E0
3.356654208E0,5.719711268E-1,-1.981784814E0,-1.260208874E0,2.417177781E0
3.366677208E0,5.593329549E-1,-1.953248648E0,-1.348503585E0,2.438543736E0
3.376699208E0,6.506962842E-1,-2.126195546E0,-1.347078326E0,2.599756367E0
3.386721208E0,1.068178711E0,-2.535173490E0,-1.080952831E0,2.955768835E0
3.396744208E0,1.610185196E0,-3.169770927E0,-7.172381830E-1,3.626923588E0
3.406766208E0,1.842445373E0,-3.735728193E0,-4.938768840E-1,4.194542223E0
3.416788208E0,1.908216609E0,-4.060707960E0,-3.468235034E-1,4.500102922E0
3.426810208E0,1.982121906E0,-4.313796504E0,-3.018661626E-1,4.756970749E0
3.436833208E0,1.891207643E0,-4.438411779E0,-3.028566809E-1,4.834034303E0
3.446855208E0,1.937688330E0,-4.362833886E0,-1.142329592E-1,4.775144474E0
3.456877208E0,2.083664069E0,-4.499856660E0,2.154476774E-1,4.963545468E0
3.466900208E0,1.797113079E0,-4.612018535E0,5.782639003E-1,4.983444545E0
3.476922208E0,9.624055034E-1,-4.090523790E0,6.356414580E-1,4.250017564E0
3.486944208E0,-2.538118440E-1,-2.964949980E0,1.826547378E-1,2.981394236E0
3.496967208E0,-1.087624796E0,-1.944048054E0,-2.542208567E-1,2.242070199E0
3.506989208E0,-1.330423409E0,-1.587680140E0,-4.198021634E-1,2.113525144E0
3.517011208E0,-1.296507804E0,-1.496175309E0,-2.371123423E-1,1.993914568E0
3.527034208E0,-1.094129823E0,-1.266842833E0,8.052288383E-2,1.675856428E0
3.537056208E0,-6.219753456E-1,-1.449581186E0,6.403402805E-2,1.578682774E0
3.547078208E0,1.397139555E-1,-1.846025331E0,5.585377336E-1,1.933725397E0
3.557101208E0,9.888325793E-1,-2.279296702E0,1.232093269E0,2.773271921E0
3.567123208E0,1.719853234E0,-2.400090529E0,1.687293014E0,3.400777471E0
3.577145208E0,1.804703935E0,-2.109473386E0,2.061860971E0,3.458049294E0
3.587168208E0,1.698498033E0,-1.611497896E0,1.994858750E0,3.075919776E0
3.597195125E0,1.658865606E0,-1.051714998E0,1.673591672E0,2.580474495E0
3.607217125E0,1.602922370E0,-4.683818543E-1,1.221577490E0,2.069056125E0
3.617239125E0,1.379880913E0,-4.905170739E-2,7.742852269E-1,1.583033486E0
3.627262125E0,1.130722284E0,1.750077492E-1,4.199626695E-1,1.218822891E0
3.637284125E0,8.895106047E-1,4.351474500E-1,1.786053948E-1,1.006221798E0
3.647306125E0,7.063799036E-1,6.559079075E-1,9.274151802E-2,9.683949300E-1
3.657329125E0,2.980349207E-1,8.395397151E-1,8.320412457E-2,8.947483856E-1
3.667351125E0,-3.189322847E-1,1.199415373E0,5.912602141E-2,1.242501882E0
3.677373125E0,-1.246398336E0,2.089297861E0,-1.300350595E-1,2.436305293E0
3.687396125E0,-2.489304129E0,3.389853108E0,-7.130416363E-1,4.265696604E0
3.697418125E0,-1.458701965E0,2.067887696E0,4.424177317E-1,2.568988983E0
3.707440125E0,-1.491331767E0,3.051821478E0,-1.164275654E-1,3.398711543E0
3.717463125E0,-3.053552254E0,3.661877275E0,-8.837184991E-1,4.849173633E0
3.727485125E0,-3.313756859E0,3.869253455E0,-3.217269614E-2,5.094422627E0
3.737507125E0,-3.033892745E0,4.198635884E0,-2.218725979E-2,5.180110110E0
3.747530125E0,-3.173335975E0,4.299803824E0,1.296627380E-1,5.345576355E0
3.757552125E0,-3.142320004E0,4.463180292E0,1.333434141E-1,5.460030567E0
3.767574125E0,-3.057137182E0,4.484650099E0,-9.476246193E-2,5.428365701E0
3.777596125E0,-3.010369982E0,4.432088892E0,-5.138271452E-1,5.382356149E0
3.787619125E0,-2.808214195E0,4.459725173E0,-8.261626013E-1,5.334581541E0
3.797641125E0,-2.366783327E0,4.195812263E0,-9.164914119E-1,4.903719035E0
3.807663125E0,-1.786101018E0,3.784798611E0,-6.552245142E-1,4.236056721E0
3.817686125E0,-1.361166315E0,3.383554487E0,-6.280541110E-1,3.700765687E0
3.827708125E0,-9.955843592E-1,3.052770481E0,-5.730366357E-1,3.261742910E0
3.837730125E0,-5.056672096E-1,2.699641340E0,-4.038040352E-1,2.776116062E0
3.847753125E0,1.444168711E-1,2.360511603E0,-3.317183912E-1,2.388076287E0
3.857775125E0,1.122934377E0,2.121288562E0,-2.566196769E-1,2.413855928E0
3.867797125E0,1.811455130E0,1.869758887E0,-1.780067861E-1,2.609416486E0
3.877820125E0,2.244249660E0,1.748140894E0,9.704039097E-2,2.846413526E0
3.887842125E0,3.152834467E0,1.395038651E0,5.393923415E-1,3.489619193E0
3.897864125E0,4.260928026E0,9.678668028E-1,8.571743327E-1,4.452754387E0
3.907886125E0,5.158318924E0,7.501907516E-1,9.903503703E-1,5.305830203E0
3.917909125E0,5.768572356E0,8.138523120E-1,1.030346056E0,5.916113218E0
3.927931125E0,6.182787943E0,8.764350611E-1,1.045924062E0,6.331584503E0
3.937953125E0,6.195591592E0,9.006039423E-1,1.160152343E0,6.367291111E0
3.947976125E0,5.666145510E0,9.496462941E-1,1.303299199E0,5.891147751E0
3.957998125E0,5.041252989E0,1.090669441E0,1.377680606E0,5.338707276E0
3.968020125E0,4.571470141E0,1.337709625E0,1.286713718E0,4.933907020E0
3.978043125E0,4.114768100E0,1.520961948E0,1.043257293E0,4.509215846E0
3.988065125E0,3.726352183E0,1.578288050E0,8.352414268E-1,4.132108663E0
3.998087125E0,3.298207943E0,1.265271978E0,4.819897869E-1,3.565305452E0
4.008110125E0,3.032223950E0,8.776600528E-1,1.455290115E-1,3.160039231E0
4.018132125E0,2.655927556E0,7.663559639E-1,-3.072495478E-1,2.781304538E0
4.028154125E0,2.122905902E0,7.959498918E-1,-6.266955104E-1,2.352235737E0
4.038176125E0,1.765469702E0,8.929943758E-1,-6.105548564E-1,2.070531202E0
4.048199125E0,1.714387257E0,8.566556847E-1,-2.915456808E-1,1.938551396E0
4.058221125E0,2.047318946E0,7.497615659E-1,2.282507408E-1,2.192203383E0
4.068243125E0,2.332544956E0,5.806916642E-1,6.062298171E-1,2.479008546E0
4.078266125E0,2.517291242E0,3.820991707E-1,1.031214952E0,2.747027349E0
4.088288125E0,2.852149588E0,-7.163073063E-2,1.365223113E0,3.162866166E0
4.098310125E0,3.272700049E0,-7.112804550E-1,1.563781985E0,3.696200697E0
4.108333125E0,3.497572269E0,-1.341155389E0,1.520338927E0,4.042664963E0
4.118355125E0,3.358360589E0,-1.863132237E0,1.311710565E0,4.058378024E0
4.128377125E0,2.839765770E0,-2.236054788E0,1.166594806E0,3.798046088E0
4.138400125E0,2.204446494E0,-2.437458038E0,1.149466703E0,3.481674846E0
4.148422125E0,1.557238659E0,-2.386285545E0,1.163926721E0,3.077998758E0
4.158444125E0,8.351028478E-1,-2.038250499E0,1.104141426E0,2.463937936E0
4.168466125E0,-2.145460367E-2,-1.512986054E0,1.021498049E0,1.825662993E0
4.178489125E0,-9.154196173E-1,-9.825652412E-1,8.352360182E-1,1.581469802E0
4.188511125E0,-1.705652686E0,-5.805624408E-1,5.795084801E-1,1.892652613E0
4.198533125E0,-2.583323264E0,-2.196892476E-1,2.171664664E-1,2.601727066E0
4.208556125E0,-3.488799106E0,1.639679137E-1,-3.448437823E-1,3.509632732E0
4.218578125E0,-4.234749457E0,5.511743349E-1,-9.708061981E-1,4.379424710E0
4.228600125E0,-4.724764255E0,7.760412920E-1,-1.443524932E0,5.000940070E0
4.238623125E0,-4.987261553E0,9.248789504E-1,-1.670920810E0,5.340426503E0
4.248645125E0,-5.095983512E0,1.075557020E0,-1.718096438E0,5.484316387E0
4.258667125E0,-5.047227674E0,1.055380618E0,-1.630086195E0,5.407912392E0
4.268690125E0,-4.759710724E0,9.217761254E-1,-1.385886004E0,5.042340471E0
4.278712125E0,-4.330675369E0,8.558899918E-1,-1.122874151E0,4.555012973E0
4.288734125E0,-3.898532803E0,8.154386616E-1,-9.538038106E-1,4.095514612E0
4.298756125E0,-3.376413867E0,6.312268102E-1,-7.128784990E-1,3.508106846E0
4.308779125E0,-2.879112269E0,4.963090333E-1,-4.326591673E-1,2.953439363E0
4.318801125E0,-2.506070436E0,3.600730017E-1,-2.736280578E-1,2.546549412E0
4.328823125E0,-2.245735438E0,2.089499590E-1,-1.439552334E-1,2.260024525E0
4.338846125E0,-2.064973444E0,-8.582309246E-2,-1.588097924E-1,2.072848638E0
4.348868125E0,-1.890716477E0,-5.716065529E-1,-3.442128678E-1,2.005000086E0
4.358890125E0,-1.822002922E0,-1.003838289E0,-4.415742709E-1,2.126587359E0
4.368913125E0,-1.871767990E0,-1.388226060E0,-5.319850887E-1,2.390333687E0
4.378935125E0,-1.837586337E0,-1.641357288E0,-6.346193647E-1,2.544311111E0
4.388957125E0,-1.576135105E0,-1.824804323E0,-6.044722903E-1,2.485859899E0
4.398979125E0,-1.167825791E0,-1.928164385E0,-4.727035314E-1,2.303276710E0
4.409002125E0,-5.736662346E-1,-2.065904320E0,-3.178064033E-1,2.167499601E0
4.419024125E0,9.752980292E-2,-2.248150630E0,-2.753654118E-1,2.267050822E0
4.429046125E0,8.991386300E-1,-2.688366154E0,-2.076784819E-1,2.842339390E0
4.439069125E0,1.607711239E0,-3.172726403E0,-6.837397769E-2,3.557471469E0
4.449091125E0,1.861642367E0,-3.449152645E0,4.840485916E-2,3.919784344E0
4.459113125E0,1.510564429E0,-3.392629366E0,1.713839373E-1,3.717675532E0
4.469136125E0,1.083852172E0,-3.002097633E0,-6.672433197E-2,3.192456400E0
4.479158125E0,5.980713433E-1,-2.538860159E0,-5.718781561E-1,2.670308009E0
4.489180125E0,-2.095642090E-2,-2.209789387E0,-8.407069655E-1,2.364401935E0
4.499202125E0,-3.088663030E-1,-2.528948252E0,-9.033626586E-1,2.703154037E0
4.509225125E0,-3.307109159E-1,-3.353108035E0,-5.900606579E-1,3.420654146E0
4.519247125E0,-4.273244601E-1,-3.924750549E0,-3.523947304E-1,3.963641647E0
4.529269125E0,-6.614270943E-1,-3.988808843E0,-3.834019303E-1,4.061413402E0
4.539292125E0,-7.921059322E-1,-3.868768137E0,-3.099188018E-1,3.961167551E0
4.549314125E0,-5.754379410E-1,-3.864470725E0,-9.756795600E-2,3.908296600E0
4.559336125E0,-2.798910105E-1,-3.768345131E0,1.562639147E-1,3.781954841E0
4.569359125E0,-1.300730664E-1,-3.739690559E0,5.970814097E-1,3.789288942E0
4.579381125E0,4.345136118E-1,-3.958220888E0,1.288043375E0,4.185136845E0
4.589403125E0,1.336019779E0,-4.347351628E0,1.833432475E0,4.903660843E0
4.599419708E0,2.119791675E0,-4.645154122E0,2.359449749E0,5.624764589E0
4.609442708E0,2.665306490E0,-4.568995600E0,2.796026258E0,5.983088025E0
4.619464708E0,2.890966330E0,-4.260475452E0,2.942182676E0,5.930073886E0
4.629486708E0,2.899115594E0,-3.845730399E0,2.853306752E0,5.597845385E0
4.639509708E0,2.780059267E0,-3.379207959E0,2.686129594E0,5.134497849E0
4.649531708E0,2.454383973E0,-2.893427423E0,2.326756066E0,4.450810794E0
4.659553708E0,1.798792400E0,-2.253702269E0,1.853830340E0,3.428048271E0
4.669576708E0,1.075715772E0,-1.609616262E0,1.423004860E0,2.402700931E0
4.679598708E0,4.573358792E-1,-9.995233360E-1,1.043590731E0,1.515679590E0
4.689620708E0,-1.825658602E-1,-4.093270227E-1,6.565415995E-1,7.949375929E-1
4.699642708E0,-9.597233856E-1,1.569778597E-1,3.141719203E-1,1.021966252E0
4.709665708E0,-1.734095882E0,6.820587024E-1,1.149387181E-2,1.863444314E0
4.719687708E0,-2.396555010E0,1.253292495E0,-2.759863861E-1,2.718526527E0
4.729709708E0,-3.048271633E0,1.822381822E0,-5.904190922E-1,3.600226404E0
4.739732708E0,-3.765468301E0,2.392794958E0,-7.741204816E-1,4.528077049E0
4.749754708E0,-4.468883666E0,3.211406026E0,-8.106025757E-1,5.562474847E0
4.759776708E0,-5.060136572E0,4.271079962E0,-8.184148943E-1,6.672099303E0
4.769799708E0,-5.424381854E0,5.426083978E0,-8.304695141E-1,7.717252455E0
4.779821708E0,-5.319590979E0,6.216278456E0,-9.430453724E-1,8.235866718E0
4.789843708E0,-5.200714161E0,6.828260325E0,-9.950054848E-1,8.640752442E0
4.799865708E0,-4.882646679E0,7.341658723E0,-7.920215861E-1,8.852541420E0
4.809888708E0,-4.269318781E0,7.395216880E0,-3.774699301E-1,8.547444010E0
4.819910708E0,-3.492609152E0,6.997009215E0,1.106316590E-1,7.821041875E0
4.829932708E0,-2.700313185E0,6.367472250E0,5.090515780E-1,6.935093919E0
4.839955708E0,-2.034817014E0,5.608731115E0,6.549039406E-1,6.002269918E0
4.849977708E0,-1.266380026E0,4.754789123E0,7.113839507E-1,4.971700423E0
4.859999708E0,-2.270076227E-1,3.952657555E0,5.036668772E-1,3.991079369E0
4.870022708E0,9.314825034E-1,3.204614486E0,-5.747038230E-2,3.337741227E0
4.880044708E0,2.246228358E0,2.497044089E0,-6.513114113E-1,3.421253801E0
4.890066708E0,3.432975739E0,2.028569849E0,-1.411707747E0,4.230051633E0
4.900088708E0,4.465734941E0,1.799886414E0,-2.209024133E0,5.297373621E0
4.910111708E0,5.208808461E0,1.589375541E0,-2.801242560E0,6.124113003E0
4.920133708E0,5.381039953E0,1.377545536E0,-2.793382148E0,6.217411559E0
4.930155708E0,5.466193539E0,9.416648448E-1,-2.579613206E0,6.117222309E0
4.940178708E0,5.811126637E0,5.176715434E-1,-2.296958947E0,6.270023686E0
4.950200708E0,6.078729724E0,4.224303406E-1,-1.896926951E0,6.381828446E0
4.960222708E0,6.091362049E0,5.478987247E-1,-1.439549557E0,6.283087422E0
4.970245708E0,5.974728223E0,8.323640120E-1,-9.951522499E-1,6.113962315E0
4.980267708E0,5.675585840E0,1.165186942E0,-4.899153954E-1,5.814632605E0
4.990289708E0,5.180009755E0,1.205176635E0,5.214473829E-2,5.318615502E0
5.000311708E0,4.510323468E0,1.112325774E0,4.319605713E-1,4.665498511E0
5.010334708E0,3.622444237E0,8.928400093E-1,5.839653741E-1,3.776278736E0
5.020356708E0,2.591118772E0,7.516402763E-1,4.759322177E-1,2.739593231E0
5.030378708E0,1.738902878E0,5.301910168E-1,2.009612006E-1,1.829008239E0
5.040401708E0,1.703976290E0,-6.095137596E-2,-1.581468643E-1,1.712384506E0
5.050423708E0,2.374154912E0,-9.763686544E-1,-4.329389566E-1,2.603333139E0
5.060445708E0,2.688912284E0,-1.588594937E0,-5.897063166E-1,3.178307205E0
5.070467708E0,2.302446413E0,-1.683128627E0,-5.110460633E-1,2.897472957E0
5.080490708E0,1.705632221E0,-1.603348047E0,-2.412404765E-1,2.353317488E0
5.090512708E0,1.131930318E0,-1.608321689E0,9.302218437E-2,1.968912905E0
5.100534708E0,5.465702373E-1,-1.703737723E0,5.194466119E-1,1.863138759E0
5.110557708E0,2.705003822E-1,-2.021715742E0,1.068391696E0,2.302599795E0
5.120579708E0,6.450145447E-1,-2.836178211E0,1.696014721E0,3.366959540E0
5.130601708E0,1.339041036E0,-3.492637511E0,2.034506380E0,4.258023472E0
5.140623708E0,2.298903000E0,-3.811321874E0,2.083645357E0,4.914540407E0
5.150646708E0,3.294860412E0,-4.167380177E0,2.281790539E0,5.781844925E0
5.160668708E0,3.963787145E0,-4.232914893E0,2.652922672E0,6.377082070E0
5.170690708E0,3.922032178E0,-3.724702975E0,3.129449113E0,6.248935942E0
5.180713708E0,3.271316013E0,-2.737009434E0,3.590245374E0,5.575176315E0
5.190735708E0,2.143747133E0,-1.411761980E0,3.838121125E0,4.617347445E0
5.200757708E0,4.978032893E-1,-3.506019741E-2,3.612699267E0,3.647003335E0
5.210780708E0,-1.336120352E0,1.000145480E0,3.038981577E0,3.467119496E0
5.220802708E0,-2.911371358E0,1.742391912E0,2.285016886E0,4.090637472E0
5.230824708E0,-4.359499218E0,2.060854957E0,1.425635815E0,5.028398758E0
5.240846708E0,-5.423080848E0,1.955922579E0,6.522707932E-1,5.801801118E0
5.250869708E0,-5.987883874E0,1.611602269E0,-3.131724849E-2,6.201047970E0
5.260891708E0,-6.337801139E0,1.187360169E0,-5.634489562E-1,6.472636416E0
5.270913708E0,-6.555407023E0,1.091476942E0,-9.440184952E-1,6.712365759E0
5.280936708E0,-6.466592495E0,1.336941301E0,-1.071923268E0,6.689786995E0
5.290958708E0,-6.190374706E0,1.460156460E0,-1.017300626E0,6.441094352E0
5.300980708E0,-5.772686457E0,1.547892762E0,-9.323303497E-1,6.048894181E0
5.311002708E0,-5.228110120E0,1.532831796E0,-8.164648479E-1,5.509022018E0
5.321025708E0,-4.658159207E0,1.296177437E0,-7.316015759E-1,4.890170141E0
5.331047708E0,-4.156265790E0,1.087656079E0,-7.650204599E-1,4.363805377E0
5.341069708E0,-3.595887938E0,7.711980432E-1,-7.087907106E-1,3.745335866E0
5.351092708E0,-2.925232183E0,3.528584146E-1,-6.131951666E-1,3.009568191E0
5.361114708E0,-2.116283346E0,9.766078055E-2,-4.537714165E-1,2.166587484E0
5.371136708E0,-1.463887276E0,-1.449787885E-1,-1.939454189E-1,1.483778835E0
5.381158708E0,-1.155098156E0,-1.770414108E-1,1.359033251E-1,1.176462973E0
5.391181708E0,-9.829830247E-1,-1.629709634E-1,3.228610289E-1,1.047403650E0
5.401203708E0,-5.772722125E-1,-3.702012563E-1,2.319844803E-1,7.239537116E-1
5.411225708E0,6.832529962E-2,-7.279950133E-1,5.581752062E-3,7.312155919E-1
5.421248708E0,8.863536930E-1,-1.271245494E0,-2.630595079E-1,1.571905939E0
5.431270708E0,1.768508500E0,-2.006284648E0,-5.043644500E-1,2.721614209E0
5.441292708E0,2.501783842E0,-2.440561447E0,-5.142123306E-1,3.532658615E0
5.451315708E0,2.935040887E0,-2.431936512E0,-1.302496523E-1,3.813888459E0
5.461337708E0,3.183362195E0,-2.180216217E0,2.687951879E-1,3.867736867E0
5.471359708E0,3.383174418E0,-1.646868873E0,5.000087129E-1,3.795794376E0
5.481381708E0,3.429932848E0,-1.135068519E0,4.928618073E-1,3.646331395E0
5.491404708E0,3.143784147E0,-7.596027222E-1,4.448093891E-1,3.264694542E0
5.501426708E0,2.685590481E0,-4.942683551E-1,4.719202968E-1,2.771174157E0
5.511448708E0,2.259466454E0,-3.440007600E-1,2.856322454E-1,2.303282649E0
5.521471708E0,1.941218294E0,-1.716415071E-1,-1.450689818E-1,1.954183789E0
5.531493708E0,2.012518072E0,-2.051364049E-1,-6.706955159E-1,2.131230257E0
5.541515708E0,1.971181766E0,-7.507365891E-1,-9.452851483E-1,2.311433969E0
5.551537708E0,1.422714107E0,-1.303612756E0,-8.842207749E-1,2.122585223E0
5.561560708E0,3.425193679E-1,-1.649210391E0,-1.359747927E0,2.164746834E0
5.571582708E0,-9.232467002E-1,-2.297567789E0,-1.964130024E0,3.160539347E0
5.581604708E0,-1.950645760E0,-3.489904815E0,-2.479248673E0,4.704373335E0
5.591627708E0,-2.336906394E0,-4.566043925E0,-3.009429749E0,5.946978732E0
5.601653708E0,-1.672936345E0,-5.229056200E0,-3.196529540E0,6.352916327E0
5.611675708E0,-6.130267668E-1,-5.863987806E0,-2.991384365E0,6.611394348E0
5.621697708E0,3.191275817E-1,-6.294423569E0,-2.011486769E0,6.615715344E0
5.631720708E0,7.885824001E-1,-6.206212474E0,-7.520891963E-1,6.301156532E0
5.641742708E0,1.140532742E0,-5.624477667E0,2.550140315E-1,5.744614531E0
5.651764708E0,1.611832942E0,-5.076340376E0,9.044835699E-1,5.402344636E0
5.661787708E0,1.991990837E0,-4.502449608E0,1.101845809E0,5.045210021E0
5.671809708E0,1.965802912E0,-4.001124833E0,6.947818051E-1,4.511773795E0
5.681831708E0,1.541241846E0,-3.585599469E0,3.206665689E-1,3.915964381E0
5.691853708E0,1.162577330E0,-3.307287207E0,2.113043404E-1,3.512034203E0
5.701876708E0,7.027248091E-1,-3.258549787E0,6.172481641E-2,3.334033417E0
5.711898708E0,9.454538405E-2,-3.182098027E0,-2.917833701E-2,3.183635981E0
5.721920708E0,-4.167409998E-1,-3.197878201E0,-1.198639740E-1,3.227145088E0
5.731943708E0,-1.070585425E0,-3.211621789E0,-8.209373832E-2,3.386356013E0
5.741965708E0,-1.605051926E0,-2.921505167E0,3.199479461E-2,3.333527830E0
5.751987708E0,-1.696869584E0,-2.378064652E0,1.295941794E-1,2.924269571E0
5.762009708E0,-1.697169546E0,-1.591576433E0,3.111461323E-1,2.347405360E0
5.772032708E0,-1.941175609E0,-5.631093791E-1,5.900238204E-1,2.105560027E0
5.782054708E0,-2.073561834E0,6.513219362E-1,7.085112137E-1,2.286015548E0
5.792076708E0,-2.464285648E0,1.846171219E0,5.109269263E-1,3.121233450E0
5.802099708E0,-2.896977852E0,2.945617623E0,2.282279366E-1,4.137781029E0
5.812121708E0,-3.073766663E0,3.729255325E0,-1.217466313E-1,4.834274405E0
5.822143708E0,-3.149545408E0,4.150487571E0,-3.915354073E-1,5.224890749E0
5.832165708E0,-3.396673300E0,4.392350630E0,-5.593411410E-1,5.580591015E0
5.842188708E0,-3.649934337E0,4.667960309E0,-6.848487014E-1,5.964972075E0
5.852210708E0,-3.694087831E0,4.858410555E0,-7.624375986E-1,6.150751915E0
5.862232708E0,-3.368944634E0,4.975982859E0,-7.622903949E-1,6.057332747E0
5.872255708E0,-2.862628968E0,5.057850895E0,-5.298841842E-1,5.835861336E0
5.882277708E0,-2.682135946E0,4.844840337E0,-4.391979624E-1,5.555108098E0
5.892299708E0,-2.104553246E0,4.488586444E0,-4.153325517E-1,4.974842084E0
5.902321708E0,-1.327078217E0,4.304910198E0,-5.458236940E-1,4.537765079E0
5.912344708E0,-6.505413330E-1,4.212506064E0,-8.212771064E-1,4.340841791E0
5.922366708E0,3.307068229E-2,3.866330432E0,-1.051296045E0,4.006847646E0
5.932388708E0,7.445394176E-1,3.499670250E0,-1.333402566E0,3.818375729E0
5.942410708E0,1.388337157E0,3.062782668E0,-1.446998178E0,3.660863486E0
5.952433708E0,1.858732792E0,2.501866288E0,-1.283383290E0,3.370652041E0
5.962455708E0,2.266366169E0,2.123765443E0,-9.463736075E-1,3.246909034E0
5.972477708E0,2.522611624E0,1.903270449E0,-4.463249874E-1,3.191428176E0
5.982500708E0,3.062016683E0,1.554671731E0,4.079763159E-2,3.434328873E0
5.992522708E0,3.762785599E0,1.304406223E0,4.619820768E-1,4.009171797E0
6.002544708E0,4.230725403E0,1.345594595E0,6.788586675E-1,4.491159243E0
6.012566708E0,4.341947047E0,1.540534918E0,1.054529409E0,4.726286519E0
6.022589708E0,4.653697196E0,1.351569280E0,1.543379588E0,5.085829103E0
6.032611708E0,4.995083374E0,1.125408919E0,1.642006183E0,5.377135618E0
6.042633708E0,4.724919791E0,1.064425968E0,2.146134551E0,5.297524251E0
6.052656708E0,4.124892554E0,7.794712687E-1,2.232734154E0,4.754725633E0
6.062678708E0,4.000492457E0,5.521771324E-1,1.952422875E0,4.485620867E0
6.072700708E0,3.824015302E0,2.890196836E-1,1.597875053E0,4.154495167E0
6.082722708E0,3.535059938E0,-2.155342162E-2,1.141073171E0,3.714722237E0
6.092745708E0,3.351957888E0,1.567989349E-2,5.773083191E-1,3.401345680E0
6.102767708E0,2.933773795E0,1.644219500E-1,1.097370350E-1,2.940426071E0
6.112789708E0,2.679025227E0,2.247307169E-1,1.152731788E-1,2.690904675E0
6.122812708E0,2.653029091E0,2.621511430E-1,3.123237616E-1,2.684181945E0
6.132834708E0,2.698474236E0,2.723615509E-1,6.596526106E-1,2.791251616E0
6.142856708E0,2.802838265E0,1.513423133E-1,1.179259436E0,3.044578731E0
6.152878708E0,3.148249081E0,-1.261583555E-1,1.490489768E0,3.485534099E0
6.162901708E0,3.514977676E0,-5.254436624E-1,1.791217186E0,3.979901771E0
6.172923708E0,3.558824192E0,-9.148103374E-1,1.934404534E0,4.152592983E0
6.182945708E0,3.456904884E0,-1.130526402E0,1.851725927E0,4.081319668E0
6.192968708E0,3.304719987E0,-1.298960711E0,1.779316494E0,3.971704962E0
6.202990708E0,2.933326483E0,-1.346692702E0,1.791429440E0,3.691504426E0
6.213012708E0,2.424815773E0,-1.051532273E0,1.747752639E0,3.168610254E0
6.223034708E0,1.713556952E0,-4.165983278E-1,1.725412913E0,2.467160578E0
6.233057708E0,7.314527643E-1,2.997943479E-1,1.554867613E0,1.744280107E0
6.243079708E0,-2.803470933E-1,1.047071724E0,1.267090316E0,1.667474605E0
6.253101708E0,-1.175528913E0,1.620896418E0,8.942450953E-1,2.192908506E0
6.263123708E0,-2.019816567E0,1.925317960E0,3.969850123E-1,2.818528927E0
6.273146708E0,-2.887485482E0,2.111127856E0,-1.433623257E-1,3.579802507E0
6.283168708E0,-3.600772702E0,2.187779298E0,-5.766874909E-1,4.252588714E0
6.293190708E0,-4.122779371E0,2.237161666E0,-9.314977062E-1,4.782247383E0
6.303213708E0,-4.547131106E0,2.265109602E0,-1.252843137E0,5.232278541E0
6.313235708E0,-4.778897778E0,2.241511702E0,-1.448507637E0,5.473610605E0
6.323257708E0,-4.840705771E0,2.177752200E0,-1.393099860E0,5.487783180E0
6.333279708E0,-4.759951045E0,2.029676142E0,-1.271649683E0,5.328584437E0
6.343302708E0,-4.480673407E0,1.776597246E0,-1.182147376E0,4.962882668E0
6.353324708E0,-4.160329605E0,1.409534191E0,-1.026129190E0,4.510883524E0
6.363346708E0,-4.011385235E0,9.322207144E-1,-1.081829621E0,4.258004496E0
6.373369708E0,-4.032679040E0,6.033923095E-1,-1.206601601E0,4.252348756E0
6.383391708E0,-3.882512017E0,1.072855899E-1,-1.153106595E0,4.051550886E0
6.393413708E0,-3.611155602E0,-5.859673145E-1,-1.255293120E0,3.867759467E0
6.403435708E0,-3.299147590E0,-1.262445434E0,-1.483215832E0,3.831197268E0
6.413458708E0,-2.955355284E0,-1.864925871E0,-1.481478624E0,3.795635951E0
6.423480708E0,-2.342026801E0,-2.249017480E0,-1.270160251E0,3.486613862E0
6.433502708E0,-1.819585099E0,-2.549489520E0,-9.960764024E-1,3.286784895E0
6.443524708E0,-1.400439139E0,-2.665956116E0,-8.774495530E-1,3.136633468E0
6.453547708E0,-9.127503633E-1,-2.797714642E0,-7.241666950E-1,3.030633242E0
6.463569708E0,-3.376673484E-1,-2.834287806E0,-4.996774681E-1,2.897737769E0
6.473591708E0,3.567912519E-1,-2.844927692E0,-3.482755132E-1,2.888288318E0
6.483614708E0,1.051520578E0,-3.007943387E0,-3.304374124E-1,3.203530526E0
6.493636708E0,1.288030511E0,-3.380063407E0,-3.837855077E-1,3.637463752E0
6.503658708E0,1.883464760E0,-3.619907130E0,-4.521530534E-1,4.105558368E0
6.513680708E0,2.427689095E0,-3.563537925E0,-7.907733518E-1,4.383811056E0
6.523703708E0,1.589619370E0,-3.706102982E0,-8.900128806E-1,4.129674562E0
6.533725708E0,6.983417362E-1,-3.889378402E0,-9.949171919E-1,4.074899478E0
6.543747708E0,1.633215040E-1,-3.980569823E0,-1.350965263E0,4.206746626E0
6.553769708E0,7.865616024E-2,-4.584830737E0,-1.437430379E0,4.805524505E0
6.563792708E0,3.187463433E-1,-5.261402997E0,-1.088239485E0,5.382213848E0
6.573814708E0,2.257551491E-1,-5.386051601E0,-7.191382357E-1,5.438536296E0
6.583836708E0,-2.129906774E-1,-4.859257524E0,-3.759084311E-1,4.878427602E0
6.593859708E0,-5.131405360E-1,-4.342953060E0,-1.532368112E-1,4.375846891E0
6.603877625E0,-2.364152080E-1,-4.174190722E0,3.111718601E-1,4.192444187E0
6.613899625E0,1.945397884E-1,-3.873723067E0,8.873266697E-1,3.978809464E0
6.623921625E0,4.760978401E-1,-3.591799564E0,1.167772435E0,3.806755275E0
6.633944625E0,8.159801137E-1,-3.510893103E0,1.195341472E0,3.797503807E0
6.643966625E0,1.221673969E0,-3.365404145E0,1.009477782E0,3.719876038E0
6.653988625E0,1.691590717E0,-3.271102005E0,8.983048171E-1,3.790585579E0
6.664011625E0,1.961863058E0,-3.260039658E0,9.083088183E-1,3.911750266E0
6.674033625E0,2.070954561E0,-3.200376131E0,9.972408754E-1,3.940272774E0
6.684055625E0,2.146214073E0,-3.042026222E0,1.013237542E0,3.858342740E0
6.694077625E0,2.077567177E0,-3.006395337E0,9.363320379E-1,3.772454901E0
6.704100625E0,1.920924947E0,-2.783797099E0,8.572139476E-1,3.489168195E0
6.714122625E0,1.838020200E0,-2.382224362E0,8.344877207E-1,3.122447905E0
6.724144625E0,1.569948751E0,-1.915373016E0,9.089137128E-1,2.638089652E0
6.734166625E0,1.006332126E0,-1.382396386E0,8.968611395E-1,1.930824699E0
6.744189625E0,3.967973167E-1,-7.525308073E-1,8.833998258E-1,1.226436292E0
6.754211625E0,-3.704561949E-1,-1.518448815E-1,8.940509677E-1,9.796028752E-1
6.764233625E0,-1.072075295E0,3.756792203E-1,8.115584493E-1,1.396104377E0
6.774256625E0,-1.407445273E0,9.204885685E-1,6.032377969E-1,1.786644128E0
6.784278625E0,-1.360991483E0,1.447977879E0,2.600220256E-1,2.004133032E0
6.794300625E0,-1.297917568E0,1.958330755E0,-1.266093220E-1,2.352802431E0
6.804322625E0,-1.452302772E0,2.395872055E0,-4.642192215E-1,2.839874246E0
6.814345625E0,-1.889081011E0,2.912610675E0,-7.226803328E-1,3.546011122E0
6.824367625E0,-2.714282768E0,3.402174361E0,-1.110674666E0,4.491739033E0
6.834389625E0,-3.482999838E0,3.844158668E0,-1.541501609E0,5.411568252E0
6.844411625E0,-4.092273277E0,4.152259278E0,-1.814531496E0,6.105774499E0
6.854434625E0,-4.572360088E0,4.331961756E0,-1.976201600E0,6.601343969E0
6.864456625E0,-4.925237213E0,4.487643581E0,-2.180649496E0,7.010858631E0
6.874478625E0,-5.043090768E0,4.497803703E0,-2.251108591E0,7.122534137E0
6.884501625E0,-4.998595212E0,4.372713341E0,-2.118842234E0,6.971088040E0
6.894523625E0,-4.623461829E0,4.249151734E0,-2.059744864E0,6.608648776E0
6.904545625E0,-4.055993643E0,3.895782858E0,-2.092834403E0,6.000680323E0
6.914567625E0,-3.577962129E0,3.359444078E0,-2.098372155E0,5.337681445E0
6.924590625E0,-2.858756942E0,2.775683795E0,-2.110216421E0,4.508871824E0
6.934612625E0,-1.718016039E0,2.266936857E0,-2.084473031E0,3.526415977E0
6.944634625E0,-5.671027350E-1,1.747357952E0,-1.778879853E0,2.557201372E0
6.954656625E0,4.432803422E-1,1.508009781E0,-1.408731076E0,2.110714145E0
6.964679625E0,1.691166794E0,1.591396923E0,-1.362993716E0,2.692645755E0
6.974701625E0,3.070790430E0,1.710635099E0,-1.080112586E0,3.677318249E0
6.984723625E0,3.804263408E0,1.700522924E0,-3.842158628E-1,4.184712669E0
6.994746625E0,3.922635026E0,1.763747697E0,3.992876458E-1,4.319409926E0
7.004768625E0,4.136180604E0,1.791415552E0,8.481320523E-1,4.586555096E0
7.014790625E0,4.773338830E0,1.681897203E0,6.330128422E-1,5.100416360E0
7.024812625E0,5.631765051E0,1.426008428E0,4.800031954E-1,5.829295043E0
7.034835625E0,6.234104277E0,1.059200896E0,5.832387114E-1,6.350285826E0
7.044857625E0,6.611833239E0,8.249526662E-1,6.924758095E-1,6.698985627E0
7.054879625E0,6.912536244E0,6.946445417E-1,1.064996364E0,7.028506643E0
7.064901625E0,6.935122284E0,4.264508861E-1,1.594582340E0,7.128848034E0
7.074924625E0,6.772188451E0,-4.036099076E-2,1.940965987E0,7.044963760E0
7.084946625E0,6.649100468E0,-6.880430353E-1,2.260867447E0,7.056589960E0
7.094968625E0,6.480684285E0,-1.393717180E0,2.138416080E0,6.965237951E0
7.104990625E0,5.952390690E0,-1.433351946E0,1.401269444E0,6.280844591E0
7.115013625E0,4.849432155E0,-8.182833320E-1,5.408753416E-1,4.947638424E0
7.125035625E0,3.419261679E0,6.110808134E-2,-3.613126114E-2,3.419998552E0
7.135057625E0,1.969125300E0,5.958798069E-1,1.518171072E-2,2.057366685E0
7.145080625E0,1.226415476E0,9.010448223E-1,3.857767770E-1,1.569968284E0
7.155102625E0,1.629023171E0,9.405170363E-1,7.060325789E-1,2.009171668E0
7.165124625E0,2.458433754E0,5.740381175E-1,1.061179009E0,2.738524635E0
7.175146625E0,2.895222518E0,-5.462644279E-2,1.395764582E0,3.214569372E0
7.185169625E0,3.224379829E0,-7.533108258E-1,1.526570305E0,3.646165023E0
7.195191625E0,3.579247347E0,-1.124174572E0,1.490673809E0,4.036940480E0
7.205213625E0,3.764718688E0,-1.225241355E0,1.421931165E0,4.206686513E0
7.215236625E0,3.350760378E0,-1.205911630E0,1.508522581E0,3.867487343E0
7.225258625E0,2.239889976E0,-1.074840444E0,1.668676064E0,2.992802849E0
7.235280625E0,1.245124812E0,-8.034542084E-1,1.730374568E0,2.278172647E0
7.245302625E0,3.514597607E-1,-3.633085585E-1,1.735821249E0,1.807924910E0
7.255325625E0,-5.890765715E-1,1.871951008E-1,1.356524649E0,1.490708669E0
7.265347625E0,-1.586565953E0,7.382334879E-1,6.792587632E-1,1.877118183E0
7.275369625E0,-2.388971171E0,1.267162676E0,-2.555467129E-2,2.704355292E0
7.285391625E0,-3.029329578E0,1.756505044E0,-7.564841098E-1,3.582515299E0
7.295414625E0,-3.824933900E0,2.235805404E0,-1.259703675E0,4.606061060E0
7.305436625E0,-4.627963015E0,2.695069987E0,-1.592983273E0,5.587400077E0
7.315458625E0,-5.028655162E0,3.025708105E0,-1.791133278E0,6.135995494E0
7.325480625E0,-5.232489685E0,3.193445134E0,-1.776930830E0,6.382360324E0
7.335503625E0,-5.065371584E0,3.223508301E0,-1.679508616E0,6.234560469E0
7.345525625E0,-4.443393899E0,3.120720097E0,-1.450635293E0,5.620230068E0
7.355547625E0,-3.989026067E0,2.926647209E0,-1.119333662E0,5.072524095E0
7.365569625E0,-3.646150019E0,2.569131195E0,-8.805357134E-1,4.546447866E0
7.375592625E0,-3.277670183E0,2.086381854E0,-8.303873608E-1,3.973116439E0
7.385614625E0,-3.188163929E0,1.566303012E0,-8.731740689E-1,3.657885635E0
7.395636625E0,-3.191842412E0,9.177760452E-1,-9.046964085E-1,3.442186289E0
7.405659625E0,-2.970040566E0,1.646213400E-1,-9.400627077E-1,3.119608796E0
7.415681625E0,-2.557466292E0,-3.770234951E-1,-9.034070975E-1,2.738416501E0
7.425703625E0,-2.162395658E0,-8.131795898E-1,-6.854802006E-1,2.409792342E0
7.435725625E0,-1.565230633E0,-1.334073241E0,-3.782607660E-1,2.091119211E0
7.445748625E0,-8.379381627E-1,-1.820499896E0,2.215773135E-2,2.004208372E0
7.455770625E0,-2.029960316E-1,-2.184288218E0,2.223742890E-1,2.204942796E0
7.465792625E0,2.139209694E-1,-2.445410251E0,2.522854283E-1,2.467679358E0
7.475814625E0,7.764891887E-1,-2.717190589E0,2.808335817E-1,2.839881627E0
7.485837625E0,1.117653172E0,-2.895216086E0,9.950353056E-2,3.105048430E0
7.495859625E0,1.252027450E0,-2.902668362E0,-1.391806895E-1,3.164242030E0
7.505881625E0,1.370684413E0,-2.950287209E0,-4.207562828E-1,3.280244843E0
7.515903625E0,1.558888158E0,-2.977060733E0,-6.376613787E-1,3.420472910E0
7.525926625E0,1.604673611E0,-3.150509322E0,-7.490259862E-1,3.614101038E0
7.535948625E0,1.429567629E0,-3.362422650E0,-6.652190137E-1,3.713767092E0
7.545970625E0,1.172555019E0,-3.595744096E0,-4.255808204E-1,3.805966357E0
7.555992625E0,9.522184843E-1,-3.839518317E0,-3.942686883E-1,3.975433152E0
7.566015625E0,6.308537579E-1,-3.909210111E0,-4.816241898E-1,3.988967538E0
7.576037625E0,2.127907026E-1,-4.363847793E0,-4.806646617E-1,4.395393721E0
7.586059625E0,4.164971709E-3,-5.091879351E0,-3.257244104E-1,5.102288611E0
7.596082625E0,-4.329851496E-1,-5.549221662E0,-7.247506857E-2,5.566559964E0
7.606105458E0,-1.044579933E0,-5.164927447E0,3.246257186E-2,5.269599281E0
7.616127458E0,-1.550286319E0,-4.664146171E0,2.871333718E-2,4.915126817E0
7.626149458E0,-1.658344619E0,-4.557182762E0,2.867047709E-1,4.858005890E0
7.636172458E0,-1.569329531E0,-4.515254718E0,5.689434385E-1,4.813939860E0
7.646194458E0,-1.125908856E0,-4.415813752E0,1.006557829E0,4.666930523E0
7.656216458E0,-1.853824639E-1,-4.446159340E0,1.578740479E0,4.721770964E0
7.666238458E0,6.369845635E-1,-4.495172748E0,1.996097921E0,4.959509480E0
7.676261458E0,1.206954773E0,-4.307220433E0,2.294722826E0,5.027389037E0
7.686283458E0,1.525356715E0,-4.041550143E0,2.584685665E0,5.034028273E0
7.696305458E0,1.594908761E0,-3.581333341E0,2.704904419E0,4.763002243E0
7.706327458E0,1.376906435E0,-3.088810672E0,2.558681928E0,4.240692857E0
7.716350458E0,1.097182070E0,-2.642304713E0,2.239345016E0,3.633214664E0
7.726372458E0,8.658732355E-1,-2.237548751E0,1.841719149E0,3.024614074E0
7.736394458E0,4.788676661E-1,-1.781652457E0,1.349361956E0,2.285689700E0
7.746416458E0,-3.523064375E-2,-1.165089001E0,9.502953351E-1,1.503906514E0
7.756439458E0,-6.625228626E-1,-4.329795948E-1,6.061428398E-1,9.969037141E-1
7.766461458E0,-1.209574910E0,4.136016297E-1,2.090911692E-1,1.295321153E0
7.776483458E0,-1.662181562E0,1.197639866E0,-3.448823740E-1,2.077530420E0
7.786506458E0,-2.242941054E0,1.898289791E0,-8.620722529E-1,3.062263422E0
7.796528458E0,-2.823450285E0,2.594527406E0,-1.177059275E0,4.011098666E0
7.806550458E0,-3.251349526E0,3.296514882E0,-1.470618006E0,4.858086189E0
7.816572458E0,-3.440610448E0,4.025875512E0,-1.757100875E0,5.579684344E0
7.826595458E0,-3.736850274E0,4.550561960E0,-1.995610263E0,6.217244120E0
7.836617458E0,-3.925449291E0,4.911293943E0,-2.060839024E0,6.616420317E0
7.846639458E0,-3.917439190E0,5.209245833E0,-1.892016898E0,6.786921239E0
7.856661458E0,-3.873620741E0,5.281644303E0,-1.564363052E0,6.734087611E0
7.866684458E0,-3.712191980E0,5.182287830E0,-1.302364376E0,6.506353005E0
7.876706458E0,-3.532559668E0,4.975490524E0,-1.139735913E0,6.207534270E0
7.886728458E0,-3.332821705E0,4.731914231E0,-1.072582249E0,5.886352477E0
7.896750458E0,-3.007911812E0,4.367352029E0,-1.094910427E0,5.414806188E0
7.906773458E0,-2.577393603E0,3.984175217E0,-1.186669905E0,4.891297926E0
7.916795458E0,-1.934622050E0,3.615200706E0,-1.278596760E0,4.295025995E0
7.926817458E0,-1.195068553E0,3.170359742E0,-1.212261414E0,3.598464600E0
7.936839458E0,-3.425053346E-1,2.706993045E0,-1.076547831E0,2.933270611E0
7.946862458E0,7.014699966E-1,2.319800364E0,-1.104239805E0,2.663246033E0
7.956884458E0,1.957102255E0,1.967526671E0,-8.734578051E-1,2.909353704E0
7.966906458E0,3.054081427E0,1.690970328E0,-4.572091408E-1,3.520771820E0
7.976928458E0,3.998591527E0,1.507060193E0,-2.164286940E-1,4.278645347E0
7.986951458E0,4.834579643E0,1.336154265E0,2.919163942E-2,5.015906767E0
7.996973458E0,5.451838624E0,1.138796119E0,1.931481510E-1,5.572854493E0
8.006995458E0,5.711973647E0,1.045144774E0,3.487741345E-1,5.817268598E0
8.017017458E0,5.291302734E0,1.048223918E0,-1.291649938E-1,5.395678048E0
8.027040458E0,5.269982616E0,9.946189839E-1,-2.278382197E-2,5.363068413E0
8.037062458E0,5.524669788E0,6.200153589E-1,-4.447099864E-2,5.559529925E0
8.047084458E0,6.033092206E0,1.718806583E-1,1.642488724E-1,6.037774608E0
8.057107458E0,6.205724232E0,-1.314775676E-1,4.941667597E-1,6.226756810E0
8.067129458E0,5.923038837E0,-1.794440317E-1,9.557288602E-1,6.002333453E0
8.077151458E0,5.575078050E0,-3.514562523E-1,1.280061926E0,5.730931451E0
8.087173458E0,5.355691103E0,-7.492405790E-1,1.497566653E0,5.611371893E0
8.097196458E0,5.147560047E0,-1.269154530E0,1.482237008E0,5.505011735E0
8.107218458E0,4.798831521E0,-1.388176358E0,1.124727718E0,5.120627892E0
8.117240458E0,4.139809386E0,-9.446393234E-1,7.160710788E-1,4.306172662E0
8.127262458E0,3.132849269E0,-2.364701718E-1,2.926964128E-1,3.155365886E0
8.137285458E0,2.439972925E0,1.842223763E-1,4.550490332E-1,2.488870302E0
8.147307458E0,2.326622896E0,4.227601236E-1,9.931793994E-1,2.564820762E0
8.157329458E0,2.527768868E0,6.531211245E-1,1.054684799E0,2.815766801E0
8.167351458E0,2.598390369E0,7.644322300E-1,1.327059214E0,3.016135823E0
8.177374458E0,2.513439682E0,4.355491537E-1,1.488145473E0,2.953245511E0
8.187396458E0,2.583257191E0,-1.081734896E-2,1.437421024E0,2.956266890E0
8.197418458E0,2.500451261E0,-4.268110746E-1,1.416843356E0,2.905489511E0
8.207440458E0,2.221759515E0,-7.845337880E-1,1.499383968E0,2.792823104E0
8.217463458E0,1.791300362E0,-1.067332619E0,1.442315728E0,2.535395544E0
8.227485458E0,1.320272058E0,-1.234585791E0,1.422575382E0,2.300226315E0
8.237507458E0,8.062988788E-1,-1.158273779E0,1.402235404E0,1.989467305E0
8.247529458E0,1.798679549E-1,-7.855453563E-1,1.376574021E0,1.595114423E0
8.257552458E0,-5.377941513E-1,-1.506260294E-1,1.343549824E0,1.455004082E0
8.267574458E0,-1.329501303E0,5.357838786E-1,1.146352184E0,1.835418592E0
8.277596458E0,-2.087692800E0,1.273130051E0,7.987552397E-1,2.572417402E0
8.287618458E0,-2.852032059E0,1.859894926E0,3.910319620E-1,3.427273260E0
8.297641458E0,-3.547968251E0,2.240747178E0,-5.910424054E-2,4.196727289E0
8.307663458E0,-4.089124551E0,2.378048865E0,-5.836465546E-1,4.766203867E0
8.317685458E0,-4.372459572E0,2.476532933E0,-1.078996060E0,5.139635257E0
8.327707458E0,-4.378571082E0,2.593256514E0,-1.565964166E0,5.324388025E0
8.337730458E0,-4.159440828E0,2.766164528E0,-2.071765716E0,5.407848683E0
8.347752458E0,-3.929602568E0,2.902861028E0,-2.440015025E0,5.460957042E0
8.357774458E0,-3.878958079E0,2.949835220E0,-2.465098411E0,5.461186115E0
8.367796458E0,-3.994867435E0,3.074052592E0,-2.125034289E0,5.470332338E0
8.377819458E0,-4.198465145E0,3.179795686E0,-1.842385147E0,5.579658879E0
8.387841458E0,-3.856052781E0,2.896808867E0,-1.508422594E0,5.053314100E0
8.397863458E0,-3.141611906E0,2.224824918E0,-7.017325366E-1,3.913055052E0
8.407885458E0,-2.682445849E0,1.692419560E0,4.356643438E-2,3.172017928E0
8.417908458E0,-2.091647857E0,1.262557116E0,6.456587617E-1,2.527037092E0
8.427930458E0,-1.023856816E0,6.625047362E-1,1.296819900E0,1.780150881E0
8.437952458E0,1.274207693E-1,-7.990249425E-2,1.870163368E0,1.876201344E0
8.447974458E0,1.014141083E0,-7.194683111E-1,2.121815397E0,2.459312376E0
8.457997458E0,1.697728540E0,-1.274514380E0,1.709536699E0,2.725653101E0
8.468019458E0,2.256697798E0,-1.644715344E0,9.183066800E-1,2.939568110E0
8.478041458E0,2.442633408E0,-1.871830848E0,7.715035602E-2,3.078337354E0
8.488064458E0,2.383497008E0,-1.945816252E0,-5.332843401E-1,3.122763369E0
8.498086458E0,1.910581807E0,-1.866811305E0,-8.344783652E-1,2.798510574E0
8.508108458E0,1.301141138E0,-1.877244785E0,-9.126258177E-1,2.459654879E0
8.518130458E0,9.809528714E-1,-2.278072002E0,-5.909324777E-1,2.549721902E0
8.528152458E0,8.498512799E-1,-3.138321970E0,-1.503631970E-1,3.254830422E0
8.538175458E0,4.236524087E-1,-4.161765389E0,2.907339410E-1,4.193363654E0
8.548197458E0,-3.752971047E-1,-4.996559211E0,1.638752353E-1,5.013312972E0
8.558219458E0,-1.287357497E0,-5.517398776E0,-1.175578322E-1,5.666815545E0
8.568242458E0,-2.199735977E0,-5.617328276E0,-2.865691155E-1,6.039481533E0
8.578264458E0,-3.018601107E0,-5.686219586E0,-5.014398189E-1,6.457281759E0
8.588286458E0,-3.528559588E0,-6.072230544E0,-5.944001690E-1,7.048122311E0
8.598308083E0,-3.673513234E0,-6.477705714E0,-6.366122420E-1,7.473997989E0
8.608331083E0,-3.628128315E0,-6.588368948E0,-6.627912498E-1,7.550444537E0
8.618353083E0,-3.233975109E0,-6.304985980E0,-3.210337740E-1,7.093271875E0
8.628375083E0,-2.466008822E0,-6.042536044E0,3.010702103E-1,6.533305796E0
8.638397083E0,-1.647853544E0,-5.688094203E0,9.689086305E-1,6.000718366E0
8.648420083E0,-7.499065769E-1,-5.242762073E0,1.425214961E0,5.484537512E0
8.658442083E0,1.005089593E-1,-5.105486991E0,1.604853120E0,5.352723887E0
8.668464083E0,1.091324329E0,-5.257923903E0,1.727610735E0,5.641045242E0
8.678486083E0,1.894704863E0,-5.232100845E0,1.777436468E0,5.841580793E0
8.688509083E0,2.284807702E0,-4.827664141E0,1.770431650E0,5.626821085E0
8.698531083E0,2.059719136E0,-4.320595061E0,1.861551150E0,5.135694431E0
8.708553083E0,1.676687919E0,-3.870823140E0,1.947715720E0,4.646305058E0
8.718575083E0,1.292981349E0,-3.584791969E0,1.722601426E0,4.182091570E0
8.728598083E0,9.622499675E-1,-3.387392892E0,1.348303610E0,3.770713226E0
8.738620083E0,7.071616763E-1,-3.103037240E0,7.330655725E-1,3.265930630E0
8.748642083E0,4.012096256E-1,-2.591399146E0,6.821727231E-2,2.623160745E0
8.758664083E0,-1.947994047E-1,-2.118392729E0,-1.973078603E-1,2.136460848E0
8.768686083E0,-9.493252820E-1,-1.453421052E0,-3.023383252E-1,1.762117961E0
8.778709083E0,-1.604088305E0,-5.364627403E-1,-5.734661137E-1,1.785988506E0
8.788731083E0,-1.995314394E0,2.697039914E-1,-6.304633100E-1,2.109858706E0
8.798753083E0,-2.347532539E0,1.008493257E0,-7.192630738E-1,2.654299727E0
8.808776083E0,-2.613772640E0,1.794908679E0,-8.849521154E-1,3.291905956E0
8.818798083E0,-2.750402189E0,2.582984418E0,-1.014789685E0,3.907213689E0
8.828820083E0,-2.778320889E0,3.280154080E0,-1.162579230E0,4.453096475E0
8.838842083E0,-2.798666861E0,3.886426728E0,-1.161579941E0,4.928094649E0
8.848864083E0,-2.966236367E0,4.304847048E0,-1.099722831E0,5.342252016E0
8.858887083E0,-3.150088615E0,4.627699306E0,-1.055373309E0,5.696707116E0
8.868909083E0,-3.352287086E0,4.763913703E0,-1.183934870E0,5.944274914E0
8.878931083E0,-3.447969169E0,4.809973975E0,-1.304865814E0,6.060281827E0
8.888953083E0,-3.476205373E0,4.834944509E0,-1.304332987E0,6.096062397E0
8.898976083E0,-3.406611813E0,4.807139829E0,-1.359730239E0,6.046690310E0
8.908998083E0,-2.976887071E0,4.690562137E0,-1.504165967E0,5.755496942E0
8.919020083E0,-2.276099444E0,4.490628877E0,-1.588191041E0,5.279083933E0
8.929042083E0,-1.478790075E0,4.383224296E0,-1.504716629E0,4.864529520E0
8.939065083E0,-6.502793777E-1,4.222688406E0,-1.305481526E0,4.467464902E0
8.949087083E0,3.807028556E-1,4.163584750E0,-9.027231194E-1,4.277298407E0
8.959109083E0,1.514213676E0,3.928957620E0,-4.293804874E-1,4.232483744E0
8.969131083E0,2.460016596E0,3.635940780E0,7.097087234E-2,4.390533438E0
8.979154083E0,3.151458033E0,3.400231331E0,5.201297128E-1,4.665168352E0
8.989176083E0,3.533776474E0,3.059172013E0,6.758849198E-1,4.722597802E0
8.999198083E0,3.962138815E0,2.879677695E0,4.626433969E-1,4.919870580E0
9.009220083E0,4.559117898E0,2.722432033E0,1.852416922E-1,5.313332915E0
9.019243083E0,5.073807362E0,2.713466497E0,4.607591316E-2,5.754002482E0
9.029265083E0,5.454324861E0,2.684117568E0,-2.745384693E-2,6.079054245E0
9.039287083E0,5.948292376E0,2.258099960E0,2.669232018E-1,6.368080215E0
9.049309083E0,6.440028595E0,1.668990059E0,8.922400850E-1,6.712345975E0
9.059332083E0,6.693058081E0,1.136236208E0,1.405892399E0,6.932863235E0
9.069354083E0,6.662970648E0,7.935963875E-1,1.779788364E0,6.942090442E0
9.079376083E0,6.384743171E0,2.983442384E-1,1.877063228E0,6.661630506E0
9.089398083E0,6.157533234E0,-6.501823139E-1,1.837438402E0,6.458647881E0
9.099421083E0,6.185208106E0,-1.480800932E0,1.698327879E0,6.582848039E0
9.109443083E0,6.016245208E0,-1.805920156E0,1.386735020E0,6.432696793E0
9.119465083E0,5.251608326E0,-1.799089438E0,1.116888795E0,5.662468843E0
9.129487083E0,4.426606543E0,-1.891970120E0,1.332137082E0,4.994895958E0
9.139510083E0,4.052016951E0,-2.086477164E0,1.669077622E0,4.853663404E0
9.149532083E0,4.058790951E0,-2.116758140E0,1.762488061E0,4.905182277E0
9.159554083E0,3.908237427E0,-2.187786607E0,1.903222356E0,4.866516758E0
9.169576083E0,3.557175862E0,-2.295388239E0,1.981236638E0,4.674142263E0
9.179599083E0,3.374240457E0,-2.469751625E0,1.976275129E0,4.625022718E0
9.189621083E0,3.292619759E0,-2.606141438E0,1.901612033E0,4.609712181E0
9.199643083E0,3.049259228E0,-2.594967994E0,1.785519659E0,4.384053054E0
9.209665083E0,2.300419183E0,-2.454115586E0,1.728086699E0,3.781652465E0
9.219688083E0,1.461957110E0,-2.169820452E0,1.663150153E0,3.100243187E0
9.229710083E0,8.405132765E-1,-1.806782035E0,1.506696496E0,2.498211004E0
9.239732083E0,1.148089099E-1,-1.321478339E0,1.270170483E0,1.836523657E0
9.249754083E0,-7.061501080E-1,-7.374449909E-1,8.718935287E-1,1.342635995E0
9.259777083E0,-1.679946572E0,-6.860888958E-2,4.187236445E-1,1.732702270E0
9.269799083E0,-2.709476357E0,6.857620364E-1,8.162917703E-2,2.796103543E0
9.279821083E0,-3.625276628E0,1.328216085E0,-3.164255834E-1,3.873875805E0
9.289843083E0,-4.318345930E0,1.840794119E0,-8.542758679E-1,4.771417171E0
9.299866083E0,-5.036494524E0,2.284072415E0,-1.364557700E0,5.696075983E0
9.309888083E0,-5.593803758E0,2.641982239E0,-1.833541233E0,6.452331678E0
9.319910083E0,-5.708909706E0,2.871363831E0,-2.184462465E0,6.753388524E0
9.329932083E0,-5.641975459E0,2.946432433E0,-2.425779686E0,6.811589994E0
9.339955083E0,-5.562490164E0,2.992394179E0,-2.537113304E0,6.806810094E0
9.349977083E0,-5.323536680E0,3.001576354E0,-2.428625818E0,6.576300385E0
9.359999083E0,-4.963806617E0,2.806374368E0,-2.226685794E0,6.121539255E0
9.370021083E0,-4.607303633E0,2.510664301E0,-1.934898769E0,5.592362224E0
9.380043083E0,-4.432306994E0,1.863617264E0,-1.850980115E0,5.152139553E0
9.390066083E0,-4.380280223E0,1.229265409E0,-1.849379878E0,4.911023744E0
9.400088083E0,-4.196817985E0,5.819885767E-1,-1.750306703E0,4.584273711E0
9.410110083E0,-3.850036581E0,-8.057989419E-2,-1.853940999E0,4.273917643E0
9.420132083E0,-3.282555531E0,-6.664486831E-1,-1.958026992E0,3.879844632E0
9.430155083E0,-2.625337263E0,-1.276351283E0,-1.819777472E0,3.439921276E0
9.440177083E0,-1.856678081E0,-1.768702336E0,-1.593707450E0,3.019182817E0
9.450199083E0,-1.053706852E0,-2.010934938E0,-1.044801835E0,2.499153523E0
9.460221083E0,-3.491933799E-1,-2.220462310E0,-4.002299246E-1,2.283105972E0
9.470244083E0,5.197975910E-1,-2.382295698E0,8.635094985E-2,2.439872704E0
9.480266083E0,1.425870434E0,-2.693059422E0,5.155606985E-1,3.090546615E0
9.490288083E0,2.142574182E0,-3.246543992E0,9.366979274E-1,4.001009250E0
9.500310083E0,2.624635012E0,-3.872994504E0,1.311010507E0,4.858759505E0
9.510333083E0,2.857398049E0,-4.320692418E0,1.515576662E0,5.397228844E0
9.520355083E0,2.995423914E0,-4.488687893E0,1.429624054E0,5.582536015E0
9.530377083E0,3.058063381E0,-4.434294755E0,1.064798436E0,5.490766551E0
9.540399083E0,2.737678648E0,-4.061909271E0,6.106893423E-1,4.936287347E0
9.550422083E0,1.997804723E0,-3.445908610E0,2.664487003E-1,3.992055207E0
9.560444083E0,1.009117740E0,-2.794466514E0,-2.004504463E-1,2.977841851E0
9.570466083E0,3.954179585E-2,-2.505724573E0,-5.906272531E-1,2.574696048E0
9.580488083E0,-2.799722868E-1,-3.322482951E0,-2.410456181E-1,3.342959831E0
9.590510083E0,-5.241508430E-1,-3.865060125E0,6.219537109E-3,3.900443892E0
9.600533125E0,-1.005401834E0,-3.746865385E0,-2.385126042E-1,3.886736590E0
9.610555125E0,-1.320087871E0,-3.470092694E0,-5.261979532E-1,3.749807939E0
9.620577125E0,-1.490116716E0,-3.576075524E0,-5.322716023E-1,3.910508540E0
9.630599125E0,-1.598117128E0,-3.757582161E0,-2.405692162E-1,4.090388197E0
9.640622125E0,-1.279465510E0,-3.981263011E0,7.829187870E-2,4.182537121E0
9.650644125E0,-4.501133984E-1,-4.384291120E0,4.662651622E-1,4.431931171E0
9.660666125E0,4.396205699E-1,-4.727640208E0,7.900895199E-1,4.813324177E0
9.670688125E0,1.162893664E0,-4.898343530E0,1.099548438E0,5.153163861E0
9.680711125E0,1.644525894E0,-4.756387459E0,1.236743413E0,5.182395329E0
9.690733125E0,1.774044644E0,-4.414519179E0,1.416577308E0,4.964061366E0
9.700755125E0,1.745431879E0,-4.024373947E0,1.588908348E0,4.665484739E0
9.710777125E0,1.611746988E0,-3.753444087E0,1.755258564E0,4.446009839E0
9.720800125E0,1.344276633E0,-3.520501833E0,1.774231755E0,4.165202413E0
9.730822125E0,1.017251801E0,-3.182035755E0,1.628506862E0,3.716475127E0
9.740844125E0,5.704268771E-1,-2.709931855E0,1.435124238E0,3.119086254E0
9.750866125E0,1.046715921E-1,-1.997170008E0,1.093323492E0,2.279254361E0
9.760889125E0,-5.709917182E-1,-1.055129187E0,6.758416504E-1,1.376986231E0
9.770911125E0,-1.566208872E0,5.787281692E-3,3.259087439E-1,1.599768806E0
9.780933125E0,-2.317545678E0,1.069648701E0,1.183944225E-2,2.552509840E0
9.790955125E0,-2.824620312E0,1.861190377E0,-2.265375066E-1,3.390254971E0
9.800978125E0,-3.161324040E0,2.455123646E0,-5.117389584E-1,4.035279242E0
9.811000125E0,-3.411829283E0,3.121492807E0,-8.697408763E-1,4.705395370E0
9.821022125E0,-3.620781289E0,3.735698372E0,-1.170825997E0,5.332572830E0
9.831044125E0,-3.833928087E0,4.308861161E0,-1.454289218E0,5.948129640E0
9.841066125E0,-4.012542983E0,4.878133214E0,-1.747633063E0,6.553694085E0
9.851089125E0,-4.137996749E0,5.430479330E0,-2.069653263E0,7.134184430E0
9.861111125E0,-4.242474214E0,5.906556705E0,-2.210440475E0,7.600792502E0
9.871133125E0,-4.188743564E0,6.123718786E0,-2.103608044E0,7.711722974E0
9.881155125E0,-3.766810822E0,6.179553849E0,-1.889383458E0,7.479673749E0
9.891178125E0,-3.048925937E0,5.850856129E0,-1.484419189E0,6.762541470E0
9.901200125E0,-2.301476945E0,5.577797590E0,-1.032396675E0,6.121639076E0
9.911222125E0,-1.718937560E0,5.303140422E0,-7.262288618E-1,5.621872734E0
9.921244125E0,-1.061594746E0,4.906423797E0,-6.574422169E-1,5.062826103E0
9.931267125E0,-4.731683850E-1,4.471623672E0,-4.170830619E-1,4.515890262E0
9.941289125E0,9.711932838E-2,3.911584958E0,-3.678174926E-1,3.930040554E0
9.951311125E0,7.300529408E-1,3.167366552E0,-5.668381485E-1,3.299468694E0
9.961333125E0,1.634549959E0,2.353971493E0,-6.870415534E-1,2.947025866E0
9.971356125E0,2.841548002E0,1.424457162E0,-6.824501735E-1,3.251032373E0
9.981378125E0,3.914994469E0,8.124957579E-1,-5.879992220E-1,4.041419817E0
9.991400125E0,4.603308231E0,1.007123255E0,-4.572972876E-1,4.734328329E0
1.000142213E1,4.933675915E0,1.403594297E0,-2.881867477E-1,5.137537015E0
1.001144413E1,5.074841149E0,1.632140322E0,1.890913528E-1,5.334196309E0
1.002146713E1,5.283086811E0,1.617958485E0,6.588391167E-1,5.564428533E0
1.003148913E1,5.792769889E0,1.321947870E0,8.851488742E-1,6.007263743E0
1.004151113E1,6.334624346E0,8.331890541E-1,1.072412680E0,6.478559915E0
1.005153313E1,6.480713521E0,3.146135312E-1,9.748540793E-1,6.561171381E0
1.006155613E1,6.201420681E0,-4.664148510E-2,7.489154738E-1,6.246652566E0
1.007157813E1,5.856751876E0,-5.083007956E-1,7.902878867E-1,5.931649618E0
1.008160013E1,5.751187999E0,-1.077929528E0,9.806657732E-1,5.932942004E0
1.009162213E1,5.757056850E0,-1.610403298E0,1.097756705E0,6.078007250E0
1.010164513E1,5.594306619E0,-1.804367135E0,1.135948379E0,5.986851094E0
1.011166713E1,5.126021243E0,-1.544406944E0,1.017487444E0,5.449455688E0
1.012168913E1,4.371573134E0,-1.140487719E0,8.787890039E-1,4.602568198E0
1.013171113E1,3.860746341E0,-1.004535277E0,8.446726933E-1,4.077735327E0
1.014173313E1,3.681790552E0,-1.090715634E0,9.335772684E-1,3.951810823E0
1.015175613E1,3.339510335E0,-1.158180808E0,8.908624810E-1,3.645181480E0
1.016177813E1,2.835337089E0,-1.234011009E0,9.166478249E-1,3.225238412E0
1.017180013E1,2.401439774E0,-1.503368261E0,9.390813987E-1,2.984778549E0
1.018182213E1,2.114510470E0,-1.799609841E0,8.617421776E-1,2.907292501E0
1.019184513E1,1.898848200E0,-2.058321066E0,7.379411271E-1,2.896008841E0
1.020186713E1,1.578406164E0,-2.321834026E0,6.393187720E-1,2.879411008E0
1.021188913E1,1.134663307E0,-2.357368140E0,4.091770416E-1,2.648031575E0
1.022191113E1,5.676839483E-1,-2.151795825E0,3.431669471E-1,2.251722428E0
1.023193413E1,-4.844008863E-2,-1.858193679E0,5.105920270E-1,1.927675909E0
1.024195613E1,-6.624234599E-1,-1.416463726E0,6.749736312E-1,1.703162861E0
1.025197813E1,-1.110969220E0,-9.216001242E-1,7.700321084E-1,1.636016150E0
1.026200013E1,-1.552511185E0,-4.168021032E-1,8.669103853E-1,1.826348430E0
1.027202213E1,-2.059061324E0,1.218290770E-1,8.324983518E-1,2.224326722E0
1.028204513E1,-2.627919393E0,6.369135198E-1,6.312183318E-1,2.776698715E0
1.029206713E1,-3.273805758E0,1.009075640E0,3.423221706E-1,3.442850891E0
1.030208913E1,-3.809066895E0,1.316995863E0,-3.006170511E-2,4.030430799E0
1.031211113E1,-4.350505616E0,1.532169306E0,-5.021916246E-1,4.639680843E0
1.032213413E1,-4.832490433E0,1.673929203E0,-1.113012822E0,5.233908702E0
1.033215613E1,-5.178713427E0,1.776116897E0,-1.630652205E0,5.712503007E0
1.034217813E1,-5.472253008E0,1.885582622E0,-1.911996249E0,6.095629948E0
1.035220013E1,-5.623601754E0,1.968656938E0,-1.957608770E0,6.271581852E0
1.036222313E1,-5.566044686E0,1.917635888E0,-1.909922242E0,6.189182807E0
1.037224513E1,-5.227331271E0,1.833148300E0,-1.822522155E0,5.831553131E0
1.038226712E1,-4.783863233E0,1.714349543E0,-1.581370849E0,5.322130734E0
1.039228913E1,-4.548284762E0,1.543831870E0,-1.188053210E0,4.947906785E0
1.040231213E1,-4.325771309E0,1.438819678E0,-9.375624382E-1,4.654194110E0
1.041233413E1,-4.013120103E0,1.187285617E0,-7.896340218E-1,4.258908544E0
1.042235613E1,-3.648340386E0,7.800466347E-1,-7.360247022E-1,3.802708598E0
1.043237813E1,-3.351517593E0,2.259445989E-1,-7.646550089E-1,3.445057099E0
1.044240013E1,-3.018246181E0,-5.729426417E-1,-6.194547571E-1,3.133974709E0
1.045242313E1,-2.416886364E0,-1.545984230E0,-4.777416386E-1,2.908546718E0
1.046244513E1,-1.718093807E0,-2.279619760E0,-3.256554133E-1,2.873075709E0
1.047246713E1,-1.014467357E0,-2.808398090E0,-1.895335485E-1,2.992017182E0
1.048248913E1,-3.047065938E-1,-3.177855288E0,-8.446186066E-2,3.193547267E0
1.049251213E1,3.046802813E-1,-3.432248345E0,7.319632262E-2,3.446522374E0
1.050253413E1,8.244451278E-1,-3.642239108E0,4.423639373E-1,3.760492168E0
1.051255613E1,1.378011559E0,-3.841757216E0,6.798876312E-1,4.137663780E0
1.052257813E1,1.804586406E0,-3.890323605E0,7.075528550E-1,4.346467633E0
1.053260013E1,1.985394593E0,-3.828753886E0,7.272059315E-1,4.373782856E0
1.054262313E1,1.903530065E0,-3.760356665E0,5.875153649E-1,4.255453356E0
1.055264513E1,1.683566583E0,-3.733402463E0,3.969380884E-1,4.114638531E0
1.056266713E1,1.467399698E0,-3.811321874E0,1.517298375E-1,4.086864109E0
1.057268913E1,9.826854014E-1,-3.895799814E0,-1.448017640E-1,4.020434596E0
1.058271213E1,3.769805181E-1,-4.300181847E0,-1.439982104E-1,4.319075562E0
1.059273413E1,1.704469210E-1,-4.966226195E0,9.604870319E-2,4.970078483E0
1.060275625E1,-4.885991871E-2,-5.147710905E0,3.186409472E-1,5.157794772E0
1.061277825E1,-4.611254597E-1,-4.866111338E0,4.424102765E-1,4.907891920E0
1.062280125E1,-7.337010187E-1,-4.114611103E0,3.975473683E-1,4.198378928E0
1.063282325E1,-7.140052575E-1,-3.824253284E0,6.756356822E-1,3.948569394E0
1.064284525E1,-4.298399323E-1,-3.631635183E0,1.088111138E0,3.815432127E0
1.065286725E1,4.036976159E-2,-3.267551576E0,1.242660211E0,3.496101746E0
1.066288925E1,5.805601019E-1,-3.345702537E0,1.647179799E0,3.774119339E0
1.067291225E1,1.263480392E0,-3.494452195E0,1.972831265E0,4.207094252E0
1.068293425E1,2.084190318E0,-3.612540808E0,2.183250922E0,4.707534913E0
1.069295625E1,2.478969761E0,-3.625946134E0,2.563021147E0,5.085455126E0
1.070297825E1,2.361230811E0,-3.540941067E0,2.720869072E0,5.051415949E0
1.071300125E1,2.228144674E0,-3.194617501E0,2.605095956E0,4.685801384E0
1.072302325E1,1.991037156E0,-2.695374627E0,2.200025560E0,4.008663843E0
1.073304525E1,1.430832966E0,-2.373026984E0,1.828122618E0,3.319724740E0
1.074306725E1,5.918481517E-1,-2.020351002E0,1.522246581E0,2.597948626E0
1.075308925E1,1.207128435E-1,-1.522039005E0,9.339978294E-1,1.789839733E0
1.076311225E1,-1.687336868E-1,-1.127587007E0,4.972543819E-1,1.243859090E0
1.077313425E1,-4.748102832E-1,-5.350898141E-1,3.853841364E-2,7.164154685E-1
1.078315625E1,-1.084055071E0,2.556186336E-1,-3.471638113E-1,1.166635759E0
1.079317825E1,-1.817610494E0,1.129676217E0,-4.956528296E-1,2.196712997E0
1.080320125E1,-2.285195957E0,1.995738317E0,-4.746196640E-1,3.070888442E0
1.081322325E1,-2.670628626E0,2.858696131E0,-5.243661667E-1,3.947069888E0
1.082324525E1,-2.962798789E0,3.624390190E0,-6.507484706E-1,4.726293949E0
1.083326725E1,-3.117905540E0,4.333210137E0,-7.550721534E-1,5.391491352E0
1.084328925E1,-3.229900770E0,4.896785247E0,-9.408060350E-1,5.941033641E0
1.085331225E1,-3.333370174E0,5.335015349E0,-1.127589492E0,6.391025235E0
1.086333425E1,-3.378686095E0,5.715066240E0,-1.343824058E0,6.773726076E0
1.087335625E1,-3.355933410E0,6.101962466E0,-1.560748158E0,7.136677785E0
1.088337825E1,-3.196850553E0,6.431008095E0,-1.739026254E0,7.389311936E0
1.089340125E1,-2.922567022E0,6.593426789E0,-1.895631793E0,7.457083526E0
1.090342325E1,-2.496020241E0,6.648582405E0,-1.950842811E0,7.364750689E0
1.091344525E1,-1.896127490E0,6.581634709E0,-1.863675590E0,7.098344991E0
1.092346725E1,-1.169956516E0,6.274990933E0,-1.651927738E0,6.593419046E0
1.093348925E1,-3.367779869E-1,5.726432642E0,-1.225495563E0,5.865772719E0
1.094351225E1,5.947653276E-1,5.122902923E0,-8.915436816E-1,5.233806482E0
1.095353425E1,1.506299470E0,4.647629541E0,-7.512945597E-1,4.943059979E0
1.096355625E1,2.100247357E0,4.212782053E0,-5.820628363E-1,4.743139122E0
1.097357825E1,2.601361340E0,3.793808001E0,-3.868810236E-1,4.616247058E0
1.098360125E1,3.123173881E0,3.368076907E0,-2.380688006E-1,4.599438433E0
1.099362325E1,3.510312767E0,3.015278134E0,-1.103463149E-1,4.628863171E0
1.100364525E1,3.901653462E0,2.540778338E0,2.455416884E-1,4.662482710E0
1.101366725E1,4.523330600E0,2.025466731E0,7.611626132E-1,5.014220150E0
1.102368925E1,5.575086236E0,1.459300135E0,1.443438540E0,5.940930756E0
1.103371225E1,6.730375012E0,6.920343447E-1,1.868642069E0,7.019165371E0
1.104373425E1,7.622062535E0,5.787983358E-2,2.273268953E0,7.954051741E0
1.105375625E1,7.808485803E0,-2.979179764E-1,2.418217628E0,8.179791083E0
1.106377825E1,7.291899503E0,-3.477233899E-1,2.533202101E0,7.727213133E0
1.107380125E1,6.212461393E0,-2.168621188E-1,2.436201325E0,6.676584654E0
1.108382325E1,5.111217263E0,-2.133064270E-2,2.005685893E0,5.490698754E0
1.109384525E1,4.311452647E0,1.796557009E-2,1.454280301E0,4.550151414E0
1.110386725E1,3.620062081E0,-2.930969471E-1,1.126275476E0,3.802532280E0
1.111388925E1,3.320978755E0,-6.479235345E-1,7.998610944E-1,3.476849517E0
1.112391225E1,3.029206202E0,-8.294152611E-1,2.004539546E-1,3.147094164E0
1.113393425E1,2.620470040E0,-9.829777622E-1,-2.983705509E-1,2.814628483E0
1.114395625E1,2.492636458E0,-1.200463779E0,-3.054255089E-1,2.783457299E0
1.115397825E1,2.516305402E0,-1.659076690E0,-5.630400896E-2,3.014547807E0
1.116400125E1,2.658519627E0,-2.163630590E0,3.711841732E-1,3.447724123E0
1.117402325E1,2.689029229E0,-2.472847726E0,7.801051068E-1,3.735561276E0
1.118404525E1,2.648304541E0,-2.889976396E0,1.201036221E0,4.099752251E0
1.119406725E1,2.864597141E0,-3.600147049E0,1.462856266E0,4.827724517E0
1.120408925E1,3.162723863E0,-4.174736559E0,1.555335829E0,5.463544373E0
1.121411225E1,3.257425953E0,-4.467521265E0,1.564125363E0,5.745960167E0
1.122413425E1,3.123137628E0,-4.330566026E0,1.483716646E0,5.541588747E0
1.123415625E1,2.678047573E0,-3.851514173E0,1.310870905E0,4.870778455E0
1.124417825E1,1.930352413E0,-3.116501623E0,1.299595134E0,3.889446017E0
1.125420125E1,1.070538062E0,-2.123070794E0,1.155420046E0,2.643572738E0
1.126422325E1,1.765677863E-1,-1.010343316E0,9.992814074E-1,1.431968272E0
1.127424525E1,-9.709792757E-1,1.117970091E-1,7.927856711E-1,1.258494515E0
1.128426725E1,-2.277263040E0,1.212390345E0,5.440633897E-1,2.636630856E0
1.129428925E1,-3.496002291E0,2.358120677E0,3.135288727E-1,4.228600892E0
1.130431225E1,-4.588953316E0,3.155733809E0,-1.261010528E-2,5.569318399E0
1.131433425E1,-5.323802143E0,3.495652920E0,-1.092506929E-1,6.369803318E0
1.132435625E1,-5.354452078E0,3.397914372E0,-1.837534297E-1,6.344268631E0
1.133437825E1,-5.427763883E0,2.909265776E0,-1.792022493E-1,6.160889674E0
1.134440125E1,-5.654014292E0,2.285022003E0,-9.786017060E-2,6.099080240E0
1.135442325E1,-5.853647005E0,1.633534590E0,-2.205362168E-1,6.081303704E0
1.136444525E1,-5.986982233E0,1.227070949E0,-6.278640765E-1,6.143604208E0
1.137446725E1,-5.838441321E0,1.082878319E0,-1.069366865E0,6.033536939E0
1.138448925E1,-5.297251691E0,1.199139969E0,-1.430416937E0,5.616485089E0
1.139451225E1,-4.658987172E0,1.556991614E0,-1.625579453E0,5.174252885E0
1.140453425E1,-4.465664189E0,1.924298206E0,-1.591734600E0,5.116512413E0
1.141455625E1,-4.349819153E0,1.918691896E0,-1.396524720E0,4.955056665E0
1.142457825E1,-3.977498281E0,1.826023175E0,-1.305201152E0,4.567100093E0
1.143460125E1,-3.261128994E0,1.393246187E0,-1.335714847E0,3.789489597E0
1.144462325E1,-2.461544473E0,5.779241771E-1,-1.264646619E0,2.827106050E0
1.145464525E1,-1.645529276E0,-3.851426464E-1,-1.231372453E0,2.091023571E0
1.146466725E1,-1.047003019E0,-1.099408690E0,-1.136929395E0,1.896713800E0
1.147468925E1,-7.134456789E-1,-1.569977403E0,-9.926589972E-1,1.989775280E0
1.148471225E1,-4.213766724E-1,-1.914394192E0,-7.313644713E-1,2.092213520E0
1.149473425E1,-6.693073869E-2,-2.105544057E0,-3.353895655E-1,2.133138922E0
1.150475625E1,4.445065033E-1,-2.489156780E0,-7.218212306E-2,2.529564738E0
1.151477825E1,1.122606348E0,-2.999541815E0,1.110204989E-1,3.204656248E0
1.152480025E1,1.616932299E0,-3.486553191E0,2.770787922E-1,3.853218897E0
1.153482325E1,1.840897615E0,-3.992356348E0,4.257936591E-1,4.416912211E0
1.154484525E1,1.805774560E0,-4.296826715E0,3.919949985E-1,4.677307094E0
1.155486725E1,1.497868370E0,-4.443194217E0,2.091212824E-1,4.693539838E0
1.156488925E1,1.090096414E0,-4.472774111E0,8.107164502E-3,4.603703310E0
1.157491225E1,6.209374648E-1,-4.462461669E0,-2.610354942E-1,4.513010859E0
1.158493425E1,4.508559948E-1,-4.375116254E0,-6.594288084E-1,4.447444178E0
1.159495625E1,3.048340631E-1,-4.311034572E0,-1.208011657E0,4.487453069E0
1.160497800E1,-1.099808639E-1,-4.347289647E0,-1.687457028E0,4.664604409E0
1.161500000E1,-3.988941282E-1,-4.431351851E0,-1.526138780E0,4.703732064E0
1.162502300E1,-6.477294070E-1,-4.176519668E0,-1.124933833E0,4.373596466E0
1.163504500E1,-1.166766275E0,-3.401609520E0,-9.215995395E-1,3.712362668E0
1.164506700E1,-1.268634712E0,-2.670209673E0,-9.867293358E-1,3.116582826E0
1.165508900E1,-6.630660689E-1,-2.421255111E0,-9.678375667E-1,2.690509706E0
1.166511100E1,6.854690909E-3,-2.322124340E0,-6.190447211E-1,2.403232158E0
1.167513400E1,6.391883790E-1,-2.197055321E0,-2.525079149E-1,2.302036949E0
1.168515600E1,1.649249275E0,-2.521289276E0,2.668873876E-1,3.024591156E0
1.169517800E1,2.804062672E0,-3.158980768E0,1.016076950E0,4.344460764E0
1.170520000E1,3.582251061E0,-3.686816819E0,1.769469052E0,5.436557886E0
1.171522300E1,3.915165208E0,-3.922309336E0,2.590269172E0,6.117395158E0
1.172524500E1,3.808058251E0,-3.876562475E0,3.048406704E0,6.230716467E0
1.173526700E1,3.281904736E0,-3.518282522E0,2.944330943E0,5.640770808E0
1.174528900E1,2.538762803E0,-2.960649353E0,2.516435210E0,4.641466075E0
1.175531100E1,1.902668186E0,-2.661477149E0,1.674361312E0,3.675199673E0
1.176533400E1,1.325209447E0,-2.370433744E0,9.117159909E-1,2.864674896E0
1.177535600E1,4.873034441E-1,-2.216860425E0,5.641462366E-1,2.338844964E0
1.178537800E1,-3.689002508E-1,-1.982389416E0,2.322278707E-1,2.029749979E0
1.179540000E1,-1.524674930E0,-1.548862815E0,-1.132395172E-1,2.176334728E0
1.180542200E1,-2.758778910E0,-8.480216861E-1,-5.887339246E-1,2.945608509E0
1.181544500E1,-3.583015877E0,-5.104180723E-2,-1.006126450E0,3.721948210E0
1.182546700E1,-4.048985170E0,8.495092177E-1,-1.342704024E0,4.349574797E0
1.183548900E1,-4.239491549E0,1.773323098E0,-1.402321065E0,4.804629827E0
1.184551100E1,-4.252430853E0,2.567917020E0,-1.272067174E0,5.127915841E0
1.185553400E1,-4.485395034E0,3.411863197E0,-1.187312222E0,5.759278548E0
1.186555600E1,-4.701985257E0,4.179775690E0,-1.149897058E0,6.395424413E0
1.187557800E1,-4.638368720E0,4.749016167E0,-1.145733256E0,6.736491938E0
1.188560000E1,-4.458378559E0,5.176689706E0,-1.353598264E0,6.964731434E0
1.189562200E1,-4.346289774E0,5.471436737E0,-1.635121232E0,7.176383226E0
1.190564500E1,-3.996447937E0,5.551897933E0,-1.719530468E0,7.053506348E0
1.191566700E1,-3.504708796E0,5.646169667E0,-1.839773488E0,6.895431976E0
1.192568900E1,-3.098417940E0,5.640690241E0,-1.808496000E0,6.684926171E0
1.193571100E1,-2.471894630E0,5.359967757E0,-1.594568453E0,6.114095678E0
1.194573300E1,-1.645917531E0,4.803649626E0,-1.339598275E0,5.251534803E0
1.195575600E1,-7.679341274E-1,4.094060771E0,-1.031401186E0,4.291252128E0
1.196577800E1,2.530341643E-1,3.463772439E0,-6.878489077E-1,3.540463517E0
1.197580000E1,1.097315387E0,2.984657435E0,-3.110926303E-1,3.195161919E0
1.198582200E1,2.033542905E0,2.617890249E0,1.060269767E-1,3.316607879E0
1.199584400E1,2.905804809E0,2.387721621E0,3.902536976E-1,3.781165703E0
1.200586700E1,3.519943716E0,2.224829303E0,5.230939588E-1,4.196843633E0
1.201588900E1,3.998789747E0,1.922710102E0,8.028441976E-1,4.509067796E0
1.202591100E1,4.477606543E0,1.611869195E0,1.155957112E0,4.897276743E0
1.203593300E1,5.069830670E0,1.190710623E0,1.350382295E0,5.380009959E0
1.204595600E1,5.623057963E0,7.860587418E-1,1.597952675E0,5.898315179E0
1.205597800E1,6.056069425E0,4.611207819E-1,1.684039038E0,6.302745175E0
1.206600000E1,6.262799488E0,2.045379424E-1,1.706216943E0,6.494279749E0
1.207602200E1,6.242226645E0,6.583672464E-2,1.736772738E0,6.479668780E0
1.208604400E1,5.923560408E0,1.081308049E-1,1.846564736E0,6.205647549E0
1.209606700E1,5.698140305E0,8.403559864E-2,1.862135287E0,5.995282541E0
1.210608900E1,5.656123382E0,-3.341560954E-1,1.740075683E0,5.927162508E0
1.211611100E1,5.607304394E0,-8.103761423E-1,1.585303978E0,5.883176078E0
1.212613300E1,5.402888074E0,-1.062452533E0,1.324982575E0,5.663531032E0
1.213615500E1,4.688028538E0,-9.415461463E-1,1.002828621E0,4.885671496E0
1.214617800E1,3.592950881E0,-4.171853882E-1,4.746208334E-1,3.648096026E0
1.215620000E1,2.546112753E0,-5.822306514E-2,3.251721409E-1,2.567453407E0
1.216622200E1,1.958119671E0,7.884385586E-3,5.759232599E-1,2.041073837E0
1.217624400E1,1.793790691E0,-3.869804263E-2,7.234759927E-1,1.934580082E0
1.218626700E1,1.910950767E0,-3.852116436E-1,9.261764476E-1,2.158222337E0
1.219628900E1,2.206809354E0,-9.514630240E-1,1.236999521E0,2.702860933E0
1.220631100E1,2.587867720E0,-1.525205272E0,1.407542483E0,3.317301057E0
1.221633300E1,3.047462379E0,-1.970285972E0,1.511324567E0,3.931050204E0
1.222635500E1,3.422762407E0,-2.035985287E0,1.630232814E0,4.303277543E0
1.223637800E1,3.137584929E0,-1.789861363E0,1.815807797E0,4.042919841E0
1.224640000E1,2.454614353E0,-1.426524153E0,2.021931505E0,3.485442553E0
1.225642200E1,2.010028912E0,-1.030646603E0,2.146775260E0,3.116262612E0
1.226644400E1,1.650498825E0,-4.550461096E-1,2.062825761E0,2.680758000E0
1.227646600E1,9.262352121E-1,2.871017969E-1,1.819474002E0,2.061752835E0
1.228648900E1,-2.092426121E-1,1.117632707E0,1.493247754E0,1.876878843E0
1.229651100E1,-1.273771491E0,1.883188187E0,1.199736824E0,2.570653614E0
1.230653300E1,-2.092199834E0,2.458929598E0,8.259425998E-1,3.332538986E0
1.231655500E1,-2.982828426E0,2.854635825E0,3.062660462E-1,4.140049517E0
1.232657700E1,-3.737048494E0,3.054255089E0,-1.298701680E-1,4.828133372E0
1.233660000E1,-4.331575255E0,3.126909083E0,-5.096047246E-1,5.366544659E0
1.234662200E1,-4.654134568E0,3.187402914E0,-8.869881159E-1,5.710276161E0
1.235664400E1,-4.816542737E0,3.104171892E0,-1.056160929E0,5.826700866E0
1.236666600E1,-4.694265763E0,2.931633130E0,-1.167577284E0,5.656309802E0
1.237668800E1,-4.569530035E0,2.757874931E0,-1.151230223E0,5.460019222E0
1.238671100E1,-4.577674622E0,2.687213668E0,-1.208598572E0,5.443981333E0
1.239673300E1,-4.329802964E0,2.571382665E0,-1.196196773E0,5.175914339E0
1.240675500E1,-4.115782008E0,2.181731815E0,-1.036630059E0,4.772233977E0
1.241677700E1,-4.160303292E0,1.739089404E0,-9.018020368E-1,4.598456519E0
1.242679900E1,-4.231762115E0,1.367566970E0,-8.717470559E-1,4.531886245E0
1.243682200E1,-3.930070930E0,9.882890806E-1,-8.035875249E-1,4.131334619E0
1.244684400E1,-3.155068104E0,5.021550795E-1,-7.952108037E-1,3.292259814E0
1.245686600E1,-2.414064497E0,-9.606039762E-2,-7.098584121E-1,2.518101261E0
1.246688800E1,-1.886834511E0,-6.472557825E-1,-6.021260950E-1,2.083660326E0
1.247691000E1,-1.355158886E0,-1.186823687E0,-6.217858958E-1,1.905681970E0
1.248693300E1,-9.620406371E-1,-1.717491252E0,-5.902468917E-1,2.055161741E0
1.249695500E1,-3.533378863E-1,-2.459887665E0,-4.967657009E-1,2.534298946E0
1.250697700E1,4.468372035E-1,-3.417829111E0,-3.331246465E-1,3.462974350E0
1.251699900E1,1.114950589E0,-4.266161284E0,-1.265507036E-1,4.411265351E0
1.252702200E1,1.732422994E0,-4.839009786E0,-4.215991589E-1,5.157038975E0
1.253704400E1,2.808034685E0,-5.090101798E0,2.768539667E-1,5.819866255E0
1.254706600E1,2.428688968E0,-4.798621313E0,-9.175640836E-1,5.455934426E0
1.255708800E1,2.045350188E0,-4.535740438E0,-9.274365225E-1,5.061278219E0
1.256711000E1,1.709537576E0,-4.467026883E0,-8.027221370E-1,4.849867084E0
1.257713300E1,8.689669973E-1,-4.171618532E0,-1.001219321E0,4.377207437E0
1.258715500E1,-2.925373685E-1,-3.820991414E0,-9.690420932E-1,3.952795983E0
1.259717700E1,-9.650075144E-1,-3.856782806E0,-1.059699079E0,4.114483595E0
1.260719958E1,-9.687789685E-1,-4.184719218E0,-1.085568915E0,4.430447776E0
1.261722158E1,-3.213717431E-1,-5.031653030E0,-9.428763878E-1,5.129310665E0
1.262724458E1,1.361617720E-1,-5.244505128E0,-9.970546415E-1,5.340177153E0
1.263726658E1,-1.462692690E-1,-4.749989728E0,-9.811402747E-1,4.852466729E0
1.264728858E1,-7.562291712E-1,-3.702246159E0,-8.189136618E-1,3.866410321E0
1.265731058E1,-8.748966587E-1,-3.567790897E0,-4.268262774E-1,3.698209934E0
1.266733258E1,-4.194365662E-1,-4.443923365E0,9.720846918E-1,4.568296242E0
1.267735558E1,5.656245589E-2,-4.155306846E0,1.364862194E0,4.374085402E0
1.268737758E1,7.275012159E-1,-4.235007612E0,1.874234930E0,4.687995741E0
1.269739958E1,1.328161706E0,-4.439572744E0,2.254096372E0,5.153132069E0
1.270742158E1,1.533445169E0,-4.073044708E0,2.377546297E0,4.959221075E0
1.271744358E1,1.474251466E0,-3.777460648E0,2.356848030E0,4.690134217E0
1.272746658E1,1.439980350E0,-2.931255984E0,2.209293690E0,3.942940991E0
1.273748858E1,1.220606267E0,-2.405313262E0,1.662151010E0,3.168305151E0
1.274751058E1,1.161407887E0,-2.430563293E0,1.270342391E0,2.978300857E0
1.275753258E1,8.259554636E-1,-2.173806792E0,1.024753194E0,2.541211818E0
1.276755458E1,3.482426226E-1,-1.860474678E0,1.007346472E0,2.144151549E0
1.277757758E1,-1.337620747E-1,-1.336212153E0,1.126197708E0,1.752619893E0
1.278759958E1,-7.213183701E-1,-6.206573832E-1,1.216967545E0,1.544838433E0
1.279762158E1,-1.203057019E0,1.193030798E-1,1.119268612E0,1.647525915E0
1.280764358E1,-1.707413283E0,7.895746726E-1,1.032519905E0,2.145876426E0
1.281766558E1,-2.457667184E0,1.731292142E0,8.219300942E-1,3.116579784E0
1.282768858E1,-2.934005930E0,2.584868098E0,5.037984395E-1,3.942555865E0
1.283771058E1,-3.446275815E0,3.376791598E0,1.745159984E-2,4.824918968E0
1.284773258E1,-3.717989495E0,4.284309872E0,-6.467616928E-1,5.709383299E0
1.285775458E1,-3.870525810E0,5.135953324E0,-1.365446185E0,6.574452819E0
1.286777658E1,-4.014326384E0,5.894220834E0,-2.101560934E0,7.434595747E0
1.287779958E1,-3.978123933E0,6.225664406E0,-2.373475173E0,7.760009776E0
1.288782158E1,-3.922792901E0,6.179340425E0,-2.341351739E0,7.684691289E0
1.289784358E1,-3.725318395E0,5.928362727E0,-2.317977203E0,7.375398299E0
1.290786558E1,-3.438324187E0,5.342786298E0,-2.453174184E0,6.810690290E0
1.291788758E1,-3.196603800E0,4.387406809E0,-2.751991754E0,6.086137772E0
1.292791058E1,-2.721374856E0,3.505833215E0,-3.097967996E0,5.412407352E0
1.293793258E1,-1.943193483E0,2.744169642E0,-3.243200554E0,4.671703947E0
1.294795458E1,-1.068389211E0,2.251003779E0,-3.050684779E0,3.938927664E0
1.295797658E1,8.620550036E-3,1.999403352E0,-2.531362275E0,3.225753097E0
1.296799958E1,8.338509589E-1,1.973339973E0,-1.856926587E0,2.835058098E0
1.297802158E1,1.775929202E0,1.740647687E0,-1.158811138E0,2.743469000E0
1.298804358E1,2.787743093E0,1.354986393E0,-5.732481587E-1,3.152160073E0
1.299806558E1,3.782662039E0,8.233604693E-1,-2.675095314E-1,3.880465940E0
1.300808758E1,4.636353770E0,4.194500148E-1,-2.592784059E-1,4.662503607E0
1.301810958E1,5.001017713E0,6.124373674E-1,-4.139667884E-2,5.038548539E0
1.302813258E1,5.386807646E0,5.180463499E-1,2.138168889E-1,5.415882781E0
1.303815458E1,5.753199441E0,3.325065958E-1,4.664370704E-1,5.781645786E0
1.304817658E1,5.726005796E0,2.386482596E-2,6.400735013E-1,5.761719013E0
1.305819858E1,5.674010600E0,-3.095018953E-1,7.847863877E-1,5.736381907E0
1.306822058E1,5.503449073E0,-4.854756045E-1,8.268436557E-1,5.586350213E0
1.307824358E1,5.307298377E0,-5.946396124E-1,7.333355677E-1,5.390620872E0
1.308826558E1,4.803337385E0,-4.465881121E-1,5.744111699E-1,4.858131242E0
1.309828758E1,4.575841520E0,-2.444364184E-1,5.169399105E-1,4.611431627E0
1.310830958E1,4.550113771E0,-2.457678294E-1,5.160597584E-1,4.585875579E0
1.311833258E1,4.382131451E0,-1.867080277E-1,4.315803561E-1,4.407289138E0
1.312835458E1,4.080970024E0,2.575523078E-2,4.458997487E-1,4.105338751E0
1.313837658E1,3.558910146E0,1.750089186E-1,5.399345246E-1,3.603886629E0
1.314839858E1,3.200865251E0,6.256988525E-2,8.385436419E-1,3.309472584E0
1.315842058E1,3.155305501E0,-3.010070604E-1,1.110116550E0,3.358409863E0
1.316844258E1,3.192372755E0,-5.546475810E-1,1.547949772E0,3.590964528E0
1.317846558E1,3.306132674E0,-7.278590655E-1,2.063299386E0,3.964529787E0
1.318848758E1,3.366703396E0,-8.682337564E-1,2.509736932E0,4.288041637E0
1.319850958E1,3.413182914E0,-9.399352384E-1,2.753524017E0,4.484996139E0
1.320853158E1,3.393684204E0,-1.037256880E0,2.730452659E0,4.477540176E0
1.321855458E1,3.046657802E0,-9.946809644E-1,2.496507607E0,4.062519442E0
1.322857658E1,2.488653334E0,-9.208019793E-1,2.196338160E0,3.444586044E0
1.323859858E1,1.867322937E0,-8.866004455E-1,1.939448780E0,2.834504696E0
1.324862058E1,1.378964655E0,-8.430451208E-1,1.705460313E0,2.349651777E0
1.325864258E1,9.163282746E-1,-5.255997831E-1,1.388489477E0,1.744653451E0
1.326866558E1,3.656304878E-1,-6.647465587E-2,1.113521529E0,1.173897240E0
1.327868758E1,-5.756776768E-1,6.431715024E-1,9.048063362E-1,1.250499450E0
1.328870958E1,-1.627159079E0,1.397152419E0,6.913972905E-1,2.253377856E0
1.329873158E1,-2.560315055E0,1.887511033E0,4.786340699E-1,3.216675560E0
1.330875358E1,-3.479896721E0,2.289366484E0,1.050990236E-1,4.166764439E0
1.331877658E1,-4.306471989E0,2.610623914E0,-5.468067572E-1,5.065575569E0
1.332879858E1,-5.006103621E0,2.857105104E0,-1.382748388E0,5.927572534E0
1.333882058E1,-5.356015039E0,3.107891891E0,-2.136584879E0,6.550639972E0
1.334884258E1,-5.426098596E0,3.371349009E0,-2.662515906E0,6.920804222E0
1.335886458E1,-5.408565720E0,3.634349168E0,-2.811821342E0,7.097000513E0
1.336888658E1,-5.184791023E0,3.610284075E0,-2.562800707E0,6.817929049E0
1.337890958E1,-4.691307657E0,3.264964768E0,-1.983675804E0,6.050068773E0
1.338893158E1,-4.129615935E0,2.729194045E0,-1.327315907E0,5.124841015E0
1.339895358E1,-3.577321274E0,2.168842798E0,-8.032518947E-1,4.259849784E0
1.340897558E1,-3.025420130E0,1.580229326E0,-5.009084532E-1,3.449811729E0
1.341899758E1,-2.698547911E0,1.070224652E0,-2.936723131E-1,2.917839108E0
1.342902058E1,-2.621512599E0,5.589987865E-1,-2.815212142E-1,2.695192413E0
1.343904258E1,-2.648191690E0,7.241952002E-2,-4.647077563E-1,2.689631408E0
1.344906458E1,-2.326012446E0,-5.512751994E-1,-6.792730889E-1,2.485085547E0
1.345908658E1,-1.823668794E0,-1.296585572E0,-8.349844417E-1,2.388325990E0
1.346910858E1,-1.342603160E0,-1.871150816E0,-8.953727308E-1,2.470927144E0
1.347913158E1,-8.207923722E-1,-2.307058404E0,-8.217454684E-1,2.582921643E0
1.348915358E1,-2.354784840E-1,-2.697065934E0,-5.273115554E-1,2.758200908E0
1.349917558E1,2.942582041E-1,-3.134903688E0,-2.567415914E-1,3.159133626E0
1.350919758E1,7.183555859E-1,-3.692236311E0,-9.733742952E-2,3.762727508E0
1.351921958E1,9.839384598E-1,-4.222371779E0,-3.438484401E-2,4.335636130E0
1.352924258E1,9.354194337E-1,-4.655907444E0,-1.343193144E-1,4.750844695E0
1.353926458E1,7.462432963E-1,-5.134451759E0,-2.362783831E-1,5.193775255E0
1.354928658E1,6.863771635E-1,-5.553467910E0,-4.014978933E-1,5.610108733E0
1.355930858E1,6.915969729E-1,-5.858241162E0,-5.336326879E-1,5.923011036E0
1.356933058E1,5.784305459E-1,-5.984415890E0,-5.356026149E-1,6.036115108E0
1.357935358E1,2.510794401E-3,-5.823071914E0,-5.400215019E-1,5.848059169E0
1.358937558E1,-4.544192880E-1,-5.886382642E0,-6.676621266E-1,5.941529282E0
1.359939758E1,-7.165832949E-1,-6.478061224E0,-4.911469652E-1,6.536053410E0
1.360941908E1,-1.099335600E0,-6.696885669E0,-3.755631530E-1,6.796901066E0
1.361944108E1,-1.643492691E0,-6.081569717E0,-6.071073380E-1,6.328912842E0
1.362946408E1,-1.572504569E0,-5.133236123E0,-8.632522210E-1,5.437654652E0
1.363948608E1,-8.092879754E-1,-4.648746359E0,-7.057940125E-1,4.771156560E0
1.364950808E1,-3.756514460E-1,-4.404880336E0,-9.300478891E-2,4.421847428E0
1.365953008E1,1.927119488E-1,-4.265287126E0,7.914240007E-1,4.342368491E0
1.366955208E1,1.069127129E0,-4.464669286E0,1.565532934E0,4.850484307E0
1.367957508E1,1.775436282E0,-4.644922280E0,2.134828375E0,5.411558848E0
1.368959708E1,2.278493294E0,-4.823894441E0,2.658209140E0,5.960500407E0
1.369961908E1,2.507421727E0,-4.837748834E0,2.995363687E0,6.217972428E0
1.370964108E1,2.480550848E0,-4.555749025E0,3.029288063E0,6.007043187E0
1.371966308E1,2.245191647E0,-4.039183775E0,2.777974150E0,5.391941346E0
1.372968608E1,1.888511492E0,-3.339802404E0,2.303877811E0,4.475333364E0
1.373970808E1,1.376593024E0,-2.539993350E0,1.763293369E0,3.384638544E0
1.374973008E1,7.342886639E-1,-1.788574683E0,1.175148551E0,2.262554608E0
1.375975208E1,-1.062789917E-1,-1.062220398E0,4.080725026E-1,1.142860694E0
1.376977408E1,-9.900055307E-1,-3.220991367E-1,-1.076761839E-1,1.046638890E0
1.377979608E1,-1.878759506E0,1.724504694E-1,-3.602346772E-1,1.920740864E0
1.378981908E1,-2.557618904E0,4.294008064E-1,-7.125060314E-1,2.689510059E0
1.379984108E1,-2.889518559E0,1.158236942E0,-9.065441287E-1,3.242322096E0
1.380986308E1,-3.369566193E0,1.900585992E0,-8.871461369E-1,3.969034103E0
1.381988508E1,-3.804503143E0,2.628547969E0,-1.009177674E0,4.733069635E0
1.382990708E1,-4.078422977E0,3.337552688E0,-1.165015034E0,5.397226320E0
1.383993008E1,-4.173995717E0,3.972191348E0,-1.239928976E0,5.893892451E0
1.384995208E1,-4.196179469E0,4.485578637E0,-1.333361343E0,6.285395000E0
1.385997408E1,-4.158594151E0,4.932787723E0,-1.511476595E0,6.626527109E0
1.386999608E1,-4.023815830E0,5.323254844E0,-1.600639617E0,6.862228731E0
1.388001808E1,-3.723478861E0,5.626582664E0,-1.574054228E0,6.928230223E0
1.389004108E1,-3.240119364E0,5.756470959E0,-1.381576606E0,6.748635811E0
1.390006308E1,-2.697756198E0,5.456255611E0,-1.084531765E0,6.182622659E0
1.391008508E1,-2.254949480E0,4.972891436E0,-7.846133101E-1,5.516345207E0
1.392010708E1,-2.011460311E0,4.564754614E0,-6.330438325E-1,5.028290143E0
1.393012908E1,-1.826609359E0,4.386654857E0,-5.120454986E-1,4.779271198E0
1.394015208E1,-1.328724793E0,4.325964267E0,-2.493336077E-1,4.532289009E0
1.395017408E1,-5.189082295E-1,4.378772811E0,-7.879605487E-2,4.410116313E0
1.396019608E1,7.614483958E-1,4.495552232E0,-3.225470334E-3,4.559583746E0
1.397021808E1,2.356765292E0,4.226186795E0,2.778076476E-1,4.846872657E0
1.398024008E1,3.771538880E0,3.753008469E0,7.360913604E-1,5.371350723E0
1.399026308E1,4.858918093E0,3.375156716E0,1.440059288E0,6.088886487E0
1.400028508E1,6.027735572E0,2.811089271E0,1.864448007E0,6.907386292E0
1.401030708E1,7.009038107E0,2.391894779E0,1.878628528E0,7.640485650E0
1.402032908E1,7.539213921E0,2.375383412E0,1.626168414E0,8.070106357E0
1.403035108E1,7.985350043E0,2.435927237E0,1.414474065E0,8.467602594E0
1.404037308E1,8.020423982E0,2.407990994E0,1.367851583E0,8.485083348E0
1.405039608E1,7.724251984E0,2.346748427E0,1.435224079E0,8.199461266E0
1.406041808E1,7.002353570E0,2.069775762E0,1.696605728E0,7.496358997E0
1.407044008E1,5.927145921E0,1.618874159E0,1.484862408E0,6.321125587E0
1.408046208E1,5.025449134E0,1.095987484E0,1.085863030E0,5.256940753E0
1.409048408E1,4.062673502E0,4.392580426E-1,7.749969792E-1,4.159192702E0
1.410050708E1,3.743400909E0,-7.040047646E-2,2.037976849E-1,3.749605325E0
1.411052908E1,3.918602786E0,-5.011531591E-1,-2.732457961E-1,3.959957771E0
1.412055108E1,3.787445646E0,-4.248627824E-1,-6.234511828E-1,3.861857621E0
1.413057308E1,3.647594281E0,-7.426256239E-2,-3.321972781E-1,3.663442916E0
1.414059508E1,3.726877263E0,9.218018532E-2,2.172576830E-1,3.734342274E0
1.415061808E1,4.325297685E0,2.377653301E-2,4.857261577E-1,4.352550434E0
1.416064008E1,4.899907660E0,-2.694402820E-1,6.754949105E-1,4.953583200E0
1.417066208E1,5.218185641E0,-7.199132842E-1,1.063234890E0,5.373844523E0
1.418068408E1,5.408266928E0,-1.314630080E0,1.395840304E0,5.738115855E0
1.419070608E1,5.375994975E0,-2.050451884E0,1.595249653E0,5.970803661E0
1.420072808E1,4.909587141E0,-2.468422553E0,1.778608396E0,5.775863885E0
1.421075108E1,4.020949525E0,-2.539134686E0,2.093991421E0,5.196156282E0
1.422077308E1,3.225184990E0,-2.532515053E0,2.501849915E0,4.803613610E0
1.423079508E1,2.569362452E0,-2.276077809E0,2.722858295E0,4.381336657E0
1.424081708E1,1.945853966E0,-1.952797535E0,2.545214036E0,3.752050154E0
1.425083908E1,1.156150655E0,-1.516340894E0,2.182979465E0,2.898512271E0
1.426086208E1,2.898178285E-1,-8.121963805E-1,1.598981054E0,1.816699685E0
1.427088408E1,-7.677131027E-1,-7.028762519E-2,9.182099086E-1,1.198930021E0
1.428090608E1,-1.856727197E0,5.313458419E-1,3.877487504E-1,1.969800341E0
1.429092808E1,-2.778997997E0,1.111403376E0,-2.142111374E-1,3.000655552E0
1.430095008E1,-3.592155660E0,1.559462940E0,-7.371059985E-1,3.984825240E0
1.431097308E1,-4.335439680E0,1.854997006E0,-1.071187396E0,4.835751601E0
1.432099508E1,-4.966813840E0,2.041683399E0,-1.238333271E0,5.511005363E0
1.433101708E1,-5.395155131E0,2.206187210E0,-1.187691121E0,5.948577233E0
1.434103908E1,-5.561075723E0,2.271173165E0,-9.443995875E-1,6.080763218E0
1.435106108E1,-5.482417808E0,2.132622221E0,-7.858501424E-1,5.934858297E0
1.436108308E1,-5.377421696E0,1.665315377E0,-8.351250672E-1,5.690990535E0
1.437110608E1,-5.472797969E0,1.192667979E0,-8.419473061E-1,5.664172471E0
1.438112808E1,-5.428980689E0,1.043549946E0,-1.170825705E0,5.650987581E0
1.439115008E1,-5.184998015E0,1.044841011E0,-1.577090833E0,5.519339874E0
1.440117208E1,-4.705471952E0,1.217589397E0,-1.602029500E0,5.117664384E0
1.441119408E1,-4.235772720E0,9.657413399E-1,-1.618351418E0,4.636107007E0
1.442121708E1,-4.024731504E0,5.869633877E-1,-1.771684854E0,4.436423889E0
1.443123908E1,-3.730166906E0,1.463391432E-1,-1.775678356E0,4.133835255E0
1.444126108E1,-3.387406048E0,-5.469529375E-1,-1.582681648E0,3.778697983E0
1.445128308E1,-2.880122083E0,-1.343389025E0,-1.304710863E0,3.435413763E0
1.446130508E1,-2.421040810E0,-2.111151245E0,-7.053455311E-1,3.288755160E0
1.447132808E1,-1.577909735E0,-2.905843693E0,5.332412168E-2,3.307048558E0
1.448135008E1,-6.954263145E-1,-3.554151974E0,8.267629641E-1,3.714720853E0
1.449137208E1,-1.958068800E-1,-4.023512067E0,1.256529514E0,4.219698581E0
1.450139408E1,1.732506609E-1,-4.414589053E0,1.065988636E0,4.544771069E0
1.451141608E1,2.386745721E-1,-4.459184890E0,6.558090895E-1,4.513466627E0
1.452143808E1,3.637693191E-1,-4.562739079E0,2.487040088E-1,4.583968772E0
1.453146108E1,5.290139723E-1,-4.639898937E0,-2.224769077E-1,4.675255490E0
1.454148308E1,6.731104159E-1,-4.695215059E0,-5.491509059E-1,4.774901967E0
1.455150508E1,6.707417089E-1,-4.756401493E0,-8.506780761E-1,4.878206924E0
1.456152708E1,4.661511415E-1,-4.591162687E0,-1.274307681E0,4.787476555E0
1.457154908E1,2.885519063E-1,-4.547858208E0,-1.509252899E0,4.800429230E0
1.458157208E1,1.858560884E-1,-4.951755506E0,-1.263533016E0,5.113799053E0
1.459159408E1,3.419404936E-1,-5.772310481E0,-8.040203650E-1,5.838059638E0
1.460161608E1,6.439059126E-1,-6.566522580E0,-3.782709986E-1,6.608851835E0
1.461164213E1,5.973702621E-1,-6.408332008E0,-4.462923892E-1,6.451569364E0
1.462166413E1,9.881619036E-2,-5.603145270E0,-7.639100736E-1,5.655843010E0
1.463168613E1,-9.948394239E-2,-5.436615399E0,-7.651923680E-1,5.491102203E0
1.464170913E1,-8.969044089E-3,-5.322270173E0,-6.683298786E-1,5.364075415E0
1.465173113E1,3.590359980E-1,-5.428918709E0,-5.777516842E-1,5.471367489E0
1.466175313E1,1.083079755E0,-5.654121296E0,2.985588312E-2,5.756999284E0
1.467177513E1,1.681433519E0,-5.761712987E0,7.119813900E-1,6.044127127E0
1.468179713E1,1.801617774E0,-5.734277267E0,1.560052924E0,6.209792871E0
1.469182013E1,1.611435916E0,-5.639546526E0,2.126617715E0,6.238887211E0
1.470184213E1,1.388775698E0,-5.493119967E0,2.037153415E0,6.021051316E0
1.471186413E1,1.292120638E0,-5.224757912E0,1.665398553E0,5.633934977E0
1.472188613E1,1.206601601E0,-4.576589671E0,7.886177757E-1,4.798226593E0
1.473190813E1,7.199781883E-1,-3.485516480E0,8.878616899E-2,3.560207396E0
1.474193013E1,4.929986322E-1,-3.373898688E0,-1.372259653E-1,3.412487505E0
1.475195312E1,7.383448774E-1,-2.364169037E0,-1.328645271E-1,2.480342995E0
1.476197513E1,-5.900279135E-1,-1.068750861E0,-7.024748406E-1,1.408485798E0
1.477199713E1,-1.239014472E0,-4.163267246E-1,-3.269809771E-1,1.347368310E0
1.478201913E1,-1.830864378E0,2.757386103E-1,-1.989617452E-1,1.862171294E0
1.479204113E1,-2.191765053E0,8.998870736E-1,-2.868848652E-1,2.386615536E0
1.480206413E1,-2.361396287E0,1.470590524E0,-4.520505810E-1,2.818364533E0
1.481208613E1,-2.685737246E0,2.121397321E0,-6.720930004E-1,3.487867565E0
1.482210813E1,-3.030275658E0,2.714264642E0,-7.828483281E-1,4.142783438E0
1.483213013E1,-3.310398218E0,3.283646037E0,-1.040811549E0,4.777484311E0
1.484215213E1,-3.583010030E0,3.799490325E0,-1.578486856E0,5.455795850E0
1.485217513E1,-3.905947073E0,4.308386952E0,-1.914404132E0,6.122382204E0
1.486219713E1,-4.162510031E0,4.743710403E0,-2.239853724E0,6.696732252E0
1.487221913E1,-4.078146404E0,4.999528427E0,-2.532241988E0,6.931003684E0
1.488224113E1,-3.725735301E0,5.108372008E0,-2.696377425E0,6.873646726E0
1.489226313E1,-3.247540065E0,5.133312137E0,-2.790348612E0,6.684568448E0
1.490228513E1,-2.831873783E0,5.116093256E0,-2.660271745E0,6.424248212E0
1.491230813E1,-2.148378713E0,5.045117998E0,-2.493207731E0,6.023689193E0
1.492233013E1,-1.424562997E0,4.892429071E0,-2.455108443E0,5.656217766E0
1.493235213E1,-8.098241651E-1,4.751417618E0,-1.856138529E0,5.164981588E0
1.494237413E1,-2.435260069E-1,4.491613548E0,-9.537165409E-1,4.598203173E0
1.495239613E1,3.923399842E-1,3.964309301E0,3.556335032E-2,3.983835294E0
1.496241813E1,1.170220810E0,3.122586236E0,1.056960097E0,3.498160401E0
1.497244113E1,2.054323910E0,2.347305082E0,1.899604830E0,3.652202949E0
1.498246313E1,2.907577100E0,1.785749016E0,2.399283175E0,4.171266461E0
1.499248513E1,3.682105132E0,1.657573371E0,2.694209862E0,4.854298555E0
1.500250713E1,4.143473836E0,1.733719321E0,2.939556107E0,5.367974313E0
1.501252913E1,4.450086038E0,1.863830395E0,3.266405522E0,5.826365463E0
1.502255213E1,4.737785420E0,1.884129589E0,3.659762921E0,6.276178744E0
1.503257413E1,5.257570147E0,1.958221412E0,3.839130355E0,6.798205412E0
1.504259613E1,5.613141670E0,2.017321560E0,3.680192508E0,7.008620590E0
1.505261813E1,5.956109519E0,1.962947717E0,3.629211220E0,7.245659281E0
1.506264013E1,6.309503539E0,1.904904161E0,3.603034989E0,7.511348474E0
1.507266313E1,6.490971876E0,1.942145078E0,3.603895115E0,7.674158156E0
1.508268513E1,6.319393519E0,1.773186273E0,3.562008585E0,7.467719141E0
1.509270713E1,6.262997709E0,1.221637132E0,3.510047303E0,7.282717189E0
1.510272913E1,6.449650773E0,6.554103094E-1,3.222928550E0,7.239808437E0
1.511275113E1,6.439874813E0,5.557755089E-1,2.556115585E0,6.950870514E0
1.512277313E1,5.878846750E0,8.432994747E-1,1.863024064E0,6.224375614E0
1.513279613E1,4.937270198E0,1.203355227E0,1.403365086E0,5.272014262E0
1.514281813E1,4.533200115E0,1.376674885E0,1.238449192E0,4.896824831E0
1.515284013E1,4.713029478E0,1.476284543E0,1.079391478E0,5.055407884E0
1.516286213E1,4.811350994E0,1.417101949E0,1.226033653E0,5.163374366E0
1.517288413E1,4.677403563E0,1.076013980E0,1.617747400E0,5.064880732E0
1.518290713E1,4.674940131E0,4.571967155E-1,1.886990631E0,5.062097165E0
1.519292913E1,4.979080714E0,-1.804731417E-1,2.001281039E0,5.369258898E0
1.520295113E1,4.997339814E0,-7.336682743E-1,1.883882836E0,5.390796685E0
1.521297313E1,4.561842116E0,-1.245111948E0,1.518774505E0,4.966626949E0
1.522299513E1,3.641854069E0,-1.619784570E0,1.086870944E0,4.131354689E0
1.523301713E1,2.601995178E0,-1.826601757E0,7.302277726E-1,3.261914390E0
1.524304013E1,1.654938031E0,-1.735564703E0,2.621814023E-1,2.412414519E0
1.525306213E1,8.944743061E-1,-1.297994167E0,-9.074410915E-2,1.578957768E0
1.526308413E1,-4.675667524E-2,-6.547542518E-1,-1.529011810E-1,6.739941306E-1
1.527310613E1,-9.244892335E-1,-6.694243312E-2,-2.784414858E-2,9.273278432E-1
1.528312813E1,-1.663611206E0,2.484639806E-1,3.069548482E-1,1.709841476E0
1.529315113E1,-2.524835905E0,5.569624937E-1,7.400142574E-1,2.689353950E0
1.530317313E1,-3.559490190E0,6.965940034E-1,7.109668981E-1,3.696036735E0
1.531319513E1,-4.609942482E0,8.466531453E-1,4.617429256E-1,4.709734362E0
1.532321713E1,-5.597226718E0,9.852827346E-1,6.702151671E-2,5.683680224E0
1.533323913E1,-6.061720174E0,9.337216946E-1,-2.698700523E-1,6.139146318E0
1.534326113E1,-6.396740488E0,9.088584566E-1,-2.985570771E-1,6.467878237E0
1.535328413E1,-6.789188645E0,1.137974293E0,-5.469801271E-1,6.905595935E0
1.536330613E1,-6.786404201E0,1.576717196E0,-8.008381641E-1,7.013035068E0
1.537332813E1,-6.595932321E0,1.864824714E0,-9.263065481E-1,6.916786697E0
1.538335013E1,-6.181709132E0,2.011589534E0,-8.309567334E-1,6.553663811E0
1.539337213E1,-5.591387689E0,1.924678860E0,-8.405354959E-1,5.972813819E0
1.540339413E1,-4.832061247E0,1.734695807E0,-1.175382147E0,5.266830986E0
1.541341713E1,-3.844978740E0,1.164226829E0,-9.266125037E-1,4.122850513E0
1.542343913E1,-2.995234464E0,2.389450058E-1,-4.769588426E-2,3.005128800E0
1.543346113E1,-2.530981913E0,-1.029291803E0,2.332179505E-1,2.742207445E0
1.544348313E1,-2.332469527E0,-2.045968823E0,1.292934863E-1,3.105337232E0
1.545350513E1,-2.102217284E0,-2.560789557E0,-1.927430852E-1,3.318751355E0
1.546352813E1,-1.757814528E0,-2.929346868E0,-6.418161178E-1,3.476048463E0
1.547355013E1,-1.389049348E0,-3.306219213E0,-9.017383021E-1,3.697793334E0
1.548357213E1,-1.046515946E0,-3.570588497E0,-1.194485586E0,3.907824671E0
1.549359413E1,-4.052915668E-1,-3.671659374E0,-1.423935737E0,3.958906010E0
1.550361613E1,4.149494129E-1,-3.685017046E0,-1.270853877E0,3.920025921E0
1.551363813E1,1.307485367E0,-3.694217347E0,-8.605828209E-1,4.012151865E0
1.552366113E1,2.024862714E0,-3.671418469E0,-5.169646150E-1,4.224527784E0
1.553368313E1,2.450458152E0,-3.828802125E0,-1.968699038E-2,4.545861684E0
1.554370513E1,2.183235134E0,-4.308474076E0,5.344602151E-1,4.859538274E0
1.555372713E1,1.563054884E0,-4.714188396E0,5.227679765E-1,4.993996312E0
1.556374913E1,9.076779038E-1,-4.997547390E0,2.383864506E-1,5.084897953E0
1.557377213E1,4.398398405E-1,-5.279166253E0,-1.529176994E-1,5.299664068E0
1.558379413E1,4.902176964E-1,-5.943019357E0,-1.793611474E-1,5.965900007E0
1.559381613E1,6.255123264E-1,-6.457185495E0,1.105480438E-1,6.488353493E0
1.560383813E1,4.157007802E-1,-6.238813040E0,2.702167922E-1,6.258483235E0
1.561385658E1,3.665572715E-1,-5.732722492E0,2.577166146E-1,5.750207758E0
1.562387858E1,5.160559577E-1,-5.369388791E0,4.355057381E-1,5.411683193E0
1.563390158E1,3.894152069E-1,-5.016250294E0,6.786506528E-1,5.076906334E0
1.564392358E1,1.992146373E-1,-4.475114459E0,8.466306335E-1,4.558850658E0
1.565394558E1,3.475327706E-1,-4.092572947E0,1.065048258E0,4.243142720E0
1.566396758E1,7.096128291E-1,-3.879307743E0,1.259258702E0,4.139844370E0
1.567398958E1,9.873222435E-1,-3.654931367E0,1.467964978E0,4.060572581E0
1.568401258E1,1.207966341E0,-3.549330652E0,1.718327696E0,4.124267308E0
1.569403458E1,1.468058680E0,-3.400636543E0,1.833866484E0,4.133109177E0
1.570405658E1,1.577968208E0,-3.201174861E0,1.782468289E0,3.989322920E0
1.571407858E1,1.473342808E0,-2.958427995E0,1.584818805E0,3.665335712E0
1.572410058E1,1.109970515E0,-2.742052073E0,1.291541326E0,3.227841866E0
1.573412258E1,5.586540931E-1,-2.429010273E0,9.191909252E-1,2.656519764E0
1.574414558E1,-5.315937638E-2,-2.104969861E0,5.655257410E-1,2.180262231E0
1.575416758E1,-7.669506258E-1,-1.734653414E0,2.820189585E-1,1.917490658E0
1.576418958E1,-1.352265683E0,-1.255886905E0,1.749486923E-2,1.845584045E0
1.577421158E1,-1.984142704E0,-5.920896417E-1,-9.721931577E-2,2.072883019E0
1.578423358E1,-2.667295713E0,1.541182789E-1,-5.492947474E-2,2.672309135E0
1.579425558E1,-3.210658168E0,8.206751356E-1,-4.615748182E-2,3.314206400E0
1.580427858E1,-3.545891905E0,1.423082189E0,-2.090815213E-1,3.826516353E0
1.581430058E1,-3.794579249E0,1.970176629E0,-3.782231976E-1,4.292258195E0
1.582432258E1,-4.096806623E0,2.389376676E0,-6.658037353E-1,4.789179473E0
1.583434458E1,-4.275115710E0,2.979880553E0,-9.513560200E-1,5.297299380E0
1.584436658E1,-4.352708847E0,3.514642045E0,-1.251586716E0,5.732822370E0
1.585438958E1,-4.301681950E0,4.052839070E0,-1.475647196E0,6.091593123E0
1.586441158E1,-4.290917226E0,4.449893079E0,-1.593793258E0,6.383862155E0
1.587443358E1,-4.330554916E0,4.685585572E0,-1.517129829E0,6.558208669E0
1.588445558E1,-4.173599861E0,4.762919676E0,-1.520345213E0,6.512740530E0
1.589447758E1,-3.764599990E0,4.458370373E0,-1.268486193E0,5.971460180E0
1.590449958E1,-3.276081494E0,3.998879210E0,-9.985706784E-1,5.265062990E0
1.591452258E1,-2.581063315E0,3.491529171E0,-5.556236275E-1,4.377371518E0
1.592454458E1,-1.676966246E0,2.962909302E0,-9.023832500E-2,3.405758400E0
1.593456658E1,-5.312750906E-1,2.531619844E0,2.496970122E-1,2.598788344E0
1.594458858E1,5.718828338E-1,2.234799975E0,4.107778631E-1,2.343100373E0
1.595461058E1,1.407748159E0,2.146645013E0,5.343916565E-1,2.622101091E0
1.596463258E1,2.165584729E0,2.414994205E0,2.868796027E-1,3.256417377E0
1.597465558E1,2.853445331E0,2.875530850E0,-3.689704174E-1,4.067796344E0
1.598467758E1,3.684301347E0,3.296537978E0,-8.401601046E-1,5.014689228E0
1.599469958E1,4.637605659E0,3.944583719E0,-1.069084591E0,6.181429352E0
1.600472158E1,5.418502479E0,4.186096530E0,-9.059950751E-1,6.906837217E0
1.601474358E1,5.732450012E0,4.295800236E0,-3.206110203E-1,7.170611845E0
1.602476558E1,5.757608827E0,4.133706062E0,1.766135408E-1,7.090047782E0
1.603478858E1,5.721836146E0,3.462064467E0,5.103310950E-1,6.707140753E0
1.604481058E1,5.607346494E0,2.720615303E0,6.957718849E-1,6.271218450E0
1.605483258E1,5.582471269E0,1.915318637E0,8.977388066E-1,5.969787762E0
1.606485458E1,5.645248731E0,1.164825584E0,1.351895555E0,5.920580501E0
1.607487658E1,5.453561214E0,7.012442940E-1,2.024144530E0,5.859200846E0
1.608489958E1,4.956684124E0,2.434055543E-1,2.624473629E0,5.613895759E0
1.609492158E1,4.965727428E0,-7.312282312E-1,2.670007067E0,5.685251212E0
1.610494358E1,5.059429058E0,-1.735252461E0,2.263783454E0,5.808066720E0
1.611496558E1,4.644505958E0,-1.946573174E0,1.434502825E0,5.236256398E0
1.612498758E1,3.800390797E0,-1.594129912E0,5.408430357E-1,4.156528789E0
1.613500958E1,2.996710301E0,-1.091988573E0,-1.407073975E-2,3.189499907E0
1.614503258E1,2.572925161E0,-7.561847323E-1,-1.759444731E-1,2.687511058E0
1.615505458E1,2.548102561E0,-3.535536486E-1,-9.995055020E-2,2.574454691E0
1.616507658E1,2.841172026E0,-2.142817426E-1,3.008233117E-1,2.865077627E0
1.617509858E1,3.207353906E0,-5.223960936E-1,9.816526370E-1,3.394651478E0
1.618512058E1,3.593211082E0,-9.776439321E-1,1.561155124E0,4.037840866E0
1.619514358E1,4.048601008E0,-1.499000975E0,1.991128373E0,4.754236662E0
1.620516558E1,4.271830745E0,-1.865364704E0,2.195820681E0,5.152645132E0
1.621518758E1,4.154011104E0,-1.881914663E0,2.288545681E0,5.102435926E0
1.622520958E1,3.750909904E0,-1.757246763E0,2.302204338E0,4.738922463E0
1.623523158E1,3.135864678E0,-1.567472456E0,2.088371516E0,4.080675528E0
1.624525358E1,2.200757486E0,-1.129931740E0,1.938633825E0,3.142989079E0
1.625527658E1,9.646438175E-1,-5.261119992E-1,1.807668473E0,2.115418833E0
1.626529858E1,-5.418562120E-1,3.019695121E-1,1.601791372E0,1.717710494E0
1.627532058E1,-2.097809653E0,1.260281380E0,1.289166479E0,2.766055803E0
1.628534258E1,-3.304723495E0,2.326655932E0,7.798517762E-1,4.116150386E0
1.629536458E1,-4.296691936E0,3.183168653E0,3.870652109E-1,5.361337869E0
1.630538658E1,-5.002686508E0,3.759662893E0,2.294564366E-2,6.257992000E0
1.631540958E1,-5.358525249E0,4.116367606E0,-3.737565096E-1,6.767419674E0
1.632543158E1,-5.650328792E0,4.204087535E0,-8.023017222E-1,7.088318243E0
1.633545358E1,-5.920698781E0,4.159594610E0,-1.243554835E0,7.341888722E0
1.634547558E1,-6.035618203E0,3.843111724E0,-1.601986377E0,7.332431736E0
1.635549758E1,-6.071727684E0,3.465557301E0,-1.722428348E0,7.200189156E0
1.636551958E1,-5.921541950E0,3.014767672E0,-1.611318387E0,6.837384743E0
1.637554258E1,-5.674371373E0,2.450257300E0,-1.404533359E0,6.338372447E0
1.638556458E1,-5.218701950E0,1.776944863E0,-1.097289805E0,5.621070006E0
1.639558658E1,-4.517804981E0,9.119791156E-1,-7.961599530E-1,4.677193434E0
1.640560858E1,-3.546469610E0,-2.749097675E-1,-5.623131345E-1,3.601280069E0
1.641563058E1,-2.675191208E0,-1.644558638E0,-3.828451292E-1,3.163509366E0
1.642565258E1,-1.989440866E0,-2.890243321E0,-3.477701676E-1,3.525950298E0
1.643567558E1,-1.428405787E0,-3.774603406E0,-3.918518879E-1,4.054814653E0
1.644569758E1,-1.028677846E0,-4.251982664E0,-3.274325283E-1,4.386883489E0
1.645571958E1,-7.107752556E-1,-4.636271909E0,-2.145676714E-1,4.695344286E0
1.646574158E1,-3.832428861E-1,-4.817813337E0,-3.422965890E-1,4.845138534E0
1.647576358E1,-2.026908070E-1,-4.852052585E0,-5.734149505E-1,4.890020711E0
1.648578658E1,-9.047981501E-2,-4.896128312E0,-9.802646542E-1,4.994114320E0
1.649580858E1,-2.688783646E-2,-4.907909575E0,-1.288919288E0,5.074407579E0
1.650583058E1,-6.597705781E-2,-4.896547265E0,-1.443918158E0,5.105431200E0
1.651585258E1,-7.893331826E-2,-4.937975957E0,-1.586657170E0,5.187226427E0
1.652587458E1,-2.490732604E-1,-5.139283898E0,-1.607708023E0,5.390640181E0
1.653589658E1,-3.673267651E-1,-5.262825040E0,-1.662338998E0,5.531331421E0
1.654591958E1,3.386531889E-2,-5.121710676E0,-1.758815863E0,5.415394755E0
1.655594158E1,3.466860938E-1,-4.862342223E0,-1.718317755E0,5.168672852E0
1.656596358E1,3.954606432E-1,-4.443427521E0,-1.589261228E0,4.735629684E0
1.657598558E1,2.978741223E-1,-3.937395152E0,-1.552525218E0,4.242893368E0
1.658600758E1,3.131745315E-1,-3.869271289E0,-1.388008543E0,4.122609163E0
1.659602958E1,4.306193662E-1,-4.018229693E0,-1.171943400E0,4.207737425E0
1.660605163E1,7.698034823E-2,-3.905971631E0,-8.706520186E-1,4.002571085E0
1.661607363E1,-4.198809546E-1,-3.490276698E0,-6.716101666E-1,3.579021048E0
1.662609563E1,-3.844737250E-1,-3.292100526E0,-3.417316018E-1,3.332045379E0
1.663611763E1,-1.897304535E-2,-3.427910588E0,2.727429356E-1,3.438796255E0
1.664613963E1,5.509819615E-1,-3.562292468E0,8.187157336E-1,3.696458332E0
1.665616163E1,1.425322550E0,-3.609135974E0,1.387717790E0,4.121063882E0
1.666618463E1,2.216683547E0,-3.740441926E0,2.199559245E0,4.872643289E0
1.667620663E1,3.148580033E0,-3.946822911E0,2.832194796E0,5.788980452E0
1.668622863E1,3.832006107E0,-4.006528830E0,3.152933285E0,6.377894039E0
1.669625063E1,4.077494439E0,-3.666466462E0,3.279514979E0,6.389378351E0
1.670627263E1,3.943447021E0,-3.226672522E0,3.206635283E0,6.020357116E0
1.671629463E1,3.463646724E0,-2.788302087E0,2.972011662E0,5.348301644E0
1.672631763E1,2.831317713E0,-2.304306997E0,2.607882739E0,4.486339612E0
1.673633963E1,2.211053848E0,-1.801958959E0,2.127643316E0,3.558466143E0
1.674636163E1,1.571458502E0,-1.234416221E0,1.481104403E0,2.487355118E0
1.675638363E1,7.711290461E-1,-6.399900323E-1,8.458120233E-1,1.311344816E0
1.676640563E1,-1.765847433E-1,7.796969712E-3,2.699859734E-1,3.227001551E-1
1.677642762E1,-9.237518996E-1,6.666240996E-1,-1.412044108E-2,1.139256182E0
1.678645063E1,-1.650547941E0,1.202780153E0,-1.653260757E-1,2.048980555E0
1.679647263E1,-2.407787511E0,1.769468906E0,-2.745941640E-1,3.000643741E0
1.680649463E1,-3.114316519E0,2.363107475E0,-3.453348023E-1,3.924601947E0
1.681651663E1,-3.730461606E0,2.868975244E0,-5.178649400E-1,4.734505976E0
1.682653863E1,-4.340185280E0,3.398414601E0,-7.186270429E-1,5.559033630E0
1.683656163E1,-4.993628002E0,4.136186451E0,-9.579896861E-1,6.554548285E0
1.684658363E1,-5.420346690E0,4.819787357E0,-1.208811410E0,7.353348451E0
1.685660563E1,-5.631567416E0,5.450130068E0,-1.430506691E0,7.966480949E0
1.686662763E1,-5.646715212E0,5.956651556E0,-1.609415264E0,8.364048538E0
1.687664963E1,-5.400781322E0,6.274257692E0,-1.723174453E0,8.456008436E0
1.688667163E1,-4.936866156E0,6.390041333E0,-1.911686493E0,8.298181784E0
1.689669463E1,-4.320667275E0,6.284018449E0,-2.135398040E0,7.919405177E0
1.690671663E1,-3.581666340E0,5.948965391E0,-2.409833452E0,7.350225864E0
1.691673863E1,-2.830112017E0,5.456761980E0,-2.519752336E0,6.643413066E0
1.692676063E1,-1.865393355E0,4.816258562E0,-2.531716323E0,5.752010644E0
1.693678263E1,-7.507807356E-1,4.084353808E0,-2.428016539E0,4.810497069E0
1.694680463E1,4.114141864E-1,3.209944223E0,-2.164027616E0,3.893073216E0
1.695682763E1,1.756343953E0,2.053683640E0,-1.724689028E0,3.205762439E0
1.696684963E1,3.168278133E0,1.094968314E0,-1.306193717E0,3.597649784E0
1.697687163E1,4.349475921E0,4.582813740E-1,-9.272673918E-1,4.470770339E0
1.698689363E1,5.103798900E0,2.479178506E-1,-5.646504128E-1,5.140919817E0
1.699691563E1,5.475365481E0,4.277700180E-1,-3.824704689E-1,5.505351760E0
1.700693763E1,5.781887636E0,6.709621489E-1,-2.650208102E-1,5.826718705E0
1.701696063E1,6.087105861E0,7.976391524E-1,-2.322619307E-1,6.143535756E0
1.702698263E1,6.291676548E0,6.982856029E-1,7.243530750E-3,6.330311922E0
1.703700463E1,6.461762695E0,4.829075074E-1,3.195168601E-1,6.487655032E0
1.704702663E1,6.523305809E0,3.031448025E-1,5.659806544E-1,6.554826432E0
1.705704863E1,6.451135381E0,1.184353530E-1,6.342239468E-1,6.483318182E0
1.706707063E1,6.057606658E0,1.727203184E-1,4.092565638E-1,6.073872049E0
1.707709363E1,5.559392309E0,2.811276966E-1,2.219133823E-1,5.570917445E0
1.708711563E1,5.143082834E0,-5.318101108E-2,2.092047514E-1,5.147610697E0
1.709713763E1,4.961946033E0,-4.373389864E-1,8.962085903E-2,4.981988130E0
1.710715963E1,4.801908910E0,-6.000208050E-1,-2.240239348E-1,4.844434009E0
1.711718163E1,4.433189338E0,-6.472785866E-1,-4.051314993E-1,4.498474054E0
1.712720363E1,3.909501010E0,-5.733651030E-1,-4.701583846E-1,3.979195220E0
1.713722663E1,3.411826360E0,-5.850969565E-1,-4.449545462E-1,3.490112048E0
1.714724863E1,3.016890212E0,-6.111199898E-1,-3.496461006E-1,3.097958455E0
1.715727063E1,2.532363610E0,-6.624667293E-1,-1.494910848E-1,2.621845763E0
1.716729263E1,1.996672118E0,-8.911057252E-1,3.167740774E-1,2.209324507E0
1.717731463E1,1.779069741E0,-1.445199575E0,8.366158149E-1,2.440003479E0
1.718733663E1,2.078859411E0,-2.162719594E0,1.173830296E0,3.221318062E0
1.719735963E1,2.482340680E0,-2.707518709E0,1.429732374E0,3.941675719E0
1.720738163E1,2.539581998E0,-2.741005129E0,1.714787207E0,4.111335671E0
1.721740363E1,2.175836068E0,-2.571368047E0,2.074671489E0,3.956065977E0
1.722742563E1,2.023538904E0,-2.339799596E0,2.381737435E0,3.904106179E0
1.723744763E1,1.760801870E0,-1.913535236E0,2.463796821E0,3.582224881E0
1.724746963E1,1.169506865E0,-1.257536112E0,2.435022234E0,2.979677275E0
1.725749263E1,3.806718653E-1,-5.294244468E-1,2.279993543E0,2.371407150E0
1.726751463E1,-6.559733963E-1,2.272295246E-1,2.012406975E0,2.128782795E0
1.727753663E1,-1.725895162E0,9.610129890E-1,1.637174044E0,2.565657601E0
1.728755863E1,-2.693342135E0,1.560262254E0,1.373705523E0,3.402289967E0
1.729758063E1,-3.456019616E0,1.924513676E0,1.070358407E0,4.097986285E0
1.730760263E1,-4.179141267E0,2.104706736E0,7.324174087E-1,4.736184903E0
1.731762563E1,-5.057698867E0,2.277832851E0,2.628645033E-1,5.553191702E0
1.732764763E1,-5.600581266E0,2.427972685E0,-4.053804445E-1,6.117670731E0
1.733766963E1,-6.145254081E0,2.418235024E0,-1.128060631E0,6.699591715E0
1.734769163E1,-6.338371827E0,2.265921488E0,-1.658002264E0,6.932411494E0
1.735771363E1,-6.501151294E0,1.947445579E0,-1.902479321E0,7.048187001E0
1.736773563E1,-6.628965581E0,1.638799131E0,-1.901552683E0,7.088353114E0
1.737775763E1,-6.546002362E0,1.323919844E0,-1.689393041E0,6.888901184E0
1.738778063E1,-6.229591981E0,1.007378778E0,-1.547041699E0,6.497381494E0
1.739780263E1,-5.889399805E0,6.295279017E-1,-1.529089285E0,6.117143899E0
1.740782463E1,-5.322057919E0,2.713876972E-1,-1.648768049E0,5.578206509E0
1.741784663E1,-4.841316220E0,8.369412124E-3,-1.600948350E0,5.099161540E0
1.742786863E1,-4.064125366E0,-4.007582206E-1,-1.307693236E0,4.288097916E0
1.743789163E1,-3.202306005E0,-8.342883307E-1,-9.875999862E-1,3.453426487E0
1.744791363E1,-2.310203914E0,-1.312977072E0,-6.897726417E-1,2.745311861E0
1.745793563E1,-1.216786281E0,-2.047991668E0,-3.106271920E-1,2.402358836E0
1.746795763E1,-3.188317126E-1,-2.769617017E0,-1.122577697E-1,2.790167358E0
1.747797963E1,3.626723814E-1,-3.249615242E0,-1.101383002E-1,3.271644987E0
1.748800163E1,9.728550625E-1,-3.585319680E0,-2.209256414E-1,3.721528224E0
1.749802463E1,1.438434346E0,-3.769854298E0,-3.584775889E-1,4.050851883E0
1.750804663E1,1.912082788E0,-3.882739181E0,-4.335283560E-1,4.349674812E0
1.751806863E1,2.326004260E0,-4.030712329E0,-4.034935480E-1,4.671160963E0
1.752809063E1,2.590296069E0,-4.159132095E0,-3.150713682E-1,4.909916850E0
1.753811263E1,2.762435759E0,-4.279687064E0,-2.740309310E-1,5.101163165E0
1.754813463E1,2.693198878E0,-4.117766553E0,-1.891274594E-1,4.923930419E0
1.755815663E1,2.275354509E0,-3.620614643E0,-2.209341198E-1,4.281927185E0
1.756817963E1,2.069358855E0,-3.413160987E0,-3.227433537E-1,4.004507119E0
1.757820163E1,2.135764514E0,-3.837445772E0,-2.315415537E-1,4.397850794E0
1.758822363E1,1.807232271E0,-4.153282540E0,5.031339034E-2,4.529721380E0
1.759824563E1,7.628634220E-1,-3.920706907E0,2.680397277E-1,4.003217274E0
1.760826783E1,-9.298651636E-2,-3.721347843E0,3.025739680E-1,3.734786107E0
1.761828983E1,-4.682000059E-1,-3.881473551E0,4.602875537E-1,3.936611844E0
1.762831283E1,-7.674973404E-1,-3.802416565E0,8.089809966E-1,3.962559041E0
1.763833483E1,-6.287885213E-1,-3.652775791E0,1.147211286E0,3.879979345E0
1.764835683E1,2.153728330E-1,-3.786083245E0,1.459188454E0,4.063255190E0
1.765837883E1,1.111700122E0,-3.749973764E0,1.670964664E0,4.253269719E0
1.766840083E1,1.926038337E0,-3.745835398E0,1.863631443E0,4.605868936E0
1.767842283E1,2.501430085E0,-3.715038697E0,1.945291464E0,4.882911414E0
1.768844583E1,2.730695318E0,-3.586435621E0,2.067117179E0,4.959051403E0
1.769846783E1,2.780756840E0,-3.372355315E0,2.025929977E0,4.817653085E0
1.770848983E1,2.576372094E0,-3.196982700E0,1.882200592E0,4.516754434E0
1.771851183E1,2.169408224E0,-2.856948983E0,1.530111671E0,3.899965546E0
1.772853383E1,1.692387693E0,-2.406750508E0,1.241939249E0,3.193593150E0
1.773855583E1,1.036699056E0,-1.734149969E0,1.057887465E0,2.280602319E0
1.774857883E1,3.129459053E-1,-8.567553797E-1,8.539260583E-1,1.249461737E0
1.775860083E1,-5.384654117E-1,8.729805261E-2,6.325776632E-1,8.352966237E-1
1.776862283E1,-1.327906768E0,1.026802936E0,3.261701144E-1,1.709984677E0
1.777864483E1,-1.971112769E0,1.881391045E0,-5.975795925E-2,2.725525422E0
1.778866683E1,-2.585453990E0,2.590402488E0,-4.001970340E-1,3.681700022E0
1.779868883E1,-3.135035543E0,3.257810699E0,-7.692019500E-1,4.586223942E0
1.780871183E1,-3.577653396E0,3.903222855E0,-1.146693369E0,5.417532478E0
1.781873383E1,-3.914377003E0,4.422801760E0,-1.380325740E0,6.065378956E0
1.782875583E1,-4.118706200E0,4.752884100E0,-1.489081613E0,6.463049751E0
1.783877783E1,-4.196980537E0,5.015465013E0,-1.513542416E0,6.712700319E0
1.784879983E1,-4.199901806E0,5.133974041E0,-1.360958154E0,6.771194262E0
1.785882183E1,-4.182091772E0,5.245295087E0,-1.291150001E0,6.831550370E0
1.786884483E1,-3.902973763E0,5.349140468E0,-1.325365568E0,6.753006873E0
1.787886683E1,-3.423906122E0,5.323813253E0,-1.415268263E0,6.486070069E0
1.788888883E1,-2.910263895E0,5.161492792E0,-1.531498046E0,6.120141342E0
1.789891083E1,-2.429276029E0,4.922493115E0,-1.539981333E0,5.701215923E0
1.790893283E1,-1.775059721E0,4.577277596E0,-1.611893168E0,5.167253312E0
1.791895483E1,-1.098202409E0,4.090322061E0,-1.637367148E0,4.540677733E0
1.792897783E1,-4.235149992E-1,3.508354535E0,-1.505757872E0,3.841252825E0
1.793899983E1,2.426974565E-1,3.125714496E0,-1.364462975E0,3.419174225E0
1.794902183E1,9.017903423E-1,2.894905014E0,-1.135513054E0,3.237760145E0
1.795904383E1,1.663377902E0,2.682526540E0,-9.327520801E-1,3.291322094E0
1.796906583E1,2.459164072E0,2.420047953E0,-8.324074276E-1,3.549228388E0
1.797908783E1,3.204319786E0,2.251006703E0,-8.809374171E-1,4.013819527E0
1.798910983E1,3.887678032E0,2.151035687E0,-7.800589138E-1,4.511040558E0
1.799913283E1,4.574743413E0,1.846713840E0,-5.996372277E-1,4.969727770E0
1.800915483E1,5.228965568E0,1.341538382E0,-3.334976989E-1,5.408606739E0
1.801917683E1,5.685464126E0,9.185642499E-1,-4.861901343E-2,5.759394622E0
1.802919883E1,5.835959178E0,6.413892710E-1,1.823686628E-1,5.873930375E0
1.803922083E1,5.863138205E0,4.602980787E-1,4.186178099E-1,5.896058413E0
1.804924283E1,5.819560661E0,2.641006047E-1,6.498523848E-1,5.861684360E0
1.805926583E1,5.773756498E0,1.854649097E-1,7.075481772E-1,5.819904273E0
1.806928783E1,5.404910041E0,-3.532010615E-2,6.077502394E-1,5.439086359E0
1.807930983E1,4.863867177E0,-4.506004715E-1,4.360794961E-1,4.904121738E0
1.808933183E1,4.147351125E0,-8.929955453E-1,1.227997148E-1,4.244177443E0
1.809935383E1,3.245067278E0,-1.066290060E0,-3.913816255E-1,3.438112230E0
1.810937583E1,2.444464172E0,-8.001522857E-1,-9.467688793E-1,2.740806465E0
1.811939883E1,1.993074326E0,-6.152411073E-1,-1.201522710E0,2.407181695E0
1.812942083E1,1.544281229E0,-4.911237225E-1,-1.125126645E0,1.972794209E0
1.813944283E1,1.541251202E0,-5.480437356E-1,-8.533911842E-1,1.845015912E0
1.814946483E1,1.978987214E0,-8.574079290E-1,-4.672150424E-1,2.206768825E0
1.815948683E1,2.226184688E0,-1.382372412E0,9.718013942E-2,2.622269195E0
1.816950883E1,2.351971160E0,-2.013688685E0,6.095979595E-1,3.155680613E0
1.817953183E1,2.544587799E0,-2.669623489E0,9.924603380E-1,3.819266182E0
1.818955383E1,2.790097182E0,-3.449221350E0,1.353947927E0,4.638420550E0
1.819957583E1,2.699011011E0,-3.911690208E0,1.530462943E0,4.992824605E0
1.820959783E1,2.534484980E0,-4.040533020E0,1.606022417E0,5.032775497E0
1.821961983E1,2.330796638E0,-3.991867521E0,1.799208137E0,4.960319465E0
1.822964183E1,1.910101166E0,-3.682272070E0,2.018433115E0,4.613207811E0
1.823966383E1,1.394790729E0,-3.051515376E0,2.120398616E0,3.969039879E0
1.824968683E1,6.444076037E-1,-2.188391794E0,2.090320539E0,3.094149279E0
1.825970883E1,-2.507063878E-1,-1.269268550E0,1.777964471E0,2.198875623E0
1.826973083E1,-1.248510935E0,-2.815580517E-1,1.350840278E0,1.860866451E0
1.827975283E1,-2.334459919E0,5.861596879E-1,8.605411595E-1,2.556133287E0
1.828977483E1,-3.512863907E0,1.254733542E0,5.070535845E-1,3.764528181E0
1.829979683E1,-4.493136747E0,1.798204170E0,6.431805655E-2,4.840036454E0
1.830981983E1,-5.320154650E0,2.118565222E0,-4.414928484E-1,5.743455409E0
1.831984183E1,-5.940032015E0,2.248371655E0,-7.058774815E-1,6.390416141E0
1.832986383E1,-6.362302727E0,2.291124449E0,-8.704048276E-1,6.818046039E0
1.833988583E1,-6.578912246E0,2.305789559E0,-9.141295753E-1,7.030959017E0
1.834990783E1,-6.549128283E0,2.376855448E0,-1.039459527E0,7.044217430E0
1.835992983E1,-6.149317312E0,2.304558720E0,-1.140498682E0,6.665270552E0
1.836995283E1,-5.571251632E0,2.161167450E0,-1.147109690E0,6.084845942E0
1.837997483E1,-5.142942501E0,2.037636833E0,-1.016216406E0,5.624457060E0
1.838999683E1,-4.714494206E0,1.909285480E0,-8.726063043E-1,5.160743011E0
1.840001883E1,-4.499770414E0,1.737380848E0,-9.358785863E-1,4.913480916E0
1.841004083E1,-4.284181818E0,1.468582883E0,-1.103938966E0,4.661505205E0
1.842006283E1,-3.721169795E0,9.726828620E-1,-1.202026155E0,4.029650540E0
1.843008583E1,-3.189376642E0,2.080243447E-1,-1.108834986E0,3.383033035E0
1.844010783E1,-2.523184651E0,-7.284075344E-1,-9.163114639E-1,2.781486117E0
1.845012983E1,-1.717738296E0,-1.474098269E0,-7.547048020E-1,2.386036441E0
1.846015183E1,-9.163177496E-1,-2.073674101E0,-4.930752307E-1,2.320104669E0
1.847017383E1,-1.187955415E-1,-2.430020672E0,-1.980476792E-1,2.440970243E0
1.848019583E1,7.987828678E-1,-2.530267968E0,1.043950188E-1,2.655411151E0
1.849021783E1,1.589119433E0,-2.582943195E0,4.536169039E-1,3.066376431E0
1.850024083E1,2.134724295E0,-2.780703630E0,6.546699058E-1,3.566223938E0
1.851026283E1,2.560414458E0,-2.940229414E0,4.773022203E-1,3.927911482E0
1.852028483E1,2.706381426E0,-3.117007992E0,2.921742564E-1,4.138309443E0
1.853030683E1,2.668231267E0,-3.396501392E0,5.043048084E-2,4.319516528E0
1.854032883E1,2.521801200E0,-3.609353198E0,-1.333458991E-1,4.405075814E0
1.855035083E1,2.446507773E0,-3.632440637E0,-1.876412433E-1,4.383518507E0
1.856037383E1,2.148626634E0,-3.480966469E0,-1.457634848E-1,4.093283641E0
1.857039583E1,1.582947696E0,-3.103359129E0,-5.971278951E-2,3.484268490E0
1.858041783E1,1.436118264E0,-3.278571823E0,1.742242223E-1,3.583548932E0
1.859043983E1,1.323171108E0,-3.613527233E0,5.412204735E-1,3.886036599E0
1.860046183E1,5.485530281E-1,-3.320862980E0,7.042946403E-1,3.438760285E0
1.861048458E1,-4.061628020E-1,-2.721052382E0,4.986113745E-1,2.796016379E0
1.862050758E1,-9.179666644E-1,-2.223117531E0,-7.265867114E-2,2.406282119E0
1.863052958E1,-1.195588955E0,-1.998931189E0,-2.700934160E-1,2.344804747E0
1.864055158E1,-1.063985088E0,-1.904719974E0,-1.857018681E-1,2.189636415E0
1.865057358E1,-5.399815947E-1,-1.848278263E0,2.979868273E-1,1.948463192E0
1.866059558E1,2.846225774E-1,-2.171826924E0,1.172149660E0,2.484306146E0
1.867061758E1,1.264949212E0,-2.678755086E0,1.871182099E0,3.503876106E0
1.868063958E1,2.038496082E0,-3.232649546E0,2.292554678E0,4.456601431E0
1.869066258E1,2.377809421E0,-3.618578935E0,2.615135626E0,5.058361938E0
1.870068458E1,2.395301367E0,-3.751313362E0,2.584892072E0,5.146988207E0
1.871070658E1,2.249135009E0,-3.678817535E0,2.354730461E0,4.912948432E0
1.872072858E1,1.810713118E0,-3.320098456E0,1.970294305E0,4.264246171E0
1.873075058E1,1.422056880E0,-2.876410271E0,1.507142054E0,3.545061211E0
1.874077258E1,1.086621999E0,-2.351818548E0,1.130588236E0,2.826663689E0
1.875079558E1,7.118985057E-1,-1.690743456E0,8.641973504E-1,2.027868333E0
1.876081758E1,8.907005131E-2,-8.913691422E-1,6.388806693E-1,1.100291294E0
1.877083958E1,-7.069804126E-1,-5.718723089E-2,4.484731083E-1,8.391780574E-1
1.878086158E1,-1.480460039E0,7.520592293E-1,2.679954350E-1,1.682015626E0
1.879088358E1,-2.242760959E0,1.231176572E0,5.723371625E-2,2.559110816E0
1.880090558E1,-2.896183215E0,1.440840768E0,-2.050846571E-1,3.241289720E0
1.881092858E1,-3.321129613E0,1.679315073E0,-6.446420771E-1,3.776978214E0
1.882095058E1,-3.846231798E0,2.016414657E0,-1.188096333E0,4.502332730E0
1.883097258E1,-4.253697360E0,2.470210631E0,-1.592864574E0,5.170406110E0
1.884099458E1,-4.451575908E0,2.986537608E0,-1.681301226E0,5.618069843E0
1.885101658E1,-4.323759867E0,3.421664885E0,-1.396917215E0,5.688063614E0
1.886103858E1,-3.930808849E0,3.855277733E0,-1.078642742E0,5.610516444E0
1.887106058E1,-3.459508649E0,4.088455630E0,-7.824856545E-1,5.412573633E0
1.888108358E1,-3.089270555E0,4.159851303E0,-6.306099290E-1,5.219734122E0
1.889110558E1,-3.027320475E0,4.279550531E0,-6.708721018E-1,5.284817063E0
1.890112758E1,-3.006294472E0,4.367247949E0,-9.477921420E-1,5.385997683E0
1.891114958E1,-3.096088409E0,4.486934606E0,-1.176719552E0,5.577007665E0
1.892117158E1,-3.128669094E0,4.396278790E0,-1.404445066E0,5.575688607E0
1.893119358E1,-2.884877039E0,4.182996921E0,-1.607452939E0,5.329529409E0
1.894121658E1,-2.148259429E0,3.745000708E0,-1.610315589E0,4.607945873E0
1.895123858E1,-1.058467655E0,3.122618980E0,-1.347711726E0,3.561941882E0
1.896126058E1,1.601628381E-1,2.501659296E0,-8.606857319E-1,2.650420966E0
1.897128258E1,1.505052844E0,1.961972986E0,-3.056513576E-1,2.491574765E0
1.898130458E1,2.763101757E0,1.498597518E0,3.121028830E-1,3.158786800E0
1.899132658E1,3.573374403E0,1.219380106E0,9.991258715E-1,3.905655512E0
1.900134958E1,4.152359850E0,1.151502119E0,1.473816433E0,4.554139252E0
1.901137158E1,4.698948213E0,1.018064564E0,1.810075626E0,5.137406305E0
1.902139358E1,4.840031002E0,1.163583636E0,1.828091043E0,5.302993856E0
1.903141558E1,4.963661022E0,1.339464959E0,1.473607103E0,5.348234756E0
1.904143758E1,5.203557077E0,1.425412597E0,1.075621632E0,5.501433379E0
1.905145958E1,5.419385993E0,1.449668602E0,6.905317564E-1,5.652266599E0
1.906148258E1,5.441444614E0,1.420869895E0,4.151265836E-1,5.639195051E0
1.907150458E1,5.176059376E0,1.266753078E0,4.480585407E-1,5.347617271E0
1.908152658E1,5.005658063E0,8.060182124E-1,5.406129478E-1,5.098876383E0
1.909154858E1,4.920246030E0,-2.361690402E-3,6.090717101E-1,4.957801420E0
1.910157058E1,4.780121015E0,-6.387176782E-1,5.628325135E-1,4.855337026E0
1.911159258E1,4.338400710E0,-9.731082469E-1,5.972082943E-1,4.486125068E0
1.912161458E1,3.742697489E0,-1.028201298E0,6.571410853E-1,3.936599651E0
1.913163758E1,3.298427798E0,-1.017222565E0,7.300269207E-1,3.528074119E0
1.914165958E1,2.855400640E0,-1.001138045E0,9.836972621E-1,3.181705597E0
1.915168158E1,2.278748817E0,-8.792633593E-1,1.084145703E0,2.672297164E0
1.916170358E1,1.736280402E0,-9.997651184E-1,1.078239430E0,2.275258270E0
1.917172558E1,1.343394288E0,-1.578275771E0,1.130194280E0,2.360720596E0
1.918174758E1,1.410838412E0,-2.487429512E0,1.041248190E0,3.043348221E0
1.919176958E1,1.644446957E0,-3.235702962E0,8.323599190E-1,3.723815581E0
1.920179258E1,1.695558638E0,-3.485036423E0,5.415287679E-1,3.913266075E0
1.921181458E1,1.716280586E0,-3.347225152E0,3.801096556E-1,3.780743130E0
1.922183658E1,1.713544089E0,-2.947663856E0,3.067256373E-1,3.423307782E0
1.923185858E1,1.658722934E0,-2.455614227E0,4.520251456E-1,2.997620679E0
1.924188058E1,1.554700382E0,-1.646228311E0,5.643200451E-1,2.333584805E0
1.925190258E1,1.252116913E0,-7.273205370E-1,6.219377773E-1,1.575943694E0
1.926192558E1,4.282190841E-1,1.839294308E-1,6.650991458E-1,8.121320664E-1
1.927194758E1,-7.123838246E-1,1.180908643E0,4.619958177E-1,1.454467625E0
1.928196958E1,-1.759597929E0,2.047687612E0,-1.688634950E-1,2.705129259E0
1.929199158E1,-2.856774736E0,2.803243477E0,-9.064178288E-1,4.103770116E0
1.930201358E1,-3.869985527E0,3.419806055E0,-1.671063482E0,5.428104143E0
1.931203558E1,-4.722306671E0,3.880989987E0,-2.318270294E0,6.537326726E0
1.932205858E1,-5.259519024E0,4.088695073E0,-2.700136015E0,7.188233598E0
1.933208058E1,-5.431223681E0,4.015125114E0,-2.908983940E0,7.354019847E0
1.934210258E1,-5.286879315E0,3.891483108E0,-2.881433029E0,7.169197303E0
1.935212458E1,-5.020142201E0,3.742828175E0,-2.625082032E0,6.789819301E0
1.936214658E1,-4.795274075E0,3.710383729E0,-2.150709997E0,6.433284881E0
1.937216858E1,-4.682085428E0,3.930252194E0,-1.639614818E0,6.329071260E0
1.938219058E1,-4.342568606E0,3.935347458E0,-9.728810826E-1,5.940653104E0
1.939221358E1,-3.901732984E0,3.763873473E0,-4.928851962E-1,5.443638454E0
1.940223558E1,-3.299032400E0,3.419705190E0,-1.666474003E-1,4.754552526E0
1.941225758E1,-2.606548405E0,2.819226548E0,1.444779745E-1,3.842265842E0
1.942227958E1,-1.506164399E0,2.016944122E0,9.516460419E-2,2.519057580E0
1.943230158E1,-2.111230767E-1,1.019181090E0,8.883674741E-2,1.044602803E0
1.944232358E1,8.125168079E-1,1.850050262E-1,1.665427351E-1,8.497922719E-1
1.945234658E1,1.671769241E0,-6.105934480E-1,4.255998239E-1,1.829965017E0
1.946236858E1,2.171722552E0,-1.124219888E0,7.116207629E-1,2.546890910E0
1.947239058E1,2.418231808E0,-1.402357318E0,8.913273346E-1,2.934095353E0
1.948241258E1,2.674979539E0,-1.843622710E0,1.146071517E0,3.444987685E0
1.949243458E1,2.789290266E0,-2.278290688E0,1.155930069E0,3.782449335E0
1.950245658E1,2.604955623E0,-2.736258067E0,1.037749655E0,3.917885444E0
1.951247958E1,2.222923695E0,-3.181485532E0,6.893386321E-1,3.941881238E0
1.952250158E1,1.905627462E0,-3.689681077E0,3.988444269E-1,4.171838845E0
1.953252358E1,1.653598434E0,-4.374402602E0,2.559273666E-1,4.683512007E0
1.954254558E1,1.333735272E0,-4.744611167E0,1.933937341E-1,4.932300279E0
1.955256758E1,9.193623948E-1,-4.775394126E0,-8.869875312E-2,4.863895943E0
1.956258958E1,2.631650501E-1,-4.325114959E0,-4.570733392E-1,4.357154036E0
1.957261158E1,-2.660740399E-1,-4.070523389E0,-4.281540339E-1,4.101618209E0
1.958263458E1,-3.760630900E-1,-4.286552864E0,-1.359221824E-1,4.305163614E0
1.959265658E1,-5.563941443E-1,-4.359264160E0,2.006653315E-1,4.399207319E0
1.960267858E1,-9.704898638E-1,-3.842468530E0,4.018219753E-1,3.983450248E0
1.961269996E1,-1.335852549E0,-3.237411226E0,6.535976726E-1,3.562656789E0
1.962272196E1,-1.320217679E0,-3.051793996E0,1.044544119E0,3.485325484E0
1.963274396E1,-1.051656234E0,-3.061942131E0,1.676173949E0,3.645686431E0
1.964276596E1,-5.026710963E-1,-3.217163487E0,2.231482996E0,3.947446706E0
1.965278896E1,3.298098600E-1,-3.545807413E0,2.515309036E0,4.359851408E0
1.966281096E1,1.380849797E0,-3.862644640E0,2.444854327E0,4.775362024E0
1.967283296E1,2.083960522E0,-3.929146778E0,2.321352800E0,5.016947746E0
1.968285496E1,2.088007380E0,-3.736011783E0,2.347190477E0,4.881276677E0
1.969287696E1,1.985095215E0,-3.369472053E0,2.251725326E0,4.512672365E0
1.970289896E1,1.826997029E0,-2.988644944E0,2.109130447E0,4.088807649E0
1.971292196E1,1.648948728E0,-2.692480840E0,1.908064581E0,3.689064302E0
1.972294396E1,1.345918531E0,-2.470836868E0,1.650696461E0,3.262105199E0
1.973296596E1,9.226695800E-1,-2.183961651E0,1.338237044E0,2.722477921E0
1.974298796E1,3.842357433E-1,-1.866093852E0,1.037663262E0,2.169490359E0
1.975300996E1,-4.495929962E-1,-1.386809864E0,5.950113492E-1,1.574615498E0
1.976303196E1,-1.403136460E0,-7.819347006E-1,2.750616489E-1,1.629684850E0
1.977305396E1,-2.179978235E0,-1.766075474E-1,-1.186832750E-1,2.190338114E0
1.978307696E1,-2.799998857E0,4.517918417E-1,-5.067787653E-1,2.881134183E0
1.979309896E1,-3.164751678E0,1.113100238E0,-8.900712065E-1,3.470860422E0
1.980312096E1,-3.435786495E0,1.818746900E0,-1.215223905E0,4.072988862E0
1.981314296E1,-3.641202105E0,2.560332012E0,-1.493412938E0,4.695096909E0
1.982316496E1,-3.738989770E0,3.153612732E0,-1.638855410E0,5.158601052E0
1.983318696E1,-3.880267856E0,3.697357594E0,-1.722083362E0,5.629609482E0
1.984320896E1,-4.108496962E0,4.179071393E0,-1.644902016E0,6.086878316E0
1.985323196E1,-4.334514066E0,4.638426023E0,-1.553218698E0,6.535709333E0
1.986325396E1,-4.594820412E0,4.798283637E0,-1.729959123E0,6.865031613E0
1.987327596E1,-4.566999945E0,4.700114148E0,-2.235787716E0,6.924399484E0
1.988329796E1,-4.518168093E0,4.489169996E0,-2.681574613E0,6.910668027E0
1.989331996E1,-4.254131223E0,4.176104223E0,-2.983937058E0,6.666435278E0
1.990334196E1,-3.823118924E0,3.762239469E0,-3.123259251E0,6.206885892E0
1.991336496E1,-3.190409845E0,3.298795003E0,-2.961462700E0,5.461778536E0
1.992338696E1,-2.096830829E0,2.842965367E0,-2.506248191E0,4.331331388E0
1.993340896E1,-7.901441914E-1,2.490128002E0,-1.878615664E0,3.217803929E0
1.994343096E1,3.024419671E-1,2.434257857E0,-1.240079981E0,2.748614344E0
1.995345296E1,1.177611106E0,2.345101851E0,-5.766721420E-1,2.686786439E0
1.996347496E1,2.134761717E0,2.060248893E0,-2.755786890E-1,2.979559817E0
1.997349696E1,2.969437718E0,1.726816683E0,-1.628486104E-1,3.438891666E0
1.998351996E1,3.741703463E0,1.401807972E0,-8.360129669E-2,3.996548457E0
1.999354196E1,4.399847345E0,1.110740009E0,-8.123244345E-4,4.537885046E0
2.000356396E1,4.979297061E0,9.291219825E-1,1.597623038E-1,5.067759946E0
2.001358596E1,5.398402090E0,1.048119838E0,4.568626933E-1,5.518154025E0
2.002360796E1,5.669815223E0,1.116465603E0,8.514471312E-1,5.841084002E0
2.003362996E1,5.904901358E0,1.031207936E0,1.133766198E0,6.100547160E0
2.004365196E1,5.902531482E0,9.278391033E-1,1.326393362E0,6.120464251E0
2.005367496E1,5.530539808E0,8.969231200E-1,1.461646038E0,5.790315259E0
2.006369696E1,4.812044474E0,1.018252845E0,1.485988436E0,5.138168205E0
2.007371896E1,4.387258875E0,9.257943320E-1,1.402390940E0,4.698067254E0
2.008374096E1,4.466900291E0,4.955105960E-1,1.138811907E0,4.636337080E0
2.009376296E1,4.673378924E0,7.551503599E-2,7.647918338E-1,4.736146074E0
2.010378496E1,4.819007338E0,-1.624333119E-1,5.270792748E-1,4.850466871E0
2.011380796E1,4.864336123E0,-1.681711847E-1,4.747320767E-1,4.890339253E0
2.012382996E1,4.666927691E0,-6.463161349E-2,6.566855872E-1,4.713345657E0
2.013385196E1,4.597488497E0,-3.788411021E-2,1.231756908E0,4.759785790E0
2.014387396E1,4.629687359E0,-2.100811028E-1,1.791690956E0,4.968731790E0
2.015389596E1,4.629786177E0,-6.300193602E-1,2.320487412E0,5.216944151E0
2.016391796E1,4.768014940E0,-1.224678268E0,2.515073978E0,5.528055756E0
2.017393996E1,5.024702445E0,-1.907248310E0,2.474155163E0,5.916643858E0
2.018396296E1,4.946399456E0,-2.394172270E0,2.251191036E0,5.938584808E0
2.019398496E1,4.357813466E0,-2.457000602E0,1.847251199E0,5.332891069E0
2.020400696E1,3.332009527E0,-2.369133908E0,1.564011489E0,4.377352499E0
2.021402896E1,2.422649964E0,-2.189605676E0,1.348073815E0,3.532832981E0
2.022405096E1,1.549344333E0,-1.858565562E0,1.190822159E0,2.696811307E0
2.023407296E1,6.366091722E-1,-1.347853959E0,1.116653298E0,1.862497281E0
2.024409496E1,-3.488326067E-1,-6.626859999E-1,9.878993636E-1,1.239670147E0
2.025411796E1,-1.441229900E0,6.094377458E-2,7.936143677E-1,1.646414751E0
2.026413996E1,-2.572300678E0,7.269790596E-1,4.501268470E-1,2.710690596E0
2.027416196E1,-3.510981104E0,1.294401637E0,-2.888290644E-2,3.742098092E0
2.028418396E1,-4.474950737E0,1.674658643E0,-6.232957931E-1,4.818522939E0
2.029420596E1,-5.404818825E0,1.993690330E0,-1.155688140E0,5.875583608E0
2.030422796E1,-5.988542270E0,2.238307135E0,-1.763251561E0,6.631871035E0
2.031424996E1,-6.346407071E0,2.407393701E0,-2.203504654E0,7.136375824E0
2.032427296E1,-6.700737230E0,2.482502064E0,-2.318667905E0,7.512583894E0
2.033429496E1,-6.663750667E0,2.438089245E0,-2.206333537E0,7.430865346E0
2.034431696E1,-6.317920021E0,2.181629781E0,-1.985654940E0,6.972692983E0
2.035433896E1,-5.831722870E0,1.835732185E0,-1.682162375E0,6.341023146E0
2.036436096E1,-5.292326581E0,1.529928069E0,-1.482584333E0,5.705037848E0
2.037438296E1,-4.904887149E0,1.246202746E0,-1.165804408E0,5.193268638E0
2.038440596E1,-4.560290265E0,1.008851107E0,-9.049548554E-1,4.757412232E0
2.039442796E1,-4.216050646E0,5.922519019E-1,-8.041207910E-1,4.332719194E0
2.040444996E1,-3.844296954E0,-1.150015756E-1,-7.298275307E-1,3.914651027E0
2.041447196E1,-3.322784960E0,-1.015810755E0,-5.381180871E-1,3.516012294E0
2.042449396E1,-2.674086669E0,-1.869842210E0,-4.974314064E-1,3.300679840E0
2.043451596E1,-2.032733066E0,-2.553320031E0,-6.818818241E-1,3.334128030E0
2.044453796E1,-1.455442727E0,-3.005707704E0,-7.350534797E-1,3.419487674E0
2.045456096E1,-8.083693779E-1,-3.189062354E0,-6.701917782E-1,3.357489652E0
2.046458296E1,-1.992684317E-1,-3.123469750E0,-5.855267268E-1,3.184118832E0
2.047460496E1,3.226084292E-1,-3.042321507E0,-3.803268796E-1,3.082927973E0
2.048462696E1,8.898579293E-1,-3.082442469E0,-2.220206787E-1,3.215990033E0
2.049464896E1,1.292806517E0,-3.210643257E0,-9.362532467E-2,3.462418882E0
2.050467096E1,1.322228537E0,-3.471843643E0,1.632770652E-1,3.718688745E0
2.051469296E1,1.377872395E0,-3.967229109E0,3.306780253E-1,4.212693567E0
2.052471596E1,1.549423270E0,-4.531707613E0,2.109248561E-1,4.793910268E0
2.053473796E1,1.611265177E0,-4.820311852E0,-6.746400476E-2,5.082925655E0
2.054475996E1,1.463895462E0,-4.783034975E0,-2.573809844E-1,5.008658350E0
2.055478196E1,9.684842688E-1,-4.618767099E0,-3.393900843E-1,4.731401159E0
2.056480396E1,6.934768528E-1,-4.812473075E0,-3.931316972E-1,4.878048767E0
2.057482596E1,4.979921544E-1,-5.363697111E0,-2.059506297E-1,5.390701118E0
2.058484796E1,-3.807472944E-2,-5.441098459E0,-1.642208058E-1,5.443709268E0
2.059487096E1,-6.025988424E-1,-4.939948808E0,-3.879740144E-1,4.991667399E0
2.060489296E1,-7.358370066E-1,-4.563980151E0,-6.844126453E-1,4.673306280E0
2.061491513E1,-4.539368927E-1,-4.552145094E0,-5.545524175E-1,4.608211371E0
2.062493713E1,-1.084997642E-1,-4.244459051E0,-3.066409989E-1,4.256904220E0
2.063495913E1,5.991671115E-1,-3.935444229E0,2.446853636E-1,3.988307089E0
2.064498113E1,1.629202681E0,-3.721830531E0,1.090135006E0,4.206509028E0
2.065500313E1,2.637141622E0,-3.352137690E0,1.976649497E0,4.700902707E0
2.066502613E1,3.319833285E0,-3.209225892E0,2.863768591E0,5.433377808E0
2.067504813E1,3.693007266E0,-2.934501774E0,3.541937433E0,5.898722243E0
2.068507013E1,3.680940367E0,-2.514636607E0,3.552623804E0,5.700338160E0
2.069509213E1,3.461461619E0,-2.028566633E0,3.058322997E0,5.044813047E0
2.070511413E1,2.771049292E0,-1.701990283E0,2.447663183E0,4.070201489E0
2.071513613E1,1.890659759E0,-1.345677626E0,1.824362859E0,2.951904883E0
2.072515813E1,1.215131519E0,-9.877619541E-1,1.171529563E0,1.955683974E0
2.073518113E1,2.412520248E-1,-6.816207460E-1,5.606534024E-1,9.149544351E-1
2.074520313E1,-9.461338717E-1,-2.119753084E-1,1.459079111E-1,9.805059679E-1
2.075522513E1,-1.856438929E0,3.774702224E-1,-3.727981509E-1,1.930758330E0
2.076524713E1,-2.664461567E0,9.793738309E-1,-6.018638474E-1,2.901856067E0
2.077526913E1,-3.444394766E0,1.691496285E0,-5.743304783E-1,3.880060629E0
2.078529113E1,-3.974308040E0,2.550152594E0,-6.304761739E-1,4.764021711E0
2.079531313E1,-4.219049683E0,3.237047237E0,-7.078155412E-1,5.364686187E0
2.080533613E1,-4.454935133E0,3.927460148E0,-9.155488408E-1,6.009128052E0
2.081535813E1,-4.528391365E0,4.587630091E0,-1.026025110E0,6.527281650E0
2.082538013E1,-4.466303290E0,5.021036825E0,-9.913375264E-1,6.792748043E0
2.083540213E1,-4.313557645E0,5.332954790E0,-9.277110493E-1,6.921548536E0
2.084542413E1,-4.084452626E0,5.512106461E0,-8.340586813E-1,6.910985803E0
2.085544613E1,-3.811462499E0,5.681463461E0,-7.178663202E-1,6.879070104E0
2.086546813E1,-3.367233154E0,5.667849973E0,-5.747421223E-1,6.617636356E0
2.087549113E1,-2.879129226E0,5.445116081E0,-4.840525384E-1,6.178428691E0
2.088551313E1,-2.410542135E0,5.168291350E0,-4.582613473E-1,5.721184521E0
2.089553513E1,-1.898684478E0,4.754530676E0,-4.261497545E-1,5.137330855E0
2.090555713E1,-1.192547818E0,4.240531184E0,-5.518042262E-1,4.439455251E0
2.091557913E1,-4.385552073E-1,3.651318957E0,-7.852265368E-1,3.760457620E0
2.092560113E1,2.903908557E-1,3.133131689E0,-9.546965343E-1,3.288204146E0
2.093562313E1,1.023754490E0,2.656020527E0,-9.783548073E-1,3.009932960E0
2.094564613E1,1.745292715E0,2.211949641E0,-9.185331134E-1,2.963523403E0
2.095566813E1,2.591462588E0,1.705450373E0,-6.402188046E-1,3.167667823E0
2.096569013E1,3.593771245E0,1.066167269E0,-1.945187384E-1,3.753630503E0
2.097571213E1,4.553819736E0,5.501522416E-1,2.838717949E-1,4.595707223E0
2.098573413E1,5.249150741E0,2.035959560E-1,7.601561612E-1,5.307812375E0
2.099575613E1,5.758627412E0,1.283902377E-1,9.889423607E-1,5.844337491E0
2.100577813E1,5.889239591E0,3.092089498E-1,1.035361798E0,5.987547678E0
2.101580113E1,5.693096496E0,5.198718506E-1,1.150901610E0,5.831482571E0
2.102582313E1,5.391738603E0,7.687837279E-1,1.034126135E0,5.543581013E0
2.103584513E1,5.219623471E0,9.176859981E-1,7.960801385E-1,5.359138024E0
2.104586713E1,5.008038465E0,8.626824099E-1,5.864312911E-1,5.115522638E0
2.105588913E1,4.949713073E0,4.462782097E-1,4.783172970E-1,4.992755871E0
2.106591113E1,5.176054114E0,-3.191995025E-1,4.546637017E-1,5.205779825E0
2.107593313E1,5.104680660E0,-1.047763742E0,4.734741944E-1,5.232566418E0
2.108595513E1,4.833799040E0,-1.511965422E0,4.560095845E-1,5.085233263E0
2.109597813E1,4.434894387E0,-1.431963233E0,2.023152696E-1,4.664733474E0
2.110600013E1,3.914875771E0,-1.115433569E0,-9.515174031E-3,4.070692188E0
2.111602213E1,3.487641358E0,-7.589668375E-1,9.216235131E-3,3.569279737E0
2.112604413E1,3.375403469E0,-5.045983386E-1,2.938826667E-1,3.425541575E0
2.113606613E1,3.338280666E0,-5.920498806E-1,8.572123396E-1,3.497063605E0
2.114608813E1,3.357850712E0,-1.032158108E0,1.418217452E0,3.788383891E0
2.115611013E1,3.582933431E0,-1.733753820E0,1.692633861E0,4.325311973E0
2.116613313E1,3.854655882E0,-2.352481622E0,1.651785651E0,4.808423607E0
2.117615513E1,3.800446345E0,-2.564587616E0,1.481429362E0,4.818208694E0
2.118617713E1,3.023056101E0,-2.460468001E0,1.282865519E0,4.103475955E0
2.119619913E1,2.018752958E0,-1.965488332E0,1.169622640E0,3.050659766E0
2.120622113E1,1.200468457E0,-1.486405488E0,1.071881606E0,2.190766069E0
2.121624313E1,5.291344249E-1,-9.642140472E-1,9.279930313E-1,1.439049351E0
2.122626513E1,-1.659685385E-1,-2.507537502E-1,6.930323182E-1,7.554580022E-1
2.123628813E1,-9.644181150E-1,5.552287942E-1,4.845755719E-1,1.213752363E0
2.124631013E1,-1.760304857E0,1.293240380E0,2.572577544E-1,2.199392058E0
2.125633213E1,-2.594211949E0,1.904388437E0,-1.175699651E-2,3.218193466E0
2.126635413E1,-3.258146330E0,2.323678530E0,-3.495569305E-1,4.017112080E0
2.127637613E1,-3.809464506E0,2.600141611E0,-7.122450994E-1,4.666910037E0
2.128639813E1,-4.452734826E0,2.828569230E0,-1.098020707E0,5.388255821E0
2.129642013E1,-4.993640281E0,2.898066604E0,-1.372704626E0,5.934606245E0
2.130644213E1,-5.369369495E0,2.934586266E0,-1.555014378E0,6.313477254E0
2.131646513E1,-5.508449028E0,2.768923537E0,-1.596412080E0,6.368553978E0
2.132648713E1,-5.533942888E0,2.423075641E0,-1.607841194E0,6.251477646E0
2.133650913E1,-5.536190557E0,2.125004176E0,-1.621476755E0,6.147701644E0
2.134653113E1,-5.313310484E0,1.769206073E0,-1.628801708E0,5.832182562E0
2.135655313E1,-5.014901342E0,1.463247298E0,-1.616646370E0,5.468443436E0
2.136657513E1,-4.770123446E0,1.247428323E0,-1.614445478E0,5.188120017E0
2.137659713E1,-4.512499802E0,1.120278864E0,-1.537581051E0,4.897125145E0
2.138662013E1,-4.120705948E0,8.894997874E-1,-1.440103142E0,4.454809136E0
2.139664213E1,-3.719585200E0,4.787349343E-1,-1.268020754E0,3.958835413E0
2.140666413E1,-3.154772235E0,-1.141499287E-1,-9.434991163E-1,3.294815418E0
2.141668613E1,-2.423882557E0,-9.309565464E-1,-4.789045036E-1,2.640309881E0
2.142670813E1,-1.752856089E0,-1.836220135E0,-1.360761103E-1,2.542189127E0
2.143673013E1,-9.348002136E-1,-2.783578706E0,1.132634908E-1,2.938535429E0
2.144675213E1,-1.185932279E-2,-3.667371318E0,2.096984026E-1,3.673380793E0
2.145677513E1,7.150390452E-1,-4.374876226E0,3.226587152E-1,4.444652009E0
2.146679713E1,1.356918898E0,-4.896273031E0,3.718090944E-1,5.094404822E0
2.147681913E1,1.835008884E0,-5.089860892E0,3.712578481E-1,5.423262293E0
2.148684113E1,1.900036354E0,-4.885099586E0,3.836942911E-1,5.255621507E0
2.149686313E1,1.814797398E0,-4.568381642E0,4.653573820E-1,4.937626750E0
2.150688513E1,1.625745807E0,-4.218421692E0,4.809989762E-1,4.546371192E0
2.151690713E1,1.479485893E0,-3.909665317E0,2.983487700E-1,4.190867856E0
2.152692913E1,1.232978976E0,-3.630029830E0,1.083101682E-1,3.835242471E0
2.153695213E1,8.240428394E-1,-3.234930544E0,-2.754591134E-1,3.349582056E0
2.154697413E1,4.331167120E-1,-3.116753346E0,-6.618738216E-1,3.215558810E0
2.155699613E1,2.867170501E-1,-3.582835198E0,-6.799034187E-1,3.658029986E0
2.156701813E1,1.128629565E-1,-3.877637193E0,-6.260761441E-1,3.929475739E0
2.157704013E1,-1.907051843E-1,-3.805079679E0,-4.258082771E-1,3.833576987E0
2.158706213E1,-3.573414749E-1,-3.313877896E0,-4.991387933E-1,3.370255061E0
2.159708413E1,-9.005647659E-2,-3.173670143E0,-4.088279629E-1,3.201161141E0
2.160710713E1,2.766545767E-1,-3.082797980E0,-1.709244923E-1,3.099902631E0
2.161712933E1,6.418295664E-1,-2.955574554E0,2.307878476E-1,3.033253891E0
2.162715133E1,1.365757549E0,-3.234569771E0,6.824666919E-1,3.576799697E0
2.163717333E1,2.262229849E0,-3.572597601E0,1.084079191E0,4.365359687E0
2.164719533E1,2.991055459E0,-3.748127214E0,1.458237258E0,5.012117942E0
2.165721733E1,3.173502620E0,-3.822711665E0,1.903566318E0,5.320508254E0
2.166723933E1,2.974896094E0,-3.791566179E0,2.018115612E0,5.224822626E0
2.167726133E1,2.645372747E0,-3.645203062E0,2.022620745E0,4.937256021E0
2.168728433E1,2.177590817E0,-3.480151952E0,1.953908506E0,4.546550101E0
2.169730633E1,1.416013198E0,-3.089018540E0,1.618606795E0,3.763909786E0
2.170732833E1,6.700032055E-1,-2.550023371E0,1.263382012E0,2.923637733E0
2.171735033E1,3.618549407E-2,-1.991969202E0,9.481844902E-1,2.206423468E0
2.172737233E1,-5.080739236E-1,-1.168835020E0,6.052892925E-1,1.410917979E0
2.173739433E1,-1.189054692E0,-1.799539089E-1,4.122121851E-1,1.271280203E0
2.174741633E1,-1.857486166E0,7.957206810E-1,2.764912932E-1,2.039576842E0
2.175743933E1,-2.472698037E0,1.765245754E0,9.257428765E-2,3.039555585E0
2.176746133E1,-2.962162612E0,2.621816069E0,-8.438584685E-2,3.956696578E0
2.177748333E1,-3.271345834E0,3.347175450E0,-3.744211918E-1,4.695261259E0
2.178750533E1,-3.532017047E0,3.841807210E0,-7.300231200E-1,5.269493411E0
2.179752733E1,-3.685899391E0,4.434338901E0,-1.060883140E0,5.862993164E0
2.180754933E1,-3.759157401E0,4.827557722E0,-1.262931484E0,6.247525419E0
2.181757133E1,-3.794208536E0,5.185835921E0,-1.446514760E0,6.586449541E0
2.182759333E1,-3.763898324E0,5.559339100E0,-1.607103275E0,6.903329831E0
2.183761633E1,-3.728818538E0,5.658262294E0,-1.536909790E0,6.948533052E0
2.184763833E1,-3.610163330E0,5.588858768E0,-1.394375576E0,6.798007417E0
2.185766033E1,-3.350939303E0,5.408494384E0,-1.303499174E0,6.494591274E0
2.186768233E1,-3.062310213E0,4.956784696E0,-1.256546178E0,5.960399875E0
2.187770433E1,-2.719987897E0,4.376777156E0,-1.142243637E0,5.278184627E0
2.188772633E1,-2.155519917E0,3.756285249E0,-1.043928700E0,4.454854893E0
2.189774833E1,-1.408280255E0,3.113504341E0,-9.139971359E-1,3.537308768E0
2.190777133E1,-6.091547406E-1,2.693855520E0,-6.916180229E-1,2.847149900E0
2.191779333E1,2.646864957E-1,2.372380866E0,-5.109374513E-1,2.441169186E0
2.192781533E1,1.212540618E0,2.187287255E0,-4.007588053E-1,2.532802382E0
2.193783733E1,1.905221665E0,2.319893920E0,-5.600609332E-1,3.053759264E0
2.194785933E1,2.513712747E0,2.414662668E0,-4.789163442E-1,3.518338874E0
2.195788133E1,3.258899451E0,2.174077225E0,-4.590061364E-1,3.944328085E0
2.196790333E1,4.131531483E0,1.765945666E0,-3.982157050E-1,4.510730787E0
2.197792533E1,5.160052623E0,1.162303680E0,-2.328704797E-1,5.294461406E0
2.198794833E1,6.076029480E0,5.810875207E-1,-8.752872527E-2,6.104380249E0
2.199797033E1,6.718682919E0,1.737979603E-1,7.147826448E-2,6.721310515E0
2.200799233E1,7.260340911E0,1.776132685E-1,2.458415043E-1,7.266672874E0
2.201801433E1,7.491315284E0,5.589715970E-1,3.936363119E-1,7.522446642E0
2.202803633E1,7.332642317E0,1.095605076E0,7.149663936E-1,7.448434115E0
2.203805833E1,6.830654760E0,1.797859184E0,9.062079138E-1,7.121190552E0
2.204808033E1,5.839362257E0,2.547599700E0,1.011996616E0,6.450779252E0
2.205810233E1,4.960823953E0,2.839452360E0,9.628105693E-1,5.796487573E0
2.206812533E1,4.500210709E0,2.194792156E0,8.125727950E-1,5.072404122E0
2.207814733E1,4.127228517E0,1.156582764E0,4.592457260E-1,4.310754639E0
2.208816933E1,3.714684064E0,5.892566657E-1,-1.214571941E-1,3.763090879E0
2.209819133E1,2.963159562E0,5.529858023E-1,-8.999449611E-1,3.145792241E0
2.210821333E1,1.831494123E0,5.113413477E-1,-1.109115799E0,2.201358342E0
2.211823533E1,9.768411094E-1,2.781421083E-1,-8.992766243E-1,1.356569214E0
2.212825733E1,6.247019023E-1,-1.174185222E-1,-4.458019540E-1,7.763884068E-1
2.213828033E1,6.577971429E-1,-5.519941145E-1,2.950329602E-1,9.079862506E-1
2.214830233E1,7.849021626E-1,-1.150651641E0,1.027839209E0,1.731047094E0
2.215832433E1,9.179666644E-1,-1.837334906E0,1.454562429E0,2.516786486E0
2.216834633E1,1.235093914E0,-2.536935256E0,1.509310786E0,3.199924455E0
2.217836833E1,1.547943925E0,-3.154087233E0,1.556096113E0,3.842633443E0
2.218839033E1,1.732146420E0,-3.539496513E0,1.569184520E0,4.241545337E0
2.219841233E1,1.868541496E0,-3.695150270E0,1.754904222E0,4.497251569E0
2.220843433E1,1.776788743E0,-3.653584169E0,2.115952393E0,4.580710648E0
2.221845733E1,1.546716594E0,-3.326973028E0,2.503357328E0,4.441607779E0
2.222847933E1,1.134753939E0,-2.679885060E0,2.698654915E0,3.968902719E0
2.223850133E1,3.917897612E-1,-1.651848947E0,2.584749400E0,3.092415499E0
2.224852333E1,-8.404969043E-1,-6.717825133E-1,2.454887418E0,2.680335618E0
2.225854533E1,-2.564708068E0,2.155084884E-1,2.399488120E0,3.518766065E0
2.226856733E1,-4.214769521E0,1.104429694E0,2.197858582E0,4.880023506E0
2.227858933E1,-5.618518769E0,1.546885871E0,1.950179006E0,6.145226376E0
2.228861133E1,-6.483586843E0,1.461398409E0,1.856737137E0,6.900728690E0
2.229863433E1,-7.035911910E0,1.130630775E0,1.553376719E0,7.293515036E0
2.230865633E1,-7.623523169E0,7.457018441E-1,1.239212839E0,7.759499031E0
2.231867833E1,-7.973107143E0,3.398325723E-1,1.178263655E0,8.066859918E0
2.232870033E1,-7.903432306E0,-7.159272373E-2,9.904965506E-1,7.965579147E0
2.233872233E1,-7.612688279E0,-5.960321268E-1,6.322043185E-1,7.662111943E0
2.234874433E1,-7.155603830E0,-9.227783382E-1,1.109631962E-1,7.215711944E0
2.235876633E1,-6.741043841E0,-8.309004539E-1,-6.465962166E-1,6.822767349E0
2.236878833E1,-6.574906318E0,-8.035237902E-1,-1.152041232E0,6.723261305E0
2.237881133E1,-6.411348587E0,-8.527845356E-1,-1.374076967E0,6.612164523E0
2.238883333E1,-5.759890410E0,-9.163613114E-1,-1.363002926E0,5.989476819E0
2.239885533E1,-4.856346488E0,-1.014810297E0,-1.408029556E0,5.157178335E0
2.240887733E1,-3.636850022E0,-1.217484147E0,-1.277725963E0,4.042465753E0
2.241889933E1,-2.182160416E0,-1.583324257E0,-1.149128734E0,2.930739946E0
2.242892133E1,-7.567653608E-1,-1.854376616E0,-1.306486663E0,2.391299615E0
2.243894333E1,2.797863454E-1,-2.063009072E0,-1.647512798E0,2.654917183E0
2.244896633E1,1.005260916E0,-2.292815172E0,-2.081748082E0,3.255952395E0
2.245898833E1,1.668583678E0,-2.426694483E0,-2.186817139E0,3.668131241E0
2.246901033E1,2.430087622E0,-2.865594968E0,-1.825507305E0,4.177252362E0
2.247903233E1,3.328622820E0,-2.954680807E0,-1.901097770E0,4.839838973E0
2.248905433E1,4.123082256E0,-2.526442720E0,-2.018115758E0,5.239800695E0
2.249907633E1,4.688095781E0,-2.206638615E0,-2.250074072E0,5.648922850E0
2.250909833E1,4.718501303E0,-1.963870700E0,-2.101809294E0,5.526178153E0
2.251912033E1,4.261646065E0,-1.889584748E0,-1.809998589E0,5.000825191E0
2.252914233E1,3.747144297E0,-1.929236472E0,-1.714020637E0,4.549825325E0
2.253916533E1,3.499605346E0,-2.541121278E0,-1.484256198E0,4.572477598E0
2.254918733E1,3.505020452E0,-3.484723597E0,-6.490204722E-1,4.984946789E0
2.255920933E1,3.017431079E0,-4.168058747E0,3.439599757E-1,5.157122502E0
2.256923133E1,2.290301161E0,-4.216203259E0,9.085853916E-1,4.883377596E0
2.257925333E1,1.794976507E0,-4.048933130E0,1.103701715E0,4.564423033E0
2.258927533E1,1.306442809E0,-3.936700503E0,1.342872131E0,4.359783163E0
2.259929733E1,6.359420049E-1,-3.677912971E0,1.637355453E0,4.075831073E0
2.260932033E1,2.271894711E-1,-3.217119049E0,1.703351076E0,3.647310642E0
2.261934221E1,2.023592699E-1,-2.846357044E0,1.552752529E0,3.248651738E0
2.262936421E1,3.803619629E-1,-2.611520000E0,1.573369811E0,3.072491578E0
2.263938621E1,5.512404084E-1,-2.419650342E0,1.780934418E0,3.054554169E0
2.264940821E1,8.534239286E-1,-2.242452519E0,2.109197836E0,3.194626928E0
2.265943021E1,1.132652450E0,-2.107464575E0,2.471545551E0,3.439890393E0
2.266945221E1,1.497378958E0,-1.970778016E0,2.730141587E0,3.685075686E0
2.267947421E1,1.419218642E0,-1.722701705E0,2.908729001E0,3.666413387E0
2.268949721E1,6.822215474E-1,-1.381312897E0,2.882013658E0,3.267943433E0
2.269951921E1,-3.752801478E-2,-1.033114420E0,2.735796429E0,2.924605248E0
2.270954121E1,-6.218566471E-1,-4.905831474E-1,2.583176499E0,2.701884220E0
2.271956321E1,-1.341481664E0,-2.712172508E-2,2.451680659E0,2.794824985E0
2.272958521E1,-2.076533389E0,6.865040481E-1,2.258447869E0,3.143861559E0
2.273960721E1,-2.664274457E0,1.341983355E0,1.865696826E0,3.518536962E0
2.274962921E1,-2.881500857E0,2.005228933E0,1.440861526E0,3.794742705E0
2.275965121E1,-2.988145884E0,2.788000370E0,8.243802238E-1,4.169120368E0
2.276967421E1,-2.901100724E0,3.565795242E0,1.281236047E-1,4.598662499E0
2.277969621E1,-3.228215602E0,4.255322301E0,-1.982176870E-1,5.344944725E0
2.278971821E1,-3.535431821E0,4.760500683E0,-5.538134757E-1,5.955531402E0
2.279974021E1,-3.586666878E0,5.030028089E0,-1.023947448E0,6.262094717E0
2.280976221E1,-3.645959984E0,5.223452813E0,-1.576721581E0,6.562281192E0
2.281978421E1,-3.342456163E0,5.414564964E0,-2.301183999E0,6.766459543E0
2.282980621E1,-2.693267875E0,5.583667025E0,-3.216155720E0,6.983887664E0
2.283982821E1,-2.107535911E0,5.798932269E0,-3.946353087E0,7.324139934E0
2.284985021E1,-1.834801893E0,5.914604813E0,-4.030828981E0,7.388953265E0
2.285987321E1,-1.189145324E0,5.750299222E0,-4.104667035E0,7.164377099E0
2.286989521E1,-1.431433475E-1,5.554114028E0,-4.501940900E0,7.150954098E0
2.287991721E1,5.679634452E-1,5.215344479E0,-4.870952248E0,7.158811096E0
2.288993921E1,1.229199920E0,4.508109128E0,-4.661244782E0,6.600089641E0
2.289996121E1,1.793230528E0,3.759152139E0,-4.233253739E0,5.938630966E0
2.290998321E1,2.222293366E0,2.950217920E0,-3.452128294E0,5.055646678E0
2.292000521E1,2.635596787E0,2.035493537E0,-2.459687397E0,4.140008026E0
2.293002821E1,3.001804395E0,1.188303325E0,-1.337059414E0,3.494370086E0
2.294005021E1,3.299863290E0,4.650682372E-1,-3.155987871E-1,3.347385366E0
2.295007221E1,3.555948531E0,-5.691270411E-2,5.227065808E-1,3.594611409E0
2.296009421E1,3.665979681E0,-4.962040758E-1,1.151854633E0,3.874583152E0
2.297011621E1,3.743959903E0,-6.693711215E-1,1.433010469E0,4.064334196E0
2.298013821E1,3.690919810E0,-6.084706163E-1,1.731927150E0,4.122219934E0
2.299016021E1,3.518571959E0,-6.484047604E-1,2.238555642E0,4.220415705E0
2.300018221E1,3.212433382E0,-6.378756791E-1,2.847061341E0,4.339628083E0
2.301020421E1,2.873244588E0,-6.491157818E-1,3.505416893E0,4.578737092E0
2.302022721E1,2.705763375E0,-4.548496431E-1,3.911041167E0,4.777477017E0
2.303024921E1,2.371483904E0,-3.906992555E-1,4.064055199E0,4.721559750E0
2.304027121E1,2.532065402E0,-9.542889833E-1,4.017428917E0,4.843733866E0
2.305029321E1,3.329761273E0,-1.916627828E0,3.505460163E0,5.200867554E0
2.306031521E1,4.093088964E0,-2.470663206E0,2.722470624E0,5.501763376E0
2.307033721E1,4.398731112E0,-2.150098963E0,1.903792605E0,5.253207328E0
2.308035921E1,4.294926077E0,-1.564756424E0,1.549216864E0,4.826481696E0
2.309038121E1,4.009261526E0,-9.968035036E-1,1.512154287E0,4.399364249E0
2.310040421E1,3.465174016E0,-2.347896820E-1,1.528292602E0,3.794500683E0
2.311042621E1,2.938694227E0,2.065505540E-1,1.544866535E0,3.326439464E0
2.312044821E1,2.775771503E0,-2.079129553E-1,1.548181906E0,3.185122047E0
2.313047021E1,3.080820159E0,-1.152073976E0,1.228043341E0,3.510956814E0
2.314049221E1,3.429717085E0,-2.227416111E0,8.674648476E-1,4.180530717E0
2.315051421E1,3.702646986E0,-2.957290127E0,4.709551408E-1,4.762033005E0
2.316053621E1,3.636499774E0,-3.210715470E0,2.163188394E-1,4.855884912E0
2.317055821E1,2.900737612E0,-3.018996379E0,2.597379240E-1,4.194768363E0
2.318058121E1,1.988914032E0,-2.672912256E0,3.649855399E-1,3.351634437E0
2.319060321E1,1.202709110E0,-2.338208569E0,3.316335335E-1,2.650228163E0
2.320062521E1,4.934506220E-1,-2.013344284E0,2.063540876E-2,2.073035104E0
2.321064721E1,-5.308084828E-1,-1.609597844E0,-3.876610422E-1,1.738632781E0
2.322066921E1,-1.779603007E0,-1.009051374E0,-7.694000244E-1,2.185668762E0
2.323069121E1,-2.943272012E0,-2.982793343E-1,-1.074256307E0,3.147355606E0
2.324071321E1,-3.914606799E0,3.520903829E-1,-1.394746875E0,4.170543474E0
2.325073521E1,-4.859835522E0,9.751822543E-1,-1.657747618E0,5.226577168E0
2.326075821E1,-5.688618114E0,1.478314696E0,-1.717717393E0,6.123425792E0
2.327078021E1,-6.233270465E0,1.733817555E0,-1.759965718E0,6.705017772E0
2.328080221E1,-6.610514107E0,1.822887606E0,-1.826081355E0,7.096223580E0
2.329082421E1,-6.779370001E0,1.833850258E0,-1.888712636E0,7.272557996E0
2.330084621E1,-6.791264992E0,1.783232374E0,-1.835299345E0,7.257377045E0
2.331086821E1,-6.576016704E0,1.762921194E0,-1.781861202E0,7.037536229E0
2.332089021E1,-6.010552944E0,1.902626963E0,-1.885928631E0,6.580536669E0
2.333091221E1,-5.693172510E0,2.043047554E0,-1.675889774E0,6.276532727E0
2.334093521E1,-5.526733856E0,2.195872722E0,-1.454902883E0,6.122367722E0
2.335095721E1,-5.418411847E0,2.106446575E0,-1.375475621E0,5.973963282E0
2.336097921E1,-5.377072617E0,1.632528869E0,-1.216643025E0,5.749633091E0
2.337100121E1,-4.863867177E0,8.108439195E-1,-9.391540504E-1,5.019629678E0
2.338102321E1,-4.033917480E0,-2.024346989E-1,-6.445719105E-1,4.090103054E0
2.339104521E1,-3.037567720E0,-1.278203096E0,-1.930600043E-1,3.301195689E0
2.340106721E1,-1.644140562E0,-2.284038209E0,1.596265022E-1,2.818777988E0
2.341108921E1,-2.046788603E-1,-2.862990034E0,2.528072923E-1,2.881408839E0
2.342111221E1,7.272492009E-1,-3.028115989E0,4.348575743E-1,3.144436190E0
2.343113421E1,1.350862936E0,-2.754023077E0,5.376801306E-1,3.114253314E0
2.344115621E1,2.040183588E0,-2.442084647E0,3.329637019E-1,3.199529860E0
2.345117821E1,2.535257982E0,-2.254779911E0,-8.909592524E-2,3.394039417E0
2.346120021E1,2.762788931E0,-2.148962557E0,-4.722497874E-1,3.531863900E0
2.347122221E1,2.737240106E0,-2.414538122E0,-5.434577644E-1,3.690233608E0
2.348124421E1,2.589132473E0,-2.701759494E0,-5.256741889E-1,3.778815248E0
2.349126621E1,2.432873236E0,-2.866001642E0,-5.579126662E-1,3.800539980E0
2.350128921E1,2.038116013E0,-2.910011296E0,-5.045860595E-1,3.588410472E0
2.351131121E1,1.661150113E0,-2.951741704E0,-4.564067566E-1,3.417675513E0
2.352133321E1,1.661391603E0,-3.456283910E0,-2.655260096E-1,3.844037537E0
2.353135521E1,1.789482463E0,-4.303453656E0,2.945511496E-1,4.669980861E0
2.354137721E1,1.664905195E0,-4.825607383E0,9.622306716E-1,5.194639909E0
2.355139921E1,1.346286321E0,-4.664693178E0,1.341242512E0,5.036941609E0
2.356142121E1,1.041306077E0,-4.172534206E0,1.233298818E0,4.473855834E0
2.357144321E1,7.742274857E-1,-3.647135859E0,1.049410245E0,3.873278977E0
2.358146621E1,2.459882694E-1,-2.875494305E0,9.228192687E-1,3.029946060E0
2.359148821E1,1.050311959E-1,-2.367856583E0,9.838156682E-1,2.566255954E0
2.360151021E1,6.664293873E-1,-2.212168619E0,9.483207303E-1,2.497424741E0
2.361153221E1,1.257358941E0,-2.292542107E0,1.000003100E0,2.799411906E0
2.362155746E1,1.631759083E0,-2.658091611E0,1.284359044E0,3.373079731E0
2.363157946E1,1.892509818E0,-2.974672145E0,1.612739260E0,3.877008603E0
2.364160146E1,2.048424654E0,-3.184243371E0,1.736147085E0,4.165291840E0
2.365162346E1,2.084356964E0,-3.196378098E0,1.681765641E0,4.170097429E0
2.366164546E1,1.988340420E0,-3.051032689E0,1.374180463E0,3.892386163E0
2.367166846E1,1.586091744E0,-2.766915311E0,9.298395089E-1,3.322063947E0
2.368169046E1,8.257069570E-1,-2.307119508E0,4.858277531E-1,2.498123497E0
2.369171246E1,-2.607624292E-2,-1.772690429E0,2.501837929E-1,1.790447781E0
2.370173446E1,-8.315512490E-1,-1.145757229E0,4.619300365E-5,1.415710815E0
2.371175646E1,-1.768976278E0,-4.962175244E-1,-3.148288549E-1,1.864034901E0
2.372177846E1,-2.555499288E0,2.299943805E-2,-3.928410906E-1,2.585619792E0
2.373180046E1,-3.056558307E0,4.004062182E-1,-6.023175913E-1,3.140964869E0
2.374182246E1,-3.621071311E0,8.274365634E-1,-7.267847858E-1,3.784841453E0
2.375184546E1,-3.962356331E0,1.328548207E0,-8.857583003E-1,4.271987336E0
2.376186746E1,-4.212920632E0,1.990855308E0,-1.187068393E0,4.808465085E0
2.377188946E1,-4.335993996E0,2.778451282E0,-1.444417802E0,5.348549173E0
2.378191146E1,-4.269879529E0,3.484755757E0,-1.565148333E0,5.729317864E0
2.379193346E1,-4.021416718E0,4.096132439E0,-1.582976933E0,5.954486489E0
2.380195546E1,-3.552617372E0,4.575360879E0,-1.477094382E0,5.978028536E0
2.381197746E1,-3.086832266E0,5.048225209E0,-1.414506955E0,6.083908376E0
2.382199946E1,-2.648312727E0,5.482183335E0,-1.415050161E0,6.250620879E0
2.383202246E1,-2.222548889E0,5.624043218E0,-1.094793629E0,6.145580426E0
2.384204446E1,-1.899467420E0,5.662876332E0,-7.542504734E-1,6.020385254E0
2.385206646E1,-1.741668026E0,5.750085214E0,-6.619913507E-1,6.044428843E0
2.386208846E1,-1.432673085E0,5.832728006E0,-7.627746905E-1,6.054345001E0
2.387211046E1,-8.971154934E-1,5.749493476E0,-9.504608113E-1,5.896173945E0
2.388213246E1,-2.036690462E-1,5.559977615E0,-1.025134433E0,5.657360937E0
2.389215446E1,6.646442324E-1,5.309941319E0,-1.009381449E0,5.445739589E0
2.390217646E1,1.503072392E0,4.908566802E0,-7.941226369E-1,5.194601565E0
2.391219846E1,2.264857587E0,4.589264388E0,-8.009732348E-1,5.180008266E0
2.392222146E1,3.295863794E0,3.973722734E0,-4.900954896E-1,5.185883156E0
2.393224346E1,4.483049716E0,3.544423084E0,-2.149582654E-3,5.714951826E0
2.394226546E1,5.883777707E0,3.414845277E0,4.257983369E-1,6.816253560E0
2.395228746E1,6.581358721E0,3.129047994E0,9.421172731E-1,7.347979921E0
2.396230946E1,6.521556907E0,2.545979437E0,1.973467881E0,7.273739840E0
2.397233146E1,6.361084167E0,1.903922414E0,2.628399450E0,7.141204100E0
2.398235346E1,6.731340972E0,1.543645052E0,2.262843660E0,7.267341519E0
2.399237546E1,6.483927151E0,1.153587821E0,2.034987168E0,6.892985488E0
2.400239746E1,5.952554997E0,8.034512848E-1,1.621435678E0,6.221535069E0
2.401242046E1,5.261471409E0,5.539424068E-1,1.179267622E0,5.420387966E0
2.402244246E1,4.468216499E0,2.625066537E-1,7.439991349E-1,4.537334365E0
2.403246446E1,3.997181178E0,-3.811694634E-1,1.315722924E-1,4.017469203E0
2.404248646E1,4.014378424E0,-1.387932529E0,-5.413784945E-1,4.281901624E0
2.405250846E1,4.182207547E0,-2.023971013E0,-1.226315050E0,4.805326964E0
2.406253046E1,3.905743589E0,-1.692460783E0,-1.736710757E0,4.597327565E0
2.407255246E1,3.250895782E0,-1.161322517E0,-1.490115547E0,3.759978420E0
2.408257546E1,2.877865058E0,-1.005246298E0,-9.438460024E-1,3.191155385E0
2.409259746E1,3.207595981E0,-1.569814265E0,-4.609576446E-1,3.600759747E0
2.410261946E1,3.726828146E0,-2.112100832E0,9.285612345E-2,4.284721720E0
2.411264146E1,3.845700286E0,-2.706058660E0,2.168187033E-1,4.707353238E0
2.412266346E1,4.046585473E0,-3.126229051E0,4.529620157E-1,5.133550103E0
2.413268546E1,4.202154738E0,-3.468093531E0,6.617907912E-1,5.488510202E0
2.414270746E1,3.947594451E0,-3.952094468E0,1.161294305E0,5.705362135E0
2.415272946E1,3.576980381E0,-4.534452589E0,1.570186148E0,5.985109311E0
2.416275146E1,3.171388267E0,-5.010236433E0,1.682784811E0,6.163760003E0
2.417277346E1,2.395049352E0,-4.904658523E0,1.538110662E0,5.670777815E0
2.418279646E1,1.492752641E0,-4.371923382E0,1.466177777E0,4.846823886E0
2.419281846E1,1.998274255E-1,-3.443610654E0,1.393385789E0,3.720202857E0
2.420284046E1,-9.998101419E-1,-2.155967229E0,1.034850020E0,2.592051230E0
2.421286246E1,-2.120386922E0,-6.915145272E-1,5.812570900E-1,2.304797788E0
2.422288446E1,-3.052648274E0,6.224594951E-1,3.602441789E-1,3.136222756E0
2.423290646E1,-4.034377071E0,1.514445226E0,3.483081114E-1,4.323316000E0
2.424292846E1,-4.927380218E0,1.981645651E0,1.463587314E-1,5.312947974E0
2.425295046E1,-5.665327485E0,2.331835396E0,-5.742141187E-2,6.126719272E0
2.426297346E1,-6.115855451E0,2.448996348E0,-3.298589766E-1,6.596216942E0
2.427299546E1,-6.355436341E0,2.372808590E0,-6.995012391E-1,6.819904228E0
2.428301746E1,-6.344460533E0,2.254831659E0,-8.018035394E-1,6.780806307E0
2.429303946E1,-6.384151433E0,2.118122295E0,-7.029231758E-1,6.762982520E0
2.430306146E1,-6.738188646E0,1.842770186E0,-4.362568130E-1,6.999236258E0
2.431308346E1,-6.890673505E0,1.610885400E0,-2.207300520E-1,7.079905005E0
2.432310546E1,-6.738380435E0,1.374785065E0,-3.644489117E-1,6.886844551E0
2.433312746E1,-6.472854279E0,1.266087665E0,-7.799365608E-1,6.641469832E0
2.434315046E1,-6.112100369E0,1.346708197E0,-9.783673789E-1,6.334713617E0
2.435317246E1,-5.680691628E0,1.475853603E0,-1.157177572E0,5.982262212E0
2.436319446E1,-5.141542677E0,1.203974447E0,-1.036962181E0,5.381478062E0
2.437321646E1,-4.539286482E0,3.476853830E-1,-5.141041571E-1,4.581518304E0
2.438323846E1,-3.907247493E0,-9.131310171E-1,2.361643624E-1,4.019473204E0
2.439326046E1,-3.274672900E0,-2.334609023E0,8.243691140E-1,4.105297349E0
2.440328246E1,-2.751500881E0,-3.502107954E0,1.224704581E0,4.619027877E0
2.441330446E1,-2.238199546E0,-4.229484917E0,1.644594306E0,5.059918013E0
2.442332646E1,-1.432299448E0,-4.495883185E0,1.780296487E0,5.043203635E0
2.443334946E1,-4.841880476E-1,-4.499673642E0,1.484735523E0,4.762976016E0
2.444337146E1,1.507353723E-1,-4.297827173E0,9.839520545E-1,4.411598487E0
2.445339346E1,6.641711926E-1,-4.286447030E0,3.916799797E-1,4.355245655E0
2.446341546E1,1.175714854E0,-4.588833741E0,-3.385754210E-1,4.749140326E0
2.447343746E1,1.366367413E0,-4.814283957E0,-8.048487693E-1,5.068734701E0
2.448345946E1,1.626566756E0,-4.794193802E0,-9.055541950E-1,5.142960433E0
2.449348146E1,1.803029877E0,-4.587693241E0,-9.077479242E-1,5.012170419E0
2.450350346E1,1.697542598E0,-4.101923229E0,-9.258731233E-1,4.534828122E0
2.451352546E1,1.865981001E0,-3.763265947E0,-9.195370804E-1,4.299953968E0
2.452354746E1,2.563640367E0,-4.186731538E0,-4.411870390E-1,4.929058622E0
2.453357046E1,2.728946416E0,-4.489354768E0,4.001694059E-1,5.268926867E0
2.454359246E1,2.413611923E0,-4.161000280E0,1.121080225E0,4.939257709E0
2.455361446E1,1.761108849E0,-3.475731457E0,1.551577969E0,4.193996630E0
2.456363646E1,1.323604386E0,-2.950196285E0,1.587430757E0,3.602155341E0
2.457365846E1,8.784886032E-1,-2.592005210E0,1.516175417E0,3.128741141E0
2.458368046E1,6.204293418E-1,-2.205469757E0,1.445325290E0,2.708873310E0
2.459370246E1,1.123276439E0,-2.184306344E0,1.594465542E0,2.928355260E0
2.460372446E1,1.827177123E0,-2.473724808E0,1.743705781E0,3.535307698E0
2.461374450E1,2.223295578E0,-2.783643025E0,1.999825521E0,4.085463723E0
2.462376650E1,2.348995512E0,-2.948611690E0,2.304790562E0,4.418614075E0
2.463378850E1,2.391889517E0,-3.063905919E0,2.295332690E0,4.514111994E0
2.464381050E1,2.308443902E0,-3.011510189E0,2.032966370E0,4.304771670E0
2.465383250E1,2.062298927E0,-2.621866940E0,1.674423877E0,3.732419917E0
2.466385450E1,1.840342129E0,-2.024220690E0,1.202151870E0,2.988226510E0
2.467387650E1,1.573798558E0,-1.425832427E0,9.131497282E-1,2.311640638E0
2.468389850E1,1.331896908E0,-8.059445375E-1,7.544382421E-1,1.729934401E0
2.469392050E1,1.003947047E0,-1.576309937E-1,6.630578828E-1,1.213426124E0
2.470394250E1,5.133013344E-1,4.089373058E-1,4.762644857E-1,8.108858368E-1
2.471396550E1,-3.744346404E-1,7.695444506E-1,3.168506759E-1,9.125756474E-1
2.472398750E1,-1.365487407E0,1.017303842E0,3.059080504E-2,1.703055714E0
2.473400950E1,-2.175247838E0,1.425016156E0,-2.388383672E-1,2.611401533E0
2.474403150E1,-2.923149989E0,1.887757786E0,-5.140422497E-1,3.517481308E0
2.475405350E1,-3.322709531E0,2.384275272E0,-9.297664187E-1,4.193999618E0
2.476407550E1,-3.587662659E0,2.960945222E0,-1.153629774E0,4.792638273E0
2.477409750E1,-3.703749186E0,3.623360496E0,-1.417025351E0,5.371634775E0
2.478411950E1,-3.781273325E0,4.098506409E0,-1.534842653E0,5.783729308E0
2.479414150E1,-3.925005487E0,4.526260639E0,-1.538007751E0,6.185319013E0
2.480416450E1,-3.946128554E0,4.686490136E0,-1.583241958E0,6.327857098E0
2.481418650E1,-3.882838876E0,4.775639125E0,-1.736167697E0,6.395111028E0
2.482420850E1,-3.575377074E0,4.979627429E0,-1.889358169E0,6.414802011E0
2.483423050E1,-3.323108895E0,5.350861888E0,-1.829360328E0,6.559065092E0
2.484425250E1,-3.020717214E0,5.674158534E0,-1.511595293E0,6.603463326E0
2.485427450E1,-2.443984115E0,5.855541503E0,-1.017035601E0,6.426101933E0
2.486429650E1,-1.928456161E0,5.833822020E0,-6.772726102E-1,6.181514436E0
2.487431850E1,-1.327671710E0,5.573443168E0,-3.407874227E-1,5.739522366E0
2.488434050E1,-5.727406204E-1,5.158278578E0,-2.699777873E-1,5.196995066E0
2.489436350E1,4.744056559E-1,4.732215947E0,-3.370400883E-1,4.767863727E0
2.490438550E1,2.128594658E0,4.483972406E0,-4.520267536E-1,4.984099913E0
2.491440750E1,4.040783865E0,4.432012879E0,-6.295412041E-1,6.030505330E0
2.492442950E1,5.461089504E0,4.473056239E0,-5.200099911E-1,7.078286593E0
2.493445150E1,6.310461313E0,4.228345587E0,-5.238165285E-1,7.614145529E0
2.494447350E1,6.602974707E0,3.995682537E0,-6.506810814E-1,7.745201082E0
2.495449550E1,6.727250844E0,3.686270104E0,-8.111041206E-1,7.713778652E0
2.496451750E1,6.563831107E0,3.097161373E0,-8.610690169E-1,7.308743204E0
2.497453950E1,6.298856928E0,2.444834885E0,-8.591752499E-1,6.811093769E0
2.498456250E1,6.249433338E0,1.557304147E0,-5.221206897E-1,6.461673411E0
2.499458450E1,6.527460256E0,6.462635100E-1,9.198547304E-2,6.560019455E0
2.500460650E1,6.966956865E0,-1.253882772E-1,6.661346877E-1,6.999853256E0
2.501462850E1,6.958332807E0,-5.598574501E-1,1.246654298E0,7.091261013E0
2.502465050E1,6.477332076E0,-9.189981133E-1,1.225952231E0,6.656075964E0
2.503467250E1,5.994065550E0,-1.315662698E0,6.536690086E-1,6.171472541E0
2.504469450E1,5.537238963E0,-1.670533140E0,-8.164189473E-2,5.784320332E0
2.505471650E1,4.774467342E0,-1.618792298E0,-9.007010061E-1,5.121258557E0
2.506473850E1,3.878590289E0,-9.394095737E-1,-1.462455878E0,4.250262365E0
2.507476150E1,2.830388006E0,-3.229241788E-1,-1.336157335E0,3.146536622E0
2.508478350E1,2.343462292E0,-3.236726224E-1,-5.986355996E-1,2.440275407E0
2.509480550E1,2.783288099E0,-7.931403047E-1,8.178325117E-2,2.895246567E0
2.510482750E1,3.169193223E0,-1.691559142E0,5.469641934E-1,3.633775976E0
2.511484950E1,3.224410819E0,-2.570565224E0,7.713218580E-1,4.195183918E0
2.512487150E1,3.191060055E0,-3.569845608E0,1.000407581E0,4.891572065E0
2.513489350E1,3.056790442E0,-4.498912627E0,1.153748619E0,5.560154540E0
2.514491550E1,2.657133837E0,-4.950032331E0,9.230642670E-1,5.693437270E0
2.515493750E1,2.171041351E0,-4.887809186E0,8.065829073E-1,5.408759116E0
2.516495950E1,1.665497518E0,-4.556159792E0,7.546627021E-1,4.909377743E0
2.517498250E1,1.270436239E0,-4.094685254E0,9.451882307E-1,4.390197758E0
2.518500450E1,9.286243844E-1,-3.520209764E0,1.238363677E0,3.845486267E0
2.519502650E1,3.741779476E-1,-2.844527743E0,1.292370753E0,3.146675925E0
2.520504850E1,-2.526353842E-1,-1.994245816E0,1.214916196E0,2.348800199E0
2.521507050E1,-9.926449639E-1,-1.200231060E0,8.882505298E-1,1.793010771E0
2.522509250E1,-1.833861660E0,-5.052231136E-1,5.418392551E-1,1.977849530E0
2.523511450E1,-2.840000829E0,4.365414262E-2,1.480227028E-1,2.844190766E0
2.524513650E1,-3.993838325E0,5.614514011E-1,-2.975648046E-1,4.044071841E0
2.525515850E1,-5.066796550E0,9.216884172E-1,-6.759856381E-1,5.194121042E0
2.526518150E1,-6.034519511E0,1.164415402E0,-1.123219867E0,6.247632498E0
2.527520350E1,-6.586699567E0,1.446935613E0,-1.586743270E0,6.927913688E0
2.528522550E1,-6.868089804E0,1.879129050E0,-1.866296312E0,7.361035625E0
2.529524750E1,-6.998071069E0,2.272576789E0,-1.695081067E0,7.550556521E0
2.530526950E1,-6.911712956E0,2.657551620E0,-1.289651359E0,7.516485697E0
2.531529150E1,-6.484817682E0,2.833952761E0,-8.293538654E-1,7.125445702E0
2.532531350E1,-6.011865059E0,2.709290416E0,-5.203483987E-1,6.614645758E0
2.533533550E1,-5.579013811E0,2.363088764E0,-4.182196145E-1,6.073260348E0
2.534535750E1,-5.127684191E0,1.625846964E0,-4.349615085E-1,5.396824532E0
2.535537950E1,-4.759195585E0,6.435688207E-1,-2.795904636E-1,4.810643852E0
2.536540250E1,-4.313115596E0,-5.305845344E-1,-1.197929303E-1,4.347279199E0
2.537542450E1,-3.803433688E0,-1.707748328E0,-1.629866047E-1,4.172418580E0
2.538544650E1,-3.206064595E0,-2.540031064E0,-1.907123472E-1,4.094750199E0
2.539546850E1,-2.505300357E0,-3.072896597E0,-2.501380384E-2,3.964826487E0
2.540549050E1,-1.887753693E0,-3.364554837E0,1.005422884E-1,3.859268325E0
2.541551250E1,-1.613201775E0,-3.213844315E0,2.215363830E-1,3.602817456E0
2.542553450E1,-1.341308001E0,-2.864570829E0,3.645978695E-1,3.183991959E0
2.543555650E1,-8.144136447E-1,-2.711501248E0,3.863107739E-1,2.857401725E0
2.544557850E1,-1.747264981E-1,-2.678429104E0,1.196277465E-1,2.686786670E0
2.545560050E1,3.960933119E-1,-2.639992139E0,-2.131251633E-1,2.678034866E0
2.546562350E1,8.166496199E-1,-2.990723922E0,-9.182467461E-2,3.101576687E0
2.547564550E1,1.100291035E0,-3.530512558E0,5.650456846E-2,3.698425618E0
2.548566750E1,1.108530346E0,-3.977391569E0,1.910753131E-1,4.133399690E0
2.549568950E1,1.190487844E0,-4.353574235E0,3.716344088E-1,4.528684363E0
2.550571150E1,1.348127024E0,-4.336015339E0,4.300497012E-1,4.561076434E0
2.551573350E1,1.393145907E0,-3.939966758E0,4.193340938E-1,4.200004125E0
2.552575550E1,1.506727486E0,-3.529066249E0,1.080963063E-1,3.838778598E0
2.553577750E1,1.632971211E0,-3.722139556E0,-8.186978996E-2,4.065417631E0
2.554579950E1,1.595970615E0,-4.022742574E0,-1.036008207E-1,4.329008333E0
2.555582150E1,1.279222850E0,-3.728098746E0,-3.409126993E-1,3.956179069E0
2.556584450E1,3.161829239E-1,-3.274657112E0,-2.921714790E-1,3.302834392E0
2.557586650E1,1.053656566E-1,-3.002876482E0,-1.747871630E-1,3.009803921E0
2.558588850E1,4.027527058E-1,-2.787109839E0,1.161923611E-1,2.818455546E0
2.559591050E1,1.025222726E0,-2.483449605E0,5.332366852E-1,2.739150405E0
2.560593250E1,1.985418566E0,-2.315966053E0,9.993809563E-1,3.210038619E0
2.561595763E1,2.518616222E0,-2.142584999E0,9.675639170E-1,3.445326992E0
2.562597963E1,2.638892278E0,-2.189978436E0,1.054779670E0,3.587801299E0
2.563600163E1,2.580754582E0,-2.438966327E0,1.350693806E0,3.799108411E0
2.564602363E1,2.465425270E0,-2.591070825E0,1.432781843E0,3.852899375E0
2.565604563E1,2.304647890E0,-2.464793771E0,1.017695751E0,3.524530447E0
2.566606863E1,2.132081353E0,-2.331072627E0,7.190994979E-1,3.239872617E0
2.567609063E1,1.892394043E0,-2.236997944E0,5.763156080E-1,2.986210758E0
2.568611263E1,1.629066440E0,-1.998331558E0,4.761381859E-1,2.621811216E0
2.569613463E1,1.066161422E0,-1.727510163E0,5.693498200E-1,2.108352617E0
2.570615663E1,5.852238411E-1,-1.476965743E0,5.632653536E-1,1.685580793E0
2.571617863E1,4.478967190E-4,-1.065427011E0,4.769603044E-1,1.167315745E0
2.572620063E1,-8.112204802E-1,-4.832027918E-1,3.364990747E-1,1.002394749E0
2.573622263E1,-1.528784353E0,1.768051833E-1,8.769946396E-2,1.541471008E0
2.574624463E1,-2.102069934E0,7.955160284E-1,-2.575353509E-1,2.262270589E0
2.575626663E1,-2.492359884E0,1.532531834E0,-6.657550572E-1,3.000623504E0
2.576628963E1,-2.803902458E0,2.221312203E0,-9.842676580E-1,3.710105082E0
2.577631163E1,-3.017273204E0,2.893970629E0,-1.234843653E0,4.359339679E0
2.578633363E1,-3.271762741E0,3.396099104E0,-1.393454640E0,4.917279368E0
2.579635563E1,-3.516709621E0,3.800169772E0,-1.465615713E0,5.381130576E0
2.580637763E1,-3.621369519E0,4.121673077E0,-1.538071340E0,5.698084730E0
2.581639963E1,-3.605598993E0,4.259676722E0,-1.537005685E0,5.788572912E0
2.582642163E1,-3.520312091E0,4.338440471E0,-1.411230614E0,5.762485122E0
2.583644363E1,-3.191844167E0,4.457661690E0,-1.330583623E0,5.641725774E0
2.584646563E1,-2.712832659E0,4.694373352E0,-1.554131594E0,5.640206310E0
2.585648763E1,-2.381580291E0,4.905952511E0,-1.619996093E0,5.688996578E0
2.586651063E1,-2.204077535E0,4.942988775E0,-1.548421057E0,5.629272030E0
2.587653263E1,-1.782509074E0,4.815200801E0,-1.653097327E0,5.394091965E0
2.588655463E1,-1.171656886E0,4.786041906E0,-1.818876416E0,5.252360270E0
2.589657663E1,-3.876206964E-1,4.432392948E0,-1.623062519E0,4.736104833E0
2.590659863E1,4.812702870E-1,3.978106391E0,-1.249164069E0,4.197304185E0
2.591662063E1,1.442936702E0,3.510758910E0,-6.738435106E-1,3.855069328E0
2.592664263E1,2.623669052E0,3.130768830E0,3.809592560E-2,4.084948477E0
2.593666463E1,3.707938716E0,2.885901471E0,6.020926197E-1,4.737061573E0
2.594668663E1,4.510735112E0,2.611629635E0,9.164453651E-1,5.292184116E0
2.595670863E1,5.238018227E0,2.171340728E0,1.279256179E0,5.812749081E0
2.596673063E1,5.640117214E0,1.792121311E0,1.339832164E0,6.067764927E0
2.597675363E1,5.568672425E0,1.639196742E0,1.265364949E0,5.941231101E0
2.598677563E1,5.386680762E0,1.579449892E0,1.097347692E0,5.719717086E0
2.599679762E1,5.305022056E0,1.370824161E0,9.902459975E-1,5.568034216E0
2.600681963E1,5.484657292E0,1.126191861E0,1.318134316E0,5.752151927E0
2.601684163E1,5.726101105E0,7.263487297E-1,1.821121893E0,6.052462416E0
2.602686363E1,5.466844919E0,-1.277926522E-1,2.246872137E0,5.911950501E0
2.603688563E1,4.770388910E0,-1.118576447E0,2.558016515E0,5.527320518E0
2.604690763E1,4.188054178E0,-2.014393859E0,2.141118663E0,5.116831983E0
2.605692963E1,3.608942431E0,-2.285596492E0,1.218140350E0,4.442103410E0
2.606695162E1,2.743893653E0,-1.984050903E0,1.471589229E-1,3.389257457E0
2.607697463E1,2.041334320E0,-1.428394092E0,-7.876744737E-1,2.613003361E0
2.608699663E1,1.814635431E0,-1.154445607E0,-1.005959805E0,2.374363396E0
2.609701863E1,1.747191891E0,-9.541837335E-1,-8.142563546E-1,2.150850881E0
2.610704063E1,1.942520469E0,-8.691558623E-1,-3.517930520E-1,2.156983087E0
2.611706263E1,2.246183919E0,-1.252070720E0,2.228756878E-1,2.581220033E0
2.612708463E1,2.661902241E0,-1.829954551E0,6.789070532E-1,3.300813837E0
2.613710663E1,3.143204103E0,-2.432079769E0,1.129762756E0,4.131719729E0
2.614712863E1,3.558536509E0,-2.965251111E0,1.466543228E0,4.858667027E0
2.615715063E1,3.690243872E0,-2.987593907E0,1.657506128E0,5.029010216E0
2.616717263E1,3.396984372E0,-2.671495183E0,1.879969295E0,4.712820163E0
2.617719463E1,2.953114631E0,-2.241982695E0,2.113392921E0,4.267763122E0
2.618721763E1,2.329445931E0,-1.711975281E0,2.331661880E0,3.714003881E0
2.619723963E1,1.606136000E0,-1.114759385E0,2.122126907E0,2.885443457E0
2.620726163E1,8.168987113E-1,-3.851104867E-1,1.503753008E0,1.754111370E0
2.621728363E1,-3.708122903E-1,3.363037777E-1,8.602879751E-1,9.953378249E-1
2.622730563E1,-1.712733080E0,1.264527628E0,3.219057401E-1,2.153162332E0
2.623732763E1,-2.906409996E0,1.988207104E0,-2.637537186E-1,3.531253683E0
2.624734963E1,-4.002949457E0,2.348103812E0,-7.895344730E-1,4.707500456E0
2.625737163E1,-4.822609808E0,2.563878348E0,-1.254352888E0,5.603966337E0
2.626739363E1,-5.164042763E0,2.625997998E0,-1.642731968E0,6.021774777E0
2.627741563E1,-5.436637618E0,2.608317187E0,-1.859507110E0,6.310159572E0
2.628743863E1,-5.583549496E0,2.743148426E0,-1.924027041E0,6.511740805E0
2.629746063E1,-5.259829511E0,2.958808649E0,-2.090484407E0,6.386742532E0
2.630748263E1,-4.681206592E0,3.129941741E0,-2.203684748E0,6.047020500E0
2.631750463E1,-4.351868602E0,3.190618590E0,-2.029800103E0,5.765318358E0
2.632752663E1,-4.021447123E0,3.156305667E0,-1.756718321E0,5.405586156E0
2.633754863E1,-3.760030975E0,2.885908780E0,-1.470250216E0,4.962654342E0
2.634757063E1,-3.397346315E0,2.425228879E0,-9.828836221E-1,4.288328032E0
2.635759263E1,-2.872535906E0,1.701768673E0,-3.190334415E-1,3.353991873E0
2.636761463E1,-2.040931447E0,5.511968467E-1,2.289945066E-1,2.126418966E0
2.637763663E1,-1.299725527E0,-4.587684470E-1,3.350425333E-1,1.418452831E0
2.638765863E1,-1.098175512E0,-1.067935467E0,5.027751768E-1,1.612221602E0
2.639768163E1,-9.550631547E-1,-1.615642695E0,6.759837377E-1,1.994843593E0
2.640770363E1,-9.229859143E-1,-2.406873592E0,8.815975678E-1,2.724363734E0
2.641772563E1,-9.239442730E-1,-2.840040590E0,8.536889537E-1,3.106169409E0
2.642774763E1,-8.882125229E-1,-3.036045398E0,7.432436746E-1,3.249446769E0
2.643776963E1,-9.801044405E-1,-3.193365320E0,6.215869443E-1,3.397728228E0
2.644779163E1,-9.058722836E-1,-3.300290136E0,2.442265034E-1,3.431059044E0
2.645781363E1,-7.346973842E-1,-3.447616290E0,6.845116094E-2,3.525694809E0
2.646783563E1,-2.171012700E-1,-3.827497611E0,3.358137810E-1,3.848329744E0
2.647785763E1,2.855768430E-1,-4.415637751E0,5.247830732E-1,4.455873445E0
2.648787963E1,6.783559531E-1,-4.711960315E0,8.991526634E-1,4.844709725E0
2.649790163E1,8.078431284E-1,-4.975884626E0,1.923318944E0,5.395479042E0
2.650792463E1,3.802204603E-1,-4.770232789E0,2.360839632E0,5.336033380E0
2.651794663E1,-2.858107316E-1,-4.454343103E0,2.168297253E0,4.962295157E0
2.652796863E1,-7.207394958E-1,-4.583312800E0,2.366216732E0,5.208186178E0
2.653799063E1,-7.765499997E-1,-5.038013631E0,2.475381909E0,5.666756290E0
2.654801263E1,-5.077078879E-1,-5.176428920E0,1.947204089E0,5.553808371E0
2.655803463E1,-1.735921383E-1,-5.090560219E0,1.650916462E0,5.354387242E0
2.656805663E1,-2.339874440E-1,-4.976164123E0,1.507419797E0,5.204735723E0
2.657807863E1,-2.349995971E-1,-4.758702372E0,1.387678760E0,4.962471704E0
2.658810063E1,9.140016675E-2,-4.406276651E0,1.377391754E0,4.617449075E0
2.659812263E1,8.702317500E-1,-4.263307843E0,1.357314169E0,4.558003820E0
2.660814463E1,1.796040115E0,-4.084460227E0,1.416662239E0,4.681400148E0
2.661816446E1,2.399331268E0,-3.829627460E0,1.225175282E0,4.682295536E0
2.662818646E1,2.675656062E0,-3.438765944E0,1.064873792E0,4.485331958E0
2.663820846E1,2.612711955E0,-2.953183920E0,8.760380352E-1,4.039183292E0
2.664823046E1,2.467156631E0,-2.334047690E0,8.293696529E-1,3.496068432E0
2.665825246E1,2.139483928E0,-1.865250099E0,8.294012278E-1,2.957102603E0
2.666827446E1,1.749127904E0,-1.604498779E0,8.201982220E-1,2.511292472E0
2.667829646E1,1.373425587E0,-1.542070397E0,5.495095595E-1,2.136876156E0
2.668831846E1,1.041621242E0,-1.524183764E0,2.561992621E-1,1.863799619E0
2.669834046E1,6.476715195E-1,-1.317525621E0,4.538842678E-2,1.468813218E0
2.670836246E1,-4.308579326E-2,-9.727205765E-1,1.806170563E-1,9.902849219E-1
2.671838446E1,-9.232934779E-1,-6.010440677E-1,4.202048173E-1,1.179108522E0
2.672840746E1,-1.996672118E0,-9.192056894E-2,1.381930947E-1,2.003558401E0
2.673842946E1,-3.070413870E0,6.264320934E-1,-3.063555086E-1,3.148604801E0
2.674845146E1,-3.817313808E0,1.545129075E0,-7.187052494E-1,4.180412157E0
2.675847346E1,-4.384836373E0,2.263502787E0,-6.641045344E-1,4.979083221E0
2.676849546E1,-4.773966821E0,2.990904601E0,-5.227195908E-1,5.657694345E0
2.677851746E1,-4.662675596E0,3.688985551E0,-6.926529801E-1,5.985726878E0
2.678853946E1,-4.245251057E0,4.225451800E0,-1.013027334E0,6.074769446E0
2.679856146E1,-4.160581035E0,4.755781395E0,-1.339423882E0,6.459252864E0
2.680858346E1,-4.087145269E0,5.160167229E0,-1.740066328E0,6.808811431E0
2.681860546E1,-3.965196909E0,5.347719010E0,-2.055047795E0,6.967360086E0
2.682862746E1,-3.836557580E0,5.332529697E0,-2.328114520E0,6.969588528E0
2.683865046E1,-3.384713405E0,4.871680226E0,-2.301493171E0,6.362894300E0
2.684867246E1,-2.784987885E0,4.215503347E0,-2.256457477E0,5.533373865E0
2.685869446E1,-2.257071435E0,3.629073810E0,-2.268947130E0,4.838663995E0
2.686871646E1,-1.432754361E0,3.224021979E0,-2.176375181E0,4.145324078E0
2.687873846E1,-4.215561819E-1,2.909476275E0,-1.933701844E0,3.518801591E0
2.688876046E1,5.418076801E-1,2.701570922E0,-1.689096441E0,3.231886105E0
2.689878246E1,1.362592451E0,2.691938218E0,-1.357442808E0,3.308449869E0
2.690880446E1,1.925512088E0,2.685767067E0,-1.073365337E0,3.474630151E0
2.691882646E1,2.540615786E0,2.617981465E0,-8.825109029E-1,3.753316003E0
2.692884846E1,3.060600488E0,2.350283654E0,-7.818405604E-1,3.937306600E0
2.693887046E1,3.827853999E0,2.008370057E0,-6.352309835E-1,4.369157233E0
2.694889246E1,4.715680021E0,1.504680376E0,-6.700499833E-1,4.995064371E0
2.695891546E1,5.547621279E0,1.127911527E0,-7.437291397E-1,5.709765258E0
2.696893746E1,6.094316062E0,8.173799372E-1,-7.255138935E-1,6.191540086E0
2.697895946E1,6.891258811E0,7.559157604E-1,-4.252242865E-1,6.945622530E0
2.698898146E1,7.485497890E0,6.434743881E-1,2.880106004E-1,7.518622749E0
2.699900346E1,7.600033150E0,3.701433688E-1,1.360487453E0,7.729711256E0
2.700902546E1,7.162394786E0,3.217763704E-1,2.151465311E0,7.485468729E0
2.701904746E1,6.447274464E0,3.005328512E-1,2.548332941E0,6.939140350E0
2.702906946E1,6.075630700E0,-1.895661467E-1,2.410328127E0,6.539029393E0
2.703909146E1,6.179566128E0,-8.778904331E-1,1.855979192E0,6.511711595E0
2.704911346E1,6.055260170E0,-1.343065674E0,6.761198317E-1,6.239161735E0
2.705913546E1,5.300371765E0,-1.457261211E0,-2.710412496E-1,5.503727323E0
2.706915846E1,4.376979470E0,-1.484267746E0,-9.050706303E-1,4.709580965E0
2.707918046E1,3.632414324E0,-1.288697678E0,-1.375075818E0,4.092188783E0
2.708920246E1,2.824682878E0,-1.054203281E0,-1.450602987E0,3.345807368E0
2.709922446E1,2.316595505E0,-8.784178519E-1,-1.625361060E0,2.963111748E0
2.710924646E1,2.098959800E0,-9.158640057E-1,-1.496610195E0,2.735741434E0
2.711926846E1,1.744781084E0,-1.309572823E0,-1.077946192E0,2.433353654E0
2.712929046E1,1.265150941E0,-1.650938535E0,-5.495004232E-1,2.151314869E0
2.713931246E1,9.511583841E-1,-1.822582381E0,5.701254532E-2,2.056637848E0
2.714933446E1,9.561343646E-1,-1.894392622E0,4.429277551E-1,2.167741065E0
2.715935646E1,8.610375881E-1,-1.716979913E0,6.166830307E-1,2.017350666E0
2.716937846E1,5.893309253E-1,-1.391384141E0,6.937545955E-1,1.662695464E0
2.717940046E1,1.959320104E-1,-9.176766425E-1,7.888775383E-1,1.225906825E0
2.718942346E1,2.127450943E-2,-2.879174834E-1,8.085300301E-1,8.585277466E-1
2.719944546E1,-2.149471557E-1,3.909465927E-1,8.957425672E-1,1.000697889E0
2.720946746E1,-6.516704303E-1,1.289757779E0,1.079499505E0,1.803737414E0
2.721948946E1,-1.377634413E0,2.294326969E0,1.190987781E0,2.929208889E0
2.722951146E1,-2.021163765E0,3.111563065E0,1.302484244E0,3.932352080E0
2.723953346E1,-2.530369710E0,3.583385421E0,1.206495182E0,4.549621146E0
2.724955546E1,-3.132193211E0,3.775872837E0,8.075963759E-1,4.971927383E0
2.725957746E1,-3.475934063E0,3.854165300E0,2.738210160E-1,5.197276760E0
2.726959946E1,-3.876950730E0,3.670954492E0,-1.386230113E-1,5.340961541E0
2.727962146E1,-4.224837257E0,3.420791895E0,-4.871063930E-1,5.457869518E0
2.728964346E1,-4.513603172E0,3.282929753E0,-6.402034557E-1,5.617837824E0
2.729966546E1,-4.821853178E0,3.097616286E0,-5.844275965E-1,5.760820284E0
2.730968846E1,-4.906934844E0,2.999212909E0,-3.809748973E-1,5.763543138E0
2.731971046E1,-4.735637738E0,2.711200701E0,-1.433322126E-1,5.458701141E0
2.732973246E1,-4.395974150E0,2.184681151E0,6.328397647E-2,4.909320250E0
2.733975446E1,-3.853031525E0,1.379578612E0,1.022221935E-1,4.093841528E0
2.734977646E1,-3.270853499E0,5.011133981E-1,-1.048538791E-1,3.310678417E0
2.735979846E1,-2.693407039E0,-1.800381088E-1,-3.068637778E-1,2.716803375E0
2.736982046E1,-2.263133828E0,-8.822077248E-1,-2.181685330E-1,2.438783037E0
2.737984246E1,-1.908659243E0,-1.241942465E0,-1.576228076E-1,2.282596360E0
2.738986446E1,-1.602931725E0,-1.390231070E0,-1.897675833E-1,2.130292064E0
2.739988646E1,-1.202912008E0,-1.561215642E0,-1.933085109E-1,1.980343344E0
2.740990846E1,-7.979706895E-1,-1.762005227E0,-2.201821679E-1,1.946766506E0
2.741993146E1,-3.561650151E-1,-1.886057708E0,-1.616205490E-1,1.926184933E0
2.742995346E1,1.608440387E-1,-2.113820791E0,2.048481372E-1,2.129805602E0
2.743997546E1,5.236970991E-1,-2.394935331E0,6.084238386E-1,2.525896566E0
2.744999746E1,6.375722086E-1,-2.844525989E0,8.520759992E-1,3.037080824E0
2.746001946E1,8.322669482E-1,-3.526098203E0,1.179490986E0,3.810149051E0
2.747004146E1,1.019252719E0,-4.133977081E0,1.218361375E0,4.428661993E0
2.748006346E1,1.289015182E0,-4.562582958E0,1.080171350E0,4.862663215E0
2.749008546E1,1.450491305E0,-4.674064510E0,7.288273644E-1,4.947928193E0
2.750010746E1,1.214189533E0,-4.477391073E0,2.789792834E-1,4.647484963E0
2.751012946E1,3.311395168E-1,-4.138712448E0,-9.999206543E-2,4.153142488E0
2.752015146E1,-5.833176488E-1,-4.220669362E0,-2.986705130E-1,4.271242608E0
2.753017346E1,-1.222269800E0,-4.641018679E0,-4.909813428E-1,4.824319695E0
2.754019646E1,-1.527976853E0,-4.834287867E0,-7.710976173E-1,5.128317851E0
2.755021846E1,-1.755659829E0,-4.666799052E0,-6.820372139E-1,5.032547028E0
2.756024046E1,-1.476688001E0,-4.466877779E0,-5.129551792E-1,4.732518099E0
2.757026246E1,-1.058667630E0,-4.354343144E0,-1.730237889E-1,4.484531034E0
2.758028446E1,-8.443560666E-1,-4.127836627E0,2.538236846E-1,4.220947625E0
2.759030646E1,-5.784030640E-1,-3.862813917E0,7.364989114E-1,3.974709059E0
2.760032846E1,-2.706617653E-2,-3.824125230E0,1.113222737E0,3.982955085E0
2.761035046E1,9.772866672E-1,-3.939369757E0,1.190096812E0,4.229663549E0
2.762037200E1,2.020300131E0,-4.181297135E0,1.259998521E0,4.811699765E0
2.763039400E1,2.882035292E0,-4.103967708E0,1.121530461E0,5.138726394E0
2.764041600E1,3.087717535E0,-4.001475374E0,1.132182187E0,5.179540640E0
2.765043800E1,3.029014998E0,-3.887311996E0,1.311392915E0,5.099595846E0
2.766046100E1,2.998162749E0,-3.612482920E0,1.410174753E0,4.901796156E0
2.767048300E1,2.811316727E0,-3.383418247E0,1.506259709E0,4.649713872E0
2.768050500E1,2.487212580E0,-3.107987493E0,1.352314800E0,4.204113223E0
2.769052700E1,1.804125645E0,-2.727830182E0,9.743344080E-1,3.412514379E0
2.770054900E1,8.367003071E-1,-2.241585669E0,5.154517941E-1,2.447542495E0
2.771057100E1,-1.973359269E-1,-1.589986575E0,2.048759115E-1,1.615231536E0
2.772059300E1,-1.124386826E0,-6.566920191E-1,-2.229730439E-1,1.321062875E0
2.773061500E1,-1.804165406E0,2.683918762E-1,-5.332007249E-1,1.900355237E0
2.774063700E1,-2.675205241E0,1.271234384E0,-7.900500512E-1,3.065442713E0
2.775065900E1,-3.213277135E0,2.304025161E0,-9.197993280E-1,4.059521240E0
2.776068100E1,-3.408109285E0,3.184906445E0,-1.006831040E0,4.772058958E0
2.777070300E1,-3.518194229E0,3.915172809E0,-1.026462774E0,5.362825243E0
2.778072500E1,-3.600518348E0,4.500342856E0,-1.058288146E0,5.859760404E0
2.779074800E1,-3.682372935E0,4.995570447E0,-1.198924938E0,6.320839780E0
2.780077000E1,-3.707231203E0,5.374192863E0,-1.333142949E0,6.663541269E0
2.781079200E1,-3.757412007E0,5.702215814E0,-1.468285698E0,6.984931859E0
2.782081400E1,-3.807627311E0,5.947193100E0,-1.641036860E0,7.249836790E0
2.783083600E1,-3.709053195E0,6.014475256E0,-1.705261069E0,7.269037318E0
2.784085800E1,-3.451215543E0,5.903022063E0,-1.560985116E0,7.013788758E0
2.785088000E1,-3.087191870E0,5.672555813E0,-1.373741337E0,6.602712197E0
2.786090200E1,-2.497767389E0,5.339858013E0,-1.284657252E0,6.033512226E0
2.787092400E1,-1.418263206E0,4.946432785E0,-1.245627673E0,5.294360785E0
2.788094600E1,-3.856706500E-1,4.361611233E0,-1.004841671E0,4.492449352E0
2.789096800E1,5.088837630E-1,3.751817976E0,-7.789343481E-1,3.865467569E0
2.790099000E1,1.256971856E0,3.264260763E0,-6.365430987E-1,3.555357041E0
2.791101300E1,2.092772276E0,2.799252752E0,-5.174418940E-1,3.533165420E0
2.792103500E1,2.923330668E0,2.263213350E0,-2.009473135E-1,3.702482503E0
2.793105700E1,3.785691481E0,1.746641668E0,7.314735219E-2,4.169840242E0
2.794107900E1,4.712581581E0,1.307177804E0,2.696021037E-1,4.897940819E0
2.795110100E1,5.371684992E0,1.099096448E0,4.321868585E-1,5.499981649E0
2.796112300E1,5.806646501E0,1.121942105E0,4.753077351E-1,5.933111756E0
2.797114500E1,5.935912067E0,1.250515360E0,5.356289274E-1,6.089806161E0
2.798116700E1,5.775340508E0,1.363781190E0,4.661533342E-1,5.952457984E0
2.799118900E1,5.562302468E0,1.359099324E0,3.705000490E-1,5.737911642E0
2.800121100E1,5.435773399E0,1.292715885E0,3.441676980E-1,5.597963756E0
2.801123300E1,5.426148883E0,1.188274673E0,3.660823314E-1,5.566785847E0
2.802125500E1,5.365572898E0,9.313480175E-1,4.525848703E-1,5.464578183E0
2.803127700E1,5.253972355E0,5.996705568E-1,6.268506078E-1,5.325107696E0
2.804130000E1,4.929864115E0,3.187767488E-1,6.579490243E-1,4.983781268E0
2.805132200E1,4.398185567E0,-1.972382784E-1,5.064080518E-1,4.431634950E0
2.806134400E1,3.630571867E0,-6.552711457E-1,2.641543990E-1,3.698676777E0
2.807136600E1,2.790894742E0,-7.681188995E-1,-1.608751751E-1,2.899134513E0
2.808138800E1,1.898698511E0,-6.457951480E-1,-8.052662605E-1,2.161148111E0
2.809141000E1,1.185025375E0,-5.803911173E-1,-1.424538146E0,1.941764125E0
2.810143200E1,6.907953197E-1,-7.015962964E-1,-1.480057751E0,1.777640707E0
2.811145400E1,4.872514039E-1,-7.884110767E-1,-1.391611159E0,1.672001069E0
2.812147600E1,5.253536153E-1,-1.045140681E0,-7.539186439E-1,1.391656849E0
2.813149800E1,6.236406326E-1,-1.572798684E0,-1.733640969E-2,1.692017698E0
2.814152000E1,7.631850189E-1,-2.277510377E0,7.274444979E-1,2.509717193E0
2.815154200E1,1.004138836E0,-3.240504695E0,1.476258230E0,3.699797811E0
2.816156500E1,1.467314329E0,-4.005069072E0,1.951315266E0,4.690545904E0
2.817158700E1,1.967026734E0,-4.504797265E0,2.069286350E0,5.333323408E0
2.818160900E1,2.314104007E0,-4.689189211E0,1.975694062E0,5.589896227E0
2.819163100E1,2.491607348E0,-4.244785033E0,1.988550920E0,5.308544237E0
2.820165300E1,2.076740381E0,-3.325744236E0,2.281550803E0,4.536397182E0
2.821167500E1,1.106174503E0,-1.996928810E0,2.629051414E0,3.481846930E0
2.822169700E1,-1.341017979E-1,-6.055972946E-1,2.774429567E0,2.842919415E0
2.823171900E1,-1.359402210E0,4.485024905E-1,2.646711175E0,3.009021252E0
2.824174100E1,-2.483525326E0,1.268883219E0,2.395588027E0,3.676520728E0
2.825176300E1,-3.510126826E0,1.665185861E0,1.898873489E0,4.324298187E0
2.826178500E1,-4.422763168E0,2.075451069E0,1.366414191E0,5.073008863E0
2.827180700E1,-5.044931472E0,2.383657807E0,7.461696213E-1,5.629380712E0
2.828182900E1,-5.408930002E0,2.508843770E0,3.298490363E-1,5.971567735E0
2.829185100E1,-5.735315732E0,2.719612505E0,-1.419980241E-1,6.349039468E0
2.830187400E1,-5.749768295E0,2.941092170E0,-6.084612608E-1,6.486916348E0
2.831189600E1,-5.690569915E0,2.888373089E0,-8.235313542E-1,6.434554293E0
2.832191800E1,-5.279211277E0,2.879834985E0,-7.081073172E-1,6.055157902E0
2.833194000E1,-4.393728819E0,2.696419525E0,-3.615766863E-1,5.167810841E0
2.834196200E1,-3.941575912E0,2.349128829E0,1.514487326E-2,4.588535310E0
2.835198400E1,-3.569463201E0,1.923356220E0,2.656547215E-1,4.063365492E0
2.836200600E1,-3.349530709E0,1.441274924E0,2.161610377E-1,3.652855728E0
2.837202800E1,-3.182154745E0,9.340763283E-1,-2.878876626E-2,3.316539794E0
2.838205000E1,-2.976861928E0,4.215789860E-1,-3.144819689E-1,3.022967861E0
2.839207200E1,-2.609415879E0,-6.421880007E-2,-7.065664297E-1,2.704147075E0
2.840209400E1,-2.121304935E0,-6.043989077E-1,-1.071239144E0,2.452098279E0
2.841211600E1,-1.516029822E0,-1.165729856E0,-1.198999636E0,2.257182457E0
2.842213800E1,-8.997256905E-1,-1.565191164E0,-1.299449539E0,2.224387287E0
2.843216100E1,-2.733649331E-1,-2.003215737E0,-1.167240484E0,2.334534648E0
2.844218300E1,5.120751733E-1,-2.508240045E0,-9.167693008E-1,2.719182792E0
2.845220500E1,1.201737887E0,-2.899857313E0,-6.443235500E-1,3.204449910E0
2.846222700E1,1.915033293E0,-3.371596346E0,-3.439063275E-1,3.892722184E0
2.847224900E1,2.331783648E0,-3.600878536E0,-1.416939689E-1,4.292274268E0
2.848227100E1,2.263941329E0,-3.584206370E0,-1.906942208E-1,4.243622265E0
2.849229300E1,2.084154650E0,-3.535396445E0,-4.189266890E-1,4.125315527E0
2.850231500E1,2.040162538E0,-3.468665974E0,-8.060176277E-1,4.104092011E0
2.851233700E1,1.824449397E0,-3.416889464E0,-1.203716585E0,4.056190679E0
2.852235900E1,1.292810610E0,-3.264072775E0,-1.366484358E0,3.767334582E0
2.853238100E1,6.425440961E-1,-3.172137880E0,-1.301819854E0,3.488560818E0
2.854240300E1,2.473647040E-1,-3.394428554E0,-9.706155789E-1,3.539128298E0
2.855242600E1,2.185227281E-1,-3.784336681E0,-4.534818332E-1,3.817669718E0
2.856244800E1,1.984498215E-1,-3.901371042E0,4.812843204E-3,3.906417988E0
2.857247000E1,5.704485118E-2,-3.639421043E0,1.805367301E-1,3.644342623E0
2.858249200E1,-8.037874997E-2,-3.314748546E0,2.498119099E-1,3.325120247E0
2.859251400E1,-2.918754637E-2,-3.135253059E0,4.481773853E-1,3.167258535E0
2.860253600E1,6.758738101E-2,-2.828843756E0,6.352456015E-1,2.900079659E0
2.861255800E1,1.456974113E-1,-2.510228975E0,1.001395907E0,2.706523786E0
2.862258371E1,6.048061663E-1,-2.363734589E0,1.305323213E0,2.767110477E0
2.863260571E1,1.411066453E0,-2.338797968E0,1.458201005E0,3.096358287E0
2.864262771E1,2.002951443E0,-2.397752520E0,1.680921449E0,3.547749786E0
2.865264971E1,2.237856315E0,-2.326802405E0,1.888833089E0,3.740280839E0
2.866267171E1,2.421047827E0,-2.196125906E0,2.039778376E0,3.852938800E0
2.867269371E1,2.552275718E0,-1.960105970E0,2.230550219E0,3.915543517E0
2.868271571E1,2.338138987E0,-1.702774102E0,2.172353466E0,3.617382085E0
2.869273871E1,2.010260462E0,-1.521111637E0,1.900042786E0,3.156753130E0
2.870276071E1,1.445068597E0,-1.239515578E0,1.456901023E0,2.397328244E0
2.871278271E1,7.405182874E-1,-8.770876104E-1,8.410477120E-1,1.423028905E0
2.872280471E1,6.729326606E-2,-5.166991514E-1,3.860121274E-1,6.484687804E-1
2.873282671E1,-7.907967407E-1,-3.654509783E-2,-1.289311051E-3,7.916417697E-1
2.874284871E1,-1.677473200E0,5.777119231E-1,-4.356421244E-1,1.826869307E0
2.875287071E1,-2.363723479E0,1.114248923E0,-7.163096452E-1,2.709582782E0
2.876289271E1,-2.985350330E0,1.677446887E0,-7.510380131E-1,3.505738546E0
2.877291471E1,-3.432146603E0,2.273885688E0,-8.381568485E-1,4.201510839E0
2.878293671E1,-3.547504567E0,2.755818465E0,-8.765806568E-1,4.576867675E0
2.879295871E1,-3.467360875E0,3.265603284E0,-9.836678798E-1,4.863574688E0
2.880298071E1,-3.360528152E0,3.783382416E0,-1.054480439E0,5.169048361E0
2.881300371E1,-3.398553180E0,4.371940924E0,-1.035702837E0,5.633534550E0
2.882302571E1,-3.332429942E0,4.820334072E0,-1.003585689E0,5.945409499E0
2.883304771E1,-3.338830304E0,5.174723872E0,-1.063287369E0,6.249490778E0
2.884306971E1,-3.178207875E0,5.216228578E0,-1.252792851E0,6.235345684E0
2.885309171E1,-2.810946014E0,4.928514578E0,-1.264754500E0,5.813026525E0
2.886311371E1,-2.298021825E0,4.578531824E0,-1.234809008E0,5.269593083E0
2.887313571E1,-1.661870490E0,4.329372609E0,-1.242056778E0,4.800831777E0
2.888315771E1,-1.111407761E0,4.039206871E0,-1.281191023E0,4.380852634E0
2.889317971E1,-6.255058944E-1,3.903922766E0,-1.299386973E0,4.161763700E0
2.890320171E1,-3.953220642E-1,3.751053160E0,-1.316814600E0,3.995081981E0
2.891322371E1,-2.083286923E-1,3.652583710E0,-1.347051721E0,3.898630137E0
2.892324571E1,2.406351435E-1,3.466688445E0,-1.394581837E0,3.744421524E0
2.893326771E1,7.900108749E-1,3.252569840E0,-1.543356784E0,3.685821199E0
2.894328971E1,1.594159732E0,2.851229237E0,-1.482561090E0,3.587316657E0
2.895331271E1,2.501537674E0,2.293602499E0,-1.098044973E0,3.567072458E0
2.896333471E1,3.661961474E0,1.786599786E0,-5.815313244E-1,4.115832761E0
2.897335671E1,4.811795382E0,1.318655303E0,3.226405889E-1,4.999632343E0
2.898337871E1,5.462448982E0,9.013155484E-1,1.453056479E0,5.723817933E0
2.899340071E1,6.046380588E0,9.326472688E-1,1.978391383E0,6.429819718E0
2.900342271E1,6.498004907E0,8.058726168E-1,2.386552032E0,6.969155548E0
2.901344471E1,6.301356613E0,5.461656100E-1,2.692408919E0,6.874187794E0
2.902346671E1,5.853247055E0,4.708967417E-1,2.580975022E0,6.414333707E0
2.903348871E1,5.355385294E0,3.521532404E-1,1.913617536E0,5.697902739E0
2.904351071E1,4.538140427E0,2.848406786E-1,9.367625391E-1,4.642561449E0
2.905353271E1,4.296427057E0,6.378727555E-3,1.401577592E-3,4.296432021E0
2.906355471E1,4.560228869E0,-7.011051303E-1,-5.245133704E-1,4.643527756E0
2.907357771E1,4.594553195E0,-1.151277586E0,-7.208004530E-1,4.791128513E0
2.908359971E1,4.306395975E0,-1.180890809E0,-9.720965324E-1,4.569958541E0
2.909362171E1,3.691615044E0,-1.154523375E0,-1.356823149E0,4.099013895E0
2.910364371E1,2.724096735E0,-1.363019882E0,-1.669322181E0,3.473494317E0
2.911366571E1,1.798295971E0,-1.632804565E0,-1.831321045E0,3.041982235E0
2.912368771E1,1.103581848E0,-1.858039312E0,-1.867455815E0,2.856150241E0
2.913370971E1,5.558193630E-1,-2.215553865E0,-1.918050018E0,2.982705142E0
2.914373171E1,2.716967225E-1,-2.910772603E0,-1.553966703E0,3.310774648E0
2.915375371E1,5.383765340E-1,-3.832267478E0,-1.105629104E0,4.024740865E0
2.916377571E1,1.050185074E0,-4.610984455E0,-6.561219156E-1,4.774365121E0
2.917379771E1,1.392664681E0,-4.923505853E0,-2.924908832E-2,5.116764633E0
2.918381971E1,1.687515208E0,-4.865199172E0,4.284868866E-1,5.167346667E0
2.919384271E1,1.766971267E0,-4.586050758E0,8.310491194E-1,4.984444970E0
2.920386471E1,1.601451795E0,-4.071299899E0,1.051274849E0,4.499478806E0
2.921388671E1,9.809142798E-1,-3.242375219E0,1.155623821E0,3.579197718E0
2.922390871E1,3.025086254E-1,-2.439446676E0,1.269905751E0,2.766780108E0
2.923393071E1,-2.309463072E-1,-1.691032308E0,1.083048619E0,2.021366067E0
2.924395271E1,-1.141644883E0,-7.532909453E-1,7.019067836E-1,1.537359235E0
2.925397471E1,-1.995007415E0,4.049974519E-1,3.518462616E-1,2.065883180E0
2.926399671E1,-2.683314160E0,1.610436627E0,1.407793182E-1,3.132650607E0
2.927401871E1,-3.337266759E0,2.713747748E0,3.109593138E-2,4.301481514E0
2.928404071E1,-4.042298879E0,3.498046478E0,-4.279971823E-2,5.345871417E0
2.929406271E1,-4.564354080E0,3.972734554E0,2.573374227E-2,6.051166023E0
2.930408471E1,-5.053556700E0,4.181766667E0,-2.255621910E-2,6.559429591E0
2.931410771E1,-5.182034646E0,4.252470614E0,-3.030174062E-1,6.710350880E0
2.932412971E1,-5.093678539E0,3.960640174E0,-6.229739039E-1,6.482308858E0
2.933415171E1,-5.312187819E0,3.519118089E0,-8.515089655E-1,6.428732306E0
2.934417371E1,-5.510605481E0,2.916492350E0,-8.462096339E-1,6.291960834E0
2.935419571E1,-5.380044172E0,2.201801214E0,-6.373621474E-1,5.847994048E0
2.936421771E1,-5.093132409E0,1.672228248E0,-3.880147988E-1,5.374653527E0
2.937423971E1,-4.654416404E0,1.388690329E0,-1.367003006E-1,4.859088378E0
2.938426171E1,-4.137458221E0,1.221069952E0,5.936853468E-2,4.314289858E0
2.939428371E1,-3.404658258E0,1.075360846E0,6.458118126E-2,3.571031998E0
2.940430571E1,-2.540471944E0,7.365123600E-1,-1.578463174E-2,2.645127088E0
2.941432771E1,-1.794589421E0,5.632388949E-2,2.700068772E-2,1.795676087E0
2.942434971E1,-1.263131313E0,-7.406334776E-1,-8.732231855E-3,1.464279657E0
2.943437271E1,-9.927882206E-1,-1.697132124E0,5.900849238E-2,1.967070893E0
2.944439471E1,-3.758765638E-1,-2.644640091E0,1.613228526E-1,2.676084727E0
2.945441671E1,1.334311223E-1,-3.329703093E0,-3.202234961E-2,3.332529367E0
2.946443871E1,4.335704559E-1,-3.688771835E0,-8.195991017E-2,3.715069100E0
2.947446071E1,9.921830338E-1,-3.855783517E0,-1.097873211E-2,3.981408574E0
2.948448271E1,1.722808417E0,-4.065134887E0,2.920245677E-1,4.424778960E0
2.949450471E1,2.185133725E0,-4.024059659E0,6.340482379E-1,4.622757046E0
2.950452671E1,2.021584765E0,-3.888327073E0,7.983004725E-1,4.454567996E0
2.951454871E1,1.412545214E0,-3.788565095E0,7.701284413E-1,4.116018377E0
2.952457171E1,6.931429768E-1,-3.441857952E0,5.857565224E-1,3.559486487E0
2.953459371E1,1.644470930E-1,-3.057671910E0,-1.163426346E-1,3.064300240E0
2.954461571E1,-6.417553067E-2,-2.857762915E0,-7.229998831E-1,2.948500672E0
2.955463771E1,2.134648865E-1,-3.129362867E0,-1.017465079E0,3.297531561E0
2.956465971E1,6.749902958E-1,-3.521862772E0,-5.597456221E-1,3.629386235E0
2.957468171E1,8.785014671E-1,-3.478875797E0,9.779775158E-2,3.589415835E0
2.958470371E1,9.245114529E-1,-3.166318731E0,7.791778846E-1,3.389308766E0
2.959472571E1,8.429878181E-1,-3.021338189E0,1.023437132E0,3.299475182E0
2.960474771E1,7.086731815E-1,-2.755474064E0,1.050449880E0,3.032869919E0
2.961476971E1,5.781054407E-1,-2.510703769E0,9.933226562E-1,2.761255008E0
2.962478771E1,4.705160880E-1,-2.306319024E0,9.670762593E-1,2.544745433E0
2.963481071E1,4.827525562E-1,-2.208708529E0,1.014995946E0,2.478237311E0
2.964483271E1,1.014828131E0,-2.179168981E0,1.077700390E0,2.634405381E0
2.965485471E1,1.529838021E0,-2.293975552E0,1.327171188E0,3.060083588E0
2.966487671E1,1.940068147E0,-2.418743439E0,1.860765284E0,3.616162563E0
2.967489871E1,2.275518816E0,-2.526701751E0,2.260868617E0,4.083348445E0
2.968492071E1,2.597647188E0,-2.642950830E0,2.322342734E0,4.373355209E0
2.969494271E1,2.746122027E0,-2.894853559E0,2.037676302E0,4.480344632E0
2.970496471E1,2.641583751E0,-2.798383271E0,1.684751229E0,4.200869000E0
2.971498671E1,1.731695015E0,-2.604379088E0,1.404086047E0,3.428267155E0
2.972500871E1,5.947723442E-1,-2.037140113E0,6.623100239E-1,2.223139345E0
2.973503171E1,-3.947583926E-1,-1.252603986E0,7.206693292E-3,1.313355576E0
2.974505371E1,-1.421928241E0,-4.573428959E-1,-5.158320093E-1,1.580229448E0
2.975507571E1,-2.267058479E0,4.592660451E-1,-9.786907299E-1,2.511635920E0
2.976509771E1,-3.044003751E0,1.192311006E0,-1.280593438E0,3.511051683E0
2.977511971E1,-3.610482588E0,1.868915133E0,-1.241745706E0,4.250924687E0
2.978514171E1,-3.837419459E0,2.352968695E0,-1.178281782E0,4.653020282E0
2.979516371E1,-3.835264760E0,2.772929757E0,-1.149632910E0,4.870323505E0
2.980518571E1,-3.777255118E0,2.986793423E0,-1.090761243E0,4.937443799E0
2.981520771E1,-3.842963789E0,3.246802731E0,-1.197153524E0,5.171390066E0
2.982522971E1,-3.788727940E0,3.525764619E0,-1.340186505E0,5.346173905E0
2.983525271E1,-3.674036559E0,3.702506652E0,-1.553985122E0,5.442606904E0
2.984527471E1,-3.743248882E0,4.065153891E0,-1.778519665E0,5.805214944E0
2.985529671E1,-3.604837686E0,4.390602313E0,-1.883354979E0,5.984920165E0
2.986531871E1,-3.500436235E0,4.582189842E0,-1.590039200E0,5.981449844E0
2.987534071E1,-3.295708258E0,4.570750934E0,-9.569927359E-1,5.715705741E0
2.988536271E1,-2.686171110E0,4.293626241E0,-3.550816722E-1,5.077088193E0
2.989538471E1,-1.404556748E0,4.282096701E0,-6.612470001E-1,4.554819361E0
2.990540671E1,9.769177079E-2,4.320923967E0,-1.317522113E0,4.518383796E0
2.991542871E1,9.499860173E-1,4.323524224E0,-1.572433233E0,4.697646371E0
2.992545171E1,1.181272048E0,4.457361143E0,-1.469480576E0,4.839715402E0
2.993547371E1,7.983525127E-1,4.587398542E0,-1.510549957E0,4.895237817E0
2.994549571E1,7.243156528E-1,4.596889157E0,-1.464901914E0,4.878725316E0
2.995551771E1,1.464314123E0,3.998605560E0,-1.291737792E0,4.449904358E0
2.996553971E1,2.781407635E0,3.032883516E0,-1.024014106E0,4.240662182E0
2.997556171E1,3.978549026E0,1.884907268E0,-6.039998353E-1,4.443708312E0
2.998558371E1,5.057825167E0,9.941488677E-1,-2.841372585E-1,5.162427857E0
2.999560571E1,5.987572217E0,7.055156851E-1,5.737171054E-2,6.029267364E0
3.000562771E1,6.254321610E0,3.797094136E-1,5.838919915E-1,6.292984022E0
3.001565071E1,6.538118561E0,1.898725408E-1,1.039695754E0,6.622991255E0
3.002567271E1,6.706877975E0,-4.531241298E-2,1.469646783E0,6.866158100E0
3.003569471E1,6.575996824E0,-1.902444237E-1,2.002906273E0,6.876885975E0
3.004571671E1,6.249466667E0,-2.958159024E-1,2.459668102E0,6.722596808E0
3.005573871E1,5.892454975E0,-5.921913832E-1,2.623149235E0,6.477084852E0
3.006576071E1,5.781774200E0,-1.253764073E0,2.309635565E0,6.351004148E0
3.007578271E1,5.627677848E0,-1.674770032E0,1.470470802E0,6.052924665E0
3.008580471E1,4.934333727E0,-1.746762121E0,5.925023089E-1,5.267816077E0
3.009582671E1,3.974505676E0,-1.717258240E0,-1.625128341E-1,4.332676038E0
3.010584971E1,3.023453127E0,-1.671140665E0,-4.863287133E-1,3.488623733E0
3.011587171E1,2.283199718E0,-1.607325908E0,-5.721424502E-1,2.850235869E0
3.012589371E1,1.518008519E0,-1.390901746E0,-7.119891375E-1,2.178505465E0
3.013591571E1,9.256943446E-1,-1.228554388E0,-7.294025843E-1,1.702434737E0
3.014593771E1,5.792778075E-1,-1.258629541E0,-5.565414941E-1,1.493134132E0
3.015595971E1,5.758612794E-1,-1.607922324E0,-1.290626675E-1,1.712801093E0
3.016598171E1,9.156751406E-1,-2.082329149E0,3.697831804E-1,2.304624752E0
3.017600371E1,1.399984226E0,-2.287258855E0,7.227643865E-1,2.777390369E0
3.018602671E1,1.823109215E0,-2.204577472E0,9.677029346E-1,3.019989737E0
3.019604871E1,1.995868126E0,-1.915871783E0,1.428494664E0,3.113623495E0
3.020607071E1,1.767972311E0,-1.482524107E0,2.024526499E0,3.069578369E0
3.021609271E1,1.511301763E0,-9.393756598E-1,2.483890777E0,3.055515184E0
3.022611471E1,1.307061444E0,-1.899701893E-1,2.491161790E0,2.819642771E0
3.023613671E1,7.677610499E-1,7.564806014E-1,2.031896768E0,2.300070522E0
3.024615871E1,-3.389104664E-1,1.768795599E0,1.528628232E0,2.362245213E0
3.025618071E1,-1.473408882E0,2.492085650E0,1.041636299E0,3.076756539E0
3.026620371E1,-2.412494520E0,3.013193017E0,5.198981631E-1,3.894837104E0
3.027622571E1,-3.124653227E0,3.347131011E0,2.657477653E-1,4.586650812E0
3.028624771E1,-3.735469746E0,3.320944841E0,-1.301695454E-1,4.999935297E0
3.029626971E1,-3.958370869E0,3.270406187E0,-4.233009911E-1,5.152032637E0
3.030629171E1,-4.167121730E0,3.095610107E0,-6.721334924E-1,5.234450198E0
3.031631371E1,-4.568040165E0,2.961845108E0,-7.659900744E-1,5.497841230E0
3.032633571E1,-4.722966236E0,2.889354837E0,-6.801599653E-1,5.578297144E0
3.033635771E1,-4.577623751E0,2.646407704E0,-6.059704931E-1,5.322153059E0
3.034637971E1,-4.203457498E0,2.228023345E0,-7.775428569E-1,4.820551406E0
3.035640271E1,-3.480271527E0,1.860420299E0,-1.021012292E0,4.076262957E0
3.036642471E1,-2.967097077E0,1.706097952E0,-9.361994523E-1,3.548366484E0
3.037644671E1,-2.633164346E0,1.657540627E0,-7.057491352E-1,3.190466618E0
3.038646871E1,-2.502953285E0,1.466189032E0,-1.769099946E-1,2.906162861E0
3.039649071E1,-2.545323379E0,1.169135567E0,3.516847323E-1,2.822982683E0
3.040651271E1,-2.604870839E0,8.830956244E-1,6.093001901E-1,2.817171754E0
3.041653471E1,-2.515846980E0,2.725214723E-1,3.358167046E-1,2.552748879E0
3.042655671E1,-2.007893509E0,-6.486480045E-1,-9.848933101E-2,2.112363777E0
3.043657971E1,-1.279152099E0,-1.738338037E0,-2.241723078E-1,2.169862311E0
3.044660171E1,-6.676526248E-1,-2.598070819E0,-3.063467377E-1,2.699922283E0
3.045662371E1,-4.748418581E-1,-3.041385952E0,-3.830201072E-1,3.101968359E0
3.046664571E1,-8.904613620E-1,-3.389498182E0,-5.893233240E-2,3.505009612E0
3.047666771E1,-1.352127689E0,-3.592905273E0,2.523295748E-1,3.847192197E0
3.048668971E1,-1.385574932E0,-3.705834011E0,2.348493236E-1,3.963354364E0
3.049671171E1,-1.084193650E0,-3.964733809E0,1.307740013E-1,4.112382751E0
3.050673371E1,-5.827148008E-1,-4.336197187E0,-7.028718665E-2,4.375740266E0
3.051675671E1,-2.428179091E-1,-4.522416680E0,-3.299912699E-1,4.540936842E0
3.052677871E1,-2.699507439E-1,-4.631080166E0,-3.492676395E-1,4.652071022E0
3.053680071E1,-8.294129223E-1,-4.681943926E0,-2.271988267E-1,4.760267222E0
3.054682271E1,-1.451510475E0,-4.629239170E0,-4.126339155E-1,4.868983950E0
3.055684471E1,-1.592699683E0,-4.605801191E0,-7.080019212E-1,4.924567353E0
3.056686671E1,-1.236501923E0,-4.985330218E0,-4.904052459E-1,5.159743375E0
3.057688871E1,-5.417252344E-1,-5.467493960E0,-1.207588904E-1,5.495592701E0
3.058691171E1,1.393496740E-1,-5.583117387E0,1.030542523E-1,5.585806859E0
3.059693371E1,6.912116414E-1,-5.473937591E0,4.238822043E-1,5.533664465E0
3.060695571E1,1.182667778E0,-5.369288219E0,7.302236795E-1,5.546276739E0
3.061697771E1,1.318529588E0,-4.898469245E0,8.506541026E-1,5.143649834E0
3.062700013E1,9.372712469E-1,-3.876454886E0,8.975930648E-1,4.087915506E0
3.063702213E1,7.264025241E-1,-3.449065230E0,9.435675287E-1,3.648839715E0
3.064704413E1,1.010641524E0,-3.423947930E0,9.273432595E-1,3.688465974E0
3.065706613E1,1.485926601E0,-3.526971192E0,7.992657016E-1,3.909773563E0
3.066708913E1,1.858477269E0,-3.578098661E0,8.045293652E-1,4.111446860E0
3.067711113E1,2.001116002E0,-3.660582993E0,7.394060008E-1,4.236868459E0
3.068713313E1,2.055759986E0,-3.545059261E0,5.385655452E-1,4.133236883E0
3.069715513E1,2.047076286E0,-3.232182353E0,3.836346495E-1,3.845087727E0
3.070717713E1,1.714383164E0,-2.806341332E0,2.691737951E-1,3.299562976E0
3.071719913E1,1.258170535E0,-2.257271994E0,1.464231969E-1,2.588379745E0
3.072722113E1,8.866852301E-1,-1.682081391E0,5.530194238E-2,1.902279371E0
3.073724313E1,5.745696294E-1,-1.199512437E0,-5.516716406E-2,1.331166316E0
3.074726613E1,1.416037756E-1,-6.678186858E-1,-1.390846489E-1,6.966907247E-1
3.075728813E1,-4.915151936E-1,2.856949568E-2,-1.418598837E-1,5.123744999E-1
3.076731013E1,-1.052694699E0,7.805956882E-1,-2.303060371E-1,1.330615132E0
3.077733213E1,-1.457151284E0,1.450787759E0,-3.013286573E-1,2.078190065E0
3.078735413E1,-1.789867210E0,2.042807234E0,-2.895554347E-1,2.731396781E0
3.079737613E1,-2.084495543E0,2.556878062E0,-3.641137201E-1,3.318934451E0
3.080739813E1,-2.130511960E0,2.996961731E0,-3.054842734E-1,3.689740028E0
3.081742013E1,-2.222312661E0,3.452983741E0,-3.581595004E-1,4.121898653E0
3.082744313E1,-2.368016505E0,3.867367144E0,-5.973831260E-1,4.573936750E0
3.083746513E1,-2.476105794E0,4.152817102E0,-7.670063205E-1,4.895435474E0
3.084748713E1,-2.641405411E0,4.434840592E0,-8.334891625E-1,5.228722388E0
3.085750913E1,-2.905732888E0,4.793764908E0,-8.494424133E-1,5.669657664E0
3.086753113E1,-2.962450295E0,5.168073834E0,-9.015299951E-1,6.024770139E0
3.087755313E1,-2.870045577E0,5.520680233E0,-9.303838116E-1,6.291318295E0
3.088757513E1,-2.699605088E0,5.622914706E0,-1.004708208E0,6.317790437E0
3.089759713E1,-2.219526463E0,5.313660733E0,-9.240138549E-1,5.832245683E0
3.090762013E1,-1.639286789E0,4.824358710E0,-9.538954657E-1,5.183783821E0
3.091764213E1,-1.124780343E0,4.127710912E0,-9.723761755E-1,4.387327617E0
3.092766413E1,-6.411869574E-1,3.418832493E0,-8.685015589E-1,3.585224022E0
3.093768613E1,2.851804018E-2,2.958473604E0,-8.191966671E-1,3.069928749E0
3.094770813E1,9.466501808E-1,2.594248202E0,-7.012097955E-1,2.849204358E0
3.095773013E1,1.889664563E0,2.432038254E0,-7.501949908E-1,3.169926616E0
3.096775213E1,2.264586276E0,2.506076868E0,5.504612669E-2,3.378135928E0
3.097777513E1,2.717865942E0,2.747998983E0,-2.831351919E-1,3.875365690E0
3.098779713E1,3.114128823E0,2.906400640E0,-1.034859230E-1,4.260947353E0
3.099781913E1,3.267286697E0,2.764622033E0,-3.316833079E-4,4.279988020E0
3.100784113E1,3.738809676E0,2.681775758E0,1.647129951E-1,4.604101365E0
3.101786313E1,4.404419283E0,2.397437940E0,4.407297868E-1,5.033970664E0
3.102788513E1,5.133907383E0,1.988864915E0,6.745710504E-1,5.546858099E0
3.103790713E1,5.989578397E0,1.588589090E0,1.015364905E0,6.279301757E0
3.104792913E1,6.634109377E0,1.049253028E0,1.416238170E0,6.864260316E0
3.105795213E1,6.836823573E0,7.864060664E-1,1.547267840E0,7.053696111E0
3.106797413E1,6.489612399E0,7.431939733E-1,1.282583830E0,6.656758043E0
3.107799613E1,5.817264460E0,5.003146684E-1,1.080213450E0,5.937822973E0
3.108801813E1,5.363383700E0,8.115759909E-2,7.368737179E-1,5.414374770E0
3.109804013E1,5.208427223E0,-3.544488573E-1,2.155337776E-1,5.224921333E0
3.110806213E1,4.952354845E0,-4.585316348E-1,-2.952709419E-1,4.982294121E0
3.111808413E1,4.589395950E0,-3.574917483E-1,-6.229961233E-1,4.645264224E0
3.112810713E1,4.087038850E0,-4.968946320E-1,-6.669971520E-1,4.170812395E0
3.113812913E1,3.656808323E0,-8.291211462E-1,-3.774048798E-1,3.768570476E0
3.114815113E1,3.413786346E0,-1.150653103E0,-3.219213814E-1,3.616845747E0
3.115817313E1,3.099434186E0,-1.631340423E0,-2.360404015E-1,3.510481294E0
3.116819513E1,2.796565956E0,-2.209379790E0,-8.855739668E-2,3.565106256E0
3.117821713E1,2.702341585E0,-2.712725655E0,-1.086884831E-1,3.830580074E0
3.118823913E1,2.787112178E0,-3.178137708E0,-1.443151295E-2,4.227145829E0
3.119826113E1,2.782264836E0,-3.432096317E0,2.414613551E-1,4.424769637E0
3.120828413E1,2.640064645E0,-3.358997936E0,5.434137641E-1,4.306751325E0
3.121830613E1,2.222388090E0,-3.084845383E0,6.110046534E-1,3.850792976E0
3.122832813E1,1.705032881E0,-2.763508138E0,6.368487619E-1,3.309031686E0
3.123835013E1,1.359543713E0,-2.350791777E0,6.010064994E-1,2.781328801E0
3.124837213E1,7.850126749E-1,-1.769126551E0,5.814670050E-1,2.020929868E0
3.125839413E1,-6.728507996E-2,-1.169207488E0,4.584883654E-1,1.257690348E0
3.126841613E1,-9.141759145E-1,-4.104786319E-1,1.877342141E-1,1.019536387E0
3.127843813E1,-1.777883926E0,2.489089537E-1,-1.441455603E-2,1.795281232E0
3.128846113E1,-2.453701018E0,6.854679215E-1,-3.186557114E-2,2.547848185E0
3.129848313E1,-3.208013472E0,1.202370556E0,2.507973120E-2,3.426028952E0
3.130850513E1,-4.132202159E0,1.493715093E0,-1.012328446E-1,4.395057172E0
3.131852713E1,-4.748475299E0,1.504061156E0,-1.100691569E-1,4.982201607E0
3.132854913E1,-5.157053002E0,1.397897354E0,-3.291972180E-1,5.353287166E0
3.133857113E1,-5.282785095E0,1.246435173E0,-7.604714723E-1,5.480851746E0
3.134859313E1,-5.349476098E0,1.169163926E0,-1.122079514E0,5.589534976E0
3.135861613E1,-5.406353134E0,1.244112367E0,-1.207126681E0,5.677466390E0
3.136863813E1,-5.224668449E0,1.196427738E0,-1.147773934E0,5.481421781E0
3.137866013E1,-4.958157037E0,1.175903719E0,-1.010165561E0,5.194853725E0
3.138868213E1,-4.841330838E0,1.312906028E0,-8.764578652E-1,5.092188617E0
3.139870413E1,-4.741870869E0,1.401963800E0,-8.033818491E-1,5.009617175E0
3.140872613E1,-4.546318343E0,1.170194790E0,-8.518096586E-1,4.771157723E0
3.141874813E1,-4.157631115E0,7.738693437E-1,-8.164685024E-1,4.307132580E0
3.142877013E1,-3.642111347E0,3.551481843E-1,-6.148684935E-1,3.710683031E0
3.143879313E1,-3.221716422E0,-2.119165438E-1,-3.453299783E-1,3.247093796E0
3.144881513E1,-2.703828532E0,-9.058100107E-1,-4.378526643E-2,2.851858631E0
3.145883713E1,-2.153283942E0,-1.725621220E0,8.855885848E-2,2.760840995E0
3.146885913E1,-1.562001216E0,-2.419176133E0,4.451646075E-2,2.879972687E0
3.147888113E1,-1.357014207E0,-2.883830388E0,1.929721498E-1,3.192992877E0
3.148890313E1,-1.130272048E0,-3.071737972E0,1.585090993E-1,3.276921452E0
3.149892513E1,-7.619255286E-1,-3.186882512E0,-1.071022797E-1,3.278448040E0
3.150894713E1,-1.967202151E-1,-3.232347245E0,-1.357559752E-1,3.241172201E0
3.151897013E1,4.000401825E-1,-3.269872043E0,-2.280764937E-2,3.294330815E0
3.152899213E1,1.016502188E0,-3.297964991E0,1.819438626E-1,3.455857831E0
3.153901413E1,1.425979192E0,-3.492997700E0,5.218879706E-1,3.808781517E0
3.154903613E1,1.630090288E0,-3.774530901E0,7.972446115E-1,4.188063614E0
3.155905813E1,1.537337075E0,-3.799944654E0,7.627546638E-1,4.169505886E0
3.156908013E1,1.094719223E0,-3.710867294E0,6.907627214E-1,3.930152591E0
3.157910213E1,4.239687431E-1,-3.602830629E0,3.740060395E-1,3.646919050E0
3.158912413E1,6.674772084E-2,-3.392784902E0,-2.233203685E-1,3.400781768E0
3.159914713E1,-1.034121019E-1,-3.507331856E0,-4.113909437E-1,3.532890222E0
3.160916913E1,2.763394117E-3,-3.499446009E0,-3.796276988E-1,3.519978295E0
3.161919113E1,2.229935092E-1,-3.214063294E0,-3.143447055E-1,3.237088438E0
3.162921275E1,-6.706639409E-2,-2.676002802E0,1.644090861E-3,2.676843589E0
3.163923475E1,-1.494945931E-1,-2.307496653E0,3.755958243E-1,2.342639891E0
3.164925675E1,7.156699598E-2,-1.954942001E0,6.752499121E-1,2.069512626E0
3.165927875E1,1.356635892E-1,-1.516332707E0,8.659885718E-1,1.751458163E0
3.166930175E1,2.718423182E-1,-1.259521242E0,9.968872650E-1,1.629133581E0
3.167932375E1,7.497820312E-1,-1.207203280E0,1.070709971E0,1.779306802E0
3.168934575E1,1.371160961E0,-1.289677087E0,1.087351293E0,2.173863428E0
3.169936775E1,1.830287842E0,-1.415040806E0,1.175981487E0,2.595231497E0
3.170938975E1,2.249465961E0,-1.554944211E0,1.384582660E0,3.065129321E0
3.171941175E1,2.588826663E0,-1.776348447E0,1.503182319E0,3.480947340E0
3.172943375E1,2.722070675E0,-1.818334379E0,1.607041733E0,3.646723434E0
3.173945575E1,2.875186449E0,-1.786289883E0,1.623689926E0,3.754184017E0
3.174947875E1,3.068267357E0,-1.728228786E0,1.442977048E0,3.805682865E0
3.175950075E1,2.994404744E0,-1.633153059E0,1.232296606E0,3.626596698E0
3.176952275E1,2.325808378E0,-1.312767742E0,1.051949691E0,2.870425388E0
3.177954475E1,1.408733999E0,-8.123963553E-1,8.368125006E-1,1.828872461E0
3.178956675E1,5.674804652E-1,-2.704430795E-1,4.235710593E-1,7.580144985E-1
3.179958875E1,-4.770561987E-1,2.921222162E-1,1.483950242E-3,5.593927136E-1
3.180961075E1,-1.449595512E0,8.665503430E-1,-3.130511552E-1,1.717625591E0
3.181963375E1,-2.315691526E0,1.586689914E0,-4.256853394E-1,2.839228792E0
3.182965575E1,-2.853826570E0,2.132648533E0,-5.900922328E-1,3.611194359E0
3.183967775E1,-3.067575046E0,2.611669981E0,-5.855162019E-1,4.071076759E0
3.184969975E1,-3.281872576E0,3.073571366E0,-6.139746004E-1,4.538115618E0
3.185972175E1,-3.491120451E0,3.484220737E0,-6.899768557E-1,4.980339768E0
3.186974375E1,-3.651720076E0,3.916788395E0,-7.842742447E-1,5.412150861E0
3.187976575E1,-3.768575512E0,4.244422506E0,-9.473154478E-1,5.754536502E0
3.188978775E1,-3.807784601E0,4.419370614E0,-1.117402765E0,5.939583245E0
3.189981075E1,-3.771450003E0,4.509807744E0,-1.282016650E0,6.017122876E0
3.190983275E1,-3.581380996E0,4.501600592E0,-1.485598572E0,5.941186821E0
3.191985475E1,-3.169702515E0,4.248705007E0,-1.544226265E0,5.521154139E0
3.192987675E1,-2.603668651E0,4.017442950E0,-1.646056256E0,5.062453901E0
3.193989875E1,-2.255034850E0,3.792777137E0,-1.740988141E0,4.743561984E0
3.194992075E1,-1.894411333E0,3.371995711E0,-1.582790406E0,4.179039943E0
3.195994275E1,-1.153255699E0,2.974833528E0,-1.420274502E0,3.492393576E0
3.196996475E1,-4.297352672E-1,2.664676745E0,-1.075550880E0,2.905509293E0
3.197998775E1,3.728675866E-1,2.135926482E0,-7.486448939E-1,2.293835511E0
3.199000975E1,1.498762409E0,1.962670559E0,-6.422827256E-1,2.551644877E0
3.200003175E1,2.379011024E0,1.875904310E0,-4.875694925E-1,3.068620935E0
3.201005375E1,3.125347876E0,1.633460623E0,-2.558232862E-1,3.535737336E0
3.202007575E1,3.677743694E0,1.633311519E0,-1.928764017E-1,4.028735100E0
3.203009775E1,4.011909730E0,1.711165441E0,-2.339494371E-1,4.367864374E0
3.204011975E1,4.257850052E0,1.569562835E0,2.177916799E-1,4.543153946E0
3.205014175E1,4.578337696E0,1.376557941E0,4.840130697E-1,4.805242603E0
3.206016475E1,4.845754257E0,1.200367885E0,5.902546392E-1,5.026988951E0
3.207018675E1,5.109544374E0,9.574324465E-1,7.700641219E-1,5.255199269E0
3.208020875E1,5.245206794E0,6.593402231E-1,1.087397193E0,5.397161893E0
3.209023075E1,5.219243987E0,4.323735309E-1,1.207806566E0,5.374593135E0
3.210025275E1,5.234008791E0,-2.984009564E-2,1.175122531E0,5.364387330E0
3.211027475E1,5.340570204E0,-6.485088408E-1,1.080397637E0,5.487213580E0
3.212029675E1,5.359889404E0,-1.061011194E0,8.019520587E-1,5.522434815E0
3.213031875E1,5.042672693E0,-1.111427057E0,5.304440551E-1,5.190875541E0
3.214034175E1,4.154938472E0,-8.280704015E-1,1.499875134E-1,4.239305432E0
3.215036375E1,3.252609601E0,-4.891137421E-1,3.340952843E-3,3.289181149E0
3.216038575E1,2.653118554E0,-3.229539996E-1,1.942601453E-1,2.679752666E0
3.217040775E1,2.052427073E0,-1.999858850E-1,3.574734758E-1,2.092901940E0
3.218042975E1,1.559003348E0,-2.557987279E-1,4.127356571E-1,1.632873281E0
3.219045175E1,1.233780629E0,-6.001558757E-1,5.991355366E-1,1.497118935E0
3.220047375E1,1.118993939E0,-1.264149313E0,6.115146768E-1,1.795597705E0
3.221049675E1,1.288600615E0,-2.026192371E0,4.429300940E-1,2.441748172E0
3.222051875E1,1.599022277E0,-2.685494587E0,4.117332982E-1,3.152503406E0
3.223054075E1,1.689253001E0,-3.072821753E0,4.952930796E-1,3.541345007E0
3.224056275E1,1.611731785E0,-3.067029501E0,5.782058667E-1,3.512644493E0
3.225058475E1,1.554859427E0,-2.809915150E0,9.212801354E-1,3.340953168E0
3.226060675E1,1.441813452E0,-2.396570798E0,1.359149318E0,3.109608414E0
3.227062875E1,1.072168851E0,-1.751569117E0,1.556467703E0,2.576845383E0
3.228065075E1,5.260523576E-1,-1.051784872E0,1.598958396E0,1.984855273E0
3.229067275E1,-2.762265605E-1,-2.738905978E-1,1.413871217E0,1.466406829E0
3.230069575E1,-1.286558767E0,5.638341415E-1,1.091906712E0,1.779157854E0
3.231071775E1,-2.363797154E0,1.200205917E0,7.224790424E-1,2.747727642E0
3.232073975E1,-3.339239025E0,1.792721236E0,2.490112799E-1,3.798206591E0
3.233076175E1,-4.087324194E0,2.243700022E0,-4.074070895E-1,4.680426198E0
3.234078375E1,-4.686393072E0,2.469701924E0,-9.424799466E-1,5.380518197E0
3.235080575E1,-5.241865695E0,2.575728316E0,-1.223363668E0,5.967256571E0
3.236082775E1,-5.462979324E0,2.693053867E0,-1.340692728E0,6.236516594E0
3.237085075E1,-5.570562830E0,2.764423812E0,-1.326678852E0,6.358717326E0
3.238087275E1,-5.592676415E0,2.602979264E0,-1.305295439E0,6.305341126E0
3.239089475E1,-5.386769639E0,2.190336870E0,-1.272484080E0,5.952653063E0
3.240091675E1,-5.162400865E0,1.818578208E0,-1.284827406E0,5.622134012E0
3.241093875E1,-5.049233853E0,1.531700067E0,-1.323578220E0,5.439919752E0
3.242096075E1,-4.993753132E0,1.290197197E0,-1.187550349E0,5.292679377E0
3.243098275E1,-4.958094472E0,1.092527394E0,-8.618602914E-1,5.149671840E0
3.244100475E1,-4.892515025E0,9.904215601E-1,-4.467116345E-1,5.011705241E0
3.245102675E1,-5.004278120E0,4.891546726E-1,-1.011246711E-1,5.029144858E0
3.246104975E1,-4.835824515E0,-3.508975509E-1,1.827610110E-1,4.851982009E0
3.247107175E1,-4.135318725E0,-1.593443449E0,4.946169953E-1,4.459211696E0
3.248109375E1,-3.063107774E0,-2.568736800E0,5.278455524E-1,4.032326736E0
3.249111575E1,-1.603250983E0,-3.343227410E0,7.100360213E-1,3.775146935E0
3.250113775E1,-3.405535340E-2,-4.085407184E0,1.330263196E0,4.296662867E0
3.251115975E1,1.315594286E0,-4.604358098E0,1.990737779E0,5.185936629E0
3.252118175E1,2.091833214E0,-4.640531313E0,2.253747877E0,5.566837213E0
3.253120375E1,2.733732362E0,-4.560235009E0,2.430253976E0,5.845953331E0
3.254122675E1,3.227915640E0,-4.615849046E0,2.375399638E0,6.112939165E0
3.255124875E1,3.511130792E0,-4.609910907E0,1.701227367E0,6.039328817E0
3.256127075E1,3.498549923E0,-4.273319446E0,8.578729288E-1,5.589012132E0
3.257129275E1,3.345174533E0,-3.670210142E0,-5.301685050E-2,4.966230555E0
3.258131475E1,2.884731444E0,-2.974441765E0,-8.923079127E-1,4.238536625E0
3.259133675E1,2.088206770E0,-2.150836297E0,-1.408879010E0,3.312347258E0
3.260135875E1,1.113875871E0,-1.815715996E0,-1.843237963E0,2.816925669E0
3.261138075E1,5.975819314E-1,-1.911463568E0,-1.923207700E0,2.776603139E0
3.262140421E1,4.500935179E-1,-2.055700929E0,-1.729697168E0,2.724030613E0
3.263142621E1,4.724333900E-1,-1.986432474E0,-1.690044275E0,2.650538989E0
3.264144821E1,7.246752566E-1,-1.958497401E0,-1.472051889E0,2.554956568E0
3.265147021E1,1.044644253E0,-1.959930553E0,-9.888584532E-1,2.431141795E0
3.266149221E1,1.127536721E0,-1.592664599E0,-3.084815562E-1,1.975621536E0
3.267151421E1,1.193988572E0,-1.373613868E0,4.906924903E-1,1.884994135E0
3.268153621E1,1.581229200E0,-1.381472526E0,8.566726416E-1,2.267738992E0
3.269155821E1,1.985355417E0,-1.604154963E0,1.039438988E0,2.755972185E0
3.270158121E1,2.693507611E0,-2.124195213E0,1.323223294E0,3.676698035E0
3.271160321E1,3.214491017E0,-2.539073290E0,1.439178112E0,4.341782965E0
3.272162521E1,3.333298838E0,-2.722379993E0,1.419948374E0,4.531940793E0
3.273164721E1,3.277200066E0,-2.650917662E0,1.584914700E0,4.503260966E0
3.274166921E1,3.110634527E0,-2.429881216E0,1.602249355E0,4.259996817E0
3.275169121E1,2.855595937E0,-2.221110474E0,1.539218709E0,3.931533305E0
3.276171321E1,2.443486517E0,-2.098111369E0,1.482230576E0,3.545377999E0
3.277173521E1,1.765863220E0,-1.816778435E0,1.309902606E0,2.852157364E0
3.278175821E1,8.795744312E-1,-1.289866537E0,1.154484783E0,1.941711095E0
3.279178021E1,-1.212262291E-1,-6.254515153E-1,1.045800247E0,1.224574846E0
3.280180221E1,-1.317475920E0,2.133707464E-1,7.732942700E-1,1.542483032E0
3.281182421E1,-2.508113453E0,1.009757425E0,3.484927373E-1,2.726112679E0
3.282184621E1,-3.329606906E0,1.806245846E0,2.067493594E-1,3.793619842E0
3.283186821E1,-3.827678583E0,2.405866116E0,1.485643011E-1,4.523426406E0
3.284189021E1,-4.271825482E0,2.776881305E0,4.251264918E-1,5.112758088E0
3.285191221E1,-4.556353920E0,3.408899828E0,7.445687999E-1,5.738932111E0
3.286193521E1,-4.756253850E0,3.995893621E0,2.356772894E-1,6.216482953E0
3.287195721E1,-4.766680021E0,4.530118632E0,-5.649486208E-1,6.600180315E0
3.288197921E1,-4.720140277E0,5.099939738E0,-1.207374165E0,7.053145535E0
3.289200121E1,-4.663555602E0,5.491418427E0,-1.788075184E0,7.423047896E0
3.290202321E1,-4.640009449E0,5.707708104E0,-2.141923386E0,7.661295927E0
3.291204521E1,-4.362015860E0,5.764721380E0,-2.427260494E0,7.625666427E0
3.292206721E1,-3.981232898E0,5.667735368E0,-2.730609364E0,7.445110280E0
3.293208921E1,-3.603501597E0,5.422472153E0,-3.137734033E0,7.227295682E0
3.294211121E1,-2.969215524E0,5.023468097E0,-3.578618771E0,6.845289246E0
3.295213421E1,-1.949061164E0,4.455792335E0,-3.725998426E0,6.126662144E0
3.296215621E1,-1.061549138E0,3.774416880E0,-3.712852423E0,5.399850227E0
3.297217821E1,-5.373591185E-3,3.159329554E0,-3.381405635E0,4.627666386E0
3.298220021E1,1.139584324E0,2.554951404E0,-2.735488865E0,3.912713693E0
3.299222221E1,2.145269748E0,1.807001306E0,-2.017809218E0,3.455284366E0
3.300224421E1,3.045052156E0,1.142933024E0,-1.202890373E0,3.467792350E0
3.301226621E1,4.258694390E0,7.057682848E-1,-7.968836921E-1,4.389716437E0
3.302228821E1,5.185961051E0,8.292170405E-2,-4.970818891E-1,5.210389471E0
3.303231121E1,5.652347835E0,-2.928320682E-1,-3.267611217E-1,5.669352653E0
3.304233321E1,5.478868548E0,-3.380649590E-1,-3.089895330E-1,5.497978084E0
3.305235521E1,4.957921395E0,-2.376554024E-1,6.604620114E-2,4.964053459E0
3.306237721E1,4.503848262E0,-1.012345988E-1,3.950378895E-1,4.522272940E0
3.307239921E1,4.196146724E0,2.718019724E-2,4.537815030E-1,4.220699438E0
3.308242121E1,4.009138734E0,7.407252789E-2,6.366249597E-1,4.060045747E0
3.309244321E1,3.981022983E0,6.595776200E-2,8.412294142E-1,4.069466960E0
3.310246521E1,4.440472630E0,-4.494900852E-1,1.079891707E0,4.591949980E0
3.311248721E1,5.313754873E0,-1.227560946E0,1.243402076E0,5.593652246E0
3.312251021E1,5.759743060E0,-1.812927459E0,9.597344953E-1,6.114117794E0
3.313253221E1,5.836226395E0,-1.944252999E0,6.062597841E-1,6.181359817E0
3.314255421E1,5.134910181E0,-1.615642403E0,3.738600053E-1,5.396051727E0
3.315257621E1,3.724083463E0,-9.349306065E-1,4.520312852E-1,3.866164140E0
3.316259821E1,2.708267738E0,-3.524853623E-1,4.078532320E-1,2.761395359E0
3.317262021E1,2.113516443E0,1.304583979E-1,3.943843170E-1,2.153952214E0
3.318264221E1,1.882201177E0,2.838261867E-1,7.117603652E-1,2.032201120E0
3.319266421E1,1.831848464E0,1.587144828E-1,1.180374354E0,2.184981166E0
3.320268721E1,2.090959640E0,-4.503817856E-1,1.551520666E0,2.642380053E0
3.321270921E1,2.612206171E0,-1.404687726E0,1.715842337E0,3.426497280E0
3.322273121E1,3.055228066E0,-2.189788109E0,1.785435605E0,4.161414519E0
3.323275321E1,3.051890475E0,-2.653440151E0,1.750097957E0,4.406543199E0
3.324277521E1,2.692222978E0,-2.775258703E0,1.790255465E0,4.260884892E0
3.325279721E1,1.867158630E0,-2.653677548E0,1.966067206E0,3.793903812E0
3.326281921E1,1.053705098E0,-2.218413738E0,2.022644280E0,3.181625973E0
3.327284121E1,4.151371086E-1,-1.642309214E0,1.770572568E0,2.450397027E0
3.328286321E1,-3.808525443E-1,-9.314766562E-1,1.416880340E0,1.737885876E0
3.329288621E1,-1.215521529E0,-1.758924329E-1,9.906949174E-1,1.577943964E0
3.330290821E1,-2.046089861E0,4.280354816E-1,5.556946711E-1,2.162982815E0
3.331293021E1,-2.692704788E0,8.846720338E-1,-1.530157864E-2,2.834349630E0
3.332295221E1,-3.050014104E0,1.242198281E0,-5.672594404E-1,3.341769871E0
3.333297421E1,-3.184984213E0,1.307046241E0,-1.027916538E0,3.592924536E0
3.334299621E1,-3.340179842E0,1.304387512E0,-1.216105081E0,3.786441565E0
3.335301821E1,-3.787303559E0,1.445807685E0,-1.188171762E0,4.224426617E0
3.336304021E1,-3.948144674E0,1.865499190E0,-1.291170612E0,4.553576083E0
3.337306221E1,-4.156394429E0,2.332420995E0,-1.569205570E0,5.017789201E0
3.338308521E1,-4.534791727E0,2.689464846E0,-1.876586680E0,5.596350126E0
3.339310721E1,-4.674798628E0,3.114027082E0,-2.103156347E0,5.997847405E0
3.340312921E1,-4.510689504E0,3.602267250E0,-2.422686655E0,6.260356202E0
3.341315121E1,-4.286140051E0,3.863568208E0,-2.570637145E0,6.317145808E0
3.342317321E1,-4.138894882E0,4.068884999E0,-2.561038941E0,6.343910185E0
3.343319521E1,-3.961973923E0,3.994483273E0,-2.453437893E0,6.137792069E0
3.344321721E1,-3.884914638E0,3.414994966E0,-2.056862917E0,5.566456451E0
3.345323921E1,-3.753240019E0,2.521983048E0,-1.516205384E0,4.769285890E0
3.346326121E1,-3.313770892E0,1.312373055E0,-8.972064176E-1,3.675374799E0
3.347328421E1,-2.458368850E0,-1.993953162E-1,-1.819138956E-1,2.473141436E0
3.348330621E1,-1.563285264E0,-1.564743268E0,3.012988365E-1,2.232277604E0
3.349332821E1,-8.916050774E-1,-2.449413840E0,6.844832504E-1,2.695014859E0
3.350335021E1,-2.865685308E-1,-3.056331728E0,1.205001218E0,3.297773960E0
3.351337221E1,2.267287105E-1,-3.677023025E0,1.676661022E0,4.047603787E0
3.352339421E1,4.895569611E-1,-4.151600004E0,1.767375749E0,4.538619355E0
3.353341621E1,4.630620575E-1,-4.402293820E0,1.718279164E0,4.748378738E0
3.354343821E1,3.680085504E-1,-4.464980650E0,1.756797112E0,4.812257120E0
3.355346021E1,2.962988824E-1,-4.391280590E0,1.839329392E0,4.770143693E0
3.356348321E1,1.107673144E-1,-4.373986572E0,1.656957074E0,4.678625298E0
3.357350521E1,-2.059336728E-1,-4.346690893E0,1.266153300E0,4.532027645E0
3.358352721E1,-6.210655189E-1,-4.024544101E0,8.436310118E-1,4.158652532E0
3.359354921E1,-7.571138549E-1,-3.962262191E0,5.211097062E-1,4.067468302E0
3.360357121E1,-5.262575948E-1,-4.409786150E0,7.230421293E-1,4.499550074E0
3.361359321E1,-2.860972452E-1,-4.700013576E0,9.600730491E-1,4.805592524E0
3.362361463E1,-1.529812878E-1,-4.871937211E0,1.218489137E0,5.024329930E0
3.363363663E1,-2.253633857E-2,-4.885421768E0,1.539495283E0,5.122294355E0
3.364365963E1,8.349005342E-2,-4.806649248E0,1.737639295E0,5.111774438E0
3.365368163E1,-1.972248298E-1,-4.548643781E0,1.881993016E0,4.926556159E0
3.366370363E1,-3.868400931E-1,-4.099625566E0,1.876371503E0,4.525190057E0
3.367372563E1,-1.426094967E-1,-3.713278393E0,1.710908164E0,4.090963290E0
3.368374763E1,3.810279608E-1,-3.596441669E0,1.668888903E0,3.983059773E0
3.369376963E1,1.196323950E0,-3.628362789E0,1.494914356E0,4.102557306E0
3.370379163E1,1.976327316E0,-3.676849655E0,1.515322309E0,4.440866440E0
3.371381363E1,2.159836332E0,-3.636031412E0,1.437399974E0,4.466736627E0
3.372383563E1,2.277305725E0,-3.427105134E0,1.271421495E0,4.306702170E0
3.373385863E1,2.277556570E0,-3.096200675E0,9.528341961E-1,3.960001964E0
3.374388063E1,2.021026940E0,-2.870243213E0,6.539397347E-1,3.570781871E0
3.375390263E1,1.542574427E0,-2.535487778E0,4.049208534E-1,2.995362253E0
3.376392463E1,9.978238428E-1,-2.086031021E0,-3.371504545E-2,2.312642330E0
3.377394663E1,2.149945182E-1,-1.421631787E0,-5.084997471E-1,1.525067728E0
3.378396863E1,-6.634630948E-1,-5.788474524E-1,-9.552450762E-1,1.299130789E0
3.379399063E1,-1.487097799E0,3.312915444E-1,-1.266748400E0,1.981379686E0
3.380401263E1,-2.219858585E0,1.138421313E0,-1.403686683E0,2.862535856E0
3.381403463E1,-2.937986130E0,1.849995298E0,-1.541375163E0,3.798694840E0
3.382405763E1,-3.283557159E0,2.357831824E0,-1.544354319E0,4.327372042E0
3.383407963E1,-3.505218673E0,2.778760600E0,-1.529295985E0,4.727241757E0
3.384410163E1,-3.599620215E0,3.319159686E0,-1.465085224E0,5.110827862E0
3.385412363E1,-3.481537449E0,3.813607843E0,-1.450738788E0,5.363706817E0
3.386414563E1,-3.165423523E0,4.268432343E0,-1.415043583E0,5.499251684E0
3.387416763E1,-3.008677797E0,4.668731557E0,-1.159645974E0,5.673973495E0
3.388418963E1,-2.760849409E0,5.098939279E0,-1.029610476E0,5.889105957E0
3.389421163E1,-2.595605925E0,5.542868662E0,-1.353201238E0,6.268310516E0
3.390423363E1,-2.416636688E0,5.810424972E0,-1.795133066E0,6.543979978E0
3.391425563E1,-2.572652096E0,5.887460284E0,-2.019905883E0,6.735038765E0
3.392427863E1,-2.782128596E0,5.642375994E0,-2.368494222E0,6.722083848E0
3.393430063E1,-2.364396493E0,5.418106037E0,-2.647225145E0,6.477194206E0
3.394432263E1,-1.325187812E0,5.078742412E0,-2.237326411E0,5.705731916E0
3.395434463E1,-1.974604726E-3,4.215328515E0,-1.218634586E0,4.387945834E0
3.396436663E1,1.699369268E0,3.529736633E0,-6.577551891E-1,3.972346724E0
3.397438863E1,3.472499408E0,2.830491502E0,-7.698612235E-1,4.545615534E0
3.398441063E1,4.769257473E0,2.299776574E0,-9.391411865E-1,5.377432037E0
3.399443263E1,4.624317861E0,2.203024451E0,-1.306912925E0,5.286364895E0
3.400445463E1,4.400971765E0,2.107313132E0,-1.751948016E0,5.184461685E0
3.401447663E1,4.198500813E0,1.582175279E0,-1.289830284E0,4.668441909E0
3.402449963E1,4.091391517E0,1.320750360E0,-5.939952493E-1,4.340126313E0
3.403452163E1,4.481920034E0,1.122233296E0,-2.959771393E-1,4.629753474E0
3.404454363E1,5.279287875E0,6.356858969E-1,1.086412668E-1,5.318531748E0
3.405456563E1,6.238840522E0,3.214898568E-1,5.792450631E-1,6.273915176E0
3.406458763E1,7.097625763E0,1.871570939E-1,1.367011192E0,7.230493679E0
3.407460963E1,7.429210253E0,3.136142421E-1,2.022062628E0,7.705858560E0
3.408463163E1,7.419408565E0,1.036375705E0,1.845383453E0,7.715383214E0
3.409465363E1,7.504027716E0,1.435428877E0,1.426410571E0,7.772099790E0
3.410467563E1,7.405585747E0,1.425336583E0,1.013648601E0,7.609321134E0
3.411469863E1,6.941588720E0,1.577636086E0,3.101883584E-1,7.125363597E0
3.412472063E1,5.797901990E0,1.984804609E0,-4.856628616E-1,6.147437290E0
3.413474263E1,4.442581721E0,2.174880048E0,-7.846584798E-1,5.008225684E0
3.414476463E1,3.109934031E0,2.092614986E0,-5.552890205E-1,3.789336756E0
3.415478663E1,2.388440244E0,1.908641701E0,4.594157338E-2,3.057723103E0
3.416480863E1,2.547572803E0,1.443528441E0,7.073843090E-1,3.012356902E0
3.417483063E1,2.899375795E0,6.074227953E-1,1.247963635E0,3.214460404E0
3.418485263E1,3.014005195E0,-6.261865103E-1,1.568781501E0,3.455056043E0
3.419487463E1,3.250709841E0,-1.763483403E0,1.555805945E0,4.012171522E0
3.420489763E1,3.483162391E0,-2.503335693E0,1.420998534E0,4.518666470E0
3.421491963E1,3.289182765E0,-2.816462277E0,1.423356862E0,4.558193478E0
3.422494163E1,2.762919908E0,-2.862909635E0,1.565188533E0,4.275487474E0
3.423496363E1,2.217071802E0,-2.590684324E0,1.841888133E0,3.875513455E0
3.424498563E1,1.917943452E0,-2.303665558E0,2.200141043E0,3.718333322E0
3.425500763E1,1.687053863E0,-1.884433059E0,2.451031764E0,3.522044207E0
3.426502963E1,1.300381585E0,-1.440906549E0,2.554179572E0,3.207964656E0
3.427505163E1,7.016921908E-1,-9.335430622E-1,2.480684164E0,2.741836702E0
3.428507363E1,-1.038635069E-1,-5.374743086E-1,2.346048515E0,2.409068263E0
3.429509563E1,-1.009863260E0,-1.220150185E-1,2.207026432E0,2.430159900E0
3.430511763E1,-2.147303994E0,3.454944313E-1,1.764431968E0,2.800625112E0
3.431514063E1,-3.301390582E0,6.376716113E-1,1.112635676E0,3.541717522E0
3.432516263E1,-4.227365593E0,6.428294402E-1,5.617156953E-1,4.312699163E0
3.433518463E1,-5.016567798E0,7.751761964E-1,-5.803361535E-3,5.076109168E0
3.434520663E1,-5.577215792E0,1.019836271E0,-4.098073715E-1,5.684482746E0
3.435522863E1,-6.002089684E0,1.243180613E0,-6.522674310E-1,6.164092100E0
3.436525063E1,-6.190278811E0,1.420547129E0,-8.569382514E-1,6.408732252E0
3.437527263E1,-6.257113071E0,1.566828969E0,-1.036623188E0,6.533070078E0
3.438529463E1,-6.057344118E0,1.605904742E0,-1.013399071E0,6.348017445E0
3.439531663E1,-5.752453921E0,1.557463484E0,-9.177848160E-1,6.029821522E0
3.440533863E1,-5.404369174E0,1.309890327E0,-6.936752196E-1,5.603945409E0
3.441536163E1,-4.950918769E0,9.041374147E-1,-3.358424324E-1,5.043991600E0
3.442538363E1,-4.506146218E0,3.161574885E-1,-2.622081533E-2,4.517299727E0
3.443540563E1,-4.007922513E0,-4.562497589E-1,1.437567204E-1,4.036368753E0
3.444542763E1,-3.494230585E0,-1.283334028E0,1.287099342E-1,3.724669093E0
3.445544963E1,-3.062275715E0,-2.064490756E0,2.880712652E-1,3.704408143E0
3.446547163E1,-2.730219355E0,-2.897339210E0,3.791707389E-1,3.999055222E0
3.447549363E1,-2.239459621E0,-3.773786843E0,3.247432476E-1,4.400239165E0
3.448551563E1,-1.662233017E0,-4.479980512E0,9.707488954E-2,4.779400331E0
3.449553762E1,-1.267181679E0,-5.009931793E0,-2.796489358E-2,5.167779796E0
3.450556063E1,-7.647304380E-1,-5.256673769E0,-6.208018094E-2,5.312371006E0
3.451558263E1,-1.435590845E-1,-5.241062872E0,-1.369061226E-1,5.244815777E0
3.452560463E1,3.984152412E-1,-5.189419094E0,-2.541468894E-1,5.210892043E0
3.453562663E1,6.542642552E-1,-4.965677726E0,-2.180790706E-1,5.013339753E0
3.454564863E1,9.194214517E-1,-4.772131380E0,-8.291717246E-2,4.860601709E0
3.455567063E1,1.107693610E0,-4.616240225E0,7.281069875E-2,4.747837439E0
3.456569263E1,9.591281390E-1,-4.402125713E0,1.476375175E-1,4.507819253E0
3.457571463E1,5.270937467E-1,-4.194683751E0,1.554254240E-1,4.230526758E0
3.458573663E1,8.160958886E-3,-4.133184198E0,1.055305481E-2,4.133205728E0
3.459575863E1,-2.253312260E-1,-4.474370109E0,-5.908202112E-2,4.480429970E0
3.460578063E1,-3.837013078E-1,-4.575422859E0,-1.381049480E-1,4.593560058E0
3.461580363E1,-5.354827470E-1,-4.475618489E0,-2.980248342E-1,4.517379931E0
3.462582633E1,-8.092505533E-1,-4.183697125E0,-3.949449188E-1,4.279508100E0
3.463584833E1,-9.803634721E-1,-4.153329026E0,-1.964268310E-1,4.271982916E0
3.464587033E1,-1.216750029E0,-4.003125750E0,1.086035523E-1,4.185366308E0
3.465589233E1,-1.339802928E0,-3.754888057E0,3.824808477E-1,4.005065268E0
3.466591433E1,-9.776924640E-1,-3.667381259E0,8.994934098E-1,3.900596909E0
3.467593633E1,-2.197611684E-1,-3.703674341E0,1.279132072E0,3.924497096E0
3.468595833E1,6.305023402E-1,-3.822404394E0,1.462818259E0,4.141031974E0
3.469598033E1,1.485167633E0,-3.866099760E0,1.627029855E0,4.449682730E0
3.470600233E1,2.040945480E0,-3.837426476E0,1.871720628E0,4.732297383E0
3.471602533E1,2.689308141E0,-3.838628663E0,1.976010981E0,5.086459249E0
3.472604733E1,2.969364043E0,-3.611040997E0,2.236740081E0,5.182638912E0
3.473606933E1,3.034189199E0,-3.390413271E0,2.354908217E0,5.123162983E0
3.474609133E1,2.734642773E0,-2.949356040E0,2.206905979E0,4.587745214E0
3.475611333E1,2.165502868E0,-2.365510388E0,1.889282740E0,3.722154126E0
3.476613533E1,1.363422756E0,-1.724143336E0,1.483917498E0,2.652094077E0
3.477615733E1,4.511775917E-1,-9.376659340E-1,1.026199211E0,1.461459354E0
3.478617933E1,-4.622171348E-1,-9.115692258E-2,5.940162992E-1,7.581620065E-1
3.479620133E1,-1.369261200E0,8.265308297E-1,2.631130099E-1,1.620881829E0
3.480622333E1,-1.890581991E0,1.824578036E0,-9.370265409E-2,2.629099744E0
3.481624633E1,-2.230139744E0,2.697843322E0,-4.135396492E-1,3.524613015E0
3.482626833E1,-2.329488616E0,3.509193610E0,-7.144591476E-1,4.272166766E0
3.483629033E1,-2.451676127E0,4.317346641E0,-1.099395241E0,5.085161526E0
3.484631233E1,-2.628199475E0,5.063424461E0,-1.473611196E0,5.892132866E0
3.485633433E1,-2.677454665E0,5.701341655E0,-1.762625763E0,6.540711715E0
3.486635633E1,-2.464232438E0,6.312687348E0,-2.081816495E0,7.089176467E0
3.487637833E1,-2.491545367E0,6.667240870E0,-2.305555231E0,7.481676554E0
3.488640033E1,-2.498742120E0,6.810033385E0,-2.271798671E0,7.601403560E0
3.489642233E1,-2.524521909E0,6.817614884E0,-2.259910989E0,7.613164996E0
3.490644433E1,-2.273435453E0,6.581392050E0,-2.117999650E0,7.277990972E0
3.491646633E1,-1.739899828E0,6.267611162E0,-2.013450118E0,6.809124942E0
3.492648933E1,-1.222394346E0,5.838861151E0,-1.875095494E0,6.253201627E0
3.493651133E1,-5.058437955E-1,5.324331316E0,-1.578761090E0,5.576456625E0
3.494653333E1,3.718273669E-1,4.711568259E0,-1.299920678E0,4.901726718E0
3.495655533E1,1.295455306E0,4.046822285E0,-1.168259654E0,4.406790859E0
3.496657733E1,2.180978109E0,3.465741781E0,-9.873924100E-1,4.212241135E0
3.497659933E1,2.960773898E0,3.037094681E0,-7.312486964E-1,4.304050515E0
3.498662133E1,3.500362560E0,2.766645169E0,-6.621955647E-1,4.510583833E0
3.499664333E1,3.824019980E0,2.523166525E0,-3.846409553E-1,4.597547910E0
3.500666533E1,4.016286955E0,2.228380317E0,1.336264193E-2,4.593083747E0
3.501668733E1,4.167511155E0,1.668521698E0,6.048617148E-1,4.529676763E0
3.502670933E1,4.490740559E0,1.051049877E0,1.089674830E0,4.739076687E0
3.503673233E1,4.890362665E0,4.732280266E-1,1.354589952E0,5.096518978E0
3.504675433E1,5.391269072E0,-7.626757264E-2,1.565645201E0,5.614520802E0
3.505677633E1,5.731153100E0,-5.712530887E-1,1.799129199E0,6.034012912E0
3.506679833E1,5.552641699E0,-7.666413081E-1,1.823160086E0,5.894360137E0
3.507682033E1,5.186292588E0,-5.997816539E-1,1.825119634E0,5.530680837E0
3.508684233E1,4.891187122E0,-5.489184791E-1,1.853605953E0,5.259360987E0
3.509686433E1,4.882571250E0,-7.973041070E-1,1.656466493E0,5.217190537E0
3.510688633E1,5.063708636E0,-1.074169183E0,1.279386572E0,5.332149152E0
3.511690833E1,5.101992111E0,-1.025432056E0,7.181655514E-1,5.253341428E0
3.512693033E1,4.888596806E0,-7.783643907E-1,4.614492492E-1,4.971636075E0
3.513695233E1,4.424078792E0,-7.322965175E-1,5.196356231E-1,4.514283169E0
3.514697533E1,3.972669066E0,-7.116219324E-1,5.938686571E-1,4.079360889E0
3.515699733E1,3.846744599E0,-7.489897335E-1,6.454507470E-1,3.971779991E0
3.516701933E1,3.821358912E0,-8.579613680E-1,6.942866921E-1,3.977551465E0
3.517704133E1,3.702461629E0,-9.698735672E-1,8.136733872E-1,3.912919783E0
3.518706333E1,3.673788053E0,-1.240945222E0,1.069843559E0,4.022589830E0
3.519708533E1,3.743554691E0,-1.473425839E0,1.236088087E0,4.208693287E0
3.520710733E1,3.754262112E0,-1.562511678E0,1.265409242E0,4.258777677E0
3.521712933E1,3.514566032E0,-1.716890450E0,1.151057584E0,4.077354629E0
3.522715133E1,3.021283810E0,-1.806200237E0,1.011835964E0,3.662557463E0
3.523717333E1,2.309146737E0,-1.759994370E0,9.583221003E-1,3.057469556E0
3.524719633E1,1.430687955E0,-1.588572718E0,9.484090233E-1,2.338784082E0
3.525721833E1,5.460439879E-1,-1.217572732E0,8.059281653E-1,1.558899484E0
3.526724033E1,-3.081459260E-1,-6.596068561E-1,6.936091460E-1,1.005548986E0
3.527726233E1,-1.156208543E0,1.074835181E-2,7.460285573E-1,1.376042270E0
3.528728433E1,-1.901802798E0,6.345339954E-1,9.071667109E-1,2.200554184E0
3.529730633E1,-2.454015014E0,1.153802413E0,9.313953799E-1,2.867219393E0
3.530732833E1,-3.190326814E0,1.710425184E0,7.512163532E-1,3.697034690E0
3.531735033E1,-3.977124059E0,2.130254683E0,4.251726848E-1,4.531696438E0
3.532737233E1,-4.470133801E0,2.478914797E0,1.259455168E-1,5.113020344E0
3.533739433E1,-4.703258781E0,2.636053455E0,-2.596599367E-1,5.397855524E0
3.534741633E1,-4.841446613E0,2.704010380E0,-5.897285360E-1,5.576652866E0
3.535743833E1,-4.967202680E0,2.710259299E0,-8.554599291E-1,5.722798234E0
3.536746133E1,-5.023797880E0,2.616540712E0,-8.769390911E-1,5.731828034E0
3.537748333E1,-4.956023973E0,2.438752027E0,-8.554466267E-1,5.589407303E0
3.538750533E1,-4.639069217E0,2.122422338E0,-8.607933207E-1,5.173645225E0
3.539752733E1,-4.371256215E0,1.590464585E0,-5.347139843E-1,4.682240653E0
3.540754933E1,-4.037762609E0,1.105592413E0,-1.479991677E-1,4.189005279E0
3.541757133E1,-3.692157081E0,6.977976528E-1,1.840304415E-1,3.762022418E0
3.542759333E1,-3.430631590E0,2.828561336E-1,3.832697833E-1,3.463543911E0
3.543761533E1,-3.211970868E0,-2.150088438E-1,1.140438017E-1,3.221178611E0
3.544763733E1,-3.343644317E0,-7.236215883E-1,-1.332796794E-1,3.423645571E0
3.545765933E1,-3.340453491E0,-1.281916955E0,-2.673417163E-1,3.587953762E0
3.546768133E1,-3.174521790E0,-2.200098797E0,-3.716518043E-1,3.880225300E0
3.547770433E1,-2.836670254E0,-3.082812598E0,-3.067019561E-1,4.200535411E0
3.548772633E1,-2.078551848E0,-3.968975672E0,-3.198693010E-1,4.491710369E0
3.549774833E1,-9.460128343E-1,-4.696578045E0,-2.065887071E-1,4.795358642E0
3.550777033E1,-3.638973731E-1,-5.294366675E0,8.694912001E-2,5.307570060E0
3.551779233E1,3.822968066E-2,-5.703436128E0,4.350356220E-1,5.720131219E0
3.552781433E1,1.623245537E-1,-5.754019806E0,5.823706922E-1,5.785693460E0
3.553783633E1,-5.858968556E-2,-5.481469390E0,7.118515818E-1,5.527808978E0
3.554785833E1,-2.015698957E-1,-5.067992890E0,7.949563037E-1,5.133920323E0
3.555788033E1,-1.466259491E-1,-4.611874694E0,5.361392431E-1,4.645248395E0
3.556790233E1,5.239105225E-4,-4.326751302E0,-1.262370005E-2,4.326769750E0
3.557792433E1,-2.489767814E-1,-4.054277777E0,-4.982139100E-1,4.092355658E0
3.558794733E1,-7.879397911E-1,-3.746827670E0,-8.235592747E-1,3.916352459E0
3.559796933E1,-1.113946622E0,-3.763793659E0,-9.666201764E-1,4.042446579E0
3.560799133E1,-1.165428432E0,-3.906183885E0,-7.821368681E-1,4.150690792E0
3.561801333E1,-1.085933781E0,-3.958486059E0,-6.028549504E-1,4.148770679E0
3.562803521E1,-6.625684708E-1,-4.061834134E0,-3.305945563E-1,4.128775396E0
3.563805721E1,-2.422823042E-1,-4.220439274E0,-7.776153624E-2,4.228103031E0
3.564807921E1,1.290305078E-1,-4.266398681E0,3.586570984E-1,4.283391354E0
3.565810121E1,1.367213506E-1,-3.906159034E0,8.170484000E-1,3.993036340E0
3.566812321E1,4.264082015E-1,-3.684446357E0,1.410205889E0,3.968078826E0
3.567814521E1,9.599859256E-1,-3.736659070E0,1.849283107E0,4.278322334E0
3.568816721E1,1.727451691E0,-3.821889839E0,1.916526818E0,4.611291178E0
3.569818921E1,2.447220549E0,-3.909292849E0,1.957408065E0,5.010279965E0
3.570821221E1,2.842424499E0,-3.857342092E0,1.927625272E0,5.164707566E0
3.571823421E1,2.988469820E0,-3.597621637E0,1.771432693E0,5.001180570E0
3.572825621E1,3.040820526E0,-3.212651483E0,1.739347997E0,4.753214753E0
3.573827821E1,2.899041919E0,-2.808552164E0,1.717850124E0,4.386732082E0
3.574830021E1,2.605738565E0,-2.520983759E0,1.595202437E0,3.961048270E0
3.575832221E1,2.254333184E0,-2.373626323E0,1.369599754E0,3.548510041E0
3.576834421E1,1.808207002E0,-2.092415596E0,9.102180804E-1,2.911410748E0
3.577836621E1,1.101359906E0,-1.669223363E0,5.159337509E-1,2.065305768E0
3.578838821E1,1.015526873E-1,-1.049972820E0,1.532830042E-1,1.065951008E0
3.579841021E1,-9.374735606E-1,-2.186928821E-1,-1.766506706E-1,9.787178924E-1
3.580843221E1,-1.820375057E0,7.343447971E-1,-5.061813261E-1,2.027127812E0
3.581845521E1,-2.803865036E0,1.715394148E0,-6.916419965E-1,3.358958897E0
3.582847721E1,-3.495969547E0,2.708367140E0,-1.063500500E0,4.548416093E0
3.583849921E1,-3.898767276E0,3.649679983E0,-1.356127038E0,5.509957422E0
3.584852121E1,-4.149615752E0,4.329722857E0,-1.710642846E0,6.236353891E0
3.585854321E1,-4.271592178E0,4.936710620E0,-1.949511546E0,6.813090837E0
3.586856521E1,-4.248803825E0,5.383503385E0,-2.158174553E0,7.189726006E0
3.587858721E1,-4.225294510E0,5.598575086E0,-2.267163437E0,7.371376176E0
3.588860921E1,-3.867406320E0,5.640569204E0,-2.373558496E0,7.239242538E0
3.589863121E1,-3.343535559E0,5.535523975E0,-2.339056415E0,6.876949950E0
3.590865321E1,-2.870795190E0,5.334780291E0,-2.140478539E0,6.425184367E0
3.591867521E1,-2.305834875E0,5.000318971E0,-1.866410186E0,5.814082151E0
3.592869721E1,-1.672987801E0,4.687347922E0,-1.652260152E0,5.244052091E0
3.593872021E1,-1.026275809E0,4.302854902E0,-1.214495489E0,4.587243359E0
3.594874221E1,-2.372273862E-1,3.828153961E0,-9.589433670E-1,3.953556875E0
3.595876421E1,4.584684849E-1,3.315443196E0,-7.842297328E-1,3.437640646E0
3.596878621E1,1.608322858E0,2.816567527E0,-4.337563974E-1,3.272292723E0
3.597880821E1,2.620147859E0,2.368711739E0,-1.085067809E-1,3.533800196E0
3.598883021E1,3.407374874E0,2.014734167E0,2.471571279E-1,3.966162370E0
3.599885221E1,3.777518243E0,1.947612809E0,4.551887816E-1,4.274346331E0
3.600887421E1,3.787551481E0,1.947236248E0,3.378525589E-1,4.272168018E0
3.601889621E1,4.007477540E0,1.827365404E0,1.444702269E-1,4.406814292E0
3.602891821E1,4.541936440E0,1.478539229E0,-1.880080099E-1,4.780231363E0
3.603894021E1,5.166337795E0,1.200619315E0,-6.478733946E-1,5.343432688E0
3.604896321E1,5.557693108E0,1.000575542E0,-9.287408902E-1,5.722906931E0
3.605898521E1,5.532566453E0,9.597087675E-1,-9.187107226E-1,5.689847262E0
3.606900721E1,5.206129267E0,1.009239947E0,-7.776137544E-1,5.359760290E0
3.607902921E1,5.142820294E0,9.036392319E-1,-4.952310991E-1,5.245037491E0
3.608905121E1,5.118393551E0,6.617422593E-1,-1.444004989E-1,5.163013351E0
3.609907321E1,4.802407678E0,5.939964187E-1,1.879610860E-1,4.842652230E0
3.610909521E1,4.513510786E0,3.966862196E-1,5.027131963E-1,4.558712551E0
3.611911721E1,4.286297926E0,2.310223210E-1,7.196983990E-1,4.352434607E0
3.612913921E1,3.988800949E0,1.934375882E-1,6.000784001E-1,4.038322077E0
3.613916121E1,3.823460986E0,2.988775045E-1,1.313308024E-1,3.837372728E0
3.614918321E1,3.627930095E0,3.735903025E-1,-2.469068670E-1,3.655462965E0
3.615920521E1,3.566103975E0,4.013090283E-1,-7.586838323E-1,3.667935067E0
3.616922821E1,3.510616822E0,4.301305389E-1,-1.149202409E0,3.718885442E0
3.617925021E1,3.308006707E0,3.651399064E-1,-1.202969896E0,3.538837675E0
3.618927221E1,3.188819987E0,2.091139734E-1,-1.098825722E0,3.379307552E0
3.619929421E1,3.311715011E0,-2.836747438E-1,-6.025070411E-1,3.378008645E0
3.620931621E1,3.558235377E0,-9.900435376E-1,-2.774094522E-2,3.693507109E0
3.621933821E1,3.865021241E0,-1.547011878E0,4.875879112E-1,4.191584058E0
3.622936021E1,4.093436288E0,-2.207510435E0,1.001925080E0,4.757433849E0
3.623938221E1,4.171804765E0,-2.533745892E0,1.505145668E0,5.107767294E0
3.624940421E1,3.923891008E0,-2.425962412E0,1.677631513E0,4.908835072E0
3.625942621E1,3.434456254E0,-2.133214543E0,1.848555713E0,4.445587956E0
3.626944821E1,2.687744011E0,-1.625816558E0,1.944277996E0,3.694247457E0
3.627947021E1,1.698440146E0,-8.190124798E-1,1.886881873E0,2.667546358E0
3.628949321E1,5.738743955E-1,1.151521415E-1,1.756123513E0,1.851097412E0
3.629951521E1,-6.493642884E-1,1.015817479E0,1.438954018E0,1.877271370E0
3.630953721E1,-1.887907475E0,1.783263949E0,1.115686753E0,2.826478706E0
3.631955921E1,-3.087059138E0,2.234152104E0,6.283053951E-1,3.862141558E0
3.632958121E1,-3.907612360E0,2.363702429E0,1.512258075E-1,4.569397419E0
3.633960321E1,-4.557518685E0,2.114340901E0,-2.120681329E-1,5.028557139E0
3.634962521E1,-5.070166885E0,1.771424507E0,-4.872057956E-1,5.392764274E0
3.635964721E1,-5.368294192E0,1.357036427E0,-5.332128578E-1,5.562773260E0
3.636966921E1,-5.538280937E0,9.992672279E-1,-5.574291015E-1,5.655246938E0
3.637969121E1,-5.685493947E0,8.163961431E-1,-8.617681977E-1,5.808096806E0
3.638971321E1,-5.949429660E0,8.462786311E-1,-1.125797174E0,6.113862942E0
3.639973521E1,-6.090867375E0,1.030803601E0,-1.386327469E0,6.331123541E0
3.640975821E1,-6.047472264E0,1.170982118E0,-1.648899319E0,6.376675377E0
3.641978021E1,-5.834732432E0,1.125610063E0,-1.616032412E0,6.158137813E0
3.642980221E1,-5.337270035E0,1.136064300E0,-1.633030853E0,5.695953238E0
3.643982421E1,-4.360529498E0,8.894395611E-1,-1.531174256E0,4.706358979E0
3.644984621E1,-3.307084016E0,3.170480195E-1,-9.794045287E-1,3.463604678E0
3.645986821E1,-2.402080044E0,-2.628525165E-1,-2.363906497E-1,2.427953979E0
3.646989021E1,-1.567945495E0,-9.944073147E-1,4.824572718E-1,1.918349291E0
3.647991221E1,-5.035972953E-1,-2.086625391E0,1.047648552E0,2.388552542E0
3.648993421E1,5.472485143E-1,-2.893078636E0,1.121787738E0,3.150839993E0
3.649995621E1,8.591565388E-1,-3.421768088E0,9.983072613E-1,3.666505720E0
3.650997821E1,9.645134246E-1,-3.708946776E0,8.508574395E-1,3.925624882E0
3.652000021E1,1.266886395E0,-3.827397624E0,6.373229711E-1,4.081685225E0
3.653002321E1,1.326656048E0,-3.891027609E0,6.958005363E-1,4.169442470E0
3.654004521E1,1.320027645E0,-3.841663076E0,6.537432683E-1,4.114392839E0
3.655006721E1,1.687248575E0,-3.909912069E0,6.023110132E-1,4.300813726E0
3.656008921E1,1.938475950E0,-4.028345961E0,6.598769975E-1,4.518926625E0
3.657011121E1,1.600590500E0,-4.229072980E0,6.197202207E-1,4.564099185E0
3.658013321E1,1.003456466E0,-4.140746987E0,4.171533747E-1,4.280972720E0
3.659015521E1,1.964950973E-1,-3.942941529E0,-6.182188019E-2,3.948318651E0
3.660017721E1,-9.297926581E-1,-3.879782829E0,-3.353068274E-1,4.003705765E0
3.661019921E1,-1.678794086E0,-4.044480768E0,-6.007791889E-1,4.420080304E0
3.662022121E1,-2.091679432E0,-4.118551541E0,-6.095998599E-1,4.659313429E0
3.663024396E1,-2.350999353E0,-3.941473001E0,-4.678556049E-1,4.613165533E0
3.664026596E1,-2.241627769E0,-3.737670930E0,-1.125974929E-1,4.359788668E0
3.665028896E1,-1.638110914E0,-3.803646819E0,5.774229245E-1,4.181453542E0
3.666031096E1,-1.159836740E0,-3.684016295E0,1.210700353E0,4.047590971E0
3.667033296E1,-8.604651457E-1,-3.462045756E0,1.497724528E0,3.869023113E0
3.668035496E1,-3.317534745E-1,-3.637548180E0,1.687864433E0,4.023767323E0
3.669037696E1,1.785406369E-1,-3.716891680E0,1.764233016E0,4.118213042E0
3.670039896E1,7.851810747E-1,-3.659667612E0,1.632678412E0,4.083541985E0
3.671042096E1,1.220612115E0,-3.689776972E0,1.807287235E0,4.286097897E0
3.672044296E1,1.385846243E0,-3.768811739E0,2.198713299E0,4.578083868E0
3.673046496E1,1.581390583E0,-3.826042239E0,2.563891212E0,4.869592749E0
3.674048696E1,1.929577657E0,-3.806459329E0,2.666999259E0,5.032423632E0
3.675050896E1,2.094115382E0,-3.743523993E0,2.541377678E0,4.985768910E0
3.676053096E1,1.776139702E0,-3.645869645E0,2.325670969E0,4.675016916E0
3.677055296E1,1.186719899E0,-3.257912733E0,2.046150087E0,4.026043924E0
3.678057596E1,2.588305092E-1,-2.623902064E0,1.660809805E0,3.116110473E0
3.679059796E1,-7.644275522E-1,-1.639303453E0,1.092035497E0,2.112866967E0
3.680061996E1,-1.632207565E0,-4.870438278E-1,5.545803380E-1,1.791332626E0
3.681064196E1,-2.285207067E0,6.011867398E-1,7.426957905E-2,2.364130455E0
3.682066396E1,-2.882284968E0,1.673440960E0,-3.958728719E-1,3.356290604E0
3.683068596E1,-3.523690612E0,2.626852276E0,-7.841788620E-1,4.464491561E0
3.684070796E1,-3.769268991E0,3.433450533E0,-9.161734696E-1,5.180284270E0
3.685072996E1,-4.203772663E0,3.966785012E0,-7.272568023E-1,5.825460531E0
3.686075196E1,-4.293712195E0,4.463701279E0,-6.503021818E-1,6.227638915E0
3.687077396E1,-4.232755557E0,4.802183145E0,-7.594248207E-1,6.446232126E0
3.688079596E1,-4.169310343E0,5.020581327E0,-8.807112761E-1,6.585213584E0
3.689081796E1,-4.066540266E0,5.358242244E0,-1.263640605E0,6.844289390E0
3.690084096E1,-3.886102207E0,5.517531508E0,-1.579773828E0,6.931134802E0
3.691086296E1,-3.535963333E0,5.472305049E0,-1.794426869E0,6.757893682E0
3.692088496E1,-3.091175578E0,5.351266515E0,-2.061511454E0,6.514694870E0
3.693090696E1,-2.538357591E0,5.038921704E0,-2.088989274E0,6.016466354E0
3.694092896E1,-1.623411598E0,4.461293980E0,-1.638909059E0,5.022412976E0
3.695095096E1,-4.900580674E-1,3.911342298E0,-1.053708606E0,4.080325638E0
3.696097296E1,9.316497338E-1,3.431489961E0,-4.229862647E-1,3.580783708E0
3.697099496E1,2.159497193E0,3.292019250E0,6.871472418E-2,3.937707529E0
3.698101696E1,3.150019033E0,3.294040048E0,5.223773825E-1,4.587613527E0
3.699103896E1,3.914791571E0,3.163167667E0,6.962018014E-1,5.080936890E0
3.700106096E1,4.400736122E0,2.973707355E0,9.178777868E-1,5.389982697E0
3.701108296E1,5.125331272E0,2.954860024E0,9.254581171E-1,5.988045686E0
3.702110496E1,5.843410869E0,2.955940005E0,7.110664469E-1,6.587005951E0
3.703112696E1,6.296674163E0,2.756207889E0,6.043389738E-1,6.900000945E0
3.704114996E1,6.566001593E0,2.521012411E0,5.666156620E-1,7.056127395E0
3.705117196E1,6.331119525E0,2.370507419E0,6.076017201E-1,6.787603385E0
3.706119396E1,5.909900143E0,2.148323164E0,8.723459570E-1,6.348480101E0
3.707121596E1,5.698546686E0,1.713533564E0,1.278194910E0,6.086330079E0
3.708123796E1,5.625610857E0,1.247627420E0,1.651166577E0,5.994199092E0
3.709125996E1,5.566389672E0,8.031910837E-1,1.916196743E0,5.941516629E0
3.710128196E1,5.373103527E0,3.878703725E-1,1.856532485E0,5.698017006E0
3.711130396E1,5.177638124E0,-7.853044510E-2,1.746536857E0,5.464841678E0
3.712132596E1,4.896054345E0,-5.496639991E-1,1.388119056E0,5.118628056E0
3.713134796E1,4.229972282E0,-6.956216115E-1,9.453423049E-1,4.389786670E0
3.714136996E1,3.371889292E0,-6.212339187E-1,2.417332506E-1,3.437150556E0
3.715139196E1,2.339583249E0,-2.210627586E-1,-4.200021382E-1,2.387241152E0
3.716141396E1,1.301427067E0,1.180406660E-1,-8.366291173E-1,1.551642449E0
3.717143696E1,5.478215414E-1,1.711474174E-1,-9.397395028E-1,1.101140415E0
3.718145896E1,2.084380352E-1,1.003382206E-3,-9.380524349E-1,9.609317312E-1
3.719148096E1,2.808166248E-1,-3.589541370E-1,-7.690755039E-1,8.939704581E-1
3.720150296E1,5.030043876E-1,-1.089811655E0,-3.263962555E-1,1.243879967E0
3.721152496E1,1.207177552E0,-1.832509784E0,-7.372695744E-2,2.195633261E0
3.722154696E1,2.026690553E0,-2.581136990E0,1.581133890E-1,3.285535361E0
3.723156896E1,2.920539792E0,-3.212835086E0,4.587128985E-1,4.366037046E0
3.724159096E1,3.304010135E0,-3.223565311E0,7.753590681E-1,4.680709131E0
3.725161296E1,3.066933607E0,-2.910800670E0,1.207656439E0,4.397417010E0
3.726163496E1,2.628551477E0,-2.371199144E0,1.626317518E0,3.895738302E0
3.727165696E1,2.270894837E0,-1.696812866E0,1.855300915E0,3.387960854E0
3.728167896E1,1.849807602E0,-9.574447256E-1,1.878298599E0,2.804727116E0
3.729170096E1,1.209326988E0,-2.046075243E-1,1.955872440E0,2.308630114E0
3.730172396E1,2.090718734E-1,5.362662739E-1,1.953623600E0,2.036648653E0
3.731174596E1,-8.094704086E-1,1.172925732E0,1.724665347E0,2.237290252E0
3.732176796E1,-1.749835417E0,1.734885256E0,1.275556500E0,2.774670291E0
3.733178996E1,-2.658269366E0,2.132638593E0,7.882736671E-1,3.497987816E0
3.734181196E1,-3.335005640E0,2.267307571E0,1.717419331E-1,4.036389666E0
3.735183396E1,-3.934897807E0,2.423225915E0,-3.034583594E-1,4.631147974E0
3.736185596E1,-4.226030089E0,2.452528067E0,-5.949461527E-1,4.922213441E0
3.737187796E1,-4.650556657E0,2.389655296E0,-6.224290895E-1,5.265505448E0
3.738189996E1,-4.863302920E0,2.302332685E0,-7.669683136E-1,5.435134909E0
3.739192196E1,-4.956867726E0,2.223244415E0,-7.619519873E-1,5.485792943E0
3.740194396E1,-4.811245744E0,2.183331029E0,-8.360384023E-1,5.349203698E0
3.741196596E1,-4.663588346E0,2.105296135E0,-9.667296655E-1,5.207292418E0
3.742198796E1,-4.429693873E0,1.991563405E0,-1.186107257E0,4.999536281E0
3.743200996E1,-4.293599929E0,1.897017144E0,-1.549700574E0,4.943202025E0
3.744203296E1,-4.183108603E0,1.642437853E0,-1.844232867E0,4.857694366E0
3.745205496E1,-4.407894284E0,1.191331890E0,-1.830201450E0,4.919191095E0
3.746207696E1,-4.198410181E0,4.747266680E-1,-1.614392268E0,4.523082561E0
3.747209896E1,-3.735850984E0,-5.705666256E-1,-1.468172993E0,4.054338514E0
3.748212096E1,-2.766372104E0,-1.913404843E0,-1.099072767E0,3.538628783E0
3.749214296E1,-2.017405760E0,-3.082456503E0,-5.432987201E-1,3.723793441E0
3.750216496E1,-1.809343116E0,-3.787437460E0,7.272766829E-3,4.197434683E0
3.751218696E1,-1.659971899E0,-4.233850448E0,5.425039373E-1,4.579880658E0
3.752220896E1,-1.491787266E0,-4.683843394E0,1.142691534E0,5.046737770E0
3.753223096E1,-1.040253578E0,-5.261821657E0,1.432712261E0,5.551716769E0
3.754225296E1,-3.970738900E-1,-5.684796374E0,1.400827979E0,5.868295878E0
3.755227496E1,-3.513767302E-2,-5.913464606E0,1.230454294E0,6.040224836E0
3.756229696E1,1.557844430E-1,-5.914894835E0,1.031014978E0,6.006100364E0
3.757231896E1,8.157450557E-2,-5.750873419E0,7.118376946E-1,5.795335399E0
3.758234196E1,-4.797716457E-1,-5.153666294E0,2.767767835E-1,5.183344721E0
3.759236396E1,-1.039745455E0,-4.538378702E0,9.116393924E-2,4.656851159E0
3.760238596E1,-9.943236995E-1,-4.378335147E0,-8.623517498E-2,4.490649706E0
3.761240796E1,-4.875870341E-1,-4.725545736E0,-1.555483617E-1,4.753179873E0
3.762242996E1,-1.550558800E-1,-5.183947270E0,6.258567274E-2,5.186643287E0
3.763245121E1,1.559323776E-1,-5.515638179E0,2.008512729E-1,5.521496234E0
3.764247321E1,6.437164629E-1,-5.623791203E0,3.568128866E-1,5.671746981E0
3.765249521E1,1.053530851E0,-5.577468976E0,4.939100669E-1,5.697546366E0
3.766251721E1,1.288295390E0,-5.192699967E0,6.975487076E-1,5.395406580E0
3.767253921E1,1.405612171E0,-4.676043500E0,9.959099029E-1,4.983268498E0
3.768256121E1,1.466015078E0,-4.082981467E0,1.366574405E0,4.548347334E0
3.769258321E1,1.589182582E0,-3.504813461E0,1.809168138E0,4.252329717E0
3.770260521E1,1.994251955E0,-3.241064858E0,2.356471616E0,4.475991594E0
3.771262721E1,2.375029655E0,-3.120854291E0,2.736886935E0,4.782368394E0
3.772264921E1,2.863783793E0,-3.150796713E0,2.894106284E0,5.148264632E0
3.773267221E1,3.303573348E0,-3.160576181E0,2.849096172E0,5.387038858E0
3.774269421E1,3.499914663E0,-2.942734653E0,2.606242011E0,5.263229741E0
3.775271621E1,3.469982767E0,-2.525007228E0,2.045846032E0,4.754148493E0
3.776273821E1,3.268723358E0,-2.053348010E0,1.404360282E0,4.107677962E0
3.777276021E1,3.021021854E0,-1.635294895E0,8.491912754E-1,3.538628019E0
3.778278221E1,2.408647052E0,-1.140332183E0,3.822937368E-1,2.692227072E0
3.779280421E1,1.395270785E0,-4.655816227E-1,7.310028210E-2,1.472715337E0
3.780282621E1,5.066284919E-1,1.114052457E-1,-5.149233520E-2,5.212820907E-1
3.781284821E1,-1.059281588E-1,6.231301707E-1,-3.162719478E-1,7.067813873E-1
3.782287021E1,-7.533365536E-1,1.268262829E0,-4.848354806E-1,1.552762702E0
3.783289221E1,-1.224923267E0,1.887025715E0,-6.126866050E-1,2.331670631E0
3.784291421E1,-1.603984224E0,2.450459322E0,-6.256731248E-1,2.994826061E0
3.785293621E1,-1.955894220E0,3.101117599E0,-5.981767394E-1,3.714871192E0
3.786295821E1,-2.190495622E0,3.748063479E0,-7.210897440E-1,4.400706913E0
3.787298121E1,-2.416146691E0,4.260606430E0,-8.321482497E-1,4.968199139E0
3.788300321E1,-2.484013569E0,4.720916787E0,-1.123009368E0,5.451470330E0
3.789302521E1,-2.404878522E0,5.184463579E0,-1.555474554E0,5.922972598E0
3.790304721E1,-2.420436793E0,5.481676966E0,-1.847636239E0,6.270650389E0
3.791306921E1,-2.461538626E0,5.772301710E0,-2.140166883E0,6.630154880E0
3.792309121E1,-2.520983759E0,5.986936040E0,-2.429358182E0,6.935455532E0
3.793311321E1,-2.534727055E0,5.940075869E0,-2.683008058E0,6.993416534E0
3.794313521E1,-2.357138929E0,5.918092092E0,-2.988876202E0,7.036568687E0
3.795315721E1,-2.137632115E0,5.745694540E0,-3.167223588E0,6.900274057E0
3.796317921E1,-2.097095708E0,5.366273394E0,-3.201364603E0,6.591163469E0
3.797320121E1,-1.678879455E0,4.935445867E0,-3.256015604E0,6.146454242E0
3.798322321E1,-1.078183297E0,4.329786592E0,-3.117417297E0,5.443144474E0
3.799324521E1,-2.909410787E-1,3.930242838E0,-2.664044661E0,4.756951696E0
3.800326721E1,8.939404553E-1,3.505256680E0,-2.371215078E0,4.325345636E0
3.801328921E1,1.989312227E0,3.038045438E0,-2.239414305E0,4.266387190E0
3.802331121E1,2.879380072E0,2.541037370E0,-2.098214426E0,4.376094639E0
3.803333421E1,3.813865705E0,2.105234447E0,-1.812191879E0,4.718222451E0
3.804335621E1,4.466515544E0,1.603915227E0,-1.356072806E0,4.935710548E0
3.805337821E1,5.155741471E0,1.067943068E0,-9.101676482E-1,5.343274058E0
3.806340021E1,5.720843874E0,4.390528053E-1,-4.126901950E-1,5.752489478E0
3.807342221E1,5.849515947E0,-1.479345560E-1,9.211878955E-2,5.852111356E0
3.808344421E1,5.765300839E0,-6.960683388E-1,6.067796016E-1,5.838782954E0
3.809346621E1,5.342384010E0,-9.156125754E-1,9.369081348E-1,5.500655429E0
3.810348821E1,4.711334370E0,-8.850509334E-1,9.993211685E-1,4.896797882E0
3.811351021E1,3.957447594E0,-7.483962411E-1,8.951525831E-1,4.125867974E0
3.812353221E1,3.681077192E0,-6.081420028E-1,7.139999950E-1,3.798678978E0
3.813355421E1,3.807968203E0,-6.477077723E-1,7.225445312E-1,3.929658738E0
3.814357621E1,3.909558898E0,-4.827584034E-1,6.472972977E-1,3.992079689E0
3.815359821E1,3.956366444E0,-8.944485784E-2,6.079430513E-1,4.003802015E0
3.816362021E1,3.865788395E0,3.675472051E-1,7.983852571E-1,3.964445722E0
3.817364321E1,3.677877595E0,6.276974308E-1,1.178020411E0,3.912610351E0
3.818366521E1,3.813623046E0,4.481545812E-1,1.586999817E0,4.154892499E0
3.819368721E1,3.880435086E0,2.101056612E-1,1.755700175E0,4.264317524E0
3.820370921E1,3.629314131E0,-7.656578064E-2,2.090493763E0,4.189027041E0
3.821373121E1,3.113873885E0,-4.062323838E-1,2.238298510E0,3.856321504E0
3.822375321E1,2.703431506E0,-7.524080157E-1,2.172151737E0,3.548648038E0
3.823377521E1,2.373766072E0,-1.171010184E0,1.911966574E0,3.265217665E0
3.824379721E1,2.047004365E0,-1.545182285E0,1.549243907E0,2.996326392E0
3.825381921E1,1.614833733E0,-1.754757019E0,1.180297902E0,2.660820046E0
3.826384121E1,1.231884962E0,-1.657550567E0,8.012515622E-1,2.215179114E0
3.827386321E1,8.091365325E-1,-1.519542829E0,7.761383557E-1,1.888412848E0
3.828388521E1,5.814523870E-1,-1.330478373E0,7.873305112E-1,1.651710905E0
3.829390721E1,4.756411725E-1,-9.785999519E-1,8.536629336E-1,1.382979680E0
3.830392921E1,2.911059701E-1,-4.980804473E-1,1.079325112E0,1.223833941E0
3.831395121E1,-1.610340732E-1,7.587990224E-2,1.171966643E0,1.185409441E0
3.832397321E1,-7.420321316E-1,5.498721600E-1,1.316056216E0,1.607785757E0
3.833399521E1,-1.292443405E0,9.891904289E-1,1.320280683E0,2.095721532E0
3.834401821E1,-2.146164372E0,1.368121578E0,1.103516359E0,2.774081202E0
3.835404021E1,-2.875834905E0,1.818049035E0,8.137096399E-1,3.498264151E0
3.836406221E1,-3.308577980E0,2.222175837E0,4.614138736E-1,4.012188488E0
3.837408421E1,-3.762024291E0,2.356005739E0,4.914000034E-3,4.438875303E0
3.838410621E1,-4.133528307E0,2.340838062E0,-4.035211761E-1,4.767432059E0
3.839412821E1,-4.362174904E0,2.098515412E0,-6.981876621E-1,4.890787548E0
3.840415021E1,-4.477189636E0,1.833515505E0,-8.977978635E-1,4.920675477E0
3.841417221E1,-4.527453471E0,1.634962773E0,-1.205086003E0,4.962173967E0
3.842419421E1,-4.393126556E0,1.460859295E0,-1.302355020E0,4.809345009E0
3.843421621E1,-4.254062226E0,1.360193923E0,-1.292188612E0,4.649400428E0
3.844423821E1,-4.041204865E0,1.219659019E0,-1.099116329E0,4.361990553E0
3.845426021E1,-3.850547628E0,1.059071088E0,-9.710950506E-1,4.109911702E0
3.846428221E1,-3.668097543E0,8.276111028E-1,-9.427752310E-1,3.876687356E0
3.847430421E1,-3.395084027E0,2.446820015E-1,-8.843937063E-1,3.516904471E0
3.848432621E1,-3.097066648E0,-5.115638342E-1,-6.981943864E-1,3.215741715E0
3.849434921E1,-2.540275478E0,-1.351841760E0,-6.189868337E-1,2.943402852E0
3.850437121E1,-1.716320931E0,-2.198438188E0,-5.889726372E-1,2.850574814E0
3.851439321E1,-9.579148418E-1,-2.805720065E0,-4.404958981E-1,2.997282530E0
3.852441521E1,-2.309714502E-1,-3.364262476E0,-6.351362586E-2,3.372779833E0
3.853443721E1,6.278172988E-1,-3.807679351E0,2.701419479E-1,3.868533737E0
3.854445921E1,1.275969459E0,-3.990657732E0,4.437247306E-1,4.213115099E0
3.855448121E1,1.662479770E0,-4.313320540E0,8.587782240E-1,4.701709594E0
3.856450321E1,2.000228394E0,-4.499071964E0,1.030794976E0,5.030417522E0
3.857452521E1,1.954962759E0,-4.291917392E0,1.028097071E0,4.826947056E0
3.858454721E1,1.939151888E0,-4.059606930E0,8.459299909E-1,4.577806900E0
3.859456921E1,1.960959663E0,-3.727646756E0,3.615981017E-1,4.227465710E0
3.860459121E1,1.443026749E0,-3.308843736E0,-7.309311926E-2,3.610556144E0
3.861461321E1,6.573843294E-1,-3.185056134E0,-4.552933006E-1,3.283904493E0
3.862463521E1,-2.359678960E-1,-3.447001455E0,-6.825943074E-1,3.521851057E0
3.863466133E1,-1.041445241E0,-3.989012910E0,-7.588194877E-1,4.191973187E0
3.864468333E1,-1.457226713E0,-4.476175729E0,-8.287014623E-1,4.779791310E0
3.865470533E1,-1.652800289E0,-4.732030298E0,-8.001348902E-1,5.075832481E0
3.866472833E1,-1.594162656E0,-4.862810877E0,-7.672769004E-1,5.174649558E0
3.867475033E1,-1.401096951E0,-4.893690900E0,-3.752286923E-1,5.104123810E0
3.868477233E1,-1.006858376E0,-4.564557271E0,3.859162331E-2,4.674445013E0
3.869479433E1,-5.907056057E-1,-4.085516527E0,5.960318345E-1,4.170807158E0
3.870481633E1,-1.385298944E-1,-3.738784825E0,1.419630139E0,4.001631196E0
3.871483833E1,5.592873466E-1,-3.416410577E0,1.874653152E0,3.936875412E0
3.872486033E1,1.269930455E0,-3.255153140E0,2.128111678E0,4.091161771E0
3.873488233E1,1.882815135E0,-3.165487257E0,2.415999195E0,4.404810384E0
3.874490433E1,2.334102654E0,-3.003978390E0,2.405420705E0,4.500885483E0
3.875492633E1,2.513028622E0,-2.801754191E0,2.147184126E0,4.333075014E0
3.876494833E1,2.420989355E0,-2.408202664E0,1.763784535E0,3.843379426E0
3.877497033E1,1.994637287E0,-1.870049493E0,1.389048032E0,3.066776394E0
3.878499233E1,1.192459525E0,-1.339963726E0,1.080774929E0,2.094167366E0
3.879501433E1,3.129201776E-1,-7.972929972E-1,7.430197263E-1,1.133875423E0
3.880503633E1,-5.528583330E-1,-2.236314404E-1,3.127478309E-1,6.734051999E-1
3.881505833E1,-1.375634081E0,4.212427711E-1,-7.935329452E-2,1.440871799E0
3.882508033E1,-2.233218888E0,1.081302786E0,-4.087965341E-1,2.514676306E0
3.883510233E1,-2.849925892E0,1.853595428E0,-7.406937039E-1,3.479442594E0
3.884512533E1,-3.230977827E0,2.571952769E0,-1.172539377E0,4.292901973E0
3.885514733E1,-3.532991193E0,3.221365004E0,-1.529310164E0,5.019761831E0
3.886516933E1,-3.693169234E0,3.926448580E0,-1.820849413E0,5.689638831E0
3.887519133E1,-3.716690828E0,4.555167519E0,-2.009883901E0,6.213129255E0
3.888521333E1,-3.777673779E0,5.041677496E0,-1.999769388E0,6.609720778E0
3.889523533E1,-3.552660642E0,5.409818194E0,-1.962643808E0,6.763098494E0
3.890525733E1,-3.241020420E0,5.598371603E0,-1.806649303E0,6.716394842E0
3.891527933E1,-3.081915343E0,5.695179275E0,-1.688451932E0,6.692095268E0
3.892530133E1,-3.013139808E0,5.642057905E0,-1.634765868E0,6.601839770E0
3.893532333E1,-2.796295230E0,5.355336762E0,-1.552966098E0,6.237836368E0
3.894534533E1,-2.301232531E0,4.960273730E0,-1.621556423E0,5.703457887E0
3.895536733E1,-1.809203952E0,4.511346146E0,-1.683401838E0,5.143860879E0
3.896538933E1,-1.145022819E0,3.965604460E0,-1.644843398E0,4.443265217E0
3.897541133E1,-2.959959966E-1,3.478534319E0,-1.498811526E0,3.799243429E0
3.898543333E1,7.286542869E-1,2.889435529E0,-1.176473823E0,3.203726798E0
3.899545533E1,1.850574172E0,2.349726414E0,-7.198561276E-1,3.076366661E0
3.900547733E1,2.873966135E0,1.939578150E0,-3.979718761E-1,3.489989450E0
3.901549933E1,3.704705790E0,1.623523280E0,-7.030107379E-2,4.045443743E0
3.902552233E1,4.209501765E0,1.332583371E0,4.104803860E-2,4.415582463E0
3.903554433E1,4.699074513E0,1.095047252E0,2.410117042E-1,4.830995385E0
3.904556633E1,5.044891126E0,9.174170262E-1,4.616230577E-1,5.148366374E0
3.905558833E1,5.310579250E0,9.234367347E-1,4.842014962E-1,5.411971772E0
3.906561033E1,5.458218521E0,1.025114552E0,4.668060297E-1,5.573232199E0
3.907563233E1,5.604142805E0,9.252394313E-1,4.823900288E-1,5.700454782E0
3.908565433E1,5.780574351E0,6.317238235E-1,6.104661249E-1,5.846946528E0
3.909567633E1,5.581963731E0,3.978878224E-1,8.105999444E-1,5.654529696E0
3.910569833E1,5.177146373E0,1.826208240E-1,9.278839807E-1,5.262809480E0
3.911572033E1,4.753530217E0,4.435873210E-2,9.825257725E-1,4.854211998E0
3.912574233E1,4.334442730E0,-3.487267721E-1,9.514769112E-1,4.451327044E0
3.913576433E1,4.299661152E0,-7.440365571E-1,7.998977856E-1,4.436272409E0
3.914578633E1,4.017113752E0,-8.836423391E-1,4.729784967E-1,4.140257883E0
3.915580833E1,3.330498607E0,-6.320635468E-1,2.304982643E-1,3.397772027E0
3.916583033E1,2.389463507E0,-3.315447289E-1,7.561663136E-2,2.413540062E0
3.917585233E1,1.673925110E0,-2.896067441E-1,7.762880445E-2,1.700565662E0
3.918587433E1,1.296410156E0,-2.856323916E-1,1.304075271E-3,1.327503995E0
3.919589733E1,1.341836590E0,-5.025611687E-1,-2.669253945E-3,1.432864364E0
3.920591833E1,1.625741129E0,-9.409520692E-1,3.259385647E-1,1.906478681E0
3.921594133E1,2.348081008E0,-1.541543562E0,7.580043858E-1,2.909366189E0
3.922596333E1,3.149953544E0,-2.300526772E0,1.287892517E0,4.107712002E0
3.923598533E1,3.865021825E0,-2.858228354E0,1.665473544E0,5.087402595E0
3.924600733E1,4.269260309E0,-3.060788183E0,1.962901524E0,5.607850772E0
3.925602933E1,3.862258431E0,-2.868370934E0,2.193030390E0,5.287151813E0
3.926605133E1,3.297638424E0,-2.553566199E0,2.319040665E0,4.772113695E0
3.927607333E1,2.620941911E0,-2.037420194E0,2.177086056E0,3.969901919E0
3.928609533E1,1.755351096E0,-1.257484657E0,1.828875740E0,2.829719350E0
3.929611733E1,8.387462479E-1,-3.394180048E-1,1.309793117E0,1.591935256E0
3.930613933E1,1.397659957E-2,5.361119074E-1,7.081019086E-1,8.882677724E-1
3.931616133E1,-7.394926858E-1,1.309489208E0,1.328107327E-1,1.509718553E0
3.932618333E1,-1.431361554E0,2.016122881E0,-2.955480999E-1,2.490159844E0
3.933620533E1,-2.030843246E0,2.607789184E0,-5.167049986E-1,3.345425649E0
3.934622733E1,-2.678645158E0,3.083723887E0,-7.620870580E-1,4.155149766E0
3.935624933E1,-3.318820547E0,3.459975257E0,-1.019010790E0,4.901467290E0
3.936627133E1,-3.856471442E0,3.619996592E0,-1.215252703E0,5.427115850E0
3.937629333E1,-4.272808399E0,3.717161529E0,-1.481102795E0,5.853874524E0
3.938631533E1,-4.464488899E0,3.600131847E0,-1.518245624E0,5.932763287E0
3.939633833E1,-4.505871398E0,3.365236915E0,-1.513578230E0,5.823969060E0
3.940636033E1,-4.457775711E0,3.117666389E0,-1.532805483E0,5.651645835E0
3.941638233E1,-4.411237137E0,2.891974974E0,-1.420428430E0,5.462613775E0
3.942640433E1,-4.300278034E0,2.772433328E0,-1.307852572E0,5.281027937E0
3.943642633E1,-4.097444555E0,2.519267601E0,-1.107660865E0,4.935855926E0
3.944644833E1,-3.964216331E0,2.133202264E0,-8.936211973E-1,4.589566631E0
3.945647033E1,-3.807059546E0,1.657898768E0,-7.258810987E-1,4.215356934E0
3.946649233E1,-3.308035943E0,9.586100757E-1,-6.540552172E-1,3.505684427E0
3.947651433E1,-2.754574762E0,1.126012936E-1,-4.804915841E-1,2.798434086E0
3.948653633E1,-2.388377094E0,-8.103150389E-1,-1.923657936E-1,2.529418946E0
3.949655833E1,-1.834041170E0,-1.875916882E0,1.514341146E-1,2.627870517E0
3.950658033E1,-8.189861673E-1,-3.094759337E0,6.891136605E-1,3.274622319E0
3.951660233E1,-1.455149782E-1,-4.066927644E0,1.203387972E0,4.243726862E0
3.952662433E1,3.579004687E-1,-4.587470170E0,1.355978373E0,4.797046243E0
3.953664633E1,7.119207251E-1,-5.125010844E0,1.415387546E0,5.364316283E0
3.954666833E1,8.728881401E-1,-5.611694484E0,1.054106217E0,5.776174218E0
3.955669033E1,8.730202872E-1,-5.886611268E0,8.017930144E-1,6.004767163E0
3.956671233E1,6.805591840E-1,-6.042083470E0,6.320875204E-1,6.113057180E0
3.957673433E1,3.318189633E-1,-6.084987999E0,4.592566895E-1,6.111309146E0
3.958675633E1,-2.614085466E-1,-5.727844160E0,6.062042356E-2,5.734126611E0
3.959677933E1,-6.749990666E-1,-5.275098345E0,-2.921251398E-1,5.326126490E0
3.960680133E1,-9.625072449E-1,-4.951160259E0,-3.126069130E-1,5.053526609E0
3.961682333E1,-1.224599331E0,-4.909357345E0,-1.217637344E-1,5.061250781E0
3.962684533E1,-1.338106651E0,-5.101900309E0,1.356653434E-1,5.276203300E0
3.963686646E1,-1.335158485E0,-5.320087992E0,1.861466950E-1,5.488226946E0
3.964688846E1,-1.443976922E0,-5.130421858E0,-1.635533461E-1,5.332264762E0
3.965691046E1,-1.392703273E0,-4.874707915E0,-2.321796311E-1,5.075067196E0
3.966693246E1,-9.470951539E-1,-4.383648219E0,-4.945268020E-1,4.511974922E0
3.967695446E1,-6.817859298E-1,-3.649869140E0,-7.068535280E-1,3.779685001E0
3.968697646E1,-8.557932204E-1,-3.201279234E0,-3.534220862E-1,3.332488250E0
3.969699846E1,-4.848493677E-1,-3.139273897E0,-1.467306143E-1,3.179881976E0
3.970702046E1,2.434277737E-1,-3.568517121E0,3.965499794E-1,3.598725248E0
3.971704246E1,8.529871416E-1,-4.059702532E0,8.782838045E-1,4.240301186E0
3.972706446E1,1.466766445E0,-4.306142206E0,1.226622468E0,4.711567381E0
3.973708646E1,1.766259077E0,-4.412873772E0,1.402214792E0,4.955737320E0
3.974710846E1,1.939820225E0,-4.353528627E0,1.562823188E0,5.015827980E0
3.975713046E1,1.862279128E0,-4.094219815E0,1.606660933E0,4.776199200E0
3.976715246E1,1.433561862E0,-3.538074178E0,1.555566501E0,4.122239153E0
3.977717546E1,8.434170038E-1,-2.883988847E0,1.369469361E0,3.302149337E0
3.978719746E1,2.664201951E-1,-2.050827275E0,1.068893095E0,2.327961486E0
3.979721946E1,-3.503558064E-1,-1.025713892E0,7.253311680E-1,1.304202240E0
3.980724146E1,-6.227068323E-1,7.367023945E-2,2.809464329E-1,6.871113457E-1
3.981726346E1,-9.330881488E-1,1.312242662E0,-1.578748226E-2,1.610243317E0
3.982728546E1,-1.346029628E0,2.450675084E0,-1.083009589E-1,2.798094570E0
3.983730746E1,-1.600686395E0,3.440941985E0,-4.908445179E-2,3.795350835E0
3.984732946E1,-1.835803521E0,4.289459515E0,-1.187844318E-1,4.667306208E0
3.985735146E1,-1.951770764E0,4.741765035E0,-3.089031404E-1,5.137038632E0
3.986737346E1,-2.028307309E0,5.122034612E0,-5.008960278E-1,5.531741673E0
3.987739546E1,-1.999617945E0,5.596332679E0,-6.972914301E-1,5.983613182E0
3.988741746E1,-1.652864608E0,6.086103063E0,-8.043938559E-1,6.357645900E0
3.989743946E1,-1.374740626E0,6.596747423E0,-7.176271690E-1,6.776575618E0
3.990746146E1,-1.258806127E0,6.938480925E0,-3.597756708E-1,7.060917005E0
3.991748346E1,-1.070638050E0,7.317486919E0,-3.595955765E-1,7.404133279E0
3.992750546E1,-7.911195070E-1,7.310388399E0,-3.109176524E-1,7.359641187E0
3.993752746E1,-4.224677628E-1,7.031063983E0,-4.728923965E-1,7.059601049E0
3.994754946E1,-3.320458353E-2,6.824014077E0,-8.884249230E-1,6.881683625E0
3.995757146E1,2.295406365E-1,6.592663143E0,-1.200918254E0,6.705080228E0
3.996759346E1,3.983491677E-1,6.208872957E0,-1.392511045E0,6.375568404E0
3.997761546E1,5.131288415E-1,5.729547454E0,-1.685806067E0,5.994410508E0
3.998763746E1,6.601038694E-1,5.183195318E0,-1.793076162E0,5.524162646E0
3.999766046E1,6.812626040E-1,4.484174135E0,-1.850585282E0,4.898632697E0
4.000768246E1,1.260878965E0,3.884202447E0,-1.814298631E0,4.468615438E0
4.001770446E1,2.064948885E0,3.220653398E0,-1.582394550E0,4.140120134E0
4.002772646E1,2.731138537E0,2.470636309E0,-8.410395259E-1,3.777632719E0
4.003774846E1,3.884980127E0,1.561510634E0,4.406169355E-2,4.187281634E0
4.004777046E1,4.812394722E0,7.241215253E-1,9.965799938E-1,4.967561437E0
4.005779246E1,5.467333746E0,6.625246167E-2,1.812633344E0,5.760361735E0
4.006781446E1,6.181197501E0,-5.802133620E-1,2.493455653E0,6.690379001E0
4.007783646E1,6.295473729E0,-1.086559433E0,2.811408529E0,6.979800770E0
4.008785846E1,5.910177886E0,-1.058858249E0,2.702255630E0,6.584342710E0
4.009788046E1,5.123749015E0,-6.387264490E-1,2.318368381E0,5.660000654E0
4.010790246E1,4.492777728E0,-6.061691523E-1,1.936130632E0,4.929614040E0
4.011792446E1,4.489007444E0,-1.094496444E0,1.639418205E0,4.902734170E0
4.012794646E1,4.301327609E0,-1.804013963E0,1.202091498E0,4.816732248E0
4.013796846E1,4.056073165E0,-2.306286280E0,6.389718859E-1,4.709455488E0
4.014799046E1,3.501281742E0,-2.501465169E0,5.631862700E-2,4.303425800E0
4.015801246E1,2.629177714E0,-2.751207935E0,-3.061146033E-1,3.817777718E0
4.016803446E1,1.608681877E0,-3.059055068E0,-6.860973743E-1,3.523691942E0
4.017805646E1,7.280105084E-1,-2.998097845E0,-1.010573843E0,3.246513435E0
4.018807846E1,-1.457050127E-1,-2.861156055E0,-1.162395043E0,3.091699558E0
4.019810046E1,-5.968638933E-1,-3.061346008E0,-9.675944687E-1,3.265627802E0
4.020812346E1,-3.080020845E-1,-3.538547802E0,-6.028993893E-1,3.602731395E0
4.021814546E1,5.064928365E-1,-4.062016275E0,-1.589607967E-1,4.096557060E0
4.022816746E1,1.704276252E0,-4.140998710E0,1.087545566E-1,4.479314167E0
4.023818946E1,2.625911459E0,-3.752372877E0,2.503923923E-1,4.586764606E0
4.024821146E1,3.255466551E0,-3.223694535E0,4.680354068E-1,4.605358407E0
4.025823346E1,3.770496322E0,-2.743376175E0,7.063743487E-1,4.716112813E0
4.026825546E1,3.782416456E0,-2.081649703E0,1.317971033E0,4.514087657E0
4.027827746E1,3.137170361E0,-1.209380783E0,1.941114213E0,3.882314277E0
4.028829946E1,2.271741514E0,-2.452070814E-1,2.294096589E0,3.237872014E0
4.029832146E1,1.141045543E0,6.197662675E-1,2.034186684E0,2.413298701E0
4.030834346E1,-3.161250365E-1,1.380932243E0,1.371761324E0,1.971962988E0
4.031836546E1,-1.410671766E0,2.134365276E0,7.208400679E-1,2.658029414E0
4.032838746E1,-2.572669052E0,2.473000338E0,9.824170142E-2,3.569875090E0
4.033840946E1,-3.568682597E0,2.827852653E0,-4.635739812E-1,4.576805321E0
4.034843146E1,-4.219099385E0,3.048086277E0,-1.064193980E0,5.312639494E0
4.035845346E1,-4.778569164E0,3.123983721E0,-1.459547473E0,5.892730807E0
4.036847546E1,-5.095490592E0,3.046180669E0,-1.579320815E0,6.143085159E0
4.037849746E1,-5.354284848E0,2.860290667E0,-1.457999130E0,6.243027342E0
4.038851946E1,-5.383520926E0,2.679321974E0,-1.419360144E0,6.178644432E0
4.039854146E1,-5.141148575E0,2.622150823E0,-1.477208987E0,5.957283777E0
4.040856346E1,-4.803651381E0,2.656928307E0,-1.626836312E0,5.725463388E0
4.041858546E1,-4.420645307E0,2.864570829E0,-1.749206257E0,5.550458854E0
4.042860746E1,-4.200443258E0,3.173704349E0,-1.882187144E0,5.590952630E0
4.043863046E1,-4.112276602E0,3.293515260E0,-1.771408719E0,5.558412585E0
4.044865246E1,-4.174505594E0,3.123953607E0,-1.419143505E0,5.403660924E0
4.045867446E1,-3.751563622E0,2.801734018E0,-1.257511700E0,4.848224293E0
4.046869646E1,-2.653001025E0,1.865469369E0,-9.494172294E-1,3.379317014E0
4.047871846E1,-1.281919001E0,7.382326108E-1,-3.784804751E-1,1.526941775E0
4.048874046E1,-1.165543038E-1,-2.375755879E-1,1.685533002E-2,2.651625310E-1
4.049876246E1,1.841137936E0,-2.179955431E0,5.750103633E-1,2.910778504E0
4.050878446E1,2.874086003E0,-2.808716178E0,9.345156004E-1,4.125842499E0
4.051880646E1,2.598161159E0,-3.311546026E0,9.010927695E-1,4.304503069E0
4.052882846E1,2.328512131E0,-3.799364026E0,1.256078694E0,4.629780711E0
4.053885046E1,2.441474490E0,-3.914303328E0,1.301881396E0,4.793481345E0
4.054887246E1,2.605285991E0,-3.833325531E0,1.090516244E0,4.761420523E0
4.055889446E1,2.560020940E0,-3.761377004E0,1.002015127E0,4.658937486E0
4.056891646E1,2.485418655E0,-3.544104119E0,8.372997929E-1,4.408973898E0
4.057893846E1,2.018554153E0,-3.374519662E0,6.150399631E-1,3.979977132E0
4.058896046E1,1.383450054E0,-3.210429541E0,4.689852139E-1,3.527143182E0
4.059898246E1,4.453414857E-1,-2.952844197E0,4.006994560E-2,2.986506904E0
4.060900446E1,-6.568095481E-1,-3.058422400E0,-4.883996509E-1,3.166051259E0
4.061902646E1,-1.694286284E0,-3.664819301E0,-8.373686439E-1,4.123432159E0
4.062904525E1,-2.489223438E0,-4.350563211E0,-1.038410975E0,5.118782173E0
4.063906725E1,-2.789145840E0,-4.983019398E0,-1.192515513E0,5.833687521E0
4.064908925E1,-2.803832291E0,-5.419057379E0,-1.495579185E0,6.282070956E0
4.065911225E1,-2.798486182E0,-5.323584627E0,-1.644558346E0,6.235114301E0
4.066913425E1,-2.845259814E0,-5.139195020E0,-1.441832456E0,6.048612212E0
4.067915625E1,-2.806329052E0,-4.700564092E0,-8.927090317E-1,5.546865326E0
4.068917825E1,-2.498440989E0,-4.279966853E0,-1.879996777E-1,4.959401931E0
4.069920025E1,-1.752263766E0,-4.246681870E0,4.726525144E-1,4.618239449E0
4.070922225E1,-8.849462682E-1,-4.489840087E0,1.129220719E0,4.713484204E0
4.071924425E1,1.917576832E-1,-4.987830487E0,1.498125063E0,5.211487569E0
4.072926625E1,1.407872120E0,-5.558638018E0,1.616490249E0,5.957650648E0
4.073928825E1,2.092283449E0,-5.919352752E0,1.528782014E0,6.461699581E0
4.074931025E1,2.424380740E0,-5.781793495E0,1.412299631E0,6.426612501E0
4.075933225E1,2.169847934E0,-5.414680154E0,1.561598927E0,6.038674725E0
4.076935425E1,1.414354928E0,-4.955095435E0,1.704307827E0,5.427525753E0
4.077937625E1,8.312729216E-1,-4.321142361E0,1.580130508E0,4.675478414E0
4.078939825E1,3.373527682E-1,-3.565062294E0,1.321373089E0,3.817001819E0
4.079942025E1,-1.144726950E-1,-2.747951036E0,8.525205338E-1,2.879432263E0
4.080944225E1,-6.229395515E-1,-1.798471388E0,2.699196806E-1,1.922344831E0
4.081946425E1,-1.219666620E0,-8.294830889E-1,-1.698323786E-1,1.484746408E0
4.082948625E1,-1.743094747E0,2.524102664E-1,-5.112002836E-1,1.833961823E0
4.083950825E1,-2.207297596E0,1.387685777E0,-9.020878194E-1,2.758912273E0
4.084953025E1,-2.610499953E0,2.351719145E0,-1.182206287E0,3.707142383E0
4.085955225E1,-2.876427813E0,3.129000632E0,-1.235101515E0,4.426054413E0
4.086957425E1,-3.237158334E0,3.794850560E0,-1.194704272E0,5.129074297E0
4.087959625E1,-3.253627601E0,4.387436045E0,-1.282996497E0,5.610861577E0
4.088961825E1,-3.322682049E0,4.829699557E0,-1.331508068E0,6.011582782E0
4.089964025E1,-3.243126002E0,5.118136273E0,-1.383121587E0,6.214998833E0
4.090966325E1,-3.032344987E0,5.380668070E0,-1.423640891E0,6.338253575E0
4.091968525E1,-2.677303222E0,5.651240957E0,-1.611593206E0,6.457686084E0
4.092970725E1,-2.315244214E0,5.804963087E0,-1.786037722E0,6.499837149E0
4.093972925E1,-2.188858986E0,5.818176041E0,-1.868280857E0,6.490974462E0
4.094975125E1,-1.830710011E0,5.654784370E0,-1.959279320E0,6.258343301E0
4.095977325E1,-1.469269638E0,5.262033327E0,-1.880288699E0,5.777822565E0
4.096979525E1,-1.027409585E0,4.933438518E0,-1.859712347E0,5.371491048E0
4.097981725E1,-2.699367106E-1,4.468480209E0,-1.748609256E0,4.806018678E0
4.098983925E1,5.128937835E-1,3.986117662E0,-1.487452871E0,4.285406642E0
4.099986125E1,1.234772317E0,3.635523289E0,-1.187968279E0,4.019074631E0
4.100988325E1,1.911955903E0,3.397466183E0,-7.831585228E-1,3.976391468E0
4.101990525E1,2.518054304E0,3.031726937E0,-6.798382223E-2,3.941647815E0
4.102992725E1,3.168904370E0,2.645028346E0,5.770827627E-1,4.167871684E0
4.103994925E1,3.740445727E0,2.066831104E0,1.313413859E0,4.470769622E0
4.104997125E1,4.464952583E0,1.498857134E0,1.589316484E0,4.970744528E0
4.105999325E1,5.227889680E0,1.257236150E0,1.463594331E0,5.572574056E0
4.107001525E1,5.698403429E0,1.084174939E0,1.547334645E0,6.003455792E0
4.108003725E1,5.884157776E0,9.621172357E-1,1.612608283E0,6.176527162E0
4.109005925E1,5.964606108E0,8.983667976E-1,1.697990495E0,6.266319546E0
4.110008125E1,5.758808091E0,8.930931938E-1,1.856041903E0,6.116075345E0
4.111010325E1,5.308536233E0,9.754956651E-1,1.876030756E0,5.714161367E0
4.112012525E1,4.942774183E0,9.969958770E-1,1.751782248E0,5.337954519E0
4.113014725E1,4.926023664E0,7.580675358E-1,1.542664912E0,5.217297246E0
4.114016925E1,4.928184210E0,3.581057060E-1,1.304051882E0,5.110361104E0
4.115019125E1,4.725914987E0,3.022601187E-2,1.069205336E0,4.845450044E0
4.116021325E1,4.353755499E0,-6.109814107E-2,7.346839356E-1,4.415731016E0
4.117023525E1,3.933755261E0,1.570445180E-2,3.082972227E-1,3.945848991E0
4.118025825E1,3.646137155E0,-3.202052236E-2,7.641726136E-3,3.646285762E0
4.119028025E1,3.562882744E0,-2.149231821E-1,-1.703334850E-1,3.573421178E0
4.120030225E1,3.531986641E0,-3.627355313E-1,-2.840789326E-1,3.561910659E0
4.121032425E1,3.272324658E0,-5.130481499E-1,-1.016684622E-1,3.313859313E0
4.122034625E1,2.902877108E0,-8.085915720E-1,2.490609813E-1,3.023664533E0
4.123036825E1,2.728932967E0,-1.316406464E0,5.424216378E-1,3.078022474E0
4.124039025E1,2.799868464E0,-1.895165623E0,8.398953719E-1,3.483725074E0
4.125041225E1,2.935971764E0,-2.367551066E0,9.296879929E-1,3.884526742E0
4.126043425E1,3.090001457E0,-2.824360111E0,9.725059837E-1,4.297776976E0
4.127045625E1,3.140367619E0,-2.968607998E0,1.092387792E0,4.457337020E0
4.128047825E1,2.849991381E0,-2.746258267E0,1.294905521E0,4.164272524E0
4.129050025E1,2.247102517E0,-2.392367234E0,1.553977520E0,3.631492371E0
4.130052225E1,1.621631121E0,-1.856262928E0,1.674475917E0,2.979810254E0
4.131054425E1,8.292848682E-1,-1.199784333E0,1.625088433E0,2.183599838E0
4.132056625E1,-1.152410191E-1,-4.825397176E-1,1.460597048E0,1.542552692E0
4.133058825E1,-1.104292284E0,2.238910568E-1,1.188792590E0,1.637930547E0
4.134061025E1,-2.115320894E0,8.310232455E-1,7.652869467E-1,2.398092206E0
4.135063225E1,-2.925532145E0,1.338608342E0,1.920629078E-1,3.222964285E0
4.136065425E1,-3.663551917E0,1.835284873E0,-3.704594108E-1,4.114258547E0
4.137067625E1,-4.329495986E0,2.151843480E0,-8.026141097E-1,4.900934121E0
4.138069825E1,-4.828232490E0,2.367780277E0,-1.200017636E0,5.509832552E0
4.139072025E1,-5.083158229E0,2.403245979E0,-1.435906887E0,5.803095502E0
4.140074225E1,-5.252117034E0,2.217412987E0,-1.562293577E0,5.911210951E0
4.141076425E1,-5.466415148E0,1.933178665E0,-1.714255987E0,6.046283810E0
4.142078625E1,-5.567856154E0,1.564607027E0,-1.691289586E0,6.025734624E0
4.143080825E1,-5.458532517E0,1.245376242E0,-1.821098943E0,5.887524147E0
4.144083025E1,-5.018171690E0,1.013778263E0,-1.910182589E0,5.464301510E0
4.145085225E1,-4.419835467E0,8.290954185E-1,-1.924281395E0,4.891339659E0
4.146087425E1,-3.943929416E0,6.542876440E-1,-1.992173855E0,4.466702165E0
4.147089725E1,-3.625603487E0,5.231445372E-1,-2.091612774E0,4.218237173E0
4.148091925E1,-3.310443826E0,1.899473852E-1,-1.714698329E0,3.733002638E0
4.149094125E1,-2.771698918E0,-1.553099415E-1,-1.539562526E0,3.174380072E0
4.150096325E1,-2.232730061E0,-5.938090155E-1,-1.279324007E0,2.640901851E0
4.151098525E1,-1.598294883E0,-1.142071729E0,-8.851456583E-1,2.154613006E0
4.152100725E1,-9.935039198E-1,-1.544942841E0,-7.009229895E-1,1.966009018E0
4.153102925E1,-5.826610065E-1,-1.873429476E0,-6.132711804E-1,2.055561576E0
4.154105125E1,-5.736761749E-2,-2.325421878E0,-5.244025657E-1,2.384507497E0
4.155107325E1,3.807455403E-1,-2.867676577E0,-3.068186080E-1,2.909067510E0
4.156109525E1,8.712906808E-1,-3.534738341E0,-1.269331115E-1,3.642750967E0
4.157111725E1,1.220084696E0,-4.084362871E0,-5.681885630E-2,4.263080472E0
4.158113925E1,1.373472365E0,-4.494436291E0,7.164359450E-2,4.700161350E0
4.159116125E1,1.263233639E0,-4.633199489E0,3.562316734E-1,4.815516352E0
4.160118325E1,1.161992608E0,-4.406777465E0,2.859672908E-1,4.566365266E0
4.161120525E1,8.745072341E-1,-4.155313571E0,1.465258156E-1,4.248866153E0
4.162122725E1,5.008210373E-1,-3.818744622E0,-1.268777092E-1,3.853534761E0
4.163124883E1,9.328706324E-2,-3.428351176E0,-3.788004640E-1,3.450475917E0
4.164127083E1,-3.713765466E-1,-3.146483806E0,-5.163022716E-1,3.210116652E0
4.165129283E1,-6.688448721E-1,-3.316202749E0,-7.456568205E-1,3.464182188E0
4.166131483E1,-6.813392025E-1,-3.899083903E0,-5.856606281E-1,4.001259397E0
4.167133683E1,-6.556886369E-1,-4.176745663E0,-4.975957131E-1,4.257080386E0
4.168135883E1,-9.021224642E-1,-4.051425213E0,-4.783993042E-1,4.178126026E0
4.169138083E1,-1.153576711E0,-3.930377909E0,-2.771191379E-1,4.105533431E0
4.170140283E1,-9.925443918E-1,-3.992580589E0,5.304623276E-2,4.114445046E0
4.171142483E1,-5.470333368E-1,-4.104772870E0,4.602758592E-1,4.166564490E0
4.172144683E1,-1.141230315E-1,-3.974121806E0,9.093155627E-1,4.078421630E0
4.173146883E1,2.349270916E-1,-3.875651186E0,1.016528355E0,4.013625886E0
4.174149083E1,6.163403839E-1,-3.883791680E0,1.306268561E0,4.143676005E0
4.175151283E1,1.115455788E0,-3.974370021E0,1.390259575E0,4.355764039E0
4.176153483E1,1.588002030E0,-3.809946024E0,1.371498784E0,4.349534236E0
4.177155683E1,1.822524494E0,-3.463697594E0,1.339716974E0,4.136863320E0
4.178157883E1,1.855997465E0,-3.199206396E0,1.319900029E0,3.927057962E0
4.179160083E1,1.772967002E0,-3.048992303E0,1.143523447E0,3.707750251E0
4.180162283E1,1.547294884E0,-2.716926295E0,9.988791190E-1,3.282311600E0
4.181164483E1,1.236655705E0,-2.538839402E0,8.859049192E-1,2.959704439E0
4.182166783E1,8.169823265E-1,-2.380614331E0,6.998975341E-1,2.612401438E0
4.183168983E1,5.195648718E-1,-2.139928901E0,5.136317021E-1,2.261207837E0
4.184171183E1,1.552032298E-1,-1.660144976E0,2.282865550E-1,1.682939136E0
4.185173383E1,-4.534977669E-1,-9.450755256E-1,1.271769404E-3,1.048250729E0
4.186175583E1,-1.003528971E0,-3.869745791E-2,-1.565808338E-1,1.016408110E0
4.187177783E1,-1.497926257E0,8.706837398E-1,-2.786921851E-1,1.754862553E0
4.188179983E1,-1.808664254E0,1.781399857E0,-4.174414963E-1,2.572724089E0
4.189182183E1,-2.043035275E0,2.699180580E0,-7.432911833E-1,3.465840551E0
4.190184383E1,-2.296996808E0,3.397373797E0,-1.032492131E0,4.228993149E0
4.191186583E1,-2.416274745E0,3.965586918E0,-1.316884766E0,4.826846666E0
4.192188783E1,-2.504207513E0,4.496403002E0,-1.593470930E0,5.387749514E0
4.193190983E1,-2.699450721E0,4.939681005E0,-1.833865753E0,5.920350178E0
4.194193183E1,-2.736606268E0,5.254449488E0,-1.914787125E0,6.226127450E0
4.195195383E1,-2.601388822E0,5.401470709E0,-1.882848902E0,6.283966073E0
4.196197583E1,-2.506376830E0,5.388703313E0,-1.702002270E0,6.181978643E0
4.197199783E1,-2.352135467E0,5.340669022E0,-1.560307131E0,6.040682511E0
4.198201983E1,-2.232339467E0,5.092162941E0,-1.400710450E0,5.733711946E0
4.199204183E1,-1.638057119E0,4.714715815E0,-1.117957227E0,5.114841611E0
4.200206383E1,-8.605300498E-1,4.347451615E0,-9.317713559E-1,4.528691353E0
4.201208583E1,-1.351747620E-1,4.020844275E0,-6.902727248E-1,4.081903641E0
4.202210783E1,5.655081993E-1,3.721149330E0,-4.592410482E-1,3.791787732E0
4.203212983E1,1.178572973E0,3.457730511E0,-2.443590890E-1,3.661235570E0
4.204215183E1,1.765591909E0,3.208629768E0,6.815499946E-2,3.662958488E0
4.205217383E1,2.511766793E0,3.019015675E0,3.544471031E-1,3.943229744E0
4.206219583E1,3.220989028E0,2.845320041E0,5.637989120E-1,4.334568683E0
4.207221783E1,4.005814008E0,2.526601179E0,7.078539866E-1,4.788665435E0
4.208223983E1,4.851737128E0,1.968320723E0,1.081893794E0,5.346413172E0
4.209226183E1,5.716619845E0,1.387499835E0,1.218164324E0,6.007397321E0
4.210228383E1,6.179605889E0,1.307246801E0,1.223898104E0,6.433844085E0
4.211230583E1,6.189661345E0,1.228942058E0,1.235884896E0,6.430366835E0
4.212232783E1,6.044816458E0,1.030608011E0,1.382143055E0,6.285879279E0
4.213234983E1,6.002060448E0,9.813382030E-1,1.272933731E0,6.213542836E0
4.214237183E1,5.851408691E0,1.215264251E0,1.042666286E0,6.066547935E0
4.215239383E1,5.224486601E0,1.503783998E0,9.658929290E-1,5.521736657E0
4.216241583E1,4.552344484E0,1.637069525E0,9.829314230E-1,4.936597118E0
4.217243783E1,4.207023130E0,1.437850794E0,1.037012467E0,4.565287875E0
4.218245983E1,4.049494463E0,1.097106056E0,9.499363160E-1,4.301677127E0
4.219248183E1,3.889755548E0,8.998595917E-1,8.308343804E-1,4.078018057E0
4.220250383E1,3.443396062E0,7.632651258E-1,7.219093774E-1,3.600097671E0
4.221252583E1,2.967753135E0,5.937543440E-1,6.633419113E-1,3.098406910E0
4.222254883E1,2.850044591E0,3.143036288E-1,7.116247098E-1,2.954310523E0
4.223257083E1,2.796593438E0,2.568342698E-1,6.942210571E-1,2.892895017E0
4.224259283E1,2.579592156E0,2.069522578E-1,8.146884638E-1,2.713087212E0
4.225261483E1,2.314301058E0,6.235529244E-2,1.185241576E0,2.600898915E0
4.226263683E1,2.065832400E0,-2.285056794E-1,1.523300250E0,2.576882225E0
4.227265883E1,1.891140985E0,-7.546311271E-1,1.863017778E0,2.759840141E0
4.228268083E1,2.065938234E0,-1.503806802E0,2.037428380E0,3.268126388E0
4.229270283E1,2.296794494E0,-2.213646503E0,2.025147473E0,3.778454456E0
4.230272483E1,2.597860027E0,-2.825030787E0,1.972552792E0,4.315163981E0
4.231274683E1,3.020891461E0,-3.114873174E0,1.909744486E0,4.740816819E0
4.232276883E1,3.127071050E0,-2.941374006E0,1.974094995E0,4.725177822E0
4.233279083E1,2.842615703E0,-2.505913730E0,2.233584193E0,4.398745958E0
4.234281283E1,2.265749288E0,-1.512833734E0,2.378637826E0,3.616656418E0
4.235283483E1,1.434320830E0,-3.476725191E-1,2.481161882E0,2.886921666E0
4.236285683E1,4.197388673E-1,6.031683612E-1,2.513501077E0,2.618717330E0
4.237287883E1,-5.162261117E-1,1.513383957E0,2.175803470E0,2.700174279E0
4.238290083E1,-1.364094016E0,2.077886435E0,1.712044132E0,3.018188137E0
4.239292283E1,-2.197478952E0,2.708170089E0,1.157903504E0,3.674757067E0
4.240294483E1,-3.053601955E0,3.172660037E0,4.433205418E-1,4.425696523E0
4.241296683E1,-3.930795985E0,3.299514796E0,-9.355428100E-2,5.132904379E0
4.242298883E1,-4.294112145E0,3.329804542E0,-7.809495910E-1,5.489706701E0
4.243301083E1,-4.524488933E0,3.237836026E0,-1.252508091E0,5.702925456E0
4.244303283E1,-4.527739985E0,2.910436973E0,-1.441521676E0,5.572168114E0
4.245305483E1,-4.465701612E0,2.399431840E0,-1.633436065E0,5.326150337E0
4.246307683E1,-4.341581596E0,1.863467283E0,-1.715679784E0,5.026469754E0
4.247309883E1,-4.114238343E0,1.285644555E0,-1.807707796E0,4.674146610E0
4.248312083E1,-3.973334479E0,8.302081436E-1,-1.881473929E0,4.473988890E0
4.249314283E1,-3.801163799E0,4.928267241E-1,-1.967185194E0,4.308310805E0
4.250316483E1,-3.588691185E0,2.707515201E-1,-1.924653863E0,4.081213459E0
4.251318683E1,-3.402624012E0,4.080420971E-2,-1.813516858E0,3.855951056E0
4.252320883E1,-3.050426917E0,-3.540307814E-1,-1.604328333E0,3.464723881E0
4.253323083E1,-2.642408794E0,-9.290076694E-1,-1.277378931E0,3.078486059E0
4.254325283E1,-2.156894013E0,-1.672436701E0,-1.003050669E0,2.907807928E0
4.255327483E1,-1.593928183E0,-2.512426359E0,-7.874633892E-1,3.077822583E0
4.256329683E1,-7.223808092E-1,-3.483909372E0,-4.997150365E-1,3.592933852E0
4.257331883E1,1.022274560E-1,-4.348586852E0,-2.555221546E-1,4.357286958E0
4.258334083E1,7.695093673E-1,-4.896585564E0,-2.205104890E-1,4.961584397E0
4.259336283E1,1.287601326E0,-5.061315955E0,-1.457687473E-1,5.224565522E0
4.260338483E1,1.594112370E0,-5.119390501E0,-6.481638551E-3,5.361846264E0
4.261340683E1,1.610610874E0,-5.173211782E0,2.078743637E-1,5.422121290E0
4.262342883E1,1.164088835E0,-5.136533952E0,3.884150407E-1,5.281093647E0
4.263345196E1,5.305687469E-1,-4.908928159E0,4.330054687E-1,4.956467755E0
4.264347396E1,-1.124466348E-1,-4.590123636E0,3.083891702E-1,4.601845621E0
4.265349596E1,-5.740825564E-1,-4.313918711E0,-4.657014906E-3,4.351952104E0
4.266351796E1,-5.665373093E-1,-4.380992121E0,-3.283147269E-1,4.429655410E0
4.267353996E1,-4.102377266E-1,-4.641122174E0,-4.826484758E-1,4.684149825E0
4.268356196E1,-5.795345002E-1,-4.703103537E0,-6.023000497E-1,4.776798977E0
4.269358396E1,-9.038216650E-1,-4.822889889E0,-4.309041256E-1,4.925732316E0
4.270360596E1,-1.161799065E0,-4.992583104E0,-3.220891964E-1,5.136088451E0
4.271362796E1,-1.626203644E0,-5.091589329E0,-3.574970108E-1,5.356923025E0
4.272364996E1,-2.006758565E0,-5.166558820E0,-7.756682396E-2,5.543142303E0
4.273367196E1,-1.960815237E0,-5.270196040E0,2.759961802E-1,5.629914438E0
4.274369496E1,-1.527962819E0,-5.446973741E0,5.772283584E-1,5.686597040E0
4.275371696E1,-6.094523638E-1,-5.765696695E0,8.030747241E-1,5.853171754E0
4.276373896E1,3.447670376E-1,-5.958795730E0,9.510363235E-1,6.044053354E0
4.277376096E1,1.036380383E0,-6.089415511E0,1.450628715E0,6.345028702E0
4.278378296E1,1.557114113E0,-5.988630563E0,1.917104377E0,6.477930964E0
4.279380496E1,1.801093864E0,-5.603847520E0,1.837458867E0,6.166303692E0
4.280382696E1,2.097296852E0,-5.059139621E0,1.861330710E0,5.784297693E0
4.281384896E1,1.941677300E0,-4.362976850E0,2.002377831E0,5.178338991E0
4.282387096E1,1.622983582E0,-3.618169630E0,1.917523476E0,4.404784156E0
4.283389296E1,1.262750659E0,-2.834491582E0,1.734301704E0,3.554811409E0
4.284391496E1,6.643126953E-1,-2.010829689E0,1.257862971E0,2.463121322E0
4.285393696E1,8.111374497E-2,-1.212747610E0,6.310829687E-1,1.369526165E0
4.286395896E1,-5.562052792E-1,-5.011794716E-1,2.033525656E-1,7.758204956E-1
4.287398096E1,-1.471417905E0,3.125927335E-1,-3.626954779E-2,1.504692775E0
4.288400296E1,-2.272413944E0,1.141716803E0,-4.023843312E-1,2.574741840E0
4.289402496E1,-2.865319857E0,1.824818941E0,-6.365683879E-1,3.456188850E0
4.290404696E1,-3.254678931E0,2.556466418E0,-6.955445744E-1,4.196693668E0
4.291406896E1,-3.546671339E0,3.080569898E0,-9.590325370E-1,4.794635741E0
4.292409096E1,-3.510106360E0,3.566292256E0,-1.068988989E0,5.116837360E0
4.293411296E1,-3.704785897E0,4.057907436E0,-1.251504563E0,5.635451621E0
4.294413496E1,-3.947127843E0,4.542247512E0,-1.353306488E0,6.167922593E0
4.295415696E1,-4.059398476E0,4.860981576E0,-1.558222307E0,6.521956350E0
4.296417896E1,-3.633992488E0,5.143441853E0,-1.778982179E0,6.544132723E0
4.297420096E1,-3.017362082E0,5.644176351E0,-2.002687148E0,6.706113363E0
4.298422296E1,-1.925565298E0,5.609307650E0,-1.944662889E0,6.241301770E0
4.299424496E1,-8.124665219E-1,5.664259198E0,-1.582629608E0,5.937057402E0
4.300426696E1,-6.441292763E-1,5.627014189E0,-1.078622277E0,5.765554372E0
4.301428896E1,-1.012003925E0,5.182005994E0,-3.505579738E-1,5.291524257E0
4.302431096E1,-4.833869791E-1,4.624724827E0,-3.901472783E-1,4.666257344E0
4.303433296E1,4.528838092E-1,4.279520418E0,-9.537742822E-1,4.407843479E0
4.304435496E1,9.224801302E-1,4.015417475E0,-9.252091719E-1,4.222624669E0
4.305437696E1,1.568805036E0,3.709901041E0,-6.254004984E-1,4.076228742E0
4.306439896E1,2.356609172E0,3.608896238E0,-3.267669690E-1,4.322558906E0
4.307442096E1,3.041586512E0,3.643239859E0,7.454425201E-2,4.746577928E0
4.308444296E1,3.693081526E0,3.588475422E0,1.676297325E-1,5.152097314E0
4.309446496E1,4.295047114E0,3.228124970E0,4.633187503E-1,5.392854977E0
4.310448696E1,4.598168528E0,2.581407132E0,9.456598087E-1,5.357339738E0
4.311450896E1,4.859430310E0,2.089709505E0,1.253692153E0,5.436238843E0
4.312453096E1,5.390151669E0,1.544964768E0,1.289066053E0,5.753463517E0
4.313455296E1,5.852927213E0,9.384284109E-1,1.898636384E0,6.224325261E0
4.314457496E1,5.687874933E0,6.565282971E-1,2.329986799E0,6.181568502E0
4.315459696E1,5.628432723E0,6.464167070E-1,2.349686068E0,6.133362381E0
4.316461896E1,5.108814057E0,5.636265653E-1,2.632102491E0,5.774566607E0
4.317464096E1,4.097342813E0,5.151683503E-1,2.423306606E0,4.788113560E0
4.318466296E1,3.266099128E0,4.206691593E-1,1.727040778E0,3.718472254E0
4.319468496E1,2.990517515E0,3.859980941E-2,1.215973080E0,3.228509793E0
4.320470696E1,2.828820367E0,-2.414432287E-1,1.857765663E-1,2.845177048E0
4.321472896E1,2.927292742E0,-3.074465990E-2,-9.457245666E-1,3.076423733E0
4.322475096E1,2.945098098E0,2.484709972E-1,-1.802254536E0,3.461713746E0
4.323477296E1,2.635373424E0,4.561219972E-1,-2.055379478E0,3.373103194E0
4.324479496E1,2.452190098E0,6.110164940E-1,-1.769606023E0,3.085139042E0
4.325481696E1,2.739433982E0,6.864917690E-1,-1.256163186E0,3.090908513E0
4.326483896E1,3.125967096E0,4.700570816E-1,-7.652772988E-1,3.252425755E0
4.327486096E1,3.412836758E0,-6.232430220E-2,-9.761283338E-2,3.414801213E0
4.328488296E1,3.907874315E0,-9.170194155E-1,5.885285412E-1,4.056941226E0
4.329490496E1,4.644194301E0,-1.873591737E0,1.216269241E0,5.153464618E0
4.330492696E1,5.353871450E0,-2.566681504E0,1.554075315E0,6.137340102E0
4.331494896E1,5.416985126E0,-2.897930363E0,1.636527926E0,6.357668747E0
4.332497096E1,5.072960685E0,-2.974913051E0,1.939047661E0,6.192329416E0
4.333499296E1,4.626587166E0,-2.730419914E0,1.985752442E0,5.727452704E0
4.334501496E1,4.085770004E0,-2.196162744E0,1.967892122E0,5.038774328E0
4.335503696E1,3.354835303E0,-1.435159906E0,1.857310749E0,4.094411689E0
4.336505896E1,2.456488386E0,-5.790298855E-1,1.666529551E0,3.024389450E0
4.337508096E1,1.455178433E0,2.220468450E-1,1.449186791E0,2.065669729E0
4.338510296E1,4.604173619E-1,9.317941600E-1,1.126884756E0,1.533001552E0
4.339512496E1,-4.973273259E-1,1.517051915E0,8.416137224E-1,1.804742264E0
4.340514696E1,-1.591605669E0,1.972017918E0,5.013480176E-1,2.583295010E0
4.341516896E1,-2.444438444E0,2.247434054E0,2.008389938E-1,3.326646274E0
4.342519096E1,-3.148771822E0,2.405801797E0,-7.738804534E-2,3.963412063E0
4.343521296E1,-3.772983727E0,2.397624466E0,-4.614833093E-1,4.494104597E0
4.344523496E1,-4.304719579E0,2.251363383E0,-7.416889000E-1,4.914198832E0
4.345525696E1,-4.706098189E0,2.188323966E0,-1.111184397E0,5.307622133E0
4.346527896E1,-4.976255339E0,2.048714676E0,-1.310553986E0,5.538763470E0
4.347530096E1,-5.162473370E0,1.884664901E0,-1.476838274E0,5.690706843E0
4.348532296E1,-5.090211141E0,1.840268455E0,-1.608082538E0,5.646482701E0
4.349534496E1,-5.123054366E0,1.882265496E0,-1.567432987E0,5.678508220E0
4.350536696E1,-5.011518728E0,1.994254294E0,-1.644713882E0,5.638923115E0
4.351538896E1,-4.750211923E0,1.923941526E0,-1.718511444E0,5.405492197E0
4.352541096E1,-4.415013269E0,1.473585760E0,-1.617985967E0,4.927644036E0
4.353543296E1,-3.821274712E0,8.837116286E-1,-1.452929594E0,4.182593821E0
4.354545496E1,-3.060121016E0,4.669352531E-2,-1.239627845E0,3.301999108E0
4.355547696E1,-2.168665043E0,-1.067915294E0,-8.875471097E-1,2.575129320E0
4.356549896E1,-1.283050438E0,-2.243444206E0,-6.966074520E-1,2.676662525E0
4.357552096E1,-5.373561949E-1,-3.197080640E0,-5.339843979E-1,3.285607347E0
4.358554296E1,-7.574658573E-2,-3.735981085E0,-4.041876125E-1,3.758544910E0
4.359556496E1,-4.574919999E-2,-3.770007202E0,-3.386678070E-1,3.785464724E0
4.360558696E1,-9.034591377E-2,-3.719241968E0,-2.877379739E-1,3.731449631E0
4.361560896E1,-1.341351271E-2,-3.698132058E0,-1.393607837E-1,3.700781278E0
4.362563096E1,3.487267721E-1,-3.968815166E0,-3.511019111E-2,3.984261149E0
4.363565238E1,5.811582720E-1,-4.262648570E0,-1.045622492E-1,4.303353463E0
4.364567438E1,3.805748016E-1,-4.606635881E0,-2.669224709E-1,4.630030121E0
4.365569638E1,2.856066638E-1,-5.058489996E0,-2.780011904E-1,5.074167603E0
4.366571838E1,2.279238814E-1,-5.609929794E0,-2.395867378E-1,5.619667552E0
4.367574038E1,1.244913143E-1,-5.914898343E0,-3.853345813E-1,5.928743816E0
4.368576238E1,9.800108850E-2,-5.907686972E0,-6.010256490E-1,5.938989931E0
4.369578438E1,2.131748646E-1,-6.131934709E0,-6.754604119E-1,6.172707150E0
4.370580638E1,2.742770988E-1,-6.417701586E0,-7.671546936E-1,6.469207672E0
4.371582838E1,-4.883594513E-2,-6.465550522E0,-9.731950781E-1,6.538565375E0
4.372585038E1,-6.135272884E-1,-5.980325178E0,-1.089419891E0,6.109626884E0
4.373587238E1,-1.336296937E0,-5.010403079E0,-1.333383855E0,5.354226463E0
4.374589438E1,-1.658011912E0,-4.313267916E0,-1.368667123E0,4.819391383E0
4.375591638E1,-1.882300580E0,-3.740741596E0,-1.330848502E0,4.394014212E0
4.376593838E1,-1.910821543E0,-3.319091274E0,-1.322837524E0,4.051852042E0
4.377596038E1,-1.463818864E0,-3.171098538E0,-1.104541522E0,3.663146677E0
4.378598238E1,-6.289575058E-1,-3.214946516E0,-5.344413579E-1,3.319201140E0
4.379600438E1,7.600210905E-2,-3.430679537E0,2.431308813E-1,3.440123694E0
4.380602638E1,7.161769134E-1,-3.573573793E0,7.869365551E-1,3.728620143E0
4.381604838E1,1.555951687E0,-3.735057225E0,1.204193133E0,4.221577812E0
4.382607038E1,2.006865569E0,-4.017752268E0,1.741583827E0,4.816944770E0
4.383609238E1,2.061011370E0,-4.153279324E0,2.145612395E0,5.108928416E0
4.384611438E1,2.046709081E0,-3.994148228E0,2.175753768E0,4.987598880E0
4.385613638E1,1.872533975E0,-3.646955180E0,1.925350266E0,4.529198519E0
4.386615838E1,1.296240587E0,-3.092199426E0,1.606847606E0,3.718050050E0
4.387618038E1,5.916692269E-1,-2.375207995E0,1.292779035E0,2.768205760E0
4.388620238E1,-2.002437472E-2,-1.550868117E0,9.529778914E-1,1.820373520E0
4.389622438E1,-5.966609949E-1,-5.858027154E-1,6.930685709E-1,1.086053962E0
4.390624638E1,-1.173260778E0,3.408488184E-1,5.436270413E-1,1.337254325E0
4.391626838E1,-1.728952671E0,1.221527204E0,3.433023101E-1,2.144589127E0
4.392629038E1,-2.219313625E0,2.182472073E0,3.122062325E-1,3.128259907E0
4.393631238E1,-2.268888073E0,3.095132389E0,1.665934597E-1,3.841282465E0
4.394633438E1,-2.146781253E0,3.872112159E0,-6.051590458E-2,4.427819384E0
4.395635638E1,-2.204844689E0,4.659087160E0,-1.823752409E-1,5.157683006E0
4.396637838E1,-2.319240786E0,5.340577220E0,-3.295752405E-1,5.831746111E0
4.397640038E1,-2.326023556E0,5.978086864E0,-4.913671128E-1,6.433455508E0
4.398642238E1,-2.352876894E0,6.453518121E0,-7.304131293E-1,6.907780335E0
4.399644438E1,-2.254881653E0,6.777474334E0,-9.020727628E-1,7.199471153E0
4.400646638E1,-1.943411584E0,6.925054548E0,-1.011490101E0,7.263356064E0
4.401648838E1,-1.548515782E0,6.850558682E0,-1.084890638E0,7.106690023E0
4.402651038E1,-8.942123508E-1,6.511664588E0,-1.021638967E0,6.651701858E0
4.403653238E1,2.491557062E-2,5.936473984E0,-6.350451882E-1,5.970395845E0
4.404655438E1,1.006039181E0,5.335609426E0,-1.945837887E-1,5.433111966E0
4.405657638E1,1.885201383E0,4.783083799E0,3.119859387E-1,5.150651426E0
4.406659838E1,2.365520328E0,4.313213244E0,8.288260080E-1,4.988631823E0
4.407662038E1,2.572676654E0,3.742688718E0,1.232646269E0,4.705932515E0
4.408664238E1,2.747886132E0,3.300981862E0,1.341253622E0,4.499591173E0
4.409666438E1,2.824605110E0,2.871191046E0,1.159801657E0,4.191332954E0
4.410668638E1,2.829984548E0,2.416813858E0,8.544283341E-1,3.818356917E0
4.411670838E1,2.662357739E0,1.850120428E0,3.587791590E-1,3.261873207E0
4.412673038E1,2.415673066E0,1.233812204E0,-2.861796910E-1,2.727575431E0
4.413675238E1,2.342114509E0,6.292826110E-1,-3.888018340E-1,2.456148172E0
4.414677438E1,2.524697326E0,8.368359625E-2,-1.028133470E-1,2.528175254E0
4.415679638E1,2.897193030E0,-2.166907954E-1,7.825606450E-2,2.906338997E0
4.416681838E1,3.423162941E0,-4.474131542E-1,5.274894570E-1,3.492344224E0
4.417684038E1,4.016625509E0,-4.121409953E-1,7.376810722E-1,4.104547971E0
4.418686238E1,4.396744228E0,-2.602548909E-1,1.202068109E0,4.565529559E0
4.419688438E1,4.732645717E0,3.289351165E-2,1.726853521E0,5.037959959E0
4.420690638E1,4.786751173E0,6.963215232E-1,1.677671421E0,5.119807794E0
4.421692838E1,4.706046733E0,8.455278486E-1,1.794476424E0,5.107047957E0
4.422695038E1,4.766832633E0,6.344147122E-1,2.057358469E0,5.230477918E0
4.423697238E1,4.747050918E0,3.879990113E-1,1.856107246E0,5.111767772E0
4.424699438E1,4.668994682E0,4.819509029E-1,1.072259337E0,4.814719940E0
4.425701638E1,4.538145105E0,8.518872803E-1,5.819460382E-1,4.653937486E0
4.426703838E1,4.129306617E0,1.171817100E0,3.832649593E-1,4.309433894E0
4.427706038E1,3.823377956E0,1.492913439E0,5.405727482E-1,4.139955123E0
4.428708238E1,3.896114395E0,1.442663053E0,9.675779504E-1,4.265816587E0
4.429710438E1,3.939717667E0,1.140701727E0,1.413015330E0,4.338108810E0
4.430712638E1,3.817649438E0,6.921846181E-1,1.798731589E0,4.276564288E0
4.431714838E1,3.744528837E0,-4.865818977E-2,2.112558085E0,4.299623878E0
4.432717038E1,3.784707980E0,-8.407904345E-1,2.277613873E0,4.496495079E0
4.433719238E1,3.736726313E0,-1.568186401E0,2.185277567E0,4.604103623E0
4.434721438E1,3.495967208E0,-2.158658118E0,1.984537391E0,4.562891654E0
4.435723638E1,3.126408561E0,-2.274487951E0,1.876498241E0,4.297554139E0
4.436725838E1,2.634842497E0,-2.120025564E0,1.846431420E0,3.853078297E0
4.437728038E1,2.015628791E0,-1.681827037E0,1.976006742E0,3.285712137E0
4.438730238E1,1.341326128E0,-9.151582468E-1,1.926970968E0,2.519898313E0
4.439732438E1,5.335888338E-1,-7.448592603E-2,1.700901824E0,1.784189511E0
4.440734638E1,-3.771062332E-1,5.881725919E-1,1.383921193E0,1.550288353E0
4.441736838E1,-1.379008509E0,1.144261512E0,9.161831175E-1,2.012558168E0
4.442739038E1,-2.346320411E0,1.580889477E0,4.598794180E-1,2.866342633E0
4.443741238E1,-3.189926280E0,1.830748018E0,-1.960118249E-2,3.677995675E0
4.444743438E1,-4.018694839E0,2.058642079E0,-3.891528131E-1,4.532036554E0
4.445745638E1,-4.778925844E0,2.269700836E0,-7.696748435E-1,5.346220485E0
4.446747838E1,-5.416489867E0,2.293463336E0,-9.177767761E-1,5.953205083E0
4.447750038E1,-5.728951038E0,2.402631437E0,-1.057753856E0,6.301774436E0
4.448752238E1,-5.950606704E0,2.445646479E0,-1.168630952E0,6.538853504E0
4.449754438E1,-5.971929161E0,2.370467950E0,-1.053135872E0,6.510925539E0
4.450756638E1,-5.616669295E0,2.118060899E0,-9.382778451E-1,6.075649863E0
4.451758838E1,-5.030713382E0,1.655161979E0,-7.952010097E-1,5.355369545E0
4.452761038E1,-4.444434119E0,9.519635457E-1,-6.234595151E-1,4.587802415E0
4.453763238E1,-3.805746261E0,1.268357554E-1,-4.819118728E-1,3.838232792E0
4.454765438E1,-3.136533015E0,-6.866034508E-1,-3.172279675E-1,3.226437236E0
4.455767638E1,-2.662299267E0,-1.477495501E0,-2.857680470E-3,3.044805168E0
4.456769838E1,-2.343647064E0,-2.135274518E0,6.825454831E-3,3.170508699E0
4.457772038E1,-2.101937202E0,-2.883678652E0,-4.332425733E-1,3.594640691E0
4.458774238E1,-2.246757531E0,-3.468705150E0,-4.922314775E-1,4.161985902E0
4.459776438E1,-2.656334522E0,-3.982852869E0,-6.351257336E-1,4.829349311E0
4.460778638E1,-2.445228987E0,-4.234990363E0,-9.940681762E-1,4.990236438E0
4.461780838E1,-2.137573058E0,-4.459723418E0,-8.564375836E-1,5.019147027E0
4.462783038E1,-1.896091238E0,-4.756550304E0,-5.411463600E-1,5.149055463E0
4.463785200E1,-1.335659591E0,-5.138026162E0,-1.471369958E-1,5.310833143E0
4.464787400E1,-5.691258717E-1,-5.536155474E0,1.691096628E-1,5.567900841E0
4.465789600E1,-1.320125878E-2,-5.842320364E0,4.804983084E-1,5.862061082E0
4.466791800E1,1.263331872E-1,-6.021677856E0,6.844791573E-1,6.061771688E0
4.467794000E1,2.466051507E-1,-5.873283709E0,6.476520775E-1,5.914028140E0
4.468796200E1,3.008684814E-2,-5.596968856E0,5.031072986E-1,5.619615872E0
4.469798400E1,-6.314946127E-1,-4.905527419E0,6.327725217E-2,4.946411701E0
4.470800600E1,-1.166080981E0,-4.004358928E0,-2.883738586E-1,4.180645257E0
4.471802800E1,-1.029783554E0,-3.790964500E0,-5.626455487E-1,3.968429919E0
4.472805000E1,-6.087688243E-1,-3.794013239E0,-8.943871826E-1,3.945258467E0
4.473807200E1,-5.142403972E-1,-3.764671326E0,-9.596415246E-1,3.918941851E0
4.474809400E1,-3.475894886E-1,-3.646255268E0,-8.493409641E-1,3.759970214E0
4.475811600E1,-1.200176096E-1,-3.506504183E0,-6.551524472E-1,3.569201667E0
4.476813800E1,5.545323908E-2,-3.331979999E0,-5.214707717E-1,3.372995336E0
4.477816000E1,5.298279047E-2,-3.060274798E0,-3.367066509E-1,3.079198010E0
4.478818200E1,9.511080980E-3,-2.720741310E0,-5.115363523E-2,2.721238768E0
4.479820400E1,1.121168518E-1,-2.751320786E0,4.212421864E-1,2.785638390E0
4.480822600E1,7.383799607E-1,-3.079668258E0,1.132674669E0,3.363408011E0
4.481824800E1,1.497889420E0,-3.541124378E0,1.780151330E0,4.237000511E0
4.482827000E1,1.975928535E0,-3.862432094E0,2.193422007E0,4.861458151E0
4.483829200E1,2.337170688E0,-3.919086351E0,2.536776504E0,5.220808336E0
4.484831400E1,2.346118682E0,-3.599644189E0,2.547758744E0,4.995276346E0
4.485833600E1,2.545743794E0,-3.110811113E0,2.227009145E0,4.595381048E0
4.486835800E1,2.661849031E0,-2.581375557E0,1.855006362E0,4.146081117E0
4.487838000E1,2.660835124E0,-2.172777974E0,1.616447126E0,3.796565421E0
4.488840200E1,2.033465137E0,-1.710653225E0,1.400198380E0,3.003642859E0
4.489842400E1,1.267954681E0,-1.152131279E0,9.265223104E-1,1.947706125E0
4.490844600E1,6.760650140E-1,-6.619550979E-1,6.552717304E-1,1.150925495E0
4.491846800E1,-5.826808870E-2,2.512490094E-2,3.983228552E-1,4.033454200E-1
4.492849000E1,-9.063406456E-1,8.864174277E-1,-1.160334630E-1,1.273048698E0
4.493851200E1,-1.831596449E0,1.657548228E0,-4.909848511E-1,2.518586469E0
4.494853400E1,-2.604301320E0,2.273789794E0,-3.933226088E-1,3.479541358E0
4.495855600E1,-3.425267939E0,2.930865975E0,-4.830092490E-1,4.533843155E0
4.496857800E1,-3.884684258E0,3.486650839E0,-8.106797589E-1,5.282490656E0
4.497860000E1,-4.096045316E0,3.835918479E0,-8.305583918E-1,5.672890361E0
4.498862200E1,-3.990107802E0,4.135813399E0,-7.991654219E-1,5.802118416E0
4.499864400E1,-3.513802385E0,4.428298143E0,-8.597301507E-1,5.718021299E0
4.500866600E1,-2.935310444E0,4.523674416E0,-7.558011550E-1,5.445265192E0
4.501868800E1,-2.381634085E0,4.763759336E0,-8.357239683E-1,5.391105497E0
4.502871000E1,-2.000243597E0,4.993007028E0,-1.092790811E0,5.488650597E0
4.503873200E1,-1.609674150E0,5.083412583E0,-1.310736565E0,5.490916563E0
4.504875400E1,-1.455397119E0,5.175294560E0,-1.479549628E0,5.575923391E0
4.505877600E1,-1.139843940E0,5.176962771E0,-1.812546367E0,5.602277400E0
4.506879800E1,-6.603067678E-1,5.055197428E0,-2.074444179E0,5.504029862E0
4.507882000E1,4.149359643E-2,4.706460131E0,-1.912321939E0,5.080301555E0
4.508884200E1,9.963889360E-1,4.293325109E0,-1.563661825E0,4.676587400E0
4.509886400E1,1.850188256E0,3.860611855E0,-1.208580445E0,4.448391526E0
4.510888600E1,2.526742682E0,3.420776108E0,-7.746182258E-1,4.322750416E0
4.511890800E1,3.048175154E0,3.154581031E0,-3.986387511E-1,4.404732240E0
4.512893000E1,3.122078698E0,2.774910209E0,2.038872935E-1,4.181993793E0
4.513895200E1,3.358279313E0,2.413829439E0,7.743432605E-1,4.207638291E0
4.514897400E1,3.841200269E0,2.056494396E0,1.140599400E0,4.503882292E0
4.515899600E1,4.299172325E0,1.555860470E0,1.164098922E0,4.717913817E0
4.516901700E1,4.797164479E0,1.083420063E0,1.118240963E0,5.043515533E0
4.517903900E1,5.185243013E0,7.252974004E-1,1.305895509E0,5.396124952E0
4.518906100E1,5.364137406E0,6.656902993E-1,1.680403824E0,5.660465591E0
4.519908300E1,5.540019899E0,7.331233138E-1,2.034138152E0,5.947016756E0
4.520910500E1,5.406766532E0,9.630954748E-1,2.230354337E0,5.927491687E0
4.521912700E1,5.020260900E0,1.405753089E0,2.357471490E0,5.721611056E0
4.522914900E1,4.661057671E0,1.700949771E0,2.297483735E0,5.467825916E0
4.523917100E1,4.632604535E0,1.743940839E0,2.130544120E0,5.389023351E0
4.524919300E1,4.458683199E0,1.457778690E0,1.713631358E0,4.994147275E0
4.525921500E1,4.322305664E0,1.310687887E0,1.187134320E0,4.670066047E0
4.526923700E1,3.838724558E0,1.470333247E0,5.341125982E-1,4.145233691E0
4.527925900E1,3.306111624E0,1.442014596E0,1.826488906E-1,3.611528871E0
4.528928100E1,2.929027026E0,1.093062707E0,6.534029603E-2,3.127020107E0
4.529930300E1,2.832452073E0,4.464688289E-1,1.077903508E-1,2.869449062E0
4.530932500E1,3.004205847E0,-2.744706416E-1,2.167375731E-1,3.024493690E0
4.531934700E1,3.294745222E0,-9.655957443E-1,5.705748117E-1,3.480413314E0
4.532936900E1,3.596635796E0,-1.852880314E0,1.052704786E0,4.180567172E0
4.533939100E1,3.908714560E0,-2.487816598E0,1.403134705E0,4.841081277E0
4.534941300E1,4.099731985E0,-2.933023013E0,1.573705587E0,5.280812023E0
4.535943500E1,4.072038403E0,-3.167437304E0,1.932128212E0,5.508836107E0
4.536945700E1,4.036590242E0,-3.135710896E0,2.137739704E0,5.540457982E0
4.537947900E1,3.633552192E0,-3.044170981E0,2.142977639E0,5.202117998E0
4.538950100E1,3.161396545E0,-2.902110538E0,2.178668898E0,4.812823688E0
4.539952300E1,2.717765955E0,-2.433015323E0,2.002538191E0,4.161246755E0
4.540954500E1,2.088461124E0,-1.677117105E0,1.625071038E0,3.132929544E0
4.541956700E1,1.074705958E0,-7.590720874E-1,1.203652997E0,1.783245318E0
4.542958900E1,-1.680203265E-1,1.872810549E-1,6.448882449E-1,6.922325274E-1
4.543961100E1,-1.090380004E0,1.027530622E0,-1.186464375E-1,1.502938691E0
4.544963300E1,-1.955468543E0,1.661199229E0,-6.492797962E-1,2.646696877E0
4.545965500E1,-2.880435494E0,2.073724387E0,-1.237459697E0,3.758796080E0
4.546967700E1,-3.656863287E0,2.463633099E0,-1.573773415E0,4.681762479E0
4.547969900E1,-4.264545114E0,2.490049649E0,-1.658109561E0,5.209224472E0
4.548972100E1,-4.735086345E0,2.657408071E0,-2.064885443E0,5.809183440E0
4.549974300E1,-4.969298322E0,2.751696762E0,-2.270032373E0,6.117091454E0
4.550976500E1,-5.224157403E0,2.620484366E0,-2.311095907E0,6.284896433E0
4.551978700E1,-5.410243286E0,2.404963014E0,-2.340561488E0,6.366538117E0
4.552980900E1,-5.474521728E0,1.972723969E0,-2.341481840E0,6.272524629E0
4.553983100E1,-5.339787261E0,1.455927754E0,-2.205181489E0,5.957841809E0
4.554985300E1,-5.139445281E0,9.563881338E-1,-1.841388196E0,5.542498223E0
4.555987500E1,-4.850319763E0,4.193108511E-1,-1.602285023E0,5.125303960E0
4.556989700E1,-4.110870931E0,-7.398628145E-2,-1.440949526E0,4.356726904E0
4.557991900E1,-3.550545119E0,-7.090330777E-1,-1.345398860E0,3.862537591E0
4.558994100E1,-3.056218584E0,-1.202295127E0,-1.185906259E0,3.491755899E0
4.559996300E1,-2.542556477E0,-1.618071921E0,-8.926150377E-1,3.143169067E0
4.560998500E1,-2.044933866E0,-1.987702781E0,-5.678985411E-1,2.907787065E0
4.562000700E1,-1.586907431E0,-2.493469978E0,-2.377524662E-1,2.965163395E0
4.563002900E1,-9.740297681E-1,-3.027129563E0,1.888869926E-1,3.185580901E0
4.564005088E1,-5.539149249E-1,-3.445202851E0,4.711779928E-1,3.521115325E0
4.565007288E1,-2.565214437E-1,-3.893639853E0,7.547796464E-1,3.974408996E0
4.566009488E1,1.430439448E-1,-4.371566410E0,9.119832087E-1,4.467971331E0
4.567011688E1,5.897425693E-1,-4.791394155E0,9.372139442E-1,4.917684844E0
4.568013888E1,8.665164292E-1,-5.149612420E0,1.118106624E0,5.340367142E0
4.569016088E1,7.969667226E-1,-5.311197301E0,1.201407520E0,5.503394657E0
4.570018288E1,1.767964125E-1,-5.075237006E0,1.167759132E0,5.210849166E0
4.571020388E1,-5.620571727E-1,-4.728585995E0,8.045615248E-1,4.829363626E0
4.572022588E1,-1.006139168E0,-4.327597395E0,3.115706402E-1,4.453929894E0
4.573024788E1,-1.248132035E0,-4.120330557E0,-3.671987110E-1,4.320855513E0
4.574026988E1,-1.307037470E0,-4.252739586E0,-8.307624596E-1,4.525959257E0
4.575029188E1,-1.039471806E0,-4.759944905E0,-9.243760899E-1,4.959037033E0
4.576031388E1,-5.186135298E-1,-5.163276193E0,-9.221579486E-1,5.270555599E0
4.577033588E1,-5.501411319E-1,-5.082366516E0,-8.907069451E-1,5.189071548E0
4.578035788E1,-5.414954388E-1,-4.944303229E0,-7.831655395E-1,5.035146472E0
4.579037988E1,-4.171538132E-1,-4.766146755E0,-4.989373568E-1,4.810312950E0
4.580040188E1,-5.461246794E-1,-4.379653109E0,-1.749972242E-1,4.417039455E0
4.581042388E1,-1.330984157E-1,-4.232750002E0,2.787350160E-1,4.244005299E0
4.582044588E1,5.134182787E-1,-4.424999143E0,7.775313087E-1,4.522031699E0
4.583046788E1,1.139008373E0,-4.539646670E0,1.042503587E0,4.795054295E0
4.584048988E1,1.468341100E0,-4.482812904E0,1.169058530E0,4.859869850E0
4.585051188E1,1.878025095E0,-4.441808134E0,1.332426665E0,5.003198835E0
4.586053388E1,2.256268027E0,-4.265599367E0,1.335668947E0,5.007004584E0
4.587055588E1,2.492876778E0,-4.018993632E0,1.295513632E0,4.903580326E0
4.588057788E1,2.507792441E0,-3.762920085E0,1.309692691E0,4.707853591E0
4.589059988E1,2.202114040E0,-3.381539244E0,1.128138253E0,4.190084704E0
4.590062188E1,1.831847879E0,-2.898706289E0,7.723069677E-1,3.514914345E0
4.591064388E1,1.274070868E0,-2.400037027E0,4.115818553E-1,2.748241971E0
4.592066588E1,4.044057137E-1,-1.741652239E0,1.826604389E-1,1.797292780E0
4.593068788E1,-4.713569176E-1,-9.403831351E-1,-3.622817874E-2,1.052525660E0
4.594070988E1,-1.559385172E0,-4.532995462E-2,-4.534018725E-1,1.624595388E0
4.595073188E1,-2.158041236E0,8.610662395E-1,-8.160958886E-1,2.462638736E0
4.596075388E1,-2.652965941E0,1.858841550E0,-1.165521988E0,3.442667817E0
4.597077588E1,-3.154866959E0,2.858417804E0,-1.616865494E0,4.553898538E0
4.598079788E1,-3.453664942E0,3.707586713E0,-1.744179552E0,5.358746409E0
4.599081988E1,-3.825542010E0,4.391055472E0,-1.886121150E0,6.121567840E0
4.600084188E1,-4.299054211E0,4.902444767E0,-1.953725050E0,6.806825499E0
4.601086388E1,-4.488856001E0,5.189562936E0,-1.969303202E0,7.138595573E0
4.602088588E1,-4.357019999E0,5.107340559E0,-2.048178486E0,7.018802317E0
4.603090788E1,-4.139833360E0,4.843633472E0,-2.072568246E0,6.700339140E0
4.604092988E1,-3.626007530E0,4.425330096E0,-1.971251932E0,6.051223946E0
4.605095188E1,-2.946726547E0,3.892522450E0,-1.660843134E0,5.156871948E0
4.606097388E1,-2.291346644E0,3.641619596E0,-1.509737633E0,4.559711662E0
4.607099588E1,-1.556234692E0,3.454867714E0,-1.329939845E0,4.015808428E0
4.608101788E1,-8.221378165E-1,3.383594833E0,-1.235680828E0,3.694797923E0
4.609103988E1,1.461920857E-2,3.371560094E0,-1.054480585E0,3.532642140E0
4.610106188E1,8.851684624E-1,3.344485731E0,-7.344518012E-1,3.536739665E0
4.611108388E1,1.478999405E0,3.404537805E0,-3.961734188E-1,3.732997493E0
4.612110488E1,1.934305716E0,3.344360016E0,-7.342231750E-2,3.864152346E0
4.613112788E1,2.355172511E0,3.122311417E0,2.298623796E-1,3.917716536E0
4.614114888E1,2.756730046E0,2.828501694E0,5.912346326E-1,3.993687615E0
4.615117088E1,2.961616482E0,2.578473583E0,8.464867189E-1,4.016993649E0
4.616119288E1,3.417366012E0,1.289751347E0,9.685392326E-1,3.778877775E0
4.617121488E1,4.770873644E0,7.875240541E-1,1.559044864E0,5.080556106E0
4.618123688E1,5.539543936E0,6.641051191E-1,8.908637966E-1,5.649886807E0
4.619125888E1,5.785730426E0,5.748076111E-1,9.739215946E-1,5.895218709E0
4.620128088E1,6.282711596E0,1.004455755E0,1.330727903E0,6.500171776E0
4.621130288E1,6.270073425E0,1.215853066E0,1.361348017E0,6.530343624E0
4.622132488E1,6.110513434E0,1.617857913E0,1.394730356E0,6.473106783E0
4.623134688E1,5.665536230E0,1.918323521E0,1.424159539E0,6.148698748E0
4.624136888E1,5.295995709E0,2.034165634E0,1.541966316E0,5.879035678E0
4.625139088E1,5.457957151E0,1.622949083E0,1.372529794E0,5.857226137E0
4.626141288E1,5.815747107E0,1.090948938E0,1.118244326E0,6.021922814E0
4.627143488E1,5.900548106E0,7.793437994E-1,7.602006000E-1,6.000145804E0
4.628145688E1,5.649239455E0,7.893209034E-1,5.834024334E-1,5.733872366E0
4.629147888E1,5.187005948E0,8.457003415E-1,6.998585039E-1,5.301890389E0
4.630150088E1,4.685439391E0,9.829935497E-1,8.019042577E-1,4.854139372E0
4.631152288E1,4.083302479E0,1.202910254E0,8.600574486E-1,4.342816025E0
4.632154488E1,3.369232317E0,9.202517563E-1,9.619773410E-1,3.622704805E0
4.633156688E1,3.060238545E0,3.233112645E-1,1.126795732E0,3.277080827E0
4.634158888E1,3.145958142E0,-5.056900138E-1,1.243180028E0,3.420273615E0
4.635161088E1,3.443702456E0,-1.309533647E0,1.233905613E0,3.885419931E0
4.636163288E1,3.551871268E0,-1.879669917E0,1.146863376E0,4.179024300E0
4.637165488E1,3.276648089E0,-2.088220219E0,1.140662989E0,4.049468908E0
4.638167688E1,2.835158749E0,-2.065486829E0,1.243730690E0,3.721723660E0
4.639169888E1,2.343883291E0,-1.960217067E0,1.440787851E0,3.378181384E0
4.640172088E1,1.955279093E0,-1.921150650E0,1.733868425E0,3.243491309E0
4.641174288E1,1.613115821E0,-1.897681096E0,1.802961465E0,3.074736775E0
4.642176488E1,9.772860825E-1,-1.589654453E0,1.766024019E0,2.569227549E0
4.643178688E1,7.912861526E-2,-9.163686204E-1,1.563476615E0,1.813960284E0
4.644180888E1,-9.668014401E-1,-5.939777076E-2,1.138842166E0,1.495056721E0
4.645183088E1,-1.826058551E0,7.587908363E-1,7.976205875E-1,2.132241067E0
4.646185288E1,-2.657193478E0,1.439987367E0,3.886476137E-1,3.047177016E0
4.647187488E1,-3.291660231E0,2.047138851E0,-1.352911216E-1,3.878673515E0
4.648189688E1,-3.693499601E0,2.382981868E0,-5.050513516E-1,4.424434287E0
4.649191788E1,-3.905661728E0,2.419210047E0,-6.487304503E-1,4.639786847E0
4.650193988E1,-4.188927167E0,2.354674328E0,-8.809378557E-1,4.885453255E0
4.651196188E1,-4.422638623E0,2.243673710E0,-1.093344542E0,5.078307433E0
4.652198388E1,-4.524781294E0,2.098231822E0,-1.224745365E0,5.135778787E0
4.653200588E1,-4.360669831E0,1.910681210E0,-1.200402968E0,4.909899322E0
4.654202788E1,-4.281750546E0,1.634728884E0,-8.644260496E-1,4.664006717E0
4.655204988E1,-4.413720449E0,1.523843456E0,-7.686866641E-1,4.732220015E0
4.656207188E1,-4.474514535E0,1.492584533E0,-7.697469105E-1,4.779288568E0
4.657209388E1,-4.367741454E0,1.191836797E0,-8.077992743E-1,4.598932487E0
4.658211588E1,-4.104889814E0,7.636808628E-1,-1.008725392E0,4.295445933E0
4.659213788E1,-3.614092074E0,1.645941505E-1,-1.101097073E0,3.781688448E0
4.660215988E1,-3.184210042E0,-4.490816572E-1,-8.274179985E-1,3.320465098E0
4.661218188E1,-2.687897208E0,-1.028298654E0,-6.649067724E-1,2.953691002E0
4.662220388E1,-1.975146178E0,-1.736373665E0,-3.917057075E-1,2.658877449E0
4.663222588E1,-1.203271027E0,-2.413155548E0,-8.435778022E-3,2.696525918E0
4.664224796E1,-5.252770168E-1,-2.915728703E0,3.326194471E-1,2.981279174E0
4.665226996E1,-3.720992625E-2,-3.273373649E0,5.437887168E-1,3.318443278E0
4.666229196E1,2.139314944E-1,-3.591129766E0,5.481222345E-1,3.639013282E0
4.667231396E1,2.154985482E-1,-4.026967480E0,5.524852806E-1,4.070398837E0
4.668233596E1,2.181017286E-1,-4.402771538E0,3.582862388E-1,4.422706706E0
4.669235796E1,3.553119063E-1,-4.923322835E0,1.170682740E-1,4.937515496E0
4.670237996E1,2.565103340E-1,-5.326809951E0,-6.062290862E-2,5.333327005E0
4.671240196E1,-8.244574070E-4,-5.551402674E0,-3.002095002E-1,5.559514194E0
4.672242396E1,-2.266585439E-1,-5.434121561E0,-6.642419440E-1,5.479258033E0
4.673244596E1,-5.025623381E-1,-4.976734811E0,-9.208569431E-1,5.086102220E0
4.674246796E1,-8.198123789E-1,-4.283128735E0,-9.704707141E-1,4.467560576E0
4.675248996E1,-8.504816097E-1,-3.788278874E0,-8.264875603E-1,3.969566410E0
4.676251196E1,-5.448324448E-1,-3.808115261E0,-4.794133575E-1,3.876650797E0
4.677253396E1,7.007010877E-2,-3.849524657E0,-3.508826405E-2,3.850322207E0
4.678255496E1,3.307050687E-1,-3.549912450E0,3.451313192E-1,3.581949173E0
4.679257696E1,-8.468405485E-2,-2.763673614E0,4.507372963E-1,2.801468784E0
4.680259896E1,-6.825905067E-1,-1.718672097E0,4.056831841E-1,1.893235966E0
4.681262096E1,-1.028294268E0,-1.253827516E0,5.115547711E-1,1.700341385E0
4.682264296E1,-8.764742374E-1,-9.780386192E-1,4.494532478E-1,1.388083157E0
4.683266496E1,-5.112489617E-1,-9.678410751E-1,3.902836646E-1,1.162072797E0
4.684268696E1,2.818241000E-2,-1.330784767E0,7.191385281E-1,1.512925169E0
4.685270896E1,8.182774848E-1,-1.843843735E0,8.632202075E-1,2.194193904E0
4.686273096E1,1.712579298E0,-2.527828217E0,1.193691461E0,3.278375002E0
4.687275296E1,2.461757897E0,-3.055461954E0,1.699794361E0,4.276143188E0
4.688277496E1,2.564044409E0,-3.251695681E0,2.060904951E0,4.625492163E0
4.689279696E1,2.465498360E0,-3.382220153E0,2.389845915E0,4.819694889E0
4.690281896E1,2.368008903E0,-3.357273299E0,2.447624445E0,4.782218690E0
4.691284096E1,2.060895011E0,-3.196411427E0,2.110101962E0,4.349352198E0
4.692286296E1,1.514169238E0,-2.827760852E0,1.663441198E0,3.613305486E0
4.693288496E1,6.224975020E-1,-2.242785518E0,1.119109713E0,2.582633650E0
4.694290696E1,-4.147219563E-1,-1.555350593E0,3.069500973E-1,1.638697083E0
4.695292896E1,-1.337593265E0,-6.494221759E-1,-4.379547713E-1,1.550067511E0
4.696295096E1,-2.235979359E0,1.290731925E-1,-7.021617222E-1,2.347188673E0
4.697297296E1,-3.093336709E0,7.709723407E-1,-6.433229452E-1,3.252229198E0
4.698299496E1,-3.762198538E0,1.382446087E0,-3.742948920E-1,4.025592092E0
4.699301696E1,-3.936439133E0,1.925274106E0,-4.170479786E-1,4.401836258E0
4.700303896E1,-3.918451343E0,2.211447950E0,-2.889951253E-1,4.508689515E0
4.701306096E1,-3.613960512E0,2.465084962E0,-8.396601677E-4,4.374626288E0
4.702308296E1,-3.205099804E0,2.601840227E0,2.378968924E-1,4.135073428E0
4.703310496E1,-2.949743126E0,2.902543817E0,5.027885523E-1,4.168757782E0
4.704312696E1,-2.626788542E0,3.236944326E0,5.621220767E-1,4.206400818E0
4.705314896E1,-2.302325376E0,3.406431134E0,4.328858931E-1,4.134230932E0
4.706316996E1,-2.168607155E0,3.830449578E0,2.216281112E-1,4.407303028E0
4.707319196E1,-2.011451540E0,4.122727330E0,-9.741753638E-2,4.588279429E0
4.708321396E1,-1.632122195E0,4.301458586E0,-3.836621314E-1,4.616661723E0
4.709323596E1,-1.006015792E0,4.307531505E0,-5.322338878E-1,4.455352775E0
4.710325796E1,-3.270815492E-1,4.176831032E0,-4.503917259E-1,4.213757529E0
4.711327996E1,3.627998507E-1,4.092299005E0,-4.433323824E-1,4.132200198E0
4.712330196E1,1.004463356E0,3.941562463E0,-3.703104530E-1,4.084359327E0
4.713332396E1,1.541676879E0,3.986557372E0,-3.842685608E-1,4.291511343E0
4.714334596E1,1.939150718E0,4.023610008E0,-4.592192674E-1,4.490058501E0
4.715336796E1,2.376736457E0,3.799957518E0,-4.440855038E-1,4.503972165E0
4.716338996E1,2.808299564E0,3.559648064E0,-3.726355252E-1,4.549340394E0
4.717341196E1,3.057969825E0,3.277280173E0,-6.057430364E-2,4.482790875E0
4.718343396E1,3.326044198E0,2.874015251E0,1.822011401E-1,4.399514851E0
4.719345596E1,3.700860077E0,2.469386174E0,4.964714397E-1,4.476685970E0
4.720347796E1,4.144873660E0,2.040731472E0,9.340102547E-1,4.713484672E0
4.721349996E1,4.433523799E0,1.623066612E0,1.518303219E0,4.959407542E0
4.722352196E1,4.918653249E0,1.107709397E0,2.070159924E0,5.450296506E0
4.723354396E1,5.512697614E0,7.061734968E-1,2.527901015E0,6.105636702E0
4.724356596E1,5.843658206E0,5.280158526E-1,2.818132827E0,6.509148531E0
4.725358796E1,5.641010669E0,6.237365270E-1,2.578444932E0,6.233652773E0
4.726360996E1,4.671886130E0,1.005819910E0,2.123000627E0,5.229275797E0
4.727363196E1,3.318051054E0,1.362648000E0,1.706775936E0,3.972323812E0
4.728365396E1,2.146051521E0,1.489503928E0,1.147113199E0,2.853073390E0
4.729367596E1,1.205827430E0,1.279726880E0,6.598267114E-1,1.878055369E0
4.730369696E1,7.448124826E-1,8.544074303E-1,3.435135408E-1,1.184381376E0
4.731371896E1,9.153155369E-1,1.323704374E-1,2.844950350E-1,9.676062679E-1
4.732374096E1,1.418096561E0,-8.779518288E-1,6.025150810E-1,1.773364512E0
4.733376296E1,2.185309142E0,-1.738163205E0,7.612526603E-1,2.894182611E0
4.734378496E1,2.899272884E0,-2.227858745E0,1.526498238E0,3.962238599E0
4.735380696E1,3.060998098E0,-2.432456914E0,2.359781432E0,4.566741114E0
4.736382896E1,2.959156559E0,-2.722567104E0,3.247405579E0,5.168618981E0
4.737385096E1,3.258259181E0,-3.180181895E0,3.791286682E0,5.924834553E0
4.738387296E1,3.650799140E0,-3.813656960E0,4.055581414E0,6.657330874E0
4.739389496E1,3.951341931E0,-4.298557198E0,4.005366696E0,7.080512651E0
4.740391696E1,4.178781663E0,-4.417526402E0,3.673398628E0,7.104267252E0
4.741393896E1,4.148224114E0,-4.150034997E0,3.202643389E0,6.684869367E0
4.742396096E1,3.411926347E0,-3.582918229E0,2.626543543E0,5.601542235E0
4.743398296E1,2.375870485E0,-2.802386275E0,2.234866049E0,4.300320412E0
4.744400496E1,1.207868108E0,-1.968984967E0,1.871232239E0,2.972769291E0
4.745402696E1,9.171006918E-2,-1.037709455E0,1.148094361E0,1.550281366E0
4.746404896E1,-1.227170352E0,-8.191949129E-2,4.773759683E-1,1.319297423E0
4.747407096E1,-2.621438339E0,7.234964579E-1,-1.791113251E-1,2.725337953E0
4.748409296E1,-3.591096144E0,1.294015136E0,-7.165952817E-1,3.883806829E0
4.749411496E1,-4.371662012E0,1.849555587E0,-1.119576321E0,4.877062205E0
4.750413696E1,-5.017160121E0,2.437703036E0,-1.410641507E0,5.753625052E0
4.751415896E1,-5.406432656E0,2.664670898E0,-1.249790305E0,6.155644634E0
4.752418096E1,-5.432377337E0,2.722154875E0,-1.068094950E0,6.169414681E0
4.753420296E1,-4.843961501E0,3.044637004E0,-1.170315974E0,5.839813095E0
4.754422396E1,-4.208256308E0,3.094598538E0,-1.100242941E0,5.338210917E0
4.755424596E1,-4.125773145E0,2.744787692E0,-1.310305479E0,5.125696437E0
4.756426796E1,-4.680608422E0,2.357390067E0,-1.124427756E0,5.360011278E0
4.757428996E1,-5.238210601E0,1.879480175E0,-1.025765932E0,5.658930268E0
4.758431196E1,-5.316106623E0,1.510240493E0,-1.008989686E0,5.617817740E0
4.759433396E1,-5.048756720E0,1.258369925E0,-9.722106993E-1,5.293262976E0
4.760435596E1,-4.249425384E0,1.005222325E0,-6.959870625E-1,4.421819309E0
4.761437796E1,-3.539542998E0,3.820330971E-1,-6.283969040E-1,3.615134381E0
4.762439996E1,-2.837271933E0,-2.152707991E-1,-5.188746080E-1,2.892349287E0
4.763442196E1,-1.896330974E0,-9.668780386E-1,-2.343349148E-1,2.141456783E0
4.764444446E1,-9.798091561E-1,-1.783389080E0,-1.311413527E-2,2.034864755E0
4.765446646E1,-4.046688384E-1,-2.553502172E0,1.933703452E-1,2.592589883E0
4.766448846E1,6.105019391E-2,-3.131956691E0,4.557998157E-1,3.165538393E0
4.767451046E1,2.773059565E-1,-3.430990901E0,7.806488979E-1,3.529590608E0
4.768453246E1,8.642944872E-2,-3.437877167E0,9.129402517E-1,3.558079450E0
4.769455446E1,1.481099725E-3,-3.416583654E0,1.045767503E0,3.573048521E0
4.770457646E1,8.102486730E-3,-3.643224949E0,9.416467184E-1,3.762957908E0
4.771459846E1,3.360979557E-3,-3.898643900E0,5.062177250E-1,3.931372781E0
4.772462046E1,-9.220474362E-3,-4.185862349E0,5.239806890E-2,4.186200447E0
4.773464246E1,9.709418535E-2,-4.385509973E0,-1.578385699E-1,4.389423426E0
4.774466446E1,1.284867167E-1,-4.270301405E0,-3.059315854E-1,4.283173714E0
4.775468646E1,7.358311594E-2,-3.760067228E0,-4.070264357E-1,3.782749074E0
4.776470746E1,3.572473347E-2,-3.264497283E0,-3.315920913E-1,3.281489308E0
4.777472946E1,4.459320545E-1,-3.166034849E0,2.346312225E-2,3.197371198E0
4.778475146E1,1.006301721E0,-3.393592110E0,3.645655636E-1,3.558373029E0
4.779477346E1,1.314748778E0,-3.387765944E0,3.735797775E-1,3.653092429E0
4.780479546E1,1.171864462E0,-2.916169291E0,2.798190898E-1,3.155250921E0
4.781481746E1,8.020719266E-1,-2.576058099E0,1.444437683E-1,2.701899092E0
4.782483946E1,5.029424071E-1,-2.182780806E0,5.813652635E-2,2.240728222E0
4.783486146E1,2.203879899E-1,-1.590808986E0,-6.834357217E-2,1.607456046E0
4.784488346E1,1.433228570E-1,-1.539331561E0,1.262014787E-1,1.551131815E0
4.785490546E1,8.804000580E-1,-2.072933258E0,3.526191173E-1,2.279582593E0
4.786492746E1,1.965005937E0,-2.747095004E0,8.717302452E-1,3.488222027E0
4.787494946E1,2.668229513E0,-3.268108231E0,1.437632547E0,4.457215216E0
4.788497146E1,2.778177048E0,-3.555945607E0,1.839756092E0,4.873163177E0
4.789499346E1,2.581091967E0,-3.525094528E0,1.874603890E0,4.754205182E0
4.790501546E1,2.359794735E0,-3.204400477E0,1.849277260E0,4.388238826E0
4.791503746E1,1.903645840E0,-2.720703596E0,1.667686861E0,3.715814179E0
4.792505946E1,1.186971329E0,-2.079474539E0,1.145987610E0,2.654506149E0
4.793508146E1,6.179191321E-1,-1.432582453E0,4.829308963E-1,1.633198943E0
4.794510346E1,-2.908580482E-2,-9.966795427E-1,5.376514792E-3,9.971183489E-1
4.795512546E1,-8.288597757E-1,-8.536028534E-1,-3.847030820E-1,1.250457045E0
4.796514646E1,-1.481099725E0,-5.314241946E-1,-7.575424558E-1,1.746407353E0
4.797516846E1,-1.955027663E0,-5.899957538E-2,-9.395662791E-1,2.169884538E0
4.798519046E1,-2.215977788E0,4.585398209E-1,-9.403291945E-1,2.450517357E0
4.799521246E1,-2.428428767E0,8.862595528E-1,-8.953409366E-1,2.735755410E0
4.800523446E1,-2.539215378E0,1.282630607E0,-7.252794202E-1,2.935776941E0
4.801525646E1,-2.635230752E0,1.648793192E0,-5.611783361E-1,3.158778439E0
4.802527846E1,-2.781072589E0,2.040191190E0,-4.459671378E-1,3.477877445E0
4.803530046E1,-3.012321197E0,2.479957355E0,-4.208274727E-1,3.924457063E0
4.804532246E1,-3.253866168E0,3.006114378E0,-6.094412541E-1,4.471664940E0
4.805534446E1,-3.377031333E0,3.450617958E0,-1.030842339E0,4.936976893E0
4.806536646E1,-3.687915511E0,3.887072845E0,-1.495269867E0,5.562902848E0
4.807538846E1,-3.777683135E0,4.311975973E0,-1.816651258E0,6.013671795E0
4.808541046E1,-3.279545385E0,4.685922956E0,-2.011590704E0,6.062985159E0
4.809543246E1,-2.878791257E0,4.699515978E0,-1.897001649E0,5.828507938E0
4.810545446E1,-2.407592214E0,4.349929081E0,-1.204806506E0,5.115656556E0
4.811547646E1,-1.674962990E0,3.671859056E0,-7.930069882E-1,4.113017145E0
4.812549846E1,-7.256254292E-1,3.092835018E0,-5.677511913E-1,3.227150775E0
4.813552046E1,-3.570912141E-1,2.624880595E0,-7.977941036E-3,2.649070766E0
4.814554246E1,-4.432791728E-1,2.235992807E0,1.406692444E-1,2.283845024E0
4.815556446E1,-2.815095198E-1,2.180115645E0,1.895291631E-1,2.206371034E0
4.816558646E1,3.907986581E-2,2.014186867E0,8.296541199E-3,2.014583035E0
4.817560746E1,5.167178625E-1,1.981764057E0,-2.285594738E-1,2.060734228E0
4.818562946E1,9.936325586E-1,2.168740472E0,-4.873293912E-1,2.434795850E0
4.819565146E1,1.344890590E0,2.159949768E0,-5.130359439E-1,2.595634716E0
4.820567346E1,1.776756583E0,1.888903840E0,-1.517253059E-1,2.597660917E0
4.821569546E1,2.357599105E0,1.531112714E0,2.276531553E-1,2.820355588E0
4.822571746E1,3.095851012E0,1.024033987E0,6.964473845E-1,3.334363216E0
4.823573946E1,3.564031137E0,3.204180622E-1,1.166206039E0,3.763644803E0
4.824576146E1,3.961520180E0,-2.742069322E-1,1.626719953E0,4.291275962E0
4.825578346E1,4.202064106E0,-6.845703739E-1,1.620054712E0,4.555277886E0
4.826580546E1,4.197927201E0,-8.799685335E-1,1.730028120E0,4.624925373E0
4.827582746E1,4.116326383E0,-8.479690611E-1,1.544072337E0,4.477427141E0
4.828584946E1,3.691833730E0,-8.257344389E-1,1.457625493E0,4.054151666E0
4.829587146E1,3.442765732E0,-9.808832896E-1,1.459214766E0,3.865756801E0
4.830589346E1,3.456630065E0,-1.139835169E0,1.288113249E0,3.860926231E0
4.831591546E1,3.597027560E0,-1.337413756E0,1.153748034E0,4.007295515E0
4.832593746E1,3.525164695E0,-1.284590594E0,8.715957592E-1,3.851835704E0
4.833595946E1,3.110902914E0,-1.044313300E0,5.522309268E-1,3.327651756E0
4.834598146E1,2.570841213E0,-9.084462279E-1,4.204972512E-1,2.758861546E0
4.835600246E1,2.097325503E0,-7.847349322E-1,5.715990977E-1,2.311127151E0
4.836602446E1,1.685297359E0,-5.418760926E-1,5.729094587E-1,1.860667121E0
4.837604646E1,1.271426758E0,-3.151503056E-1,6.504821299E-1,1.462522723E0
4.838606846E1,1.044040820E0,-3.390315038E-1,9.064306927E-1,1.423580063E0
4.839609046E1,1.016321509E0,-5.982397431E-1,1.211708998E0,1.690869272E0
4.840611246E1,1.241394873E0,-1.010951427E0,1.345358221E0,2.091189318E0
4.841613446E1,1.568924319E0,-1.565620058E0,1.357212428E0,2.598983505E0
4.842615646E1,1.836433851E0,-1.956805801E0,1.309486577E0,2.986022995E0
4.843617846E1,1.955474975E0,-2.105954824E0,1.270406857E0,3.142111023E0
4.844620046E1,1.798736851E0,-2.029225906E0,1.246972532E0,2.984652833E0
4.845622246E1,1.450309457E0,-1.828137821E0,1.356337246E0,2.699099134E0
4.846624446E1,1.011151986E0,-1.592691497E0,1.560868756E0,2.448551779E0
4.847626646E1,6.619246924E-1,-1.242164367E0,1.731636543E0,2.231520049E0
4.848628846E1,1.193621367E-1,-8.593459886E-1,1.719075555E0,1.925602142E0
4.849631046E1,-4.909895289E-1,-3.398284793E-1,1.595904542E0,1.703955815E0
4.850633246E1,-1.117456121E0,1.804187626E-1,1.500401384E0,1.879484883E0
4.851635446E1,-1.716693399E0,8.440619516E-1,1.203031730E0,2.259814627E0
4.852637646E1,-2.465601856E0,1.365828300E0,9.458596373E-1,2.973101060E0
4.853639746E1,-3.280215476E0,1.731600875E0,5.578541940E-1,3.750927413E0
4.854642046E1,-3.770584030E0,2.061544052E0,-3.983927295E-2,4.297540573E0
4.855644146E1,-4.291459848E0,2.270097862E0,-6.459037600E-1,4.897669200E0
4.856646346E1,-4.639620609E0,2.358043494E0,-1.000659889E0,5.299789499E0
4.857648546E1,-4.676438772E0,2.487334203E0,-1.306172667E0,5.455455807E0
4.858650746E1,-4.618612733E0,2.388312775E0,-1.475883278E0,5.404984083E0
4.859652946E1,-4.357997653E0,2.219817070E0,-1.433355309E0,5.096492795E0
4.860655146E1,-3.968702314E0,2.029787239E0,-1.239948857E0,4.626889610E0
4.861657346E1,-3.666190181E0,1.767854489E0,-1.082773361E0,4.211728634E0
4.862659546E1,-3.390791001E0,1.406274660E0,-9.530692542E-1,3.792547038E0
4.863661783E1,-3.080089257E0,1.113024516E0,-7.515193851E-1,3.360142079E0
4.864663983E1,-2.872052926E0,7.772887954E-1,-5.194977750E-1,3.020388024E0
4.865666183E1,-2.534242321E0,4.120646891E-1,-3.227427690E-1,2.587729573E0
4.866668383E1,-2.101631978E0,1.577119777E-1,-2.147715931E-1,2.118456248E0
4.867670583E1,-1.612517651E0,-2.338102734E-1,-1.103851989E-2,1.629417769E0
4.868672783E1,-1.035715554E0,-6.591358629E-1,1.453905787E-1,1.236246422E0
4.869674983E1,-4.254100817E-1,-1.042336649E0,3.335609950E-1,1.174181572E0
4.870677183E1,1.173407543E-1,-1.333759246E0,2.236669622E-1,1.357464360E0
4.871679283E1,4.992019433E-1,-1.527712559E0,3.119148950E-1,1.637192458E0
4.872681483E1,6.994907141E-1,-1.795550996E0,5.048925997E-1,1.992035937E0
4.873683683E1,9.213095176E-1,-2.008541965E0,5.378103773E-1,2.274267367E0
4.874685883E1,9.058319378E-1,-2.244856309E0,5.043574333E-1,2.472708589E0
4.875688083E1,8.025888205E-1,-2.451175021E0,5.580727337E-1,2.638911324E0
4.876690283E1,6.146499538E-1,-2.610647303E0,6.321231884E-1,2.755513315E0
4.877692483E1,3.808180457E-1,-2.658935656E0,6.152949017E-1,2.755639495E0
4.878694683E1,2.099524641E-1,-2.722692819E0,4.329629302E-1,2.764885734E0
4.879696883E1,1.193077576E-1,-2.764625249E0,1.978746016E-1,2.774264130E0
4.880699083E1,1.584747469E-1,-2.805181244E0,-2.743747473E-2,2.809788048E0
4.881701283E1,2.470518780E-1,-2.939393554E0,-7.021570444E-2,2.950593049E0
4.882703483E1,3.804514253E-1,-3.325026782E0,1.866613962E-1,3.351923159E0
4.883705683E1,4.717451727E-1,-3.695250843E0,6.066072549E-1,3.774307176E0
4.884707883E1,4.868333280E-1,-3.706599703E0,1.029981117E0,3.877724739E0
4.885710083E1,3.397565585E-1,-3.258376125E0,1.201894593E0,3.489555860E0
4.886712283E1,2.271660823E-1,-2.735532135E0,1.181771400E0,2.988532103E0
4.887714483E1,2.990903431E-1,-2.520437629E0,1.229774848E0,2.820355838E0
4.888716583E1,2.800208187E-1,-2.113696538E0,1.190388588E0,2.441956122E0
4.889718783E1,1.233575392E-1,-1.549075946E0,1.213696540E0,1.971779059E0
4.890720983E1,1.361600178E-1,-1.366289061E0,1.479778839E0,2.018670543E0
4.891723183E1,3.893859708E-1,-1.453313756E0,1.708356439E0,2.276449874E0
4.892725383E1,7.410492146E-1,-1.672315956E0,1.990636037E0,2.703410148E0
4.893727583E1,1.048103465E0,-1.841686404E0,2.228969132E0,3.075489079E0
4.894729783E1,1.233017567E0,-1.846456563E0,2.182055751E0,3.113053398E0
4.895731983E1,1.512841920E0,-1.792192063E0,2.191679683E0,3.210000451E0
4.896734183E1,1.332633072E0,-1.705688354E0,2.179689383E0,3.071860914E0
4.897736383E1,1.320131725E0,-1.573105663E0,1.886226254E0,2.788415084E0
4.898738583E1,1.110000336E0,-1.417724678E0,1.537525941E0,2.367705646E0
4.899740783E1,7.568103844E-1,-1.233207017E0,9.470518845E-1,1.729297192E0
4.900742983E1,2.955440068E-1,-9.241027325E-1,2.377254959E-1,9.989121742E-1
4.901745183E1,-3.397267377E-1,-4.341621941E-1,-3.731253757E-1,6.656828172E-1
4.902747383E1,-1.086215617E0,2.306100923E-1,-7.906634241E-1,1.363155909E0
4.903749583E1,-1.694809610E0,9.370157236E-1,-1.118170139E0,2.236220593E0
4.904751783E1,-2.161989276E0,1.573234302E0,-1.238306959E0,2.946636714E0
4.905753883E1,-2.488758000E0,2.064406264E0,-1.255217106E0,3.468610613E0
4.906756083E1,-2.637023508E0,2.476113396E0,-1.250054600E0,3.827227068E0
4.907758283E1,-2.717619190E0,2.756925927E0,-1.231576229E0,4.062373030E0
4.908760483E1,-2.697645101E0,2.873826386E0,-1.211207526E0,4.123492556E0
4.909762683E1,-2.620026821E0,2.961396042E0,-1.147608531E0,4.117209298E0
4.910764883E1,-2.598146541E0,3.053614234E0,-1.067353084E0,4.148996016E0
4.911767083E1,-2.582793506E0,3.136083949E0,-9.861656642E-1,4.180713760E0
4.912769283E1,-2.375042519E0,3.223281137E0,-1.021991554E0,4.132170736E0
4.913771483E1,-1.962365919E0,3.405527154E0,-1.103617954E0,4.082458547E0
4.914773683E1,-1.482383773E0,3.460880406E0,-1.117689279E0,3.927388975E0
4.915775883E1,-1.055635849E0,3.454649613E0,-1.209408265E0,3.809414567E0
4.916778083E1,-6.375073045E-1,3.384418121E0,-1.245287365E0,3.662163596E0
4.917780283E1,-3.346835142E-1,3.245354376E0,-1.233528176E0,3.487969300E0
4.918782483E1,-9.354492545E-2,3.012105435E0,-1.162469156E0,3.229994481E0
4.919784683E1,2.316234148E-1,2.633679485E0,-1.114494579E0,2.869148864E0
4.920786783E1,6.317922360E-1,2.239615742E0,-1.061826954E0,2.557834354E0
4.921788983E1,9.870766604E-1,1.920345488E0,-8.346556820E-1,2.314886009E0
4.922791183E1,1.512087629E0,1.601855838E0,-5.257735185E-1,2.264682961E0
4.923793383E1,2.342442538E0,1.238473020E0,-3.223920822E-1,2.669230061E0
4.924795583E1,3.141216050E0,9.951873332E-1,-2.406444991E-1,3.303868320E0
4.925797783E1,3.708310599E0,9.507373846E-1,-9.047806084E-2,3.829315259E0
4.926799983E1,4.068731217E0,8.161508524E-1,2.548970872E-1,4.157601287E0
4.927802183E1,4.341454126E0,5.546581060E-1,7.310224092E-1,4.437371216E0
4.928804383E1,4.690690776E0,2.740268379E-1,1.183804477E0,4.845519962E0
4.929806583E1,5.000828848E0,1.966845471E-1,1.364072527E0,5.187260147E0
4.930808783E1,5.522079472E0,4.489726067E-2,1.474226323E0,5.715655755E0
4.931810983E1,6.083031521E0,-2.467934310E-1,1.578195664E0,6.289267130E0
4.932813183E1,6.225108921E0,-5.566128302E-1,1.574114746E0,6.445124991E0
4.933815383E1,5.905621151E0,-5.256149858E-1,1.432294916E0,6.099516458E0
4.934817583E1,5.308947292E0,-2.812826478E-1,1.228165694E0,5.456412031E0
4.935819783E1,4.415433683E0,1.551371562E-1,1.137702690E0,4.562289947E0
4.936821883E1,3.175319935E0,6.763199526E-1,1.027529452E0,3.405272697E0
4.937824083E1,2.010415413E0,1.109765278E0,9.075890261E-1,2.469223956E0
4.938826283E1,1.320876660E0,9.714716113E-1,9.666710472E-1,1.903398318E0
4.939828483E1,8.279733378E-1,3.204087067E-1,1.033678969E0,1.362605518E0
4.940830683E1,4.864444882E-1,-4.327588624E-1,1.162019067E0,1.331989784E0
4.941832883E1,4.605231965E-1,-1.111059267E0,1.243213357E0,1.729772748E0
4.942835083E1,4.573721319E-1,-1.493628554E0,1.295510269E0,2.029399513E0
4.943837283E1,1.204193133E-1,-1.563091137E0,1.376398312E0,2.086199182E0
4.944839483E1,-2.437663275E-1,-1.341409158E0,1.657708442E0,2.146345226E0
4.945841683E1,-4.675457025E-1,-8.830482620E-1,1.976530214E0,2.214733597E0
4.946843883E1,-6.662609875E-1,-2.468232518E-1,2.178378437E0,2.291322334E0
4.947846083E1,-8.057732141E-1,5.707110518E-1,2.209641307E0,2.420226494E0
4.948848283E1,-9.838390571E-1,1.478391879E0,2.180533867E0,2.812171720E0
4.949850483E1,-1.174654754E0,2.229028189E0,2.080773205E0,3.267720549E0
4.950852683E1,-1.514308401E0,2.807359917E0,1.933494707E0,3.729986785E0
4.951854783E1,-2.073761809E0,3.235511758E0,1.691302450E0,4.198753190E0
4.952856983E1,-2.577555571E0,3.452379139E0,1.393224698E0,4.528111030E0
4.953859183E1,-2.816827143E0,3.468911557E0,1.309254150E0,4.656394418E0
4.954861383E1,-3.239911788E0,3.283642529E0,1.202359008E0,4.767074976E0
4.955863583E1,-3.697211999E0,2.949471231E0,1.130522455E0,4.862801469E0
4.956865783E1,-4.070541515E0,2.636380899E0,9.815608357E-1,4.948057614E0
4.957867983E1,-4.201717951E0,2.249265987E0,8.453576215E-1,4.840274861E0
4.958870183E1,-4.269274927E0,2.059727907E0,7.925151642E-1,4.805961687E0
4.959872383E1,-4.051780724E0,1.821372592E0,7.148313960E-1,4.499478756E0
4.960874583E1,-4.105138321E0,1.663469703E0,7.168497817E-1,4.486999632E0
4.961876783E1,-4.159687580E0,1.632841988E0,9.276209291E-1,4.563951611E0
4.962878983E1,-4.003969796E0,1.528950414E0,1.069879520E0,4.417477298E0
4.963881083E1,-3.633801284E0,1.358939111E0,1.011505889E0,4.009285652E0
4.964883283E1,-3.221271449E0,1.083911229E0,9.037607078E-1,3.516850397E0
4.965885483E1,-2.822984846E0,7.875000805E-1,8.570714217E-1,3.053517847E0
4.966887583E1,-2.296763504E0,4.157352787E-1,9.554841542E-1,2.522084135E0
4.967889783E1,-1.851246017E0,9.418110251E-2,1.114377489E0,2.162826642E0
4.968891983E1,-1.363988181E0,-3.636678699E-1,1.275012709E0,1.902202798E0
4.969894183E1,-1.042863775E0,-8.313322708E-1,1.227380267E0,1.812495660E0
4.970896383E1,-1.021912032E0,-1.175986750E0,1.093933284E0,1.903664641E0
4.971898583E1,-1.130608263E0,-1.448975122E0,9.110770364E-1,2.051308196E0
4.972900783E1,-1.142975124E0,-1.748407235E0,6.753154010E-1,2.195306558E0
4.973902983E1,-9.245441973E-1,-2.081399150E0,4.367893481E-1,2.319006108E0
4.974905183E1,-8.013901412E-1,-2.316955694E0,3.489507204E-1,2.476343363E0
4.975907383E1,-9.844459981E-1,-2.591078426E0,3.454318660E-1,2.793231911E0
4.976909583E1,-1.423134522E0,-3.014709785E0,6.744105443E-3,3.333741507E0
4.977911783E1,-2.029660939E0,-3.422343746E0,-2.218012619E-1,3.985116817E0
4.978913983E1,-2.325893748E0,-3.893553899E0,-5.249962042E-1,4.565650524E0
4.979916183E1,-2.402437309E0,-4.234787464E0,-1.235247111E0,5.023043432E0
4.980918283E1,-2.570159428E0,-4.854260786E0,-1.291849912E0,5.642556465E0
4.981920483E1,-2.110192886E0,-6.065613835E0,-1.024967641E0,6.503471679E0
4.982922683E1,-5.872656888E-1,-8.374297473E0,-1.372002375E-1,8.395984937E0
4.983924883E1,1.009080318E0,-1.044316926E1,1.184261656E0,1.055843278E1
4.984927083E1,2.077329195E0,-1.107636892E1,1.690841689E0,1.139562155E1
4.985929283E1,2.542956426E0,-1.027921684E1,2.356270618E0,1.084808450E1
4.986931483E1,2.559386517E0,-9.201172119E0,3.100625263E0,1.004121032E1
4.987933683E1,2.949072450E0,-8.073734801E0,3.560636829E0,9.303781843E0
4.988935883E1,3.685349168E0,-7.129452158E0,4.032176764E0,8.981610992E0
4.989938083E1,3.837395486E0,-5.979119482E0,3.975929473E0,8.141467255E0
4.990940283E1,3.617482874E0,-4.578445285E0,3.550184931E0,6.830238401E0
4.991942483E1,3.613968698E0,-3.480918229E0,2.698903422E0,5.697511838E0
4.992944683E1,3.710859985E0,-2.671786374E0,1.722743513E0,4.886386136E0
4.993946883E1,3.333185402E0,-2.055351266E0,1.046421806E0,4.053343354E0
4.994948983E1,2.661433294E0,-1.455401212E0,4.281846587E-1,3.063455887E0
4.995951183E1,1.779415897E0,-7.889437580E-1,-3.298741794E-1,1.974226471E0
4.996953383E1,8.698259532E-1,-3.032833815E-2,-6.423336694E-1,1.081716016E0
4.997955583E1,5.477554679E-2,6.798212653E-1,-7.667793754E-1,1.026210468E0
4.998957783E1,-8.054679894E-1,1.328436525E0,-6.091624150E-1,1.668712417E0
4.999959983E1,-1.518927702E0,2.025112390E0,-4.785278698E-1,2.576278416E0
5.000962183E1,-1.808719802E0,2.803023621E0,-2.913088685E-1,3.348622045E0
5.001964383E1,-1.738618119E0,3.298361140E0,-2.136315322E-1,3.734650935E0
5.002966583E1,-1.483338039E0,3.588383621E0,-3.579261965E-1,3.899346088E0
5.003968783E1,-1.549871167E0,4.013175652E0,-6.893725459E-1,4.356938599E0
5.004970983E1,-1.414178926E0,4.464689459E0,-1.134565147E0,4.818774955E0
5.005973183E1,-1.040254748E0,4.911828963E0,-1.613114651E0,5.273550283E0
5.006975383E1,-5.997763914E-1,5.303583056E0,-1.902954115E0,5.666476799E0
5.007977583E1,-3.040458584E-1,5.695300897E0,-1.961568505E0,6.031305596E0
5.008979683E1,1.561791301E-2,5.966329283E0,-1.743988786E0,6.216013667E0
5.009981883E1,5.171856397E-1,6.007848607E0,-1.518965709E0,6.218438927E0
5.010984083E1,1.079479040E0,5.815924863E0,-1.296320109E0,6.055633974E0
5.011986283E1,1.594958462E0,5.529096715E0,-9.798856084E-1,5.837377732E0
5.012988483E1,1.999467672E0,4.935028961E0,-7.567735469E-1,5.378204906E0
5.013990683E1,2.483154613E0,4.392022017E0,-7.677973026E-1,5.103472046E0
5.014992883E1,2.734501855E0,3.931137462E0,-1.015274273E0,4.895112255E0
5.015995083E1,2.950476952E0,3.658043255E0,-1.133540642E0,4.834408866E0
5.016997283E1,3.013947308E0,3.523205878E0,-1.188406236E0,4.786352203E0
5.017999483E1,2.970727029E0,3.614651653E0,-1.093266774E0,4.804805708E0
5.019001683E1,3.201397932E0,3.670382634E0,-8.775425237E-1,4.948811805E0
5.020003883E1,3.482705138E0,3.414693249E0,-4.273085265E-1,4.896116588E0
5.021006083E1,4.053876951E0,2.606713296E0,-5.312063858E-2,4.819926798E0
5.022008183E1,4.627258426E0,1.674514509E0,1.697528565E-1,4.923853716E0
5.023010383E1,5.112249296E0,7.979204035E-1,8.333556267E-1,5.240825454E0
5.024012583E1,5.094777231E0,2.471968889E-1,1.397792543E0,5.288826461E0
5.025014783E1,4.675970995E0,9.759002924E-4,1.545301568E0,4.924699243E0
5.026016983E1,3.865084391E0,4.454233468E-2,1.657984430E0,4.205921271E0
5.027019183E1,2.996652414E0,3.507101476E-1,1.628294023E0,3.428449317E0
5.028021383E1,2.541912113E0,3.937474090E-1,1.607206479E0,3.033062294E0
5.029023583E1,2.493275558E0,-2.743396640E-2,1.497717365E0,2.908665147E0
5.030025783E1,3.228475803E0,-1.081598071E0,1.251901297E0,3.627694482E0
5.031027983E1,4.035433078E0,-1.932336958E0,7.475485410E-1,4.536240191E0
5.032030183E1,4.478442110E0,-2.308255037E0,6.493040621E-1,5.079968584E0
5.033032383E1,4.389336975E0,-2.436319585E0,9.117309013E-1,5.102272576E0
5.034034583E1,3.891042520E0,-2.020394856E0,1.684181857E0,4.696666455E0
5.035036683E1,3.090672133E0,-1.670390468E0,2.407215507E0,4.258772716E0
5.036038883E1,2.627765611E0,-1.857849863E0,3.206520093E0,4.542964817E0
5.037041083E1,2.825071718E0,-2.612141266E0,3.723046752E0,5.354006847E0
5.038043283E1,2.896384360E0,-3.571913769E0,3.672490556E0,5.885133576E0
5.039045483E1,2.789912410E0,-4.362688290E0,3.260429960E0,6.119400615E0
5.040047683E1,2.521141634E0,-4.834663843E0,2.703136221E0,6.085809317E0
5.041049883E1,1.974874867E0,-4.822064263E0,2.194488101E0,5.654043909E0
5.042052083E1,1.202888035E0,-4.168152595E0,1.770778390E0,4.685732790E0
5.043054283E1,1.168946117E-1,-2.936358849E0,1.304224375E0,3.215100133E0
5.044056483E1,-9.928197956E-1,-1.422241652E0,1.106414239E0,2.057331993E0
5.045058683E1,-1.914081366E0,-2.391148674E-1,8.869179493E-1,2.123088986E0
5.046060883E1,-2.963185875E0,7.939998454E-1,6.139767931E-1,3.128557780E0
5.047063083E1,-3.647869685E0,1.620073423E0,7.465330258E-2,3.992137804E0
5.048065183E1,-4.178491641E0,2.094089069E0,-2.794558315E-1,4.682210695E0
5.049067383E1,-4.528762078E0,2.228103159E0,-5.510907197E-1,5.077187276E0
5.050069583E1,-5.024258641E0,2.376516017E0,-6.645055072E-1,5.597550432E0
5.051071783E1,-5.457782904E0,2.368689227E0,-8.788948385E-1,6.014194794E0
5.052073983E1,-5.713364700E0,2.144494407E0,-8.094278701E-1,6.156018676E0
5.053076183E1,-5.700404931E0,1.786291637E0,-7.115155131E-1,6.015954498E0
5.054078383E1,-5.587513908E0,1.323443296E0,-5.543930809E-1,5.768809714E0
5.055080583E1,-5.279622921E0,8.505625936E-1,-2.481656264E-1,5.353453193E0
5.056082783E1,-4.616185554E0,1.759435961E-1,-3.455470562E-2,4.619666573E0
5.057084983E1,-3.986662622E0,-5.109551391E-1,4.985394537E-2,4.019581997E0
5.058087183E1,-3.434517649E0,-1.231657797E0,-1.504090977E-1,3.651782484E0
5.059089383E1,-2.764327918E0,-1.866991984E0,-3.480596048E-1,3.353850532E0
5.060091483E1,-1.653649305E0,-2.366117914E0,-4.725731385E-1,2.925131685E0
5.061093683E1,-1.234189934E0,-2.693407039E0,-2.610675077E-1,2.974192750E0
5.062095883E1,-1.090934905E0,-3.114491643E0,2.977665335E-1,3.313436595E0
5.063098083E1,-8.402858198E-1,-3.398925940E0,4.166168927E-1,3.525953409E0
5.064100333E1,-8.616024292E-1,-3.562375206E0,2.946607849E-1,3.676914580E0
5.065102533E1,-1.065843918E0,-3.776277464E0,-3.720820132E-1,3.941413422E0
5.066104733E1,-1.185177403E0,-3.969164829E0,-1.041713190E0,4.271309084E0
5.067106933E1,-1.019956139E0,-4.254007554E0,-1.705679730E0,4.695341749E0
5.068109133E1,-1.068189821E0,-4.538479858E0,-2.098293802E0,5.112892117E0
5.069111333E1,-1.238053190E0,-4.798076060E0,-1.989121023E0,5.339561033E0
5.070113533E1,-1.124050611E0,-5.188770638E0,-1.840270209E0,5.619023487E0
5.071115733E1,-9.331577307E-1,-5.648345416E0,-1.644532326E0,5.956431470E0
5.072117833E1,-8.066426951E-1,-5.928183217E0,-1.254837184E0,6.112989862E0
5.073120033E1,-7.153612268E-1,-5.913272817E0,-9.951329541E-1,6.038942514E0
5.074122233E1,-7.274152619E-1,-5.552199649E0,-1.116961446E0,5.709961189E0
5.075124433E1,-7.465648931E-1,-5.150797650E0,-1.203141950E0,5.341874776E0
5.076126633E1,-7.188999617E-1,-5.137867702E0,-1.076432056E0,5.298415579E0
5.077128833E1,-8.955045855E-1,-4.928597608E0,-6.893019408E-1,5.056494835E0
5.078131033E1,-1.369112681E0,-4.228791437E0,-4.060809410E-1,4.463412179E0
5.079133233E1,-2.005734133E0,-3.547487610E0,-2.020885438E-1,4.080254592E0
5.080135433E1,-1.918327029E0,-3.267945971E0,-1.387409788E-1,3.791925437E0
5.081137633E1,-1.457413824E0,-3.149827537E0,1.037939250E-2,3.470673752E0
5.082139833E1,-8.092979157E-1,-2.866415625E0,4.509708926E-2,2.978814429E0
5.083142033E1,-1.614422089E-1,-2.812510144E0,7.689234763E-3,2.817150337E0
5.084144233E1,6.800645095E-1,-2.927591534E0,2.153991455E-1,3.013250192E0
5.085146333E1,1.243071855E0,-3.177093103E0,5.322322798E-1,3.452885666E0
5.086148533E1,1.515394229E0,-3.565449379E0,1.026624742E0,4.007843224E0
5.087150733E1,1.964348125E0,-3.967801259E0,1.711125534E0,4.746584138E0
5.088152933E1,2.431914877E0,-3.876603113E0,2.146184253E0,5.054539397E0
5.089155133E1,2.449371740E0,-3.619736391E0,2.368429757E0,4.971053507E0
5.090157333E1,2.398945937E0,-3.195057212E0,2.577813433E0,4.754834833E0
5.091159533E1,2.134993851E0,-2.615333261E0,2.646383731E0,4.289698552E0
5.092161733E1,1.729828584E0,-2.032992098E0,2.475101243E0,3.640259601E0
5.093163933E1,1.316416989E0,-1.386085979E0,2.113777814E0,2.849955206E0
5.094166133E1,6.530497885E-1,-7.569355148E-1,1.679995104E0,1.954944743E0
5.095168333E1,1.372370750E-1,1.544834375E-3,1.108290026E0,1.116755650E0
5.096170533E1,-3.390461218E-1,7.579792428E-1,5.353242874E-1,9.879559190E-1
5.097172633E1,-8.167192018E-1,1.515848558E0,2.990571602E-1,1.747644784E0
5.098174833E1,-1.346381630E0,2.261010704E0,9.427948192E-2,2.633211256E0
5.099177033E1,-1.754517283E0,2.898568295E0,3.671115875E-2,3.388418033E0
5.100179233E1,-2.109649095E0,3.498306094E0,6.059052967E-2,4.085637777E0
5.101181433E1,-2.224973145E0,4.119062880E0,-8.534376696E-2,4.682357106E0
5.102183633E1,-2.419242792E0,4.604761848E0,-1.897649521E-1,5.205053132E0
5.103185833E1,-2.541552510E0,4.900055594E0,-3.424519788E-1,5.530579296E0
5.104188033E1,-2.473383915E0,5.159569643E0,-5.087329779E-1,5.744353413E0
5.105190233E1,-2.422870989E0,5.352962208E0,-6.391265447E-1,5.910413773E0
5.106192433E1,-2.624253774E0,5.473697855E0,-4.900423530E-1,6.090009654E0
5.107194633E1,-2.739853812E0,5.267204019E0,-1.702539629E-1,5.939631597E0
5.108196733E1,-2.409154006E0,4.893932975E0,-3.852949664E-2,5.454914070E0
5.109198933E1,-1.893408535E0,4.341866355E0,7.231134653E-2,4.737301791E0
5.110201133E1,-1.272971592E0,3.770179988E0,6.156474888E-2,3.979761806E0
5.111203333E1,-7.198787856E-1,3.310632107E0,4.436092481E-2,3.388285452E0
5.112205533E1,-2.983003843E-1,2.920425771E0,-3.627612591E-3,2.935623097E0
5.113207733E1,3.494717073E-1,2.581748024E0,-3.203543276E-3,2.605295299E0
5.114209933E1,6.867320895E-1,2.390073372E0,-4.374945223E-2,2.487160167E0
5.115212133E1,1.213644572E0,2.141702946E0,-7.521814361E-2,2.462820015E0
5.116214333E1,2.152975209E0,1.892820305E0,9.983959928E-2,2.868455839E0
5.117216533E1,3.054904130E0,1.520687129E0,2.957164997E-1,3.425255733E0
5.118218733E1,4.229202788E0,1.062475922E0,4.915343432E-1,4.388236243E0
5.119220933E1,5.333340122E0,5.900016010E-1,7.516496319E-1,5.418265028E0
5.120223033E1,5.918946955E0,4.328377998E-1,7.679430445E-1,5.984230789E0
5.121225233E1,6.187005540E0,5.564976400E-1,8.786454548E-1,6.273814232E0
5.122227433E1,6.083233250E0,9.738257003E-1,1.024318015E0,6.245261457E0
5.123229633E1,5.683283699E0,1.460628038E0,9.912289144E-1,5.951107681E0
5.124231833E1,5.420611569E0,1.982874443E0,8.496116902E-1,5.834094691E0
5.125234033E1,5.257515768E0,2.502882534E0,7.498913741E-1,5.870965006E0
5.126236233E1,5.147876966E0,2.608083299E0,7.879551400E-1,5.824397742E0
5.127238433E1,5.124148380E0,2.216639108E0,7.765492688E-1,5.636791137E0
5.128240633E1,5.183373073E0,1.453643539E0,3.685874248E-1,5.395951505E0
5.129242833E1,5.108076723E0,9.387149245E-1,-3.904028016E-1,5.208267261E0
5.130245033E1,4.595741349E0,6.963098288E-1,-9.140620400E-1,4.737213879E0
5.131247133E1,3.731296003E0,6.587648571E-1,-1.079359318E0,3.939740796E0
5.132249333E1,2.789591982E0,7.472285521E-1,-9.867597413E-1,3.051863156E0
5.133251533E1,2.285335706E0,6.341714680E-1,-6.974938899E-1,2.472130754E0
5.134253733E1,1.943746630E0,4.125426990E-1,-2.909141815E-1,2.008226457E0
5.135255933E1,1.722123708E0,9.320461750E-3,7.895349115E-3,1.722167028E0
5.136258133E1,1.853810021E0,-7.021155292E-1,5.626869178E-1,2.060629607E0
5.137260333E1,2.079844667E0,-1.704501954E0,1.166618194E0,2.931224789E0
5.138262533E1,2.548189684E0,-2.368253317E0,1.408541333E0,3.753116455E0
5.139264733E1,2.576969680E0,-2.824724978E0,1.685539872E0,4.178622810E0
5.140266933E1,2.760068806E0,-3.240200055E0,1.908029352E0,4.664488420E0
5.141269133E1,2.713310961E0,-3.510657753E0,2.078761617E0,4.899798372E0
5.142271233E1,2.756708996E0,-3.444209994E0,2.033898270E0,4.857856435E0
5.143273433E1,2.700937083E0,-3.179225290E0,2.032748415E0,4.640538837E0
5.144275633E1,2.245137268E0,-2.639854145E0,1.997933362E0,4.000151119E0
5.145277833E1,1.561184945E0,-1.746550452E0,1.786760146E0,2.946226184E0
5.146280033E1,7.760652655E-1,-6.844002199E-1,1.446002398E0,1.778089956E0
5.147282233E1,-7.839654386E-2,2.515624201E-1,1.049795211E0,1.082358376E0
5.148284433E1,-9.153032577E-1,7.990863383E-1,9.425922132E-1,1.537790334E0
5.149286633E1,-1.724771912E0,1.271738414E0,5.356477846E-1,2.208862896E0
5.150288833E1,-2.629385290E0,1.618327737E0,-8.550573483E-2,3.088683036E0
5.151291033E1,-3.636678699E0,1.952898107E0,-5.710846889E-1,4.167178985E0
5.152293233E1,-4.608534472E0,2.108474974E0,-1.215424757E0,5.211670945E0
5.153295433E1,-5.316837525E0,1.950207219E0,-1.501379330E0,5.858857342E0
5.154297533E1,-5.527506273E0,1.645371986E0,-1.864111938E0,6.060980769E0
5.155299733E1,-5.569495128E0,1.053325321E0,-1.877578368E0,5.971102976E0
5.156301933E1,-5.666320342E0,3.032693481E-1,-1.690525939E0,5.920898282E0
5.157304133E1,-5.888498749E0,-2.075252849E-1,-1.349568070E0,6.044734753E0
5.158306333E1,-6.115497601E0,-8.353232878E-1,-1.132014811E0,6.275231744E0
5.159308533E1,-6.215717123E0,-1.596133460E0,-1.039589335E0,6.501040483E0
5.160310733E1,-6.131641763E0,-2.457428618E0,-8.294205236E-1,6.657621537E0
5.161312933E1,-5.364031572E0,-3.057946144E0,-5.432076497E-1,6.198301693E0
5.162315133E1,-4.269431047E0,-3.407697933E0,-5.424418107E-2,5.462910314E0
5.163317333E1,-4.472525312E0,-3.676083670E0,-1.077869301E0,5.888877316E0
5.164319513E1,-3.915290338E0,-3.716407823E0,-7.791113725E-1,5.454191056E0
5.165321613E1,-2.599514789E0,-3.970805850E0,-2.072054422E-1,4.750548425E0
5.166323813E1,-1.860528472E0,-4.393861843E0,-3.608113588E-1,4.785161745E0
5.167326013E1,-1.064518939E0,-4.680119302E0,-2.901546282E-1,4.808420423E0
5.168328213E1,-3.521175724E-1,-4.888191594E0,-2.067762566E-1,4.905217657E0
5.169330413E1,1.875833559E-1,-4.971605049E0,-3.236188281E-1,4.985656769E0
5.170332613E1,4.799575871E-1,-5.067804025E0,-3.541155660E-1,5.102783041E0
5.171334813E1,6.769666547E-1,-5.128227398E0,-5.176923010E-1,5.198558013E0
5.172337013E1,8.615907347E-1,-4.948638940E0,-7.359307082E-1,5.076707590E0
5.173339213E1,8.033536363E-1,-4.610158244E0,-1.196428177E0,4.830152842E0
5.174341413E1,1.783541107E-1,-4.170933530E0,-1.523292941E0,4.443975482E0
5.175343513E1,-5.354301220E-1,-3.890576789E0,-1.549282499E0,4.221794574E0
5.176345713E1,-9.220860279E-1,-3.892328030E0,-1.412690518E0,4.242187482E0
5.177347913E1,-9.591719931E-1,-3.885412821E0,-1.174498926E0,4.170838216E0
5.178350113E1,-8.889574581E-1,-3.726293418E0,-1.001275016E0,3.959552962E0
5.179352313E1,-9.324765301E-1,-3.552037621E0,-8.907978693E-1,3.778889332E0
5.180354513E1,-6.957490808E-1,-3.484630919E0,-7.480071089E-1,3.631285455E0
5.181356713E1,-6.670515311E-1,-3.457145205E0,-4.104391631E-1,3.544752603E0
5.182358913E1,-4.052442044E-1,-3.410993716E0,-7.723294795E-2,3.435850102E0
5.183361113E1,2.338365859E-1,-3.662293889E0,3.534921066E-1,3.686737412E0
5.184363313E1,7.677686512E-1,-4.114027258E0,7.763950485E-1,4.256463116E0
5.185365513E1,1.350176473E0,-4.508524280E0,1.142697966E0,4.843090577E0
5.186367613E1,1.970412272E0,-4.671530327E0,1.578379705E0,5.310084991E0
5.187369813E1,2.516208923E0,-4.668197706E0,1.883467099E0,5.627683847E0
5.188372013E1,2.835280956E0,-4.594478935E0,1.892448422E0,5.720962840E0
5.189374213E1,3.187050034E0,-4.069968488E0,2.052210141E0,5.561789090E0
5.190376413E1,3.023299929E0,-3.544438287E0,1.943409684E0,5.047794215E0
5.191378613E1,2.532834896E0,-2.873148694E0,1.772251157E0,4.220321100E0
5.192380813E1,1.928415815E0,-2.175704213E0,1.383748262E0,3.219819192E0
5.193383013E1,1.217456372E0,-1.357387844E0,8.039588231E-1,1.992749750E0
5.194385213E1,3.678395659E-1,-4.574651027E-1,1.305111690E-1,6.013430233E-1
5.195387413E1,-4.156311983E-1,4.476949900E-1,-4.163316947E-1,7.392646191E-1
5.196389613E1,-9.917240274E-1,1.264069206E0,-9.399761689E-1,1.861435656E0
5.197391713E1,-1.505981966E0,1.986155316E0,-1.121593611E0,2.733270358E0
5.198393913E1,-1.902058906E0,2.476021594E0,-1.036666312E0,3.289861404E0
5.199396113E1,-2.336501182E0,2.933311281E0,-8.366373034E-1,3.842331951E0
5.200398313E1,-2.707560225E0,3.076444103E0,-5.774599081E-1,4.138701564E0
5.201400513E1,-2.826359859E0,3.265160649E0,-5.900929637E-1,4.358645871E0
5.202402713E1,-2.905939295E0,3.485481981E0,-7.767628384E-1,4.603957899E0
5.203404913E1,-3.087041597E0,3.562174062E0,-8.386357355E-1,4.787715506E0
5.204407113E1,-3.365727496E0,3.766227854E0,-1.039225638E0,5.156799759E0
5.205409313E1,-3.312482750E0,4.233140888E0,-1.433144370E0,5.562906303E0
5.206411513E1,-2.895377469E0,4.522724828E0,-1.694647057E0,5.631170323E0
5.207413613E1,-2.488092002E0,4.668358505E0,-1.565898385E0,5.516902273E0
5.208415813E1,-1.985205728E0,4.876045173E0,-1.402997296E0,5.448418093E0
5.209418013E1,-1.243626755E0,4.852431192E0,-1.189729022E0,5.148606717E0
5.210420213E1,-3.534460598E-1,4.605023804E0,-7.859757113E-1,4.684968108E0
5.211422413E1,1.500951022E-1,4.170141233E0,-3.305113797E-1,4.185910201E0
5.212424613E1,2.206101841E-1,3.822979760E0,-3.844661236E-2,3.829532771E0
5.213426813E1,5.563900512E-1,3.542474207E0,-1.299855043E-1,3.588257186E0
5.214429013E1,1.170147135E0,3.254749682E0,-2.668658991E-1,3.468985042E0
5.215431213E1,1.752898774E0,2.770369261E0,-1.536667277E-1,3.281952683E0
5.216433413E1,2.283458750E0,2.290109957E0,1.055157839E-1,3.235725739E0
5.217435513E1,2.987669921E0,1.729715733E0,4.632152545E-1,3.483196297E0
5.218437713E1,3.900568219E0,1.063935971E0,9.132918155E-1,4.144935961E0
5.219439913E1,4.648277997E0,4.833741152E-1,1.365471620E0,4.868742303E0
5.220442113E1,5.305982169E0,3.769933820E-2,1.748291168E0,5.586715495E0
5.221444313E1,5.569043723E0,-2.298698348E-1,2.039829832E0,5.935317504E0
5.222446513E1,5.447833866E0,-3.011099714E-1,2.194417350E0,5.880903719E0
5.223448713E1,5.276291762E0,-1.497974789E-1,2.166304083E0,5.705660998E0
5.224450913E1,4.923951411E0,9.806482315E-2,2.018565409E0,5.322548310E0
5.225453113E1,4.405939559E0,2.583884597E-2,1.844466755E0,4.776507998E0
5.226455313E1,4.249170445E0,-4.700342774E-1,1.561410501E0,4.551305796E0
5.227457413E1,4.134624075E0,-9.440160102E-1,1.165106104E0,4.398153556E0
5.228459613E1,3.944193125E0,-1.105300929E0,5.654392022E-1,4.134981384E0
5.229461813E1,3.393896458E0,-7.447440702E-1,-2.641786650E-2,3.474748163E0
5.230464013E1,2.674533396E0,-2.884595203E-1,-3.168537457E-1,2.708640633E0
5.231466213E1,1.919826840E0,1.373335540E-2,-2.731668587E-1,1.939212168E0
5.232468413E1,1.597690281E0,1.527047145E-1,-2.833233261E-1,1.629786818E0
5.233470613E1,1.847430124E0,9.439277172E-2,-2.168119790E-1,1.862502482E0
5.234472813E1,1.861847019E0,-2.674159759E-1,-4.213035822E-2,1.881425150E0
5.235475013E1,2.016458511E0,-7.869785088E-1,1.853035265E-1,2.172504890E0
5.236477213E1,2.369612210E0,-1.350268859E0,4.722204052E-1,2.767901756E0
5.237479313E1,2.595425831E0,-1.877134565E0,6.972674565E-1,3.278117039E0
5.238481513E1,2.577075514E0,-2.359932729E0,8.530000055E-1,3.596972296E0
5.239483713E1,2.563107101E0,-2.424670762E0,8.555909067E-1,3.630507143E0
5.240485913E1,2.410546812E0,-2.384468815E0,8.742661826E-1,3.501538066E0
5.241488113E1,1.932866716E0,-2.154018937E0,9.743944882E-1,3.053721654E0
5.242490313E1,1.315152821E0,-1.720011694E0,1.027363976E0,2.396569196E0
5.243492513E1,5.257085413E-1,-1.127854809E0,1.051506691E0,1.629138503E0
5.244494712E1,-4.312356627E-1,-3.967376751E-1,9.124620956E-1,1.084413231E0
5.245496913E1,-1.338863280E0,3.396659267E-1,6.102722897E-1,1.510086121E0
5.246499113E1,-2.267981755E0,1.108439130E0,2.028508745E-1,2.532494229E0
5.247501213E1,-2.984638140E0,1.729995815E0,-4.390703470E-1,3.477604508E0
5.248503413E1,-3.564034646E0,2.049502881E0,-9.327647978E-1,4.215786425E0
5.249505613E1,-4.073368644E0,2.206773686E0,-1.231726795E0,4.793676367E0
5.250507813E1,-4.430721229E0,2.119903357E0,-1.482406285E0,5.130575917E0
5.251510013E1,-4.571533291E0,1.873820947E0,-1.594671949E0,5.191637526E0
5.252512213E1,-4.543250894E0,1.605348380E0,-1.578871310E0,5.070612066E0
5.253514413E1,-4.360909567E0,1.443742156E0,-1.523994314E0,4.839884537E0
5.254516613E1,-4.124451090E0,1.357376735E0,-1.400701679E0,4.562404364E0
5.255518813E1,-3.798434903E0,1.246183451E0,-1.188261517E0,4.170497133E0
5.256521013E1,-3.477458432E0,1.165142503E0,-1.258308237E0,3.877320443E0
5.257523113E1,-3.064765459E0,8.995894504E-1,-1.209309593E0,3.415329880E0
5.258525313E1,-2.733571563E0,3.888839874E-1,-8.706078722E-1,2.895099707E0
5.259527513E1,-2.593150679E0,1.514060479E-1,-6.232389289E-1,2.671288266E0
5.260529713E1,-2.454536585E0,-5.050146604E-1,-3.955023046E-1,2.536969004E0
5.261531913E1,-2.136761464E0,-1.232503012E0,-1.996732052E-1,2.474809613E0
5.262534113E1,-1.742062714E0,-1.853863523E0,-3.567621620E-1,2.568826911E0
5.263536313E1,-1.437053819E0,-2.283620425E0,-7.073717375E-1,2.789340549E0
5.264538500E1,-9.057676184E-1,-2.646270880E0,-7.810260433E-1,2.903991430E0
5.265540700E1,-3.831306195E-1,-2.980029364E0,-6.900348893E-1,3.082776708E0
5.266542800E1,-2.872041231E-1,-3.324251149E0,-5.958792222E-1,3.389425314E0
5.267545000E1,-3.307986242E-1,-3.482427980E0,-5.224184592E-1,3.536898841E0
5.268547200E1,-5.397073603E-1,-3.468377706E0,-6.893177283E-1,3.577161846E0
5.269549400E1,-5.288672072E-1,-3.586183606E0,-1.048313965E0,3.773509712E0
5.270551600E1,-2.715376782E-1,-3.766668150E0,-1.249777149E0,3.977871866E0
5.271553800E1,-6.892346978E-2,-3.752851472E0,-1.220545749E0,3.946945216E0
5.272556000E1,2.868965596E-1,-3.656664774E0,-1.190561519E0,3.856286249E0
5.273558200E1,3.612339664E-1,-3.390371464E0,-1.130119436E0,3.591974190E0
5.274560400E1,2.268941867E-1,-3.138150355E0,-9.654296833E-1,3.291127936E0
5.275562600E1,3.263331056E-3,-3.005135262E0,-7.781329872E-1,3.104245405E0
5.276564700E1,-1.001014084E-1,-3.093306304E0,-6.075469024E-1,3.153993884E0
5.277566900E1,2.217141384E-1,-3.764294180E0,-2.115009530E-1,3.776744695E0
5.278569100E1,6.622392726E-1,-4.619807027E0,2.216028951E-1,4.672289124E0
5.279571300E1,1.046427653E0,-4.837015885E0,4.250428766E-1,4.967131462E0
5.280573500E1,1.163483064E0,-4.662872939E0,5.209037380E-1,4.833985684E0
5.281575700E1,7.370906496E-1,-4.378376954E0,7.459129286E-1,4.502207622E0
5.282577900E1,2.054729122E-1,-4.015989625E0,8.945677154E-1,4.119544050E0
5.283580100E1,-2.021388298E-1,-3.408925848E0,8.986970191E-1,3.531188451E0
5.284582300E1,-3.733768791E-1,-2.932187738E0,9.467447595E-1,3.103781704E0
5.285584400E1,-1.978861499E-1,-2.893197335E0,1.056302870E0,3.086345006E0
5.286586600E1,2.417338353E-1,-2.988294404E0,1.016048883E0,3.165547981E0
5.287588800E1,7.105957460E-1,-2.955245064E0,8.781289995E-1,3.163784165E0
5.288591000E1,8.272763497E-1,-2.753265278E0,7.733283301E-1,2.977061060E0
5.289593200E1,8.842668217E-1,-2.541597241E0,8.782541299E-1,2.830719814E0
5.290595400E1,9.989511859E-1,-2.228201100E0,8.585583687E-1,2.588417680E0
5.291597600E1,7.655233204E-1,-2.053351518E0,7.474975240E-1,2.315390023E0
5.292599800E1,3.387426513E-1,-1.755694912E0,8.579771554E-1,1.983263978E0
5.293602000E1,-1.895123523E-1,-1.435415429E0,7.922525512E-1,1.650453420E0
5.294604100E1,-6.065234935E-1,-9.428641087E-1,5.416357720E-1,1.245083445E0
5.295606300E1,-8.584835243E-1,-3.441542494E-1,3.394735533E-1,9.852301266E-1
5.296608500E1,-1.206951265E0,3.878908378E-1,8.721531451E-2,1.270746697E0
5.297610700E1,-1.423018747E0,1.188794491E0,-1.922868562E-1,1.864185863E0
5.298612900E1,-1.597319568E0,1.910544385E0,-2.354692747E-1,2.501410688E0
5.299615100E1,-1.866106131E0,2.605969530E0,-2.059582311E-1,3.211829397E0
5.300617300E1,-2.061335306E0,3.218382924E0,-2.146951407E-1,3.827948001E0
5.301619500E1,-2.152060120E0,3.783653727E0,-2.996727258E-1,4.363164221E0
5.302621700E1,-2.266909960E0,4.075920954E0,-4.460137694E-1,4.685183099E0
5.303623900E1,-2.294587755E0,4.255729267E0,-4.641724437E-1,4.857141198E0
5.304626000E1,-2.317405345E0,4.437035052E0,-6.695896612E-1,5.050346315E0
5.305628200E1,-2.506845192E0,4.535606244E0,-8.507143289E-1,5.251638952E0
5.306630400E1,-2.465999467E0,4.510256810E0,-9.559830679E-1,5.228524982E0
5.307632600E1,-2.171486324E0,4.434666345E0,-9.708114606E-1,5.032304973E0
5.308634800E1,-1.899713003E0,4.205853102E0,-9.348522538E-1,4.708721541E0
5.309637000E1,-1.534182503E0,3.873746456E0,-7.963141733E-1,4.241903325E0
5.310639200E1,-1.076284706E0,3.562464083E0,-6.718269521E-1,3.781651831E0
5.311641400E1,-7.431793553E-1,3.219500912E0,-4.877006163E-1,3.339963109E0
5.312643600E1,-3.371299893E-1,2.788588600E0,-3.289142127E-1,2.828085496E0
5.313645700E1,1.941088486E-1,2.485313405E0,-2.385373087E-1,2.504268558E0
5.314647900E1,5.120207942E-1,2.324323770E0,-1.243568283E-1,2.383298325E0
5.315650100E1,7.320135123E-1,2.298500127E0,-1.061784196E-1,2.414584949E0
5.316652300E1,9.492837667E-1,2.306105601E0,-1.197118002E-1,2.496716569E0
5.317654500E1,1.280498128E0,2.254729625E0,-1.578129883E-1,2.597765593E0
5.318656700E1,1.722332454E0,2.012939656E0,-2.188029559E-1,2.658238115E0
5.319658900E1,2.151700516E0,1.626342223E0,-2.371988811E-1,2.707594402E0
5.320661100E1,2.597388741E0,1.151467035E0,-1.640139605E-1,2.845910256E0
5.321663300E1,2.708787555E0,4.780695212E-1,-1.403982259E-1,2.754231680E0
5.322665400E1,2.946202637E0,2.210247517E-3,-1.689304456E-2,2.946251897E0
5.323667600E1,3.122493265E0,-4.260234547E-1,2.603180408E-3,3.151423004E0
5.324669800E1,3.169416001E0,-7.530289900E-1,1.626297784E-1,3.261701840E0
5.325672000E1,3.039632957E0,-8.899596709E-1,2.774129605E-1,3.179363880E0
5.326674200E1,2.855576057E0,-9.255440712E-1,3.822340952E-1,3.026061689E0
5.327676400E1,2.683212419E0,-1.046659788E0,4.811888646E-1,2.920045945E0
5.328678600E1,2.453743703E0,-1.302308242E0,4.529229856E-1,2.814605505E0
5.329680800E1,2.194591597E0,-1.622959608E0,2.685496049E-1,2.742690113E0
5.330683000E1,2.034824615E0,-1.822981746E0,-9.897245720E-2,2.733782948E0
5.331685100E1,1.936990757E0,-2.082747810E0,-4.660014528E-1,2.882174350E0
5.332687300E1,2.098049389E0,-2.367364540E0,-6.630773248E-1,3.232011392E0
5.333689500E1,2.394355288E0,-2.575945832E0,-7.359276384E-1,3.593052137E0
5.334691700E1,2.436110839E0,-2.841127587E0,-5.240121178E-1,3.779051559E0
5.335693900E1,2.173340476E0,-2.994764932E0,-8.773279309E-2,3.701313668E0
5.336696100E1,1.949636530E0,-3.022309411E0,6.795411837E-1,3.660220348E0
5.337698300E1,1.850278888E0,-3.191083444E0,1.220463011E0,3.885366838E0
5.338700500E1,1.978636966E0,-3.335295078E0,1.600790475E0,4.195441293E0
5.339702700E1,2.181428345E0,-3.459098175E0,1.734214727E0,4.442014242E0
5.340704800E1,2.251208432E0,-3.488309110E0,1.894488662E0,4.563477527E0
5.341707000E1,2.408311422E0,-3.101649111E0,1.663983235E0,4.264860058E0
5.342709200E1,2.477016791E0,-2.426868730E0,1.433229886E0,3.752259575E0
5.343711400E1,2.186505482E0,-1.510111855E0,1.445937640E0,3.025223908E0
5.344713600E1,1.494541889E0,-3.814442825E-1,1.559411630E0,2.193380913E0
5.345715800E1,3.795176250E-1,9.726708752E-1,1.584022999E0,1.897169239E0
5.346718000E1,-8.655820441E-1,2.239934415E0,1.333654435E0,2.746847759E0
5.347720200E1,-1.836233291E0,3.239357471E0,1.064284319E0,3.872711019E0
5.348722400E1,-2.752827614E0,3.940621061E0,7.036116855E-1,4.858150227E0
5.349724500E1,-3.619778491E0,4.564441788E0,1.881540442E-1,5.828578481E0
5.350726700E1,-4.082071055E0,4.935897857E0,-9.997993246E-2,6.405965012E0
5.351728900E1,-4.145140293E0,4.916782724E0,-3.422891338E-1,6.440038995E0
5.352731100E1,-4.067719649E0,4.872928607E0,-5.539460613E-1,6.371705626E0
5.353733300E1,-3.762961015E0,4.761323386E0,-8.658475077E-1,6.130233919E0
5.354735500E1,-3.409352987E0,4.493654226E0,-9.522828037E-1,5.720442171E0
5.355737700E1,-3.157466632E0,4.215145497E0,-7.941105039E-1,5.326129794E0
5.356739900E1,-2.979980248E0,3.939417120E0,-6.738512582E-1,4.985314939E0
5.357742000E1,-2.626138331E0,3.509858438E0,-5.761374141E-1,4.421271662E0
5.358744200E1,-1.996400222E0,3.007527065E0,-5.238264687E-1,3.647633077E0
5.359746400E1,-1.453767500E0,2.426751786E0,-5.122443040E-1,2.874884067E0
5.360748600E1,-1.033752644E0,1.732927608E0,-4.196084744E-1,2.061007981E0
5.361750800E1,-3.516550577E-1,9.560758924E-1,-2.578803366E-1,1.050830462E0
5.362753000E1,1.295234281E-1,2.608401972E-1,-1.712596840E-1,3.378517519E-1
5.363755200E1,5.136094826E-1,-4.395784700E-1,-4.219131544E-2,6.773507504E-1
5.364757371E1,7.895477754E-1,-1.170993812E0,1.465639687E-1,1.419891966E0
5.365759571E1,1.121483683E0,-1.983786024E0,2.961279975E-1,2.298004445E0
5.366761671E1,1.359958865E0,-2.265821793E0,1.329959433E-1,2.645963800E0
5.367763871E1,1.114702082E0,-2.474494886E0,-1.159024854E-1,2.716453398E0
5.368766071E1,9.422250080E-1,-2.796520641E0,-1.122169854E-1,2.953118404E0
5.369768271E1,1.177369616E0,-3.083639394E0,-3.136405545E-1,3.315629884E0
5.370770471E1,1.499734801E0,-3.346446595E0,-4.599653721E-1,3.695873027E0
5.371772671E1,1.578876280E0,-3.495353835E0,-3.469240755E-1,3.851065444E0
5.372774871E1,1.529349194E0,-3.634799696E0,-1.277007048E-1,3.945501902E0
5.373777071E1,1.376245700E0,-3.659115342E0,-3.685090721E-2,3.909544130E0
5.374779271E1,1.207348291E0,-3.497238393E0,-1.264268889E-1,3.701938685E0
5.375781371E1,1.099958913E0,-3.358500630E0,-3.020345624E-1,3.546922746E0
5.376783571E1,7.319029999E-1,-3.160692540E0,-6.293445915E-1,3.304804677E0
5.377785771E1,1.172612321E-1,-3.070779613E0,-1.065609006E0,3.252531350E0
5.378787971E1,-2.213422555E-1,-3.315852793E0,-1.215883033E0,3.538678240E0
5.379790171E1,-6.760439640E-1,-3.707301077E0,-1.324318478E0,3.994363046E0
5.380792371E1,-1.220332033E0,-3.909430551E0,-1.457297025E0,4.347018763E0
5.381794571E1,-1.741904839E0,-3.924797619E0,-1.573042513E0,4.573044015E0
5.382796771E1,-1.986630694E0,-3.930811188E0,-1.535845012E0,4.664418293E0
5.383798871E1,-1.892577061E0,-3.705923473E0,-1.256333340E0,4.346733277E0
5.384801071E1,-1.643823059E0,-3.439548594E0,-1.064853546E0,3.958100788E0
5.385803271E1,-1.299151331E0,-3.284447690E0,-5.164073753E-1,3.569603253E0
5.386805471E1,-7.581838953E-1,-3.356713428E0,1.403511558E-1,3.444135059E0
5.387807671E1,1.502670103E-1,-3.789350669E0,8.575163949E-1,3.888070605E0
5.388809871E1,9.846728700E-1,-4.166696053E0,1.487221760E0,4.532412737E0
5.389812071E1,1.572812718E0,-4.244811931E0,1.847164661E0,4.889190675E0
5.390814271E1,1.770937434E0,-4.146694483E0,2.032555895E0,4.945965830E0
5.391816471E1,1.648038316E0,-3.835909708E0,2.110033257E0,4.677870662E0
5.392818571E1,1.074797759E0,-3.134231551E0,1.768506162E0,3.755823702E0
5.393820771E1,4.323402017E-1,-2.513518619E0,1.475077093E0,2.946276689E0
5.394822971E1,-8.125056982E-2,-2.031072457E0,1.009530553E0,2.269583424E0
5.395825171E1,-6.575626695E-1,-1.511508170E0,4.602558325E-1,1.711397395E0
5.396827371E1,-1.208375646E0,-9.940003484E-1,7.901627563E-2,1.566669068E0
5.397829571E1,-1.787293850E0,-3.417042661E-1,-3.451243756E-1,1.852104734E0
5.398831771E1,-2.371915428E0,3.633459806E-1,-6.359572077E-1,2.482427173E0
5.399833971E1,-2.783143673E0,1.047411740E0,-8.084904152E-1,3.081658126E0
5.400836071E1,-3.093677017E0,1.741271585E0,-8.883339988E-1,3.659508370E0
5.401838271E1,-3.160231195E0,2.322619307E0,-9.539257251E-1,4.036284918E0
5.402840471E1,-3.198863164E0,2.793162292E0,-1.013478009E0,4.365961384E0
5.403842671E1,-3.294207278E0,3.174674987E0,-9.822339964E-1,4.679224988E0
5.404844871E1,-3.417240881E0,3.466767967E0,-9.451990481E-1,4.958771685E0
5.405847071E1,-3.530290949E0,3.694393056E0,-1.043849178E0,5.215468851E0
5.406849271E1,-3.564367352E0,3.867947187E0,-1.186643154E0,5.392017437E0
5.407851471E1,-3.471864985E0,3.888969682E0,-1.246856027E0,5.360278128E0
5.408853671E1,-3.352425665E0,3.975830070E0,-1.347081542E0,5.372207300E0
5.409855771E1,-3.006079295E0,3.867906257E0,-1.316047445E0,5.072395136E0
5.410857971E1,-2.586528123E0,3.698525283E0,-1.332125534E0,4.705717314E0
5.411860171E1,-2.157869328E0,3.433169281E0,-1.313531388E0,4.262442499E0
5.412862371E1,-1.614253104E0,3.140330197E0,-1.213131626E0,3.733520479E0
5.413864571E1,-1.115646408E0,2.947308930E0,-1.099040315E0,3.337541977E0
5.414866771E1,-6.927003425E-1,2.681534852E0,-8.648372550E-1,2.901449018E0
5.415868971E1,-2.348709583E-1,2.432749860E0,-6.341779000E-1,2.524998585E0
5.416871171E1,1.057129812E-1,2.369197057E0,-6.293966317E-1,2.453652390E0
5.417873271E1,4.719451475E-1,2.196948025E0,-5.561308734E-1,2.314863796E0
5.418875471E1,1.012215595E0,1.800679881E0,-3.962161034E-1,2.103334411E0
5.419877671E1,1.641047970E0,1.386820389E0,-2.995873564E-1,2.169345942E0
5.420879871E1,2.076650918E0,7.409088814E-1,-1.033004200E-1,2.207282488E0
5.421882071E1,2.594384442E0,2.151997554E-1,1.301630404E-1,2.606546371E0
5.422884271E1,3.137748651E0,-2.623727524E-1,3.423987691E-1,3.167261116E0
5.423886471E1,3.521256416E0,-6.853562397E-1,6.355325536E-1,3.643193866E0
5.424888671E1,3.710968743E0,-7.656426036E-1,6.999280858E-1,3.853232011E0
5.425890771E1,3.789757635E0,-7.032376099E-1,6.182547623E-1,3.903721944E0
5.426892971E1,3.781955110E0,-5.512369001E-1,5.189865091E-1,3.856992815E0
5.427895171E1,3.485989519E0,-4.369980937E-1,5.712899262E-1,3.559418835E0
5.428897371E1,3.224109687E0,-5.070839900E-1,5.667517559E-1,3.312585848E0
5.429899571E1,3.103581031E0,-8.112988329E-1,5.460134362E-1,3.254005483E0
5.430901771E1,3.088051411E0,-1.193371106E0,4.277302569E-1,3.338135600E0
5.431903971E1,3.218954782E0,-1.475383487E0,2.220696491E-1,3.547920694E0
5.432906171E1,3.253014813E0,-1.761244504E0,9.179266110E-2,3.700339643E0
5.433908371E1,2.880824334E0,-1.533236423E0,6.747686863E-3,3.263435047E0
5.434910471E1,2.585969714E0,-1.058704467E0,-1.426631449E-1,2.797936254E0
5.435912671E1,2.328486988E0,-6.897504222E-1,-2.083082271E-1,2.437416586E0
5.436914871E1,2.138018616E0,-3.514369565E-1,-1.765683711E-1,2.173892345E0
5.437917071E1,1.886452687E0,-2.573160803E-1,9.849927127E-2,1.906467260E0
5.438919271E1,1.765387841E0,-5.002889407E-1,2.348263733E-1,1.849872071E0
5.439921471E1,1.979757877E0,-1.027358129E0,3.390917301E-1,2.256078274E0
5.440923671E1,2.390161664E0,-1.774649246E0,3.541132271E-1,2.997940778E0
5.441925871E1,2.644792119E0,-2.296026170E0,4.352300419E-1,3.529318166E0
5.442927971E1,2.814029835E0,-2.574962915E0,5.676020873E-1,3.856341538E0
5.443930171E1,2.761805429E0,-2.457694082E0,7.649444461E-1,3.775310508E0
5.444932371E1,2.506963305E0,-2.138902130E0,1.149509534E0,3.490148923E0
5.445934571E1,2.106807933E0,-1.557339815E0,1.477485122E0,3.007808048E0
5.446936771E1,1.447536122E0,-7.356978428E-1,1.530031418E0,2.231055419E0
5.447938971E1,4.838781452E-1,8.455073833E-2,1.427597555E0,1.509742252E0
5.448941171E1,-4.500011319E-1,9.866077137E-1,1.077203888E0,1.528484222E0
5.449943371E1,-1.350047250E0,1.833880956E0,7.571499614E-1,2.399796450E0
5.450945471E1,-2.351890469E0,2.661239752E0,4.252450441E-1,3.576928730E0
5.451947671E1,-3.316169420E0,3.207504764E0,-8.578698590E-2,4.614371663E0
5.452949871E1,-4.025679923E0,3.464493985E0,-6.192558056E-1,5.347176373E0
5.453952071E1,-4.438800327E0,3.535716580E0,-1.165720208E0,5.793370666E0
5.454954271E1,-4.633831281E0,3.443107209E0,-1.575358011E0,5.984073233E0
5.455956471E1,-4.763837104E0,3.200886301E0,-1.773866158E0,6.007197201E0
5.456958671E1,-4.875427707E0,2.832776594E0,-1.771222778E0,5.910300219E0
5.457960871E1,-4.906012153E0,2.435395725E0,-1.747119678E0,5.749133391E0
5.458962971E1,-4.702755336E0,2.044416095E0,-1.482011160E0,5.337780624E0
5.459965171E1,-4.408360307E0,1.713760436E0,-1.174804443E0,4.873477291E0
5.460967371E1,-3.900643063E0,1.237653825E0,-8.345311363E-1,4.176511165E0
5.461969571E1,-3.278936105E0,7.624851072E-1,-7.083862294E-1,3.440147754E0
5.462971771E1,-2.719403175E0,3.003173813E-1,-5.829685700E-1,2.797355271E0
5.463973971E1,-2.106367053E0,-1.022900212E-1,-6.740594190E-1,2.213956077E0
5.464976271E1,-1.542776740E0,-3.414078122E-1,-7.733493800E-1,1.759201133E0
5.465978471E1,-1.098582478E0,-5.763082990E-1,-5.402506397E-1,1.353102166E0
5.466980571E1,-4.349615085E-1,-8.876190305E-1,1.638638332E-2,9.885987916E-1
5.467982771E1,2.522594082E-1,-1.274359136E0,4.819444710E-1,1.385603295E0
5.468984971E1,9.226239717E-1,-1.634342676E0,7.195297068E-1,2.009983575E0
5.469987171E1,1.401982804E0,-1.991422487E0,7.741573191E-1,2.555511468E0
5.470989371E1,1.870531889E0,-2.327248548E0,6.769326677E-1,3.061570379E0
5.471991571E1,2.030135148E0,-2.522391476E0,4.672152617E-1,3.271421339E0
5.472993771E1,2.029306598E0,-2.678117155E0,3.484711757E-1,3.378139861E0
5.473995971E1,1.997500668E0,-2.687512169E0,1.712590262E-1,3.352918166E0
5.474998071E1,1.569848764E0,-2.614704978E0,3.641302384E-2,3.049989045E0
5.476000271E1,1.262071213E0,-2.473707851E0,-4.659470737E-2,2.777449432E0
5.477002471E1,9.361591065E-1,-2.296529031E0,-2.433986107E-1,2.491923423E0
5.478004671E1,3.730055809E-1,-2.021446770E0,-5.631799112E-1,2.131326306E0
5.479006871E1,-3.821383470E-1,-1.653908336E0,-9.491850219E-1,1.944837964E0
5.480009071E1,-1.085308129E0,-1.483082516E0,-1.359909164E0,2.286215304E0
5.481011271E1,-1.557916351E0,-1.770239276E0,-1.486672706E0,2.787659625E0
5.482013471E1,-1.729337418E0,-2.265060486E0,-1.615386879E0,3.275756658E0
5.483015571E1,-1.807536326E0,-2.647982360E0,-1.611121336E0,3.588134627E0
5.484017771E1,-1.831449099E0,-2.792112132E0,-1.427792999E0,3.631623440E0
5.485019971E1,-1.723153988E0,-2.722896302E0,-1.152410191E0,3.422202972E0
5.486022171E1,-1.420585721E0,-2.761733508E0,-6.552787471E-1,3.174055134E0
5.487024371E1,-1.001856667E0,-2.704640125E0,5.551346540E-3,2.884237474E0
5.488026571E1,-4.899814689E-1,-2.639246035E0,6.033583592E-1,2.751316554E0
5.489028771E1,8.747726977E-2,-2.723277540E0,1.075439199E0,2.929242616E0
5.490030971E1,9.947365129E-1,-3.101919837E0,1.377972382E0,3.536978271E0
5.491033071E1,1.996401392E0,-3.643020004E0,1.603443357E0,4.452891630E0
5.492035271E1,2.783458253E0,-3.981583146E0,1.789524563E0,5.177165475E0
5.493037471E1,2.976652012E0,-3.952567508E0,1.956165531E0,5.320698327E0
5.494039671E1,2.722971146E0,-3.668555964E0,2.117389639E0,5.035495369E0
5.495041871E1,2.454588625E0,-3.362533162E0,2.170996327E0,4.695195378E0
5.496044071E1,2.196619411E0,-3.130186447E0,2.005930014E0,4.318212507E0
5.497046271E1,1.610386925E0,-2.835706049E0,1.580191319E0,3.623752123E0
5.498048371E1,9.799991906E-1,-2.377993024E0,1.046925836E0,2.776923287E0
5.499050571E1,2.390125412E-1,-1.826829799E0,5.429642594E-1,1.920740559E0
5.500052771E1,-6.473902684E-1,-1.093165618E0,2.135379767E-1,1.288302641E0
5.501054971E1,-1.406104506E0,-2.305025035E-1,-5.163270492E-2,1.425807569E0
5.502057171E1,-1.966933179E0,5.899764580E-1,-2.313292998E-1,2.066497422E0
5.503059371E1,-2.367911255E0,1.469567846E0,-3.863431164E-1,2.813519925E0
5.504061571E1,-2.689085947E0,2.208329630E0,-4.192137142E-1,3.504802865E0
5.505063771E1,-2.888677145E0,2.880903856E0,-6.900644177E-1,4.137662574E0
5.506065871E1,-3.102310431E0,3.501838397E0,-8.875137806E-1,4.761815083E0
5.507068071E1,-3.333127515E0,3.913350232E0,-9.293400105E-1,5.223765110E0
5.508070271E1,-3.452487897E0,4.245220651E0,-1.008468114E0,5.564043403E0
5.509072471E1,-3.485152198E0,4.404002377E0,-9.762874512E-1,5.700408754E0
5.510074671E1,-3.433064616E0,4.452944741E0,-9.185210536E-1,5.697221292E0
5.511076871E1,-3.315445535E0,4.390966009E0,-8.897064134E-1,5.573539189E0
5.512079071E1,-3.079890452E0,4.244688554E0,-8.503208113E-1,5.312828964E0
5.513081271E1,-2.785650959E0,3.961492698E0,-8.618152678E-1,4.918943099E0
5.514083371E1,-2.428277909E0,3.571631933E0,-8.947315836E-1,4.410627265E0
5.515085571E1,-1.915733789E0,3.047988628E0,-1.032744511E0,3.745241228E0
5.516087771E1,-1.424734905E0,2.595844492E0,-1.190815288E0,3.191601358E0
5.517089971E1,-9.706149942E-1,2.178992395E0,-1.245240002E0,2.690859340E0
5.518092171E1,-4.442965883E-1,1.878819147E0,-1.313115066E0,2.334873021E0
5.519094371E1,-7.810944557E-2,1.805925418E0,-1.415040221E0,2.295605918E0
5.520096571E1,3.363335985E-1,1.683216335E0,-1.394039361E0,2.211262821E0
5.521098771E1,8.396747857E-1,1.559985681E0,-1.414052626E0,2.266749633E0
5.522100871E1,1.222917087E0,1.338247569E0,-1.384765677E0,2.281229655E0
5.523103071E1,1.719073800E0,9.514139074E-1,-1.313665435E0,2.363497415E0
5.524105271E1,2.146523976E0,5.028020740E-1,-1.214484817E0,2.517011815E0
5.525107471E1,2.394803184E0,3.400916040E-2,-1.046535242E0,2.613709037E0
5.526109671E1,2.630407968E0,-3.449442083E-1,-8.433146775E-1,2.783740690E0
5.527111871E1,2.933854487E0,-8.543881345E-1,-6.428871815E-1,3.122624723E0
5.528114071E1,2.985069079E0,-1.256828014E0,-3.030577520E-1,3.253013690E0
5.529116171E1,2.974825927E0,-1.533477913E0,5.181451678E-2,3.347212056E0
5.530118371E1,2.878226416E0,-1.692204675E0,3.398576423E-1,3.356076159E0
5.531120571E1,2.675740846E0,-1.770136365E0,5.458809967E-1,3.254375192E0
5.532122771E1,2.510548818E0,-1.956843808E0,5.984794790E-1,3.238868745E0
5.533124971E1,2.467372978E0,-2.242211321E0,5.788363427E-1,3.383857640E0
5.534127171E1,2.458389316E0,-2.368516442E0,4.325295053E-1,3.441021641E0
5.535129371E1,2.452333939E0,-2.324086958E0,3.029699707E-1,3.392213546E0
5.536131571E1,2.540148008E0,-2.322677194E0,3.930580223E-1,3.464343497E0
5.537133671E1,2.606998056E0,-2.274745814E0,6.264807715E-1,3.516160624E0
5.538135871E1,2.762365007E0,-2.004300980E0,6.798977908E-1,3.479963198E0
5.539138071E1,2.750865288E0,-1.544763039E0,8.140031701E-1,3.258243982E0
5.540140271E1,2.727389887E0,-1.078416601E0,9.985658544E-1,3.098188459E0
5.541142471E1,2.615379454E0,-9.731585330E-1,1.232588966E0,3.050659401E0
5.542144671E1,2.539434063E0,-1.244870458E0,1.366303094E0,3.140893498E0
5.543146871E1,2.591304713E0,-1.651171839E0,1.212082635E0,3.303085357E0
5.544149071E1,2.688805280E0,-2.137408751E0,1.095258775E0,3.605243652E0
5.545151171E1,2.760583946E0,-2.278550012E0,8.176880854E-1,3.671679137E0
5.546153371E1,2.716824553E0,-2.025619928E0,6.913635229E-1,3.458649341E0
5.547155571E1,2.481515054E0,-1.503340194E0,8.090176879E-1,3.012052177E0
5.548157771E1,2.058909296E0,-7.099396884E-1,8.816443455E-1,2.349557108E0
5.549159971E1,1.456116326E0,2.288839942E-1,7.827755302E-1,1.668951818E0
5.550162171E1,7.418187082E-1,1.133359378E0,4.999692442E-1,1.443872474E0
5.551164371E1,-6.132150471E-2,2.006074440E0,1.120092630E-1,2.010134588E0
5.552166471E1,-9.406275487E-1,2.826001425E0,-3.503786836E-1,2.998971400E0
5.553168671E1,-1.920374724E0,3.427063034E0,-6.348801506E-1,3.979406102E0
5.554170871E1,-2.756428914E0,3.893655640E0,-9.312835519E-1,4.860632023E0
5.555173071E1,-3.379401210E0,4.189147607E0,-1.368642419E0,5.553601740E0
5.556175271E1,-3.736990022E0,4.331885743E0,-1.758316219E0,5.985148656E0
5.557177471E1,-3.926259130E0,4.325647348E0,-1.959202429E0,6.161591507E0
5.558179671E1,-4.026328964E0,4.270984653E0,-2.015052840E0,6.205890168E0
5.559181771E1,-3.940788292E0,4.093343318E0,-1.916995034E0,5.996677566E0
5.560183971E1,-3.798517933E0,3.852214669E0,-1.724063960E0,5.678088841E0
5.561186171E1,-3.668005741E0,3.600949872E0,-1.434837139E0,5.336652857E0
5.562188371E1,-3.455397472E0,3.329204033E0,-1.071184911E0,4.916381626E0
5.563190571E1,-3.016405478E0,2.886595536E0,-7.096223308E-1,4.234937974E0
5.564192771E1,-2.491796798E0,2.428522323E0,-3.979885407E-1,3.502166020E0
5.565194933E1,-2.113204787E0,1.994140858E0,-1.322615330E-1,2.908560700E0
5.566197133E1,-1.637425620E0,1.391001733E0,1.199129444E-1,2.151842837E0
5.567199233E1,-1.095192847E0,7.152536380E-1,4.379003191E-1,1.379417206E0
5.568201433E1,-5.290753680E-1,9.984646976E-2,6.846237297E-1,8.709762993E-1
5.569203633E1,6.984732985E-2,-3.773880690E-1,7.900402571E-1,8.783302409E-1
5.570205833E1,6.731671339E-1,-1.017940603E0,1.078152818E0,1.628425793E0
5.571208033E1,1.276376426E0,-1.746571501E0,1.184050645E0,2.466095034E0
5.572210233E1,1.724775420E0,-2.453681722E0,1.297573459E0,3.267889400E0
5.573212433E1,1.732515965E0,-3.300617580E0,1.407717899E0,3.984640218E0
5.574214533E1,1.640902959E0,-4.030016218E0,1.376276544E0,4.563740830E0
5.575216733E1,1.538314145E0,-4.461321462E0,9.707892412E-1,4.817907362E0
5.576218933E1,1.314886188E0,-4.664678560E0,5.611352129E-1,4.878834336E0
5.577221133E1,1.032909476E0,-4.663194536E0,2.635356174E-1,4.783485789E0
5.578223333E1,4.349802196E-1,-4.340410106E0,-7.294284582E-2,4.362761549E0
5.579225533E1,-3.503031814E-1,-4.008630611E0,-4.545776014E-1,4.049502746E0
5.580227733E1,-9.563062727E-1,-3.753551676E0,-9.574377090E-1,3.990032435E0
5.581229833E1,-1.714648628E0,-3.876446700E0,-1.437068875E0,4.475715126E0
5.582232033E1,-2.224089630E0,-4.191320432E0,-1.783328269E0,5.068925070E0
5.583234233E1,-2.271156793E0,-4.855238148E0,-1.956089956E0,5.705942391E0
5.584236433E1,-2.085563829E0,-5.550032671E0,-1.812485263E0,6.199801768E0
5.585238633E1,-1.861229553E0,-5.813013534E0,-1.411258681E0,6.264738850E0
5.586240833E1,-1.580431640E0,-5.815276406E0,-8.101263200E-1,6.080420093E0
5.587243033E1,-1.081827866E0,-5.711563173E0,-9.104801819E-2,5.813827926E0
5.588245233E1,-6.577872026E-1,-5.352138335E0,6.199481159E-1,5.427928189E0
5.589247333E1,-1.305297339E-1,-5.013503857E0,1.230043089E0,5.163842071E0
5.590249533E1,5.082341373E-1,-4.716623762E0,1.516928539E0,4.980553568E0
5.591251733E1,9.932559979E-1,-4.422559685E0,1.621055170E0,4.813876973E0
5.592253933E1,1.406483991E0,-4.092222406E0,1.438138477E0,4.559903915E0
5.593256133E1,1.515827508E0,-3.670699553E0,1.318460006E0,4.184507741E0
5.594258333E1,1.237110618E0,-3.062636488E0,1.089119344E0,3.477983020E0
5.595260533E1,6.667328578E-1,-2.460104304E0,8.268898487E-1,2.679625480E0
5.596262633E1,3.837761521E-2,-1.897568244E0,5.216809791E-1,1.968346801E0
5.597264833E1,-2.299131042E-1,-1.556100791E0,2.349333774E-1,1.590441259E0
5.598267033E1,-5.467327899E-1,-1.332788608E0,3.110718727E-4,1.440570135E0
5.599269233E1,-9.970625353E-1,-1.013651086E0,-1.716385835E-1,1.432159917E0
5.600271433E1,-1.495694960E0,-5.082423234E-1,-3.498775041E-1,1.617970315E0
5.601273633E1,-1.857808932E0,1.054557037E-1,-5.660642695E-1,1.944994522E0
5.602275833E1,-2.220708770E0,8.382012874E-1,-7.916327463E-1,2.502161315E0
5.603277933E1,-2.498199499E0,1.706965971E0,-1.158426976E0,3.239859043E0
5.604280133E1,-2.735153235E0,2.527549598E0,-1.444355237E0,3.994462697E0
5.605282333E1,-2.904642967E0,3.272443357E0,-1.594616985E0,4.657106356E0
5.606284533E1,-3.121943627E0,3.907011850E0,-1.664129708E0,5.270730622E0
5.607286733E1,-3.121841301E0,4.348810508E0,-1.688589926E0,5.613321823E0
5.608288933E1,-2.889706255E0,4.609280577E0,-1.603671398E0,5.671651578E0
5.609291133E1,-2.637804696E0,4.644091975E0,-1.353069091E0,5.509664223E0
5.610293333E1,-2.437849801E0,4.470634907E0,-1.149669601E0,5.220290061E0
5.611295433E1,-2.281671256E0,4.195284260E0,-1.054432930E0,4.890630077E0
5.612297633E1,-2.076142795E0,3.924424859E0,-9.610172282E-1,4.542580048E0
5.613299833E1,-1.795479367E0,3.576203871E0,-7.317053640E-1,4.067969152E0
5.614302033E1,-1.601606162E0,3.468281811E0,-6.836617166E-1,3.880916691E0
5.615304233E1,-1.286535963E0,3.373945758E0,-6.920992488E-1,3.676640604E0
5.616306433E1,-8.615731931E-1,3.275918941E0,-6.165005976E-1,3.442967654E0
5.617308533E1,-2.222105670E-1,3.214765252E0,-6.692793202E-1,3.291204638E0
5.618310733E1,5.360686380E-1,3.066926005E0,-7.243542445E-1,3.196575320E0
5.619312933E1,1.258597966E0,2.982594538E0,-8.214642173E-1,3.339871626E0
5.620315133E1,1.777365863E0,2.803279729E0,-7.932566643E-1,3.412720731E0
5.621317333E1,2.152822012E0,2.769056561E0,-7.111127861E-1,3.578826378E0
5.622319533E1,2.194661763E0,2.766791934E0,-5.286182620E-1,3.570870360E0
5.623321733E1,2.378595287E0,2.595035822E0,-2.861726743E-1,3.531829732E0
5.624323833E1,2.749821560E0,2.133180045E0,-3.693042934E-2,3.480422327E0
5.625326033E1,3.348754199E0,1.515256235E0,1.489588420E-1,3.678633561E0
5.626328233E1,3.915769810E0,8.725408155E-1,2.586182553E-1,4.020132346E0
5.627330433E1,4.377578225E0,3.708707625E-1,2.367971773E-1,4.399637387E0
5.628332633E1,4.613670081E0,1.034062546E-1,2.139730096E-1,4.619786675E0
5.629334833E1,4.794144393E0,-1.133541226E-2,8.240524873E-2,4.794865960E0
5.630337033E1,4.883691577E0,-5.053631544E-2,1.689609973E-1,4.886874784E0
5.631339133E1,4.914899336E0,8.254163504E-2,2.375478137E-1,4.921328842E0
5.632341333E1,4.892406267E0,1.054580426E-1,2.078018582E-1,4.897952847E0
5.633343533E1,5.021707501E0,-4.135501742E-2,2.780446060E-1,5.029569093E0
5.634345733E1,5.273255303E0,-2.719235945E-1,2.592387910E-1,5.286621670E0
5.635347933E1,5.364019877E0,-3.285152864E-1,1.807052761E-1,5.377107581E0
5.636350133E1,5.066393677E0,-1.519369751E-1,5.823183596E-2,5.069005887E0
5.637352333E1,4.710345021E0,9.504882932E-2,-1.267517017E-1,4.713008646E0
5.638354433E1,4.374037735E0,3.277124637E-1,-1.962793350E-1,4.390686410E0
5.639356633E1,3.912198915E0,6.061539495E-1,-1.835873687E-1,3.963133519E0
5.640358833E1,3.531321813E0,6.481106454E-1,-9.217331484E-2,3.591486750E0
5.641361033E1,3.393405876E0,2.111739475E-1,6.236991048E-2,3.400542292E0
5.642363233E1,3.273549650E0,-6.060498691E-1,2.596052653E-1,3.339284152E0
5.643365433E1,3.233470495E0,-1.473303632E0,3.492588687E-1,3.570425295E0
5.644367633E1,3.321995001E0,-2.191583789E0,2.540211743E-1,3.987883780E0
5.645369733E1,2.977858878E0,-2.661791729E0,3.572816871E-1,4.010041011E0
5.646371933E1,2.422746443E0,-2.701468011E0,4.239874542E-1,3.653408696E0
5.647374133E1,1.937251543E0,-2.618077945E0,5.781288296E-1,3.307795128E0
5.648376333E1,1.554230266E0,-2.540223438E0,8.906927656E-1,3.108327595E0
5.649378533E1,1.209654433E0,-2.323899847E0,1.093789515E0,2.839040304E0
5.650380733E1,7.342220056E-1,-2.087574102E0,1.276740122E0,2.554821505E0
5.651382933E1,2.080983120E-1,-1.890199876E0,1.352780385E0,2.333704190E0
5.652385033E1,-4.298352545E-1,-1.608243336E0,1.254399227E0,2.084399769E0
5.653387233E1,-1.181835719E0,-1.439851419E0,1.176975660E0,2.203447181E0
5.654389433E1,-1.906254283E0,-1.225800349E0,7.221545219E-1,2.378633860E0
5.655391633E1,-2.734746269E0,-9.412976396E-1,2.426973103E-1,2.902374956E0
5.656393833E1,-3.432457091E0,-8.243957189E-1,-2.642614031E-1,3.539946902E0
5.657396033E1,-4.069605376E0,-6.698874307E-1,-7.564852792E-1,4.193173865E0
5.658398233E1,-4.677580149E0,-5.588920748E-1,-1.294439059E0,4.885456875E0
5.659400333E1,-5.206776554E0,-4.822865331E-1,-1.674748836E0,5.490710887E0
5.660402533E1,-5.521937969E0,-4.966157198E-1,-2.037397975E0,5.906726388E0
5.661404733E1,-5.851580599E0,-6.227170649E-1,-2.202086558E0,6.283148674E0
5.662406933E1,-6.044262142E0,-6.148201078E-1,-2.290816155E0,6.492992166E0
5.663409133E1,-5.829344807E0,-4.093588901E-1,-2.397758952E0,6.316492981E0
5.664411333E1,-5.591092989E0,-4.876940382E-1,-2.064280549E0,5.979918099E0
5.665413896E1,-5.432088484E0,-5.059145468E-1,-1.838493240E0,5.757047179E0
5.666415996E1,-5.362312490E0,-5.846551993E-1,-1.557667698E0,5.614494243E0
5.667418196E1,-5.241439433E0,-9.692493770E-1,-1.144418071E0,5.451772593E0
5.668420396E1,-5.017865880E0,-1.388214658E0,-7.788181347E-1,5.264283010E0
5.669422596E1,-4.689737095E0,-1.822846091E0,-6.466465026E-1,5.072923574E0
5.670424796E1,-4.229554206E0,-2.427168985E0,-7.579618473E-1,4.935056659E0
5.671426996E1,-3.667824478E0,-3.104474778E0,-7.827552111E-1,4.868614358E0
5.672429196E1,-3.420959710E0,-3.715826317E0,-8.379902029E-1,5.119820128E0
5.673431296E1,-3.180267264E0,-4.158217006E0,-8.549231547E-1,5.304315426E0
5.674433496E1,-2.861713879E0,-4.579119177E0,-8.661683737E-1,5.468819471E0
5.675435696E1,-2.639965827E0,-4.982912979E0,-7.881542377E-1,5.693858834E0
5.676437896E1,-2.363473803E0,-5.287631267E0,-9.078215991E-1,5.862524447E0
5.677440096E1,-2.067863722E0,-5.501536449E0,-8.655083692E-1,5.940712787E0
5.678442296E1,-1.919819239E0,-5.569005132E0,-6.534971005E-1,5.926768304E0
5.679444396E1,-1.907461149E0,-5.383467717E0,-4.545433952E-1,5.729462661E0
5.680446596E1,-2.143094584E0,-4.879239507E0,-1.531998275E-1,5.331350931E0
5.681448796E1,-2.179796387E0,-4.586893050E0,-1.057914801E-1,5.079595651E0
5.682450996E1,-1.728397186E0,-4.613785272E0,-1.615784490E-1,4.929551598E0
5.683453196E1,-1.272379269E0,-4.864281744E0,-2.596302621E-1,5.034639388E0
5.684455396E1,-1.005380784E0,-5.252225207E0,-1.111817358E-1,5.348740181E0
5.685457596E1,-7.505404150E-1,-5.428509403E0,1.262372929E-1,5.481602057E0
5.686459696E1,-4.301714694E-1,-5.120814298E0,3.257099386E-1,5.149162411E0
5.687461896E1,-6.663896263E-2,-4.398609782E0,1.494074696E-1,4.401650981E0
5.688464096E1,7.128065783E-1,-3.538933426E0,-3.270932436E-3,3.610007439E0
5.689466296E1,1.455764909E0,-2.365946006E0,5.205885731E-2,2.778427990E0
5.690468496E1,2.097155349E0,-1.715776263E0,3.133709248E-1,2.727663850E0
5.691470696E1,2.494786479E0,-1.299738391E0,6.865299220E-1,2.895617861E0
5.692472896E1,2.920985935E0,-7.474963546E-1,9.684762289E-1,3.166836882E0
5.693474996E1,3.127013163E0,-5.607380408E-1,1.416434928E0,3.478351100E0
5.694477196E1,3.343098187E0,-6.895539558E-1,1.968934681E0,3.940621007E0
5.695479396E1,3.778709906E0,-8.853584969E-1,2.195825359E0,4.459165530E0
5.696481596E1,3.959965405E0,-1.088267990E0,2.292333654E0,4.703237906E0
5.697483796E1,3.626541381E0,-1.159185360E0,2.318588821E0,4.457731173E0
5.698485996E1,3.214699763E0,-1.148768545E0,2.142052610E0,4.030180284E0
5.699488096E1,2.646376129E0,-1.068481012E0,1.661903234E0,3.302556684E0
5.700490296E1,2.171024394E0,-8.068830156E-1,8.362360382E-1,2.462457681E0
5.701492496E1,1.853921703E0,-4.215760624E-1,1.806244384E-1,1.909810788E0
5.702494696E1,1.334408872E0,1.079852092E-1,-3.937726982E-1,1.395480125E0
5.703496896E1,7.213709950E-1,9.074802679E-1,-9.070499128E-1,1.471949759E0
5.704499096E1,7.564309001E-2,1.790466549E0,-1.279704076E0,2.202075127E0
5.705501296E1,-4.389610040E-1,2.435519686E0,-1.470685834E0,2.878777470E0
5.706503396E1,-8.121191972E-1,2.875470039E0,-1.460057935E0,3.325602909E0
5.707505596E1,-9.761289185E-1,3.242629573E0,-1.386073700E0,3.659053773E0
5.708507796E1,-9.394762319E-1,3.479379242E0,-1.183447358E0,3.793315588E0
5.709509996E1,-8.104521561E-1,3.582736965E0,-8.528776525E-1,3.770972971E0
5.710512196E1,-8.153129464E-1,3.838647375E0,-5.669857907E-1,3.965024811E0
5.711514396E1,-5.299477726E-1,4.135799366E0,-6.652030800E-1,4.222342498E0
5.712516596E1,-1.299602151E-2,4.301514135E0,-7.910680515E-1,4.373669102E0
5.713518696E1,3.801912242E-1,4.733439184E0,-8.312906094E-1,4.820895763E0
5.714520896E1,4.733028710E-1,4.727676753E0,-1.015523365E0,4.858624373E0
5.715523096E1,8.658843452E-1,4.923698226E0,-9.591224380E-1,5.090429822E0
5.716525296E1,1.143537626E0,4.827736647E0,-4.595964128E-1,4.982564429E0
5.717527496E1,1.502760735E0,3.882979794E0,-2.666400504E-1,4.172159971E0
5.718529696E1,2.390483261E0,3.544052956E0,3.928451836E-2,4.275074835E0
5.719531796E1,2.711420556E0,3.186775800E0,1.885253423E-1,4.188422524E0
5.720533996E1,2.922498609E0,3.265058908E0,2.238091958E-1,4.387675734E0
5.721536196E1,2.807015516E0,3.711104398E0,2.972490549E-1,4.662616107E0
5.722538396E1,2.159980758E0,4.162612358E0,2.876021723E-1,4.698465018E0
5.723540596E1,1.705428153E0,4.420775700E0,1.362306230E-1,4.740284987E0
5.724542796E1,1.830593067E0,4.275523846E0,-1.119835353E-1,4.652280672E0
5.725544996E1,2.286681735E0,3.917866622E0,-3.558106738E-1,4.550295975E0
5.726547096E1,2.872751083E0,3.387287934E0,-4.766116641E-1,4.466942692E0
5.727549296E1,3.501635499E0,2.855476069E0,-1.820964018E-1,4.521985609E0
5.728551496E1,3.715434846E0,2.410704687E0,4.336966096E-1,4.450173697E0
5.729553696E1,3.720205005E0,2.087542527E0,1.033181883E0,4.389216773E0
5.730555896E1,3.476610585E0,1.835594190E0,1.549191720E0,4.225662336E0
5.731558096E1,3.074727945E0,1.718269224E0,1.731548396E0,3.924877184E0
5.732560296E1,2.812358701E0,1.534964275E0,1.606144770E0,3.584016994E0
5.733562396E1,2.597606843E0,1.189317232E0,1.367311885E0,3.167266736E0
5.734564596E1,2.679998204E0,6.985148138E-1,1.010500022E0,2.948122048E0
5.735566796E1,2.977000507E0,2.801740158E-1,5.810572614E-1,3.046088810E0
5.736568996E1,3.089451819E0,8.592951179E-2,1.911994202E-1,3.096555125E0
5.737571196E1,3.138165557E0,6.407320440E-2,7.766052559E-2,3.139780183E0
5.738573396E1,3.115402347E0,-1.631957889E-2,3.076565140E-1,3.130599087E0
5.739575496E1,3.046855438E0,-1.350543094E-1,1.016582295E0,3.214810615E0
5.740577696E1,3.197086780E0,-6.066030157E-1,1.434773989E0,3.556389672E0
5.741579896E1,3.715685692E0,-1.133564031E0,2.355194145E0,4.542931546E0
5.742582096E1,4.199879587E0,-1.893497413E0,2.805784677E0,5.394140214E0
5.743584296E1,4.469142698E0,-2.526532182E0,3.203467847E0,6.051347583E0
5.744586496E1,4.909110593E0,-2.858430083E0,3.349561114E0,6.594660644E0
5.745588696E1,4.892479942E0,-2.814590583E0,3.162612766E0,6.469961332E0
5.746590796E1,4.320229318E0,-2.366645333E0,2.995506359E0,5.765279684E0
5.747592996E1,3.348871143E0,-1.679353080E0,2.744299450E0,4.643957813E0
5.748595196E1,2.117697787E0,-9.792443150E-1,2.333941271E0,3.300128058E0
5.749597396E1,1.100750626E0,-3.334702170E-1,1.719476674E0,2.068684209E0
5.750599596E1,2.137385362E-1,1.254356396E-1,1.026704556E0,1.056191511E0
5.751601796E1,-5.522665948E-1,3.719168293E-1,4.081590414E-1,7.809701164E-1
5.752603896E1,-1.302456762E0,5.796280557E-1,-1.298270448E-1,1.431508771E0
5.753606096E1,-2.065093312E0,7.789695776E-1,-6.191692668E-1,2.292329507E0
5.754608296E1,-2.740340300E0,9.751015627E-1,-9.866433817E-1,3.071441548E0
5.755610496E1,-3.320891047E0,1.133655247E0,-1.249702597E0,3.724949415E0
5.756612696E1,-3.702868595E0,1.247533280E0,-1.352434668E0,4.134810110E0
5.757614896E1,-4.089699333E0,1.248655361E0,-1.352073310E0,4.484738909E0
5.758617096E1,-4.402708388E0,1.250490217E0,-1.388355722E0,4.782791919E0
5.759619196E1,-4.511478878E0,1.216924276E0,-1.439913107E0,4.889549685E0
5.760621396E1,-4.487228721E0,1.123634874E0,-1.404181211E0,4.834201257E0
5.761623596E1,-4.341778062E0,1.048685556E0,-1.314699808E0,4.656094256E0
5.762625796E1,-4.177964807E0,9.697501910E-1,-1.279027115E0,4.475680476E0
5.763627996E1,-4.025109234E0,9.062865588E-1,-1.190541200E0,4.294210990E0
5.764629933E1,-3.763395463E0,7.834447441E-1,-9.919033907E-1,3.969987836E0
5.765632033E1,-3.492442507E0,6.046576470E-1,-8.139242327E-1,3.636652058E0
5.766634233E1,-3.212663763E0,2.967116958E-1,-6.603874594E-1,3.293229096E0
5.767636433E1,-2.851315191E0,-2.804032266E-1,-5.178792657E-1,2.911498449E0
5.768638633E1,-2.368922238E0,-8.687480190E-1,-3.115794110E-1,2.542360600E0
5.769640833E1,-1.803574253E0,-1.380029725E0,-2.277987510E-1,2.282379109E0
5.770643033E1,-1.358985304E0,-1.783458369E0,-2.819761276E-2,2.242400481E0
5.771645133E1,-1.166350538E0,-1.981844164E0,1.043717761E-1,2.301949898E0
5.772647333E1,-9.555087125E-1,-2.133344936E0,1.825565046E-1,2.344671490E0
5.773649533E1,-5.930813295E-1,-2.379790750E0,2.814663966E-1,2.468678353E0
5.774651733E1,-2.039818722E-1,-2.644849421E0,2.539697188E-1,2.664833519E0
5.775653933E1,-1.977195042E-1,-2.698973588E0,2.260111110E-1,2.715627451E0
5.776656133E1,-2.829175293E-1,-2.666527681E0,1.618332414E-1,2.686373429E0
5.777658233E1,-2.515062869E-1,-2.607410577E0,-6.707648054E-2,2.620371077E0
5.778660433E1,-2.979238236E-1,-2.477768742E0,-4.158114387E-1,2.530018913E0
5.779662633E1,-6.112544757E-1,-2.430217138E0,-6.860204834E-1,2.598116910E0
5.780664833E1,-8.406354833E-1,-2.698870385E0,-8.579180986E-1,2.954080709E0
5.781667033E1,-7.997055584E-1,-3.146928195E0,-9.135426611E-1,3.373017379E0
5.782669233E1,-8.758614492E-1,-3.555628396E0,-8.437538034E-1,3.757864693E0
5.783671433E1,-8.951999456E-1,-3.877725486E0,-6.645084308E-1,4.034812182E0
5.784673533E1,-8.969131798E-1,-4.132268817E0,-4.523335862E-1,4.252611492E0
5.785675733E1,-2.433084905E-1,-4.426866452E0,-2.521313542E-1,4.440711184E0
5.786677933E1,4.796582097E-1,-4.716308597E0,9.008658975E-3,4.740645519E0
5.787680133E1,8.765631151E-1,-4.847966843E0,2.556021152E-1,4.933201582E0
5.788682333E1,1.397125522E0,-4.833104683E0,4.940743737E-1,5.055192389E0
5.789684533E1,2.001271538E0,-4.790364460E0,5.265983413E-1,5.218235836E0
5.790686633E1,2.416275330E0,-4.742744736E0,5.250979458E-1,5.348620565E0
5.791688833E1,2.506576220E0,-4.551573236E0,6.539974760E-1,5.237122871E0
5.792691033E1,2.406398798E0,-4.256552263E0,7.773719721E-1,4.951090740E0
5.793693233E1,2.154460986E0,-4.080035639E0,6.735553890E-1,4.662839245E0
5.794695433E1,1.662803705E0,-3.811175986E0,5.470818686E-1,4.193957216E0
5.795697633E1,1.099785250E0,-3.661795121E0,3.554025382E-1,3.839867455E0
5.796699733E1,6.415471458E-1,-3.485008064E0,-7.092438698E-2,3.544276261E0
5.797701933E1,2.191647524E-1,-3.207917870E0,-5.795109652E-1,3.267201128E0
5.798704133E1,-2.485189444E-1,-2.886086243E0,-9.720575023E-1,3.055511620E0
5.799706333E1,-8.177453882E-1,-2.384191950E0,-1.278056915E0,2.826041092E0
5.800708533E1,-1.443966397E0,-1.789219338E0,-1.434593310E0,2.710055860E0
5.801710733E1,-1.983132890E0,-1.141735807E0,-1.461402794E0,2.715156503E0
5.802712833E1,-2.391855018E0,-3.898075551E-1,-1.468396649E0,2.833568259E0
5.803715033E1,-2.886617755E0,3.057532454E-1,-1.472886726E0,3.255064119E0
5.804717233E1,-3.076889661E0,8.987275708E-1,-1.510523206E0,3.543535182E0
5.805719433E1,-3.141355214E0,1.339545066E0,-1.600720162E0,3.771577733E0
5.806721633E1,-3.129550270E0,1.785711009E0,-1.709326492E0,3.988062908E0
5.807723833E1,-2.992168184E0,2.133696354E0,-1.717855241E0,4.056692890E0
5.808725933E1,-2.820761150E0,2.471390600E0,-1.665786224E0,4.103572676E0
5.809728133E1,-2.548845742E0,2.707236289E0,-1.527600146E0,4.019863822E0
5.810730333E1,-2.337342596E0,2.854910644E0,-1.431083227E0,3.957484605E0
5.811732533E1,-2.021330996E0,3.005776994E0,-1.308002115E0,3.851148382E0
5.812734733E1,-1.724118778E0,3.001226690E0,-1.239022073E0,3.676292005E0
5.813736933E1,-1.505152831E0,2.976777728E0,-1.239223217E0,3.558421682E0
5.814739033E1,-1.262471747E0,2.977450157E0,-1.309846619E0,3.489232368E0
5.815741233E1,-9.360556108E-1,2.949343176E0,-1.390594913E0,3.392429733E0
5.816743433E1,-6.464962292E-1,2.810874093E0,-1.367842812E0,3.192172380E0
5.817745633E1,-4.163451433E-1,2.779162889E0,-1.350959415E0,3.118041209E0
5.818747833E1,-1.050879139E-1,2.649520177E0,-1.281189269E0,2.944901795E0
5.819750033E1,2.847213954E-1,2.429684165E0,-1.123347775E0,2.691902977E0
5.820752233E1,6.325424337E-1,2.287648280E0,-1.028101895E0,2.586588117E0
5.821754333E1,8.345251429E-1,2.175306895E0,-1.019963302E0,2.543367342E0
5.822756533E1,9.465279740E-1,2.146262605E0,-9.345142847E-1,2.525009965E0
5.823758733E1,1.033088400E0,2.131680819E0,-8.584303878E-1,2.519570893E0
5.824760933E1,1.317302842E0,2.022187613E0,-8.016638640E-1,2.543067925E0
5.825763133E1,1.815736461E0,1.831015236E0,-6.002061617E-1,2.647595726E0
5.826765333E1,2.236984495E0,1.797603076E0,-2.726894335E-1,2.882678611E0
5.827767433E1,2.606035604E0,1.751989532E0,8.655764893E-2,3.141397955E0
5.828769633E1,3.123269776E0,1.641395295E0,3.601553012E-1,3.546646930E0
5.829771833E1,3.413107485E0,1.664582428E0,7.606128287E-1,3.872811542E0
5.830774033E1,3.636448903E0,1.567917429E0,1.133441239E0,4.119079355E0
5.831776233E1,3.808689165E0,1.407640570E0,1.625983204E0,4.373944045E0
5.832778433E1,3.910013811E0,1.150580598E0,1.976806787E0,4.529879556E0
5.833780533E1,4.148900637E0,7.098092955E-1,2.146994092E0,4.725123211E0
5.834782733E1,4.379714797E0,3.085920686E-1,2.206021734E0,4.913620118E0
5.835784933E1,4.459776628E0,1.916366458E-2,2.303028211E0,5.019353918E0
5.836787133E1,4.548257865E0,-1.590384185E-1,2.386888393E0,5.138986186E0
5.837789333E1,4.719226942E0,-3.161373156E-1,2.461314093E0,5.331895798E0
5.838791533E1,5.023665149E0,-4.363396972E-1,2.662188170E0,5.702179382E0
5.839793633E1,5.240529022E0,-4.224560684E-1,2.881768659E0,5.995515338E0
5.840795833E1,5.033310716E0,-3.004194152E-1,3.055523935E0,5.895820138E0
5.841798033E1,4.649763774E0,-1.196889961E-1,3.108818382E0,5.594584913E0
5.842800233E1,4.307395265E0,-3.638722301E-2,3.052810242E0,5.279642826E0
5.843802433E1,3.952207319E0,-1.463376814E-1,2.959669359E0,4.939736848E0
5.844804633E1,3.627581601E0,-2.362661040E-1,2.746514960E0,4.556151267E0
5.845806733E1,3.202633449E0,-2.737812549E-1,2.515496732E0,4.081610098E0
5.846808933E1,2.606097584E0,-2.426325524E-1,2.395084435E0,3.547822519E0
5.847811133E1,1.903829443E0,-1.530923849E-1,2.341597615E0,3.021768227E0
5.848813333E1,1.228972464E0,-8.362220049E-2,2.238593064E0,2.555125221E0
5.849815533E1,5.143169957E-1,2.059974074E-3,2.090834071E0,2.153163562E0
5.850817733E1,-1.542594892E-1,1.257689309E-1,2.011785562E0,2.021607025E0
5.851819833E1,-7.666600192E-1,2.684743220E-1,1.853001936E0,2.023230640E0
5.852822033E1,-1.367033996E0,4.763820148E-1,1.669091801E0,2.209431875E0
5.853824233E1,-1.916566433E0,8.323271745E-1,1.423943776E0,2.528559134E0
5.854826433E1,-2.472635472E0,1.179245988E0,1.199346303E0,2.990481371E0
5.855828633E1,-2.947164504E0,1.405182400E0,1.028541752E0,3.423187743E0
5.856830833E1,-3.261395043E0,1.576615747E0,9.008354920E-1,3.732816553E0
5.857832933E1,-3.601224107E0,1.544554294E0,8.619727041E-1,4.012164001E0
5.858835133E1,-3.731025862E0,1.493795784E0,7.895933837E-1,4.095782897E0
5.859837333E1,-3.583201234E0,1.425840613E0,6.672630541E-1,3.913769605E0
5.860839533E1,-3.300650325E0,1.362077604E0,6.088746589E-1,3.622192197E0
5.861841733E1,-2.994421701E0,1.258352091E0,7.482909912E-1,3.333159269E0
5.862843933E1,-2.922709109E0,1.156006814E0,9.419991593E-1,3.281149601E0
5.863846033E1,-2.811531320E0,9.871395180E-1,1.106294809E0,3.178528118E0
5.864848096E1,-2.714648804E0,5.757867274E-1,1.207701316E0,3.026448571E0
5.865850296E1,-2.637801772E0,1.279733312E-1,1.214256191E0,2.906680832E0
5.866852496E1,-2.515348797E0,-3.516228980E-1,1.150957743E0,2.788426431E0
5.867854696E1,-2.298421190E0,-8.318430251E-1,9.584785134E-1,2.625525442E0
5.868856896E1,-2.146748509E0,-1.245522715E0,8.361354661E-1,2.618965160E0
5.869858996E1,-2.030191281E0,-1.690254629E0,7.965809526E-1,2.759198899E0
5.870861196E1,-1.810447655E0,-2.134944442E0,9.020967364E-1,2.941001021E0
5.871863396E1,-1.555035428E0,-2.611881065E0,1.162286577E0,3.254376740E0
5.872865596E1,-1.295748836E0,-3.037353712E0,1.340815812E0,3.564024363E0
5.873867796E1,-1.070303004E0,-3.418859098E0,1.447682303E0,3.863926773E0
5.874869896E1,-8.174670607E-1,-3.759442745E0,1.518448230E0,4.136102898E0
5.875872096E1,-4.719129878E-1,-4.051455326E0,1.423215067E0,4.320015423E0
5.876874296E1,-1.090821469E-1,-4.210757747E0,1.099672838E0,4.353350441E0
5.877876496E1,2.523132026E-2,-4.250935427E0,7.524201487E-1,4.317085210E0
5.878878696E1,-2.276321054E-2,-4.188518154E0,4.276595056E-1,4.210355703E0
5.879880896E1,-1.586671203E-1,-4.047426010E0,1.775754078E-1,4.054425432E0
5.880882996E1,-4.423371863E-1,-3.877489551E0,-1.368435574E-1,3.905036948E0
5.881885196E1,-8.646961910E-1,-3.578128482E0,-3.208092409E-1,3.695080717E0
5.882887396E1,-1.000795982E0,-3.400794418E0,-5.472076569E-1,3.586980832E0
5.883889596E1,-1.285686947E0,-3.379309701E0,-7.221252859E-1,3.687029958E0
5.884891796E1,-1.322108669E0,-3.589986050E0,-8.925373428E-1,3.928434050E0
5.885893996E1,-1.260208874E0,-4.014056535E0,-8.977774713E-1,4.301950797E0
5.886896096E1,-1.386217541E0,-4.416813042E0,-7.133141166E-1,4.683871640E0
5.887898296E1,-1.661892124E0,-4.659463428E0,-7.674938321E-1,5.006149384E0
5.888900496E1,-1.847682139E0,-4.576285031E0,-9.109681320E-1,5.018583158E0
5.889902696E1,-1.822967713E0,-4.450919558E0,-8.762163752E-1,4.888931512E0
5.890904896E1,-1.663804164E0,-4.050085031E0,-8.268448982E-1,4.455906815E0
5.891907096E1,-1.484039705E0,-3.724754431E0,-5.183468968E-1,4.042876813E0
5.892909196E1,-9.450246549E-1,-3.439235475E0,-1.687572218E-2,3.566748806E0
5.893911396E1,-2.606144947E-1,-3.314537462E0,3.707834928E-1,3.345378738E0
5.894913596E1,4.319174480E-1,-3.388680156E0,1.161048795E0,3.608010558E0
5.895915796E1,1.146753595E0,-3.349775122E0,1.545785717E0,3.863352257E0
5.896917996E1,1.554837207E0,-3.308815669E0,1.812876003E0,4.080722887E0
5.897920196E1,1.894330641E0,-3.249612026E0,1.877761386E0,4.204099751E0
5.898922296E1,1.917437668E0,-2.910474688E0,1.831057336E0,3.937029475E0
5.899924496E1,1.525698193E0,-2.508263726E0,1.729325139E0,3.407302061E0
5.900926696E1,1.036906632E0,-2.110011038E0,1.521312781E0,2.800306148E0
5.901928896E1,7.955236298E-1,-1.791575181E0,1.197628976E0,2.297153595E0
5.902931096E1,4.791980338E-1,-1.530509282E0,8.991199189E-1,1.838615252E0
5.903933296E1,-2.318304062E-2,-1.188599778E0,6.901193085E-1,1.374616873E0
5.904935396E1,-6.283505648E-1,-6.261180979E-1,4.996000656E-1,1.018061162E0
5.905937596E1,-1.178975846E0,-2.839290977E-2,2.152746729E-1,1.198804983E0
5.906939796E1,-1.634635913E0,6.952011967E-1,-6.561993912E-2,1.777539099E0
5.907941996E1,-1.928277236E0,1.405675905E0,-9.295084834E-2,2.388057309E0
5.908944196E1,-2.404397296E0,1.946988911E0,-1.457956445E-1,3.097280831E0
5.909946296E1,-2.840984915E0,2.526131648E0,-5.478858608E-1,3.840926360E0
5.910948496E1,-2.948766641E0,3.002045301E0,-9.067260502E-1,4.304608324E0
5.911950696E1,-3.001930110E0,3.187052958E0,-1.205902420E0,4.541265418E0
5.912952896E1,-2.972592875E0,3.258694798E0,-1.456128459E0,4.644966123E0
5.913955096E1,-2.747837015E0,3.347521021E0,-1.642877125E0,4.632013655E0
5.914957296E1,-2.491727800E0,3.318869664E0,-1.732781428E0,4.497347524E0
5.915959396E1,-2.214059901E0,3.216080875E0,-1.564873953E0,4.206431734E0
5.916961596E1,-1.859316344E0,3.064184246E0,-1.197942533E0,3.779067170E0
5.917963796E1,-1.473284336E0,2.756675667E0,-7.990296203E-1,3.226185953E0
5.918965996E1,-6.204673487E-1,2.347883956E0,-5.262225115E-1,2.484843845E0
5.919968196E1,-1.203602564E-1,2.085022377E0,-2.584907860E-1,2.104429231E0
5.920970396E1,3.842772585E-1,1.905105305E0,-4.654325187E-2,1.944032281E0
5.921972496E1,7.749648196E-1,1.752919824E0,3.422199905E-2,1.916890588E0
5.922974696E1,8.030753088E-1,1.729031609E0,3.911787271E-2,1.906832574E0
5.923976896E1,7.344746053E-1,1.774004883E0,-1.156876002E-1,1.923520182E0
5.924979096E1,7.546644562E-1,1.726445970E0,-3.336601053E-1,1.913495021E0
5.925981296E1,8.174308079E-1,1.574878539E0,-5.007187110E-1,1.843679681E0
5.926983496E1,9.824316323E-1,1.403263929E0,-7.101174438E-1,1.854343105E0
5.927985596E1,1.165738919E0,1.204311247E0,-8.275328963E-1,1.869257473E0
5.928987796E1,1.427852640E0,9.134099293E-1,-7.547860783E-1,1.855473763E0
5.929989996E1,1.945389698E0,4.897598594E-1,-6.117614293E-1,2.097297747E0
5.930992196E1,2.263246679E0,1.314459926E-1,-2.617488545E-1,2.282120953E0
5.931994396E1,2.575582720E0,-1.744756526E-1,1.900228143E-2,2.581555575E0
5.932996496E1,2.744672502E0,-3.315470678E-1,1.413802658E-1,2.768237523E0
5.933998696E1,2.799791281E0,-3.594587517E-1,1.400618649E-1,2.826244705E0
5.935000896E1,2.851758410E0,-3.451506150E-1,1.705866694E-2,2.872620054E0
5.936003096E1,2.818773097E0,-3.632261127E-1,-1.342551412E-1,2.845248570E0
5.937005296E1,2.831852733E0,-3.044241732E-1,-2.267078067E-1,2.857177000E0
5.938007496E1,2.948798216E0,-3.770992166E-1,-2.015140548E-1,2.979634651E0
5.939009596E1,2.849222472E0,-4.826280105E-1,-1.132981355E-1,2.892029557E0
5.940011796E1,2.570848814E0,-5.549101210E-1,-5.872709513E-2,2.630710501E0
5.941013996E1,2.165526257E0,-6.379025763E-1,-3.909287587E-2,2.257864460E0
5.942016196E1,1.869984004E0,-7.953125453E-1,-1.494269116E-1,2.037569784E0
5.943018396E1,1.644003738E0,-8.484584731E-1,-2.838871439E-1,1.871689606E0
5.944020496E1,1.178609810E0,-5.769938850E-1,-5.176465465E-1,1.410673944E0
5.945022696E1,6.071836442E-1,-1.327902675E-2,-8.583174634E-1,1.051454791E0
5.946024896E1,2.142127454E-2,5.375807279E-1,-1.177469750E0,1.294560513E0
5.947027096E1,-3.815694129E-1,9.491744238E-1,-1.336457297E0,1.683046467E0
5.948029296E1,-6.835944736E-1,1.190335232E0,-1.421576385E0,1.976127219E0
5.949031496E1,-5.394559300E-1,1.364564717E0,-1.498668415E0,2.097392807E0
5.950033596E1,-3.228733081E-1,1.437195321E0,-1.368505740E0,2.010618195E0
5.951035796E1,-4.637192845E-2,1.351542383E0,-1.096488444E0,1.741006627E0
5.952037996E1,4.651331413E-1,9.325934744E-1,-4.553748693E-1,1.137297542E0
5.953040196E1,1.132466508E0,2.909755772E-1,2.919238494E-1,1.205141781E0
5.954042396E1,1.828276400E0,-3.049989545E-1,8.855893157E-1,2.054236450E0
5.955044596E1,2.273691561E0,-8.061222929E-1,1.239753998E0,2.712286202E0
5.956046696E1,2.654682099E0,-1.101013166E0,1.536996037E0,3.259129309E0
5.957048896E1,2.750623798E0,-1.112916343E0,1.830848005E0,3.486619923E0
5.958051096E1,2.541173610E0,-9.527289462E-1,1.963306151E0,3.349600992E0
5.959053296E1,2.270153995E0,-5.799262637E-1,2.025681324E0,3.097305032E0
5.960055496E1,1.866277454E0,-2.126562166E-1,1.946139457E0,2.704750079E0
5.961057596E1,1.324054622E0,2.574616760E-1,1.811237614E0,2.258315489E0
5.962059796E1,6.503951526E-1,7.522086257E-1,1.580991218E0,1.867716494E0
5.963061996E1,-1.721613246E-1,1.264997744E0,1.215595057E0,1.762818810E0
5.964064196E1,-9.126088607E-1,1.605879892E0,7.606144367E-1,1.997558380E0
5.965066463E1,-1.535250204E0,1.806384425E0,3.249894154E-1,2.392830123E0
5.966068663E1,-2.079121367E0,1.898186880E0,-2.220556158E-1,2.824033956E0
5.967070763E1,-2.203631977E0,2.007178980E0,-6.838486813E-1,3.058171082E0
5.968072963E1,-2.049274254E0,2.255302652E0,-1.038825835E0,3.219483520E0
5.969075163E1,-1.923278452E0,2.345290132E0,-1.158263985E0,3.246684657E0
5.970077363E1,-1.753620905E0,2.344496080E0,-1.318608525E0,3.211008656E0
5.971079563E1,-1.830543950E0,2.350526898E0,-1.290040199E0,3.246547638E0
5.972081663E1,-1.811948635E0,2.208068552E0,-1.026376820E0,3.035156332E0
5.973083863E1,-1.563879341E0,1.972998203E0,-7.949698985E-1,2.640154852E0
5.974086063E1,-1.422338131E0,1.638454145E0,-6.895878696E-1,2.276644279E0
5.975088263E1,-1.316667835E0,1.346498282E0,-6.841885507E-1,2.003693036E0
5.976090463E1,-1.114841831E0,9.781684273E-1,-7.818763746E-1,1.676608614E0
5.977092663E1,-1.070216466E0,5.477227235E-1,-8.088318926E-1,1.448990164E0
5.978094763E1,-1.111462140E0,1.254806632E-1,-4.760697734E-1,1.215621617E0
5.979096963E1,-9.888811111E-1,-2.468942955E-1,-3.412557846E-1,1.074847969E0
5.980099163E1,-8.699621934E-1,-7.426422885E-1,-2.808721733E-1,1.177811939E0
5.981101363E1,-7.250576645E-1,-1.323022296E0,-1.785657799E-1,1.519204512E0
5.982103563E1,-6.279798514E-1,-1.913035884E0,-1.361144096E-1,2.018066431E0
5.983105663E1,-5.111518979E-1,-2.540013815E0,-1.380172397E-1,2.594608872E0
5.984107863E1,-2.344973212E-1,-3.138067617E0,-1.038928892E-1,3.148531577E0
5.985110063E1,5.053163767E-2,-3.706849964E0,-2.031468898E-1,3.712756222E0
5.986112263E1,2.189723790E-2,-4.186878010E0,-1.628573813E-1,4.190101370E0
5.987114463E1,2.069914341E-4,-4.559409382E0,5.057242200E-2,4.559689850E0
5.988116663E1,1.127477664E-1,-4.699979370E0,6.389135599E-2,4.701765652E0
5.989118763E1,1.052399415E-1,-4.566645896E0,-6.874761477E-2,4.568375687E0
5.990120963E1,1.197100461E-2,-4.205304049E0,-1.886319079E-1,4.209549553E0
5.991123163E1,-1.744633734E-1,-3.767018398E0,-2.589638257E-1,3.779937479E0
5.992125363E1,-3.628314257E-1,-3.427649510E0,-2.608472139E-1,3.456655765E0
5.993127563E1,-5.996448290E-1,-3.486358771E0,-3.125636436E-1,3.551333191E0
5.994129663E1,-4.521061295E-1,-3.856654167E0,-4.987786049E-1,3.914966337E0
5.995131863E1,-6.458477730E-1,-4.318745880E0,-4.865966620E-1,4.393798087E0
5.996134063E1,-9.359211248E-1,-4.612757039E0,-4.595262462E-1,4.729126793E0
5.997136263E1,-1.276373502E0,-4.577734848E0,-6.366198434E-1,4.794796188E0
5.998138463E1,-1.446211728E0,-4.306033740E0,-7.195848168E-1,4.599049602E0
5.999140663E1,-1.303759521E0,-4.120390491E0,-7.253535336E-1,4.382184893E0
6.000142763E1,-1.083185005E0,-3.795872361E0,-6.625626236E-1,4.002614891E0
6.001144963E1,-8.491408432E-1,-3.557600662E0,-4.865352662E-1,3.689753272E0
6.002147163E1,-4.294002217E-1,-3.392486694E0,-7.339542031E-2,3.420341709E0
6.003149363E1,-7.858073115E-2,-3.144104574E0,2.326472622E-1,3.153679320E0
6.004151563E1,1.785084772E-1,-2.947864123E0,4.463974929E-1,2.986810822E0
6.005153663E1,3.509849668E-1,-2.803563027E0,6.787007926E-1,2.905820170E0
6.006155863E1,4.563956469E-1,-2.646206268E0,7.732293659E-1,2.794385129E0
6.007158063E1,7.020588112E-1,-2.521040770E0,7.622061219E-1,2.725709322E0
6.008160263E1,7.302160782E-1,-2.448471561E0,7.978695327E-1,2.676718942E0
6.009162463E1,5.771143377E-1,-2.317754716E0,6.640401419E-1,2.479112178E0
6.010164563E1,2.624873579E-1,-2.157653274E0,3.862021619E-1,2.207604895E0
6.011166763E1,5.871890903E-2,-1.999245185E0,6.909530483E-2,2.001300422E0
6.012168963E1,-2.030176663E-1,-1.909786294E0,-1.539373807E-1,1.926706147E0
6.013171163E1,-8.983375615E-1,-1.543310006E0,-3.835979582E-1,1.826462029E0
6.014173363E1,-1.503985142E0,-1.063191621E0,-5.822869308E-1,1.931684705E0
6.015175563E1,-1.925508580E0,-4.509156364E-1,-7.538375138E-1,2.116407144E0
6.016177663E1,-2.454829531E0,2.436727720E-1,-7.478483570E-1,2.577759029E0
6.017179863E1,-3.049383189E0,8.382270151E-1,-7.790545084E-1,3.257036734E0
6.018182062E1,-3.258355660E0,1.331705704E0,-7.287298621E-1,3.594630565E0
6.019184263E1,-3.559175025E0,1.688627933E0,-9.216960186E-1,4.045826826E0
6.020186463E1,-3.732089471E0,1.910933225E0,-1.035933071E0,4.318948360E0
6.021188563E1,-3.748214922E0,2.090880702E0,-1.204743941E0,4.457836378E0
6.022190763E1,-3.695566007E0,2.241633031E0,-1.370262098E0,4.534285498E0
6.023192963E1,-3.539530719E0,2.362511351E0,-1.154070801E0,4.409264906E0
6.024195163E1,-3.367162403E0,2.438795296E0,-8.630447911E-1,4.246216134E0
6.025197363E1,-3.088310443E0,2.446582033E0,-5.468636213E-1,3.977748717E0
6.026199563E1,-2.645421864E0,2.410402386E0,-3.662232493E-1,3.597556945E0
6.027201663E1,-2.225126926E0,2.300992795E0,-2.741847128E-1,3.212621194E0
6.028203863E1,-1.728676098E0,2.132322258E0,-1.854386703E-1,2.751273662E0
6.029206063E1,-1.205861344E0,1.859852534E0,2.712216362E-2,2.216729266E0
6.030208263E1,-7.507877523E-1,1.629583919E0,2.741519684E-1,1.815044159E0
6.031210463E1,-3.668560642E-1,1.562218148E0,2.383336794E-1,1.622316817E0
6.032212563E1,1.104772925E-2,1.791172308E0,5.138883948E-2,1.791943387E0
6.033214763E1,4.177484751E-1,2.001131204E0,-1.716754210E-1,2.051465899E0
6.034216963E1,9.406047446E-1,2.225660777E0,-2.258411032E-1,2.426789522E0
6.035219163E1,1.509579758E0,2.504901577E0,-1.879137236E-1,2.930644046E0
6.036221363E1,2.014950514E0,2.546827868E0,-5.917974271E-2,3.248054803E0
6.037223463E1,2.469437630E0,2.332378310E0,3.004884124E-2,3.396912380E0
6.038225663E1,3.009267781E0,1.873204066E0,1.253267352E-1,3.546870852E0
6.039227863E1,3.464037318E0,1.315411268E0,1.638658067E-1,3.709004360E0
6.040230063E1,3.741188323E0,8.690985596E-1,1.160935432E-1,3.842564259E0
6.041232263E1,4.059236509E0,5.288426489E-1,1.658872622E-1,4.096900556E0
6.042234463E1,4.520682396E0,4.132139593E-1,1.885535552E-1,4.543442257E0
6.043236563E1,4.862631660E0,3.752754700E-1,1.743978846E-1,4.880208291E0
6.044238763E1,5.075123570E0,4.149885893E-1,3.642781730E-1,5.105075256E0
6.045240963E1,5.030991710E0,5.891935158E-1,4.281541800E-1,5.083438067E0
6.046243163E1,4.848897135E0,7.198021871E-1,4.184296757E-1,4.919857926E0
6.047245363E1,4.740114366E0,7.516116250E-1,3.181773361E-1,4.809869131E0
6.048247463E1,4.730871672E0,7.149127454E-1,1.519398987E-2,4.784608434E0
6.049249663E1,4.675947606E0,6.891142452E-1,-3.194528331E-1,4.737237018E0
6.050251863E1,4.295793804E0,8.403986710E-1,-5.585302784E-1,4.412716896E0
6.051254063E1,3.740496013E0,1.453775686E0,-8.524117756E-1,4.102606489E0
6.052256263E1,3.020816617E0,2.042038325E0,-9.601054280E-1,3.770551152E0
6.053258363E1,2.494293559E0,2.312373816E0,-8.181694575E-1,3.498281618E0
6.054260563E1,2.232752865E0,2.351977007E0,-8.100463593E-1,3.342627156E0
6.055262763E1,2.238561489E0,2.194009214E0,-7.398172063E-1,3.220584337E0
6.056264963E1,2.426282839E0,1.921525456E0,-4.801809508E-1,3.132041226E0
6.057267163E1,2.430682284E0,1.533604798E0,-1.466047530E-1,2.877786128E0
6.058269263E1,2.450784427E0,9.507847470E-1,2.361830735E-1,2.639340521E0
6.059271463E1,2.812152295E0,2.951124823E-1,7.855691837E-1,2.934690929E0
6.060273663E1,3.060383556E0,-3.024203324E-1,1.125224001E0,3.274680842E0
6.061275863E1,3.290414189E0,-7.276707852E-1,1.315577914E0,3.617606329E0
6.062278063E1,3.204587004E0,-1.042547441E0,1.503835453E0,3.690230901E0
6.063280163E1,2.928835822E0,-1.222258106E0,1.692113459E0,3.596559760E0
6.064282363E1,2.630598587E0,-1.195574337E0,1.768954058E0,3.388014962E0
6.065284533E1,2.125534226E0,-8.932346964E-1,1.754678081E0,2.897353816E0
6.066286733E1,1.455021143E0,-4.075684726E-1,1.704216610E0,2.277619995E0
6.067288933E1,5.938993549E-1,3.158063632E-1,1.454629380E0,1.602621831E0
6.068291133E1,-1.342900783E-1,1.042476690E0,1.109278717E0,1.528165811E0
6.069293233E1,-7.710699892E-1,1.626755621E0,8.506488401E-1,1.991101762E0
6.070295433E1,-1.424629655E0,2.060293332E0,6.188896237E-1,2.580194302E0
6.071297633E1,-1.887549040E0,2.258046166E0,4.166332649E-1,2.972405952E0
6.072299833E1,-2.286920886E0,2.277744851E0,1.994578084E-1,3.233869534E0
6.073302033E1,-2.595755614E0,2.344486724E0,-8.652022675E-2,3.498864238E0
6.074304133E1,-2.876086335E0,2.398698599E0,-2.222661155E-1,3.751670269E0
6.075306333E1,-2.963343165E0,2.392811038E0,-4.052203770E-1,3.830293844E0
6.076308533E1,-2.735394725E0,2.318152619E0,-5.853606659E-1,3.633023944E0
6.077310733E1,-2.469734083E0,1.988876025E0,-5.687744540E-1,3.221601879E0
6.078312933E1,-2.251722987E0,1.640947398E0,-5.008064193E-1,2.830860618E0
6.079315033E1,-1.983500095E0,1.274775458E0,-3.826429617E-1,2.388669239E0
6.080317233E1,-1.931291476E0,8.188774091E-1,-2.688660854E-1,2.114884382E0
6.081319433E1,-1.967844760E0,3.976913559E-1,-2.404375076E-1,2.021974680E0
6.082321633E1,-1.860795690E0,2.147354865E-1,-2.364323111E-1,1.888007459E0
6.083323833E1,-1.616266885E0,1.114952928E-1,-4.476290627E-1,1.680809812E0
6.084325933E1,-1.359027404E0,1.121987128E-1,-6.878144091E-1,1.527295877E0
6.085328133E1,-1.184410833E0,-1.714725226E-2,-8.147008891E-1,1.437658022E0
6.086330333E1,-1.014905314E0,-2.544690710E-1,-7.540816350E-1,1.289738895E0
6.087332533E1,-8.206976473E-1,-6.758454511E-1,-5.637074031E-1,1.203361017E0
6.088334733E1,-4.710242110E-1,-1.175506401E0,-3.654546328E-1,1.318042562E0
6.089336933E1,-1.362547427E-1,-1.755453422E0,-1.520692684E-1,1.767288073E0
6.090339033E1,1.535642552E-1,-2.301285448E0,-3.643531635E-2,2.306691186E0
6.091341233E1,3.291520482E-1,-2.776279334E0,-1.000132616E-1,2.797511513E0
6.092343433E1,3.199777669E-1,-3.193435194E0,-1.197907376E-1,3.211660619E0
6.093345633E1,1.793510610E-1,-3.443975228E0,2.222804412E-2,3.448713711E0
6.094347833E1,1.113128597E-1,-3.557790112E0,-4.742968976E-2,3.559846992E0
6.095349933E1,-6.665708899E-2,-3.594532845E0,-2.425824125E-1,3.603325654E0
6.096352133E1,-3.600200844E-1,-3.677196687E0,-4.078912389E-1,3.717225471E0
6.097354333E1,-6.716842800E-1,-3.690749364E0,-7.243652080E-1,3.820666904E0
6.098356533E1,-1.130777832E0,-3.642859790E0,-1.105209712E0,3.971218260E0
6.099358733E1,-1.794424530E0,-3.460241890E0,-1.496381569E0,4.175211507E0
6.100360833E1,-2.355398798E0,-3.157947565E0,-1.875108650E0,4.363091653E0
6.101363033E1,-2.667296298E0,-3.145837689E0,-1.973524891E0,4.572260360E0
6.102365233E1,-2.576349290E0,-3.485321475E0,-1.734812751E0,4.668470491E0
6.103367433E1,-2.484136945E0,-3.790022514E0,-1.404938571E0,4.744371339E0
6.104369633E1,-2.477082864E0,-4.047565466E0,-1.067879918E0,4.864061393E0
6.105371733E1,-2.272798106E0,-4.342775305E0,-7.660535167E-1,4.961063048E0
6.106373933E1,-2.025052748E0,-4.603627489E0,-4.431325538E-1,5.048820768E0
6.107376133E1,-1.779984831E0,-4.692243211E0,-1.948894519E-1,5.022297706E0
6.108378333E1,-1.411805542E0,-4.354826416E0,-2.747606635E-2,4.578041386E0
6.109380533E1,-1.029487100E0,-3.898851476E0,2.842582959E-1,4.042485535E0
6.110382633E1,-6.875512844E-1,-3.611820723E0,6.382313360E-1,3.731663830E0
6.111384833E1,-1.182125741E-1,-3.537119327E0,8.227605450E-1,3.633472480E0
6.112387033E1,4.221087438E-1,-3.687354178E0,1.181386580E0,3.894923732E0
6.113389233E1,8.503634959E-1,-3.790743183E0,1.494366472E0,4.162449172E0
6.114391433E1,1.158986555E0,-3.832216314E0,1.528543448E0,4.285507763E0
6.115393533E1,1.291300274E0,-3.837893961E0,1.397895600E0,4.283806550E0
6.116395733E1,1.228545032E0,-3.754189899E0,1.183014518E0,4.123443712E0
6.117397933E1,1.005319973E0,-3.460769309E0,9.467366465E-1,3.726110940E0
6.118400133E1,6.617498606E-1,-3.067637612E0,5.729919776E-1,3.190083573E0
6.119402333E1,2.799459743E-1,-2.625094019E0,2.665043950E-1,2.653396493E0
6.120404433E1,-8.579619527E-3,-2.134117938E0,-1.105193925E-1,2.136994974E0
6.121406633E1,-4.403462094E-1,-1.632395260E0,-5.610736710E-1,1.781410322E0
6.122408833E1,-9.113347524E-1,-9.685994589E-1,-7.599906850E-1,1.531764272E0
6.123411033E1,-1.308692232E0,-3.308202589E-1,-8.376194894E-1,1.588623244E0
6.124413233E1,-1.662689100E0,2.736596328E-1,-7.764553479E-1,1.855345667E0
6.125415333E1,-1.966148483E0,8.328148323E-1,-7.055275257E-1,2.248797343E0
6.126417533E1,-2.115373519E0,1.286591511E0,-6.794484323E-1,2.567444842E0
6.127419733E1,-2.259695665E0,1.655788801E0,-7.188387121E-1,2.892160118E0
6.128421933E1,-2.517932097E0,2.054037396E0,-7.608706909E-1,3.337360616E0
6.129424133E1,-2.667292204E0,2.250755273E0,-8.566695718E-1,3.593637399E0
6.130426233E1,-2.890329568E0,2.445587422E0,-1.039701090E0,3.926306305E0
6.131428433E1,-2.812723567E0,2.587469525E0,-1.271525576E0,4.027802093E0
6.132430633E1,-2.558168542E0,2.659701349E0,-1.330908290E0,3.922952260E0
6.133432833E1,-2.261585485E0,2.849480919E0,-1.401391066E0,3.898487827E0
6.134435033E1,-1.939695094E0,2.922696830E0,-1.355509134E0,3.760582246E0
6.135437133E1,-1.371539276E0,2.735081899E0,-1.181950325E0,3.280060906E0
6.136439333E1,-9.155289602E-1,2.537781640E0,-1.098946175E0,2.913110301E0
6.137441533E1,-6.044687819E-1,2.365605698E0,-1.013486195E0,2.643601160E0
6.138443733E1,-3.288971096E-1,2.163970898E0,-8.230445735E-1,2.338449428E0
6.139445933E1,-9.014886260E-2,1.968337095E0,-6.671310532E-1,2.080274400E0
6.140448033E1,2.215860844E-1,1.910525674E0,-5.154700667E-1,1.991210219E0
6.141450233E1,5.775622344E-1,2.020234058E0,-2.965924126E-1,2.122001612E0
6.142452433E1,9.869129384E-1,2.247746295E0,-1.657815007E-1,2.460456068E0
6.143454633E1,1.408275577E0,2.586797680E0,-2.072036880E-1,2.952574420E0
6.144456833E1,1.828517305E0,2.709899111E0,-3.242612909E-1,3.285144458E0
6.145458933E1,2.249447835E0,2.668107891E0,-3.115069056E-1,3.503691173E0
6.146461133E1,2.668739975E0,2.440212661E0,-1.902407692E-1,3.621187987E0
6.147463333E1,3.047785145E0,2.163031835E0,-7.323125973E-2,3.738056156E0
6.148465533E1,3.132165729E0,1.845713382E0,8.899988472E-2,3.636624950E0
6.149467733E1,3.262013093E0,1.519853316E0,3.061321449E-1,3.611703256E0
6.150469833E1,3.362363593E0,1.357098407E0,4.808865635E-1,3.657657297E0
6.151472033E1,3.408670617E0,1.304367047E0,6.760234988E-1,3.711794248E0
6.152474233E1,3.470741150E0,1.233982358E0,9.284893137E-1,3.798795730E0
6.153476433E1,3.435074889E0,1.173117521E0,1.011365556E0,3.768130106E0
6.154478633E1,3.398622177E0,1.107646247E0,1.329465635E0,3.813789689E0
6.155480733E1,3.153919126E0,1.205854912E0,9.536827733E-1,3.508675356E0
6.156482933E1,2.821497315E0,1.340152591E0,6.554284358E-1,3.191620670E0
6.157485133E1,2.561837670E0,1.181708835E0,3.186798312E-1,2.839190880E0
6.158487333E1,2.450137725E0,1.229432055E0,1.421648160E-2,2.741328174E0
6.159489533E1,2.102184539E0,1.384523018E0,-3.600218385E-1,2.542773987E0
6.160491633E1,1.722026060E0,1.715981208E0,-5.912394565E-1,2.501905144E0
6.161493833E1,1.383336033E0,1.749450086E0,-4.972204681E-1,2.285043189E0
6.162496033E1,1.605247223E0,1.574489114E0,-5.169092126E-1,2.307169207E0
6.163498233E1,2.055803255E0,1.272936509E0,-7.844348238E-1,2.542052787E0
6.164500433E1,2.385969796E0,1.094001185E0,-5.834438024E-1,2.688883993E0
6.165502483E1,2.533958146E0,9.883513534E-1,-2.495182335E-1,2.731307678E0
6.166504683E1,2.648068898E0,6.702008414E-1,4.320244521E-1,2.765516803E0
6.167506883E1,2.955709625E0,-1.592840016E-2,1.254926646E0,3.211123477E0
6.168509083E1,3.490417616E0,-9.118072075E-1,1.789274887E0,4.026898575E0
6.169511283E1,3.940987682E0,-1.737810034E0,1.877417131E0,4.698517075E0
6.170513383E1,4.399488911E0,-2.298735185E0,1.848159272E0,5.296732844E0
6.171515583E1,4.726213195E0,-2.601553128E0,1.753395056E0,5.672703418E0
6.172517783E1,4.436885363E0,-2.416768250E0,1.534961936E0,5.280419363E0
6.173519983E1,3.775936571E0,-1.909166781E0,1.515020446E0,4.494207577E0
6.174522183E1,2.965608961E0,-1.321896415E0,1.550727199E0,3.598194198E0
6.175524283E1,2.225382450E0,-6.153422642E-1,1.367389945E0,2.683417301E0
6.176526483E1,1.346249483E0,1.474527454E-1,9.125663222E-1,1.633066831E0
6.177528683E1,2.604244602E-1,8.421446496E-1,3.201800805E-1,9.378399620E-1
6.178530883E1,-6.246405065E-1,1.303757182E0,-2.501339453E-1,1.467148780E0
6.179533083E1,-1.499104471E0,1.549838423E0,-5.570921557E-1,2.227030539E0
6.180535183E1,-2.312238160E0,1.506366128E0,-9.061535347E-1,2.904599534E0
6.181537383E1,-2.738671505E0,1.418240402E0,-1.235644721E0,3.322430636E0
6.182539583E1,-2.997440034E0,1.253600644E0,-1.504273410E0,3.580363085E0
6.183541783E1,-3.313746918E0,1.017918676E0,-1.507051861E0,3.779984442E0
6.184543983E1,-3.597125793E0,7.753779253E-1,-1.511463585E0,3.978070772E0
6.185546083E1,-3.773892969E0,6.731507617E-1,-1.530761151E0,4.127787518E0
6.186548283E1,-3.788912128E0,5.793093824E-1,-1.361149358E0,4.067454001E0
6.187550483E1,-3.491480640E0,5.078537759E-1,-1.096662837E0,3.694728934E0
6.188552683E1,-3.021705394E0,3.620227557E-1,-9.842426611E-1,3.198514902E0
6.189554883E1,-2.715972614E0,1.965766659E-1,-8.418202753E-1,2.850229991E0
6.190556983E1,-2.356777571E0,4.203563333E-3,-8.267647183E-1,2.497590457E0
6.191559183E1,-1.947540888E0,-1.908884946E-1,-8.828922875E-1,2.146823868E0
6.192561383E1,-1.889580948E0,-4.248610282E-1,-9.519828415E-1,2.158076547E0
6.193563583E1,-1.754017931E0,-7.374049374E-1,-1.010031075E0,2.154183770E0
6.194565783E1,-1.406300973E0,-1.058427017E0,-1.027667301E0,2.038148733E0
6.195567883E1,-1.280441995E0,-1.445491643E0,-1.024160872E0,2.185836975E0
6.196570083E1,-1.200350343E0,-1.793903543E0,-1.017566966E0,2.386288624E0
6.197572283E1,-1.247196481E0,-2.186270716E0,-8.024790390E-1,2.641827268E0
6.198574483E1,-1.060829346E0,-2.579547717E0,-7.325304061E-1,2.883752091E0
6.199576583E1,-8.132482946E-1,-2.928510424E0,-8.148077470E-1,3.146658189E0
6.200578783E1,-7.305891305E-1,-3.264361335E0,-7.726541461E-1,3.433192368E0
6.201580983E1,-9.481324500E-1,-3.330411483E0,-6.712049545E-1,3.527196037E0
6.202583183E1,-1.264313035E0,-3.287487658E0,-6.963093902E-1,3.590391248E0
6.203585383E1,-1.323203852E0,-3.293376973E0,-7.984175630E-1,3.637948725E0
6.204587483E1,-1.241989535E0,-3.319785338E0,-1.079316049E0,3.705190390E0
6.205589683E1,-1.306908247E0,-3.256958468E0,-1.265560831E0,3.730607436E0
6.206591883E1,-1.719913461E0,-3.164362838E0,-1.477820460E0,3.892974158E0
6.207594083E1,-2.291550711E0,-2.994058881E0,-1.664392979E0,4.121382927E0
6.208596283E1,-2.525041727E0,-3.149579322E0,-1.776904517E0,4.410564056E0
6.209598383E1,-2.441252296E0,-3.580033797E0,-1.626846837E0,4.628497099E0
6.210600583E1,-1.943893395E0,-4.072816082E0,-1.456821062E0,4.742244192E0
6.211602783E1,-1.417641647E0,-4.389282304E0,-1.330380286E0,4.800564414E0
6.212604983E1,-1.121398898E0,-4.591351259E0,-1.223314113E0,4.882063016E0
6.213607183E1,-7.618027371E-1,-4.788774894E0,-1.037774213E0,4.958798616E0
6.214609283E1,-2.378138620E-1,-4.986715423E0,-5.750089015E-1,5.025387685E0
6.215611483E1,3.863424951E-1,-4.835064085E0,-1.438837512E-1,4.852608346E0
6.216613683E1,7.013097829E-1,-4.449623815E0,9.176912606E-2,4.505486553E0
6.217615883E1,8.765280318E-1,-4.172298563E0,3.228433411E-1,4.275582359E0
6.218618083E1,9.704366541E-1,-3.861455901E0,6.548365514E-1,4.035021671E0
6.219620183E1,1.100499195E0,-3.609727128E0,9.790249714E-1,3.898681612E0
6.220622383E1,1.146135544E0,-3.706099182E0,1.280617265E0,4.085190131E0
6.221624583E1,1.270917465E0,-3.699020250E0,1.115525809E0,4.067232455E0
6.222626783E1,1.482984282E0,-3.628191173E0,8.963494351E-1,4.020753148E0
6.223628983E1,1.380527031E0,-3.564530782E0,8.955591108E-1,3.926036258E0
6.224631083E1,1.060163348E0,-3.301848712E0,8.491287102E-1,3.570318026E0
6.225633283E1,7.994664073E-1,-3.015260593E0,7.172136247E-1,3.200834010E0
6.226635483E1,4.810597873E-1,-2.590200759E0,4.622691751E-1,2.674743218E0
6.227637683E1,1.859490591E-1,-2.142086231E0,1.242391531E-1,2.153728359E0
6.228639783E1,-1.928265542E-1,-1.698592173E0,-1.699382863E-1,1.717927959E0
6.229641983E1,-7.531459343E-1,-1.160856787E0,-3.643237082E-1,1.430925939E0
6.230644183E1,-1.340932610E0,-6.618325987E-1,-5.599853580E-1,1.596779964E0
6.231646383E1,-1.874040803E0,-7.270486414E-2,-7.709863740E-1,2.027741334E0
6.232648583E1,-2.121461640E0,4.566611105E-1,-8.376674366E-1,2.326118138E0
6.233650683E1,-2.247837512E0,8.652736035E-1,-8.884714083E-1,2.567265731E0
6.234652883E1,-2.479837487E0,1.226437111E0,-9.023511634E-1,2.909979308E0
6.235655083E1,-2.392495873E0,1.466133776E0,-6.944002012E-1,2.890635984E0
6.236657283E1,-2.199642422E0,1.624861123E0,-5.445711473E-1,2.788397064E0
6.237659483E1,-1.847714299E0,1.783902465E0,-4.070452930E-1,2.600392664E0
6.238661583E1,-1.569955768E0,1.912915431E0,-3.443505697E-1,2.498516335E0
6.239663783E1,-1.422015949E0,2.082946615E0,-3.473415667E-1,2.545867657E0
6.240665983E1,-1.167180258E0,2.223011988E0,-4.899692629E-1,2.558155964E0
6.241668183E1,-9.205078644E-1,2.354444532E0,-6.917655189E-1,2.620931765E0
6.242670383E1,-6.983241946E-1,2.339280948E0,-7.492515425E-1,2.553677722E0
6.243672483E1,-4.008903676E-1,2.301641251E0,-7.578406638E-1,2.456132734E0
6.244674683E1,-1.852579182E-1,2.473187449E0,-7.581950051E-1,2.593421740E0
6.245676883E1,-1.168957812E-1,2.659859809E0,-7.042550254E-1,2.753996000E0
6.246679083E1,-1.165139580E-1,2.739968417E0,-5.150527216E-1,2.790390965E0
6.247681183E1,-9.322215915E-3,2.771421175E0,-4.572961181E-1,2.808911172E0
6.248683383E1,2.032509702E-1,2.707218747E0,-6.212497061E-1,2.785012657E0
6.249685583E1,4.214637959E-1,2.544483134E0,-7.455785409E-1,2.684755764E0
6.250687783E1,5.664624649E-1,2.395975551E0,-8.898724012E-1,2.617909749E0
6.251689983E1,6.669240618E-1,2.236417315E0,-1.039849097E0,2.554923924E0
6.252692083E1,9.353662241E-1,2.206628675E0,-1.151254197E0,2.658854322E0
6.253694283E1,1.169672341E0,2.202536793E0,-1.165444804E0,2.752737420E0
6.254696483E1,1.106543462E0,2.210259211E0,-9.875042380E-1,2.661737935E0
6.255698683E1,1.171199634E0,2.196749804E0,-7.090053034E-1,2.588456452E0
6.256700883E1,1.509293244E0,2.032647697E0,-3.561397990E-1,2.556649822E0
6.257702983E1,1.821445098E0,1.856179898E0,3.158081174E-2,2.600781307E0
6.258705183E1,2.170838453E0,1.520229292E0,4.532118380E-1,2.688686976E0
6.259707383E1,2.712892300E0,1.203003225E0,7.093929738E-1,3.051268553E0
6.260709583E1,2.909921833E0,9.894933146E-1,6.966823695E-1,3.151524777E0
6.261711783E1,2.868262761E0,8.172103679E-1,5.938578397E-1,3.040958925E0
6.262713883E1,2.487648783E0,6.316793847E-1,5.632394797E-1,2.627670836E0
6.263716083E1,2.307963846E0,2.507414711E-1,6.019878083E-1,2.398323940E0
6.264718283E1,2.528410892E0,-3.406254548E-1,5.596709239E-1,2.611918621E0
6.265720558E1,2.848910816E0,-9.699355477E-1,3.817489225E-1,3.033611716E0
6.266722658E1,3.338896962E0,-1.463901894E0,3.090797263E-1,3.658793785E0
6.267724858E1,3.754598912E0,-1.670172951E0,4.422495512E-1,4.133046738E0
6.268727058E1,3.790410769E0,-1.492563191E0,6.772333608E-1,4.129600913E0
6.269729258E1,3.613474608E0,-9.381851667E-1,9.957638687E-1,3.863798110E0
6.270731458E1,3.351840944E0,-5.365609735E-1,1.429431388E0,3.683206413E0
6.271733558E1,3.215158769E0,-3.641020256E-1,1.792916533E0,3.699238556E0
6.272735758E1,3.412309340E0,-4.815480298E-1,1.874929579E0,3.923149814E0
6.273737958E1,3.718448501E0,-6.221110010E-1,1.675293358E0,4.125589557E0
6.274740158E1,3.708777791E0,-4.872759622E-1,1.341656495E0,3.973979456E0
6.275742358E1,3.327378532E0,-3.197643435E-1,1.089073663E0,3.515647675E0
6.276744458E1,2.915456808E0,-1.840902293E-1,1.077483897E0,3.113639214E0
6.277746658E1,2.613348716E0,-4.647250056E-2,9.520785896E-1,2.781762903E0
6.278748858E1,2.269145935E0,1.315506577E-1,8.326779344E-1,2.420677879E0
6.279751058E1,1.685058793E0,2.253277177E-1,6.609732773E-1,1.824028889E0
6.280753158E1,1.071911573E0,3.187480974E-1,3.585501675E-1,1.174373447E0
6.281755358E1,4.466261190E-1,3.761028510E-1,8.947986804E-2,5.907071115E-1
6.282757558E1,-2.205908883E-1,5.119073582E-1,-1.296650769E-1,5.722958287E-1
6.283759758E1,-8.184008610E-1,8.929704022E-1,-4.995593543E-1,1.310242595E0
6.284761958E1,-1.275668913E0,1.144884240E0,-8.278704268E-1,1.903538952E0
6.285764058E1,-1.742605335E0,1.394365051E0,-8.886288446E-1,2.402204919E0
6.286766258E1,-2.150788935E0,1.605801539E0,-1.053511628E0,2.883466382E0
6.287768458E1,-2.218771003E0,1.765863805E0,-1.174470640E0,3.069299761E0
6.288770658E1,-2.128689968E0,1.765733412E0,-1.183042219E0,3.008109764E0
6.289772758E1,-1.989543777E0,1.643469302E0,-1.178245529E0,2.836818344E0
6.290774958E1,-1.848482038E0,1.424029731E0,-1.120973806E0,2.588692487E0
6.291777158E1,-1.764844635E0,1.131298234E0,-1.019879540E0,2.331237130E0
6.292779358E1,-1.807625204E0,8.875520799E-1,-9.805811347E-1,2.239820737E0
6.293781558E1,-1.935707878E0,5.738203087E-1,-9.686690408E-1,2.239320086E0
6.294783658E1,-1.944469931E0,2.536291185E-1,-9.669429427E-1,2.186382788E0
6.295785858E1,-1.885470940E0,-7.389155656E-2,-8.819684274E-1,2.082865558E0
6.296788058E1,-1.872514095E0,-2.794211867E-1,-7.764663845E-1,2.046285728E0
6.297790258E1,-1.912127811E0,-3.926455012E-1,-6.996615990E-1,2.073627163E0
6.298792458E1,-1.701925086E0,-4.022755730E-1,-5.433503218E-1,1.831284852E0
6.299794558E1,-1.664699957E0,-2.777749032E-1,-3.315967691E-1,1.719982925E0
6.300796758E1,-1.762574161E0,-3.040262702E-1,-1.071147050E-1,1.791807246E0
6.301798958E1,-1.780918046E0,-4.311760211E-1,-2.191375628E-2,1.832501586E0
6.302801158E1,-1.649449250E0,-7.556757322E-1,2.907162532E-2,1.814545066E0
6.303803358E1,-1.443458274E0,-1.159809258E0,7.328169197E-3,1.851697331E0
6.304805458E1,-1.380796003E0,-1.467775674E0,-4.004363313E-2,2.015580940E0
6.305807658E1,-1.489915572E0,-1.619128513E0,-1.255807967E-1,2.203904737E0
6.306809858E1,-1.542372698E0,-1.611624781E0,-2.605012049E-1,2.245909359E0
6.307812058E1,-1.482061007E0,-1.637336742E0,-3.175160891E-1,2.231186434E0
6.308814158E1,-1.521515095E0,-1.678761926E0,-3.904010475E-1,2.299056930E0
6.309816358E1,-1.476486856E0,-1.771582966E0,-3.670689029E-1,2.335221451E0
6.310818558E1,-1.335798170E0,-2.006012168E0,-2.191583204E-1,2.420014863E0
6.311820758E1,-1.250576171E0,-2.307405144E0,-8.775545105E-2,2.625977966E0
6.312822958E1,-1.311405925E0,-2.533098313E0,-2.963544309E-2,2.852586690E0
6.313825058E1,-1.510983090E0,-2.613242882E0,-6.491885796E-2,3.019324877E0
6.314827258E1,-1.620811341E0,-2.625540746E0,-1.449226552E-1,3.088931237E0
6.315829458E1,-1.878026265E0,-2.588070619E0,-2.877619475E-1,3.210591708E0
6.316831658E1,-2.141663185E0,-2.601116341E0,-4.439450245E-1,3.398472393E0
6.317833758E1,-2.320159968E0,-2.793197083E0,-4.210812418E-1,3.655461891E0
6.318835958E1,-2.248886502E0,-3.105539848E0,-5.389495611E-1,3.871993657E0
6.319838158E1,-1.794597023E0,-3.563897528E0,-5.887706159E-1,4.033434629E0
6.320840358E1,-1.222373881E0,-3.835334342E0,-6.155990300E-1,4.072216790E0
6.321842558E1,-7.267141807E-1,-3.916579357E0,-5.883637959E-1,4.026646162E0
6.322844658E1,-3.112736017E-1,-3.972314140E0,-3.404980586E-1,3.999013604E0
6.323846858E1,1.570287305E-1,-3.949491287E0,3.427491635E-3,3.952613211E0
6.324849058E1,6.390720195E-1,-4.008069571E0,7.243420384E-1,4.122827442E0
6.325851258E1,1.078908936E0,-4.034052551E0,1.230154771E0,4.353263745E0
6.326853458E1,1.266379441E0,-3.924008245E0,1.391070145E0,4.351624265E0
6.327855558E1,1.146189923E0,-3.742245499E0,1.360972772E0,4.143718090E0
6.328857758E1,9.319970584E-1,-3.426194723E0,1.418868393E0,3.823691451E0
6.329859958E1,6.725362194E-1,-3.061204505E0,1.282067521E0,3.386292237E0
6.330862158E1,2.226374137E-1,-2.621728946E0,1.032873808E0,2.826633755E0
6.331864258E1,-1.796989703E-1,-2.273003343E0,6.653394663E-1,2.375186840E0
6.332866458E1,-1.784371412E-1,-2.026793464E0,2.917216820E-1,2.055439880E0
6.333868658E1,-1.477310729E-1,-1.856994415E0,1.776501060E-2,1.862946141E0
6.334870858E1,-9.481961846E-2,-1.694194483E0,-1.523164594E-1,1.703668397E0
6.335873058E1,1.793984234E-2,-1.517131437E0,-2.846798801E-1,1.543713791E0
6.336875158E1,1.498337317E-1,-1.323457621E0,-3.322674447E-1,1.372731539E0
6.337877358E1,1.895491898E-1,-1.087779163E0,-2.961071668E-1,1.143184961E0
6.338879558E1,1.594635111E-1,-8.063778162E-1,-3.594330239E-1,8.971431840E-1
6.339881758E1,9.953364372E-2,-4.623118597E-1,-6.122690407E-1,7.736359480E-1
6.340883858E1,-1.829856902E-1,-9.855014205E-2,-7.635183833E-1,7.913003317E-1
6.341886058E1,-4.396006894E-1,3.720811361E-1,-8.056218443E-1,9.903129273E-1
6.342888258E1,-6.035414135E-1,8.432076734E-1,-8.848480350E-1,1.363164503E0
6.343890458E1,-7.785322058E-1,1.479209905E0,-1.088945755E0,1.994988019E0
6.344892658E1,-7.996552724E-1,2.104704105E0,-1.225585245E0,2.563452187E0
6.345894758E1,-7.329414654E-1,2.584412016E0,-1.077109163E0,2.894227498E0
6.346896958E1,-6.326248795E-1,2.879014621E0,-8.658369096E-1,3.072232572E0
6.347899158E1,-3.360663807E-1,3.181952432E0,-6.966477978E-1,3.274611434E0
6.348901358E1,-1.070718741E-1,3.403582955E0,-5.162489158E-1,3.444176863E0
6.349903558E1,4.723380804E-2,3.576336603E0,-3.560346222E-1,3.594325414E0
6.350905658E1,3.037874115E-1,3.738240157E0,-2.440482364E-1,3.758495151E0
6.351907858E1,4.668446213E-1,3.891498018E0,-1.694061897E-1,3.923059926E0
6.352910058E1,6.568726981E-1,3.989105004E0,-1.022286985E-1,4.044118097E0
6.353912258E1,9.116253591E-1,4.027868536E0,-5.895162821E-3,4.129748235E0
6.354914358E1,1.069137654E0,4.158097723E0,-4.690168619E-2,4.293603587E0
6.355916558E1,1.234872889E0,4.261494037E0,-1.624677374E-1,4.439779076E0
6.356918758E1,1.505184991E0,4.179827145E0,-1.217594951E-1,4.444250465E0
6.357920958E1,1.814849439E0,4.015490565E0,-5.464332663E-2,4.406906949E0
6.358923158E1,1.938534422E0,3.848918009E0,-1.688061923E-1,4.312839097E0
6.359925258E1,1.963159971E0,3.688121917E0,-2.233648805E-1,4.184033009E0
6.360927458E1,2.123217559E0,3.567386270E0,-2.737175933E-1,4.160434944E0
6.361929658E1,2.327850811E0,3.498190320E0,-2.595041815E-1,4.209936737E0
6.362931858E1,2.448079505E0,3.529301015E0,-1.975108317E-1,4.299775511E0
6.363933958E1,2.622859213E0,3.513445120E0,-6.727755167E-2,4.384998670E0
6.364936158E1,2.904916617E0,3.435150318E0,8.744562171E-2,4.499604982E0
6.365938296E1,3.119472009E0,3.186270016E0,1.529555601E-1,4.461705686E0
6.366940496E1,3.302242522E0,2.708499872E0,3.673418947E-1,4.286690716E0
6.367942696E1,3.441024431E0,2.371055887E0,4.879776281E-1,4.207217290E0
6.368944796E1,3.415796034E0,2.107922997E0,4.551881969E-1,4.039578964E0
6.369946996E1,3.365237499E0,1.930109754E0,4.758832473E-1,3.908530664E0
6.370949196E1,3.387042351E0,1.910885863E0,5.790743244E-1,3.931776665E0
6.371951396E1,3.264868873E0,1.986486853E0,7.779556704E-1,3.900091512E0
6.372953496E1,3.074750749E0,1.764586773E0,9.558630538E-1,3.671720690E0
6.373955696E1,3.047765849E0,1.275840821E0,9.612027311E-1,3.441011067E0
6.374957896E1,3.273970649E0,6.159527135E-1,8.355905056E-1,3.434602313E0
6.375960096E1,3.453561446E0,-1.281165880E-1,6.529598144E-1,3.517080756E0
6.376962296E1,3.485139919E0,-6.890920258E-1,4.806072128E-1,3.584972994E0
6.377964396E1,3.353351864E0,-1.002973486E0,4.906369418E-1,3.534352720E0
6.378966596E1,3.245342681E0,-1.175530667E0,6.653692871E-1,3.515229403E0
6.379968796E1,3.321425482E0,-1.153877258E0,9.628633404E-1,3.645600879E0
6.380970996E1,3.194860160E0,-8.885528308E-1,1.303995164E0,3.563293556E0
6.381973196E1,2.793720701E0,-5.254641277E-1,1.516225703E0,3.221789610E0
6.382975296E1,2.306078119E0,-3.747427887E-1,1.554515610E0,2.806233638E0
6.383977496E1,1.941245191E0,-5.128622085E-1,1.556197854E0,2.540317362E0
6.384979696E1,1.918421170E0,-7.822744238E-1,1.174196844E0,2.381392720E0
6.385981896E1,2.047977927E0,-1.034684690E0,8.494436558E-1,2.446699925E0
6.386983996E1,1.833934751E0,-1.361744605E0,5.759278645E-1,2.355707525E0
6.387986196E1,1.599497071E0,-1.677748604E0,5.344507134E-1,2.378837704E0
6.388988396E1,1.268966249E0,-1.912939405E0,6.031320354E-1,2.373474407E0
6.389990596E1,9.851388931E-1,-2.019903690E0,7.167082791E-1,2.358851482E0
6.390992796E1,7.488827294E-1,-2.018809091E0,9.042881267E-1,2.335412706E0
6.391994896E1,4.636859554E-1,-1.838466343E0,1.109075453E0,2.196590886E0
6.392997096E1,1.394017142E-1,-1.466899762E0,1.286704947E0,1.956230398E0
6.393999296E1,-3.333222824E-1,-9.918450648E-1,1.433837850E0,1.775035593E0
6.395001496E1,-9.255241907E-1,-4.054500264E-1,1.426114848E0,1.747795271E0
6.396003596E1,-1.572273604E0,2.084713644E-1,1.184778769E0,1.979698292E0
6.397005796E1,-2.094270918E0,7.847951585E-1,7.918777446E-1,2.372539669E0
6.398007996E1,-2.620089387E0,1.173921513E0,3.807790156E-1,2.896196259E0
6.399010196E1,-2.993669164E0,1.444175727E0,-4.161463380E-2,3.324068347E0
6.400012396E1,-3.190768279E0,1.611081575E0,-4.672545842E-1,3.604845752E0
6.401014496E1,-3.275329542E0,1.613178386E0,-5.999927384E-1,3.700016135E0
6.402016696E1,-3.183048200E0,1.412258701E0,-4.864936048E-1,3.516098194E0
6.403018896E1,-3.069149702E0,1.125912949E0,-3.714285868E-1,3.290185261E0
6.404021096E1,-3.087944407E0,8.335211760E-1,-2.034823738E-1,3.204927969E0
6.405023296E1,-3.127021934E0,5.140883696E-1,-9.328516290E-2,3.170371453E0
6.406025396E1,-3.156517044E0,2.710622996E-1,-9.857820868E-3,3.168149585E0
6.407027596E1,-2.990856069E0,6.009885192E-2,6.616416872E-2,2.992191437E0
6.408029796E1,-2.790661438E0,-6.692664564E-2,1.199901277E-1,2.794041530E0
6.409031996E1,-2.658618445E0,-1.804596931E-1,3.297069490E-1,2.685055755E0
6.410034096E1,-2.571396114E0,-3.067285609E-1,8.271342623E-1,2.718512731E0
6.411036296E1,-2.575676275E0,-5.963341355E-1,1.384814063E0,2.984532236E0
6.412038496E1,-2.355191807E0,-8.596822035E-1,1.560899308E0,2.953369023E0
6.413040696E1,-1.969076183E0,-1.175961607E0,1.529797091E0,2.756886986E0
6.414042896E1,-1.383932449E0,-1.488850794E0,1.640781922E0,2.612299949E0
6.415044996E1,-1.057023393E0,-1.561155708E0,1.582920653E0,2.461735850E0
6.416047196E1,-9.303136450E-1,-1.407679746E0,1.331961227E0,2.149689851E0
6.417049396E1,-1.040693289E0,-1.240287703E0,1.086246753E0,1.949689236E0
6.418051596E1,-1.248298681E0,-1.114631039E0,8.873856535E-1,1.894229460E0
6.419053796E1,-1.119418446E0,-1.067549258E0,5.618624604E-1,1.645736462E0
6.420055896E1,-8.387538493E-1,-1.160376438E0,2.040339124E-1,1.446240414E0
6.421058096E1,-5.883363140E-1,-1.301656862E0,-5.783904925E-2,1.429613781E0
6.422060296E1,-4.175461614E-1,-1.438699810E0,-3.540255920E-1,1.539329744E0
6.423062496E1,-3.539483356E-1,-1.650589457E0,-4.336599914E-1,1.742924544E0
6.424064696E1,-4.319490230E-1,-1.901714505E0,-3.288076472E-1,1.977678560E0
6.425066796E1,-7.783439255E-1,-2.161570616E0,-4.288565037E-1,2.337118887E0
6.426068996E1,-1.158423468E0,-2.477967255E0,-8.084009528E-1,2.852328654E0
6.427071196E1,-1.139299564E0,-3.000757451E0,-1.336937938E0,3.477060803E0
6.428073396E1,-1.019704708E0,-3.582035591E0,-1.573669919E0,4.043168768E0
6.429075596E1,-1.261116947E0,-3.961060004E0,-1.390923380E0,4.383500902E0
6.430077696E1,-6.930979532E-1,-4.246399450E0,-1.368590525E0,4.515011969E0
6.431079896E1,-9.251756966E-2,-4.521405696E0,-1.284299549E0,4.701180097E0
6.432082096E1,2.494065517E-1,-4.479989868E0,-1.059497423E0,4.610319689E0
6.433084296E1,4.834062749E-1,-4.211712012E0,-6.487668492E-1,4.288717539E0
6.434086396E1,4.888780993E-1,-3.898628113E0,-2.591178998E-2,3.929246032E0
6.435088596E1,3.213197029E-1,-3.277994703E0,1.198959144E-1,3.295886930E0
6.436090796E1,2.855417597E-1,-2.609946222E0,1.915793431E-1,2.632499957E0
6.437092996E1,2.266421717E-1,-2.367272154E0,5.774370309E-1,2.447197918E0
6.438095196E1,2.981524497E-1,-2.421411524E0,8.546728939E-1,2.585071451E0
6.439097296E1,7.523659158E-1,-2.617223082E0,9.763557905E-1,2.892953812E0
6.440099496E1,1.188705028E0,-2.819342031E0,1.123979275E0,3.259607115E0
6.441101696E1,1.283142239E0,-2.761858054E0,1.367090129E0,3.338150586E0
6.442103896E1,1.227429383E0,-2.475926285E0,1.508159469E0,3.148227889E0
6.443106096E1,9.705483359E-1,-2.158974452E0,1.655028078E0,2.888295812E0
6.444108196E1,5.698064876E-1,-1.836945482E0,1.603311210E0,2.503927909E0
6.445110396E1,3.004246777E-1,-1.593482040E0,1.510715287E0,2.216235700E0
6.446112596E1,2.208873421E-1,-1.445831659E0,1.420403287E0,2.038814828E0
6.447114796E1,-4.023702979E-2,-1.226355835E0,1.163815185E0,1.691163338E0
6.448116996E1,-4.883343083E-1,-8.725080711E-1,9.813668543E-1,1.401007364E0
6.449119096E1,-9.322853261E-1,-3.781370974E-1,7.159664136E-1,1.234808284E0
6.450121296E1,-1.276719072E0,2.917924333E-1,5.996138388E-1,1.440378829E0
6.451123496E1,-1.514265132E0,8.937042278E-1,5.721546563E-1,1.849071953E0
6.452125696E1,-1.840259684E0,1.503982803E0,6.205668245E-1,2.456343453E0
6.453127896E1,-2.291281155E0,2.044630396E0,7.895724068E-1,3.170789708E0
6.454130096E1,-2.751048306E0,2.469355769E0,1.022549379E0,3.835569309E0
6.455132196E1,-3.103603250E0,2.664770300E0,1.053869990E0,4.224215412E0
6.456134396E1,-3.147531043E0,2.764198694E0,8.936363270E-1,4.283261838E0
6.457136596E1,-2.653510902E0,2.681834815E0,5.637563004E-1,3.814600798E0
6.458138796E1,-2.068379447E0,2.579720795E0,1.869191122E-1,3.311810935E0
6.459140896E1,-1.660349044E0,2.557520086E0,7.870469213E-2,3.050223331E0
6.460143096E1,-1.263423674E0,2.572821080E0,7.436898172E-2,2.867259743E0
6.461145296E1,-7.064863229E-1,2.759601029E0,-7.504550457E-2,2.849588144E0
6.462147496E1,-2.515495563E-1,3.007002570E0,-2.642267583E-1,3.029052231E0
6.463149696E1,3.539489204E-1,3.212450339E0,-4.975756864E-1,3.269969202E0
6.464151796E1,1.003087506E0,3.489470952E0,-8.443421064E-1,3.727667590E0
6.465154058E1,1.526105744E0,3.815027547E0,-1.067813918E0,4.245428187E0
6.466156258E1,2.158904285E0,4.094908032E0,-1.186553984E0,4.778812600E0
6.467158458E1,2.732081108E0,4.243398074E0,-1.322319168E0,5.217204460E0
6.468160658E1,3.256682771E0,4.265749056E0,-1.603015341E0,5.601094167E0
6.469162858E1,3.628141179E0,4.039510342E0,-1.811174317E0,5.723757911E0
6.470164958E1,3.769238001E0,3.717716430E0,-1.924132584E0,5.633014891E0
6.471167158E1,3.525769297E0,3.425362664E0,-1.988538056E0,5.302682539E0
6.472169358E1,3.312006787E0,3.037823828E0,-1.952391592E0,4.899958724E0
6.473171558E1,3.119229349E0,2.623122922E0,-1.791451074E0,4.451927959E0
6.474173758E1,2.868833449E0,2.126833477E0,-1.556717087E0,3.895766174E0
6.475175858E1,2.662605076E0,1.534687702E0,-1.255880765E0,3.319935034E0
6.476178058E1,2.680192916E0,9.610951424E-1,-9.613284463E-1,3.005210529E0
6.477180258E1,2.811790352E0,4.404350871E-1,-4.665598619E-1,2.884064173E0
6.478182458E1,2.877428271E0,7.588516474E-2,2.733105540E-2,2.878558494E0
6.479184658E1,2.936353002E0,-1.002505124E-1,3.110486300E-1,2.954483097E0
6.480186758E1,2.870380037E0,-1.957250190E-1,4.930400743E-1,2.918985844E0
6.481188958E1,2.656332183E0,-1.676203769E-1,5.664016539E-1,2.721214452E0
6.482191158E1,2.352222590E0,-6.264414489E-2,5.270001912E-1,2.411349126E0
6.483193358E1,1.974267926E0,6.659393907E-3,3.552422514E-1,2.005984858E0
6.484195558E1,1.718682622E0,8.993602395E-3,-3.997624397E-2,1.719171003E0
6.485197658E1,1.768259994E0,-1.437929732E-1,-3.245801103E-1,1.803544309E0
6.486199858E1,2.032073500E0,-4.762837815E-1,-4.709423500E-1,2.139615771E0
6.487202058E1,2.300888715E0,-7.050215954E-1,-4.436529560E-1,2.447033362E0
6.488204258E1,2.497372118E0,-7.796747518E-1,-3.019075316E-1,2.633611279E0
6.489206458E1,2.306605538E0,-6.023357177E-1,-6.189394712E-2,2.384757489E0
6.490208558E1,2.119290569E0,-3.032640857E-1,2.009435128E-1,2.150288333E0
6.491210758E1,1.862235274E0,-7.621260881E-3,3.642854820E-1,1.897546366E0
6.492212958E1,1.591968196E0,2.239121068E-1,5.925520103E-1,1.713364308E0
6.493215158E1,1.362728106E0,3.401962692E-1,7.330801906E-1,1.584350958E0
6.494217358E1,1.128079342E0,3.213705736E-1,7.751425018E-1,1.405947348E0
6.495219458E1,1.166044729E0,-6.472049117E-2,1.056372598E0,1.574729220E0
6.496221658E1,1.437523935E0,-6.827670926E-1,1.378611483E0,2.105520265E0
6.497223858E1,1.687050354E0,-1.305035384E0,1.347359285E0,2.522822486E0
6.498226058E1,1.894148208E0,-1.948042579E0,1.337652907E0,3.028528128E0
6.499228258E1,2.051143025E0,-2.455840514E0,1.283383729E0,3.447522898E0
6.500230458E1,2.032814342E0,-2.681613790E0,1.170469317E0,3.562777721E0
6.501232558E1,1.707326744E0,-2.455149958E0,1.175354081E0,3.213126693E0
6.502234758E1,1.178505145E0,-1.973386751E0,1.208086209E0,2.596652063E0
6.503236958E1,5.438021654E-1,-1.428938468E0,1.201118667E0,1.944292157E0
6.504239158E1,-2.987751782E-2,-9.442387891E-1,1.124072830E0,1.468338954E0
6.505241358E1,-6.224817145E-1,-4.755809462E-1,9.834120642E-1,1.257282788E0
6.506243458E1,-1.138901954E0,-9.676147878E-2,7.699203535E-1,1.378128367E0
6.507245658E1,-1.600770594E0,2.116528344E-1,5.337724364E-1,1.700640007E0
6.508247858E1,-2.113294834E0,5.061841035E-1,3.593673889E-1,2.202585372E0
6.509250058E1,-2.508882362E0,7.424519616E-1,1.195211810E-1,2.619162258E0
6.510252258E1,-2.781939731E0,8.532929510E-1,-5.826151058E-2,2.910445315E0
6.511254358E1,-3.069918026E0,8.735637859E-1,-2.719387972E-1,3.203351539E0
6.512256558E1,-3.181605692E0,8.423528105E-1,-5.300636937E-1,3.333637736E0
6.513258758E1,-3.264341455E0,7.887505075E-1,-7.212623830E-1,3.434861266E0
6.514260958E1,-3.309183751E0,7.058735347E-1,-8.262579109E-1,3.483052782E0
6.515263158E1,-3.326921865E0,5.381566787E-1,-8.128284645E-1,3.466801381E0
6.516265358E1,-3.232244334E0,2.735558447E-1,-7.154430878E-1,3.321760835E0
6.517267458E1,-3.080199185E0,-5.853735298E-2,-6.734663652E-1,3.153507664E0
6.518269658E1,-2.840235887E0,-4.177788806E-1,-6.167023265E-1,2.936290320E0
6.519271858E1,-2.627525876E0,-8.660632700E-1,-4.908073881E-1,2.809777519E0
6.520274058E1,-2.533834770E0,-1.275750481E0,-3.496705127E-1,2.858343471E0
6.521276258E1,-2.432994273E0,-1.565807168E0,-2.268339604E-1,2.902183121E0
6.522278358E1,-2.343071113E0,-1.849918699E0,-1.531169432E-1,2.989251785E0
6.523280558E1,-2.067214097E0,-2.185433688E0,-6.686656550E-2,3.008980834E0
6.524282758E1,-1.850090607E0,-2.518822628E0,1.993768975E-2,3.125332014E0
6.525284958E1,-1.705448619E0,-2.830943491E0,6.253538668E-2,3.305556945E0
6.526287158E1,-1.592065260E0,-3.106365475E0,1.284082179E-1,3.492945308E0
6.527289258E1,-1.546880316E0,-3.357813290E0,1.210309321E-1,3.698972464E0
6.528291458E1,-1.568141962E0,-3.608961142E0,3.228554741E-2,3.935061892E0
6.529293658E1,-1.725568303E0,-3.774917986E0,-7.205129161E-2,4.151238750E0
6.530295858E1,-1.942681852E0,-3.912356498E0,-2.228889902E-1,4.373811341E0
6.531298058E1,-2.178531634E0,-3.974058949E0,-4.720427960E-1,4.556530370E0
6.532300158E1,-2.395368025E0,-3.985697247E0,-7.065214062E-1,4.703482010E0
6.533302358E1,-2.549750306E0,-3.860636414E0,-9.604572111E-1,4.725274404E0
6.534304558E1,-2.605683601E0,-3.682165359E0,-1.165523157E0,4.659009872E0
6.535306758E1,-2.561406146E0,-3.439669339E0,-1.220458333E0,4.458883845E0
6.536308958E1,-2.625244877E0,-3.146289094E0,-1.165426093E0,4.260195266E0
6.537311158E1,-2.623143972E0,-2.898241143E0,-1.110274278E0,4.063667678E0
6.538313258E1,-2.432590815E0,-2.824039392E0,-1.218629909E0,3.921448127E0
6.539315458E1,-2.161356023E0,-3.121625246E0,-1.088392535E0,3.949759783E0
6.540317658E1,-1.725492874E0,-3.699365236E0,-7.792835730E-1,4.155708326E0
6.541319858E1,-1.167649789E0,-4.376938539E0,-5.299343240E-1,4.560902037E0
6.542322058E1,-6.239768475E-1,-4.864175910E0,-1.772519106E-1,4.907236761E0
6.543324158E1,-2.773463023E-1,-4.816112674E0,-1.517352462E-2,4.824115722E0
6.544326358E1,7.438418448E-2,-4.840476560E0,2.481226493E-1,4.847402519E0
6.545328558E1,3.971902496E-1,-4.604302550E0,6.972804666E-1,4.673709674E0
6.546330758E1,3.600615996E-1,-3.952378935E0,8.381661310E-1,4.056287227E0
6.547332958E1,2.714780366E-1,-3.311261267E0,9.839828986E-1,3.465021479E0
6.548335158E1,1.931750482E-1,-2.870388224E0,1.111851418E0,3.084259835E0
6.549337258E1,4.763621342E-1,-2.695146001E0,1.208048641E0,2.991674175E0
6.550339458E1,1.086511486E0,-2.798082724E0,1.375923372E0,3.301959913E0
6.551341658E1,1.868467821E0,-2.791641431E0,1.430947571E0,3.651307277E0
6.552343858E1,2.466236864E0,-2.586480761E0,1.438364764E0,3.852414852E0
6.553346058E1,2.911432754E0,-2.272417452E0,1.541410246E0,4.002032896E0
6.554348158E1,2.921899270E0,-2.021422212E0,1.582643641E0,3.889524906E0
6.555350358E1,2.817611255E0,-1.556554534E0,1.380531709E0,3.502522377E0
6.556352558E1,2.617664546E0,-1.107304770E0,1.218331189E0,3.092349013E0
6.557354758E1,2.381409552E0,-7.510146242E-1,1.158481940E0,2.752674123E0
6.558356958E1,2.238065645E0,-3.368446451E-1,7.570384258E-1,2.386526624E0
6.559359058E1,1.941621167E0,2.844810748E-1,2.658144967E-1,1.980272604E0
6.560361258E1,1.445408320E0,9.874467891E-1,-8.058223307E-2,1.752355521E0
6.561363458E1,8.454489112E-1,1.750697297E0,-4.345498645E-1,1.992124110E0
6.562365658E1,1.687026966E-1,2.562798368E0,-6.941931367E-1,2.660507505E0
6.563367858E1,-3.574864858E-1,3.209823185E0,-8.389444685E-1,3.336853202E0
6.564370058E1,-7.281087416E-1,3.747986296E0,-8.528532404E-1,3.912148037E0
6.565372146E1,-1.078717732E0,4.130357947E0,-8.453195415E-1,4.351787431E0
6.566374346E1,-1.168361980E0,4.436036932E0,-9.985259472E-1,4.694736143E0
6.567376546E1,-1.106207247E0,4.646838412E0,-1.078787168E0,4.896997392E0
6.568378746E1,-1.017561704E0,4.782801379E0,-1.204442809E0,5.036000728E0
6.569380946E1,-1.107701211E0,4.963664530E0,-1.224761299E0,5.231157403E0
6.570383046E1,-8.600885850E-1,5.042775019E0,-1.327533131E0,5.285042713E0
6.571385246E1,-4.719422239E-1,5.017446050E0,-1.192677773E0,5.178800498E0
6.572387446E1,-1.260805875E-1,4.990654693E0,-1.137068925E0,5.120103155E0
6.573389646E1,3.216529942E-1,4.913575526E0,-9.856435809E-1,5.021770442E0
6.574391846E1,9.510589814E-1,4.703423088E0,-7.406668067E-1,4.855439140E0
6.575393946E1,1.631606471E0,4.502691683E0,-4.688269736E-1,4.812085909E0
6.576396146E1,2.164003642E0,4.305848091E0,-2.430259238E-1,4.825173691E0
6.577398346E1,2.603266363E0,4.138521829E0,-3.115513444E-2,4.889307653E0
6.578400546E1,2.987517309E0,4.021769305E0,2.678068623E-2,5.010050420E0
6.579402746E1,3.011539425E0,3.933167031E0,5.962632380E-2,4.954061757E0
6.580404946E1,2.990320464E0,3.726625248E0,9.165035449E-2,4.778927913E0
6.581407046E1,3.078736212E0,3.492647159E0,2.484299205E-2,4.655944374E0
6.582409246E1,3.214313847E0,3.198528703E0,-4.092422381E-2,4.534762857E0
6.583411446E1,3.286813474E0,2.889205733E0,-1.388450593E-1,4.378347922E0
6.584413646E1,3.213061373E0,2.540206481E0,-1.077051276E-1,4.097317750E0
6.585415846E1,3.152349733E0,2.062066208E0,-9.127503633E-3,3.766896494E0
6.586417946E1,3.302321459E0,1.584624678E0,7.270837247E-2,3.663556864E0
6.587420146E1,3.305999358E0,1.121907606E0,2.365139528E-1,3.499178086E0
6.588422346E1,3.461334150E0,7.803015733E-1,3.033178800E-1,3.561138354E0
6.589424546E1,3.529877551E0,4.599530929E-1,3.784611793E-1,3.579780054E0
6.590426746E1,3.565988200E0,1.012521404E-1,5.312733364E-1,3.606767971E0
6.591428846E1,3.539614919E0,-1.698604453E-1,5.587107380E-1,3.587462060E0
6.592431046E1,3.530262882E0,-5.050093979E-1,5.976981448E-1,3.615941590E0
6.593433246E1,3.675525845E0,-8.243316919E-1,5.177189058E-1,3.802242213E0
6.594435446E1,3.601546873E0,-1.091884493E0,3.149919923E-1,3.776581997E0
6.595437646E1,3.457978433E0,-1.244266441E0,1.391672409E-1,3.677659764E0
6.596439846E1,3.013563731E0,-1.196149703E0,5.790102974E-2,3.242790928E0
6.597441946E1,2.646880744E0,-9.718212748E-1,-2.596317239E-1,2.831576044E0
6.598444146E1,2.320353511E0,-8.136985302E-1,-4.794032711E-1,2.505189256E0
6.599446346E1,2.055958207E0,-7.195104110E-1,-6.562232186E-1,2.274925997E0
6.600448546E1,1.936846331E0,-7.122066540E-1,-6.700600697E-1,2.169698717E0
6.601450746E1,1.954204960E0,-8.977779830E-1,-4.716827537E-1,2.201682755E0
6.602452846E1,2.036427337E0,-1.286284533E0,-1.499506760E-1,2.413306736E0
6.603455046E1,2.371050625E0,-1.667876165E0,2.055718763E-1,2.906191969E0
6.604457246E1,2.627917054E0,-1.930483391E0,3.536684002E-1,3.279907850E0
6.605459446E1,2.624319263E0,-2.012541461E0,6.080585338E-1,3.362604631E0
6.606461646E1,2.407295761E0,-1.995471684E0,6.542677635E-1,3.194533836E0
6.607463746E1,2.189379389E0,-1.950339950E0,7.246711636E-1,3.020323877E0
6.608465946E1,1.940306128E0,-1.950106646E0,7.864779872E-1,2.861162601E0
6.609468146E1,1.710409981E0,-1.783935794E0,7.790971930E-1,2.591316588E0
6.610470346E1,1.348327584E0,-1.563346075E0,7.347258894E-1,2.191314755E0
6.611472546E1,9.813083822E-1,-1.171041175E0,7.527277122E-1,1.703203623E0
6.612474746E1,4.095027316E-1,-7.047456068E-1,6.591531122E-1,1.048256497E0
6.613476846E1,2.405544519E-2,-2.365496939E-1,4.900783865E-1,5.447120772E-1
6.614479046E1,-3.751819146E-1,1.897415632E-1,2.618581975E-1,4.953110592E-1
6.615481246E1,-9.115253717E-1,5.312324059E-1,-3.706140697E-2,1.055679838E0
6.616483446E1,-1.572836691E0,8.271623290E-1,-2.775587024E-1,1.798624922E0
6.617485646E1,-2.418970896E0,1.182350274E0,-3.477479482E-1,2.714829829E0
6.618487746E1,-3.275665172E0,1.693326756E0,-3.015662004E-1,3.699767560E0
6.619489946E1,-3.961609642E0,2.239262570E0,-2.724972063E-1,4.558826882E0
6.620492146E1,-4.066117512E0,2.538074293E0,-1.535959764E-1,4.795698538E0
6.621494346E1,-3.942530177E0,2.437337000E0,-4.960017622E-2,4.635365792E0
6.622496546E1,-3.858251919E0,2.095470474E0,1.088079125E-1,4.391917980E0
6.623498646E1,-4.025199866E0,1.826114392E0,4.446164310E-2,4.420283314E0
6.624500846E1,-4.140858377E0,1.393448208E0,-5.409259200E-2,4.369362884E0
6.625503046E1,-4.010416936E0,9.491738391E-1,2.183481887E-2,4.121268219E0
6.626505246E1,-3.642622978E0,3.635067791E-1,-2.178339261E-1,3.667191154E0
6.627507446E1,-3.043567548E0,-1.402583313E-1,-5.132316063E-1,3.089722075E0
6.628509546E1,-2.650815336E0,-5.483714721E-1,-6.186823399E-1,2.776742885E0
6.629511746E1,-2.351005785E0,-9.007457373E-1,-3.666954120E-1,2.544216305E0
6.630513946E1,-1.946401851E0,-1.224544075E0,1.168593822E-1,2.302530015E0
6.631516146E1,-1.653568613E0,-1.506933016E0,4.798755799E-1,2.288103329E0
6.632518346E1,-1.531574644E0,-1.853204834E0,8.060018402E-1,2.535690836E0
6.633520546E1,-1.435846953E0,-2.258956285E0,1.061968968E0,2.879638529E0
6.634522646E1,-1.187305790E0,-2.685093760E0,9.978122945E-1,3.100814879E0
6.635524846E1,-1.068074630E0,-3.073441266E0,7.513261347E-1,3.339358560E0
6.636527046E1,-1.126592395E0,-3.318813238E0,5.243202661E-1,3.543817642E0
6.637529246E1,-1.325484851E0,-3.399821734E0,1.895736019E-1,3.653989061E0
6.638531446E1,-1.427808786E0,-3.496901008E0,-5.998717010E-2,3.777638555E0
6.639533546E1,-1.295410282E0,-3.512546696E0,-1.736821854E-1,3.747831051E0
6.640535746E1,-1.204486079E0,-3.487088504E0,-3.143024594E-1,3.702615154E0
6.641537946E1,-1.188249530E0,-3.428071971E0,-3.696608274E-1,3.646952634E0
6.642540146E1,-1.298683553E0,-3.213470094E0,-3.772980219E-1,3.486448452E0
6.643542346E1,-1.369922521E0,-3.076794059E0,-3.581669556E-1,3.386979918E0
6.644544446E1,-1.354879389E0,-2.892992097E0,-3.229462521E-1,3.210824772E0
6.645546646E1,-1.387095793E0,-2.685502773E0,-4.760469693E-1,3.059833427E0
6.646548846E1,-1.246064460E0,-2.519232518E0,-6.467511678E-1,2.884006968E0
6.647551046E1,-1.153211260E0,-2.537018871E0,-8.259374835E-1,2.906636147E0
6.648553246E1,-1.042945052E0,-2.632431397E0,-8.361011137E-1,2.952370999E0
6.649555346E1,-9.060570556E-1,-2.751561399E0,-7.725212681E-1,2.998135860E0
6.650557546E1,-7.955207062E-1,-2.884431774E0,-7.195829165E-1,3.077433903E0
6.651559746E1,-7.035644692E-1,-2.702763169E0,-6.065476133E-1,2.857941867E0
6.652561946E1,-6.691027343E-1,-2.374699580E0,-5.738890135E-1,2.533030826E0
6.653564146E1,-7.247577024E-1,-1.969790128E0,-5.020419359E-1,2.158099391E0
6.654566246E1,-4.564593816E-1,-1.555556707E0,-2.870493181E-1,1.646362398E0
6.655568446E1,-1.245907170E-1,-1.336345762E0,-6.690793455E-2,1.343807841E0
6.656570646E1,1.739570045E-1,-1.397742696E0,2.092396885E-1,1.423982770E0
6.657572846E1,6.086992425E-1,-1.666297124E0,6.333996356E-1,1.883681494E0
6.658575046E1,1.205025192E0,-2.165164899E0,8.900327611E-1,2.632903923E0
6.659577246E1,1.855140263E0,-2.710779701E0,1.158818155E0,3.483207071E0
6.660579346E1,2.394924222E0,-3.085396775E0,1.458975761E0,4.169405900E0
6.661581546E1,2.794774370E0,-3.049384359E0,1.421929411E0,4.373944672E0
6.662583746E1,2.910984857E0,-2.654766007E0,8.305449432E-1,4.026340807E0
6.663585946E1,2.805991668E0,-2.152779912E0,2.415265515E-2,3.536754719E0
6.664588146E1,2.242836388E0,-1.841708039E0,-2.118563175E-1,2.909825882E0
6.665590171E1,1.595516871E0,-1.729539147E0,-2.729993360E-1,2.368862255E0
6.666592371E1,1.017395058E0,-1.483540353E0,-3.902326477E-1,1.840724369E0
6.667594571E1,5.593890882E-1,-1.156783324E0,-6.664362578E-1,1.447480948E0
6.668596771E1,1.041646385E-1,-7.972929972E-1,-7.366282079E-1,1.090480404E0
6.669598971E1,8.180722475E-2,-4.950498354E-1,-5.990502403E-1,7.814268693E-1
6.670601071E1,3.188907695E-1,-7.563782752E-2,-3.929341344E-1,5.116733702E-1
6.671603271E1,4.804657102E-3,5.201852614E-1,-8.069742322E-2,5.264293542E-1
6.672605471E1,-5.510913044E-1,1.398603698E0,9.227812618E-2,1.506090695E0
6.673607671E1,-1.437410499E0,2.222929543E0,1.336924928E-1,2.650554353E0
6.674609871E1,-1.885986080E0,2.972422721E0,2.249200206E-1,3.527439488E0
6.675611971E1,-1.809914389E0,3.682933683E0,2.414047833E-1,4.110725833E0
6.676614171E1,-1.674765354E0,4.101058719E0,7.474203408E-2,4.430474916E0
6.677616371E1,-1.700496027E0,4.298277116E0,-7.844989970E-2,4.623097154E0
6.678618571E1,-1.843948692E0,4.266289338E0,-7.832637727E-2,4.648387518E0
6.679620771E1,-1.862404259E0,4.241505330E0,-1.610311496E-1,4.635175091E0
6.680622871E1,-1.810343574E0,4.075800501E0,-2.886986715E-1,4.469098400E0
6.681625071E1,-1.240992585E0,4.005958434E0,-4.016054821E-1,4.212962441E0
6.682627271E1,-9.372121900E-1,3.881628503E0,-4.617324007E-1,4.019776528E0
6.683629471E1,-8.365833628E-1,3.772371524E0,-5.042353727E-1,3.896782256E0
6.684631671E1,-8.167034143E-1,3.421508764E0,-2.657514198E-1,3.527655100E0
6.685633871E1,-5.341688776E-1,3.645567051E0,-2.795039248E-1,3.695080237E0
6.686635971E1,-1.682635707E-1,2.765734173E0,4.692460728E-1,2.810300700E0
6.687638171E1,9.357591569E-2,2.641453943E0,1.445736203E0,3.012671332E0
6.688640371E1,-1.086985695E-1,2.795457909E0,7.507649481E-1,2.896558010E0
6.689642571E1,-4.338049293E-2,2.798594356E0,1.765590155E-1,2.804493773E0
6.690644771E1,2.354229355E-1,2.904378673E0,-3.807005167E-2,2.914153181E0
6.691646871E1,1.040890340E0,2.795311729E0,-3.469796240E-2,2.983022680E0
6.692649071E1,2.258565983E0,2.732800316E0,4.583315139E-1,3.574826659E0
6.693651271E1,3.183372720E0,2.618062157E0,8.562200671E-1,4.209658435E0
6.694653471E1,3.820955454E0,2.375665832E0,1.255815861E0,4.671248463E0
6.695655671E1,4.615016111E0,1.738840605E0,2.002357950E0,5.322722772E0
6.696657771E1,5.030240343E0,9.524061799E-1,2.970611839E0,5.919031182E0
6.697659971E1,4.936906502E0,4.631003568E-1,3.416110615E0,6.021405108E0
6.698662171E1,4.644755634E0,2.466221076E-1,3.059034603E0,5.567070151E0
6.699664371E1,4.221583866E0,1.070999408E-1,2.218176341E0,4.770067821E0
6.700666571E1,4.057994560E0,-1.782395053E-1,1.685189186E0,4.397607504E0
6.701668671E1,4.359536641E0,-4.024316937E-1,1.078112546E0,4.508862124E0
6.702670871E1,4.251093010E0,-7.413865989E-1,2.413467497E-1,4.322001171E0
6.703673071E1,3.240483060E0,-1.111674102E0,-3.892245877E-1,3.447904516E0
6.704675271E1,2.299975380E0,-5.647819752E-1,-6.343404526E-1,2.451785724E0
6.705677471E1,1.690710711E0,-5.579956967E-1,-6.917872998E-1,1.910086798E0
6.706679671E1,1.503954737E0,-5.314806202E-1,-1.016071833E0,1.891230676E0
6.707681771E1,8.493530971E-1,-4.816696519E-1,-1.584371493E0,1.861085534E0
6.708683971E1,-4.538035762E-1,-8.787932432E-1,-1.280026258E0,1.617616293E0
6.709686171E1,-1.174342512E0,-1.307825383E0,-6.698944473E-1,1.881022631E0
6.710688371E1,-1.128264699E0,-1.596004821E0,-1.977656972E-1,1.964516198E0
6.711690471E1,-6.634689420E-1,-1.968331541E0,3.176324487E-1,2.101287811E0
6.712692671E1,-1.993847913E-1,-2.386520896E0,5.033037651E-1,2.447151601E0
6.713694871E1,6.949883580E-2,-2.668928840E0,4.124374491E-1,2.701502525E0
6.714697071E1,2.706594265E-1,-2.833030363E0,4.821999943E-1,2.886491711E0
6.715699271E1,4.557863671E-1,-2.766958288E0,7.609373492E-1,2.905653976E0
6.716701471E1,7.621506464E-1,-2.366798822E0,9.425793493E-1,2.659147627E0
6.717703571E1,8.275868368E-1,-2.000391532E0,1.332645936E0,2.542127346E0
6.718705771E1,4.164831376E-1,-1.509627413E0,1.413080819E0,2.109319922E0
6.719707971E1,-1.638079923E-1,-6.728788662E-1,1.328141241E0,1.497851189E0
6.720710171E1,-1.038956081E0,-1.295910804E0,3.668607420E-1,1.701000104E0
6.721712371E1,-1.666876291E0,-1.344081628E0,-3.924733007E-1,2.176939890E0
6.722714471E1,-2.434264873E0,-6.328131598E-1,-1.041733509E0,2.722371516E0
6.723716671E1,-3.075459432E0,-4.597256362E-1,-1.834192028E0,3.610271288E0
6.724718871E1,-3.546867805E0,-4.312251377E-1,-2.593780425E0,4.415192322E0
6.725721071E1,-3.601762635E0,-6.227571183E-1,-3.372702640E0,4.973494104E0
6.726723271E1,-3.605524734E0,-8.218039405E-1,-3.453242773E0,5.059649787E0
6.727725371E1,-3.540769159E0,-1.037603328E0,-3.223214478E0,4.899263055E0
6.728727571E1,-3.466572670E0,-1.088974918E0,-2.741017992E0,4.551502179E0
6.729729771E1,-3.346145171E0,-9.227099258E-1,-2.151526853E0,4.083766511E0
6.730731971E1,-2.934309400E0,-7.698169309E-1,-1.692552584E0,3.473834195E0
6.731734171E1,-2.554422231E0,-8.404103655E-1,-1.217006721E0,2.951688987E0
6.732736271E1,-2.223261665E0,-5.436855134E-1,-8.366161072E-1,2.436885897E0
6.733738471E1,-1.840676005E0,-2.859215364E-1,-4.703921270E-1,1.921225660E0
6.734740671E1,-1.529556186E0,-1.099525049E-1,-2.882595456E-1,1.560360613E0
6.735742871E1,-1.188059496E0,1.556935188E-1,-2.516039354E-1,1.224348961E0
6.736745071E1,-1.031792657E0,4.772699144E-1,-2.294915199E-1,1.159762483E0
6.737747171E1,-9.823035783E-1,6.429893616E-1,-4.303316832E-2,1.174822324E0
6.738749371E1,-7.641539025E-1,5.685548910E-1,5.309271812E-2,9.539416584E-1
6.739751571E1,-5.899366969E-1,2.654825941E-1,1.991947567E-1,6.768935405E-1
6.740753771E1,-5.084931690E-1,2.580639392E-2,3.200812626E-1,6.014011037E-1
6.741755971E1,-4.182636148E-1,-4.020399302E-2,4.932781291E-1,6.479846643E-1
6.742758071E1,-3.367966980E-1,-5.223440534E-1,5.997138262E-1,8.636735490E-1
6.743760271E1,-3.410388529E-2,-4.772327846E-1,7.248179287E-1,8.684902046E-1
6.744762471E1,2.512063247E-1,-6.811918527E-1,9.730287248E-1,1.214047716E0
6.745764671E1,1.016246080E-1,-7.372201654E-1,1.104474717E0,1.331797858E0
6.746766871E1,-1.493495822E-1,-3.202949783E-1,9.389271784E-1,1.003233979E0
6.747768971E1,-1.599950230E-1,-5.114530295E-2,9.205739379E-1,9.357727419E-1
6.748771171E1,7.066827893E-2,1.654829273E-1,8.239925534E-1,8.434111292E-1
6.749773371E1,3.124336892E-1,3.470389733E-1,6.916332257E-1,8.345102624E-1
6.750775571E1,5.507422256E-1,3.051945439E-1,3.783639693E-1,7.345883215E-1
6.751777771E1,5.007099402E-1,4.838395536E-1,4.287236989E-1,8.176889187E-1
6.752779871E1,6.034975594E-1,8.896600011E-1,1.247100002E-1,1.082246185E0
6.753782071E1,1.043260801E0,7.758807859E-1,2.563249773E-1,1.325174173E0
6.754784271E1,1.206553654E0,8.514004996E-1,7.340764099E-1,1.649097543E0
6.755786471E1,1.522095138E0,9.497427732E-1,1.186787726E0,2.151104380E0
6.756788671E1,1.925467064E0,8.169834960E-1,1.902412663E0,2.827376768E0
6.757790771E1,2.358401343E0,8.562183130E-1,2.695020871E0,3.682160261E0
6.758792971E1,2.772839710E0,1.169369748E0,3.344303883E0,4.498936999E0
6.759795171E1,2.466071388E0,1.795515328E0,3.805218258E0,4.876993887E0
6.760797371E1,2.022477050E0,2.307999221E0,4.006531461E0,5.046738369E0
6.761799471E1,1.853584903E0,2.486309478E0,4.179656407E0,5.204521063E0
6.762801671E1,1.897226182E0,2.248201209E0,4.290244212E0,5.201929570E0
6.763803871E1,2.344419481E0,1.645544625E0,4.415976305E0,5.263550754E0
6.764806071E1,2.811530735E0,6.000238748E-1,4.289136164E0,5.163470031E0
6.765808308E1,3.131671640E0,-6.308904491E-1,4.138692568E0,5.228208698E0
6.766810408E1,3.271314844E0,-1.349140639E0,3.663064259E0,5.093105245E0
6.767812608E1,3.211421229E0,-1.668835839E0,3.001547118E0,4.701863936E0
6.768814808E1,2.950310306E0,-1.786036699E0,2.402035605E0,4.202860102E0
6.769817008E1,2.690954132E0,-1.697747982E0,1.691374955E0,3.603377803E0
6.770819208E1,2.423044066E0,-1.778896664E0,8.304952419E-1,3.118547456E0
6.771821308E1,1.980896330E0,-1.843631627E0,1.378130257E-2,2.706125971E0
6.772823508E1,1.457703846E0,-1.580008740E0,-6.898638582E-1,2.257706859E0
6.773825708E1,1.108663663E0,-1.528546664E0,-1.290793321E0,2.287299153E0
6.774827908E1,7.661466336E-1,-1.360521952E0,-1.524077929E0,2.181929004E0
6.775830108E1,4.225478697E-1,-1.189278275E0,-1.535305168E0,1.987483705E0
6.776832208E1,1.690196157E-1,-1.227637544E0,-1.436336365E0,1.897030238E0
6.777834408E1,-2.299008250E-1,-9.526087128E-1,-1.315565050E0,1.640435658E0
6.778836608E1,-6.408179981E-1,-7.754087694E-1,-9.835578060E-1,1.406873279E0
6.779838808E1,-7.447200966E-1,-6.589373499E-1,-8.408366275E-1,1.302233730E0
6.780841008E1,-8.937410653E-1,-4.966691853E-1,-7.100385064E-1,1.244832540E0
6.781843108E1,-9.619611150E-1,-2.402684500E-1,-8.451898795E-1,1.302859949E0
6.782845308E1,-9.663441879E-1,-1.566962249E-1,-1.131487100E0,1.496207824E0
6.783847508E1,-1.041798413E0,-1.209701210E-2,-1.557660828E0,1.873979062E0
6.784849708E1,-1.140502921E0,-1.493601803E-2,-1.947784132E0,2.257173681E0
6.785851808E1,-1.158215892E0,-1.313581016E-1,-2.380284548E0,2.650372338E0
6.786854008E1,-1.254381539E0,-1.245855276E-1,-2.826146436E0,3.094527149E0
6.787856208E1,-1.379636500E0,-9.431536920E-2,-3.108874515E0,3.402556835E0
6.788858408E1,-1.367812260E0,9.877949908E-2,-3.309989498E0,3.582833829E0
6.789860608E1,-1.355602689E0,2.110311292E-2,-3.303580365E0,3.570958865E0
6.790862708E1,-1.157977910E0,1.016626149E-2,-3.233313789E0,3.434433615E0
6.791864908E1,-1.010690641E0,1.090138806E-1,-2.951472148E0,3.121628972E0
6.792867108E1,-8.824863446E-1,3.207045758E-1,-2.876467574E0,3.025838607E0
6.793869308E1,-9.816574609E-1,2.880850062E-1,-2.674926914E0,2.863892166E0
6.794871508E1,-8.149229372E-1,1.860006608E-1,-2.437180880E0,2.576537653E0
6.795873608E1,-7.987612331E-1,2.970077111E-1,-2.299447376E0,2.452282880E0
6.796875808E1,-8.654083818E-1,9.446527719E-2,-1.835201257E0,2.031211218E0
6.797878008E1,-4.981927139E-1,-2.771450119E-1,-1.455119961E0,1.562811389E0
6.798880208E1,3.384894669E-2,-4.250532554E-1,-8.248766524E-1,9.285674519E-1
6.799882408E1,2.480359644E-1,-6.965397705E-1,-6.148873508E-2,7.419368949E-1
6.800884508E1,6.663954735E-1,-6.864794898E-1,6.760597515E-1,1.171492127E0
6.801886708E1,8.202134979E-1,-3.395574608E-1,1.135426953E0,1.441264659E0
6.802888908E1,8.341006351E-1,4.546028906E-1,1.259845178E0,1.577845851E0
6.803891108E1,9.452655602E-1,4.414156651E-1,1.637991046E0,1.942006549E0
6.804893208E1,1.301629965E0,2.123015830E-1,1.875727724E0,2.292960319E0
6.805895408E1,1.558369510E0,2.200014889E-3,2.042326008E0,2.568971758E0
6.806897608E1,1.869811512E0,-3.839103457E-1,2.128522153E0,2.859053829E0
6.807899808E1,2.035764847E0,-6.848735520E-1,2.322292448E0,3.163294566E0
6.808902008E1,1.998314016E0,-7.747239143E-1,2.368729865E0,3.194422831E0
6.809904108E1,1.907558212E0,-6.346257967E-1,2.646104234E0,3.323160521E0
6.810906308E1,1.780422495E0,-3.553899667E-1,3.161417010E0,3.645649983E0
6.811908508E1,1.773483312E0,-1.400785294E-1,3.717555047E0,4.121295983E0
6.812910708E1,1.863123174E0,-9.257808834E-2,4.224260137E0,4.617810344E0
6.813912908E1,1.904710034E0,-6.386124283E-2,4.463418274E0,4.853256768E0
6.814915008E1,1.985367111E0,-1.899891928E-1,4.552098901E0,4.969847368E0
6.815917208E1,2.154293756E0,-4.678099966E-1,4.468462667E0,4.982668601E0
6.816919408E1,2.101920245E0,-5.767921561E-1,4.305402533E0,4.825686364E0
6.817921608E1,2.074186901E0,-7.486780769E-1,4.125187839E0,4.677600332E0
6.818923808E1,2.167483905E0,-7.979730284E-1,3.908120483E0,4.539620374E0
6.819925908E1,2.102754643E0,-6.778832057E-1,3.888457466E0,4.472270586E0
6.820928108E1,2.262446488E0,-6.627248839E-1,4.064379135E0,4.698621727E0
6.821930308E1,2.236145419E0,-5.257868940E-1,4.028768422E0,4.637647377E0
6.822932508E1,2.089187056E0,-3.304729342E-1,3.734111438E0,4.291561854E0
6.823934608E1,1.889438276E0,-2.712160814E-1,3.338436202E0,3.845606771E0
6.824936808E1,1.688350775E0,-3.817243642E-1,2.577375476E0,3.104690995E0
6.825939008E1,1.534676300E0,-4.940406060E-1,1.659943247E0,2.314026588E0
6.826941208E1,1.243694583E0,-6.117093891E-1,7.817013967E-1,1.591232751E0
6.827943408E1,1.054192756E0,-9.008015782E-1,-1.386287123E-1,1.393550778E0
6.828945508E1,8.854669628E-1,-1.303310455E0,-9.609887230E-1,1.845580995E0
6.829947708E1,7.623576379E-1,-1.714993029E0,-1.700762075E0,2.532781454E0
6.830949908E1,5.893765336E-1,-2.244981147E0,-2.280464975E0,3.253893906E0
6.831952108E1,4.211986247E-1,-2.429251471E0,-2.566099706E0,3.558586614E0
6.832954208E1,1.789666066E-1,-2.388358383E0,-2.610476564E0,3.542721088E0
6.833956408E1,-1.406840086E-2,-2.368362075E0,-2.623427562E0,3.534361189E0
6.834958608E1,-9.814171404E-2,-2.243871930E0,-2.602165332E0,3.437420174E0
6.835960808E1,-4.142649963E-2,-2.244660135E0,-2.497096714E0,3.357931994E0
6.836963008E1,1.402641785E-1,-2.228917676E0,-2.353730003E0,3.244656064E0
6.837965108E1,6.087083057E-1,-2.409131202E0,-2.370595711E0,3.434263090E0
6.838967308E1,4.386382377E-1,-2.462987566E0,-2.375547134E0,3.449918178E0
6.839969508E1,2.629978198E-1,-2.227424297E0,-2.403549449E0,3.287497043E0
6.840971708E1,5.825367531E-1,-2.747744629E0,-1.624623726E0,3.244819235E0
6.841973908E1,8.198274355E-1,-2.839144796E0,-1.296513067E0,3.227042970E0
6.842976008E1,8.584203744E-1,-2.632478467E0,-1.197380542E0,3.016711551E0
6.843978208E1,7.301698852E-1,-2.456754434E0,-1.126028724E0,2.799416207E0
6.844980408E1,5.538815957E-1,-2.271345658E0,-1.018009016E0,2.549929073E0
6.845982608E1,4.565667511E-1,-2.136953838E0,-9.777123445E-1,2.393939500E0
6.846984708E1,4.088036238E-1,-2.028508453E0,-8.516890597E-1,2.237708918E0
6.847986908E1,4.097228061E-1,-1.947897568E0,-5.306278038E-1,2.060034849E0
6.848989108E1,6.255284793E-1,-2.013365918E0,-1.427515841E-1,2.113127117E0
6.849991308E1,8.625339637E-1,-1.947973582E0,6.679040551E-2,2.131437748E0
6.850993508E1,8.714210737E-1,-1.775656722E0,9.356597543E-2,1.980173243E0
6.851995608E1,6.746984466E-1,-1.618627991E0,-1.693447208E-1,1.761775298E0
6.852997808E1,5.977906404E-1,-1.581656047E0,-2.357304990E-1,1.707207769E0
6.854000008E1,5.421860681E-1,-1.544178903E0,-4.075503463E-1,1.686579823E0
6.855002208E1,2.175161847E-1,-1.387948902E0,-5.205887192E-1,1.498241656E0
6.856004308E1,7.940263040E-1,-5.629026800E-1,-1.953227305E-1,9.927175670E-1
6.857006508E1,1.216462419E0,-5.818938518E-1,-5.410890573E-1,1.452982670E0
6.858008708E1,1.316115857E0,-1.238633818E0,-9.425992298E-1,2.038349331E0
6.859010908E1,1.643083532E0,-1.080705201E0,-5.101146019E-1,2.031714579E0
6.860013108E1,1.756312524E0,-8.348075634E-1,4.614909106E-1,1.998627332E0
6.861015208E1,2.269315358E0,-2.807394415E-1,5.762852025E-1,2.358116084E0
6.862017408E1,2.100006013E0,5.837041497E-1,3.267348093E-1,2.203971739E0
6.863019608E1,1.189619606E0,9.585644674E-1,4.283231646E-1,1.586663600E0
6.864021808E1,7.997455388E-1,1.139777867E0,5.742608964E-1,1.506141457E0
6.865024008E1,7.759733181E-1,1.420565255E0,6.855076826E-1,1.757856939E0
6.866026063E1,8.636931011E-1,1.523684412E0,1.126211157E0,2.082289972E0
6.867028263E1,1.335316944E0,1.431327640E0,1.772013906E0,2.640417285E0
6.868030463E1,2.147533498E0,1.787616616E-1,2.153062917E0,3.046233047E0
6.869032663E1,2.997414013E0,-8.123156637E-1,1.897398090E0,3.639294852E0
6.870034763E1,3.611580695E0,-1.313525541E0,1.461229717E0,4.111454335E0
6.871036963E1,3.610806816E0,-1.630756286E0,1.048115160E0,4.098272479E0
6.872039163E1,2.909930019E0,-1.615697951E0,3.586576831E-1,3.347657079E0
6.873041363E1,2.264308241E0,-1.390131667E0,-6.984499097E-3,2.656992030E0
6.874043463E1,1.766730947E0,-1.159589403E0,6.561160684E-3,2.113298103E0
6.875045663E1,1.727178334E0,-8.866384524E-1,1.125296652E-1,1.944719946E0
6.876047863E1,1.958327685E0,-3.698463303E-1,-4.626492441E-2,1.993482901E0
6.877050063E1,1.935906976E0,9.240764201E-2,-2.016979498E-1,1.948578213E0
6.878052263E1,1.808215334E0,3.261541808E-1,-1.632086527E-1,1.844629043E0
6.879054363E1,1.458199251E0,1.400443232E-1,-2.289524066E-1,1.482692373E0
6.880056563E1,1.204632624E0,2.788022590E-1,-7.470227301E-2,1.238729546E0
6.881058763E1,1.059314771E0,5.433817506E-2,-2.452550286E-1,1.088692082E0
6.882060963E1,8.141398488E-1,-6.998456401E-1,-1.315032953E0,1.697621654E0
6.883063163E1,1.173444380E0,-1.129430634E-1,-1.057975904E0,1.583995222E0
6.884065263E1,1.557376361E0,6.636198002E-1,1.748083591E-2,1.692961295E0
6.885067463E1,1.481627875E0,3.641096270E-1,1.746539927E-1,1.535676071E0
6.886069663E1,1.115218611E0,-1.805053014E-1,-6.865210050E-1,1.321970425E0
6.887071863E1,9.180896021E-1,-3.397676682E-1,-1.314051790E0,1.638616091E0
6.888073963E1,9.058056253E-1,-6.203270155E-1,-1.485209148E0,1.846926000E0
6.889076163E1,7.104782170E-1,-1.201609249E0,-1.652814907E0,2.163432735E0
6.890078363E1,6.806044999E-1,-1.368252556E0,-1.885620044E0,2.427117733E0
6.891080563E1,1.005516440E0,-1.074791327E0,-1.784007130E0,2.312773475E0
6.892082663E1,1.280409104E0,-8.348596036E-1,-1.710947340E0,2.294292665E0
6.893084863E1,1.315935763E0,-6.715807843E-1,-1.465436788E0,2.080916304E0
6.894087063E1,1.275709989E0,-5.817973727E-1,-1.089409951E0,1.775595168E0
6.895089263E1,1.206367859E0,-4.339563721E-1,-1.075922179E0,1.673693544E0
6.896091463E1,1.343249715E0,-1.091102135E-1,-1.075722789E0,1.724356215E0
6.897093563E1,1.358738405E0,-3.751164258E-1,-1.107249806E0,1.792452097E0
6.898095763E1,8.337107719E-1,-7.513730586E-1,-1.287291423E0,1.707850793E0
6.899097963E1,3.954118189E-1,-6.692647022E-1,-1.109513848E0,1.354727547E0
6.900100163E1,2.660064315E-1,-4.489386928E-1,-7.216083920E-1,8.905189739E-1
6.901102263E1,3.156286810E-1,-5.589745206E-1,-7.053513783E-1,9.537266620E-1
6.902104463E1,4.077972449E-1,-8.388082284E-1,-8.722794449E-1,1.277015766E0
6.903106663E1,5.045673484E-1,-9.399457633E-1,-8.414728045E-1,1.358735709E0
6.904108863E1,4.055842200E-1,-8.004452312E-1,-5.064209157E-1,1.030375306E0
6.905111063E1,1.857609250E-1,-4.387265307E-1,-2.339763343E-2,4.770068545E-1
6.906113163E1,1.627743508E-1,-4.051676059E-1,-2.454544187E-2,4.373314039E-1
6.907115363E1,3.087630996E-1,-3.386192751E-1,2.484481931E-2,4.589280229E-1
6.908117563E1,4.634276547E-1,1.029566038E-1,5.390045249E-1,7.182556169E-1
6.909119763E1,5.221123575E-1,2.631317210E-1,6.575784570E-1,8.799142251E-1
6.910121862E1,6.032149196E-1,-9.345546305E-2,5.359663117E-1,8.123189337E-1
6.911124063E1,7.581075161E-1,-3.993063569E-1,6.136091495E-1,1.053892196E0
6.912126263E1,1.024607599E0,-3.781528848E-1,7.322783911E-1,1.314934210E0
6.913128463E1,1.205053697E0,-2.277104580E-1,4.791255283E-1,1.316650196E0
6.914130563E1,1.106528479E0,-3.253525275E-1,6.470587313E-2,1.155182406E0
6.915132763E1,5.955484159E-1,-1.122987587E0,-1.009235269E-1,1.275133167E0
6.916134963E1,1.011310299E-1,-9.552654684E-1,1.996180952E-1,9.811253662E-1
6.917137163E1,-7.785832959E-1,-7.131135571E-1,9.394183445E-1,1.413233781E0
6.918139363E1,-1.202616139E0,-5.193953025E-1,2.185019705E0,2.547620099E0
6.919141463E1,-7.556393333E-1,5.552936983E-1,2.340998860E0,2.521828217E0
6.920143663E1,-4.065012096E-1,1.036663388E0,2.833297580E0,3.044255146E0
6.921145863E1,4.208011602E-1,1.436409456E-1,3.297503353E0,3.327346496E0
6.922148063E1,7.826385592E-1,-4.884822428E-2,2.978268183E0,3.079771198E0
6.923150163E1,1.292327484E0,-5.666636091E-1,2.831626446E0,3.163751934E0
6.924152363E1,1.421550073E0,-1.200881855E0,3.117055355E0,3.630283174E0
6.925154563E1,1.111118031E0,-1.582470564E0,2.710393785E0,3.329418994E0
6.926156763E1,7.606509818E-1,-1.958476936E0,2.215697706E0,3.053446929E0
6.927158863E1,3.577642286E-1,-1.658828768E0,1.906702180E0,2.552493159E0
6.928161063E1,2.500542770E-1,-6.555161440E-1,1.332537763E0,1.505950014E0
6.929163263E1,6.342216079E-1,5.685306251E-1,7.373309702E-1,1.126552741E0
6.930165463E1,1.257383354E0,1.601017347E0,2.625125009E-1,2.052603775E0
6.931167663E1,1.396169356E0,1.959262217E0,-2.100167835E-1,2.414975021E0
6.932169763E1,7.482541537E-1,1.323022004E0,-5.182527566E-1,1.605882132E0
6.933171962E1,1.337122272E-1,-1.964313626E-1,-1.523766857E-1,2.822815869E-1
6.934174163E1,5.811782987E-1,-4.544853616E-1,-4.009096634E-1,8.396747686E-1
6.935176363E1,8.207954420E-1,1.017444760E-1,-8.960109544E-1,1.219382108E0
6.936178463E1,6.610984808E-1,9.840162277E-2,-8.866963398E-1,1.110389337E0
6.937180663E1,4.904312660E-1,2.067557913E-1,-1.219691763E0,1.330758724E0
6.938182863E1,3.314194523E-1,1.362839788E-1,-1.160437249E0,1.214506807E0
6.939185063E1,1.127904510E-1,-1.447361290E-2,-1.274287215E0,1.279351038E0
6.940187163E1,-9.445679873E-2,-6.242662847E-2,-1.312194715E0,1.317070287E0
6.941189363E1,1.500774144E-1,-1.003230178E-1,-6.536339253E-1,6.781041561E-1
6.942191563E1,2.534732902E-1,-1.128389829E-1,-1.912811351E-1,3.370012130E-1
6.943193763E1,2.341078967E-1,-3.183662742E-1,-2.442440450E-2,3.959294677E-1
6.944195963E1,2.688454740E-1,-7.039655882E-1,5.084563315E-2,7.552686387E-1
6.945198063E1,4.124368644E-1,-1.060649836E0,-1.240896106E-2,1.138084454E0
6.946200263E1,4.747528343E-1,-9.164803022E-1,1.338480288E-1,1.040788976E0
6.947202463E1,4.528452176E-1,-6.543010926E-1,2.520863307E-1,8.347012813E-1
6.948204663E1,4.617236298E-1,-7.252447754E-1,3.419989657E-1,9.252740065E-1
6.949206763E1,7.026651675E-1,-8.818548453E-1,5.908757597E-1,1.273004505E0
6.950208963E1,8.865646313E-1,-9.783543688E-1,9.299610579E-1,1.614930861E0
6.951211163E1,7.285602929E-1,-1.003572825E0,9.735514659E-1,1.576629624E0
6.952213363E1,6.109455965E-1,-7.156424779E-1,1.150391732E0,1.486203154E0
6.953215463E1,3.444884178E-1,-4.292236358E-1,1.312829137E0,1.423525744E0
6.954217663E1,3.828800663E-2,-2.995166051E-1,9.696326619E-1,1.015560765E0
6.955219863E1,-1.657302645E-1,-6.430124581E-2,5.292654026E-1,5.583216252E-1
6.956222063E1,1.090309837E-1,1.826021129E-1,1.321209952E0,1.338217853E0
6.957224263E1,2.021709895E-1,1.764391476E-1,1.021530209E0,1.056185519E0
6.958226363E1,3.276972610E-1,-1.165695065E-1,1.571839741E0,1.609861521E0
6.959228563E1,3.597904350E-1,2.998393714E-2,1.655832655E0,1.694735960E0
6.960230763E1,4.175470385E-1,1.453266978E-1,2.154043495E0,2.198947193E0